variable,x_R01_EXIT_A,x_R01_EXIT_B,x_R01_EXIT_C,x_R01_EXIT_D,x_R01_EXIT_E,x_R01_EXIT_F,x_R01_EXIT_G,x_R01_EXIT_H,x_R01_EXIT_STAIRWELL,x_R02_EXIT_A,x_R02_EXIT_B,x_R02_EXIT_C,x_R02_EXIT_D,x_R02_EXIT_E,x_R02_EXIT_F,x_R02_EXIT_G,x_R02_EXIT_H,x_R02_EXIT_STAIRWELL,x_R03_EXIT_A,x_R03_EXIT_B,x_R03_EXIT_C,x_R03_EXIT_D,x_R03_EXIT_E,x_R03_EXIT_F,x_R03_EXIT_G,x_R03_EXIT_H,x_R03_EXIT_STAIRWELL,x_R04_EXIT_A,x_R04_EXIT_B,x_R04_EXIT_C,x_R04_EXIT_D,x_R04_EXIT_E,x_R04_EXIT_F,x_R04_EXIT_G,x_R04_EXIT_H,x_R04_EXIT_STAIRWELL,x_R05_EXIT_A,x_R05_EXIT_B,x_R05_EXIT_C,x_R05_EXIT_D,x_R05_EXIT_E,x_R05_EXIT_F,x_R05_EXIT_G,x_R05_EXIT_H,x_R05_EXIT_STAIRWELL,x_R06_EXIT_A,x_R06_EXIT_B,x_R06_EXIT_C,x_R06_EXIT_D,x_R06_EXIT_E,x_R06_EXIT_F,x_R06_EXIT_G,x_R06_EXIT_H,x_R06_EXIT_STAIRWELL,x_R07_EXIT_A,x_R07_EXIT_B,x_R07_EXIT_C,x_R07_EXIT_D,x_R07_EXIT_E,x_R07_EXIT_F,x_R07_EXIT_G,x_R07_EXIT_H,x_R07_EXIT_STAIRWELL,x_R08_EXIT_A,x_R08_EXIT_B,x_R08_EXIT_C,x_R08_EXIT_D,x_R08_EXIT_E,x_R08_EXIT_F,x_R08_EXIT_G,x_R08_EXIT_H,x_R08_EXIT_STAIRWELL,x_R09_EXIT_A,x_R09_EXIT_B,x_R09_EXIT_C,x_R09_EXIT_D,x_R09_EXIT_E,x_R09_EXIT_F,x_R09_EXIT_G,x_R09_EXIT_H,x_R09_EXIT_STAIRWELL,x_R10_EXIT_A,x_R10_EXIT_B,x_R10_EXIT_C,x_R10_EXIT_D,x_R10_EXIT_E,x_R10_EXIT_F,x_R10_EXIT_G,x_R10_EXIT_H,x_R10_EXIT_STAIRWELL,x_R11_EXIT_A,x_R11_EXIT_B,x_R11_EXIT_C,x_R11_EXIT_D,x_R11_EXIT_E,x_R11_EXIT_F,x_R11_EXIT_G,x_R11_EXIT_H,x_R11_EXIT_STAIRWELL,x_R12_EXIT_A,x_R12_EXIT_B,x_R12_EXIT_C,x_R12_EXIT_D,x_R12_EXIT_E,x_R12_EXIT_F,x_R12_EXIT_G,x_R12_EXIT_H,x_R12_EXIT_STAIRWELL,x_R13_EXIT_A,x_R13_EXIT_B,x_R13_EXIT_C,x_R13_EXIT_D,x_R13_EXIT_E,x_R13_EXIT_F,x_R13_EXIT_G,x_R13_EXIT_H,x_R13_EXIT_STAIRWELL,x_R14_EXIT_A,x_R14_EXIT_B,x_R14_EXIT_C,x_R14_EXIT_D,x_R14_EXIT_E,x_R14_EXIT_F,x_R14_EXIT_G,x_R14_EXIT_H,x_R14_EXIT_STAIRWELL,x_R15_EXIT_A,x_R15_EXIT_B,x_R15_EXIT_C,x_R15_EXIT_D,x_R15_EXIT_E,x_R15_EXIT_F,x_R15_EXIT_G,x_R15_EXIT_H,x_R15_EXIT_STAIRWELL,x_R16_EXIT_A,x_R16_EXIT_B,x_R16_EXIT_C,x_R16_EXIT_D,x_R16_EXIT_E,x_R16_EXIT_F,x_R16_EXIT_G,x_R16_EXIT_H,x_R16_EXIT_STAIRWELL,x_R20_EXIT_A,x_R20_EXIT_B,x_R20_EXIT_C,x_R20_EXIT_D,x_R20_EXIT_E,x_R20_EXIT_F,x_R20_EXIT_G,x_R20_EXIT_H,x_R20_EXIT_STAIRWELL,x_R24_EXIT_A,x_R24_EXIT_B,x_R24_EXIT_C,x_R24_EXIT_D,x_R24_EXIT_E,x_R24_EXIT_F,x_R24_EXIT_G,x_R24_EXIT_H,x_R24_EXIT_STAIRWELL,x_R25_EXIT_A,x_R25_EXIT_B,x_R25_EXIT_C,x_R25_EXIT_D,x_R25_EXIT_E,x_R25_EXIT_F,x_R25_EXIT_G,x_R25_EXIT_H,x_R25_EXIT_STAIRWELL,x_R28_EXIT_A,x_R28_EXIT_B,x_R28_EXIT_C,x_R28_EXIT_D,x_R28_EXIT_E,x_R28_EXIT_F,x_R28_EXIT_G,x_R28_EXIT_H,x_R28_EXIT_STAIRWELL,x_R29_EXIT_A,x_R29_EXIT_B,x_R29_EXIT_C,x_R29_EXIT_D,x_R29_EXIT_E,x_R29_EXIT_F,x_R29_EXIT_G,x_R29_EXIT_H,x_R29_EXIT_STAIRWELL,x_R30_EXIT_A,x_R30_EXIT_B,x_R30_EXIT_C,x_R30_EXIT_D,x_R30_EXIT_E,x_R30_EXIT_F,x_R30_EXIT_G,x_R30_EXIT_H,x_R30_EXIT_STAIRWELL,x_R31_EXIT_A,x_R31_EXIT_B,x_R31_EXIT_C,x_R31_EXIT_D,x_R31_EXIT_E,x_R31_EXIT_F,x_R31_EXIT_G,x_R31_EXIT_H,x_R31_EXIT_STAIRWELL,x_R32_EXIT_A,x_R32_EXIT_B,x_R32_EXIT_C,x_R32_EXIT_D,x_R32_EXIT_E,x_R32_EXIT_F,x_R32_EXIT_G,x_R32_EXIT_H,x_R32_EXIT_STAIRWELL,x_R33_EXIT_A,x_R33_EXIT_B,x_R33_EXIT_C,x_R33_EXIT_D,x_R33_EXIT_E,x_R33_EXIT_F,x_R33_EXIT_G,x_R33_EXIT_H,x_R33_EXIT_STAIRWELL,x_R34_EXIT_A,x_R34_EXIT_B,x_R34_EXIT_C,x_R34_EXIT_D,x_R34_EXIT_E,x_R34_EXIT_F,x_R34_EXIT_G,x_R34_EXIT_H,x_R34_EXIT_STAIRWELL,x_R35_EXIT_A,x_R35_EXIT_B,x_R35_EXIT_C,x_R35_EXIT_D,x_R35_EXIT_E,x_R35_EXIT_F,x_R35_EXIT_G,x_R35_EXIT_H,x_R35_EXIT_STAIRWELL,x_R36_EXIT_A,x_R36_EXIT_B,x_R36_EXIT_C,x_R36_EXIT_D,x_R36_EXIT_E,x_R36_EXIT_F,x_R36_EXIT_G,x_R36_EXIT_H,x_R36_EXIT_STAIRWELL
x_R01_EXIT_A,-0.8319048578530325,0.8371628911048946,0.8371628911048946,0.8371628911048946,0.8371628911048946,0.8371628911048946,0.8371628911048946,0.8371628911048946,0.8371628911048946,5.323099606095746e-05,0.0,0.0,0.0,0.0,0.0,0.0,0.0,0.0,5.323099606095746e-05,0.0,0.0,0.0,0.0,0.0,0.0,0.0,0.0,5.323099606095746e-05,0.0,0.0,0.0,0.0,0.0,0.0,0.0,0.0,5.323099606095746e-05,0.0,0.0,0.0,0.0,0.0,0.0,0.0,0.0,5.323099606095746e-05,0.0,0.0,0.0,0.0,0.0,0.0,0.0,0.0,5.323099606095746e-05,0.0,0.0,0.0,0.0,0.0,0.0,0.0,0.0,5.323099606095746e-05,0.0,0.0,0.0,0.0,0.0,0.0,0.0,0.0,5.323099606095746e-05,0.0,0.0,0.0,0.0,0.0,0.0,0.0,0.0,5.323099606095746e-05,0.0,0.0,0.0,0.0,0.0,0.0,0.0,0.0,5.323099606095746e-05,0.0,0.0,0.0,0.0,0.0,0.0,0.0,0.0,0.00010646199212191492,0.0,0.0,0.0,0.0,0.0,0.0,0.0,0.0,5.323099606095746e-05,0.0,0.0,0.0,0.0,0.0,0.0,0.0,0.0,5.323099606095746e-05,0.0,0.0,0.0,0.0,0.0,0.0,0.0,0.0,0.0,0.0,0.0,0.0,0.0,0.0,0.0,0.0,0.0,5.323099606095746e-05,0.0,0.0,0.0,0.0,0.0,0.0,0.0,0.0,0.0,0.0,0.0,0.0,0.0,0.0,0.0,0.0,0.0,0.00010646199212191492,0.0,0.0,0.0,0.0,0.0,0.0,0.0,0.0,5.323099606095746e-05,0.0,0.0,0.0,0.0,0.0,0.0,0.0,0.0,5.323099606095746e-05,0.0,0.0,0.0,0.0,0.0,0.0,0.0,0.0,5.323099606095746e-05,0.0,0.0,0.0,0.0,0.0,0.0,0.0,0.0,5.323099606095746e-05,0.0,0.0,0.0,0.0,0.0,0.0,0.0,0.0,5.323099606095746e-05,0.0,0.0,0.0,0.0,0.0,0.0,0.0,0.0,5.323099606095746e-05,0.0,0.0,0.0,0.0,0.0,0.0,0.0,0.0,5.323099606095746e-05,0.0,0.0,0.0,0.0,0.0,0.0,0.0,0.0,5.323099606095746e-05,0.0,0.0,0.0,0.0,0.0,0.0,0.0,0.0,5.323099606095746e-05,0.0,0.0,0.0,0.0,0.0,0.0,0.0,0.0,0.00026615498030478727,0.0,0.0,0.0,0.0,0.0,0.0,0.0,0.0
x_R01_EXIT_B,0.8371628911048946,-0.817979738452458,0.8376051178414011,0.8374577089292322,0.8374577089292322,0.8374577089292322,0.8374577089292322,0.8372734477890212,0.8374577089292322,0.0,0.0006060144166939772,0.0004422267365064158,0.00029481782433761055,0.00029481782433761055,0.00029481782433761055,0.00029481782433761055,0.00011055668412660398,0.00029481782433761055,0.0005527834206330197,5.323099606095746e-05,0.00011055668412660398,0.00011055668412660398,0.00011055668412660398,0.00011055668412660398,0.00011055668412660398,0.00025796559629540924,0.00011055668412660398,0.0005527834206330197,5.323099606095746e-05,0.00011055668412660398,0.00011055668412660398,0.00011055668412660398,0.00011055668412660398,0.00011055668412660398,0.00025796559629540924,0.00011055668412660398,0.0004422267365064158,0.00016378768018756142,0.0,0.0,0.0,0.0,0.0,0.0001474089121688053,0.0,0.0004422267365064158,0.00016378768018756142,0.0,0.0,0.0,0.0,0.0,0.0001474089121688053,0.0,0.0004422267365064158,0.00016378768018756142,0.0,0.0,0.0,0.0,0.0,0.0001474089121688053,0.0,0.00011055668412660398,0.0004954577325673733,0.00033167005237981186,0.0,0.0,0.0,0.0,0.0,0.0,0.00011055668412660398,0.0004954577325673733,0.00033167005237981186,0.0,0.0,0.0,0.0,0.0,0.0,0.0004422267365064158,0.00016378768018756142,0.0,0.0,0.0,0.0,0.0,0.0,0.0,0.0004422267365064158,0.00016378768018756142,0.0,0.0,0.0,0.0,0.0,0.0001474089121688053,0.0,0.0005896356486752211,0.00032757536037512284,0.0,0.0,0.0,0.0,0.0,0.0,0.0,0.00011055668412660398,0.0003111965923563667,0.0001474089121688053,0.0,0.0,0.0,0.0,0.0,0.0,0.00011055668412660398,0.0003111965923563667,0.0001474089121688053,0.0,0.0,0.0,0.0,0.0,0.0,0.0002211133682532079,8.189384009378071e-05,0.0,0.0,0.0,0.0,0.0,0.0,0.0,0.0004422267365064158,0.00016378768018756142,0.0,0.0,0.0,0.0,0.0,0.0,0.0,0.0,0.0,0.0,0.0,0.0,0.0,0.0,0.0,0.0,0.0005896356486752211,0.00032757536037512284,0.0,0.0,0.0,0.0,0.0,0.0,0.0,0.0004422267365064158,0.00016378768018756142,0.0,0.0,0.0,0.0,0.0,0.0,0.0,0.00029481782433761055,0.00016378768018756142,0.0,0.0,0.0,0.0,0.0,0.0,0.0,0.00029481782433761055,0.00016378768018756142,0.0,0.0,0.0,0.0,0.0,0.0,0.0,0.00029481782433761055,0.00016378768018756142,0.0,0.0,0.0,0.0,0.0,0.0,0.0,0.00029481782433761055,0.00016378768018756142,0.0,0.0,0.0,0.0,0.0,0.0,0.0,0.00029481782433761055,0.00016378768018756142,0.0,0.0,0.0,0.0,0.0,0.0,0.0,0.00029481782433761055,0.00016378768018756142,0.0,0.0,0.0,0.0,0.0,0.0,0.0,0.00029481782433761055,0.00016378768018756142,0.0,0.0,0.0,0.0,0.0,0.0,0.0,0.00011055668412660398,0.0004954577325673733,0.00033167005237981186,0.0001842611402110066,0.0001842611402110066,0.0001842611402110066,0.0001842611402110066,0.0,0.0001842611402110066,0.0014740891216880525,0.0015559829617818332,0.0,0.0,0.0,0.0,0.0,0.0,0.0
x_R01_EXIT_C,0.8371628911048946,0.8376051178414011,-0.8101261294113611,0.8374577089292322,0.8374577089292322,0.8374577089292322,0.8374577089292322,0.8372734477890212,0.8374577089292322,0.0,0.0004422267365064158,0.0009376844690737892,0.00029481782433761055,0.00029481782433761055,0.00029481782433761055,0.00029481782433761055,0.00011055668412660398,0.00029481782433761055,0.0004422267365064158,0.0,0.0004954577325673733,0.00033167005237981186,0.0,0.0,0.0,0.0001474089121688053,0.0,0.0004422267365064158,0.0,0.0004954577325673733,0.00033167005237981186,0.0,0.0,0.0,0.0001474089121688053,0.0,0.0008844534730128317,0.0004422267365064159,5.323099606095746e-05,0.00011055668412660398,0.00011055668412660398,0.00011055668412660398,0.00011055668412660398,0.0005896356486752212,0.00011055668412660398,0.0008844534730128317,0.0004422267365064159,5.323099606095746e-05,0.00011055668412660398,0.00011055668412660398,0.00011055668412660398,0.00011055668412660398,0.0005896356486752212,0.00011055668412660398,0.0007738967888862278,0.00033167005237981186,0.00016378768018756142,0.0,0.0,0.0,0.0,0.0004790789645486171,0.0,0.00011055668412660398,0.00033167005237981186,0.0008271277849471854,0.0,0.0,0.0,0.0,0.0,0.0,0.00011055668412660398,0.00033167005237981186,0.0008271277849471854,0.0,0.0,0.0,0.0,0.0,0.0,0.0007738967888862278,0.00033167005237981186,0.00016378768018756142,0.0,0.0,0.0,0.0,0.0,0.0,0.0007738967888862278,0.00033167005237981186,0.00016378768018756142,0.0,0.0,0.0,0.0,0.0004790789645486171,0.0,0.0005896356486752211,0.0,0.00032757536037512284,0.0,0.0,0.0,0.0,0.0,0.0,0.00011055668412660398,0.0001474089121688053,0.0006428666447361786,0.0,0.0,0.0,0.0,0.0,0.0,0.00011055668412660398,0.0001474089121688053,0.0006428666447361786,0.0,0.0,0.0,0.0,0.0,0.0,0.0003869483944431139,0.00016583502618990593,8.189384009378071e-05,0.0,0.0,0.0,0.0,0.0,0.0,0.0007738967888862278,0.00033167005237981186,0.00016378768018756142,0.0,0.0,0.0,0.0,0.0,0.0,0.0,0.0,0.0,0.0,0.0,0.0,0.0,0.0,0.0,0.0005896356486752211,0.0,0.00032757536037512284,0.0,0.0,0.0,0.0,0.0,0.0,0.0007738967888862278,0.00033167005237981186,0.00016378768018756142,0.0,0.0,0.0,0.0,0.0,0.0,0.00029481782433761055,0.0,0.00016378768018756142,0.0,0.0,0.0,0.0,0.0,0.0,0.00029481782433761055,0.0,0.00016378768018756142,0.0,0.0,0.0,0.0,0.0,0.0,0.00029481782433761055,0.0,0.00016378768018756142,0.0,0.0,0.0,0.0,0.0,0.0,0.00029481782433761055,0.0,0.00016378768018756142,0.0,0.0,0.0,0.0,0.0,0.0,0.00029481782433761055,0.0,0.00016378768018756142,0.0,0.0,0.0,0.0,0.0,0.0,0.00029481782433761055,0.0,0.00016378768018756142,0.0,0.0,0.0,0.0,0.0,0.0,0.00029481782433761055,0.0,0.00016378768018756142,0.0,0.0,0.0,0.0,0.0,0.0,0.00011055668412660398,0.00033167005237981186,0.0008271277849471854,0.0001842611402110066,0.0001842611402110066,0.0001842611402110066,0.0001842611402110066,0.0,0.0001842611402110066,0.0014740891216880525,0.0007370445608440263,0.000818938400937807,0.0,0.0,0.0,0.0,0.0,0.0
x_R01_EXIT_D,0.8371628911048946,0.8374577089292322,0.8374577089292322,-0.7992574655654436,0.8377525267535699,0.8377525267535699,0.8377525267535699,0.8372734477890212,0.8377525267535699,0.0,0.00029481782433761055,0.00029481782433761055,0.0017770963300350415,0.0005896356486752211,0.0005896356486752211,0.0005896356486752211,0.00011055668412660398,0.0005896356486752211,0.00029481782433761055,0.0,0.0,0.0003480488203985681,0.0,0.0,0.0,0.00029481782433761055,0.0,0.00029481782433761055,0.0,0.0,0.0003480488203985681,0.0,0.0,0.0,0.00029481782433761055,0.0,0.00029481782433761055,0.0,0.0,0.0003480488203985681,0.0,0.0,0.00043813204450172683,0.00029481782433761055,0.0,0.00029481782433761055,0.0,0.0,0.0003480488203985681,0.0,0.0,0.00043813204450172683,0.00029481782433761055,0.0,0.00029481782433761055,0.0,0.0,0.00016378768018756145,0.0,0.0,0.00043813204450172683,0.00029481782433761055,0.0,0.00011055668412660398,0.0001842611402110066,0.0001842611402110066,0.0011874606813598206,0.0,0.0,0.0,0.0,0.0,0.00011055668412660398,0.0001842611402110066,0.0001842611402110066,0.0011874606813598206,0.0,0.0,0.0,0.0,0.0,0.00029481782433761055,0.0,0.0,0.00016378768018756145,0.0001474089121688053,0.0001474089121688053,0.0001474089121688053,0.001023673001172259,0.0001474089121688053,0.00029481782433761055,0.0,0.0,0.00016378768018756145,0.0,0.0,0.00043813204450172683,0.00029481782433761055,0.0,0.0008107490169284289,0.0,0.0,0.0015396041937630774,0.0,0.0,0.0,0.0005896356486752212,0.0,0.00011055668412660398,0.00029481782433761055,0.00029481782433761055,0.0011874606813598206,0.0,0.0,0.0,0.0,0.0,0.00011055668412660398,0.00029481782433761055,0.00029481782433761055,0.0011874606813598206,0.0,0.0,0.0,0.0,0.0,0.00014740891216880527,0.0,0.0,8.189384009378072e-05,7.370445608440265e-05,7.370445608440265e-05,7.370445608440265e-05,0.0005118365005861295,7.370445608440265e-05,0.00029481782433761055,0.0,0.0,0.00016378768018756145,0.0001474089121688053,0.0001474089121688053,0.0001474089121688053,0.001023673001172259,0.0001474089121688053,0.0,0.0,0.0,0.0,0.0,0.0,0.0,0.0,0.0,0.0011792712973504422,0.0,7.370445608440265e-05,0.0006223931847127334,0.0,0.0,0.0,0.0,0.0,0.0005896356486752211,0.0002948178243376106,0.0002948178243376106,5.3230996060957466e-05,0.00025796559629540924,0.00025796559629540924,0.00025796559629540924,0.001134229685298863,0.00025796559629540924,0.0005896356486752211,0.0,0.0,0.0003111965923563667,0.0,0.0,0.0,0.0,0.0,0.0005896356486752211,0.0,0.0,0.0003111965923563667,0.0,0.0,0.0,0.0,0.0,0.0005896356486752211,0.0,0.0,0.0003111965923563667,0.0,0.0,0.0,0.0,0.0,0.0005896356486752211,0.0,0.0,0.0003111965923563667,0.0,0.0,0.0,0.0,0.0,0.0005896356486752211,0.0,0.0,0.0003111965923563667,0.0,0.0,0.0,0.0,0.0,0.0005896356486752211,0.0,0.0,0.0003111965923563667,0.0,0.0,0.0,0.0,0.0,0.0005896356486752211,0.0,0.0,0.0003111965923563667,0.0,0.0,0.0,0.0,0.0,0.00011055668412660398,0.0001842611402110066,0.0001842611402110066,0.0016665396459084375,0.000479078964548617,0.000479078964548617,0.000479078964548617,0.0,0.000479078964548617,0.002948178243376106,0.0014740891216880525,0.0,0.0015559829617818332,0.0,0.0,0.0,0.0,0.0
x_R01_EXIT_E,0.8371628911048946,0.8374577089292322,0.8374577089292322,0.8377525267535699,-0.7931859552059661,0.838264363254156,0.8381169543419872,0.8372734477890212,0.8381906587980716,0.0,0.00029481782433761055,0.00029481782433761055,0.0005896356486752211,0.0019982096982882496,0.0011014721492613505,0.0009540632370925454,0.00011055668412660398,0.001027767693176948,0.00029481782433761055,0.0,0.0,0.0,0.0007861808649002948,0.0,0.00014331422016411623,0.0003316700523798118,0.0,0.00029481782433761055,0.0,0.0,0.0,0.0007861808649002948,0.0,0.00014331422016411623,0.0003316700523798118,0.0,0.00029481782433761055,0.0,0.0,0.0,0.0007861808649002948,0.0,0.00014331422016411623,0.0003316700523798118,0.0,0.00029481782433761055,0.0,0.0,0.0,0.0007861808649002948,0.0,0.00014331422016411623,0.0003316700523798118,0.0,0.00029481782433761055,0.0,0.0,0.0,0.0007861808649002948,0.0,0.00014331422016411623,0.0003316700523798118,0.0,0.00011055668412660398,0.0001842611402110066,0.0001842611402110066,0.0,0.0013717218215708268,0.0004749842725439281,0.0003275753603751229,0.0,0.0004012798164595255,0.00011055668412660398,0.0001842611402110066,0.0001842611402110066,0.0,0.0013717218215708268,0.0004749842725439281,0.0003275753603751229,0.0,0.0004012798164595255,0.00029481782433761055,0.0,0.0,0.0,0.0007861808649002948,0.0,0.00014331422016411623,0.0,0.0,0.00029481782433761055,0.0,0.0,0.0,0.0007861808649002948,0.0,0.00014331422016411623,0.0003316700523798118,0.0,0.0008107490169284289,0.0,0.0,0.0,0.0015723617298005895,0.0,0.00028662844032823246,7.370445608440265e-05,0.0,0.00011055668412660398,0.0003316700523798118,0.0003316700523798118,0.0,0.0013717218215708268,0.0004749842725439281,0.0003275753603751229,0.0,0.0004012798164595255,0.00011055668412660398,0.0003316700523798118,0.0003316700523798118,0.0,0.0013717218215708268,0.0004749842725439281,0.0003275753603751229,0.0,0.0004012798164595255,0.00014740891216880527,0.0,0.0,0.0,0.0003930904324501474,0.0,7.165711008205812e-05,0.0,0.0,0.00029481782433761055,0.0,0.0,0.0,0.0007861808649002948,0.0,0.00014331422016411623,0.0,0.0,0.0,0.0,0.0,0.0,0.0,0.0,0.0,0.0,0.0,0.0016214980338568584,0.0,0.0,0.0,0.0015723617298005895,0.0,7.370445608440265e-05,0.0003685222804220132,0.0,0.00029481782433761055,0.0,0.0,0.0,0.0007861808649002948,0.0,0.00014331422016411623,0.0,0.0,0.0009540632370925454,0.00014331422016411623,0.00014331422016411623,0.00014331422016411623,0.0010441464611957042,0.0001474089121688053,0.0,0.0003275753603751229,7.370445608440265e-05,0.0009540632370925454,0.00014331422016411623,0.00014331422016411623,0.00014331422016411623,0.0010441464611957042,0.0001474089121688053,0.0,0.0003275753603751229,7.370445608440265e-05,0.0009540632370925454,0.00014331422016411623,0.00014331422016411623,0.00014331422016411623,0.0010441464611957042,0.0001474089121688053,0.0,0.0003275753603751229,7.370445608440265e-05,0.0009909154651347467,0.00018016644820631754,0.0,0.0,0.0010072942331535027,0.0,0.0,0.0003644275884173242,0.0,0.0011014721492613505,7.370445608440265e-05,0.0,0.0,0.0007861808649002948,0.0,0.0001474089121688053,0.0004749842725439281,0.0,0.0016174033418521693,0.0004790789645486171,0.0004422267365064159,0.0004422267365064159,0.0003480488203985681,0.0005159311925908185,0.0006633401047596238,0.0009909154651347465,0.0005527834206330198,0.0013225855175145586,0.0001842611402110066,0.0001474089121688053,0.0001474089121688053,5.323099606095746e-05,0.00022111336825320795,0.0003685222804220133,0.0006960976407971361,0.00025796559629540924,0.00011055668412660398,0.0001842611402110066,0.0001842611402110066,0.000479078964548617,0.0018876530141616456,0.0009909154651347465,0.0008435065529659413,0.0,0.000917211009050344,0.0035009616640091262,0.002026872542321072,0.0002661549803047873,0.0002661549803047873,0.005671148426494313,0.0011874606813598201,0.00045041612051579383,0.00036852228042201317,0.000818938400937807
x_R01_EXIT_F,0.8371628911048946,0.8374577089292322,0.8374577089292322,0.8377525267535699,0.838264363254156,-0.8010229585641493,0.8381169543419872,0.8372734477890212,0.8381906587980716,0.0,0.00029481782433761055,0.00029481782433761055,0.0005896356486752211,0.0011014721492613505,0.001265259829448912,0.0009540632370925454,0.00011055668412660398,0.001027767693176948,0.00029481782433761055,0.0,0.0,0.0,0.0,0.00016378768018756145,0.00014331422016411623,0.0003316700523798118,0.0,0.00029481782433761055,0.0,0.0,0.0,0.0,0.00016378768018756145,0.00014331422016411623,0.0003316700523798118,0.0,0.00029481782433761055,0.0,0.0,0.0,0.0,0.00016378768018756145,0.00014331422016411623,0.0003316700523798118,0.0,0.00029481782433761055,0.0,0.0,0.0,0.0,0.00016378768018756145,0.00014331422016411623,0.0003316700523798118,0.0,0.00029481782433761055,0.0,0.0,0.0,0.0,0.00016378768018756145,0.00014331422016411623,0.0003316700523798118,0.0,0.00011055668412660398,0.0001842611402110066,0.0001842611402110066,0.0,0.0004749842725439281,0.0006387719527314895,0.0003275753603751229,0.0,0.0004012798164595255,0.00011055668412660398,0.0001842611402110066,0.0001842611402110066,0.0,0.0004749842725439281,0.0006387719527314895,0.0003275753603751229,0.0,0.0004012798164595255,0.00029481782433761055,0.0,0.0,0.0,0.0,0.00016378768018756145,0.00014331422016411623,0.0,0.0,0.00029481782433761055,0.0,0.0,0.0,0.0,0.00016378768018756145,0.00014331422016411623,0.0003316700523798118,0.0,0.0008107490169284289,0.0,0.0,0.0,0.0,0.0003275753603751229,0.00028662844032823246,7.370445608440265e-05,0.0,0.00011055668412660398,0.0003316700523798118,0.0003316700523798118,0.0,0.0004749842725439281,0.0006387719527314895,0.0003275753603751229,0.0,0.0004012798164595255,0.00011055668412660398,0.0003316700523798118,0.0003316700523798118,0.0,0.0004749842725439281,0.0006387719527314895,0.0003275753603751229,0.0,0.0004012798164595255,0.00014740891216880527,0.0,0.0,0.0,0.0,8.189384009378072e-05,7.165711008205812e-05,0.0,0.0,0.00029481782433761055,0.0,0.0,0.0,0.0,0.00016378768018756145,0.00014331422016411623,0.0,0.0,0.0,0.0,0.0,0.0,0.0,0.0,0.0,0.0,0.0,0.0016214980338568584,0.0,0.0,0.0,0.0,0.0003275753603751229,7.370445608440265e-05,0.0003685222804220132,0.0,0.00029481782433761055,0.0,0.0,0.0,0.0,0.00016378768018756145,0.00014331422016411623,0.0,0.0,0.0009540632370925454,0.00014331422016411623,0.00014331422016411623,0.00014331422016411623,0.0001474089121688053,0.0003111965923563667,0.0,0.0003275753603751229,7.370445608440265e-05,0.0009540632370925454,0.00014331422016411623,0.00014331422016411623,0.00014331422016411623,0.0001474089121688053,0.0003111965923563667,0.0,0.0003275753603751229,7.370445608440265e-05,0.0009540632370925454,0.00014331422016411623,0.00014331422016411623,0.00014331422016411623,0.0001474089121688053,0.0003111965923563667,0.0,0.0003275753603751229,7.370445608440265e-05,0.0009909154651347467,0.00018016644820631754,0.0,0.0,0.00011055668412660398,5.323099606095746e-05,0.0,0.0003644275884173242,0.0,0.0012120288333879545,0.0,0.0,0.0,0.0,5.323099606095746e-05,0.00025796559629540924,0.000585540956670532,0.0001474089121688053,0.0011014721492613505,0.0,0.0,0.0,0.0,0.00016378768018756145,0.0001474089121688053,0.0004749842725439281,0.0,0.0011014721492613505,0.0,0.0,0.0,0.0,0.00016378768018756145,0.0001474089121688053,0.0004749842725439281,0.0,0.00011055668412660398,0.0001842611402110066,0.0001842611402110066,0.000479078964548617,0.0009909154651347465,0.001154703145322308,0.0008435065529659413,0.0,0.000917211009050344,0.0035009616640091262,0.002026872542321072,0.0002661549803047873,0.0002661549803047873,0.0011874606813598201,0.002006399082297627,0.00045041612051579383,0.00036852228042201317,0.000818938400937807
x_R01_EXIT_G,0.8371628911048946,0.8374577089292322,0.8374577089292322,0.8377525267535699,0.8381169543419872,0.8381169543419872,-0.7967133003411625,0.8372734477890212,0.8381169543419872,0.0,0.00029481782433761055,0.00029481782433761055,0.0005896356486752211,0.0009540632370925454,0.0009540632370925454,0.0018139485580772432,0.00011055668412660398,0.0009540632370925454,0.00029481782433761055,0.0,0.0,0.0,0.0,0.0,0.0010031995411488137,0.0003316700523798118,0.0,0.00029481782433761055,0.0,0.0,0.0,0.0,0.0,0.0010031995411488137,0.0003316700523798118,0.0,0.00029481782433761055,0.0,0.0,0.0,0.0,0.0,0.0010031995411488137,0.0003316700523798118,0.0,0.00029481782433761055,0.0,0.0,0.0,0.0,0.0,0.0010031995411488137,0.0003316700523798118,0.0,0.00029481782433761055,0.0,0.0,0.0,0.0,0.0,0.0010031995411488137,0.0003316700523798118,0.0,0.00011055668412660398,0.0001842611402110066,0.0001842611402110066,0.0,0.0003275753603751229,0.0003275753603751229,0.0011874606813598206,0.0,0.0003275753603751229,0.00011055668412660398,0.0001842611402110066,0.0001842611402110066,0.0,0.0003275753603751229,0.0003275753603751229,0.0011874606813598206,0.0,0.0003275753603751229,0.00029481782433761055,0.0,0.0,0.0,0.0,0.0,0.0010031995411488137,0.0,0.0,0.00029481782433761055,0.0,0.0,0.0,0.0,0.0,0.0010031995411488137,0.0003316700523798118,0.0,0.0008107490169284289,0.0,0.0,0.0,0.0,0.0,0.0020063990822976273,7.370445608440265e-05,0.0,0.00011055668412660398,0.0003316700523798118,0.0003316700523798118,0.0,0.0003275753603751229,0.0003275753603751229,0.0011874606813598206,0.0,0.0003275753603751229,0.00011055668412660398,0.0003316700523798118,0.0003316700523798118,0.0,0.0003275753603751229,0.0003275753603751229,0.0011874606813598206,0.0,0.0003275753603751229,0.00014740891216880527,0.0,0.0,0.0,0.0,0.0,0.0005015997705744068,0.0,0.0,0.00029481782433761055,0.0,0.0,0.0,0.0,0.0,0.0010031995411488137,0.0,0.0,0.0,0.0,0.0,0.0,0.0,0.0,0.0,0.0,0.0,0.0016214980338568584,0.0,0.0,0.0,0.0,0.0,0.0017197706419693952,0.0003685222804220132,0.0,0.00029481782433761055,0.0,0.0,0.0,0.0,0.0,0.0010031995411488137,0.0,0.0,0.001760717562016286,0.0009499685450878565,0.0009499685450878565,0.0009499685450878565,0.0008066543249237402,0.0008066543249237402,5.323099606095746e-05,0.001134229685298863,0.0008066543249237402,0.0014331422016411628,0.0006223931847127333,0.0006223931847127333,0.0006223931847127333,0.0004790789645486171,0.0004790789645486171,0.00034804882039856803,0.0008066543249237401,0.0004790789645486171,0.0009909154651347467,0.00018016644820631757,0.00018016644820631757,0.00018016644820631757,0.0,0.0,0.0008230330929424963,0.0003644275884173242,0.0,0.0009540632370925454,0.00014331422016411623,0.0,0.0,0.0,0.0,0.0008598853209846976,0.0003275753603751229,0.0,0.0009540632370925454,0.0,0.0,0.0,0.0,0.0,0.0008598853209846976,0.0003275753603751229,0.0,0.0009540632370925454,0.0,0.0,0.0,0.0,0.0,0.0008598853209846976,0.0003275753603751229,0.0,0.0009540632370925454,0.0,0.0,0.0,0.0,0.0,0.0008598853209846976,0.0003275753603751229,0.0,0.00011055668412660398,0.0001842611402110066,0.0001842611402110066,0.000479078964548617,0.0008435065529659413,0.0008435065529659413,0.0017033918739506394,0.0,0.0008435065529659413,0.0035009616640091262,0.002026872542321072,0.0002661549803047873,0.0002661549803047873,0.00045041612051579383,0.00045041612051579383,0.004749842725439281,0.00036852228042201317,0.00045041612051579383
x_R01_EXIT_H,0.8371628911048946,0.8372734477890212,0.8372734477890212,0.8372734477890212,0.8372734477890212,0.8372734477890212,0.8372734477890212,-0.8121697185380691,0.8372734477890212,0.0,0.00011055668412660398,0.00011055668412660398,0.00011055668412660398,0.00011055668412660398,0.00011055668412660398,0.00011055668412660398,0.0014014083386048226,0.00011055668412660398,0.00011055668412660398,0.0,0.0,0.0,0.0,0.0,0.0,0.00016378768018756142,0.0,0.00011055668412660398,0.0,0.0,0.0,0.0,0.0,0.0,0.00016378768018756142,0.0,0.00011055668412660398,0.0,0.0,0.0,0.0,0.0,0.0,0.00016378768018756142,0.0,0.00011055668412660398,0.0,0.0,0.0,0.0,0.0,0.0,0.00016378768018756142,0.0,0.00011055668412660398,0.0,0.0,0.0,0.0,0.0,0.0,0.00016378768018756142,0.0,0.0007094053898123755,0.0005988487056857716,0.0005988487056857716,0.0004954577325673731,0.0004954577325673731,0.0004954577325673731,0.0004954577325673731,0.0006592454127549349,0.0004954577325673731,0.0010533595182062542,0.0009428028340796505,0.0009428028340796505,0.0001842611402110066,0.0001842611402110066,0.0001842611402110066,0.0001842611402110066,0.000348048820398568,0.0001842611402110066,0.00011055668412660398,0.0,0.0,0.0,0.0,0.0,0.0,0.00016378768018756142,0.0,0.00011055668412660398,0.0,0.0,0.0,0.0,0.0,0.0,0.00016378768018756142,0.0,0.00022111336825320795,0.0,0.0,0.0,0.0,0.0,0.0,0.00032757536037512284,0.0,0.0011639162023328582,7.370445608440265e-05,7.370445608440265e-05,7.370445608440265e-05,7.370445608440265e-05,7.370445608440265e-05,7.370445608440265e-05,0.00023749213627196405,7.370445608440265e-05,0.0011639162023328582,7.370445608440265e-05,7.370445608440265e-05,7.370445608440265e-05,7.370445608440265e-05,7.370445608440265e-05,7.370445608440265e-05,0.00023749213627196405,7.370445608440265e-05,5.527834206330199e-05,0.0,0.0,0.0,0.0,0.0,0.0,8.189384009378071e-05,0.0,0.00011055668412660398,0.0,0.0,0.0,0.0,0.0,0.0,0.00016378768018756142,0.0,0.0,0.0,0.0,0.0,0.0,0.0,0.0,0.0,0.0,0.00022111336825320795,0.0,0.0,0.0,0.0,0.0,0.0,0.00032757536037512284,0.0,0.00011055668412660398,0.0,0.0,0.0,0.0,0.0,0.0,0.00016378768018756142,0.0,0.00011055668412660398,0.0,0.0,0.0,0.0,0.0,0.0,0.00016378768018756142,0.0,0.00011055668412660398,0.0,0.0,0.0,0.0,0.0,0.0,0.00016378768018756142,0.0,0.00011055668412660398,0.0,0.0,0.0,0.0,0.0,0.0,0.00016378768018756142,0.0,0.00011055668412660398,0.0,0.0,0.0,0.0,0.0,0.0,0.00016378768018756142,0.0,0.00011055668412660398,0.0,0.0,0.0,0.0,0.0,0.0,0.00016378768018756142,0.0,0.00011055668412660398,0.0,0.0,0.0,0.0,0.0,0.0,0.00016378768018756142,0.0,0.00011055668412660398,0.0,0.0,0.0,0.0,0.0,0.0,0.00016378768018756142,0.0,0.0004145875654747649,0.0003040308813481609,0.0003040308813481609,0.0003040308813481609,0.0003040308813481609,0.0003040308813481609,0.0003040308813481609,0.0009868207731300576,0.0003040308813481609,0.0005527834206330198,0.0,0.0,0.0,0.0,0.0,0.0,0.000818938400937807,0.0
x_R01_EXIT_STAIRWELL,0.8371628911048946,0.8374577089292322,0.8374577089292322,0.8377525267535699,0.8381906587980716,0.8381906587980716,0.8381169543419872,0.8372734477890212,-0.803968630519785,0.0,0.00029481782433761055,0.00029481782433761055,0.0005896356486752211,0.001027767693176948,0.001027767693176948,0.0009540632370925454,0.00011055668412660398,0.001244786369425467,0.00029481782433761055,0.0,0.0,0.0,0.0,0.0,0.00014331422016411623,0.0003316700523798118,0.00016378768018756145,0.00029481782433761055,0.0,0.0,0.0,0.0,0.0,0.00014331422016411623,0.0003316700523798118,0.00016378768018756145,0.00029481782433761055,0.0,0.0,0.0,0.0,0.0,0.00014331422016411623,0.0003316700523798118,0.00016378768018756145,0.00029481782433761055,0.0,0.0,0.0,0.0,0.0,0.00014331422016411623,0.0003316700523798118,0.00016378768018756145,0.00029481782433761055,0.0,0.0,0.0,0.0,0.0,0.00014331422016411623,0.0003316700523798118,0.00016378768018756145,0.00011055668412660398,0.0001842611402110066,0.0001842611402110066,0.0,0.0004012798164595255,0.0004012798164595255,0.0003275753603751229,0.0,0.0006182984927080444,0.00011055668412660398,0.0001842611402110066,0.0001842611402110066,0.0,0.0004012798164595255,0.0004012798164595255,0.0003275753603751229,0.0,0.0006182984927080444,0.00029481782433761055,0.0,0.0,0.0,0.0,0.0,0.00014331422016411623,0.0,0.00016378768018756145,0.00029481782433761055,0.0,0.0,0.0,0.0,0.0,0.00014331422016411623,0.0003316700523798118,0.00016378768018756145,0.0008107490169284289,0.0,0.0,0.0,0.0,0.0,0.00028662844032823246,7.370445608440265e-05,0.0003275753603751229,0.00011055668412660398,0.0003316700523798118,0.0003316700523798118,0.0,0.0004012798164595255,0.0004012798164595255,0.0003275753603751229,0.0,0.0006182984927080444,0.00011055668412660398,0.0003316700523798118,0.0003316700523798118,0.0,0.0004012798164595255,0.0004012798164595255,0.0003275753603751229,0.0,0.0006182984927080444,0.00014740891216880527,0.0,0.0,0.0,0.0,0.0,7.165711008205812e-05,0.0,8.189384009378072e-05,0.00029481782433761055,0.0,0.0,0.0,0.0,0.0,0.00014331422016411623,0.0,0.00016378768018756145,0.0,0.0,0.0,0.0,0.0,0.0,0.0,0.0,0.0,0.0016214980338568584,0.0,0.0,0.0,0.0,0.0,0.00010646199212191492,0.0003685222804220132,0.0003275753603751229,0.00029481782433761055,0.0,0.0,0.0,0.0,0.0,0.00014331422016411623,0.0,0.00016378768018756145,0.0009540632370925454,0.00014331422016411623,0.00014331422016411623,0.00014331422016411623,7.370445608440265e-05,7.370445608440265e-05,0.0,0.0003275753603751229,0.00029072313233292153,0.0009540632370925454,0.00014331422016411623,0.00014331422016411623,0.00014331422016411623,7.370445608440265e-05,7.370445608440265e-05,0.0,0.0003275753603751229,0.00029072313233292153,0.0009540632370925454,0.00014331422016411623,0.00014331422016411623,0.00014331422016411623,7.370445608440265e-05,7.370445608440265e-05,0.0,0.0003275753603751229,0.00029072313233292153,0.0009909154651347467,0.00018016644820631754,9.008322410315878e-05,9.008322410315878e-05,0.0,0.0,0.0,0.0003644275884173242,0.0002538709042907202,0.001027767693176948,0.0,0.0,0.0,0.0,0.0,7.370445608440265e-05,0.0004012798164595255,0.00016378768018756145,0.001027767693176948,0.0,0.0,0.0,0.0,0.0,7.370445608440265e-05,0.0004012798164595255,0.00016378768018756145,0.001027767693176948,0.0,0.0,0.0,0.0,0.0,7.370445608440265e-05,0.0004012798164595255,0.00016378768018756145,0.00011055668412660398,0.0001842611402110066,0.0001842611402110066,0.000479078964548617,0.000917211009050344,0.000917211009050344,0.0008435065529659413,0.0,0.0011342296852988628,0.0035009616640091262,0.002026872542321072,0.0002661549803047873,0.0002661549803047873,0.000818938400937807,0.000818938400937807,0.00045041612051579383,0.00036852228042201317,0.0019040317821804012
x_R02_EXIT_A,5.323099606095746e-05,0.0,0.0,0.0,0.0,0.0,0.0,0.0,0.0,-0.8319048578530325,0.8371628911048946,0.8371628911048946,0.8371628911048946,0.8371628911048946,0.8371628911048946,0.8371628911048946,0.8371628911048946,0.8371628911048946,5.323099606095746e-05,0.0,0.0,0.0,0.0,0.0,0.0,0.0,0.0,5.323099606095746e-05,0.0,0.0,0.0,0.0,0.0,0.0,0.0,0.0,5.323099606095746e-05,0.0,0.0,0.0,0.0,0.0,0.0,0.0,0.0,5.323099606095746e-05,0.0,0.0,0.0,0.0,0.0,0.0,0.0,0.0,5.323099606095746e-05,0.0,0.0,0.0,0.0,0.0,0.0,0.0,0.0,5.323099606095746e-05,0.0,0.0,0.0,0.0,0.0,0.0,0.0,0.0,5.323099606095746e-05,0.0,0.0,0.0,0.0,0.0,0.0,0.0,0.0,5.323099606095746e-05,0.0,0.0,0.0,0.0,0.0,0.0,0.0,0.0,5.323099606095746e-05,0.0,0.0,0.0,0.0,0.0,0.0,0.0,0.0,0.00010646199212191492,0.0,0.0,0.0,0.0,0.0,0.0,0.0,0.0,5.323099606095746e-05,0.0,0.0,0.0,0.0,0.0,0.0,0.0,0.0,5.323099606095746e-05,0.0,0.0,0.0,0.0,0.0,0.0,0.0,0.0,0.0,0.0,0.0,0.0,0.0,0.0,0.0,0.0,0.0,5.323099606095746e-05,0.0,0.0,0.0,0.0,0.0,0.0,0.0,0.0,0.0,0.0,0.0,0.0,0.0,0.0,0.0,0.0,0.0,0.00010646199212191492,0.0,0.0,0.0,0.0,0.0,0.0,0.0,0.0,5.323099606095746e-05,0.0,0.0,0.0,0.0,0.0,0.0,0.0,0.0,5.323099606095746e-05,0.0,0.0,0.0,0.0,0.0,0.0,0.0,0.0,5.323099606095746e-05,0.0,0.0,0.0,0.0,0.0,0.0,0.0,0.0,5.323099606095746e-05,0.0,0.0,0.0,0.0,0.0,0.0,0.0,0.0,5.323099606095746e-05,0.0,0.0,0.0,0.0,0.0,0.0,0.0,0.0,5.323099606095746e-05,0.0,0.0,0.0,0.0,0.0,0.0,0.0,0.0,5.323099606095746e-05,0.0,0.0,0.0,0.0,0.0,0.0,0.0,0.0,5.323099606095746e-05,0.0,0.0,0.0,0.0,0.0,0.0,0.0,0.0,5.323099606095746e-05,0.0,0.0,0.0,0.0,0.0,0.0,0.0,0.0,0.00026615498030478727,0.0,0.0,0.0,0.0,0.0,0.0,0.0,0.0
x_R02_EXIT_B,0.0,0.0006060144166939772,0.0004422267365064158,0.00029481782433761055,0.00029481782433761055,0.00029481782433761055,0.00029481782433761055,0.00011055668412660398,0.00029481782433761055,0.8371628911048946,-0.817979738452458,0.8376051178414011,0.8374577089292322,0.8374577089292322,0.8374577089292322,0.8374577089292322,0.8372734477890212,0.8374577089292322,0.0005527834206330197,5.323099606095746e-05,0.00011055668412660398,0.00011055668412660398,0.00011055668412660398,0.00011055668412660398,0.00011055668412660398,0.00025796559629540924,0.00011055668412660398,0.0005527834206330197,5.323099606095746e-05,0.00011055668412660398,0.00011055668412660398,0.00011055668412660398,0.00011055668412660398,0.00011055668412660398,0.00025796559629540924,0.00011055668412660398,0.0004422267365064158,0.00016378768018756142,0.0,0.0,0.0,0.0,0.0,0.0001474089121688053,0.0,0.0004422267365064158,0.00016378768018756142,0.0,0.0,0.0,0.0,0.0,0.0001474089121688053,0.0,0.0004422267365064158,0.00016378768018756142,0.0,0.0,0.0,0.0,0.0,0.0001474089121688053,0.0,0.00011055668412660398,0.0004954577325673733,0.00033167005237981186,0.0,0.0,0.0,0.0,0.0,0.0,0.00011055668412660398,0.0004954577325673733,0.00033167005237981186,0.0,0.0,0.0,0.0,0.0,0.0,0.0004422267365064158,0.00016378768018756142,0.0,0.0,0.0,0.0,0.0,0.0,0.0,0.0004422267365064158,0.00016378768018756142,0.0,0.0,0.0,0.0,0.0,0.0001474089121688053,0.0,0.0005896356486752211,0.00032757536037512284,0.0,0.0,0.0,0.0,0.0,0.0,0.0,0.00011055668412660398,0.0003111965923563667,0.0001474089121688053,0.0,0.0,0.0,0.0,0.0,0.0,0.00011055668412660398,0.0003111965923563667,0.0001474089121688053,0.0,0.0,0.0,0.0,0.0,0.0,0.0002211133682532079,8.189384009378071e-05,0.0,0.0,0.0,0.0,0.0,0.0,0.0,0.0004422267365064158,0.00016378768018756142,0.0,0.0,0.0,0.0,0.0,0.0,0.0,0.0,0.0,0.0,0.0,0.0,0.0,0.0,0.0,0.0,0.0005896356486752211,0.00032757536037512284,0.0,0.0,0.0,0.0,0.0,0.0,0.0,0.0004422267365064158,0.00016378768018756142,0.0,0.0,0.0,0.0,0.0,0.0,0.0,0.00029481782433761055,0.00016378768018756142,0.0,0.0,0.0,0.0,0.0,0.0,0.0,0.00029481782433761055,0.00016378768018756142,0.0,0.0,0.0,0.0,0.0,0.0,0.0,0.00029481782433761055,0.00016378768018756142,0.0,0.0,0.0,0.0,0.0,0.0,0.0,0.00029481782433761055,0.00016378768018756142,0.0,0.0,0.0,0.0,0.0,0.0,0.0,0.00029481782433761055,0.00016378768018756142,0.0,0.0,0.0,0.0,0.0,0.0,0.0,0.00029481782433761055,0.00016378768018756142,0.0,0.0,0.0,0.0,0.0,0.0,0.0,0.00029481782433761055,0.00016378768018756142,0.0,0.0,0.0,0.0,0.0,0.0,0.0,0.00011055668412660398,0.0004954577325673733,0.00033167005237981186,0.0001842611402110066,0.0001842611402110066,0.0001842611402110066,0.0001842611402110066,0.0,0.0001842611402110066,0.0014740891216880525,0.0015559829617818332,0.0,0.0,0.0,0.0,0.0,0.0,0.0
x_R02_EXIT_C,0.0,0.0004422267365064158,0.0009376844690737892,0.00029481782433761055,0.00029481782433761055,0.00029481782433761055,0.00029481782433761055,0.00011055668412660398,0.00029481782433761055,0.8371628911048946,0.8376051178414011,-0.8101261294113611,0.8374577089292322,0.8374577089292322,0.8374577089292322,0.8374577089292322,0.8372734477890212,0.8374577089292322,0.0004422267365064158,0.0,0.0004954577325673733,0.00033167005237981186,0.0,0.0,0.0,0.0001474089121688053,0.0,0.0004422267365064158,0.0,0.0004954577325673733,0.00033167005237981186,0.0,0.0,0.0,0.0001474089121688053,0.0,0.0008844534730128317,0.0004422267365064159,5.323099606095746e-05,0.00011055668412660398,0.00011055668412660398,0.00011055668412660398,0.00011055668412660398,0.0005896356486752212,0.00011055668412660398,0.0008844534730128317,0.0004422267365064159,5.323099606095746e-05,0.00011055668412660398,0.00011055668412660398,0.00011055668412660398,0.00011055668412660398,0.0005896356486752212,0.00011055668412660398,0.0007738967888862278,0.00033167005237981186,0.00016378768018756142,0.0,0.0,0.0,0.0,0.0004790789645486171,0.0,0.00011055668412660398,0.00033167005237981186,0.0008271277849471854,0.0,0.0,0.0,0.0,0.0,0.0,0.00011055668412660398,0.00033167005237981186,0.0008271277849471854,0.0,0.0,0.0,0.0,0.0,0.0,0.0007738967888862278,0.00033167005237981186,0.00016378768018756142,0.0,0.0,0.0,0.0,0.0,0.0,0.0007738967888862278,0.00033167005237981186,0.00016378768018756142,0.0,0.0,0.0,0.0,0.0004790789645486171,0.0,0.0005896356486752211,0.0,0.00032757536037512284,0.0,0.0,0.0,0.0,0.0,0.0,0.00011055668412660398,0.0001474089121688053,0.0006428666447361786,0.0,0.0,0.0,0.0,0.0,0.0,0.00011055668412660398,0.0001474089121688053,0.0006428666447361786,0.0,0.0,0.0,0.0,0.0,0.0,0.0003869483944431139,0.00016583502618990593,8.189384009378071e-05,0.0,0.0,0.0,0.0,0.0,0.0,0.0007738967888862278,0.00033167005237981186,0.00016378768018756142,0.0,0.0,0.0,0.0,0.0,0.0,0.0,0.0,0.0,0.0,0.0,0.0,0.0,0.0,0.0,0.0005896356486752211,0.0,0.00032757536037512284,0.0,0.0,0.0,0.0,0.0,0.0,0.0007738967888862278,0.00033167005237981186,0.00016378768018756142,0.0,0.0,0.0,0.0,0.0,0.0,0.00029481782433761055,0.0,0.00016378768018756142,0.0,0.0,0.0,0.0,0.0,0.0,0.00029481782433761055,0.0,0.00016378768018756142,0.0,0.0,0.0,0.0,0.0,0.0,0.00029481782433761055,0.0,0.00016378768018756142,0.0,0.0,0.0,0.0,0.0,0.0,0.00029481782433761055,0.0,0.00016378768018756142,0.0,0.0,0.0,0.0,0.0,0.0,0.00029481782433761055,0.0,0.00016378768018756142,0.0,0.0,0.0,0.0,0.0,0.0,0.00029481782433761055,0.0,0.00016378768018756142,0.0,0.0,0.0,0.0,0.0,0.0,0.00029481782433761055,0.0,0.00016378768018756142,0.0,0.0,0.0,0.0,0.0,0.0,0.00011055668412660398,0.00033167005237981186,0.0008271277849471854,0.0001842611402110066,0.0001842611402110066,0.0001842611402110066,0.0001842611402110066,0.0,0.0001842611402110066,0.0014740891216880525,0.0007370445608440263,0.000818938400937807,0.0,0.0,0.0,0.0,0.0,0.0
x_R02_EXIT_D,0.0,0.00029481782433761055,0.00029481782433761055,0.0017770963300350415,0.0005896356486752211,0.0005896356486752211,0.0005896356486752211,0.00011055668412660398,0.0005896356486752211,0.8371628911048946,0.8374577089292322,0.8374577089292322,-0.7992574655654436,0.8377525267535699,0.8377525267535699,0.8377525267535699,0.8372734477890212,0.8377525267535699,0.00029481782433761055,0.0,0.0,0.0003480488203985681,0.0,0.0,0.0,0.00029481782433761055,0.0,0.00029481782433761055,0.0,0.0,0.0003480488203985681,0.0,0.0,0.0,0.00029481782433761055,0.0,0.00029481782433761055,0.0,0.0,0.0003480488203985681,0.0,0.0,0.00043813204450172683,0.00029481782433761055,0.0,0.00029481782433761055,0.0,0.0,0.0003480488203985681,0.0,0.0,0.00043813204450172683,0.00029481782433761055,0.0,0.00029481782433761055,0.0,0.0,0.00016378768018756145,0.0,0.0,0.00043813204450172683,0.00029481782433761055,0.0,0.00011055668412660398,0.0001842611402110066,0.0001842611402110066,0.0011874606813598206,0.0,0.0,0.0,0.0,0.0,0.00011055668412660398,0.0001842611402110066,0.0001842611402110066,0.0011874606813598206,0.0,0.0,0.0,0.0,0.0,0.00029481782433761055,0.0,0.0,0.00016378768018756145,0.0001474089121688053,0.0001474089121688053,0.0001474089121688053,0.001023673001172259,0.0001474089121688053,0.00029481782433761055,0.0,0.0,0.00016378768018756145,0.0,0.0,0.00043813204450172683,0.00029481782433761055,0.0,0.0008107490169284289,0.0,0.0,0.0015396041937630774,0.0,0.0,0.0,0.0005896356486752212,0.0,0.00011055668412660398,0.00029481782433761055,0.00029481782433761055,0.0011874606813598206,0.0,0.0,0.0,0.0,0.0,0.00011055668412660398,0.00029481782433761055,0.00029481782433761055,0.0011874606813598206,0.0,0.0,0.0,0.0,0.0,0.00014740891216880527,0.0,0.0,8.189384009378072e-05,7.370445608440265e-05,7.370445608440265e-05,7.370445608440265e-05,0.0005118365005861295,7.370445608440265e-05,0.00029481782433761055,0.0,0.0,0.00016378768018756145,0.0001474089121688053,0.0001474089121688053,0.0001474089121688053,0.001023673001172259,0.0001474089121688053,0.0,0.0,0.0,0.0,0.0,0.0,0.0,0.0,0.0,0.0011792712973504422,0.0,7.370445608440265e-05,0.0006223931847127334,0.0,0.0,0.0,0.0,0.0,0.0005896356486752211,0.0002948178243376106,0.0002948178243376106,5.3230996060957466e-05,0.00025796559629540924,0.00025796559629540924,0.00025796559629540924,0.001134229685298863,0.00025796559629540924,0.0005896356486752211,0.0,0.0,0.0003111965923563667,0.0,0.0,0.0,0.0,0.0,0.0005896356486752211,0.0,0.0,0.0003111965923563667,0.0,0.0,0.0,0.0,0.0,0.0005896356486752211,0.0,0.0,0.0003111965923563667,0.0,0.0,0.0,0.0,0.0,0.0005896356486752211,0.0,0.0,0.0003111965923563667,0.0,0.0,0.0,0.0,0.0,0.0005896356486752211,0.0,0.0,0.0003111965923563667,0.0,0.0,0.0,0.0,0.0,0.0005896356486752211,0.0,0.0,0.0003111965923563667,0.0,0.0,0.0,0.0,0.0,0.0005896356486752211,0.0,0.0,0.0003111965923563667,0.0,0.0,0.0,0.0,0.0,0.00011055668412660398,0.0001842611402110066,0.0001842611402110066,0.0016665396459084375,0.000479078964548617,0.000479078964548617,0.000479078964548617,0.0,0.000479078964548617,0.002948178243376106,0.0014740891216880525,0.0,0.0015559829617818332,0.0,0.0,0.0,0.0,0.0
x_R02_EXIT_E,0.0,0.00029481782433761055,0.00029481782433761055,0.0005896356486752211,0.0019982096982882496,0.0011014721492613505,0.0009540632370925454,0.00011055668412660398,0.001027767693176948,0.8371628911048946,0.8374577089292322,0.8374577089292322,0.8377525267535699,-0.7931859552059661,0.838264363254156,0.8381169543419872,0.8372734477890212,0.8381906587980716,0.00029481782433761055,0.0,0.0,0.0,0.0007861808649002948,0.0,0.00014331422016411623,0.0003316700523798118,0.0,0.00029481782433761055,0.0,0.0,0.0,0.0007861808649002948,0.0,0.00014331422016411623,0.0003316700523798118,0.0,0.00029481782433761055,0.0,0.0,0.0,0.0007861808649002948,0.0,0.00014331422016411623,0.0003316700523798118,0.0,0.00029481782433761055,0.0,0.0,0.0,0.0007861808649002948,0.0,0.00014331422016411623,0.0003316700523798118,0.0,0.00029481782433761055,0.0,0.0,0.0,0.0007861808649002948,0.0,0.00014331422016411623,0.0003316700523798118,0.0,0.00011055668412660398,0.0001842611402110066,0.0001842611402110066,0.0,0.0013717218215708268,0.0004749842725439281,0.0003275753603751229,0.0,0.0004012798164595255,0.00011055668412660398,0.0001842611402110066,0.0001842611402110066,0.0,0.0013717218215708268,0.0004749842725439281,0.0003275753603751229,0.0,0.0004012798164595255,0.00029481782433761055,0.0,0.0,0.0,0.0007861808649002948,0.0,0.00014331422016411623,0.0,0.0,0.00029481782433761055,0.0,0.0,0.0,0.0007861808649002948,0.0,0.00014331422016411623,0.0003316700523798118,0.0,0.0008107490169284289,0.0,0.0,0.0,0.0015723617298005895,0.0,0.00028662844032823246,7.370445608440265e-05,0.0,0.00011055668412660398,0.0003316700523798118,0.0003316700523798118,0.0,0.0013717218215708268,0.0004749842725439281,0.0003275753603751229,0.0,0.0004012798164595255,0.00011055668412660398,0.0003316700523798118,0.0003316700523798118,0.0,0.0013717218215708268,0.0004749842725439281,0.0003275753603751229,0.0,0.0004012798164595255,0.00014740891216880527,0.0,0.0,0.0,0.0003930904324501474,0.0,7.165711008205812e-05,0.0,0.0,0.00029481782433761055,0.0,0.0,0.0,0.0007861808649002948,0.0,0.00014331422016411623,0.0,0.0,0.0,0.0,0.0,0.0,0.0,0.0,0.0,0.0,0.0,0.0016214980338568584,0.0,0.0,0.0,0.0015723617298005895,0.0,7.370445608440265e-05,0.0003685222804220132,0.0,0.00029481782433761055,0.0,0.0,0.0,0.0007861808649002948,0.0,0.00014331422016411623,0.0,0.0,0.0009540632370925454,0.00014331422016411623,0.00014331422016411623,0.00014331422016411623,0.0010441464611957042,0.0001474089121688053,0.0,0.0003275753603751229,7.370445608440265e-05,0.0009540632370925454,0.00014331422016411623,0.00014331422016411623,0.00014331422016411623,0.0010441464611957042,0.0001474089121688053,0.0,0.0003275753603751229,7.370445608440265e-05,0.0009540632370925454,0.00014331422016411623,0.00014331422016411623,0.00014331422016411623,0.0010441464611957042,0.0001474089121688053,0.0,0.0003275753603751229,7.370445608440265e-05,0.0009909154651347467,0.00018016644820631754,0.0,0.0,0.0010072942331535027,0.0,0.0,0.0003644275884173242,0.0,0.0011014721492613505,7.370445608440265e-05,0.0,0.0,0.0007861808649002948,0.0,0.0001474089121688053,0.0004749842725439281,0.0,0.0016174033418521693,0.0004790789645486171,0.0004422267365064159,0.0004422267365064159,0.0003480488203985681,0.0005159311925908185,0.0006633401047596238,0.0009909154651347465,0.0005527834206330198,0.0013225855175145586,0.0001842611402110066,0.0001474089121688053,0.0001474089121688053,5.323099606095746e-05,0.00022111336825320795,0.0003685222804220133,0.0006960976407971361,0.00025796559629540924,0.00011055668412660398,0.0001842611402110066,0.0001842611402110066,0.000479078964548617,0.0018876530141616456,0.0009909154651347465,0.0008435065529659413,0.0,0.000917211009050344,0.0035009616640091262,0.002026872542321072,0.0002661549803047873,0.0002661549803047873,0.005671148426494313,0.0011874606813598201,0.00045041612051579383,0.00036852228042201317,0.000818938400937807
x_R02_EXIT_F,0.0,0.00029481782433761055,0.00029481782433761055,0.0005896356486752211,0.0011014721492613505,0.001265259829448912,0.0009540632370925454,0.00011055668412660398,0.001027767693176948,0.8371628911048946,0.8374577089292322,0.8374577089292322,0.8377525267535699,0.838264363254156,-0.8010229585641493,0.8381169543419872,0.8372734477890212,0.8381906587980716,0.00029481782433761055,0.0,0.0,0.0,0.0,0.00016378768018756145,0.00014331422016411623,0.0003316700523798118,0.0,0.00029481782433761055,0.0,0.0,0.0,0.0,0.00016378768018756145,0.00014331422016411623,0.0003316700523798118,0.0,0.00029481782433761055,0.0,0.0,0.0,0.0,0.00016378768018756145,0.00014331422016411623,0.0003316700523798118,0.0,0.00029481782433761055,0.0,0.0,0.0,0.0,0.00016378768018756145,0.00014331422016411623,0.0003316700523798118,0.0,0.00029481782433761055,0.0,0.0,0.0,0.0,0.00016378768018756145,0.00014331422016411623,0.0003316700523798118,0.0,0.00011055668412660398,0.0001842611402110066,0.0001842611402110066,0.0,0.0004749842725439281,0.0006387719527314895,0.0003275753603751229,0.0,0.0004012798164595255,0.00011055668412660398,0.0001842611402110066,0.0001842611402110066,0.0,0.0004749842725439281,0.0006387719527314895,0.0003275753603751229,0.0,0.0004012798164595255,0.00029481782433761055,0.0,0.0,0.0,0.0,0.00016378768018756145,0.00014331422016411623,0.0,0.0,0.00029481782433761055,0.0,0.0,0.0,0.0,0.00016378768018756145,0.00014331422016411623,0.0003316700523798118,0.0,0.0008107490169284289,0.0,0.0,0.0,0.0,0.0003275753603751229,0.00028662844032823246,7.370445608440265e-05,0.0,0.00011055668412660398,0.0003316700523798118,0.0003316700523798118,0.0,0.0004749842725439281,0.0006387719527314895,0.0003275753603751229,0.0,0.0004012798164595255,0.00011055668412660398,0.0003316700523798118,0.0003316700523798118,0.0,0.0004749842725439281,0.0006387719527314895,0.0003275753603751229,0.0,0.0004012798164595255,0.00014740891216880527,0.0,0.0,0.0,0.0,8.189384009378072e-05,7.165711008205812e-05,0.0,0.0,0.00029481782433761055,0.0,0.0,0.0,0.0,0.00016378768018756145,0.00014331422016411623,0.0,0.0,0.0,0.0,0.0,0.0,0.0,0.0,0.0,0.0,0.0,0.0016214980338568584,0.0,0.0,0.0,0.0,0.0003275753603751229,7.370445608440265e-05,0.0003685222804220132,0.0,0.00029481782433761055,0.0,0.0,0.0,0.0,0.00016378768018756145,0.00014331422016411623,0.0,0.0,0.0009540632370925454,0.00014331422016411623,0.00014331422016411623,0.00014331422016411623,0.0001474089121688053,0.0003111965923563667,0.0,0.0003275753603751229,7.370445608440265e-05,0.0009540632370925454,0.00014331422016411623,0.00014331422016411623,0.00014331422016411623,0.0001474089121688053,0.0003111965923563667,0.0,0.0003275753603751229,7.370445608440265e-05,0.0009540632370925454,0.00014331422016411623,0.00014331422016411623,0.00014331422016411623,0.0001474089121688053,0.0003111965923563667,0.0,0.0003275753603751229,7.370445608440265e-05,0.0009909154651347467,0.00018016644820631754,0.0,0.0,0.00011055668412660398,5.323099606095746e-05,0.0,0.0003644275884173242,0.0,0.0012120288333879545,0.0,0.0,0.0,0.0,5.323099606095746e-05,0.00025796559629540924,0.000585540956670532,0.0001474089121688053,0.0011014721492613505,0.0,0.0,0.0,0.0,0.00016378768018756145,0.0001474089121688053,0.0004749842725439281,0.0,0.0011014721492613505,0.0,0.0,0.0,0.0,0.00016378768018756145,0.0001474089121688053,0.0004749842725439281,0.0,0.00011055668412660398,0.0001842611402110066,0.0001842611402110066,0.000479078964548617,0.0009909154651347465,0.001154703145322308,0.0008435065529659413,0.0,0.000917211009050344,0.0035009616640091262,0.002026872542321072,0.0002661549803047873,0.0002661549803047873,0.0011874606813598201,0.002006399082297627,0.00045041612051579383,0.00036852228042201317,0.000818938400937807
x_R02_EXIT_G,0.0,0.00029481782433761055,0.00029481782433761055,0.0005896356486752211,0.0009540632370925454,0.0009540632370925454,0.0018139485580772432,0.00011055668412660398,0.0009540632370925454,0.8371628911048946,0.8374577089292322,0.8374577089292322,0.8377525267535699,0.8381169543419872,0.8381169543419872,-0.7967133003411625,0.8372734477890212,0.8381169543419872,0.00029481782433761055,0.0,0.0,0.0,0.0,0.0,0.0010031995411488137,0.0003316700523798118,0.0,0.00029481782433761055,0.0,0.0,0.0,0.0,0.0,0.0010031995411488137,0.0003316700523798118,0.0,0.00029481782433761055,0.0,0.0,0.0,0.0,0.0,0.0010031995411488137,0.0003316700523798118,0.0,0.00029481782433761055,0.0,0.0,0.0,0.0,0.0,0.0010031995411488137,0.0003316700523798118,0.0,0.00029481782433761055,0.0,0.0,0.0,0.0,0.0,0.0010031995411488137,0.0003316700523798118,0.0,0.00011055668412660398,0.0001842611402110066,0.0001842611402110066,0.0,0.0003275753603751229,0.0003275753603751229,0.0011874606813598206,0.0,0.0003275753603751229,0.00011055668412660398,0.0001842611402110066,0.0001842611402110066,0.0,0.0003275753603751229,0.0003275753603751229,0.0011874606813598206,0.0,0.0003275753603751229,0.00029481782433761055,0.0,0.0,0.0,0.0,0.0,0.0010031995411488137,0.0,0.0,0.00029481782433761055,0.0,0.0,0.0,0.0,0.0,0.0010031995411488137,0.0003316700523798118,0.0,0.0008107490169284289,0.0,0.0,0.0,0.0,0.0,0.0020063990822976273,7.370445608440265e-05,0.0,0.00011055668412660398,0.0003316700523798118,0.0003316700523798118,0.0,0.0003275753603751229,0.0003275753603751229,0.0011874606813598206,0.0,0.0003275753603751229,0.00011055668412660398,0.0003316700523798118,0.0003316700523798118,0.0,0.0003275753603751229,0.0003275753603751229,0.0011874606813598206,0.0,0.0003275753603751229,0.00014740891216880527,0.0,0.0,0.0,0.0,0.0,0.0005015997705744068,0.0,0.0,0.00029481782433761055,0.0,0.0,0.0,0.0,0.0,0.0010031995411488137,0.0,0.0,0.0,0.0,0.0,0.0,0.0,0.0,0.0,0.0,0.0,0.0016214980338568584,0.0,0.0,0.0,0.0,0.0,0.0017197706419693952,0.0003685222804220132,0.0,0.00029481782433761055,0.0,0.0,0.0,0.0,0.0,0.0010031995411488137,0.0,0.0,0.001760717562016286,0.0009499685450878565,0.0009499685450878565,0.0009499685450878565,0.0008066543249237402,0.0008066543249237402,5.323099606095746e-05,0.001134229685298863,0.0008066543249237402,0.0014331422016411628,0.0006223931847127333,0.0006223931847127333,0.0006223931847127333,0.0004790789645486171,0.0004790789645486171,0.00034804882039856803,0.0008066543249237401,0.0004790789645486171,0.0009909154651347467,0.00018016644820631757,0.00018016644820631757,0.00018016644820631757,0.0,0.0,0.0008230330929424963,0.0003644275884173242,0.0,0.0009540632370925454,0.00014331422016411623,0.0,0.0,0.0,0.0,0.0008598853209846976,0.0003275753603751229,0.0,0.0009540632370925454,0.0,0.0,0.0,0.0,0.0,0.0008598853209846976,0.0003275753603751229,0.0,0.0009540632370925454,0.0,0.0,0.0,0.0,0.0,0.0008598853209846976,0.0003275753603751229,0.0,0.0009540632370925454,0.0,0.0,0.0,0.0,0.0,0.0008598853209846976,0.0003275753603751229,0.0,0.00011055668412660398,0.0001842611402110066,0.0001842611402110066,0.000479078964548617,0.0008435065529659413,0.0008435065529659413,0.0017033918739506394,0.0,0.0008435065529659413,0.0035009616640091262,0.002026872542321072,0.0002661549803047873,0.0002661549803047873,0.00045041612051579383,0.00045041612051579383,0.004749842725439281,0.00036852228042201317,0.00045041612051579383
x_R02_EXIT_H,0.0,0.00011055668412660398,0.00011055668412660398,0.00011055668412660398,0.00011055668412660398,0.00011055668412660398,0.00011055668412660398,0.0014014083386048226,0.00011055668412660398,0.8371628911048946,0.8372734477890212,0.8372734477890212,0.8372734477890212,0.8372734477890212,0.8372734477890212,0.8372734477890212,-0.8121697185380691,0.8372734477890212,0.00011055668412660398,0.0,0.0,0.0,0.0,0.0,0.0,0.00016378768018756142,0.0,0.00011055668412660398,0.0,0.0,0.0,0.0,0.0,0.0,0.00016378768018756142,0.0,0.00011055668412660398,0.0,0.0,0.0,0.0,0.0,0.0,0.00016378768018756142,0.0,0.00011055668412660398,0.0,0.0,0.0,0.0,0.0,0.0,0.00016378768018756142,0.0,0.00011055668412660398,0.0,0.0,0.0,0.0,0.0,0.0,0.00016378768018756142,0.0,0.0007094053898123755,0.0005988487056857716,0.0005988487056857716,0.0004954577325673731,0.0004954577325673731,0.0004954577325673731,0.0004954577325673731,0.0006592454127549349,0.0004954577325673731,0.0010533595182062542,0.0009428028340796505,0.0009428028340796505,0.0001842611402110066,0.0001842611402110066,0.0001842611402110066,0.0001842611402110066,0.000348048820398568,0.0001842611402110066,0.00011055668412660398,0.0,0.0,0.0,0.0,0.0,0.0,0.00016378768018756142,0.0,0.00011055668412660398,0.0,0.0,0.0,0.0,0.0,0.0,0.00016378768018756142,0.0,0.00022111336825320795,0.0,0.0,0.0,0.0,0.0,0.0,0.00032757536037512284,0.0,0.0011639162023328582,7.370445608440265e-05,7.370445608440265e-05,7.370445608440265e-05,7.370445608440265e-05,7.370445608440265e-05,7.370445608440265e-05,0.00023749213627196405,7.370445608440265e-05,0.0011639162023328582,7.370445608440265e-05,7.370445608440265e-05,7.370445608440265e-05,7.370445608440265e-05,7.370445608440265e-05,7.370445608440265e-05,0.00023749213627196405,7.370445608440265e-05,5.527834206330199e-05,0.0,0.0,0.0,0.0,0.0,0.0,8.189384009378071e-05,0.0,0.00011055668412660398,0.0,0.0,0.0,0.0,0.0,0.0,0.00016378768018756142,0.0,0.0,0.0,0.0,0.0,0.0,0.0,0.0,0.0,0.0,0.00022111336825320795,0.0,0.0,0.0,0.0,0.0,0.0,0.00032757536037512284,0.0,0.00011055668412660398,0.0,0.0,0.0,0.0,0.0,0.0,0.00016378768018756142,0.0,0.00011055668412660398,0.0,0.0,0.0,0.0,0.0,0.0,0.00016378768018756142,0.0,0.00011055668412660398,0.0,0.0,0.0,0.0,0.0,0.0,0.00016378768018756142,0.0,0.00011055668412660398,0.0,0.0,0.0,0.0,0.0,0.0,0.00016378768018756142,0.0,0.00011055668412660398,0.0,0.0,0.0,0.0,0.0,0.0,0.00016378768018756142,0.0,0.00011055668412660398,0.0,0.0,0.0,0.0,0.0,0.0,0.00016378768018756142,0.0,0.00011055668412660398,0.0,0.0,0.0,0.0,0.0,0.0,0.00016378768018756142,0.0,0.00011055668412660398,0.0,0.0,0.0,0.0,0.0,0.0,0.00016378768018756142,0.0,0.0004145875654747649,0.0003040308813481609,0.0003040308813481609,0.0003040308813481609,0.0003040308813481609,0.0003040308813481609,0.0003040308813481609,0.0009868207731300576,0.0003040308813481609,0.0005527834206330198,0.0,0.0,0.0,0.0,0.0,0.0,0.000818938400937807,0.0
x_R02_EXIT_STAIRWELL,0.0,0.00029481782433761055,0.00029481782433761055,0.0005896356486752211,0.001027767693176948,0.001027767693176948,0.0009540632370925454,0.00011055668412660398,0.001244786369425467,0.8371628911048946,0.8374577089292322,0.8374577089292322,0.8377525267535699,0.8381906587980716,0.8381906587980716,0.8381169543419872,0.8372734477890212,-0.803968630519785,0.00029481782433761055,0.0,0.0,0.0,0.0,0.0,0.00014331422016411623,0.0003316700523798118,0.00016378768018756145,0.00029481782433761055,0.0,0.0,0.0,0.0,0.0,0.00014331422016411623,0.0003316700523798118,0.00016378768018756145,0.00029481782433761055,0.0,0.0,0.0,0.0,0.0,0.00014331422016411623,0.0003316700523798118,0.00016378768018756145,0.00029481782433761055,0.0,0.0,0.0,0.0,0.0,0.00014331422016411623,0.0003316700523798118,0.00016378768018756145,0.00029481782433761055,0.0,0.0,0.0,0.0,0.0,0.00014331422016411623,0.0003316700523798118,0.00016378768018756145,0.00011055668412660398,0.0001842611402110066,0.0001842611402110066,0.0,0.0004012798164595255,0.0004012798164595255,0.0003275753603751229,0.0,0.0006182984927080444,0.00011055668412660398,0.0001842611402110066,0.0001842611402110066,0.0,0.0004012798164595255,0.0004012798164595255,0.0003275753603751229,0.0,0.0006182984927080444,0.00029481782433761055,0.0,0.0,0.0,0.0,0.0,0.00014331422016411623,0.0,0.00016378768018756145,0.00029481782433761055,0.0,0.0,0.0,0.0,0.0,0.00014331422016411623,0.0003316700523798118,0.00016378768018756145,0.0008107490169284289,0.0,0.0,0.0,0.0,0.0,0.00028662844032823246,7.370445608440265e-05,0.0003275753603751229,0.00011055668412660398,0.0003316700523798118,0.0003316700523798118,0.0,0.0004012798164595255,0.0004012798164595255,0.0003275753603751229,0.0,0.0006182984927080444,0.00011055668412660398,0.0003316700523798118,0.0003316700523798118,0.0,0.0004012798164595255,0.0004012798164595255,0.0003275753603751229,0.0,0.0006182984927080444,0.00014740891216880527,0.0,0.0,0.0,0.0,0.0,7.165711008205812e-05,0.0,8.189384009378072e-05,0.00029481782433761055,0.0,0.0,0.0,0.0,0.0,0.00014331422016411623,0.0,0.00016378768018756145,0.0,0.0,0.0,0.0,0.0,0.0,0.0,0.0,0.0,0.0016214980338568584,0.0,0.0,0.0,0.0,0.0,0.00010646199212191492,0.0003685222804220132,0.0003275753603751229,0.00029481782433761055,0.0,0.0,0.0,0.0,0.0,0.00014331422016411623,0.0,0.00016378768018756145,0.0009540632370925454,0.00014331422016411623,0.00014331422016411623,0.00014331422016411623,7.370445608440265e-05,7.370445608440265e-05,0.0,0.0003275753603751229,0.00029072313233292153,0.0009540632370925454,0.00014331422016411623,0.00014331422016411623,0.00014331422016411623,7.370445608440265e-05,7.370445608440265e-05,0.0,0.0003275753603751229,0.00029072313233292153,0.0009540632370925454,0.00014331422016411623,0.00014331422016411623,0.00014331422016411623,7.370445608440265e-05,7.370445608440265e-05,0.0,0.0003275753603751229,0.00029072313233292153,0.0009909154651347467,0.00018016644820631754,9.008322410315878e-05,9.008322410315878e-05,0.0,0.0,0.0,0.0003644275884173242,0.0002538709042907202,0.001027767693176948,0.0,0.0,0.0,0.0,0.0,7.370445608440265e-05,0.0004012798164595255,0.00016378768018756145,0.001027767693176948,0.0,0.0,0.0,0.0,0.0,7.370445608440265e-05,0.0004012798164595255,0.00016378768018756145,0.001027767693176948,0.0,0.0,0.0,0.0,0.0,7.370445608440265e-05,0.0004012798164595255,0.00016378768018756145,0.00011055668412660398,0.0001842611402110066,0.0001842611402110066,0.000479078964548617,0.000917211009050344,0.000917211009050344,0.0008435065529659413,0.0,0.0011342296852988628,0.0035009616640091262,0.002026872542321072,0.0002661549803047873,0.0002661549803047873,0.000818938400937807,0.000818938400937807,0.00045041612051579383,0.00036852228042201317,0.0019040317821804012
x_R03_EXIT_A,5.323099606095746e-05,0.0005527834206330197,0.0004422267365064158,0.00029481782433761055,0.00029481782433761055,0.00029481782433761055,0.00029481782433761055,0.00011055668412660398,0.00029481782433761055,5.323099606095746e-05,0.0005527834206330197,0.0004422267365064158,0.00029481782433761055,0.00029481782433761055,0.00029481782433761055,0.00029481782433761055,0.00011055668412660398,0.00029481782433761055,-0.817979738452458,0.8371628911048946,0.8372734477890212,0.8372734477890212,0.8372734477890212,0.8372734477890212,0.8372734477890212,0.83742085670119,0.8372734477890212,0.0006060144166939772,0.0,0.00011055668412660398,0.00011055668412660398,0.00011055668412660398,0.00011055668412660398,0.00011055668412660398,0.00025796559629540924,0.00011055668412660398,0.0004954577325673731,0.00011055668412660398,0.0,0.0,0.0,0.0,0.0,0.0001474089121688053,0.0,0.0004954577325673731,0.00011055668412660398,0.0,0.0,0.0,0.0,0.0,0.0001474089121688053,0.0,0.0004954577325673731,0.00011055668412660398,0.0,0.0,0.0,0.0,0.0,0.0001474089121688053,0.0,0.00016378768018756145,0.0004422267365064159,0.00033167005237981186,0.0,0.0,0.0,0.0,0.0,0.0,0.00016378768018756145,0.0004422267365064159,0.00033167005237981186,0.0,0.0,0.0,0.0,0.0,0.0,0.0004954577325673731,0.00011055668412660398,0.0,0.0,0.0,0.0,0.0,0.0,0.0,0.0004954577325673731,0.00011055668412660398,0.0,0.0,0.0,0.0,0.0,0.0001474089121688053,0.0,0.000696097640797136,0.00022111336825320795,0.0,0.0,0.0,0.0,0.0,0.0,0.0,0.00016378768018756145,0.00025796559629540924,0.0001474089121688053,0.0,0.0,0.0,0.0,0.0,0.0,0.00016378768018756145,0.00025796559629540924,0.0001474089121688053,0.0,0.0,0.0,0.0,0.0,0.0,0.00024772886628368656,5.527834206330199e-05,0.0,0.0,0.0,0.0,0.0,0.0,0.0,0.0004954577325673731,0.00011055668412660398,0.0,0.0,0.0,0.0,0.0,0.0,0.0,0.0,0.0,0.0,0.0,0.0,0.0,0.0,0.0,0.0,0.000696097640797136,0.00022111336825320795,0.0,0.0,0.0,0.0,0.0,0.0,0.0,0.0004954577325673731,0.00011055668412660398,0.0,0.0,0.0,0.0,0.0,0.0,0.0,0.000348048820398568,0.00011055668412660398,0.0,0.0,0.0,0.0,0.0,0.0,0.0,0.000348048820398568,0.00011055668412660398,0.0,0.0,0.0,0.0,0.0,0.0,0.0,0.000348048820398568,0.00011055668412660398,0.0,0.0,0.0,0.0,0.0,0.0,0.0,0.000348048820398568,0.00011055668412660398,0.0,0.0,0.0,0.0,0.0,0.0,0.0,0.000348048820398568,0.00011055668412660398,0.0,0.0,0.0,0.0,0.0,0.0,0.0,0.000348048820398568,0.00011055668412660398,0.0,0.0,0.0,0.0,0.0,0.0,0.0,0.000348048820398568,0.00011055668412660398,0.0,0.0,0.0,0.0,0.0,0.0,0.0,0.00016378768018756145,0.0004422267365064159,0.00033167005237981186,0.0001842611402110066,0.0001842611402110066,0.0001842611402110066,0.0001842611402110066,0.0,0.0001842611402110066,0.00174024410199284,0.001289827981477046,0.0,0.0,0.0,0.0,0.0,0.0,0.0
x_R03_EXIT_B,0.0,5.323099606095746e-05,0.0,0.0,0.0,0.0,0.0,0.0,0.0,0.0,5.323099606095746e-05,0.0,0.0,0.0,0.0,0.0,0.0,0.0,0.8371628911048946,-0.8319048578530325,0.8371628911048946,0.8371628911048946,0.8371628911048946,0.8371628911048946,0.8371628911048946,0.8371628911048946,0.8371628911048946,0.0,5.323099606095746e-05,0.0,0.0,0.0,0.0,0.0,0.0,0.0,0.0,5.323099606095746e-05,0.0,0.0,0.0,0.0,0.0,0.0,0.0,0.0,5.323099606095746e-05,0.0,0.0,0.0,0.0,0.0,0.0,0.0,0.0,5.323099606095746e-05,0.0,0.0,0.0,0.0,0.0,0.0,0.0,0.0,5.323099606095746e-05,0.0,0.0,0.0,0.0,0.0,0.0,0.0,0.0,5.323099606095746e-05,0.0,0.0,0.0,0.0,0.0,0.0,0.0,0.0,5.323099606095746e-05,0.0,0.0,0.0,0.0,0.0,0.0,0.0,0.0,5.323099606095746e-05,0.0,0.0,0.0,0.0,0.0,0.0,0.0,0.0,0.00010646199212191492,0.0,0.0,0.0,0.0,0.0,0.0,0.0,0.0,5.323099606095746e-05,0.0,0.0,0.0,0.0,0.0,0.0,0.0,0.0,5.323099606095746e-05,0.0,0.0,0.0,0.0,0.0,0.0,0.0,0.0,0.0,0.0,0.0,0.0,0.0,0.0,0.0,0.0,0.0,5.323099606095746e-05,0.0,0.0,0.0,0.0,0.0,0.0,0.0,0.0,0.0,0.0,0.0,0.0,0.0,0.0,0.0,0.0,0.0,0.00010646199212191492,0.0,0.0,0.0,0.0,0.0,0.0,0.0,0.0,5.323099606095746e-05,0.0,0.0,0.0,0.0,0.0,0.0,0.0,0.0,5.323099606095746e-05,0.0,0.0,0.0,0.0,0.0,0.0,0.0,0.0,5.323099606095746e-05,0.0,0.0,0.0,0.0,0.0,0.0,0.0,0.0,5.323099606095746e-05,0.0,0.0,0.0,0.0,0.0,0.0,0.0,0.0,5.323099606095746e-05,0.0,0.0,0.0,0.0,0.0,0.0,0.0,0.0,5.323099606095746e-05,0.0,0.0,0.0,0.0,0.0,0.0,0.0,0.0,5.323099606095746e-05,0.0,0.0,0.0,0.0,0.0,0.0,0.0,0.0,5.323099606095746e-05,0.0,0.0,0.0,0.0,0.0,0.0,0.0,0.0,5.323099606095746e-05,0.0,0.0,0.0,0.0,0.0,0.0,0.0,0.0,0.00026615498030478727,0.0,0.0,0.0,0.0,0.0,0.0,0.0
x_R03_EXIT_C,0.0,0.00011055668412660398,0.0004954577325673733,0.0,0.0,0.0,0.0,0.0,0.0,0.0,0.00011055668412660398,0.0004954577325673733,0.0,0.0,0.0,0.0,0.0,0.0,0.8372734477890212,0.8371628911048946,-0.817979738452458,0.8376051178414011,0.8372734477890212,0.8372734477890212,0.8372734477890212,0.8372734477890212,0.8372734477890212,0.00011055668412660398,0.0,0.0006060144166939773,0.0004422267365064159,0.00011055668412660398,0.00011055668412660398,0.00011055668412660398,0.00011055668412660398,0.00011055668412660398,0.0004422267365064159,0.0005527834206330198,5.323099606095746e-05,0.00011055668412660398,0.00011055668412660398,0.00011055668412660398,0.00011055668412660398,0.0004422267365064159,0.00011055668412660398,0.0004422267365064159,0.0005527834206330198,5.323099606095746e-05,0.00011055668412660398,0.00011055668412660398,0.00011055668412660398,0.00011055668412660398,0.0004422267365064159,0.00011055668412660398,0.00033167005237981186,0.0004422267365064159,0.00016378768018756142,0.0,0.0,0.0,0.0,0.00033167005237981186,0.0,0.0,0.00011055668412660398,0.0004954577325673733,0.0,0.0,0.0,0.0,0.0,0.0,0.0,0.00011055668412660398,0.0004954577325673733,0.0,0.0,0.0,0.0,0.0,0.0,0.00033167005237981186,0.0004422267365064159,0.00016378768018756142,0.0,0.0,0.0,0.0,0.0,0.0,0.00033167005237981186,0.0004422267365064159,0.00016378768018756142,0.0,0.0,0.0,0.0,0.00033167005237981186,0.0,0.0,0.00022111336825320795,0.00032757536037512284,0.0,0.0,0.0,0.0,0.0,0.0,0.0,0.00011055668412660398,0.0004954577325673733,0.0,0.0,0.0,0.0,0.0,0.0,0.0,0.00011055668412660398,0.0004954577325673733,0.0,0.0,0.0,0.0,0.0,0.0,0.00016583502618990593,0.00022111336825320795,8.189384009378071e-05,0.0,0.0,0.0,0.0,0.0,0.0,0.00033167005237981186,0.0004422267365064159,0.00016378768018756142,0.0,0.0,0.0,0.0,0.0,0.0,0.0,0.0,0.0,0.0,0.0,0.0,0.0,0.0,0.0,0.0,0.00022111336825320795,0.00032757536037512284,0.0,0.0,0.0,0.0,0.0,0.0,0.00033167005237981186,0.0004422267365064159,0.00016378768018756142,0.0,0.0,0.0,0.0,0.0,0.0,0.0,0.00011055668412660398,0.00016378768018756142,0.0,0.0,0.0,0.0,0.0,0.0,0.0,0.00011055668412660398,0.00016378768018756142,0.0,0.0,0.0,0.0,0.0,0.0,0.0,0.00011055668412660398,0.00016378768018756142,0.0,0.0,0.0,0.0,0.0,0.0,0.0,0.00011055668412660398,0.00016378768018756142,0.0,0.0,0.0,0.0,0.0,0.0,0.0,0.00011055668412660398,0.00016378768018756142,0.0,0.0,0.0,0.0,0.0,0.0,0.0,0.00011055668412660398,0.00016378768018756142,0.0,0.0,0.0,0.0,0.0,0.0,0.0,0.00011055668412660398,0.00016378768018756142,0.0,0.0,0.0,0.0,0.0,0.0,0.0,0.00011055668412660398,0.0004954577325673733,0.0,0.0,0.0,0.0,0.0,0.0,0.0,0.0005527834206330198,0.000818938400937807,0.0,0.0,0.0,0.0,0.0,0.0
x_R03_EXIT_D,0.0,0.00011055668412660398,0.00033167005237981186,0.0003480488203985681,0.0,0.0,0.0,0.0,0.0,0.0,0.00011055668412660398,0.00033167005237981186,0.0003480488203985681,0.0,0.0,0.0,0.0,0.0,0.8372734477890212,0.8371628911048946,0.8376051178414011,-0.8075123544230001,0.8372734477890212,0.8372734477890212,0.8372734477890212,0.8372734477890212,0.8372734477890212,0.00011055668412660398,0.0,0.0004422267365064159,0.0010441464611957042,0.00011055668412660398,0.00011055668412660398,0.00011055668412660398,0.00011055668412660398,0.00011055668412660398,0.00033167005237981186,0.0004422267365064159,0.0,0.0006019197246892882,0.0002907231323329215,0.0002907231323329215,0.00025387090429072017,0.00033167005237981186,0.0002907231323329215,0.00033167005237981186,0.0004422267365064159,0.0,0.0006019197246892882,0.0002907231323329215,0.0002907231323329215,0.00025387090429072017,0.00033167005237981186,0.0002907231323329215,0.00033167005237981186,0.0004422267365064159,0.0,0.00016378768018756145,0.0002907231323329215,0.0002907231323329215,0.00025387090429072017,0.00033167005237981186,0.0002907231323329215,0.0,0.00011055668412660398,0.00033167005237981186,0.0003480488203985681,0.0,0.0,0.0,0.0,0.0,0.0,0.00011055668412660398,0.00033167005237981186,0.0003480488203985681,0.0,0.0,0.0,0.0,0.0,0.00033167005237981186,0.0004422267365064159,0.0,0.00016378768018756145,0.0001474089121688053,0.0001474089121688053,0.0001474089121688053,0.0001842611402110066,0.0001474089121688053,0.00033167005237981186,0.0004422267365064159,0.0,0.00016378768018756145,0.0002907231323329215,0.0002907231323329215,0.00025387090429072017,0.00033167005237981186,0.0002907231323329215,0.0,0.00022111336825320795,0.00018016644820631757,0.0006960976407971362,0.0,0.0,0.0,0.0,0.0,0.0,0.00011055668412660398,0.00033167005237981186,0.0003480488203985681,0.0,0.0,0.0,0.0,0.0,0.0,0.00011055668412660398,0.00033167005237981186,0.0003480488203985681,0.0,0.0,0.0,0.0,0.0,0.00016583502618990593,0.00022111336825320795,0.0,8.189384009378072e-05,7.370445608440265e-05,7.370445608440265e-05,7.370445608440265e-05,9.21305701055033e-05,7.370445608440265e-05,0.00033167005237981186,0.0004422267365064159,0.0,0.00016378768018756145,0.0001474089121688053,0.0001474089121688053,0.0001474089121688053,0.0001842611402110066,0.0001474089121688053,0.0,0.0,0.0,0.0,0.0,0.0,0.0,0.0,0.0,0.0,0.00022111336825320795,0.000581446264665843,0.0006223931847127334,0.0,0.0,0.0,0.0,0.0,0.0008803587810081426,0.0009909154651347465,0.0005486887286283306,5.3230996060957466e-05,0.00025796559629540924,0.00025796559629540924,0.00025796559629540924,0.0002948178243376106,0.00025796559629540924,0.0,0.00011055668412660398,9.008322410315878e-05,0.0003111965923563667,0.0,0.0,0.0,0.0,0.0,0.0,0.00011055668412660398,9.008322410315878e-05,0.0003111965923563667,0.0,0.0,0.0,0.0,0.0,0.0,0.00011055668412660398,9.008322410315878e-05,0.0003111965923563667,0.0,0.0,0.0,0.0,0.0,0.0,0.00011055668412660398,0.0002907231323329215,0.0003111965923563667,0.0,0.0,0.0,0.0,0.0,0.0,0.00011055668412660398,0.0002907231323329215,0.0003111965923563667,0.0,0.0,0.0,0.0,0.0,0.0,0.00011055668412660398,0.0002907231323329215,0.0003111965923563667,0.0,0.0,0.0,0.0,0.0,0.0,0.00011055668412660398,0.0002907231323329215,0.0003111965923563667,0.0,0.0,0.0,0.0,0.0,0.0,0.00011055668412660398,0.00033167005237981186,0.0003480488203985681,0.0,0.0,0.0,0.0,0.0,0.0,0.0005527834206330198,0.0004504161205157939,0.0015559829617818332,0.0,0.0,0.0,0.0,0.0
x_R03_EXIT_E,0.0,0.00011055668412660398,0.0,0.0,0.0007861808649002948,0.0,0.0,0.0,0.0,0.0,0.00011055668412660398,0.0,0.0,0.0007861808649002948,0.0,0.0,0.0,0.0,0.8372734477890212,0.8371628911048946,0.8372734477890212,0.8372734477890212,-0.7994051013925074,0.8381660906460435,0.8381128596499825,0.8372734477890212,0.8381660906460435,0.00011055668412660398,0.0,0.00011055668412660398,0.00011055668412660398,0.002047346002344518,0.0010031995411488137,0.0009499685450878563,0.00011055668412660398,0.0010031995411488137,0.0,0.00011055668412660398,0.0,0.0,0.0010072942331535025,0.0,0.0002948178243376106,0.0,0.0,0.0,0.00011055668412660398,0.0,0.0,0.0010072942331535025,0.0,0.0002948178243376106,0.0,0.0,0.0,0.00011055668412660398,0.0,0.0,0.0010072942331535025,0.0,0.0002948178243376106,0.0,0.0,0.0,0.00011055668412660398,0.0,0.0,0.0007861808649002948,0.0,0.0,0.0,0.0,0.0,0.00011055668412660398,0.0,0.0,0.0007861808649002948,0.0,0.0,0.0,0.0,0.0,0.00011055668412660398,0.0,0.0,0.0010072942331535025,0.0,9.008322410315878e-05,0.0,0.0,0.0,0.00011055668412660398,0.0,0.0,0.0010072942331535025,0.0,0.0002948178243376106,0.0,0.0,0.0,0.0010236730011722588,0.0,0.0,0.0027843905631885443,0.0006960976407971362,0.0005896356486752212,0.0,0.0006960976407971362,0.0,0.00011055668412660398,0.0,0.0,0.0007861808649002948,0.0,0.0,0.0,0.0,0.0,0.00011055668412660398,0.0,0.0,0.0007861808649002948,0.0,0.0,0.0,0.0,0.0,5.527834206330199e-05,0.0,0.0,0.0005036471165767513,0.0,0.0,0.0,0.0,0.0,0.00011055668412660398,0.0,0.0,0.0010072942331535025,0.0,9.008322410315878e-05,0.0,0.0,0.0,0.0,0.0,0.0,0.0,0.0,0.0,0.0,0.0,0.00010646199212191493,0.0020063990822976273,0.0,0.0,0.0018671795541382002,0.0,0.0,0.00010646199212191493,0.0,0.0,0.00011055668412660398,0.0,0.0,0.0010072942331535025,0.0,9.008322410315878e-05,0.0,0.0,0.0,0.0009499685450878563,0.0002948178243376106,9.008322410315878e-05,0.0007861808649002948,0.0,0.0,0.0,0.0,0.0,0.0009499685450878563,0.0002948178243376106,9.008322410315878e-05,0.0007861808649002948,0.0,0.0,0.0,0.0,0.0,0.0009499685450878563,0.0002948178243376106,9.008322410315878e-05,0.0007861808649002948,0.0,0.0,0.0,0.0,0.0,0.0009499685450878563,0.0001474089121688053,0.0001474089121688053,0.0007861808649002948,0.0,0.0,0.0,0.0,0.0,0.0010031995411488137,0.0001474089121688053,0.0001474089121688053,0.0007861808649002948,0.0,0.0,0.0,0.0,0.00040537450846421454,0.0014085740496130284,0.0005527834206330198,0.0005527834206330198,0.0003480488203985681,0.00040537450846421454,0.00040537450846421454,0.00040537450846421454,0.00040537450846421454,0.00011055668412660398,0.0011137562252754177,0.00025796559629540924,0.00025796559629540924,5.323099606095746e-05,0.00011055668412660398,0.00011055668412660398,0.00011055668412660398,0.00011055668412660398,0.0,0.00011055668412660398,0.0,0.0,0.0007861808649002948,0.0,0.0,0.0,0.0,0.0,0.0005527834206330198,0.0014740891216880527,0.0004504161205157939,0.003930904324501473,0.0,0.0,0.0,0.0
x_R03_EXIT_F,0.0,0.00011055668412660398,0.0,0.0,0.0,0.00016378768018756145,0.0,0.0,0.0,0.0,0.00011055668412660398,0.0,0.0,0.0,0.00016378768018756145,0.0,0.0,0.0,0.8372734477890212,0.8371628911048946,0.8372734477890212,0.8372734477890212,0.8381660906460435,-0.8055378052171605,0.8381128596499825,0.8372734477890212,0.8383094048662076,0.00011055668412660398,0.0,0.00011055668412660398,0.00011055668412660398,0.0010031995411488137,0.0013471536695426926,0.0009499685450878563,0.00011055668412660398,0.0011465137613129298,0.0,0.00011055668412660398,0.0,0.0,0.0,0.00034395412839387896,0.0002948178243376106,0.0,0.00014331422016411626,0.0,0.00011055668412660398,0.0,0.0,0.0,0.00034395412839387896,0.0002948178243376106,0.0,0.00014331422016411626,0.0,0.00011055668412660398,0.0,0.0,0.0,0.00034395412839387896,0.0002948178243376106,0.0,0.00014331422016411626,0.0,0.00011055668412660398,0.0,0.0,0.0,0.00016378768018756145,0.0,0.0,0.0,0.0,0.00011055668412660398,0.0,0.0,0.0,0.00016378768018756145,0.0,0.0,0.0,0.0,0.00011055668412660398,0.0,0.0,0.0,0.00034395412839387896,5.3230996060957466e-05,0.0,0.00014331422016411626,0.0,0.00011055668412660398,0.0,0.0,0.0,0.00034395412839387896,0.0002948178243376106,0.0,0.00014331422016411626,0.0,0.0010236730011722588,0.0,0.0,0.0006960976407971362,0.001384005897584894,0.0005896356486752212,0.0,0.0009827260811253685,0.0,0.00011055668412660398,0.0,0.0,0.0,0.00016378768018756145,0.0,0.0,0.0,0.0,0.00011055668412660398,0.0,0.0,0.0,0.00016378768018756145,0.0,0.0,0.0,0.0,5.527834206330199e-05,0.0,0.0,0.0,0.00017197706419693948,0.0,0.0,7.165711008205813e-05,0.0,0.00011055668412660398,0.0,0.0,0.0,0.00034395412839387896,5.3230996060957466e-05,0.0,0.00014331422016411626,0.0,0.0,0.0,0.0,0.0,0.0,0.0,0.0,0.0,0.00021292398424382986,0.0021128610744195423,0.0,0.0,0.0,0.0005814462646658431,0.00018016644820631754,0.00021292398424382986,0.00018016644820631754,0.0,0.00011055668412660398,0.0,0.0,0.0,0.00034395412839387896,5.3230996060957466e-05,0.0,0.00014331422016411626,0.0,0.0009499685450878563,0.0002948178243376106,5.3230996060957466e-05,0.0,0.00016378768018756145,0.0,0.0,0.0,0.0,0.0009499685450878563,0.0002948178243376106,5.3230996060957466e-05,0.0,0.00016378768018756145,0.0,0.0,0.0,0.0,0.0009499685450878563,0.0002948178243376106,5.3230996060957466e-05,0.0,0.00016378768018756145,0.0,0.0,0.0,0.0,0.0009499685450878563,0.0,0.0,0.0,5.323099606095746e-05,0.0,0.0,0.0,0.00011055668412660398,0.0011096615332707286,0.0,0.0,0.0,5.323099606095746e-05,0.00011055668412660398,0.00011055668412660398,0.00011055668412660398,0.0,0.0011096615332707286,0.0,0.0,0.0,0.00016378768018756145,0.0,0.0,0.0,0.0,0.0011096615332707286,0.0,0.0,0.0,0.00016378768018756145,0.0,0.0,0.0,0.0,0.00011055668412660398,0.0,0.0,0.0,0.00016378768018756145,0.0,0.0,0.0,0.0,0.0005527834206330198,0.0014740891216880527,0.00026615498030478727,0.0,0.0008189384009378071,0.0,0.0,0.0
x_R03_EXIT_G,0.0,0.00011055668412660398,0.0,0.0,0.00014331422016411623,0.00014331422016411623,0.0010031995411488137,0.0,0.00014331422016411623,0.0,0.00011055668412660398,0.0,0.0,0.00014331422016411623,0.00014331422016411623,0.0010031995411488137,0.0,0.00014331422016411623,0.8372734477890212,0.8371628911048946,0.8372734477890212,0.8372734477890212,0.8381128596499825,0.8381128596499825,-0.7994091960845121,0.8372734477890212,0.8381128596499825,0.00011055668412660398,0.0,0.00011055668412660398,0.00011055668412660398,0.0009499685450878563,0.0009499685450878563,0.0020432513103398288,0.00011055668412660398,0.0009499685450878563,0.0,0.00011055668412660398,0.0,0.0,0.0,0.0,0.0013881005895895833,0.0,0.0,0.0,0.00011055668412660398,0.0,0.0,0.0,0.0,0.0013881005895895833,0.0,0.0,0.0,0.00011055668412660398,0.0,0.0,0.0,0.0,0.0013881005895895833,0.0,0.0,0.0,0.00011055668412660398,0.0,0.0,0.00014331422016411623,0.00014331422016411623,0.0010031995411488137,0.0,0.00014331422016411623,0.0,0.00011055668412660398,0.0,0.0,0.00014331422016411623,0.00014331422016411623,0.0010031995411488137,0.0,0.00014331422016411623,0.0,0.00011055668412660398,0.0,0.0,0.0,0.0,0.0010932827652519726,0.0,0.0,0.0,0.00011055668412660398,0.0,0.0,0.0,0.0,0.0013881005895895833,0.0,0.0,0.0,0.0010236730011722588,0.0,0.0,0.0005896356486752212,0.0005896356486752212,0.0027762011791791666,0.0,0.0005896356486752212,0.0,0.00011055668412660398,0.0,0.0,0.00014331422016411623,0.00014331422016411623,0.0010031995411488137,0.0,0.00014331422016411623,0.0,0.00011055668412660398,0.0,0.0,0.00014331422016411623,0.00014331422016411623,0.0010031995411488137,0.0,0.00014331422016411623,0.0,5.527834206330199e-05,0.0,0.0,0.0,0.0,0.0005466413826259863,0.0,0.0,0.0,0.00011055668412660398,0.0,0.0,0.0,0.0,0.0010932827652519726,0.0,0.0,0.0,0.0,0.0,0.0,0.0,0.0,0.0,0.0,0.0,0.00018016644820631757,0.0018999370901757126,0.0,0.0,0.0,0.0,0.0017197706419693952,0.00018016644820631757,0.0,0.0,0.00011055668412660398,0.0,0.0,0.0,0.0,0.0010932827652519726,0.0,0.0,0.0009499685450878565,0.001990020314278871,0.0013348695935286258,0.0010400517691910153,0.0008066543249237402,0.0008066543249237402,5.323099606095746e-05,0.0009499685450878565,0.0008066543249237402,0.0006223931847127333,0.0016624449539037484,0.0010072942331535027,0.0007124764088158922,0.0004790789645486171,0.0004790789645486171,0.00034804882039856803,0.0006223931847127333,0.0004790789645486171,0.00018016644820631757,0.0012202182173973325,0.000565067496647087,0.0002702496723094764,0.0,0.0,0.0008230330929424963,0.00018016644820631757,0.0,0.00014331422016411623,0.0011833659893551313,0.0,0.0,0.0,0.0,0.0008598853209846976,0.00014331422016411623,0.0,0.00014331422016411623,0.0009499685450878563,0.0,0.0,0.0,0.0,0.0008598853209846976,0.00014331422016411623,0.0,0.00014331422016411623,0.0009499685450878563,0.0,0.0,0.0,0.0,0.0008598853209846976,0.00014331422016411623,0.0,0.00014331422016411623,0.0009499685450878563,0.0,0.0,0.0,0.0,0.0008598853209846976,0.00014331422016411623,0.0,0.0,0.00011055668412660398,0.0,0.0,0.00014331422016411623,0.00014331422016411623,0.0010031995411488137,0.0,0.00014331422016411623,0.0,0.0005527834206330198,0.0021906602225086336,0.0007165711008205812,0.00045041612051579383,0.00045041612051579383,0.004749842725439281,0.0,0.00045041612051579383
x_R03_EXIT_H,0.0,0.00025796559629540924,0.0001474089121688053,0.00029481782433761055,0.0003316700523798118,0.0003316700523798118,0.0003316700523798118,0.00016378768018756142,0.0003316700523798118,0.0,0.00025796559629540924,0.0001474089121688053,0.00029481782433761055,0.0003316700523798118,0.0003316700523798118,0.0003316700523798118,0.00016378768018756142,0.0003316700523798118,0.83742085670119,0.8371628911048946,0.8372734477890212,0.8372734477890212,0.8372734477890212,0.8372734477890212,0.8372734477890212,-0.8109619004101074,0.8372734477890212,0.00025796559629540924,0.0,0.00011055668412660398,0.00011055668412660398,0.00011055668412660398,0.00011055668412660398,0.00011055668412660398,0.000937684469073789,0.00011055668412660398,0.0001474089121688053,0.00011055668412660398,0.0,0.0,0.0,0.0,0.0,0.0008271277849471851,0.0,0.0001474089121688053,0.00011055668412660398,0.0,0.0,0.0,0.0,0.0,0.0008271277849471851,0.0,0.0001474089121688053,0.00011055668412660398,0.0,0.0,0.0,0.0,0.0,0.0008271277849471851,0.0,0.0,0.00025796559629540924,0.0001474089121688053,0.00022111336825320795,0.0001842611402110066,0.0001842611402110066,0.0001842611402110066,0.00016378768018756142,0.0001842611402110066,0.0,0.00025796559629540924,0.0001474089121688053,0.00022111336825320795,0.0001842611402110066,0.0001842611402110066,0.0001842611402110066,0.00016378768018756142,0.0001842611402110066,0.0001474089121688053,0.00011055668412660398,0.0,0.0,0.0,0.0,0.0,0.00038490104844076935,0.0,0.0001474089121688053,0.00011055668412660398,0.0,0.0,0.0,0.0,0.0,0.0008271277849471851,0.0,0.00022111336825320795,0.00022111336825320795,0.0,0.0,0.0,0.0,0.0,0.0007698020968815387,0.0,0.0,0.0007738967888862278,0.0006633401047596236,0.00022111336825320795,0.0001842611402110066,0.0001842611402110066,0.0001842611402110066,0.00016378768018756142,0.0001842611402110066,0.0,0.0007738967888862278,0.0006633401047596236,0.00022111336825320795,0.0001842611402110066,0.0001842611402110066,0.0001842611402110066,0.00016378768018756142,0.0001842611402110066,7.370445608440265e-05,5.527834206330199e-05,0.0,0.0,0.0,0.0,0.0,0.00019245052422038467,0.0,0.0001474089121688053,0.00011055668412660398,0.0,0.0,0.0,0.0,0.0,0.00038490104844076935,0.0,0.0,0.0,0.0,0.0,0.0,0.0,0.0,0.0,0.0,0.0006633401047596236,0.00022111336825320795,0.0,0.0,0.0,0.0,0.0,0.0006960976407971361,0.0,0.0001474089121688053,0.00011055668412660398,0.0,0.0,0.0,0.0,0.0,0.00038490104844076935,0.0,0.0003316700523798118,0.00011055668412660398,0.0,0.0,0.0,0.0,0.0,0.00034804882039856803,0.0,0.0003316700523798118,0.00011055668412660398,0.0,0.0,0.0,0.0,0.0,0.00034804882039856803,0.0,0.0003316700523798118,0.00011055668412660398,0.0,0.0,0.0,0.0,0.0,0.00034804882039856803,0.0,0.0003316700523798118,0.00011055668412660398,0.0,0.0,0.0,0.0,0.0,0.00034804882039856803,0.0,0.0003316700523798118,0.00011055668412660398,0.0,0.0,0.0,0.0,0.0,0.00034804882039856803,0.0,0.0003316700523798118,0.00011055668412660398,0.0,0.0,0.0,0.0,0.0,0.00034804882039856803,0.0,0.0003316700523798118,0.00011055668412660398,0.0,0.0,0.0,0.0,0.0,0.00034804882039856803,0.0,0.0,0.00025796559629540924,0.0001474089121688053,0.00029481782433761055,0.0003316700523798118,0.0003316700523798118,0.0003316700523798118,0.00016378768018756142,0.0003316700523798118,0.0016583502618990591,0.002948178243376105,0.0,0.0,0.0,0.0,0.0,0.00174024410199284,0.0
x_R03_EXIT_STAIRWELL,0.0,0.00011055668412660398,0.0,0.0,0.0,0.0,0.0,0.0,0.00016378768018756145,0.0,0.00011055668412660398,0.0,0.0,0.0,0.0,0.0,0.0,0.00016378768018756145,0.8372734477890212,0.8371628911048946,0.8372734477890212,0.8372734477890212,0.8381660906460435,0.8383094048662076,0.8381128596499825,0.8372734477890212,-0.8084834771727961,0.00011055668412660398,0.0,0.00011055668412660398,0.00011055668412660398,0.0010031995411488137,0.0011465137613129298,0.0009499685450878563,0.00011055668412660398,0.0013266802095192477,0.0,0.00011055668412660398,0.0,0.0,0.0,0.00014331422016411626,0.0002948178243376106,0.0,0.00032348066837043383,0.0,0.00011055668412660398,0.0,0.0,0.0,0.00014331422016411626,0.0002948178243376106,0.0,0.00032348066837043383,0.0,0.00011055668412660398,0.0,0.0,0.0,0.00014331422016411626,0.0002948178243376106,0.0,0.00032348066837043383,0.0,0.00011055668412660398,0.0,0.0,0.0,0.0,0.0,0.0,0.00016378768018756145,0.0,0.00011055668412660398,0.0,0.0,0.0,0.0,0.0,0.0,0.00016378768018756145,0.0,0.00011055668412660398,0.0,0.0,0.0,0.00014331422016411626,5.3230996060957466e-05,0.0,0.00032348066837043383,0.0,0.00011055668412660398,0.0,0.0,0.0,0.00014331422016411626,0.0002948178243376106,0.0,0.00032348066837043383,0.0,0.0010236730011722588,0.0,0.0,0.0006960976407971362,0.0009827260811253685,0.0005896356486752212,0.0,0.0013430589775380037,0.0,0.00011055668412660398,0.0,0.0,0.0,0.0,0.0,0.0,0.00016378768018756145,0.0,0.00011055668412660398,0.0,0.0,0.0,0.0,0.0,0.0,0.00016378768018756145,0.0,5.527834206330199e-05,0.0,0.0,0.0,7.165711008205813e-05,0.0,0.0,0.00016174033418521691,0.0,0.00011055668412660398,0.0,0.0,0.0,0.00014331422016411626,5.3230996060957466e-05,0.0,0.00032348066837043383,0.0,0.0,0.0,0.0,0.0,0.0,0.0,0.0,0.0,0.00021292398424382986,0.0021128610744195423,0.0,0.0,0.0,0.00018016644820631754,0.00021292398424382984,0.00021292398424382986,0.0005404993446189528,0.0,0.00011055668412660398,0.0,0.0,0.0,0.00014331422016411626,5.3230996060957466e-05,0.0,0.00032348066837043383,0.0,0.0009499685450878563,0.0002948178243376106,5.3230996060957466e-05,0.0,0.0,0.0,0.0,0.00016378768018756145,0.0,0.0009499685450878563,0.0002948178243376106,5.3230996060957466e-05,0.0,0.0,0.0,0.0,0.00016378768018756145,0.0,0.0009499685450878563,0.0002948178243376106,5.3230996060957466e-05,0.0,0.0,0.0,0.0,0.00016378768018756145,0.0,0.0009499685450878563,5.3230996060957466e-05,5.3230996060957466e-05,0.0,0.0,0.0,0.0,0.00016378768018756145,0.0,0.0011096615332707286,0.0,0.0,0.0,0.0,0.0,0.0,0.00016378768018756145,0.0,0.0011096615332707286,0.0,0.0,0.0,0.0,0.0,0.0,0.00016378768018756145,0.0,0.0011096615332707286,0.0,0.0,0.0,0.0,0.0,0.0,0.00016378768018756145,0.0,0.00011055668412660398,0.0,0.0,0.0,0.0,0.0,0.0,0.00016378768018756145,0.0,0.0005527834206330198,0.0014740891216880527,0.00026615498030478727,0.0,0.0,0.0,0.0,0.0008189384009378071
x_R04_EXIT_A,5.323099606095746e-05,0.0005527834206330197,0.0004422267365064158,0.00029481782433761055,0.00029481782433761055,0.00029481782433761055,0.00029481782433761055,0.00011055668412660398,0.00029481782433761055,5.323099606095746e-05,0.0005527834206330197,0.0004422267365064158,0.00029481782433761055,0.00029481782433761055,0.00029481782433761055,0.00029481782433761055,0.00011055668412660398,0.00029481782433761055,0.0006060144166939772,0.0,0.00011055668412660398,0.00011055668412660398,0.00011055668412660398,0.00011055668412660398,0.00011055668412660398,0.00025796559629540924,0.00011055668412660398,-0.817979738452458,0.8371628911048946,0.8372734477890212,0.8372734477890212,0.8372734477890212,0.8372734477890212,0.8372734477890212,0.83742085670119,0.8372734477890212,0.0004954577325673731,0.00011055668412660398,0.0,0.0,0.0,0.0,0.0,0.0001474089121688053,0.0,0.0004954577325673731,0.00011055668412660398,0.0,0.0,0.0,0.0,0.0,0.0001474089121688053,0.0,0.0004954577325673731,0.00011055668412660398,0.0,0.0,0.0,0.0,0.0,0.0001474089121688053,0.0,0.00016378768018756145,0.0004422267365064159,0.00033167005237981186,0.0,0.0,0.0,0.0,0.0,0.0,0.00016378768018756145,0.0004422267365064159,0.00033167005237981186,0.0,0.0,0.0,0.0,0.0,0.0,0.0004954577325673731,0.00011055668412660398,0.0,0.0,0.0,0.0,0.0,0.0,0.0,0.0004954577325673731,0.00011055668412660398,0.0,0.0,0.0,0.0,0.0,0.0001474089121688053,0.0,0.000696097640797136,0.00022111336825320795,0.0,0.0,0.0,0.0,0.0,0.0,0.0,0.00016378768018756145,0.00025796559629540924,0.0001474089121688053,0.0,0.0,0.0,0.0,0.0,0.0,0.00016378768018756145,0.00025796559629540924,0.0001474089121688053,0.0,0.0,0.0,0.0,0.0,0.0,0.00024772886628368656,5.527834206330199e-05,0.0,0.0,0.0,0.0,0.0,0.0,0.0,0.0004954577325673731,0.00011055668412660398,0.0,0.0,0.0,0.0,0.0,0.0,0.0,0.0,0.0,0.0,0.0,0.0,0.0,0.0,0.0,0.0,0.000696097640797136,0.00022111336825320795,0.0,0.0,0.0,0.0,0.0,0.0,0.0,0.0004954577325673731,0.00011055668412660398,0.0,0.0,0.0,0.0,0.0,0.0,0.0,0.000348048820398568,0.00011055668412660398,0.0,0.0,0.0,0.0,0.0,0.0,0.0,0.000348048820398568,0.00011055668412660398,0.0,0.0,0.0,0.0,0.0,0.0,0.0,0.000348048820398568,0.00011055668412660398,0.0,0.0,0.0,0.0,0.0,0.0,0.0,0.000348048820398568,0.00011055668412660398,0.0,0.0,0.0,0.0,0.0,0.0,0.0,0.000348048820398568,0.00011055668412660398,0.0,0.0,0.0,0.0,0.0,0.0,0.0,0.000348048820398568,0.00011055668412660398,0.0,0.0,0.0,0.0,0.0,0.0,0.0,0.000348048820398568,0.00011055668412660398,0.0,0.0,0.0,0.0,0.0,0.0,0.0,0.00016378768018756145,0.0004422267365064159,0.00033167005237981186,0.0001842611402110066,0.0001842611402110066,0.0001842611402110066,0.0001842611402110066,0.0,0.0001842611402110066,0.00174024410199284,0.001289827981477046,0.0,0.0,0.0,0.0,0.0,0.0,0.0
x_R04_EXIT_B,0.0,5.323099606095746e-05,0.0,0.0,0.0,0.0,0.0,0.0,0.0,0.0,5.323099606095746e-05,0.0,0.0,0.0,0.0,0.0,0.0,0.0,0.0,5.323099606095746e-05,0.0,0.0,0.0,0.0,0.0,0.0,0.0,0.8371628911048946,-0.8319048578530325,0.8371628911048946,0.8371628911048946,0.8371628911048946,0.8371628911048946,0.8371628911048946,0.8371628911048946,0.8371628911048946,0.0,5.323099606095746e-05,0.0,0.0,0.0,0.0,0.0,0.0,0.0,0.0,5.323099606095746e-05,0.0,0.0,0.0,0.0,0.0,0.0,0.0,0.0,5.323099606095746e-05,0.0,0.0,0.0,0.0,0.0,0.0,0.0,0.0,5.323099606095746e-05,0.0,0.0,0.0,0.0,0.0,0.0,0.0,0.0,5.323099606095746e-05,0.0,0.0,0.0,0.0,0.0,0.0,0.0,0.0,5.323099606095746e-05,0.0,0.0,0.0,0.0,0.0,0.0,0.0,0.0,5.323099606095746e-05,0.0,0.0,0.0,0.0,0.0,0.0,0.0,0.0,0.00010646199212191492,0.0,0.0,0.0,0.0,0.0,0.0,0.0,0.0,5.323099606095746e-05,0.0,0.0,0.0,0.0,0.0,0.0,0.0,0.0,5.323099606095746e-05,0.0,0.0,0.0,0.0,0.0,0.0,0.0,0.0,0.0,0.0,0.0,0.0,0.0,0.0,0.0,0.0,0.0,5.323099606095746e-05,0.0,0.0,0.0,0.0,0.0,0.0,0.0,0.0,0.0,0.0,0.0,0.0,0.0,0.0,0.0,0.0,0.0,0.00010646199212191492,0.0,0.0,0.0,0.0,0.0,0.0,0.0,0.0,5.323099606095746e-05,0.0,0.0,0.0,0.0,0.0,0.0,0.0,0.0,5.323099606095746e-05,0.0,0.0,0.0,0.0,0.0,0.0,0.0,0.0,5.323099606095746e-05,0.0,0.0,0.0,0.0,0.0,0.0,0.0,0.0,5.323099606095746e-05,0.0,0.0,0.0,0.0,0.0,0.0,0.0,0.0,5.323099606095746e-05,0.0,0.0,0.0,0.0,0.0,0.0,0.0,0.0,5.323099606095746e-05,0.0,0.0,0.0,0.0,0.0,0.0,0.0,0.0,5.323099606095746e-05,0.0,0.0,0.0,0.0,0.0,0.0,0.0,0.0,5.323099606095746e-05,0.0,0.0,0.0,0.0,0.0,0.0,0.0,0.0,5.323099606095746e-05,0.0,0.0,0.0,0.0,0.0,0.0,0.0,0.0,0.00026615498030478727,0.0,0.0,0.0,0.0,0.0,0.0,0.0
x_R04_EXIT_C,0.0,0.00011055668412660398,0.0004954577325673733,0.0,0.0,0.0,0.0,0.0,0.0,0.0,0.00011055668412660398,0.0004954577325673733,0.0,0.0,0.0,0.0,0.0,0.0,0.00011055668412660398,0.0,0.0006060144166939773,0.0004422267365064159,0.00011055668412660398,0.00011055668412660398,0.00011055668412660398,0.00011055668412660398,0.00011055668412660398,0.8372734477890212,0.8371628911048946,-0.817979738452458,0.8376051178414011,0.8372734477890212,0.8372734477890212,0.8372734477890212,0.8372734477890212,0.8372734477890212,0.0004422267365064159,0.0005527834206330198,5.323099606095746e-05,0.00011055668412660398,0.00011055668412660398,0.00011055668412660398,0.00011055668412660398,0.0004422267365064159,0.00011055668412660398,0.0004422267365064159,0.0005527834206330198,5.323099606095746e-05,0.00011055668412660398,0.00011055668412660398,0.00011055668412660398,0.00011055668412660398,0.0004422267365064159,0.00011055668412660398,0.00033167005237981186,0.0004422267365064159,0.00016378768018756142,0.0,0.0,0.0,0.0,0.00033167005237981186,0.0,0.0,0.00011055668412660398,0.0004954577325673733,0.0,0.0,0.0,0.0,0.0,0.0,0.0,0.00011055668412660398,0.0004954577325673733,0.0,0.0,0.0,0.0,0.0,0.0,0.00033167005237981186,0.0004422267365064159,0.00016378768018756142,0.0,0.0,0.0,0.0,0.0,0.0,0.00033167005237981186,0.0004422267365064159,0.00016378768018756142,0.0,0.0,0.0,0.0,0.00033167005237981186,0.0,0.0,0.00022111336825320795,0.00032757536037512284,0.0,0.0,0.0,0.0,0.0,0.0,0.0,0.00011055668412660398,0.0004954577325673733,0.0,0.0,0.0,0.0,0.0,0.0,0.0,0.00011055668412660398,0.0004954577325673733,0.0,0.0,0.0,0.0,0.0,0.0,0.00016583502618990593,0.00022111336825320795,8.189384009378071e-05,0.0,0.0,0.0,0.0,0.0,0.0,0.00033167005237981186,0.0004422267365064159,0.00016378768018756142,0.0,0.0,0.0,0.0,0.0,0.0,0.0,0.0,0.0,0.0,0.0,0.0,0.0,0.0,0.0,0.0,0.00022111336825320795,0.00032757536037512284,0.0,0.0,0.0,0.0,0.0,0.0,0.00033167005237981186,0.0004422267365064159,0.00016378768018756142,0.0,0.0,0.0,0.0,0.0,0.0,0.0,0.00011055668412660398,0.00016378768018756142,0.0,0.0,0.0,0.0,0.0,0.0,0.0,0.00011055668412660398,0.00016378768018756142,0.0,0.0,0.0,0.0,0.0,0.0,0.0,0.00011055668412660398,0.00016378768018756142,0.0,0.0,0.0,0.0,0.0,0.0,0.0,0.00011055668412660398,0.00016378768018756142,0.0,0.0,0.0,0.0,0.0,0.0,0.0,0.00011055668412660398,0.00016378768018756142,0.0,0.0,0.0,0.0,0.0,0.0,0.0,0.00011055668412660398,0.00016378768018756142,0.0,0.0,0.0,0.0,0.0,0.0,0.0,0.00011055668412660398,0.00016378768018756142,0.0,0.0,0.0,0.0,0.0,0.0,0.0,0.00011055668412660398,0.0004954577325673733,0.0,0.0,0.0,0.0,0.0,0.0,0.0,0.0005527834206330198,0.000818938400937807,0.0,0.0,0.0,0.0,0.0,0.0
x_R04_EXIT_D,0.0,0.00011055668412660398,0.00033167005237981186,0.0003480488203985681,0.0,0.0,0.0,0.0,0.0,0.0,0.00011055668412660398,0.00033167005237981186,0.0003480488203985681,0.0,0.0,0.0,0.0,0.0,0.00011055668412660398,0.0,0.0004422267365064159,0.0010441464611957042,0.00011055668412660398,0.00011055668412660398,0.00011055668412660398,0.00011055668412660398,0.00011055668412660398,0.8372734477890212,0.8371628911048946,0.8376051178414011,-0.8075123544230001,0.8372734477890212,0.8372734477890212,0.8372734477890212,0.8372734477890212,0.8372734477890212,0.00033167005237981186,0.0004422267365064159,0.0,0.0006019197246892882,0.0002907231323329215,0.0002907231323329215,0.00025387090429072017,0.00033167005237981186,0.0002907231323329215,0.00033167005237981186,0.0004422267365064159,0.0,0.0006019197246892882,0.0002907231323329215,0.0002907231323329215,0.00025387090429072017,0.00033167005237981186,0.0002907231323329215,0.00033167005237981186,0.0004422267365064159,0.0,0.00016378768018756145,0.0002907231323329215,0.0002907231323329215,0.00025387090429072017,0.00033167005237981186,0.0002907231323329215,0.0,0.00011055668412660398,0.00033167005237981186,0.0003480488203985681,0.0,0.0,0.0,0.0,0.0,0.0,0.00011055668412660398,0.00033167005237981186,0.0003480488203985681,0.0,0.0,0.0,0.0,0.0,0.00033167005237981186,0.0004422267365064159,0.0,0.00016378768018756145,0.0001474089121688053,0.0001474089121688053,0.0001474089121688053,0.0001842611402110066,0.0001474089121688053,0.00033167005237981186,0.0004422267365064159,0.0,0.00016378768018756145,0.0002907231323329215,0.0002907231323329215,0.00025387090429072017,0.00033167005237981186,0.0002907231323329215,0.0,0.00022111336825320795,0.00018016644820631757,0.0006960976407971362,0.0,0.0,0.0,0.0,0.0,0.0,0.00011055668412660398,0.00033167005237981186,0.0003480488203985681,0.0,0.0,0.0,0.0,0.0,0.0,0.00011055668412660398,0.00033167005237981186,0.0003480488203985681,0.0,0.0,0.0,0.0,0.0,0.00016583502618990593,0.00022111336825320795,0.0,8.189384009378072e-05,7.370445608440265e-05,7.370445608440265e-05,7.370445608440265e-05,9.21305701055033e-05,7.370445608440265e-05,0.00033167005237981186,0.0004422267365064159,0.0,0.00016378768018756145,0.0001474089121688053,0.0001474089121688053,0.0001474089121688053,0.0001842611402110066,0.0001474089121688053,0.0,0.0,0.0,0.0,0.0,0.0,0.0,0.0,0.0,0.0,0.00022111336825320795,0.000581446264665843,0.0006223931847127334,0.0,0.0,0.0,0.0,0.0,0.0008803587810081426,0.0009909154651347465,0.0005486887286283306,5.3230996060957466e-05,0.00025796559629540924,0.00025796559629540924,0.00025796559629540924,0.0002948178243376106,0.00025796559629540924,0.0,0.00011055668412660398,9.008322410315878e-05,0.0003111965923563667,0.0,0.0,0.0,0.0,0.0,0.0,0.00011055668412660398,9.008322410315878e-05,0.0003111965923563667,0.0,0.0,0.0,0.0,0.0,0.0,0.00011055668412660398,9.008322410315878e-05,0.0003111965923563667,0.0,0.0,0.0,0.0,0.0,0.0,0.00011055668412660398,0.0002907231323329215,0.0003111965923563667,0.0,0.0,0.0,0.0,0.0,0.0,0.00011055668412660398,0.0002907231323329215,0.0003111965923563667,0.0,0.0,0.0,0.0,0.0,0.0,0.00011055668412660398,0.0002907231323329215,0.0003111965923563667,0.0,0.0,0.0,0.0,0.0,0.0,0.00011055668412660398,0.0002907231323329215,0.0003111965923563667,0.0,0.0,0.0,0.0,0.0,0.0,0.00011055668412660398,0.00033167005237981186,0.0003480488203985681,0.0,0.0,0.0,0.0,0.0,0.0,0.0005527834206330198,0.0004504161205157939,0.0015559829617818332,0.0,0.0,0.0,0.0,0.0
x_R04_EXIT_E,0.0,0.00011055668412660398,0.0,0.0,0.0007861808649002948,0.0,0.0,0.0,0.0,0.0,0.00011055668412660398,0.0,0.0,0.0007861808649002948,0.0,0.0,0.0,0.0,0.00011055668412660398,0.0,0.00011055668412660398,0.00011055668412660398,0.002047346002344518,0.0010031995411488137,0.0009499685450878563,0.00011055668412660398,0.0010031995411488137,0.8372734477890212,0.8371628911048946,0.8372734477890212,0.8372734477890212,-0.7994051013925074,0.8381660906460435,0.8381128596499825,0.8372734477890212,0.8381660906460435,0.0,0.00011055668412660398,0.0,0.0,0.0010072942331535025,0.0,0.0002948178243376106,0.0,0.0,0.0,0.00011055668412660398,0.0,0.0,0.0010072942331535025,0.0,0.0002948178243376106,0.0,0.0,0.0,0.00011055668412660398,0.0,0.0,0.0010072942331535025,0.0,0.0002948178243376106,0.0,0.0,0.0,0.00011055668412660398,0.0,0.0,0.0007861808649002948,0.0,0.0,0.0,0.0,0.0,0.00011055668412660398,0.0,0.0,0.0007861808649002948,0.0,0.0,0.0,0.0,0.0,0.00011055668412660398,0.0,0.0,0.0010072942331535025,0.0,9.008322410315878e-05,0.0,0.0,0.0,0.00011055668412660398,0.0,0.0,0.0010072942331535025,0.0,0.0002948178243376106,0.0,0.0,0.0,0.0010236730011722588,0.0,0.0,0.0027843905631885443,0.0006960976407971362,0.0005896356486752212,0.0,0.0006960976407971362,0.0,0.00011055668412660398,0.0,0.0,0.0007861808649002948,0.0,0.0,0.0,0.0,0.0,0.00011055668412660398,0.0,0.0,0.0007861808649002948,0.0,0.0,0.0,0.0,0.0,5.527834206330199e-05,0.0,0.0,0.0005036471165767513,0.0,0.0,0.0,0.0,0.0,0.00011055668412660398,0.0,0.0,0.0010072942331535025,0.0,9.008322410315878e-05,0.0,0.0,0.0,0.0,0.0,0.0,0.0,0.0,0.0,0.0,0.0,0.00010646199212191493,0.0020063990822976273,0.0,0.0,0.0018671795541382002,0.0,0.0,0.00010646199212191493,0.0,0.0,0.00011055668412660398,0.0,0.0,0.0010072942331535025,0.0,9.008322410315878e-05,0.0,0.0,0.0,0.0009499685450878563,0.0002948178243376106,9.008322410315878e-05,0.0007861808649002948,0.0,0.0,0.0,0.0,0.0,0.0009499685450878563,0.0002948178243376106,9.008322410315878e-05,0.0007861808649002948,0.0,0.0,0.0,0.0,0.0,0.0009499685450878563,0.0002948178243376106,9.008322410315878e-05,0.0007861808649002948,0.0,0.0,0.0,0.0,0.0,0.0009499685450878563,0.0001474089121688053,0.0001474089121688053,0.0007861808649002948,0.0,0.0,0.0,0.0,0.0,0.0010031995411488137,0.0001474089121688053,0.0001474089121688053,0.0007861808649002948,0.0,0.0,0.0,0.0,0.00040537450846421454,0.0014085740496130284,0.0005527834206330198,0.0005527834206330198,0.0003480488203985681,0.00040537450846421454,0.00040537450846421454,0.00040537450846421454,0.00040537450846421454,0.00011055668412660398,0.0011137562252754177,0.00025796559629540924,0.00025796559629540924,5.323099606095746e-05,0.00011055668412660398,0.00011055668412660398,0.00011055668412660398,0.00011055668412660398,0.0,0.00011055668412660398,0.0,0.0,0.0007861808649002948,0.0,0.0,0.0,0.0,0.0,0.0005527834206330198,0.0014740891216880527,0.0004504161205157939,0.003930904324501473,0.0,0.0,0.0,0.0
x_R04_EXIT_F,0.0,0.00011055668412660398,0.0,0.0,0.0,0.00016378768018756145,0.0,0.0,0.0,0.0,0.00011055668412660398,0.0,0.0,0.0,0.00016378768018756145,0.0,0.0,0.0,0.00011055668412660398,0.0,0.00011055668412660398,0.00011055668412660398,0.0010031995411488137,0.0013471536695426926,0.0009499685450878563,0.00011055668412660398,0.0011465137613129298,0.8372734477890212,0.8371628911048946,0.8372734477890212,0.8372734477890212,0.8381660906460435,-0.8055378052171605,0.8381128596499825,0.8372734477890212,0.8383094048662076,0.0,0.00011055668412660398,0.0,0.0,0.0,0.00034395412839387896,0.0002948178243376106,0.0,0.00014331422016411626,0.0,0.00011055668412660398,0.0,0.0,0.0,0.00034395412839387896,0.0002948178243376106,0.0,0.00014331422016411626,0.0,0.00011055668412660398,0.0,0.0,0.0,0.00034395412839387896,0.0002948178243376106,0.0,0.00014331422016411626,0.0,0.00011055668412660398,0.0,0.0,0.0,0.00016378768018756145,0.0,0.0,0.0,0.0,0.00011055668412660398,0.0,0.0,0.0,0.00016378768018756145,0.0,0.0,0.0,0.0,0.00011055668412660398,0.0,0.0,0.0,0.00034395412839387896,5.3230996060957466e-05,0.0,0.00014331422016411626,0.0,0.00011055668412660398,0.0,0.0,0.0,0.00034395412839387896,0.0002948178243376106,0.0,0.00014331422016411626,0.0,0.0010236730011722588,0.0,0.0,0.0006960976407971362,0.001384005897584894,0.0005896356486752212,0.0,0.0009827260811253685,0.0,0.00011055668412660398,0.0,0.0,0.0,0.00016378768018756145,0.0,0.0,0.0,0.0,0.00011055668412660398,0.0,0.0,0.0,0.00016378768018756145,0.0,0.0,0.0,0.0,5.527834206330199e-05,0.0,0.0,0.0,0.00017197706419693948,0.0,0.0,7.165711008205813e-05,0.0,0.00011055668412660398,0.0,0.0,0.0,0.00034395412839387896,5.3230996060957466e-05,0.0,0.00014331422016411626,0.0,0.0,0.0,0.0,0.0,0.0,0.0,0.0,0.0,0.00021292398424382986,0.0021128610744195423,0.0,0.0,0.0,0.0005814462646658431,0.00018016644820631754,0.00021292398424382986,0.00018016644820631754,0.0,0.00011055668412660398,0.0,0.0,0.0,0.00034395412839387896,5.3230996060957466e-05,0.0,0.00014331422016411626,0.0,0.0009499685450878563,0.0002948178243376106,5.3230996060957466e-05,0.0,0.00016378768018756145,0.0,0.0,0.0,0.0,0.0009499685450878563,0.0002948178243376106,5.3230996060957466e-05,0.0,0.00016378768018756145,0.0,0.0,0.0,0.0,0.0009499685450878563,0.0002948178243376106,5.3230996060957466e-05,0.0,0.00016378768018756145,0.0,0.0,0.0,0.0,0.0009499685450878563,0.0,0.0,0.0,5.323099606095746e-05,0.0,0.0,0.0,0.00011055668412660398,0.0011096615332707286,0.0,0.0,0.0,5.323099606095746e-05,0.00011055668412660398,0.00011055668412660398,0.00011055668412660398,0.0,0.0011096615332707286,0.0,0.0,0.0,0.00016378768018756145,0.0,0.0,0.0,0.0,0.0011096615332707286,0.0,0.0,0.0,0.00016378768018756145,0.0,0.0,0.0,0.0,0.00011055668412660398,0.0,0.0,0.0,0.00016378768018756145,0.0,0.0,0.0,0.0,0.0005527834206330198,0.0014740891216880527,0.00026615498030478727,0.0,0.0008189384009378071,0.0,0.0,0.0
x_R04_EXIT_G,0.0,0.00011055668412660398,0.0,0.0,0.00014331422016411623,0.00014331422016411623,0.0010031995411488137,0.0,0.00014331422016411623,0.0,0.00011055668412660398,0.0,0.0,0.00014331422016411623,0.00014331422016411623,0.0010031995411488137,0.0,0.00014331422016411623,0.00011055668412660398,0.0,0.00011055668412660398,0.00011055668412660398,0.0009499685450878563,0.0009499685450878563,0.0020432513103398288,0.00011055668412660398,0.0009499685450878563,0.8372734477890212,0.8371628911048946,0.8372734477890212,0.8372734477890212,0.8381128596499825,0.8381128596499825,-0.7994091960845121,0.8372734477890212,0.8381128596499825,0.0,0.00011055668412660398,0.0,0.0,0.0,0.0,0.0013881005895895833,0.0,0.0,0.0,0.00011055668412660398,0.0,0.0,0.0,0.0,0.0013881005895895833,0.0,0.0,0.0,0.00011055668412660398,0.0,0.0,0.0,0.0,0.0013881005895895833,0.0,0.0,0.0,0.00011055668412660398,0.0,0.0,0.00014331422016411623,0.00014331422016411623,0.0010031995411488137,0.0,0.00014331422016411623,0.0,0.00011055668412660398,0.0,0.0,0.00014331422016411623,0.00014331422016411623,0.0010031995411488137,0.0,0.00014331422016411623,0.0,0.00011055668412660398,0.0,0.0,0.0,0.0,0.0010932827652519726,0.0,0.0,0.0,0.00011055668412660398,0.0,0.0,0.0,0.0,0.0013881005895895833,0.0,0.0,0.0,0.0010236730011722588,0.0,0.0,0.0005896356486752212,0.0005896356486752212,0.0027762011791791666,0.0,0.0005896356486752212,0.0,0.00011055668412660398,0.0,0.0,0.00014331422016411623,0.00014331422016411623,0.0010031995411488137,0.0,0.00014331422016411623,0.0,0.00011055668412660398,0.0,0.0,0.00014331422016411623,0.00014331422016411623,0.0010031995411488137,0.0,0.00014331422016411623,0.0,5.527834206330199e-05,0.0,0.0,0.0,0.0,0.0005466413826259863,0.0,0.0,0.0,0.00011055668412660398,0.0,0.0,0.0,0.0,0.0010932827652519726,0.0,0.0,0.0,0.0,0.0,0.0,0.0,0.0,0.0,0.0,0.0,0.00018016644820631757,0.0018999370901757126,0.0,0.0,0.0,0.0,0.0017197706419693952,0.00018016644820631757,0.0,0.0,0.00011055668412660398,0.0,0.0,0.0,0.0,0.0010932827652519726,0.0,0.0,0.0009499685450878565,0.001990020314278871,0.0013348695935286258,0.0010400517691910153,0.0008066543249237402,0.0008066543249237402,5.323099606095746e-05,0.0009499685450878565,0.0008066543249237402,0.0006223931847127333,0.0016624449539037484,0.0010072942331535027,0.0007124764088158922,0.0004790789645486171,0.0004790789645486171,0.00034804882039856803,0.0006223931847127333,0.0004790789645486171,0.00018016644820631757,0.0012202182173973325,0.000565067496647087,0.0002702496723094764,0.0,0.0,0.0008230330929424963,0.00018016644820631757,0.0,0.00014331422016411623,0.0011833659893551313,0.0,0.0,0.0,0.0,0.0008598853209846976,0.00014331422016411623,0.0,0.00014331422016411623,0.0009499685450878563,0.0,0.0,0.0,0.0,0.0008598853209846976,0.00014331422016411623,0.0,0.00014331422016411623,0.0009499685450878563,0.0,0.0,0.0,0.0,0.0008598853209846976,0.00014331422016411623,0.0,0.00014331422016411623,0.0009499685450878563,0.0,0.0,0.0,0.0,0.0008598853209846976,0.00014331422016411623,0.0,0.0,0.00011055668412660398,0.0,0.0,0.00014331422016411623,0.00014331422016411623,0.0010031995411488137,0.0,0.00014331422016411623,0.0,0.0005527834206330198,0.0021906602225086336,0.0007165711008205812,0.00045041612051579383,0.00045041612051579383,0.004749842725439281,0.0,0.00045041612051579383
x_R04_EXIT_H,0.0,0.00025796559629540924,0.0001474089121688053,0.00029481782433761055,0.0003316700523798118,0.0003316700523798118,0.0003316700523798118,0.00016378768018756142,0.0003316700523798118,0.0,0.00025796559629540924,0.0001474089121688053,0.00029481782433761055,0.0003316700523798118,0.0003316700523798118,0.0003316700523798118,0.00016378768018756142,0.0003316700523798118,0.00025796559629540924,0.0,0.00011055668412660398,0.00011055668412660398,0.00011055668412660398,0.00011055668412660398,0.00011055668412660398,0.000937684469073789,0.00011055668412660398,0.83742085670119,0.8371628911048946,0.8372734477890212,0.8372734477890212,0.8372734477890212,0.8372734477890212,0.8372734477890212,-0.8109619004101074,0.8372734477890212,0.0001474089121688053,0.00011055668412660398,0.0,0.0,0.0,0.0,0.0,0.0008271277849471851,0.0,0.0001474089121688053,0.00011055668412660398,0.0,0.0,0.0,0.0,0.0,0.0008271277849471851,0.0,0.0001474089121688053,0.00011055668412660398,0.0,0.0,0.0,0.0,0.0,0.0008271277849471851,0.0,0.0,0.00025796559629540924,0.0001474089121688053,0.00022111336825320795,0.0001842611402110066,0.0001842611402110066,0.0001842611402110066,0.00016378768018756142,0.0001842611402110066,0.0,0.00025796559629540924,0.0001474089121688053,0.00022111336825320795,0.0001842611402110066,0.0001842611402110066,0.0001842611402110066,0.00016378768018756142,0.0001842611402110066,0.0001474089121688053,0.00011055668412660398,0.0,0.0,0.0,0.0,0.0,0.00038490104844076935,0.0,0.0001474089121688053,0.00011055668412660398,0.0,0.0,0.0,0.0,0.0,0.0008271277849471851,0.0,0.00022111336825320795,0.00022111336825320795,0.0,0.0,0.0,0.0,0.0,0.0007698020968815387,0.0,0.0,0.0007738967888862278,0.0006633401047596236,0.00022111336825320795,0.0001842611402110066,0.0001842611402110066,0.0001842611402110066,0.00016378768018756142,0.0001842611402110066,0.0,0.0007738967888862278,0.0006633401047596236,0.00022111336825320795,0.0001842611402110066,0.0001842611402110066,0.0001842611402110066,0.00016378768018756142,0.0001842611402110066,7.370445608440265e-05,5.527834206330199e-05,0.0,0.0,0.0,0.0,0.0,0.00019245052422038467,0.0,0.0001474089121688053,0.00011055668412660398,0.0,0.0,0.0,0.0,0.0,0.00038490104844076935,0.0,0.0,0.0,0.0,0.0,0.0,0.0,0.0,0.0,0.0,0.0006633401047596236,0.00022111336825320795,0.0,0.0,0.0,0.0,0.0,0.0006960976407971361,0.0,0.0001474089121688053,0.00011055668412660398,0.0,0.0,0.0,0.0,0.0,0.00038490104844076935,0.0,0.0003316700523798118,0.00011055668412660398,0.0,0.0,0.0,0.0,0.0,0.00034804882039856803,0.0,0.0003316700523798118,0.00011055668412660398,0.0,0.0,0.0,0.0,0.0,0.00034804882039856803,0.0,0.0003316700523798118,0.00011055668412660398,0.0,0.0,0.0,0.0,0.0,0.00034804882039856803,0.0,0.0003316700523798118,0.00011055668412660398,0.0,0.0,0.0,0.0,0.0,0.00034804882039856803,0.0,0.0003316700523798118,0.00011055668412660398,0.0,0.0,0.0,0.0,0.0,0.00034804882039856803,0.0,0.0003316700523798118,0.00011055668412660398,0.0,0.0,0.0,0.0,0.0,0.00034804882039856803,0.0,0.0003316700523798118,0.00011055668412660398,0.0,0.0,0.0,0.0,0.0,0.00034804882039856803,0.0,0.0,0.00025796559629540924,0.0001474089121688053,0.00029481782433761055,0.0003316700523798118,0.0003316700523798118,0.0003316700523798118,0.00016378768018756142,0.0003316700523798118,0.0016583502618990591,0.002948178243376105,0.0,0.0,0.0,0.0,0.0,0.00174024410199284,0.0
x_R04_EXIT_STAIRWELL,0.0,0.00011055668412660398,0.0,0.0,0.0,0.0,0.0,0.0,0.00016378768018756145,0.0,0.00011055668412660398,0.0,0.0,0.0,0.0,0.0,0.0,0.00016378768018756145,0.00011055668412660398,0.0,0.00011055668412660398,0.00011055668412660398,0.0010031995411488137,0.0011465137613129298,0.0009499685450878563,0.00011055668412660398,0.0013266802095192477,0.8372734477890212,0.8371628911048946,0.8372734477890212,0.8372734477890212,0.8381660906460435,0.8383094048662076,0.8381128596499825,0.8372734477890212,-0.8084834771727961,0.0,0.00011055668412660398,0.0,0.0,0.0,0.00014331422016411626,0.0002948178243376106,0.0,0.00032348066837043383,0.0,0.00011055668412660398,0.0,0.0,0.0,0.00014331422016411626,0.0002948178243376106,0.0,0.00032348066837043383,0.0,0.00011055668412660398,0.0,0.0,0.0,0.00014331422016411626,0.0002948178243376106,0.0,0.00032348066837043383,0.0,0.00011055668412660398,0.0,0.0,0.0,0.0,0.0,0.0,0.00016378768018756145,0.0,0.00011055668412660398,0.0,0.0,0.0,0.0,0.0,0.0,0.00016378768018756145,0.0,0.00011055668412660398,0.0,0.0,0.0,0.00014331422016411626,5.3230996060957466e-05,0.0,0.00032348066837043383,0.0,0.00011055668412660398,0.0,0.0,0.0,0.00014331422016411626,0.0002948178243376106,0.0,0.00032348066837043383,0.0,0.0010236730011722588,0.0,0.0,0.0006960976407971362,0.0009827260811253685,0.0005896356486752212,0.0,0.0013430589775380037,0.0,0.00011055668412660398,0.0,0.0,0.0,0.0,0.0,0.0,0.00016378768018756145,0.0,0.00011055668412660398,0.0,0.0,0.0,0.0,0.0,0.0,0.00016378768018756145,0.0,5.527834206330199e-05,0.0,0.0,0.0,7.165711008205813e-05,0.0,0.0,0.00016174033418521691,0.0,0.00011055668412660398,0.0,0.0,0.0,0.00014331422016411626,5.3230996060957466e-05,0.0,0.00032348066837043383,0.0,0.0,0.0,0.0,0.0,0.0,0.0,0.0,0.0,0.00021292398424382986,0.0021128610744195423,0.0,0.0,0.0,0.00018016644820631754,0.00021292398424382984,0.00021292398424382986,0.0005404993446189528,0.0,0.00011055668412660398,0.0,0.0,0.0,0.00014331422016411626,5.3230996060957466e-05,0.0,0.00032348066837043383,0.0,0.0009499685450878563,0.0002948178243376106,5.3230996060957466e-05,0.0,0.0,0.0,0.0,0.00016378768018756145,0.0,0.0009499685450878563,0.0002948178243376106,5.3230996060957466e-05,0.0,0.0,0.0,0.0,0.00016378768018756145,0.0,0.0009499685450878563,0.0002948178243376106,5.3230996060957466e-05,0.0,0.0,0.0,0.0,0.00016378768018756145,0.0,0.0009499685450878563,5.3230996060957466e-05,5.3230996060957466e-05,0.0,0.0,0.0,0.0,0.00016378768018756145,0.0,0.0011096615332707286,0.0,0.0,0.0,0.0,0.0,0.0,0.00016378768018756145,0.0,0.0011096615332707286,0.0,0.0,0.0,0.0,0.0,0.0,0.00016378768018756145,0.0,0.0011096615332707286,0.0,0.0,0.0,0.0,0.0,0.0,0.00016378768018756145,0.0,0.00011055668412660398,0.0,0.0,0.0,0.0,0.0,0.0,0.00016378768018756145,0.0,0.0005527834206330198,0.0014740891216880527,0.00026615498030478727,0.0,0.0,0.0,0.0,0.0008189384009378071
x_R05_EXIT_A,5.323099606095746e-05,0.0004422267365064158,0.0008844534730128317,0.00029481782433761055,0.00029481782433761055,0.00029481782433761055,0.00029481782433761055,0.00011055668412660398,0.00029481782433761055,5.323099606095746e-05,0.0004422267365064158,0.0008844534730128317,0.00029481782433761055,0.00029481782433761055,0.00029481782433761055,0.00029481782433761055,0.00011055668412660398,0.00029481782433761055,0.0004954577325673731,0.0,0.0004422267365064159,0.00033167005237981186,0.0,0.0,0.0,0.0001474089121688053,0.0,0.0004954577325673731,0.0,0.0004422267365064159,0.00033167005237981186,0.0,0.0,0.0,0.0001474089121688053,0.0,-0.8101261294113611,0.8376051178414011,0.8371628911048946,0.8372734477890212,0.8372734477890212,0.8372734477890212,0.8372734477890212,0.8377525267535699,0.8372734477890212,0.0009376844690737892,0.0004422267365064159,0.0,0.00011055668412660398,0.00011055668412660398,0.00011055668412660398,0.00011055668412660398,0.0005896356486752212,0.00011055668412660398,0.0008271277849471854,0.00033167005237981186,0.00011055668412660398,0.0,0.0,0.0,0.0,0.0004790789645486171,0.0,0.00016378768018756145,0.00033167005237981186,0.0007738967888862278,0.0,0.0,0.0,0.0,0.0,0.0,0.00016378768018756145,0.00033167005237981186,0.0007738967888862278,0.0,0.0,0.0,0.0,0.0,0.0,0.0008271277849471854,0.00033167005237981186,0.00011055668412660398,0.0,0.0,0.0,0.0,0.0,0.0,0.0008271277849471854,0.00033167005237981186,0.00011055668412660398,0.0,0.0,0.0,0.0,0.0004790789645486171,0.0,0.000696097640797136,0.0,0.00022111336825320795,0.0,0.0,0.0,0.0,0.0,0.0,0.00016378768018756145,0.0001474089121688053,0.0005896356486752212,0.0,0.0,0.0,0.0,0.0,0.0,0.00016378768018756145,0.0001474089121688053,0.0005896356486752212,0.0,0.0,0.0,0.0,0.0,0.0,0.0004135638924735927,0.00016583502618990593,5.527834206330199e-05,0.0,0.0,0.0,0.0,0.0,0.0,0.0008271277849471854,0.00033167005237981186,0.00011055668412660398,0.0,0.0,0.0,0.0,0.0,0.0,0.0,0.0,0.0,0.0,0.0,0.0,0.0,0.0,0.0,0.000696097640797136,0.0,0.00022111336825320795,0.0,0.0,0.0,0.0,0.0,0.0,0.0008271277849471854,0.00033167005237981186,0.00011055668412660398,0.0,0.0,0.0,0.0,0.0,0.0,0.000348048820398568,0.0,0.00011055668412660398,0.0,0.0,0.0,0.0,0.0,0.0,0.000348048820398568,0.0,0.00011055668412660398,0.0,0.0,0.0,0.0,0.0,0.0,0.000348048820398568,0.0,0.00011055668412660398,0.0,0.0,0.0,0.0,0.0,0.0,0.000348048820398568,0.0,0.00011055668412660398,0.0,0.0,0.0,0.0,0.0,0.0,0.000348048820398568,0.0,0.00011055668412660398,0.0,0.0,0.0,0.0,0.0,0.0,0.000348048820398568,0.0,0.00011055668412660398,0.0,0.0,0.0,0.0,0.0,0.0,0.000348048820398568,0.0,0.00011055668412660398,0.0,0.0,0.0,0.0,0.0,0.0,0.00016378768018756145,0.00033167005237981186,0.0007738967888862278,0.0001842611402110066,0.0001842611402110066,0.0001842611402110066,0.0001842611402110066,0.0,0.0001842611402110066,0.00174024410199284,0.0007370445608440263,0.0005527834206330198,0.0,0.0,0.0,0.0,0.0,0.0
x_R05_EXIT_B,0.0,0.00016378768018756142,0.0004422267365064159,0.0,0.0,0.0,0.0,0.0,0.0,0.0,0.00016378768018756142,0.0004422267365064159,0.0,0.0,0.0,0.0,0.0,0.0,0.00011055668412660398,5.323099606095746e-05,0.0005527834206330198,0.0004422267365064159,0.00011055668412660398,0.00011055668412660398,0.00011055668412660398,0.00011055668412660398,0.00011055668412660398,0.00011055668412660398,5.323099606095746e-05,0.0005527834206330198,0.0004422267365064159,0.00011055668412660398,0.00011055668412660398,0.00011055668412660398,0.00011055668412660398,0.00011055668412660398,0.8376051178414011,-0.817979738452458,0.8371628911048946,0.8372734477890212,0.8372734477890212,0.8372734477890212,0.8372734477890212,0.8376051178414011,0.8372734477890212,0.0004422267365064159,0.0006060144166939772,0.0,0.00011055668412660398,0.00011055668412660398,0.00011055668412660398,0.00011055668412660398,0.0004422267365064159,0.00011055668412660398,0.00033167005237981186,0.0004954577325673732,0.00011055668412660398,0.0,0.0,0.0,0.0,0.00033167005237981186,0.0,0.0,0.00016378768018756142,0.0004422267365064159,0.0,0.0,0.0,0.0,0.0,0.0,0.0,0.00016378768018756142,0.0004422267365064159,0.0,0.0,0.0,0.0,0.0,0.0,0.00033167005237981186,0.0004954577325673732,0.00011055668412660398,0.0,0.0,0.0,0.0,0.0,0.0,0.00033167005237981186,0.0004954577325673732,0.00011055668412660398,0.0,0.0,0.0,0.0,0.00033167005237981186,0.0,0.0,0.00032757536037512284,0.00022111336825320795,0.0,0.0,0.0,0.0,0.0,0.0,0.0,0.00016378768018756142,0.0004422267365064159,0.0,0.0,0.0,0.0,0.0,0.0,0.0,0.00016378768018756142,0.0004422267365064159,0.0,0.0,0.0,0.0,0.0,0.0,0.00016583502618990593,0.0002477288662836866,5.527834206330199e-05,0.0,0.0,0.0,0.0,0.0,0.0,0.00033167005237981186,0.0004954577325673732,0.00011055668412660398,0.0,0.0,0.0,0.0,0.0,0.0,0.0,0.0,0.0,0.0,0.0,0.0,0.0,0.0,0.0,0.0,0.00032757536037512284,0.00022111336825320795,0.0,0.0,0.0,0.0,0.0,0.0,0.00033167005237981186,0.0004954577325673732,0.00011055668412660398,0.0,0.0,0.0,0.0,0.0,0.0,0.0,0.00016378768018756142,0.00011055668412660398,0.0,0.0,0.0,0.0,0.0,0.0,0.0,0.00016378768018756142,0.00011055668412660398,0.0,0.0,0.0,0.0,0.0,0.0,0.0,0.00016378768018756142,0.00011055668412660398,0.0,0.0,0.0,0.0,0.0,0.0,0.0,0.00016378768018756142,0.00011055668412660398,0.0,0.0,0.0,0.0,0.0,0.0,0.0,0.00016378768018756142,0.00011055668412660398,0.0,0.0,0.0,0.0,0.0,0.0,0.0,0.00016378768018756142,0.00011055668412660398,0.0,0.0,0.0,0.0,0.0,0.0,0.0,0.00016378768018756142,0.00011055668412660398,0.0,0.0,0.0,0.0,0.0,0.0,0.0,0.00016378768018756142,0.0004422267365064159,0.0,0.0,0.0,0.0,0.0,0.0,0.0,0.000818938400937807,0.0005527834206330198,0.0,0.0,0.0,0.0,0.0,0.0
x_R05_EXIT_C,0.0,0.0,5.323099606095746e-05,0.0,0.0,0.0,0.0,0.0,0.0,0.0,0.0,5.323099606095746e-05,0.0,0.0,0.0,0.0,0.0,0.0,0.0,0.0,5.323099606095746e-05,0.0,0.0,0.0,0.0,0.0,0.0,0.0,0.0,5.323099606095746e-05,0.0,0.0,0.0,0.0,0.0,0.0,0.8371628911048946,0.8371628911048946,-0.8319048578530325,0.8371628911048946,0.8371628911048946,0.8371628911048946,0.8371628911048946,0.8371628911048946,0.8371628911048946,0.0,0.0,5.323099606095746e-05,0.0,0.0,0.0,0.0,0.0,0.0,0.0,0.0,5.323099606095746e-05,0.0,0.0,0.0,0.0,0.0,0.0,0.0,0.0,5.323099606095746e-05,0.0,0.0,0.0,0.0,0.0,0.0,0.0,0.0,5.323099606095746e-05,0.0,0.0,0.0,0.0,0.0,0.0,0.0,0.0,5.323099606095746e-05,0.0,0.0,0.0,0.0,0.0,0.0,0.0,0.0,5.323099606095746e-05,0.0,0.0,0.0,0.0,0.0,0.0,0.0,0.0,0.00010646199212191492,0.0,0.0,0.0,0.0,0.0,0.0,0.0,0.0,5.323099606095746e-05,0.0,0.0,0.0,0.0,0.0,0.0,0.0,0.0,5.323099606095746e-05,0.0,0.0,0.0,0.0,0.0,0.0,0.0,0.0,0.0,0.0,0.0,0.0,0.0,0.0,0.0,0.0,0.0,5.323099606095746e-05,0.0,0.0,0.0,0.0,0.0,0.0,0.0,0.0,0.0,0.0,0.0,0.0,0.0,0.0,0.0,0.0,0.0,0.00010646199212191492,0.0,0.0,0.0,0.0,0.0,0.0,0.0,0.0,5.323099606095746e-05,0.0,0.0,0.0,0.0,0.0,0.0,0.0,0.0,5.323099606095746e-05,0.0,0.0,0.0,0.0,0.0,0.0,0.0,0.0,5.323099606095746e-05,0.0,0.0,0.0,0.0,0.0,0.0,0.0,0.0,5.323099606095746e-05,0.0,0.0,0.0,0.0,0.0,0.0,0.0,0.0,5.323099606095746e-05,0.0,0.0,0.0,0.0,0.0,0.0,0.0,0.0,5.323099606095746e-05,0.0,0.0,0.0,0.0,0.0,0.0,0.0,0.0,5.323099606095746e-05,0.0,0.0,0.0,0.0,0.0,0.0,0.0,0.0,5.323099606095746e-05,0.0,0.0,0.0,0.0,0.0,0.0,0.0,0.0,5.323099606095746e-05,0.0,0.0,0.0,0.0,0.0,0.0,0.0,0.0,0.00026615498030478727,0.0,0.0,0.0,0.0,0.0,0.0
x_R05_EXIT_D,0.0,0.0,0.00011055668412660398,0.0003480488203985681,0.0,0.0,0.0,0.0,0.0,0.0,0.0,0.00011055668412660398,0.0003480488203985681,0.0,0.0,0.0,0.0,0.0,0.0,0.0,0.00011055668412660398,0.0006019197246892882,0.0,0.0,0.0,0.0,0.0,0.0,0.0,0.00011055668412660398,0.0006019197246892882,0.0,0.0,0.0,0.0,0.0,0.8372734477890212,0.8372734477890212,0.8371628911048946,-0.8153659634640971,0.8375641709213542,0.8375641709213542,0.837527318693312,0.8372734477890212,0.8375641709213542,0.00011055668412660398,0.00011055668412660398,0.0,0.000712476408815892,0.00040127981645952536,0.00040127981645952536,0.00036442758841732405,0.00011055668412660398,0.00040127981645952536,0.0,0.0,0.00011055668412660398,0.00016378768018756145,0.0002907231323329215,0.0002907231323329215,0.00025387090429072017,0.0,0.0002907231323329215,0.0,0.0,0.00011055668412660398,0.0003480488203985681,0.0,0.0,0.0,0.0,0.0,0.0,0.0,0.00011055668412660398,0.0003480488203985681,0.0,0.0,0.0,0.0,0.0,0.0,0.0,0.00011055668412660398,0.00016378768018756145,0.0001474089121688053,0.0001474089121688053,0.0001474089121688053,0.0001842611402110066,0.0001474089121688053,0.0,0.0,0.00011055668412660398,0.00016378768018756145,0.0002907231323329215,0.0002907231323329215,0.00025387090429072017,0.0,0.0002907231323329215,0.0,0.0,0.0004012798164595255,0.0006960976407971362,0.0,0.0,0.0,0.0,0.0,0.0,0.0,0.00011055668412660398,0.0003480488203985681,0.0,0.0,0.0,0.0,0.0,0.0,0.0,0.00011055668412660398,0.0003480488203985681,0.0,0.0,0.0,0.0,0.0,0.0,0.0,5.527834206330199e-05,8.189384009378072e-05,7.370445608440265e-05,7.370445608440265e-05,7.370445608440265e-05,9.21305701055033e-05,7.370445608440265e-05,0.0,0.0,0.00011055668412660398,0.00016378768018756145,0.0001474089121688053,0.0001474089121688053,0.0001474089121688053,0.0001842611402110066,0.0001474089121688053,0.0,0.0,0.0,0.0,0.0,0.0,0.0,0.0,0.0,0.0,0.0,0.0008025596329190507,0.0006223931847127334,0.0,0.0,0.0,0.0,0.0,0.0005486887286283306,0.0005486887286283306,0.0006592454127549346,5.3230996060957466e-05,0.00025796559629540924,0.00025796559629540924,0.00025796559629540924,0.0002948178243376106,0.00025796559629540924,0.0,0.0,0.00020063990822976276,0.0003111965923563667,0.0,0.0,0.0,0.0,0.0,0.0,0.0,0.00020063990822976276,0.0003111965923563667,0.0,0.0,0.0,0.0,0.0,0.0,0.0,0.00020063990822976276,0.0003111965923563667,0.0,0.0,0.0,0.0,0.0,0.0,0.0,0.00040127981645952536,0.0003111965923563667,0.0,0.0,0.0,0.0,0.0,0.0,0.0,0.00040127981645952536,0.0003111965923563667,0.0,0.0,0.0,0.0,0.0,0.0,0.0,0.00040127981645952536,0.0003111965923563667,0.0,0.0,0.0,0.0,0.0,0.0,0.0,0.00040127981645952536,0.0003111965923563667,0.0,0.0,0.0,0.0,0.0,0.0,0.0,0.00011055668412660398,0.0003480488203985681,0.0,0.0,0.0,0.0,0.0,0.0,0.0,0.0010031995411488135,0.0015559829617818332,0.0,0.0,0.0,0.0,0.0
x_R05_EXIT_E,0.0,0.0,0.00011055668412660398,0.0,0.0007861808649002948,0.0,0.0,0.0,0.0,0.0,0.0,0.00011055668412660398,0.0,0.0007861808649002948,0.0,0.0,0.0,0.0,0.0,0.0,0.00011055668412660398,0.0002907231323329215,0.0010072942331535025,0.0,0.0,0.0,0.0,0.0,0.0,0.00011055668412660398,0.0002907231323329215,0.0010072942331535025,0.0,0.0,0.0,0.0,0.8372734477890212,0.8372734477890212,0.8371628911048946,0.8375641709213542,-0.8002406454763589,0.8377852842896074,0.837527318693312,0.8372734477890212,0.8377852842896074,0.00011055668412660398,0.00011055668412660398,0.0,0.00040127981645952536,0.0016296874178662363,0.0006223931847127332,0.00036442758841732405,0.00011055668412660398,0.0006223931847127332,0.0,0.0,0.00011055668412660398,0.0,0.0015191307337396323,0.0005118365005861294,0.00025387090429072017,0.0,0.0005118365005861294,0.0,0.0,0.00011055668412660398,0.0,0.0007861808649002948,0.0,0.0,0.0,0.0,0.0,0.0,0.00011055668412660398,0.0,0.0007861808649002948,0.0,0.0,0.0,0.0,0.0,0.0,0.00011055668412660398,0.0,0.0012284076014067106,0.00022111336825320795,0.00022111336825320795,0.0,0.00022111336825320795,0.0,0.0,0.00011055668412660398,0.0,0.0015191307337396323,0.0005118365005861294,0.00025387090429072017,0.0,0.0005118365005861294,0.0,0.0,0.0004012798164595255,7.370445608440265e-05,0.002014588466307005,0.0,0.0,0.0,0.0,0.0,0.0,0.00011055668412660398,0.0,0.0007861808649002948,0.0,0.0,0.0,0.0,0.0,0.0,0.00011055668412660398,0.0,0.0007861808649002948,0.0,0.0,0.0,0.0,0.0,0.0,5.527834206330199e-05,0.0,0.0006142038007033553,0.00011055668412660398,0.00011055668412660398,0.0,0.00011055668412660398,0.0,0.0,0.00011055668412660398,0.0,0.0012284076014067106,0.00022111336825320795,0.00022111336825320795,0.0,0.00022111336825320795,0.0,0.0,0.0,0.0,0.0,0.0,0.0,0.0,0.0,0.0,0.0,0.000949968545087856,0.0001474089121688053,0.0018671795541382002,0.0,0.0,0.0,0.0,0.0002907231323329215,0.0002907231323329215,0.00040127981645952536,0.0,0.0012284076014067106,0.00022111336825320795,0.00022111336825320795,0.0,0.00022111336825320795,0.0,0.0,0.00020063990822976276,0.00022111336825320795,0.0007861808649002948,0.0,0.0,0.0,0.0,0.0,0.0,0.00020063990822976276,0.00022111336825320795,0.0007861808649002948,0.0,0.0,0.0,0.0,0.0,0.0,0.00020063990822976276,0.00022111336825320795,0.0007861808649002948,0.0,0.0,0.0,0.0,0.0,0.0,0.0007698020968815386,0.00036852228042201317,0.0007861808649002948,0.0,0.0,0.0,0.0,0.0,0.0,0.0007698020968815386,0.00036852228042201317,0.0007861808649002948,0.0,0.0,0.0,0.0,0.00040537450846421454,0.00040537450846421454,0.0011751766053457533,0.0007738967888862278,0.0003480488203985681,0.00040537450846421454,0.00040537450846421454,0.00040537450846421454,0.00040537450846421454,0.00011055668412660398,0.00011055668412660398,0.0008803587810081425,0.0004790789645486171,5.323099606095746e-05,0.00011055668412660398,0.00011055668412660398,0.00011055668412660398,0.00011055668412660398,0.0,0.0,0.00011055668412660398,0.0,0.0007861808649002948,0.0,0.0,0.0,0.0,0.0,0.0,0.0010031995411488135,0.0011055668412660396,0.003930904324501473,0.0,0.0,0.0,0.0
x_R05_EXIT_F,0.0,0.0,0.00011055668412660398,0.0,0.0,0.00016378768018756145,0.0,0.0,0.0,0.0,0.0,0.00011055668412660398,0.0,0.0,0.00016378768018756145,0.0,0.0,0.0,0.0,0.0,0.00011055668412660398,0.0002907231323329215,0.0,0.00034395412839387896,0.0,0.0,0.00014331422016411626,0.0,0.0,0.00011055668412660398,0.0002907231323329215,0.0,0.00034395412839387896,0.0,0.0,0.00014331422016411626,0.8372734477890212,0.8372734477890212,0.8371628911048946,0.8375641709213542,0.8377852842896074,-0.8046281028474348,0.837527318693312,0.8372734477890212,0.8379654507378137,0.00011055668412660398,0.00011055668412660398,0.0,0.00040127981645952536,0.0006223931847127332,0.0010031995411488135,0.00036442758841732405,0.00011055668412660398,0.0008025596329190508,0.0,0.0,0.00011055668412660398,0.0,0.0005118365005861294,0.0008926428570222096,0.00025387090429072017,0.0,0.0006920029487924469,0.0,0.0,0.00011055668412660398,0.0,0.0,0.00016378768018756145,0.0,0.0,0.0,0.0,0.0,0.00011055668412660398,0.0,0.0,0.00016378768018756145,0.0,0.0,0.0,0.0,0.0,0.00011055668412660398,0.0,0.00022111336825320795,0.0006019197246892882,0.00025796559629540924,0.0,0.00040127981645952547,0.0,0.0,0.00011055668412660398,0.0,0.0005118365005861294,0.0008926428570222096,0.00025387090429072017,0.0,0.0006920029487924469,0.0,0.0,0.0004012798164595255,7.370445608440265e-05,7.370445608440265e-05,0.0006879082567877579,0.0,0.0,0.0002866284403282325,0.0,0.0,0.00011055668412660398,0.0,0.0,0.00016378768018756145,0.0,0.0,0.0,0.0,0.0,0.00011055668412660398,0.0,0.0,0.00016378768018756145,0.0,0.0,0.0,0.0,0.0,5.527834206330199e-05,0.0,0.00011055668412660398,0.0003009598623446441,0.00012898279814770462,0.0,0.00020063990822976273,0.0,0.0,0.00011055668412660398,0.0,0.00022111336825320795,0.0006019197246892882,0.00025796559629540924,0.0,0.00040127981645952547,0.0,0.0,0.0,0.0,0.0,0.0,0.0,0.0,0.0,0.00010646199212191492,0.00010646199212191492,0.000949968545087856,0.0001474089121688053,0.0,0.0005814462646658431,0.00018016644820631754,0.00010646199212191492,0.00018016644820631754,0.0002907231323329215,0.0002907231323329215,0.00040127981645952536,0.0,0.00022111336825320795,0.0006019197246892882,0.00025796559629540924,0.0,0.00040127981645952547,0.0,0.0,0.00020063990822976276,0.00025796559629540924,0.0,0.00016378768018756145,0.0,0.0,0.0,0.0,0.0,0.00020063990822976276,0.00025796559629540924,0.0,0.00016378768018756145,0.0,0.0,0.0,0.0,0.0,0.00020063990822976276,0.00025796559629540924,0.0,0.00016378768018756145,0.0,0.0,0.0,0.0,0.0,0.0006592454127549346,0.00025796559629540924,0.0,5.323099606095746e-05,0.0,0.0,0.0,0.00011055668412660398,0.00010646199212191492,0.0006223931847127332,0.00022111336825320795,0.0,5.323099606095746e-05,0.00011055668412660398,0.00011055668412660398,0.00011055668412660398,0.0,0.00010646199212191492,0.0006223931847127332,0.00022111336825320795,0.0,0.00016378768018756145,0.0,0.0,0.0,0.0,0.00010646199212191492,0.0006223931847127332,0.00022111336825320795,0.0,0.00016378768018756145,0.0,0.0,0.0,0.0,0.0,0.00011055668412660398,0.0,0.0,0.00016378768018756145,0.0,0.0,0.0,0.0,0.0,0.0010031995411488135,0.0012898279814770462,0.0,0.0008189384009378071,0.0,0.0,0.0
x_R05_EXIT_G,0.0,0.0,0.00011055668412660398,0.00043813204450172683,0.00014331422016411623,0.00014331422016411623,0.0010031995411488137,0.0,0.00014331422016411623,0.0,0.0,0.00011055668412660398,0.00043813204450172683,0.00014331422016411623,0.00014331422016411623,0.0010031995411488137,0.0,0.00014331422016411623,0.0,0.0,0.00011055668412660398,0.00025387090429072017,0.0002948178243376106,0.0002948178243376106,0.0013881005895895833,0.0,0.0002948178243376106,0.0,0.0,0.00011055668412660398,0.00025387090429072017,0.0002948178243376106,0.0002948178243376106,0.0013881005895895833,0.0,0.0002948178243376106,0.8372734477890212,0.8372734477890212,0.8371628911048946,0.837527318693312,0.837527318693312,0.837527318693312,-0.7954639654499425,0.8372734477890212,0.837527318693312,0.00011055668412660398,0.00011055668412660398,0.0,0.00036442758841732405,0.00036442758841732405,0.00036442758841732405,0.002227512450550835,0.00011055668412660398,0.00036442758841732405,0.0,0.0,0.00011055668412660398,0.0,0.00025387090429072017,0.00025387090429072017,0.0021169557664242316,0.0,0.00025387090429072017,0.0,0.0,0.00011055668412660398,0.00043813204450172683,0.00014331422016411623,0.00014331422016411623,0.0010031995411488137,0.0,0.00014331422016411623,0.0,0.0,0.00011055668412660398,0.00043813204450172683,0.00014331422016411623,0.00014331422016411623,0.0010031995411488137,0.0,0.00014331422016411623,0.0,0.0,0.00011055668412660398,0.0,0.0,0.0,0.0010932827652519726,0.00043813204450172683,0.0,0.0,0.0,0.00011055668412660398,0.0,0.00025387090429072017,0.00025387090429072017,0.0021169557664242316,0.0,0.00025387090429072017,0.0,0.0,0.0004012798164595255,0.0008435065529659413,0.0006633401047596238,0.0006633401047596238,0.002849905635263569,0.0,0.0006633401047596238,0.0,0.0,0.00011055668412660398,0.00043813204450172683,0.00014331422016411623,0.00014331422016411623,0.0010031995411488137,0.0,0.00014331422016411623,0.0,0.0,0.00011055668412660398,0.00043813204450172683,0.00014331422016411623,0.00014331422016411623,0.0010031995411488137,0.0,0.00014331422016411623,0.0,0.0,5.527834206330199e-05,0.0,0.0,0.0,0.0005466413826259863,0.00021906602225086342,0.0,0.0,0.0,0.00011055668412660398,0.0,0.0,0.0,0.0010932827652519726,0.00043813204450172683,0.0,0.0,0.0,0.0,0.0,0.0,0.0,0.0,0.0,0.0,0.00018016644820631757,0.0005896356486752212,0.0007288551768346481,0.0,0.0,0.0,0.0017197706419693952,0.00018016644820631757,0.0,0.00025387090429072017,0.00025387090429072017,0.00036442758841732405,0.0,0.0,0.0,0.0010932827652519726,0.00043813204450172683,0.0,0.0009499685450878565,0.0013348695935286258,0.00157236172980059,0.0010400517691910153,0.0008066543249237402,0.0008066543249237402,5.323099606095746e-05,0.0009499685450878565,0.0008066543249237402,0.0006223931847127333,0.0010072942331535027,0.0012447863694254667,0.0007124764088158922,0.0004790789645486171,0.0004790789645486171,0.00034804882039856803,0.0006223931847127333,0.0004790789645486171,0.00018016644820631757,0.000565067496647087,0.000802559632919051,0.0002702496723094764,0.0,0.0,0.0008230330929424963,0.00018016644820631757,0.0,0.00014331422016411623,0.0005282152686048857,0.00036442758841732405,0.0,0.0,0.0,0.0008598853209846976,0.00014331422016411623,0.0,0.00014331422016411623,0.0002948178243376106,0.00036442758841732405,0.0,0.0,0.0,0.0008598853209846976,0.00014331422016411623,0.0,0.00014331422016411623,0.0002948178243376106,0.00036442758841732405,0.0,0.0,0.0,0.0008598853209846976,0.00014331422016411623,0.0,0.00014331422016411623,0.0002948178243376106,0.00036442758841732405,0.0,0.0,0.0,0.0008598853209846976,0.00014331422016411623,0.0,0.0,0.0,0.00011055668412660398,0.00043813204450172683,0.00014331422016411623,0.00014331422016411623,0.0010031995411488137,0.0,0.00014331422016411623,0.0,0.0,0.003378120903868454,0.0007165711008205812,0.00045041612051579383,0.00045041612051579383,0.004749842725439281,0.0,0.00045041612051579383
x_R05_EXIT_H,0.0,0.0001474089121688053,0.0005896356486752212,0.00029481782433761055,0.0003316700523798118,0.0003316700523798118,0.0003316700523798118,0.00016378768018756142,0.0003316700523798118,0.0,0.0001474089121688053,0.0005896356486752212,0.00029481782433761055,0.0003316700523798118,0.0003316700523798118,0.0003316700523798118,0.00016378768018756142,0.0003316700523798118,0.0001474089121688053,0.0,0.0004422267365064159,0.00033167005237981186,0.0,0.0,0.0,0.0008271277849471851,0.0,0.0001474089121688053,0.0,0.0004422267365064159,0.00033167005237981186,0.0,0.0,0.0,0.0008271277849471851,0.0,0.8377525267535699,0.8376051178414011,0.8371628911048946,0.8372734477890212,0.8372734477890212,0.8372734477890212,0.8372734477890212,-0.8031082913690105,0.8372734477890212,0.0005896356486752212,0.0004422267365064159,0.0,0.00011055668412660398,0.00011055668412660398,0.00011055668412660398,0.00011055668412660398,0.0012693545214536009,0.00011055668412660398,0.0004790789645486171,0.00033167005237981186,0.00011055668412660398,0.0,0.0,0.0,0.0,0.001158797837326997,0.0,0.0,0.0001474089121688053,0.0005896356486752212,0.00022111336825320795,0.0001842611402110066,0.0001842611402110066,0.0001842611402110066,0.00016378768018756142,0.0001842611402110066,0.0,0.0001474089121688053,0.0005896356486752212,0.00022111336825320795,0.0001842611402110066,0.0001842611402110066,0.0001842611402110066,0.00016378768018756142,0.0001842611402110066,0.0004790789645486171,0.00033167005237981186,0.00011055668412660398,0.0,0.0,0.0,0.0,0.00038490104844076935,0.0,0.0004790789645486171,0.00033167005237981186,0.00011055668412660398,0.0,0.0,0.0,0.0,0.001158797837326997,0.0,0.00022111336825320795,0.0,0.00022111336825320795,0.0,0.0,0.0,0.0,0.0007698020968815387,0.0,0.0,0.0006633401047596236,0.0011055668412660396,0.00022111336825320795,0.0001842611402110066,0.0001842611402110066,0.0001842611402110066,0.00016378768018756142,0.0001842611402110066,0.0,0.0006633401047596236,0.0011055668412660396,0.00022111336825320795,0.0001842611402110066,0.0001842611402110066,0.0001842611402110066,0.00016378768018756142,0.0001842611402110066,0.00023953948227430855,0.00016583502618990593,5.527834206330199e-05,0.0,0.0,0.0,0.0,0.00019245052422038467,0.0,0.0004790789645486171,0.00033167005237981186,0.00011055668412660398,0.0,0.0,0.0,0.0,0.00038490104844076935,0.0,0.0,0.0,0.0,0.0,0.0,0.0,0.0,0.0,0.0,0.0006633401047596236,0.0,0.00022111336825320795,0.0,0.0,0.0,0.0,0.0006960976407971361,0.0,0.0004790789645486171,0.00033167005237981186,0.00011055668412660398,0.0,0.0,0.0,0.0,0.00038490104844076935,0.0,0.0003316700523798118,0.0,0.00011055668412660398,0.0,0.0,0.0,0.0,0.00034804882039856803,0.0,0.0003316700523798118,0.0,0.00011055668412660398,0.0,0.0,0.0,0.0,0.00034804882039856803,0.0,0.0003316700523798118,0.0,0.00011055668412660398,0.0,0.0,0.0,0.0,0.00034804882039856803,0.0,0.0003316700523798118,0.0,0.00011055668412660398,0.0,0.0,0.0,0.0,0.00034804882039856803,0.0,0.0003316700523798118,0.0,0.00011055668412660398,0.0,0.0,0.0,0.0,0.00034804882039856803,0.0,0.0003316700523798118,0.0,0.00011055668412660398,0.0,0.0,0.0,0.0,0.00034804882039856803,0.0,0.0003316700523798118,0.0,0.00011055668412660398,0.0,0.0,0.0,0.0,0.00034804882039856803,0.0,0.0,0.0001474089121688053,0.0005896356486752212,0.00029481782433761055,0.0003316700523798118,0.0003316700523798118,0.0003316700523798118,0.00016378768018756142,0.0003316700523798118,0.0016583502618990591,0.0023953948227430854,0.0005527834206330198,0.0,0.0,0.0,0.0,0.00174024410199284,0.0
x_R05_EXIT_STAIRWELL,0.0,0.0,0.00011055668412660398,0.0,0.0,0.0,0.0,0.0,0.00016378768018756145,0.0,0.0,0.00011055668412660398,0.0,0.0,0.0,0.0,0.0,0.00016378768018756145,0.0,0.0,0.00011055668412660398,0.0002907231323329215,0.0,0.00014331422016411626,0.0,0.0,0.00032348066837043383,0.0,0.0,0.00011055668412660398,0.0002907231323329215,0.0,0.00014331422016411626,0.0,0.0,0.00032348066837043383,0.8372734477890212,0.8372734477890212,0.8371628911048946,0.8375641709213542,0.8377852842896074,0.8379654507378137,0.837527318693312,0.8372734477890212,-0.8075737748030705,0.00011055668412660398,0.00011055668412660398,0.0,0.00040127981645952536,0.0006223931847127332,0.0008025596329190508,0.00036442758841732405,0.00011055668412660398,0.0009827260811253683,0.0,0.0,0.00011055668412660398,0.0,0.0005118365005861294,0.0006920029487924469,0.00025387090429072017,0.0,0.0008721693969987646,0.0,0.0,0.00011055668412660398,0.0,0.0,0.0,0.0,0.0,0.00016378768018756145,0.0,0.0,0.00011055668412660398,0.0,0.0,0.0,0.0,0.0,0.00016378768018756145,0.0,0.0,0.00011055668412660398,0.0,0.00022111336825320795,0.00040127981645952547,0.00025796559629540924,0.0,0.0005814462646658431,0.0,0.0,0.00011055668412660398,0.0,0.0005118365005861294,0.0006920029487924469,0.00025387090429072017,0.0,0.0008721693969987646,0.0,0.0,0.0004012798164595255,7.370445608440265e-05,7.370445608440265e-05,0.0002866284403282325,0.0,0.0,0.0006469613367408677,0.0,0.0,0.00011055668412660398,0.0,0.0,0.0,0.0,0.0,0.00016378768018756145,0.0,0.0,0.00011055668412660398,0.0,0.0,0.0,0.0,0.0,0.00016378768018756145,0.0,0.0,5.527834206330199e-05,0.0,0.00011055668412660398,0.00020063990822976273,0.00012898279814770462,0.0,0.00029072313233292153,0.0,0.0,0.00011055668412660398,0.0,0.00022111336825320795,0.00040127981645952547,0.00025796559629540924,0.0,0.0005814462646658431,0.0,0.0,0.0,0.0,0.0,0.0,0.0,0.0,0.0,0.00010646199212191492,0.00010646199212191492,0.000949968545087856,0.0001474089121688053,0.0,0.00018016644820631754,0.00021292398424382984,0.00010646199212191492,0.0005404993446189528,0.0002907231323329215,0.0002907231323329215,0.00040127981645952536,0.0,0.00022111336825320795,0.00040127981645952547,0.00025796559629540924,0.0,0.0005814462646658431,0.0,0.0,0.00020063990822976276,0.00025796559629540924,0.0,0.0,0.0,0.0,0.00016378768018756145,0.0,0.0,0.00020063990822976276,0.00025796559629540924,0.0,0.0,0.0,0.0,0.00016378768018756145,0.0,0.0,0.00020063990822976276,0.00025796559629540924,0.0,0.0,0.0,0.0,0.00016378768018756145,0.0,0.0,0.0006756241807736907,0.00027434436431416536,0.0,0.0,0.0,0.0,0.00016378768018756145,0.0,0.00010646199212191492,0.0006223931847127332,0.00022111336825320795,0.0,0.0,0.0,0.0,0.00016378768018756145,0.0,0.00010646199212191492,0.0006223931847127332,0.00022111336825320795,0.0,0.0,0.0,0.0,0.00016378768018756145,0.0,0.00010646199212191492,0.0006223931847127332,0.00022111336825320795,0.0,0.0,0.0,0.0,0.00016378768018756145,0.0,0.0,0.00011055668412660398,0.0,0.0,0.0,0.0,0.0,0.00016378768018756145,0.0,0.0,0.0010031995411488135,0.0012898279814770462,0.0,0.0,0.0,0.0,0.0008189384009378071
x_R06_EXIT_A,5.323099606095746e-05,0.0004422267365064158,0.0008844534730128317,0.00029481782433761055,0.00029481782433761055,0.00029481782433761055,0.00029481782433761055,0.00011055668412660398,0.00029481782433761055,5.323099606095746e-05,0.0004422267365064158,0.0008844534730128317,0.00029481782433761055,0.00029481782433761055,0.00029481782433761055,0.00029481782433761055,0.00011055668412660398,0.00029481782433761055,0.0004954577325673731,0.0,0.0004422267365064159,0.00033167005237981186,0.0,0.0,0.0,0.0001474089121688053,0.0,0.0004954577325673731,0.0,0.0004422267365064159,0.00033167005237981186,0.0,0.0,0.0,0.0001474089121688053,0.0,0.0009376844690737892,0.0004422267365064159,0.0,0.00011055668412660398,0.00011055668412660398,0.00011055668412660398,0.00011055668412660398,0.0005896356486752212,0.00011055668412660398,-0.8101261294113611,0.8376051178414011,0.8371628911048946,0.8372734477890212,0.8372734477890212,0.8372734477890212,0.8372734477890212,0.8377525267535699,0.8372734477890212,0.0008271277849471854,0.00033167005237981186,0.00011055668412660398,0.0,0.0,0.0,0.0,0.0004790789645486171,0.0,0.00016378768018756145,0.00033167005237981186,0.0007738967888862278,0.0,0.0,0.0,0.0,0.0,0.0,0.00016378768018756145,0.00033167005237981186,0.0007738967888862278,0.0,0.0,0.0,0.0,0.0,0.0,0.0008271277849471854,0.00033167005237981186,0.00011055668412660398,0.0,0.0,0.0,0.0,0.0,0.0,0.0008271277849471854,0.00033167005237981186,0.00011055668412660398,0.0,0.0,0.0,0.0,0.0004790789645486171,0.0,0.000696097640797136,0.0,0.00022111336825320795,0.0,0.0,0.0,0.0,0.0,0.0,0.00016378768018756145,0.0001474089121688053,0.0005896356486752212,0.0,0.0,0.0,0.0,0.0,0.0,0.00016378768018756145,0.0001474089121688053,0.0005896356486752212,0.0,0.0,0.0,0.0,0.0,0.0,0.0004135638924735927,0.00016583502618990593,5.527834206330199e-05,0.0,0.0,0.0,0.0,0.0,0.0,0.0008271277849471854,0.00033167005237981186,0.00011055668412660398,0.0,0.0,0.0,0.0,0.0,0.0,0.0,0.0,0.0,0.0,0.0,0.0,0.0,0.0,0.0,0.000696097640797136,0.0,0.00022111336825320795,0.0,0.0,0.0,0.0,0.0,0.0,0.0008271277849471854,0.00033167005237981186,0.00011055668412660398,0.0,0.0,0.0,0.0,0.0,0.0,0.000348048820398568,0.0,0.00011055668412660398,0.0,0.0,0.0,0.0,0.0,0.0,0.000348048820398568,0.0,0.00011055668412660398,0.0,0.0,0.0,0.0,0.0,0.0,0.000348048820398568,0.0,0.00011055668412660398,0.0,0.0,0.0,0.0,0.0,0.0,0.000348048820398568,0.0,0.00011055668412660398,0.0,0.0,0.0,0.0,0.0,0.0,0.000348048820398568,0.0,0.00011055668412660398,0.0,0.0,0.0,0.0,0.0,0.0,0.000348048820398568,0.0,0.00011055668412660398,0.0,0.0,0.0,0.0,0.0,0.0,0.000348048820398568,0.0,0.00011055668412660398,0.0,0.0,0.0,0.0,0.0,0.0,0.00016378768018756145,0.00033167005237981186,0.0007738967888862278,0.0001842611402110066,0.0001842611402110066,0.0001842611402110066,0.0001842611402110066,0.0,0.0001842611402110066,0.00174024410199284,0.0007370445608440263,0.0005527834206330198,0.0,0.0,0.0,0.0,0.0,0.0
x_R06_EXIT_B,0.0,0.00016378768018756142,0.0004422267365064159,0.0,0.0,0.0,0.0,0.0,0.0,0.0,0.00016378768018756142,0.0004422267365064159,0.0,0.0,0.0,0.0,0.0,0.0,0.00011055668412660398,5.323099606095746e-05,0.0005527834206330198,0.0004422267365064159,0.00011055668412660398,0.00011055668412660398,0.00011055668412660398,0.00011055668412660398,0.00011055668412660398,0.00011055668412660398,5.323099606095746e-05,0.0005527834206330198,0.0004422267365064159,0.00011055668412660398,0.00011055668412660398,0.00011055668412660398,0.00011055668412660398,0.00011055668412660398,0.0004422267365064159,0.0006060144166939772,0.0,0.00011055668412660398,0.00011055668412660398,0.00011055668412660398,0.00011055668412660398,0.0004422267365064159,0.00011055668412660398,0.8376051178414011,-0.817979738452458,0.8371628911048946,0.8372734477890212,0.8372734477890212,0.8372734477890212,0.8372734477890212,0.8376051178414011,0.8372734477890212,0.00033167005237981186,0.0004954577325673732,0.00011055668412660398,0.0,0.0,0.0,0.0,0.00033167005237981186,0.0,0.0,0.00016378768018756142,0.0004422267365064159,0.0,0.0,0.0,0.0,0.0,0.0,0.0,0.00016378768018756142,0.0004422267365064159,0.0,0.0,0.0,0.0,0.0,0.0,0.00033167005237981186,0.0004954577325673732,0.00011055668412660398,0.0,0.0,0.0,0.0,0.0,0.0,0.00033167005237981186,0.0004954577325673732,0.00011055668412660398,0.0,0.0,0.0,0.0,0.00033167005237981186,0.0,0.0,0.00032757536037512284,0.00022111336825320795,0.0,0.0,0.0,0.0,0.0,0.0,0.0,0.00016378768018756142,0.0004422267365064159,0.0,0.0,0.0,0.0,0.0,0.0,0.0,0.00016378768018756142,0.0004422267365064159,0.0,0.0,0.0,0.0,0.0,0.0,0.00016583502618990593,0.0002477288662836866,5.527834206330199e-05,0.0,0.0,0.0,0.0,0.0,0.0,0.00033167005237981186,0.0004954577325673732,0.00011055668412660398,0.0,0.0,0.0,0.0,0.0,0.0,0.0,0.0,0.0,0.0,0.0,0.0,0.0,0.0,0.0,0.0,0.00032757536037512284,0.00022111336825320795,0.0,0.0,0.0,0.0,0.0,0.0,0.00033167005237981186,0.0004954577325673732,0.00011055668412660398,0.0,0.0,0.0,0.0,0.0,0.0,0.0,0.00016378768018756142,0.00011055668412660398,0.0,0.0,0.0,0.0,0.0,0.0,0.0,0.00016378768018756142,0.00011055668412660398,0.0,0.0,0.0,0.0,0.0,0.0,0.0,0.00016378768018756142,0.00011055668412660398,0.0,0.0,0.0,0.0,0.0,0.0,0.0,0.00016378768018756142,0.00011055668412660398,0.0,0.0,0.0,0.0,0.0,0.0,0.0,0.00016378768018756142,0.00011055668412660398,0.0,0.0,0.0,0.0,0.0,0.0,0.0,0.00016378768018756142,0.00011055668412660398,0.0,0.0,0.0,0.0,0.0,0.0,0.0,0.00016378768018756142,0.00011055668412660398,0.0,0.0,0.0,0.0,0.0,0.0,0.0,0.00016378768018756142,0.0004422267365064159,0.0,0.0,0.0,0.0,0.0,0.0,0.0,0.000818938400937807,0.0005527834206330198,0.0,0.0,0.0,0.0,0.0,0.0
x_R06_EXIT_C,0.0,0.0,5.323099606095746e-05,0.0,0.0,0.0,0.0,0.0,0.0,0.0,0.0,5.323099606095746e-05,0.0,0.0,0.0,0.0,0.0,0.0,0.0,0.0,5.323099606095746e-05,0.0,0.0,0.0,0.0,0.0,0.0,0.0,0.0,5.323099606095746e-05,0.0,0.0,0.0,0.0,0.0,0.0,0.0,0.0,5.323099606095746e-05,0.0,0.0,0.0,0.0,0.0,0.0,0.8371628911048946,0.8371628911048946,-0.8319048578530325,0.8371628911048946,0.8371628911048946,0.8371628911048946,0.8371628911048946,0.8371628911048946,0.8371628911048946,0.0,0.0,5.323099606095746e-05,0.0,0.0,0.0,0.0,0.0,0.0,0.0,0.0,5.323099606095746e-05,0.0,0.0,0.0,0.0,0.0,0.0,0.0,0.0,5.323099606095746e-05,0.0,0.0,0.0,0.0,0.0,0.0,0.0,0.0,5.323099606095746e-05,0.0,0.0,0.0,0.0,0.0,0.0,0.0,0.0,5.323099606095746e-05,0.0,0.0,0.0,0.0,0.0,0.0,0.0,0.0,0.00010646199212191492,0.0,0.0,0.0,0.0,0.0,0.0,0.0,0.0,5.323099606095746e-05,0.0,0.0,0.0,0.0,0.0,0.0,0.0,0.0,5.323099606095746e-05,0.0,0.0,0.0,0.0,0.0,0.0,0.0,0.0,0.0,0.0,0.0,0.0,0.0,0.0,0.0,0.0,0.0,5.323099606095746e-05,0.0,0.0,0.0,0.0,0.0,0.0,0.0,0.0,0.0,0.0,0.0,0.0,0.0,0.0,0.0,0.0,0.0,0.00010646199212191492,0.0,0.0,0.0,0.0,0.0,0.0,0.0,0.0,5.323099606095746e-05,0.0,0.0,0.0,0.0,0.0,0.0,0.0,0.0,5.323099606095746e-05,0.0,0.0,0.0,0.0,0.0,0.0,0.0,0.0,5.323099606095746e-05,0.0,0.0,0.0,0.0,0.0,0.0,0.0,0.0,5.323099606095746e-05,0.0,0.0,0.0,0.0,0.0,0.0,0.0,0.0,5.323099606095746e-05,0.0,0.0,0.0,0.0,0.0,0.0,0.0,0.0,5.323099606095746e-05,0.0,0.0,0.0,0.0,0.0,0.0,0.0,0.0,5.323099606095746e-05,0.0,0.0,0.0,0.0,0.0,0.0,0.0,0.0,5.323099606095746e-05,0.0,0.0,0.0,0.0,0.0,0.0,0.0,0.0,5.323099606095746e-05,0.0,0.0,0.0,0.0,0.0,0.0,0.0,0.0,0.00026615498030478727,0.0,0.0,0.0,0.0,0.0,0.0
x_R06_EXIT_D,0.0,0.0,0.00011055668412660398,0.0003480488203985681,0.0,0.0,0.0,0.0,0.0,0.0,0.0,0.00011055668412660398,0.0003480488203985681,0.0,0.0,0.0,0.0,0.0,0.0,0.0,0.00011055668412660398,0.0006019197246892882,0.0,0.0,0.0,0.0,0.0,0.0,0.0,0.00011055668412660398,0.0006019197246892882,0.0,0.0,0.0,0.0,0.0,0.00011055668412660398,0.00011055668412660398,0.0,0.000712476408815892,0.00040127981645952536,0.00040127981645952536,0.00036442758841732405,0.00011055668412660398,0.00040127981645952536,0.8372734477890212,0.8372734477890212,0.8371628911048946,-0.8153659634640971,0.8375641709213542,0.8375641709213542,0.837527318693312,0.8372734477890212,0.8375641709213542,0.0,0.0,0.00011055668412660398,0.00016378768018756145,0.0002907231323329215,0.0002907231323329215,0.00025387090429072017,0.0,0.0002907231323329215,0.0,0.0,0.00011055668412660398,0.0003480488203985681,0.0,0.0,0.0,0.0,0.0,0.0,0.0,0.00011055668412660398,0.0003480488203985681,0.0,0.0,0.0,0.0,0.0,0.0,0.0,0.00011055668412660398,0.00016378768018756145,0.0001474089121688053,0.0001474089121688053,0.0001474089121688053,0.0001842611402110066,0.0001474089121688053,0.0,0.0,0.00011055668412660398,0.00016378768018756145,0.0002907231323329215,0.0002907231323329215,0.00025387090429072017,0.0,0.0002907231323329215,0.0,0.0,0.0004012798164595255,0.0006960976407971362,0.0,0.0,0.0,0.0,0.0,0.0,0.0,0.00011055668412660398,0.0003480488203985681,0.0,0.0,0.0,0.0,0.0,0.0,0.0,0.00011055668412660398,0.0003480488203985681,0.0,0.0,0.0,0.0,0.0,0.0,0.0,5.527834206330199e-05,8.189384009378072e-05,7.370445608440265e-05,7.370445608440265e-05,7.370445608440265e-05,9.21305701055033e-05,7.370445608440265e-05,0.0,0.0,0.00011055668412660398,0.00016378768018756145,0.0001474089121688053,0.0001474089121688053,0.0001474089121688053,0.0001842611402110066,0.0001474089121688053,0.0,0.0,0.0,0.0,0.0,0.0,0.0,0.0,0.0,0.0,0.0,0.0008025596329190507,0.0006223931847127334,0.0,0.0,0.0,0.0,0.0,0.0005486887286283306,0.0005486887286283306,0.0006592454127549346,5.3230996060957466e-05,0.00025796559629540924,0.00025796559629540924,0.00025796559629540924,0.0002948178243376106,0.00025796559629540924,0.0,0.0,0.00020063990822976276,0.0003111965923563667,0.0,0.0,0.0,0.0,0.0,0.0,0.0,0.00020063990822976276,0.0003111965923563667,0.0,0.0,0.0,0.0,0.0,0.0,0.0,0.00020063990822976276,0.0003111965923563667,0.0,0.0,0.0,0.0,0.0,0.0,0.0,0.00040127981645952536,0.0003111965923563667,0.0,0.0,0.0,0.0,0.0,0.0,0.0,0.00040127981645952536,0.0003111965923563667,0.0,0.0,0.0,0.0,0.0,0.0,0.0,0.00040127981645952536,0.0003111965923563667,0.0,0.0,0.0,0.0,0.0,0.0,0.0,0.00040127981645952536,0.0003111965923563667,0.0,0.0,0.0,0.0,0.0,0.0,0.0,0.00011055668412660398,0.0003480488203985681,0.0,0.0,0.0,0.0,0.0,0.0,0.0,0.0010031995411488135,0.0015559829617818332,0.0,0.0,0.0,0.0,0.0
x_R06_EXIT_E,0.0,0.0,0.00011055668412660398,0.0,0.0007861808649002948,0.0,0.0,0.0,0.0,0.0,0.0,0.00011055668412660398,0.0,0.0007861808649002948,0.0,0.0,0.0,0.0,0.0,0.0,0.00011055668412660398,0.0002907231323329215,0.0010072942331535025,0.0,0.0,0.0,0.0,0.0,0.0,0.00011055668412660398,0.0002907231323329215,0.0010072942331535025,0.0,0.0,0.0,0.0,0.00011055668412660398,0.00011055668412660398,0.0,0.00040127981645952536,0.0016296874178662363,0.0006223931847127332,0.00036442758841732405,0.00011055668412660398,0.0006223931847127332,0.8372734477890212,0.8372734477890212,0.8371628911048946,0.8375641709213542,-0.8002406454763589,0.8377852842896074,0.837527318693312,0.8372734477890212,0.8377852842896074,0.0,0.0,0.00011055668412660398,0.0,0.0015191307337396323,0.0005118365005861294,0.00025387090429072017,0.0,0.0005118365005861294,0.0,0.0,0.00011055668412660398,0.0,0.0007861808649002948,0.0,0.0,0.0,0.0,0.0,0.0,0.00011055668412660398,0.0,0.0007861808649002948,0.0,0.0,0.0,0.0,0.0,0.0,0.00011055668412660398,0.0,0.0012284076014067106,0.00022111336825320795,0.00022111336825320795,0.0,0.00022111336825320795,0.0,0.0,0.00011055668412660398,0.0,0.0015191307337396323,0.0005118365005861294,0.00025387090429072017,0.0,0.0005118365005861294,0.0,0.0,0.0004012798164595255,7.370445608440265e-05,0.002014588466307005,0.0,0.0,0.0,0.0,0.0,0.0,0.00011055668412660398,0.0,0.0007861808649002948,0.0,0.0,0.0,0.0,0.0,0.0,0.00011055668412660398,0.0,0.0007861808649002948,0.0,0.0,0.0,0.0,0.0,0.0,5.527834206330199e-05,0.0,0.0006142038007033553,0.00011055668412660398,0.00011055668412660398,0.0,0.00011055668412660398,0.0,0.0,0.00011055668412660398,0.0,0.0012284076014067106,0.00022111336825320795,0.00022111336825320795,0.0,0.00022111336825320795,0.0,0.0,0.0,0.0,0.0,0.0,0.0,0.0,0.0,0.0,0.0,0.000949968545087856,0.0001474089121688053,0.0018671795541382002,0.0,0.0,0.0,0.0,0.0002907231323329215,0.0002907231323329215,0.00040127981645952536,0.0,0.0012284076014067106,0.00022111336825320795,0.00022111336825320795,0.0,0.00022111336825320795,0.0,0.0,0.00020063990822976276,0.00022111336825320795,0.0007861808649002948,0.0,0.0,0.0,0.0,0.0,0.0,0.00020063990822976276,0.00022111336825320795,0.0007861808649002948,0.0,0.0,0.0,0.0,0.0,0.0,0.00020063990822976276,0.00022111336825320795,0.0007861808649002948,0.0,0.0,0.0,0.0,0.0,0.0,0.0007698020968815386,0.00036852228042201317,0.0007861808649002948,0.0,0.0,0.0,0.0,0.0,0.0,0.0007698020968815386,0.00036852228042201317,0.0007861808649002948,0.0,0.0,0.0,0.0,0.00040537450846421454,0.00040537450846421454,0.0011751766053457533,0.0007738967888862278,0.0003480488203985681,0.00040537450846421454,0.00040537450846421454,0.00040537450846421454,0.00040537450846421454,0.00011055668412660398,0.00011055668412660398,0.0008803587810081425,0.0004790789645486171,5.323099606095746e-05,0.00011055668412660398,0.00011055668412660398,0.00011055668412660398,0.00011055668412660398,0.0,0.0,0.00011055668412660398,0.0,0.0007861808649002948,0.0,0.0,0.0,0.0,0.0,0.0,0.0010031995411488135,0.0011055668412660396,0.003930904324501473,0.0,0.0,0.0,0.0
x_R06_EXIT_F,0.0,0.0,0.00011055668412660398,0.0,0.0,0.00016378768018756145,0.0,0.0,0.0,0.0,0.0,0.00011055668412660398,0.0,0.0,0.00016378768018756145,0.0,0.0,0.0,0.0,0.0,0.00011055668412660398,0.0002907231323329215,0.0,0.00034395412839387896,0.0,0.0,0.00014331422016411626,0.0,0.0,0.00011055668412660398,0.0002907231323329215,0.0,0.00034395412839387896,0.0,0.0,0.00014331422016411626,0.00011055668412660398,0.00011055668412660398,0.0,0.00040127981645952536,0.0006223931847127332,0.0010031995411488135,0.00036442758841732405,0.00011055668412660398,0.0008025596329190508,0.8372734477890212,0.8372734477890212,0.8371628911048946,0.8375641709213542,0.8377852842896074,-0.8046281028474348,0.837527318693312,0.8372734477890212,0.8379654507378137,0.0,0.0,0.00011055668412660398,0.0,0.0005118365005861294,0.0008926428570222096,0.00025387090429072017,0.0,0.0006920029487924469,0.0,0.0,0.00011055668412660398,0.0,0.0,0.00016378768018756145,0.0,0.0,0.0,0.0,0.0,0.00011055668412660398,0.0,0.0,0.00016378768018756145,0.0,0.0,0.0,0.0,0.0,0.00011055668412660398,0.0,0.00022111336825320795,0.0006019197246892882,0.00025796559629540924,0.0,0.00040127981645952547,0.0,0.0,0.00011055668412660398,0.0,0.0005118365005861294,0.0008926428570222096,0.00025387090429072017,0.0,0.0006920029487924469,0.0,0.0,0.0004012798164595255,7.370445608440265e-05,7.370445608440265e-05,0.0006879082567877579,0.0,0.0,0.0002866284403282325,0.0,0.0,0.00011055668412660398,0.0,0.0,0.00016378768018756145,0.0,0.0,0.0,0.0,0.0,0.00011055668412660398,0.0,0.0,0.00016378768018756145,0.0,0.0,0.0,0.0,0.0,5.527834206330199e-05,0.0,0.00011055668412660398,0.0003009598623446441,0.00012898279814770462,0.0,0.00020063990822976273,0.0,0.0,0.00011055668412660398,0.0,0.00022111336825320795,0.0006019197246892882,0.00025796559629540924,0.0,0.00040127981645952547,0.0,0.0,0.0,0.0,0.0,0.0,0.0,0.0,0.0,0.00010646199212191492,0.00010646199212191492,0.000949968545087856,0.0001474089121688053,0.0,0.0005814462646658431,0.00018016644820631754,0.00010646199212191492,0.00018016644820631754,0.0002907231323329215,0.0002907231323329215,0.00040127981645952536,0.0,0.00022111336825320795,0.0006019197246892882,0.00025796559629540924,0.0,0.00040127981645952547,0.0,0.0,0.00020063990822976276,0.00025796559629540924,0.0,0.00016378768018756145,0.0,0.0,0.0,0.0,0.0,0.00020063990822976276,0.00025796559629540924,0.0,0.00016378768018756145,0.0,0.0,0.0,0.0,0.0,0.00020063990822976276,0.00025796559629540924,0.0,0.00016378768018756145,0.0,0.0,0.0,0.0,0.0,0.0006592454127549346,0.00025796559629540924,0.0,5.323099606095746e-05,0.0,0.0,0.0,0.00011055668412660398,0.00010646199212191492,0.0006223931847127332,0.00022111336825320795,0.0,5.323099606095746e-05,0.00011055668412660398,0.00011055668412660398,0.00011055668412660398,0.0,0.00010646199212191492,0.0006223931847127332,0.00022111336825320795,0.0,0.00016378768018756145,0.0,0.0,0.0,0.0,0.00010646199212191492,0.0006223931847127332,0.00022111336825320795,0.0,0.00016378768018756145,0.0,0.0,0.0,0.0,0.0,0.00011055668412660398,0.0,0.0,0.00016378768018756145,0.0,0.0,0.0,0.0,0.0,0.0010031995411488135,0.0012898279814770462,0.0,0.0008189384009378071,0.0,0.0,0.0
x_R06_EXIT_G,0.0,0.0,0.00011055668412660398,0.00043813204450172683,0.00014331422016411623,0.00014331422016411623,0.0010031995411488137,0.0,0.00014331422016411623,0.0,0.0,0.00011055668412660398,0.00043813204450172683,0.00014331422016411623,0.00014331422016411623,0.0010031995411488137,0.0,0.00014331422016411623,0.0,0.0,0.00011055668412660398,0.00025387090429072017,0.0002948178243376106,0.0002948178243376106,0.0013881005895895833,0.0,0.0002948178243376106,0.0,0.0,0.00011055668412660398,0.00025387090429072017,0.0002948178243376106,0.0002948178243376106,0.0013881005895895833,0.0,0.0002948178243376106,0.00011055668412660398,0.00011055668412660398,0.0,0.00036442758841732405,0.00036442758841732405,0.00036442758841732405,0.002227512450550835,0.00011055668412660398,0.00036442758841732405,0.8372734477890212,0.8372734477890212,0.8371628911048946,0.837527318693312,0.837527318693312,0.837527318693312,-0.7954639654499425,0.8372734477890212,0.837527318693312,0.0,0.0,0.00011055668412660398,0.0,0.00025387090429072017,0.00025387090429072017,0.0021169557664242316,0.0,0.00025387090429072017,0.0,0.0,0.00011055668412660398,0.00043813204450172683,0.00014331422016411623,0.00014331422016411623,0.0010031995411488137,0.0,0.00014331422016411623,0.0,0.0,0.00011055668412660398,0.00043813204450172683,0.00014331422016411623,0.00014331422016411623,0.0010031995411488137,0.0,0.00014331422016411623,0.0,0.0,0.00011055668412660398,0.0,0.0,0.0,0.0010932827652519726,0.00043813204450172683,0.0,0.0,0.0,0.00011055668412660398,0.0,0.00025387090429072017,0.00025387090429072017,0.0021169557664242316,0.0,0.00025387090429072017,0.0,0.0,0.0004012798164595255,0.0008435065529659413,0.0006633401047596238,0.0006633401047596238,0.002849905635263569,0.0,0.0006633401047596238,0.0,0.0,0.00011055668412660398,0.00043813204450172683,0.00014331422016411623,0.00014331422016411623,0.0010031995411488137,0.0,0.00014331422016411623,0.0,0.0,0.00011055668412660398,0.00043813204450172683,0.00014331422016411623,0.00014331422016411623,0.0010031995411488137,0.0,0.00014331422016411623,0.0,0.0,5.527834206330199e-05,0.0,0.0,0.0,0.0005466413826259863,0.00021906602225086342,0.0,0.0,0.0,0.00011055668412660398,0.0,0.0,0.0,0.0010932827652519726,0.00043813204450172683,0.0,0.0,0.0,0.0,0.0,0.0,0.0,0.0,0.0,0.0,0.00018016644820631757,0.0005896356486752212,0.0007288551768346481,0.0,0.0,0.0,0.0017197706419693952,0.00018016644820631757,0.0,0.00025387090429072017,0.00025387090429072017,0.00036442758841732405,0.0,0.0,0.0,0.0010932827652519726,0.00043813204450172683,0.0,0.0009499685450878565,0.0013348695935286258,0.00157236172980059,0.0010400517691910153,0.0008066543249237402,0.0008066543249237402,5.323099606095746e-05,0.0009499685450878565,0.0008066543249237402,0.0006223931847127333,0.0010072942331535027,0.0012447863694254667,0.0007124764088158922,0.0004790789645486171,0.0004790789645486171,0.00034804882039856803,0.0006223931847127333,0.0004790789645486171,0.00018016644820631757,0.000565067496647087,0.000802559632919051,0.0002702496723094764,0.0,0.0,0.0008230330929424963,0.00018016644820631757,0.0,0.00014331422016411623,0.0005282152686048857,0.00036442758841732405,0.0,0.0,0.0,0.0008598853209846976,0.00014331422016411623,0.0,0.00014331422016411623,0.0002948178243376106,0.00036442758841732405,0.0,0.0,0.0,0.0008598853209846976,0.00014331422016411623,0.0,0.00014331422016411623,0.0002948178243376106,0.00036442758841732405,0.0,0.0,0.0,0.0008598853209846976,0.00014331422016411623,0.0,0.00014331422016411623,0.0002948178243376106,0.00036442758841732405,0.0,0.0,0.0,0.0008598853209846976,0.00014331422016411623,0.0,0.0,0.0,0.00011055668412660398,0.00043813204450172683,0.00014331422016411623,0.00014331422016411623,0.0010031995411488137,0.0,0.00014331422016411623,0.0,0.0,0.003378120903868454,0.0007165711008205812,0.00045041612051579383,0.00045041612051579383,0.004749842725439281,0.0,0.00045041612051579383
x_R06_EXIT_H,0.0,0.0001474089121688053,0.0005896356486752212,0.00029481782433761055,0.0003316700523798118,0.0003316700523798118,0.0003316700523798118,0.00016378768018756142,0.0003316700523798118,0.0,0.0001474089121688053,0.0005896356486752212,0.00029481782433761055,0.0003316700523798118,0.0003316700523798118,0.0003316700523798118,0.00016378768018756142,0.0003316700523798118,0.0001474089121688053,0.0,0.0004422267365064159,0.00033167005237981186,0.0,0.0,0.0,0.0008271277849471851,0.0,0.0001474089121688053,0.0,0.0004422267365064159,0.00033167005237981186,0.0,0.0,0.0,0.0008271277849471851,0.0,0.0005896356486752212,0.0004422267365064159,0.0,0.00011055668412660398,0.00011055668412660398,0.00011055668412660398,0.00011055668412660398,0.0012693545214536009,0.00011055668412660398,0.8377525267535699,0.8376051178414011,0.8371628911048946,0.8372734477890212,0.8372734477890212,0.8372734477890212,0.8372734477890212,-0.8031082913690105,0.8372734477890212,0.0004790789645486171,0.00033167005237981186,0.00011055668412660398,0.0,0.0,0.0,0.0,0.001158797837326997,0.0,0.0,0.0001474089121688053,0.0005896356486752212,0.00022111336825320795,0.0001842611402110066,0.0001842611402110066,0.0001842611402110066,0.00016378768018756142,0.0001842611402110066,0.0,0.0001474089121688053,0.0005896356486752212,0.00022111336825320795,0.0001842611402110066,0.0001842611402110066,0.0001842611402110066,0.00016378768018756142,0.0001842611402110066,0.0004790789645486171,0.00033167005237981186,0.00011055668412660398,0.0,0.0,0.0,0.0,0.00038490104844076935,0.0,0.0004790789645486171,0.00033167005237981186,0.00011055668412660398,0.0,0.0,0.0,0.0,0.001158797837326997,0.0,0.00022111336825320795,0.0,0.00022111336825320795,0.0,0.0,0.0,0.0,0.0007698020968815387,0.0,0.0,0.0006633401047596236,0.0011055668412660396,0.00022111336825320795,0.0001842611402110066,0.0001842611402110066,0.0001842611402110066,0.00016378768018756142,0.0001842611402110066,0.0,0.0006633401047596236,0.0011055668412660396,0.00022111336825320795,0.0001842611402110066,0.0001842611402110066,0.0001842611402110066,0.00016378768018756142,0.0001842611402110066,0.00023953948227430855,0.00016583502618990593,5.527834206330199e-05,0.0,0.0,0.0,0.0,0.00019245052422038467,0.0,0.0004790789645486171,0.00033167005237981186,0.00011055668412660398,0.0,0.0,0.0,0.0,0.00038490104844076935,0.0,0.0,0.0,0.0,0.0,0.0,0.0,0.0,0.0,0.0,0.0006633401047596236,0.0,0.00022111336825320795,0.0,0.0,0.0,0.0,0.0006960976407971361,0.0,0.0004790789645486171,0.00033167005237981186,0.00011055668412660398,0.0,0.0,0.0,0.0,0.00038490104844076935,0.0,0.0003316700523798118,0.0,0.00011055668412660398,0.0,0.0,0.0,0.0,0.00034804882039856803,0.0,0.0003316700523798118,0.0,0.00011055668412660398,0.0,0.0,0.0,0.0,0.00034804882039856803,0.0,0.0003316700523798118,0.0,0.00011055668412660398,0.0,0.0,0.0,0.0,0.00034804882039856803,0.0,0.0003316700523798118,0.0,0.00011055668412660398,0.0,0.0,0.0,0.0,0.00034804882039856803,0.0,0.0003316700523798118,0.0,0.00011055668412660398,0.0,0.0,0.0,0.0,0.00034804882039856803,0.0,0.0003316700523798118,0.0,0.00011055668412660398,0.0,0.0,0.0,0.0,0.00034804882039856803,0.0,0.0003316700523798118,0.0,0.00011055668412660398,0.0,0.0,0.0,0.0,0.00034804882039856803,0.0,0.0,0.0001474089121688053,0.0005896356486752212,0.00029481782433761055,0.0003316700523798118,0.0003316700523798118,0.0003316700523798118,0.00016378768018756142,0.0003316700523798118,0.0016583502618990591,0.0023953948227430854,0.0005527834206330198,0.0,0.0,0.0,0.0,0.00174024410199284,0.0
x_R06_EXIT_STAIRWELL,0.0,0.0,0.00011055668412660398,0.0,0.0,0.0,0.0,0.0,0.00016378768018756145,0.0,0.0,0.00011055668412660398,0.0,0.0,0.0,0.0,0.0,0.00016378768018756145,0.0,0.0,0.00011055668412660398,0.0002907231323329215,0.0,0.00014331422016411626,0.0,0.0,0.00032348066837043383,0.0,0.0,0.00011055668412660398,0.0002907231323329215,0.0,0.00014331422016411626,0.0,0.0,0.00032348066837043383,0.00011055668412660398,0.00011055668412660398,0.0,0.00040127981645952536,0.0006223931847127332,0.0008025596329190508,0.00036442758841732405,0.00011055668412660398,0.0009827260811253683,0.8372734477890212,0.8372734477890212,0.8371628911048946,0.8375641709213542,0.8377852842896074,0.8379654507378137,0.837527318693312,0.8372734477890212,-0.8075737748030705,0.0,0.0,0.00011055668412660398,0.0,0.0005118365005861294,0.0006920029487924469,0.00025387090429072017,0.0,0.0008721693969987646,0.0,0.0,0.00011055668412660398,0.0,0.0,0.0,0.0,0.0,0.00016378768018756145,0.0,0.0,0.00011055668412660398,0.0,0.0,0.0,0.0,0.0,0.00016378768018756145,0.0,0.0,0.00011055668412660398,0.0,0.00022111336825320795,0.00040127981645952547,0.00025796559629540924,0.0,0.0005814462646658431,0.0,0.0,0.00011055668412660398,0.0,0.0005118365005861294,0.0006920029487924469,0.00025387090429072017,0.0,0.0008721693969987646,0.0,0.0,0.0004012798164595255,7.370445608440265e-05,7.370445608440265e-05,0.0002866284403282325,0.0,0.0,0.0006469613367408677,0.0,0.0,0.00011055668412660398,0.0,0.0,0.0,0.0,0.0,0.00016378768018756145,0.0,0.0,0.00011055668412660398,0.0,0.0,0.0,0.0,0.0,0.00016378768018756145,0.0,0.0,5.527834206330199e-05,0.0,0.00011055668412660398,0.00020063990822976273,0.00012898279814770462,0.0,0.00029072313233292153,0.0,0.0,0.00011055668412660398,0.0,0.00022111336825320795,0.00040127981645952547,0.00025796559629540924,0.0,0.0005814462646658431,0.0,0.0,0.0,0.0,0.0,0.0,0.0,0.0,0.0,0.00010646199212191492,0.00010646199212191492,0.000949968545087856,0.0001474089121688053,0.0,0.00018016644820631754,0.00021292398424382984,0.00010646199212191492,0.0005404993446189528,0.0002907231323329215,0.0002907231323329215,0.00040127981645952536,0.0,0.00022111336825320795,0.00040127981645952547,0.00025796559629540924,0.0,0.0005814462646658431,0.0,0.0,0.00020063990822976276,0.00025796559629540924,0.0,0.0,0.0,0.0,0.00016378768018756145,0.0,0.0,0.00020063990822976276,0.00025796559629540924,0.0,0.0,0.0,0.0,0.00016378768018756145,0.0,0.0,0.00020063990822976276,0.00025796559629540924,0.0,0.0,0.0,0.0,0.00016378768018756145,0.0,0.0,0.0006756241807736907,0.00027434436431416536,0.0,0.0,0.0,0.0,0.00016378768018756145,0.0,0.00010646199212191492,0.0006223931847127332,0.00022111336825320795,0.0,0.0,0.0,0.0,0.00016378768018756145,0.0,0.00010646199212191492,0.0006223931847127332,0.00022111336825320795,0.0,0.0,0.0,0.0,0.00016378768018756145,0.0,0.00010646199212191492,0.0006223931847127332,0.00022111336825320795,0.0,0.0,0.0,0.0,0.00016378768018756145,0.0,0.0,0.00011055668412660398,0.0,0.0,0.0,0.0,0.0,0.00016378768018756145,0.0,0.0,0.0010031995411488135,0.0012898279814770462,0.0,0.0,0.0,0.0,0.0008189384009378071
x_R07_EXIT_A,5.323099606095746e-05,0.0004422267365064158,0.0007738967888862278,0.00029481782433761055,0.00029481782433761055,0.00029481782433761055,0.00029481782433761055,0.00011055668412660398,0.00029481782433761055,5.323099606095746e-05,0.0004422267365064158,0.0007738967888862278,0.00029481782433761055,0.00029481782433761055,0.00029481782433761055,0.00029481782433761055,0.00011055668412660398,0.00029481782433761055,0.0004954577325673731,0.0,0.00033167005237981186,0.00033167005237981186,0.0,0.0,0.0,0.0001474089121688053,0.0,0.0004954577325673731,0.0,0.00033167005237981186,0.00033167005237981186,0.0,0.0,0.0,0.0001474089121688053,0.0,0.0008271277849471854,0.00033167005237981186,0.0,0.0,0.0,0.0,0.0,0.0004790789645486171,0.0,0.0008271277849471854,0.00033167005237981186,0.0,0.0,0.0,0.0,0.0,0.0004790789645486171,0.0,-0.8068445792538935,0.8377525267535699,0.83742085670119,0.8372734477890212,0.83742085670119,0.83742085670119,0.83742085670119,0.8378999356657387,0.83742085670119,0.00016378768018756145,0.00033167005237981186,0.0006633401047596238,0.0,0.0,0.0,0.0,0.0,0.0,0.00016378768018756145,0.00033167005237981186,0.0006633401047596238,0.0,0.0,0.0,0.0,0.0,0.0,0.0009745366971159905,0.0004790789645486171,0.0001474089121688053,0.0,0.0,0.0,0.0,0.0,0.0,0.0010850933812425947,0.0005896356486752212,0.00025796559629540924,0.00011055668412660398,0.00025796559629540924,0.00025796559629540924,0.00025796559629540924,0.0007370445608440265,0.00025796559629540924,0.000696097640797136,0.0,0.0,0.0,0.0,0.0,0.0,0.0,0.0,0.00016378768018756145,0.0001474089121688053,0.0004790789645486171,0.0,0.0,0.0,0.0,0.0,0.0,0.00016378768018756145,0.0001474089121688053,0.0004790789645486171,0.0,0.0,0.0,0.0,0.0,0.0,0.00048726834855799525,0.00023953948227430855,7.370445608440265e-05,0.0,0.0,0.0,0.0,0.0,0.0,0.0009745366971159905,0.0004790789645486171,0.0001474089121688053,0.0,0.0,0.0,0.0,0.0,0.0,0.0,0.0,0.0,0.0,0.0,0.0,0.0,0.0,0.0,0.000696097640797136,0.0,0.0,0.0,0.0,0.0,0.0,0.0,0.0,0.0008271277849471854,0.00033167005237981186,0.0,0.0,0.0,0.0,0.0,0.0,0.0,0.000348048820398568,0.0,0.0,0.0,0.0,0.0,0.0,0.0,0.0,0.000348048820398568,0.0,0.0,0.0,0.0,0.0,0.0,0.0,0.0,0.000348048820398568,0.0,0.0,0.0,0.0,0.0,0.0,0.0,0.0,0.000348048820398568,0.0,0.0,0.0,0.0,0.0,0.0,0.0,0.0,0.000348048820398568,0.0,0.0,0.0,0.0,0.0,0.0,0.0,0.0,0.000348048820398568,0.0,0.0,0.0,0.0,0.0,0.0,0.0,0.0,0.000348048820398568,0.0,0.0,0.0,0.0,0.0,0.0,0.0,0.0,0.00016378768018756145,0.00033167005237981186,0.0006633401047596238,0.0001842611402110066,0.0001842611402110066,0.0001842611402110066,0.0001842611402110066,0.0,0.0001842611402110066,0.00174024410199284,0.0007370445608440263,0.0,0.0,0.0,0.0,0.0,0.0,0.0
x_R07_EXIT_B,0.0,0.00016378768018756142,0.00033167005237981186,0.0,0.0,0.0,0.0,0.0,0.0,0.0,0.00016378768018756142,0.00033167005237981186,0.0,0.0,0.0,0.0,0.0,0.0,0.00011055668412660398,5.323099606095746e-05,0.0004422267365064159,0.0004422267365064159,0.00011055668412660398,0.00011055668412660398,0.00011055668412660398,0.00011055668412660398,0.00011055668412660398,0.00011055668412660398,5.323099606095746e-05,0.0004422267365064159,0.0004422267365064159,0.00011055668412660398,0.00011055668412660398,0.00011055668412660398,0.00011055668412660398,0.00011055668412660398,0.00033167005237981186,0.0004954577325673732,0.0,0.0,0.0,0.0,0.0,0.00033167005237981186,0.0,0.00033167005237981186,0.0004954577325673732,0.0,0.0,0.0,0.0,0.0,0.00033167005237981186,0.0,0.8377525267535699,-0.8146981882949904,0.83742085670119,0.8372734477890212,0.83742085670119,0.83742085670119,0.83742085670119,0.8377525267535699,0.83742085670119,0.0,0.00016378768018756142,0.00033167005237981186,0.0,0.0,0.0,0.0,0.0,0.0,0.0,0.00016378768018756142,0.00033167005237981186,0.0,0.0,0.0,0.0,0.0,0.0,0.0004790789645486171,0.0006428666447361786,0.0001474089121688053,0.0,0.0,0.0,0.0,0.0,0.0,0.0005896356486752212,0.0007534233288627825,0.00025796559629540924,0.00011055668412660398,0.00025796559629540924,0.00025796559629540924,0.00025796559629540924,0.0005896356486752212,0.00025796559629540924,0.0,0.00032757536037512284,0.0,0.0,0.0,0.0,0.0,0.0,0.0,0.0,0.00016378768018756142,0.00033167005237981186,0.0,0.0,0.0,0.0,0.0,0.0,0.0,0.00016378768018756142,0.00033167005237981186,0.0,0.0,0.0,0.0,0.0,0.0,0.00023953948227430855,0.0003214333223680893,7.370445608440265e-05,0.0,0.0,0.0,0.0,0.0,0.0,0.0004790789645486171,0.0006428666447361786,0.0001474089121688053,0.0,0.0,0.0,0.0,0.0,0.0,0.0,0.0,0.0,0.0,0.0,0.0,0.0,0.0,0.0,0.0,0.00032757536037512284,0.0,0.0,0.0,0.0,0.0,0.0,0.0,0.00033167005237981186,0.0004954577325673732,0.0,0.0,0.0,0.0,0.0,0.0,0.0,0.0,0.00016378768018756142,0.0,0.0,0.0,0.0,0.0,0.0,0.0,0.0,0.00016378768018756142,0.0,0.0,0.0,0.0,0.0,0.0,0.0,0.0,0.00016378768018756142,0.0,0.0,0.0,0.0,0.0,0.0,0.0,0.0,0.00016378768018756142,0.0,0.0,0.0,0.0,0.0,0.0,0.0,0.0,0.00016378768018756142,0.0,0.0,0.0,0.0,0.0,0.0,0.0,0.0,0.00016378768018756142,0.0,0.0,0.0,0.0,0.0,0.0,0.0,0.0,0.00016378768018756142,0.0,0.0,0.0,0.0,0.0,0.0,0.0,0.0,0.00016378768018756142,0.00033167005237981186,0.0,0.0,0.0,0.0,0.0,0.0,0.0,0.000818938400937807,0.0,0.0,0.0,0.0,0.0,0.0,0.0
x_R07_EXIT_C,0.0,0.0,0.00016378768018756142,0.0,0.0,0.0,0.0,0.0,0.0,0.0,0.0,0.00016378768018756142,0.0,0.0,0.0,0.0,0.0,0.0,0.0,0.0,0.00016378768018756142,0.0,0.0,0.0,0.0,0.0,0.0,0.0,0.0,0.00016378768018756142,0.0,0.0,0.0,0.0,0.0,0.0,0.00011055668412660398,0.00011055668412660398,5.323099606095746e-05,0.00011055668412660398,0.00011055668412660398,0.00011055668412660398,0.00011055668412660398,0.00011055668412660398,0.00011055668412660398,0.00011055668412660398,0.00011055668412660398,5.323099606095746e-05,0.00011055668412660398,0.00011055668412660398,0.00011055668412660398,0.00011055668412660398,0.00011055668412660398,0.00011055668412660398,0.83742085670119,0.83742085670119,-0.8225517973360873,0.8372734477890212,0.83742085670119,0.83742085670119,0.83742085670119,0.83742085670119,0.83742085670119,0.0,0.0,0.00016378768018756142,0.0,0.0,0.0,0.0,0.0,0.0,0.0,0.0,0.00016378768018756142,0.0,0.0,0.0,0.0,0.0,0.0,0.0001474089121688053,0.0001474089121688053,0.00031119659235636667,0.0,0.0,0.0,0.0,0.0,0.0,0.00025796559629540924,0.00025796559629540924,0.00042175327648297066,0.00011055668412660398,0.00025796559629540924,0.00025796559629540924,0.00025796559629540924,0.00025796559629540924,0.00025796559629540924,0.0,0.0,0.00032757536037512284,0.0,0.0,0.0,0.0,0.0,0.0,0.0,0.0,0.00016378768018756142,0.0,0.0,0.0,0.0,0.0,0.0,0.0,0.0,0.00016378768018756142,0.0,0.0,0.0,0.0,0.0,0.0,7.370445608440265e-05,7.370445608440265e-05,0.00015559829617818333,0.0,0.0,0.0,0.0,0.0,0.0,0.0001474089121688053,0.0001474089121688053,0.00031119659235636667,0.0,0.0,0.0,0.0,0.0,0.0,0.0,0.0,0.0,0.0,0.0,0.0,0.0,0.0,0.0,0.0,0.0,0.00032757536037512284,0.0,0.0,0.0,0.0,0.0,0.0,0.0,0.0,0.00016378768018756142,0.0,0.0,0.0,0.0,0.0,0.0,0.0,0.0,0.00016378768018756142,0.0,0.0,0.0,0.0,0.0,0.0,0.0,0.0,0.00016378768018756142,0.0,0.0,0.0,0.0,0.0,0.0,0.0,0.0,0.00016378768018756142,0.0,0.0,0.0,0.0,0.0,0.0,0.0,0.0,0.00016378768018756142,0.0,0.0,0.0,0.0,0.0,0.0,0.0,0.0,0.00016378768018756142,0.0,0.0,0.0,0.0,0.0,0.0,0.0,0.0,0.00016378768018756142,0.0,0.0,0.0,0.0,0.0,0.0,0.0,0.0,0.00016378768018756142,0.0,0.0,0.0,0.0,0.0,0.0,0.0,0.0,0.00016378768018756142,0.0,0.0,0.0,0.0,0.0,0.0,0.0,0.0,0.000818938400937807,0.0,0.0,0.0,0.0,0.0,0.0
x_R07_EXIT_D,0.0,0.0,0.0,0.00016378768018756145,0.0,0.0,0.0,0.0,0.0,0.0,0.0,0.0,0.00016378768018756145,0.0,0.0,0.0,0.0,0.0,0.0,0.0,0.0,0.00016378768018756145,0.0,0.0,0.0,0.0,0.0,0.0,0.0,0.0,0.00016378768018756145,0.0,0.0,0.0,0.0,0.0,0.0,0.0,0.0,0.00016378768018756145,0.0,0.0,0.0,0.0,0.0,0.0,0.0,0.0,0.00016378768018756145,0.0,0.0,0.0,0.0,0.0,0.8372734477890212,0.8372734477890212,0.8372734477890212,-0.8184468737133349,0.8372734477890212,0.8372734477890212,0.8372734477890212,0.8372734477890212,0.8372734477890212,0.0,0.0,0.0,0.00016378768018756145,0.0,0.0,0.0,0.0,0.0,0.0,0.0,0.0,0.00016378768018756145,0.0,0.0,0.0,0.0,0.0,0.0003111965923563667,0.0003111965923563667,0.0003111965923563667,0.0003275753603751228,0.00016378768018756142,0.00016378768018756142,0.00016378768018756142,0.00016378768018756142,0.00016378768018756142,0.00011055668412660398,0.00011055668412660398,0.00011055668412660398,0.0007657074048768497,0.00011055668412660398,0.00011055668412660398,0.00011055668412660398,0.00011055668412660398,0.00011055668412660398,0.0,0.0,0.0,0.0003275753603751229,0.0,0.0,0.0,0.0,0.0,0.0,0.0,0.0,0.00016378768018756145,0.0,0.0,0.0,0.0,0.0,0.0,0.0,0.0,0.00016378768018756145,0.0,0.0,0.0,0.0,0.0,0.0002088292922391408,0.0002088292922391408,0.0002088292922391408,0.00011874606813598204,0.0,0.0,0.0,0.0,0.0,0.0004176585844782816,0.0004176585844782816,0.0004176585844782816,0.00023749213627196407,7.370445608440265e-05,7.370445608440265e-05,7.370445608440265e-05,7.370445608440265e-05,7.370445608440265e-05,0.0,0.0,0.0,0.0,0.0,0.0,0.0,0.0,0.0,0.0,0.0,0.0,0.0003275753603751229,0.0,0.0,0.0,0.0,0.0,0.00011055668412660398,0.00011055668412660398,0.00011055668412660398,5.3230996060957466e-05,0.00011055668412660398,0.00011055668412660398,0.00011055668412660398,0.00011055668412660398,0.00011055668412660398,0.0,0.0,0.0,0.00016378768018756145,0.0,0.0,0.0,0.0,0.0,0.0,0.0,0.0,0.00016378768018756145,0.0,0.0,0.0,0.0,0.0,0.0,0.0,0.0,0.00016378768018756145,0.0,0.0,0.0,0.0,0.0,0.0,0.0,0.0,0.00016378768018756145,0.0,0.0,0.0,0.0,0.0,0.0,0.0,0.0,0.00016378768018756145,0.0,0.0,0.0,0.0,0.0,0.0,0.0,0.0,0.00016378768018756145,0.0,0.0,0.0,0.0,0.0,0.0,0.0,0.0,0.00016378768018756145,0.0,0.0,0.0,0.0,0.0,0.0,0.0,0.0,0.00016378768018756145,0.0,0.0,0.0,0.0,0.0,0.0,0.0,0.0,0.0008189384009378071,0.0,0.0,0.0,0.0,0.0
x_R07_EXIT_E,0.0,0.0,0.0,0.0,0.0007861808649002948,0.0,0.0,0.0,0.0,0.0,0.0,0.0,0.0,0.0007861808649002948,0.0,0.0,0.0,0.0,0.0,0.0,0.0,0.0002907231323329215,0.0010072942331535025,0.0,0.0,0.0,0.0,0.0,0.0,0.0,0.0002907231323329215,0.0010072942331535025,0.0,0.0,0.0,0.0,0.0,0.0,0.0,0.0002907231323329215,0.0015191307337396323,0.0005118365005861294,0.00025387090429072017,0.0,0.0005118365005861294,0.0,0.0,0.0,0.0002907231323329215,0.0015191307337396323,0.0005118365005861294,0.00025387090429072017,0.0,0.0005118365005861294,0.83742085670119,0.83742085670119,0.83742085670119,0.8372734477890212,-0.7969590953188912,0.8379326932017762,0.8376747276054808,0.83742085670119,0.8379326932017762,0.0,0.0,0.0,0.0,0.0007861808649002948,0.0,0.0,0.0,0.0,0.0,0.0,0.0,0.0,0.0007861808649002948,0.0,0.0,0.0,0.0,0.0001474089121688053,0.0001474089121688053,0.0001474089121688053,0.0,0.0012284076014067106,0.00022111336825320795,0.00022111336825320795,0.0,0.00022111336825320795,0.00025796559629540924,0.00025796559629540924,0.00025796559629540924,0.00011055668412660398,0.0017770963300350415,0.0007698020968815387,0.0005118365005861294,0.00025796559629540924,0.0007698020968815387,0.0,0.0,0.00018016644820631757,7.370445608440265e-05,0.002014588466307005,0.0,0.0,0.0,0.0,0.0,0.0,0.0,0.0,0.0007861808649002948,0.0,0.0,0.0,0.0,0.0,0.0,0.0,0.0,0.0007861808649002948,0.0,0.0,0.0,0.0,7.370445608440265e-05,7.370445608440265e-05,7.370445608440265e-05,0.0,0.0006142038007033553,0.00011055668412660398,0.00011055668412660398,0.0,0.00011055668412660398,0.0001474089121688053,0.0001474089121688053,0.0001474089121688053,0.0,0.0012284076014067106,0.00022111336825320795,0.00022111336825320795,0.0,0.00022111336825320795,0.0,0.0,0.0,0.0,0.0,0.0,0.0,0.0,0.0,0.0,0.0,0.0007288551768346481,0.0001474089121688053,0.0018671795541382002,0.0,0.0,0.0,0.0,0.0002907231323329215,0.0002907231323329215,0.0002907231323329215,0.0,0.0012284076014067106,0.00022111336825320795,0.00022111336825320795,0.0,0.00022111336825320795,0.0,0.0,9.008322410315878e-05,0.00022111336825320795,0.0007861808649002948,0.0,0.0,0.0,0.0,0.0,0.0,9.008322410315878e-05,0.00022111336825320795,0.0007861808649002948,0.0,0.0,0.0,0.0,0.0,0.0,9.008322410315878e-05,0.00022111336825320795,0.0007861808649002948,0.0,0.0,0.0,0.0,0.0,0.0,0.0006592454127549346,0.00036852228042201317,0.0007861808649002948,0.0,0.0,0.0,0.0,0.0,0.0,0.0006592454127549346,0.00036852228042201317,0.0007861808649002948,0.0,0.0,0.0,0.0,0.00040537450846421454,0.00040537450846421454,0.0010646199212191493,0.0007738967888862278,0.0003480488203985681,0.00040537450846421454,0.00040537450846421454,0.00040537450846421454,0.00040537450846421454,0.00011055668412660398,0.00011055668412660398,0.0007698020968815386,0.0004790789645486171,5.323099606095746e-05,0.00011055668412660398,0.00011055668412660398,0.00011055668412660398,0.00011055668412660398,0.0,0.0,0.0,0.0,0.0007861808649002948,0.0,0.0,0.0,0.0,0.0,0.0,0.0004504161205157939,0.0011055668412660396,0.003930904324501473,0.0,0.0,0.0,0.0
x_R07_EXIT_F,0.0,0.0,0.0,0.0,0.0,0.00016378768018756145,0.0,0.0,0.0,0.0,0.0,0.0,0.0,0.0,0.00016378768018756145,0.0,0.0,0.0,0.0,0.0,0.0,0.0002907231323329215,0.0,0.00034395412839387896,0.0,0.0,0.00014331422016411626,0.0,0.0,0.0,0.0002907231323329215,0.0,0.00034395412839387896,0.0,0.0,0.00014331422016411626,0.0,0.0,0.0,0.0002907231323329215,0.0005118365005861294,0.0008926428570222096,0.00025387090429072017,0.0,0.0006920029487924469,0.0,0.0,0.0,0.0002907231323329215,0.0005118365005861294,0.0008926428570222096,0.00025387090429072017,0.0,0.0006920029487924469,0.83742085670119,0.83742085670119,0.83742085670119,0.8372734477890212,0.8379326932017762,-0.8013465526899672,0.8376747276054808,0.83742085670119,0.8381128596499825,0.0,0.0,0.0,0.0,0.0,0.00016378768018756145,0.0,0.0,0.0,0.0,0.0,0.0,0.0,0.0,0.00016378768018756145,0.0,0.0,0.0,0.0001474089121688053,0.0001474089121688053,0.0001474089121688053,0.0,0.00022111336825320795,0.0006019197246892882,0.00025796559629540924,0.0,0.00040127981645952547,0.00025796559629540924,0.00025796559629540924,0.00025796559629540924,0.00011055668412660398,0.0007698020968815387,0.001150608453317619,0.0005118365005861294,0.00025796559629540924,0.0009499685450878562,0.0,0.0,0.00018016644820631757,7.370445608440265e-05,7.370445608440265e-05,0.0006879082567877579,0.0,0.0,0.0002866284403282325,0.0,0.0,0.0,0.0,0.0,0.00016378768018756145,0.0,0.0,0.0,0.0,0.0,0.0,0.0,0.0,0.00016378768018756145,0.0,0.0,0.0,7.370445608440265e-05,7.370445608440265e-05,7.370445608440265e-05,0.0,0.00011055668412660398,0.0003009598623446441,0.00012898279814770462,0.0,0.00020063990822976273,0.0001474089121688053,0.0001474089121688053,0.0001474089121688053,0.0,0.00022111336825320795,0.0006019197246892882,0.00025796559629540924,0.0,0.00040127981645952547,0.0,0.0,0.0,0.0,0.0,0.0,0.0,0.0,0.0,0.00010646199212191492,0.00010646199212191492,0.0007288551768346481,0.0001474089121688053,0.0,0.0005814462646658431,0.00018016644820631754,0.00010646199212191492,0.00018016644820631754,0.0002907231323329215,0.0002907231323329215,0.0002907231323329215,0.0,0.00022111336825320795,0.0006019197246892882,0.00025796559629540924,0.0,0.00040127981645952547,0.0,0.0,9.008322410315878e-05,0.00025796559629540924,0.0,0.00016378768018756145,0.0,0.0,0.0,0.0,0.0,9.008322410315878e-05,0.00025796559629540924,0.0,0.00016378768018756145,0.0,0.0,0.0,0.0,0.0,9.008322410315878e-05,0.00025796559629540924,0.0,0.00016378768018756145,0.0,0.0,0.0,0.0,0.0,0.0005486887286283307,0.00025796559629540924,0.0,5.323099606095746e-05,0.0,0.0,0.0,0.00011055668412660398,0.00010646199212191492,0.0005118365005861294,0.00022111336825320795,0.0,5.323099606095746e-05,0.00011055668412660398,0.00011055668412660398,0.00011055668412660398,0.0,0.00010646199212191492,0.0005118365005861294,0.00022111336825320795,0.0,0.00016378768018756145,0.0,0.0,0.0,0.0,0.00010646199212191492,0.0005118365005861294,0.00022111336825320795,0.0,0.00016378768018756145,0.0,0.0,0.0,0.0,0.0,0.0,0.0,0.0,0.00016378768018756145,0.0,0.0,0.0,0.0,0.0,0.0004504161205157939,0.0012898279814770462,0.0,0.0008189384009378071,0.0,0.0,0.0
x_R07_EXIT_G,0.0,0.0,0.0,0.00043813204450172683,0.00014331422016411623,0.00014331422016411623,0.0010031995411488137,0.0,0.00014331422016411623,0.0,0.0,0.0,0.00043813204450172683,0.00014331422016411623,0.00014331422016411623,0.0010031995411488137,0.0,0.00014331422016411623,0.0,0.0,0.0,0.00025387090429072017,0.0002948178243376106,0.0002948178243376106,0.0013881005895895833,0.0,0.0002948178243376106,0.0,0.0,0.0,0.00025387090429072017,0.0002948178243376106,0.0002948178243376106,0.0013881005895895833,0.0,0.0002948178243376106,0.0,0.0,0.0,0.00025387090429072017,0.00025387090429072017,0.00025387090429072017,0.0021169557664242316,0.0,0.00025387090429072017,0.0,0.0,0.0,0.00025387090429072017,0.00025387090429072017,0.00025387090429072017,0.0021169557664242316,0.0,0.00025387090429072017,0.83742085670119,0.83742085670119,0.83742085670119,0.8372734477890212,0.8376747276054808,0.8376747276054808,-0.7921824152924749,0.83742085670119,0.8376747276054808,0.0,0.0,0.0,0.00043813204450172683,0.00014331422016411623,0.00014331422016411623,0.0010031995411488137,0.0,0.00014331422016411623,0.0,0.0,0.0,0.00043813204450172683,0.00014331422016411623,0.00014331422016411623,0.0010031995411488137,0.0,0.00014331422016411623,0.0001474089121688053,0.0001474089121688053,0.0001474089121688053,0.0,0.0,0.0,0.0010932827652519726,0.00043813204450172683,0.0,0.00025796559629540924,0.00025796559629540924,0.00025796559629540924,0.00011055668412660398,0.0005118365005861294,0.0005118365005861294,0.002374921362719641,0.00025796559629540924,0.0005118365005861294,0.0,0.0,0.00018016644820631757,0.0008435065529659413,0.0006633401047596238,0.0006633401047596238,0.002849905635263569,0.0,0.0006633401047596238,0.0,0.0,0.0,0.00043813204450172683,0.00014331422016411623,0.00014331422016411623,0.0010031995411488137,0.0,0.00014331422016411623,0.0,0.0,0.0,0.00043813204450172683,0.00014331422016411623,0.00014331422016411623,0.0010031995411488137,0.0,0.00014331422016411623,7.370445608440265e-05,7.370445608440265e-05,7.370445608440265e-05,0.0,0.0,0.0,0.0005466413826259863,0.00021906602225086342,0.0,0.0001474089121688053,0.0001474089121688053,0.0001474089121688053,0.0,0.0,0.0,0.0010932827652519726,0.00043813204450172683,0.0,0.0,0.0,0.0,0.0,0.0,0.0,0.0,0.0,0.0,0.00018016644820631757,0.0005896356486752212,0.0005077418085814403,0.0,0.0,0.0,0.0017197706419693952,0.00018016644820631757,0.0,0.00025387090429072017,0.00025387090429072017,0.00025387090429072017,0.0,0.0,0.0,0.0010932827652519726,0.00043813204450172683,0.0,0.0009499685450878565,0.0013348695935286258,0.001461805045673986,0.0010400517691910153,0.0008066543249237402,0.0008066543249237402,5.323099606095746e-05,0.0009499685450878565,0.0008066543249237402,0.0006223931847127333,0.0010072942331535027,0.0011342296852988626,0.0007124764088158922,0.0004790789645486171,0.0004790789645486171,0.00034804882039856803,0.0006223931847127333,0.0004790789645486171,0.00018016644820631757,0.000565067496647087,0.0006920029487924471,0.0002702496723094764,0.0,0.0,0.0008230330929424963,0.00018016644820631757,0.0,0.00014331422016411623,0.0005282152686048857,0.00025387090429072017,0.0,0.0,0.0,0.0008598853209846976,0.00014331422016411623,0.0,0.00014331422016411623,0.0002948178243376106,0.00025387090429072017,0.0,0.0,0.0,0.0008598853209846976,0.00014331422016411623,0.0,0.00014331422016411623,0.0002948178243376106,0.00025387090429072017,0.0,0.0,0.0,0.0008598853209846976,0.00014331422016411623,0.0,0.00014331422016411623,0.0002948178243376106,0.00025387090429072017,0.0,0.0,0.0,0.0008598853209846976,0.00014331422016411623,0.0,0.0,0.0,0.0,0.00043813204450172683,0.00014331422016411623,0.00014331422016411623,0.0010031995411488137,0.0,0.00014331422016411623,0.0,0.0,0.0028253374832354346,0.0007165711008205812,0.00045041612051579383,0.00045041612051579383,0.004749842725439281,0.0,0.00045041612051579383
x_R07_EXIT_H,0.0,0.0001474089121688053,0.0004790789645486171,0.00029481782433761055,0.0003316700523798118,0.0003316700523798118,0.0003316700523798118,0.00016378768018756142,0.0003316700523798118,0.0,0.0001474089121688053,0.0004790789645486171,0.00029481782433761055,0.0003316700523798118,0.0003316700523798118,0.0003316700523798118,0.00016378768018756142,0.0003316700523798118,0.0001474089121688053,0.0,0.00033167005237981186,0.00033167005237981186,0.0,0.0,0.0,0.0008271277849471851,0.0,0.0001474089121688053,0.0,0.00033167005237981186,0.00033167005237981186,0.0,0.0,0.0,0.0008271277849471851,0.0,0.0004790789645486171,0.00033167005237981186,0.0,0.0,0.0,0.0,0.0,0.001158797837326997,0.0,0.0004790789645486171,0.00033167005237981186,0.0,0.0,0.0,0.0,0.0,0.001158797837326997,0.0,0.8378999356657387,0.8377525267535699,0.83742085670119,0.8372734477890212,0.83742085670119,0.83742085670119,0.83742085670119,-0.799826741211543,0.83742085670119,0.0,0.0001474089121688053,0.0004790789645486171,0.00022111336825320795,0.0001842611402110066,0.0001842611402110066,0.0001842611402110066,0.00016378768018756142,0.0001842611402110066,0.0,0.0001474089121688053,0.0004790789645486171,0.00022111336825320795,0.0001842611402110066,0.0001842611402110066,0.0001842611402110066,0.00016378768018756142,0.0001842611402110066,0.0006264878767174225,0.0004790789645486171,0.0001474089121688053,0.0,0.0,0.0,0.0,0.00038490104844076935,0.0,0.0007370445608440265,0.0005896356486752212,0.00025796559629540924,0.00011055668412660398,0.00025796559629540924,0.00025796559629540924,0.00025796559629540924,0.0014167634336224063,0.00025796559629540924,0.00022111336825320795,0.0,0.0,0.0,0.0,0.0,0.0,0.0007698020968815387,0.0,0.0,0.0006633401047596236,0.0009950101571394357,0.00022111336825320795,0.0001842611402110066,0.0001842611402110066,0.0001842611402110066,0.00016378768018756142,0.0001842611402110066,0.0,0.0006633401047596236,0.0009950101571394357,0.00022111336825320795,0.0001842611402110066,0.0001842611402110066,0.0001842611402110066,0.00016378768018756142,0.0001842611402110066,0.00031324393835871126,0.00023953948227430855,7.370445608440265e-05,0.0,0.0,0.0,0.0,0.00019245052422038467,0.0,0.0006264878767174225,0.0004790789645486171,0.0001474089121688053,0.0,0.0,0.0,0.0,0.00038490104844076935,0.0,0.0,0.0,0.0,0.0,0.0,0.0,0.0,0.0,0.0,0.0006633401047596236,0.0,0.0,0.0,0.0,0.0,0.0,0.0006960976407971361,0.0,0.0004790789645486171,0.00033167005237981186,0.0,0.0,0.0,0.0,0.0,0.00038490104844076935,0.0,0.0003316700523798118,0.0,0.0,0.0,0.0,0.0,0.0,0.00034804882039856803,0.0,0.0003316700523798118,0.0,0.0,0.0,0.0,0.0,0.0,0.00034804882039856803,0.0,0.0003316700523798118,0.0,0.0,0.0,0.0,0.0,0.0,0.00034804882039856803,0.0,0.0003316700523798118,0.0,0.0,0.0,0.0,0.0,0.0,0.00034804882039856803,0.0,0.0003316700523798118,0.0,0.0,0.0,0.0,0.0,0.0,0.00034804882039856803,0.0,0.0003316700523798118,0.0,0.0,0.0,0.0,0.0,0.0,0.00034804882039856803,0.0,0.0003316700523798118,0.0,0.0,0.0,0.0,0.0,0.0,0.00034804882039856803,0.0,0.0,0.0001474089121688053,0.0004790789645486171,0.00029481782433761055,0.0003316700523798118,0.0003316700523798118,0.0003316700523798118,0.00016378768018756142,0.0003316700523798118,0.0016583502618990591,0.0023953948227430854,0.0,0.0,0.0,0.0,0.0,0.00174024410199284,0.0
x_R07_EXIT_STAIRWELL,0.0,0.0,0.0,0.0,0.0,0.0,0.0,0.0,0.00016378768018756145,0.0,0.0,0.0,0.0,0.0,0.0,0.0,0.0,0.00016378768018756145,0.0,0.0,0.0,0.0002907231323329215,0.0,0.00014331422016411626,0.0,0.0,0.00032348066837043383,0.0,0.0,0.0,0.0002907231323329215,0.0,0.00014331422016411626,0.0,0.0,0.00032348066837043383,0.0,0.0,0.0,0.0002907231323329215,0.0005118365005861294,0.0006920029487924469,0.00025387090429072017,0.0,0.0008721693969987646,0.0,0.0,0.0,0.0002907231323329215,0.0005118365005861294,0.0006920029487924469,0.00025387090429072017,0.0,0.0008721693969987646,0.83742085670119,0.83742085670119,0.83742085670119,0.8372734477890212,0.8379326932017762,0.8381128596499825,0.8376747276054808,0.83742085670119,-0.8042922246456029,0.0,0.0,0.0,0.0,0.0,0.0,0.0,0.0,0.00016378768018756145,0.0,0.0,0.0,0.0,0.0,0.0,0.0,0.0,0.00016378768018756145,0.0001474089121688053,0.0001474089121688053,0.0001474089121688053,0.0,0.00022111336825320795,0.00040127981645952547,0.00025796559629540924,0.0,0.0005814462646658431,0.00025796559629540924,0.00025796559629540924,0.00025796559629540924,0.00011055668412660398,0.0007698020968815387,0.0009499685450878562,0.0005118365005861294,0.00025796559629540924,0.0011301349932941738,0.0,0.0,0.00018016644820631757,7.370445608440265e-05,7.370445608440265e-05,0.0002866284403282325,0.0,0.0,0.0006469613367408677,0.0,0.0,0.0,0.0,0.0,0.0,0.0,0.0,0.00016378768018756145,0.0,0.0,0.0,0.0,0.0,0.0,0.0,0.0,0.00016378768018756145,7.370445608440265e-05,7.370445608440265e-05,7.370445608440265e-05,0.0,0.00011055668412660398,0.00020063990822976273,0.00012898279814770462,0.0,0.00029072313233292153,0.0001474089121688053,0.0001474089121688053,0.0001474089121688053,0.0,0.00022111336825320795,0.00040127981645952547,0.00025796559629540924,0.0,0.0005814462646658431,0.0,0.0,0.0,0.0,0.0,0.0,0.0,0.0,0.0,0.00010646199212191492,0.00010646199212191492,0.0007288551768346481,0.0001474089121688053,0.0,0.00018016644820631754,0.00021292398424382984,0.00010646199212191492,0.0005404993446189528,0.0002907231323329215,0.0002907231323329215,0.0002907231323329215,0.0,0.00022111336825320795,0.00040127981645952547,0.00025796559629540924,0.0,0.0005814462646658431,0.0,0.0,9.008322410315878e-05,0.00025796559629540924,0.0,0.0,0.0,0.0,0.00016378768018756145,0.0,0.0,9.008322410315878e-05,0.00025796559629540924,0.0,0.0,0.0,0.0,0.00016378768018756145,0.0,0.0,9.008322410315878e-05,0.00025796559629540924,0.0,0.0,0.0,0.0,0.00016378768018756145,0.0,0.0,0.0005650674966470868,0.00027434436431416536,0.0,0.0,0.0,0.0,0.00016378768018756145,0.0,0.00010646199212191492,0.0005118365005861294,0.00022111336825320795,0.0,0.0,0.0,0.0,0.00016378768018756145,0.0,0.00010646199212191492,0.0005118365005861294,0.00022111336825320795,0.0,0.0,0.0,0.0,0.00016378768018756145,0.0,0.00010646199212191492,0.0005118365005861294,0.00022111336825320795,0.0,0.0,0.0,0.0,0.00016378768018756145,0.0,0.0,0.0,0.0,0.0,0.0,0.0,0.0,0.00016378768018756145,0.0,0.0,0.0004504161205157939,0.0012898279814770462,0.0,0.0,0.0,0.0,0.0008189384009378071
x_R08_EXIT_A,5.323099606095746e-05,0.00011055668412660398,0.00011055668412660398,0.00011055668412660398,0.00011055668412660398,0.00011055668412660398,0.00011055668412660398,0.0007094053898123755,0.00011055668412660398,5.323099606095746e-05,0.00011055668412660398,0.00011055668412660398,0.00011055668412660398,0.00011055668412660398,0.00011055668412660398,0.00011055668412660398,0.0007094053898123755,0.00011055668412660398,0.00016378768018756145,0.0,0.0,0.0,0.0,0.0,0.0,0.0,0.0,0.00016378768018756145,0.0,0.0,0.0,0.0,0.0,0.0,0.0,0.0,0.00016378768018756145,0.0,0.0,0.0,0.0,0.0,0.0,0.0,0.0,0.00016378768018756145,0.0,0.0,0.0,0.0,0.0,0.0,0.0,0.0,0.00016378768018756145,0.0,0.0,0.0,0.0,0.0,0.0,0.0,0.0,-0.8258488160460199,0.8374669219862428,0.8374669219862428,0.8368588602235465,0.8368588602235465,0.8368588602235465,0.8368588602235465,0.8368588602235465,0.8368588602235465,0.000762636385873333,0.0005988487056857716,0.0005988487056857716,0.0,0.0,0.0,0.0,0.0,0.0,0.00016378768018756145,0.0,0.0,0.0,0.0,0.0,0.0,0.0,0.0,0.00016378768018756145,0.0,0.0,0.0,0.0,0.0,0.0,0.0,0.0,0.0003275753603751229,0.0,0.0,0.0,0.0,0.0,0.0,0.0,0.0,0.000762636385873333,0.0,0.0,0.0,0.0,0.0,0.0,0.0,0.0,0.000762636385873333,0.0,0.0,0.0,0.0,0.0,0.0,0.0,0.0,8.189384009378072e-05,0.0,0.0,0.0,0.0,0.0,0.0,0.0,0.0,0.00016378768018756145,0.0,0.0,0.0,0.0,0.0,0.0,0.0,0.0,0.0,0.0,0.0,0.0,0.0,0.0,0.0,0.0,0.0,0.0003275753603751229,0.0,0.0,0.0,0.0,0.0,0.0,0.0,0.0,0.00016378768018756145,0.0,0.0,0.0,0.0,0.0,0.0,0.0,0.0,0.00016378768018756145,0.0,0.0,0.0,0.0,0.0,0.0,0.0,0.0,0.00016378768018756145,0.0,0.0,0.0,0.0,0.0,0.0,0.0,0.0,0.00016378768018756145,0.0,0.0,0.0,0.0,0.0,0.0,0.0,0.0,0.00016378768018756145,0.0,0.0,0.0,0.0,0.0,0.0,0.0,0.0,0.00016378768018756145,0.0,0.0,0.0,0.0,0.0,0.0,0.0,0.0,0.00016378768018756145,0.0,0.0,0.0,0.0,0.0,0.0,0.0,0.0,0.00016378768018756145,0.0,0.0,0.0,0.0,0.0,0.0,0.0,0.0,0.0004678185615357224,0.0003040308813481609,0.0003040308813481609,0.0003040308813481609,0.0003040308813481609,0.0003040308813481609,0.0003040308813481609,0.0002948178243376106,0.0003040308813481609,0.0008189384009378071,0.0,0.0,0.0,0.0,0.0,0.0,0.0,0.0
x_R08_EXIT_B,0.0,0.0004954577325673733,0.00033167005237981186,0.0001842611402110066,0.0001842611402110066,0.0001842611402110066,0.0001842611402110066,0.0005988487056857716,0.0001842611402110066,0.0,0.0004954577325673733,0.00033167005237981186,0.0001842611402110066,0.0001842611402110066,0.0001842611402110066,0.0001842611402110066,0.0005988487056857716,0.0001842611402110066,0.0004422267365064159,5.323099606095746e-05,0.00011055668412660398,0.00011055668412660398,0.00011055668412660398,0.00011055668412660398,0.00011055668412660398,0.00025796559629540924,0.00011055668412660398,0.0004422267365064159,5.323099606095746e-05,0.00011055668412660398,0.00011055668412660398,0.00011055668412660398,0.00011055668412660398,0.00011055668412660398,0.00025796559629540924,0.00011055668412660398,0.00033167005237981186,0.00016378768018756142,0.0,0.0,0.0,0.0,0.0,0.0001474089121688053,0.0,0.00033167005237981186,0.00016378768018756142,0.0,0.0,0.0,0.0,0.0,0.0001474089121688053,0.0,0.00033167005237981186,0.00016378768018756142,0.0,0.0,0.0,0.0,0.0,0.0001474089121688053,0.0,0.8374669219862428,-0.817995207004923,0.8377985920386226,0.8368588602235465,0.8368588602235465,0.8368588602235465,0.8368588602235465,0.8368588602235465,0.8368588602235465,0.0005988487056857716,0.0010943064382531447,0.0009305187580655833,0.0,0.0,0.0,0.0,0.0,0.0,0.00033167005237981186,0.00016378768018756142,0.0,0.0,0.0,0.0,0.0,0.0,0.0,0.00033167005237981186,0.00016378768018756142,0.0,0.0,0.0,0.0,0.0,0.0001474089121688053,0.0,0.0003685222804220132,0.00032757536037512284,0.0,0.0,0.0,0.0,0.0,0.0,0.0,0.0005988487056857716,0.0003111965923563667,0.0001474089121688053,0.0,0.0,0.0,0.0,0.0,0.0,0.0005988487056857716,0.0003111965923563667,0.0001474089121688053,0.0,0.0,0.0,0.0,0.0,0.0,0.00016583502618990593,8.189384009378071e-05,0.0,0.0,0.0,0.0,0.0,0.0,0.0,0.00033167005237981186,0.00016378768018756142,0.0,0.0,0.0,0.0,0.0,0.0,0.0,0.0,0.0,0.0,0.0,0.0,0.0,0.0,0.0,0.0,0.0003685222804220132,0.00032757536037512284,0.0,0.0,0.0,0.0,0.0,0.0,0.0,0.00033167005237981186,0.00016378768018756142,0.0,0.0,0.0,0.0,0.0,0.0,0.0,0.0001842611402110066,0.00016378768018756142,0.0,0.0,0.0,0.0,0.0,0.0,0.0,0.0001842611402110066,0.00016378768018756142,0.0,0.0,0.0,0.0,0.0,0.0,0.0,0.0001842611402110066,0.00016378768018756142,0.0,0.0,0.0,0.0,0.0,0.0,0.0,0.0001842611402110066,0.00016378768018756142,0.0,0.0,0.0,0.0,0.0,0.0,0.0,0.0001842611402110066,0.00016378768018756142,0.0,0.0,0.0,0.0,0.0,0.0,0.0,0.0001842611402110066,0.00016378768018756142,0.0,0.0,0.0,0.0,0.0,0.0,0.0,0.0001842611402110066,0.00016378768018756142,0.0,0.0,0.0,0.0,0.0,0.0,0.0,0.0003040308813481609,0.0007994886139155341,0.0006357009337279727,0.0004882920215591675,0.0004882920215591675,0.0004882920215591675,0.0004882920215591675,0.0002948178243376106,0.0004882920215591675,0.0009213057010550329,0.0015559829617818332,0.0,0.0,0.0,0.0,0.0,0.0,0.0
x_R08_EXIT_C,0.0,0.00033167005237981186,0.0008271277849471854,0.0001842611402110066,0.0001842611402110066,0.0001842611402110066,0.0001842611402110066,0.0005988487056857716,0.0001842611402110066,0.0,0.00033167005237981186,0.0008271277849471854,0.0001842611402110066,0.0001842611402110066,0.0001842611402110066,0.0001842611402110066,0.0005988487056857716,0.0001842611402110066,0.00033167005237981186,0.0,0.0004954577325673733,0.00033167005237981186,0.0,0.0,0.0,0.0001474089121688053,0.0,0.00033167005237981186,0.0,0.0004954577325673733,0.00033167005237981186,0.0,0.0,0.0,0.0001474089121688053,0.0,0.0007738967888862278,0.0004422267365064159,5.323099606095746e-05,0.00011055668412660398,0.00011055668412660398,0.00011055668412660398,0.00011055668412660398,0.0005896356486752212,0.00011055668412660398,0.0007738967888862278,0.0004422267365064159,5.323099606095746e-05,0.00011055668412660398,0.00011055668412660398,0.00011055668412660398,0.00011055668412660398,0.0005896356486752212,0.00011055668412660398,0.0006633401047596238,0.00033167005237981186,0.00016378768018756142,0.0,0.0,0.0,0.0,0.0004790789645486171,0.0,0.8374669219862428,0.8377985920386226,-0.8101415979638261,0.8368588602235465,0.8368588602235465,0.8368588602235465,0.8368588602235465,0.8368588602235465,0.8368588602235465,0.0005988487056857716,0.0009305187580655833,0.0014259764906329568,0.0,0.0,0.0,0.0,0.0,0.0,0.0006633401047596238,0.00033167005237981186,0.00016378768018756142,0.0,0.0,0.0,0.0,0.0,0.0,0.0006633401047596238,0.00033167005237981186,0.00016378768018756142,0.0,0.0,0.0,0.0,0.0004790789645486171,0.0,0.0003685222804220132,0.0,0.00032757536037512284,0.0,0.0,0.0,0.0,0.0,0.0,0.0005988487056857716,0.0001474089121688053,0.0006428666447361786,0.0,0.0,0.0,0.0,0.0,0.0,0.0005988487056857716,0.0001474089121688053,0.0006428666447361786,0.0,0.0,0.0,0.0,0.0,0.0,0.0003316700523798119,0.00016583502618990593,8.189384009378071e-05,0.0,0.0,0.0,0.0,0.0,0.0,0.0006633401047596238,0.00033167005237981186,0.00016378768018756142,0.0,0.0,0.0,0.0,0.0,0.0,0.0,0.0,0.0,0.0,0.0,0.0,0.0,0.0,0.0,0.0003685222804220132,0.0,0.00032757536037512284,0.0,0.0,0.0,0.0,0.0,0.0,0.0006633401047596238,0.00033167005237981186,0.00016378768018756142,0.0,0.0,0.0,0.0,0.0,0.0,0.0001842611402110066,0.0,0.00016378768018756142,0.0,0.0,0.0,0.0,0.0,0.0,0.0001842611402110066,0.0,0.00016378768018756142,0.0,0.0,0.0,0.0,0.0,0.0,0.0001842611402110066,0.0,0.00016378768018756142,0.0,0.0,0.0,0.0,0.0,0.0,0.0001842611402110066,0.0,0.00016378768018756142,0.0,0.0,0.0,0.0,0.0,0.0,0.0001842611402110066,0.0,0.00016378768018756142,0.0,0.0,0.0,0.0,0.0,0.0,0.0001842611402110066,0.0,0.00016378768018756142,0.0,0.0,0.0,0.0,0.0,0.0,0.0001842611402110066,0.0,0.00016378768018756142,0.0,0.0,0.0,0.0,0.0,0.0,0.0003040308813481609,0.0006357009337279727,0.001131158666295346,0.0004882920215591675,0.0004882920215591675,0.0004882920215591675,0.0004882920215591675,0.0002948178243376106,0.0004882920215591675,0.0009213057010550329,0.0007370445608440263,0.000818938400937807,0.0,0.0,0.0,0.0,0.0,0.0
x_R08_EXIT_D,0.0,0.0,0.0,0.0011874606813598206,0.0,0.0,0.0,0.0004954577325673731,0.0,0.0,0.0,0.0,0.0011874606813598206,0.0,0.0,0.0,0.0004954577325673731,0.0,0.0,0.0,0.0,0.0003480488203985681,0.0,0.0,0.0,0.00022111336825320795,0.0,0.0,0.0,0.0,0.0003480488203985681,0.0,0.0,0.0,0.00022111336825320795,0.0,0.0,0.0,0.0,0.0003480488203985681,0.0,0.0,0.00043813204450172683,0.00022111336825320795,0.0,0.0,0.0,0.0,0.0003480488203985681,0.0,0.0,0.00043813204450172683,0.00022111336825320795,0.0,0.0,0.0,0.0,0.00016378768018756145,0.0,0.0,0.00043813204450172683,0.00022111336825320795,0.0,0.8368588602235465,0.8368588602235465,0.8368588602235465,-0.8023505464332481,0.8375477921533354,0.8375477921533354,0.8375477921533354,0.8373635310131244,0.8375477921533354,0.00031119659235636667,0.00031119659235636667,0.00031119659235636667,0.0015928351898240347,0.0003685222804220132,0.0003685222804220132,0.0003685222804220132,0.0001842611402110066,0.0003685222804220132,0.0,0.0,0.0,0.00016378768018756145,0.0001474089121688053,0.0001474089121688053,0.0001474089121688053,0.001244786369425467,0.0001474089121688053,0.0,0.0,0.0,0.00016378768018756145,0.0,0.0,0.00043813204450172683,0.00022111336825320795,0.0,0.0,0.0,0.0,0.0015396041937630774,0.0,0.0,0.0,0.001031862385181637,0.0,0.00042175327648297055,0.0002948178243376106,0.0002948178243376106,0.0014822785056974308,0.00025796559629540924,0.00025796559629540924,0.00025796559629540924,7.370445608440265e-05,0.00025796559629540924,0.00042175327648297055,0.0002948178243376106,0.0002948178243376106,0.0014822785056974308,0.00025796559629540924,0.00025796559629540924,0.00025796559629540924,7.370445608440265e-05,0.00025796559629540924,0.0,0.0,0.0,8.189384009378072e-05,7.370445608440265e-05,7.370445608440265e-05,7.370445608440265e-05,0.0006223931847127334,7.370445608440265e-05,0.0,0.0,0.0,0.00016378768018756145,0.0001474089121688053,0.0001474089121688053,0.0001474089121688053,0.001244786369425467,0.0001474089121688053,0.0,0.0,0.0,0.0,0.0,0.0,0.0,0.0,0.0,7.370445608440265e-05,0.0,7.370445608440265e-05,0.0006223931847127334,0.0,0.0,0.0,0.0003685222804220132,0.0,0.0002948178243376106,0.0002948178243376106,0.0002948178243376106,5.3230996060957466e-05,0.00025796559629540924,0.00025796559629540924,0.00025796559629540924,0.001355343053552071,0.00025796559629540924,0.0,0.0,0.0,0.0003111965923563667,0.0,0.0,0.0,0.0001842611402110066,0.0,0.0,0.0,0.0,0.0003111965923563667,0.0,0.0,0.0,0.0001842611402110066,0.0,0.0,0.0,0.0,0.0003111965923563667,0.0,0.0,0.0,0.0001842611402110066,0.0,0.0,0.0,0.0,0.0003111965923563667,0.0,0.0,0.0,0.0001842611402110066,0.0,0.0,0.0,0.0,0.0003111965923563667,0.0,0.0,0.0,0.0001842611402110066,0.0,0.0,0.0,0.0,0.0003111965923563667,0.0,0.0,0.0,0.0001842611402110066,0.0,0.0,0.0,0.0,0.0003111965923563667,0.0,0.0,0.0,0.0001842611402110066,0.0,0.0,0.0,0.0,0.0011874606813598206,0.0,0.0,0.0,0.0004954577325673731,0.0,0.00018426114021100659,0.00018426114021100659,0.0,0.0015559829617818332,0.0,0.0,0.0,0.0009213057010550329,0.0
x_R08_EXIT_E,0.0,0.0,0.0,0.0,0.0013717218215708268,0.0004749842725439281,0.0003275753603751229,0.0004954577325673731,0.0004012798164595255,0.0,0.0,0.0,0.0,0.0013717218215708268,0.0004749842725439281,0.0003275753603751229,0.0004954577325673731,0.0004012798164595255,0.0,0.0,0.0,0.0,0.0007861808649002948,0.0,0.00014331422016411623,0.0001842611402110066,0.0,0.0,0.0,0.0,0.0,0.0007861808649002948,0.0,0.00014331422016411623,0.0001842611402110066,0.0,0.0,0.0,0.0,0.0,0.0007861808649002948,0.0,0.00014331422016411623,0.0001842611402110066,0.0,0.0,0.0,0.0,0.0,0.0007861808649002948,0.0,0.00014331422016411623,0.0001842611402110066,0.0,0.0,0.0,0.0,0.0,0.0007861808649002948,0.0,0.00014331422016411623,0.0001842611402110066,0.0,0.8368588602235465,0.8368588602235465,0.8368588602235465,0.8375477921533354,-0.7980242825273476,0.8380227764258793,0.8378753675137105,0.8373635310131244,0.837949071969795,0.00031119659235636667,0.00031119659235636667,0.00031119659235636667,0.0003685222804220132,0.0017402441019928403,0.0008435065529659413,0.0006960976407971361,0.0001842611402110066,0.0007698020968815387,0.0,0.0,0.0,0.0,0.0007861808649002948,0.0,0.00014331422016411623,0.0001842611402110066,0.0,0.0,0.0,0.0,0.0,0.0007861808649002948,0.0,0.00014331422016411623,0.0001842611402110066,0.0,0.0,0.0,0.0,0.0,0.0015723617298005895,0.0,0.00028662844032823246,0.0003685222804220132,0.0,0.00042175327648297055,0.00025796559629540924,0.00025796559629540924,0.00025796559629540924,0.0016296874178662363,0.0007329498688393373,0.0005855409566705321,7.370445608440265e-05,0.0006592454127549348,0.00042175327648297055,0.00025796559629540924,0.00025796559629540924,0.00025796559629540924,0.0016296874178662363,0.0007329498688393373,0.0005855409566705321,7.370445608440265e-05,0.0006592454127549348,0.0,0.0,0.0,0.0,0.0003930904324501474,0.0,7.165711008205812e-05,9.21305701055033e-05,0.0,0.0,0.0,0.0,0.0,0.0007861808649002948,0.0,0.00014331422016411623,0.0001842611402110066,0.0,0.0,0.0,0.0,0.0,0.0,0.0,0.0,0.0,0.0,0.0003685222804220132,0.0,0.0,0.0,0.0015723617298005895,0.0,7.370445608440265e-05,0.0007370445608440263,0.0,0.0,0.0,0.0,0.0,0.0007861808649002948,0.0,0.00014331422016411623,0.0001842611402110066,0.0,0.0003275753603751229,0.00014331422016411623,0.00014331422016411623,0.00014331422016411623,0.0010441464611957042,0.0001474089121688053,0.0,0.0005118365005861294,7.370445608440265e-05,0.0003275753603751229,0.00014331422016411623,0.00014331422016411623,0.00014331422016411623,0.0010441464611957042,0.0001474089121688053,0.0,0.0005118365005861294,7.370445608440265e-05,0.0003275753603751229,0.00014331422016411623,0.00014331422016411623,0.00014331422016411623,0.0010441464611957042,0.0001474089121688053,0.0,0.0005118365005861294,7.370445608440265e-05,0.0003644275884173242,0.00018016644820631754,0.0,0.0,0.0010072942331535027,0.0,0.0,0.0005486887286283307,0.0,0.0004749842725439281,7.370445608440265e-05,0.0,0.0,0.0007861808649002948,0.0,0.0001474089121688053,0.0006592454127549346,0.0,0.0009909154651347465,0.0004790789645486171,0.0004422267365064159,0.0004422267365064159,0.0003480488203985681,0.0005159311925908185,0.0006633401047596238,0.0011751766053457531,0.0005527834206330198,0.0006960976407971361,0.0001842611402110066,0.0001474089121688053,0.0001474089121688053,5.323099606095746e-05,0.00022111336825320795,0.0003685222804220133,0.0008803587810081426,0.00025796559629540924,0.0,0.0,0.0,0.0,0.0013717218215708268,0.0004749842725439281,0.0003275753603751229,0.0004954577325673731,0.0004012798164595255,0.00036852228042201317,0.00036852228042201317,0.0002661549803047873,0.0002661549803047873,0.005671148426494313,0.0011874606813598201,0.00045041612051579383,0.001289827981477046,0.000818938400937807
x_R08_EXIT_F,0.0,0.0,0.0,0.0,0.0004749842725439281,0.0006387719527314895,0.0003275753603751229,0.0004954577325673731,0.0004012798164595255,0.0,0.0,0.0,0.0,0.0004749842725439281,0.0006387719527314895,0.0003275753603751229,0.0004954577325673731,0.0004012798164595255,0.0,0.0,0.0,0.0,0.0,0.00016378768018756145,0.00014331422016411623,0.0001842611402110066,0.0,0.0,0.0,0.0,0.0,0.0,0.00016378768018756145,0.00014331422016411623,0.0001842611402110066,0.0,0.0,0.0,0.0,0.0,0.0,0.00016378768018756145,0.00014331422016411623,0.0001842611402110066,0.0,0.0,0.0,0.0,0.0,0.0,0.00016378768018756145,0.00014331422016411623,0.0001842611402110066,0.0,0.0,0.0,0.0,0.0,0.0,0.00016378768018756145,0.00014331422016411623,0.0001842611402110066,0.0,0.8368588602235465,0.8368588602235465,0.8368588602235465,0.8375477921533354,0.8380227764258793,-0.8058612858855309,0.8378753675137105,0.8373635310131244,0.837949071969795,0.00031119659235636667,0.00031119659235636667,0.00031119659235636667,0.0003685222804220132,0.0008435065529659413,0.0010072942331535027,0.0006960976407971361,0.0001842611402110066,0.0007698020968815387,0.0,0.0,0.0,0.0,0.0,0.00016378768018756145,0.00014331422016411623,0.0001842611402110066,0.0,0.0,0.0,0.0,0.0,0.0,0.00016378768018756145,0.00014331422016411623,0.0001842611402110066,0.0,0.0,0.0,0.0,0.0,0.0,0.0003275753603751229,0.00028662844032823246,0.0003685222804220132,0.0,0.00042175327648297055,0.00025796559629540924,0.00025796559629540924,0.00025796559629540924,0.0007329498688393373,0.0008967375490268987,0.0005855409566705321,7.370445608440265e-05,0.0006592454127549348,0.00042175327648297055,0.00025796559629540924,0.00025796559629540924,0.00025796559629540924,0.0007329498688393373,0.0008967375490268987,0.0005855409566705321,7.370445608440265e-05,0.0006592454127549348,0.0,0.0,0.0,0.0,0.0,8.189384009378072e-05,7.165711008205812e-05,9.21305701055033e-05,0.0,0.0,0.0,0.0,0.0,0.0,0.00016378768018756145,0.00014331422016411623,0.0001842611402110066,0.0,0.0,0.0,0.0,0.0,0.0,0.0,0.0,0.0,0.0,0.0003685222804220132,0.0,0.0,0.0,0.0,0.0003275753603751229,7.370445608440265e-05,0.0007370445608440263,0.0,0.0,0.0,0.0,0.0,0.0,0.00016378768018756145,0.00014331422016411623,0.0001842611402110066,0.0,0.0003275753603751229,0.00014331422016411623,0.00014331422016411623,0.00014331422016411623,0.0001474089121688053,0.0003111965923563667,0.0,0.0005118365005861294,7.370445608440265e-05,0.0003275753603751229,0.00014331422016411623,0.00014331422016411623,0.00014331422016411623,0.0001474089121688053,0.0003111965923563667,0.0,0.0005118365005861294,7.370445608440265e-05,0.0003275753603751229,0.00014331422016411623,0.00014331422016411623,0.00014331422016411623,0.0001474089121688053,0.0003111965923563667,0.0,0.0005118365005861294,7.370445608440265e-05,0.0003644275884173242,0.00018016644820631754,0.0,0.0,0.00011055668412660398,5.323099606095746e-05,0.0,0.0005486887286283307,0.0,0.000585540956670532,0.0,0.0,0.0,0.0,5.323099606095746e-05,0.00025796559629540924,0.0007698020968815386,0.0001474089121688053,0.0004749842725439281,0.0,0.0,0.0,0.0,0.00016378768018756145,0.0001474089121688053,0.0006592454127549346,0.0,0.0004749842725439281,0.0,0.0,0.0,0.0,0.00016378768018756145,0.0001474089121688053,0.0006592454127549346,0.0,0.0,0.0,0.0,0.0,0.0004749842725439281,0.0006387719527314895,0.0003275753603751229,0.0004954577325673731,0.0004012798164595255,0.00036852228042201317,0.00036852228042201317,0.0002661549803047873,0.0002661549803047873,0.0011874606813598201,0.002006399082297627,0.00045041612051579383,0.001289827981477046,0.000818938400937807
x_R08_EXIT_G,0.0,0.0,0.0,0.0,0.0003275753603751229,0.0003275753603751229,0.0011874606813598206,0.0004954577325673731,0.0003275753603751229,0.0,0.0,0.0,0.0,0.0003275753603751229,0.0003275753603751229,0.0011874606813598206,0.0004954577325673731,0.0003275753603751229,0.0,0.0,0.0,0.0,0.0,0.0,0.0010031995411488137,0.0001842611402110066,0.0,0.0,0.0,0.0,0.0,0.0,0.0,0.0010031995411488137,0.0001842611402110066,0.0,0.0,0.0,0.0,0.0,0.0,0.0,0.0010031995411488137,0.0001842611402110066,0.0,0.0,0.0,0.0,0.0,0.0,0.0,0.0010031995411488137,0.0001842611402110066,0.0,0.0,0.0,0.0,0.0,0.0,0.0,0.0010031995411488137,0.0001842611402110066,0.0,0.8368588602235465,0.8368588602235465,0.8368588602235465,0.8375477921533354,0.8378753675137105,0.8378753675137105,-0.8015516276625441,0.8373635310131244,0.8378753675137105,0.00031119659235636667,0.00031119659235636667,0.00031119659235636667,0.0003685222804220132,0.0006960976407971361,0.0006960976407971361,0.0015559829617818335,0.0001842611402110066,0.0006960976407971361,0.0,0.0,0.0,0.0,0.0,0.0,0.0010031995411488137,0.0001842611402110066,0.0,0.0,0.0,0.0,0.0,0.0,0.0,0.0010031995411488137,0.0001842611402110066,0.0,0.0,0.0,0.0,0.0,0.0,0.0,0.0020063990822976273,0.0003685222804220132,0.0,0.00042175327648297055,0.00025796559629540924,0.00025796559629540924,0.00025796559629540924,0.0005855409566705321,0.0005855409566705321,0.0014454262776552298,7.370445608440265e-05,0.0005855409566705321,0.00042175327648297055,0.00025796559629540924,0.00025796559629540924,0.00025796559629540924,0.0005855409566705321,0.0005855409566705321,0.0014454262776552298,7.370445608440265e-05,0.0005855409566705321,0.0,0.0,0.0,0.0,0.0,0.0,0.0005015997705744068,9.21305701055033e-05,0.0,0.0,0.0,0.0,0.0,0.0,0.0,0.0010031995411488137,0.0001842611402110066,0.0,0.0,0.0,0.0,0.0,0.0,0.0,0.0,0.0,0.0,0.0003685222804220132,0.0,0.0,0.0,0.0,0.0,0.0017197706419693952,0.0007370445608440263,0.0,0.0,0.0,0.0,0.0,0.0,0.0,0.0010031995411488137,0.0001842611402110066,0.0,0.001134229685298863,0.0009499685450878565,0.0009499685450878565,0.0009499685450878565,0.0008066543249237402,0.0008066543249237402,5.323099606095746e-05,0.0013184908255098695,0.0008066543249237402,0.0008066543249237401,0.0006223931847127333,0.0006223931847127333,0.0006223931847127333,0.0004790789645486171,0.0004790789645486171,0.00034804882039856803,0.0009909154651347467,0.0004790789645486171,0.0003644275884173242,0.00018016644820631757,0.00018016644820631757,0.00018016644820631757,0.0,0.0,0.0008230330929424963,0.0005486887286283307,0.0,0.0003275753603751229,0.00014331422016411623,0.0,0.0,0.0,0.0,0.0008598853209846976,0.0005118365005861294,0.0,0.0003275753603751229,0.0,0.0,0.0,0.0,0.0,0.0008598853209846976,0.0005118365005861294,0.0,0.0003275753603751229,0.0,0.0,0.0,0.0,0.0,0.0008598853209846976,0.0005118365005861294,0.0,0.0003275753603751229,0.0,0.0,0.0,0.0,0.0,0.0008598853209846976,0.0005118365005861294,0.0,0.0,0.0,0.0,0.0,0.0003275753603751229,0.0003275753603751229,0.0011874606813598206,0.0004954577325673731,0.0003275753603751229,0.00036852228042201317,0.00036852228042201317,0.0002661549803047873,0.0002661549803047873,0.00045041612051579383,0.00045041612051579383,0.004749842725439281,0.001289827981477046,0.00045041612051579383
x_R08_EXIT_H,0.0,0.0,0.0,0.0,0.0,0.0,0.0,0.0006592454127549349,0.0,0.0,0.0,0.0,0.0,0.0,0.0,0.0,0.0006592454127549349,0.0,0.0,0.0,0.0,0.0,0.0,0.0,0.0,0.00016378768018756142,0.0,0.0,0.0,0.0,0.0,0.0,0.0,0.0,0.00016378768018756142,0.0,0.0,0.0,0.0,0.0,0.0,0.0,0.0,0.00016378768018756142,0.0,0.0,0.0,0.0,0.0,0.0,0.0,0.0,0.00016378768018756142,0.0,0.0,0.0,0.0,0.0,0.0,0.0,0.0,0.00016378768018756142,0.0,0.8368588602235465,0.8368588602235465,0.8368588602235465,0.8373635310131244,0.8373635310131244,0.8373635310131244,0.8373635310131244,-0.8236538367725859,0.8373635310131244,0.00031119659235636667,0.00031119659235636667,0.00031119659235636667,0.0001842611402110066,0.0001842611402110066,0.0001842611402110066,0.0001842611402110066,0.000348048820398568,0.0001842611402110066,0.0,0.0,0.0,0.0,0.0,0.0,0.0,0.00016378768018756142,0.0,0.0,0.0,0.0,0.0,0.0,0.0,0.0,0.00016378768018756142,0.0,0.0,0.0,0.0,0.0,0.0,0.0,0.0,0.00032757536037512284,0.0,0.00042175327648297055,7.370445608440265e-05,7.370445608440265e-05,7.370445608440265e-05,7.370445608440265e-05,7.370445608440265e-05,7.370445608440265e-05,0.00023749213627196405,7.370445608440265e-05,0.00042175327648297055,7.370445608440265e-05,7.370445608440265e-05,7.370445608440265e-05,7.370445608440265e-05,7.370445608440265e-05,7.370445608440265e-05,0.00023749213627196405,7.370445608440265e-05,0.0,0.0,0.0,0.0,0.0,0.0,0.0,8.189384009378071e-05,0.0,0.0,0.0,0.0,0.0,0.0,0.0,0.0,0.00016378768018756142,0.0,0.0,0.0,0.0,0.0,0.0,0.0,0.0,0.0,0.0,0.0,0.0,0.0,0.0,0.0,0.0,0.0,0.00032757536037512284,0.0,0.0,0.0,0.0,0.0,0.0,0.0,0.0,0.00016378768018756142,0.0,0.0,0.0,0.0,0.0,0.0,0.0,0.0,0.00016378768018756142,0.0,0.0,0.0,0.0,0.0,0.0,0.0,0.0,0.00016378768018756142,0.0,0.0,0.0,0.0,0.0,0.0,0.0,0.0,0.00016378768018756142,0.0,0.0,0.0,0.0,0.0,0.0,0.0,0.0,0.00016378768018756142,0.0,0.0,0.0,0.0,0.0,0.0,0.0,0.0,0.00016378768018756142,0.0,0.0,0.0,0.0,0.0,0.0,0.0,0.0,0.00016378768018756142,0.0,0.0,0.0,0.0,0.0,0.0,0.0,0.0,0.00016378768018756142,0.0,0.0,0.0,0.0,0.0,0.0,0.0,0.0,0.0006592454127549349,0.0,0.0,0.0,0.0,0.0,0.0,0.0,0.0,0.000818938400937807,0.0
x_R08_EXIT_STAIRWELL,0.0,0.0,0.0,0.0,0.0004012798164595255,0.0004012798164595255,0.0003275753603751229,0.0004954577325673731,0.0006182984927080444,0.0,0.0,0.0,0.0,0.0004012798164595255,0.0004012798164595255,0.0003275753603751229,0.0004954577325673731,0.0006182984927080444,0.0,0.0,0.0,0.0,0.0,0.0,0.00014331422016411623,0.0001842611402110066,0.00016378768018756145,0.0,0.0,0.0,0.0,0.0,0.0,0.00014331422016411623,0.0001842611402110066,0.00016378768018756145,0.0,0.0,0.0,0.0,0.0,0.0,0.00014331422016411623,0.0001842611402110066,0.00016378768018756145,0.0,0.0,0.0,0.0,0.0,0.0,0.00014331422016411623,0.0001842611402110066,0.00016378768018756145,0.0,0.0,0.0,0.0,0.0,0.0,0.00014331422016411623,0.0001842611402110066,0.00016378768018756145,0.8368588602235465,0.8368588602235465,0.8368588602235465,0.8375477921533354,0.837949071969795,0.837949071969795,0.8378753675137105,0.8373635310131244,-0.8088069578411665,0.00031119659235636667,0.00031119659235636667,0.00031119659235636667,0.0003685222804220132,0.0007698020968815387,0.0007698020968815387,0.0006960976407971361,0.0001842611402110066,0.0009868207731300574,0.0,0.0,0.0,0.0,0.0,0.0,0.00014331422016411623,0.0001842611402110066,0.00016378768018756145,0.0,0.0,0.0,0.0,0.0,0.0,0.00014331422016411623,0.0001842611402110066,0.00016378768018756145,0.0,0.0,0.0,0.0,0.0,0.0,0.00028662844032823246,0.0003685222804220132,0.0003275753603751229,0.00042175327648297055,0.00025796559629540924,0.00025796559629540924,0.00025796559629540924,0.0006592454127549348,0.0006592454127549348,0.0005855409566705321,7.370445608440265e-05,0.0008762640890034537,0.00042175327648297055,0.00025796559629540924,0.00025796559629540924,0.00025796559629540924,0.0006592454127549348,0.0006592454127549348,0.0005855409566705321,7.370445608440265e-05,0.0008762640890034537,0.0,0.0,0.0,0.0,0.0,0.0,7.165711008205812e-05,9.21305701055033e-05,8.189384009378072e-05,0.0,0.0,0.0,0.0,0.0,0.0,0.00014331422016411623,0.0001842611402110066,0.00016378768018756145,0.0,0.0,0.0,0.0,0.0,0.0,0.0,0.0,0.0,0.0003685222804220132,0.0,0.0,0.0,0.0,0.0,0.00010646199212191492,0.0007370445608440263,0.0003275753603751229,0.0,0.0,0.0,0.0,0.0,0.0,0.00014331422016411623,0.0001842611402110066,0.00016378768018756145,0.0003275753603751229,0.00014331422016411623,0.00014331422016411623,0.00014331422016411623,7.370445608440265e-05,7.370445608440265e-05,0.0,0.0005118365005861294,0.00029072313233292153,0.0003275753603751229,0.00014331422016411623,0.00014331422016411623,0.00014331422016411623,7.370445608440265e-05,7.370445608440265e-05,0.0,0.0005118365005861294,0.00029072313233292153,0.0003275753603751229,0.00014331422016411623,0.00014331422016411623,0.00014331422016411623,7.370445608440265e-05,7.370445608440265e-05,0.0,0.0005118365005861294,0.00029072313233292153,0.0003644275884173242,0.00018016644820631754,9.008322410315878e-05,9.008322410315878e-05,0.0,0.0,0.0,0.0005486887286283307,0.0002538709042907202,0.0004012798164595255,0.0,0.0,0.0,0.0,0.0,7.370445608440265e-05,0.0005855409566705321,0.00016378768018756145,0.0004012798164595255,0.0,0.0,0.0,0.0,0.0,7.370445608440265e-05,0.0005855409566705321,0.00016378768018756145,0.0004012798164595255,0.0,0.0,0.0,0.0,0.0,7.370445608440265e-05,0.0005855409566705321,0.00016378768018756145,0.0,0.0,0.0,0.0,0.0004012798164595255,0.0004012798164595255,0.0003275753603751229,0.0004954577325673731,0.0006182984927080444,0.00036852228042201317,0.00036852228042201317,0.0002661549803047873,0.0002661549803047873,0.000818938400937807,0.000818938400937807,0.00045041612051579383,0.001289827981477046,0.0019040317821804012
x_R09_EXIT_A,5.323099606095746e-05,0.00011055668412660398,0.00011055668412660398,0.00011055668412660398,0.00011055668412660398,0.00011055668412660398,0.00011055668412660398,0.0010533595182062542,0.00011055668412660398,5.323099606095746e-05,0.00011055668412660398,0.00011055668412660398,0.00011055668412660398,0.00011055668412660398,0.00011055668412660398,0.00011055668412660398,0.0010533595182062542,0.00011055668412660398,0.00016378768018756145,0.0,0.0,0.0,0.0,0.0,0.0,0.0,0.0,0.00016378768018756145,0.0,0.0,0.0,0.0,0.0,0.0,0.0,0.0,0.00016378768018756145,0.0,0.0,0.0,0.0,0.0,0.0,0.0,0.0,0.00016378768018756145,0.0,0.0,0.0,0.0,0.0,0.0,0.0,0.0,0.00016378768018756145,0.0,0.0,0.0,0.0,0.0,0.0,0.0,0.0,0.000762636385873333,0.0005988487056857716,0.0005988487056857716,0.00031119659235636667,0.00031119659235636667,0.00031119659235636667,0.00031119659235636667,0.00031119659235636667,0.00031119659235636667,-0.820404360850497,0.8381056939389743,0.8381056939389743,0.8371628911048946,0.8371628911048946,0.8371628911048946,0.8371628911048946,0.8371628911048946,0.8371628911048946,0.00016378768018756145,0.0,0.0,0.0,0.0,0.0,0.0,0.0,0.0,0.00016378768018756145,0.0,0.0,0.0,0.0,0.0,0.0,0.0,0.0,0.0003275753603751229,0.0,0.0,0.0,0.0,0.0,0.0,0.0,0.0,0.001106590514267212,0.0,0.0,0.0,0.0,0.0,0.0,0.0,0.0,0.001106590514267212,0.0,0.0,0.0,0.0,0.0,0.0,0.0,0.0,8.189384009378072e-05,0.0,0.0,0.0,0.0,0.0,0.0,0.0,0.0,0.00016378768018756145,0.0,0.0,0.0,0.0,0.0,0.0,0.0,0.0,0.0,0.0,0.0,0.0,0.0,0.0,0.0,0.0,0.0,0.0003275753603751229,0.0,0.0,0.0,0.0,0.0,0.0,0.0,0.0,0.00016378768018756145,0.0,0.0,0.0,0.0,0.0,0.0,0.0,0.0,0.00016378768018756145,0.0,0.0,0.0,0.0,0.0,0.0,0.0,0.0,0.00016378768018756145,0.0,0.0,0.0,0.0,0.0,0.0,0.0,0.0,0.00016378768018756145,0.0,0.0,0.0,0.0,0.0,0.0,0.0,0.0,0.00016378768018756145,0.0,0.0,0.0,0.0,0.0,0.0,0.0,0.0,0.00016378768018756145,0.0,0.0,0.0,0.0,0.0,0.0,0.0,0.0,0.00016378768018756145,0.0,0.0,0.0,0.0,0.0,0.0,0.0,0.0,0.00016378768018756145,0.0,0.0,0.0,0.0,0.0,0.0,0.0,0.0,0.0004678185615357224,0.0003040308813481609,0.0003040308813481609,0.0003040308813481609,0.0003040308813481609,0.0003040308813481609,0.0003040308813481609,0.0006387719527314895,0.0003040308813481609,0.0008189384009378071,0.0,0.0,0.0,0.0,0.0,0.0,0.0,0.0
x_R09_EXIT_B,0.0,0.0004954577325673733,0.00033167005237981186,0.0001842611402110066,0.0001842611402110066,0.0001842611402110066,0.0001842611402110066,0.0009428028340796505,0.0001842611402110066,0.0,0.0004954577325673733,0.00033167005237981186,0.0001842611402110066,0.0001842611402110066,0.0001842611402110066,0.0001842611402110066,0.0009428028340796505,0.0001842611402110066,0.0004422267365064159,5.323099606095746e-05,0.00011055668412660398,0.00011055668412660398,0.00011055668412660398,0.00011055668412660398,0.00011055668412660398,0.00025796559629540924,0.00011055668412660398,0.0004422267365064159,5.323099606095746e-05,0.00011055668412660398,0.00011055668412660398,0.00011055668412660398,0.00011055668412660398,0.00011055668412660398,0.00025796559629540924,0.00011055668412660398,0.00033167005237981186,0.00016378768018756142,0.0,0.0,0.0,0.0,0.0,0.0001474089121688053,0.0,0.00033167005237981186,0.00016378768018756142,0.0,0.0,0.0,0.0,0.0,0.0001474089121688053,0.0,0.00033167005237981186,0.00016378768018756142,0.0,0.0,0.0,0.0,0.0,0.0001474089121688053,0.0,0.0005988487056857716,0.0010943064382531447,0.0009305187580655833,0.00031119659235636667,0.00031119659235636667,0.00031119659235636667,0.00031119659235636667,0.00031119659235636667,0.00031119659235636667,0.8381056939389743,-0.8125507518094001,0.8384373639913542,0.8371628911048946,0.8371628911048946,0.8371628911048946,0.8371628911048946,0.8371628911048946,0.8371628911048946,0.00033167005237981186,0.00016378768018756142,0.0,0.0,0.0,0.0,0.0,0.0,0.0,0.00033167005237981186,0.00016378768018756142,0.0,0.0,0.0,0.0,0.0,0.0001474089121688053,0.0,0.0003685222804220132,0.00032757536037512284,0.0,0.0,0.0,0.0,0.0,0.0,0.0,0.0009428028340796505,0.0003111965923563667,0.0001474089121688053,0.0,0.0,0.0,0.0,0.0,0.0,0.0009428028340796505,0.0003111965923563667,0.0001474089121688053,0.0,0.0,0.0,0.0,0.0,0.0,0.00016583502618990593,8.189384009378071e-05,0.0,0.0,0.0,0.0,0.0,0.0,0.0,0.00033167005237981186,0.00016378768018756142,0.0,0.0,0.0,0.0,0.0,0.0,0.0,0.0,0.0,0.0,0.0,0.0,0.0,0.0,0.0,0.0,0.0003685222804220132,0.00032757536037512284,0.0,0.0,0.0,0.0,0.0,0.0,0.0,0.00033167005237981186,0.00016378768018756142,0.0,0.0,0.0,0.0,0.0,0.0,0.0,0.0001842611402110066,0.00016378768018756142,0.0,0.0,0.0,0.0,0.0,0.0,0.0,0.0001842611402110066,0.00016378768018756142,0.0,0.0,0.0,0.0,0.0,0.0,0.0,0.0001842611402110066,0.00016378768018756142,0.0,0.0,0.0,0.0,0.0,0.0,0.0,0.0001842611402110066,0.00016378768018756142,0.0,0.0,0.0,0.0,0.0,0.0,0.0,0.0001842611402110066,0.00016378768018756142,0.0,0.0,0.0,0.0,0.0,0.0,0.0,0.0001842611402110066,0.00016378768018756142,0.0,0.0,0.0,0.0,0.0,0.0,0.0,0.0001842611402110066,0.00016378768018756142,0.0,0.0,0.0,0.0,0.0,0.0,0.0,0.0003040308813481609,0.0007994886139155341,0.0006357009337279727,0.0004882920215591675,0.0004882920215591675,0.0004882920215591675,0.0004882920215591675,0.0006387719527314895,0.0004882920215591675,0.0009213057010550329,0.0015559829617818332,0.0,0.0,0.0,0.0,0.0,0.0,0.0
x_R09_EXIT_C,0.0,0.00033167005237981186,0.0008271277849471854,0.0001842611402110066,0.0001842611402110066,0.0001842611402110066,0.0001842611402110066,0.0009428028340796505,0.0001842611402110066,0.0,0.00033167005237981186,0.0008271277849471854,0.0001842611402110066,0.0001842611402110066,0.0001842611402110066,0.0001842611402110066,0.0009428028340796505,0.0001842611402110066,0.00033167005237981186,0.0,0.0004954577325673733,0.00033167005237981186,0.0,0.0,0.0,0.0001474089121688053,0.0,0.00033167005237981186,0.0,0.0004954577325673733,0.00033167005237981186,0.0,0.0,0.0,0.0001474089121688053,0.0,0.0007738967888862278,0.0004422267365064159,5.323099606095746e-05,0.00011055668412660398,0.00011055668412660398,0.00011055668412660398,0.00011055668412660398,0.0005896356486752212,0.00011055668412660398,0.0007738967888862278,0.0004422267365064159,5.323099606095746e-05,0.00011055668412660398,0.00011055668412660398,0.00011055668412660398,0.00011055668412660398,0.0005896356486752212,0.00011055668412660398,0.0006633401047596238,0.00033167005237981186,0.00016378768018756142,0.0,0.0,0.0,0.0,0.0004790789645486171,0.0,0.0005988487056857716,0.0009305187580655833,0.0014259764906329568,0.00031119659235636667,0.00031119659235636667,0.00031119659235636667,0.00031119659235636667,0.00031119659235636667,0.00031119659235636667,0.8381056939389743,0.8384373639913542,-0.8046971427683032,0.8371628911048946,0.8371628911048946,0.8371628911048946,0.8371628911048946,0.8371628911048946,0.8371628911048946,0.0006633401047596238,0.00033167005237981186,0.00016378768018756142,0.0,0.0,0.0,0.0,0.0,0.0,0.0006633401047596238,0.00033167005237981186,0.00016378768018756142,0.0,0.0,0.0,0.0,0.0004790789645486171,0.0,0.0003685222804220132,0.0,0.00032757536037512284,0.0,0.0,0.0,0.0,0.0,0.0,0.0009428028340796505,0.0001474089121688053,0.0006428666447361786,0.0,0.0,0.0,0.0,0.0,0.0,0.0009428028340796505,0.0001474089121688053,0.0006428666447361786,0.0,0.0,0.0,0.0,0.0,0.0,0.0003316700523798119,0.00016583502618990593,8.189384009378071e-05,0.0,0.0,0.0,0.0,0.0,0.0,0.0006633401047596238,0.00033167005237981186,0.00016378768018756142,0.0,0.0,0.0,0.0,0.0,0.0,0.0,0.0,0.0,0.0,0.0,0.0,0.0,0.0,0.0,0.0003685222804220132,0.0,0.00032757536037512284,0.0,0.0,0.0,0.0,0.0,0.0,0.0006633401047596238,0.00033167005237981186,0.00016378768018756142,0.0,0.0,0.0,0.0,0.0,0.0,0.0001842611402110066,0.0,0.00016378768018756142,0.0,0.0,0.0,0.0,0.0,0.0,0.0001842611402110066,0.0,0.00016378768018756142,0.0,0.0,0.0,0.0,0.0,0.0,0.0001842611402110066,0.0,0.00016378768018756142,0.0,0.0,0.0,0.0,0.0,0.0,0.0001842611402110066,0.0,0.00016378768018756142,0.0,0.0,0.0,0.0,0.0,0.0,0.0001842611402110066,0.0,0.00016378768018756142,0.0,0.0,0.0,0.0,0.0,0.0,0.0001842611402110066,0.0,0.00016378768018756142,0.0,0.0,0.0,0.0,0.0,0.0,0.0001842611402110066,0.0,0.00016378768018756142,0.0,0.0,0.0,0.0,0.0,0.0,0.0003040308813481609,0.0006357009337279727,0.001131158666295346,0.0004882920215591675,0.0004882920215591675,0.0004882920215591675,0.0004882920215591675,0.0006387719527314895,0.0004882920215591675,0.0009213057010550329,0.0007370445608440263,0.000818938400937807,0.0,0.0,0.0,0.0,0.0,0.0
x_R09_EXIT_D,0.0,0.0,0.0,0.0011874606813598206,0.0,0.0,0.0,0.0001842611402110066,0.0,0.0,0.0,0.0,0.0011874606813598206,0.0,0.0,0.0,0.0001842611402110066,0.0,0.0,0.0,0.0,0.0003480488203985681,0.0,0.0,0.0,0.00022111336825320795,0.0,0.0,0.0,0.0,0.0003480488203985681,0.0,0.0,0.0,0.00022111336825320795,0.0,0.0,0.0,0.0,0.0003480488203985681,0.0,0.0,0.00043813204450172683,0.00022111336825320795,0.0,0.0,0.0,0.0,0.0003480488203985681,0.0,0.0,0.00043813204450172683,0.00022111336825320795,0.0,0.0,0.0,0.0,0.00016378768018756145,0.0,0.0,0.00043813204450172683,0.00022111336825320795,0.0,0.0,0.0,0.0,0.0015928351898240347,0.0003685222804220132,0.0003685222804220132,0.0003685222804220132,0.0001842611402110066,0.0003685222804220132,0.8371628911048946,0.8371628911048946,0.8371628911048946,-0.8023669252012668,0.8375314133853167,0.8375314133853167,0.8375314133853167,0.8373471522451057,0.8375314133853167,0.0,0.0,0.0,0.00016378768018756145,0.0001474089121688053,0.0001474089121688053,0.0001474089121688053,0.001244786369425467,0.0001474089121688053,0.0,0.0,0.0,0.00016378768018756145,0.0,0.0,0.00043813204450172683,0.00022111336825320795,0.0,0.0,0.0,0.0,0.0015396041937630774,0.0,0.0,0.0,0.001031862385181637,0.0,0.00011055668412660398,0.0002948178243376106,0.0002948178243376106,0.0014822785056974308,0.00025796559629540924,0.00025796559629540924,0.00025796559629540924,7.370445608440265e-05,0.00025796559629540924,0.00011055668412660398,0.0002948178243376106,0.0002948178243376106,0.0014822785056974308,0.00025796559629540924,0.00025796559629540924,0.00025796559629540924,7.370445608440265e-05,0.00025796559629540924,0.0,0.0,0.0,8.189384009378072e-05,7.370445608440265e-05,7.370445608440265e-05,7.370445608440265e-05,0.0006223931847127334,7.370445608440265e-05,0.0,0.0,0.0,0.00016378768018756145,0.0001474089121688053,0.0001474089121688053,0.0001474089121688053,0.001244786369425467,0.0001474089121688053,0.0,0.0,0.0,0.0,0.0,0.0,0.0,0.0,0.0,7.370445608440265e-05,0.0,7.370445608440265e-05,0.0006223931847127334,0.0,0.0,0.0,0.0003685222804220132,0.0,0.0002948178243376106,0.0002948178243376106,0.0002948178243376106,5.3230996060957466e-05,0.00025796559629540924,0.00025796559629540924,0.00025796559629540924,0.001355343053552071,0.00025796559629540924,0.0,0.0,0.0,0.0003111965923563667,0.0,0.0,0.0,0.0001842611402110066,0.0,0.0,0.0,0.0,0.0003111965923563667,0.0,0.0,0.0,0.0001842611402110066,0.0,0.0,0.0,0.0,0.0003111965923563667,0.0,0.0,0.0,0.0001842611402110066,0.0,0.0,0.0,0.0,0.0003111965923563667,0.0,0.0,0.0,0.0001842611402110066,0.0,0.0,0.0,0.0,0.0003111965923563667,0.0,0.0,0.0,0.0001842611402110066,0.0,0.0,0.0,0.0,0.0003111965923563667,0.0,0.0,0.0,0.0001842611402110066,0.0,0.0,0.0,0.0,0.0003111965923563667,0.0,0.0,0.0,0.0001842611402110066,0.0,0.0,0.0,0.0,0.0011874606813598206,0.0,0.0,0.0,0.0001842611402110066,0.0,0.00018426114021100659,0.00018426114021100659,0.0,0.0015559829617818332,0.0,0.0,0.0,0.0009213057010550329,0.0
x_R09_EXIT_E,0.0,0.0,0.0,0.0,0.0013717218215708268,0.0004749842725439281,0.0003275753603751229,0.0001842611402110066,0.0004012798164595255,0.0,0.0,0.0,0.0,0.0013717218215708268,0.0004749842725439281,0.0003275753603751229,0.0001842611402110066,0.0004012798164595255,0.0,0.0,0.0,0.0,0.0007861808649002948,0.0,0.00014331422016411623,0.0001842611402110066,0.0,0.0,0.0,0.0,0.0,0.0007861808649002948,0.0,0.00014331422016411623,0.0001842611402110066,0.0,0.0,0.0,0.0,0.0,0.0007861808649002948,0.0,0.00014331422016411623,0.0001842611402110066,0.0,0.0,0.0,0.0,0.0,0.0007861808649002948,0.0,0.00014331422016411623,0.0001842611402110066,0.0,0.0,0.0,0.0,0.0,0.0007861808649002948,0.0,0.00014331422016411623,0.0001842611402110066,0.0,0.0,0.0,0.0,0.0003685222804220132,0.0017402441019928403,0.0008435065529659413,0.0006960976407971361,0.0001842611402110066,0.0007698020968815387,0.8371628911048946,0.8371628911048946,0.8371628911048946,0.8375314133853167,-0.7980406612953663,0.8380063976578606,0.8378589887456918,0.8373471522451057,0.8379326932017762,0.0,0.0,0.0,0.0,0.0007861808649002948,0.0,0.00014331422016411623,0.0001842611402110066,0.0,0.0,0.0,0.0,0.0,0.0007861808649002948,0.0,0.00014331422016411623,0.0001842611402110066,0.0,0.0,0.0,0.0,0.0,0.0015723617298005895,0.0,0.00028662844032823246,0.0003685222804220132,0.0,0.00011055668412660398,0.00025796559629540924,0.00025796559629540924,0.00025796559629540924,0.0016296874178662363,0.0007329498688393373,0.0005855409566705321,7.370445608440265e-05,0.0006592454127549348,0.00011055668412660398,0.00025796559629540924,0.00025796559629540924,0.00025796559629540924,0.0016296874178662363,0.0007329498688393373,0.0005855409566705321,7.370445608440265e-05,0.0006592454127549348,0.0,0.0,0.0,0.0,0.0003930904324501474,0.0,7.165711008205812e-05,9.21305701055033e-05,0.0,0.0,0.0,0.0,0.0,0.0007861808649002948,0.0,0.00014331422016411623,0.0001842611402110066,0.0,0.0,0.0,0.0,0.0,0.0,0.0,0.0,0.0,0.0,0.0003685222804220132,0.0,0.0,0.0,0.0015723617298005895,0.0,7.370445608440265e-05,0.0007370445608440263,0.0,0.0,0.0,0.0,0.0,0.0007861808649002948,0.0,0.00014331422016411623,0.0001842611402110066,0.0,0.0003275753603751229,0.00014331422016411623,0.00014331422016411623,0.00014331422016411623,0.0010441464611957042,0.0001474089121688053,0.0,0.0005118365005861294,7.370445608440265e-05,0.0003275753603751229,0.00014331422016411623,0.00014331422016411623,0.00014331422016411623,0.0010441464611957042,0.0001474089121688053,0.0,0.0005118365005861294,7.370445608440265e-05,0.0003275753603751229,0.00014331422016411623,0.00014331422016411623,0.00014331422016411623,0.0010441464611957042,0.0001474089121688053,0.0,0.0005118365005861294,7.370445608440265e-05,0.0003644275884173242,0.00018016644820631754,0.0,0.0,0.0010072942331535027,0.0,0.0,0.0005486887286283307,0.0,0.0004749842725439281,7.370445608440265e-05,0.0,0.0,0.0007861808649002948,0.0,0.0001474089121688053,0.0006592454127549346,0.0,0.0009909154651347465,0.0004790789645486171,0.0004422267365064159,0.0004422267365064159,0.0003480488203985681,0.0005159311925908185,0.0006633401047596238,0.0011751766053457531,0.0005527834206330198,0.0006960976407971361,0.0001842611402110066,0.0001474089121688053,0.0001474089121688053,5.323099606095746e-05,0.00022111336825320795,0.0003685222804220133,0.0008803587810081426,0.00025796559629540924,0.0,0.0,0.0,0.0,0.0013717218215708268,0.0004749842725439281,0.0003275753603751229,0.0001842611402110066,0.0004012798164595255,0.00036852228042201317,0.00036852228042201317,0.0002661549803047873,0.0002661549803047873,0.005671148426494313,0.0011874606813598201,0.00045041612051579383,0.001289827981477046,0.000818938400937807
x_R09_EXIT_F,0.0,0.0,0.0,0.0,0.0004749842725439281,0.0006387719527314895,0.0003275753603751229,0.0001842611402110066,0.0004012798164595255,0.0,0.0,0.0,0.0,0.0004749842725439281,0.0006387719527314895,0.0003275753603751229,0.0001842611402110066,0.0004012798164595255,0.0,0.0,0.0,0.0,0.0,0.00016378768018756145,0.00014331422016411623,0.0001842611402110066,0.0,0.0,0.0,0.0,0.0,0.0,0.00016378768018756145,0.00014331422016411623,0.0001842611402110066,0.0,0.0,0.0,0.0,0.0,0.0,0.00016378768018756145,0.00014331422016411623,0.0001842611402110066,0.0,0.0,0.0,0.0,0.0,0.0,0.00016378768018756145,0.00014331422016411623,0.0001842611402110066,0.0,0.0,0.0,0.0,0.0,0.0,0.00016378768018756145,0.00014331422016411623,0.0001842611402110066,0.0,0.0,0.0,0.0,0.0003685222804220132,0.0008435065529659413,0.0010072942331535027,0.0006960976407971361,0.0001842611402110066,0.0007698020968815387,0.8371628911048946,0.8371628911048946,0.8371628911048946,0.8375314133853167,0.8380063976578606,-0.8058776646535496,0.8378589887456918,0.8373471522451057,0.8379326932017762,0.0,0.0,0.0,0.0,0.0,0.00016378768018756145,0.00014331422016411623,0.0001842611402110066,0.0,0.0,0.0,0.0,0.0,0.0,0.00016378768018756145,0.00014331422016411623,0.0001842611402110066,0.0,0.0,0.0,0.0,0.0,0.0,0.0003275753603751229,0.00028662844032823246,0.0003685222804220132,0.0,0.00011055668412660398,0.00025796559629540924,0.00025796559629540924,0.00025796559629540924,0.0007329498688393373,0.0008967375490268987,0.0005855409566705321,7.370445608440265e-05,0.0006592454127549348,0.00011055668412660398,0.00025796559629540924,0.00025796559629540924,0.00025796559629540924,0.0007329498688393373,0.0008967375490268987,0.0005855409566705321,7.370445608440265e-05,0.0006592454127549348,0.0,0.0,0.0,0.0,0.0,8.189384009378072e-05,7.165711008205812e-05,9.21305701055033e-05,0.0,0.0,0.0,0.0,0.0,0.0,0.00016378768018756145,0.00014331422016411623,0.0001842611402110066,0.0,0.0,0.0,0.0,0.0,0.0,0.0,0.0,0.0,0.0,0.0003685222804220132,0.0,0.0,0.0,0.0,0.0003275753603751229,7.370445608440265e-05,0.0007370445608440263,0.0,0.0,0.0,0.0,0.0,0.0,0.00016378768018756145,0.00014331422016411623,0.0001842611402110066,0.0,0.0003275753603751229,0.00014331422016411623,0.00014331422016411623,0.00014331422016411623,0.0001474089121688053,0.0003111965923563667,0.0,0.0005118365005861294,7.370445608440265e-05,0.0003275753603751229,0.00014331422016411623,0.00014331422016411623,0.00014331422016411623,0.0001474089121688053,0.0003111965923563667,0.0,0.0005118365005861294,7.370445608440265e-05,0.0003275753603751229,0.00014331422016411623,0.00014331422016411623,0.00014331422016411623,0.0001474089121688053,0.0003111965923563667,0.0,0.0005118365005861294,7.370445608440265e-05,0.0003644275884173242,0.00018016644820631754,0.0,0.0,0.00011055668412660398,5.323099606095746e-05,0.0,0.0005486887286283307,0.0,0.000585540956670532,0.0,0.0,0.0,0.0,5.323099606095746e-05,0.00025796559629540924,0.0007698020968815386,0.0001474089121688053,0.0004749842725439281,0.0,0.0,0.0,0.0,0.00016378768018756145,0.0001474089121688053,0.0006592454127549346,0.0,0.0004749842725439281,0.0,0.0,0.0,0.0,0.00016378768018756145,0.0001474089121688053,0.0006592454127549346,0.0,0.0,0.0,0.0,0.0,0.0004749842725439281,0.0006387719527314895,0.0003275753603751229,0.0001842611402110066,0.0004012798164595255,0.00036852228042201317,0.00036852228042201317,0.0002661549803047873,0.0002661549803047873,0.0011874606813598201,0.002006399082297627,0.00045041612051579383,0.001289827981477046,0.000818938400937807
x_R09_EXIT_G,0.0,0.0,0.0,0.0,0.0003275753603751229,0.0003275753603751229,0.0011874606813598206,0.0001842611402110066,0.0003275753603751229,0.0,0.0,0.0,0.0,0.0003275753603751229,0.0003275753603751229,0.0011874606813598206,0.0001842611402110066,0.0003275753603751229,0.0,0.0,0.0,0.0,0.0,0.0,0.0010031995411488137,0.0001842611402110066,0.0,0.0,0.0,0.0,0.0,0.0,0.0,0.0010031995411488137,0.0001842611402110066,0.0,0.0,0.0,0.0,0.0,0.0,0.0,0.0010031995411488137,0.0001842611402110066,0.0,0.0,0.0,0.0,0.0,0.0,0.0,0.0010031995411488137,0.0001842611402110066,0.0,0.0,0.0,0.0,0.0,0.0,0.0,0.0010031995411488137,0.0001842611402110066,0.0,0.0,0.0,0.0,0.0003685222804220132,0.0006960976407971361,0.0006960976407971361,0.0015559829617818335,0.0001842611402110066,0.0006960976407971361,0.8371628911048946,0.8371628911048946,0.8371628911048946,0.8375314133853167,0.8378589887456918,0.8378589887456918,-0.8015680064305628,0.8373471522451057,0.8378589887456918,0.0,0.0,0.0,0.0,0.0,0.0,0.0010031995411488137,0.0001842611402110066,0.0,0.0,0.0,0.0,0.0,0.0,0.0,0.0010031995411488137,0.0001842611402110066,0.0,0.0,0.0,0.0,0.0,0.0,0.0,0.0020063990822976273,0.0003685222804220132,0.0,0.00011055668412660398,0.00025796559629540924,0.00025796559629540924,0.00025796559629540924,0.0005855409566705321,0.0005855409566705321,0.0014454262776552298,7.370445608440265e-05,0.0005855409566705321,0.00011055668412660398,0.00025796559629540924,0.00025796559629540924,0.00025796559629540924,0.0005855409566705321,0.0005855409566705321,0.0014454262776552298,7.370445608440265e-05,0.0005855409566705321,0.0,0.0,0.0,0.0,0.0,0.0,0.0005015997705744068,9.21305701055033e-05,0.0,0.0,0.0,0.0,0.0,0.0,0.0,0.0010031995411488137,0.0001842611402110066,0.0,0.0,0.0,0.0,0.0,0.0,0.0,0.0,0.0,0.0,0.0003685222804220132,0.0,0.0,0.0,0.0,0.0,0.0017197706419693952,0.0007370445608440263,0.0,0.0,0.0,0.0,0.0,0.0,0.0,0.0010031995411488137,0.0001842611402110066,0.0,0.001134229685298863,0.0009499685450878565,0.0009499685450878565,0.0009499685450878565,0.0008066543249237402,0.0008066543249237402,5.323099606095746e-05,0.0013184908255098695,0.0008066543249237402,0.0008066543249237401,0.0006223931847127333,0.0006223931847127333,0.0006223931847127333,0.0004790789645486171,0.0004790789645486171,0.00034804882039856803,0.0009909154651347467,0.0004790789645486171,0.0003644275884173242,0.00018016644820631757,0.00018016644820631757,0.00018016644820631757,0.0,0.0,0.0008230330929424963,0.0005486887286283307,0.0,0.0003275753603751229,0.00014331422016411623,0.0,0.0,0.0,0.0,0.0008598853209846976,0.0005118365005861294,0.0,0.0003275753603751229,0.0,0.0,0.0,0.0,0.0,0.0008598853209846976,0.0005118365005861294,0.0,0.0003275753603751229,0.0,0.0,0.0,0.0,0.0,0.0008598853209846976,0.0005118365005861294,0.0,0.0003275753603751229,0.0,0.0,0.0,0.0,0.0,0.0008598853209846976,0.0005118365005861294,0.0,0.0,0.0,0.0,0.0,0.0003275753603751229,0.0003275753603751229,0.0011874606813598206,0.0001842611402110066,0.0003275753603751229,0.00036852228042201317,0.00036852228042201317,0.0002661549803047873,0.0002661549803047873,0.00045041612051579383,0.00045041612051579383,0.004749842725439281,0.001289827981477046,0.00045041612051579383
x_R09_EXIT_H,0.0,0.0,0.0,0.0,0.0,0.0,0.0,0.000348048820398568,0.0,0.0,0.0,0.0,0.0,0.0,0.0,0.0,0.000348048820398568,0.0,0.0,0.0,0.0,0.0,0.0,0.0,0.0,0.00016378768018756142,0.0,0.0,0.0,0.0,0.0,0.0,0.0,0.0,0.00016378768018756142,0.0,0.0,0.0,0.0,0.0,0.0,0.0,0.0,0.00016378768018756142,0.0,0.0,0.0,0.0,0.0,0.0,0.0,0.0,0.00016378768018756142,0.0,0.0,0.0,0.0,0.0,0.0,0.0,0.0,0.00016378768018756142,0.0,0.0,0.0,0.0,0.0001842611402110066,0.0001842611402110066,0.0001842611402110066,0.0001842611402110066,0.000348048820398568,0.0001842611402110066,0.8371628911048946,0.8371628911048946,0.8371628911048946,0.8373471522451057,0.8373471522451057,0.8373471522451057,0.8373471522451057,-0.8236702155406046,0.8373471522451057,0.0,0.0,0.0,0.0,0.0,0.0,0.0,0.00016378768018756142,0.0,0.0,0.0,0.0,0.0,0.0,0.0,0.0,0.00016378768018756142,0.0,0.0,0.0,0.0,0.0,0.0,0.0,0.0,0.00032757536037512284,0.0,0.00011055668412660398,7.370445608440265e-05,7.370445608440265e-05,7.370445608440265e-05,7.370445608440265e-05,7.370445608440265e-05,7.370445608440265e-05,0.00023749213627196405,7.370445608440265e-05,0.00011055668412660398,7.370445608440265e-05,7.370445608440265e-05,7.370445608440265e-05,7.370445608440265e-05,7.370445608440265e-05,7.370445608440265e-05,0.00023749213627196405,7.370445608440265e-05,0.0,0.0,0.0,0.0,0.0,0.0,0.0,8.189384009378071e-05,0.0,0.0,0.0,0.0,0.0,0.0,0.0,0.0,0.00016378768018756142,0.0,0.0,0.0,0.0,0.0,0.0,0.0,0.0,0.0,0.0,0.0,0.0,0.0,0.0,0.0,0.0,0.0,0.00032757536037512284,0.0,0.0,0.0,0.0,0.0,0.0,0.0,0.0,0.00016378768018756142,0.0,0.0,0.0,0.0,0.0,0.0,0.0,0.0,0.00016378768018756142,0.0,0.0,0.0,0.0,0.0,0.0,0.0,0.0,0.00016378768018756142,0.0,0.0,0.0,0.0,0.0,0.0,0.0,0.0,0.00016378768018756142,0.0,0.0,0.0,0.0,0.0,0.0,0.0,0.0,0.00016378768018756142,0.0,0.0,0.0,0.0,0.0,0.0,0.0,0.0,0.00016378768018756142,0.0,0.0,0.0,0.0,0.0,0.0,0.0,0.0,0.00016378768018756142,0.0,0.0,0.0,0.0,0.0,0.0,0.0,0.0,0.00016378768018756142,0.0,0.0,0.0,0.0,0.0,0.0,0.0,0.0,0.000348048820398568,0.0,0.0,0.0,0.0,0.0,0.0,0.0,0.0,0.000818938400937807,0.0
x_R09_EXIT_STAIRWELL,0.0,0.0,0.0,0.0,0.0004012798164595255,0.0004012798164595255,0.0003275753603751229,0.0001842611402110066,0.0006182984927080444,0.0,0.0,0.0,0.0,0.0004012798164595255,0.0004012798164595255,0.0003275753603751229,0.0001842611402110066,0.0006182984927080444,0.0,0.0,0.0,0.0,0.0,0.0,0.00014331422016411623,0.0001842611402110066,0.00016378768018756145,0.0,0.0,0.0,0.0,0.0,0.0,0.00014331422016411623,0.0001842611402110066,0.00016378768018756145,0.0,0.0,0.0,0.0,0.0,0.0,0.00014331422016411623,0.0001842611402110066,0.00016378768018756145,0.0,0.0,0.0,0.0,0.0,0.0,0.00014331422016411623,0.0001842611402110066,0.00016378768018756145,0.0,0.0,0.0,0.0,0.0,0.0,0.00014331422016411623,0.0001842611402110066,0.00016378768018756145,0.0,0.0,0.0,0.0003685222804220132,0.0007698020968815387,0.0007698020968815387,0.0006960976407971361,0.0001842611402110066,0.0009868207731300574,0.8371628911048946,0.8371628911048946,0.8371628911048946,0.8375314133853167,0.8379326932017762,0.8379326932017762,0.8378589887456918,0.8373471522451057,-0.8088233366091853,0.0,0.0,0.0,0.0,0.0,0.0,0.00014331422016411623,0.0001842611402110066,0.00016378768018756145,0.0,0.0,0.0,0.0,0.0,0.0,0.00014331422016411623,0.0001842611402110066,0.00016378768018756145,0.0,0.0,0.0,0.0,0.0,0.0,0.00028662844032823246,0.0003685222804220132,0.0003275753603751229,0.00011055668412660398,0.00025796559629540924,0.00025796559629540924,0.00025796559629540924,0.0006592454127549348,0.0006592454127549348,0.0005855409566705321,7.370445608440265e-05,0.0008762640890034537,0.00011055668412660398,0.00025796559629540924,0.00025796559629540924,0.00025796559629540924,0.0006592454127549348,0.0006592454127549348,0.0005855409566705321,7.370445608440265e-05,0.0008762640890034537,0.0,0.0,0.0,0.0,0.0,0.0,7.165711008205812e-05,9.21305701055033e-05,8.189384009378072e-05,0.0,0.0,0.0,0.0,0.0,0.0,0.00014331422016411623,0.0001842611402110066,0.00016378768018756145,0.0,0.0,0.0,0.0,0.0,0.0,0.0,0.0,0.0,0.0003685222804220132,0.0,0.0,0.0,0.0,0.0,0.00010646199212191492,0.0007370445608440263,0.0003275753603751229,0.0,0.0,0.0,0.0,0.0,0.0,0.00014331422016411623,0.0001842611402110066,0.00016378768018756145,0.0003275753603751229,0.00014331422016411623,0.00014331422016411623,0.00014331422016411623,7.370445608440265e-05,7.370445608440265e-05,0.0,0.0005118365005861294,0.00029072313233292153,0.0003275753603751229,0.00014331422016411623,0.00014331422016411623,0.00014331422016411623,7.370445608440265e-05,7.370445608440265e-05,0.0,0.0005118365005861294,0.00029072313233292153,0.0003275753603751229,0.00014331422016411623,0.00014331422016411623,0.00014331422016411623,7.370445608440265e-05,7.370445608440265e-05,0.0,0.0005118365005861294,0.00029072313233292153,0.0003644275884173242,0.00018016644820631754,9.008322410315878e-05,9.008322410315878e-05,0.0,0.0,0.0,0.0005486887286283307,0.0002538709042907202,0.0004012798164595255,0.0,0.0,0.0,0.0,0.0,7.370445608440265e-05,0.0005855409566705321,0.00016378768018756145,0.0004012798164595255,0.0,0.0,0.0,0.0,0.0,7.370445608440265e-05,0.0005855409566705321,0.00016378768018756145,0.0004012798164595255,0.0,0.0,0.0,0.0,0.0,7.370445608440265e-05,0.0005855409566705321,0.00016378768018756145,0.0,0.0,0.0,0.0,0.0004012798164595255,0.0004012798164595255,0.0003275753603751229,0.0001842611402110066,0.0006182984927080444,0.00036852228042201317,0.00036852228042201317,0.0002661549803047873,0.0002661549803047873,0.000818938400937807,0.000818938400937807,0.00045041612051579383,0.001289827981477046,0.0019040317821804012
x_R10_EXIT_A,5.323099606095746e-05,0.0004422267365064158,0.0007738967888862278,0.00029481782433761055,0.00029481782433761055,0.00029481782433761055,0.00029481782433761055,0.00011055668412660398,0.00029481782433761055,5.323099606095746e-05,0.0004422267365064158,0.0007738967888862278,0.00029481782433761055,0.00029481782433761055,0.00029481782433761055,0.00029481782433761055,0.00011055668412660398,0.00029481782433761055,0.0004954577325673731,0.0,0.00033167005237981186,0.00033167005237981186,0.0,0.0,0.0,0.0001474089121688053,0.0,0.0004954577325673731,0.0,0.00033167005237981186,0.00033167005237981186,0.0,0.0,0.0,0.0001474089121688053,0.0,0.0008271277849471854,0.00033167005237981186,0.0,0.0,0.0,0.0,0.0,0.0004790789645486171,0.0,0.0008271277849471854,0.00033167005237981186,0.0,0.0,0.0,0.0,0.0,0.0004790789645486171,0.0,0.0009745366971159905,0.0004790789645486171,0.0001474089121688053,0.0003111965923563667,0.0001474089121688053,0.0001474089121688053,0.0001474089121688053,0.0006264878767174225,0.0001474089121688053,0.00016378768018756145,0.00033167005237981186,0.0006633401047596238,0.0,0.0,0.0,0.0,0.0,0.0,0.00016378768018756145,0.00033167005237981186,0.0006633401047596238,0.0,0.0,0.0,0.0,0.0,0.0,-0.8088192419171806,0.837658348837462,0.8373266787850823,0.8368588602235465,0.8368588602235465,0.8368588602235465,0.8368588602235465,0.8368588602235465,0.8368588602235465,0.0009745366971159905,0.0004790789645486171,0.0001474089121688053,0.0003111965923563667,0.0001474089121688053,0.0001474089121688053,0.0001474089121688053,0.0006264878767174225,0.0001474089121688053,0.000696097640797136,0.0,0.0,0.0,0.0,0.0,0.0,0.0,0.0,0.00016378768018756145,0.0001474089121688053,0.0004790789645486171,0.0,0.0,0.0,0.0,0.0,0.0,0.00016378768018756145,0.0001474089121688053,0.0004790789645486171,0.0,0.0,0.0,0.0,0.0,0.0,0.0006428666447361786,0.000395137778452492,0.000229302752262586,0.0,0.0,0.0,0.0,0.0,0.0,0.0012857332894723572,0.000790275556904984,0.000458605504525172,0.0,0.0,0.0,0.0,0.0,0.0,0.0,0.0,0.0,0.0,0.0,0.0,0.0,0.0,0.0,0.000696097640797136,0.0,0.0,0.0,0.0,0.0,0.0,0.0,0.0,0.0008271277849471854,0.00033167005237981186,0.0,0.0,0.0,0.0,0.0,0.0,0.0,0.000348048820398568,0.0,0.0,0.0,0.0,0.0,0.0,0.0,0.0,0.000348048820398568,0.0,0.0,0.0,0.0,0.0,0.0,0.0,0.0,0.000348048820398568,0.0,0.0,0.0,0.0,0.0,0.0,0.0,0.0,0.000348048820398568,0.0,0.0,0.0,0.0,0.0,0.0,0.0,0.0,0.000348048820398568,0.0,0.0,0.0,0.0,0.0,0.0,0.0,0.0,0.000348048820398568,0.0,0.0,0.0,0.0,0.0,0.0,0.0,0.0,0.000348048820398568,0.0,0.0,0.0,0.0,0.0,0.0,0.0,0.0,0.00016378768018756145,0.00033167005237981186,0.0006633401047596238,0.0001842611402110066,0.0001842611402110066,0.0001842611402110066,0.0001842611402110066,0.0,0.0001842611402110066,0.00174024410199284,0.0007370445608440263,0.0,0.0,0.0,0.0,0.0,0.0,0.0
x_R10_EXIT_B,0.0,0.00016378768018756142,0.00033167005237981186,0.0,0.0,0.0,0.0,0.0,0.0,0.0,0.00016378768018756142,0.00033167005237981186,0.0,0.0,0.0,0.0,0.0,0.0,0.00011055668412660398,5.323099606095746e-05,0.0004422267365064159,0.0004422267365064159,0.00011055668412660398,0.00011055668412660398,0.00011055668412660398,0.00011055668412660398,0.00011055668412660398,0.00011055668412660398,5.323099606095746e-05,0.0004422267365064159,0.0004422267365064159,0.00011055668412660398,0.00011055668412660398,0.00011055668412660398,0.00011055668412660398,0.00011055668412660398,0.00033167005237981186,0.0004954577325673732,0.0,0.0,0.0,0.0,0.0,0.00033167005237981186,0.0,0.00033167005237981186,0.0004954577325673732,0.0,0.0,0.0,0.0,0.0,0.00033167005237981186,0.0,0.0004790789645486171,0.0006428666447361786,0.0001474089121688053,0.0003111965923563667,0.0001474089121688053,0.0001474089121688053,0.0001474089121688053,0.0004790789645486171,0.0001474089121688053,0.0,0.00016378768018756142,0.00033167005237981186,0.0,0.0,0.0,0.0,0.0,0.0,0.0,0.00016378768018756142,0.00033167005237981186,0.0,0.0,0.0,0.0,0.0,0.0,0.837658348837462,-0.8166728509582775,0.8373266787850823,0.8368588602235465,0.8368588602235465,0.8368588602235465,0.8368588602235465,0.8368588602235465,0.8368588602235465,0.0004790789645486171,0.0006428666447361786,0.0001474089121688053,0.0003111965923563667,0.0001474089121688053,0.0001474089121688053,0.0001474089121688053,0.0004790789645486171,0.0001474089121688053,0.0,0.00032757536037512284,0.0,0.0,0.0,0.0,0.0,0.0,0.0,0.0,0.00016378768018756142,0.00033167005237981186,0.0,0.0,0.0,0.0,0.0,0.0,0.0,0.00016378768018756142,0.00033167005237981186,0.0,0.0,0.0,0.0,0.0,0.0,0.000395137778452492,0.0004770316185462727,0.000229302752262586,0.0,0.0,0.0,0.0,0.0,0.0,0.000790275556904984,0.0009540632370925454,0.000458605504525172,0.0,0.0,0.0,0.0,0.0,0.0,0.0,0.0,0.0,0.0,0.0,0.0,0.0,0.0,0.0,0.0,0.00032757536037512284,0.0,0.0,0.0,0.0,0.0,0.0,0.0,0.00033167005237981186,0.0004954577325673732,0.0,0.0,0.0,0.0,0.0,0.0,0.0,0.0,0.00016378768018756142,0.0,0.0,0.0,0.0,0.0,0.0,0.0,0.0,0.00016378768018756142,0.0,0.0,0.0,0.0,0.0,0.0,0.0,0.0,0.00016378768018756142,0.0,0.0,0.0,0.0,0.0,0.0,0.0,0.0,0.00016378768018756142,0.0,0.0,0.0,0.0,0.0,0.0,0.0,0.0,0.00016378768018756142,0.0,0.0,0.0,0.0,0.0,0.0,0.0,0.0,0.00016378768018756142,0.0,0.0,0.0,0.0,0.0,0.0,0.0,0.0,0.00016378768018756142,0.0,0.0,0.0,0.0,0.0,0.0,0.0,0.0,0.00016378768018756142,0.00033167005237981186,0.0,0.0,0.0,0.0,0.0,0.0,0.0,0.000818938400937807,0.0,0.0,0.0,0.0,0.0,0.0,0.0
x_R10_EXIT_C,0.0,0.0,0.00016378768018756142,0.0,0.0,0.0,0.0,0.0,0.0,0.0,0.0,0.00016378768018756142,0.0,0.0,0.0,0.0,0.0,0.0,0.0,0.0,0.00016378768018756142,0.0,0.0,0.0,0.0,0.0,0.0,0.0,0.0,0.00016378768018756142,0.0,0.0,0.0,0.0,0.0,0.0,0.00011055668412660398,0.00011055668412660398,5.323099606095746e-05,0.00011055668412660398,0.00011055668412660398,0.00011055668412660398,0.00011055668412660398,0.00011055668412660398,0.00011055668412660398,0.00011055668412660398,0.00011055668412660398,5.323099606095746e-05,0.00011055668412660398,0.00011055668412660398,0.00011055668412660398,0.00011055668412660398,0.00011055668412660398,0.00011055668412660398,0.0001474089121688053,0.0001474089121688053,0.00031119659235636667,0.0003111965923563667,0.0001474089121688053,0.0001474089121688053,0.0001474089121688053,0.0001474089121688053,0.0001474089121688053,0.0,0.0,0.00016378768018756142,0.0,0.0,0.0,0.0,0.0,0.0,0.0,0.0,0.00016378768018756142,0.0,0.0,0.0,0.0,0.0,0.0,0.8373266787850823,0.8373266787850823,-0.8245264599993744,0.8368588602235465,0.8368588602235465,0.8368588602235465,0.8368588602235465,0.8368588602235465,0.8368588602235465,0.0001474089121688053,0.0001474089121688053,0.00031119659235636667,0.0003111965923563667,0.0001474089121688053,0.0001474089121688053,0.0001474089121688053,0.0001474089121688053,0.0001474089121688053,0.0,0.0,0.00032757536037512284,0.0,0.0,0.0,0.0,0.0,0.0,0.0,0.0,0.00016378768018756142,0.0,0.0,0.0,0.0,0.0,0.0,0.0,0.0,0.00016378768018756142,0.0,0.0,0.0,0.0,0.0,0.0,0.000229302752262586,0.000229302752262586,0.0003111965923563667,0.0,0.0,0.0,0.0,0.0,0.0,0.000458605504525172,0.000458605504525172,0.0006223931847127334,0.0,0.0,0.0,0.0,0.0,0.0,0.0,0.0,0.0,0.0,0.0,0.0,0.0,0.0,0.0,0.0,0.0,0.00032757536037512284,0.0,0.0,0.0,0.0,0.0,0.0,0.0,0.0,0.00016378768018756142,0.0,0.0,0.0,0.0,0.0,0.0,0.0,0.0,0.00016378768018756142,0.0,0.0,0.0,0.0,0.0,0.0,0.0,0.0,0.00016378768018756142,0.0,0.0,0.0,0.0,0.0,0.0,0.0,0.0,0.00016378768018756142,0.0,0.0,0.0,0.0,0.0,0.0,0.0,0.0,0.00016378768018756142,0.0,0.0,0.0,0.0,0.0,0.0,0.0,0.0,0.00016378768018756142,0.0,0.0,0.0,0.0,0.0,0.0,0.0,0.0,0.00016378768018756142,0.0,0.0,0.0,0.0,0.0,0.0,0.0,0.0,0.00016378768018756142,0.0,0.0,0.0,0.0,0.0,0.0,0.0,0.0,0.00016378768018756142,0.0,0.0,0.0,0.0,0.0,0.0,0.0,0.0,0.000818938400937807,0.0,0.0,0.0,0.0,0.0,0.0
x_R10_EXIT_D,0.0,0.0,0.0,0.00016378768018756145,0.0,0.0,0.0,0.0,0.0,0.0,0.0,0.0,0.00016378768018756145,0.0,0.0,0.0,0.0,0.0,0.0,0.0,0.0,0.00016378768018756145,0.0,0.0,0.0,0.0,0.0,0.0,0.0,0.0,0.00016378768018756145,0.0,0.0,0.0,0.0,0.0,0.0,0.0,0.0,0.00016378768018756145,0.0,0.0,0.0,0.0,0.0,0.0,0.0,0.0,0.00016378768018756145,0.0,0.0,0.0,0.0,0.0,0.0,0.0,0.0,0.0003275753603751228,0.0,0.0,0.0,0.0,0.0,0.0,0.0,0.0,0.00016378768018756145,0.0,0.0,0.0,0.0,0.0,0.0,0.0,0.0,0.00016378768018756145,0.0,0.0,0.0,0.0,0.0,0.8368588602235465,0.8368588602235465,0.8368588602235465,-0.8260585555538128,0.8370482397287634,0.8370482397287634,0.8370482397287634,0.8370482397287634,0.8370482397287634,0.0,0.0,0.0,0.0003275753603751228,0.0,0.0,0.0,0.0,0.0,0.0,0.0,0.0,0.0003275753603751229,0.0,0.0,0.0,0.0,0.0,0.0,0.0,0.0,0.00016378768018756145,0.0,0.0,0.0,0.0,0.0,0.0,0.0,0.0,0.00016378768018756145,0.0,0.0,0.0,0.0,0.0,0.0,0.0,0.0,0.00011874606813598204,0.0,0.0,0.0,0.0,0.0,9.008322410315877e-05,9.008322410315877e-05,9.008322410315877e-05,0.00023749213627196407,7.370445608440265e-05,7.370445608440265e-05,7.370445608440265e-05,7.370445608440265e-05,7.370445608440265e-05,0.0,0.0,0.0,0.0,0.0,0.0,0.0,0.0,0.0,0.0,0.0,0.0,0.0003275753603751229,0.0,0.0,0.0,0.0,0.0,0.00011055668412660398,0.00011055668412660398,0.00011055668412660398,5.3230996060957466e-05,0.00011055668412660398,0.00011055668412660398,0.00011055668412660398,0.00011055668412660398,0.00011055668412660398,0.0,0.0,0.0,0.00016378768018756145,0.0,0.0,0.0,0.0,0.0,0.0,0.0,0.0,0.00016378768018756145,0.0,0.0,0.0,0.0,0.0,0.0,0.0,0.0,0.00016378768018756145,0.0,0.0,0.0,0.0,0.0,0.0,0.0,0.0,0.00016378768018756145,0.0,0.0,0.0,0.0,0.0,0.0,0.0,0.0,0.00016378768018756145,0.0,0.0,0.0,0.0,0.0,0.0,0.0,0.0,0.00016378768018756145,0.0,0.0,0.0,0.0,0.0,0.0,0.0,0.0,0.00016378768018756145,0.0,0.0,0.0,0.0,0.0,0.0,0.0,0.0,0.00016378768018756145,0.0,0.0,0.0,0.0,0.0,0.0,0.0,0.0,0.0008189384009378071,0.0,0.0,0.0,0.0,0.0
x_R10_EXIT_E,0.0,0.0,0.0,0.0001474089121688053,0.0007861808649002948,0.0,0.0,0.0,0.0,0.0,0.0,0.0,0.0001474089121688053,0.0007861808649002948,0.0,0.0,0.0,0.0,0.0,0.0,0.0,0.0001474089121688053,0.0010072942331535025,0.0,0.0,0.0,0.0,0.0,0.0,0.0,0.0001474089121688053,0.0010072942331535025,0.0,0.0,0.0,0.0,0.0,0.0,0.0,0.0001474089121688053,0.0012284076014067106,0.00022111336825320795,0.0,0.0,0.00022111336825320795,0.0,0.0,0.0,0.0001474089121688053,0.0012284076014067106,0.00022111336825320795,0.0,0.0,0.00022111336825320795,0.0,0.0,0.0,0.00016378768018756142,0.0012284076014067106,0.00022111336825320795,0.0,0.0,0.00022111336825320795,0.0,0.0,0.0,0.0001474089121688053,0.0007861808649002948,0.0,0.0,0.0,0.0,0.0,0.0,0.0,0.0001474089121688053,0.0007861808649002948,0.0,0.0,0.0,0.0,0.8368588602235465,0.8368588602235465,0.8368588602235465,0.8370482397287634,-0.8039522517517662,0.8374167620091854,0.8374167620091854,0.8371956486409322,0.8374167620091854,0.0,0.0,0.0,0.00016378768018756142,0.0012284076014067106,0.00022111336825320795,0.0,0.0,0.00022111336825320795,0.0,0.0,0.0,0.0002948178243376106,0.002014588466307005,0.0,0.0,0.0,0.0,0.0,0.0,0.0,0.0001474089121688053,0.0007861808649002948,0.0,0.0,0.0,0.0,0.0,0.0,0.0,0.0001474089121688053,0.0007861808649002948,0.0,0.0,0.0,0.0,0.0,0.0,0.0,0.0,0.0007247604848299591,0.00022111336825320795,0.00022111336825320795,0.00011055668412660398,0.00022111336825320795,9.008322410315877e-05,9.008322410315877e-05,9.008322410315877e-05,7.370445608440265e-05,0.0014495209696599183,0.0004422267365064159,0.0004422267365064159,0.00022111336825320795,0.0004422267365064159,0.0,0.0,0.0,0.0,0.0,0.0,0.0,0.0,0.0,0.0,0.0,0.0001474089121688053,0.0004422267365064159,0.0018671795541382002,0.0,0.0,0.0,0.0,0.0001474089121688053,0.0001474089121688053,0.0001474089121688053,0.0,0.0013758165135755159,0.0003685222804220132,0.0003685222804220132,0.0001474089121688053,0.0003685222804220132,0.0,0.0,0.0,0.0003685222804220132,0.0007861808649002948,0.0,0.0,0.0,0.0,0.0,0.0,0.0,0.0003685222804220132,0.0007861808649002948,0.0,0.0,0.0,0.0,0.0,0.0,0.0,0.0003685222804220132,0.0007861808649002948,0.0,0.0,0.0,0.0,0.0,0.0,0.00036852228042201317,0.0005159311925908185,0.0007861808649002948,0.0,0.0,0.0,0.0,0.0,0.0,0.00036852228042201317,0.0005159311925908185,0.0007861808649002948,0.0,0.0,0.0,0.0,0.00040537450846421454,0.00040537450846421454,0.0007738967888862278,0.0009213057010550329,0.0003480488203985681,0.00040537450846421454,0.00040537450846421454,0.00040537450846421454,0.00040537450846421454,0.00011055668412660398,0.00011055668412660398,0.0004790789645486171,0.0006264878767174224,5.323099606095746e-05,0.00011055668412660398,0.00011055668412660398,0.00011055668412660398,0.00011055668412660398,0.0,0.0,0.0,0.0001474089121688053,0.0007861808649002948,0.0,0.0,0.0,0.0,0.0,0.0,0.0,0.0018426114021100658,0.003930904324501473,0.0,0.0,0.0,0.0
x_R10_EXIT_F,0.0,0.0,0.0,0.0001474089121688053,0.0,0.00016378768018756145,0.0,0.0,0.0,0.0,0.0,0.0,0.0001474089121688053,0.0,0.00016378768018756145,0.0,0.0,0.0,0.0,0.0,0.0,0.0001474089121688053,0.0,0.00034395412839387896,0.0,0.0,0.00014331422016411626,0.0,0.0,0.0,0.0001474089121688053,0.0,0.00034395412839387896,0.0,0.0,0.00014331422016411626,0.0,0.0,0.0,0.0001474089121688053,0.00022111336825320795,0.0006019197246892882,0.0,0.0,0.00040127981645952547,0.0,0.0,0.0,0.0001474089121688053,0.00022111336825320795,0.0006019197246892882,0.0,0.0,0.00040127981645952547,0.0,0.0,0.0,0.00016378768018756142,0.00022111336825320795,0.0006019197246892882,0.0,0.0,0.00040127981645952547,0.0,0.0,0.0,0.0001474089121688053,0.0,0.00016378768018756145,0.0,0.0,0.0,0.0,0.0,0.0,0.0001474089121688053,0.0,0.00016378768018756145,0.0,0.0,0.0,0.8368588602235465,0.8368588602235465,0.8368588602235465,0.8370482397287634,0.8374167620091854,-0.8083397091228421,0.8374536142372275,0.8371956486409322,0.8375969284573916,0.0,0.0,0.0,0.00016378768018756142,0.00022111336825320795,0.0006019197246892882,0.0,0.0,0.00040127981645952547,0.0,0.0,0.0,0.0002948178243376106,7.370445608440265e-05,0.0006879082567877579,0.0,0.0,0.0002866284403282325,0.0,0.0,0.0,0.0001474089121688053,0.0,0.00016378768018756145,0.0,0.0,0.0,0.0,0.0,0.0,0.0001474089121688053,0.0,0.00016378768018756145,0.0,0.0,0.0,0.0,0.0,0.0,0.0,0.00022111336825320795,0.0004115165464712481,0.0002395394822743086,0.00011055668412660398,0.0003111965923563667,9.008322410315877e-05,9.008322410315877e-05,9.008322410315877e-05,7.370445608440265e-05,0.0004422267365064159,0.0008230330929424962,0.0004790789645486172,0.00022111336825320795,0.0006223931847127334,0.0,0.0,0.0,0.0,0.0,0.0,0.0,0.0,0.0,0.00010646199212191492,0.00010646199212191492,0.0001474089121688053,0.0004422267365064159,0.0,0.0005814462646658431,0.00018016644820631754,0.00010646199212191492,0.00018016644820631754,0.0001474089121688053,0.0001474089121688053,0.0001474089121688053,0.0,0.0003685222804220132,0.0007493286368580936,0.00040537450846421454,0.0001474089121688053,0.0005486887286283308,0.0,0.0,0.0,0.00040537450846421454,0.0,0.00016378768018756145,0.0,0.0,0.0,0.0,0.0,0.0,0.00040537450846421454,0.0,0.00016378768018756145,0.0,0.0,0.0,0.0,0.0,0.0,0.00040537450846421454,0.0,0.00016378768018756145,0.0,0.0,0.0,0.0,0.0,0.00025796559629540924,0.00040537450846421454,0.0,5.323099606095746e-05,0.0,0.0,0.0,0.00011055668412660398,0.00010646199212191492,0.00022111336825320795,0.0003685222804220132,0.0,5.323099606095746e-05,0.00011055668412660398,0.00011055668412660398,0.00011055668412660398,0.0,0.00010646199212191492,0.00022111336825320795,0.0003685222804220132,0.0,0.00016378768018756145,0.0,0.0,0.0,0.0,0.00010646199212191492,0.00022111336825320795,0.0003685222804220132,0.0,0.00016378768018756145,0.0,0.0,0.0,0.0,0.0,0.0,0.0001474089121688053,0.0,0.00016378768018756145,0.0,0.0,0.0,0.0,0.0,0.0,0.0020268725423210725,0.0,0.0008189384009378071,0.0,0.0,0.0
x_R10_EXIT_G,0.0,0.0,0.0,0.0001474089121688053,0.00014331422016411623,0.00014331422016411623,0.0010031995411488137,0.0,0.00014331422016411623,0.0,0.0,0.0,0.0001474089121688053,0.00014331422016411623,0.00014331422016411623,0.0010031995411488137,0.0,0.00014331422016411623,0.0,0.0,0.0,0.0001474089121688053,9.008322410315878e-05,5.3230996060957466e-05,0.0010932827652519726,0.0,5.3230996060957466e-05,0.0,0.0,0.0,0.0001474089121688053,9.008322410315878e-05,5.3230996060957466e-05,0.0010932827652519726,0.0,5.3230996060957466e-05,0.0,0.0,0.0,0.0001474089121688053,0.00022111336825320795,0.00025796559629540924,0.0010932827652519726,0.0,0.00025796559629540924,0.0,0.0,0.0,0.0001474089121688053,0.00022111336825320795,0.00025796559629540924,0.0010932827652519726,0.0,0.00025796559629540924,0.0,0.0,0.0,0.00016378768018756142,0.00022111336825320795,0.00025796559629540924,0.0010932827652519726,0.0,0.00025796559629540924,0.0,0.0,0.0,0.0001474089121688053,0.00014331422016411623,0.00014331422016411623,0.0010031995411488137,0.0,0.00014331422016411623,0.0,0.0,0.0,0.0001474089121688053,0.00014331422016411623,0.00014331422016411623,0.0010031995411488137,0.0,0.00014331422016411623,0.8368588602235465,0.8368588602235465,0.8368588602235465,0.8370482397287634,0.8374167620091854,0.8374536142372275,-0.7987615540030866,0.8371956486409322,0.8374536142372275,0.0,0.0,0.0,0.00016378768018756142,0.00022111336825320795,0.00025796559629540924,0.0010932827652519726,0.0,0.00025796559629540924,0.0,0.0,0.0,0.0002948178243376106,0.00018016644820631757,0.00010646199212191493,0.002186565530503945,0.0,0.00010646199212191493,0.0,0.0,0.0,0.0001474089121688053,0.00014331422016411623,0.00014331422016411623,0.0010031995411488137,0.0,0.00014331422016411623,0.0,0.0,0.0,0.0001474089121688053,0.00014331422016411623,0.00014331422016411623,0.0010031995411488137,0.0,0.00014331422016411623,0.0,0.0,0.0,0.0,0.00022111336825320795,0.0002395394822743086,0.0008127963629307737,0.00011055668412660398,0.0002395394822743086,9.008322410315877e-05,9.008322410315877e-05,9.008322410315877e-05,7.370445608440265e-05,0.0004422267365064159,0.0004790789645486172,0.0016255927258615474,0.00022111336825320795,0.0004790789645486172,0.0,0.0,0.0,0.0,0.0,0.0,0.0,0.0,0.0,0.0002866284403282325,0.00010646199212191493,0.0001474089121688053,0.0004422267365064159,0.0,0.0,0.0017197706419693952,0.0002866284403282325,0.0,0.0001474089121688053,0.0001474089121688053,0.0001474089121688053,0.0,0.0003685222804220132,0.00040537450846421454,0.0015518882697771446,0.0001474089121688053,0.00040537450846421454,0.0009499685450878565,0.0010400517691910153,0.0010400517691910153,0.0014986572737161873,0.0008066543249237402,0.0008066543249237402,5.323099606095746e-05,0.0009499685450878565,0.0008066543249237402,0.0006223931847127333,0.0007124764088158922,0.0007124764088158922,0.0011710819133410643,0.0004790789645486171,0.0004790789645486171,0.00034804882039856803,0.0006223931847127333,0.0004790789645486171,0.00018016644820631757,0.0002702496723094764,0.0002702496723094764,0.0007288551768346484,0.0,0.0,0.0008230330929424963,0.00018016644820631757,0.0,0.00014331422016411623,0.00023339744426727503,0.00022111336825320795,0.0003685222804220132,0.0,0.0,0.0008598853209846976,0.00014331422016411623,0.0,0.00014331422016411623,5.3230996060957466e-05,0.00022111336825320795,0.0003685222804220132,0.0,0.0,0.0008598853209846976,0.00014331422016411623,0.0,0.00014331422016411623,5.3230996060957466e-05,0.00022111336825320795,0.0003685222804220132,0.0,0.0,0.0008598853209846976,0.00014331422016411623,0.0,0.00014331422016411623,5.3230996060957466e-05,0.00022111336825320795,0.0003685222804220132,0.0,0.0,0.0008598853209846976,0.00014331422016411623,0.0,0.0,0.0,0.0,0.0001474089121688053,0.00014331422016411623,0.00014331422016411623,0.0010031995411488137,0.0,0.00014331422016411623,0.0,0.0,0.0007165711008205812,0.003009598623446441,0.00045041612051579383,0.00045041612051579383,0.004749842725439281,0.0,0.00045041612051579383
x_R10_EXIT_H,0.0,0.0,0.0,0.001023673001172259,0.0,0.0,0.0,0.00016378768018756142,0.0,0.0,0.0,0.0,0.001023673001172259,0.0,0.0,0.0,0.00016378768018756142,0.0,0.0,0.0,0.0,0.0001842611402110066,0.0,0.0,0.0,0.00038490104844076935,0.0,0.0,0.0,0.0,0.0001842611402110066,0.0,0.0,0.0,0.00038490104844076935,0.0,0.0,0.0,0.0,0.0001842611402110066,0.0,0.0,0.00043813204450172683,0.00038490104844076935,0.0,0.0,0.0,0.0,0.0001842611402110066,0.0,0.0,0.00043813204450172683,0.00038490104844076935,0.0,0.0,0.0,0.0,0.00016378768018756142,0.0,0.0,0.00043813204450172683,0.00038490104844076935,0.0,0.0,0.0,0.0,0.001244786369425467,0.0001842611402110066,0.0001842611402110066,0.0001842611402110066,0.00016378768018756142,0.0001842611402110066,0.0,0.0,0.0,0.001244786369425467,0.0001842611402110066,0.0001842611402110066,0.0001842611402110066,0.00016378768018756142,0.0001842611402110066,0.8368588602235465,0.8368588602235465,0.8368588602235465,0.8370482397287634,0.8371956486409322,0.8371956486409322,0.8371956486409322,-0.804755265214475,0.8371956486409322,0.0,0.0,0.0,0.00016378768018756142,0.0,0.0,0.00043813204450172683,0.00038490104844076935,0.0,0.0,0.0,0.0,0.0012120288333879545,0.0,0.0,0.0,0.0013594377455567598,0.0,0.0,0.00022111336825320795,0.00022111336825320795,0.001244786369425467,0.0001842611402110066,0.0001842611402110066,0.0001842611402110066,0.00016378768018756142,0.0001842611402110066,0.0,0.00022111336825320795,0.00022111336825320795,0.001244786369425467,0.0001842611402110066,0.0001842611402110066,0.0001842611402110066,0.00016378768018756142,0.0001842611402110066,0.0,0.0,0.0,0.0,0.00011055668412660398,0.00011055668412660398,0.00011055668412660398,0.0007411392528487154,0.00011055668412660398,9.008322410315877e-05,9.008322410315877e-05,9.008322410315877e-05,7.370445608440265e-05,0.00022111336825320795,0.00022111336825320795,0.00022111336825320795,0.0014822785056974308,0.00022111336825320795,0.0,0.0,0.0,0.0,0.0,0.0,0.0,0.0,0.0,7.370445608440265e-05,0.0,7.370445608440265e-05,0.0002948178243376106,0.0,0.0,0.0,0.0006960976407971361,0.0,0.0001842611402110066,0.0001842611402110066,0.0001842611402110066,0.0,0.0001474089121688053,0.0001474089121688053,0.0001474089121688053,0.0014085740496130282,0.0001474089121688053,0.0,0.0,0.0,0.0001474089121688053,0.0,0.0,0.0,0.00034804882039856803,0.0,0.0,0.0,0.0,0.0001474089121688053,0.0,0.0,0.0,0.00034804882039856803,0.0,0.0,0.0,0.0,0.0001474089121688053,0.0,0.0,0.0,0.00034804882039856803,0.0,0.0,0.0,0.0,0.0001474089121688053,0.0,0.0,0.0,0.00034804882039856803,0.0,0.0,0.0,0.0,0.0001474089121688053,0.0,0.0,0.0,0.00034804882039856803,0.0,0.0,0.0,0.0,0.0001474089121688053,0.0,0.0,0.0,0.00034804882039856803,0.0,0.0,0.0,0.0,0.0001474089121688053,0.0,0.0,0.0,0.00034804882039856803,0.0,0.0,0.0,0.0,0.001023673001172259,0.0,0.0,0.0,0.00016378768018756142,0.0,0.00018426114021100659,0.00018426114021100659,0.0,0.0007370445608440263,0.0,0.0,0.0,0.00174024410199284,0.0
x_R10_EXIT_STAIRWELL,0.0,0.0,0.0,0.0001474089121688053,0.0,0.0,0.0,0.0,0.00016378768018756145,0.0,0.0,0.0,0.0001474089121688053,0.0,0.0,0.0,0.0,0.00016378768018756145,0.0,0.0,0.0,0.0001474089121688053,0.0,0.00014331422016411626,0.0,0.0,0.00032348066837043383,0.0,0.0,0.0,0.0001474089121688053,0.0,0.00014331422016411626,0.0,0.0,0.00032348066837043383,0.0,0.0,0.0,0.0001474089121688053,0.00022111336825320795,0.00040127981645952547,0.0,0.0,0.0005814462646658431,0.0,0.0,0.0,0.0001474089121688053,0.00022111336825320795,0.00040127981645952547,0.0,0.0,0.0005814462646658431,0.0,0.0,0.0,0.00016378768018756142,0.00022111336825320795,0.00040127981645952547,0.0,0.0,0.0005814462646658431,0.0,0.0,0.0,0.0001474089121688053,0.0,0.0,0.0,0.0,0.00016378768018756145,0.0,0.0,0.0,0.0001474089121688053,0.0,0.0,0.0,0.0,0.00016378768018756145,0.8368588602235465,0.8368588602235465,0.8368588602235465,0.8370482397287634,0.8374167620091854,0.8375969284573916,0.8374536142372275,0.8371956486409322,-0.8112853810784778,0.0,0.0,0.0,0.00016378768018756142,0.00022111336825320795,0.00040127981645952547,0.0,0.0,0.0005814462646658431,0.0,0.0,0.0,0.0002948178243376106,7.370445608440265e-05,0.0002866284403282325,0.0,0.0,0.0006469613367408677,0.0,0.0,0.0,0.0001474089121688053,0.0,0.0,0.0,0.0,0.00016378768018756145,0.0,0.0,0.0,0.0001474089121688053,0.0,0.0,0.0,0.0,0.00016378768018756145,0.0,0.0,0.0,0.0,0.00022111336825320795,0.0003111965923563667,0.0002395394822743086,0.00011055668412660398,0.0004012798164595255,9.008322410315877e-05,9.008322410315877e-05,9.008322410315877e-05,7.370445608440265e-05,0.0004422267365064159,0.0006223931847127334,0.0004790789645486172,0.00022111336825320795,0.000802559632919051,0.0,0.0,0.0,0.0,0.0,0.0,0.0,0.0,0.0,0.00010646199212191492,0.00010646199212191492,0.0001474089121688053,0.0004422267365064159,0.0,0.00018016644820631754,0.00021292398424382984,0.00010646199212191492,0.0005404993446189528,0.0001474089121688053,0.0001474089121688053,0.0001474089121688053,0.0,0.0003685222804220132,0.0005486887286283308,0.00040537450846421454,0.0001474089121688053,0.0007288551768346484,0.0,0.0,0.0,0.00040537450846421454,0.0,0.0,0.0,0.0,0.00016378768018756145,0.0,0.0,0.0,0.00040537450846421454,0.0,0.0,0.0,0.0,0.00016378768018756145,0.0,0.0,0.0,0.00040537450846421454,0.0,0.0,0.0,0.0,0.00016378768018756145,0.0,0.0,0.00027434436431416536,0.00042175327648297066,0.0,0.0,0.0,0.0,0.00016378768018756145,0.0,0.00010646199212191492,0.00022111336825320795,0.0003685222804220132,0.0,0.0,0.0,0.0,0.00016378768018756145,0.0,0.00010646199212191492,0.00022111336825320795,0.0003685222804220132,0.0,0.0,0.0,0.0,0.00016378768018756145,0.0,0.00010646199212191492,0.00022111336825320795,0.0003685222804220132,0.0,0.0,0.0,0.0,0.00016378768018756145,0.0,0.0,0.0,0.0001474089121688053,0.0,0.0,0.0,0.0,0.00016378768018756145,0.0,0.0,0.0,0.0020268725423210725,0.0,0.0,0.0,0.0,0.0008189384009378071
x_R11_EXIT_A,5.323099606095746e-05,0.0004422267365064158,0.0007738967888862278,0.00029481782433761055,0.00029481782433761055,0.00029481782433761055,0.00029481782433761055,0.00011055668412660398,0.00029481782433761055,5.323099606095746e-05,0.0004422267365064158,0.0007738967888862278,0.00029481782433761055,0.00029481782433761055,0.00029481782433761055,0.00029481782433761055,0.00011055668412660398,0.00029481782433761055,0.0004954577325673731,0.0,0.00033167005237981186,0.00033167005237981186,0.0,0.0,0.0,0.0001474089121688053,0.0,0.0004954577325673731,0.0,0.00033167005237981186,0.00033167005237981186,0.0,0.0,0.0,0.0001474089121688053,0.0,0.0008271277849471854,0.00033167005237981186,0.0,0.0,0.0,0.0,0.0,0.0004790789645486171,0.0,0.0008271277849471854,0.00033167005237981186,0.0,0.0,0.0,0.0,0.0,0.0004790789645486171,0.0,0.0010850933812425947,0.0005896356486752212,0.00025796559629540924,0.00011055668412660398,0.00025796559629540924,0.00025796559629540924,0.00025796559629540924,0.0007370445608440265,0.00025796559629540924,0.00016378768018756145,0.00033167005237981186,0.0006633401047596238,0.0,0.0,0.0,0.0,0.0,0.0,0.00016378768018756145,0.00033167005237981186,0.0006633401047596238,0.0,0.0,0.0,0.0,0.0,0.0,0.0009745366971159905,0.0004790789645486171,0.0001474089121688053,0.0,0.0,0.0,0.0,0.0,0.0,-0.8064266937545203,0.8377525267535699,0.83742085670119,0.8372734477890212,0.83742085670119,0.83742085670119,0.83742085670119,0.8378999356657387,0.83742085670119,0.000696097640797136,0.0,0.0,0.0,0.0,0.0,0.0,0.0,0.0,0.00016378768018756145,0.0001474089121688053,0.0004790789645486171,0.0,0.0,0.0,0.0,0.0,0.0,0.00016378768018756145,0.0001474089121688053,0.0004790789645486171,0.0,0.0,0.0,0.0,0.0,0.0,0.00048726834855799525,0.00023953948227430855,7.370445608440265e-05,0.0,0.0,0.0,0.0,0.0,0.0,0.0009745366971159905,0.0004790789645486171,0.0001474089121688053,0.0,0.0,0.0,0.0,0.0,0.0,0.0,0.0,0.0,0.0,0.0,0.0,0.0,0.0,0.0,0.000696097640797136,0.0,0.0,0.0,0.0,0.0,0.0,0.0,0.0,0.0008271277849471854,0.00033167005237981186,0.0,0.0,0.0,0.0,0.0,0.0,0.0,0.000348048820398568,0.0,0.0,0.0,0.0,0.0,0.0,0.0,0.0,0.000348048820398568,0.0,0.0,0.0,0.0,0.0,0.0,0.0,0.0,0.000348048820398568,0.0,0.0,0.0,0.0,0.0,0.0,0.0,0.0,0.000348048820398568,0.0,0.0,0.0,0.0,0.0,0.0,0.0,0.0,0.000348048820398568,0.0,0.0,0.0,0.0,0.0,0.0,0.0,0.0,0.000348048820398568,0.0,0.0,0.0,0.0,0.0,0.0,0.0,0.0,0.000348048820398568,0.0,0.0,0.0,0.0,0.0,0.0,0.0,0.0,0.00016378768018756145,0.00033167005237981186,0.0006633401047596238,0.0001842611402110066,0.0001842611402110066,0.0001842611402110066,0.0001842611402110066,0.0,0.0001842611402110066,0.00174024410199284,0.0007370445608440263,0.0,0.0,0.0,0.0,0.0,0.0,0.0
x_R11_EXIT_B,0.0,0.00016378768018756142,0.00033167005237981186,0.0,0.0,0.0,0.0,0.0,0.0,0.0,0.00016378768018756142,0.00033167005237981186,0.0,0.0,0.0,0.0,0.0,0.0,0.00011055668412660398,5.323099606095746e-05,0.0004422267365064159,0.0004422267365064159,0.00011055668412660398,0.00011055668412660398,0.00011055668412660398,0.00011055668412660398,0.00011055668412660398,0.00011055668412660398,5.323099606095746e-05,0.0004422267365064159,0.0004422267365064159,0.00011055668412660398,0.00011055668412660398,0.00011055668412660398,0.00011055668412660398,0.00011055668412660398,0.00033167005237981186,0.0004954577325673732,0.0,0.0,0.0,0.0,0.0,0.00033167005237981186,0.0,0.00033167005237981186,0.0004954577325673732,0.0,0.0,0.0,0.0,0.0,0.00033167005237981186,0.0,0.0005896356486752212,0.0007534233288627825,0.00025796559629540924,0.00011055668412660398,0.00025796559629540924,0.00025796559629540924,0.00025796559629540924,0.0005896356486752212,0.00025796559629540924,0.0,0.00016378768018756142,0.00033167005237981186,0.0,0.0,0.0,0.0,0.0,0.0,0.0,0.00016378768018756142,0.00033167005237981186,0.0,0.0,0.0,0.0,0.0,0.0,0.0004790789645486171,0.0006428666447361786,0.0001474089121688053,0.0,0.0,0.0,0.0,0.0,0.0,0.8377525267535699,-0.8142803027956173,0.83742085670119,0.8372734477890212,0.83742085670119,0.83742085670119,0.83742085670119,0.8377525267535699,0.83742085670119,0.0,0.00032757536037512284,0.0,0.0,0.0,0.0,0.0,0.0,0.0,0.0,0.00016378768018756142,0.00033167005237981186,0.0,0.0,0.0,0.0,0.0,0.0,0.0,0.00016378768018756142,0.00033167005237981186,0.0,0.0,0.0,0.0,0.0,0.0,0.00023953948227430855,0.0003214333223680893,7.370445608440265e-05,0.0,0.0,0.0,0.0,0.0,0.0,0.0004790789645486171,0.0006428666447361786,0.0001474089121688053,0.0,0.0,0.0,0.0,0.0,0.0,0.0,0.0,0.0,0.0,0.0,0.0,0.0,0.0,0.0,0.0,0.00032757536037512284,0.0,0.0,0.0,0.0,0.0,0.0,0.0,0.00033167005237981186,0.0004954577325673732,0.0,0.0,0.0,0.0,0.0,0.0,0.0,0.0,0.00016378768018756142,0.0,0.0,0.0,0.0,0.0,0.0,0.0,0.0,0.00016378768018756142,0.0,0.0,0.0,0.0,0.0,0.0,0.0,0.0,0.00016378768018756142,0.0,0.0,0.0,0.0,0.0,0.0,0.0,0.0,0.00016378768018756142,0.0,0.0,0.0,0.0,0.0,0.0,0.0,0.0,0.00016378768018756142,0.0,0.0,0.0,0.0,0.0,0.0,0.0,0.0,0.00016378768018756142,0.0,0.0,0.0,0.0,0.0,0.0,0.0,0.0,0.00016378768018756142,0.0,0.0,0.0,0.0,0.0,0.0,0.0,0.0,0.00016378768018756142,0.00033167005237981186,0.0,0.0,0.0,0.0,0.0,0.0,0.0,0.000818938400937807,0.0,0.0,0.0,0.0,0.0,0.0,0.0
x_R11_EXIT_C,0.0,0.0,0.00016378768018756142,0.0,0.0,0.0,0.0,0.0,0.0,0.0,0.0,0.00016378768018756142,0.0,0.0,0.0,0.0,0.0,0.0,0.0,0.0,0.00016378768018756142,0.0,0.0,0.0,0.0,0.0,0.0,0.0,0.0,0.00016378768018756142,0.0,0.0,0.0,0.0,0.0,0.0,0.00011055668412660398,0.00011055668412660398,5.323099606095746e-05,0.00011055668412660398,0.00011055668412660398,0.00011055668412660398,0.00011055668412660398,0.00011055668412660398,0.00011055668412660398,0.00011055668412660398,0.00011055668412660398,5.323099606095746e-05,0.00011055668412660398,0.00011055668412660398,0.00011055668412660398,0.00011055668412660398,0.00011055668412660398,0.00011055668412660398,0.00025796559629540924,0.00025796559629540924,0.00042175327648297066,0.00011055668412660398,0.00025796559629540924,0.00025796559629540924,0.00025796559629540924,0.00025796559629540924,0.00025796559629540924,0.0,0.0,0.00016378768018756142,0.0,0.0,0.0,0.0,0.0,0.0,0.0,0.0,0.00016378768018756142,0.0,0.0,0.0,0.0,0.0,0.0,0.0001474089121688053,0.0001474089121688053,0.00031119659235636667,0.0,0.0,0.0,0.0,0.0,0.0,0.83742085670119,0.83742085670119,-0.8221339118367141,0.8372734477890212,0.83742085670119,0.83742085670119,0.83742085670119,0.83742085670119,0.83742085670119,0.0,0.0,0.00032757536037512284,0.0,0.0,0.0,0.0,0.0,0.0,0.0,0.0,0.00016378768018756142,0.0,0.0,0.0,0.0,0.0,0.0,0.0,0.0,0.00016378768018756142,0.0,0.0,0.0,0.0,0.0,0.0,7.370445608440265e-05,7.370445608440265e-05,0.00015559829617818333,0.0,0.0,0.0,0.0,0.0,0.0,0.0001474089121688053,0.0001474089121688053,0.00031119659235636667,0.0,0.0,0.0,0.0,0.0,0.0,0.0,0.0,0.0,0.0,0.0,0.0,0.0,0.0,0.0,0.0,0.0,0.00032757536037512284,0.0,0.0,0.0,0.0,0.0,0.0,0.0,0.0,0.00016378768018756142,0.0,0.0,0.0,0.0,0.0,0.0,0.0,0.0,0.00016378768018756142,0.0,0.0,0.0,0.0,0.0,0.0,0.0,0.0,0.00016378768018756142,0.0,0.0,0.0,0.0,0.0,0.0,0.0,0.0,0.00016378768018756142,0.0,0.0,0.0,0.0,0.0,0.0,0.0,0.0,0.00016378768018756142,0.0,0.0,0.0,0.0,0.0,0.0,0.0,0.0,0.00016378768018756142,0.0,0.0,0.0,0.0,0.0,0.0,0.0,0.0,0.00016378768018756142,0.0,0.0,0.0,0.0,0.0,0.0,0.0,0.0,0.00016378768018756142,0.0,0.0,0.0,0.0,0.0,0.0,0.0,0.0,0.00016378768018756142,0.0,0.0,0.0,0.0,0.0,0.0,0.0,0.0,0.000818938400937807,0.0,0.0,0.0,0.0,0.0,0.0
x_R11_EXIT_D,0.0,0.0,0.0,0.00016378768018756145,0.0,0.0,0.0,0.0,0.0,0.0,0.0,0.0,0.00016378768018756145,0.0,0.0,0.0,0.0,0.0,0.0,0.0,0.0,0.00016378768018756145,0.0,0.0,0.0,0.0,0.0,0.0,0.0,0.0,0.00016378768018756145,0.0,0.0,0.0,0.0,0.0,0.0,0.0,0.0,0.00016378768018756145,0.0,0.0,0.0,0.0,0.0,0.0,0.0,0.0,0.00016378768018756145,0.0,0.0,0.0,0.0,0.0,0.00011055668412660398,0.00011055668412660398,0.00011055668412660398,0.0007657074048768497,0.00011055668412660398,0.00011055668412660398,0.00011055668412660398,0.00011055668412660398,0.00011055668412660398,0.0,0.0,0.0,0.00016378768018756145,0.0,0.0,0.0,0.0,0.0,0.0,0.0,0.0,0.00016378768018756145,0.0,0.0,0.0,0.0,0.0,0.0003111965923563667,0.0003111965923563667,0.0003111965923563667,0.0003275753603751228,0.00016378768018756142,0.00016378768018756142,0.00016378768018756142,0.00016378768018756142,0.00016378768018756142,0.8372734477890212,0.8372734477890212,0.8372734477890212,-0.8180289882139616,0.8372734477890212,0.8372734477890212,0.8372734477890212,0.8372734477890212,0.8372734477890212,0.0,0.0,0.0,0.0003275753603751229,0.0,0.0,0.0,0.0,0.0,0.0,0.0,0.0,0.00016378768018756145,0.0,0.0,0.0,0.0,0.0,0.0,0.0,0.0,0.00016378768018756145,0.0,0.0,0.0,0.0,0.0,0.0002088292922391408,0.0002088292922391408,0.0002088292922391408,0.00011874606813598204,0.0,0.0,0.0,0.0,0.0,0.0004176585844782816,0.0004176585844782816,0.0004176585844782816,0.00023749213627196407,7.370445608440265e-05,7.370445608440265e-05,7.370445608440265e-05,7.370445608440265e-05,7.370445608440265e-05,0.0,0.0,0.0,0.0,0.0,0.0,0.0,0.0,0.0,0.0,0.0,0.0,0.0003275753603751229,0.0,0.0,0.0,0.0,0.0,0.00011055668412660398,0.00011055668412660398,0.00011055668412660398,5.3230996060957466e-05,0.00011055668412660398,0.00011055668412660398,0.00011055668412660398,0.00011055668412660398,0.00011055668412660398,0.0,0.0,0.0,0.00016378768018756145,0.0,0.0,0.0,0.0,0.0,0.0,0.0,0.0,0.00016378768018756145,0.0,0.0,0.0,0.0,0.0,0.0,0.0,0.0,0.00016378768018756145,0.0,0.0,0.0,0.0,0.0,0.0,0.0,0.0,0.00016378768018756145,0.0,0.0,0.0,0.0,0.0,0.0,0.0,0.0,0.00016378768018756145,0.0,0.0,0.0,0.0,0.0,0.0,0.0,0.0,0.00016378768018756145,0.0,0.0,0.0,0.0,0.0,0.0,0.0,0.0,0.00016378768018756145,0.0,0.0,0.0,0.0,0.0,0.0,0.0,0.0,0.00016378768018756145,0.0,0.0,0.0,0.0,0.0,0.0,0.0,0.0,0.0008189384009378071,0.0,0.0,0.0,0.0,0.0
x_R11_EXIT_E,0.0,0.0,0.0,0.0,0.0007861808649002948,0.0,0.0,0.0,0.0,0.0,0.0,0.0,0.0,0.0007861808649002948,0.0,0.0,0.0,0.0,0.0,0.0,0.0,0.0002907231323329215,0.0010072942331535025,0.0,0.0,0.0,0.0,0.0,0.0,0.0,0.0002907231323329215,0.0010072942331535025,0.0,0.0,0.0,0.0,0.0,0.0,0.0,0.0002907231323329215,0.0015191307337396323,0.0005118365005861294,0.00025387090429072017,0.0,0.0005118365005861294,0.0,0.0,0.0,0.0002907231323329215,0.0015191307337396323,0.0005118365005861294,0.00025387090429072017,0.0,0.0005118365005861294,0.00025796559629540924,0.00025796559629540924,0.00025796559629540924,0.00011055668412660398,0.0017770963300350415,0.0007698020968815387,0.0005118365005861294,0.00025796559629540924,0.0007698020968815387,0.0,0.0,0.0,0.0,0.0007861808649002948,0.0,0.0,0.0,0.0,0.0,0.0,0.0,0.0,0.0007861808649002948,0.0,0.0,0.0,0.0,0.0001474089121688053,0.0001474089121688053,0.0001474089121688053,0.0,0.0012284076014067106,0.00022111336825320795,0.00022111336825320795,0.0,0.00022111336825320795,0.83742085670119,0.83742085670119,0.83742085670119,0.8372734477890212,-0.796541209819518,0.8379326932017762,0.8376747276054808,0.83742085670119,0.8379326932017762,0.0,0.0,0.00018016644820631757,7.370445608440265e-05,0.002014588466307005,0.0,0.0,0.0,0.0,0.0,0.0,0.0,0.0,0.0007861808649002948,0.0,0.0,0.0,0.0,0.0,0.0,0.0,0.0,0.0007861808649002948,0.0,0.0,0.0,0.0,7.370445608440265e-05,7.370445608440265e-05,7.370445608440265e-05,0.0,0.0006142038007033553,0.00011055668412660398,0.00011055668412660398,0.0,0.00011055668412660398,0.0001474089121688053,0.0001474089121688053,0.0001474089121688053,0.0,0.0012284076014067106,0.00022111336825320795,0.00022111336825320795,0.0,0.00022111336825320795,0.0,0.0,0.0,0.0,0.0,0.0,0.0,0.0,0.0,0.0,0.0,0.0007288551768346481,0.0001474089121688053,0.0018671795541382002,0.0,0.0,0.0,0.0,0.0002907231323329215,0.0002907231323329215,0.0002907231323329215,0.0,0.0012284076014067106,0.00022111336825320795,0.00022111336825320795,0.0,0.00022111336825320795,0.0,0.0,9.008322410315878e-05,0.00022111336825320795,0.0007861808649002948,0.0,0.0,0.0,0.0,0.0,0.0,9.008322410315878e-05,0.00022111336825320795,0.0007861808649002948,0.0,0.0,0.0,0.0,0.0,0.0,9.008322410315878e-05,0.00022111336825320795,0.0007861808649002948,0.0,0.0,0.0,0.0,0.0,0.0,0.0006592454127549346,0.00036852228042201317,0.0007861808649002948,0.0,0.0,0.0,0.0,0.0,0.0,0.0006592454127549346,0.00036852228042201317,0.0007861808649002948,0.0,0.0,0.0,0.0,0.00040537450846421454,0.00040537450846421454,0.0010646199212191493,0.0007738967888862278,0.0003480488203985681,0.00040537450846421454,0.00040537450846421454,0.00040537450846421454,0.00040537450846421454,0.00011055668412660398,0.00011055668412660398,0.0007698020968815386,0.0004790789645486171,5.323099606095746e-05,0.00011055668412660398,0.00011055668412660398,0.00011055668412660398,0.00011055668412660398,0.0,0.0,0.0,0.0,0.0007861808649002948,0.0,0.0,0.0,0.0,0.0,0.0,0.0004504161205157939,0.0011055668412660396,0.003930904324501473,0.0,0.0,0.0,0.0
x_R11_EXIT_F,0.0,0.0,0.0,0.0,0.0,0.00016378768018756145,0.0,0.0,0.0,0.0,0.0,0.0,0.0,0.0,0.00016378768018756145,0.0,0.0,0.0,0.0,0.0,0.0,0.0002907231323329215,0.0,0.00034395412839387896,0.0,0.0,0.00014331422016411626,0.0,0.0,0.0,0.0002907231323329215,0.0,0.00034395412839387896,0.0,0.0,0.00014331422016411626,0.0,0.0,0.0,0.0002907231323329215,0.0005118365005861294,0.0008926428570222096,0.00025387090429072017,0.0,0.0006920029487924469,0.0,0.0,0.0,0.0002907231323329215,0.0005118365005861294,0.0008926428570222096,0.00025387090429072017,0.0,0.0006920029487924469,0.00025796559629540924,0.00025796559629540924,0.00025796559629540924,0.00011055668412660398,0.0007698020968815387,0.001150608453317619,0.0005118365005861294,0.00025796559629540924,0.0009499685450878562,0.0,0.0,0.0,0.0,0.0,0.00016378768018756145,0.0,0.0,0.0,0.0,0.0,0.0,0.0,0.0,0.00016378768018756145,0.0,0.0,0.0,0.0001474089121688053,0.0001474089121688053,0.0001474089121688053,0.0,0.00022111336825320795,0.0006019197246892882,0.00025796559629540924,0.0,0.00040127981645952547,0.83742085670119,0.83742085670119,0.83742085670119,0.8372734477890212,0.8379326932017762,-0.8009286671905941,0.8376747276054808,0.83742085670119,0.8381128596499825,0.0,0.0,0.00018016644820631757,7.370445608440265e-05,7.370445608440265e-05,0.0006879082567877579,0.0,0.0,0.0002866284403282325,0.0,0.0,0.0,0.0,0.0,0.00016378768018756145,0.0,0.0,0.0,0.0,0.0,0.0,0.0,0.0,0.00016378768018756145,0.0,0.0,0.0,7.370445608440265e-05,7.370445608440265e-05,7.370445608440265e-05,0.0,0.00011055668412660398,0.0003009598623446441,0.00012898279814770462,0.0,0.00020063990822976273,0.0001474089121688053,0.0001474089121688053,0.0001474089121688053,0.0,0.00022111336825320795,0.0006019197246892882,0.00025796559629540924,0.0,0.00040127981645952547,0.0,0.0,0.0,0.0,0.0,0.0,0.0,0.0,0.0,0.00010646199212191492,0.00010646199212191492,0.0007288551768346481,0.0001474089121688053,0.0,0.0005814462646658431,0.00018016644820631754,0.00010646199212191492,0.00018016644820631754,0.0002907231323329215,0.0002907231323329215,0.0002907231323329215,0.0,0.00022111336825320795,0.0006019197246892882,0.00025796559629540924,0.0,0.00040127981645952547,0.0,0.0,9.008322410315878e-05,0.00025796559629540924,0.0,0.00016378768018756145,0.0,0.0,0.0,0.0,0.0,9.008322410315878e-05,0.00025796559629540924,0.0,0.00016378768018756145,0.0,0.0,0.0,0.0,0.0,9.008322410315878e-05,0.00025796559629540924,0.0,0.00016378768018756145,0.0,0.0,0.0,0.0,0.0,0.0005486887286283307,0.00025796559629540924,0.0,5.323099606095746e-05,0.0,0.0,0.0,0.00011055668412660398,0.00010646199212191492,0.0005118365005861294,0.00022111336825320795,0.0,5.323099606095746e-05,0.00011055668412660398,0.00011055668412660398,0.00011055668412660398,0.0,0.00010646199212191492,0.0005118365005861294,0.00022111336825320795,0.0,0.00016378768018756145,0.0,0.0,0.0,0.0,0.00010646199212191492,0.0005118365005861294,0.00022111336825320795,0.0,0.00016378768018756145,0.0,0.0,0.0,0.0,0.0,0.0,0.0,0.0,0.00016378768018756145,0.0,0.0,0.0,0.0,0.0,0.0004504161205157939,0.0012898279814770462,0.0,0.0008189384009378071,0.0,0.0,0.0
x_R11_EXIT_G,0.0,0.0,0.0,0.00043813204450172683,0.00014331422016411623,0.00014331422016411623,0.0010031995411488137,0.0,0.00014331422016411623,0.0,0.0,0.0,0.00043813204450172683,0.00014331422016411623,0.00014331422016411623,0.0010031995411488137,0.0,0.00014331422016411623,0.0,0.0,0.0,0.00025387090429072017,0.0002948178243376106,0.0002948178243376106,0.0013881005895895833,0.0,0.0002948178243376106,0.0,0.0,0.0,0.00025387090429072017,0.0002948178243376106,0.0002948178243376106,0.0013881005895895833,0.0,0.0002948178243376106,0.0,0.0,0.0,0.00025387090429072017,0.00025387090429072017,0.00025387090429072017,0.0021169557664242316,0.0,0.00025387090429072017,0.0,0.0,0.0,0.00025387090429072017,0.00025387090429072017,0.00025387090429072017,0.0021169557664242316,0.0,0.00025387090429072017,0.00025796559629540924,0.00025796559629540924,0.00025796559629540924,0.00011055668412660398,0.0005118365005861294,0.0005118365005861294,0.002374921362719641,0.00025796559629540924,0.0005118365005861294,0.0,0.0,0.0,0.00043813204450172683,0.00014331422016411623,0.00014331422016411623,0.0010031995411488137,0.0,0.00014331422016411623,0.0,0.0,0.0,0.00043813204450172683,0.00014331422016411623,0.00014331422016411623,0.0010031995411488137,0.0,0.00014331422016411623,0.0001474089121688053,0.0001474089121688053,0.0001474089121688053,0.0,0.0,0.0,0.0010932827652519726,0.00043813204450172683,0.0,0.83742085670119,0.83742085670119,0.83742085670119,0.8372734477890212,0.8376747276054808,0.8376747276054808,-0.7917645297931017,0.83742085670119,0.8376747276054808,0.0,0.0,0.00018016644820631757,0.0008435065529659413,0.0006633401047596238,0.0006633401047596238,0.002849905635263569,0.0,0.0006633401047596238,0.0,0.0,0.0,0.00043813204450172683,0.00014331422016411623,0.00014331422016411623,0.0010031995411488137,0.0,0.00014331422016411623,0.0,0.0,0.0,0.00043813204450172683,0.00014331422016411623,0.00014331422016411623,0.0010031995411488137,0.0,0.00014331422016411623,7.370445608440265e-05,7.370445608440265e-05,7.370445608440265e-05,0.0,0.0,0.0,0.0005466413826259863,0.00021906602225086342,0.0,0.0001474089121688053,0.0001474089121688053,0.0001474089121688053,0.0,0.0,0.0,0.0010932827652519726,0.00043813204450172683,0.0,0.0,0.0,0.0,0.0,0.0,0.0,0.0,0.0,0.0,0.00018016644820631757,0.0005896356486752212,0.0005077418085814403,0.0,0.0,0.0,0.0017197706419693952,0.00018016644820631757,0.0,0.00025387090429072017,0.00025387090429072017,0.00025387090429072017,0.0,0.0,0.0,0.0010932827652519726,0.00043813204450172683,0.0,0.0009499685450878565,0.0013348695935286258,0.001461805045673986,0.0010400517691910153,0.0008066543249237402,0.0008066543249237402,5.323099606095746e-05,0.0009499685450878565,0.0008066543249237402,0.0006223931847127333,0.0010072942331535027,0.0011342296852988626,0.0007124764088158922,0.0004790789645486171,0.0004790789645486171,0.00034804882039856803,0.0006223931847127333,0.0004790789645486171,0.00018016644820631757,0.000565067496647087,0.0006920029487924471,0.0002702496723094764,0.0,0.0,0.0008230330929424963,0.00018016644820631757,0.0,0.00014331422016411623,0.0005282152686048857,0.00025387090429072017,0.0,0.0,0.0,0.0008598853209846976,0.00014331422016411623,0.0,0.00014331422016411623,0.0002948178243376106,0.00025387090429072017,0.0,0.0,0.0,0.0008598853209846976,0.00014331422016411623,0.0,0.00014331422016411623,0.0002948178243376106,0.00025387090429072017,0.0,0.0,0.0,0.0008598853209846976,0.00014331422016411623,0.0,0.00014331422016411623,0.0002948178243376106,0.00025387090429072017,0.0,0.0,0.0,0.0008598853209846976,0.00014331422016411623,0.0,0.0,0.0,0.0,0.00043813204450172683,0.00014331422016411623,0.00014331422016411623,0.0010031995411488137,0.0,0.00014331422016411623,0.0,0.0,0.0028253374832354346,0.0007165711008205812,0.00045041612051579383,0.00045041612051579383,0.004749842725439281,0.0,0.00045041612051579383
x_R11_EXIT_H,0.0,0.0001474089121688053,0.0004790789645486171,0.00029481782433761055,0.0003316700523798118,0.0003316700523798118,0.0003316700523798118,0.00016378768018756142,0.0003316700523798118,0.0,0.0001474089121688053,0.0004790789645486171,0.00029481782433761055,0.0003316700523798118,0.0003316700523798118,0.0003316700523798118,0.00016378768018756142,0.0003316700523798118,0.0001474089121688053,0.0,0.00033167005237981186,0.00033167005237981186,0.0,0.0,0.0,0.0008271277849471851,0.0,0.0001474089121688053,0.0,0.00033167005237981186,0.00033167005237981186,0.0,0.0,0.0,0.0008271277849471851,0.0,0.0004790789645486171,0.00033167005237981186,0.0,0.0,0.0,0.0,0.0,0.001158797837326997,0.0,0.0004790789645486171,0.00033167005237981186,0.0,0.0,0.0,0.0,0.0,0.001158797837326997,0.0,0.0007370445608440265,0.0005896356486752212,0.00025796559629540924,0.00011055668412660398,0.00025796559629540924,0.00025796559629540924,0.00025796559629540924,0.0014167634336224063,0.00025796559629540924,0.0,0.0001474089121688053,0.0004790789645486171,0.00022111336825320795,0.0001842611402110066,0.0001842611402110066,0.0001842611402110066,0.00016378768018756142,0.0001842611402110066,0.0,0.0001474089121688053,0.0004790789645486171,0.00022111336825320795,0.0001842611402110066,0.0001842611402110066,0.0001842611402110066,0.00016378768018756142,0.0001842611402110066,0.0006264878767174225,0.0004790789645486171,0.0001474089121688053,0.0,0.0,0.0,0.0,0.00038490104844076935,0.0,0.8378999356657387,0.8377525267535699,0.83742085670119,0.8372734477890212,0.83742085670119,0.83742085670119,0.83742085670119,-0.7994088557121697,0.83742085670119,0.00022111336825320795,0.0,0.0,0.0,0.0,0.0,0.0,0.0007698020968815387,0.0,0.0,0.0006633401047596236,0.0009950101571394357,0.00022111336825320795,0.0001842611402110066,0.0001842611402110066,0.0001842611402110066,0.00016378768018756142,0.0001842611402110066,0.0,0.0006633401047596236,0.0009950101571394357,0.00022111336825320795,0.0001842611402110066,0.0001842611402110066,0.0001842611402110066,0.00016378768018756142,0.0001842611402110066,0.00031324393835871126,0.00023953948227430855,7.370445608440265e-05,0.0,0.0,0.0,0.0,0.00019245052422038467,0.0,0.0006264878767174225,0.0004790789645486171,0.0001474089121688053,0.0,0.0,0.0,0.0,0.00038490104844076935,0.0,0.0,0.0,0.0,0.0,0.0,0.0,0.0,0.0,0.0,0.0006633401047596236,0.0,0.0,0.0,0.0,0.0,0.0,0.0006960976407971361,0.0,0.0004790789645486171,0.00033167005237981186,0.0,0.0,0.0,0.0,0.0,0.00038490104844076935,0.0,0.0003316700523798118,0.0,0.0,0.0,0.0,0.0,0.0,0.00034804882039856803,0.0,0.0003316700523798118,0.0,0.0,0.0,0.0,0.0,0.0,0.00034804882039856803,0.0,0.0003316700523798118,0.0,0.0,0.0,0.0,0.0,0.0,0.00034804882039856803,0.0,0.0003316700523798118,0.0,0.0,0.0,0.0,0.0,0.0,0.00034804882039856803,0.0,0.0003316700523798118,0.0,0.0,0.0,0.0,0.0,0.0,0.00034804882039856803,0.0,0.0003316700523798118,0.0,0.0,0.0,0.0,0.0,0.0,0.00034804882039856803,0.0,0.0003316700523798118,0.0,0.0,0.0,0.0,0.0,0.0,0.00034804882039856803,0.0,0.0,0.0001474089121688053,0.0004790789645486171,0.00029481782433761055,0.0003316700523798118,0.0003316700523798118,0.0003316700523798118,0.00016378768018756142,0.0003316700523798118,0.0016583502618990591,0.0023953948227430854,0.0,0.0,0.0,0.0,0.0,0.00174024410199284,0.0
x_R11_EXIT_STAIRWELL,0.0,0.0,0.0,0.0,0.0,0.0,0.0,0.0,0.00016378768018756145,0.0,0.0,0.0,0.0,0.0,0.0,0.0,0.0,0.00016378768018756145,0.0,0.0,0.0,0.0002907231323329215,0.0,0.00014331422016411626,0.0,0.0,0.00032348066837043383,0.0,0.0,0.0,0.0002907231323329215,0.0,0.00014331422016411626,0.0,0.0,0.00032348066837043383,0.0,0.0,0.0,0.0002907231323329215,0.0005118365005861294,0.0006920029487924469,0.00025387090429072017,0.0,0.0008721693969987646,0.0,0.0,0.0,0.0002907231323329215,0.0005118365005861294,0.0006920029487924469,0.00025387090429072017,0.0,0.0008721693969987646,0.00025796559629540924,0.00025796559629540924,0.00025796559629540924,0.00011055668412660398,0.0007698020968815387,0.0009499685450878562,0.0005118365005861294,0.00025796559629540924,0.0011301349932941738,0.0,0.0,0.0,0.0,0.0,0.0,0.0,0.0,0.00016378768018756145,0.0,0.0,0.0,0.0,0.0,0.0,0.0,0.0,0.00016378768018756145,0.0001474089121688053,0.0001474089121688053,0.0001474089121688053,0.0,0.00022111336825320795,0.00040127981645952547,0.00025796559629540924,0.0,0.0005814462646658431,0.83742085670119,0.83742085670119,0.83742085670119,0.8372734477890212,0.8379326932017762,0.8381128596499825,0.8376747276054808,0.83742085670119,-0.8038743391462297,0.0,0.0,0.00018016644820631757,7.370445608440265e-05,7.370445608440265e-05,0.0002866284403282325,0.0,0.0,0.0006469613367408677,0.0,0.0,0.0,0.0,0.0,0.0,0.0,0.0,0.00016378768018756145,0.0,0.0,0.0,0.0,0.0,0.0,0.0,0.0,0.00016378768018756145,7.370445608440265e-05,7.370445608440265e-05,7.370445608440265e-05,0.0,0.00011055668412660398,0.00020063990822976273,0.00012898279814770462,0.0,0.00029072313233292153,0.0001474089121688053,0.0001474089121688053,0.0001474089121688053,0.0,0.00022111336825320795,0.00040127981645952547,0.00025796559629540924,0.0,0.0005814462646658431,0.0,0.0,0.0,0.0,0.0,0.0,0.0,0.0,0.0,0.00010646199212191492,0.00010646199212191492,0.0007288551768346481,0.0001474089121688053,0.0,0.00018016644820631754,0.00021292398424382984,0.00010646199212191492,0.0005404993446189528,0.0002907231323329215,0.0002907231323329215,0.0002907231323329215,0.0,0.00022111336825320795,0.00040127981645952547,0.00025796559629540924,0.0,0.0005814462646658431,0.0,0.0,9.008322410315878e-05,0.00025796559629540924,0.0,0.0,0.0,0.0,0.00016378768018756145,0.0,0.0,9.008322410315878e-05,0.00025796559629540924,0.0,0.0,0.0,0.0,0.00016378768018756145,0.0,0.0,9.008322410315878e-05,0.00025796559629540924,0.0,0.0,0.0,0.0,0.00016378768018756145,0.0,0.0,0.0005650674966470868,0.00027434436431416536,0.0,0.0,0.0,0.0,0.00016378768018756145,0.0,0.00010646199212191492,0.0005118365005861294,0.00022111336825320795,0.0,0.0,0.0,0.0,0.00016378768018756145,0.0,0.00010646199212191492,0.0005118365005861294,0.00022111336825320795,0.0,0.0,0.0,0.0,0.00016378768018756145,0.0,0.00010646199212191492,0.0005118365005861294,0.00022111336825320795,0.0,0.0,0.0,0.0,0.00016378768018756145,0.0,0.0,0.0,0.0,0.0,0.0,0.0,0.0,0.00016378768018756145,0.0,0.0,0.0004504161205157939,0.0012898279814770462,0.0,0.0,0.0,0.0,0.0008189384009378071
x_R12_EXIT_A,0.00010646199212191492,0.0005896356486752211,0.0005896356486752211,0.0008107490169284289,0.0008107490169284289,0.0008107490169284289,0.0008107490169284289,0.00022111336825320795,0.0008107490169284289,0.00010646199212191492,0.0005896356486752211,0.0005896356486752211,0.0008107490169284289,0.0008107490169284289,0.0008107490169284289,0.0008107490169284289,0.00022111336825320795,0.0008107490169284289,0.000696097640797136,0.0,0.0,0.0,0.0,0.0,0.0,0.00022111336825320795,0.0,0.000696097640797136,0.0,0.0,0.0,0.0,0.0,0.0,0.00022111336825320795,0.0,0.000696097640797136,0.0,0.0,0.0,0.0,0.0,0.0,0.00022111336825320795,0.0,0.000696097640797136,0.0,0.0,0.0,0.0,0.0,0.0,0.00022111336825320795,0.0,0.000696097640797136,0.0,0.0,0.0,0.0,0.0,0.0,0.00022111336825320795,0.0,0.0003275753603751229,0.0003685222804220132,0.0003685222804220132,0.0,0.0,0.0,0.0,0.0,0.0,0.0003275753603751229,0.0003685222804220132,0.0003685222804220132,0.0,0.0,0.0,0.0,0.0,0.0,0.000696097640797136,0.0,0.0,0.0,0.0,0.0,0.0,0.0,0.0,0.000696097640797136,0.0,0.0,0.0,0.0,0.0,0.0,0.00022111336825320795,0.0,-0.813864915916062,0.8369612275236638,0.8368588602235465,0.8368588602235465,0.8368588602235465,0.8368588602235465,0.8368588602235465,0.8371741515079075,0.8368588602235465,0.0003275753603751229,0.00022111336825320795,0.00022111336825320795,0.0,0.0,0.0,0.0,0.0,0.0,0.0003275753603751229,0.00022111336825320795,0.00022111336825320795,0.0,0.0,0.0,0.0,0.0,0.0,0.000348048820398568,0.0,0.0,0.0,0.0,0.0,0.0,0.0,0.0,0.000696097640797136,0.0,0.0,0.0,0.0,0.0,0.0,0.0,0.0,0.0,0.0,0.0,0.0,0.0,0.0,0.0,0.0,0.0,0.0018344220181006874,0.0,0.0,0.0,0.0,0.0,0.0,0.0,0.0,0.000696097640797136,0.0,0.0,0.0,0.0,0.0,0.0,0.0,0.0,0.0009172110090503437,0.0,0.0,0.0,0.0,0.0,0.0,0.0,0.0,0.0009172110090503437,0.0,0.0,0.0,0.0,0.0,0.0,0.0,0.0,0.0009172110090503437,0.0,0.0,0.0,0.0,0.0,0.0,0.0,0.0,0.0009172110090503437,0.0,0.0,0.0,0.0,0.0,0.0,0.0,0.0,0.0009172110090503437,0.0,0.0,0.0,0.0,0.0,0.0,0.0,0.0,0.0009172110090503437,0.0,0.0,0.0,0.0,0.0,0.0,0.0,0.0,0.0009172110090503437,0.0,0.0,0.0,0.0,0.0,0.0,0.0,0.0,0.0003275753603751229,0.0003685222804220132,0.0003685222804220132,0.0005896356486752211,0.0005896356486752211,0.0005896356486752211,0.0005896356486752211,0.0,0.0005896356486752211,0.0045860550452517185,0.0011055668412660396,0.0,0.0,0.0,0.0,0.0,0.0,0.0
x_R12_EXIT_B,0.0,0.00032757536037512284,0.0,0.0,0.0,0.0,0.0,0.0,0.0,0.0,0.00032757536037512284,0.0,0.0,0.0,0.0,0.0,0.0,0.0,0.00022111336825320795,0.00010646199212191492,0.00022111336825320795,0.00022111336825320795,0.0010236730011722588,0.0010236730011722588,0.0010236730011722588,0.00022111336825320795,0.0010236730011722588,0.00022111336825320795,0.00010646199212191492,0.00022111336825320795,0.00022111336825320795,0.0010236730011722588,0.0010236730011722588,0.0010236730011722588,0.00022111336825320795,0.0010236730011722588,0.0,0.00032757536037512284,0.0,0.0,0.0,0.0,0.0,0.0,0.0,0.0,0.00032757536037512284,0.0,0.0,0.0,0.0,0.0,0.0,0.0,0.0,0.00032757536037512284,0.0,0.0,0.0,0.0,0.0,0.0,0.0,0.0,0.00032757536037512284,0.0,0.0,0.0,0.0,0.0,0.0,0.0,0.0,0.00032757536037512284,0.0,0.0,0.0,0.0,0.0,0.0,0.0,0.0,0.00032757536037512284,0.0,0.0,0.0,0.0,0.0,0.0,0.0,0.0,0.00032757536037512284,0.0,0.0,0.0,0.0,0.0,0.0,0.0,0.8369612275236638,-0.8223775434550189,0.8368588602235465,0.8368588602235465,0.8368588602235465,0.8368588602235465,0.8368588602235465,0.8369612275236638,0.8368588602235465,0.0,0.00032757536037512284,0.0,0.0,0.0,0.0,0.0,0.0,0.0,0.0,0.00032757536037512284,0.0,0.0,0.0,0.0,0.0,0.0,0.0,0.0,0.00016378768018756142,0.0,0.0,0.0,0.0,0.0,0.0,0.0,0.0,0.00032757536037512284,0.0,0.0,0.0,0.0,0.0,0.0,0.0,0.0,0.0,0.0,0.0,0.0,0.0,0.0,0.0,0.0,0.0,0.0022602699865883476,0.0,0.0,0.0,0.0,0.0,0.0,0.0,0.0,0.00032757536037512284,0.0,0.0,0.0,0.0,0.0,0.0,0.0,0.0,0.0011301349932941738,0.0,0.0,0.0,0.0,0.0,0.0,0.0,0.0,0.0011301349932941738,0.0,0.0,0.0,0.0,0.0,0.0,0.0,0.0,0.0011301349932941738,0.0,0.0,0.0,0.0,0.0,0.0,0.0,0.0,0.0011301349932941738,0.0,0.0,0.0,0.0,0.0,0.0,0.0,0.0,0.0011301349932941738,0.0,0.0,0.0,0.0,0.0,0.0,0.0,0.0,0.0011301349932941738,0.0,0.0,0.0,0.0,0.0,0.0,0.0,0.0,0.0011301349932941738,0.0,0.0,0.0,0.0,0.0,0.0,0.0,0.0,0.00032757536037512284,0.0,0.0,0.0,0.0,0.0,0.0,0.0,0.0,0.001637876801875614,0.0,0.0,0.0,0.0,0.0,0.0,0.0
x_R12_EXIT_C,0.0,0.0,0.00032757536037512284,0.0,0.0,0.0,0.0,0.0,0.0,0.0,0.0,0.00032757536037512284,0.0,0.0,0.0,0.0,0.0,0.0,0.0,0.0,0.00032757536037512284,0.00018016644820631757,0.0,0.0,0.0,0.0,0.0,0.0,0.0,0.00032757536037512284,0.00018016644820631757,0.0,0.0,0.0,0.0,0.0,0.00022111336825320795,0.00022111336825320795,0.00010646199212191492,0.0004012798164595255,0.0004012798164595255,0.0004012798164595255,0.0004012798164595255,0.00022111336825320795,0.0004012798164595255,0.00022111336825320795,0.00022111336825320795,0.00010646199212191492,0.0004012798164595255,0.0004012798164595255,0.0004012798164595255,0.0004012798164595255,0.00022111336825320795,0.0004012798164595255,0.0,0.0,0.00032757536037512284,0.0,0.00018016644820631757,0.00018016644820631757,0.00018016644820631757,0.0,0.00018016644820631757,0.0,0.0,0.00032757536037512284,0.0,0.0,0.0,0.0,0.0,0.0,0.0,0.0,0.00032757536037512284,0.0,0.0,0.0,0.0,0.0,0.0,0.0,0.0,0.00032757536037512284,0.0,0.0,0.0,0.0,0.0,0.0,0.0,0.0,0.00032757536037512284,0.0,0.00018016644820631757,0.00018016644820631757,0.00018016644820631757,0.0,0.00018016644820631757,0.8368588602235465,0.8368588602235465,-0.8178795293998163,0.8368588602235465,0.8368588602235465,0.8368588602235465,0.8368588602235465,0.8368588602235465,0.8368588602235465,0.0,0.0,0.00032757536037512284,0.0,0.0,0.0,0.0,0.0,0.0,0.0,0.0,0.00032757536037512284,0.0,0.0,0.0,0.0,0.0,0.0,0.0,0.0,0.00016378768018756142,0.0,0.0,0.0,0.0,0.0,0.0,0.0,0.0,0.00032757536037512284,0.0,0.0,0.0,0.0,0.0,0.0,0.0,0.0,0.0,0.0,0.0,0.0,0.0,0.0,0.0,0.0,0.0,0.0010154836171628807,0.0,0.0,0.0,0.0,0.0,0.0,0.00018016644820631757,0.00018016644820631757,0.0005077418085814403,0.0,0.0,0.0,0.0,0.0,0.0,0.0,0.0,0.0015314148097536992,0.0,0.0,0.0,0.0,0.0,0.0,0.0,0.0,0.0015314148097536992,0.0,0.0,0.0,0.0,0.0,0.0,0.0,0.0,0.0015314148097536992,0.0,0.0,0.0,0.0,0.0,0.0,0.0,0.0,0.0005077418085814403,0.0,0.0,0.0,0.0,0.0,0.0,0.0,0.0,0.0005077418085814403,0.0,0.0,0.0,0.0,0.0,0.0,0.0,0.0,0.0005077418085814403,0.0,0.0,0.0,0.0,0.0,0.0,0.0,0.0,0.0005077418085814403,0.0,0.0,0.0,0.0,0.0,0.0,0.0,0.0,0.00032757536037512284,0.0,0.0,0.0,0.0,0.0,0.0,0.0,0.0,0.007657074048768494,0.0,0.0,0.0,0.0,0.0,0.0
x_R12_EXIT_D,0.0,0.0,0.0,0.0015396041937630774,0.0,0.0,0.0,0.0,0.0,0.0,0.0,0.0,0.0015396041937630774,0.0,0.0,0.0,0.0,0.0,0.0,0.0,0.0,0.0006960976407971362,0.0,0.0,0.0,0.0,0.0,0.0,0.0,0.0,0.0006960976407971362,0.0,0.0,0.0,0.0,0.0,0.0,0.0,0.0,0.0006960976407971362,7.370445608440265e-05,7.370445608440265e-05,0.0008435065529659413,0.0,7.370445608440265e-05,0.0,0.0,0.0,0.0006960976407971362,7.370445608440265e-05,7.370445608440265e-05,0.0008435065529659413,0.0,7.370445608440265e-05,0.0,0.0,0.0,0.0003275753603751229,7.370445608440265e-05,7.370445608440265e-05,0.0008435065529659413,0.0,7.370445608440265e-05,0.0,0.0,0.0,0.0015396041937630774,0.0,0.0,0.0,0.0,0.0,0.0,0.0,0.0,0.0015396041937630774,0.0,0.0,0.0,0.0,0.0,0.0,0.0,0.0,0.0003275753603751229,0.0002948178243376106,0.0002948178243376106,0.0002948178243376106,0.0012120288333879545,0.0002948178243376106,0.0,0.0,0.0,0.0003275753603751229,7.370445608440265e-05,7.370445608440265e-05,0.0008435065529659413,0.0,7.370445608440265e-05,0.8368588602235465,0.8368588602235465,0.8368588602235465,-0.8177321204876475,0.8368588602235465,0.8368588602235465,0.8368588602235465,0.8368588602235465,0.8368588602235465,0.0,0.0,0.0,0.0015396041937630774,0.0,0.0,0.0,0.0,0.0,0.0,0.0,0.0,0.0015396041937630774,0.0,0.0,0.0,0.0,0.0,0.0,0.0,0.0,0.00016378768018756145,0.0001474089121688053,0.0001474089121688053,0.0001474089121688053,0.0006060144166939773,0.0001474089121688053,0.0,0.0,0.0,0.0003275753603751229,0.0002948178243376106,0.0002948178243376106,0.0002948178243376106,0.0012120288333879545,0.0002948178243376106,0.0,0.0,0.0,0.0,0.0,0.0,0.0,0.0,0.0,0.0,0.0,0.0001474089121688053,0.001244786369425467,0.0,0.0,0.0,0.0,0.0,0.0005896356486752212,0.0005896356486752212,0.0005896356486752212,0.00010646199212191493,0.0005159311925908185,0.0005159311925908185,0.0005159311925908185,0.0014331422016411624,0.0005159311925908185,0.0,0.0,0.0,0.0006223931847127334,0.0,0.0,0.0,0.0,0.0,0.0,0.0,0.0,0.0006223931847127334,0.0,0.0,0.0,0.0,0.0,0.0,0.0,0.0,0.0006223931847127334,0.0,0.0,0.0,0.0,0.0,0.0,0.0,7.370445608440265e-05,0.0006223931847127334,0.0,0.0,0.0,0.0,0.0,0.0,0.0,7.370445608440265e-05,0.0006223931847127334,0.0,0.0,0.0,0.0,0.0,0.0,0.0,7.370445608440265e-05,0.0006223931847127334,0.0,0.0,0.0,0.0,0.0,0.0,0.0,7.370445608440265e-05,0.0006223931847127334,0.0,0.0,0.0,0.0,0.0,0.0,0.0,0.0,0.0015396041937630774,0.0,0.0,0.0,0.0,0.0,0.0,0.0,0.0001637876801875614,0.0031119659235636665,0.0,0.0,0.0,0.0,0.0
x_R12_EXIT_E,0.0,0.0,0.0,0.0,0.0015723617298005895,0.0,0.0,0.0,0.0,0.0,0.0,0.0,0.0,0.0015723617298005895,0.0,0.0,0.0,0.0,0.0,0.0,0.0,0.0,0.0027843905631885443,0.0006960976407971362,0.0005896356486752212,0.0,0.0006960976407971362,0.0,0.0,0.0,0.0,0.0027843905631885443,0.0006960976407971362,0.0005896356486752212,0.0,0.0006960976407971362,0.0,0.0,0.0,0.0,0.002014588466307005,7.370445608440265e-05,0.0006633401047596238,0.0,7.370445608440265e-05,0.0,0.0,0.0,0.0,0.002014588466307005,7.370445608440265e-05,0.0006633401047596238,0.0,7.370445608440265e-05,0.0,0.0,0.0,0.0,0.002014588466307005,7.370445608440265e-05,0.0006633401047596238,0.0,7.370445608440265e-05,0.0,0.0,0.0,0.0,0.0015723617298005895,0.0,0.0,0.0,0.0,0.0,0.0,0.0,0.0,0.0015723617298005895,0.0,0.0,0.0,0.0,0.0,0.0,0.0,0.0,0.002014588466307005,7.370445608440265e-05,0.00018016644820631757,0.0,7.370445608440265e-05,0.0,0.0,0.0,0.0,0.002014588466307005,7.370445608440265e-05,0.0006633401047596238,0.0,7.370445608440265e-05,0.8368588602235465,0.8368588602235465,0.8368588602235465,0.8368588602235465,-0.8082655431690455,0.8385008317174268,0.838287907733183,0.8368588602235465,0.8385008317174268,0.0,0.0,0.0,0.0,0.0015723617298005895,0.0,0.0,0.0,0.0,0.0,0.0,0.0,0.0,0.0015723617298005895,0.0,0.0,0.0,0.0,0.0,0.0,0.0,0.0,0.0010072942331535025,0.0,9.008322410315878e-05,0.0,0.0,0.0,0.0,0.0,0.0,0.002014588466307005,7.370445608440265e-05,0.00018016644820631757,0.0,7.370445608440265e-05,0.0,0.0,0.0,0.0,0.0,0.0,0.0,0.0,0.0,0.00021292398424382986,0.0013921952815942724,0.0,0.0,0.0037343591082764005,0.0,0.0,0.00021292398424382986,0.0,0.0,0.0,0.0,0.0,0.002014588466307005,7.370445608440265e-05,0.00018016644820631757,0.0,7.370445608440265e-05,0.0,0.0005896356486752212,0.0006960976407971361,0.00018016644820631757,0.0015723617298005895,0.0,0.0,0.0,0.0,0.0,0.0005896356486752212,0.0006960976407971361,0.00018016644820631757,0.0015723617298005895,0.0,0.0,0.0,0.0,0.0,0.0005896356486752212,0.0006960976407971361,0.00018016644820631757,0.0015723617298005895,0.0,0.0,0.0,0.0,0.0,0.0005896356486752212,0.0002948178243376106,0.0002948178243376106,0.0015723617298005895,0.0,0.0,0.0,0.0,0.0,0.0006960976407971362,0.0002948178243376106,0.0002948178243376106,0.0015723617298005895,0.0,0.0,0.0,0.0,0.0008107490169284291,0.0015068466577255653,0.0011055668412660396,0.0011055668412660396,0.0006960976407971362,0.0008107490169284291,0.0008107490169284291,0.0008107490169284291,0.0008107490169284291,0.00022111336825320795,0.000917211009050344,0.0005159311925908185,0.0005159311925908185,0.00010646199212191492,0.00022111336825320795,0.00022111336825320795,0.00022111336825320795,0.00022111336825320795,0.0,0.0,0.0,0.0,0.0015723617298005895,0.0,0.0,0.0,0.0,0.0,0.0,0.00348048820398568,0.0009008322410315878,0.007861808649002947,0.0,0.0,0.0,0.0
x_R12_EXIT_F,0.0,0.0,0.0,0.0,0.0,0.0003275753603751229,0.0,0.0,0.0,0.0,0.0,0.0,0.0,0.0,0.0003275753603751229,0.0,0.0,0.0,0.0,0.0,0.0,0.0,0.0006960976407971362,0.001384005897584894,0.0005896356486752212,0.0,0.0009827260811253685,0.0,0.0,0.0,0.0,0.0006960976407971362,0.001384005897584894,0.0005896356486752212,0.0,0.0009827260811253685,0.0,0.0,0.0,0.0,0.0,0.0006879082567877579,0.0006633401047596238,0.0,0.0002866284403282325,0.0,0.0,0.0,0.0,0.0,0.0006879082567877579,0.0006633401047596238,0.0,0.0002866284403282325,0.0,0.0,0.0,0.0,0.0,0.0006879082567877579,0.0006633401047596238,0.0,0.0002866284403282325,0.0,0.0,0.0,0.0,0.0,0.0003275753603751229,0.0,0.0,0.0,0.0,0.0,0.0,0.0,0.0,0.0003275753603751229,0.0,0.0,0.0,0.0,0.0,0.0,0.0,0.0,0.0006879082567877579,0.00010646199212191493,0.0,0.0002866284403282325,0.0,0.0,0.0,0.0,0.0,0.0006879082567877579,0.0006633401047596238,0.0,0.0002866284403282325,0.8368588602235465,0.8368588602235465,0.8368588602235465,0.8368588602235465,0.8385008317174268,-0.816498823992104,0.838287907733183,0.8368588602235465,0.8390740885980833,0.0,0.0,0.0,0.0,0.0,0.0003275753603751229,0.0,0.0,0.0,0.0,0.0,0.0,0.0,0.0,0.0003275753603751229,0.0,0.0,0.0,0.0,0.0,0.0,0.0,0.0,0.00034395412839387896,5.3230996060957466e-05,0.0,0.00014331422016411626,0.0,0.0,0.0,0.0,0.0,0.0006879082567877579,0.00010646199212191493,0.0,0.0002866284403282325,0.0,0.0,0.0,0.0,0.0,0.0,0.0,0.0,0.0,0.00042584796848765973,0.001605119265838102,0.0,0.0,0.0,0.0011628925293316861,0.0003603328964126351,0.00042584796848765973,0.0003603328964126351,0.0,0.0,0.0,0.0,0.0,0.0006879082567877579,0.00010646199212191493,0.0,0.0002866284403282325,0.0,0.0005896356486752212,0.0006960976407971361,0.00010646199212191493,0.0,0.0003275753603751229,0.0,0.0,0.0,0.0,0.0005896356486752212,0.0006960976407971361,0.00010646199212191493,0.0,0.0003275753603751229,0.0,0.0,0.0,0.0,0.0005896356486752212,0.0006960976407971361,0.00010646199212191493,0.0,0.0003275753603751229,0.0,0.0,0.0,0.0,0.0005896356486752212,7.370445608440265e-05,7.370445608440265e-05,0.0,0.00010646199212191492,0.0,0.0,0.0,0.00022111336825320795,0.0009090216250409659,0.0,0.0,0.0,0.00010646199212191492,0.00022111336825320795,0.00022111336825320795,0.00022111336825320795,0.0,0.0009090216250409659,0.0,0.0,0.0,0.0003275753603751229,0.0,0.0,0.0,0.0,0.0009090216250409659,0.0,0.0,0.0,0.0003275753603751229,0.0,0.0,0.0,0.0,0.0,0.0,0.0,0.0,0.0003275753603751229,0.0,0.0,0.0,0.0,0.0,0.00348048820398568,0.0005323099606095745,0.0,0.0016378768018756142,0.0,0.0,0.0
x_R12_EXIT_G,0.0,0.0,0.0,0.0,0.00028662844032823246,0.00028662844032823246,0.0020063990822976273,0.0,0.00028662844032823246,0.0,0.0,0.0,0.0,0.00028662844032823246,0.00028662844032823246,0.0020063990822976273,0.0,0.00028662844032823246,0.0,0.0,0.0,0.0,0.0005896356486752212,0.0005896356486752212,0.0027762011791791666,0.0,0.0005896356486752212,0.0,0.0,0.0,0.0,0.0005896356486752212,0.0005896356486752212,0.0027762011791791666,0.0,0.0005896356486752212,0.0,0.0,0.0,0.0,0.0,0.0,0.002849905635263569,0.0,0.0,0.0,0.0,0.0,0.0,0.0,0.0,0.002849905635263569,0.0,0.0,0.0,0.0,0.0,0.0,0.0,0.0,0.002849905635263569,0.0,0.0,0.0,0.0,0.0,0.0,0.00028662844032823246,0.00028662844032823246,0.0020063990822976273,0.0,0.00028662844032823246,0.0,0.0,0.0,0.0,0.00028662844032823246,0.00028662844032823246,0.0020063990822976273,0.0,0.00028662844032823246,0.0,0.0,0.0,0.0,0.0,0.0,0.002186565530503945,0.0,0.0,0.0,0.0,0.0,0.0,0.0,0.0,0.002849905635263569,0.0,0.0,0.8368588602235465,0.8368588602235465,0.8368588602235465,0.8368588602235465,0.838287907733183,0.838287907733183,-0.8082819219370643,0.8368588602235465,0.838287907733183,0.0,0.0,0.0,0.0,0.00028662844032823246,0.00028662844032823246,0.0020063990822976273,0.0,0.00028662844032823246,0.0,0.0,0.0,0.0,0.00028662844032823246,0.00028662844032823246,0.0020063990822976273,0.0,0.00028662844032823246,0.0,0.0,0.0,0.0,0.0,0.0,0.0010932827652519726,0.0,0.0,0.0,0.0,0.0,0.0,0.0,0.0,0.002186565530503945,0.0,0.0,0.0,0.0,0.0,0.0,0.0,0.0,0.0,0.0,0.0,0.00036033289641263514,0.0011792712973504424,0.0,0.0,0.0,0.0,0.0034395412839387904,0.00036033289641263514,0.0,0.0,0.0,0.0,0.0,0.0,0.0,0.002186565530503945,0.0,0.0,0.001899937090175713,0.0026697391870572516,0.0027762011791791666,0.0020801035383820306,0.0016133086498474804,0.0016133086498474804,0.00010646199212191492,0.001899937090175713,0.0016133086498474804,0.0012447863694254667,0.0020145884663070055,0.0021210504584289205,0.0014249528176317845,0.0009581579290972342,0.0009581579290972342,0.0006960976407971361,0.0012447863694254667,0.0009581579290972342,0.00036033289641263514,0.001130134993294174,0.0012365969854160888,0.0005404993446189528,7.370445608440265e-05,7.370445608440265e-05,0.0016460661858849926,0.00036033289641263514,7.370445608440265e-05,0.00028662844032823246,0.0010564305372097714,0.0,0.0,0.0,0.0,0.0017197706419693952,0.00028662844032823246,0.0,0.00028662844032823246,0.0005896356486752212,0.0,0.0,0.0,0.0,0.0017197706419693952,0.00028662844032823246,0.0,0.00028662844032823246,0.0005896356486752212,0.0,0.0,0.0,0.0,0.0017197706419693952,0.00028662844032823246,0.0,0.00028662844032823246,0.0005896356486752212,0.0,0.0,0.0,0.0,0.0017197706419693952,0.00028662844032823246,0.0,0.0,0.0,0.0,0.0,0.00028662844032823246,0.00028662844032823246,0.0020063990822976273,0.0,0.00028662844032823246,0.0,0.0,0.0049136304056268424,0.0014331422016411624,0.0009008322410315877,0.0009008322410315877,0.009499685450878563,0.0,0.0009008322410315877
x_R12_EXIT_H,0.0,0.0,0.0,0.0005896356486752212,7.370445608440265e-05,7.370445608440265e-05,7.370445608440265e-05,0.00032757536037512284,7.370445608440265e-05,0.0,0.0,0.0,0.0005896356486752212,7.370445608440265e-05,7.370445608440265e-05,7.370445608440265e-05,0.00032757536037512284,7.370445608440265e-05,0.0,0.0,0.0,0.0,0.0,0.0,0.0,0.0007698020968815387,0.0,0.0,0.0,0.0,0.0,0.0,0.0,0.0,0.0007698020968815387,0.0,0.0,0.0,0.0,0.0,0.0,0.0,0.0,0.0007698020968815387,0.0,0.0,0.0,0.0,0.0,0.0,0.0,0.0,0.0007698020968815387,0.0,0.0,0.0,0.0,0.0,0.0,0.0,0.0,0.0007698020968815387,0.0,0.0,0.0,0.0,0.001031862385181637,0.0003685222804220132,0.0003685222804220132,0.0003685222804220132,0.00032757536037512284,0.0003685222804220132,0.0,0.0,0.0,0.001031862385181637,0.0003685222804220132,0.0003685222804220132,0.0003685222804220132,0.00032757536037512284,0.0003685222804220132,0.0,0.0,0.0,0.0,0.0,0.0,0.0,0.0013594377455567598,0.0,0.0,0.0,0.0,0.0,0.0,0.0,0.0,0.0007698020968815387,0.0,0.8371741515079075,0.8369612275236638,0.8368588602235465,0.8368588602235465,0.8368588602235465,0.8368588602235465,0.8368588602235465,-0.8176502266475538,0.8368588602235465,0.0,0.0004422267365064159,0.0004422267365064159,0.001031862385181637,0.0003685222804220132,0.0003685222804220132,0.0003685222804220132,0.00032757536037512284,0.0003685222804220132,0.0,0.0004422267365064159,0.0004422267365064159,0.001031862385181637,0.0003685222804220132,0.0003685222804220132,0.0003685222804220132,0.00032757536037512284,0.0003685222804220132,0.0,0.0,0.0,0.0,0.0,0.0,0.0,0.0006797188727783799,0.0,0.0,0.0,0.0,0.0,0.0,0.0,0.0,0.0013594377455567598,0.0,0.0,0.0,0.0,0.0,0.0,0.0,0.0,0.0,0.0,0.0001474089121688053,0.0,0.0,0.0,0.0,0.0,0.0,0.0013921952815942721,0.0,0.0,0.0,0.0,0.0,0.0,0.0,0.0,0.0013594377455567598,0.0,7.370445608440265e-05,0.0,0.0,0.0,0.0,0.0,0.0,0.0006960976407971361,0.0,7.370445608440265e-05,0.0,0.0,0.0,0.0,0.0,0.0,0.0006960976407971361,0.0,7.370445608440265e-05,0.0,0.0,0.0,0.0,0.0,0.0,0.0006960976407971361,0.0,7.370445608440265e-05,0.0,0.0,0.0,0.0,0.0,0.0,0.0006960976407971361,0.0,7.370445608440265e-05,0.0,0.0,0.0,0.0,0.0,0.0,0.0006960976407971361,0.0,7.370445608440265e-05,0.0,0.0,0.0,0.0,0.0,0.0,0.0006960976407971361,0.0,7.370445608440265e-05,0.0,0.0,0.0,0.0,0.0,0.0,0.0006960976407971361,0.0,0.0,0.0,0.0,0.0005896356486752212,7.370445608440265e-05,7.370445608440265e-05,7.370445608440265e-05,0.00032757536037512284,7.370445608440265e-05,0.00036852228042201317,0.00036852228042201317,0.0,0.0,0.0,0.0,0.0,0.00348048820398568,0.0
x_R12_EXIT_STAIRWELL,0.0,0.0,0.0,0.0,0.0,0.0,0.0,0.0,0.0003275753603751229,0.0,0.0,0.0,0.0,0.0,0.0,0.0,0.0,0.0003275753603751229,0.0,0.0,0.0,0.0,0.0006960976407971362,0.0009827260811253685,0.0005896356486752212,0.0,0.0013430589775380037,0.0,0.0,0.0,0.0,0.0006960976407971362,0.0009827260811253685,0.0005896356486752212,0.0,0.0013430589775380037,0.0,0.0,0.0,0.0,0.0,0.0002866284403282325,0.0006633401047596238,0.0,0.0006469613367408677,0.0,0.0,0.0,0.0,0.0,0.0002866284403282325,0.0006633401047596238,0.0,0.0006469613367408677,0.0,0.0,0.0,0.0,0.0,0.0002866284403282325,0.0006633401047596238,0.0,0.0006469613367408677,0.0,0.0,0.0,0.0,0.0,0.0,0.0,0.0,0.0003275753603751229,0.0,0.0,0.0,0.0,0.0,0.0,0.0,0.0,0.0003275753603751229,0.0,0.0,0.0,0.0,0.0,0.0002866284403282325,0.00010646199212191493,0.0,0.0006469613367408677,0.0,0.0,0.0,0.0,0.0,0.0002866284403282325,0.0006633401047596238,0.0,0.0006469613367408677,0.8368588602235465,0.8368588602235465,0.8368588602235465,0.8368588602235465,0.8385008317174268,0.8390740885980833,0.838287907733183,0.8368588602235465,-0.81950591632781,0.0,0.0,0.0,0.0,0.0,0.0,0.0,0.0,0.0003275753603751229,0.0,0.0,0.0,0.0,0.0,0.0,0.0,0.0,0.0003275753603751229,0.0,0.0,0.0,0.0,0.0,0.00014331422016411626,5.3230996060957466e-05,0.0,0.00032348066837043383,0.0,0.0,0.0,0.0,0.0,0.0002866284403282325,0.00010646199212191493,0.0,0.0006469613367408677,0.0,0.0,0.0,0.0,0.0,0.0,0.0,0.0,0.0,0.00042584796848765973,0.001605119265838102,0.0,0.0,0.0,0.0003603328964126351,0.0004258479684876597,0.00042584796848765973,0.0010809986892379056,0.0,0.0,0.0,0.0,0.0,0.0002866284403282325,0.00010646199212191493,0.0,0.0006469613367408677,0.0,0.0005896356486752212,0.0006960976407971361,0.00010646199212191493,0.0,0.0,0.0,0.0,0.0003275753603751229,0.0,0.0005896356486752212,0.0006960976407971361,0.00010646199212191493,0.0,0.0,0.0,0.0,0.0003275753603751229,0.0,0.0005896356486752212,0.0006960976407971361,0.00010646199212191493,0.0,0.0,0.0,0.0,0.0003275753603751229,0.0,0.0005896356486752212,0.00010646199212191493,0.00010646199212191493,0.0,0.0,0.0,0.0,0.0003275753603751229,0.0,0.0009090216250409659,0.0,0.0,0.0,0.0,0.0,0.0,0.0003275753603751229,0.0,0.0009090216250409659,0.0,0.0,0.0,0.0,0.0,0.0,0.0003275753603751229,0.0,0.0009090216250409659,0.0,0.0,0.0,0.0,0.0,0.0,0.0003275753603751229,0.0,0.0,0.0,0.0,0.0,0.0,0.0,0.0,0.0003275753603751229,0.0,0.0,0.00348048820398568,0.0005323099606095745,0.0,0.0,0.0,0.0,0.0016378768018756142
x_R13_EXIT_A,5.323099606095746e-05,0.00011055668412660398,0.00011055668412660398,0.00011055668412660398,0.00011055668412660398,0.00011055668412660398,0.00011055668412660398,0.0011639162023328582,0.00011055668412660398,5.323099606095746e-05,0.00011055668412660398,0.00011055668412660398,0.00011055668412660398,0.00011055668412660398,0.00011055668412660398,0.00011055668412660398,0.0011639162023328582,0.00011055668412660398,0.00016378768018756145,0.0,0.0,0.0,0.0,0.0,0.0,0.0,0.0,0.00016378768018756145,0.0,0.0,0.0,0.0,0.0,0.0,0.0,0.0,0.00016378768018756145,0.0,0.0,0.0,0.0,0.0,0.0,0.0,0.0,0.00016378768018756145,0.0,0.0,0.0,0.0,0.0,0.0,0.0,0.0,0.00016378768018756145,0.0,0.0,0.0,0.0,0.0,0.0,0.0,0.0,0.000762636385873333,0.0005988487056857716,0.0005988487056857716,0.00042175327648297055,0.00042175327648297055,0.00042175327648297055,0.00042175327648297055,0.00042175327648297055,0.00042175327648297055,0.001106590514267212,0.0009428028340796505,0.0009428028340796505,0.00011055668412660398,0.00011055668412660398,0.00011055668412660398,0.00011055668412660398,0.00011055668412660398,0.00011055668412660398,0.00016378768018756145,0.0,0.0,0.0,0.0,0.0,0.0,0.0,0.0,0.00016378768018756145,0.0,0.0,0.0,0.0,0.0,0.0,0.0,0.0,0.0003275753603751229,0.0,0.0,0.0,0.0,0.0,0.0,0.0,0.0,-0.8169343414033662,0.8371792698729135,0.8371792698729135,0.8371792698729135,0.8371792698729135,0.8371792698729135,0.8371792698729135,0.8371792698729135,0.8371792698729135,0.001217147198393816,0.0,0.0,0.0,0.0,0.0,0.0,0.0,0.0,8.189384009378072e-05,0.0,0.0,0.0,0.0,0.0,0.0,0.0,0.0,0.00016378768018756145,0.0,0.0,0.0,0.0,0.0,0.0,0.0,0.0,0.0,0.0,0.0,0.0,0.0,0.0,0.0,0.0,0.0,0.0003275753603751229,0.0,0.0,0.0,0.0,0.0,0.0,0.0,0.0,0.00016378768018756145,0.0,0.0,0.0,0.0,0.0,0.0,0.0,0.0,0.00016378768018756145,0.0,0.0,0.0,0.0,0.0,0.0,0.0,0.0,0.00016378768018756145,0.0,0.0,0.0,0.0,0.0,0.0,0.0,0.0,0.00016378768018756145,0.0,0.0,0.0,0.0,0.0,0.0,0.0,0.0,0.00016378768018756145,0.0,0.0,0.0,0.0,0.0,0.0,0.0,0.0,0.00016378768018756145,0.0,0.0,0.0,0.0,0.0,0.0,0.0,0.0,0.00016378768018756145,0.0,0.0,0.0,0.0,0.0,0.0,0.0,0.0,0.00016378768018756145,0.0,0.0,0.0,0.0,0.0,0.0,0.0,0.0,0.0004678185615357224,0.0003040308813481609,0.0003040308813481609,0.0003040308813481609,0.0003040308813481609,0.0003040308813481609,0.0003040308813481609,0.0007493286368580936,0.0003040308813481609,0.0008189384009378071,0.0,0.0,0.0,0.0,0.0,0.0,0.0,0.0
x_R13_EXIT_B,0.0,0.0003111965923563667,0.0001474089121688053,0.00029481782433761055,0.0003316700523798118,0.0003316700523798118,0.0003316700523798118,7.370445608440265e-05,0.0003316700523798118,0.0,0.0003111965923563667,0.0001474089121688053,0.00029481782433761055,0.0003316700523798118,0.0003316700523798118,0.0003316700523798118,7.370445608440265e-05,0.0003316700523798118,0.00025796559629540924,5.323099606095746e-05,0.00011055668412660398,0.00011055668412660398,0.00011055668412660398,0.00011055668412660398,0.00011055668412660398,0.0007738967888862278,0.00011055668412660398,0.00025796559629540924,5.323099606095746e-05,0.00011055668412660398,0.00011055668412660398,0.00011055668412660398,0.00011055668412660398,0.00011055668412660398,0.0007738967888862278,0.00011055668412660398,0.0001474089121688053,0.00016378768018756142,0.0,0.0,0.0,0.0,0.0,0.0006633401047596236,0.0,0.0001474089121688053,0.00016378768018756142,0.0,0.0,0.0,0.0,0.0,0.0006633401047596236,0.0,0.0001474089121688053,0.00016378768018756142,0.0,0.0,0.0,0.0,0.0,0.0006633401047596236,0.0,0.0,0.0003111965923563667,0.0001474089121688053,0.0002948178243376106,0.00025796559629540924,0.00025796559629540924,0.00025796559629540924,7.370445608440265e-05,0.00025796559629540924,0.0,0.0003111965923563667,0.0001474089121688053,0.0002948178243376106,0.00025796559629540924,0.00025796559629540924,0.00025796559629540924,7.370445608440265e-05,0.00025796559629540924,0.0001474089121688053,0.00016378768018756142,0.0,0.0,0.0,0.0,0.0,0.00022111336825320795,0.0,0.0001474089121688053,0.00016378768018756142,0.0,0.0,0.0,0.0,0.0,0.0006633401047596236,0.0,0.00022111336825320795,0.00032757536037512284,0.0,0.0,0.0,0.0,0.0,0.0004422267365064159,0.0,0.8371792698729135,-0.8105644883707577,0.8379163144337575,0.8374740876972511,0.8374372354692088,0.8374372354692088,0.8374372354692088,0.8372529743289978,0.8374372354692088,0.0,0.0009008322410315878,0.0007370445608440263,0.0002948178243376106,0.00025796559629540924,0.00025796559629540924,0.00025796559629540924,7.370445608440265e-05,0.00025796559629540924,7.370445608440265e-05,8.189384009378071e-05,0.0,0.0,0.0,0.0,0.0,0.00011055668412660398,0.0,0.0001474089121688053,0.00016378768018756142,0.0,0.0,0.0,0.0,0.0,0.00022111336825320795,0.0,0.0,0.0,0.0,0.0,0.0,0.0,0.0,0.0,0.0,0.0006633401047596236,0.00032757536037512284,0.0,0.0,0.0,0.0,0.0,0.0003685222804220132,0.0,0.0001474089121688053,0.00016378768018756142,0.0,0.0,0.0,0.0,0.0,0.00022111336825320795,0.0,0.0003316700523798118,0.00016378768018756142,0.0,0.0,0.0,0.0,0.0,0.0001842611402110066,0.0,0.0003316700523798118,0.00016378768018756142,0.0,0.0,0.0,0.0,0.0,0.0001842611402110066,0.0,0.0003316700523798118,0.00016378768018756142,0.0,0.0,0.0,0.0,0.0,0.0001842611402110066,0.0,0.0003316700523798118,0.00016378768018756142,0.0,0.0,0.0,0.0,0.0,0.0001842611402110066,0.0,0.0003316700523798118,0.00016378768018756142,0.0,0.0,0.0,0.0,0.0,0.0001842611402110066,0.0,0.0003316700523798118,0.00016378768018756142,0.0,0.0,0.0,0.0,0.0,0.0001842611402110066,0.0,0.0003316700523798118,0.00016378768018756142,0.0,0.0,0.0,0.0,0.0,0.0001842611402110066,0.0,0.0,0.0003111965923563667,0.0001474089121688053,0.00029481782433761055,0.0003316700523798118,0.0003316700523798118,0.0003316700523798118,7.370445608440265e-05,0.0003316700523798118,0.0016583502618990591,0.003214333223680892,0.0,0.0,0.0,0.0,0.0,0.0009213057010550329,0.0
x_R13_EXIT_C,0.0,0.0001474089121688053,0.0006428666447361786,0.00029481782433761055,0.0003316700523798118,0.0003316700523798118,0.0003316700523798118,7.370445608440265e-05,0.0003316700523798118,0.0,0.0001474089121688053,0.0006428666447361786,0.00029481782433761055,0.0003316700523798118,0.0003316700523798118,0.0003316700523798118,7.370445608440265e-05,0.0003316700523798118,0.0001474089121688053,0.0,0.0004954577325673733,0.00033167005237981186,0.0,0.0,0.0,0.0006633401047596236,0.0,0.0001474089121688053,0.0,0.0004954577325673733,0.00033167005237981186,0.0,0.0,0.0,0.0006633401047596236,0.0,0.0005896356486752212,0.0004422267365064159,5.323099606095746e-05,0.00011055668412660398,0.00011055668412660398,0.00011055668412660398,0.00011055668412660398,0.0011055668412660396,0.00011055668412660398,0.0005896356486752212,0.0004422267365064159,5.323099606095746e-05,0.00011055668412660398,0.00011055668412660398,0.00011055668412660398,0.00011055668412660398,0.0011055668412660396,0.00011055668412660398,0.0004790789645486171,0.00033167005237981186,0.00016378768018756142,0.0,0.0,0.0,0.0,0.0009950101571394357,0.0,0.0,0.0001474089121688053,0.0006428666447361786,0.0002948178243376106,0.00025796559629540924,0.00025796559629540924,0.00025796559629540924,7.370445608440265e-05,0.00025796559629540924,0.0,0.0001474089121688053,0.0006428666447361786,0.0002948178243376106,0.00025796559629540924,0.00025796559629540924,0.00025796559629540924,7.370445608440265e-05,0.00025796559629540924,0.0004790789645486171,0.00033167005237981186,0.00016378768018756142,0.0,0.0,0.0,0.0,0.00022111336825320795,0.0,0.0004790789645486171,0.00033167005237981186,0.00016378768018756142,0.0,0.0,0.0,0.0,0.0009950101571394357,0.0,0.00022111336825320795,0.0,0.00032757536037512284,0.0,0.0,0.0,0.0,0.0004422267365064159,0.0,0.8371792698729135,0.8379163144337575,-0.8027108793296608,0.8374740876972511,0.8374372354692088,0.8374372354692088,0.8374372354692088,0.8372529743289978,0.8374372354692088,0.0,0.0007370445608440263,0.0012325022934113997,0.0002948178243376106,0.00025796559629540924,0.00025796559629540924,0.00025796559629540924,7.370445608440265e-05,0.00025796559629540924,0.00023953948227430855,0.00016583502618990593,8.189384009378071e-05,0.0,0.0,0.0,0.0,0.00011055668412660398,0.0,0.0004790789645486171,0.00033167005237981186,0.00016378768018756142,0.0,0.0,0.0,0.0,0.00022111336825320795,0.0,0.0,0.0,0.0,0.0,0.0,0.0,0.0,0.0,0.0,0.0006633401047596236,0.0,0.00032757536037512284,0.0,0.0,0.0,0.0,0.0003685222804220132,0.0,0.0004790789645486171,0.00033167005237981186,0.00016378768018756142,0.0,0.0,0.0,0.0,0.00022111336825320795,0.0,0.0003316700523798118,0.0,0.00016378768018756142,0.0,0.0,0.0,0.0,0.0001842611402110066,0.0,0.0003316700523798118,0.0,0.00016378768018756142,0.0,0.0,0.0,0.0,0.0001842611402110066,0.0,0.0003316700523798118,0.0,0.00016378768018756142,0.0,0.0,0.0,0.0,0.0001842611402110066,0.0,0.0003316700523798118,0.0,0.00016378768018756142,0.0,0.0,0.0,0.0,0.0001842611402110066,0.0,0.0003316700523798118,0.0,0.00016378768018756142,0.0,0.0,0.0,0.0,0.0001842611402110066,0.0,0.0003316700523798118,0.0,0.00016378768018756142,0.0,0.0,0.0,0.0,0.0001842611402110066,0.0,0.0003316700523798118,0.0,0.00016378768018756142,0.0,0.0,0.0,0.0,0.0001842611402110066,0.0,0.0,0.0001474089121688053,0.0006428666447361786,0.00029481782433761055,0.0003316700523798118,0.0003316700523798118,0.0003316700523798118,7.370445608440265e-05,0.0003316700523798118,0.0016583502618990591,0.0023953948227430854,0.000818938400937807,0.0,0.0,0.0,0.0,0.0009213057010550329,0.0
x_R13_EXIT_D,0.0,0.0,0.0,0.0011874606813598206,0.0,0.0,0.0,7.370445608440265e-05,0.0,0.0,0.0,0.0,0.0011874606813598206,0.0,0.0,0.0,7.370445608440265e-05,0.0,0.0,0.0,0.0,0.0003480488203985681,0.0,0.0,0.0,0.00022111336825320795,0.0,0.0,0.0,0.0,0.0003480488203985681,0.0,0.0,0.0,0.00022111336825320795,0.0,0.0,0.0,0.0,0.0003480488203985681,0.0,0.0,0.00043813204450172683,0.00022111336825320795,0.0,0.0,0.0,0.0,0.0003480488203985681,0.0,0.0,0.00043813204450172683,0.00022111336825320795,0.0,0.0,0.0,0.0,0.00016378768018756145,0.0,0.0,0.00043813204450172683,0.00022111336825320795,0.0,0.0,0.0,0.0,0.0014822785056974308,0.00025796559629540924,0.00025796559629540924,0.00025796559629540924,7.370445608440265e-05,0.00025796559629540924,0.0,0.0,0.0,0.0014822785056974308,0.00025796559629540924,0.00025796559629540924,0.00025796559629540924,7.370445608440265e-05,0.00025796559629540924,0.0,0.0,0.0,0.00016378768018756145,0.0001474089121688053,0.0001474089121688053,0.0001474089121688053,0.001244786369425467,0.0001474089121688053,0.0,0.0,0.0,0.00016378768018756145,0.0,0.0,0.00043813204450172683,0.00022111336825320795,0.0,0.0,0.0,0.0,0.0015396041937630774,0.0,0.0,0.0,0.001031862385181637,0.0,0.8371792698729135,0.8374740876972511,0.8374740876972511,-0.8058041871123601,0.8374372354692088,0.8374372354692088,0.8374372354692088,0.8372529743289978,0.8374372354692088,0.0,0.0002948178243376106,0.0002948178243376106,0.0014822785056974308,0.00025796559629540924,0.00025796559629540924,0.00025796559629540924,7.370445608440265e-05,0.00025796559629540924,0.0,0.0,0.0,8.189384009378072e-05,7.370445608440265e-05,7.370445608440265e-05,7.370445608440265e-05,0.0006223931847127334,7.370445608440265e-05,0.0,0.0,0.0,0.00016378768018756145,0.0001474089121688053,0.0001474089121688053,0.0001474089121688053,0.001244786369425467,0.0001474089121688053,0.0,0.0,0.0,0.0,0.0,0.0,0.0,0.0,0.0,7.370445608440265e-05,0.0,7.370445608440265e-05,0.0006223931847127334,0.0,0.0,0.0,0.0003685222804220132,0.0,0.0002948178243376106,0.0002948178243376106,0.0002948178243376106,5.3230996060957466e-05,0.00025796559629540924,0.00025796559629540924,0.00025796559629540924,0.001355343053552071,0.00025796559629540924,0.0,0.0,0.0,0.0003111965923563667,0.0,0.0,0.0,0.0001842611402110066,0.0,0.0,0.0,0.0,0.0003111965923563667,0.0,0.0,0.0,0.0001842611402110066,0.0,0.0,0.0,0.0,0.0003111965923563667,0.0,0.0,0.0,0.0001842611402110066,0.0,0.0,0.0,0.0,0.0003111965923563667,0.0,0.0,0.0,0.0001842611402110066,0.0,0.0,0.0,0.0,0.0003111965923563667,0.0,0.0,0.0,0.0001842611402110066,0.0,0.0,0.0,0.0,0.0003111965923563667,0.0,0.0,0.0,0.0001842611402110066,0.0,0.0,0.0,0.0,0.0003111965923563667,0.0,0.0,0.0,0.0001842611402110066,0.0,0.0,0.0,0.0,0.0011874606813598206,0.0,0.0,0.0,7.370445608440265e-05,0.0,0.00018426114021100659,0.00018426114021100659,0.0,0.0015559829617818332,0.0,0.0,0.0,0.0009213057010550329,0.0
x_R13_EXIT_E,0.0,0.0,0.0,0.0,0.0013717218215708268,0.0004749842725439281,0.0003275753603751229,7.370445608440265e-05,0.0004012798164595255,0.0,0.0,0.0,0.0,0.0013717218215708268,0.0004749842725439281,0.0003275753603751229,7.370445608440265e-05,0.0004012798164595255,0.0,0.0,0.0,0.0,0.0007861808649002948,0.0,0.00014331422016411623,0.0001842611402110066,0.0,0.0,0.0,0.0,0.0,0.0007861808649002948,0.0,0.00014331422016411623,0.0001842611402110066,0.0,0.0,0.0,0.0,0.0,0.0007861808649002948,0.0,0.00014331422016411623,0.0001842611402110066,0.0,0.0,0.0,0.0,0.0,0.0007861808649002948,0.0,0.00014331422016411623,0.0001842611402110066,0.0,0.0,0.0,0.0,0.0,0.0007861808649002948,0.0,0.00014331422016411623,0.0001842611402110066,0.0,0.0,0.0,0.0,0.00025796559629540924,0.0016296874178662363,0.0007329498688393373,0.0005855409566705321,7.370445608440265e-05,0.0006592454127549348,0.0,0.0,0.0,0.00025796559629540924,0.0016296874178662363,0.0007329498688393373,0.0005855409566705321,7.370445608440265e-05,0.0006592454127549348,0.0,0.0,0.0,0.0,0.0007861808649002948,0.0,0.00014331422016411623,0.0001842611402110066,0.0,0.0,0.0,0.0,0.0,0.0007861808649002948,0.0,0.00014331422016411623,0.0001842611402110066,0.0,0.0,0.0,0.0,0.0,0.0015723617298005895,0.0,0.00028662844032823246,0.0003685222804220132,0.0,0.8371792698729135,0.8374372354692088,0.8374372354692088,0.8374372354692088,-0.8014779232064596,0.8379122197417528,0.837764810829584,0.8372529743289978,0.8378385152856683,0.0,0.00025796559629540924,0.00025796559629540924,0.00025796559629540924,0.0016296874178662363,0.0007329498688393373,0.0005855409566705321,7.370445608440265e-05,0.0006592454127549348,0.0,0.0,0.0,0.0,0.0003930904324501474,0.0,7.165711008205812e-05,9.21305701055033e-05,0.0,0.0,0.0,0.0,0.0,0.0007861808649002948,0.0,0.00014331422016411623,0.0001842611402110066,0.0,0.0,0.0,0.0,0.0,0.0,0.0,0.0,0.0,0.0,0.0003685222804220132,0.0,0.0,0.0,0.0015723617298005895,0.0,7.370445608440265e-05,0.0007370445608440263,0.0,0.0,0.0,0.0,0.0,0.0007861808649002948,0.0,0.00014331422016411623,0.0001842611402110066,0.0,0.0003275753603751229,0.00014331422016411623,0.00014331422016411623,0.00014331422016411623,0.0010441464611957042,0.0001474089121688053,0.0,0.0005118365005861294,7.370445608440265e-05,0.0003275753603751229,0.00014331422016411623,0.00014331422016411623,0.00014331422016411623,0.0010441464611957042,0.0001474089121688053,0.0,0.0005118365005861294,7.370445608440265e-05,0.0003275753603751229,0.00014331422016411623,0.00014331422016411623,0.00014331422016411623,0.0010441464611957042,0.0001474089121688053,0.0,0.0005118365005861294,7.370445608440265e-05,0.0003644275884173242,0.00018016644820631754,0.0,0.0,0.0010072942331535027,0.0,0.0,0.0005486887286283307,0.0,0.0004749842725439281,7.370445608440265e-05,0.0,0.0,0.0007861808649002948,0.0,0.0001474089121688053,0.0006592454127549346,0.0,0.0009909154651347465,0.0004790789645486171,0.0004422267365064159,0.0004422267365064159,0.0003480488203985681,0.0005159311925908185,0.0006633401047596238,0.0011751766053457531,0.0005527834206330198,0.0006960976407971361,0.0001842611402110066,0.0001474089121688053,0.0001474089121688053,5.323099606095746e-05,0.00022111336825320795,0.0003685222804220133,0.0008803587810081426,0.00025796559629540924,0.0,0.0,0.0,0.0,0.0013717218215708268,0.0004749842725439281,0.0003275753603751229,7.370445608440265e-05,0.0004012798164595255,0.00036852228042201317,0.00036852228042201317,0.0002661549803047873,0.0002661549803047873,0.005671148426494313,0.0011874606813598201,0.00045041612051579383,0.001289827981477046,0.000818938400937807
x_R13_EXIT_F,0.0,0.0,0.0,0.0,0.0004749842725439281,0.0006387719527314895,0.0003275753603751229,7.370445608440265e-05,0.0004012798164595255,0.0,0.0,0.0,0.0,0.0004749842725439281,0.0006387719527314895,0.0003275753603751229,7.370445608440265e-05,0.0004012798164595255,0.0,0.0,0.0,0.0,0.0,0.00016378768018756145,0.00014331422016411623,0.0001842611402110066,0.0,0.0,0.0,0.0,0.0,0.0,0.00016378768018756145,0.00014331422016411623,0.0001842611402110066,0.0,0.0,0.0,0.0,0.0,0.0,0.00016378768018756145,0.00014331422016411623,0.0001842611402110066,0.0,0.0,0.0,0.0,0.0,0.0,0.00016378768018756145,0.00014331422016411623,0.0001842611402110066,0.0,0.0,0.0,0.0,0.0,0.0,0.00016378768018756145,0.00014331422016411623,0.0001842611402110066,0.0,0.0,0.0,0.0,0.00025796559629540924,0.0007329498688393373,0.0008967375490268987,0.0005855409566705321,7.370445608440265e-05,0.0006592454127549348,0.0,0.0,0.0,0.00025796559629540924,0.0007329498688393373,0.0008967375490268987,0.0005855409566705321,7.370445608440265e-05,0.0006592454127549348,0.0,0.0,0.0,0.0,0.0,0.00016378768018756145,0.00014331422016411623,0.0001842611402110066,0.0,0.0,0.0,0.0,0.0,0.0,0.00016378768018756145,0.00014331422016411623,0.0001842611402110066,0.0,0.0,0.0,0.0,0.0,0.0,0.0003275753603751229,0.00028662844032823246,0.0003685222804220132,0.0,0.8371792698729135,0.8374372354692088,0.8374372354692088,0.8374372354692088,0.8379122197417528,-0.8093149265646429,0.837764810829584,0.8372529743289978,0.8378385152856683,0.0,0.00025796559629540924,0.00025796559629540924,0.00025796559629540924,0.0007329498688393373,0.0008967375490268987,0.0005855409566705321,7.370445608440265e-05,0.0006592454127549348,0.0,0.0,0.0,0.0,0.0,8.189384009378072e-05,7.165711008205812e-05,9.21305701055033e-05,0.0,0.0,0.0,0.0,0.0,0.0,0.00016378768018756145,0.00014331422016411623,0.0001842611402110066,0.0,0.0,0.0,0.0,0.0,0.0,0.0,0.0,0.0,0.0,0.0003685222804220132,0.0,0.0,0.0,0.0,0.0003275753603751229,7.370445608440265e-05,0.0007370445608440263,0.0,0.0,0.0,0.0,0.0,0.0,0.00016378768018756145,0.00014331422016411623,0.0001842611402110066,0.0,0.0003275753603751229,0.00014331422016411623,0.00014331422016411623,0.00014331422016411623,0.0001474089121688053,0.0003111965923563667,0.0,0.0005118365005861294,7.370445608440265e-05,0.0003275753603751229,0.00014331422016411623,0.00014331422016411623,0.00014331422016411623,0.0001474089121688053,0.0003111965923563667,0.0,0.0005118365005861294,7.370445608440265e-05,0.0003275753603751229,0.00014331422016411623,0.00014331422016411623,0.00014331422016411623,0.0001474089121688053,0.0003111965923563667,0.0,0.0005118365005861294,7.370445608440265e-05,0.0003644275884173242,0.00018016644820631754,0.0,0.0,0.00011055668412660398,5.323099606095746e-05,0.0,0.0005486887286283307,0.0,0.000585540956670532,0.0,0.0,0.0,0.0,5.323099606095746e-05,0.00025796559629540924,0.0007698020968815386,0.0001474089121688053,0.0004749842725439281,0.0,0.0,0.0,0.0,0.00016378768018756145,0.0001474089121688053,0.0006592454127549346,0.0,0.0004749842725439281,0.0,0.0,0.0,0.0,0.00016378768018756145,0.0001474089121688053,0.0006592454127549346,0.0,0.0,0.0,0.0,0.0,0.0004749842725439281,0.0006387719527314895,0.0003275753603751229,7.370445608440265e-05,0.0004012798164595255,0.00036852228042201317,0.00036852228042201317,0.0002661549803047873,0.0002661549803047873,0.0011874606813598201,0.002006399082297627,0.00045041612051579383,0.001289827981477046,0.000818938400937807
x_R13_EXIT_G,0.0,0.0,0.0,0.0,0.0003275753603751229,0.0003275753603751229,0.0011874606813598206,7.370445608440265e-05,0.0003275753603751229,0.0,0.0,0.0,0.0,0.0003275753603751229,0.0003275753603751229,0.0011874606813598206,7.370445608440265e-05,0.0003275753603751229,0.0,0.0,0.0,0.0,0.0,0.0,0.0010031995411488137,0.0001842611402110066,0.0,0.0,0.0,0.0,0.0,0.0,0.0,0.0010031995411488137,0.0001842611402110066,0.0,0.0,0.0,0.0,0.0,0.0,0.0,0.0010031995411488137,0.0001842611402110066,0.0,0.0,0.0,0.0,0.0,0.0,0.0,0.0010031995411488137,0.0001842611402110066,0.0,0.0,0.0,0.0,0.0,0.0,0.0,0.0010031995411488137,0.0001842611402110066,0.0,0.0,0.0,0.0,0.00025796559629540924,0.0005855409566705321,0.0005855409566705321,0.0014454262776552298,7.370445608440265e-05,0.0005855409566705321,0.0,0.0,0.0,0.00025796559629540924,0.0005855409566705321,0.0005855409566705321,0.0014454262776552298,7.370445608440265e-05,0.0005855409566705321,0.0,0.0,0.0,0.0,0.0,0.0,0.0010031995411488137,0.0001842611402110066,0.0,0.0,0.0,0.0,0.0,0.0,0.0,0.0010031995411488137,0.0001842611402110066,0.0,0.0,0.0,0.0,0.0,0.0,0.0,0.0020063990822976273,0.0003685222804220132,0.0,0.8371792698729135,0.8374372354692088,0.8374372354692088,0.8374372354692088,0.837764810829584,0.837764810829584,-0.805005268341656,0.8372529743289978,0.837764810829584,0.0,0.00025796559629540924,0.00025796559629540924,0.00025796559629540924,0.0005855409566705321,0.0005855409566705321,0.0014454262776552298,7.370445608440265e-05,0.0005855409566705321,0.0,0.0,0.0,0.0,0.0,0.0,0.0005015997705744068,9.21305701055033e-05,0.0,0.0,0.0,0.0,0.0,0.0,0.0,0.0010031995411488137,0.0001842611402110066,0.0,0.0,0.0,0.0,0.0,0.0,0.0,0.0,0.0,0.0,0.0003685222804220132,0.0,0.0,0.0,0.0,0.0,0.0017197706419693952,0.0007370445608440263,0.0,0.0,0.0,0.0,0.0,0.0,0.0,0.0010031995411488137,0.0001842611402110066,0.0,0.001134229685298863,0.0009499685450878565,0.0009499685450878565,0.0009499685450878565,0.0008066543249237402,0.0008066543249237402,5.323099606095746e-05,0.0013184908255098695,0.0008066543249237402,0.0008066543249237401,0.0006223931847127333,0.0006223931847127333,0.0006223931847127333,0.0004790789645486171,0.0004790789645486171,0.00034804882039856803,0.0009909154651347467,0.0004790789645486171,0.0003644275884173242,0.00018016644820631757,0.00018016644820631757,0.00018016644820631757,0.0,0.0,0.0008230330929424963,0.0005486887286283307,0.0,0.0003275753603751229,0.00014331422016411623,0.0,0.0,0.0,0.0,0.0008598853209846976,0.0005118365005861294,0.0,0.0003275753603751229,0.0,0.0,0.0,0.0,0.0,0.0008598853209846976,0.0005118365005861294,0.0,0.0003275753603751229,0.0,0.0,0.0,0.0,0.0,0.0008598853209846976,0.0005118365005861294,0.0,0.0003275753603751229,0.0,0.0,0.0,0.0,0.0,0.0008598853209846976,0.0005118365005861294,0.0,0.0,0.0,0.0,0.0,0.0003275753603751229,0.0003275753603751229,0.0011874606813598206,7.370445608440265e-05,0.0003275753603751229,0.00036852228042201317,0.00036852228042201317,0.0002661549803047873,0.0002661549803047873,0.00045041612051579383,0.00045041612051579383,0.004749842725439281,0.001289827981477046,0.00045041612051579383
x_R13_EXIT_H,0.0,0.0,0.0,0.0,0.0,0.0,0.0,0.00023749213627196405,0.0,0.0,0.0,0.0,0.0,0.0,0.0,0.0,0.00023749213627196405,0.0,0.0,0.0,0.0,0.0,0.0,0.0,0.0,0.00016378768018756142,0.0,0.0,0.0,0.0,0.0,0.0,0.0,0.0,0.00016378768018756142,0.0,0.0,0.0,0.0,0.0,0.0,0.0,0.0,0.00016378768018756142,0.0,0.0,0.0,0.0,0.0,0.0,0.0,0.0,0.00016378768018756142,0.0,0.0,0.0,0.0,0.0,0.0,0.0,0.0,0.00016378768018756142,0.0,0.0,0.0,0.0,7.370445608440265e-05,7.370445608440265e-05,7.370445608440265e-05,7.370445608440265e-05,0.00023749213627196405,7.370445608440265e-05,0.0,0.0,0.0,7.370445608440265e-05,7.370445608440265e-05,7.370445608440265e-05,7.370445608440265e-05,0.00023749213627196405,7.370445608440265e-05,0.0,0.0,0.0,0.0,0.0,0.0,0.0,0.00016378768018756142,0.0,0.0,0.0,0.0,0.0,0.0,0.0,0.0,0.00016378768018756142,0.0,0.0,0.0,0.0,0.0,0.0,0.0,0.0,0.00032757536037512284,0.0,0.8371792698729135,0.8372529743289978,0.8372529743289978,0.8372529743289978,0.8372529743289978,0.8372529743289978,0.8372529743289978,-0.8271074774516979,0.8372529743289978,0.0,7.370445608440265e-05,7.370445608440265e-05,7.370445608440265e-05,7.370445608440265e-05,7.370445608440265e-05,7.370445608440265e-05,0.00023749213627196405,7.370445608440265e-05,0.0,0.0,0.0,0.0,0.0,0.0,0.0,8.189384009378071e-05,0.0,0.0,0.0,0.0,0.0,0.0,0.0,0.0,0.00016378768018756142,0.0,0.0,0.0,0.0,0.0,0.0,0.0,0.0,0.0,0.0,0.0,0.0,0.0,0.0,0.0,0.0,0.0,0.00032757536037512284,0.0,0.0,0.0,0.0,0.0,0.0,0.0,0.0,0.00016378768018756142,0.0,0.0,0.0,0.0,0.0,0.0,0.0,0.0,0.00016378768018756142,0.0,0.0,0.0,0.0,0.0,0.0,0.0,0.0,0.00016378768018756142,0.0,0.0,0.0,0.0,0.0,0.0,0.0,0.0,0.00016378768018756142,0.0,0.0,0.0,0.0,0.0,0.0,0.0,0.0,0.00016378768018756142,0.0,0.0,0.0,0.0,0.0,0.0,0.0,0.0,0.00016378768018756142,0.0,0.0,0.0,0.0,0.0,0.0,0.0,0.0,0.00016378768018756142,0.0,0.0,0.0,0.0,0.0,0.0,0.0,0.0,0.00016378768018756142,0.0,0.0,0.0,0.0,0.0,0.0,0.0,0.0,0.00023749213627196405,0.0,0.0,0.0,0.0,0.0,0.0,0.0,0.0,0.000818938400937807,0.0
x_R13_EXIT_STAIRWELL,0.0,0.0,0.0,0.0,0.0004012798164595255,0.0004012798164595255,0.0003275753603751229,7.370445608440265e-05,0.0006182984927080444,0.0,0.0,0.0,0.0,0.0004012798164595255,0.0004012798164595255,0.0003275753603751229,7.370445608440265e-05,0.0006182984927080444,0.0,0.0,0.0,0.0,0.0,0.0,0.00014331422016411623,0.0001842611402110066,0.00016378768018756145,0.0,0.0,0.0,0.0,0.0,0.0,0.00014331422016411623,0.0001842611402110066,0.00016378768018756145,0.0,0.0,0.0,0.0,0.0,0.0,0.00014331422016411623,0.0001842611402110066,0.00016378768018756145,0.0,0.0,0.0,0.0,0.0,0.0,0.00014331422016411623,0.0001842611402110066,0.00016378768018756145,0.0,0.0,0.0,0.0,0.0,0.0,0.00014331422016411623,0.0001842611402110066,0.00016378768018756145,0.0,0.0,0.0,0.00025796559629540924,0.0006592454127549348,0.0006592454127549348,0.0005855409566705321,7.370445608440265e-05,0.0008762640890034537,0.0,0.0,0.0,0.00025796559629540924,0.0006592454127549348,0.0006592454127549348,0.0005855409566705321,7.370445608440265e-05,0.0008762640890034537,0.0,0.0,0.0,0.0,0.0,0.0,0.00014331422016411623,0.0001842611402110066,0.00016378768018756145,0.0,0.0,0.0,0.0,0.0,0.0,0.00014331422016411623,0.0001842611402110066,0.00016378768018756145,0.0,0.0,0.0,0.0,0.0,0.0,0.00028662844032823246,0.0003685222804220132,0.0003275753603751229,0.8371792698729135,0.8374372354692088,0.8374372354692088,0.8374372354692088,0.8378385152856683,0.8378385152856683,0.837764810829584,0.8372529743289978,-0.8122605985202785,0.0,0.00025796559629540924,0.00025796559629540924,0.00025796559629540924,0.0006592454127549348,0.0006592454127549348,0.0005855409566705321,7.370445608440265e-05,0.0008762640890034537,0.0,0.0,0.0,0.0,0.0,0.0,7.165711008205812e-05,9.21305701055033e-05,8.189384009378072e-05,0.0,0.0,0.0,0.0,0.0,0.0,0.00014331422016411623,0.0001842611402110066,0.00016378768018756145,0.0,0.0,0.0,0.0,0.0,0.0,0.0,0.0,0.0,0.0003685222804220132,0.0,0.0,0.0,0.0,0.0,0.00010646199212191492,0.0007370445608440263,0.0003275753603751229,0.0,0.0,0.0,0.0,0.0,0.0,0.00014331422016411623,0.0001842611402110066,0.00016378768018756145,0.0003275753603751229,0.00014331422016411623,0.00014331422016411623,0.00014331422016411623,7.370445608440265e-05,7.370445608440265e-05,0.0,0.0005118365005861294,0.00029072313233292153,0.0003275753603751229,0.00014331422016411623,0.00014331422016411623,0.00014331422016411623,7.370445608440265e-05,7.370445608440265e-05,0.0,0.0005118365005861294,0.00029072313233292153,0.0003275753603751229,0.00014331422016411623,0.00014331422016411623,0.00014331422016411623,7.370445608440265e-05,7.370445608440265e-05,0.0,0.0005118365005861294,0.00029072313233292153,0.0003644275884173242,0.00018016644820631754,9.008322410315878e-05,9.008322410315878e-05,0.0,0.0,0.0,0.0005486887286283307,0.0002538709042907202,0.0004012798164595255,0.0,0.0,0.0,0.0,0.0,7.370445608440265e-05,0.0005855409566705321,0.00016378768018756145,0.0004012798164595255,0.0,0.0,0.0,0.0,0.0,7.370445608440265e-05,0.0005855409566705321,0.00016378768018756145,0.0004012798164595255,0.0,0.0,0.0,0.0,0.0,7.370445608440265e-05,0.0005855409566705321,0.00016378768018756145,0.0,0.0,0.0,0.0,0.0004012798164595255,0.0004012798164595255,0.0003275753603751229,7.370445608440265e-05,0.0006182984927080444,0.00036852228042201317,0.00036852228042201317,0.0002661549803047873,0.0002661549803047873,0.000818938400937807,0.000818938400937807,0.00045041612051579383,0.001289827981477046,0.0019040317821804012
x_R14_EXIT_A,5.323099606095746e-05,0.00011055668412660398,0.00011055668412660398,0.00011055668412660398,0.00011055668412660398,0.00011055668412660398,0.00011055668412660398,0.0011639162023328582,0.00011055668412660398,5.323099606095746e-05,0.00011055668412660398,0.00011055668412660398,0.00011055668412660398,0.00011055668412660398,0.00011055668412660398,0.00011055668412660398,0.0011639162023328582,0.00011055668412660398,0.00016378768018756145,0.0,0.0,0.0,0.0,0.0,0.0,0.0,0.0,0.00016378768018756145,0.0,0.0,0.0,0.0,0.0,0.0,0.0,0.0,0.00016378768018756145,0.0,0.0,0.0,0.0,0.0,0.0,0.0,0.0,0.00016378768018756145,0.0,0.0,0.0,0.0,0.0,0.0,0.0,0.0,0.00016378768018756145,0.0,0.0,0.0,0.0,0.0,0.0,0.0,0.0,0.000762636385873333,0.0005988487056857716,0.0005988487056857716,0.00042175327648297055,0.00042175327648297055,0.00042175327648297055,0.00042175327648297055,0.00042175327648297055,0.00042175327648297055,0.001106590514267212,0.0009428028340796505,0.0009428028340796505,0.00011055668412660398,0.00011055668412660398,0.00011055668412660398,0.00011055668412660398,0.00011055668412660398,0.00011055668412660398,0.00016378768018756145,0.0,0.0,0.0,0.0,0.0,0.0,0.0,0.0,0.00016378768018756145,0.0,0.0,0.0,0.0,0.0,0.0,0.0,0.0,0.0003275753603751229,0.0,0.0,0.0,0.0,0.0,0.0,0.0,0.0,0.001217147198393816,0.0,0.0,0.0,0.0,0.0,0.0,0.0,0.0,-0.8169507201713849,0.8371628911048946,0.8371628911048946,0.8371628911048946,0.8371628911048946,0.8371628911048946,0.8371628911048946,0.8371628911048946,0.8371628911048946,8.189384009378072e-05,0.0,0.0,0.0,0.0,0.0,0.0,0.0,0.0,0.00016378768018756145,0.0,0.0,0.0,0.0,0.0,0.0,0.0,0.0,0.0,0.0,0.0,0.0,0.0,0.0,0.0,0.0,0.0,0.0003275753603751229,0.0,0.0,0.0,0.0,0.0,0.0,0.0,0.0,0.00016378768018756145,0.0,0.0,0.0,0.0,0.0,0.0,0.0,0.0,0.00016378768018756145,0.0,0.0,0.0,0.0,0.0,0.0,0.0,0.0,0.00016378768018756145,0.0,0.0,0.0,0.0,0.0,0.0,0.0,0.0,0.00016378768018756145,0.0,0.0,0.0,0.0,0.0,0.0,0.0,0.0,0.00016378768018756145,0.0,0.0,0.0,0.0,0.0,0.0,0.0,0.0,0.00016378768018756145,0.0,0.0,0.0,0.0,0.0,0.0,0.0,0.0,0.00016378768018756145,0.0,0.0,0.0,0.0,0.0,0.0,0.0,0.0,0.00016378768018756145,0.0,0.0,0.0,0.0,0.0,0.0,0.0,0.0,0.0004678185615357224,0.0003040308813481609,0.0003040308813481609,0.0003040308813481609,0.0003040308813481609,0.0003040308813481609,0.0003040308813481609,0.0007493286368580936,0.0003040308813481609,0.0008189384009378071,0.0,0.0,0.0,0.0,0.0,0.0,0.0,0.0
x_R14_EXIT_B,0.0,0.0003111965923563667,0.0001474089121688053,0.00029481782433761055,0.0003316700523798118,0.0003316700523798118,0.0003316700523798118,7.370445608440265e-05,0.0003316700523798118,0.0,0.0003111965923563667,0.0001474089121688053,0.00029481782433761055,0.0003316700523798118,0.0003316700523798118,0.0003316700523798118,7.370445608440265e-05,0.0003316700523798118,0.00025796559629540924,5.323099606095746e-05,0.00011055668412660398,0.00011055668412660398,0.00011055668412660398,0.00011055668412660398,0.00011055668412660398,0.0007738967888862278,0.00011055668412660398,0.00025796559629540924,5.323099606095746e-05,0.00011055668412660398,0.00011055668412660398,0.00011055668412660398,0.00011055668412660398,0.00011055668412660398,0.0007738967888862278,0.00011055668412660398,0.0001474089121688053,0.00016378768018756142,0.0,0.0,0.0,0.0,0.0,0.0006633401047596236,0.0,0.0001474089121688053,0.00016378768018756142,0.0,0.0,0.0,0.0,0.0,0.0006633401047596236,0.0,0.0001474089121688053,0.00016378768018756142,0.0,0.0,0.0,0.0,0.0,0.0006633401047596236,0.0,0.0,0.0003111965923563667,0.0001474089121688053,0.0002948178243376106,0.00025796559629540924,0.00025796559629540924,0.00025796559629540924,7.370445608440265e-05,0.00025796559629540924,0.0,0.0003111965923563667,0.0001474089121688053,0.0002948178243376106,0.00025796559629540924,0.00025796559629540924,0.00025796559629540924,7.370445608440265e-05,0.00025796559629540924,0.0001474089121688053,0.00016378768018756142,0.0,0.0,0.0,0.0,0.0,0.00022111336825320795,0.0,0.0001474089121688053,0.00016378768018756142,0.0,0.0,0.0,0.0,0.0,0.0006633401047596236,0.0,0.00022111336825320795,0.00032757536037512284,0.0,0.0,0.0,0.0,0.0,0.0004422267365064159,0.0,0.0,0.0009008322410315878,0.0007370445608440263,0.0002948178243376106,0.00025796559629540924,0.00025796559629540924,0.00025796559629540924,7.370445608440265e-05,0.00025796559629540924,0.8371628911048946,-0.8105808671387764,0.8378999356657387,0.8374577089292322,0.83742085670119,0.83742085670119,0.83742085670119,0.8372365955609791,0.83742085670119,7.370445608440265e-05,8.189384009378071e-05,0.0,0.0,0.0,0.0,0.0,0.00011055668412660398,0.0,0.0001474089121688053,0.00016378768018756142,0.0,0.0,0.0,0.0,0.0,0.00022111336825320795,0.0,0.0,0.0,0.0,0.0,0.0,0.0,0.0,0.0,0.0,0.0006633401047596236,0.00032757536037512284,0.0,0.0,0.0,0.0,0.0,0.0003685222804220132,0.0,0.0001474089121688053,0.00016378768018756142,0.0,0.0,0.0,0.0,0.0,0.00022111336825320795,0.0,0.0003316700523798118,0.00016378768018756142,0.0,0.0,0.0,0.0,0.0,0.0001842611402110066,0.0,0.0003316700523798118,0.00016378768018756142,0.0,0.0,0.0,0.0,0.0,0.0001842611402110066,0.0,0.0003316700523798118,0.00016378768018756142,0.0,0.0,0.0,0.0,0.0,0.0001842611402110066,0.0,0.0003316700523798118,0.00016378768018756142,0.0,0.0,0.0,0.0,0.0,0.0001842611402110066,0.0,0.0003316700523798118,0.00016378768018756142,0.0,0.0,0.0,0.0,0.0,0.0001842611402110066,0.0,0.0003316700523798118,0.00016378768018756142,0.0,0.0,0.0,0.0,0.0,0.0001842611402110066,0.0,0.0003316700523798118,0.00016378768018756142,0.0,0.0,0.0,0.0,0.0,0.0001842611402110066,0.0,0.0,0.0003111965923563667,0.0001474089121688053,0.00029481782433761055,0.0003316700523798118,0.0003316700523798118,0.0003316700523798118,7.370445608440265e-05,0.0003316700523798118,0.0016583502618990591,0.003214333223680892,0.0,0.0,0.0,0.0,0.0,0.0009213057010550329,0.0
x_R14_EXIT_C,0.0,0.0001474089121688053,0.0006428666447361786,0.00029481782433761055,0.0003316700523798118,0.0003316700523798118,0.0003316700523798118,7.370445608440265e-05,0.0003316700523798118,0.0,0.0001474089121688053,0.0006428666447361786,0.00029481782433761055,0.0003316700523798118,0.0003316700523798118,0.0003316700523798118,7.370445608440265e-05,0.0003316700523798118,0.0001474089121688053,0.0,0.0004954577325673733,0.00033167005237981186,0.0,0.0,0.0,0.0006633401047596236,0.0,0.0001474089121688053,0.0,0.0004954577325673733,0.00033167005237981186,0.0,0.0,0.0,0.0006633401047596236,0.0,0.0005896356486752212,0.0004422267365064159,5.323099606095746e-05,0.00011055668412660398,0.00011055668412660398,0.00011055668412660398,0.00011055668412660398,0.0011055668412660396,0.00011055668412660398,0.0005896356486752212,0.0004422267365064159,5.323099606095746e-05,0.00011055668412660398,0.00011055668412660398,0.00011055668412660398,0.00011055668412660398,0.0011055668412660396,0.00011055668412660398,0.0004790789645486171,0.00033167005237981186,0.00016378768018756142,0.0,0.0,0.0,0.0,0.0009950101571394357,0.0,0.0,0.0001474089121688053,0.0006428666447361786,0.0002948178243376106,0.00025796559629540924,0.00025796559629540924,0.00025796559629540924,7.370445608440265e-05,0.00025796559629540924,0.0,0.0001474089121688053,0.0006428666447361786,0.0002948178243376106,0.00025796559629540924,0.00025796559629540924,0.00025796559629540924,7.370445608440265e-05,0.00025796559629540924,0.0004790789645486171,0.00033167005237981186,0.00016378768018756142,0.0,0.0,0.0,0.0,0.00022111336825320795,0.0,0.0004790789645486171,0.00033167005237981186,0.00016378768018756142,0.0,0.0,0.0,0.0,0.0009950101571394357,0.0,0.00022111336825320795,0.0,0.00032757536037512284,0.0,0.0,0.0,0.0,0.0004422267365064159,0.0,0.0,0.0007370445608440263,0.0012325022934113997,0.0002948178243376106,0.00025796559629540924,0.00025796559629540924,0.00025796559629540924,7.370445608440265e-05,0.00025796559629540924,0.8371628911048946,0.8378999356657387,-0.8027272580976795,0.8374577089292322,0.83742085670119,0.83742085670119,0.83742085670119,0.8372365955609791,0.83742085670119,0.00023953948227430855,0.00016583502618990593,8.189384009378071e-05,0.0,0.0,0.0,0.0,0.00011055668412660398,0.0,0.0004790789645486171,0.00033167005237981186,0.00016378768018756142,0.0,0.0,0.0,0.0,0.00022111336825320795,0.0,0.0,0.0,0.0,0.0,0.0,0.0,0.0,0.0,0.0,0.0006633401047596236,0.0,0.00032757536037512284,0.0,0.0,0.0,0.0,0.0003685222804220132,0.0,0.0004790789645486171,0.00033167005237981186,0.00016378768018756142,0.0,0.0,0.0,0.0,0.00022111336825320795,0.0,0.0003316700523798118,0.0,0.00016378768018756142,0.0,0.0,0.0,0.0,0.0001842611402110066,0.0,0.0003316700523798118,0.0,0.00016378768018756142,0.0,0.0,0.0,0.0,0.0001842611402110066,0.0,0.0003316700523798118,0.0,0.00016378768018756142,0.0,0.0,0.0,0.0,0.0001842611402110066,0.0,0.0003316700523798118,0.0,0.00016378768018756142,0.0,0.0,0.0,0.0,0.0001842611402110066,0.0,0.0003316700523798118,0.0,0.00016378768018756142,0.0,0.0,0.0,0.0,0.0001842611402110066,0.0,0.0003316700523798118,0.0,0.00016378768018756142,0.0,0.0,0.0,0.0,0.0001842611402110066,0.0,0.0003316700523798118,0.0,0.00016378768018756142,0.0,0.0,0.0,0.0,0.0001842611402110066,0.0,0.0,0.0001474089121688053,0.0006428666447361786,0.00029481782433761055,0.0003316700523798118,0.0003316700523798118,0.0003316700523798118,7.370445608440265e-05,0.0003316700523798118,0.0016583502618990591,0.0023953948227430854,0.000818938400937807,0.0,0.0,0.0,0.0,0.0009213057010550329,0.0
x_R14_EXIT_D,0.0,0.0,0.0,0.0011874606813598206,0.0,0.0,0.0,7.370445608440265e-05,0.0,0.0,0.0,0.0,0.0011874606813598206,0.0,0.0,0.0,7.370445608440265e-05,0.0,0.0,0.0,0.0,0.0003480488203985681,0.0,0.0,0.0,0.00022111336825320795,0.0,0.0,0.0,0.0,0.0003480488203985681,0.0,0.0,0.0,0.00022111336825320795,0.0,0.0,0.0,0.0,0.0003480488203985681,0.0,0.0,0.00043813204450172683,0.00022111336825320795,0.0,0.0,0.0,0.0,0.0003480488203985681,0.0,0.0,0.00043813204450172683,0.00022111336825320795,0.0,0.0,0.0,0.0,0.00016378768018756145,0.0,0.0,0.00043813204450172683,0.00022111336825320795,0.0,0.0,0.0,0.0,0.0014822785056974308,0.00025796559629540924,0.00025796559629540924,0.00025796559629540924,7.370445608440265e-05,0.00025796559629540924,0.0,0.0,0.0,0.0014822785056974308,0.00025796559629540924,0.00025796559629540924,0.00025796559629540924,7.370445608440265e-05,0.00025796559629540924,0.0,0.0,0.0,0.00016378768018756145,0.0001474089121688053,0.0001474089121688053,0.0001474089121688053,0.001244786369425467,0.0001474089121688053,0.0,0.0,0.0,0.00016378768018756145,0.0,0.0,0.00043813204450172683,0.00022111336825320795,0.0,0.0,0.0,0.0,0.0015396041937630774,0.0,0.0,0.0,0.001031862385181637,0.0,0.0,0.0002948178243376106,0.0002948178243376106,0.0014822785056974308,0.00025796559629540924,0.00025796559629540924,0.00025796559629540924,7.370445608440265e-05,0.00025796559629540924,0.8371628911048946,0.8374577089292322,0.8374577089292322,-0.8058205658803789,0.83742085670119,0.83742085670119,0.83742085670119,0.8372365955609791,0.83742085670119,0.0,0.0,0.0,8.189384009378072e-05,7.370445608440265e-05,7.370445608440265e-05,7.370445608440265e-05,0.0006223931847127334,7.370445608440265e-05,0.0,0.0,0.0,0.00016378768018756145,0.0001474089121688053,0.0001474089121688053,0.0001474089121688053,0.001244786369425467,0.0001474089121688053,0.0,0.0,0.0,0.0,0.0,0.0,0.0,0.0,0.0,7.370445608440265e-05,0.0,7.370445608440265e-05,0.0006223931847127334,0.0,0.0,0.0,0.0003685222804220132,0.0,0.0002948178243376106,0.0002948178243376106,0.0002948178243376106,5.3230996060957466e-05,0.00025796559629540924,0.00025796559629540924,0.00025796559629540924,0.001355343053552071,0.00025796559629540924,0.0,0.0,0.0,0.0003111965923563667,0.0,0.0,0.0,0.0001842611402110066,0.0,0.0,0.0,0.0,0.0003111965923563667,0.0,0.0,0.0,0.0001842611402110066,0.0,0.0,0.0,0.0,0.0003111965923563667,0.0,0.0,0.0,0.0001842611402110066,0.0,0.0,0.0,0.0,0.0003111965923563667,0.0,0.0,0.0,0.0001842611402110066,0.0,0.0,0.0,0.0,0.0003111965923563667,0.0,0.0,0.0,0.0001842611402110066,0.0,0.0,0.0,0.0,0.0003111965923563667,0.0,0.0,0.0,0.0001842611402110066,0.0,0.0,0.0,0.0,0.0003111965923563667,0.0,0.0,0.0,0.0001842611402110066,0.0,0.0,0.0,0.0,0.0011874606813598206,0.0,0.0,0.0,7.370445608440265e-05,0.0,0.00018426114021100659,0.00018426114021100659,0.0,0.0015559829617818332,0.0,0.0,0.0,0.0009213057010550329,0.0
x_R14_EXIT_E,0.0,0.0,0.0,0.0,0.0013717218215708268,0.0004749842725439281,0.0003275753603751229,7.370445608440265e-05,0.0004012798164595255,0.0,0.0,0.0,0.0,0.0013717218215708268,0.0004749842725439281,0.0003275753603751229,7.370445608440265e-05,0.0004012798164595255,0.0,0.0,0.0,0.0,0.0007861808649002948,0.0,0.00014331422016411623,0.0001842611402110066,0.0,0.0,0.0,0.0,0.0,0.0007861808649002948,0.0,0.00014331422016411623,0.0001842611402110066,0.0,0.0,0.0,0.0,0.0,0.0007861808649002948,0.0,0.00014331422016411623,0.0001842611402110066,0.0,0.0,0.0,0.0,0.0,0.0007861808649002948,0.0,0.00014331422016411623,0.0001842611402110066,0.0,0.0,0.0,0.0,0.0,0.0007861808649002948,0.0,0.00014331422016411623,0.0001842611402110066,0.0,0.0,0.0,0.0,0.00025796559629540924,0.0016296874178662363,0.0007329498688393373,0.0005855409566705321,7.370445608440265e-05,0.0006592454127549348,0.0,0.0,0.0,0.00025796559629540924,0.0016296874178662363,0.0007329498688393373,0.0005855409566705321,7.370445608440265e-05,0.0006592454127549348,0.0,0.0,0.0,0.0,0.0007861808649002948,0.0,0.00014331422016411623,0.0001842611402110066,0.0,0.0,0.0,0.0,0.0,0.0007861808649002948,0.0,0.00014331422016411623,0.0001842611402110066,0.0,0.0,0.0,0.0,0.0,0.0015723617298005895,0.0,0.00028662844032823246,0.0003685222804220132,0.0,0.0,0.00025796559629540924,0.00025796559629540924,0.00025796559629540924,0.0016296874178662363,0.0007329498688393373,0.0005855409566705321,7.370445608440265e-05,0.0006592454127549348,0.8371628911048946,0.83742085670119,0.83742085670119,0.83742085670119,-0.8014943019744784,0.837895840973734,0.8377484320615652,0.8372365955609791,0.8378221365176496,0.0,0.0,0.0,0.0,0.0003930904324501474,0.0,7.165711008205812e-05,9.21305701055033e-05,0.0,0.0,0.0,0.0,0.0,0.0007861808649002948,0.0,0.00014331422016411623,0.0001842611402110066,0.0,0.0,0.0,0.0,0.0,0.0,0.0,0.0,0.0,0.0,0.0003685222804220132,0.0,0.0,0.0,0.0015723617298005895,0.0,7.370445608440265e-05,0.0007370445608440263,0.0,0.0,0.0,0.0,0.0,0.0007861808649002948,0.0,0.00014331422016411623,0.0001842611402110066,0.0,0.0003275753603751229,0.00014331422016411623,0.00014331422016411623,0.00014331422016411623,0.0010441464611957042,0.0001474089121688053,0.0,0.0005118365005861294,7.370445608440265e-05,0.0003275753603751229,0.00014331422016411623,0.00014331422016411623,0.00014331422016411623,0.0010441464611957042,0.0001474089121688053,0.0,0.0005118365005861294,7.370445608440265e-05,0.0003275753603751229,0.00014331422016411623,0.00014331422016411623,0.00014331422016411623,0.0010441464611957042,0.0001474089121688053,0.0,0.0005118365005861294,7.370445608440265e-05,0.0003644275884173242,0.00018016644820631754,0.0,0.0,0.0010072942331535027,0.0,0.0,0.0005486887286283307,0.0,0.0004749842725439281,7.370445608440265e-05,0.0,0.0,0.0007861808649002948,0.0,0.0001474089121688053,0.0006592454127549346,0.0,0.0009909154651347465,0.0004790789645486171,0.0004422267365064159,0.0004422267365064159,0.0003480488203985681,0.0005159311925908185,0.0006633401047596238,0.0011751766053457531,0.0005527834206330198,0.0006960976407971361,0.0001842611402110066,0.0001474089121688053,0.0001474089121688053,5.323099606095746e-05,0.00022111336825320795,0.0003685222804220133,0.0008803587810081426,0.00025796559629540924,0.0,0.0,0.0,0.0,0.0013717218215708268,0.0004749842725439281,0.0003275753603751229,7.370445608440265e-05,0.0004012798164595255,0.00036852228042201317,0.00036852228042201317,0.0002661549803047873,0.0002661549803047873,0.005671148426494313,0.0011874606813598201,0.00045041612051579383,0.001289827981477046,0.000818938400937807
x_R14_EXIT_F,0.0,0.0,0.0,0.0,0.0004749842725439281,0.0006387719527314895,0.0003275753603751229,7.370445608440265e-05,0.0004012798164595255,0.0,0.0,0.0,0.0,0.0004749842725439281,0.0006387719527314895,0.0003275753603751229,7.370445608440265e-05,0.0004012798164595255,0.0,0.0,0.0,0.0,0.0,0.00016378768018756145,0.00014331422016411623,0.0001842611402110066,0.0,0.0,0.0,0.0,0.0,0.0,0.00016378768018756145,0.00014331422016411623,0.0001842611402110066,0.0,0.0,0.0,0.0,0.0,0.0,0.00016378768018756145,0.00014331422016411623,0.0001842611402110066,0.0,0.0,0.0,0.0,0.0,0.0,0.00016378768018756145,0.00014331422016411623,0.0001842611402110066,0.0,0.0,0.0,0.0,0.0,0.0,0.00016378768018756145,0.00014331422016411623,0.0001842611402110066,0.0,0.0,0.0,0.0,0.00025796559629540924,0.0007329498688393373,0.0008967375490268987,0.0005855409566705321,7.370445608440265e-05,0.0006592454127549348,0.0,0.0,0.0,0.00025796559629540924,0.0007329498688393373,0.0008967375490268987,0.0005855409566705321,7.370445608440265e-05,0.0006592454127549348,0.0,0.0,0.0,0.0,0.0,0.00016378768018756145,0.00014331422016411623,0.0001842611402110066,0.0,0.0,0.0,0.0,0.0,0.0,0.00016378768018756145,0.00014331422016411623,0.0001842611402110066,0.0,0.0,0.0,0.0,0.0,0.0,0.0003275753603751229,0.00028662844032823246,0.0003685222804220132,0.0,0.0,0.00025796559629540924,0.00025796559629540924,0.00025796559629540924,0.0007329498688393373,0.0008967375490268987,0.0005855409566705321,7.370445608440265e-05,0.0006592454127549348,0.8371628911048946,0.83742085670119,0.83742085670119,0.83742085670119,0.837895840973734,-0.8093313053326616,0.8377484320615652,0.8372365955609791,0.8378221365176496,0.0,0.0,0.0,0.0,0.0,8.189384009378072e-05,7.165711008205812e-05,9.21305701055033e-05,0.0,0.0,0.0,0.0,0.0,0.0,0.00016378768018756145,0.00014331422016411623,0.0001842611402110066,0.0,0.0,0.0,0.0,0.0,0.0,0.0,0.0,0.0,0.0,0.0003685222804220132,0.0,0.0,0.0,0.0,0.0003275753603751229,7.370445608440265e-05,0.0007370445608440263,0.0,0.0,0.0,0.0,0.0,0.0,0.00016378768018756145,0.00014331422016411623,0.0001842611402110066,0.0,0.0003275753603751229,0.00014331422016411623,0.00014331422016411623,0.00014331422016411623,0.0001474089121688053,0.0003111965923563667,0.0,0.0005118365005861294,7.370445608440265e-05,0.0003275753603751229,0.00014331422016411623,0.00014331422016411623,0.00014331422016411623,0.0001474089121688053,0.0003111965923563667,0.0,0.0005118365005861294,7.370445608440265e-05,0.0003275753603751229,0.00014331422016411623,0.00014331422016411623,0.00014331422016411623,0.0001474089121688053,0.0003111965923563667,0.0,0.0005118365005861294,7.370445608440265e-05,0.0003644275884173242,0.00018016644820631754,0.0,0.0,0.00011055668412660398,5.323099606095746e-05,0.0,0.0005486887286283307,0.0,0.000585540956670532,0.0,0.0,0.0,0.0,5.323099606095746e-05,0.00025796559629540924,0.0007698020968815386,0.0001474089121688053,0.0004749842725439281,0.0,0.0,0.0,0.0,0.00016378768018756145,0.0001474089121688053,0.0006592454127549346,0.0,0.0004749842725439281,0.0,0.0,0.0,0.0,0.00016378768018756145,0.0001474089121688053,0.0006592454127549346,0.0,0.0,0.0,0.0,0.0,0.0004749842725439281,0.0006387719527314895,0.0003275753603751229,7.370445608440265e-05,0.0004012798164595255,0.00036852228042201317,0.00036852228042201317,0.0002661549803047873,0.0002661549803047873,0.0011874606813598201,0.002006399082297627,0.00045041612051579383,0.001289827981477046,0.000818938400937807
x_R14_EXIT_G,0.0,0.0,0.0,0.0,0.0003275753603751229,0.0003275753603751229,0.0011874606813598206,7.370445608440265e-05,0.0003275753603751229,0.0,0.0,0.0,0.0,0.0003275753603751229,0.0003275753603751229,0.0011874606813598206,7.370445608440265e-05,0.0003275753603751229,0.0,0.0,0.0,0.0,0.0,0.0,0.0010031995411488137,0.0001842611402110066,0.0,0.0,0.0,0.0,0.0,0.0,0.0,0.0010031995411488137,0.0001842611402110066,0.0,0.0,0.0,0.0,0.0,0.0,0.0,0.0010031995411488137,0.0001842611402110066,0.0,0.0,0.0,0.0,0.0,0.0,0.0,0.0010031995411488137,0.0001842611402110066,0.0,0.0,0.0,0.0,0.0,0.0,0.0,0.0010031995411488137,0.0001842611402110066,0.0,0.0,0.0,0.0,0.00025796559629540924,0.0005855409566705321,0.0005855409566705321,0.0014454262776552298,7.370445608440265e-05,0.0005855409566705321,0.0,0.0,0.0,0.00025796559629540924,0.0005855409566705321,0.0005855409566705321,0.0014454262776552298,7.370445608440265e-05,0.0005855409566705321,0.0,0.0,0.0,0.0,0.0,0.0,0.0010031995411488137,0.0001842611402110066,0.0,0.0,0.0,0.0,0.0,0.0,0.0,0.0010031995411488137,0.0001842611402110066,0.0,0.0,0.0,0.0,0.0,0.0,0.0,0.0020063990822976273,0.0003685222804220132,0.0,0.0,0.00025796559629540924,0.00025796559629540924,0.00025796559629540924,0.0005855409566705321,0.0005855409566705321,0.0014454262776552298,7.370445608440265e-05,0.0005855409566705321,0.8371628911048946,0.83742085670119,0.83742085670119,0.83742085670119,0.8377484320615652,0.8377484320615652,-0.8050216471096747,0.8372365955609791,0.8377484320615652,0.0,0.0,0.0,0.0,0.0,0.0,0.0005015997705744068,9.21305701055033e-05,0.0,0.0,0.0,0.0,0.0,0.0,0.0,0.0010031995411488137,0.0001842611402110066,0.0,0.0,0.0,0.0,0.0,0.0,0.0,0.0,0.0,0.0,0.0003685222804220132,0.0,0.0,0.0,0.0,0.0,0.0017197706419693952,0.0007370445608440263,0.0,0.0,0.0,0.0,0.0,0.0,0.0,0.0010031995411488137,0.0001842611402110066,0.0,0.001134229685298863,0.0009499685450878565,0.0009499685450878565,0.0009499685450878565,0.0008066543249237402,0.0008066543249237402,5.323099606095746e-05,0.0013184908255098695,0.0008066543249237402,0.0008066543249237401,0.0006223931847127333,0.0006223931847127333,0.0006223931847127333,0.0004790789645486171,0.0004790789645486171,0.00034804882039856803,0.0009909154651347467,0.0004790789645486171,0.0003644275884173242,0.00018016644820631757,0.00018016644820631757,0.00018016644820631757,0.0,0.0,0.0008230330929424963,0.0005486887286283307,0.0,0.0003275753603751229,0.00014331422016411623,0.0,0.0,0.0,0.0,0.0008598853209846976,0.0005118365005861294,0.0,0.0003275753603751229,0.0,0.0,0.0,0.0,0.0,0.0008598853209846976,0.0005118365005861294,0.0,0.0003275753603751229,0.0,0.0,0.0,0.0,0.0,0.0008598853209846976,0.0005118365005861294,0.0,0.0003275753603751229,0.0,0.0,0.0,0.0,0.0,0.0008598853209846976,0.0005118365005861294,0.0,0.0,0.0,0.0,0.0,0.0003275753603751229,0.0003275753603751229,0.0011874606813598206,7.370445608440265e-05,0.0003275753603751229,0.00036852228042201317,0.00036852228042201317,0.0002661549803047873,0.0002661549803047873,0.00045041612051579383,0.00045041612051579383,0.004749842725439281,0.001289827981477046,0.00045041612051579383
x_R14_EXIT_H,0.0,0.0,0.0,0.0,0.0,0.0,0.0,0.00023749213627196405,0.0,0.0,0.0,0.0,0.0,0.0,0.0,0.0,0.00023749213627196405,0.0,0.0,0.0,0.0,0.0,0.0,0.0,0.0,0.00016378768018756142,0.0,0.0,0.0,0.0,0.0,0.0,0.0,0.0,0.00016378768018756142,0.0,0.0,0.0,0.0,0.0,0.0,0.0,0.0,0.00016378768018756142,0.0,0.0,0.0,0.0,0.0,0.0,0.0,0.0,0.00016378768018756142,0.0,0.0,0.0,0.0,0.0,0.0,0.0,0.0,0.00016378768018756142,0.0,0.0,0.0,0.0,7.370445608440265e-05,7.370445608440265e-05,7.370445608440265e-05,7.370445608440265e-05,0.00023749213627196405,7.370445608440265e-05,0.0,0.0,0.0,7.370445608440265e-05,7.370445608440265e-05,7.370445608440265e-05,7.370445608440265e-05,0.00023749213627196405,7.370445608440265e-05,0.0,0.0,0.0,0.0,0.0,0.0,0.0,0.00016378768018756142,0.0,0.0,0.0,0.0,0.0,0.0,0.0,0.0,0.00016378768018756142,0.0,0.0,0.0,0.0,0.0,0.0,0.0,0.0,0.00032757536037512284,0.0,0.0,7.370445608440265e-05,7.370445608440265e-05,7.370445608440265e-05,7.370445608440265e-05,7.370445608440265e-05,7.370445608440265e-05,0.00023749213627196405,7.370445608440265e-05,0.8371628911048946,0.8372365955609791,0.8372365955609791,0.8372365955609791,0.8372365955609791,0.8372365955609791,0.8372365955609791,-0.8271238562197166,0.8372365955609791,0.0,0.0,0.0,0.0,0.0,0.0,0.0,8.189384009378071e-05,0.0,0.0,0.0,0.0,0.0,0.0,0.0,0.0,0.00016378768018756142,0.0,0.0,0.0,0.0,0.0,0.0,0.0,0.0,0.0,0.0,0.0,0.0,0.0,0.0,0.0,0.0,0.0,0.00032757536037512284,0.0,0.0,0.0,0.0,0.0,0.0,0.0,0.0,0.00016378768018756142,0.0,0.0,0.0,0.0,0.0,0.0,0.0,0.0,0.00016378768018756142,0.0,0.0,0.0,0.0,0.0,0.0,0.0,0.0,0.00016378768018756142,0.0,0.0,0.0,0.0,0.0,0.0,0.0,0.0,0.00016378768018756142,0.0,0.0,0.0,0.0,0.0,0.0,0.0,0.0,0.00016378768018756142,0.0,0.0,0.0,0.0,0.0,0.0,0.0,0.0,0.00016378768018756142,0.0,0.0,0.0,0.0,0.0,0.0,0.0,0.0,0.00016378768018756142,0.0,0.0,0.0,0.0,0.0,0.0,0.0,0.0,0.00016378768018756142,0.0,0.0,0.0,0.0,0.0,0.0,0.0,0.0,0.00023749213627196405,0.0,0.0,0.0,0.0,0.0,0.0,0.0,0.0,0.000818938400937807,0.0
x_R14_EXIT_STAIRWELL,0.0,0.0,0.0,0.0,0.0004012798164595255,0.0004012798164595255,0.0003275753603751229,7.370445608440265e-05,0.0006182984927080444,0.0,0.0,0.0,0.0,0.0004012798164595255,0.0004012798164595255,0.0003275753603751229,7.370445608440265e-05,0.0006182984927080444,0.0,0.0,0.0,0.0,0.0,0.0,0.00014331422016411623,0.0001842611402110066,0.00016378768018756145,0.0,0.0,0.0,0.0,0.0,0.0,0.00014331422016411623,0.0001842611402110066,0.00016378768018756145,0.0,0.0,0.0,0.0,0.0,0.0,0.00014331422016411623,0.0001842611402110066,0.00016378768018756145,0.0,0.0,0.0,0.0,0.0,0.0,0.00014331422016411623,0.0001842611402110066,0.00016378768018756145,0.0,0.0,0.0,0.0,0.0,0.0,0.00014331422016411623,0.0001842611402110066,0.00016378768018756145,0.0,0.0,0.0,0.00025796559629540924,0.0006592454127549348,0.0006592454127549348,0.0005855409566705321,7.370445608440265e-05,0.0008762640890034537,0.0,0.0,0.0,0.00025796559629540924,0.0006592454127549348,0.0006592454127549348,0.0005855409566705321,7.370445608440265e-05,0.0008762640890034537,0.0,0.0,0.0,0.0,0.0,0.0,0.00014331422016411623,0.0001842611402110066,0.00016378768018756145,0.0,0.0,0.0,0.0,0.0,0.0,0.00014331422016411623,0.0001842611402110066,0.00016378768018756145,0.0,0.0,0.0,0.0,0.0,0.0,0.00028662844032823246,0.0003685222804220132,0.0003275753603751229,0.0,0.00025796559629540924,0.00025796559629540924,0.00025796559629540924,0.0006592454127549348,0.0006592454127549348,0.0005855409566705321,7.370445608440265e-05,0.0008762640890034537,0.8371628911048946,0.83742085670119,0.83742085670119,0.83742085670119,0.8378221365176496,0.8378221365176496,0.8377484320615652,0.8372365955609791,-0.8122769772882973,0.0,0.0,0.0,0.0,0.0,0.0,7.165711008205812e-05,9.21305701055033e-05,8.189384009378072e-05,0.0,0.0,0.0,0.0,0.0,0.0,0.00014331422016411623,0.0001842611402110066,0.00016378768018756145,0.0,0.0,0.0,0.0,0.0,0.0,0.0,0.0,0.0,0.0003685222804220132,0.0,0.0,0.0,0.0,0.0,0.00010646199212191492,0.0007370445608440263,0.0003275753603751229,0.0,0.0,0.0,0.0,0.0,0.0,0.00014331422016411623,0.0001842611402110066,0.00016378768018756145,0.0003275753603751229,0.00014331422016411623,0.00014331422016411623,0.00014331422016411623,7.370445608440265e-05,7.370445608440265e-05,0.0,0.0005118365005861294,0.00029072313233292153,0.0003275753603751229,0.00014331422016411623,0.00014331422016411623,0.00014331422016411623,7.370445608440265e-05,7.370445608440265e-05,0.0,0.0005118365005861294,0.00029072313233292153,0.0003275753603751229,0.00014331422016411623,0.00014331422016411623,0.00014331422016411623,7.370445608440265e-05,7.370445608440265e-05,0.0,0.0005118365005861294,0.00029072313233292153,0.0003644275884173242,0.00018016644820631754,9.008322410315878e-05,9.008322410315878e-05,0.0,0.0,0.0,0.0005486887286283307,0.0002538709042907202,0.0004012798164595255,0.0,0.0,0.0,0.0,0.0,7.370445608440265e-05,0.0005855409566705321,0.00016378768018756145,0.0004012798164595255,0.0,0.0,0.0,0.0,0.0,7.370445608440265e-05,0.0005855409566705321,0.00016378768018756145,0.0004012798164595255,0.0,0.0,0.0,0.0,0.0,7.370445608440265e-05,0.0005855409566705321,0.00016378768018756145,0.0,0.0,0.0,0.0,0.0004012798164595255,0.0004012798164595255,0.0003275753603751229,7.370445608440265e-05,0.0006182984927080444,0.00036852228042201317,0.00036852228042201317,0.0002661549803047873,0.0002661549803047873,0.000818938400937807,0.000818938400937807,0.00045041612051579383,0.001289827981477046,0.0019040317821804012
x_R15_EXIT_A,0.0,0.0002211133682532079,0.0003869483944431139,0.00014740891216880527,0.00014740891216880527,0.00014740891216880527,0.00014740891216880527,5.527834206330199e-05,0.00014740891216880527,0.0,0.0002211133682532079,0.0003869483944431139,0.00014740891216880527,0.00014740891216880527,0.00014740891216880527,0.00014740891216880527,5.527834206330199e-05,0.00014740891216880527,0.00024772886628368656,0.0,0.00016583502618990593,0.00016583502618990593,0.0,0.0,0.0,7.370445608440265e-05,0.0,0.00024772886628368656,0.0,0.00016583502618990593,0.00016583502618990593,0.0,0.0,0.0,7.370445608440265e-05,0.0,0.0004135638924735927,0.00016583502618990593,0.0,0.0,0.0,0.0,0.0,0.00023953948227430855,0.0,0.0004135638924735927,0.00016583502618990593,0.0,0.0,0.0,0.0,0.0,0.00023953948227430855,0.0,0.00048726834855799525,0.00023953948227430855,7.370445608440265e-05,0.0002088292922391408,7.370445608440265e-05,7.370445608440265e-05,7.370445608440265e-05,0.00031324393835871126,7.370445608440265e-05,8.189384009378072e-05,0.00016583502618990593,0.0003316700523798119,0.0,0.0,0.0,0.0,0.0,0.0,8.189384009378072e-05,0.00016583502618990593,0.0003316700523798119,0.0,0.0,0.0,0.0,0.0,0.0,0.0006428666447361786,0.000395137778452492,0.000229302752262586,0.0,0.0,0.0,0.0,0.0,0.0,0.00048726834855799525,0.00023953948227430855,7.370445608440265e-05,0.0002088292922391408,7.370445608440265e-05,7.370445608440265e-05,7.370445608440265e-05,0.00031324393835871126,7.370445608440265e-05,0.000348048820398568,0.0,0.0,0.0,0.0,0.0,0.0,0.0,0.0,8.189384009378072e-05,7.370445608440265e-05,0.00023953948227430855,0.0,0.0,0.0,0.0,0.0,0.0,8.189384009378072e-05,7.370445608440265e-05,0.00023953948227430855,0.0,0.0,0.0,0.0,0.0,0.0,-0.8055481289572384,0.837122200103098,0.8370392825900032,0.8368588602235465,0.8368588602235465,0.8368588602235465,0.8368588602235465,0.8368588602235465,0.8368588602235465,0.0006960976407971362,0.0004483687745134494,0.0002825337483235435,0.0,0.0,0.0,0.0,0.0,0.0,0.0,0.0,0.0,0.0,0.0,0.0,0.0,0.0,0.0,0.000348048820398568,0.0,0.0,0.0,0.0,0.0,0.0,0.0,0.0,0.0004135638924735927,0.00016583502618990593,0.0,0.0,0.0,0.0,0.0,0.0,0.0,0.000174024410199284,0.0,0.0,0.0,0.0,0.0,0.0,0.0,0.0,0.000174024410199284,0.0,0.0,0.0,0.0,0.0,0.0,0.0,0.0,0.000174024410199284,0.0,0.0,0.0,0.0,0.0,0.0,0.0,0.0,0.000174024410199284,0.0,0.0,0.0,0.0,0.0,0.0,0.0,0.0,0.000174024410199284,0.0,0.0,0.0,0.0,0.0,0.0,0.0,0.0,0.000174024410199284,0.0,0.0,0.0,0.0,0.0,0.0,0.0,0.0,0.000174024410199284,0.0,0.0,0.0,0.0,0.0,0.0,0.0,0.0,8.189384009378072e-05,0.00016583502618990593,0.0003316700523798119,9.21305701055033e-05,9.21305701055033e-05,9.21305701055033e-05,9.21305701055033e-05,0.0,9.21305701055033e-05,0.00087012205099642,0.00036852228042201317,0.0,0.0,0.0,0.0,0.0,0.0,0.0
x_R15_EXIT_B,0.0,8.189384009378071e-05,0.00016583502618990593,0.0,0.0,0.0,0.0,0.0,0.0,0.0,8.189384009378071e-05,0.00016583502618990593,0.0,0.0,0.0,0.0,0.0,0.0,5.527834206330199e-05,0.0,0.00022111336825320795,0.00022111336825320795,5.527834206330199e-05,5.527834206330199e-05,5.527834206330199e-05,5.527834206330199e-05,5.527834206330199e-05,5.527834206330199e-05,0.0,0.00022111336825320795,0.00022111336825320795,5.527834206330199e-05,5.527834206330199e-05,5.527834206330199e-05,5.527834206330199e-05,5.527834206330199e-05,0.00016583502618990593,0.0002477288662836866,0.0,0.0,0.0,0.0,0.0,0.00016583502618990593,0.0,0.00016583502618990593,0.0002477288662836866,0.0,0.0,0.0,0.0,0.0,0.00016583502618990593,0.0,0.00023953948227430855,0.0003214333223680893,7.370445608440265e-05,0.0002088292922391408,7.370445608440265e-05,7.370445608440265e-05,7.370445608440265e-05,0.00023953948227430855,7.370445608440265e-05,0.0,8.189384009378071e-05,0.00016583502618990593,0.0,0.0,0.0,0.0,0.0,0.0,0.0,8.189384009378071e-05,0.00016583502618990593,0.0,0.0,0.0,0.0,0.0,0.0,0.000395137778452492,0.0004770316185462727,0.000229302752262586,0.0,0.0,0.0,0.0,0.0,0.0,0.00023953948227430855,0.0003214333223680893,7.370445608440265e-05,0.0002088292922391408,7.370445608440265e-05,7.370445608440265e-05,7.370445608440265e-05,0.00023953948227430855,7.370445608440265e-05,0.0,0.00016378768018756142,0.0,0.0,0.0,0.0,0.0,0.0,0.0,0.0,8.189384009378071e-05,0.00016583502618990593,0.0,0.0,0.0,0.0,0.0,0.0,0.0,8.189384009378071e-05,0.00016583502618990593,0.0,0.0,0.0,0.0,0.0,0.0,0.837122200103098,-0.8131529854590505,0.8370392825900032,0.8368588602235465,0.8368588602235465,0.8368588602235465,0.8368588602235465,0.8368588602235465,0.8368588602235465,0.0004483687745134494,0.0005302626146072301,0.0002825337483235435,0.0,0.0,0.0,0.0,0.0,0.0,0.0,0.0,0.0,0.0,0.0,0.0,0.0,0.0,0.0,0.0,0.00016378768018756142,0.0,0.0,0.0,0.0,0.0,0.0,0.0,0.00016583502618990593,0.0002477288662836866,0.0,0.0,0.0,0.0,0.0,0.0,0.0,0.0,8.189384009378071e-05,0.0,0.0,0.0,0.0,0.0,0.0,0.0,0.0,8.189384009378071e-05,0.0,0.0,0.0,0.0,0.0,0.0,0.0,0.0,8.189384009378071e-05,0.0,0.0,0.0,0.0,0.0,0.0,0.0,0.0,8.189384009378071e-05,0.0,0.0,0.0,0.0,0.0,0.0,0.0,0.0,8.189384009378071e-05,0.0,0.0,0.0,0.0,0.0,0.0,0.0,0.0,8.189384009378071e-05,0.0,0.0,0.0,0.0,0.0,0.0,0.0,0.0,8.189384009378071e-05,0.0,0.0,0.0,0.0,0.0,0.0,0.0,0.0,8.189384009378071e-05,0.00016583502618990593,0.0,0.0,0.0,0.0,0.0,0.0,0.0,0.0004094692004689035,0.0,0.0,0.0,0.0,0.0,0.0,0.0
x_R15_EXIT_C,0.0,0.0,8.189384009378071e-05,0.0,0.0,0.0,0.0,0.0,0.0,0.0,0.0,8.189384009378071e-05,0.0,0.0,0.0,0.0,0.0,0.0,0.0,0.0,8.189384009378071e-05,0.0,0.0,0.0,0.0,0.0,0.0,0.0,0.0,8.189384009378071e-05,0.0,0.0,0.0,0.0,0.0,0.0,5.527834206330199e-05,5.527834206330199e-05,0.0,5.527834206330199e-05,5.527834206330199e-05,5.527834206330199e-05,5.527834206330199e-05,5.527834206330199e-05,5.527834206330199e-05,5.527834206330199e-05,5.527834206330199e-05,0.0,5.527834206330199e-05,5.527834206330199e-05,5.527834206330199e-05,5.527834206330199e-05,5.527834206330199e-05,5.527834206330199e-05,7.370445608440265e-05,7.370445608440265e-05,0.00015559829617818333,0.0002088292922391408,7.370445608440265e-05,7.370445608440265e-05,7.370445608440265e-05,7.370445608440265e-05,7.370445608440265e-05,0.0,0.0,8.189384009378071e-05,0.0,0.0,0.0,0.0,0.0,0.0,0.0,0.0,8.189384009378071e-05,0.0,0.0,0.0,0.0,0.0,0.0,0.000229302752262586,0.000229302752262586,0.0003111965923563667,0.0,0.0,0.0,0.0,0.0,0.0,7.370445608440265e-05,7.370445608440265e-05,0.00015559829617818333,0.0002088292922391408,7.370445608440265e-05,7.370445608440265e-05,7.370445608440265e-05,7.370445608440265e-05,7.370445608440265e-05,0.0,0.0,0.00016378768018756142,0.0,0.0,0.0,0.0,0.0,0.0,0.0,0.0,8.189384009378071e-05,0.0,0.0,0.0,0.0,0.0,0.0,0.0,0.0,8.189384009378071e-05,0.0,0.0,0.0,0.0,0.0,0.0,0.8370392825900032,0.8370392825900032,-0.8207578419608624,0.8368588602235465,0.8368588602235465,0.8368588602235465,0.8368588602235465,0.8368588602235465,0.8368588602235465,0.0002825337483235435,0.0002825337483235435,0.00036442758841732416,0.0,0.0,0.0,0.0,0.0,0.0,0.0,0.0,0.0,0.0,0.0,0.0,0.0,0.0,0.0,0.0,0.0,0.00016378768018756142,0.0,0.0,0.0,0.0,0.0,0.0,0.0,0.0,8.189384009378071e-05,0.0,0.0,0.0,0.0,0.0,0.0,0.0,0.0,8.189384009378071e-05,0.0,0.0,0.0,0.0,0.0,0.0,0.0,0.0,8.189384009378071e-05,0.0,0.0,0.0,0.0,0.0,0.0,0.0,0.0,8.189384009378071e-05,0.0,0.0,0.0,0.0,0.0,0.0,0.0,0.0,8.189384009378071e-05,0.0,0.0,0.0,0.0,0.0,0.0,0.0,0.0,8.189384009378071e-05,0.0,0.0,0.0,0.0,0.0,0.0,0.0,0.0,8.189384009378071e-05,0.0,0.0,0.0,0.0,0.0,0.0,0.0,0.0,8.189384009378071e-05,0.0,0.0,0.0,0.0,0.0,0.0,0.0,0.0,8.189384009378071e-05,0.0,0.0,0.0,0.0,0.0,0.0,0.0,0.0,0.0004094692004689035,0.0,0.0,0.0,0.0,0.0,0.0
x_R15_EXIT_D,0.0,0.0,0.0,8.189384009378072e-05,0.0,0.0,0.0,0.0,0.0,0.0,0.0,0.0,8.189384009378072e-05,0.0,0.0,0.0,0.0,0.0,0.0,0.0,0.0,8.189384009378072e-05,0.0,0.0,0.0,0.0,0.0,0.0,0.0,0.0,8.189384009378072e-05,0.0,0.0,0.0,0.0,0.0,0.0,0.0,0.0,8.189384009378072e-05,0.0,0.0,0.0,0.0,0.0,0.0,0.0,0.0,8.189384009378072e-05,0.0,0.0,0.0,0.0,0.0,0.0,0.0,0.0,0.00011874606813598204,0.0,0.0,0.0,0.0,0.0,0.0,0.0,0.0,8.189384009378072e-05,0.0,0.0,0.0,0.0,0.0,0.0,0.0,0.0,8.189384009378072e-05,0.0,0.0,0.0,0.0,0.0,0.0,0.0,0.0,0.00011874606813598204,0.0,0.0,0.0,0.0,0.0,0.0,0.0,0.0,0.00011874606813598204,0.0,0.0,0.0,0.0,0.0,0.0,0.0,0.0,0.00016378768018756145,0.0,0.0,0.0,0.0,0.0,0.0,0.0,0.0,8.189384009378072e-05,0.0,0.0,0.0,0.0,0.0,0.0,0.0,0.0,8.189384009378072e-05,0.0,0.0,0.0,0.0,0.0,0.8368588602235465,0.8368588602235465,0.8368588602235465,-0.8288205072090934,0.8369164418298625,0.8369164418298625,0.8369164418298625,0.8369164418298625,0.8369164418298625,0.0,0.0,0.0,0.00011874606813598204,0.0,0.0,0.0,0.0,0.0,0.0,0.0,0.0,0.0,0.0,0.0,0.0,0.0,0.0,0.0,0.0,0.0,0.00016378768018756145,0.0,0.0,0.0,0.0,0.0,5.527834206330199e-05,5.527834206330199e-05,5.527834206330199e-05,0.0,5.527834206330199e-05,5.527834206330199e-05,5.527834206330199e-05,5.527834206330199e-05,5.527834206330199e-05,0.0,0.0,0.0,8.189384009378072e-05,0.0,0.0,0.0,0.0,0.0,0.0,0.0,0.0,8.189384009378072e-05,0.0,0.0,0.0,0.0,0.0,0.0,0.0,0.0,8.189384009378072e-05,0.0,0.0,0.0,0.0,0.0,0.0,0.0,0.0,8.189384009378072e-05,0.0,0.0,0.0,0.0,0.0,0.0,0.0,0.0,8.189384009378072e-05,0.0,0.0,0.0,0.0,0.0,0.0,0.0,0.0,8.189384009378072e-05,0.0,0.0,0.0,0.0,0.0,0.0,0.0,0.0,8.189384009378072e-05,0.0,0.0,0.0,0.0,0.0,0.0,0.0,0.0,8.189384009378072e-05,0.0,0.0,0.0,0.0,0.0,0.0,0.0,0.0,0.00040946920046890355,0.0,0.0,0.0,0.0,0.0
x_R15_EXIT_E,0.0,0.0,0.0,7.370445608440265e-05,0.0003930904324501474,0.0,0.0,0.0,0.0,0.0,0.0,0.0,7.370445608440265e-05,0.0003930904324501474,0.0,0.0,0.0,0.0,0.0,0.0,0.0,7.370445608440265e-05,0.0005036471165767513,0.0,0.0,0.0,0.0,0.0,0.0,0.0,7.370445608440265e-05,0.0005036471165767513,0.0,0.0,0.0,0.0,0.0,0.0,0.0,7.370445608440265e-05,0.0006142038007033553,0.00011055668412660398,0.0,0.0,0.00011055668412660398,0.0,0.0,0.0,7.370445608440265e-05,0.0006142038007033553,0.00011055668412660398,0.0,0.0,0.00011055668412660398,0.0,0.0,0.0,0.0,0.0006142038007033553,0.00011055668412660398,0.0,0.0,0.00011055668412660398,0.0,0.0,0.0,7.370445608440265e-05,0.0003930904324501474,0.0,0.0,0.0,0.0,0.0,0.0,0.0,7.370445608440265e-05,0.0003930904324501474,0.0,0.0,0.0,0.0,0.0,0.0,0.0,0.0,0.0007247604848299591,0.00022111336825320795,0.00022111336825320795,0.00011055668412660398,0.00022111336825320795,0.0,0.0,0.0,0.0,0.0006142038007033553,0.00011055668412660398,0.0,0.0,0.00011055668412660398,0.0,0.0,0.0,0.0001474089121688053,0.0010072942331535025,0.0,0.0,0.0,0.0,0.0,0.0,0.0,7.370445608440265e-05,0.0003930904324501474,0.0,0.0,0.0,0.0,0.0,0.0,0.0,7.370445608440265e-05,0.0003930904324501474,0.0,0.0,0.0,0.0,0.8368588602235465,0.8368588602235465,0.8368588602235465,0.8369164418298625,-0.8076232250320878,0.837008572399968,0.837008572399968,0.8369532940579046,0.837008572399968,0.0,0.0,0.0,0.0,0.0007247604848299591,0.00022111336825320795,0.00022111336825320795,0.00011055668412660398,0.00022111336825320795,0.0,0.0,0.0,0.0,0.0,0.0,0.0,0.0,0.0,0.0,0.0,7.370445608440265e-05,0.00022111336825320795,0.0009335897770691001,0.0,0.0,0.0,0.0,7.370445608440265e-05,7.370445608440265e-05,7.370445608440265e-05,0.0,0.0006879082567877579,0.0001842611402110066,0.0001842611402110066,7.370445608440265e-05,0.0001842611402110066,0.0,0.0,0.0,0.0001842611402110066,0.0003930904324501474,0.0,0.0,0.0,0.0,0.0,0.0,0.0,0.0001842611402110066,0.0003930904324501474,0.0,0.0,0.0,0.0,0.0,0.0,0.0,0.0001842611402110066,0.0003930904324501474,0.0,0.0,0.0,0.0,0.0,0.0,0.00018426114021100659,0.00025796559629540924,0.0003930904324501474,0.0,0.0,0.0,0.0,0.0,0.0,0.00018426114021100659,0.00025796559629540924,0.0003930904324501474,0.0,0.0,0.0,0.0,0.00020268725423210727,0.00020268725423210727,0.0003869483944431139,0.00046065285052751645,0.00017402441019928404,0.00020268725423210727,0.00020268725423210727,0.00020268725423210727,0.00020268725423210727,5.527834206330199e-05,5.527834206330199e-05,0.00023953948227430855,0.0003132439383587112,0.0,5.527834206330199e-05,5.527834206330199e-05,5.527834206330199e-05,5.527834206330199e-05,0.0,0.0,0.0,7.370445608440265e-05,0.0003930904324501474,0.0,0.0,0.0,0.0,0.0,0.0,0.0,0.0009213057010550329,0.0019654521622507366,0.0,0.0,0.0,0.0
x_R15_EXIT_F,0.0,0.0,0.0,7.370445608440265e-05,0.0,8.189384009378072e-05,0.0,0.0,0.0,0.0,0.0,0.0,7.370445608440265e-05,0.0,8.189384009378072e-05,0.0,0.0,0.0,0.0,0.0,0.0,7.370445608440265e-05,0.0,0.00017197706419693948,0.0,0.0,7.165711008205813e-05,0.0,0.0,0.0,7.370445608440265e-05,0.0,0.00017197706419693948,0.0,0.0,7.165711008205813e-05,0.0,0.0,0.0,7.370445608440265e-05,0.00011055668412660398,0.0003009598623446441,0.0,0.0,0.00020063990822976273,0.0,0.0,0.0,7.370445608440265e-05,0.00011055668412660398,0.0003009598623446441,0.0,0.0,0.00020063990822976273,0.0,0.0,0.0,0.0,0.00011055668412660398,0.0003009598623446441,0.0,0.0,0.00020063990822976273,0.0,0.0,0.0,7.370445608440265e-05,0.0,8.189384009378072e-05,0.0,0.0,0.0,0.0,0.0,0.0,7.370445608440265e-05,0.0,8.189384009378072e-05,0.0,0.0,0.0,0.0,0.0,0.0,0.0,0.00022111336825320795,0.0004115165464712481,0.0002395394822743086,0.00011055668412660398,0.0003111965923563667,0.0,0.0,0.0,0.0,0.00011055668412660398,0.0003009598623446441,0.0,0.0,0.00020063990822976273,0.0,0.0,0.0,0.0001474089121688053,0.0,0.00034395412839387896,0.0,0.0,0.00014331422016411626,0.0,0.0,0.0,7.370445608440265e-05,0.0,8.189384009378072e-05,0.0,0.0,0.0,0.0,0.0,0.0,7.370445608440265e-05,0.0,8.189384009378072e-05,0.0,0.0,0.0,0.8368588602235465,0.8368588602235465,0.8368588602235465,0.8369164418298625,0.837008572399968,-0.8115408164956257,0.8370177854569785,0.8369532940579046,0.8370536140120195,0.0,0.0,0.0,0.0,0.00022111336825320795,0.0004115165464712481,0.0002395394822743086,0.00011055668412660398,0.0003111965923563667,0.0,0.0,0.0,0.0,0.0,0.0,0.0,0.0,0.0,5.323099606095746e-05,5.323099606095746e-05,7.370445608440265e-05,0.00022111336825320795,0.0,0.00029072313233292153,9.008322410315877e-05,5.323099606095746e-05,9.008322410315877e-05,7.370445608440265e-05,7.370445608440265e-05,7.370445608440265e-05,0.0,0.0001842611402110066,0.0003746643184290468,0.00020268725423210727,7.370445608440265e-05,0.0002743443643141654,0.0,0.0,0.0,0.00020268725423210727,0.0,8.189384009378072e-05,0.0,0.0,0.0,0.0,0.0,0.0,0.00020268725423210727,0.0,8.189384009378072e-05,0.0,0.0,0.0,0.0,0.0,0.0,0.00020268725423210727,0.0,8.189384009378072e-05,0.0,0.0,0.0,0.0,0.0,0.00012898279814770462,0.00020268725423210727,0.0,0.0,0.0,0.0,0.0,5.527834206330199e-05,5.323099606095746e-05,0.00011055668412660398,0.0001842611402110066,0.0,0.0,5.527834206330199e-05,5.527834206330199e-05,5.527834206330199e-05,0.0,5.323099606095746e-05,0.00011055668412660398,0.0001842611402110066,0.0,8.189384009378072e-05,0.0,0.0,0.0,0.0,5.323099606095746e-05,0.00011055668412660398,0.0001842611402110066,0.0,8.189384009378072e-05,0.0,0.0,0.0,0.0,0.0,0.0,7.370445608440265e-05,0.0,8.189384009378072e-05,0.0,0.0,0.0,0.0,0.0,0.0,0.0010134362711605362,0.0,0.00040946920046890355,0.0,0.0,0.0
x_R15_EXIT_G,0.0,0.0,0.0,7.370445608440265e-05,7.165711008205812e-05,7.165711008205812e-05,0.0005015997705744068,0.0,7.165711008205812e-05,0.0,0.0,0.0,7.370445608440265e-05,7.165711008205812e-05,7.165711008205812e-05,0.0005015997705744068,0.0,7.165711008205812e-05,0.0,0.0,0.0,7.370445608440265e-05,0.0,0.0,0.0005466413826259863,0.0,0.0,0.0,0.0,0.0,7.370445608440265e-05,0.0,0.0,0.0005466413826259863,0.0,0.0,0.0,0.0,0.0,7.370445608440265e-05,0.00011055668412660398,0.00012898279814770462,0.0005466413826259863,0.0,0.00012898279814770462,0.0,0.0,0.0,7.370445608440265e-05,0.00011055668412660398,0.00012898279814770462,0.0005466413826259863,0.0,0.00012898279814770462,0.0,0.0,0.0,0.0,0.00011055668412660398,0.00012898279814770462,0.0005466413826259863,0.0,0.00012898279814770462,0.0,0.0,0.0,7.370445608440265e-05,7.165711008205812e-05,7.165711008205812e-05,0.0005015997705744068,0.0,7.165711008205812e-05,0.0,0.0,0.0,7.370445608440265e-05,7.165711008205812e-05,7.165711008205812e-05,0.0005015997705744068,0.0,7.165711008205812e-05,0.0,0.0,0.0,0.0,0.00022111336825320795,0.0002395394822743086,0.0008127963629307737,0.00011055668412660398,0.0002395394822743086,0.0,0.0,0.0,0.0,0.00011055668412660398,0.00012898279814770462,0.0005466413826259863,0.0,0.00012898279814770462,0.0,0.0,0.0,0.0001474089121688053,9.008322410315878e-05,5.3230996060957466e-05,0.0010932827652519726,0.0,5.3230996060957466e-05,0.0,0.0,0.0,7.370445608440265e-05,7.165711008205812e-05,7.165711008205812e-05,0.0005015997705744068,0.0,7.165711008205812e-05,0.0,0.0,0.0,7.370445608440265e-05,7.165711008205812e-05,7.165711008205812e-05,0.0005015997705744068,0.0,7.165711008205812e-05,0.8368588602235465,0.8368588602235465,0.8368588602235465,0.8369164418298625,0.837008572399968,0.8370177854569785,-0.8025645811005594,0.8369532940579046,0.8370177854569785,0.0,0.0,0.0,0.0,0.00022111336825320795,0.0002395394822743086,0.0008127963629307737,0.00011055668412660398,0.0002395394822743086,0.0,0.0,0.0,0.0,0.0,0.0,0.0,0.0,0.0,0.00014331422016411626,5.3230996060957466e-05,7.370445608440265e-05,0.00022111336825320795,0.0,0.0,0.0008598853209846976,0.00014331422016411626,0.0,7.370445608440265e-05,7.370445608440265e-05,7.370445608440265e-05,0.0,0.0001842611402110066,0.00020268725423210727,0.0007759441348885723,7.370445608440265e-05,0.00020268725423210727,0.00047498427254392825,0.0005200258845955077,0.0005200258845955077,0.0007493286368580937,0.0004033271624618701,0.0004033271624618701,0.0,0.00047498427254392825,0.0004033271624618701,0.00031119659235636667,0.0003562382044079461,0.0003562382044079461,0.0005855409566705321,0.00023953948227430855,0.00023953948227430855,0.00017402441019928402,0.00031119659235636667,0.00023953948227430855,9.008322410315878e-05,0.0001351248361547382,0.0001351248361547382,0.0003644275884173242,0.0,0.0,0.00041151654647124814,9.008322410315878e-05,0.0,7.165711008205812e-05,0.00011669872213363751,0.00011055668412660398,0.0001842611402110066,0.0,0.0,0.0004299426604923488,7.165711008205812e-05,0.0,7.165711008205812e-05,0.0,0.00011055668412660398,0.0001842611402110066,0.0,0.0,0.0004299426604923488,7.165711008205812e-05,0.0,7.165711008205812e-05,0.0,0.00011055668412660398,0.0001842611402110066,0.0,0.0,0.0004299426604923488,7.165711008205812e-05,0.0,7.165711008205812e-05,0.0,0.00011055668412660398,0.0001842611402110066,0.0,0.0,0.0004299426604923488,7.165711008205812e-05,0.0,0.0,0.0,0.0,7.370445608440265e-05,7.165711008205812e-05,7.165711008205812e-05,0.0005015997705744068,0.0,7.165711008205812e-05,0.0,0.0,0.0003582855504102906,0.0015047993117232204,0.00022520806025789691,0.00022520806025789691,0.0023749213627196407,0.0,0.00022520806025789691
x_R15_EXIT_H,0.0,0.0,0.0,0.0005118365005861295,0.0,0.0,0.0,8.189384009378071e-05,0.0,0.0,0.0,0.0,0.0005118365005861295,0.0,0.0,0.0,8.189384009378071e-05,0.0,0.0,0.0,0.0,9.21305701055033e-05,0.0,0.0,0.0,0.00019245052422038467,0.0,0.0,0.0,0.0,9.21305701055033e-05,0.0,0.0,0.0,0.00019245052422038467,0.0,0.0,0.0,0.0,9.21305701055033e-05,0.0,0.0,0.00021906602225086342,0.00019245052422038467,0.0,0.0,0.0,0.0,9.21305701055033e-05,0.0,0.0,0.00021906602225086342,0.00019245052422038467,0.0,0.0,0.0,0.0,0.0,0.0,0.0,0.00021906602225086342,0.00019245052422038467,0.0,0.0,0.0,0.0,0.0006223931847127334,9.21305701055033e-05,9.21305701055033e-05,9.21305701055033e-05,8.189384009378071e-05,9.21305701055033e-05,0.0,0.0,0.0,0.0006223931847127334,9.21305701055033e-05,9.21305701055033e-05,9.21305701055033e-05,8.189384009378071e-05,9.21305701055033e-05,0.0,0.0,0.0,0.0,0.00011055668412660398,0.00011055668412660398,0.00011055668412660398,0.0007411392528487154,0.00011055668412660398,0.0,0.0,0.0,0.0,0.0,0.0,0.00021906602225086342,0.00019245052422038467,0.0,0.0,0.0,0.0,0.0006060144166939773,0.0,0.0,0.0,0.0006797188727783799,0.0,0.0,0.00011055668412660398,0.00011055668412660398,0.0006223931847127334,9.21305701055033e-05,9.21305701055033e-05,9.21305701055033e-05,8.189384009378071e-05,9.21305701055033e-05,0.0,0.00011055668412660398,0.00011055668412660398,0.0006223931847127334,9.21305701055033e-05,9.21305701055033e-05,9.21305701055033e-05,8.189384009378071e-05,9.21305701055033e-05,0.8368588602235465,0.8368588602235465,0.8368588602235465,0.8369164418298625,0.8369532940579046,0.8369532940579046,0.8369532940579046,-0.8084508066468248,0.8369532940579046,0.0,0.0,0.0,0.0,0.00011055668412660398,0.00011055668412660398,0.00011055668412660398,0.0007411392528487154,0.00011055668412660398,0.0,0.0,0.0,0.0,0.0,0.0,0.0,0.0,0.0,0.0,0.0,0.0,0.0001474089121688053,0.0,0.0,0.0,0.00034804882039856803,0.0,9.21305701055033e-05,9.21305701055033e-05,9.21305701055033e-05,0.0,7.370445608440265e-05,7.370445608440265e-05,7.370445608440265e-05,0.0007042870248065141,7.370445608440265e-05,0.0,0.0,0.0,7.370445608440265e-05,0.0,0.0,0.0,0.00017402441019928402,0.0,0.0,0.0,0.0,7.370445608440265e-05,0.0,0.0,0.0,0.00017402441019928402,0.0,0.0,0.0,0.0,7.370445608440265e-05,0.0,0.0,0.0,0.00017402441019928402,0.0,0.0,0.0,0.0,7.370445608440265e-05,0.0,0.0,0.0,0.00017402441019928402,0.0,0.0,0.0,0.0,7.370445608440265e-05,0.0,0.0,0.0,0.00017402441019928402,0.0,0.0,0.0,0.0,7.370445608440265e-05,0.0,0.0,0.0,0.00017402441019928402,0.0,0.0,0.0,0.0,7.370445608440265e-05,0.0,0.0,0.0,0.00017402441019928402,0.0,0.0,0.0,0.0,0.0005118365005861295,0.0,0.0,0.0,8.189384009378071e-05,0.0,9.213057010550329e-05,9.213057010550329e-05,0.0,0.00036852228042201317,0.0,0.0,0.0,0.00087012205099642,0.0
x_R15_EXIT_STAIRWELL,0.0,0.0,0.0,7.370445608440265e-05,0.0,0.0,0.0,0.0,8.189384009378072e-05,0.0,0.0,0.0,7.370445608440265e-05,0.0,0.0,0.0,0.0,8.189384009378072e-05,0.0,0.0,0.0,7.370445608440265e-05,0.0,7.165711008205813e-05,0.0,0.0,0.00016174033418521691,0.0,0.0,0.0,7.370445608440265e-05,0.0,7.165711008205813e-05,0.0,0.0,0.00016174033418521691,0.0,0.0,0.0,7.370445608440265e-05,0.00011055668412660398,0.00020063990822976273,0.0,0.0,0.00029072313233292153,0.0,0.0,0.0,7.370445608440265e-05,0.00011055668412660398,0.00020063990822976273,0.0,0.0,0.00029072313233292153,0.0,0.0,0.0,0.0,0.00011055668412660398,0.00020063990822976273,0.0,0.0,0.00029072313233292153,0.0,0.0,0.0,7.370445608440265e-05,0.0,0.0,0.0,0.0,8.189384009378072e-05,0.0,0.0,0.0,7.370445608440265e-05,0.0,0.0,0.0,0.0,8.189384009378072e-05,0.0,0.0,0.0,0.0,0.00022111336825320795,0.0003111965923563667,0.0002395394822743086,0.00011055668412660398,0.0004012798164595255,0.0,0.0,0.0,0.0,0.00011055668412660398,0.00020063990822976273,0.0,0.0,0.00029072313233292153,0.0,0.0,0.0,0.0001474089121688053,0.0,0.00014331422016411626,0.0,0.0,0.00032348066837043383,0.0,0.0,0.0,7.370445608440265e-05,0.0,0.0,0.0,0.0,8.189384009378072e-05,0.0,0.0,0.0,7.370445608440265e-05,0.0,0.0,0.0,0.0,8.189384009378072e-05,0.8368588602235465,0.8368588602235465,0.8368588602235465,0.8369164418298625,0.837008572399968,0.8370536140120195,0.8370177854569785,0.8369532940579046,-0.8144711333562438,0.0,0.0,0.0,0.0,0.00022111336825320795,0.0003111965923563667,0.0002395394822743086,0.00011055668412660398,0.0004012798164595255,0.0,0.0,0.0,0.0,0.0,0.0,0.0,0.0,0.0,5.323099606095746e-05,5.323099606095746e-05,7.370445608440265e-05,0.00022111336825320795,0.0,9.008322410315877e-05,0.00010646199212191492,5.323099606095746e-05,0.0002702496723094764,7.370445608440265e-05,7.370445608440265e-05,7.370445608440265e-05,0.0,0.0001842611402110066,0.0002743443643141654,0.00020268725423210727,7.370445608440265e-05,0.0003644275884173242,0.0,0.0,0.0,0.00020268725423210727,0.0,0.0,0.0,0.0,8.189384009378072e-05,0.0,0.0,0.0,0.00020268725423210727,0.0,0.0,0.0,0.0,8.189384009378072e-05,0.0,0.0,0.0,0.00020268725423210727,0.0,0.0,0.0,0.0,8.189384009378072e-05,0.0,0.0,0.00013717218215708268,0.00021087663824148533,0.0,0.0,0.0,0.0,8.189384009378072e-05,0.0,5.323099606095746e-05,0.00011055668412660398,0.0001842611402110066,0.0,0.0,0.0,0.0,8.189384009378072e-05,0.0,5.323099606095746e-05,0.00011055668412660398,0.0001842611402110066,0.0,0.0,0.0,0.0,8.189384009378072e-05,0.0,5.323099606095746e-05,0.00011055668412660398,0.0001842611402110066,0.0,0.0,0.0,0.0,8.189384009378072e-05,0.0,0.0,0.0,7.370445608440265e-05,0.0,0.0,0.0,0.0,8.189384009378072e-05,0.0,0.0,0.0,0.0010134362711605362,0.0,0.0,0.0,0.0,0.00040946920046890355
x_R16_EXIT_A,5.323099606095746e-05,0.0004422267365064158,0.0007738967888862278,0.00029481782433761055,0.00029481782433761055,0.00029481782433761055,0.00029481782433761055,0.00011055668412660398,0.00029481782433761055,5.323099606095746e-05,0.0004422267365064158,0.0007738967888862278,0.00029481782433761055,0.00029481782433761055,0.00029481782433761055,0.00029481782433761055,0.00011055668412660398,0.00029481782433761055,0.0004954577325673731,0.0,0.00033167005237981186,0.00033167005237981186,0.0,0.0,0.0,0.0001474089121688053,0.0,0.0004954577325673731,0.0,0.00033167005237981186,0.00033167005237981186,0.0,0.0,0.0,0.0001474089121688053,0.0,0.0008271277849471854,0.00033167005237981186,0.0,0.0,0.0,0.0,0.0,0.0004790789645486171,0.0,0.0008271277849471854,0.00033167005237981186,0.0,0.0,0.0,0.0,0.0,0.0004790789645486171,0.0,0.0009745366971159905,0.0004790789645486171,0.0001474089121688053,0.0004176585844782816,0.0001474089121688053,0.0001474089121688053,0.0001474089121688053,0.0006264878767174225,0.0001474089121688053,0.00016378768018756145,0.00033167005237981186,0.0006633401047596238,0.0,0.0,0.0,0.0,0.0,0.0,0.00016378768018756145,0.00033167005237981186,0.0006633401047596238,0.0,0.0,0.0,0.0,0.0,0.0,0.0012857332894723572,0.000790275556904984,0.000458605504525172,9.008322410315877e-05,9.008322410315877e-05,9.008322410315877e-05,9.008322410315877e-05,9.008322410315877e-05,9.008322410315877e-05,0.0009745366971159905,0.0004790789645486171,0.0001474089121688053,0.0004176585844782816,0.0001474089121688053,0.0001474089121688053,0.0001474089121688053,0.0006264878767174225,0.0001474089121688053,0.000696097640797136,0.0,0.0,0.0,0.0,0.0,0.0,0.0,0.0,0.00016378768018756145,0.0001474089121688053,0.0004790789645486171,0.0,0.0,0.0,0.0,0.0,0.0,0.00016378768018756145,0.0001474089121688053,0.0004790789645486171,0.0,0.0,0.0,0.0,0.0,0.0,0.0006960976407971362,0.0004483687745134494,0.0002825337483235435,0.0,0.0,0.0,0.0,0.0,0.0,-0.803403336108243,0.8380596286539216,0.8377279586015417,0.8371628911048946,0.8371628911048946,0.8371628911048946,0.8371628911048946,0.8371628911048946,0.8371628911048946,0.0,0.0,0.0,0.0,0.0,0.0,0.0,0.0,0.0,0.000696097640797136,0.0,0.0,0.0,0.0,0.0,0.0,0.0,0.0,0.0008271277849471854,0.00033167005237981186,0.0,0.0,0.0,0.0,0.0,0.0,0.0,0.000348048820398568,0.0,0.0,0.0,0.0,0.0,0.0,0.0,0.0,0.000348048820398568,0.0,0.0,0.0,0.0,0.0,0.0,0.0,0.0,0.000348048820398568,0.0,0.0,0.0,0.0,0.0,0.0,0.0,0.0,0.000348048820398568,0.0,0.0,0.0,0.0,0.0,0.0,0.0,0.0,0.000348048820398568,0.0,0.0,0.0,0.0,0.0,0.0,0.0,0.0,0.000348048820398568,0.0,0.0,0.0,0.0,0.0,0.0,0.0,0.0,0.000348048820398568,0.0,0.0,0.0,0.0,0.0,0.0,0.0,0.0,0.00016378768018756145,0.00033167005237981186,0.0006633401047596238,0.0001842611402110066,0.0001842611402110066,0.0001842611402110066,0.0001842611402110066,0.0,0.0001842611402110066,0.00174024410199284,0.0007370445608440263,0.0,0.0,0.0,0.0,0.0,0.0,0.0
x_R16_EXIT_B,0.0,0.00016378768018756142,0.00033167005237981186,0.0,0.0,0.0,0.0,0.0,0.0,0.0,0.00016378768018756142,0.00033167005237981186,0.0,0.0,0.0,0.0,0.0,0.0,0.00011055668412660398,5.323099606095746e-05,0.0004422267365064159,0.0004422267365064159,0.00011055668412660398,0.00011055668412660398,0.00011055668412660398,0.00011055668412660398,0.00011055668412660398,0.00011055668412660398,5.323099606095746e-05,0.0004422267365064159,0.0004422267365064159,0.00011055668412660398,0.00011055668412660398,0.00011055668412660398,0.00011055668412660398,0.00011055668412660398,0.00033167005237981186,0.0004954577325673732,0.0,0.0,0.0,0.0,0.0,0.00033167005237981186,0.0,0.00033167005237981186,0.0004954577325673732,0.0,0.0,0.0,0.0,0.0,0.00033167005237981186,0.0,0.0004790789645486171,0.0006428666447361786,0.0001474089121688053,0.0004176585844782816,0.0001474089121688053,0.0001474089121688053,0.0001474089121688053,0.0004790789645486171,0.0001474089121688053,0.0,0.00016378768018756142,0.00033167005237981186,0.0,0.0,0.0,0.0,0.0,0.0,0.0,0.00016378768018756142,0.00033167005237981186,0.0,0.0,0.0,0.0,0.0,0.0,0.000790275556904984,0.0009540632370925454,0.000458605504525172,9.008322410315877e-05,9.008322410315877e-05,9.008322410315877e-05,9.008322410315877e-05,9.008322410315877e-05,9.008322410315877e-05,0.0004790789645486171,0.0006428666447361786,0.0001474089121688053,0.0004176585844782816,0.0001474089121688053,0.0001474089121688053,0.0001474089121688053,0.0004790789645486171,0.0001474089121688053,0.0,0.00032757536037512284,0.0,0.0,0.0,0.0,0.0,0.0,0.0,0.0,0.00016378768018756142,0.00033167005237981186,0.0,0.0,0.0,0.0,0.0,0.0,0.0,0.00016378768018756142,0.00033167005237981186,0.0,0.0,0.0,0.0,0.0,0.0,0.0004483687745134494,0.0005302626146072301,0.0002825337483235435,0.0,0.0,0.0,0.0,0.0,0.0,0.8380596286539216,-0.8112569451493399,0.8377279586015417,0.8371628911048946,0.8371628911048946,0.8371628911048946,0.8371628911048946,0.8371628911048946,0.8371628911048946,0.0,0.0,0.0,0.0,0.0,0.0,0.0,0.0,0.0,0.0,0.00032757536037512284,0.0,0.0,0.0,0.0,0.0,0.0,0.0,0.00033167005237981186,0.0004954577325673732,0.0,0.0,0.0,0.0,0.0,0.0,0.0,0.0,0.00016378768018756142,0.0,0.0,0.0,0.0,0.0,0.0,0.0,0.0,0.00016378768018756142,0.0,0.0,0.0,0.0,0.0,0.0,0.0,0.0,0.00016378768018756142,0.0,0.0,0.0,0.0,0.0,0.0,0.0,0.0,0.00016378768018756142,0.0,0.0,0.0,0.0,0.0,0.0,0.0,0.0,0.00016378768018756142,0.0,0.0,0.0,0.0,0.0,0.0,0.0,0.0,0.00016378768018756142,0.0,0.0,0.0,0.0,0.0,0.0,0.0,0.0,0.00016378768018756142,0.0,0.0,0.0,0.0,0.0,0.0,0.0,0.0,0.00016378768018756142,0.00033167005237981186,0.0,0.0,0.0,0.0,0.0,0.0,0.0,0.000818938400937807,0.0,0.0,0.0,0.0,0.0,0.0,0.0
x_R16_EXIT_C,0.0,0.0,0.00016378768018756142,0.0,0.0,0.0,0.0,0.0,0.0,0.0,0.0,0.00016378768018756142,0.0,0.0,0.0,0.0,0.0,0.0,0.0,0.0,0.00016378768018756142,0.0,0.0,0.0,0.0,0.0,0.0,0.0,0.0,0.00016378768018756142,0.0,0.0,0.0,0.0,0.0,0.0,0.00011055668412660398,0.00011055668412660398,5.323099606095746e-05,0.00011055668412660398,0.00011055668412660398,0.00011055668412660398,0.00011055668412660398,0.00011055668412660398,0.00011055668412660398,0.00011055668412660398,0.00011055668412660398,5.323099606095746e-05,0.00011055668412660398,0.00011055668412660398,0.00011055668412660398,0.00011055668412660398,0.00011055668412660398,0.00011055668412660398,0.0001474089121688053,0.0001474089121688053,0.00031119659235636667,0.0004176585844782816,0.0001474089121688053,0.0001474089121688053,0.0001474089121688053,0.0001474089121688053,0.0001474089121688053,0.0,0.0,0.00016378768018756142,0.0,0.0,0.0,0.0,0.0,0.0,0.0,0.0,0.00016378768018756142,0.0,0.0,0.0,0.0,0.0,0.0,0.000458605504525172,0.000458605504525172,0.0006223931847127334,9.008322410315877e-05,9.008322410315877e-05,9.008322410315877e-05,9.008322410315877e-05,9.008322410315877e-05,9.008322410315877e-05,0.0001474089121688053,0.0001474089121688053,0.00031119659235636667,0.0004176585844782816,0.0001474089121688053,0.0001474089121688053,0.0001474089121688053,0.0001474089121688053,0.0001474089121688053,0.0,0.0,0.00032757536037512284,0.0,0.0,0.0,0.0,0.0,0.0,0.0,0.0,0.00016378768018756142,0.0,0.0,0.0,0.0,0.0,0.0,0.0,0.0,0.00016378768018756142,0.0,0.0,0.0,0.0,0.0,0.0,0.0002825337483235435,0.0002825337483235435,0.00036442758841732416,0.0,0.0,0.0,0.0,0.0,0.0,0.8377279586015417,0.8377279586015417,-0.8191105541904368,0.8371628911048946,0.8371628911048946,0.8371628911048946,0.8371628911048946,0.8371628911048946,0.8371628911048946,0.0,0.0,0.0,0.0,0.0,0.0,0.0,0.0,0.0,0.0,0.0,0.00032757536037512284,0.0,0.0,0.0,0.0,0.0,0.0,0.0,0.0,0.00016378768018756142,0.0,0.0,0.0,0.0,0.0,0.0,0.0,0.0,0.00016378768018756142,0.0,0.0,0.0,0.0,0.0,0.0,0.0,0.0,0.00016378768018756142,0.0,0.0,0.0,0.0,0.0,0.0,0.0,0.0,0.00016378768018756142,0.0,0.0,0.0,0.0,0.0,0.0,0.0,0.0,0.00016378768018756142,0.0,0.0,0.0,0.0,0.0,0.0,0.0,0.0,0.00016378768018756142,0.0,0.0,0.0,0.0,0.0,0.0,0.0,0.0,0.00016378768018756142,0.0,0.0,0.0,0.0,0.0,0.0,0.0,0.0,0.00016378768018756142,0.0,0.0,0.0,0.0,0.0,0.0,0.0,0.0,0.00016378768018756142,0.0,0.0,0.0,0.0,0.0,0.0,0.0,0.0,0.000818938400937807,0.0,0.0,0.0,0.0,0.0,0.0
x_R16_EXIT_D,0.0,0.0,0.0,0.00016378768018756145,0.0,0.0,0.0,0.0,0.0,0.0,0.0,0.0,0.00016378768018756145,0.0,0.0,0.0,0.0,0.0,0.0,0.0,0.0,0.00016378768018756145,0.0,0.0,0.0,0.0,0.0,0.0,0.0,0.0,0.00016378768018756145,0.0,0.0,0.0,0.0,0.0,0.0,0.0,0.0,0.00016378768018756145,0.0,0.0,0.0,0.0,0.0,0.0,0.0,0.0,0.00016378768018756145,0.0,0.0,0.0,0.0,0.0,0.0,0.0,0.0,0.00023749213627196407,0.0,0.0,0.0,0.0,0.0,0.0,0.0,0.0,0.00016378768018756145,0.0,0.0,0.0,0.0,0.0,0.0,0.0,0.0,0.00016378768018756145,0.0,0.0,0.0,0.0,0.0,0.0,0.0,0.0,0.00023749213627196407,7.370445608440265e-05,7.370445608440265e-05,7.370445608440265e-05,7.370445608440265e-05,7.370445608440265e-05,0.0,0.0,0.0,0.00023749213627196407,0.0,0.0,0.0,0.0,0.0,0.0,0.0,0.0,0.0003275753603751229,0.0,0.0,0.0,0.0,0.0,0.0,0.0,0.0,0.00016378768018756145,0.0,0.0,0.0,0.0,0.0,0.0,0.0,0.0,0.00016378768018756145,0.0,0.0,0.0,0.0,0.0,0.0,0.0,0.0,0.00011874606813598204,0.0,0.0,0.0,0.0,0.0,0.8371628911048946,0.8371628911048946,0.8371628911048946,-0.8275417417190898,0.8372365955609791,0.8372365955609791,0.8372365955609791,0.8372365955609791,0.8372365955609791,0.0,0.0,0.0,0.0,0.0,0.0,0.0,0.0,0.0,0.0,0.0,0.0,0.0003275753603751229,0.0,0.0,0.0,0.0,0.0,0.00011055668412660398,0.00011055668412660398,0.00011055668412660398,5.3230996060957466e-05,0.00011055668412660398,0.00011055668412660398,0.00011055668412660398,0.00011055668412660398,0.00011055668412660398,0.0,0.0,0.0,0.00016378768018756145,0.0,0.0,0.0,0.0,0.0,0.0,0.0,0.0,0.00016378768018756145,0.0,0.0,0.0,0.0,0.0,0.0,0.0,0.0,0.00016378768018756145,0.0,0.0,0.0,0.0,0.0,0.0,0.0,0.0,0.00016378768018756145,0.0,0.0,0.0,0.0,0.0,0.0,0.0,0.0,0.00016378768018756145,0.0,0.0,0.0,0.0,0.0,0.0,0.0,0.0,0.00016378768018756145,0.0,0.0,0.0,0.0,0.0,0.0,0.0,0.0,0.00016378768018756145,0.0,0.0,0.0,0.0,0.0,0.0,0.0,0.0,0.00016378768018756145,0.0,0.0,0.0,0.0,0.0,0.0,0.0,0.0,0.0008189384009378071,0.0,0.0,0.0,0.0,0.0
x_R16_EXIT_E,0.0,0.0,0.0,0.0001474089121688053,0.0007861808649002948,0.0,0.0,0.0,0.0,0.0,0.0,0.0,0.0001474089121688053,0.0007861808649002948,0.0,0.0,0.0,0.0,0.0,0.0,0.0,0.0001474089121688053,0.0010072942331535025,0.0,0.0,0.0,0.0,0.0,0.0,0.0,0.0001474089121688053,0.0010072942331535025,0.0,0.0,0.0,0.0,0.0,0.0,0.0,0.0001474089121688053,0.0012284076014067106,0.00022111336825320795,0.0,0.0,0.00022111336825320795,0.0,0.0,0.0,0.0001474089121688053,0.0012284076014067106,0.00022111336825320795,0.0,0.0,0.00022111336825320795,0.0,0.0,0.0,7.370445608440265e-05,0.0012284076014067106,0.00022111336825320795,0.0,0.0,0.00022111336825320795,0.0,0.0,0.0,0.0001474089121688053,0.0007861808649002948,0.0,0.0,0.0,0.0,0.0,0.0,0.0,0.0001474089121688053,0.0007861808649002948,0.0,0.0,0.0,0.0,0.0,0.0,0.0,7.370445608440265e-05,0.0014495209696599183,0.0004422267365064159,0.0004422267365064159,0.00022111336825320795,0.0004422267365064159,0.0,0.0,0.0,7.370445608440265e-05,0.0012284076014067106,0.00022111336825320795,0.0,0.0,0.00022111336825320795,0.0,0.0,0.0,0.0002948178243376106,0.002014588466307005,0.0,0.0,0.0,0.0,0.0,0.0,0.0,0.0001474089121688053,0.0007861808649002948,0.0,0.0,0.0,0.0,0.0,0.0,0.0,0.0001474089121688053,0.0007861808649002948,0.0,0.0,0.0,0.0,0.0,0.0,0.0,0.0,0.0007247604848299591,0.00022111336825320795,0.00022111336825320795,0.00011055668412660398,0.00022111336825320795,0.8371628911048946,0.8371628911048946,0.8371628911048946,0.8372365955609791,-0.8054354379170432,0.8376051178414011,0.8376051178414011,0.8373840044731479,0.8376051178414011,0.0,0.0,0.0,0.0,0.0,0.0,0.0,0.0,0.0,0.0,0.0,0.0001474089121688053,0.0004422267365064159,0.0018671795541382002,0.0,0.0,0.0,0.0,0.0001474089121688053,0.0001474089121688053,0.0001474089121688053,0.0,0.0013758165135755159,0.0003685222804220132,0.0003685222804220132,0.0001474089121688053,0.0003685222804220132,0.0,0.0,0.0,0.0003685222804220132,0.0007861808649002948,0.0,0.0,0.0,0.0,0.0,0.0,0.0,0.0003685222804220132,0.0007861808649002948,0.0,0.0,0.0,0.0,0.0,0.0,0.0,0.0003685222804220132,0.0007861808649002948,0.0,0.0,0.0,0.0,0.0,0.0,0.00036852228042201317,0.0005159311925908185,0.0007861808649002948,0.0,0.0,0.0,0.0,0.0,0.0,0.00036852228042201317,0.0005159311925908185,0.0007861808649002948,0.0,0.0,0.0,0.0,0.00040537450846421454,0.00040537450846421454,0.0007738967888862278,0.0009213057010550329,0.0003480488203985681,0.00040537450846421454,0.00040537450846421454,0.00040537450846421454,0.00040537450846421454,0.00011055668412660398,0.00011055668412660398,0.0004790789645486171,0.0006264878767174224,5.323099606095746e-05,0.00011055668412660398,0.00011055668412660398,0.00011055668412660398,0.00011055668412660398,0.0,0.0,0.0,0.0001474089121688053,0.0007861808649002948,0.0,0.0,0.0,0.0,0.0,0.0,0.0,0.0018426114021100658,0.003930904324501473,0.0,0.0,0.0,0.0
x_R16_EXIT_F,0.0,0.0,0.0,0.0001474089121688053,0.0,0.00016378768018756145,0.0,0.0,0.0,0.0,0.0,0.0,0.0001474089121688053,0.0,0.00016378768018756145,0.0,0.0,0.0,0.0,0.0,0.0,0.0001474089121688053,0.0,0.00034395412839387896,0.0,0.0,0.00014331422016411626,0.0,0.0,0.0,0.0001474089121688053,0.0,0.00034395412839387896,0.0,0.0,0.00014331422016411626,0.0,0.0,0.0,0.0001474089121688053,0.00022111336825320795,0.0006019197246892882,0.0,0.0,0.00040127981645952547,0.0,0.0,0.0,0.0001474089121688053,0.00022111336825320795,0.0006019197246892882,0.0,0.0,0.00040127981645952547,0.0,0.0,0.0,7.370445608440265e-05,0.00022111336825320795,0.0006019197246892882,0.0,0.0,0.00040127981645952547,0.0,0.0,0.0,0.0001474089121688053,0.0,0.00016378768018756145,0.0,0.0,0.0,0.0,0.0,0.0,0.0001474089121688053,0.0,0.00016378768018756145,0.0,0.0,0.0,0.0,0.0,0.0,7.370445608440265e-05,0.0004422267365064159,0.0008230330929424962,0.0004790789645486172,0.00022111336825320795,0.0006223931847127334,0.0,0.0,0.0,7.370445608440265e-05,0.00022111336825320795,0.0006019197246892882,0.0,0.0,0.00040127981645952547,0.0,0.0,0.0,0.0002948178243376106,7.370445608440265e-05,0.0006879082567877579,0.0,0.0,0.0002866284403282325,0.0,0.0,0.0,0.0001474089121688053,0.0,0.00016378768018756145,0.0,0.0,0.0,0.0,0.0,0.0,0.0001474089121688053,0.0,0.00016378768018756145,0.0,0.0,0.0,0.0,0.0,0.0,0.0,0.00022111336825320795,0.0004115165464712481,0.0002395394822743086,0.00011055668412660398,0.0003111965923563667,0.8371628911048946,0.8371628911048946,0.8371628911048946,0.8372365955609791,0.8376051178414011,-0.8098228952881192,0.8376419700694433,0.8373840044731479,0.8377852842896074,0.0,0.0,0.0,0.0,0.0,0.0,0.0,0.0,0.0,0.00010646199212191492,0.00010646199212191492,0.0001474089121688053,0.0004422267365064159,0.0,0.0005814462646658431,0.00018016644820631754,0.00010646199212191492,0.00018016644820631754,0.0001474089121688053,0.0001474089121688053,0.0001474089121688053,0.0,0.0003685222804220132,0.0007493286368580936,0.00040537450846421454,0.0001474089121688053,0.0005486887286283308,0.0,0.0,0.0,0.00040537450846421454,0.0,0.00016378768018756145,0.0,0.0,0.0,0.0,0.0,0.0,0.00040537450846421454,0.0,0.00016378768018756145,0.0,0.0,0.0,0.0,0.0,0.0,0.00040537450846421454,0.0,0.00016378768018756145,0.0,0.0,0.0,0.0,0.0,0.00025796559629540924,0.00040537450846421454,0.0,5.323099606095746e-05,0.0,0.0,0.0,0.00011055668412660398,0.00010646199212191492,0.00022111336825320795,0.0003685222804220132,0.0,5.323099606095746e-05,0.00011055668412660398,0.00011055668412660398,0.00011055668412660398,0.0,0.00010646199212191492,0.00022111336825320795,0.0003685222804220132,0.0,0.00016378768018756145,0.0,0.0,0.0,0.0,0.00010646199212191492,0.00022111336825320795,0.0003685222804220132,0.0,0.00016378768018756145,0.0,0.0,0.0,0.0,0.0,0.0,0.0001474089121688053,0.0,0.00016378768018756145,0.0,0.0,0.0,0.0,0.0,0.0,0.0020268725423210725,0.0,0.0008189384009378071,0.0,0.0,0.0
x_R16_EXIT_G,0.0,0.0,0.0,0.0001474089121688053,0.00014331422016411623,0.00014331422016411623,0.0010031995411488137,0.0,0.00014331422016411623,0.0,0.0,0.0,0.0001474089121688053,0.00014331422016411623,0.00014331422016411623,0.0010031995411488137,0.0,0.00014331422016411623,0.0,0.0,0.0,0.0001474089121688053,9.008322410315878e-05,5.3230996060957466e-05,0.0010932827652519726,0.0,5.3230996060957466e-05,0.0,0.0,0.0,0.0001474089121688053,9.008322410315878e-05,5.3230996060957466e-05,0.0010932827652519726,0.0,5.3230996060957466e-05,0.0,0.0,0.0,0.0001474089121688053,0.00022111336825320795,0.00025796559629540924,0.0010932827652519726,0.0,0.00025796559629540924,0.0,0.0,0.0,0.0001474089121688053,0.00022111336825320795,0.00025796559629540924,0.0010932827652519726,0.0,0.00025796559629540924,0.0,0.0,0.0,7.370445608440265e-05,0.00022111336825320795,0.00025796559629540924,0.0010932827652519726,0.0,0.00025796559629540924,0.0,0.0,0.0,0.0001474089121688053,0.00014331422016411623,0.00014331422016411623,0.0010031995411488137,0.0,0.00014331422016411623,0.0,0.0,0.0,0.0001474089121688053,0.00014331422016411623,0.00014331422016411623,0.0010031995411488137,0.0,0.00014331422016411623,0.0,0.0,0.0,7.370445608440265e-05,0.0004422267365064159,0.0004790789645486172,0.0016255927258615474,0.00022111336825320795,0.0004790789645486172,0.0,0.0,0.0,7.370445608440265e-05,0.00022111336825320795,0.00025796559629540924,0.0010932827652519726,0.0,0.00025796559629540924,0.0,0.0,0.0,0.0002948178243376106,0.00018016644820631757,0.00010646199212191493,0.002186565530503945,0.0,0.00010646199212191493,0.0,0.0,0.0,0.0001474089121688053,0.00014331422016411623,0.00014331422016411623,0.0010031995411488137,0.0,0.00014331422016411623,0.0,0.0,0.0,0.0001474089121688053,0.00014331422016411623,0.00014331422016411623,0.0010031995411488137,0.0,0.00014331422016411623,0.0,0.0,0.0,0.0,0.00022111336825320795,0.0002395394822743086,0.0008127963629307737,0.00011055668412660398,0.0002395394822743086,0.8371628911048946,0.8371628911048946,0.8371628911048946,0.8372365955609791,0.8376051178414011,0.8376419700694433,-0.8002447401683636,0.8373840044731479,0.8376419700694433,0.0,0.0,0.0,0.0,0.0,0.0,0.0,0.0,0.0,0.0002866284403282325,0.00010646199212191493,0.0001474089121688053,0.0004422267365064159,0.0,0.0,0.0017197706419693952,0.0002866284403282325,0.0,0.0001474089121688053,0.0001474089121688053,0.0001474089121688053,0.0,0.0003685222804220132,0.00040537450846421454,0.0015518882697771446,0.0001474089121688053,0.00040537450846421454,0.0009499685450878565,0.0010400517691910153,0.0010400517691910153,0.0014986572737161873,0.0008066543249237402,0.0008066543249237402,5.323099606095746e-05,0.0009499685450878565,0.0008066543249237402,0.0006223931847127333,0.0007124764088158922,0.0007124764088158922,0.0011710819133410643,0.0004790789645486171,0.0004790789645486171,0.00034804882039856803,0.0006223931847127333,0.0004790789645486171,0.00018016644820631757,0.0002702496723094764,0.0002702496723094764,0.0007288551768346484,0.0,0.0,0.0008230330929424963,0.00018016644820631757,0.0,0.00014331422016411623,0.00023339744426727503,0.00022111336825320795,0.0003685222804220132,0.0,0.0,0.0008598853209846976,0.00014331422016411623,0.0,0.00014331422016411623,5.3230996060957466e-05,0.00022111336825320795,0.0003685222804220132,0.0,0.0,0.0008598853209846976,0.00014331422016411623,0.0,0.00014331422016411623,5.3230996060957466e-05,0.00022111336825320795,0.0003685222804220132,0.0,0.0,0.0008598853209846976,0.00014331422016411623,0.0,0.00014331422016411623,5.3230996060957466e-05,0.00022111336825320795,0.0003685222804220132,0.0,0.0,0.0008598853209846976,0.00014331422016411623,0.0,0.0,0.0,0.0,0.0001474089121688053,0.00014331422016411623,0.00014331422016411623,0.0010031995411488137,0.0,0.00014331422016411623,0.0,0.0,0.0007165711008205812,0.003009598623446441,0.00045041612051579383,0.00045041612051579383,0.004749842725439281,0.0,0.00045041612051579383
x_R16_EXIT_H,0.0,0.0,0.0,0.001023673001172259,0.0,0.0,0.0,0.00016378768018756142,0.0,0.0,0.0,0.0,0.001023673001172259,0.0,0.0,0.0,0.00016378768018756142,0.0,0.0,0.0,0.0,0.0001842611402110066,0.0,0.0,0.0,0.00038490104844076935,0.0,0.0,0.0,0.0,0.0001842611402110066,0.0,0.0,0.0,0.00038490104844076935,0.0,0.0,0.0,0.0,0.0001842611402110066,0.0,0.0,0.00043813204450172683,0.00038490104844076935,0.0,0.0,0.0,0.0,0.0001842611402110066,0.0,0.0,0.00043813204450172683,0.00038490104844076935,0.0,0.0,0.0,0.0,7.370445608440265e-05,0.0,0.0,0.00043813204450172683,0.00038490104844076935,0.0,0.0,0.0,0.0,0.001244786369425467,0.0001842611402110066,0.0001842611402110066,0.0001842611402110066,0.00016378768018756142,0.0001842611402110066,0.0,0.0,0.0,0.001244786369425467,0.0001842611402110066,0.0001842611402110066,0.0001842611402110066,0.00016378768018756142,0.0001842611402110066,0.0,0.0,0.0,7.370445608440265e-05,0.00022111336825320795,0.00022111336825320795,0.00022111336825320795,0.0014822785056974308,0.00022111336825320795,0.0,0.0,0.0,7.370445608440265e-05,0.0,0.0,0.00043813204450172683,0.00038490104844076935,0.0,0.0,0.0,0.0,0.0012120288333879545,0.0,0.0,0.0,0.0013594377455567598,0.0,0.0,0.00022111336825320795,0.00022111336825320795,0.001244786369425467,0.0001842611402110066,0.0001842611402110066,0.0001842611402110066,0.00016378768018756142,0.0001842611402110066,0.0,0.00022111336825320795,0.00022111336825320795,0.001244786369425467,0.0001842611402110066,0.0001842611402110066,0.0001842611402110066,0.00016378768018756142,0.0001842611402110066,0.0,0.0,0.0,0.0,0.00011055668412660398,0.00011055668412660398,0.00011055668412660398,0.0007411392528487154,0.00011055668412660398,0.8371628911048946,0.8371628911048946,0.8371628911048946,0.8372365955609791,0.8373840044731479,0.8373840044731479,0.8373840044731479,-0.806238451379752,0.8373840044731479,0.0,0.0,0.0,0.0,0.0,0.0,0.0,0.0,0.0,7.370445608440265e-05,0.0,7.370445608440265e-05,0.0002948178243376106,0.0,0.0,0.0,0.0006960976407971361,0.0,0.0001842611402110066,0.0001842611402110066,0.0001842611402110066,0.0,0.0001474089121688053,0.0001474089121688053,0.0001474089121688053,0.0014085740496130282,0.0001474089121688053,0.0,0.0,0.0,0.0001474089121688053,0.0,0.0,0.0,0.00034804882039856803,0.0,0.0,0.0,0.0,0.0001474089121688053,0.0,0.0,0.0,0.00034804882039856803,0.0,0.0,0.0,0.0,0.0001474089121688053,0.0,0.0,0.0,0.00034804882039856803,0.0,0.0,0.0,0.0,0.0001474089121688053,0.0,0.0,0.0,0.00034804882039856803,0.0,0.0,0.0,0.0,0.0001474089121688053,0.0,0.0,0.0,0.00034804882039856803,0.0,0.0,0.0,0.0,0.0001474089121688053,0.0,0.0,0.0,0.00034804882039856803,0.0,0.0,0.0,0.0,0.0001474089121688053,0.0,0.0,0.0,0.00034804882039856803,0.0,0.0,0.0,0.0,0.001023673001172259,0.0,0.0,0.0,0.00016378768018756142,0.0,0.00018426114021100659,0.00018426114021100659,0.0,0.0007370445608440263,0.0,0.0,0.0,0.00174024410199284,0.0
x_R16_EXIT_STAIRWELL,0.0,0.0,0.0,0.0001474089121688053,0.0,0.0,0.0,0.0,0.00016378768018756145,0.0,0.0,0.0,0.0001474089121688053,0.0,0.0,0.0,0.0,0.00016378768018756145,0.0,0.0,0.0,0.0001474089121688053,0.0,0.00014331422016411626,0.0,0.0,0.00032348066837043383,0.0,0.0,0.0,0.0001474089121688053,0.0,0.00014331422016411626,0.0,0.0,0.00032348066837043383,0.0,0.0,0.0,0.0001474089121688053,0.00022111336825320795,0.00040127981645952547,0.0,0.0,0.0005814462646658431,0.0,0.0,0.0,0.0001474089121688053,0.00022111336825320795,0.00040127981645952547,0.0,0.0,0.0005814462646658431,0.0,0.0,0.0,7.370445608440265e-05,0.00022111336825320795,0.00040127981645952547,0.0,0.0,0.0005814462646658431,0.0,0.0,0.0,0.0001474089121688053,0.0,0.0,0.0,0.0,0.00016378768018756145,0.0,0.0,0.0,0.0001474089121688053,0.0,0.0,0.0,0.0,0.00016378768018756145,0.0,0.0,0.0,7.370445608440265e-05,0.0004422267365064159,0.0006223931847127334,0.0004790789645486172,0.00022111336825320795,0.000802559632919051,0.0,0.0,0.0,7.370445608440265e-05,0.00022111336825320795,0.00040127981645952547,0.0,0.0,0.0005814462646658431,0.0,0.0,0.0,0.0002948178243376106,7.370445608440265e-05,0.0002866284403282325,0.0,0.0,0.0006469613367408677,0.0,0.0,0.0,0.0001474089121688053,0.0,0.0,0.0,0.0,0.00016378768018756145,0.0,0.0,0.0,0.0001474089121688053,0.0,0.0,0.0,0.0,0.00016378768018756145,0.0,0.0,0.0,0.0,0.00022111336825320795,0.0003111965923563667,0.0002395394822743086,0.00011055668412660398,0.0004012798164595255,0.8371628911048946,0.8371628911048946,0.8371628911048946,0.8372365955609791,0.8376051178414011,0.8377852842896074,0.8376419700694433,0.8373840044731479,-0.8127685672437548,0.0,0.0,0.0,0.0,0.0,0.0,0.0,0.0,0.0,0.00010646199212191492,0.00010646199212191492,0.0001474089121688053,0.0004422267365064159,0.0,0.00018016644820631754,0.00021292398424382984,0.00010646199212191492,0.0005404993446189528,0.0001474089121688053,0.0001474089121688053,0.0001474089121688053,0.0,0.0003685222804220132,0.0005486887286283308,0.00040537450846421454,0.0001474089121688053,0.0007288551768346484,0.0,0.0,0.0,0.00040537450846421454,0.0,0.0,0.0,0.0,0.00016378768018756145,0.0,0.0,0.0,0.00040537450846421454,0.0,0.0,0.0,0.0,0.00016378768018756145,0.0,0.0,0.0,0.00040537450846421454,0.0,0.0,0.0,0.0,0.00016378768018756145,0.0,0.0,0.00027434436431416536,0.00042175327648297066,0.0,0.0,0.0,0.0,0.00016378768018756145,0.0,0.00010646199212191492,0.00022111336825320795,0.0003685222804220132,0.0,0.0,0.0,0.0,0.00016378768018756145,0.0,0.00010646199212191492,0.00022111336825320795,0.0003685222804220132,0.0,0.0,0.0,0.0,0.00016378768018756145,0.0,0.00010646199212191492,0.00022111336825320795,0.0003685222804220132,0.0,0.0,0.0,0.0,0.00016378768018756145,0.0,0.0,0.0,0.0001474089121688053,0.0,0.0,0.0,0.0,0.00016378768018756145,0.0,0.0,0.0,0.0020268725423210725,0.0,0.0,0.0,0.0,0.0008189384009378071
x_R20_EXIT_A,0.0,0.0,0.0,0.0,0.0,0.0,0.0,0.0,0.0,0.0,0.0,0.0,0.0,0.0,0.0,0.0,0.0,0.0,0.0,0.0,0.0,0.0,0.0,0.0,0.0,0.0,0.0,0.0,0.0,0.0,0.0,0.0,0.0,0.0,0.0,0.0,0.0,0.0,0.0,0.0,0.0,0.0,0.0,0.0,0.0,0.0,0.0,0.0,0.0,0.0,0.0,0.0,0.0,0.0,0.0,0.0,0.0,0.0,0.0,0.0,0.0,0.0,0.0,0.0,0.0,0.0,0.0,0.0,0.0,0.0,0.0,0.0,0.0,0.0,0.0,0.0,0.0,0.0,0.0,0.0,0.0,0.0,0.0,0.0,0.0,0.0,0.0,0.0,0.0,0.0,0.0,0.0,0.0,0.0,0.0,0.0,0.0,0.0,0.0,0.0,0.0,0.0,0.0,0.0,0.0,0.0,0.0,0.0,0.0,0.0,0.0,0.0,0.0,0.0,0.0,0.0,0.0,0.0,0.0,0.0,0.0,0.0,0.0,0.0,0.0,0.0,0.0,0.0,0.0,0.0,0.0,0.0,0.0,0.0,0.0,0.0,0.0,0.0,0.0,0.0,0.0,0.0,0.0,0.0,-0.8055174477705587,0.8368588602235465,0.8368588602235465,0.8368588602235465,0.8368588602235465,0.8368588602235465,0.8368588602235465,0.8368588602235465,0.8368588602235465,0.0,0.0,0.0,0.0,0.0,0.0,0.0,0.0,0.0,0.0,0.0,0.0,0.0,0.0,0.0,0.0,0.0,0.0,0.0,0.0,0.0,0.0,0.0,0.0,0.0,0.0,0.0,0.0,0.0,0.0,0.0,0.0,0.0,0.0,0.0,0.0,0.0,0.0,0.0,0.0,0.0,0.0,0.0,0.0,0.0,0.0,0.0,0.0,0.0,0.0,0.0,0.0,0.0,0.0,0.0,0.0,0.0,0.0,0.0,0.0,0.0,0.0,0.0,0.0,0.0,0.0,0.0,0.0,0.0,0.0,0.0,0.0,0.0,0.0,0.0,0.0,0.0,0.0,0.0,0.0,0.0,0.0,0.0,0.0,0.0,0.0,0.0,0.0,0.0,0.0,0.0,0.0,0.0,0.0,0.0,0.0,0.0,0.0,0.0
x_R20_EXIT_B,0.0,0.0,0.0,0.0,0.0,0.0,0.0,0.0,0.0,0.0,0.0,0.0,0.0,0.0,0.0,0.0,0.0,0.0,0.0,0.0,0.0,0.0,0.0,0.0,0.0,0.0,0.0,0.0,0.0,0.0,0.0,0.0,0.0,0.0,0.0,0.0,0.0,0.0,0.0,0.0,0.0,0.0,0.0,0.0,0.0,0.0,0.0,0.0,0.0,0.0,0.0,0.0,0.0,0.0,0.0,0.0,0.0,0.0,0.0,0.0,0.0,0.0,0.0,0.0,0.0,0.0,0.0,0.0,0.0,0.0,0.0,0.0,0.0,0.0,0.0,0.0,0.0,0.0,0.0,0.0,0.0,0.0,0.0,0.0,0.0,0.0,0.0,0.0,0.0,0.0,0.0,0.0,0.0,0.0,0.0,0.0,0.0,0.0,0.0,0.0,0.0,0.0,0.0,0.0,0.0,0.0,0.0,0.0,0.0,0.0,0.0,0.0,0.0,0.0,0.0,0.0,0.0,0.0,0.0,0.0,0.0,0.0,0.0,0.0,0.0,0.0,0.0,0.0,0.0,0.0,0.0,0.0,0.0,0.0,0.0,0.0,0.0,0.0,0.0,0.0,0.0,0.0,0.0,0.0,0.8368588602235465,-0.8101141882636635,0.8368588602235465,0.8368588602235465,0.8368588602235465,0.8368588602235465,0.8368588602235465,0.8368588602235465,0.8368588602235465,0.0,0.0,0.0,0.0,0.0,0.0,0.0,0.0,0.0,0.0,0.0,0.0,0.0,0.0,0.0,0.0,0.0,0.0,0.0,0.0,0.0,0.0,0.0,0.0,0.0,0.0,0.0,0.0,0.0,0.0,0.0,0.0,0.0,0.0,0.0,0.0,0.0,0.0,0.0,0.0,0.0,0.0,0.0,0.0,0.0,0.0,0.0,0.0,0.0,0.0,0.0,0.0,0.0,0.0,0.0,0.0,0.0,0.0,0.0,0.0,0.0,0.0,0.0,0.0,0.0,0.0,0.0,0.0,0.0,0.0,0.0,0.0,0.0,0.0,0.0,0.0,0.0,0.0,0.0,0.0,0.0,0.0,0.0,0.0,0.0,0.0,0.0,0.0,0.0,0.0,0.0,0.0,0.0,0.0,0.0,0.0,0.0,0.0,0.0
x_R20_EXIT_C,0.0,0.0,0.0,0.0,0.0,0.0,0.0,0.0,0.0,0.0,0.0,0.0,0.0,0.0,0.0,0.0,0.0,0.0,0.0,0.0,0.0,0.0,0.0,0.0,0.0,0.0,0.0,0.0,0.0,0.0,0.0,0.0,0.0,0.0,0.0,0.0,0.0,0.0,0.0,0.0,0.0,0.0,0.0,0.0,0.0,0.0,0.0,0.0,0.0,0.0,0.0,0.0,0.0,0.0,0.0,0.0,0.0,0.0,0.0,0.0,0.0,0.0,0.0,0.0,0.0,0.0,0.0,0.0,0.0,0.0,0.0,0.0,0.0,0.0,0.0,0.0,0.0,0.0,0.0,0.0,0.0,0.0,0.0,0.0,0.0,0.0,0.0,0.0,0.0,0.0,0.0,0.0,0.0,0.0,0.0,0.0,0.0,0.0,0.0,0.0,0.0,0.0,0.0,0.0,0.0,0.0,0.0,0.0,0.0,0.0,0.0,0.0,0.0,0.0,0.0,0.0,0.0,0.0,0.0,0.0,0.0,0.0,0.0,0.0,0.0,0.0,0.0,0.0,0.0,0.0,0.0,0.0,0.0,0.0,0.0,0.0,0.0,0.0,0.0,0.0,0.0,0.0,0.0,0.0,0.8368588602235465,0.8368588602235465,-0.808860531765544,0.8368588602235465,0.8368588602235465,0.8368588602235465,0.8368588602235465,0.8368588602235465,0.8368588602235465,0.0,0.0,0.0,0.0,0.0,0.0,0.0,0.0,0.0,0.0,0.0,0.0,0.0,0.0,0.0,0.0,0.0,0.0,0.0,0.0,0.0,0.0,0.0,0.0,0.0,0.0,0.0,0.0,0.0,0.0,0.0,0.0,0.0,0.0,0.0,0.0,0.0,0.0,0.0,0.0,0.0,0.0,0.0,0.0,0.0,0.0,0.0,0.0,0.0,0.0,0.0,0.0,0.0,0.0,0.0,0.0,0.0,0.0,0.0,0.0,0.0,0.0,0.0,0.0,0.0,0.0,0.0,0.0,0.0,0.0,0.0,0.0,0.0,0.0,0.0,0.0,0.0,0.0,0.0,0.0,0.0,0.0,0.0,0.0,0.0,0.0,0.0,0.0,0.0,0.0,0.0,0.0,0.0,0.0,0.0,0.0,0.0,0.0,0.0
x_R20_EXIT_D,0.0,0.0,0.0,0.0,0.0,0.0,0.0,0.0,0.0,0.0,0.0,0.0,0.0,0.0,0.0,0.0,0.0,0.0,0.0,0.0,0.0,0.0,0.0,0.0,0.0,0.0,0.0,0.0,0.0,0.0,0.0,0.0,0.0,0.0,0.0,0.0,0.0,0.0,0.0,0.0,0.0,0.0,0.0,0.0,0.0,0.0,0.0,0.0,0.0,0.0,0.0,0.0,0.0,0.0,0.0,0.0,0.0,0.0,0.0,0.0,0.0,0.0,0.0,0.0,0.0,0.0,0.0,0.0,0.0,0.0,0.0,0.0,0.0,0.0,0.0,0.0,0.0,0.0,0.0,0.0,0.0,0.0,0.0,0.0,0.0,0.0,0.0,0.0,0.0,0.0,0.0,0.0,0.0,0.0,0.0,0.0,0.0,0.0,0.0,0.0,0.0,0.0,0.0,0.0,0.0,0.0,0.0,0.0,0.0,0.0,0.0,0.0,0.0,0.0,0.0,0.0,0.0,0.0,0.0,0.0,0.0,0.0,0.0,0.0,0.0,0.0,0.0,0.0,0.0,0.0,0.0,0.0,0.0,0.0,0.0,0.0,0.0,0.0,0.0,0.0,0.0,0.0,0.0,0.0,0.8368588602235465,0.8368588602235465,0.8368588602235465,-0.8138751577580221,0.8368588602235465,0.8368588602235465,0.8368588602235465,0.8368588602235465,0.8368588602235465,0.0,0.0,0.0,0.0,0.0,0.0,0.0,0.0,0.0,0.0,0.0,0.0,0.0,0.0,0.0,0.0,0.0,0.0,0.0,0.0,0.0,0.0,0.0,0.0,0.0,0.0,0.0,0.0,0.0,0.0,0.0,0.0,0.0,0.0,0.0,0.0,0.0,0.0,0.0,0.0,0.0,0.0,0.0,0.0,0.0,0.0,0.0,0.0,0.0,0.0,0.0,0.0,0.0,0.0,0.0,0.0,0.0,0.0,0.0,0.0,0.0,0.0,0.0,0.0,0.0,0.0,0.0,0.0,0.0,0.0,0.0,0.0,0.0,0.0,0.0,0.0,0.0,0.0,0.0,0.0,0.0,0.0,0.0,0.0,0.0,0.0,0.0,0.0,0.0,0.0,0.0,0.0,0.0,0.0,0.0,0.0,0.0,0.0,0.0
x_R20_EXIT_E,0.0,0.0,0.0,0.0,0.0,0.0,0.0,0.0,0.0,0.0,0.0,0.0,0.0,0.0,0.0,0.0,0.0,0.0,0.0,0.0,0.0,0.0,0.0,0.0,0.0,0.0,0.0,0.0,0.0,0.0,0.0,0.0,0.0,0.0,0.0,0.0,0.0,0.0,0.0,0.0,0.0,0.0,0.0,0.0,0.0,0.0,0.0,0.0,0.0,0.0,0.0,0.0,0.0,0.0,0.0,0.0,0.0,0.0,0.0,0.0,0.0,0.0,0.0,0.0,0.0,0.0,0.0,0.0,0.0,0.0,0.0,0.0,0.0,0.0,0.0,0.0,0.0,0.0,0.0,0.0,0.0,0.0,0.0,0.0,0.0,0.0,0.0,0.0,0.0,0.0,0.0,0.0,0.0,0.0,0.0,0.0,0.0,0.0,0.0,0.0,0.0,0.0,0.0,0.0,0.0,0.0,0.0,0.0,0.0,0.0,0.0,0.0,0.0,0.0,0.0,0.0,0.0,0.0,0.0,0.0,0.0,0.0,0.0,0.0,0.0,0.0,0.0,0.0,0.0,0.0,0.0,0.0,0.0,0.0,0.0,0.0,0.0,0.0,0.0,0.0,0.0,0.0,0.0,0.0,0.8368588602235465,0.8368588602235465,0.8368588602235465,0.8368588602235465,-0.8213970967467391,0.8368588602235465,0.8368588602235465,0.8368588602235465,0.8368588602235465,0.0,0.0,0.0,0.0,0.0,0.0,0.0,0.0,0.0,0.0,0.0,0.0,0.0,0.0,0.0,0.0,0.0,0.0,0.0,0.0,0.0,0.0,0.0,0.0,0.0,0.0,0.0,0.0,0.0,0.0,0.0,0.0,0.0,0.0,0.0,0.0,0.0,0.0,0.0,0.0,0.0,0.0,0.0,0.0,0.0,0.0,0.0,0.0,0.0,0.0,0.0,0.0,0.0,0.0,0.0,0.0,0.0,0.0,0.0,0.0,0.0,0.0,0.0,0.0,0.0,0.0,0.0,0.0,0.0,0.0,0.0,0.0,0.0,0.0,0.0,0.0,0.0,0.0,0.0,0.0,0.0,0.0,0.0,0.0,0.0,0.0,0.0,0.0,0.0,0.0,0.0,0.0,0.0,0.0,0.0,0.0,0.0,0.0,0.0
x_R20_EXIT_F,0.0,0.0,0.0,0.0,0.0,0.0,0.0,0.0,0.0,0.0,0.0,0.0,0.0,0.0,0.0,0.0,0.0,0.0,0.0,0.0,0.0,0.0,0.0,0.0,0.0,0.0,0.0,0.0,0.0,0.0,0.0,0.0,0.0,0.0,0.0,0.0,0.0,0.0,0.0,0.0,0.0,0.0,0.0,0.0,0.0,0.0,0.0,0.0,0.0,0.0,0.0,0.0,0.0,0.0,0.0,0.0,0.0,0.0,0.0,0.0,0.0,0.0,0.0,0.0,0.0,0.0,0.0,0.0,0.0,0.0,0.0,0.0,0.0,0.0,0.0,0.0,0.0,0.0,0.0,0.0,0.0,0.0,0.0,0.0,0.0,0.0,0.0,0.0,0.0,0.0,0.0,0.0,0.0,0.0,0.0,0.0,0.0,0.0,0.0,0.0,0.0,0.0,0.0,0.0,0.0,0.0,0.0,0.0,0.0,0.0,0.0,0.0,0.0,0.0,0.0,0.0,0.0,0.0,0.0,0.0,0.0,0.0,0.0,0.0,0.0,0.0,0.0,0.0,0.0,0.0,0.0,0.0,0.0,0.0,0.0,0.0,0.0,0.0,0.0,0.0,0.0,0.0,0.0,0.0,0.8368588602235465,0.8368588602235465,0.8368588602235465,0.8368588602235465,0.8368588602235465,-0.8285011502360831,0.8368588602235465,0.8368588602235465,0.8368588602235465,0.0,0.0,0.0,0.0,0.0,0.0,0.0,0.0,0.0,0.0,0.0,0.0,0.0,0.0,0.0,0.0,0.0,0.0,0.0,0.0,0.0,0.0,0.0,0.0,0.0,0.0,0.0,0.0,0.0,0.0,0.0,0.0,0.0,0.0,0.0,0.0,0.0,0.0,0.0,0.0,0.0,0.0,0.0,0.0,0.0,0.0,0.0,0.0,0.0,0.0,0.0,0.0,0.0,0.0,0.0,0.0,0.0,0.0,0.0,0.0,0.0,0.0,0.0,0.0,0.0,0.0,0.0,0.0,0.0,0.0,0.0,0.0,0.0,0.0,0.0,0.0,0.0,0.0,0.0,0.0,0.0,0.0,0.0,0.0,0.0,0.0,0.0,0.0,0.0,0.0,0.0,0.0,0.0,0.0,0.0,0.0,0.0,0.0,0.0
x_R20_EXIT_G,0.0,0.0,0.0,0.0,0.0,0.0,0.0,0.0,0.0,0.0,0.0,0.0,0.0,0.0,0.0,0.0,0.0,0.0,0.0,0.0,0.0,0.0,0.0,0.0,0.0,0.0,0.0,0.0,0.0,0.0,0.0,0.0,0.0,0.0,0.0,0.0,0.0,0.0,0.0,0.0,0.0,0.0,0.0,0.0,0.0,0.0,0.0,0.0,0.0,0.0,0.0,0.0,0.0,0.0,0.0,0.0,0.0,0.0,0.0,0.0,0.0,0.0,0.0,0.0,0.0,0.0,0.0,0.0,0.0,0.0,0.0,0.0,0.0,0.0,0.0,0.0,0.0,0.0,0.0,0.0,0.0,0.0,0.0,0.0,0.0,0.0,0.0,0.0,0.0,0.0,0.0,0.0,0.0,0.0,0.0,0.0,0.0,0.0,0.0,0.0,0.0,0.0,0.0,0.0,0.0,0.0,0.0,0.0,0.0,0.0,0.0,0.0,0.0,0.0,0.0,0.0,0.0,0.0,0.0,0.0,0.0,0.0,0.0,0.0,0.0,0.0,0.0,0.0,0.0,0.0,0.0,0.0,0.0,0.0,0.0,0.0,0.0,0.0,0.0,0.0,0.0,0.0,0.0,0.0,0.8368588602235465,0.8368588602235465,0.8368588602235465,0.8368588602235465,0.8368588602235465,0.8368588602235465,-0.8205613257479928,0.8368588602235465,0.8368588602235465,0.0,0.0,0.0,0.0,0.0,0.0,0.0,0.0,0.0,0.0,0.0,0.0,0.0,0.0,0.0,0.0,0.0,0.0,0.0,0.0,0.0,0.0,0.0,0.0,0.0,0.0,0.0,0.0,0.0,0.0,0.0,0.0,0.0,0.0,0.0,0.0,0.0,0.0,0.0,0.0,0.0,0.0,0.0,0.0,0.0,0.0,0.0,0.0,0.0,0.0,0.0,0.0,0.0,0.0,0.0,0.0,0.0,0.0,0.0,0.0,0.0,0.0,0.0,0.0,0.0,0.0,0.0,0.0,0.0,0.0,0.0,0.0,0.0,0.0,0.0,0.0,0.0,0.0,0.0,0.0,0.0,0.0,0.0,0.0,0.0,0.0,0.0,0.0,0.0,0.0,0.0,0.0,0.0,0.0,0.0,0.0,0.0,0.0,0.0
x_R20_EXIT_H,0.0,0.0,0.0,0.0,0.0,0.0,0.0,0.0,0.0,0.0,0.0,0.0,0.0,0.0,0.0,0.0,0.0,0.0,0.0,0.0,0.0,0.0,0.0,0.0,0.0,0.0,0.0,0.0,0.0,0.0,0.0,0.0,0.0,0.0,0.0,0.0,0.0,0.0,0.0,0.0,0.0,0.0,0.0,0.0,0.0,0.0,0.0,0.0,0.0,0.0,0.0,0.0,0.0,0.0,0.0,0.0,0.0,0.0,0.0,0.0,0.0,0.0,0.0,0.0,0.0,0.0,0.0,0.0,0.0,0.0,0.0,0.0,0.0,0.0,0.0,0.0,0.0,0.0,0.0,0.0,0.0,0.0,0.0,0.0,0.0,0.0,0.0,0.0,0.0,0.0,0.0,0.0,0.0,0.0,0.0,0.0,0.0,0.0,0.0,0.0,0.0,0.0,0.0,0.0,0.0,0.0,0.0,0.0,0.0,0.0,0.0,0.0,0.0,0.0,0.0,0.0,0.0,0.0,0.0,0.0,0.0,0.0,0.0,0.0,0.0,0.0,0.0,0.0,0.0,0.0,0.0,0.0,0.0,0.0,0.0,0.0,0.0,0.0,0.0,0.0,0.0,0.0,0.0,0.0,0.8368588602235465,0.8368588602235465,0.8368588602235465,0.8368588602235465,0.8368588602235465,0.8368588602235465,0.8368588602235465,-0.8138751577580221,0.8368588602235465,0.0,0.0,0.0,0.0,0.0,0.0,0.0,0.0,0.0,0.0,0.0,0.0,0.0,0.0,0.0,0.0,0.0,0.0,0.0,0.0,0.0,0.0,0.0,0.0,0.0,0.0,0.0,0.0,0.0,0.0,0.0,0.0,0.0,0.0,0.0,0.0,0.0,0.0,0.0,0.0,0.0,0.0,0.0,0.0,0.0,0.0,0.0,0.0,0.0,0.0,0.0,0.0,0.0,0.0,0.0,0.0,0.0,0.0,0.0,0.0,0.0,0.0,0.0,0.0,0.0,0.0,0.0,0.0,0.0,0.0,0.0,0.0,0.0,0.0,0.0,0.0,0.0,0.0,0.0,0.0,0.0,0.0,0.0,0.0,0.0,0.0,0.0,0.0,0.0,0.0,0.0,0.0,0.0,0.0,0.0,0.0,0.0,0.0,0.0
x_R20_EXIT_STAIRWELL,0.0,0.0,0.0,0.0,0.0,0.0,0.0,0.0,0.0,0.0,0.0,0.0,0.0,0.0,0.0,0.0,0.0,0.0,0.0,0.0,0.0,0.0,0.0,0.0,0.0,0.0,0.0,0.0,0.0,0.0,0.0,0.0,0.0,0.0,0.0,0.0,0.0,0.0,0.0,0.0,0.0,0.0,0.0,0.0,0.0,0.0,0.0,0.0,0.0,0.0,0.0,0.0,0.0,0.0,0.0,0.0,0.0,0.0,0.0,0.0,0.0,0.0,0.0,0.0,0.0,0.0,0.0,0.0,0.0,0.0,0.0,0.0,0.0,0.0,0.0,0.0,0.0,0.0,0.0,0.0,0.0,0.0,0.0,0.0,0.0,0.0,0.0,0.0,0.0,0.0,0.0,0.0,0.0,0.0,0.0,0.0,0.0,0.0,0.0,0.0,0.0,0.0,0.0,0.0,0.0,0.0,0.0,0.0,0.0,0.0,0.0,0.0,0.0,0.0,0.0,0.0,0.0,0.0,0.0,0.0,0.0,0.0,0.0,0.0,0.0,0.0,0.0,0.0,0.0,0.0,0.0,0.0,0.0,0.0,0.0,0.0,0.0,0.0,0.0,0.0,0.0,0.0,0.0,0.0,0.8368588602235465,0.8368588602235465,0.8368588602235465,0.8368588602235465,0.8368588602235465,0.8368588602235465,0.8368588602235465,0.8368588602235465,-0.8364409747241733,0.0,0.0,0.0,0.0,0.0,0.0,0.0,0.0,0.0,0.0,0.0,0.0,0.0,0.0,0.0,0.0,0.0,0.0,0.0,0.0,0.0,0.0,0.0,0.0,0.0,0.0,0.0,0.0,0.0,0.0,0.0,0.0,0.0,0.0,0.0,0.0,0.0,0.0,0.0,0.0,0.0,0.0,0.0,0.0,0.0,0.0,0.0,0.0,0.0,0.0,0.0,0.0,0.0,0.0,0.0,0.0,0.0,0.0,0.0,0.0,0.0,0.0,0.0,0.0,0.0,0.0,0.0,0.0,0.0,0.0,0.0,0.0,0.0,0.0,0.0,0.0,0.0,0.0,0.0,0.0,0.0,0.0,0.0,0.0,0.0,0.0,0.0,0.0,0.0,0.0,0.0,0.0,0.0,0.0,0.0,0.0,0.0,0.0,0.0
x_R24_EXIT_A,0.00010646199212191492,0.0005896356486752211,0.0005896356486752211,0.0011792712973504422,0.0016214980338568584,0.0016214980338568584,0.0016214980338568584,0.00022111336825320795,0.0016214980338568584,0.00010646199212191492,0.0005896356486752211,0.0005896356486752211,0.0011792712973504422,0.0016214980338568584,0.0016214980338568584,0.0016214980338568584,0.00022111336825320795,0.0016214980338568584,0.000696097640797136,0.0,0.0,0.0,0.00010646199212191493,0.00021292398424382986,0.00018016644820631757,0.0006633401047596236,0.00021292398424382986,0.000696097640797136,0.0,0.0,0.0,0.00010646199212191493,0.00021292398424382986,0.00018016644820631757,0.0006633401047596236,0.00021292398424382986,0.000696097640797136,0.0,0.0,0.0,0.0,0.00010646199212191492,0.00018016644820631757,0.0006633401047596236,0.00010646199212191492,0.000696097640797136,0.0,0.0,0.0,0.0,0.00010646199212191492,0.00018016644820631757,0.0006633401047596236,0.00010646199212191492,0.000696097640797136,0.0,0.0,0.0,0.0,0.00010646199212191492,0.00018016644820631757,0.0006633401047596236,0.00010646199212191492,0.0003275753603751229,0.0003685222804220132,0.0003685222804220132,7.370445608440265e-05,0.0003685222804220132,0.0003685222804220132,0.0003685222804220132,0.0,0.0003685222804220132,0.0003275753603751229,0.0003685222804220132,0.0003685222804220132,7.370445608440265e-05,0.0003685222804220132,0.0003685222804220132,0.0003685222804220132,0.0,0.0003685222804220132,0.000696097640797136,0.0,0.0,0.0,0.0,0.00010646199212191492,0.0002866284403282325,7.370445608440265e-05,0.00010646199212191492,0.000696097640797136,0.0,0.0,0.0,0.0,0.00010646199212191492,0.00018016644820631757,0.0006633401047596236,0.00010646199212191492,0.0018344220181006874,0.0,0.0,0.0,0.00021292398424382986,0.00042584796848765973,0.00036033289641263514,0.0001474089121688053,0.00042584796848765973,0.0003275753603751229,0.0006633401047596236,0.0006633401047596236,7.370445608440265e-05,0.0003685222804220132,0.0003685222804220132,0.0003685222804220132,0.0,0.0003685222804220132,0.0003275753603751229,0.0006633401047596236,0.0006633401047596236,7.370445608440265e-05,0.0003685222804220132,0.0003685222804220132,0.0003685222804220132,0.0,0.0003685222804220132,0.000348048820398568,0.0,0.0,0.0,0.0,5.323099606095746e-05,0.00014331422016411626,0.0,5.323099606095746e-05,0.000696097640797136,0.0,0.0,0.0,0.0,0.00010646199212191492,0.0002866284403282325,7.370445608440265e-05,0.00010646199212191492,0.0,0.0,0.0,0.0,0.0,0.0,0.0,0.0,0.0,-0.7990269071133367,0.8386973769336519,0.8368588602235465,0.8368588602235465,0.8382060138930892,0.8382715289651642,0.8382715289651642,0.8397947543909086,0.8382715289651642,0.000696097640797136,0.0,0.0,0.0,0.0,0.00010646199212191492,0.0002866284403282325,7.370445608440265e-05,0.00010646199212191492,0.0017279600259787733,0.00018016644820631757,0.00018016644820631757,0.0002866284403282325,0.0,0.0,0.0,0.0003685222804220132,0.0,0.0017279600259787733,0.00018016644820631757,0.00018016644820631757,0.0002866284403282325,0.0,0.0,0.0,0.0003685222804220132,0.0,0.0017279600259787733,0.00018016644820631757,0.00018016644820631757,0.0002866284403282325,0.0,0.0,0.0,0.0003685222804220132,0.0,0.0017279600259787733,0.00018016644820631757,0.0,0.0,0.0,0.0,0.0,0.0003685222804220132,0.0,0.0017279600259787733,0.00021292398424382986,0.0,0.0,0.0,0.0,0.0,0.0003685222804220132,0.0,0.0017279600259787733,0.00021292398424382986,0.0,0.0,0.0,0.0,0.0,0.0003685222804220132,0.0,0.0017279600259787733,0.00021292398424382986,0.0,0.0,0.0,0.0,0.0,0.0003685222804220132,0.0,0.0003275753603751229,0.0003685222804220132,0.0003685222804220132,0.000958157929097234,0.0014003846656036503,0.0014003846656036503,0.0014003846656036503,0.0,0.0014003846656036503,0.007534233288627827,0.004053745084642144,0.0009008322410315878,0.0014331422016411624,0.0,0.0,0.0,0.0007370445608440263,0.0
x_R24_EXIT_B,0.0,0.00032757536037512284,0.0,0.0,0.0,0.0,0.0,0.0,0.0,0.0,0.00032757536037512284,0.0,0.0,0.0,0.0,0.0,0.0,0.0,0.00022111336825320795,0.00010646199212191492,0.00022111336825320795,0.00022111336825320795,0.0020063990822976273,0.0021128610744195423,0.0018999370901757126,0.00022111336825320795,0.0021128610744195423,0.00022111336825320795,0.00010646199212191492,0.00022111336825320795,0.00022111336825320795,0.0020063990822976273,0.0021128610744195423,0.0018999370901757126,0.00022111336825320795,0.0021128610744195423,0.0,0.00032757536037512284,0.0,0.0,0.0,0.00010646199212191492,0.0005896356486752212,0.0,0.00010646199212191492,0.0,0.00032757536037512284,0.0,0.0,0.0,0.00010646199212191492,0.0005896356486752212,0.0,0.00010646199212191492,0.0,0.00032757536037512284,0.0,0.0,0.0,0.00010646199212191492,0.0005896356486752212,0.0,0.00010646199212191492,0.0,0.00032757536037512284,0.0,0.0,0.0,0.0,0.0,0.0,0.0,0.0,0.00032757536037512284,0.0,0.0,0.0,0.0,0.0,0.0,0.0,0.0,0.00032757536037512284,0.0,0.0,0.0,0.00010646199212191492,0.00010646199212191493,0.0,0.00010646199212191492,0.0,0.00032757536037512284,0.0,0.0,0.0,0.00010646199212191492,0.0005896356486752212,0.0,0.00010646199212191492,0.0,0.0022602699865883476,0.0,0.0,0.0013921952815942724,0.001605119265838102,0.0011792712973504424,0.0,0.001605119265838102,0.0,0.00032757536037512284,0.0,0.0,0.0,0.0,0.0,0.0,0.0,0.0,0.00032757536037512284,0.0,0.0,0.0,0.0,0.0,0.0,0.0,0.0,0.00016378768018756142,0.0,0.0,0.0,5.323099606095746e-05,5.3230996060957466e-05,0.0,5.323099606095746e-05,0.0,0.00032757536037512284,0.0,0.0,0.0,0.00010646199212191492,0.00010646199212191493,0.0,0.00010646199212191492,0.0,0.0,0.0,0.0,0.0,0.0,0.0,0.0,0.0,0.8386973769336519,-0.8059344153864556,0.8368588602235465,0.8368588602235465,0.8382060138930892,0.8382715289651642,0.8382715289651642,0.8386973769336519,0.8382715289651642,0.0,0.00032757536037512284,0.0,0.0,0.0,0.00010646199212191492,0.00010646199212191493,0.0,0.00010646199212191492,0.0,0.0020063990822976273,0.0005896356486752212,0.00010646199212191493,0.0,0.0,0.0,0.0,0.0,0.0,0.0020063990822976273,0.0005896356486752212,0.00010646199212191493,0.0,0.0,0.0,0.0,0.0,0.0,0.0020063990822976273,0.0005896356486752212,0.00010646199212191493,0.0,0.0,0.0,0.0,0.0,0.0,0.0020063990822976273,0.0,0.0,0.0,0.0,0.0,0.0,0.0,0.0,0.0022193230665414573,0.0,0.0,0.0,0.0,0.0,0.0,0.0,0.0,0.0022193230665414573,0.0,0.0,0.0,0.0,0.0,0.0,0.0,0.0,0.0022193230665414573,0.0,0.0,0.0,0.0,0.0,0.0,0.0,0.0,0.00032757536037512284,0.0,0.0,0.0,0.0,0.0,0.0,0.0,0.0,0.001637876801875614,0.0029481782433761054,0.0005323099606095745,0.0,0.0,0.0,0.0,0.0
x_R24_EXIT_C,0.0,0.0,0.00032757536037512284,7.370445608440265e-05,0.0,0.0,0.0,0.0,0.0,0.0,0.0,0.00032757536037512284,7.370445608440265e-05,0.0,0.0,0.0,0.0,0.0,0.0,0.0,0.00032757536037512284,0.000581446264665843,0.0,0.0,0.0,0.0,0.0,0.0,0.0,0.00032757536037512284,0.000581446264665843,0.0,0.0,0.0,0.0,0.0,0.00022111336825320795,0.00022111336825320795,0.00010646199212191492,0.0008025596329190507,0.000949968545087856,0.000949968545087856,0.0007288551768346481,0.00022111336825320795,0.000949968545087856,0.00022111336825320795,0.00022111336825320795,0.00010646199212191492,0.0008025596329190507,0.000949968545087856,0.000949968545087856,0.0007288551768346481,0.00022111336825320795,0.000949968545087856,0.0,0.0,0.00032757536037512284,0.0,0.0007288551768346481,0.0007288551768346481,0.0005077418085814403,0.0,0.0007288551768346481,0.0,0.0,0.00032757536037512284,7.370445608440265e-05,0.0,0.0,0.0,0.0,0.0,0.0,0.0,0.00032757536037512284,7.370445608440265e-05,0.0,0.0,0.0,0.0,0.0,0.0,0.0,0.00032757536037512284,0.0,0.0001474089121688053,0.0001474089121688053,0.0001474089121688053,7.370445608440265e-05,0.0001474089121688053,0.0,0.0,0.00032757536037512284,0.0,0.0007288551768346481,0.0007288551768346481,0.0005077418085814403,0.0,0.0007288551768346481,0.0,0.0,0.0010154836171628807,0.0001474089121688053,0.0,0.0,0.0,0.0,0.0,0.0,0.0,0.00032757536037512284,7.370445608440265e-05,0.0,0.0,0.0,0.0,0.0,0.0,0.0,0.00032757536037512284,7.370445608440265e-05,0.0,0.0,0.0,0.0,0.0,0.0,0.0,0.00016378768018756142,0.0,7.370445608440265e-05,7.370445608440265e-05,7.370445608440265e-05,0.0,7.370445608440265e-05,0.0,0.0,0.00032757536037512284,0.0,0.0001474089121688053,0.0001474089121688053,0.0001474089121688053,7.370445608440265e-05,0.0001474089121688053,0.0,0.0,0.0,0.0,0.0,0.0,0.0,0.0,0.0,0.8368588602235465,0.8368588602235465,-0.8137582270090452,0.8385008317174268,0.8368588602235465,0.8368588602235465,0.8368588602235465,0.8368588602235465,0.8368588602235465,0.000581446264665843,0.000581446264665843,0.0009090216250409656,0.0,0.0001474089121688053,0.0001474089121688053,0.0001474089121688053,7.370445608440265e-05,0.0001474089121688053,0.0,0.0,0.0005077418085814403,0.0001474089121688053,0.0,0.0,0.0,0.0,0.0,0.0,0.0,0.0005077418085814403,0.0001474089121688053,0.0,0.0,0.0,0.0,0.0,0.0,0.0,0.0005077418085814403,0.0001474089121688053,0.0,0.0,0.0,0.0,0.0,0.0,0.0,0.001056430537209771,0.0001474089121688053,0.0,0.0,0.0,0.0,0.0,0.0,0.0,0.001056430537209771,0.0001474089121688053,0.0,0.0,0.0,0.0,0.0,0.0,0.0,0.001056430537209771,0.0001474089121688053,0.0,0.0,0.0,0.0,0.0,0.0,0.0,0.001056430537209771,0.0001474089121688053,0.0,0.0,0.0,0.0,0.0,0.0,0.0,0.00032757536037512284,7.370445608440265e-05,0.0,0.0,0.0,0.0,0.0,0.0,0.0,0.0025387090429072013,0.0007370445608440263,0.0,0.0,0.0,0.0,0.0
x_R24_EXIT_D,0.0,0.0,0.0,0.0006223931847127334,0.0,0.0,0.0,0.0,0.0,0.0,0.0,0.0,0.0006223931847127334,0.0,0.0,0.0,0.0,0.0,0.0,0.0,0.0,0.0006223931847127334,0.0,0.0,0.0,0.0,0.0,0.0,0.0,0.0,0.0006223931847127334,0.0,0.0,0.0,0.0,0.0,0.0,0.0,0.0,0.0006223931847127334,0.0001474089121688053,0.0001474089121688053,0.0,0.0,0.0001474089121688053,0.0,0.0,0.0,0.0006223931847127334,0.0001474089121688053,0.0001474089121688053,0.0,0.0,0.0001474089121688053,0.0,0.0,0.0,0.0003275753603751229,0.0001474089121688053,0.0001474089121688053,0.0,0.0,0.0001474089121688053,0.0,0.0,0.0,0.0006223931847127334,0.0,0.0,0.0,0.0,0.0,0.0,0.0,0.0,0.0006223931847127334,0.0,0.0,0.0,0.0,0.0,0.0,0.0,0.0,0.0003275753603751229,0.0004422267365064159,0.0004422267365064159,0.0004422267365064159,0.0002948178243376106,0.0004422267365064159,0.0,0.0,0.0,0.0003275753603751229,0.0001474089121688053,0.0001474089121688053,0.0,0.0,0.0001474089121688053,0.0,0.0,0.0,0.001244786369425467,0.0,0.0,0.0,0.0,0.0,0.0,0.0,0.0,0.0006223931847127334,0.0,0.0,0.0,0.0,0.0,0.0,0.0,0.0,0.0006223931847127334,0.0,0.0,0.0,0.0,0.0,0.0,0.0,0.0,0.00016378768018756145,0.00022111336825320795,0.00022111336825320795,0.00022111336825320795,0.0001474089121688053,0.00022111336825320795,0.0,0.0,0.0,0.0003275753603751229,0.0004422267365064159,0.0004422267365064159,0.0004422267365064159,0.0002948178243376106,0.0004422267365064159,0.0,0.0,0.0,0.0,0.0,0.0,0.0,0.0,0.0,0.8368588602235465,0.8368588602235465,0.8385008317174268,-0.8193461098821797,0.8368588602235465,0.8368588602235465,0.8368588602235465,0.8368588602235465,0.8368588602235465,0.0005159311925908185,0.0005159311925908185,0.0005159311925908185,0.00010646199212191493,0.0006633401047596238,0.0006633401047596238,0.0006633401047596238,0.0005159311925908185,0.0006633401047596238,0.0,0.0,0.0,0.0007698020968815388,0.0,0.0,0.0,0.0,0.0,0.0,0.0,0.0,0.0007698020968815388,0.0,0.0,0.0,0.0,0.0,0.0,0.0,0.0,0.0007698020968815388,0.0,0.0,0.0,0.0,0.0,0.0,0.0,0.0001474089121688053,0.0007698020968815388,0.0,0.0,0.0,0.0,0.0,0.0,0.0,0.0001474089121688053,0.0007698020968815388,0.0,0.0,0.0,0.0,0.0,0.0,0.0,0.0001474089121688053,0.0007698020968815388,0.0,0.0,0.0,0.0,0.0,0.0,0.0,0.0001474089121688053,0.0007698020968815388,0.0,0.0,0.0,0.0,0.0,0.0,0.0,0.0,0.0006223931847127334,0.0,0.0,0.0,0.0,0.0,0.0,0.0,0.0,0.0038490104844076923,0.0,0.0,0.0,0.0,0.0
x_R24_EXIT_E,0.0,0.0,0.0,0.0,0.0015723617298005895,0.0,0.0,0.0,0.0,0.0,0.0,0.0,0.0,0.0015723617298005895,0.0,0.0,0.0,0.0,0.0,0.0,0.0,0.0,0.0018671795541382002,0.0,0.0,0.0,0.0,0.0,0.0,0.0,0.0,0.0018671795541382002,0.0,0.0,0.0,0.0,0.0,0.0,0.0,0.0,0.0018671795541382002,0.0,0.0,0.0,0.0,0.0,0.0,0.0,0.0,0.0018671795541382002,0.0,0.0,0.0,0.0,0.0,0.0,0.0,0.0,0.0018671795541382002,0.0,0.0,0.0,0.0,0.0,0.0,0.0,0.0,0.0015723617298005895,0.0,0.0,0.0,0.0,0.0,0.0,0.0,0.0,0.0015723617298005895,0.0,0.0,0.0,0.0,0.0,0.0,0.0,0.0,0.0018671795541382002,0.0,0.0,0.0,0.0,0.0,0.0,0.0,0.0,0.0018671795541382002,0.0,0.0,0.0,0.0,0.0,0.0,0.0,0.0,0.0037343591082764005,0.0,0.0,0.0,0.0,0.0,0.0,0.0,0.0,0.0015723617298005895,0.0,0.0,0.0,0.0,0.0,0.0,0.0,0.0,0.0015723617298005895,0.0,0.0,0.0,0.0,0.0,0.0,0.0,0.0,0.0009335897770691001,0.0,0.0,0.0,0.0,0.0,0.0,0.0,0.0,0.0018671795541382002,0.0,0.0,0.0,0.0,0.0,0.0,0.0,0.0,0.0,0.0,0.0,0.0,0.0,0.8382060138930892,0.8382060138930892,0.8368588602235465,0.8368588602235465,-0.8146440419714274,0.8382060138930892,0.8382060138930892,0.8382060138930892,0.8382060138930892,0.0,0.0,0.0,0.0,0.0018671795541382002,0.0,0.0,0.0,0.0,0.0,0.0,0.0,0.0,0.0015723617298005895,0.0,0.0,0.0,0.0,0.0,0.0,0.0,0.0,0.0015723617298005895,0.0,0.0,0.0,0.0,0.0,0.0,0.0,0.0,0.0015723617298005895,0.0,0.0,0.0,0.0,0.0,0.0,0.0001474089121688053,0.0001474089121688053,0.0015723617298005895,0.0,0.0,0.0,0.0,0.0,0.0,0.0001474089121688053,0.0001474089121688053,0.0015723617298005895,0.0,0.0,0.0,0.0,0.0008107490169284291,0.0008107490169284291,0.0009581579290972342,0.0009581579290972342,0.0006960976407971362,0.0008107490169284291,0.0008107490169284291,0.0008107490169284291,0.0008107490169284291,0.00022111336825320795,0.00022111336825320795,0.0003685222804220132,0.0003685222804220132,0.00010646199212191492,0.00022111336825320795,0.00022111336825320795,0.00022111336825320795,0.00022111336825320795,0.0,0.0,0.0,0.0,0.0015723617298005895,0.0,0.0,0.0,0.0,0.0,0.0,0.0,0.0,0.007861808649002947,0.0,0.0,0.0,0.0
x_R24_EXIT_F,0.0,0.0,0.0,0.0,0.0,0.0003275753603751229,0.0,0.0,0.0,0.0,0.0,0.0,0.0,0.0,0.0003275753603751229,0.0,0.0,0.0,0.0,0.0,0.0,0.0,0.0,0.0005814462646658431,0.0,0.0,0.00018016644820631754,0.0,0.0,0.0,0.0,0.0,0.0005814462646658431,0.0,0.0,0.00018016644820631754,0.0,0.0,0.0,0.0,0.0,0.0005814462646658431,0.0,0.0,0.00018016644820631754,0.0,0.0,0.0,0.0,0.0,0.0005814462646658431,0.0,0.0,0.00018016644820631754,0.0,0.0,0.0,0.0,0.0,0.0005814462646658431,0.0,0.0,0.00018016644820631754,0.0,0.0,0.0,0.0,0.0,0.0003275753603751229,0.0,0.0,0.0,0.0,0.0,0.0,0.0,0.0,0.0003275753603751229,0.0,0.0,0.0,0.0,0.0,0.0,0.0,0.0,0.0005814462646658431,0.0,0.0,0.00018016644820631754,0.0,0.0,0.0,0.0,0.0,0.0005814462646658431,0.0,0.0,0.00018016644820631754,0.0,0.0,0.0,0.0,0.0,0.0011628925293316861,0.0,0.0,0.0003603328964126351,0.0,0.0,0.0,0.0,0.0,0.0003275753603751229,0.0,0.0,0.0,0.0,0.0,0.0,0.0,0.0,0.0003275753603751229,0.0,0.0,0.0,0.0,0.0,0.0,0.0,0.0,0.00029072313233292153,0.0,0.0,9.008322410315877e-05,0.0,0.0,0.0,0.0,0.0,0.0005814462646658431,0.0,0.0,0.00018016644820631754,0.0,0.0,0.0,0.0,0.0,0.0,0.0,0.0,0.0,0.8382715289651642,0.8382715289651642,0.8368588602235465,0.8368588602235465,0.8382060138930892,-0.8209109629726556,0.8386318618615769,0.8382715289651642,0.8386318618615769,0.0,0.0,0.0,0.0,0.0,0.0005814462646658431,0.0,0.0,0.00018016644820631754,0.0,0.0,0.0,0.0,0.0,0.0003275753603751229,0.0,0.0,0.0,0.0,0.0,0.0,0.0,0.0,0.0003275753603751229,0.0,0.0,0.0,0.0,0.0,0.0,0.0,0.0,0.0003275753603751229,0.0,0.0,0.0,0.0,0.0,7.370445608440265e-05,7.370445608440265e-05,0.0,0.00010646199212191492,0.0,0.0,0.0,0.00022111336825320795,0.00010646199212191492,0.0,0.0,0.0,0.00010646199212191492,0.00022111336825320795,0.00022111336825320795,0.00022111336825320795,0.0,0.00010646199212191492,0.0,0.0,0.0,0.0003275753603751229,0.0,0.0,0.0,0.0,0.00010646199212191492,0.0,0.0,0.0,0.0003275753603751229,0.0,0.0,0.0,0.0,0.0,0.0,0.0,0.0,0.0003275753603751229,0.0,0.0,0.0,0.0,0.0,0.0,0.0,0.0,0.0016378768018756142,0.0,0.0,0.0
x_R24_EXIT_G,0.0,0.0,0.0,0.0,7.370445608440265e-05,7.370445608440265e-05,0.0017197706419693952,0.0,0.00010646199212191492,0.0,0.0,0.0,0.0,7.370445608440265e-05,7.370445608440265e-05,0.0017197706419693952,0.0,0.00010646199212191492,0.0,0.0,0.0,0.0,0.0,0.00018016644820631754,0.0017197706419693952,0.0,0.00021292398424382984,0.0,0.0,0.0,0.0,0.0,0.00018016644820631754,0.0017197706419693952,0.0,0.00021292398424382984,0.0,0.0,0.0,0.0,0.0,0.00018016644820631754,0.0017197706419693952,0.0,0.00021292398424382984,0.0,0.0,0.0,0.0,0.0,0.00018016644820631754,0.0017197706419693952,0.0,0.00021292398424382984,0.0,0.0,0.0,0.0,0.0,0.00018016644820631754,0.0017197706419693952,0.0,0.00021292398424382984,0.0,0.0,0.0,0.0,7.370445608440265e-05,7.370445608440265e-05,0.0017197706419693952,0.0,0.00010646199212191492,0.0,0.0,0.0,0.0,7.370445608440265e-05,7.370445608440265e-05,0.0017197706419693952,0.0,0.00010646199212191492,0.0,0.0,0.0,0.0,0.0,0.00018016644820631754,0.0017197706419693952,0.0,0.00021292398424382984,0.0,0.0,0.0,0.0,0.0,0.00018016644820631754,0.0017197706419693952,0.0,0.00021292398424382984,0.0,0.0,0.0,0.0,0.0,0.0003603328964126351,0.0034395412839387904,0.0,0.0004258479684876597,0.0,0.0,0.0,0.0,7.370445608440265e-05,7.370445608440265e-05,0.0017197706419693952,0.0,0.00010646199212191492,0.0,0.0,0.0,0.0,7.370445608440265e-05,7.370445608440265e-05,0.0017197706419693952,0.0,0.00010646199212191492,0.0,0.0,0.0,0.0,0.0,9.008322410315877e-05,0.0008598853209846976,0.0,0.00010646199212191492,0.0,0.0,0.0,0.0,0.0,0.00018016644820631754,0.0017197706419693952,0.0,0.00021292398424382984,0.0,0.0,0.0,0.0,0.0,0.0,0.0,0.0,0.0,0.8382715289651642,0.8382715289651642,0.8368588602235465,0.8368588602235465,0.8382060138930892,0.8386318618615769,-0.8081712517954902,0.8382715289651642,0.8386973769336519,0.0,0.0,0.0,0.0,0.0,0.00018016644820631754,0.0017197706419693952,0.0,0.00021292398424382984,0.0016133086498474804,0.0016133086498474804,0.0016133086498474804,0.0016133086498474804,0.001687013105931883,0.001687013105931883,0.00010646199212191492,0.0016133086498474804,0.0017197706419693952,0.0009581579290972342,0.0009581579290972342,0.0009581579290972342,0.0009581579290972342,0.001031862385181637,0.001031862385181637,0.0006960976407971361,0.0009581579290972342,0.001064619921219149,7.370445608440265e-05,7.370445608440265e-05,7.370445608440265e-05,7.370445608440265e-05,0.0001474089121688053,0.0001474089121688053,0.0016460661858849926,7.370445608440265e-05,0.00018016644820631757,7.370445608440265e-05,7.370445608440265e-05,0.00013921952815942721,0.00013921952815942721,0.0,0.0,0.0017934750980537978,7.370445608440265e-05,0.0,7.370445608440265e-05,0.00010646199212191492,0.0,0.0,0.0,0.0,0.0017934750980537978,7.370445608440265e-05,0.0,7.370445608440265e-05,0.00010646199212191492,0.0,0.0,0.0,0.0,0.0017934750980537978,7.370445608440265e-05,0.0,7.370445608440265e-05,0.00010646199212191492,0.0,0.0,0.0,0.0,0.0017934750980537978,7.370445608440265e-05,0.0,0.0,0.0,0.0,0.0,7.370445608440265e-05,7.370445608440265e-05,0.0017197706419693952,0.0,0.00010646199212191492,0.0,0.0,0.0,0.0,0.00036852228042201317,0.00036852228042201317,0.008598853209846975,0.0,0.0005323099606095746
x_R24_EXIT_H,0.0,0.0,0.0,0.0,0.0003685222804220132,0.0003685222804220132,0.0003685222804220132,0.00032757536037512284,0.0003685222804220132,0.0,0.0,0.0,0.0,0.0003685222804220132,0.0003685222804220132,0.0003685222804220132,0.00032757536037512284,0.0003685222804220132,0.0,0.0,0.0,0.0,0.00010646199212191493,0.00021292398424382986,0.00018016644820631757,0.0006960976407971361,0.00021292398424382986,0.0,0.0,0.0,0.0,0.00010646199212191493,0.00021292398424382986,0.00018016644820631757,0.0006960976407971361,0.00021292398424382986,0.0,0.0,0.0,0.0,0.0,0.00010646199212191492,0.00018016644820631757,0.0006960976407971361,0.00010646199212191492,0.0,0.0,0.0,0.0,0.0,0.00010646199212191492,0.00018016644820631757,0.0006960976407971361,0.00010646199212191492,0.0,0.0,0.0,0.0,0.0,0.00010646199212191492,0.00018016644820631757,0.0006960976407971361,0.00010646199212191492,0.0,0.0,0.0,0.0003685222804220132,0.0007370445608440263,0.0007370445608440263,0.0007370445608440263,0.00032757536037512284,0.0007370445608440263,0.0,0.0,0.0,0.0003685222804220132,0.0007370445608440263,0.0007370445608440263,0.0007370445608440263,0.00032757536037512284,0.0007370445608440263,0.0,0.0,0.0,0.0,0.0,0.00010646199212191492,0.0002866284403282325,0.0006960976407971361,0.00010646199212191492,0.0,0.0,0.0,0.0,0.0,0.00010646199212191492,0.00018016644820631757,0.0006960976407971361,0.00010646199212191492,0.0,0.0,0.0,0.0,0.00021292398424382986,0.00042584796848765973,0.00036033289641263514,0.0013921952815942721,0.00042584796848765973,0.0,0.0003685222804220132,0.0003685222804220132,0.0003685222804220132,0.0007370445608440263,0.0007370445608440263,0.0007370445608440263,0.00032757536037512284,0.0007370445608440263,0.0,0.0003685222804220132,0.0003685222804220132,0.0003685222804220132,0.0007370445608440263,0.0007370445608440263,0.0007370445608440263,0.00032757536037512284,0.0007370445608440263,0.0,0.0,0.0,0.0,0.0,5.323099606095746e-05,0.00014331422016411626,0.00034804882039856803,5.323099606095746e-05,0.0,0.0,0.0,0.0,0.0,0.00010646199212191492,0.0002866284403282325,0.0006960976407971361,0.00010646199212191492,0.0,0.0,0.0,0.0,0.0,0.0,0.0,0.0,0.0,0.8397947543909086,0.8386973769336519,0.8368588602235465,0.8368588602235465,0.8382060138930892,0.8382715289651642,0.8382715289651642,-0.8087112973103194,0.8382715289651642,0.0,0.0,0.0,0.0,0.0,0.00010646199212191492,0.0002866284403282325,0.0006960976407971361,0.00010646199212191492,0.0003685222804220132,0.00018016644820631757,0.00018016644820631757,0.0002866284403282325,0.0,0.0,0.0,0.0010646199212191493,0.0,0.0003685222804220132,0.00018016644820631757,0.00018016644820631757,0.0002866284403282325,0.0,0.0,0.0,0.0010646199212191493,0.0,0.0003685222804220132,0.00018016644820631757,0.00018016644820631757,0.0002866284403282325,0.0,0.0,0.0,0.0010646199212191493,0.0,0.0003685222804220132,0.00018016644820631757,0.0,0.0,0.0,0.0,0.0,0.0010646199212191493,0.0,0.0003685222804220132,0.00021292398424382986,0.0,0.0,0.0,0.0,0.0,0.0010646199212191493,0.0,0.0003685222804220132,0.00021292398424382986,0.0,0.0,0.0,0.0,0.0,0.0010646199212191493,0.0,0.0003685222804220132,0.00021292398424382986,0.0,0.0,0.0,0.0,0.0,0.0010646199212191493,0.0,0.0,0.0,0.0,0.0,0.0003685222804220132,0.0003685222804220132,0.0003685222804220132,0.00032757536037512284,0.0003685222804220132,0.0007370445608440263,0.0007370445608440263,0.0009008322410315878,0.0014331422016411624,0.0,0.0,0.0,0.004217532764829706,0.0
x_R24_EXIT_STAIRWELL,0.0,0.0,0.0,0.0,0.0,0.0,0.0,0.0,0.0003275753603751229,0.0,0.0,0.0,0.0,0.0,0.0,0.0,0.0,0.0003275753603751229,0.0,0.0,0.0,0.0,0.0,0.00018016644820631754,0.0,0.0,0.0005404993446189528,0.0,0.0,0.0,0.0,0.0,0.00018016644820631754,0.0,0.0,0.0005404993446189528,0.0,0.0,0.0,0.0,0.0,0.00018016644820631754,0.0,0.0,0.0005404993446189528,0.0,0.0,0.0,0.0,0.0,0.00018016644820631754,0.0,0.0,0.0005404993446189528,0.0,0.0,0.0,0.0,0.0,0.00018016644820631754,0.0,0.0,0.0005404993446189528,0.0,0.0,0.0,0.0,0.0,0.0,0.0,0.0,0.0003275753603751229,0.0,0.0,0.0,0.0,0.0,0.0,0.0,0.0,0.0003275753603751229,0.0,0.0,0.0,0.0,0.0,0.00018016644820631754,0.0,0.0,0.0005404993446189528,0.0,0.0,0.0,0.0,0.0,0.00018016644820631754,0.0,0.0,0.0005404993446189528,0.0,0.0,0.0,0.0,0.0,0.0003603328964126351,0.0,0.0,0.0010809986892379056,0.0,0.0,0.0,0.0,0.0,0.0,0.0,0.0,0.0003275753603751229,0.0,0.0,0.0,0.0,0.0,0.0,0.0,0.0,0.0003275753603751229,0.0,0.0,0.0,0.0,0.0,9.008322410315877e-05,0.0,0.0,0.0002702496723094764,0.0,0.0,0.0,0.0,0.0,0.00018016644820631754,0.0,0.0,0.0005404993446189528,0.0,0.0,0.0,0.0,0.0,0.0,0.0,0.0,0.0,0.8382715289651642,0.8382715289651642,0.8368588602235465,0.8368588602235465,0.8382060138930892,0.8386318618615769,0.8386973769336519,0.8382715289651642,-0.8239180553083616,0.0,0.0,0.0,0.0,0.0,0.00018016644820631754,0.0,0.0,0.0005404993446189528,0.0,0.0,0.0,0.0,0.0,0.0,0.0,0.0,0.0003275753603751229,0.0,0.0,0.0,0.0,0.0,0.0,0.0,0.0,0.0003275753603751229,0.0,0.0,0.0,0.0,0.0,0.0,0.0,0.0,0.0003275753603751229,0.0,0.0,0.00010646199212191493,0.00010646199212191493,0.0,0.0,0.0,0.0,0.0003275753603751229,0.0,0.00010646199212191492,0.0,0.0,0.0,0.0,0.0,0.0,0.0003275753603751229,0.0,0.00010646199212191492,0.0,0.0,0.0,0.0,0.0,0.0,0.0003275753603751229,0.0,0.00010646199212191492,0.0,0.0,0.0,0.0,0.0,0.0,0.0003275753603751229,0.0,0.0,0.0,0.0,0.0,0.0,0.0,0.0,0.0003275753603751229,0.0,0.0,0.0,0.0,0.0,0.0,0.0,0.0,0.0016378768018756142
x_R25_EXIT_A,5.323099606095746e-05,0.0004422267365064158,0.0007738967888862278,0.0005896356486752211,0.00029481782433761055,0.00029481782433761055,0.00029481782433761055,0.00011055668412660398,0.00029481782433761055,5.323099606095746e-05,0.0004422267365064158,0.0007738967888862278,0.0005896356486752211,0.00029481782433761055,0.00029481782433761055,0.00029481782433761055,0.00011055668412660398,0.00029481782433761055,0.0004954577325673731,0.0,0.00033167005237981186,0.0008803587810081426,0.0,0.0,0.0,0.0001474089121688053,0.0,0.0004954577325673731,0.0,0.00033167005237981186,0.0008803587810081426,0.0,0.0,0.0,0.0001474089121688053,0.0,0.0008271277849471854,0.00033167005237981186,0.0,0.0005486887286283306,0.0002907231323329215,0.0002907231323329215,0.00025387090429072017,0.0004790789645486171,0.0002907231323329215,0.0008271277849471854,0.00033167005237981186,0.0,0.0005486887286283306,0.0002907231323329215,0.0002907231323329215,0.00025387090429072017,0.0004790789645486171,0.0002907231323329215,0.0008271277849471854,0.00033167005237981186,0.0,0.00011055668412660398,0.0002907231323329215,0.0002907231323329215,0.00025387090429072017,0.0004790789645486171,0.0002907231323329215,0.00016378768018756145,0.00033167005237981186,0.0006633401047596238,0.0002948178243376106,0.0,0.0,0.0,0.0,0.0,0.00016378768018756145,0.00033167005237981186,0.0006633401047596238,0.0002948178243376106,0.0,0.0,0.0,0.0,0.0,0.0008271277849471854,0.00033167005237981186,0.0,0.00011055668412660398,0.0001474089121688053,0.0001474089121688053,0.0001474089121688053,0.0001842611402110066,0.0001474089121688053,0.0008271277849471854,0.00033167005237981186,0.0,0.00011055668412660398,0.0002907231323329215,0.0002907231323329215,0.00025387090429072017,0.0004790789645486171,0.0002907231323329215,0.000696097640797136,0.0,0.00018016644820631757,0.0005896356486752212,0.0,0.0,0.0,0.0,0.0,0.00016378768018756145,0.0001474089121688053,0.0004790789645486171,0.0002948178243376106,0.0,0.0,0.0,0.0,0.0,0.00016378768018756145,0.0001474089121688053,0.0004790789645486171,0.0002948178243376106,0.0,0.0,0.0,0.0,0.0,0.0004135638924735927,0.00016583502618990593,0.0,5.527834206330199e-05,7.370445608440265e-05,7.370445608440265e-05,7.370445608440265e-05,9.21305701055033e-05,7.370445608440265e-05,0.0008271277849471854,0.00033167005237981186,0.0,0.00011055668412660398,0.0001474089121688053,0.0001474089121688053,0.0001474089121688053,0.0001842611402110066,0.0001474089121688053,0.0,0.0,0.0,0.0,0.0,0.0,0.0,0.0,0.0,0.000696097640797136,0.0,0.000581446264665843,0.0005159311925908185,0.0,0.0,0.0,0.0,0.0,-0.797343996367332,0.8380596286539216,0.8377279586015417,0.8371792698729135,0.8374372354692088,0.8374372354692088,0.8374372354692088,0.8374740876972511,0.8374372354692088,0.000348048820398568,0.0,9.008322410315878e-05,0.00025796559629540924,0.0,0.0,0.0,0.0,0.0,0.000348048820398568,0.0,9.008322410315878e-05,0.00025796559629540924,0.0,0.0,0.0,0.0,0.0,0.000348048820398568,0.0,9.008322410315878e-05,0.00025796559629540924,0.0,0.0,0.0,0.0,0.0,0.000348048820398568,0.0,0.0002907231323329215,0.00025796559629540924,0.0,0.0,0.0,0.0,0.0,0.000348048820398568,0.0,0.0002907231323329215,0.00025796559629540924,0.0,0.0,0.0,0.0,0.0,0.000348048820398568,0.0,0.0002907231323329215,0.00025796559629540924,0.0,0.0,0.0,0.0,0.0,0.000348048820398568,0.0,0.0002907231323329215,0.00025796559629540924,0.0,0.0,0.0,0.0,0.0,0.00016378768018756145,0.00033167005237981186,0.0006633401047596238,0.0004790789645486172,0.0001842611402110066,0.0001842611402110066,0.0001842611402110066,0.0,0.0001842611402110066,0.00174024410199284,0.0007370445608440263,0.0004504161205157939,0.001289827981477046,0.0,0.0,0.0,0.0,0.0
x_R25_EXIT_B,0.0,0.00016378768018756142,0.00033167005237981186,0.0002948178243376106,0.0,0.0,0.0,0.0,0.0,0.0,0.00016378768018756142,0.00033167005237981186,0.0002948178243376106,0.0,0.0,0.0,0.0,0.0,0.00011055668412660398,5.323099606095746e-05,0.0004422267365064159,0.0009909154651347465,0.00011055668412660398,0.00011055668412660398,0.00011055668412660398,0.00011055668412660398,0.00011055668412660398,0.00011055668412660398,5.323099606095746e-05,0.0004422267365064159,0.0009909154651347465,0.00011055668412660398,0.00011055668412660398,0.00011055668412660398,0.00011055668412660398,0.00011055668412660398,0.00033167005237981186,0.0004954577325673732,0.0,0.0005486887286283306,0.0002907231323329215,0.0002907231323329215,0.00025387090429072017,0.00033167005237981186,0.0002907231323329215,0.00033167005237981186,0.0004954577325673732,0.0,0.0005486887286283306,0.0002907231323329215,0.0002907231323329215,0.00025387090429072017,0.00033167005237981186,0.0002907231323329215,0.00033167005237981186,0.0004954577325673732,0.0,0.00011055668412660398,0.0002907231323329215,0.0002907231323329215,0.00025387090429072017,0.00033167005237981186,0.0002907231323329215,0.0,0.00016378768018756142,0.00033167005237981186,0.0002948178243376106,0.0,0.0,0.0,0.0,0.0,0.0,0.00016378768018756142,0.00033167005237981186,0.0002948178243376106,0.0,0.0,0.0,0.0,0.0,0.00033167005237981186,0.0004954577325673732,0.0,0.00011055668412660398,0.0001474089121688053,0.0001474089121688053,0.0001474089121688053,0.0001842611402110066,0.0001474089121688053,0.00033167005237981186,0.0004954577325673732,0.0,0.00011055668412660398,0.0002907231323329215,0.0002907231323329215,0.00025387090429072017,0.00033167005237981186,0.0002907231323329215,0.0,0.00032757536037512284,0.00018016644820631757,0.0005896356486752212,0.0,0.0,0.0,0.0,0.0,0.0,0.00016378768018756142,0.00033167005237981186,0.0002948178243376106,0.0,0.0,0.0,0.0,0.0,0.0,0.00016378768018756142,0.00033167005237981186,0.0002948178243376106,0.0,0.0,0.0,0.0,0.0,0.00016583502618990593,0.0002477288662836866,0.0,5.527834206330199e-05,7.370445608440265e-05,7.370445608440265e-05,7.370445608440265e-05,9.21305701055033e-05,7.370445608440265e-05,0.00033167005237981186,0.0004954577325673732,0.0,0.00011055668412660398,0.0001474089121688053,0.0001474089121688053,0.0001474089121688053,0.0001842611402110066,0.0001474089121688053,0.0,0.0,0.0,0.0,0.0,0.0,0.0,0.0,0.0,0.0,0.00032757536037512284,0.000581446264665843,0.0005159311925908185,0.0,0.0,0.0,0.0,0.0,0.8380596286539216,-0.8051976054084289,0.8377279586015417,0.8371792698729135,0.8374372354692088,0.8374372354692088,0.8374372354692088,0.8374740876972511,0.8374372354692088,0.0,0.00016378768018756142,9.008322410315878e-05,0.00025796559629540924,0.0,0.0,0.0,0.0,0.0,0.0,0.00016378768018756142,9.008322410315878e-05,0.00025796559629540924,0.0,0.0,0.0,0.0,0.0,0.0,0.00016378768018756142,9.008322410315878e-05,0.00025796559629540924,0.0,0.0,0.0,0.0,0.0,0.0,0.00016378768018756142,0.0002907231323329215,0.00025796559629540924,0.0,0.0,0.0,0.0,0.0,0.0,0.00016378768018756142,0.0002907231323329215,0.00025796559629540924,0.0,0.0,0.0,0.0,0.0,0.0,0.00016378768018756142,0.0002907231323329215,0.00025796559629540924,0.0,0.0,0.0,0.0,0.0,0.0,0.00016378768018756142,0.0002907231323329215,0.00025796559629540924,0.0,0.0,0.0,0.0,0.0,0.0,0.00016378768018756142,0.00033167005237981186,0.0002948178243376106,0.0,0.0,0.0,0.0,0.0,0.0,0.000818938400937807,0.0004504161205157939,0.001289827981477046,0.0,0.0,0.0,0.0,0.0
x_R25_EXIT_C,0.0,0.0,0.00016378768018756142,0.0002948178243376106,0.0,0.0,0.0,0.0,0.0,0.0,0.0,0.00016378768018756142,0.0002948178243376106,0.0,0.0,0.0,0.0,0.0,0.0,0.0,0.00016378768018756142,0.0005486887286283306,0.0,0.0,0.0,0.0,0.0,0.0,0.0,0.00016378768018756142,0.0005486887286283306,0.0,0.0,0.0,0.0,0.0,0.00011055668412660398,0.00011055668412660398,5.323099606095746e-05,0.0006592454127549346,0.00040127981645952536,0.00040127981645952536,0.00036442758841732405,0.00011055668412660398,0.00040127981645952536,0.00011055668412660398,0.00011055668412660398,5.323099606095746e-05,0.0006592454127549346,0.00040127981645952536,0.00040127981645952536,0.00036442758841732405,0.00011055668412660398,0.00040127981645952536,0.0,0.0,0.00016378768018756142,0.00011055668412660398,0.0002907231323329215,0.0002907231323329215,0.00025387090429072017,0.0,0.0002907231323329215,0.0,0.0,0.00016378768018756142,0.0002948178243376106,0.0,0.0,0.0,0.0,0.0,0.0,0.0,0.00016378768018756142,0.0002948178243376106,0.0,0.0,0.0,0.0,0.0,0.0,0.0,0.00016378768018756142,0.00011055668412660398,0.0001474089121688053,0.0001474089121688053,0.0001474089121688053,0.0001842611402110066,0.0001474089121688053,0.0,0.0,0.00016378768018756142,0.00011055668412660398,0.0002907231323329215,0.0002907231323329215,0.00025387090429072017,0.0,0.0002907231323329215,0.0,0.0,0.0005077418085814403,0.0005896356486752212,0.0,0.0,0.0,0.0,0.0,0.0,0.0,0.00016378768018756142,0.0002948178243376106,0.0,0.0,0.0,0.0,0.0,0.0,0.0,0.00016378768018756142,0.0002948178243376106,0.0,0.0,0.0,0.0,0.0,0.0,0.0,8.189384009378071e-05,5.527834206330199e-05,7.370445608440265e-05,7.370445608440265e-05,7.370445608440265e-05,9.21305701055033e-05,7.370445608440265e-05,0.0,0.0,0.00016378768018756142,0.00011055668412660398,0.0001474089121688053,0.0001474089121688053,0.0001474089121688053,0.0001842611402110066,0.0001474089121688053,0.0,0.0,0.0,0.0,0.0,0.0,0.0,0.0,0.0,0.0,0.0,0.0009090216250409656,0.0005159311925908185,0.0,0.0,0.0,0.0,0.0,0.8377279586015417,0.8377279586015417,-0.8130512144495258,0.8371792698729135,0.8374372354692088,0.8374372354692088,0.8374372354692088,0.8374740876972511,0.8374372354692088,0.0,0.0,0.00025387090429072017,0.00025796559629540924,0.0,0.0,0.0,0.0,0.0,0.0,0.0,0.00025387090429072017,0.00025796559629540924,0.0,0.0,0.0,0.0,0.0,0.0,0.0,0.00025387090429072017,0.00025796559629540924,0.0,0.0,0.0,0.0,0.0,0.0,0.0,0.0004545108125204828,0.00025796559629540924,0.0,0.0,0.0,0.0,0.0,0.0,0.0,0.0004545108125204828,0.00025796559629540924,0.0,0.0,0.0,0.0,0.0,0.0,0.0,0.0004545108125204828,0.00025796559629540924,0.0,0.0,0.0,0.0,0.0,0.0,0.0,0.0004545108125204828,0.00025796559629540924,0.0,0.0,0.0,0.0,0.0,0.0,0.0,0.00016378768018756142,0.0002948178243376106,0.0,0.0,0.0,0.0,0.0,0.0,0.0,0.0012693545214536007,0.001289827981477046,0.0,0.0,0.0,0.0,0.0
x_R25_EXIT_D,0.0,0.0,0.0,5.3230996060957466e-05,0.0,0.0,0.0,0.0,0.0,0.0,0.0,0.0,5.3230996060957466e-05,0.0,0.0,0.0,0.0,0.0,0.0,0.0,0.0,5.3230996060957466e-05,0.0,0.0,0.0,0.0,0.0,0.0,0.0,0.0,5.3230996060957466e-05,0.0,0.0,0.0,0.0,0.0,0.0,0.0,0.0,5.3230996060957466e-05,0.0,0.0,0.0,0.0,0.0,0.0,0.0,0.0,5.3230996060957466e-05,0.0,0.0,0.0,0.0,0.0,0.0,0.0,0.0,5.3230996060957466e-05,0.0,0.0,0.0,0.0,0.0,0.0,0.0,0.0,5.3230996060957466e-05,0.0,0.0,0.0,0.0,0.0,0.0,0.0,0.0,5.3230996060957466e-05,0.0,0.0,0.0,0.0,0.0,0.0,0.0,0.0,5.3230996060957466e-05,0.0,0.0,0.0,0.0,0.0,0.0,0.0,0.0,5.3230996060957466e-05,0.0,0.0,0.0,0.0,0.0,0.0,0.0,0.0,0.00010646199212191493,0.0,0.0,0.0,0.0,0.0,0.0,0.0,0.0,5.3230996060957466e-05,0.0,0.0,0.0,0.0,0.0,0.0,0.0,0.0,5.3230996060957466e-05,0.0,0.0,0.0,0.0,0.0,0.0,0.0,0.0,0.0,0.0,0.0,0.0,0.0,0.0,0.0,0.0,0.0,5.3230996060957466e-05,0.0,0.0,0.0,0.0,0.0,0.0,0.0,0.0,0.0,0.0,0.0,0.0,0.0,0.0,0.0,0.0,0.0,0.00010646199212191493,0.0,0.0,0.0,0.0,0.0,0.8371792698729135,0.8371792698729135,0.8371792698729135,-0.8304258798372076,0.8371792698729135,0.8371792698729135,0.8371792698729135,0.8371792698729135,0.8371792698729135,0.0,0.0,0.0,5.3230996060957466e-05,0.0,0.0,0.0,0.0,0.0,0.0,0.0,0.0,5.3230996060957466e-05,0.0,0.0,0.0,0.0,0.0,0.0,0.0,0.0,5.3230996060957466e-05,0.0,0.0,0.0,0.0,0.0,0.0,0.0,0.0,5.3230996060957466e-05,0.0,0.0,0.0,0.0,0.0,0.0,0.0,0.0,5.3230996060957466e-05,0.0,0.0,0.0,0.0,0.0,0.0,0.0,0.0,5.3230996060957466e-05,0.0,0.0,0.0,0.0,0.0,0.0,0.0,0.0,5.3230996060957466e-05,0.0,0.0,0.0,0.0,0.0,0.0,0.0,0.0,5.3230996060957466e-05,0.0,0.0,0.0,0.0,0.0,0.0,0.0,0.0,0.00026615498030478727,0.0,0.0,0.0,0.0,0.0
x_R25_EXIT_E,0.0,0.0,0.0,0.00025796559629540924,0.0007861808649002948,0.0,0.0,0.0,0.0,0.0,0.0,0.0,0.00025796559629540924,0.0007861808649002948,0.0,0.0,0.0,0.0,0.0,0.0,0.0,0.00025796559629540924,0.0010072942331535025,0.0,0.0,0.0,0.0,0.0,0.0,0.0,0.00025796559629540924,0.0010072942331535025,0.0,0.0,0.0,0.0,0.0,0.0,0.0,0.00025796559629540924,0.0012284076014067106,0.00022111336825320795,0.0,0.0,0.00022111336825320795,0.0,0.0,0.0,0.00025796559629540924,0.0012284076014067106,0.00022111336825320795,0.0,0.0,0.00022111336825320795,0.0,0.0,0.0,0.00011055668412660398,0.0012284076014067106,0.00022111336825320795,0.0,0.0,0.00022111336825320795,0.0,0.0,0.0,0.00025796559629540924,0.0007861808649002948,0.0,0.0,0.0,0.0,0.0,0.0,0.0,0.00025796559629540924,0.0007861808649002948,0.0,0.0,0.0,0.0,0.0,0.0,0.0,0.00011055668412660398,0.0013758165135755159,0.0003685222804220132,0.0003685222804220132,0.0001474089121688053,0.0003685222804220132,0.0,0.0,0.0,0.00011055668412660398,0.0012284076014067106,0.00022111336825320795,0.0,0.0,0.00022111336825320795,0.0,0.0,0.0,0.0005159311925908185,0.002014588466307005,0.0,0.0,0.0,0.0,0.0,0.0,0.0,0.00025796559629540924,0.0007861808649002948,0.0,0.0,0.0,0.0,0.0,0.0,0.0,0.00025796559629540924,0.0007861808649002948,0.0,0.0,0.0,0.0,0.0,0.0,0.0,5.527834206330199e-05,0.0006879082567877579,0.0001842611402110066,0.0001842611402110066,7.370445608440265e-05,0.0001842611402110066,0.0,0.0,0.0,0.00011055668412660398,0.0013758165135755159,0.0003685222804220132,0.0003685222804220132,0.0001474089121688053,0.0003685222804220132,0.0,0.0,0.0,0.0,0.0,0.0,0.0,0.0,0.0,0.0,0.0,0.0001474089121688053,0.0006633401047596238,0.0018671795541382002,0.0,0.0,0.0,0.0,0.8374372354692088,0.8374372354692088,0.8374372354692088,0.8371792698729135,-0.8030838366744298,0.837658348837462,0.837658348837462,0.8374372354692088,0.837658348837462,0.0,0.0,0.0,0.0004790789645486172,0.0007861808649002948,0.0,0.0,0.0,0.0,0.0,0.0,0.0,0.0004790789645486172,0.0007861808649002948,0.0,0.0,0.0,0.0,0.0,0.0,0.0,0.0004790789645486172,0.0007861808649002948,0.0,0.0,0.0,0.0,0.0,0.0,0.00036852228042201317,0.0006264878767174225,0.0007861808649002948,0.0,0.0,0.0,0.0,0.0,0.0,0.00036852228042201317,0.0006264878767174225,0.0007861808649002948,0.0,0.0,0.0,0.0,0.00040537450846421454,0.00040537450846421454,0.0007738967888862278,0.001031862385181637,0.0003480488203985681,0.00040537450846421454,0.00040537450846421454,0.00040537450846421454,0.00040537450846421454,0.00011055668412660398,0.00011055668412660398,0.0004790789645486171,0.0007370445608440263,5.323099606095746e-05,0.00011055668412660398,0.00011055668412660398,0.00011055668412660398,0.00011055668412660398,0.0,0.0,0.0,0.00025796559629540924,0.0007861808649002948,0.0,0.0,0.0,0.0,0.0,0.0,0.0,0.002395394822743086,0.003930904324501473,0.0,0.0,0.0,0.0
x_R25_EXIT_F,0.0,0.0,0.0,0.00025796559629540924,0.0,0.00016378768018756145,0.0,0.0,0.0,0.0,0.0,0.0,0.00025796559629540924,0.0,0.00016378768018756145,0.0,0.0,0.0,0.0,0.0,0.0,0.00025796559629540924,0.0,0.00034395412839387896,0.0,0.0,0.00014331422016411626,0.0,0.0,0.0,0.00025796559629540924,0.0,0.00034395412839387896,0.0,0.0,0.00014331422016411626,0.0,0.0,0.0,0.00025796559629540924,0.00022111336825320795,0.0006019197246892882,0.0,0.0,0.00040127981645952547,0.0,0.0,0.0,0.00025796559629540924,0.00022111336825320795,0.0006019197246892882,0.0,0.0,0.00040127981645952547,0.0,0.0,0.0,0.00011055668412660398,0.00022111336825320795,0.0006019197246892882,0.0,0.0,0.00040127981645952547,0.0,0.0,0.0,0.00025796559629540924,0.0,0.00016378768018756145,0.0,0.0,0.0,0.0,0.0,0.0,0.00025796559629540924,0.0,0.00016378768018756145,0.0,0.0,0.0,0.0,0.0,0.0,0.00011055668412660398,0.0003685222804220132,0.0007493286368580936,0.00040537450846421454,0.0001474089121688053,0.0005486887286283308,0.0,0.0,0.0,0.00011055668412660398,0.00022111336825320795,0.0006019197246892882,0.0,0.0,0.00040127981645952547,0.0,0.0,0.0,0.0005159311925908185,7.370445608440265e-05,0.0006879082567877579,0.0,0.0,0.0002866284403282325,0.0,0.0,0.0,0.00025796559629540924,0.0,0.00016378768018756145,0.0,0.0,0.0,0.0,0.0,0.0,0.00025796559629540924,0.0,0.00016378768018756145,0.0,0.0,0.0,0.0,0.0,0.0,5.527834206330199e-05,0.0001842611402110066,0.0003746643184290468,0.00020268725423210727,7.370445608440265e-05,0.0002743443643141654,0.0,0.0,0.0,0.00011055668412660398,0.0003685222804220132,0.0007493286368580936,0.00040537450846421454,0.0001474089121688053,0.0005486887286283308,0.0,0.0,0.0,0.0,0.0,0.0,0.0,0.0,0.0,0.00010646199212191492,0.00010646199212191492,0.0001474089121688053,0.0006633401047596238,0.0,0.0005814462646658431,0.00018016644820631754,0.00010646199212191492,0.00018016644820631754,0.8374372354692088,0.8374372354692088,0.8374372354692088,0.8371792698729135,0.837658348837462,-0.8074712940455058,0.8376952010655042,0.8374372354692088,0.8378385152856683,0.0,0.0,0.0,0.0005159311925908186,0.0,0.00016378768018756145,0.0,0.0,0.0,0.0,0.0,0.0,0.0005159311925908186,0.0,0.00016378768018756145,0.0,0.0,0.0,0.0,0.0,0.0,0.0005159311925908186,0.0,0.00016378768018756145,0.0,0.0,0.0,0.0,0.0,0.00025796559629540924,0.0005159311925908186,0.0,5.323099606095746e-05,0.0,0.0,0.0,0.00011055668412660398,0.00010646199212191492,0.00022111336825320795,0.0004790789645486172,0.0,5.323099606095746e-05,0.00011055668412660398,0.00011055668412660398,0.00011055668412660398,0.0,0.00010646199212191492,0.00022111336825320795,0.0004790789645486172,0.0,0.00016378768018756145,0.0,0.0,0.0,0.0,0.00010646199212191492,0.00022111336825320795,0.0004790789645486172,0.0,0.00016378768018756145,0.0,0.0,0.0,0.0,0.0,0.0,0.00025796559629540924,0.0,0.00016378768018756145,0.0,0.0,0.0,0.0,0.0,0.0,0.002579655962954092,0.0,0.0008189384009378071,0.0,0.0,0.0
x_R25_EXIT_G,0.0,0.0,0.0,0.00025796559629540924,0.00014331422016411623,0.00014331422016411623,0.0010031995411488137,0.0,0.00014331422016411623,0.0,0.0,0.0,0.00025796559629540924,0.00014331422016411623,0.00014331422016411623,0.0010031995411488137,0.0,0.00014331422016411623,0.0,0.0,0.0,0.00025796559629540924,9.008322410315878e-05,5.3230996060957466e-05,0.0010932827652519726,0.0,5.3230996060957466e-05,0.0,0.0,0.0,0.00025796559629540924,9.008322410315878e-05,5.3230996060957466e-05,0.0010932827652519726,0.0,5.3230996060957466e-05,0.0,0.0,0.0,0.00025796559629540924,0.00022111336825320795,0.00025796559629540924,0.0010932827652519726,0.0,0.00025796559629540924,0.0,0.0,0.0,0.00025796559629540924,0.00022111336825320795,0.00025796559629540924,0.0010932827652519726,0.0,0.00025796559629540924,0.0,0.0,0.0,0.00011055668412660398,0.00022111336825320795,0.00025796559629540924,0.0010932827652519726,0.0,0.00025796559629540924,0.0,0.0,0.0,0.00025796559629540924,0.00014331422016411623,0.00014331422016411623,0.0010031995411488137,0.0,0.00014331422016411623,0.0,0.0,0.0,0.00025796559629540924,0.00014331422016411623,0.00014331422016411623,0.0010031995411488137,0.0,0.00014331422016411623,0.0,0.0,0.0,0.00011055668412660398,0.0003685222804220132,0.00040537450846421454,0.0015518882697771446,0.0001474089121688053,0.00040537450846421454,0.0,0.0,0.0,0.00011055668412660398,0.00022111336825320795,0.00025796559629540924,0.0010932827652519726,0.0,0.00025796559629540924,0.0,0.0,0.0,0.0005159311925908185,0.00018016644820631757,0.00010646199212191493,0.002186565530503945,0.0,0.00010646199212191493,0.0,0.0,0.0,0.00025796559629540924,0.00014331422016411623,0.00014331422016411623,0.0010031995411488137,0.0,0.00014331422016411623,0.0,0.0,0.0,0.00025796559629540924,0.00014331422016411623,0.00014331422016411623,0.0010031995411488137,0.0,0.00014331422016411623,0.0,0.0,0.0,5.527834206330199e-05,0.0001842611402110066,0.00020268725423210727,0.0007759441348885723,7.370445608440265e-05,0.00020268725423210727,0.0,0.0,0.0,0.00011055668412660398,0.0003685222804220132,0.00040537450846421454,0.0015518882697771446,0.0001474089121688053,0.00040537450846421454,0.0,0.0,0.0,0.0,0.0,0.0,0.0,0.0,0.0,0.0002866284403282325,0.00010646199212191493,0.0001474089121688053,0.0006633401047596238,0.0,0.0,0.0017197706419693952,0.0002866284403282325,0.0,0.8374372354692088,0.8374372354692088,0.8374372354692088,0.8371792698729135,0.837658348837462,0.8376952010655042,-0.7978931389257501,0.8374372354692088,0.8376952010655042,0.0009499685450878565,0.0010400517691910153,0.0010400517691910153,0.0016092139578427912,0.0008066543249237402,0.0008066543249237402,5.323099606095746e-05,0.0009499685450878565,0.0008066543249237402,0.0006223931847127333,0.0007124764088158922,0.0007124764088158922,0.0012816385974676683,0.0004790789645486171,0.0004790789645486171,0.00034804882039856803,0.0006223931847127333,0.0004790789645486171,0.00018016644820631757,0.0002702496723094764,0.0002702496723094764,0.0008394118609612522,0.0,0.0,0.0008230330929424963,0.00018016644820631757,0.0,0.00014331422016411623,0.00023339744426727503,0.00022111336825320795,0.0004790789645486172,0.0,0.0,0.0008598853209846976,0.00014331422016411623,0.0,0.00014331422016411623,5.3230996060957466e-05,0.00022111336825320795,0.0004790789645486172,0.0,0.0,0.0008598853209846976,0.00014331422016411623,0.0,0.00014331422016411623,5.3230996060957466e-05,0.00022111336825320795,0.0004790789645486172,0.0,0.0,0.0008598853209846976,0.00014331422016411623,0.0,0.00014331422016411623,5.3230996060957466e-05,0.00022111336825320795,0.0004790789645486172,0.0,0.0,0.0008598853209846976,0.00014331422016411623,0.0,0.0,0.0,0.0,0.00025796559629540924,0.00014331422016411623,0.00014331422016411623,0.0010031995411488137,0.0,0.00014331422016411623,0.0,0.0,0.0007165711008205812,0.003562382044079461,0.00045041612051579383,0.00045041612051579383,0.004749842725439281,0.0,0.00045041612051579383
x_R25_EXIT_H,0.0,0.0,0.0,0.001134229685298863,0.0,0.0,0.0,0.00016378768018756142,0.0,0.0,0.0,0.0,0.001134229685298863,0.0,0.0,0.0,0.00016378768018756142,0.0,0.0,0.0,0.0,0.0002948178243376106,0.0,0.0,0.0,0.00038490104844076935,0.0,0.0,0.0,0.0,0.0002948178243376106,0.0,0.0,0.0,0.00038490104844076935,0.0,0.0,0.0,0.0,0.0002948178243376106,0.0,0.0,0.00043813204450172683,0.00038490104844076935,0.0,0.0,0.0,0.0,0.0002948178243376106,0.0,0.0,0.00043813204450172683,0.00038490104844076935,0.0,0.0,0.0,0.0,0.00011055668412660398,0.0,0.0,0.00043813204450172683,0.00038490104844076935,0.0,0.0,0.0,0.0,0.001355343053552071,0.0001842611402110066,0.0001842611402110066,0.0001842611402110066,0.00016378768018756142,0.0001842611402110066,0.0,0.0,0.0,0.001355343053552071,0.0001842611402110066,0.0001842611402110066,0.0001842611402110066,0.00016378768018756142,0.0001842611402110066,0.0,0.0,0.0,0.00011055668412660398,0.0001474089121688053,0.0001474089121688053,0.0001474089121688053,0.0014085740496130282,0.0001474089121688053,0.0,0.0,0.0,0.00011055668412660398,0.0,0.0,0.00043813204450172683,0.00038490104844076935,0.0,0.0,0.0,0.0,0.0014331422016411624,0.0,0.0,0.0,0.0013594377455567598,0.0,0.0,0.00022111336825320795,0.00022111336825320795,0.001355343053552071,0.0001842611402110066,0.0001842611402110066,0.0001842611402110066,0.00016378768018756142,0.0001842611402110066,0.0,0.00022111336825320795,0.00022111336825320795,0.001355343053552071,0.0001842611402110066,0.0001842611402110066,0.0001842611402110066,0.00016378768018756142,0.0001842611402110066,0.0,0.0,0.0,5.527834206330199e-05,7.370445608440265e-05,7.370445608440265e-05,7.370445608440265e-05,0.0007042870248065141,7.370445608440265e-05,0.0,0.0,0.0,0.00011055668412660398,0.0001474089121688053,0.0001474089121688053,0.0001474089121688053,0.0014085740496130282,0.0001474089121688053,0.0,0.0,0.0,0.0,0.0,0.0,0.0,0.0,0.0,7.370445608440265e-05,0.0,7.370445608440265e-05,0.0005159311925908185,0.0,0.0,0.0,0.0006960976407971361,0.0,0.8374740876972511,0.8374740876972511,0.8374740876972511,0.8371792698729135,0.8374372354692088,0.8374372354692088,0.8374372354692088,-0.8038868501371387,0.8374372354692088,0.0,0.0,0.0,0.00025796559629540924,0.0,0.0,0.0,0.00034804882039856803,0.0,0.0,0.0,0.0,0.00025796559629540924,0.0,0.0,0.0,0.00034804882039856803,0.0,0.0,0.0,0.0,0.00025796559629540924,0.0,0.0,0.0,0.00034804882039856803,0.0,0.0,0.0,0.0,0.00025796559629540924,0.0,0.0,0.0,0.00034804882039856803,0.0,0.0,0.0,0.0,0.00025796559629540924,0.0,0.0,0.0,0.00034804882039856803,0.0,0.0,0.0,0.0,0.00025796559629540924,0.0,0.0,0.0,0.00034804882039856803,0.0,0.0,0.0,0.0,0.00025796559629540924,0.0,0.0,0.0,0.00034804882039856803,0.0,0.0,0.0,0.0,0.001134229685298863,0.0,0.0,0.0,0.00016378768018756142,0.0,0.00018426114021100659,0.00018426114021100659,0.0,0.001289827981477046,0.0,0.0,0.0,0.00174024410199284,0.0
x_R25_EXIT_STAIRWELL,0.0,0.0,0.0,0.00025796559629540924,0.0,0.0,0.0,0.0,0.00016378768018756145,0.0,0.0,0.0,0.00025796559629540924,0.0,0.0,0.0,0.0,0.00016378768018756145,0.0,0.0,0.0,0.00025796559629540924,0.0,0.00014331422016411626,0.0,0.0,0.00032348066837043383,0.0,0.0,0.0,0.00025796559629540924,0.0,0.00014331422016411626,0.0,0.0,0.00032348066837043383,0.0,0.0,0.0,0.00025796559629540924,0.00022111336825320795,0.00040127981645952547,0.0,0.0,0.0005814462646658431,0.0,0.0,0.0,0.00025796559629540924,0.00022111336825320795,0.00040127981645952547,0.0,0.0,0.0005814462646658431,0.0,0.0,0.0,0.00011055668412660398,0.00022111336825320795,0.00040127981645952547,0.0,0.0,0.0005814462646658431,0.0,0.0,0.0,0.00025796559629540924,0.0,0.0,0.0,0.0,0.00016378768018756145,0.0,0.0,0.0,0.00025796559629540924,0.0,0.0,0.0,0.0,0.00016378768018756145,0.0,0.0,0.0,0.00011055668412660398,0.0003685222804220132,0.0005486887286283308,0.00040537450846421454,0.0001474089121688053,0.0007288551768346484,0.0,0.0,0.0,0.00011055668412660398,0.00022111336825320795,0.00040127981645952547,0.0,0.0,0.0005814462646658431,0.0,0.0,0.0,0.0005159311925908185,7.370445608440265e-05,0.0002866284403282325,0.0,0.0,0.0006469613367408677,0.0,0.0,0.0,0.00025796559629540924,0.0,0.0,0.0,0.0,0.00016378768018756145,0.0,0.0,0.0,0.00025796559629540924,0.0,0.0,0.0,0.0,0.00016378768018756145,0.0,0.0,0.0,5.527834206330199e-05,0.0001842611402110066,0.0002743443643141654,0.00020268725423210727,7.370445608440265e-05,0.0003644275884173242,0.0,0.0,0.0,0.00011055668412660398,0.0003685222804220132,0.0005486887286283308,0.00040537450846421454,0.0001474089121688053,0.0007288551768346484,0.0,0.0,0.0,0.0,0.0,0.0,0.0,0.0,0.0,0.00010646199212191492,0.00010646199212191492,0.0001474089121688053,0.0006633401047596238,0.0,0.00018016644820631754,0.00021292398424382984,0.00010646199212191492,0.0005404993446189528,0.8374372354692088,0.8374372354692088,0.8374372354692088,0.8371792698729135,0.837658348837462,0.8378385152856683,0.8376952010655042,0.8374372354692088,-0.8104169660011414,0.0,0.0,0.0,0.0005159311925908186,0.0,0.0,0.0,0.0,0.00016378768018756145,0.0,0.0,0.0,0.0005159311925908186,0.0,0.0,0.0,0.0,0.00016378768018756145,0.0,0.0,0.0,0.0005159311925908186,0.0,0.0,0.0,0.0,0.00016378768018756145,0.0,0.0,0.00027434436431416536,0.0005323099606095748,0.0,0.0,0.0,0.0,0.00016378768018756145,0.0,0.00010646199212191492,0.00022111336825320795,0.0004790789645486172,0.0,0.0,0.0,0.0,0.00016378768018756145,0.0,0.00010646199212191492,0.00022111336825320795,0.0004790789645486172,0.0,0.0,0.0,0.0,0.00016378768018756145,0.0,0.00010646199212191492,0.00022111336825320795,0.0004790789645486172,0.0,0.0,0.0,0.0,0.00016378768018756145,0.0,0.0,0.0,0.00025796559629540924,0.0,0.0,0.0,0.0,0.00016378768018756145,0.0,0.0,0.0,0.002579655962954092,0.0,0.0,0.0,0.0,0.0008189384009378071
x_R28_EXIT_A,5.323099606095746e-05,0.00029481782433761055,0.00029481782433761055,0.0005896356486752211,0.0009540632370925454,0.0009540632370925454,0.001760717562016286,0.00011055668412660398,0.0009540632370925454,5.323099606095746e-05,0.00029481782433761055,0.00029481782433761055,0.0005896356486752211,0.0009540632370925454,0.0009540632370925454,0.001760717562016286,0.00011055668412660398,0.0009540632370925454,0.000348048820398568,0.0,0.0,0.0,0.0,0.0,0.0009499685450878565,0.0003316700523798118,0.0,0.000348048820398568,0.0,0.0,0.0,0.0,0.0,0.0009499685450878565,0.0003316700523798118,0.0,0.000348048820398568,0.0,0.0,0.0,0.0,0.0,0.0009499685450878565,0.0003316700523798118,0.0,0.000348048820398568,0.0,0.0,0.0,0.0,0.0,0.0009499685450878565,0.0003316700523798118,0.0,0.000348048820398568,0.0,0.0,0.0,0.0,0.0,0.0009499685450878565,0.0003316700523798118,0.0,0.00016378768018756145,0.0001842611402110066,0.0001842611402110066,0.0,0.0003275753603751229,0.0003275753603751229,0.001134229685298863,0.0,0.0003275753603751229,0.00016378768018756145,0.0001842611402110066,0.0001842611402110066,0.0,0.0003275753603751229,0.0003275753603751229,0.001134229685298863,0.0,0.0003275753603751229,0.000348048820398568,0.0,0.0,0.0,0.0,0.0,0.0009499685450878565,0.0,0.0,0.000348048820398568,0.0,0.0,0.0,0.0,0.0,0.0009499685450878565,0.0003316700523798118,0.0,0.0009172110090503437,0.0,0.0,0.0,0.0,0.0,0.001899937090175713,7.370445608440265e-05,0.0,0.00016378768018756145,0.0003316700523798118,0.0003316700523798118,0.0,0.0003275753603751229,0.0003275753603751229,0.001134229685298863,0.0,0.0003275753603751229,0.00016378768018756145,0.0003316700523798118,0.0003316700523798118,0.0,0.0003275753603751229,0.0003275753603751229,0.001134229685298863,0.0,0.0003275753603751229,0.000174024410199284,0.0,0.0,0.0,0.0,0.0,0.00047498427254392825,0.0,0.0,0.000348048820398568,0.0,0.0,0.0,0.0,0.0,0.0009499685450878565,0.0,0.0,0.0,0.0,0.0,0.0,0.0,0.0,0.0,0.0,0.0,0.0017279600259787733,0.0,0.0,0.0,0.0,0.0,0.0016133086498474804,0.0003685222804220132,0.0,0.000348048820398568,0.0,0.0,0.0,0.0,0.0,0.0009499685450878565,0.0,0.0,-0.7967133003411625,0.8381128596499825,0.8381128596499825,0.8381128596499825,0.8379695454298184,0.8379695454298184,0.8371628911048946,0.8382971207901935,0.8379695454298184,0.0014863731977021203,0.0006223931847127333,0.0006223931847127333,0.0006223931847127333,0.0004790789645486171,0.0004790789645486171,0.0002948178243376106,0.0008066543249237401,0.0004790789645486171,0.0010441464611957042,0.00018016644820631757,0.00018016644820631757,0.00018016644820631757,0.0,0.0,0.0007698020968815388,0.0003644275884173242,0.0,0.001007294233153503,0.00014331422016411623,0.0,0.0,0.0,0.0,0.0008066543249237402,0.0003275753603751229,0.0,0.001007294233153503,0.0,0.0,0.0,0.0,0.0,0.0008066543249237402,0.0003275753603751229,0.0,0.001007294233153503,0.0,0.0,0.0,0.0,0.0,0.0008066543249237402,0.0003275753603751229,0.0,0.001007294233153503,0.0,0.0,0.0,0.0,0.0,0.0008066543249237402,0.0003275753603751229,0.0,0.00016378768018756145,0.0001842611402110066,0.0001842611402110066,0.000479078964548617,0.0008435065529659413,0.0008435065529659413,0.0016501608778896819,0.0,0.0008435065529659413,0.0037671166443139135,0.002026872542321072,0.0002661549803047873,0.0002661549803047873,0.00045041612051579383,0.00045041612051579383,0.004483687745134495,0.00036852228042201317,0.00045041612051579383
x_R28_EXIT_B,0.0,0.00016378768018756142,0.0,0.0,0.00014331422016411623,0.00014331422016411623,0.0009499685450878565,0.0,0.00014331422016411623,0.0,0.00016378768018756142,0.0,0.0,0.00014331422016411623,0.00014331422016411623,0.0009499685450878565,0.0,0.00014331422016411623,0.00011055668412660398,5.323099606095746e-05,0.00011055668412660398,0.00011055668412660398,0.0009499685450878563,0.0009499685450878563,0.001990020314278871,0.00011055668412660398,0.0009499685450878563,0.00011055668412660398,5.323099606095746e-05,0.00011055668412660398,0.00011055668412660398,0.0009499685450878563,0.0009499685450878563,0.001990020314278871,0.00011055668412660398,0.0009499685450878563,0.0,0.00016378768018756142,0.0,0.0,0.0,0.0,0.0013348695935286258,0.0,0.0,0.0,0.00016378768018756142,0.0,0.0,0.0,0.0,0.0013348695935286258,0.0,0.0,0.0,0.00016378768018756142,0.0,0.0,0.0,0.0,0.0013348695935286258,0.0,0.0,0.0,0.00016378768018756142,0.0,0.0,0.00014331422016411623,0.00014331422016411623,0.0009499685450878565,0.0,0.00014331422016411623,0.0,0.00016378768018756142,0.0,0.0,0.00014331422016411623,0.00014331422016411623,0.0009499685450878565,0.0,0.00014331422016411623,0.0,0.00016378768018756142,0.0,0.0,0.0,0.0,0.0010400517691910153,0.0,0.0,0.0,0.00016378768018756142,0.0,0.0,0.0,0.0,0.0013348695935286258,0.0,0.0,0.0,0.0011301349932941738,0.0,0.0,0.0005896356486752212,0.0005896356486752212,0.0026697391870572516,0.0,0.0005896356486752212,0.0,0.00016378768018756142,0.0,0.0,0.00014331422016411623,0.00014331422016411623,0.0009499685450878565,0.0,0.00014331422016411623,0.0,0.00016378768018756142,0.0,0.0,0.00014331422016411623,0.00014331422016411623,0.0009499685450878565,0.0,0.00014331422016411623,0.0,8.189384009378071e-05,0.0,0.0,0.0,0.0,0.0005200258845955077,0.0,0.0,0.0,0.00016378768018756142,0.0,0.0,0.0,0.0,0.0010400517691910153,0.0,0.0,0.0,0.0,0.0,0.0,0.0,0.0,0.0,0.0,0.0,0.00018016644820631757,0.0020063990822976273,0.0,0.0,0.0,0.0,0.0016133086498474804,0.00018016644820631757,0.0,0.0,0.00016378768018756142,0.0,0.0,0.0,0.0,0.0010400517691910153,0.0,0.0,0.8381128596499825,-0.7994091960845121,0.8384977606984233,0.8382029428740857,0.8379695454298184,0.8379695454298184,0.8371628911048946,0.8381128596499825,0.8379695454298184,0.0006223931847127333,0.0017156759499647057,0.0010072942331535027,0.0007124764088158922,0.0004790789645486171,0.0004790789645486171,0.0002948178243376106,0.0006223931847127333,0.0004790789645486171,0.00018016644820631757,0.00127344921345829,0.000565067496647087,0.0002702496723094764,0.0,0.0,0.0007698020968815388,0.00018016644820631757,0.0,0.00014331422016411623,0.0012365969854160885,0.0,0.0,0.0,0.0,0.0008066543249237402,0.00014331422016411623,0.0,0.00014331422016411623,0.0010031995411488137,0.0,0.0,0.0,0.0,0.0008066543249237402,0.00014331422016411623,0.0,0.00014331422016411623,0.0010031995411488137,0.0,0.0,0.0,0.0,0.0008066543249237402,0.00014331422016411623,0.0,0.00014331422016411623,0.0010031995411488137,0.0,0.0,0.0,0.0,0.0008066543249237402,0.00014331422016411623,0.0,0.0,0.00016378768018756142,0.0,0.0,0.00014331422016411623,0.00014331422016411623,0.0009499685450878565,0.0,0.00014331422016411623,0.0,0.000818938400937807,0.0021906602225086336,0.0007165711008205812,0.00045041612051579383,0.00045041612051579383,0.004483687745134495,0.0,0.00045041612051579383
x_R28_EXIT_C,0.0,0.0,0.00016378768018756142,0.0,0.00014331422016411623,0.00014331422016411623,0.0009499685450878565,0.0,0.00014331422016411623,0.0,0.0,0.00016378768018756142,0.0,0.00014331422016411623,0.00014331422016411623,0.0009499685450878565,0.0,0.00014331422016411623,0.0,0.0,0.00016378768018756142,9.008322410315878e-05,0.0002948178243376106,0.0002948178243376106,0.0013348695935286258,0.0,0.0002948178243376106,0.0,0.0,0.00016378768018756142,9.008322410315878e-05,0.0002948178243376106,0.0002948178243376106,0.0013348695935286258,0.0,0.0002948178243376106,0.00011055668412660398,0.00011055668412660398,5.323099606095746e-05,0.00020063990822976276,0.00020063990822976276,0.00020063990822976276,0.00157236172980059,0.00011055668412660398,0.00020063990822976276,0.00011055668412660398,0.00011055668412660398,5.323099606095746e-05,0.00020063990822976276,0.00020063990822976276,0.00020063990822976276,0.00157236172980059,0.00011055668412660398,0.00020063990822976276,0.0,0.0,0.00016378768018756142,0.0,9.008322410315878e-05,9.008322410315878e-05,0.001461805045673986,0.0,9.008322410315878e-05,0.0,0.0,0.00016378768018756142,0.0,0.00014331422016411623,0.00014331422016411623,0.0009499685450878565,0.0,0.00014331422016411623,0.0,0.0,0.00016378768018756142,0.0,0.00014331422016411623,0.00014331422016411623,0.0009499685450878565,0.0,0.00014331422016411623,0.0,0.0,0.00016378768018756142,0.0,0.0,0.0,0.0010400517691910153,0.0,0.0,0.0,0.0,0.00016378768018756142,0.0,9.008322410315878e-05,9.008322410315878e-05,0.001461805045673986,0.0,9.008322410315878e-05,0.0,0.0,0.0015314148097536992,0.0,0.0006960976407971361,0.0006960976407971361,0.0027762011791791666,0.0,0.0006960976407971361,0.0,0.0,0.00016378768018756142,0.0,0.00014331422016411623,0.00014331422016411623,0.0009499685450878565,0.0,0.00014331422016411623,0.0,0.0,0.00016378768018756142,0.0,0.00014331422016411623,0.00014331422016411623,0.0009499685450878565,0.0,0.00014331422016411623,0.0,0.0,8.189384009378071e-05,0.0,0.0,0.0,0.0005200258845955077,0.0,0.0,0.0,0.0,0.00016378768018756142,0.0,0.0,0.0,0.0010400517691910153,0.0,0.0,0.0,0.0,0.0,0.0,0.0,0.0,0.0,0.0,0.0,0.00018016644820631757,0.0005896356486752212,0.0005077418085814403,0.0,0.0,0.0,0.0016133086498474804,0.00018016644820631757,0.0,9.008322410315878e-05,9.008322410315878e-05,0.00025387090429072017,0.0,0.0,0.0,0.0010400517691910153,0.0,0.0,0.8381128596499825,0.8384977606984233,-0.7955049123699894,0.8382029428740857,0.8379695454298184,0.8379695454298184,0.8371628911048946,0.8381128596499825,0.8379695454298184,0.0006223931847127333,0.0010072942331535027,0.001858990170128822,0.0007124764088158922,0.0004790789645486171,0.0004790789645486171,0.0002948178243376106,0.0006223931847127333,0.0004790789645486171,0.00018016644820631757,0.000565067496647087,0.0014167634336224063,0.0002702496723094764,0.0,0.0,0.0007698020968815388,0.00018016644820631757,0.0,0.00014331422016411623,0.0005282152686048857,0.00025387090429072017,0.0,0.0,0.0,0.0008066543249237402,0.00014331422016411623,0.0,0.00014331422016411623,0.0002948178243376106,0.00025387090429072017,0.0,0.0,0.0,0.0008066543249237402,0.00014331422016411623,0.0,0.00014331422016411623,0.0002948178243376106,0.00025387090429072017,0.0,0.0,0.0,0.0008066543249237402,0.00014331422016411623,0.0,0.00014331422016411623,0.0002948178243376106,0.00025387090429072017,0.0,0.0,0.0,0.0008066543249237402,0.00014331422016411623,0.0,0.0,0.0,0.00016378768018756142,0.0,0.00014331422016411623,0.00014331422016411623,0.0009499685450878565,0.0,0.00014331422016411623,0.0,0.0,0.006449139907385231,0.0007165711008205812,0.00045041612051579383,0.00045041612051579383,0.004483687745134495,0.0,0.00045041612051579383
x_R28_EXIT_D,0.0,0.0,0.0,0.0003111965923563667,0.00014331422016411623,0.00014331422016411623,0.0009499685450878565,0.0,0.00014331422016411623,0.0,0.0,0.0,0.0003111965923563667,0.00014331422016411623,0.00014331422016411623,0.0009499685450878565,0.0,0.00014331422016411623,0.0,0.0,0.0,0.0003111965923563667,9.008322410315878e-05,5.3230996060957466e-05,0.0010400517691910153,0.0,5.3230996060957466e-05,0.0,0.0,0.0,0.0003111965923563667,9.008322410315878e-05,5.3230996060957466e-05,0.0010400517691910153,0.0,5.3230996060957466e-05,0.0,0.0,0.0,0.0003111965923563667,0.00022111336825320795,0.00025796559629540924,0.0010400517691910153,0.0,0.00025796559629540924,0.0,0.0,0.0,0.0003111965923563667,0.00022111336825320795,0.00025796559629540924,0.0010400517691910153,0.0,0.00025796559629540924,0.0,0.0,0.0,0.00016378768018756145,0.00022111336825320795,0.00025796559629540924,0.0010400517691910153,0.0,0.00025796559629540924,0.0,0.0,0.0,0.0003111965923563667,0.00014331422016411623,0.00014331422016411623,0.0009499685450878565,0.0,0.00014331422016411623,0.0,0.0,0.0,0.0003111965923563667,0.00014331422016411623,0.00014331422016411623,0.0009499685450878565,0.0,0.00014331422016411623,0.0,0.0,0.0,0.00016378768018756145,0.0003685222804220132,0.00040537450846421454,0.0014986572737161873,0.0001474089121688053,0.00040537450846421454,0.0,0.0,0.0,0.00016378768018756145,0.00022111336825320795,0.00025796559629540924,0.0010400517691910153,0.0,0.00025796559629540924,0.0,0.0,0.0,0.0006223931847127334,0.00018016644820631757,0.00010646199212191493,0.0020801035383820306,0.0,0.00010646199212191493,0.0,0.0,0.0,0.0003111965923563667,0.00014331422016411623,0.00014331422016411623,0.0009499685450878565,0.0,0.00014331422016411623,0.0,0.0,0.0,0.0003111965923563667,0.00014331422016411623,0.00014331422016411623,0.0009499685450878565,0.0,0.00014331422016411623,0.0,0.0,0.0,8.189384009378072e-05,0.0001842611402110066,0.00020268725423210727,0.0007493286368580937,7.370445608440265e-05,0.00020268725423210727,0.0,0.0,0.0,0.00016378768018756145,0.0003685222804220132,0.00040537450846421454,0.0014986572737161873,0.0001474089121688053,0.00040537450846421454,0.0,0.0,0.0,0.0,0.0,0.0,0.0,0.0,0.0,0.0002866284403282325,0.00010646199212191493,0.0001474089121688053,0.0007698020968815388,0.0,0.0,0.0016133086498474804,0.0002866284403282325,0.0,0.00025796559629540924,0.00025796559629540924,0.00025796559629540924,5.3230996060957466e-05,0.0004790789645486172,0.0005159311925908186,0.0016092139578427912,0.00025796559629540924,0.0005159311925908186,0.8381128596499825,0.8382029428740857,0.8382029428740857,-0.8002078879403214,0.8379695454298184,0.8379695454298184,0.8371628911048946,0.8381128596499825,0.8379695454298184,0.0006223931847127333,0.0007124764088158922,0.0007124764088158922,0.0013348695935286256,0.0004790789645486171,0.0004790789645486171,0.0002948178243376106,0.0006223931847127333,0.0004790789645486171,0.00018016644820631757,0.0002702496723094764,0.0002702496723094764,0.0008926428570222098,0.0,0.0,0.0007698020968815388,0.00018016644820631757,0.0,0.00014331422016411623,0.00023339744426727503,0.00022111336825320795,0.0005323099606095748,0.0,0.0,0.0008066543249237402,0.00014331422016411623,0.0,0.00014331422016411623,5.3230996060957466e-05,0.00022111336825320795,0.0005323099606095748,0.0,0.0,0.0008066543249237402,0.00014331422016411623,0.0,0.00014331422016411623,5.3230996060957466e-05,0.00022111336825320795,0.0005323099606095748,0.0,0.0,0.0008066543249237402,0.00014331422016411623,0.0,0.00014331422016411623,5.3230996060957466e-05,0.00022111336825320795,0.0005323099606095748,0.0,0.0,0.0008066543249237402,0.00014331422016411623,0.0,0.0,0.0,0.0,0.0003111965923563667,0.00014331422016411623,0.00014331422016411623,0.0009499685450878565,0.0,0.00014331422016411623,0.0,0.0,0.0007165711008205812,0.003828537024384247,0.00045041612051579383,0.00045041612051579383,0.004483687745134495,0.0,0.00045041612051579383
x_R28_EXIT_E,0.0,0.0,0.0,0.0,0.0010441464611957042,0.0001474089121688053,0.0008066543249237402,0.0,7.370445608440265e-05,0.0,0.0,0.0,0.0,0.0010441464611957042,0.0001474089121688053,0.0008066543249237402,0.0,7.370445608440265e-05,0.0,0.0,0.0,0.0,0.0007861808649002948,0.0,0.0008066543249237402,0.0,0.0,0.0,0.0,0.0,0.0,0.0007861808649002948,0.0,0.0008066543249237402,0.0,0.0,0.0,0.0,0.0,0.0,0.0007861808649002948,0.0,0.0008066543249237402,0.0,0.0,0.0,0.0,0.0,0.0,0.0007861808649002948,0.0,0.0008066543249237402,0.0,0.0,0.0,0.0,0.0,0.0,0.0007861808649002948,0.0,0.0008066543249237402,0.0,0.0,0.0,0.0,0.0,0.0,0.0010441464611957042,0.0001474089121688053,0.0008066543249237402,0.0,7.370445608440265e-05,0.0,0.0,0.0,0.0,0.0010441464611957042,0.0001474089121688053,0.0008066543249237402,0.0,7.370445608440265e-05,0.0,0.0,0.0,0.0,0.0007861808649002948,0.0,0.0008066543249237402,0.0,0.0,0.0,0.0,0.0,0.0,0.0007861808649002948,0.0,0.0008066543249237402,0.0,0.0,0.0,0.0,0.0,0.0,0.0015723617298005895,0.0,0.0016133086498474804,0.0,0.0,0.0,0.0,0.0,0.0,0.0010441464611957042,0.0001474089121688053,0.0008066543249237402,0.0,7.370445608440265e-05,0.0,0.0,0.0,0.0,0.0010441464611957042,0.0001474089121688053,0.0008066543249237402,0.0,7.370445608440265e-05,0.0,0.0,0.0,0.0,0.0003930904324501474,0.0,0.0004033271624618701,0.0,0.0,0.0,0.0,0.0,0.0,0.0007861808649002948,0.0,0.0008066543249237402,0.0,0.0,0.0,0.0,0.0,0.0,0.0,0.0,0.0,0.0,0.0,0.0,0.0,0.0,0.0,0.0015723617298005895,0.0,0.001687013105931883,0.0,0.0,0.0,0.0,0.0,0.0,0.0007861808649002948,0.0,0.0008066543249237402,0.0,0.0,0.8379695454298184,0.8379695454298184,0.8379695454298184,0.8379695454298184,-0.808377242095569,0.8381169543419872,0.8371628911048946,0.8379695454298184,0.8380432498859028,0.0004790789645486171,0.0004790789645486171,0.0004790789645486171,0.0004790789645486171,0.0015232254257443213,0.0006264878767174224,0.0002948178243376106,0.0004790789645486171,0.0005527834206330197,0.0,0.0,0.0,0.0,0.0010809986892379054,0.0001842611402110066,0.0007698020968815388,0.0,0.00011055668412660398,0.0,0.0,0.0,0.0,0.0010072942331535027,0.0,0.0008435065529659415,0.0,0.0,0.0001474089121688053,7.370445608440265e-05,0.0,0.0,0.0007861808649002948,0.0,0.0009540632370925454,0.0001474089121688053,0.0,0.0006633401047596238,0.0004790789645486171,0.0004422267365064159,0.0004422267365064159,0.0003480488203985681,0.0005159311925908185,0.001469994429683364,0.0006633401047596238,0.0005527834206330198,0.0003685222804220133,0.0001842611402110066,0.0001474089121688053,0.0001474089121688053,5.323099606095746e-05,0.00022111336825320795,0.0011751766053457536,0.0003685222804220133,0.00025796559629540924,0.0,0.0,0.0,0.0,0.0010441464611957042,0.0001474089121688053,0.0008066543249237402,0.0,7.370445608440265e-05,0.0,0.0,0.0,0.0,0.005220732305978519,0.0007370445608440263,0.004033271624618701,0.0,0.00036852228042201317
x_R28_EXIT_F,0.0,0.0,0.0,0.0,0.0001474089121688053,0.0003111965923563667,0.0008066543249237402,0.0,7.370445608440265e-05,0.0,0.0,0.0,0.0,0.0001474089121688053,0.0003111965923563667,0.0008066543249237402,0.0,7.370445608440265e-05,0.0,0.0,0.0,0.0,0.0,0.00016378768018756145,0.0008066543249237402,0.0,0.0,0.0,0.0,0.0,0.0,0.0,0.00016378768018756145,0.0008066543249237402,0.0,0.0,0.0,0.0,0.0,0.0,0.0,0.00016378768018756145,0.0008066543249237402,0.0,0.0,0.0,0.0,0.0,0.0,0.0,0.00016378768018756145,0.0008066543249237402,0.0,0.0,0.0,0.0,0.0,0.0,0.0,0.00016378768018756145,0.0008066543249237402,0.0,0.0,0.0,0.0,0.0,0.0,0.0001474089121688053,0.0003111965923563667,0.0008066543249237402,0.0,7.370445608440265e-05,0.0,0.0,0.0,0.0,0.0001474089121688053,0.0003111965923563667,0.0008066543249237402,0.0,7.370445608440265e-05,0.0,0.0,0.0,0.0,0.0,0.00016378768018756145,0.0008066543249237402,0.0,0.0,0.0,0.0,0.0,0.0,0.0,0.00016378768018756145,0.0008066543249237402,0.0,0.0,0.0,0.0,0.0,0.0,0.0,0.0003275753603751229,0.0016133086498474804,0.0,0.0,0.0,0.0,0.0,0.0,0.0001474089121688053,0.0003111965923563667,0.0008066543249237402,0.0,7.370445608440265e-05,0.0,0.0,0.0,0.0,0.0001474089121688053,0.0003111965923563667,0.0008066543249237402,0.0,7.370445608440265e-05,0.0,0.0,0.0,0.0,0.0,8.189384009378072e-05,0.0004033271624618701,0.0,0.0,0.0,0.0,0.0,0.0,0.0,0.00016378768018756145,0.0008066543249237402,0.0,0.0,0.0,0.0,0.0,0.0,0.0,0.0,0.0,0.0,0.0,0.0,0.0,0.0,0.0,0.0,0.0003275753603751229,0.001687013105931883,0.0,0.0,0.0,0.0,0.0,0.0,0.0,0.00016378768018756145,0.0008066543249237402,0.0,0.0,0.8379695454298184,0.8379695454298184,0.8379695454298184,0.8379695454298184,0.8381169543419872,-0.8162142454537523,0.8371628911048946,0.8379695454298184,0.8380432498859028,0.0004790789645486171,0.0004790789645486171,0.0004790789645486171,0.0004790789645486171,0.0006264878767174224,0.0007902755569049838,0.0002948178243376106,0.0004790789645486171,0.0005527834206330197,0.0,0.0,0.0,0.0,0.0001842611402110066,0.0003480488203985681,0.0007698020968815388,0.0,0.00011055668412660398,0.0,0.0,0.0,0.0,0.00011055668412660398,5.323099606095746e-05,0.0008435065529659415,0.0,0.0,0.00025796559629540924,0.0,0.0,0.0,0.0,5.323099606095746e-05,0.0010646199212191495,0.00025796559629540924,0.0001474089121688053,0.0001474089121688053,0.0,0.0,0.0,0.0,0.00016378768018756145,0.0009540632370925454,0.0001474089121688053,0.0,0.0001474089121688053,0.0,0.0,0.0,0.0,0.00016378768018756145,0.0009540632370925454,0.0001474089121688053,0.0,0.0,0.0,0.0,0.0,0.0001474089121688053,0.0003111965923563667,0.0008066543249237402,0.0,7.370445608440265e-05,0.0,0.0,0.0,0.0,0.0007370445608440263,0.0015559829617818335,0.004033271624618701,0.0,0.00036852228042201317
x_R28_EXIT_G,0.0,0.0,0.0,0.0,0.0,0.0,5.323099606095746e-05,0.0,0.0,0.0,0.0,0.0,0.0,0.0,0.0,5.323099606095746e-05,0.0,0.0,0.0,0.0,0.0,0.0,0.0,0.0,5.323099606095746e-05,0.0,0.0,0.0,0.0,0.0,0.0,0.0,0.0,5.323099606095746e-05,0.0,0.0,0.0,0.0,0.0,0.0,0.0,0.0,5.323099606095746e-05,0.0,0.0,0.0,0.0,0.0,0.0,0.0,0.0,5.323099606095746e-05,0.0,0.0,0.0,0.0,0.0,0.0,0.0,0.0,5.323099606095746e-05,0.0,0.0,0.0,0.0,0.0,0.0,0.0,0.0,5.323099606095746e-05,0.0,0.0,0.0,0.0,0.0,0.0,0.0,0.0,5.323099606095746e-05,0.0,0.0,0.0,0.0,0.0,0.0,0.0,0.0,5.323099606095746e-05,0.0,0.0,0.0,0.0,0.0,0.0,0.0,0.0,5.323099606095746e-05,0.0,0.0,0.0,0.0,0.0,0.0,0.0,0.0,0.00010646199212191492,0.0,0.0,0.0,0.0,0.0,0.0,0.0,0.0,5.323099606095746e-05,0.0,0.0,0.0,0.0,0.0,0.0,0.0,0.0,5.323099606095746e-05,0.0,0.0,0.0,0.0,0.0,0.0,0.0,0.0,0.0,0.0,0.0,0.0,0.0,0.0,0.0,0.0,0.0,5.323099606095746e-05,0.0,0.0,0.0,0.0,0.0,0.0,0.0,0.0,0.0,0.0,0.0,0.0,0.0,0.0,0.0,0.0,0.0,0.00010646199212191492,0.0,0.0,0.0,0.0,0.0,0.0,0.0,0.0,5.323099606095746e-05,0.0,0.0,0.8371628911048946,0.8371628911048946,0.8371628911048946,0.8371628911048946,0.8371628911048946,0.8371628911048946,-0.8319048578530325,0.8371628911048946,0.8371628911048946,0.0,0.0,0.0,0.0,0.0,0.0,5.323099606095746e-05,0.0,0.0,0.0,0.0,0.0,0.0,0.0,0.0,5.323099606095746e-05,0.0,0.0,0.0,0.0,0.0,0.0,0.0,0.0,5.323099606095746e-05,0.0,0.0,0.0,0.0,0.0,0.0,0.0,0.0,5.323099606095746e-05,0.0,0.0,0.0,0.0,0.0,0.0,0.0,0.0,5.323099606095746e-05,0.0,0.0,0.0,0.0,0.0,0.0,0.0,0.0,5.323099606095746e-05,0.0,0.0,0.0,0.0,0.0,0.0,0.0,0.0,5.323099606095746e-05,0.0,0.0,0.0,0.0,0.0,0.0,0.0,0.0,0.0002661549803047873,0.0,0.0
x_R28_EXIT_H,0.0,0.0,0.0,0.0,0.0003275753603751229,0.0003275753603751229,0.001134229685298863,0.00016378768018756142,0.0003275753603751229,0.0,0.0,0.0,0.0,0.0003275753603751229,0.0003275753603751229,0.001134229685298863,0.00016378768018756142,0.0003275753603751229,0.0,0.0,0.0,0.0,0.0,0.0,0.0009499685450878565,0.00034804882039856803,0.0,0.0,0.0,0.0,0.0,0.0,0.0,0.0009499685450878565,0.00034804882039856803,0.0,0.0,0.0,0.0,0.0,0.0,0.0,0.0009499685450878565,0.00034804882039856803,0.0,0.0,0.0,0.0,0.0,0.0,0.0,0.0009499685450878565,0.00034804882039856803,0.0,0.0,0.0,0.0,0.0,0.0,0.0,0.0009499685450878565,0.00034804882039856803,0.0,0.0,0.0,0.0,0.0001842611402110066,0.0005118365005861294,0.0005118365005861294,0.0013184908255098695,0.00016378768018756142,0.0005118365005861294,0.0,0.0,0.0,0.0001842611402110066,0.0005118365005861294,0.0005118365005861294,0.0013184908255098695,0.00016378768018756142,0.0005118365005861294,0.0,0.0,0.0,0.0,0.0,0.0,0.0009499685450878565,0.00034804882039856803,0.0,0.0,0.0,0.0,0.0,0.0,0.0,0.0009499685450878565,0.00034804882039856803,0.0,0.0,0.0,0.0,0.0,0.0,0.0,0.001899937090175713,0.0006960976407971361,0.0,0.0,0.0001842611402110066,0.0001842611402110066,0.0001842611402110066,0.0005118365005861294,0.0005118365005861294,0.0013184908255098695,0.00016378768018756142,0.0005118365005861294,0.0,0.0001842611402110066,0.0001842611402110066,0.0001842611402110066,0.0005118365005861294,0.0005118365005861294,0.0013184908255098695,0.00016378768018756142,0.0005118365005861294,0.0,0.0,0.0,0.0,0.0,0.0,0.00047498427254392825,0.00017402441019928402,0.0,0.0,0.0,0.0,0.0,0.0,0.0,0.0009499685450878565,0.00034804882039856803,0.0,0.0,0.0,0.0,0.0,0.0,0.0,0.0,0.0,0.0,0.0003685222804220132,0.0,0.0,0.0,0.0,0.0,0.0016133086498474804,0.0010646199212191493,0.0,0.0,0.0,0.0,0.0,0.0,0.0,0.0009499685450878565,0.00034804882039856803,0.0,0.8382971207901935,0.8381128596499825,0.8381128596499825,0.8381128596499825,0.8379695454298184,0.8379695454298184,0.8371628911048946,-0.8054026803810057,0.8379695454298184,0.0008066543249237401,0.0006223931847127333,0.0006223931847127333,0.0006223931847127333,0.0004790789645486171,0.0004790789645486171,0.0002948178243376106,0.0011547031453223082,0.0004790789645486171,0.0003644275884173242,0.00018016644820631757,0.00018016644820631757,0.00018016644820631757,0.0,0.0,0.0007698020968815388,0.0007124764088158922,0.0,0.0003275753603751229,0.00014331422016411623,0.0,0.0,0.0,0.0,0.0008066543249237402,0.0006756241807736908,0.0,0.0003275753603751229,0.0,0.0,0.0,0.0,0.0,0.0008066543249237402,0.0006756241807736908,0.0,0.0003275753603751229,0.0,0.0,0.0,0.0,0.0,0.0008066543249237402,0.0006756241807736908,0.0,0.0003275753603751229,0.0,0.0,0.0,0.0,0.0,0.0008066543249237402,0.0006756241807736908,0.0,0.0,0.0,0.0,0.0,0.0003275753603751229,0.0003275753603751229,0.001134229685298863,0.00016378768018756142,0.0003275753603751229,0.00036852228042201317,0.00036852228042201317,0.0002661549803047873,0.0002661549803047873,0.00045041612051579383,0.00045041612051579383,0.004483687745134495,0.002108766382414853,0.00045041612051579383
x_R28_EXIT_STAIRWELL,0.0,0.0,0.0,0.0,7.370445608440265e-05,7.370445608440265e-05,0.0008066543249237402,0.0,0.00029072313233292153,0.0,0.0,0.0,0.0,7.370445608440265e-05,7.370445608440265e-05,0.0008066543249237402,0.0,0.00029072313233292153,0.0,0.0,0.0,0.0,0.0,0.0,0.0008066543249237402,0.0,0.00016378768018756145,0.0,0.0,0.0,0.0,0.0,0.0,0.0008066543249237402,0.0,0.00016378768018756145,0.0,0.0,0.0,0.0,0.0,0.0,0.0008066543249237402,0.0,0.00016378768018756145,0.0,0.0,0.0,0.0,0.0,0.0,0.0008066543249237402,0.0,0.00016378768018756145,0.0,0.0,0.0,0.0,0.0,0.0,0.0008066543249237402,0.0,0.00016378768018756145,0.0,0.0,0.0,0.0,7.370445608440265e-05,7.370445608440265e-05,0.0008066543249237402,0.0,0.00029072313233292153,0.0,0.0,0.0,0.0,7.370445608440265e-05,7.370445608440265e-05,0.0008066543249237402,0.0,0.00029072313233292153,0.0,0.0,0.0,0.0,0.0,0.0,0.0008066543249237402,0.0,0.00016378768018756145,0.0,0.0,0.0,0.0,0.0,0.0,0.0008066543249237402,0.0,0.00016378768018756145,0.0,0.0,0.0,0.0,0.0,0.0,0.0016133086498474804,0.0,0.0003275753603751229,0.0,0.0,0.0,0.0,7.370445608440265e-05,7.370445608440265e-05,0.0008066543249237402,0.0,0.00029072313233292153,0.0,0.0,0.0,0.0,7.370445608440265e-05,7.370445608440265e-05,0.0008066543249237402,0.0,0.00029072313233292153,0.0,0.0,0.0,0.0,0.0,0.0,0.0004033271624618701,0.0,8.189384009378072e-05,0.0,0.0,0.0,0.0,0.0,0.0,0.0008066543249237402,0.0,0.00016378768018756145,0.0,0.0,0.0,0.0,0.0,0.0,0.0,0.0,0.0,0.0,0.0,0.0,0.0,0.0,0.0,0.0017197706419693952,0.0,0.0003275753603751229,0.0,0.0,0.0,0.0,0.0,0.0,0.0008066543249237402,0.0,0.00016378768018756145,0.8379695454298184,0.8379695454298184,0.8379695454298184,0.8379695454298184,0.8380432498859028,0.8380432498859028,0.8371628911048946,0.8379695454298184,-0.819159917409388,0.0004790789645486171,0.0004790789645486171,0.0004790789645486171,0.0004790789645486171,0.0005527834206330197,0.0005527834206330197,0.0002948178243376106,0.0004790789645486171,0.0007698020968815387,0.0,0.0,0.0,0.0,0.00011055668412660398,0.00011055668412660398,0.0007698020968815388,0.0,0.0003275753603751229,0.0,0.0,9.008322410315878e-05,9.008322410315878e-05,0.0,0.0,0.0008435065529659415,0.0,0.0002538709042907202,7.370445608440265e-05,0.0,0.0,0.0,0.0,0.0,0.0008803587810081428,7.370445608440265e-05,0.00016378768018756145,7.370445608440265e-05,0.0,0.0,0.0,0.0,0.0,0.0008803587810081428,7.370445608440265e-05,0.00016378768018756145,7.370445608440265e-05,0.0,0.0,0.0,0.0,0.0,0.0008803587810081428,7.370445608440265e-05,0.00016378768018756145,0.0,0.0,0.0,0.0,7.370445608440265e-05,7.370445608440265e-05,0.0008066543249237402,0.0,0.00029072313233292153,0.0,0.0,0.0,0.0,0.00036852228042201317,0.00036852228042201317,0.004033271624618701,0.0,0.0014536156616646073
x_R29_EXIT_A,5.323099606095746e-05,0.00029481782433761055,0.00029481782433761055,0.0005896356486752211,0.0009540632370925454,0.0009540632370925454,0.0014331422016411628,0.00011055668412660398,0.0009540632370925454,5.323099606095746e-05,0.00029481782433761055,0.00029481782433761055,0.0005896356486752211,0.0009540632370925454,0.0009540632370925454,0.0014331422016411628,0.00011055668412660398,0.0009540632370925454,0.000348048820398568,0.0,0.0,0.0,0.0,0.0,0.0006223931847127333,0.0003316700523798118,0.0,0.000348048820398568,0.0,0.0,0.0,0.0,0.0,0.0006223931847127333,0.0003316700523798118,0.0,0.000348048820398568,0.0,0.0,0.0,0.0,0.0,0.0006223931847127333,0.0003316700523798118,0.0,0.000348048820398568,0.0,0.0,0.0,0.0,0.0,0.0006223931847127333,0.0003316700523798118,0.0,0.000348048820398568,0.0,0.0,0.0,0.0,0.0,0.0006223931847127333,0.0003316700523798118,0.0,0.00016378768018756145,0.0001842611402110066,0.0001842611402110066,0.0,0.0003275753603751229,0.0003275753603751229,0.0008066543249237401,0.0,0.0003275753603751229,0.00016378768018756145,0.0001842611402110066,0.0001842611402110066,0.0,0.0003275753603751229,0.0003275753603751229,0.0008066543249237401,0.0,0.0003275753603751229,0.000348048820398568,0.0,0.0,0.0,0.0,0.0,0.0006223931847127333,0.0,0.0,0.000348048820398568,0.0,0.0,0.0,0.0,0.0,0.0006223931847127333,0.0003316700523798118,0.0,0.0009172110090503437,0.0,0.0,0.0,0.0,0.0,0.0012447863694254667,7.370445608440265e-05,0.0,0.00016378768018756145,0.0003316700523798118,0.0003316700523798118,0.0,0.0003275753603751229,0.0003275753603751229,0.0008066543249237401,0.0,0.0003275753603751229,0.00016378768018756145,0.0003316700523798118,0.0003316700523798118,0.0,0.0003275753603751229,0.0003275753603751229,0.0008066543249237401,0.0,0.0003275753603751229,0.000174024410199284,0.0,0.0,0.0,0.0,0.0,0.00031119659235636667,0.0,0.0,0.000348048820398568,0.0,0.0,0.0,0.0,0.0,0.0006223931847127333,0.0,0.0,0.0,0.0,0.0,0.0,0.0,0.0,0.0,0.0,0.0,0.0017279600259787733,0.0,0.0,0.0,0.0,0.0,0.0009581579290972342,0.0003685222804220132,0.0,0.000348048820398568,0.0,0.0,0.0,0.0,0.0,0.0006223931847127333,0.0,0.0,0.0014863731977021203,0.0006223931847127333,0.0006223931847127333,0.0006223931847127333,0.0004790789645486171,0.0004790789645486171,0.0,0.0008066543249237401,0.0004790789645486171,-0.8021413767686667,0.8374904664652698,0.8374904664652698,0.8374904664652698,0.8373471522451057,0.8373471522451057,0.8368588602235465,0.8376747276054808,0.8373471522451057,0.0010441464611957042,0.00018016644820631757,0.00018016644820631757,0.00018016644820631757,0.0,0.0,0.0004422267365064158,0.0003644275884173242,0.0,0.001007294233153503,0.00014331422016411623,0.0,0.0,0.0,0.0,0.0004790789645486171,0.0003275753603751229,0.0,0.001007294233153503,0.0,0.0,0.0,0.0,0.0,0.0004790789645486171,0.0003275753603751229,0.0,0.001007294233153503,0.0,0.0,0.0,0.0,0.0,0.0004790789645486171,0.0003275753603751229,0.0,0.001007294233153503,0.0,0.0,0.0,0.0,0.0,0.0004790789645486171,0.0003275753603751229,0.0,0.00016378768018756145,0.0001842611402110066,0.0001842611402110066,0.000479078964548617,0.0008435065529659413,0.0008435065529659413,0.0013225855175145588,0.0,0.0008435065529659413,0.0037671166443139135,0.002026872542321072,0.0002661549803047873,0.0002661549803047873,0.00045041612051579383,0.00045041612051579383,0.00284581094325888,0.00036852228042201317,0.00045041612051579383
x_R29_EXIT_B,0.0,0.00016378768018756142,0.0,0.0,0.00014331422016411623,0.00014331422016411623,0.0006223931847127333,0.0,0.00014331422016411623,0.0,0.00016378768018756142,0.0,0.0,0.00014331422016411623,0.00014331422016411623,0.0006223931847127333,0.0,0.00014331422016411623,0.00011055668412660398,5.323099606095746e-05,0.00011055668412660398,0.00011055668412660398,0.0009499685450878563,0.0009499685450878563,0.0016624449539037484,0.00011055668412660398,0.0009499685450878563,0.00011055668412660398,5.323099606095746e-05,0.00011055668412660398,0.00011055668412660398,0.0009499685450878563,0.0009499685450878563,0.0016624449539037484,0.00011055668412660398,0.0009499685450878563,0.0,0.00016378768018756142,0.0,0.0,0.0,0.0,0.0010072942331535027,0.0,0.0,0.0,0.00016378768018756142,0.0,0.0,0.0,0.0,0.0010072942331535027,0.0,0.0,0.0,0.00016378768018756142,0.0,0.0,0.0,0.0,0.0010072942331535027,0.0,0.0,0.0,0.00016378768018756142,0.0,0.0,0.00014331422016411623,0.00014331422016411623,0.0006223931847127333,0.0,0.00014331422016411623,0.0,0.00016378768018756142,0.0,0.0,0.00014331422016411623,0.00014331422016411623,0.0006223931847127333,0.0,0.00014331422016411623,0.0,0.00016378768018756142,0.0,0.0,0.0,0.0,0.0007124764088158922,0.0,0.0,0.0,0.00016378768018756142,0.0,0.0,0.0,0.0,0.0010072942331535027,0.0,0.0,0.0,0.0011301349932941738,0.0,0.0,0.0005896356486752212,0.0005896356486752212,0.0020145884663070055,0.0,0.0005896356486752212,0.0,0.00016378768018756142,0.0,0.0,0.00014331422016411623,0.00014331422016411623,0.0006223931847127333,0.0,0.00014331422016411623,0.0,0.00016378768018756142,0.0,0.0,0.00014331422016411623,0.00014331422016411623,0.0006223931847127333,0.0,0.00014331422016411623,0.0,8.189384009378071e-05,0.0,0.0,0.0,0.0,0.0003562382044079461,0.0,0.0,0.0,0.00016378768018756142,0.0,0.0,0.0,0.0,0.0007124764088158922,0.0,0.0,0.0,0.0,0.0,0.0,0.0,0.0,0.0,0.0,0.0,0.00018016644820631757,0.0020063990822976273,0.0,0.0,0.0,0.0,0.0009581579290972342,0.00018016644820631757,0.0,0.0,0.00016378768018756142,0.0,0.0,0.0,0.0,0.0007124764088158922,0.0,0.0,0.0006223931847127333,0.0017156759499647057,0.0010072942331535027,0.0007124764088158922,0.0004790789645486171,0.0004790789645486171,0.0,0.0006223931847127333,0.0004790789645486171,0.8374904664652698,-0.8048372725120163,0.8378753675137105,0.8375805496893729,0.8373471522451057,0.8373471522451057,0.8368588602235465,0.8374904664652698,0.8373471522451057,0.00018016644820631757,0.00127344921345829,0.000565067496647087,0.0002702496723094764,0.0,0.0,0.0004422267365064158,0.00018016644820631757,0.0,0.00014331422016411623,0.0012365969854160885,0.0,0.0,0.0,0.0,0.0004790789645486171,0.00014331422016411623,0.0,0.00014331422016411623,0.0010031995411488137,0.0,0.0,0.0,0.0,0.0004790789645486171,0.00014331422016411623,0.0,0.00014331422016411623,0.0010031995411488137,0.0,0.0,0.0,0.0,0.0004790789645486171,0.00014331422016411623,0.0,0.00014331422016411623,0.0010031995411488137,0.0,0.0,0.0,0.0,0.0004790789645486171,0.00014331422016411623,0.0,0.0,0.00016378768018756142,0.0,0.0,0.00014331422016411623,0.00014331422016411623,0.0006223931847127333,0.0,0.00014331422016411623,0.0,0.000818938400937807,0.0021906602225086336,0.0007165711008205812,0.00045041612051579383,0.00045041612051579383,0.00284581094325888,0.0,0.00045041612051579383
x_R29_EXIT_C,0.0,0.0,0.00016378768018756142,0.0,0.00014331422016411623,0.00014331422016411623,0.0006223931847127333,0.0,0.00014331422016411623,0.0,0.0,0.00016378768018756142,0.0,0.00014331422016411623,0.00014331422016411623,0.0006223931847127333,0.0,0.00014331422016411623,0.0,0.0,0.00016378768018756142,9.008322410315878e-05,0.0002948178243376106,0.0002948178243376106,0.0010072942331535027,0.0,0.0002948178243376106,0.0,0.0,0.00016378768018756142,9.008322410315878e-05,0.0002948178243376106,0.0002948178243376106,0.0010072942331535027,0.0,0.0002948178243376106,0.00011055668412660398,0.00011055668412660398,5.323099606095746e-05,0.00020063990822976276,0.00020063990822976276,0.00020063990822976276,0.0012447863694254667,0.00011055668412660398,0.00020063990822976276,0.00011055668412660398,0.00011055668412660398,5.323099606095746e-05,0.00020063990822976276,0.00020063990822976276,0.00020063990822976276,0.0012447863694254667,0.00011055668412660398,0.00020063990822976276,0.0,0.0,0.00016378768018756142,0.0,9.008322410315878e-05,9.008322410315878e-05,0.0011342296852988626,0.0,9.008322410315878e-05,0.0,0.0,0.00016378768018756142,0.0,0.00014331422016411623,0.00014331422016411623,0.0006223931847127333,0.0,0.00014331422016411623,0.0,0.0,0.00016378768018756142,0.0,0.00014331422016411623,0.00014331422016411623,0.0006223931847127333,0.0,0.00014331422016411623,0.0,0.0,0.00016378768018756142,0.0,0.0,0.0,0.0007124764088158922,0.0,0.0,0.0,0.0,0.00016378768018756142,0.0,9.008322410315878e-05,9.008322410315878e-05,0.0011342296852988626,0.0,9.008322410315878e-05,0.0,0.0,0.0015314148097536992,0.0,0.0006960976407971361,0.0006960976407971361,0.0021210504584289205,0.0,0.0006960976407971361,0.0,0.0,0.00016378768018756142,0.0,0.00014331422016411623,0.00014331422016411623,0.0006223931847127333,0.0,0.00014331422016411623,0.0,0.0,0.00016378768018756142,0.0,0.00014331422016411623,0.00014331422016411623,0.0006223931847127333,0.0,0.00014331422016411623,0.0,0.0,8.189384009378071e-05,0.0,0.0,0.0,0.0003562382044079461,0.0,0.0,0.0,0.0,0.00016378768018756142,0.0,0.0,0.0,0.0007124764088158922,0.0,0.0,0.0,0.0,0.0,0.0,0.0,0.0,0.0,0.0,0.0,0.00018016644820631757,0.0005896356486752212,0.0005077418085814403,0.0,0.0,0.0,0.0009581579290972342,0.00018016644820631757,0.0,9.008322410315878e-05,9.008322410315878e-05,0.00025387090429072017,0.0,0.0,0.0,0.0007124764088158922,0.0,0.0,0.0006223931847127333,0.0010072942331535027,0.001858990170128822,0.0007124764088158922,0.0004790789645486171,0.0004790789645486171,0.0,0.0006223931847127333,0.0004790789645486171,0.8374904664652698,0.8378753675137105,-0.8009329887974936,0.8375805496893729,0.8373471522451057,0.8373471522451057,0.8368588602235465,0.8374904664652698,0.8373471522451057,0.00018016644820631757,0.000565067496647087,0.0014167634336224063,0.0002702496723094764,0.0,0.0,0.0004422267365064158,0.00018016644820631757,0.0,0.00014331422016411623,0.0005282152686048857,0.00025387090429072017,0.0,0.0,0.0,0.0004790789645486171,0.00014331422016411623,0.0,0.00014331422016411623,0.0002948178243376106,0.00025387090429072017,0.0,0.0,0.0,0.0004790789645486171,0.00014331422016411623,0.0,0.00014331422016411623,0.0002948178243376106,0.00025387090429072017,0.0,0.0,0.0,0.0004790789645486171,0.00014331422016411623,0.0,0.00014331422016411623,0.0002948178243376106,0.00025387090429072017,0.0,0.0,0.0,0.0004790789645486171,0.00014331422016411623,0.0,0.0,0.0,0.00016378768018756142,0.0,0.00014331422016411623,0.00014331422016411623,0.0006223931847127333,0.0,0.00014331422016411623,0.0,0.0,0.006449139907385231,0.0007165711008205812,0.00045041612051579383,0.00045041612051579383,0.00284581094325888,0.0,0.00045041612051579383
x_R29_EXIT_D,0.0,0.0,0.0,0.0003111965923563667,0.00014331422016411623,0.00014331422016411623,0.0006223931847127333,0.0,0.00014331422016411623,0.0,0.0,0.0,0.0003111965923563667,0.00014331422016411623,0.00014331422016411623,0.0006223931847127333,0.0,0.00014331422016411623,0.0,0.0,0.0,0.0003111965923563667,9.008322410315878e-05,5.3230996060957466e-05,0.0007124764088158922,0.0,5.3230996060957466e-05,0.0,0.0,0.0,0.0003111965923563667,9.008322410315878e-05,5.3230996060957466e-05,0.0007124764088158922,0.0,5.3230996060957466e-05,0.0,0.0,0.0,0.0003111965923563667,0.00022111336825320795,0.00025796559629540924,0.0007124764088158922,0.0,0.00025796559629540924,0.0,0.0,0.0,0.0003111965923563667,0.00022111336825320795,0.00025796559629540924,0.0007124764088158922,0.0,0.00025796559629540924,0.0,0.0,0.0,0.00016378768018756145,0.00022111336825320795,0.00025796559629540924,0.0007124764088158922,0.0,0.00025796559629540924,0.0,0.0,0.0,0.0003111965923563667,0.00014331422016411623,0.00014331422016411623,0.0006223931847127333,0.0,0.00014331422016411623,0.0,0.0,0.0,0.0003111965923563667,0.00014331422016411623,0.00014331422016411623,0.0006223931847127333,0.0,0.00014331422016411623,0.0,0.0,0.0,0.00016378768018756145,0.0003685222804220132,0.00040537450846421454,0.0011710819133410643,0.0001474089121688053,0.00040537450846421454,0.0,0.0,0.0,0.00016378768018756145,0.00022111336825320795,0.00025796559629540924,0.0007124764088158922,0.0,0.00025796559629540924,0.0,0.0,0.0,0.0006223931847127334,0.00018016644820631757,0.00010646199212191493,0.0014249528176317845,0.0,0.00010646199212191493,0.0,0.0,0.0,0.0003111965923563667,0.00014331422016411623,0.00014331422016411623,0.0006223931847127333,0.0,0.00014331422016411623,0.0,0.0,0.0,0.0003111965923563667,0.00014331422016411623,0.00014331422016411623,0.0006223931847127333,0.0,0.00014331422016411623,0.0,0.0,0.0,8.189384009378072e-05,0.0001842611402110066,0.00020268725423210727,0.0005855409566705321,7.370445608440265e-05,0.00020268725423210727,0.0,0.0,0.0,0.00016378768018756145,0.0003685222804220132,0.00040537450846421454,0.0011710819133410643,0.0001474089121688053,0.00040537450846421454,0.0,0.0,0.0,0.0,0.0,0.0,0.0,0.0,0.0,0.0002866284403282325,0.00010646199212191493,0.0001474089121688053,0.0007698020968815388,0.0,0.0,0.0009581579290972342,0.0002866284403282325,0.0,0.00025796559629540924,0.00025796559629540924,0.00025796559629540924,5.3230996060957466e-05,0.0004790789645486172,0.0005159311925908186,0.0012816385974676683,0.00025796559629540924,0.0005159311925908186,0.0006223931847127333,0.0007124764088158922,0.0007124764088158922,0.0013348695935286256,0.0004790789645486171,0.0004790789645486171,0.0,0.0006223931847127333,0.0004790789645486171,0.8374904664652698,0.8375805496893729,0.8375805496893729,-0.8056359643678256,0.8373471522451057,0.8373471522451057,0.8368588602235465,0.8374904664652698,0.8373471522451057,0.00018016644820631757,0.0002702496723094764,0.0002702496723094764,0.0008926428570222098,0.0,0.0,0.0004422267365064158,0.00018016644820631757,0.0,0.00014331422016411623,0.00023339744426727503,0.00022111336825320795,0.0005323099606095748,0.0,0.0,0.0004790789645486171,0.00014331422016411623,0.0,0.00014331422016411623,5.3230996060957466e-05,0.00022111336825320795,0.0005323099606095748,0.0,0.0,0.0004790789645486171,0.00014331422016411623,0.0,0.00014331422016411623,5.3230996060957466e-05,0.00022111336825320795,0.0005323099606095748,0.0,0.0,0.0004790789645486171,0.00014331422016411623,0.0,0.00014331422016411623,5.3230996060957466e-05,0.00022111336825320795,0.0005323099606095748,0.0,0.0,0.0004790789645486171,0.00014331422016411623,0.0,0.0,0.0,0.0,0.0003111965923563667,0.00014331422016411623,0.00014331422016411623,0.0006223931847127333,0.0,0.00014331422016411623,0.0,0.0,0.0007165711008205812,0.003828537024384247,0.00045041612051579383,0.00045041612051579383,0.00284581094325888,0.0,0.00045041612051579383
x_R29_EXIT_E,0.0,0.0,0.0,0.0,0.0010441464611957042,0.0001474089121688053,0.0004790789645486171,0.0,7.370445608440265e-05,0.0,0.0,0.0,0.0,0.0010441464611957042,0.0001474089121688053,0.0004790789645486171,0.0,7.370445608440265e-05,0.0,0.0,0.0,0.0,0.0007861808649002948,0.0,0.0004790789645486171,0.0,0.0,0.0,0.0,0.0,0.0,0.0007861808649002948,0.0,0.0004790789645486171,0.0,0.0,0.0,0.0,0.0,0.0,0.0007861808649002948,0.0,0.0004790789645486171,0.0,0.0,0.0,0.0,0.0,0.0,0.0007861808649002948,0.0,0.0004790789645486171,0.0,0.0,0.0,0.0,0.0,0.0,0.0007861808649002948,0.0,0.0004790789645486171,0.0,0.0,0.0,0.0,0.0,0.0,0.0010441464611957042,0.0001474089121688053,0.0004790789645486171,0.0,7.370445608440265e-05,0.0,0.0,0.0,0.0,0.0010441464611957042,0.0001474089121688053,0.0004790789645486171,0.0,7.370445608440265e-05,0.0,0.0,0.0,0.0,0.0007861808649002948,0.0,0.0004790789645486171,0.0,0.0,0.0,0.0,0.0,0.0,0.0007861808649002948,0.0,0.0004790789645486171,0.0,0.0,0.0,0.0,0.0,0.0,0.0015723617298005895,0.0,0.0009581579290972342,0.0,0.0,0.0,0.0,0.0,0.0,0.0010441464611957042,0.0001474089121688053,0.0004790789645486171,0.0,7.370445608440265e-05,0.0,0.0,0.0,0.0,0.0010441464611957042,0.0001474089121688053,0.0004790789645486171,0.0,7.370445608440265e-05,0.0,0.0,0.0,0.0,0.0003930904324501474,0.0,0.00023953948227430855,0.0,0.0,0.0,0.0,0.0,0.0,0.0007861808649002948,0.0,0.0004790789645486171,0.0,0.0,0.0,0.0,0.0,0.0,0.0,0.0,0.0,0.0,0.0,0.0,0.0,0.0,0.0,0.0015723617298005895,0.0,0.001031862385181637,0.0,0.0,0.0,0.0,0.0,0.0,0.0007861808649002948,0.0,0.0004790789645486171,0.0,0.0,0.0004790789645486171,0.0004790789645486171,0.0004790789645486171,0.0004790789645486171,0.0015232254257443213,0.0006264878767174224,0.0,0.0004790789645486171,0.0005527834206330197,0.8373471522451057,0.8373471522451057,0.8373471522451057,0.8373471522451057,-0.8138053185230733,0.8374945611572745,0.8368588602235465,0.8373471522451057,0.83742085670119,0.0,0.0,0.0,0.0,0.0010809986892379054,0.0001842611402110066,0.0004422267365064158,0.0,0.00011055668412660398,0.0,0.0,0.0,0.0,0.0010072942331535027,0.0,0.0005159311925908185,0.0,0.0,0.0001474089121688053,7.370445608440265e-05,0.0,0.0,0.0007861808649002948,0.0,0.0006264878767174224,0.0001474089121688053,0.0,0.0006633401047596238,0.0004790789645486171,0.0004422267365064159,0.0004422267365064159,0.0003480488203985681,0.0005159311925908185,0.0011424190693082408,0.0006633401047596238,0.0005527834206330198,0.0003685222804220133,0.0001842611402110066,0.0001474089121688053,0.0001474089121688053,5.323099606095746e-05,0.00022111336825320795,0.0008476012449706303,0.0003685222804220133,0.00025796559629540924,0.0,0.0,0.0,0.0,0.0010441464611957042,0.0001474089121688053,0.0004790789645486171,0.0,7.370445608440265e-05,0.0,0.0,0.0,0.0,0.005220732305978519,0.0007370445608440263,0.0023953948227430862,0.0,0.00036852228042201317
x_R29_EXIT_F,0.0,0.0,0.0,0.0,0.0001474089121688053,0.0003111965923563667,0.0004790789645486171,0.0,7.370445608440265e-05,0.0,0.0,0.0,0.0,0.0001474089121688053,0.0003111965923563667,0.0004790789645486171,0.0,7.370445608440265e-05,0.0,0.0,0.0,0.0,0.0,0.00016378768018756145,0.0004790789645486171,0.0,0.0,0.0,0.0,0.0,0.0,0.0,0.00016378768018756145,0.0004790789645486171,0.0,0.0,0.0,0.0,0.0,0.0,0.0,0.00016378768018756145,0.0004790789645486171,0.0,0.0,0.0,0.0,0.0,0.0,0.0,0.00016378768018756145,0.0004790789645486171,0.0,0.0,0.0,0.0,0.0,0.0,0.0,0.00016378768018756145,0.0004790789645486171,0.0,0.0,0.0,0.0,0.0,0.0,0.0001474089121688053,0.0003111965923563667,0.0004790789645486171,0.0,7.370445608440265e-05,0.0,0.0,0.0,0.0,0.0001474089121688053,0.0003111965923563667,0.0004790789645486171,0.0,7.370445608440265e-05,0.0,0.0,0.0,0.0,0.0,0.00016378768018756145,0.0004790789645486171,0.0,0.0,0.0,0.0,0.0,0.0,0.0,0.00016378768018756145,0.0004790789645486171,0.0,0.0,0.0,0.0,0.0,0.0,0.0,0.0003275753603751229,0.0009581579290972342,0.0,0.0,0.0,0.0,0.0,0.0,0.0001474089121688053,0.0003111965923563667,0.0004790789645486171,0.0,7.370445608440265e-05,0.0,0.0,0.0,0.0,0.0001474089121688053,0.0003111965923563667,0.0004790789645486171,0.0,7.370445608440265e-05,0.0,0.0,0.0,0.0,0.0,8.189384009378072e-05,0.00023953948227430855,0.0,0.0,0.0,0.0,0.0,0.0,0.0,0.00016378768018756145,0.0004790789645486171,0.0,0.0,0.0,0.0,0.0,0.0,0.0,0.0,0.0,0.0,0.0,0.0,0.0,0.0,0.0,0.0,0.0003275753603751229,0.001031862385181637,0.0,0.0,0.0,0.0,0.0,0.0,0.0,0.00016378768018756145,0.0004790789645486171,0.0,0.0,0.0004790789645486171,0.0004790789645486171,0.0004790789645486171,0.0004790789645486171,0.0006264878767174224,0.0007902755569049838,0.0,0.0004790789645486171,0.0005527834206330197,0.8373471522451057,0.8373471522451057,0.8373471522451057,0.8373471522451057,0.8374945611572745,-0.8216423218812565,0.8368588602235465,0.8373471522451057,0.83742085670119,0.0,0.0,0.0,0.0,0.0001842611402110066,0.0003480488203985681,0.0004422267365064158,0.0,0.00011055668412660398,0.0,0.0,0.0,0.0,0.00011055668412660398,5.323099606095746e-05,0.0005159311925908185,0.0,0.0,0.00025796559629540924,0.0,0.0,0.0,0.0,5.323099606095746e-05,0.0007370445608440263,0.00025796559629540924,0.0001474089121688053,0.0001474089121688053,0.0,0.0,0.0,0.0,0.00016378768018756145,0.0006264878767174224,0.0001474089121688053,0.0,0.0001474089121688053,0.0,0.0,0.0,0.0,0.00016378768018756145,0.0006264878767174224,0.0001474089121688053,0.0,0.0,0.0,0.0,0.0,0.0001474089121688053,0.0003111965923563667,0.0004790789645486171,0.0,7.370445608440265e-05,0.0,0.0,0.0,0.0,0.0007370445608440263,0.0015559829617818335,0.0023953948227430862,0.0,0.00036852228042201317
x_R29_EXIT_G,0.0,0.0,0.0,0.0,0.0,0.0,0.00034804882039856803,0.0,0.0,0.0,0.0,0.0,0.0,0.0,0.0,0.00034804882039856803,0.0,0.0,0.0,0.0,0.0,0.0,0.0,0.0,0.00034804882039856803,0.0,0.0,0.0,0.0,0.0,0.0,0.0,0.0,0.00034804882039856803,0.0,0.0,0.0,0.0,0.0,0.0,0.0,0.0,0.00034804882039856803,0.0,0.0,0.0,0.0,0.0,0.0,0.0,0.0,0.00034804882039856803,0.0,0.0,0.0,0.0,0.0,0.0,0.0,0.0,0.00034804882039856803,0.0,0.0,0.0,0.0,0.0,0.0,0.0,0.0,0.00034804882039856803,0.0,0.0,0.0,0.0,0.0,0.0,0.0,0.0,0.00034804882039856803,0.0,0.0,0.0,0.0,0.0,0.0,0.0,0.0,0.00034804882039856803,0.0,0.0,0.0,0.0,0.0,0.0,0.0,0.0,0.00034804882039856803,0.0,0.0,0.0,0.0,0.0,0.0,0.0,0.0,0.0006960976407971361,0.0,0.0,0.0,0.0,0.0,0.0,0.0,0.0,0.00034804882039856803,0.0,0.0,0.0,0.0,0.0,0.0,0.0,0.0,0.00034804882039856803,0.0,0.0,0.0,0.0,0.0,0.0,0.0,0.0,0.00017402441019928402,0.0,0.0,0.0,0.0,0.0,0.0,0.0,0.0,0.00034804882039856803,0.0,0.0,0.0,0.0,0.0,0.0,0.0,0.0,0.0,0.0,0.0,0.0,0.0,0.0,0.0,0.0,0.0,0.0006960976407971361,0.0,0.0,0.0,0.0,0.0,0.0,0.0,0.0,0.00034804882039856803,0.0,0.0,0.0002948178243376106,0.0002948178243376106,0.0002948178243376106,0.0002948178243376106,0.0002948178243376106,0.0002948178243376106,5.323099606095746e-05,0.0002948178243376106,0.0002948178243376106,0.8368588602235465,0.8368588602235465,0.8368588602235465,0.8368588602235465,0.8368588602235465,0.8368588602235465,-0.8319048578530325,0.8368588602235465,0.8368588602235465,0.0,0.0,0.0,0.0,0.0,0.0,0.00034804882039856803,0.0,0.0,0.0,0.0,0.0,0.0,0.0,0.0,0.00034804882039856803,0.0,0.0,0.0,0.0,0.0,0.0,0.0,0.0,0.00034804882039856803,0.0,0.0,0.0,0.0,0.0,0.0,0.0,0.0,0.00034804882039856803,0.0,0.0,0.0,0.0,0.0,0.0,0.0,0.0,0.00034804882039856803,0.0,0.0,0.0,0.0,0.0,0.0,0.0,0.0,0.00034804882039856803,0.0,0.0,0.0,0.0,0.0,0.0,0.0,0.0,0.00174024410199284,0.0,0.0
x_R29_EXIT_H,0.0,0.0,0.0,0.0,0.0003275753603751229,0.0003275753603751229,0.0008066543249237401,0.00016378768018756142,0.0003275753603751229,0.0,0.0,0.0,0.0,0.0003275753603751229,0.0003275753603751229,0.0008066543249237401,0.00016378768018756142,0.0003275753603751229,0.0,0.0,0.0,0.0,0.0,0.0,0.0006223931847127333,0.00034804882039856803,0.0,0.0,0.0,0.0,0.0,0.0,0.0,0.0006223931847127333,0.00034804882039856803,0.0,0.0,0.0,0.0,0.0,0.0,0.0,0.0006223931847127333,0.00034804882039856803,0.0,0.0,0.0,0.0,0.0,0.0,0.0,0.0006223931847127333,0.00034804882039856803,0.0,0.0,0.0,0.0,0.0,0.0,0.0,0.0006223931847127333,0.00034804882039856803,0.0,0.0,0.0,0.0,0.0001842611402110066,0.0005118365005861294,0.0005118365005861294,0.0009909154651347467,0.00016378768018756142,0.0005118365005861294,0.0,0.0,0.0,0.0001842611402110066,0.0005118365005861294,0.0005118365005861294,0.0009909154651347467,0.00016378768018756142,0.0005118365005861294,0.0,0.0,0.0,0.0,0.0,0.0,0.0006223931847127333,0.00034804882039856803,0.0,0.0,0.0,0.0,0.0,0.0,0.0,0.0006223931847127333,0.00034804882039856803,0.0,0.0,0.0,0.0,0.0,0.0,0.0,0.0012447863694254667,0.0006960976407971361,0.0,0.0,0.0001842611402110066,0.0001842611402110066,0.0001842611402110066,0.0005118365005861294,0.0005118365005861294,0.0009909154651347467,0.00016378768018756142,0.0005118365005861294,0.0,0.0001842611402110066,0.0001842611402110066,0.0001842611402110066,0.0005118365005861294,0.0005118365005861294,0.0009909154651347467,0.00016378768018756142,0.0005118365005861294,0.0,0.0,0.0,0.0,0.0,0.0,0.00031119659235636667,0.00017402441019928402,0.0,0.0,0.0,0.0,0.0,0.0,0.0,0.0006223931847127333,0.00034804882039856803,0.0,0.0,0.0,0.0,0.0,0.0,0.0,0.0,0.0,0.0,0.0003685222804220132,0.0,0.0,0.0,0.0,0.0,0.0009581579290972342,0.0010646199212191493,0.0,0.0,0.0,0.0,0.0,0.0,0.0,0.0006223931847127333,0.00034804882039856803,0.0,0.0008066543249237401,0.0006223931847127333,0.0006223931847127333,0.0006223931847127333,0.0004790789645486171,0.0004790789645486171,0.0,0.0011547031453223082,0.0004790789645486171,0.8376747276054808,0.8374904664652698,0.8374904664652698,0.8374904664652698,0.8373471522451057,0.8373471522451057,0.8368588602235465,-0.8108307568085099,0.8373471522451057,0.0003644275884173242,0.00018016644820631757,0.00018016644820631757,0.00018016644820631757,0.0,0.0,0.0004422267365064158,0.0007124764088158922,0.0,0.0003275753603751229,0.00014331422016411623,0.0,0.0,0.0,0.0,0.0004790789645486171,0.0006756241807736908,0.0,0.0003275753603751229,0.0,0.0,0.0,0.0,0.0,0.0004790789645486171,0.0006756241807736908,0.0,0.0003275753603751229,0.0,0.0,0.0,0.0,0.0,0.0004790789645486171,0.0006756241807736908,0.0,0.0003275753603751229,0.0,0.0,0.0,0.0,0.0,0.0004790789645486171,0.0006756241807736908,0.0,0.0,0.0,0.0,0.0,0.0003275753603751229,0.0003275753603751229,0.0008066543249237401,0.00016378768018756142,0.0003275753603751229,0.00036852228042201317,0.00036852228042201317,0.0002661549803047873,0.0002661549803047873,0.00045041612051579383,0.00045041612051579383,0.00284581094325888,0.002108766382414853,0.00045041612051579383
x_R29_EXIT_STAIRWELL,0.0,0.0,0.0,0.0,7.370445608440265e-05,7.370445608440265e-05,0.0004790789645486171,0.0,0.00029072313233292153,0.0,0.0,0.0,0.0,7.370445608440265e-05,7.370445608440265e-05,0.0004790789645486171,0.0,0.00029072313233292153,0.0,0.0,0.0,0.0,0.0,0.0,0.0004790789645486171,0.0,0.00016378768018756145,0.0,0.0,0.0,0.0,0.0,0.0,0.0004790789645486171,0.0,0.00016378768018756145,0.0,0.0,0.0,0.0,0.0,0.0,0.0004790789645486171,0.0,0.00016378768018756145,0.0,0.0,0.0,0.0,0.0,0.0,0.0004790789645486171,0.0,0.00016378768018756145,0.0,0.0,0.0,0.0,0.0,0.0,0.0004790789645486171,0.0,0.00016378768018756145,0.0,0.0,0.0,0.0,7.370445608440265e-05,7.370445608440265e-05,0.0004790789645486171,0.0,0.00029072313233292153,0.0,0.0,0.0,0.0,7.370445608440265e-05,7.370445608440265e-05,0.0004790789645486171,0.0,0.00029072313233292153,0.0,0.0,0.0,0.0,0.0,0.0,0.0004790789645486171,0.0,0.00016378768018756145,0.0,0.0,0.0,0.0,0.0,0.0,0.0004790789645486171,0.0,0.00016378768018756145,0.0,0.0,0.0,0.0,0.0,0.0,0.0009581579290972342,0.0,0.0003275753603751229,0.0,0.0,0.0,0.0,7.370445608440265e-05,7.370445608440265e-05,0.0004790789645486171,0.0,0.00029072313233292153,0.0,0.0,0.0,0.0,7.370445608440265e-05,7.370445608440265e-05,0.0004790789645486171,0.0,0.00029072313233292153,0.0,0.0,0.0,0.0,0.0,0.0,0.00023953948227430855,0.0,8.189384009378072e-05,0.0,0.0,0.0,0.0,0.0,0.0,0.0004790789645486171,0.0,0.00016378768018756145,0.0,0.0,0.0,0.0,0.0,0.0,0.0,0.0,0.0,0.0,0.0,0.0,0.0,0.0,0.0,0.001064619921219149,0.0,0.0003275753603751229,0.0,0.0,0.0,0.0,0.0,0.0,0.0004790789645486171,0.0,0.00016378768018756145,0.0004790789645486171,0.0004790789645486171,0.0004790789645486171,0.0004790789645486171,0.0005527834206330197,0.0005527834206330197,0.0,0.0004790789645486171,0.0007698020968815387,0.8373471522451057,0.8373471522451057,0.8373471522451057,0.8373471522451057,0.83742085670119,0.83742085670119,0.8368588602235465,0.8373471522451057,-0.8245879938368922,0.0,0.0,0.0,0.0,0.00011055668412660398,0.00011055668412660398,0.0004422267365064158,0.0,0.0003275753603751229,0.0,0.0,9.008322410315878e-05,9.008322410315878e-05,0.0,0.0,0.0005159311925908185,0.0,0.0002538709042907202,7.370445608440265e-05,0.0,0.0,0.0,0.0,0.0,0.0005527834206330197,7.370445608440265e-05,0.00016378768018756145,7.370445608440265e-05,0.0,0.0,0.0,0.0,0.0,0.0005527834206330197,7.370445608440265e-05,0.00016378768018756145,7.370445608440265e-05,0.0,0.0,0.0,0.0,0.0,0.0005527834206330197,7.370445608440265e-05,0.00016378768018756145,0.0,0.0,0.0,0.0,7.370445608440265e-05,7.370445608440265e-05,0.0004790789645486171,0.0,0.00029072313233292153,0.0,0.0,0.0,0.0,0.00036852228042201317,0.00036852228042201317,0.0023953948227430862,0.0,0.0014536156616646073
x_R30_EXIT_A,5.323099606095746e-05,0.00029481782433761055,0.00029481782433761055,0.0005896356486752211,0.0009540632370925454,0.0009540632370925454,0.0009909154651347467,0.00011055668412660398,0.0009540632370925454,5.323099606095746e-05,0.00029481782433761055,0.00029481782433761055,0.0005896356486752211,0.0009540632370925454,0.0009540632370925454,0.0009909154651347467,0.00011055668412660398,0.0009540632370925454,0.000348048820398568,0.0,0.0,0.0,0.0,0.0,0.00018016644820631757,0.0003316700523798118,0.0,0.000348048820398568,0.0,0.0,0.0,0.0,0.0,0.00018016644820631757,0.0003316700523798118,0.0,0.000348048820398568,0.0,0.0,0.0,0.0,0.0,0.00018016644820631757,0.0003316700523798118,0.0,0.000348048820398568,0.0,0.0,0.0,0.0,0.0,0.00018016644820631757,0.0003316700523798118,0.0,0.000348048820398568,0.0,0.0,0.0,0.0,0.0,0.00018016644820631757,0.0003316700523798118,0.0,0.00016378768018756145,0.0001842611402110066,0.0001842611402110066,0.0,0.0003275753603751229,0.0003275753603751229,0.0003644275884173242,0.0,0.0003275753603751229,0.00016378768018756145,0.0001842611402110066,0.0001842611402110066,0.0,0.0003275753603751229,0.0003275753603751229,0.0003644275884173242,0.0,0.0003275753603751229,0.000348048820398568,0.0,0.0,0.0,0.0,0.0,0.00018016644820631757,0.0,0.0,0.000348048820398568,0.0,0.0,0.0,0.0,0.0,0.00018016644820631757,0.0003316700523798118,0.0,0.0009172110090503437,0.0,0.0,0.0,0.0,0.0,0.00036033289641263514,7.370445608440265e-05,0.0,0.00016378768018756145,0.0003316700523798118,0.0003316700523798118,0.0,0.0003275753603751229,0.0003275753603751229,0.0003644275884173242,0.0,0.0003275753603751229,0.00016378768018756145,0.0003316700523798118,0.0003316700523798118,0.0,0.0003275753603751229,0.0003275753603751229,0.0003644275884173242,0.0,0.0003275753603751229,0.000174024410199284,0.0,0.0,0.0,0.0,0.0,9.008322410315878e-05,0.0,0.0,0.000348048820398568,0.0,0.0,0.0,0.0,0.0,0.00018016644820631757,0.0,0.0,0.0,0.0,0.0,0.0,0.0,0.0,0.0,0.0,0.0,0.0017279600259787733,0.0,0.0,0.0,0.0,0.0,7.370445608440265e-05,0.0003685222804220132,0.0,0.000348048820398568,0.0,0.0,0.0,0.0,0.0,0.00018016644820631757,0.0,0.0,0.0010441464611957042,0.00018016644820631757,0.00018016644820631757,0.00018016644820631757,0.0,0.0,0.0,0.0003644275884173242,0.0,0.0010441464611957042,0.00018016644820631757,0.00018016644820631757,0.00018016644820631757,0.0,0.0,0.0,0.0003644275884173242,0.0,-0.8056318696758209,0.837343057553101,0.837343057553101,0.837343057553101,0.8371997433329369,0.8371997433329369,0.8371628911048946,0.837527318693312,0.8371997433329369,0.001007294233153503,0.00014331422016411623,0.0,0.0,0.0,0.0,0.0,0.0003275753603751229,0.0,0.001007294233153503,0.0,0.0,0.0,0.0,0.0,0.0,0.0003275753603751229,0.0,0.001007294233153503,0.0,0.0,0.0,0.0,0.0,0.0,0.0003275753603751229,0.0,0.001007294233153503,0.0,0.0,0.0,0.0,0.0,0.0,0.0003275753603751229,0.0,0.00016378768018756145,0.0001842611402110066,0.0001842611402110066,0.000479078964548617,0.0008435065529659413,0.0008435065529659413,0.0008803587810081427,0.0,0.0008435065529659413,0.0037671166443139135,0.002026872542321072,0.0002661549803047873,0.0002661549803047873,0.00045041612051579383,0.00045041612051579383,0.0006346772607268004,0.00036852228042201317,0.00045041612051579383
x_R30_EXIT_B,0.0,0.00016378768018756142,0.0,0.0,0.00014331422016411623,0.00014331422016411623,0.00018016644820631757,0.0,0.00014331422016411623,0.0,0.00016378768018756142,0.0,0.0,0.00014331422016411623,0.00014331422016411623,0.00018016644820631757,0.0,0.00014331422016411623,0.00011055668412660398,5.323099606095746e-05,0.00011055668412660398,0.00011055668412660398,0.0009499685450878563,0.0009499685450878563,0.0012202182173973325,0.00011055668412660398,0.0009499685450878563,0.00011055668412660398,5.323099606095746e-05,0.00011055668412660398,0.00011055668412660398,0.0009499685450878563,0.0009499685450878563,0.0012202182173973325,0.00011055668412660398,0.0009499685450878563,0.0,0.00016378768018756142,0.0,0.0,0.0,0.0,0.000565067496647087,0.0,0.0,0.0,0.00016378768018756142,0.0,0.0,0.0,0.0,0.000565067496647087,0.0,0.0,0.0,0.00016378768018756142,0.0,0.0,0.0,0.0,0.000565067496647087,0.0,0.0,0.0,0.00016378768018756142,0.0,0.0,0.00014331422016411623,0.00014331422016411623,0.00018016644820631757,0.0,0.00014331422016411623,0.0,0.00016378768018756142,0.0,0.0,0.00014331422016411623,0.00014331422016411623,0.00018016644820631757,0.0,0.00014331422016411623,0.0,0.00016378768018756142,0.0,0.0,0.0,0.0,0.0002702496723094764,0.0,0.0,0.0,0.00016378768018756142,0.0,0.0,0.0,0.0,0.000565067496647087,0.0,0.0,0.0,0.0011301349932941738,0.0,0.0,0.0005896356486752212,0.0005896356486752212,0.001130134993294174,0.0,0.0005896356486752212,0.0,0.00016378768018756142,0.0,0.0,0.00014331422016411623,0.00014331422016411623,0.00018016644820631757,0.0,0.00014331422016411623,0.0,0.00016378768018756142,0.0,0.0,0.00014331422016411623,0.00014331422016411623,0.00018016644820631757,0.0,0.00014331422016411623,0.0,8.189384009378071e-05,0.0,0.0,0.0,0.0,0.0001351248361547382,0.0,0.0,0.0,0.00016378768018756142,0.0,0.0,0.0,0.0,0.0002702496723094764,0.0,0.0,0.0,0.0,0.0,0.0,0.0,0.0,0.0,0.0,0.0,0.00018016644820631757,0.0020063990822976273,0.0,0.0,0.0,0.0,7.370445608440265e-05,0.00018016644820631757,0.0,0.0,0.00016378768018756142,0.0,0.0,0.0,0.0,0.0002702496723094764,0.0,0.0,0.00018016644820631757,0.00127344921345829,0.000565067496647087,0.0002702496723094764,0.0,0.0,0.0,0.00018016644820631757,0.0,0.00018016644820631757,0.00127344921345829,0.000565067496647087,0.0002702496723094764,0.0,0.0,0.0,0.00018016644820631757,0.0,0.837343057553101,-0.8083277654191705,0.8377279586015417,0.8374331407772041,0.8371997433329369,0.8371997433329369,0.8371628911048946,0.837343057553101,0.8371997433329369,0.00014331422016411623,0.0012365969854160885,0.0,0.0,0.0,0.0,0.0,0.00014331422016411623,0.0,0.00014331422016411623,0.0010031995411488137,0.0,0.0,0.0,0.0,0.0,0.00014331422016411623,0.0,0.00014331422016411623,0.0010031995411488137,0.0,0.0,0.0,0.0,0.0,0.00014331422016411623,0.0,0.00014331422016411623,0.0010031995411488137,0.0,0.0,0.0,0.0,0.0,0.00014331422016411623,0.0,0.0,0.00016378768018756142,0.0,0.0,0.00014331422016411623,0.00014331422016411623,0.00018016644820631757,0.0,0.00014331422016411623,0.0,0.000818938400937807,0.0021906602225086336,0.0007165711008205812,0.00045041612051579383,0.00045041612051579383,0.0006346772607268004,0.0,0.00045041612051579383
x_R30_EXIT_C,0.0,0.0,0.00016378768018756142,0.0,0.00014331422016411623,0.00014331422016411623,0.00018016644820631757,0.0,0.00014331422016411623,0.0,0.0,0.00016378768018756142,0.0,0.00014331422016411623,0.00014331422016411623,0.00018016644820631757,0.0,0.00014331422016411623,0.0,0.0,0.00016378768018756142,9.008322410315878e-05,0.0002948178243376106,0.0002948178243376106,0.000565067496647087,0.0,0.0002948178243376106,0.0,0.0,0.00016378768018756142,9.008322410315878e-05,0.0002948178243376106,0.0002948178243376106,0.000565067496647087,0.0,0.0002948178243376106,0.00011055668412660398,0.00011055668412660398,5.323099606095746e-05,0.00020063990822976276,0.00020063990822976276,0.00020063990822976276,0.000802559632919051,0.00011055668412660398,0.00020063990822976276,0.00011055668412660398,0.00011055668412660398,5.323099606095746e-05,0.00020063990822976276,0.00020063990822976276,0.00020063990822976276,0.000802559632919051,0.00011055668412660398,0.00020063990822976276,0.0,0.0,0.00016378768018756142,0.0,9.008322410315878e-05,9.008322410315878e-05,0.0006920029487924471,0.0,9.008322410315878e-05,0.0,0.0,0.00016378768018756142,0.0,0.00014331422016411623,0.00014331422016411623,0.00018016644820631757,0.0,0.00014331422016411623,0.0,0.0,0.00016378768018756142,0.0,0.00014331422016411623,0.00014331422016411623,0.00018016644820631757,0.0,0.00014331422016411623,0.0,0.0,0.00016378768018756142,0.0,0.0,0.0,0.0002702496723094764,0.0,0.0,0.0,0.0,0.00016378768018756142,0.0,9.008322410315878e-05,9.008322410315878e-05,0.0006920029487924471,0.0,9.008322410315878e-05,0.0,0.0,0.0015314148097536992,0.0,0.0006960976407971361,0.0006960976407971361,0.0012365969854160888,0.0,0.0006960976407971361,0.0,0.0,0.00016378768018756142,0.0,0.00014331422016411623,0.00014331422016411623,0.00018016644820631757,0.0,0.00014331422016411623,0.0,0.0,0.00016378768018756142,0.0,0.00014331422016411623,0.00014331422016411623,0.00018016644820631757,0.0,0.00014331422016411623,0.0,0.0,8.189384009378071e-05,0.0,0.0,0.0,0.0001351248361547382,0.0,0.0,0.0,0.0,0.00016378768018756142,0.0,0.0,0.0,0.0002702496723094764,0.0,0.0,0.0,0.0,0.0,0.0,0.0,0.0,0.0,0.0,0.0,0.00018016644820631757,0.0005896356486752212,0.0005077418085814403,0.0,0.0,0.0,7.370445608440265e-05,0.00018016644820631757,0.0,9.008322410315878e-05,9.008322410315878e-05,0.00025387090429072017,0.0,0.0,0.0,0.0002702496723094764,0.0,0.0,0.00018016644820631757,0.000565067496647087,0.0014167634336224063,0.0002702496723094764,0.0,0.0,0.0,0.00018016644820631757,0.0,0.00018016644820631757,0.000565067496647087,0.0014167634336224063,0.0002702496723094764,0.0,0.0,0.0,0.00018016644820631757,0.0,0.837343057553101,0.8377279586015417,-0.8044234817046478,0.8374331407772041,0.8371997433329369,0.8371997433329369,0.8371628911048946,0.837343057553101,0.8371997433329369,0.00014331422016411623,0.0005282152686048857,0.00025387090429072017,0.0,0.0,0.0,0.0,0.00014331422016411623,0.0,0.00014331422016411623,0.0002948178243376106,0.00025387090429072017,0.0,0.0,0.0,0.0,0.00014331422016411623,0.0,0.00014331422016411623,0.0002948178243376106,0.00025387090429072017,0.0,0.0,0.0,0.0,0.00014331422016411623,0.0,0.00014331422016411623,0.0002948178243376106,0.00025387090429072017,0.0,0.0,0.0,0.0,0.00014331422016411623,0.0,0.0,0.0,0.00016378768018756142,0.0,0.00014331422016411623,0.00014331422016411623,0.00018016644820631757,0.0,0.00014331422016411623,0.0,0.0,0.006449139907385231,0.0007165711008205812,0.00045041612051579383,0.00045041612051579383,0.0006346772607268004,0.0,0.00045041612051579383
x_R30_EXIT_D,0.0,0.0,0.0,0.0003111965923563667,0.00014331422016411623,0.00014331422016411623,0.00018016644820631757,0.0,0.00014331422016411623,0.0,0.0,0.0,0.0003111965923563667,0.00014331422016411623,0.00014331422016411623,0.00018016644820631757,0.0,0.00014331422016411623,0.0,0.0,0.0,0.0003111965923563667,9.008322410315878e-05,5.3230996060957466e-05,0.0002702496723094764,0.0,5.3230996060957466e-05,0.0,0.0,0.0,0.0003111965923563667,9.008322410315878e-05,5.3230996060957466e-05,0.0002702496723094764,0.0,5.3230996060957466e-05,0.0,0.0,0.0,0.0003111965923563667,0.00022111336825320795,0.00025796559629540924,0.0002702496723094764,0.0,0.00025796559629540924,0.0,0.0,0.0,0.0003111965923563667,0.00022111336825320795,0.00025796559629540924,0.0002702496723094764,0.0,0.00025796559629540924,0.0,0.0,0.0,0.00016378768018756145,0.00022111336825320795,0.00025796559629540924,0.0002702496723094764,0.0,0.00025796559629540924,0.0,0.0,0.0,0.0003111965923563667,0.00014331422016411623,0.00014331422016411623,0.00018016644820631757,0.0,0.00014331422016411623,0.0,0.0,0.0,0.0003111965923563667,0.00014331422016411623,0.00014331422016411623,0.00018016644820631757,0.0,0.00014331422016411623,0.0,0.0,0.0,0.00016378768018756145,0.0003685222804220132,0.00040537450846421454,0.0007288551768346484,0.0001474089121688053,0.00040537450846421454,0.0,0.0,0.0,0.00016378768018756145,0.00022111336825320795,0.00025796559629540924,0.0002702496723094764,0.0,0.00025796559629540924,0.0,0.0,0.0,0.0006223931847127334,0.00018016644820631757,0.00010646199212191493,0.0005404993446189528,0.0,0.00010646199212191493,0.0,0.0,0.0,0.0003111965923563667,0.00014331422016411623,0.00014331422016411623,0.00018016644820631757,0.0,0.00014331422016411623,0.0,0.0,0.0,0.0003111965923563667,0.00014331422016411623,0.00014331422016411623,0.00018016644820631757,0.0,0.00014331422016411623,0.0,0.0,0.0,8.189384009378072e-05,0.0001842611402110066,0.00020268725423210727,0.0003644275884173242,7.370445608440265e-05,0.00020268725423210727,0.0,0.0,0.0,0.00016378768018756145,0.0003685222804220132,0.00040537450846421454,0.0007288551768346484,0.0001474089121688053,0.00040537450846421454,0.0,0.0,0.0,0.0,0.0,0.0,0.0,0.0,0.0,0.0002866284403282325,0.00010646199212191493,0.0001474089121688053,0.0007698020968815388,0.0,0.0,7.370445608440265e-05,0.0002866284403282325,0.0,0.00025796559629540924,0.00025796559629540924,0.00025796559629540924,5.3230996060957466e-05,0.0004790789645486172,0.0005159311925908186,0.0008394118609612522,0.00025796559629540924,0.0005159311925908186,0.00018016644820631757,0.0002702496723094764,0.0002702496723094764,0.0008926428570222098,0.0,0.0,0.0,0.00018016644820631757,0.0,0.00018016644820631757,0.0002702496723094764,0.0002702496723094764,0.0008926428570222098,0.0,0.0,0.0,0.00018016644820631757,0.0,0.837343057553101,0.8374331407772041,0.8374331407772041,-0.8091264572749797,0.8371997433329369,0.8371997433329369,0.8371628911048946,0.837343057553101,0.8371997433329369,0.00014331422016411623,0.00023339744426727503,0.00022111336825320795,0.0005323099606095748,0.0,0.0,0.0,0.00014331422016411623,0.0,0.00014331422016411623,5.3230996060957466e-05,0.00022111336825320795,0.0005323099606095748,0.0,0.0,0.0,0.00014331422016411623,0.0,0.00014331422016411623,5.3230996060957466e-05,0.00022111336825320795,0.0005323099606095748,0.0,0.0,0.0,0.00014331422016411623,0.0,0.00014331422016411623,5.3230996060957466e-05,0.00022111336825320795,0.0005323099606095748,0.0,0.0,0.0,0.00014331422016411623,0.0,0.0,0.0,0.0,0.0003111965923563667,0.00014331422016411623,0.00014331422016411623,0.00018016644820631757,0.0,0.00014331422016411623,0.0,0.0,0.0007165711008205812,0.003828537024384247,0.00045041612051579383,0.00045041612051579383,0.0006346772607268004,0.0,0.00045041612051579383
x_R30_EXIT_E,0.0,0.0,0.0,0.0,0.0010441464611957042,0.0001474089121688053,0.0,0.0,7.370445608440265e-05,0.0,0.0,0.0,0.0,0.0010441464611957042,0.0001474089121688053,0.0,0.0,7.370445608440265e-05,0.0,0.0,0.0,0.0,0.0007861808649002948,0.0,0.0,0.0,0.0,0.0,0.0,0.0,0.0,0.0007861808649002948,0.0,0.0,0.0,0.0,0.0,0.0,0.0,0.0,0.0007861808649002948,0.0,0.0,0.0,0.0,0.0,0.0,0.0,0.0,0.0007861808649002948,0.0,0.0,0.0,0.0,0.0,0.0,0.0,0.0,0.0007861808649002948,0.0,0.0,0.0,0.0,0.0,0.0,0.0,0.0,0.0010441464611957042,0.0001474089121688053,0.0,0.0,7.370445608440265e-05,0.0,0.0,0.0,0.0,0.0010441464611957042,0.0001474089121688053,0.0,0.0,7.370445608440265e-05,0.0,0.0,0.0,0.0,0.0007861808649002948,0.0,0.0,0.0,0.0,0.0,0.0,0.0,0.0,0.0007861808649002948,0.0,0.0,0.0,0.0,0.0,0.0,0.0,0.0,0.0015723617298005895,0.0,7.370445608440265e-05,0.0,0.0,0.0,0.0,0.0,0.0,0.0010441464611957042,0.0001474089121688053,0.0,0.0,7.370445608440265e-05,0.0,0.0,0.0,0.0,0.0010441464611957042,0.0001474089121688053,0.0,0.0,7.370445608440265e-05,0.0,0.0,0.0,0.0,0.0003930904324501474,0.0,0.0,0.0,0.0,0.0,0.0,0.0,0.0,0.0007861808649002948,0.0,0.0,0.0,0.0,0.0,0.0,0.0,0.0,0.0,0.0,0.0,0.0,0.0,0.0,0.0,0.0,0.0,0.0015723617298005895,0.0,0.0001474089121688053,0.0,0.0,0.0,0.0,0.0,0.0,0.0007861808649002948,0.0,0.0,0.0,0.0,0.0,0.0,0.0,0.0,0.0010809986892379054,0.0001842611402110066,0.0,0.0,0.00011055668412660398,0.0,0.0,0.0,0.0,0.0010809986892379054,0.0001842611402110066,0.0,0.0,0.00011055668412660398,0.8371997433329369,0.8371997433329369,0.8371997433329369,0.8371997433329369,-0.8172958114302274,0.8373471522451057,0.8371628911048946,0.8371997433329369,0.8372734477890212,0.0,0.0,0.0,0.0,0.0010072942331535027,0.0,7.370445608440265e-05,0.0,0.0,0.0001474089121688053,7.370445608440265e-05,0.0,0.0,0.0007861808649002948,0.0,0.0001842611402110066,0.0001474089121688053,0.0,0.0006633401047596238,0.0004790789645486171,0.0004422267365064159,0.0004422267365064159,0.0003480488203985681,0.0005159311925908185,0.000700192332801825,0.0006633401047596238,0.0005527834206330198,0.0003685222804220133,0.0001842611402110066,0.0001474089121688053,0.0001474089121688053,5.323099606095746e-05,0.00022111336825320795,0.00040537450846421454,0.0003685222804220133,0.00025796559629540924,0.0,0.0,0.0,0.0,0.0010441464611957042,0.0001474089121688053,0.0,0.0,7.370445608440265e-05,0.0,0.0,0.0,0.0,0.005220732305978519,0.0007370445608440263,0.00018426114021100659,0.0,0.00036852228042201317
x_R30_EXIT_F,0.0,0.0,0.0,0.0,0.0001474089121688053,0.0003111965923563667,0.0,0.0,7.370445608440265e-05,0.0,0.0,0.0,0.0,0.0001474089121688053,0.0003111965923563667,0.0,0.0,7.370445608440265e-05,0.0,0.0,0.0,0.0,0.0,0.00016378768018756145,0.0,0.0,0.0,0.0,0.0,0.0,0.0,0.0,0.00016378768018756145,0.0,0.0,0.0,0.0,0.0,0.0,0.0,0.0,0.00016378768018756145,0.0,0.0,0.0,0.0,0.0,0.0,0.0,0.0,0.00016378768018756145,0.0,0.0,0.0,0.0,0.0,0.0,0.0,0.0,0.00016378768018756145,0.0,0.0,0.0,0.0,0.0,0.0,0.0,0.0001474089121688053,0.0003111965923563667,0.0,0.0,7.370445608440265e-05,0.0,0.0,0.0,0.0,0.0001474089121688053,0.0003111965923563667,0.0,0.0,7.370445608440265e-05,0.0,0.0,0.0,0.0,0.0,0.00016378768018756145,0.0,0.0,0.0,0.0,0.0,0.0,0.0,0.0,0.00016378768018756145,0.0,0.0,0.0,0.0,0.0,0.0,0.0,0.0,0.0003275753603751229,7.370445608440265e-05,0.0,0.0,0.0,0.0,0.0,0.0,0.0001474089121688053,0.0003111965923563667,0.0,0.0,7.370445608440265e-05,0.0,0.0,0.0,0.0,0.0001474089121688053,0.0003111965923563667,0.0,0.0,7.370445608440265e-05,0.0,0.0,0.0,0.0,0.0,8.189384009378072e-05,0.0,0.0,0.0,0.0,0.0,0.0,0.0,0.0,0.00016378768018756145,0.0,0.0,0.0,0.0,0.0,0.0,0.0,0.0,0.0,0.0,0.0,0.0,0.0,0.0,0.0,0.0,0.0,0.0003275753603751229,0.0001474089121688053,0.0,0.0,0.0,0.0,0.0,0.0,0.0,0.00016378768018756145,0.0,0.0,0.0,0.0,0.0,0.0,0.0,0.0001842611402110066,0.0003480488203985681,0.0,0.0,0.00011055668412660398,0.0,0.0,0.0,0.0,0.0001842611402110066,0.0003480488203985681,0.0,0.0,0.00011055668412660398,0.8371997433329369,0.8371997433329369,0.8371997433329369,0.8371997433329369,0.8373471522451057,-0.8251328147884107,0.8371628911048946,0.8371997433329369,0.8372734477890212,0.0,0.0,0.0,0.0,0.00011055668412660398,5.323099606095746e-05,7.370445608440265e-05,0.0,0.0,0.00025796559629540924,0.0,0.0,0.0,0.0,5.323099606095746e-05,0.0002948178243376106,0.00025796559629540924,0.0001474089121688053,0.0001474089121688053,0.0,0.0,0.0,0.0,0.00016378768018756145,0.0001842611402110066,0.0001474089121688053,0.0,0.0001474089121688053,0.0,0.0,0.0,0.0,0.00016378768018756145,0.0001842611402110066,0.0001474089121688053,0.0,0.0,0.0,0.0,0.0,0.0001474089121688053,0.0003111965923563667,0.0,0.0,7.370445608440265e-05,0.0,0.0,0.0,0.0,0.0007370445608440263,0.0015559829617818335,0.00018426114021100659,0.0,0.00036852228042201317
x_R30_EXIT_G,0.0,0.0,0.0,0.0,0.0,0.0,0.0008230330929424963,0.0,0.0,0.0,0.0,0.0,0.0,0.0,0.0,0.0008230330929424963,0.0,0.0,0.0,0.0,0.0,0.0,0.0,0.0,0.0008230330929424963,0.0,0.0,0.0,0.0,0.0,0.0,0.0,0.0,0.0008230330929424963,0.0,0.0,0.0,0.0,0.0,0.0,0.0,0.0,0.0008230330929424963,0.0,0.0,0.0,0.0,0.0,0.0,0.0,0.0,0.0008230330929424963,0.0,0.0,0.0,0.0,0.0,0.0,0.0,0.0,0.0008230330929424963,0.0,0.0,0.0,0.0,0.0,0.0,0.0,0.0,0.0008230330929424963,0.0,0.0,0.0,0.0,0.0,0.0,0.0,0.0,0.0008230330929424963,0.0,0.0,0.0,0.0,0.0,0.0,0.0,0.0,0.0008230330929424963,0.0,0.0,0.0,0.0,0.0,0.0,0.0,0.0,0.0008230330929424963,0.0,0.0,0.0,0.0,0.0,0.0,0.0,0.0,0.0016460661858849926,0.0,0.0,0.0,0.0,0.0,0.0,0.0,0.0,0.0008230330929424963,0.0,0.0,0.0,0.0,0.0,0.0,0.0,0.0,0.0008230330929424963,0.0,0.0,0.0,0.0,0.0,0.0,0.0,0.0,0.00041151654647124814,0.0,0.0,0.0,0.0,0.0,0.0,0.0,0.0,0.0008230330929424963,0.0,0.0,0.0,0.0,0.0,0.0,0.0,0.0,0.0,0.0,0.0,0.0,0.0,0.0,0.0,0.0,0.0,0.0016460661858849926,0.0,0.0,0.0,0.0,0.0,0.0,0.0,0.0,0.0008230330929424963,0.0,0.0,0.0007698020968815388,0.0007698020968815388,0.0007698020968815388,0.0007698020968815388,0.0007698020968815388,0.0007698020968815388,5.323099606095746e-05,0.0007698020968815388,0.0007698020968815388,0.0004422267365064158,0.0004422267365064158,0.0004422267365064158,0.0004422267365064158,0.0004422267365064158,0.0004422267365064158,0.00034804882039856803,0.0004422267365064158,0.0004422267365064158,0.8371628911048946,0.8371628911048946,0.8371628911048946,0.8371628911048946,0.8371628911048946,0.8371628911048946,-0.8225684030190009,0.8371628911048946,0.8371628911048946,0.0,0.0,0.0,0.0,0.0,0.0,0.0008230330929424963,0.0,0.0,0.0,0.0,0.0,0.0,0.0,0.0,0.0008230330929424963,0.0,0.0,0.0,0.0,0.0,0.0,0.0,0.0,0.0008230330929424963,0.0,0.0,0.0,0.0,0.0,0.0,0.0,0.0,0.0008230330929424963,0.0,0.0,0.0,0.0,0.0,0.0,0.0,0.0,0.0008230330929424963,0.0,0.0,0.0,0.0,0.0,0.0,0.0,0.0,0.004115165464712481,0.0,0.0
x_R30_EXIT_H,0.0,0.0,0.0,0.0,0.0003275753603751229,0.0003275753603751229,0.0003644275884173242,0.00016378768018756142,0.0003275753603751229,0.0,0.0,0.0,0.0,0.0003275753603751229,0.0003275753603751229,0.0003644275884173242,0.00016378768018756142,0.0003275753603751229,0.0,0.0,0.0,0.0,0.0,0.0,0.00018016644820631757,0.00034804882039856803,0.0,0.0,0.0,0.0,0.0,0.0,0.0,0.00018016644820631757,0.00034804882039856803,0.0,0.0,0.0,0.0,0.0,0.0,0.0,0.00018016644820631757,0.00034804882039856803,0.0,0.0,0.0,0.0,0.0,0.0,0.0,0.00018016644820631757,0.00034804882039856803,0.0,0.0,0.0,0.0,0.0,0.0,0.0,0.00018016644820631757,0.00034804882039856803,0.0,0.0,0.0,0.0,0.0001842611402110066,0.0005118365005861294,0.0005118365005861294,0.0005486887286283307,0.00016378768018756142,0.0005118365005861294,0.0,0.0,0.0,0.0001842611402110066,0.0005118365005861294,0.0005118365005861294,0.0005486887286283307,0.00016378768018756142,0.0005118365005861294,0.0,0.0,0.0,0.0,0.0,0.0,0.00018016644820631757,0.00034804882039856803,0.0,0.0,0.0,0.0,0.0,0.0,0.0,0.00018016644820631757,0.00034804882039856803,0.0,0.0,0.0,0.0,0.0,0.0,0.0,0.00036033289641263514,0.0006960976407971361,0.0,0.0,0.0001842611402110066,0.0001842611402110066,0.0001842611402110066,0.0005118365005861294,0.0005118365005861294,0.0005486887286283307,0.00016378768018756142,0.0005118365005861294,0.0,0.0001842611402110066,0.0001842611402110066,0.0001842611402110066,0.0005118365005861294,0.0005118365005861294,0.0005486887286283307,0.00016378768018756142,0.0005118365005861294,0.0,0.0,0.0,0.0,0.0,0.0,9.008322410315878e-05,0.00017402441019928402,0.0,0.0,0.0,0.0,0.0,0.0,0.0,0.00018016644820631757,0.00034804882039856803,0.0,0.0,0.0,0.0,0.0,0.0,0.0,0.0,0.0,0.0,0.0003685222804220132,0.0,0.0,0.0,0.0,0.0,7.370445608440265e-05,0.0010646199212191493,0.0,0.0,0.0,0.0,0.0,0.0,0.0,0.00018016644820631757,0.00034804882039856803,0.0,0.0003644275884173242,0.00018016644820631757,0.00018016644820631757,0.00018016644820631757,0.0,0.0,0.0,0.0007124764088158922,0.0,0.0003644275884173242,0.00018016644820631757,0.00018016644820631757,0.00018016644820631757,0.0,0.0,0.0,0.0007124764088158922,0.0,0.837527318693312,0.837343057553101,0.837343057553101,0.837343057553101,0.8371997433329369,0.8371997433329369,0.8371628911048946,-0.8143212497156641,0.8371997433329369,0.0003275753603751229,0.00014331422016411623,0.0,0.0,0.0,0.0,0.0,0.0006756241807736908,0.0,0.0003275753603751229,0.0,0.0,0.0,0.0,0.0,0.0,0.0006756241807736908,0.0,0.0003275753603751229,0.0,0.0,0.0,0.0,0.0,0.0,0.0006756241807736908,0.0,0.0003275753603751229,0.0,0.0,0.0,0.0,0.0,0.0,0.0006756241807736908,0.0,0.0,0.0,0.0,0.0,0.0003275753603751229,0.0003275753603751229,0.0003644275884173242,0.00016378768018756142,0.0003275753603751229,0.00036852228042201317,0.00036852228042201317,0.0002661549803047873,0.0002661549803047873,0.00045041612051579383,0.00045041612051579383,0.0006346772607268004,0.002108766382414853,0.00045041612051579383
x_R30_EXIT_STAIRWELL,0.0,0.0,0.0,0.0,7.370445608440265e-05,7.370445608440265e-05,0.0,0.0,0.00029072313233292153,0.0,0.0,0.0,0.0,7.370445608440265e-05,7.370445608440265e-05,0.0,0.0,0.00029072313233292153,0.0,0.0,0.0,0.0,0.0,0.0,0.0,0.0,0.00016378768018756145,0.0,0.0,0.0,0.0,0.0,0.0,0.0,0.0,0.00016378768018756145,0.0,0.0,0.0,0.0,0.0,0.0,0.0,0.0,0.00016378768018756145,0.0,0.0,0.0,0.0,0.0,0.0,0.0,0.0,0.00016378768018756145,0.0,0.0,0.0,0.0,0.0,0.0,0.0,0.0,0.00016378768018756145,0.0,0.0,0.0,0.0,7.370445608440265e-05,7.370445608440265e-05,0.0,0.0,0.00029072313233292153,0.0,0.0,0.0,0.0,7.370445608440265e-05,7.370445608440265e-05,0.0,0.0,0.00029072313233292153,0.0,0.0,0.0,0.0,0.0,0.0,0.0,0.0,0.00016378768018756145,0.0,0.0,0.0,0.0,0.0,0.0,0.0,0.0,0.00016378768018756145,0.0,0.0,0.0,0.0,0.0,0.0,7.370445608440265e-05,0.0,0.0003275753603751229,0.0,0.0,0.0,0.0,7.370445608440265e-05,7.370445608440265e-05,0.0,0.0,0.00029072313233292153,0.0,0.0,0.0,0.0,7.370445608440265e-05,7.370445608440265e-05,0.0,0.0,0.00029072313233292153,0.0,0.0,0.0,0.0,0.0,0.0,0.0,0.0,8.189384009378072e-05,0.0,0.0,0.0,0.0,0.0,0.0,0.0,0.0,0.00016378768018756145,0.0,0.0,0.0,0.0,0.0,0.0,0.0,0.0,0.0,0.0,0.0,0.0,0.0,0.0,0.0,0.00018016644820631757,0.0,0.0003275753603751229,0.0,0.0,0.0,0.0,0.0,0.0,0.0,0.0,0.00016378768018756145,0.0,0.0,0.0,0.0,0.00011055668412660398,0.00011055668412660398,0.0,0.0,0.0003275753603751229,0.0,0.0,0.0,0.0,0.00011055668412660398,0.00011055668412660398,0.0,0.0,0.0003275753603751229,0.8371997433329369,0.8371997433329369,0.8371997433329369,0.8371997433329369,0.8372734477890212,0.8372734477890212,0.8371628911048946,0.8371997433329369,-0.8280784867440464,0.0,0.0,9.008322410315878e-05,9.008322410315878e-05,0.0,0.0,7.370445608440265e-05,0.0,0.0002538709042907202,7.370445608440265e-05,0.0,0.0,0.0,0.0,0.0,0.00011055668412660398,7.370445608440265e-05,0.00016378768018756145,7.370445608440265e-05,0.0,0.0,0.0,0.0,0.0,0.00011055668412660398,7.370445608440265e-05,0.00016378768018756145,7.370445608440265e-05,0.0,0.0,0.0,0.0,0.0,0.00011055668412660398,7.370445608440265e-05,0.00016378768018756145,0.0,0.0,0.0,0.0,7.370445608440265e-05,7.370445608440265e-05,0.0,0.0,0.00029072313233292153,0.0,0.0,0.0,0.0,0.00036852228042201317,0.00036852228042201317,0.00018426114021100659,0.0,0.0014536156616646073
x_R31_EXIT_A,5.323099606095746e-05,0.00029481782433761055,0.00029481782433761055,0.0005896356486752211,0.0009909154651347467,0.0009909154651347467,0.0009540632370925454,0.00011055668412660398,0.0009909154651347467,5.323099606095746e-05,0.00029481782433761055,0.00029481782433761055,0.0005896356486752211,0.0009909154651347467,0.0009909154651347467,0.0009540632370925454,0.00011055668412660398,0.0009909154651347467,0.000348048820398568,0.0,0.0,0.0,0.0,0.0,0.00014331422016411623,0.0003316700523798118,0.0,0.000348048820398568,0.0,0.0,0.0,0.0,0.0,0.00014331422016411623,0.0003316700523798118,0.0,0.000348048820398568,0.0,0.0,0.0,0.0,0.0,0.00014331422016411623,0.0003316700523798118,0.0,0.000348048820398568,0.0,0.0,0.0,0.0,0.0,0.00014331422016411623,0.0003316700523798118,0.0,0.000348048820398568,0.0,0.0,0.0,0.0,0.0,0.00014331422016411623,0.0003316700523798118,0.0,0.00016378768018756145,0.0001842611402110066,0.0001842611402110066,0.0,0.0003644275884173242,0.0003644275884173242,0.0003275753603751229,0.0,0.0003644275884173242,0.00016378768018756145,0.0001842611402110066,0.0001842611402110066,0.0,0.0003644275884173242,0.0003644275884173242,0.0003275753603751229,0.0,0.0003644275884173242,0.000348048820398568,0.0,0.0,0.0,0.0,0.0,0.00014331422016411623,0.0,0.0,0.000348048820398568,0.0,0.0,0.0,0.0,0.0,0.00014331422016411623,0.0003316700523798118,0.0,0.0009172110090503437,0.0,0.0,0.0,0.0,0.0,0.00028662844032823246,7.370445608440265e-05,0.0,0.00016378768018756145,0.0003316700523798118,0.0003316700523798118,0.0,0.0003644275884173242,0.0003644275884173242,0.0003275753603751229,0.0,0.0003644275884173242,0.00016378768018756145,0.0003316700523798118,0.0003316700523798118,0.0,0.0003644275884173242,0.0003644275884173242,0.0003275753603751229,0.0,0.0003644275884173242,0.000174024410199284,0.0,0.0,0.0,0.0,0.0,7.165711008205812e-05,0.0,0.0,0.000348048820398568,0.0,0.0,0.0,0.0,0.0,0.00014331422016411623,0.0,0.0,0.0,0.0,0.0,0.0,0.0,0.0,0.0,0.0,0.0,0.0017279600259787733,0.0,0.0,0.0,0.0,0.0,7.370445608440265e-05,0.0003685222804220132,0.0,0.000348048820398568,0.0,0.0,0.0,0.0,0.0,0.00014331422016411623,0.0,0.0,0.001007294233153503,0.00014331422016411623,0.00014331422016411623,0.00014331422016411623,0.0,0.0,0.0,0.0003275753603751229,0.0,0.001007294233153503,0.00014331422016411623,0.00014331422016411623,0.00014331422016411623,0.0,0.0,0.0,0.0003275753603751229,0.0,0.001007294233153503,0.00014331422016411623,0.00014331422016411623,0.00014331422016411623,0.0,0.0,0.0,0.0003275753603751229,0.0,-0.8056318696758209,0.837343057553101,0.8371628911048946,0.8371628911048946,0.8371628911048946,0.8368588602235465,0.8371997433329369,0.837527318693312,0.8371628911048946,0.0010441464611957042,0.0,0.0,0.0,0.0,0.0,0.0,0.0003644275884173242,0.0,0.0010441464611957042,0.0,0.0,0.0,0.0,0.0,0.0,0.0003644275884173242,0.0,0.0010441464611957042,0.0,0.0,0.0,0.0,0.0,0.0,0.0003644275884173242,0.0,0.00016378768018756145,0.0001842611402110066,0.0001842611402110066,0.000479078964548617,0.0008803587810081427,0.0008803587810081427,0.0008435065529659413,0.0,0.0008803587810081427,0.0037671166443139135,0.002026872542321072,0.0002661549803047873,0.0002661549803047873,0.0006346772607268004,0.0006346772607268004,0.00045041612051579383,0.00036852228042201317,0.0006346772607268004
x_R31_EXIT_B,0.0,0.00016378768018756142,0.0,0.0,0.00018016644820631754,0.00018016644820631754,0.00014331422016411623,0.0,0.00018016644820631754,0.0,0.00016378768018756142,0.0,0.0,0.00018016644820631754,0.00018016644820631754,0.00014331422016411623,0.0,0.00018016644820631754,0.00011055668412660398,5.323099606095746e-05,0.00011055668412660398,0.00011055668412660398,0.0009499685450878563,0.0009499685450878563,0.0011833659893551313,0.00011055668412660398,0.0009499685450878563,0.00011055668412660398,5.323099606095746e-05,0.00011055668412660398,0.00011055668412660398,0.0009499685450878563,0.0009499685450878563,0.0011833659893551313,0.00011055668412660398,0.0009499685450878563,0.0,0.00016378768018756142,0.0,0.0,0.0,0.0,0.0005282152686048857,0.0,0.0,0.0,0.00016378768018756142,0.0,0.0,0.0,0.0,0.0005282152686048857,0.0,0.0,0.0,0.00016378768018756142,0.0,0.0,0.0,0.0,0.0005282152686048857,0.0,0.0,0.0,0.00016378768018756142,0.0,0.0,0.00018016644820631754,0.00018016644820631754,0.00014331422016411623,0.0,0.00018016644820631754,0.0,0.00016378768018756142,0.0,0.0,0.00018016644820631754,0.00018016644820631754,0.00014331422016411623,0.0,0.00018016644820631754,0.0,0.00016378768018756142,0.0,0.0,0.0,0.0,0.00023339744426727503,0.0,0.0,0.0,0.00016378768018756142,0.0,0.0,0.0,0.0,0.0005282152686048857,0.0,0.0,0.0,0.0011301349932941738,0.0,0.0,0.0005896356486752212,0.0005896356486752212,0.0010564305372097714,0.0,0.0005896356486752212,0.0,0.00016378768018756142,0.0,0.0,0.00018016644820631754,0.00018016644820631754,0.00014331422016411623,0.0,0.00018016644820631754,0.0,0.00016378768018756142,0.0,0.0,0.00018016644820631754,0.00018016644820631754,0.00014331422016411623,0.0,0.00018016644820631754,0.0,8.189384009378071e-05,0.0,0.0,0.0,0.0,0.00011669872213363751,0.0,0.0,0.0,0.00016378768018756142,0.0,0.0,0.0,0.0,0.00023339744426727503,0.0,0.0,0.0,0.0,0.0,0.0,0.0,0.0,0.0,0.0,0.0,0.00018016644820631757,0.0020063990822976273,0.0,0.0,0.0,0.0,7.370445608440265e-05,0.00018016644820631757,0.0,0.0,0.00016378768018756142,0.0,0.0,0.0,0.0,0.00023339744426727503,0.0,0.0,0.00014331422016411623,0.0012365969854160885,0.0005282152686048857,0.00023339744426727503,0.0,0.0,0.0,0.00014331422016411623,0.0,0.00014331422016411623,0.0012365969854160885,0.0005282152686048857,0.00023339744426727503,0.0,0.0,0.0,0.00014331422016411623,0.0,0.00014331422016411623,0.0012365969854160885,0.0005282152686048857,0.00023339744426727503,0.0,0.0,0.0,0.00014331422016411623,0.0,0.837343057553101,-0.8083277654191705,0.8371628911048946,0.8371628911048946,0.8371628911048946,0.8368588602235465,0.8371997433329369,0.837343057553101,0.8371628911048946,0.00018016644820631754,0.0010031995411488137,0.0,0.0,0.0,0.0,0.0,0.00018016644820631754,0.0,0.00018016644820631754,0.0010031995411488137,0.0,0.0,0.0,0.0,0.0,0.00018016644820631754,0.0,0.00018016644820631754,0.0010031995411488137,0.0,0.0,0.0,0.0,0.0,0.00018016644820631754,0.0,0.0,0.00016378768018756142,0.0,0.0,0.00018016644820631754,0.00018016644820631754,0.00014331422016411623,0.0,0.00018016644820631754,0.0,0.000818938400937807,0.0021906602225086336,0.0007165711008205812,0.0006346772607268004,0.0006346772607268004,0.00045041612051579383,0.0,0.0006346772607268004
x_R31_EXIT_C,0.0,0.0,0.00016378768018756142,0.0,0.0,0.0,0.0,0.0,9.008322410315878e-05,0.0,0.0,0.00016378768018756142,0.0,0.0,0.0,0.0,0.0,9.008322410315878e-05,0.0,0.0,0.00016378768018756142,0.0002907231323329215,0.0001474089121688053,0.0,0.0,0.0,5.3230996060957466e-05,0.0,0.0,0.00016378768018756142,0.0002907231323329215,0.0001474089121688053,0.0,0.0,0.0,5.3230996060957466e-05,0.00011055668412660398,0.00011055668412660398,5.323099606095746e-05,0.00040127981645952536,0.0007698020968815386,0.0006592454127549346,0.00036442758841732405,0.00011055668412660398,0.0006756241807736907,0.00011055668412660398,0.00011055668412660398,5.323099606095746e-05,0.00040127981645952536,0.0007698020968815386,0.0006592454127549346,0.00036442758841732405,0.00011055668412660398,0.0006756241807736907,0.0,0.0,0.00016378768018756142,0.0,0.0006592454127549346,0.0005486887286283307,0.00025387090429072017,0.0,0.0005650674966470868,0.0,0.0,0.00016378768018756142,0.0,0.0,0.0,0.0,0.0,9.008322410315878e-05,0.0,0.0,0.00016378768018756142,0.0,0.0,0.0,0.0,0.0,9.008322410315878e-05,0.0,0.0,0.00016378768018756142,0.0,0.00036852228042201317,0.00025796559629540924,0.00022111336825320795,0.0,0.00027434436431416536,0.0,0.0,0.00016378768018756142,0.0,0.0006592454127549346,0.0005486887286283307,0.00025387090429072017,0.0,0.0005650674966470868,0.0,0.0,0.0005077418085814403,7.370445608440265e-05,0.0002948178243376106,7.370445608440265e-05,0.0,0.0,0.00010646199212191493,0.0,0.0,0.00016378768018756142,0.0,0.0,0.0,0.0,0.0,9.008322410315878e-05,0.0,0.0,0.00016378768018756142,0.0,0.0,0.0,0.0,0.0,9.008322410315878e-05,0.0,0.0,8.189384009378071e-05,0.0,0.00018426114021100659,0.00012898279814770462,0.00011055668412660398,0.0,0.00013717218215708268,0.0,0.0,0.00016378768018756142,0.0,0.00036852228042201317,0.00025796559629540924,0.00022111336825320795,0.0,0.00027434436431416536,0.0,0.0,0.0,0.0,0.0,0.0,0.0,0.0,0.0,0.0,0.0,0.001056430537209771,0.0001474089121688053,0.0001474089121688053,7.370445608440265e-05,0.00013921952815942721,0.0,0.00010646199212191493,0.0002907231323329215,0.0002907231323329215,0.0004545108125204828,0.0,0.00036852228042201317,0.00025796559629540924,0.00022111336825320795,0.0,0.00027434436431416536,0.0,0.0,0.00025387090429072017,0.00022111336825320795,0.0,0.0,0.0,0.0,9.008322410315878e-05,0.0,0.0,0.00025387090429072017,0.00022111336825320795,0.0,0.0,0.0,0.0,9.008322410315878e-05,0.0,0.0,0.00025387090429072017,0.00022111336825320795,0.0,0.0,0.0,0.0,9.008322410315878e-05,0.8371628911048946,0.8371628911048946,-0.8048370455971214,0.837711579833523,0.8371997433329369,0.8368588602235465,0.8371628911048946,0.8371628911048946,0.8372529743289978,0.0,0.0,0.0008230330929424962,0.00036852228042201317,0.0,0.0,0.0,0.0,0.0,0.0,0.0,0.0008230330929424962,0.00036852228042201317,0.0,0.0,0.0,0.0,0.0,0.0,0.0,0.0008230330929424962,0.00036852228042201317,0.0,0.0,0.0,0.0,0.0,0.0,0.0,0.00016378768018756142,0.0,0.0,0.0,0.0,0.0,9.008322410315878e-05,0.0,0.0,0.0012693545214536007,0.0011055668412660396,0.00018426114021100659,0.00018426114021100659,0.0,0.0,0.0004504161205157939
x_R31_EXIT_D,0.0,0.0,0.0,0.0003111965923563667,0.0,0.0,0.0,0.0,9.008322410315878e-05,0.0,0.0,0.0,0.0003111965923563667,0.0,0.0,0.0,0.0,9.008322410315878e-05,0.0,0.0,0.0,0.0003111965923563667,0.0001474089121688053,0.0,0.0,0.0,5.3230996060957466e-05,0.0,0.0,0.0,0.0003111965923563667,0.0001474089121688053,0.0,0.0,0.0,5.3230996060957466e-05,0.0,0.0,0.0,0.0003111965923563667,0.00036852228042201317,0.00025796559629540924,0.0,0.0,0.00027434436431416536,0.0,0.0,0.0,0.0003111965923563667,0.00036852228042201317,0.00025796559629540924,0.0,0.0,0.00027434436431416536,0.0,0.0,0.0,0.00016378768018756145,0.00036852228042201317,0.00025796559629540924,0.0,0.0,0.00027434436431416536,0.0,0.0,0.0,0.0003111965923563667,0.0,0.0,0.0,0.0,9.008322410315878e-05,0.0,0.0,0.0,0.0003111965923563667,0.0,0.0,0.0,0.0,9.008322410315878e-05,0.0,0.0,0.0,0.00016378768018756145,0.0005159311925908185,0.00040537450846421454,0.0003685222804220132,0.0001474089121688053,0.00042175327648297066,0.0,0.0,0.0,0.00016378768018756145,0.00036852228042201317,0.00025796559629540924,0.0,0.0,0.00027434436431416536,0.0,0.0,0.0,0.0006223931847127334,0.0002948178243376106,7.370445608440265e-05,0.0,0.0,0.00010646199212191493,0.0,0.0,0.0,0.0003111965923563667,0.0,0.0,0.0,0.0,9.008322410315878e-05,0.0,0.0,0.0,0.0003111965923563667,0.0,0.0,0.0,0.0,9.008322410315878e-05,0.0,0.0,0.0,8.189384009378072e-05,0.00025796559629540924,0.00020268725423210727,0.0001842611402110066,7.370445608440265e-05,0.00021087663824148533,0.0,0.0,0.0,0.00016378768018756145,0.0005159311925908185,0.00040537450846421454,0.0003685222804220132,0.0001474089121688053,0.00042175327648297066,0.0,0.0,0.0,0.0,0.0,0.0,0.0,0.0,0.0,0.0,0.0,0.0001474089121688053,0.0007698020968815388,0.0001474089121688053,7.370445608440265e-05,0.00013921952815942721,0.0,0.00010646199212191493,0.00025796559629540924,0.00025796559629540924,0.00025796559629540924,5.3230996060957466e-05,0.0006264878767174225,0.0005159311925908186,0.0004790789645486172,0.00025796559629540924,0.0005323099606095748,0.0,0.0,0.0,0.0005323099606095748,0.0,0.0,0.0,0.0,9.008322410315878e-05,0.0,0.0,0.0,0.0005323099606095748,0.0,0.0,0.0,0.0,9.008322410315878e-05,0.0,0.0,0.0,0.0005323099606095748,0.0,0.0,0.0,0.0,9.008322410315878e-05,0.8371628911048946,0.8371628911048946,0.837711579833523,-0.8099949858097636,0.8371997433329369,0.8368588602235465,0.8371628911048946,0.8371628911048946,0.8372529743289978,0.0,0.0,0.00036852228042201317,0.00067971887277838,0.0,0.0,0.0,0.0,0.0,0.0,0.0,0.00036852228042201317,0.00067971887277838,0.0,0.0,0.0,0.0,0.0,0.0,0.0,0.00036852228042201317,0.00067971887277838,0.0,0.0,0.0,0.0,0.0,0.0,0.0,0.0,0.0003111965923563667,0.0,0.0,0.0,0.0,9.008322410315878e-05,0.0,0.0,0.0,0.0026615498030478726,0.00018426114021100659,0.00018426114021100659,0.0,0.0,0.0004504161205157939
x_R31_EXIT_E,0.0,0.0,0.0,0.0,0.0010072942331535027,0.00011055668412660398,0.0,0.0,0.0,0.0,0.0,0.0,0.0,0.0010072942331535027,0.00011055668412660398,0.0,0.0,0.0,0.0,0.0,0.0,0.0,0.0007861808649002948,0.0,0.0,0.0,0.0,0.0,0.0,0.0,0.0,0.0007861808649002948,0.0,0.0,0.0,0.0,0.0,0.0,0.0,0.0,0.0007861808649002948,0.0,0.0,0.0,0.0,0.0,0.0,0.0,0.0,0.0007861808649002948,0.0,0.0,0.0,0.0,0.0,0.0,0.0,0.0,0.0007861808649002948,0.0,0.0,0.0,0.0,0.0,0.0,0.0,0.0,0.0010072942331535027,0.00011055668412660398,0.0,0.0,0.0,0.0,0.0,0.0,0.0,0.0010072942331535027,0.00011055668412660398,0.0,0.0,0.0,0.0,0.0,0.0,0.0,0.0007861808649002948,0.0,0.0,0.0,0.0,0.0,0.0,0.0,0.0,0.0007861808649002948,0.0,0.0,0.0,0.0,0.0,0.0,0.0,0.0,0.0015723617298005895,0.0,0.0,0.0,0.0,0.0,0.0,0.0,0.0,0.0010072942331535027,0.00011055668412660398,0.0,0.0,0.0,0.0,0.0,0.0,0.0,0.0010072942331535027,0.00011055668412660398,0.0,0.0,0.0,0.0,0.0,0.0,0.0,0.0003930904324501474,0.0,0.0,0.0,0.0,0.0,0.0,0.0,0.0,0.0007861808649002948,0.0,0.0,0.0,0.0,0.0,0.0,0.0,0.0,0.0,0.0,0.0,0.0,0.0,0.0,0.0,0.0,0.0,0.0015723617298005895,0.0,0.0,0.0,0.0,0.0,0.0,0.0,0.0,0.0007861808649002948,0.0,0.0,0.0,0.0,0.0,0.0,0.0,0.0,0.0010072942331535027,0.00011055668412660398,0.0,0.0,0.0,0.0,0.0,0.0,0.0,0.0010072942331535027,0.00011055668412660398,0.0,0.0,0.0,0.0,0.0,0.0,0.0,0.0010072942331535027,0.00011055668412660398,0.0,0.0,0.0,0.8371628911048946,0.8371628911048946,0.8371997433329369,0.8371997433329369,-0.8190410578838045,0.8368588602235465,0.8371628911048946,0.8371628911048946,0.8371997433329369,0.00011055668412660398,7.370445608440265e-05,0.0,0.0,0.0007861808649002948,0.0,0.00011055668412660398,0.00011055668412660398,0.0,0.0006264878767174225,0.0004790789645486171,0.0004422267365064159,0.0004422267365064159,0.0003480488203985681,0.0005159311925908185,0.0006264878767174225,0.0006264878767174225,0.0005527834206330198,0.0003316700523798119,0.0001842611402110066,0.0001474089121688053,0.0001474089121688053,5.323099606095746e-05,0.00022111336825320795,0.0003316700523798119,0.0003316700523798119,0.00025796559629540924,0.0,0.0,0.0,0.0,0.0010072942331535027,0.00011055668412660398,0.0,0.0,0.0,0.0,0.0,0.0,0.0,0.005036471165767513,0.0005527834206330198,0.0,0.0,0.00018426114021100659
x_R31_EXIT_F,0.0,0.0,0.0,0.0,0.0,5.323099606095746e-05,0.0,0.0,0.0,0.0,0.0,0.0,0.0,0.0,5.323099606095746e-05,0.0,0.0,0.0,0.0,0.0,0.0,0.0,0.0,5.323099606095746e-05,0.0,0.0,0.0,0.0,0.0,0.0,0.0,0.0,5.323099606095746e-05,0.0,0.0,0.0,0.0,0.0,0.0,0.0,0.0,5.323099606095746e-05,0.0,0.0,0.0,0.0,0.0,0.0,0.0,0.0,5.323099606095746e-05,0.0,0.0,0.0,0.0,0.0,0.0,0.0,0.0,5.323099606095746e-05,0.0,0.0,0.0,0.0,0.0,0.0,0.0,0.0,5.323099606095746e-05,0.0,0.0,0.0,0.0,0.0,0.0,0.0,0.0,5.323099606095746e-05,0.0,0.0,0.0,0.0,0.0,0.0,0.0,0.0,5.323099606095746e-05,0.0,0.0,0.0,0.0,0.0,0.0,0.0,0.0,5.323099606095746e-05,0.0,0.0,0.0,0.0,0.0,0.0,0.0,0.0,0.00010646199212191492,0.0,0.0,0.0,0.0,0.0,0.0,0.0,0.0,5.323099606095746e-05,0.0,0.0,0.0,0.0,0.0,0.0,0.0,0.0,5.323099606095746e-05,0.0,0.0,0.0,0.0,0.0,0.0,0.0,0.0,0.0,0.0,0.0,0.0,0.0,0.0,0.0,0.0,0.0,5.323099606095746e-05,0.0,0.0,0.0,0.0,0.0,0.0,0.0,0.0,0.0,0.0,0.0,0.0,0.0,0.0,0.0,0.0,0.0,0.00010646199212191492,0.0,0.0,0.0,0.0,0.0,0.0,0.0,0.0,5.323099606095746e-05,0.0,0.0,0.0,0.0,0.0,0.0,0.0,0.0,5.323099606095746e-05,0.0,0.0,0.0,0.0,0.0,0.0,0.0,0.0,5.323099606095746e-05,0.0,0.0,0.0,0.0,0.0,0.0,0.0,0.0,5.323099606095746e-05,0.0,0.0,0.0,0.8368588602235465,0.8368588602235465,0.8368588602235465,0.8368588602235465,0.8368588602235465,-0.8319048578530325,0.8368588602235465,0.8368588602235465,0.8368588602235465,0.0,0.0,0.0,0.0,0.0,5.323099606095746e-05,0.0,0.0,0.0,0.0,0.0,0.0,0.0,0.0,5.323099606095746e-05,0.0,0.0,0.0,0.0,0.0,0.0,0.0,0.0,5.323099606095746e-05,0.0,0.0,0.0,0.0,0.0,0.0,0.0,0.0,5.323099606095746e-05,0.0,0.0,0.0,0.0,0.0,0.0,0.0,0.0,0.0002661549803047873,0.0,0.0,0.0
x_R31_EXIT_G,0.0,0.0,0.0,0.0,0.0,0.0,0.0008598853209846976,0.0,0.0,0.0,0.0,0.0,0.0,0.0,0.0,0.0008598853209846976,0.0,0.0,0.0,0.0,0.0,0.0,0.0,0.0,0.0008598853209846976,0.0,0.0,0.0,0.0,0.0,0.0,0.0,0.0,0.0008598853209846976,0.0,0.0,0.0,0.0,0.0,0.0,0.0,0.0,0.0008598853209846976,0.0,0.0,0.0,0.0,0.0,0.0,0.0,0.0,0.0008598853209846976,0.0,0.0,0.0,0.0,0.0,0.0,0.0,0.0,0.0008598853209846976,0.0,0.0,0.0,0.0,0.0,0.0,0.0,0.0,0.0008598853209846976,0.0,0.0,0.0,0.0,0.0,0.0,0.0,0.0,0.0008598853209846976,0.0,0.0,0.0,0.0,0.0,0.0,0.0,0.0,0.0008598853209846976,0.0,0.0,0.0,0.0,0.0,0.0,0.0,0.0,0.0008598853209846976,0.0,0.0,0.0,0.0,0.0,0.0,0.0,0.0,0.0017197706419693952,0.0,0.0,0.0,0.0,0.0,0.0,0.0,0.0,0.0008598853209846976,0.0,0.0,0.0,0.0,0.0,0.0,0.0,0.0,0.0008598853209846976,0.0,0.0,0.0,0.0,0.0,0.0,0.0,0.0,0.0004299426604923488,0.0,0.0,0.0,0.0,0.0,0.0,0.0,0.0,0.0008598853209846976,0.0,0.0,0.0,0.0,0.0,0.0,0.0,0.0,0.0,0.0,0.0,0.0,0.0,0.0,0.0,0.0,0.0,0.0017934750980537978,0.0,0.0,0.0,0.0,0.0,0.0,0.0,0.0,0.0008598853209846976,0.0,0.0,0.0008066543249237402,0.0008066543249237402,0.0008066543249237402,0.0008066543249237402,0.0008435065529659415,0.0008435065529659415,5.323099606095746e-05,0.0008066543249237402,0.0008435065529659415,0.0004790789645486171,0.0004790789645486171,0.0004790789645486171,0.0004790789645486171,0.0005159311925908185,0.0005159311925908185,0.00034804882039856803,0.0004790789645486171,0.0005159311925908185,0.0,0.0,0.0,0.0,7.370445608440265e-05,7.370445608440265e-05,0.0008230330929424963,0.0,7.370445608440265e-05,0.8371997433329369,0.8371997433329369,0.8371628911048946,0.8371628911048946,0.8371628911048946,0.8368588602235465,-0.8208231565654238,0.8371997433329369,0.8371628911048946,0.0,0.0,0.0,0.0,0.0,0.0,0.0008967375490268989,0.0,0.0,0.0,0.0,0.0,0.0,0.0,0.0,0.0008967375490268989,0.0,0.0,0.0,0.0,0.0,0.0,0.0,0.0,0.0008967375490268989,0.0,0.0,0.0,0.0,0.0,0.0,0.0,0.0,0.0008598853209846976,0.0,0.0,0.0,0.0,0.0,0.0,0.00018426114021100659,0.00018426114021100659,0.0042994266049234875,0.0,0.00018426114021100659
x_R31_EXIT_H,0.0,0.0,0.0,0.0,0.0003644275884173242,0.0003644275884173242,0.0003275753603751229,0.00016378768018756142,0.0003644275884173242,0.0,0.0,0.0,0.0,0.0003644275884173242,0.0003644275884173242,0.0003275753603751229,0.00016378768018756142,0.0003644275884173242,0.0,0.0,0.0,0.0,0.0,0.0,0.00014331422016411623,0.00034804882039856803,0.0,0.0,0.0,0.0,0.0,0.0,0.0,0.00014331422016411623,0.00034804882039856803,0.0,0.0,0.0,0.0,0.0,0.0,0.0,0.00014331422016411623,0.00034804882039856803,0.0,0.0,0.0,0.0,0.0,0.0,0.0,0.00014331422016411623,0.00034804882039856803,0.0,0.0,0.0,0.0,0.0,0.0,0.0,0.00014331422016411623,0.00034804882039856803,0.0,0.0,0.0,0.0,0.0001842611402110066,0.0005486887286283307,0.0005486887286283307,0.0005118365005861294,0.00016378768018756142,0.0005486887286283307,0.0,0.0,0.0,0.0001842611402110066,0.0005486887286283307,0.0005486887286283307,0.0005118365005861294,0.00016378768018756142,0.0005486887286283307,0.0,0.0,0.0,0.0,0.0,0.0,0.00014331422016411623,0.00034804882039856803,0.0,0.0,0.0,0.0,0.0,0.0,0.0,0.00014331422016411623,0.00034804882039856803,0.0,0.0,0.0,0.0,0.0,0.0,0.0,0.00028662844032823246,0.0006960976407971361,0.0,0.0,0.0001842611402110066,0.0001842611402110066,0.0001842611402110066,0.0005486887286283307,0.0005486887286283307,0.0005118365005861294,0.00016378768018756142,0.0005486887286283307,0.0,0.0001842611402110066,0.0001842611402110066,0.0001842611402110066,0.0005486887286283307,0.0005486887286283307,0.0005118365005861294,0.00016378768018756142,0.0005486887286283307,0.0,0.0,0.0,0.0,0.0,0.0,7.165711008205812e-05,0.00017402441019928402,0.0,0.0,0.0,0.0,0.0,0.0,0.0,0.00014331422016411623,0.00034804882039856803,0.0,0.0,0.0,0.0,0.0,0.0,0.0,0.0,0.0,0.0,0.0003685222804220132,0.0,0.0,0.0,0.0,0.0,7.370445608440265e-05,0.0010646199212191493,0.0,0.0,0.0,0.0,0.0,0.0,0.0,0.00014331422016411623,0.00034804882039856803,0.0,0.0003275753603751229,0.00014331422016411623,0.00014331422016411623,0.00014331422016411623,0.0,0.0,0.0,0.0006756241807736908,0.0,0.0003275753603751229,0.00014331422016411623,0.00014331422016411623,0.00014331422016411623,0.0,0.0,0.0,0.0006756241807736908,0.0,0.0003275753603751229,0.00014331422016411623,0.00014331422016411623,0.00014331422016411623,0.0,0.0,0.0,0.0006756241807736908,0.0,0.837527318693312,0.837343057553101,0.8371628911048946,0.8371628911048946,0.8371628911048946,0.8368588602235465,0.8371997433329369,-0.8143212497156641,0.8371628911048946,0.0003644275884173242,0.0,0.0,0.0,0.0,0.0,0.0,0.0007124764088158922,0.0,0.0003644275884173242,0.0,0.0,0.0,0.0,0.0,0.0,0.0007124764088158922,0.0,0.0003644275884173242,0.0,0.0,0.0,0.0,0.0,0.0,0.0007124764088158922,0.0,0.0,0.0,0.0,0.0,0.0003644275884173242,0.0003644275884173242,0.0003275753603751229,0.00016378768018756142,0.0003644275884173242,0.00036852228042201317,0.00036852228042201317,0.0002661549803047873,0.0002661549803047873,0.0006346772607268004,0.0006346772607268004,0.00045041612051579383,0.002108766382414853,0.0006346772607268004
x_R31_EXIT_STAIRWELL,0.0,0.0,0.0,0.0,0.0,0.0,0.0,0.0,0.0002538709042907202,0.0,0.0,0.0,0.0,0.0,0.0,0.0,0.0,0.0002538709042907202,0.0,0.0,0.0,0.0,0.0,0.0,0.0,0.0,0.00016378768018756145,0.0,0.0,0.0,0.0,0.0,0.0,0.0,0.0,0.00016378768018756145,0.0,0.0,0.0,0.0,0.0,0.0,0.0,0.0,0.00016378768018756145,0.0,0.0,0.0,0.0,0.0,0.0,0.0,0.0,0.00016378768018756145,0.0,0.0,0.0,0.0,0.0,0.0,0.0,0.0,0.00016378768018756145,0.0,0.0,0.0,0.0,0.0,0.0,0.0,0.0,0.0002538709042907202,0.0,0.0,0.0,0.0,0.0,0.0,0.0,0.0,0.0002538709042907202,0.0,0.0,0.0,0.0,0.0,0.0,0.0,0.0,0.00016378768018756145,0.0,0.0,0.0,0.0,0.0,0.0,0.0,0.0,0.00016378768018756145,0.0,0.0,0.0,0.0,0.0,0.0,0.0,0.0,0.0003275753603751229,0.0,0.0,0.0,0.0,0.0,0.0,0.0,0.0,0.0002538709042907202,0.0,0.0,0.0,0.0,0.0,0.0,0.0,0.0,0.0002538709042907202,0.0,0.0,0.0,0.0,0.0,0.0,0.0,0.0,8.189384009378072e-05,0.0,0.0,0.0,0.0,0.0,0.0,0.0,0.0,0.00016378768018756145,0.0,0.0,0.0,0.0,0.0,0.0,0.0,0.0,0.0,0.0,0.0,0.0,0.0,0.0,0.0,0.0,0.0,0.0003275753603751229,0.0,0.0,0.0,0.0,0.0,0.0,0.0,0.0,0.00016378768018756145,0.0,0.0,0.0,0.0,0.0,0.0,0.0,0.0,0.0002538709042907202,0.0,0.0,0.0,0.0,0.0,0.0,0.0,0.0,0.0002538709042907202,0.0,0.0,0.0,0.0,0.0,0.0,0.0,0.0,0.0002538709042907202,0.8371628911048946,0.8371628911048946,0.8372529743289978,0.8372529743289978,0.8371997433329369,0.8368588602235465,0.8371628911048946,0.8371628911048946,-0.8298237331976235,0.0,0.0,0.0,0.0,0.0,0.0,0.0,0.0,0.00016378768018756145,0.0,0.0,0.0,0.0,0.0,0.0,0.0,0.0,0.00016378768018756145,0.0,0.0,0.0,0.0,0.0,0.0,0.0,0.0,0.00016378768018756145,0.0,0.0,0.0,0.0,0.0,0.0,0.0,0.0,0.0002538709042907202,0.0,0.0,0.0,0.0,0.00018426114021100659,0.00018426114021100659,0.0,0.0,0.0012693545214536009
x_R32_EXIT_A,5.323099606095746e-05,0.00029481782433761055,0.00029481782433761055,0.0005896356486752211,0.0011014721492613505,0.0012120288333879545,0.0009540632370925454,0.00011055668412660398,0.001027767693176948,5.323099606095746e-05,0.00029481782433761055,0.00029481782433761055,0.0005896356486752211,0.0011014721492613505,0.0012120288333879545,0.0009540632370925454,0.00011055668412660398,0.001027767693176948,0.000348048820398568,0.0,0.0,0.0,0.0,0.00011055668412660398,0.00014331422016411623,0.0003316700523798118,0.0,0.000348048820398568,0.0,0.0,0.0,0.0,0.00011055668412660398,0.00014331422016411623,0.0003316700523798118,0.0,0.000348048820398568,0.0,0.0,0.0,0.0,0.00011055668412660398,0.00014331422016411623,0.0003316700523798118,0.0,0.000348048820398568,0.0,0.0,0.0,0.0,0.00011055668412660398,0.00014331422016411623,0.0003316700523798118,0.0,0.000348048820398568,0.0,0.0,0.0,0.0,0.00011055668412660398,0.00014331422016411623,0.0003316700523798118,0.0,0.00016378768018756145,0.0001842611402110066,0.0001842611402110066,0.0,0.0004749842725439281,0.000585540956670532,0.0003275753603751229,0.0,0.0004012798164595255,0.00016378768018756145,0.0001842611402110066,0.0001842611402110066,0.0,0.0004749842725439281,0.000585540956670532,0.0003275753603751229,0.0,0.0004012798164595255,0.000348048820398568,0.0,0.0,0.0,0.0,0.00011055668412660398,0.00014331422016411623,0.0,0.0,0.000348048820398568,0.0,0.0,0.0,0.0,0.00011055668412660398,0.00014331422016411623,0.0003316700523798118,0.0,0.0009172110090503437,0.0,0.0,0.0,0.0,0.00022111336825320795,0.00028662844032823246,7.370445608440265e-05,0.0,0.00016378768018756145,0.0003316700523798118,0.0003316700523798118,0.0,0.0004749842725439281,0.000585540956670532,0.0003275753603751229,0.0,0.0004012798164595255,0.00016378768018756145,0.0003316700523798118,0.0003316700523798118,0.0,0.0004749842725439281,0.000585540956670532,0.0003275753603751229,0.0,0.0004012798164595255,0.000174024410199284,0.0,0.0,0.0,0.0,5.527834206330199e-05,7.165711008205812e-05,0.0,0.0,0.000348048820398568,0.0,0.0,0.0,0.0,0.00011055668412660398,0.00014331422016411623,0.0,0.0,0.0,0.0,0.0,0.0,0.0,0.0,0.0,0.0,0.0,0.0017279600259787733,0.0,0.0,0.0,0.0,0.00022111336825320795,7.370445608440265e-05,0.0003685222804220132,0.0,0.000348048820398568,0.0,0.0,0.0,0.0,0.00011055668412660398,0.00014331422016411623,0.0,0.0,0.001007294233153503,0.00014331422016411623,0.00014331422016411623,0.00014331422016411623,0.0001474089121688053,0.00025796559629540924,0.0,0.0003275753603751229,7.370445608440265e-05,0.001007294233153503,0.00014331422016411623,0.00014331422016411623,0.00014331422016411623,0.0001474089121688053,0.00025796559629540924,0.0,0.0003275753603751229,7.370445608440265e-05,0.001007294233153503,0.00014331422016411623,0.00014331422016411623,0.00014331422016411623,0.0001474089121688053,0.00025796559629540924,0.0,0.0003275753603751229,7.370445608440265e-05,0.0010441464611957042,0.00018016644820631754,0.0,0.0,0.00011055668412660398,0.0,0.0,0.0003644275884173242,0.0,-0.8014408440635226,0.8368588602235465,0.8368588602235465,0.8368588602235465,0.8368588602235465,0.8371628911048946,0.83742085670119,0.8377484320615652,0.8373103000170634,0.0011547031453223082,0.0,0.0,0.0,0.0,0.00011055668412660398,0.0001474089121688053,0.0004749842725439281,0.0,0.0011547031453223082,0.0,0.0,0.0,0.0,0.00011055668412660398,0.0001474089121688053,0.0004749842725439281,0.0,0.00016378768018756145,0.0001842611402110066,0.0001842611402110066,0.000479078964548617,0.0009909154651347465,0.0011014721492613505,0.0008435065529659413,0.0,0.000917211009050344,0.0037671166443139135,0.002026872542321072,0.0002661549803047873,0.0002661549803047873,0.0011874606813598201,0.00174024410199284,0.00045041612051579383,0.00036852228042201317,0.000818938400937807
x_R32_EXIT_B,0.0,0.00016378768018756142,0.0,0.0,7.370445608440265e-05,0.0,0.0,0.0,0.0,0.0,0.00016378768018756142,0.0,0.0,7.370445608440265e-05,0.0,0.0,0.0,0.0,0.00011055668412660398,5.323099606095746e-05,0.00011055668412660398,0.00011055668412660398,0.0010031995411488137,0.0011096615332707286,0.0009499685450878563,0.00011055668412660398,0.0011096615332707286,0.00011055668412660398,5.323099606095746e-05,0.00011055668412660398,0.00011055668412660398,0.0010031995411488137,0.0011096615332707286,0.0009499685450878563,0.00011055668412660398,0.0011096615332707286,0.0,0.00016378768018756142,0.0,0.0,0.0,0.00010646199212191492,0.0002948178243376106,0.0,0.00010646199212191492,0.0,0.00016378768018756142,0.0,0.0,0.0,0.00010646199212191492,0.0002948178243376106,0.0,0.00010646199212191492,0.0,0.00016378768018756142,0.0,0.0,0.0,0.00010646199212191492,0.0002948178243376106,0.0,0.00010646199212191492,0.0,0.00016378768018756142,0.0,0.0,7.370445608440265e-05,0.0,0.0,0.0,0.0,0.0,0.00016378768018756142,0.0,0.0,7.370445608440265e-05,0.0,0.0,0.0,0.0,0.0,0.00016378768018756142,0.0,0.0,0.0,0.00010646199212191492,5.3230996060957466e-05,0.0,0.00010646199212191492,0.0,0.00016378768018756142,0.0,0.0,0.0,0.00010646199212191492,0.0002948178243376106,0.0,0.00010646199212191492,0.0,0.0011301349932941738,0.0,0.0,0.0006960976407971362,0.0009090216250409659,0.0005896356486752212,0.0,0.0009090216250409659,0.0,0.00016378768018756142,0.0,0.0,7.370445608440265e-05,0.0,0.0,0.0,0.0,0.0,0.00016378768018756142,0.0,0.0,7.370445608440265e-05,0.0,0.0,0.0,0.0,0.0,8.189384009378071e-05,0.0,0.0,0.0,5.323099606095746e-05,0.0,0.0,5.323099606095746e-05,0.0,0.00016378768018756142,0.0,0.0,0.0,0.00010646199212191492,5.3230996060957466e-05,0.0,0.00010646199212191492,0.0,0.0,0.0,0.0,0.0,0.0,0.0,0.0,0.0,0.00021292398424382986,0.0022193230665414573,0.0,0.0,0.0,0.00010646199212191492,0.00010646199212191492,0.00021292398424382986,0.00010646199212191492,0.0,0.00016378768018756142,0.0,0.0,0.0,0.00010646199212191492,5.3230996060957466e-05,0.0,0.00010646199212191492,0.0,0.0010031995411488137,0.0002948178243376106,5.3230996060957466e-05,7.370445608440265e-05,0.0,0.0,0.0,0.0,0.0,0.0010031995411488137,0.0002948178243376106,5.3230996060957466e-05,7.370445608440265e-05,0.0,0.0,0.0,0.0,0.0,0.0010031995411488137,0.0002948178243376106,5.3230996060957466e-05,7.370445608440265e-05,0.0,0.0,0.0,0.0,0.0,0.0010031995411488137,0.0,0.0,7.370445608440265e-05,0.0,0.0,0.0,0.0,0.8368588602235465,-0.8074919944204241,0.8371997433329369,0.8371997433329369,0.8371628911048946,0.8368588602235465,0.8368588602235465,0.8368588602235465,0.8368588602235465,7.370445608440265e-05,0.0012734492134582902,0.0,0.0,0.0,7.370445608440265e-05,7.370445608440265e-05,7.370445608440265e-05,7.370445608440265e-05,7.370445608440265e-05,0.0012734492134582902,0.0,0.0,0.0,7.370445608440265e-05,7.370445608440265e-05,7.370445608440265e-05,7.370445608440265e-05,0.0,0.00016378768018756142,0.0,0.0,7.370445608440265e-05,0.0,0.0,0.0,0.0,0.0,0.000818938400937807,0.0014740891216880527,0.00026615498030478727,0.00036852228042201317,0.0,0.0,0.0,0.0
x_R32_EXIT_C,0.0,0.0,0.00016378768018756142,0.0,0.0,0.0,0.0,0.0,0.0,0.0,0.0,0.00016378768018756142,0.0,0.0,0.0,0.0,0.0,0.0,0.0,0.0,0.00016378768018756142,0.0002907231323329215,0.0001474089121688053,0.0,0.0,0.0,0.0,0.0,0.0,0.00016378768018756142,0.0002907231323329215,0.0001474089121688053,0.0,0.0,0.0,0.0,0.00011055668412660398,0.00011055668412660398,5.323099606095746e-05,0.00040127981645952536,0.0007698020968815386,0.0006223931847127332,0.00036442758841732405,0.00011055668412660398,0.0006223931847127332,0.00011055668412660398,0.00011055668412660398,5.323099606095746e-05,0.00040127981645952536,0.0007698020968815386,0.0006223931847127332,0.00036442758841732405,0.00011055668412660398,0.0006223931847127332,0.0,0.0,0.00016378768018756142,0.0,0.0006592454127549346,0.0005118365005861294,0.00025387090429072017,0.0,0.0005118365005861294,0.0,0.0,0.00016378768018756142,0.0,0.0,0.0,0.0,0.0,0.0,0.0,0.0,0.00016378768018756142,0.0,0.0,0.0,0.0,0.0,0.0,0.0,0.0,0.00016378768018756142,0.0,0.00036852228042201317,0.00022111336825320795,0.00022111336825320795,0.0,0.00022111336825320795,0.0,0.0,0.00016378768018756142,0.0,0.0006592454127549346,0.0005118365005861294,0.00025387090429072017,0.0,0.0005118365005861294,0.0,0.0,0.0005077418085814403,7.370445608440265e-05,0.0002948178243376106,0.0,0.0,0.0,0.0,0.0,0.0,0.00016378768018756142,0.0,0.0,0.0,0.0,0.0,0.0,0.0,0.0,0.00016378768018756142,0.0,0.0,0.0,0.0,0.0,0.0,0.0,0.0,8.189384009378071e-05,0.0,0.00018426114021100659,0.00011055668412660398,0.00011055668412660398,0.0,0.00011055668412660398,0.0,0.0,0.00016378768018756142,0.0,0.00036852228042201317,0.00022111336825320795,0.00022111336825320795,0.0,0.00022111336825320795,0.0,0.0,0.0,0.0,0.0,0.0,0.0,0.0,0.0,0.0,0.0,0.001056430537209771,0.0001474089121688053,0.0001474089121688053,0.0,0.0,0.0,0.0,0.0002907231323329215,0.0002907231323329215,0.0004545108125204828,0.0,0.00036852228042201317,0.00022111336825320795,0.00022111336825320795,0.0,0.00022111336825320795,0.0,0.0,0.00025387090429072017,0.00022111336825320795,0.0,0.0,0.0,0.0,0.0,0.0,0.0,0.00025387090429072017,0.00022111336825320795,0.0,0.0,0.0,0.0,0.0,0.0,0.0,0.00025387090429072017,0.00022111336825320795,0.0,0.0,0.0,0.0,0.0,0.0,0.0,0.0008230330929424962,0.00036852228042201317,0.0,0.0,0.0,0.0,0.0,0.8368588602235465,0.8371997433329369,-0.8082865915842287,0.8376051178414011,0.8371628911048946,0.8368588602235465,0.8368588602235465,0.8368588602235465,0.8368588602235465,0.0,0.0,0.0008967375490268987,0.0004422267365064158,0.0,0.0,0.0,0.0,0.0,0.0,0.0,0.0008967375490268987,0.0004422267365064158,0.0,0.0,0.0,0.0,0.0,0.0,0.0,0.00016378768018756142,0.0,0.0,0.0,0.0,0.0,0.0,0.0,0.0,0.0012693545214536007,0.0011055668412660396,0.00018426114021100659,0.0,0.0,0.0,0.0
x_R32_EXIT_D,0.0,0.0,0.0,0.0003111965923563667,0.0,0.0,0.0,0.0,0.0,0.0,0.0,0.0,0.0003111965923563667,0.0,0.0,0.0,0.0,0.0,0.0,0.0,0.0,0.0003111965923563667,0.0001474089121688053,0.0,0.0,0.0,0.0,0.0,0.0,0.0,0.0003111965923563667,0.0001474089121688053,0.0,0.0,0.0,0.0,0.0,0.0,0.0,0.0003111965923563667,0.00036852228042201317,0.00022111336825320795,0.0,0.0,0.00022111336825320795,0.0,0.0,0.0,0.0003111965923563667,0.00036852228042201317,0.00022111336825320795,0.0,0.0,0.00022111336825320795,0.0,0.0,0.0,0.00016378768018756145,0.00036852228042201317,0.00022111336825320795,0.0,0.0,0.00022111336825320795,0.0,0.0,0.0,0.0003111965923563667,0.0,0.0,0.0,0.0,0.0,0.0,0.0,0.0,0.0003111965923563667,0.0,0.0,0.0,0.0,0.0,0.0,0.0,0.0,0.00016378768018756145,0.0005159311925908185,0.0003685222804220132,0.0003685222804220132,0.0001474089121688053,0.0003685222804220132,0.0,0.0,0.0,0.00016378768018756145,0.00036852228042201317,0.00022111336825320795,0.0,0.0,0.00022111336825320795,0.0,0.0,0.0,0.0006223931847127334,0.0002948178243376106,0.0,0.0,0.0,0.0,0.0,0.0,0.0,0.0003111965923563667,0.0,0.0,0.0,0.0,0.0,0.0,0.0,0.0,0.0003111965923563667,0.0,0.0,0.0,0.0,0.0,0.0,0.0,0.0,8.189384009378072e-05,0.00025796559629540924,0.0001842611402110066,0.0001842611402110066,7.370445608440265e-05,0.0001842611402110066,0.0,0.0,0.0,0.00016378768018756145,0.0005159311925908185,0.0003685222804220132,0.0003685222804220132,0.0001474089121688053,0.0003685222804220132,0.0,0.0,0.0,0.0,0.0,0.0,0.0,0.0,0.0,0.0,0.0,0.0001474089121688053,0.0007698020968815388,0.0001474089121688053,0.0,0.0,0.0,0.0,0.00025796559629540924,0.00025796559629540924,0.00025796559629540924,5.3230996060957466e-05,0.0006264878767174225,0.0004790789645486172,0.0004790789645486172,0.00025796559629540924,0.0004790789645486172,0.0,0.0,0.0,0.0005323099606095748,0.0,0.0,0.0,0.0,0.0,0.0,0.0,0.0,0.0005323099606095748,0.0,0.0,0.0,0.0,0.0,0.0,0.0,0.0,0.0005323099606095748,0.0,0.0,0.0,0.0,0.0,0.0,0.0,0.00036852228042201317,0.00067971887277838,0.0,0.0,0.0,0.0,0.0,0.8368588602235465,0.8371997433329369,0.8376051178414011,-0.8134445317968708,0.8371628911048946,0.8368588602235465,0.8368588602235465,0.8368588602235465,0.8368588602235465,0.0,0.0,0.0004422267365064158,0.0007534233288627825,0.0,0.0,0.0,0.0,0.0,0.0,0.0,0.0004422267365064158,0.0007534233288627825,0.0,0.0,0.0,0.0,0.0,0.0,0.0,0.0,0.0003111965923563667,0.0,0.0,0.0,0.0,0.0,0.0,0.0,0.0,0.0026615498030478726,0.00018426114021100659,0.0,0.0,0.0,0.0
x_R32_EXIT_E,0.0,0.0,0.0,0.0,0.0007861808649002948,0.0,0.0,0.0,0.0,0.0,0.0,0.0,0.0,0.0007861808649002948,0.0,0.0,0.0,0.0,0.0,0.0,0.0,0.0,0.0007861808649002948,0.0,0.0,0.0,0.0,0.0,0.0,0.0,0.0,0.0007861808649002948,0.0,0.0,0.0,0.0,0.0,0.0,0.0,0.0,0.0007861808649002948,0.0,0.0,0.0,0.0,0.0,0.0,0.0,0.0,0.0007861808649002948,0.0,0.0,0.0,0.0,0.0,0.0,0.0,0.0,0.0007861808649002948,0.0,0.0,0.0,0.0,0.0,0.0,0.0,0.0,0.0007861808649002948,0.0,0.0,0.0,0.0,0.0,0.0,0.0,0.0,0.0007861808649002948,0.0,0.0,0.0,0.0,0.0,0.0,0.0,0.0,0.0007861808649002948,0.0,0.0,0.0,0.0,0.0,0.0,0.0,0.0,0.0007861808649002948,0.0,0.0,0.0,0.0,0.0,0.0,0.0,0.0,0.0015723617298005895,0.0,0.0,0.0,0.0,0.0,0.0,0.0,0.0,0.0007861808649002948,0.0,0.0,0.0,0.0,0.0,0.0,0.0,0.0,0.0007861808649002948,0.0,0.0,0.0,0.0,0.0,0.0,0.0,0.0,0.0003930904324501474,0.0,0.0,0.0,0.0,0.0,0.0,0.0,0.0,0.0007861808649002948,0.0,0.0,0.0,0.0,0.0,0.0,0.0,0.0,0.0,0.0,0.0,0.0,0.0,0.0,0.0,0.0,0.0,0.0015723617298005895,0.0,0.0,0.0,0.0,0.0,0.0,0.0,0.0,0.0007861808649002948,0.0,0.0,0.0,0.0,0.0,0.0,0.0,0.0,0.0007861808649002948,0.0,0.0,0.0,0.0,0.0,0.0,0.0,0.0,0.0007861808649002948,0.0,0.0,0.0,0.0,0.0,0.0,0.0,0.0,0.0007861808649002948,0.0,0.0,0.0,0.0,0.0,0.0,0.0,0.0,0.0007861808649002948,0.0,0.0,0.0,0.0,0.8368588602235465,0.8371628911048946,0.8371628911048946,0.8371628911048946,-0.8234410262457895,0.8368588602235465,0.8368588602235465,0.8368588602235465,0.8368588602235465,0.00040537450846421454,0.00040537450846421454,0.00040537450846421454,0.00040537450846421454,0.0003480488203985681,0.00040537450846421454,0.00040537450846421454,0.00040537450846421454,0.00040537450846421454,0.00011055668412660398,0.00011055668412660398,0.00011055668412660398,0.00011055668412660398,5.323099606095746e-05,0.00011055668412660398,0.00011055668412660398,0.00011055668412660398,0.00011055668412660398,0.0,0.0,0.0,0.0,0.0007861808649002948,0.0,0.0,0.0,0.0,0.0,0.0,0.0,0.0,0.003930904324501473,0.0,0.0,0.0,0.0
x_R32_EXIT_F,0.0,0.0,0.0,0.0,0.0,5.323099606095746e-05,0.0,0.0,0.0,0.0,0.0,0.0,0.0,0.0,5.323099606095746e-05,0.0,0.0,0.0,0.0,0.0,0.0,0.0,0.0,5.323099606095746e-05,0.0,0.0,0.0,0.0,0.0,0.0,0.0,0.0,5.323099606095746e-05,0.0,0.0,0.0,0.0,0.0,0.0,0.0,0.0,5.323099606095746e-05,0.0,0.0,0.0,0.0,0.0,0.0,0.0,0.0,5.323099606095746e-05,0.0,0.0,0.0,0.0,0.0,0.0,0.0,0.0,5.323099606095746e-05,0.0,0.0,0.0,0.0,0.0,0.0,0.0,0.0,5.323099606095746e-05,0.0,0.0,0.0,0.0,0.0,0.0,0.0,0.0,5.323099606095746e-05,0.0,0.0,0.0,0.0,0.0,0.0,0.0,0.0,5.323099606095746e-05,0.0,0.0,0.0,0.0,0.0,0.0,0.0,0.0,5.323099606095746e-05,0.0,0.0,0.0,0.0,0.0,0.0,0.0,0.0,0.00010646199212191492,0.0,0.0,0.0,0.0,0.0,0.0,0.0,0.0,5.323099606095746e-05,0.0,0.0,0.0,0.0,0.0,0.0,0.0,0.0,5.323099606095746e-05,0.0,0.0,0.0,0.0,0.0,0.0,0.0,0.0,0.0,0.0,0.0,0.0,0.0,0.0,0.0,0.0,0.0,5.323099606095746e-05,0.0,0.0,0.0,0.0,0.0,0.0,0.0,0.0,0.0,0.0,0.0,0.0,0.0,0.0,0.0,0.0,0.0,0.00010646199212191492,0.0,0.0,0.0,0.0,0.0,0.0,0.0,0.0,5.323099606095746e-05,0.0,0.0,0.0,0.0,0.0,0.0,0.0,0.0,5.323099606095746e-05,0.0,0.0,0.0,0.0,0.0,0.0,0.0,0.0,5.323099606095746e-05,0.0,0.0,0.0,0.0,0.0,0.0,0.0,0.0,5.323099606095746e-05,0.0,0.0,0.0,0.0,0.0,0.0,0.0,0.0,5.323099606095746e-05,0.0,0.0,0.0,0.8371628911048946,0.8368588602235465,0.8368588602235465,0.8368588602235465,0.8368588602235465,-0.8323227433524056,0.8371628911048946,0.8371628911048946,0.8371628911048946,0.0,0.0,0.0,0.0,0.0,5.323099606095746e-05,0.0,0.0,0.0,0.0,0.0,0.0,0.0,0.0,5.323099606095746e-05,0.0,0.0,0.0,0.0,0.0,0.0,0.0,0.0,5.323099606095746e-05,0.0,0.0,0.0,0.0,0.0,0.0,0.0,0.0,0.0002661549803047873,0.0,0.0,0.0
x_R32_EXIT_G,0.0,0.0,0.0,0.0,0.0001474089121688053,0.00025796559629540924,0.0008598853209846976,0.0,7.370445608440265e-05,0.0,0.0,0.0,0.0,0.0001474089121688053,0.00025796559629540924,0.0008598853209846976,0.0,7.370445608440265e-05,0.0,0.0,0.0,0.0,0.0,0.00011055668412660398,0.0008598853209846976,0.0,0.0,0.0,0.0,0.0,0.0,0.0,0.00011055668412660398,0.0008598853209846976,0.0,0.0,0.0,0.0,0.0,0.0,0.0,0.00011055668412660398,0.0008598853209846976,0.0,0.0,0.0,0.0,0.0,0.0,0.0,0.00011055668412660398,0.0008598853209846976,0.0,0.0,0.0,0.0,0.0,0.0,0.0,0.00011055668412660398,0.0008598853209846976,0.0,0.0,0.0,0.0,0.0,0.0,0.0001474089121688053,0.00025796559629540924,0.0008598853209846976,0.0,7.370445608440265e-05,0.0,0.0,0.0,0.0,0.0001474089121688053,0.00025796559629540924,0.0008598853209846976,0.0,7.370445608440265e-05,0.0,0.0,0.0,0.0,0.0,0.00011055668412660398,0.0008598853209846976,0.0,0.0,0.0,0.0,0.0,0.0,0.0,0.00011055668412660398,0.0008598853209846976,0.0,0.0,0.0,0.0,0.0,0.0,0.0,0.00022111336825320795,0.0017197706419693952,0.0,0.0,0.0,0.0,0.0,0.0,0.0001474089121688053,0.00025796559629540924,0.0008598853209846976,0.0,7.370445608440265e-05,0.0,0.0,0.0,0.0,0.0001474089121688053,0.00025796559629540924,0.0008598853209846976,0.0,7.370445608440265e-05,0.0,0.0,0.0,0.0,0.0,5.527834206330199e-05,0.0004299426604923488,0.0,0.0,0.0,0.0,0.0,0.0,0.0,0.00011055668412660398,0.0008598853209846976,0.0,0.0,0.0,0.0,0.0,0.0,0.0,0.0,0.0,0.0,0.0,0.0,0.0,0.0,0.0,0.0,0.00022111336825320795,0.0017934750980537978,0.0,0.0,0.0,0.0,0.0,0.0,0.0,0.00011055668412660398,0.0008598853209846976,0.0,0.0,0.0008066543249237402,0.0008066543249237402,0.0008066543249237402,0.0008066543249237402,0.0009540632370925454,0.0010646199212191495,5.323099606095746e-05,0.0008066543249237402,0.0008803587810081428,0.0004790789645486171,0.0004790789645486171,0.0004790789645486171,0.0004790789645486171,0.0006264878767174224,0.0007370445608440263,0.00034804882039856803,0.0004790789645486171,0.0005527834206330197,0.0,0.0,0.0,0.0,0.0001842611402110066,0.0002948178243376106,0.0008230330929424963,0.0,0.00011055668412660398,0.0,0.0,0.0,0.0,0.00011055668412660398,0.0,0.0008967375490268989,0.0,0.0,0.83742085670119,0.8368588602235465,0.8368588602235465,0.8368588602235465,0.8368588602235465,0.8371628911048946,-0.8166321309531255,0.83742085670119,0.8373103000170634,0.0001474089121688053,0.0,0.0,0.0,0.0,0.00011055668412660398,0.0010072942331535027,0.0001474089121688053,0.0,0.0001474089121688053,0.0,0.0,0.0,0.0,0.00011055668412660398,0.0010072942331535027,0.0001474089121688053,0.0,0.0,0.0,0.0,0.0,0.0001474089121688053,0.00025796559629540924,0.0008598853209846976,0.0,7.370445608440265e-05,0.0,0.0,0.0,0.0,0.0007370445608440263,0.0012898279814770462,0.0042994266049234875,0.0,0.00036852228042201317
x_R32_EXIT_H,0.0,0.0,0.0,0.0,0.0004749842725439281,0.000585540956670532,0.0003275753603751229,0.00016378768018756142,0.0004012798164595255,0.0,0.0,0.0,0.0,0.0004749842725439281,0.000585540956670532,0.0003275753603751229,0.00016378768018756142,0.0004012798164595255,0.0,0.0,0.0,0.0,0.0,0.00011055668412660398,0.00014331422016411623,0.00034804882039856803,0.0,0.0,0.0,0.0,0.0,0.0,0.00011055668412660398,0.00014331422016411623,0.00034804882039856803,0.0,0.0,0.0,0.0,0.0,0.0,0.00011055668412660398,0.00014331422016411623,0.00034804882039856803,0.0,0.0,0.0,0.0,0.0,0.0,0.00011055668412660398,0.00014331422016411623,0.00034804882039856803,0.0,0.0,0.0,0.0,0.0,0.0,0.00011055668412660398,0.00014331422016411623,0.00034804882039856803,0.0,0.0,0.0,0.0,0.0001842611402110066,0.0006592454127549346,0.0007698020968815386,0.0005118365005861294,0.00016378768018756142,0.0005855409566705321,0.0,0.0,0.0,0.0001842611402110066,0.0006592454127549346,0.0007698020968815386,0.0005118365005861294,0.00016378768018756142,0.0005855409566705321,0.0,0.0,0.0,0.0,0.0,0.00011055668412660398,0.00014331422016411623,0.00034804882039856803,0.0,0.0,0.0,0.0,0.0,0.0,0.00011055668412660398,0.00014331422016411623,0.00034804882039856803,0.0,0.0,0.0,0.0,0.0,0.0,0.00022111336825320795,0.00028662844032823246,0.0006960976407971361,0.0,0.0,0.0001842611402110066,0.0001842611402110066,0.0001842611402110066,0.0006592454127549346,0.0007698020968815386,0.0005118365005861294,0.00016378768018756142,0.0005855409566705321,0.0,0.0001842611402110066,0.0001842611402110066,0.0001842611402110066,0.0006592454127549346,0.0007698020968815386,0.0005118365005861294,0.00016378768018756142,0.0005855409566705321,0.0,0.0,0.0,0.0,0.0,5.527834206330199e-05,7.165711008205812e-05,0.00017402441019928402,0.0,0.0,0.0,0.0,0.0,0.0,0.00011055668412660398,0.00014331422016411623,0.00034804882039856803,0.0,0.0,0.0,0.0,0.0,0.0,0.0,0.0,0.0,0.0,0.0003685222804220132,0.0,0.0,0.0,0.0,0.00022111336825320795,7.370445608440265e-05,0.0010646199212191493,0.0,0.0,0.0,0.0,0.0,0.0,0.00011055668412660398,0.00014331422016411623,0.00034804882039856803,0.0,0.0003275753603751229,0.00014331422016411623,0.00014331422016411623,0.00014331422016411623,0.0001474089121688053,0.00025796559629540924,0.0,0.0006756241807736908,7.370445608440265e-05,0.0003275753603751229,0.00014331422016411623,0.00014331422016411623,0.00014331422016411623,0.0001474089121688053,0.00025796559629540924,0.0,0.0006756241807736908,7.370445608440265e-05,0.0003275753603751229,0.00014331422016411623,0.00014331422016411623,0.00014331422016411623,0.0001474089121688053,0.00025796559629540924,0.0,0.0006756241807736908,7.370445608440265e-05,0.0003644275884173242,0.00018016644820631754,0.0,0.0,0.00011055668412660398,0.0,0.0,0.0007124764088158922,0.0,0.8377484320615652,0.8368588602235465,0.8368588602235465,0.8368588602235465,0.8368588602235465,0.8371628911048946,0.83742085670119,-0.8101302241033658,0.8373103000170634,0.0004749842725439281,0.0,0.0,0.0,0.0,0.00011055668412660398,0.0001474089121688053,0.0008230330929424961,0.0,0.0004749842725439281,0.0,0.0,0.0,0.0,0.00011055668412660398,0.0001474089121688053,0.0008230330929424961,0.0,0.0,0.0,0.0,0.0,0.0004749842725439281,0.000585540956670532,0.0003275753603751229,0.00016378768018756142,0.0004012798164595255,0.00036852228042201317,0.00036852228042201317,0.0002661549803047873,0.0002661549803047873,0.0011874606813598201,0.00174024410199284,0.00045041612051579383,0.002108766382414853,0.000818938400937807
x_R32_EXIT_STAIRWELL,0.0,0.0,0.0,0.0,0.0,0.0001474089121688053,0.0,0.0,0.00016378768018756145,0.0,0.0,0.0,0.0,0.0,0.0001474089121688053,0.0,0.0,0.00016378768018756145,0.0,0.0,0.0,0.0,0.0,0.00011055668412660398,0.0,0.0,0.00016378768018756145,0.0,0.0,0.0,0.0,0.0,0.00011055668412660398,0.0,0.0,0.00016378768018756145,0.0,0.0,0.0,0.0,0.0,0.00011055668412660398,0.0,0.0,0.00016378768018756145,0.0,0.0,0.0,0.0,0.0,0.00011055668412660398,0.0,0.0,0.00016378768018756145,0.0,0.0,0.0,0.0,0.0,0.00011055668412660398,0.0,0.0,0.00016378768018756145,0.0,0.0,0.0,0.0,0.0,0.0001474089121688053,0.0,0.0,0.00016378768018756145,0.0,0.0,0.0,0.0,0.0,0.0001474089121688053,0.0,0.0,0.00016378768018756145,0.0,0.0,0.0,0.0,0.0,0.00011055668412660398,0.0,0.0,0.00016378768018756145,0.0,0.0,0.0,0.0,0.0,0.00011055668412660398,0.0,0.0,0.00016378768018756145,0.0,0.0,0.0,0.0,0.0,0.00022111336825320795,0.0,0.0,0.0003275753603751229,0.0,0.0,0.0,0.0,0.0,0.0001474089121688053,0.0,0.0,0.00016378768018756145,0.0,0.0,0.0,0.0,0.0,0.0001474089121688053,0.0,0.0,0.00016378768018756145,0.0,0.0,0.0,0.0,0.0,5.527834206330199e-05,0.0,0.0,8.189384009378072e-05,0.0,0.0,0.0,0.0,0.0,0.00011055668412660398,0.0,0.0,0.00016378768018756145,0.0,0.0,0.0,0.0,0.0,0.0,0.0,0.0,0.0,0.0,0.0,0.0,0.0,0.0,0.00022111336825320795,0.0,0.0,0.0003275753603751229,0.0,0.0,0.0,0.0,0.0,0.00011055668412660398,0.0,0.0,0.00016378768018756145,0.0,0.0,0.0,0.0,0.0,0.0001474089121688053,0.0,0.0,0.00016378768018756145,0.0,0.0,0.0,0.0,0.0,0.0001474089121688053,0.0,0.0,0.00016378768018756145,0.0,0.0,0.0,0.0,0.0,0.0001474089121688053,0.0,0.0,0.00016378768018756145,0.0,0.0,0.0,0.0,0.0,0.0,0.0,0.0,0.00016378768018756145,0.8373103000170634,0.8368588602235465,0.8368588602235465,0.8368588602235465,0.8368588602235465,0.8371628911048946,0.8373103000170634,0.8373103000170634,-0.8282669560337095,0.0,0.0,0.0,0.0,0.0,0.00011055668412660398,0.0,0.0,0.00023749213627196407,0.0,0.0,0.0,0.0,0.0,0.00011055668412660398,0.0,0.0,0.00023749213627196407,0.0,0.0,0.0,0.0,0.0,0.0001474089121688053,0.0,0.0,0.00016378768018756145,0.0,0.0,0.0,0.0,0.00018426114021100659,0.0007370445608440263,0.0,0.0,0.0008189384009378071
x_R33_EXIT_A,5.323099606095746e-05,0.00029481782433761055,0.00029481782433761055,0.0005896356486752211,0.0016174033418521693,0.0011014721492613505,0.0009540632370925454,0.00011055668412660398,0.001027767693176948,5.323099606095746e-05,0.00029481782433761055,0.00029481782433761055,0.0005896356486752211,0.0016174033418521693,0.0011014721492613505,0.0009540632370925454,0.00011055668412660398,0.001027767693176948,0.000348048820398568,0.0,0.0,0.0,0.00040537450846421454,0.0,0.00014331422016411623,0.0003316700523798118,0.0,0.000348048820398568,0.0,0.0,0.0,0.00040537450846421454,0.0,0.00014331422016411623,0.0003316700523798118,0.0,0.000348048820398568,0.0,0.0,0.0,0.00040537450846421454,0.0,0.00014331422016411623,0.0003316700523798118,0.0,0.000348048820398568,0.0,0.0,0.0,0.00040537450846421454,0.0,0.00014331422016411623,0.0003316700523798118,0.0,0.000348048820398568,0.0,0.0,0.0,0.00040537450846421454,0.0,0.00014331422016411623,0.0003316700523798118,0.0,0.00016378768018756145,0.0001842611402110066,0.0001842611402110066,0.0,0.0009909154651347465,0.0004749842725439281,0.0003275753603751229,0.0,0.0004012798164595255,0.00016378768018756145,0.0001842611402110066,0.0001842611402110066,0.0,0.0009909154651347465,0.0004749842725439281,0.0003275753603751229,0.0,0.0004012798164595255,0.000348048820398568,0.0,0.0,0.0,0.00040537450846421454,0.0,0.00014331422016411623,0.0,0.0,0.000348048820398568,0.0,0.0,0.0,0.00040537450846421454,0.0,0.00014331422016411623,0.0003316700523798118,0.0,0.0009172110090503437,0.0,0.0,0.0,0.0008107490169284291,0.0,0.00028662844032823246,7.370445608440265e-05,0.0,0.00016378768018756145,0.0003316700523798118,0.0003316700523798118,0.0,0.0009909154651347465,0.0004749842725439281,0.0003275753603751229,0.0,0.0004012798164595255,0.00016378768018756145,0.0003316700523798118,0.0003316700523798118,0.0,0.0009909154651347465,0.0004749842725439281,0.0003275753603751229,0.0,0.0004012798164595255,0.000174024410199284,0.0,0.0,0.0,0.00020268725423210727,0.0,7.165711008205812e-05,0.0,0.0,0.000348048820398568,0.0,0.0,0.0,0.00040537450846421454,0.0,0.00014331422016411623,0.0,0.0,0.0,0.0,0.0,0.0,0.0,0.0,0.0,0.0,0.0,0.0017279600259787733,0.0,0.0,0.0,0.0008107490169284291,0.0,7.370445608440265e-05,0.0003685222804220132,0.0,0.000348048820398568,0.0,0.0,0.0,0.00040537450846421454,0.0,0.00014331422016411623,0.0,0.0,0.001007294233153503,0.00014331422016411623,0.00014331422016411623,0.00014331422016411623,0.0006633401047596238,0.0001474089121688053,0.0,0.0003275753603751229,7.370445608440265e-05,0.001007294233153503,0.00014331422016411623,0.00014331422016411623,0.00014331422016411623,0.0006633401047596238,0.0001474089121688053,0.0,0.0003275753603751229,7.370445608440265e-05,0.001007294233153503,0.00014331422016411623,0.00014331422016411623,0.00014331422016411623,0.0006633401047596238,0.0001474089121688053,0.0,0.0003275753603751229,7.370445608440265e-05,0.0010441464611957042,0.00018016644820631754,0.0,0.0,0.0006264878767174225,0.0,0.0,0.0003644275884173242,0.0,0.0011547031453223082,7.370445608440265e-05,0.0,0.0,0.00040537450846421454,0.0,0.0001474089121688053,0.0004749842725439281,0.0,-0.7986140316334703,0.8373471522451057,0.8373103000170634,0.8373103000170634,0.8368588602235465,0.8373840044731479,0.8375314133853167,0.8378589887456918,0.83742085670119,0.0013758165135755163,0.0001842611402110066,0.0001474089121688053,0.0001474089121688053,0.0,0.00022111336825320795,0.0003685222804220133,0.0006960976407971361,0.00025796559629540924,0.00016378768018756145,0.0001842611402110066,0.0001842611402110066,0.000479078964548617,0.0015068466577255653,0.0009909154651347465,0.0008435065529659413,0.0,0.000917211009050344,0.0037671166443139135,0.002026872542321072,0.0002661549803047873,0.0002661549803047873,0.003767116644313912,0.0011874606813598201,0.00045041612051579383,0.00036852228042201317,0.000818938400937807
x_R33_EXIT_B,0.0,0.00016378768018756142,0.0,0.0,0.0004790789645486171,0.0,0.0,0.0,0.0,0.0,0.00016378768018756142,0.0,0.0,0.0004790789645486171,0.0,0.0,0.0,0.0,0.00011055668412660398,5.323099606095746e-05,0.00011055668412660398,0.00011055668412660398,0.0014085740496130284,0.0011096615332707286,0.0009499685450878563,0.00011055668412660398,0.0011096615332707286,0.00011055668412660398,5.323099606095746e-05,0.00011055668412660398,0.00011055668412660398,0.0014085740496130284,0.0011096615332707286,0.0009499685450878563,0.00011055668412660398,0.0011096615332707286,0.0,0.00016378768018756142,0.0,0.0,0.00040537450846421454,0.00010646199212191492,0.0002948178243376106,0.0,0.00010646199212191492,0.0,0.00016378768018756142,0.0,0.0,0.00040537450846421454,0.00010646199212191492,0.0002948178243376106,0.0,0.00010646199212191492,0.0,0.00016378768018756142,0.0,0.0,0.00040537450846421454,0.00010646199212191492,0.0002948178243376106,0.0,0.00010646199212191492,0.0,0.00016378768018756142,0.0,0.0,0.0004790789645486171,0.0,0.0,0.0,0.0,0.0,0.00016378768018756142,0.0,0.0,0.0004790789645486171,0.0,0.0,0.0,0.0,0.0,0.00016378768018756142,0.0,0.0,0.00040537450846421454,0.00010646199212191492,5.3230996060957466e-05,0.0,0.00010646199212191492,0.0,0.00016378768018756142,0.0,0.0,0.00040537450846421454,0.00010646199212191492,0.0002948178243376106,0.0,0.00010646199212191492,0.0,0.0011301349932941738,0.0,0.0,0.0015068466577255653,0.0009090216250409659,0.0005896356486752212,0.0,0.0009090216250409659,0.0,0.00016378768018756142,0.0,0.0,0.0004790789645486171,0.0,0.0,0.0,0.0,0.0,0.00016378768018756142,0.0,0.0,0.0004790789645486171,0.0,0.0,0.0,0.0,0.0,8.189384009378071e-05,0.0,0.0,0.00020268725423210727,5.323099606095746e-05,0.0,0.0,5.323099606095746e-05,0.0,0.00016378768018756142,0.0,0.0,0.00040537450846421454,0.00010646199212191492,5.3230996060957466e-05,0.0,0.00010646199212191492,0.0,0.0,0.0,0.0,0.0,0.0,0.0,0.0,0.0,0.00021292398424382986,0.0022193230665414573,0.0,0.0,0.0008107490169284291,0.00010646199212191492,0.00010646199212191492,0.00021292398424382986,0.00010646199212191492,0.0,0.00016378768018756142,0.0,0.0,0.00040537450846421454,0.00010646199212191492,5.3230996060957466e-05,0.0,0.00010646199212191492,0.0,0.0010031995411488137,0.0002948178243376106,5.3230996060957466e-05,0.0004790789645486171,0.0,0.0,0.0,0.0,0.0,0.0010031995411488137,0.0002948178243376106,5.3230996060957466e-05,0.0004790789645486171,0.0,0.0,0.0,0.0,0.0,0.0010031995411488137,0.0002948178243376106,5.3230996060957466e-05,0.0004790789645486171,0.0,0.0,0.0,0.0,0.0,0.0010031995411488137,0.0,0.0,0.0004790789645486171,0.0,0.0,0.0,0.0,0.0,0.0012734492134582902,0.0,0.0,0.00040537450846421454,0.0,0.0,0.0,0.0,0.8373471522451057,-0.8048741247400585,0.8373103000170634,0.8373103000170634,0.8368588602235465,0.8373471522451057,0.8373471522451057,0.8373471522451057,0.8373471522451057,0.0001842611402110066,0.0013840058975848942,0.0001474089121688053,0.0001474089121688053,0.0,0.0001842611402110066,0.0001842611402110066,0.0001842611402110066,0.0001842611402110066,0.0,0.00016378768018756142,0.0,0.0,0.0004790789645486171,0.0,0.0,0.0,0.0,0.0,0.000818938400937807,0.0014740891216880527,0.00026615498030478727,0.002395394822743086,0.0,0.0,0.0,0.0
x_R33_EXIT_C,0.0,0.0,0.00016378768018756142,0.0,0.0004422267365064159,0.0,0.0,0.0,0.0,0.0,0.0,0.00016378768018756142,0.0,0.0004422267365064159,0.0,0.0,0.0,0.0,0.0,0.0,0.00016378768018756142,0.0002907231323329215,0.0005527834206330198,0.0,0.0,0.0,0.0,0.0,0.0,0.00016378768018756142,0.0002907231323329215,0.0005527834206330198,0.0,0.0,0.0,0.0,0.00011055668412660398,0.00011055668412660398,5.323099606095746e-05,0.00040127981645952536,0.0011751766053457533,0.0006223931847127332,0.00036442758841732405,0.00011055668412660398,0.0006223931847127332,0.00011055668412660398,0.00011055668412660398,5.323099606095746e-05,0.00040127981645952536,0.0011751766053457533,0.0006223931847127332,0.00036442758841732405,0.00011055668412660398,0.0006223931847127332,0.0,0.0,0.00016378768018756142,0.0,0.0010646199212191493,0.0005118365005861294,0.00025387090429072017,0.0,0.0005118365005861294,0.0,0.0,0.00016378768018756142,0.0,0.0004422267365064159,0.0,0.0,0.0,0.0,0.0,0.0,0.00016378768018756142,0.0,0.0004422267365064159,0.0,0.0,0.0,0.0,0.0,0.0,0.00016378768018756142,0.0,0.0007738967888862278,0.00022111336825320795,0.00022111336825320795,0.0,0.00022111336825320795,0.0,0.0,0.00016378768018756142,0.0,0.0010646199212191493,0.0005118365005861294,0.00025387090429072017,0.0,0.0005118365005861294,0.0,0.0,0.0005077418085814403,7.370445608440265e-05,0.0011055668412660396,0.0,0.0,0.0,0.0,0.0,0.0,0.00016378768018756142,0.0,0.0004422267365064159,0.0,0.0,0.0,0.0,0.0,0.0,0.00016378768018756142,0.0,0.0004422267365064159,0.0,0.0,0.0,0.0,0.0,0.0,8.189384009378071e-05,0.0,0.0003869483944431139,0.00011055668412660398,0.00011055668412660398,0.0,0.00011055668412660398,0.0,0.0,0.00016378768018756142,0.0,0.0007738967888862278,0.00022111336825320795,0.00022111336825320795,0.0,0.00022111336825320795,0.0,0.0,0.0,0.0,0.0,0.0,0.0,0.0,0.0,0.0,0.0,0.001056430537209771,0.0001474089121688053,0.0009581579290972342,0.0,0.0,0.0,0.0,0.0002907231323329215,0.0002907231323329215,0.0004545108125204828,0.0,0.0007738967888862278,0.00022111336825320795,0.00022111336825320795,0.0,0.00022111336825320795,0.0,0.0,0.00025387090429072017,0.00022111336825320795,0.0004422267365064159,0.0,0.0,0.0,0.0,0.0,0.0,0.00025387090429072017,0.00022111336825320795,0.0004422267365064159,0.0,0.0,0.0,0.0,0.0,0.0,0.00025387090429072017,0.00022111336825320795,0.0004422267365064159,0.0,0.0,0.0,0.0,0.0,0.0,0.0008230330929424962,0.00036852228042201317,0.0004422267365064159,0.0,0.0,0.0,0.0,0.0,0.0,0.0008967375490268987,0.0004422267365064158,0.00040537450846421454,0.0,0.0,0.0,0.0,0.8373103000170634,0.8373103000170634,-0.8056687219038631,0.8377156745255276,0.8368588602235465,0.8373103000170634,0.8373103000170634,0.8373103000170634,0.8373103000170634,0.0001474089121688053,0.0001474089121688053,0.0010072942331535025,0.0005527834206330197,0.0,0.0001474089121688053,0.0001474089121688053,0.0001474089121688053,0.0001474089121688053,0.0,0.0,0.00016378768018756142,0.0,0.0004422267365064159,0.0,0.0,0.0,0.0,0.0,0.0,0.0012693545214536007,0.0011055668412660396,0.002211133682532079,0.0,0.0,0.0,0.0
x_R33_EXIT_D,0.0,0.0,0.0,0.0003111965923563667,0.0004422267365064159,0.0,0.0,0.0,0.0,0.0,0.0,0.0,0.0003111965923563667,0.0004422267365064159,0.0,0.0,0.0,0.0,0.0,0.0,0.0,0.0003111965923563667,0.0005527834206330198,0.0,0.0,0.0,0.0,0.0,0.0,0.0,0.0003111965923563667,0.0005527834206330198,0.0,0.0,0.0,0.0,0.0,0.0,0.0,0.0003111965923563667,0.0007738967888862278,0.00022111336825320795,0.0,0.0,0.00022111336825320795,0.0,0.0,0.0,0.0003111965923563667,0.0007738967888862278,0.00022111336825320795,0.0,0.0,0.00022111336825320795,0.0,0.0,0.0,0.00016378768018756145,0.0007738967888862278,0.00022111336825320795,0.0,0.0,0.00022111336825320795,0.0,0.0,0.0,0.0003111965923563667,0.0004422267365064159,0.0,0.0,0.0,0.0,0.0,0.0,0.0,0.0003111965923563667,0.0004422267365064159,0.0,0.0,0.0,0.0,0.0,0.0,0.0,0.00016378768018756145,0.0009213057010550329,0.0003685222804220132,0.0003685222804220132,0.0001474089121688053,0.0003685222804220132,0.0,0.0,0.0,0.00016378768018756145,0.0007738967888862278,0.00022111336825320795,0.0,0.0,0.00022111336825320795,0.0,0.0,0.0,0.0006223931847127334,0.0011055668412660396,0.0,0.0,0.0,0.0,0.0,0.0,0.0,0.0003111965923563667,0.0004422267365064159,0.0,0.0,0.0,0.0,0.0,0.0,0.0,0.0003111965923563667,0.0004422267365064159,0.0,0.0,0.0,0.0,0.0,0.0,0.0,8.189384009378072e-05,0.00046065285052751645,0.0001842611402110066,0.0001842611402110066,7.370445608440265e-05,0.0001842611402110066,0.0,0.0,0.0,0.00016378768018756145,0.0009213057010550329,0.0003685222804220132,0.0003685222804220132,0.0001474089121688053,0.0003685222804220132,0.0,0.0,0.0,0.0,0.0,0.0,0.0,0.0,0.0,0.0,0.0,0.0001474089121688053,0.0007698020968815388,0.0009581579290972342,0.0,0.0,0.0,0.0,0.00025796559629540924,0.00025796559629540924,0.00025796559629540924,5.3230996060957466e-05,0.001031862385181637,0.0004790789645486172,0.0004790789645486172,0.00025796559629540924,0.0004790789645486172,0.0,0.0,0.0,0.0005323099606095748,0.0004422267365064159,0.0,0.0,0.0,0.0,0.0,0.0,0.0,0.0005323099606095748,0.0004422267365064159,0.0,0.0,0.0,0.0,0.0,0.0,0.0,0.0005323099606095748,0.0004422267365064159,0.0,0.0,0.0,0.0,0.0,0.0,0.00036852228042201317,0.00067971887277838,0.0004422267365064159,0.0,0.0,0.0,0.0,0.0,0.0,0.0004422267365064158,0.0007534233288627825,0.00040537450846421454,0.0,0.0,0.0,0.0,0.8373103000170634,0.8373103000170634,0.8377156745255276,-0.8108266621165052,0.8368588602235465,0.8373103000170634,0.8373103000170634,0.8373103000170634,0.8373103000170634,0.0001474089121688053,0.0001474089121688053,0.0005527834206330197,0.0008639800129893865,0.0,0.0001474089121688053,0.0001474089121688053,0.0001474089121688053,0.0001474089121688053,0.0,0.0,0.0,0.0003111965923563667,0.0004422267365064159,0.0,0.0,0.0,0.0,0.0,0.0,0.0,0.0026615498030478726,0.002211133682532079,0.0,0.0,0.0,0.0
x_R33_EXIT_E,0.0,0.0,0.0,0.0,0.0003480488203985681,0.0,0.0,0.0,0.0,0.0,0.0,0.0,0.0,0.0003480488203985681,0.0,0.0,0.0,0.0,0.0,0.0,0.0,0.0,0.0003480488203985681,0.0,0.0,0.0,0.0,0.0,0.0,0.0,0.0,0.0003480488203985681,0.0,0.0,0.0,0.0,0.0,0.0,0.0,0.0,0.0003480488203985681,0.0,0.0,0.0,0.0,0.0,0.0,0.0,0.0,0.0003480488203985681,0.0,0.0,0.0,0.0,0.0,0.0,0.0,0.0,0.0003480488203985681,0.0,0.0,0.0,0.0,0.0,0.0,0.0,0.0,0.0003480488203985681,0.0,0.0,0.0,0.0,0.0,0.0,0.0,0.0,0.0003480488203985681,0.0,0.0,0.0,0.0,0.0,0.0,0.0,0.0,0.0003480488203985681,0.0,0.0,0.0,0.0,0.0,0.0,0.0,0.0,0.0003480488203985681,0.0,0.0,0.0,0.0,0.0,0.0,0.0,0.0,0.0006960976407971362,0.0,0.0,0.0,0.0,0.0,0.0,0.0,0.0,0.0003480488203985681,0.0,0.0,0.0,0.0,0.0,0.0,0.0,0.0,0.0003480488203985681,0.0,0.0,0.0,0.0,0.0,0.0,0.0,0.0,0.00017402441019928404,0.0,0.0,0.0,0.0,0.0,0.0,0.0,0.0,0.0003480488203985681,0.0,0.0,0.0,0.0,0.0,0.0,0.0,0.0,0.0,0.0,0.0,0.0,0.0,0.0,0.0,0.0,0.0,0.0006960976407971362,0.0,0.0,0.0,0.0,0.0,0.0,0.0,0.0,0.0003480488203985681,0.0,0.0,0.0,0.0,0.0,0.0,0.0,0.0,0.0003480488203985681,0.0,0.0,0.0,0.0,0.0,0.0,0.0,0.0,0.0003480488203985681,0.0,0.0,0.0,0.0,0.0,0.0,0.0,0.0,0.0003480488203985681,0.0,0.0,0.0,0.0,0.0,0.0,0.0,0.0,0.0003480488203985681,0.0,0.0,0.0,0.0,0.0,0.0,0.0,0.0,0.0003480488203985681,0.0,0.0,0.0,0.0,0.8368588602235465,0.8368588602235465,0.8368588602235465,0.8368588602235465,-0.8319048578530325,0.8368588602235465,0.8368588602235465,0.8368588602235465,0.8368588602235465,0.0,0.0,0.0,0.0,5.323099606095746e-05,0.0,0.0,0.0,0.0,0.0,0.0,0.0,0.0,0.0003480488203985681,0.0,0.0,0.0,0.0,0.0,0.0,0.0,0.0,0.00174024410199284,0.0,0.0,0.0,0.0
x_R33_EXIT_F,0.0,0.0,0.0,0.0,0.0005159311925908185,0.00016378768018756145,0.0,0.0,0.0,0.0,0.0,0.0,0.0,0.0005159311925908185,0.00016378768018756145,0.0,0.0,0.0,0.0,0.0,0.0,0.0,0.00040537450846421454,0.00016378768018756145,0.0,0.0,0.0,0.0,0.0,0.0,0.0,0.00040537450846421454,0.00016378768018756145,0.0,0.0,0.0,0.0,0.0,0.0,0.0,0.00040537450846421454,0.00016378768018756145,0.0,0.0,0.0,0.0,0.0,0.0,0.0,0.00040537450846421454,0.00016378768018756145,0.0,0.0,0.0,0.0,0.0,0.0,0.0,0.00040537450846421454,0.00016378768018756145,0.0,0.0,0.0,0.0,0.0,0.0,0.0,0.0005159311925908185,0.00016378768018756145,0.0,0.0,0.0,0.0,0.0,0.0,0.0,0.0005159311925908185,0.00016378768018756145,0.0,0.0,0.0,0.0,0.0,0.0,0.0,0.00040537450846421454,0.00016378768018756145,0.0,0.0,0.0,0.0,0.0,0.0,0.0,0.00040537450846421454,0.00016378768018756145,0.0,0.0,0.0,0.0,0.0,0.0,0.0,0.0008107490169284291,0.0003275753603751229,0.0,0.0,0.0,0.0,0.0,0.0,0.0,0.0005159311925908185,0.00016378768018756145,0.0,0.0,0.0,0.0,0.0,0.0,0.0,0.0005159311925908185,0.00016378768018756145,0.0,0.0,0.0,0.0,0.0,0.0,0.0,0.00020268725423210727,8.189384009378072e-05,0.0,0.0,0.0,0.0,0.0,0.0,0.0,0.00040537450846421454,0.00016378768018756145,0.0,0.0,0.0,0.0,0.0,0.0,0.0,0.0,0.0,0.0,0.0,0.0,0.0,0.0,0.0,0.0,0.0008107490169284291,0.0003275753603751229,0.0,0.0,0.0,0.0,0.0,0.0,0.0,0.00040537450846421454,0.00016378768018756145,0.0,0.0,0.0,0.0,0.0,0.0,0.0,0.0005159311925908185,0.00016378768018756145,0.0,0.0,0.0,0.0,0.0,0.0,0.0,0.0005159311925908185,0.00016378768018756145,0.0,0.0,0.0,0.0,0.0,0.0,0.0,0.0005159311925908185,0.00016378768018756145,0.0,0.0,0.0,0.0,0.0,0.0,0.0,0.0005159311925908185,5.323099606095746e-05,0.0,0.0,0.0,0.00011055668412660398,7.370445608440265e-05,0.0,0.0,0.00040537450846421454,5.323099606095746e-05,0.00011055668412660398,0.00011055668412660398,0.00011055668412660398,0.8373840044731479,0.8373471522451057,0.8373103000170634,0.8373103000170634,0.8368588602235465,-0.8242601915616222,0.8373840044731479,0.8373840044731479,0.8373840044731479,0.00022111336825320795,0.0001842611402110066,0.0001474089121688053,0.0001474089121688053,0.0,0.0003849010484407694,0.00022111336825320795,0.00022111336825320795,0.00022111336825320795,0.0,0.0,0.0,0.0,0.0005159311925908185,0.00016378768018756145,0.0,0.0,0.0,0.0,0.0,0.0,0.0,0.002579655962954092,0.0008189384009378071,0.0,0.0,0.0
x_R33_EXIT_G,0.0,0.0,0.0,0.0,0.0006633401047596238,0.0001474089121688053,0.0008598853209846976,0.0,7.370445608440265e-05,0.0,0.0,0.0,0.0,0.0006633401047596238,0.0001474089121688053,0.0008598853209846976,0.0,7.370445608440265e-05,0.0,0.0,0.0,0.0,0.00040537450846421454,0.0,0.0008598853209846976,0.0,0.0,0.0,0.0,0.0,0.0,0.00040537450846421454,0.0,0.0008598853209846976,0.0,0.0,0.0,0.0,0.0,0.0,0.00040537450846421454,0.0,0.0008598853209846976,0.0,0.0,0.0,0.0,0.0,0.0,0.00040537450846421454,0.0,0.0008598853209846976,0.0,0.0,0.0,0.0,0.0,0.0,0.00040537450846421454,0.0,0.0008598853209846976,0.0,0.0,0.0,0.0,0.0,0.0,0.0006633401047596238,0.0001474089121688053,0.0008598853209846976,0.0,7.370445608440265e-05,0.0,0.0,0.0,0.0,0.0006633401047596238,0.0001474089121688053,0.0008598853209846976,0.0,7.370445608440265e-05,0.0,0.0,0.0,0.0,0.00040537450846421454,0.0,0.0008598853209846976,0.0,0.0,0.0,0.0,0.0,0.0,0.00040537450846421454,0.0,0.0008598853209846976,0.0,0.0,0.0,0.0,0.0,0.0,0.0008107490169284291,0.0,0.0017197706419693952,0.0,0.0,0.0,0.0,0.0,0.0,0.0006633401047596238,0.0001474089121688053,0.0008598853209846976,0.0,7.370445608440265e-05,0.0,0.0,0.0,0.0,0.0006633401047596238,0.0001474089121688053,0.0008598853209846976,0.0,7.370445608440265e-05,0.0,0.0,0.0,0.0,0.00020268725423210727,0.0,0.0004299426604923488,0.0,0.0,0.0,0.0,0.0,0.0,0.00040537450846421454,0.0,0.0008598853209846976,0.0,0.0,0.0,0.0,0.0,0.0,0.0,0.0,0.0,0.0,0.0,0.0,0.0,0.0,0.0,0.0008107490169284291,0.0,0.0017934750980537978,0.0,0.0,0.0,0.0,0.0,0.0,0.00040537450846421454,0.0,0.0008598853209846976,0.0,0.0,0.0008066543249237402,0.0008066543249237402,0.0008066543249237402,0.0008066543249237402,0.001469994429683364,0.0009540632370925454,5.323099606095746e-05,0.0008066543249237402,0.0008803587810081428,0.0004790789645486171,0.0004790789645486171,0.0004790789645486171,0.0004790789645486171,0.0011424190693082408,0.0006264878767174224,0.00034804882039856803,0.0004790789645486171,0.0005527834206330197,0.0,0.0,0.0,0.0,0.000700192332801825,0.0001842611402110066,0.0008230330929424963,0.0,0.00011055668412660398,0.0,0.0,0.0,0.0,0.0006264878767174225,0.0,0.0008967375490268989,0.0,0.0,0.0001474089121688053,7.370445608440265e-05,0.0,0.0,0.00040537450846421454,0.0,0.0010072942331535027,0.0001474089121688053,0.0,0.8375314133853167,0.8373471522451057,0.8373103000170634,0.8373103000170634,0.8368588602235465,0.8373840044731479,-0.8138053185230733,0.8375314133853167,0.83742085670119,0.0003685222804220133,0.0001842611402110066,0.0001474089121688053,0.0001474089121688053,0.0,0.00022111336825320795,0.0012284076014067108,0.0003685222804220133,0.00025796559629540924,0.0,0.0,0.0,0.0,0.0006633401047596238,0.0001474089121688053,0.0008598853209846976,0.0,7.370445608440265e-05,0.0,0.0,0.0,0.0,0.003316700523798119,0.0007370445608440263,0.0042994266049234875,0.0,0.00036852228042201317
x_R33_EXIT_H,0.0,0.0,0.0,0.0,0.0009909154651347465,0.0004749842725439281,0.0003275753603751229,0.00016378768018756142,0.0004012798164595255,0.0,0.0,0.0,0.0,0.0009909154651347465,0.0004749842725439281,0.0003275753603751229,0.00016378768018756142,0.0004012798164595255,0.0,0.0,0.0,0.0,0.00040537450846421454,0.0,0.00014331422016411623,0.00034804882039856803,0.0,0.0,0.0,0.0,0.0,0.00040537450846421454,0.0,0.00014331422016411623,0.00034804882039856803,0.0,0.0,0.0,0.0,0.0,0.00040537450846421454,0.0,0.00014331422016411623,0.00034804882039856803,0.0,0.0,0.0,0.0,0.0,0.00040537450846421454,0.0,0.00014331422016411623,0.00034804882039856803,0.0,0.0,0.0,0.0,0.0,0.00040537450846421454,0.0,0.00014331422016411623,0.00034804882039856803,0.0,0.0,0.0,0.0,0.0001842611402110066,0.0011751766053457531,0.0006592454127549346,0.0005118365005861294,0.00016378768018756142,0.0005855409566705321,0.0,0.0,0.0,0.0001842611402110066,0.0011751766053457531,0.0006592454127549346,0.0005118365005861294,0.00016378768018756142,0.0005855409566705321,0.0,0.0,0.0,0.0,0.00040537450846421454,0.0,0.00014331422016411623,0.00034804882039856803,0.0,0.0,0.0,0.0,0.0,0.00040537450846421454,0.0,0.00014331422016411623,0.00034804882039856803,0.0,0.0,0.0,0.0,0.0,0.0008107490169284291,0.0,0.00028662844032823246,0.0006960976407971361,0.0,0.0,0.0001842611402110066,0.0001842611402110066,0.0001842611402110066,0.0011751766053457531,0.0006592454127549346,0.0005118365005861294,0.00016378768018756142,0.0005855409566705321,0.0,0.0001842611402110066,0.0001842611402110066,0.0001842611402110066,0.0011751766053457531,0.0006592454127549346,0.0005118365005861294,0.00016378768018756142,0.0005855409566705321,0.0,0.0,0.0,0.0,0.00020268725423210727,0.0,7.165711008205812e-05,0.00017402441019928402,0.0,0.0,0.0,0.0,0.0,0.00040537450846421454,0.0,0.00014331422016411623,0.00034804882039856803,0.0,0.0,0.0,0.0,0.0,0.0,0.0,0.0,0.0,0.0,0.0003685222804220132,0.0,0.0,0.0,0.0008107490169284291,0.0,7.370445608440265e-05,0.0010646199212191493,0.0,0.0,0.0,0.0,0.0,0.00040537450846421454,0.0,0.00014331422016411623,0.00034804882039856803,0.0,0.0003275753603751229,0.00014331422016411623,0.00014331422016411623,0.00014331422016411623,0.0006633401047596238,0.0001474089121688053,0.0,0.0006756241807736908,7.370445608440265e-05,0.0003275753603751229,0.00014331422016411623,0.00014331422016411623,0.00014331422016411623,0.0006633401047596238,0.0001474089121688053,0.0,0.0006756241807736908,7.370445608440265e-05,0.0003275753603751229,0.00014331422016411623,0.00014331422016411623,0.00014331422016411623,0.0006633401047596238,0.0001474089121688053,0.0,0.0006756241807736908,7.370445608440265e-05,0.0003644275884173242,0.00018016644820631754,0.0,0.0,0.0006264878767174225,0.0,0.0,0.0007124764088158922,0.0,0.0004749842725439281,7.370445608440265e-05,0.0,0.0,0.00040537450846421454,0.0,0.0001474089121688053,0.0008230330929424961,0.0,0.8378589887456918,0.8373471522451057,0.8373103000170634,0.8373103000170634,0.8368588602235465,0.8373840044731479,0.8375314133853167,-0.8073034116733135,0.83742085670119,0.0006960976407971361,0.0001842611402110066,0.0001474089121688053,0.0001474089121688053,0.0,0.00022111336825320795,0.0003685222804220133,0.0010441464611957042,0.00025796559629540924,0.0,0.0,0.0,0.0,0.0009909154651347465,0.0004749842725439281,0.0003275753603751229,0.00016378768018756142,0.0004012798164595255,0.00036852228042201317,0.00036852228042201317,0.0002661549803047873,0.0002661549803047873,0.003767116644313912,0.0011874606813598201,0.00045041612051579383,0.002108766382414853,0.000818938400937807
x_R33_EXIT_STAIRWELL,0.0,0.0,0.0,0.0,0.0005527834206330198,0.0,0.0,0.0,0.00016378768018756145,0.0,0.0,0.0,0.0,0.0005527834206330198,0.0,0.0,0.0,0.00016378768018756145,0.0,0.0,0.0,0.0,0.00040537450846421454,0.0,0.0,0.0,0.00016378768018756145,0.0,0.0,0.0,0.0,0.00040537450846421454,0.0,0.0,0.0,0.00016378768018756145,0.0,0.0,0.0,0.0,0.00040537450846421454,0.0,0.0,0.0,0.00016378768018756145,0.0,0.0,0.0,0.0,0.00040537450846421454,0.0,0.0,0.0,0.00016378768018756145,0.0,0.0,0.0,0.0,0.00040537450846421454,0.0,0.0,0.0,0.00016378768018756145,0.0,0.0,0.0,0.0,0.0005527834206330198,0.0,0.0,0.0,0.00016378768018756145,0.0,0.0,0.0,0.0,0.0005527834206330198,0.0,0.0,0.0,0.00016378768018756145,0.0,0.0,0.0,0.0,0.00040537450846421454,0.0,0.0,0.0,0.00016378768018756145,0.0,0.0,0.0,0.0,0.00040537450846421454,0.0,0.0,0.0,0.00016378768018756145,0.0,0.0,0.0,0.0,0.0008107490169284291,0.0,0.0,0.0,0.0003275753603751229,0.0,0.0,0.0,0.0,0.0005527834206330198,0.0,0.0,0.0,0.00016378768018756145,0.0,0.0,0.0,0.0,0.0005527834206330198,0.0,0.0,0.0,0.00016378768018756145,0.0,0.0,0.0,0.0,0.00020268725423210727,0.0,0.0,0.0,8.189384009378072e-05,0.0,0.0,0.0,0.0,0.00040537450846421454,0.0,0.0,0.0,0.00016378768018756145,0.0,0.0,0.0,0.0,0.0,0.0,0.0,0.0,0.0,0.0,0.0,0.0,0.0,0.0008107490169284291,0.0,0.0,0.0,0.0003275753603751229,0.0,0.0,0.0,0.0,0.00040537450846421454,0.0,0.0,0.0,0.00016378768018756145,0.0,0.0,0.0,0.0,0.0005527834206330198,0.0,0.0,0.0,0.00016378768018756145,0.0,0.0,0.0,0.0,0.0005527834206330198,0.0,0.0,0.0,0.00016378768018756145,0.0,0.0,0.0,0.0,0.0005527834206330198,0.0,0.0,0.0,0.00016378768018756145,0.0,0.0,0.0,0.0,0.0005527834206330198,0.0,0.0,0.0,0.00016378768018756145,0.0,7.370445608440265e-05,0.0,0.0,0.00040537450846421454,0.0,0.0,0.0,0.00023749213627196407,0.83742085670119,0.8373471522451057,0.8373103000170634,0.8373103000170634,0.8368588602235465,0.8373840044731479,0.83742085670119,0.83742085670119,-0.8254401436036573,0.00025796559629540924,0.0001842611402110066,0.0001474089121688053,0.0001474089121688053,0.0,0.00022111336825320795,0.00025796559629540924,0.00025796559629540924,0.000458605504525172,0.0,0.0,0.0,0.0,0.0005527834206330198,0.0,0.0,0.0,0.00016378768018756145,0.0,0.0,0.0,0.0,0.0027639171031650987,0.00018426114021100659,0.0,0.0,0.0008189384009378071
x_R34_EXIT_A,5.323099606095746e-05,0.00029481782433761055,0.00029481782433761055,0.0005896356486752211,0.0013225855175145586,0.0011014721492613505,0.0009540632370925454,0.00011055668412660398,0.001027767693176948,5.323099606095746e-05,0.00029481782433761055,0.00029481782433761055,0.0005896356486752211,0.0013225855175145586,0.0011014721492613505,0.0009540632370925454,0.00011055668412660398,0.001027767693176948,0.000348048820398568,0.0,0.0,0.0,0.00011055668412660398,0.0,0.00014331422016411623,0.0003316700523798118,0.0,0.000348048820398568,0.0,0.0,0.0,0.00011055668412660398,0.0,0.00014331422016411623,0.0003316700523798118,0.0,0.000348048820398568,0.0,0.0,0.0,0.00011055668412660398,0.0,0.00014331422016411623,0.0003316700523798118,0.0,0.000348048820398568,0.0,0.0,0.0,0.00011055668412660398,0.0,0.00014331422016411623,0.0003316700523798118,0.0,0.000348048820398568,0.0,0.0,0.0,0.00011055668412660398,0.0,0.00014331422016411623,0.0003316700523798118,0.0,0.00016378768018756145,0.0001842611402110066,0.0001842611402110066,0.0,0.0006960976407971361,0.0004749842725439281,0.0003275753603751229,0.0,0.0004012798164595255,0.00016378768018756145,0.0001842611402110066,0.0001842611402110066,0.0,0.0006960976407971361,0.0004749842725439281,0.0003275753603751229,0.0,0.0004012798164595255,0.000348048820398568,0.0,0.0,0.0,0.00011055668412660398,0.0,0.00014331422016411623,0.0,0.0,0.000348048820398568,0.0,0.0,0.0,0.00011055668412660398,0.0,0.00014331422016411623,0.0003316700523798118,0.0,0.0009172110090503437,0.0,0.0,0.0,0.00022111336825320795,0.0,0.00028662844032823246,7.370445608440265e-05,0.0,0.00016378768018756145,0.0003316700523798118,0.0003316700523798118,0.0,0.0006960976407971361,0.0004749842725439281,0.0003275753603751229,0.0,0.0004012798164595255,0.00016378768018756145,0.0003316700523798118,0.0003316700523798118,0.0,0.0006960976407971361,0.0004749842725439281,0.0003275753603751229,0.0,0.0004012798164595255,0.000174024410199284,0.0,0.0,0.0,5.527834206330199e-05,0.0,7.165711008205812e-05,0.0,0.0,0.000348048820398568,0.0,0.0,0.0,0.00011055668412660398,0.0,0.00014331422016411623,0.0,0.0,0.0,0.0,0.0,0.0,0.0,0.0,0.0,0.0,0.0,0.0017279600259787733,0.0,0.0,0.0,0.00022111336825320795,0.0,7.370445608440265e-05,0.0003685222804220132,0.0,0.000348048820398568,0.0,0.0,0.0,0.00011055668412660398,0.0,0.00014331422016411623,0.0,0.0,0.001007294233153503,0.00014331422016411623,0.00014331422016411623,0.00014331422016411623,0.0003685222804220133,0.0001474089121688053,0.0,0.0003275753603751229,7.370445608440265e-05,0.001007294233153503,0.00014331422016411623,0.00014331422016411623,0.00014331422016411623,0.0003685222804220133,0.0001474089121688053,0.0,0.0003275753603751229,7.370445608440265e-05,0.001007294233153503,0.00014331422016411623,0.00014331422016411623,0.00014331422016411623,0.0003685222804220133,0.0001474089121688053,0.0,0.0003275753603751229,7.370445608440265e-05,0.0010441464611957042,0.00018016644820631754,0.0,0.0,0.0003316700523798119,0.0,0.0,0.0003644275884173242,0.0,0.0011547031453223082,7.370445608440265e-05,0.0,0.0,0.00011055668412660398,0.0,0.0001474089121688053,0.0004749842725439281,0.0,0.0013758165135755163,0.0001842611402110066,0.0001474089121688053,0.0001474089121688053,0.0,0.00022111336825320795,0.0003685222804220133,0.0006960976407971361,0.00025796559629540924,-0.7927350852556605,0.8375846443813776,0.8375477921533354,0.8375477921533354,0.8371792698729135,0.8376214966094199,0.8377689055215887,0.8380964808819638,0.837658348837462,0.00016378768018756145,0.0001842611402110066,0.0001842611402110066,0.000479078964548617,0.0012120288333879545,0.0009909154651347465,0.0008435065529659413,0.0,0.000917211009050344,0.0037671166443139135,0.002026872542321072,0.0002661549803047873,0.0002661549803047873,0.0022930275226258597,0.0011874606813598201,0.00045041612051579383,0.00036852228042201317,0.000818938400937807
x_R34_EXIT_B,0.0,0.00016378768018756142,0.0,0.0,0.0001842611402110066,0.0,0.0,0.0,0.0,0.0,0.00016378768018756142,0.0,0.0,0.0001842611402110066,0.0,0.0,0.0,0.0,0.00011055668412660398,5.323099606095746e-05,0.00011055668412660398,0.00011055668412660398,0.0011137562252754177,0.0011096615332707286,0.0009499685450878563,0.00011055668412660398,0.0011096615332707286,0.00011055668412660398,5.323099606095746e-05,0.00011055668412660398,0.00011055668412660398,0.0011137562252754177,0.0011096615332707286,0.0009499685450878563,0.00011055668412660398,0.0011096615332707286,0.0,0.00016378768018756142,0.0,0.0,0.00011055668412660398,0.00010646199212191492,0.0002948178243376106,0.0,0.00010646199212191492,0.0,0.00016378768018756142,0.0,0.0,0.00011055668412660398,0.00010646199212191492,0.0002948178243376106,0.0,0.00010646199212191492,0.0,0.00016378768018756142,0.0,0.0,0.00011055668412660398,0.00010646199212191492,0.0002948178243376106,0.0,0.00010646199212191492,0.0,0.00016378768018756142,0.0,0.0,0.0001842611402110066,0.0,0.0,0.0,0.0,0.0,0.00016378768018756142,0.0,0.0,0.0001842611402110066,0.0,0.0,0.0,0.0,0.0,0.00016378768018756142,0.0,0.0,0.00011055668412660398,0.00010646199212191492,5.3230996060957466e-05,0.0,0.00010646199212191492,0.0,0.00016378768018756142,0.0,0.0,0.00011055668412660398,0.00010646199212191492,0.0002948178243376106,0.0,0.00010646199212191492,0.0,0.0011301349932941738,0.0,0.0,0.000917211009050344,0.0009090216250409659,0.0005896356486752212,0.0,0.0009090216250409659,0.0,0.00016378768018756142,0.0,0.0,0.0001842611402110066,0.0,0.0,0.0,0.0,0.0,0.00016378768018756142,0.0,0.0,0.0001842611402110066,0.0,0.0,0.0,0.0,0.0,8.189384009378071e-05,0.0,0.0,5.527834206330199e-05,5.323099606095746e-05,0.0,0.0,5.323099606095746e-05,0.0,0.00016378768018756142,0.0,0.0,0.00011055668412660398,0.00010646199212191492,5.3230996060957466e-05,0.0,0.00010646199212191492,0.0,0.0,0.0,0.0,0.0,0.0,0.0,0.0,0.0,0.00021292398424382986,0.0022193230665414573,0.0,0.0,0.00022111336825320795,0.00010646199212191492,0.00010646199212191492,0.00021292398424382986,0.00010646199212191492,0.0,0.00016378768018756142,0.0,0.0,0.00011055668412660398,0.00010646199212191492,5.3230996060957466e-05,0.0,0.00010646199212191492,0.0,0.0010031995411488137,0.0002948178243376106,5.3230996060957466e-05,0.0001842611402110066,0.0,0.0,0.0,0.0,0.0,0.0010031995411488137,0.0002948178243376106,5.3230996060957466e-05,0.0001842611402110066,0.0,0.0,0.0,0.0,0.0,0.0010031995411488137,0.0002948178243376106,5.3230996060957466e-05,0.0001842611402110066,0.0,0.0,0.0,0.0,0.0,0.0010031995411488137,0.0,0.0,0.0001842611402110066,0.0,0.0,0.0,0.0,0.0,0.0012734492134582902,0.0,0.0,0.00011055668412660398,0.0,0.0,0.0,0.0,0.0001842611402110066,0.0013840058975848942,0.0001474089121688053,0.0001474089121688053,0.0,0.0001842611402110066,0.0001842611402110066,0.0001842611402110066,0.0001842611402110066,0.8375846443813776,-0.7989951783622486,0.8375477921533354,0.8375477921533354,0.8371792698729135,0.8375846443813776,0.8375846443813776,0.8375846443813776,0.8375846443813776,0.0,0.00016378768018756142,0.0,0.0,0.0001842611402110066,0.0,0.0,0.0,0.0,0.0,0.000818938400937807,0.0014740891216880527,0.00026615498030478727,0.0009213057010550329,0.0,0.0,0.0,0.0
x_R34_EXIT_C,0.0,0.0,0.00016378768018756142,0.0,0.0001474089121688053,0.0,0.0,0.0,0.0,0.0,0.0,0.00016378768018756142,0.0,0.0001474089121688053,0.0,0.0,0.0,0.0,0.0,0.0,0.00016378768018756142,0.0002907231323329215,0.00025796559629540924,0.0,0.0,0.0,0.0,0.0,0.0,0.00016378768018756142,0.0002907231323329215,0.00025796559629540924,0.0,0.0,0.0,0.0,0.00011055668412660398,0.00011055668412660398,5.323099606095746e-05,0.00040127981645952536,0.0008803587810081425,0.0006223931847127332,0.00036442758841732405,0.00011055668412660398,0.0006223931847127332,0.00011055668412660398,0.00011055668412660398,5.323099606095746e-05,0.00040127981645952536,0.0008803587810081425,0.0006223931847127332,0.00036442758841732405,0.00011055668412660398,0.0006223931847127332,0.0,0.0,0.00016378768018756142,0.0,0.0007698020968815386,0.0005118365005861294,0.00025387090429072017,0.0,0.0005118365005861294,0.0,0.0,0.00016378768018756142,0.0,0.0001474089121688053,0.0,0.0,0.0,0.0,0.0,0.0,0.00016378768018756142,0.0,0.0001474089121688053,0.0,0.0,0.0,0.0,0.0,0.0,0.00016378768018756142,0.0,0.0004790789645486171,0.00022111336825320795,0.00022111336825320795,0.0,0.00022111336825320795,0.0,0.0,0.00016378768018756142,0.0,0.0007698020968815386,0.0005118365005861294,0.00025387090429072017,0.0,0.0005118365005861294,0.0,0.0,0.0005077418085814403,7.370445608440265e-05,0.0005159311925908185,0.0,0.0,0.0,0.0,0.0,0.0,0.00016378768018756142,0.0,0.0001474089121688053,0.0,0.0,0.0,0.0,0.0,0.0,0.00016378768018756142,0.0,0.0001474089121688053,0.0,0.0,0.0,0.0,0.0,0.0,8.189384009378071e-05,0.0,0.00023953948227430855,0.00011055668412660398,0.00011055668412660398,0.0,0.00011055668412660398,0.0,0.0,0.00016378768018756142,0.0,0.0004790789645486171,0.00022111336825320795,0.00022111336825320795,0.0,0.00022111336825320795,0.0,0.0,0.0,0.0,0.0,0.0,0.0,0.0,0.0,0.0,0.0,0.001056430537209771,0.0001474089121688053,0.0003685222804220132,0.0,0.0,0.0,0.0,0.0002907231323329215,0.0002907231323329215,0.0004545108125204828,0.0,0.0004790789645486171,0.00022111336825320795,0.00022111336825320795,0.0,0.00022111336825320795,0.0,0.0,0.00025387090429072017,0.00022111336825320795,0.0001474089121688053,0.0,0.0,0.0,0.0,0.0,0.0,0.00025387090429072017,0.00022111336825320795,0.0001474089121688053,0.0,0.0,0.0,0.0,0.0,0.0,0.00025387090429072017,0.00022111336825320795,0.0001474089121688053,0.0,0.0,0.0,0.0,0.0,0.0,0.0008230330929424962,0.00036852228042201317,0.0001474089121688053,0.0,0.0,0.0,0.0,0.0,0.0,0.0008967375490268987,0.0004422267365064158,0.00011055668412660398,0.0,0.0,0.0,0.0,0.0001474089121688053,0.0001474089121688053,0.0010072942331535025,0.0005527834206330197,0.0,0.0001474089121688053,0.0001474089121688053,0.0001474089121688053,0.0001474089121688053,0.8375477921533354,0.8375477921533354,-0.7997897755260532,0.8379531666617996,0.8371792698729135,0.8375477921533354,0.8375477921533354,0.8375477921533354,0.8375477921533354,0.0,0.0,0.00016378768018756142,0.0,0.0001474089121688053,0.0,0.0,0.0,0.0,0.0,0.0,0.0012693545214536007,0.0011055668412660396,0.0007370445608440263,0.0,0.0,0.0,0.0
x_R34_EXIT_D,0.0,0.0,0.0,0.0003111965923563667,0.0001474089121688053,0.0,0.0,0.0,0.0,0.0,0.0,0.0,0.0003111965923563667,0.0001474089121688053,0.0,0.0,0.0,0.0,0.0,0.0,0.0,0.0003111965923563667,0.00025796559629540924,0.0,0.0,0.0,0.0,0.0,0.0,0.0,0.0003111965923563667,0.00025796559629540924,0.0,0.0,0.0,0.0,0.0,0.0,0.0,0.0003111965923563667,0.0004790789645486171,0.00022111336825320795,0.0,0.0,0.00022111336825320795,0.0,0.0,0.0,0.0003111965923563667,0.0004790789645486171,0.00022111336825320795,0.0,0.0,0.00022111336825320795,0.0,0.0,0.0,0.00016378768018756145,0.0004790789645486171,0.00022111336825320795,0.0,0.0,0.00022111336825320795,0.0,0.0,0.0,0.0003111965923563667,0.0001474089121688053,0.0,0.0,0.0,0.0,0.0,0.0,0.0,0.0003111965923563667,0.0001474089121688053,0.0,0.0,0.0,0.0,0.0,0.0,0.0,0.00016378768018756145,0.0006264878767174224,0.0003685222804220132,0.0003685222804220132,0.0001474089121688053,0.0003685222804220132,0.0,0.0,0.0,0.00016378768018756145,0.0004790789645486171,0.00022111336825320795,0.0,0.0,0.00022111336825320795,0.0,0.0,0.0,0.0006223931847127334,0.0005159311925908185,0.0,0.0,0.0,0.0,0.0,0.0,0.0,0.0003111965923563667,0.0001474089121688053,0.0,0.0,0.0,0.0,0.0,0.0,0.0,0.0003111965923563667,0.0001474089121688053,0.0,0.0,0.0,0.0,0.0,0.0,0.0,8.189384009378072e-05,0.0003132439383587112,0.0001842611402110066,0.0001842611402110066,7.370445608440265e-05,0.0001842611402110066,0.0,0.0,0.0,0.00016378768018756145,0.0006264878767174224,0.0003685222804220132,0.0003685222804220132,0.0001474089121688053,0.0003685222804220132,0.0,0.0,0.0,0.0,0.0,0.0,0.0,0.0,0.0,0.0,0.0,0.0001474089121688053,0.0007698020968815388,0.0003685222804220132,0.0,0.0,0.0,0.0,0.00025796559629540924,0.00025796559629540924,0.00025796559629540924,5.3230996060957466e-05,0.0007370445608440263,0.0004790789645486172,0.0004790789645486172,0.00025796559629540924,0.0004790789645486172,0.0,0.0,0.0,0.0005323099606095748,0.0001474089121688053,0.0,0.0,0.0,0.0,0.0,0.0,0.0,0.0005323099606095748,0.0001474089121688053,0.0,0.0,0.0,0.0,0.0,0.0,0.0,0.0005323099606095748,0.0001474089121688053,0.0,0.0,0.0,0.0,0.0,0.0,0.00036852228042201317,0.00067971887277838,0.0001474089121688053,0.0,0.0,0.0,0.0,0.0,0.0,0.0004422267365064158,0.0007534233288627825,0.00011055668412660398,0.0,0.0,0.0,0.0,0.0001474089121688053,0.0001474089121688053,0.0005527834206330197,0.0008639800129893865,0.0,0.0001474089121688053,0.0001474089121688053,0.0001474089121688053,0.0001474089121688053,0.8375477921533354,0.8375477921533354,0.8379531666617996,-0.8049477157386955,0.8371792698729135,0.8375477921533354,0.8375477921533354,0.8375477921533354,0.8375477921533354,0.0,0.0,0.0,0.0003111965923563667,0.0001474089121688053,0.0,0.0,0.0,0.0,0.0,0.0,0.0,0.0026615498030478726,0.0007370445608440263,0.0,0.0,0.0,0.0
x_R34_EXIT_E,0.0,0.0,0.0,0.0,5.323099606095746e-05,0.0,0.0,0.0,0.0,0.0,0.0,0.0,0.0,5.323099606095746e-05,0.0,0.0,0.0,0.0,0.0,0.0,0.0,0.0,5.323099606095746e-05,0.0,0.0,0.0,0.0,0.0,0.0,0.0,0.0,5.323099606095746e-05,0.0,0.0,0.0,0.0,0.0,0.0,0.0,0.0,5.323099606095746e-05,0.0,0.0,0.0,0.0,0.0,0.0,0.0,0.0,5.323099606095746e-05,0.0,0.0,0.0,0.0,0.0,0.0,0.0,0.0,5.323099606095746e-05,0.0,0.0,0.0,0.0,0.0,0.0,0.0,0.0,5.323099606095746e-05,0.0,0.0,0.0,0.0,0.0,0.0,0.0,0.0,5.323099606095746e-05,0.0,0.0,0.0,0.0,0.0,0.0,0.0,0.0,5.323099606095746e-05,0.0,0.0,0.0,0.0,0.0,0.0,0.0,0.0,5.323099606095746e-05,0.0,0.0,0.0,0.0,0.0,0.0,0.0,0.0,0.00010646199212191492,0.0,0.0,0.0,0.0,0.0,0.0,0.0,0.0,5.323099606095746e-05,0.0,0.0,0.0,0.0,0.0,0.0,0.0,0.0,5.323099606095746e-05,0.0,0.0,0.0,0.0,0.0,0.0,0.0,0.0,0.0,0.0,0.0,0.0,0.0,0.0,0.0,0.0,0.0,5.323099606095746e-05,0.0,0.0,0.0,0.0,0.0,0.0,0.0,0.0,0.0,0.0,0.0,0.0,0.0,0.0,0.0,0.0,0.0,0.00010646199212191492,0.0,0.0,0.0,0.0,0.0,0.0,0.0,0.0,5.323099606095746e-05,0.0,0.0,0.0,0.0,0.0,0.0,0.0,0.0,5.323099606095746e-05,0.0,0.0,0.0,0.0,0.0,0.0,0.0,0.0,5.323099606095746e-05,0.0,0.0,0.0,0.0,0.0,0.0,0.0,0.0,5.323099606095746e-05,0.0,0.0,0.0,0.0,0.0,0.0,0.0,0.0,5.323099606095746e-05,0.0,0.0,0.0,0.0,0.0,0.0,0.0,0.0,5.323099606095746e-05,0.0,0.0,0.0,0.0,0.0,0.0,0.0,0.0,5.323099606095746e-05,0.0,0.0,0.0,0.0,0.8371792698729135,0.8371792698729135,0.8371792698729135,0.8371792698729135,-0.8310527080862674,0.8371792698729135,0.8371792698729135,0.8371792698729135,0.8371792698729135,0.0,0.0,0.0,0.0,5.323099606095746e-05,0.0,0.0,0.0,0.0,0.0,0.0,0.0,0.0,0.0002661549803047873,0.0,0.0,0.0,0.0
x_R34_EXIT_F,0.0,0.0,0.0,0.0,0.00022111336825320795,0.00016378768018756145,0.0,0.0,0.0,0.0,0.0,0.0,0.0,0.00022111336825320795,0.00016378768018756145,0.0,0.0,0.0,0.0,0.0,0.0,0.0,0.00011055668412660398,0.00016378768018756145,0.0,0.0,0.0,0.0,0.0,0.0,0.0,0.00011055668412660398,0.00016378768018756145,0.0,0.0,0.0,0.0,0.0,0.0,0.0,0.00011055668412660398,0.00016378768018756145,0.0,0.0,0.0,0.0,0.0,0.0,0.0,0.00011055668412660398,0.00016378768018756145,0.0,0.0,0.0,0.0,0.0,0.0,0.0,0.00011055668412660398,0.00016378768018756145,0.0,0.0,0.0,0.0,0.0,0.0,0.0,0.00022111336825320795,0.00016378768018756145,0.0,0.0,0.0,0.0,0.0,0.0,0.0,0.00022111336825320795,0.00016378768018756145,0.0,0.0,0.0,0.0,0.0,0.0,0.0,0.00011055668412660398,0.00016378768018756145,0.0,0.0,0.0,0.0,0.0,0.0,0.0,0.00011055668412660398,0.00016378768018756145,0.0,0.0,0.0,0.0,0.0,0.0,0.0,0.00022111336825320795,0.0003275753603751229,0.0,0.0,0.0,0.0,0.0,0.0,0.0,0.00022111336825320795,0.00016378768018756145,0.0,0.0,0.0,0.0,0.0,0.0,0.0,0.00022111336825320795,0.00016378768018756145,0.0,0.0,0.0,0.0,0.0,0.0,0.0,5.527834206330199e-05,8.189384009378072e-05,0.0,0.0,0.0,0.0,0.0,0.0,0.0,0.00011055668412660398,0.00016378768018756145,0.0,0.0,0.0,0.0,0.0,0.0,0.0,0.0,0.0,0.0,0.0,0.0,0.0,0.0,0.0,0.0,0.00022111336825320795,0.0003275753603751229,0.0,0.0,0.0,0.0,0.0,0.0,0.0,0.00011055668412660398,0.00016378768018756145,0.0,0.0,0.0,0.0,0.0,0.0,0.0,0.00022111336825320795,0.00016378768018756145,0.0,0.0,0.0,0.0,0.0,0.0,0.0,0.00022111336825320795,0.00016378768018756145,0.0,0.0,0.0,0.0,0.0,0.0,0.0,0.00022111336825320795,0.00016378768018756145,0.0,0.0,0.0,0.0,0.0,0.0,0.0,0.00022111336825320795,5.323099606095746e-05,0.0,0.0,0.0,0.00011055668412660398,7.370445608440265e-05,0.0,0.0,0.00011055668412660398,5.323099606095746e-05,0.00011055668412660398,0.00011055668412660398,0.00011055668412660398,0.00022111336825320795,0.0001842611402110066,0.0001474089121688053,0.0001474089121688053,0.0,0.0003849010484407694,0.00022111336825320795,0.00022111336825320795,0.00022111336825320795,0.8376214966094199,0.8375846443813776,0.8375477921533354,0.8375477921533354,0.8371792698729135,-0.8183812451838124,0.8376214966094199,0.8376214966094199,0.8376214966094199,0.0,0.0,0.0,0.0,0.00022111336825320795,0.00016378768018756145,0.0,0.0,0.0,0.0,0.0,0.0,0.0,0.0011055668412660394,0.0008189384009378071,0.0,0.0,0.0
x_R34_EXIT_G,0.0,0.0,0.0,0.0,0.0003685222804220133,0.0001474089121688053,0.0008598853209846976,0.0,7.370445608440265e-05,0.0,0.0,0.0,0.0,0.0003685222804220133,0.0001474089121688053,0.0008598853209846976,0.0,7.370445608440265e-05,0.0,0.0,0.0,0.0,0.00011055668412660398,0.0,0.0008598853209846976,0.0,0.0,0.0,0.0,0.0,0.0,0.00011055668412660398,0.0,0.0008598853209846976,0.0,0.0,0.0,0.0,0.0,0.0,0.00011055668412660398,0.0,0.0008598853209846976,0.0,0.0,0.0,0.0,0.0,0.0,0.00011055668412660398,0.0,0.0008598853209846976,0.0,0.0,0.0,0.0,0.0,0.0,0.00011055668412660398,0.0,0.0008598853209846976,0.0,0.0,0.0,0.0,0.0,0.0,0.0003685222804220133,0.0001474089121688053,0.0008598853209846976,0.0,7.370445608440265e-05,0.0,0.0,0.0,0.0,0.0003685222804220133,0.0001474089121688053,0.0008598853209846976,0.0,7.370445608440265e-05,0.0,0.0,0.0,0.0,0.00011055668412660398,0.0,0.0008598853209846976,0.0,0.0,0.0,0.0,0.0,0.0,0.00011055668412660398,0.0,0.0008598853209846976,0.0,0.0,0.0,0.0,0.0,0.0,0.00022111336825320795,0.0,0.0017197706419693952,0.0,0.0,0.0,0.0,0.0,0.0,0.0003685222804220133,0.0001474089121688053,0.0008598853209846976,0.0,7.370445608440265e-05,0.0,0.0,0.0,0.0,0.0003685222804220133,0.0001474089121688053,0.0008598853209846976,0.0,7.370445608440265e-05,0.0,0.0,0.0,0.0,5.527834206330199e-05,0.0,0.0004299426604923488,0.0,0.0,0.0,0.0,0.0,0.0,0.00011055668412660398,0.0,0.0008598853209846976,0.0,0.0,0.0,0.0,0.0,0.0,0.0,0.0,0.0,0.0,0.0,0.0,0.0,0.0,0.0,0.00022111336825320795,0.0,0.0017934750980537978,0.0,0.0,0.0,0.0,0.0,0.0,0.00011055668412660398,0.0,0.0008598853209846976,0.0,0.0,0.0008066543249237402,0.0008066543249237402,0.0008066543249237402,0.0008066543249237402,0.0011751766053457536,0.0009540632370925454,5.323099606095746e-05,0.0008066543249237402,0.0008803587810081428,0.0004790789645486171,0.0004790789645486171,0.0004790789645486171,0.0004790789645486171,0.0008476012449706303,0.0006264878767174224,0.00034804882039856803,0.0004790789645486171,0.0005527834206330197,0.0,0.0,0.0,0.0,0.00040537450846421454,0.0001842611402110066,0.0008230330929424963,0.0,0.00011055668412660398,0.0,0.0,0.0,0.0,0.0003316700523798119,0.0,0.0008967375490268989,0.0,0.0,0.0001474089121688053,7.370445608440265e-05,0.0,0.0,0.00011055668412660398,0.0,0.0010072942331535027,0.0001474089121688053,0.0,0.0003685222804220133,0.0001842611402110066,0.0001474089121688053,0.0001474089121688053,0.0,0.00022111336825320795,0.0012284076014067108,0.0003685222804220133,0.00025796559629540924,0.8377689055215887,0.8375846443813776,0.8375477921533354,0.8375477921533354,0.8371792698729135,0.8376214966094199,-0.8079263721452635,0.8377689055215887,0.837658348837462,0.0,0.0,0.0,0.0,0.0003685222804220133,0.0001474089121688053,0.0008598853209846976,0.0,7.370445608440265e-05,0.0,0.0,0.0,0.0,0.0018426114021100662,0.0007370445608440263,0.0042994266049234875,0.0,0.00036852228042201317
x_R34_EXIT_H,0.0,0.0,0.0,0.0,0.0006960976407971361,0.0004749842725439281,0.0003275753603751229,0.00016378768018756142,0.0004012798164595255,0.0,0.0,0.0,0.0,0.0006960976407971361,0.0004749842725439281,0.0003275753603751229,0.00016378768018756142,0.0004012798164595255,0.0,0.0,0.0,0.0,0.00011055668412660398,0.0,0.00014331422016411623,0.00034804882039856803,0.0,0.0,0.0,0.0,0.0,0.00011055668412660398,0.0,0.00014331422016411623,0.00034804882039856803,0.0,0.0,0.0,0.0,0.0,0.00011055668412660398,0.0,0.00014331422016411623,0.00034804882039856803,0.0,0.0,0.0,0.0,0.0,0.00011055668412660398,0.0,0.00014331422016411623,0.00034804882039856803,0.0,0.0,0.0,0.0,0.0,0.00011055668412660398,0.0,0.00014331422016411623,0.00034804882039856803,0.0,0.0,0.0,0.0,0.0001842611402110066,0.0008803587810081426,0.0006592454127549346,0.0005118365005861294,0.00016378768018756142,0.0005855409566705321,0.0,0.0,0.0,0.0001842611402110066,0.0008803587810081426,0.0006592454127549346,0.0005118365005861294,0.00016378768018756142,0.0005855409566705321,0.0,0.0,0.0,0.0,0.00011055668412660398,0.0,0.00014331422016411623,0.00034804882039856803,0.0,0.0,0.0,0.0,0.0,0.00011055668412660398,0.0,0.00014331422016411623,0.00034804882039856803,0.0,0.0,0.0,0.0,0.0,0.00022111336825320795,0.0,0.00028662844032823246,0.0006960976407971361,0.0,0.0,0.0001842611402110066,0.0001842611402110066,0.0001842611402110066,0.0008803587810081426,0.0006592454127549346,0.0005118365005861294,0.00016378768018756142,0.0005855409566705321,0.0,0.0001842611402110066,0.0001842611402110066,0.0001842611402110066,0.0008803587810081426,0.0006592454127549346,0.0005118365005861294,0.00016378768018756142,0.0005855409566705321,0.0,0.0,0.0,0.0,5.527834206330199e-05,0.0,7.165711008205812e-05,0.00017402441019928402,0.0,0.0,0.0,0.0,0.0,0.00011055668412660398,0.0,0.00014331422016411623,0.00034804882039856803,0.0,0.0,0.0,0.0,0.0,0.0,0.0,0.0,0.0,0.0,0.0003685222804220132,0.0,0.0,0.0,0.00022111336825320795,0.0,7.370445608440265e-05,0.0010646199212191493,0.0,0.0,0.0,0.0,0.0,0.00011055668412660398,0.0,0.00014331422016411623,0.00034804882039856803,0.0,0.0003275753603751229,0.00014331422016411623,0.00014331422016411623,0.00014331422016411623,0.0003685222804220133,0.0001474089121688053,0.0,0.0006756241807736908,7.370445608440265e-05,0.0003275753603751229,0.00014331422016411623,0.00014331422016411623,0.00014331422016411623,0.0003685222804220133,0.0001474089121688053,0.0,0.0006756241807736908,7.370445608440265e-05,0.0003275753603751229,0.00014331422016411623,0.00014331422016411623,0.00014331422016411623,0.0003685222804220133,0.0001474089121688053,0.0,0.0006756241807736908,7.370445608440265e-05,0.0003644275884173242,0.00018016644820631754,0.0,0.0,0.0003316700523798119,0.0,0.0,0.0007124764088158922,0.0,0.0004749842725439281,7.370445608440265e-05,0.0,0.0,0.00011055668412660398,0.0,0.0001474089121688053,0.0008230330929424961,0.0,0.0006960976407971361,0.0001842611402110066,0.0001474089121688053,0.0001474089121688053,0.0,0.00022111336825320795,0.0003685222804220133,0.0010441464611957042,0.00025796559629540924,0.8380964808819638,0.8375846443813776,0.8375477921533354,0.8375477921533354,0.8371792698729135,0.8376214966094199,0.8377689055215887,-0.8014244652955037,0.837658348837462,0.0,0.0,0.0,0.0,0.0006960976407971361,0.0004749842725439281,0.0003275753603751229,0.00016378768018756142,0.0004012798164595255,0.00036852228042201317,0.00036852228042201317,0.0002661549803047873,0.0002661549803047873,0.0022930275226258597,0.0011874606813598201,0.00045041612051579383,0.002108766382414853,0.000818938400937807
x_R34_EXIT_STAIRWELL,0.0,0.0,0.0,0.0,0.00025796559629540924,0.0,0.0,0.0,0.00016378768018756145,0.0,0.0,0.0,0.0,0.00025796559629540924,0.0,0.0,0.0,0.00016378768018756145,0.0,0.0,0.0,0.0,0.00011055668412660398,0.0,0.0,0.0,0.00016378768018756145,0.0,0.0,0.0,0.0,0.00011055668412660398,0.0,0.0,0.0,0.00016378768018756145,0.0,0.0,0.0,0.0,0.00011055668412660398,0.0,0.0,0.0,0.00016378768018756145,0.0,0.0,0.0,0.0,0.00011055668412660398,0.0,0.0,0.0,0.00016378768018756145,0.0,0.0,0.0,0.0,0.00011055668412660398,0.0,0.0,0.0,0.00016378768018756145,0.0,0.0,0.0,0.0,0.00025796559629540924,0.0,0.0,0.0,0.00016378768018756145,0.0,0.0,0.0,0.0,0.00025796559629540924,0.0,0.0,0.0,0.00016378768018756145,0.0,0.0,0.0,0.0,0.00011055668412660398,0.0,0.0,0.0,0.00016378768018756145,0.0,0.0,0.0,0.0,0.00011055668412660398,0.0,0.0,0.0,0.00016378768018756145,0.0,0.0,0.0,0.0,0.00022111336825320795,0.0,0.0,0.0,0.0003275753603751229,0.0,0.0,0.0,0.0,0.00025796559629540924,0.0,0.0,0.0,0.00016378768018756145,0.0,0.0,0.0,0.0,0.00025796559629540924,0.0,0.0,0.0,0.00016378768018756145,0.0,0.0,0.0,0.0,5.527834206330199e-05,0.0,0.0,0.0,8.189384009378072e-05,0.0,0.0,0.0,0.0,0.00011055668412660398,0.0,0.0,0.0,0.00016378768018756145,0.0,0.0,0.0,0.0,0.0,0.0,0.0,0.0,0.0,0.0,0.0,0.0,0.0,0.00022111336825320795,0.0,0.0,0.0,0.0003275753603751229,0.0,0.0,0.0,0.0,0.00011055668412660398,0.0,0.0,0.0,0.00016378768018756145,0.0,0.0,0.0,0.0,0.00025796559629540924,0.0,0.0,0.0,0.00016378768018756145,0.0,0.0,0.0,0.0,0.00025796559629540924,0.0,0.0,0.0,0.00016378768018756145,0.0,0.0,0.0,0.0,0.00025796559629540924,0.0,0.0,0.0,0.00016378768018756145,0.0,0.0,0.0,0.0,0.00025796559629540924,0.0,0.0,0.0,0.00016378768018756145,0.0,7.370445608440265e-05,0.0,0.0,0.00011055668412660398,0.0,0.0,0.0,0.00023749213627196407,0.00025796559629540924,0.0001842611402110066,0.0001474089121688053,0.0001474089121688053,0.0,0.00022111336825320795,0.00025796559629540924,0.00025796559629540924,0.000458605504525172,0.837658348837462,0.8375846443813776,0.8375477921533354,0.8375477921533354,0.8371792698729135,0.8376214966094199,0.837658348837462,0.837658348837462,-0.8195611972258475,0.0,0.0,0.0,0.0,0.00025796559629540924,0.0,0.0,0.0,0.00016378768018756145,0.0,0.0,0.0,0.0,0.0012898279814770462,0.00018426114021100659,0.0,0.0,0.0008189384009378071
x_R35_EXIT_A,5.323099606095746e-05,0.00011055668412660398,0.00011055668412660398,0.00011055668412660398,0.00011055668412660398,0.00011055668412660398,0.00011055668412660398,0.0004145875654747649,0.00011055668412660398,5.323099606095746e-05,0.00011055668412660398,0.00011055668412660398,0.00011055668412660398,0.00011055668412660398,0.00011055668412660398,0.00011055668412660398,0.0004145875654747649,0.00011055668412660398,0.00016378768018756145,0.0,0.0,0.0,0.0,0.0,0.0,0.0,0.0,0.00016378768018756145,0.0,0.0,0.0,0.0,0.0,0.0,0.0,0.0,0.00016378768018756145,0.0,0.0,0.0,0.0,0.0,0.0,0.0,0.0,0.00016378768018756145,0.0,0.0,0.0,0.0,0.0,0.0,0.0,0.0,0.00016378768018756145,0.0,0.0,0.0,0.0,0.0,0.0,0.0,0.0,0.0004678185615357224,0.0003040308813481609,0.0003040308813481609,0.0,0.0,0.0,0.0,0.0,0.0,0.0004678185615357224,0.0003040308813481609,0.0003040308813481609,0.0,0.0,0.0,0.0,0.0,0.0,0.00016378768018756145,0.0,0.0,0.0,0.0,0.0,0.0,0.0,0.0,0.00016378768018756145,0.0,0.0,0.0,0.0,0.0,0.0,0.0,0.0,0.0003275753603751229,0.0,0.0,0.0,0.0,0.0,0.0,0.0,0.0,0.0004678185615357224,0.0,0.0,0.0,0.0,0.0,0.0,0.0,0.0,0.0004678185615357224,0.0,0.0,0.0,0.0,0.0,0.0,0.0,0.0,8.189384009378072e-05,0.0,0.0,0.0,0.0,0.0,0.0,0.0,0.0,0.00016378768018756145,0.0,0.0,0.0,0.0,0.0,0.0,0.0,0.0,0.0,0.0,0.0,0.0,0.0,0.0,0.0,0.0,0.0,0.0003275753603751229,0.0,0.0,0.0,0.0,0.0,0.0,0.0,0.0,0.00016378768018756145,0.0,0.0,0.0,0.0,0.0,0.0,0.0,0.0,0.00016378768018756145,0.0,0.0,0.0,0.0,0.0,0.0,0.0,0.0,0.00016378768018756145,0.0,0.0,0.0,0.0,0.0,0.0,0.0,0.0,0.00016378768018756145,0.0,0.0,0.0,0.0,0.0,0.0,0.0,0.0,0.00016378768018756145,0.0,0.0,0.0,0.0,0.0,0.0,0.0,0.0,0.00016378768018756145,0.0,0.0,0.0,0.0,0.0,0.0,0.0,0.0,0.00016378768018756145,0.0,0.0,0.0,0.0,0.0,0.0,0.0,0.0,0.00016378768018756145,0.0,0.0,0.0,0.0,0.0,0.0,0.0,0.0,-0.8288691026732937,0.8371628911048946,0.8371628911048946,0.8371628911048946,0.8371628911048946,0.8371628911048946,0.8371628911048946,0.8368588602235465,0.8371628911048946,0.0008189384009378071,0.0,0.0,0.0,0.0,0.0,0.0,0.0,0.0
x_R35_EXIT_B,0.0,0.0004954577325673733,0.00033167005237981186,0.0001842611402110066,0.0001842611402110066,0.0001842611402110066,0.0001842611402110066,0.0003040308813481609,0.0001842611402110066,0.0,0.0004954577325673733,0.00033167005237981186,0.0001842611402110066,0.0001842611402110066,0.0001842611402110066,0.0001842611402110066,0.0003040308813481609,0.0001842611402110066,0.0004422267365064159,5.323099606095746e-05,0.00011055668412660398,0.00011055668412660398,0.00011055668412660398,0.00011055668412660398,0.00011055668412660398,0.00025796559629540924,0.00011055668412660398,0.0004422267365064159,5.323099606095746e-05,0.00011055668412660398,0.00011055668412660398,0.00011055668412660398,0.00011055668412660398,0.00011055668412660398,0.00025796559629540924,0.00011055668412660398,0.00033167005237981186,0.00016378768018756142,0.0,0.0,0.0,0.0,0.0,0.0001474089121688053,0.0,0.00033167005237981186,0.00016378768018756142,0.0,0.0,0.0,0.0,0.0,0.0001474089121688053,0.0,0.00033167005237981186,0.00016378768018756142,0.0,0.0,0.0,0.0,0.0,0.0001474089121688053,0.0,0.0003040308813481609,0.0007994886139155341,0.0006357009337279727,0.0,0.0,0.0,0.0,0.0,0.0,0.0003040308813481609,0.0007994886139155341,0.0006357009337279727,0.0,0.0,0.0,0.0,0.0,0.0,0.00033167005237981186,0.00016378768018756142,0.0,0.0,0.0,0.0,0.0,0.0,0.0,0.00033167005237981186,0.00016378768018756142,0.0,0.0,0.0,0.0,0.0,0.0001474089121688053,0.0,0.0003685222804220132,0.00032757536037512284,0.0,0.0,0.0,0.0,0.0,0.0,0.0,0.0003040308813481609,0.0003111965923563667,0.0001474089121688053,0.0,0.0,0.0,0.0,0.0,0.0,0.0003040308813481609,0.0003111965923563667,0.0001474089121688053,0.0,0.0,0.0,0.0,0.0,0.0,0.00016583502618990593,8.189384009378071e-05,0.0,0.0,0.0,0.0,0.0,0.0,0.0,0.00033167005237981186,0.00016378768018756142,0.0,0.0,0.0,0.0,0.0,0.0,0.0,0.0,0.0,0.0,0.0,0.0,0.0,0.0,0.0,0.0,0.0003685222804220132,0.00032757536037512284,0.0,0.0,0.0,0.0,0.0,0.0,0.0,0.00033167005237981186,0.00016378768018756142,0.0,0.0,0.0,0.0,0.0,0.0,0.0,0.0001842611402110066,0.00016378768018756142,0.0,0.0,0.0,0.0,0.0,0.0,0.0,0.0001842611402110066,0.00016378768018756142,0.0,0.0,0.0,0.0,0.0,0.0,0.0,0.0001842611402110066,0.00016378768018756142,0.0,0.0,0.0,0.0,0.0,0.0,0.0,0.0001842611402110066,0.00016378768018756142,0.0,0.0,0.0,0.0,0.0,0.0,0.0,0.0001842611402110066,0.00016378768018756142,0.0,0.0,0.0,0.0,0.0,0.0,0.0,0.0001842611402110066,0.00016378768018756142,0.0,0.0,0.0,0.0,0.0,0.0,0.0,0.0001842611402110066,0.00016378768018756142,0.0,0.0,0.0,0.0,0.0,0.0,0.0,0.8371628911048946,-0.8210154936321967,0.8374945611572745,0.8373471522451057,0.8373471522451057,0.8373471522451057,0.8373471522451057,0.8368588602235465,0.8373471522451057,0.0009213057010550329,0.0015559829617818332,0.0,0.0,0.0,0.0,0.0,0.0,0.0
x_R35_EXIT_C,0.0,0.00033167005237981186,0.0008271277849471854,0.0001842611402110066,0.0001842611402110066,0.0001842611402110066,0.0001842611402110066,0.0003040308813481609,0.0001842611402110066,0.0,0.00033167005237981186,0.0008271277849471854,0.0001842611402110066,0.0001842611402110066,0.0001842611402110066,0.0001842611402110066,0.0003040308813481609,0.0001842611402110066,0.00033167005237981186,0.0,0.0004954577325673733,0.00033167005237981186,0.0,0.0,0.0,0.0001474089121688053,0.0,0.00033167005237981186,0.0,0.0004954577325673733,0.00033167005237981186,0.0,0.0,0.0,0.0001474089121688053,0.0,0.0007738967888862278,0.0004422267365064159,5.323099606095746e-05,0.00011055668412660398,0.00011055668412660398,0.00011055668412660398,0.00011055668412660398,0.0005896356486752212,0.00011055668412660398,0.0007738967888862278,0.0004422267365064159,5.323099606095746e-05,0.00011055668412660398,0.00011055668412660398,0.00011055668412660398,0.00011055668412660398,0.0005896356486752212,0.00011055668412660398,0.0006633401047596238,0.00033167005237981186,0.00016378768018756142,0.0,0.0,0.0,0.0,0.0004790789645486171,0.0,0.0003040308813481609,0.0006357009337279727,0.001131158666295346,0.0,0.0,0.0,0.0,0.0,0.0,0.0003040308813481609,0.0006357009337279727,0.001131158666295346,0.0,0.0,0.0,0.0,0.0,0.0,0.0006633401047596238,0.00033167005237981186,0.00016378768018756142,0.0,0.0,0.0,0.0,0.0,0.0,0.0006633401047596238,0.00033167005237981186,0.00016378768018756142,0.0,0.0,0.0,0.0,0.0004790789645486171,0.0,0.0003685222804220132,0.0,0.00032757536037512284,0.0,0.0,0.0,0.0,0.0,0.0,0.0003040308813481609,0.0001474089121688053,0.0006428666447361786,0.0,0.0,0.0,0.0,0.0,0.0,0.0003040308813481609,0.0001474089121688053,0.0006428666447361786,0.0,0.0,0.0,0.0,0.0,0.0,0.0003316700523798119,0.00016583502618990593,8.189384009378071e-05,0.0,0.0,0.0,0.0,0.0,0.0,0.0006633401047596238,0.00033167005237981186,0.00016378768018756142,0.0,0.0,0.0,0.0,0.0,0.0,0.0,0.0,0.0,0.0,0.0,0.0,0.0,0.0,0.0,0.0003685222804220132,0.0,0.00032757536037512284,0.0,0.0,0.0,0.0,0.0,0.0,0.0006633401047596238,0.00033167005237981186,0.00016378768018756142,0.0,0.0,0.0,0.0,0.0,0.0,0.0001842611402110066,0.0,0.00016378768018756142,0.0,0.0,0.0,0.0,0.0,0.0,0.0001842611402110066,0.0,0.00016378768018756142,0.0,0.0,0.0,0.0,0.0,0.0,0.0001842611402110066,0.0,0.00016378768018756142,0.0,0.0,0.0,0.0,0.0,0.0,0.0001842611402110066,0.0,0.00016378768018756142,0.0,0.0,0.0,0.0,0.0,0.0,0.0001842611402110066,0.0,0.00016378768018756142,0.0,0.0,0.0,0.0,0.0,0.0,0.0001842611402110066,0.0,0.00016378768018756142,0.0,0.0,0.0,0.0,0.0,0.0,0.0001842611402110066,0.0,0.00016378768018756142,0.0,0.0,0.0,0.0,0.0,0.0,0.8371628911048946,0.8374945611572745,-0.8131618845910998,0.8373471522451057,0.8373471522451057,0.8373471522451057,0.8373471522451057,0.8368588602235465,0.8373471522451057,0.0009213057010550329,0.0007370445608440263,0.000818938400937807,0.0,0.0,0.0,0.0,0.0,0.0
x_R35_EXIT_D,0.0,0.0001842611402110066,0.0001842611402110066,0.0016665396459084375,0.000479078964548617,0.000479078964548617,0.000479078964548617,0.0003040308813481609,0.000479078964548617,0.0,0.0001842611402110066,0.0001842611402110066,0.0016665396459084375,0.000479078964548617,0.000479078964548617,0.000479078964548617,0.0003040308813481609,0.000479078964548617,0.0001842611402110066,0.0,0.0,0.0003480488203985681,0.0,0.0,0.0,0.00029481782433761055,0.0,0.0001842611402110066,0.0,0.0,0.0003480488203985681,0.0,0.0,0.0,0.00029481782433761055,0.0,0.0001842611402110066,0.0,0.0,0.0003480488203985681,0.0,0.0,0.00043813204450172683,0.00029481782433761055,0.0,0.0001842611402110066,0.0,0.0,0.0003480488203985681,0.0,0.0,0.00043813204450172683,0.00029481782433761055,0.0,0.0001842611402110066,0.0,0.0,0.00016378768018756145,0.0,0.0,0.00043813204450172683,0.00029481782433761055,0.0,0.0003040308813481609,0.0004882920215591675,0.0004882920215591675,0.0011874606813598206,0.0,0.0,0.0,0.0,0.0,0.0003040308813481609,0.0004882920215591675,0.0004882920215591675,0.0011874606813598206,0.0,0.0,0.0,0.0,0.0,0.0001842611402110066,0.0,0.0,0.00016378768018756145,0.0001474089121688053,0.0001474089121688053,0.0001474089121688053,0.001023673001172259,0.0001474089121688053,0.0001842611402110066,0.0,0.0,0.00016378768018756145,0.0,0.0,0.00043813204450172683,0.00029481782433761055,0.0,0.0005896356486752211,0.0,0.0,0.0015396041937630774,0.0,0.0,0.0,0.0005896356486752212,0.0,0.0003040308813481609,0.00029481782433761055,0.00029481782433761055,0.0011874606813598206,0.0,0.0,0.0,0.0,0.0,0.0003040308813481609,0.00029481782433761055,0.00029481782433761055,0.0011874606813598206,0.0,0.0,0.0,0.0,0.0,9.21305701055033e-05,0.0,0.0,8.189384009378072e-05,7.370445608440265e-05,7.370445608440265e-05,7.370445608440265e-05,0.0005118365005861295,7.370445608440265e-05,0.0001842611402110066,0.0,0.0,0.00016378768018756145,0.0001474089121688053,0.0001474089121688053,0.0001474089121688053,0.001023673001172259,0.0001474089121688053,0.0,0.0,0.0,0.0,0.0,0.0,0.0,0.0,0.0,0.000958157929097234,0.0,7.370445608440265e-05,0.0006223931847127334,0.0,0.0,0.0,0.0,0.0,0.0004790789645486172,0.0002948178243376106,0.0002948178243376106,5.3230996060957466e-05,0.00025796559629540924,0.00025796559629540924,0.00025796559629540924,0.001134229685298863,0.00025796559629540924,0.000479078964548617,0.0,0.0,0.0003111965923563667,0.0,0.0,0.0,0.0,0.0,0.000479078964548617,0.0,0.0,0.0003111965923563667,0.0,0.0,0.0,0.0,0.0,0.000479078964548617,0.0,0.0,0.0003111965923563667,0.0,0.0,0.0,0.0,0.0,0.000479078964548617,0.0,0.0,0.0003111965923563667,0.0,0.0,0.0,0.0,0.0,0.000479078964548617,0.0,0.0,0.0003111965923563667,0.0,0.0,0.0,0.0,0.0,0.000479078964548617,0.0,0.0,0.0003111965923563667,0.0,0.0,0.0,0.0,0.0,0.000479078964548617,0.0,0.0,0.0003111965923563667,0.0,0.0,0.0,0.0,0.0,0.8371628911048946,0.8373471522451057,0.8373471522451057,-0.8022932207451825,0.8376419700694433,0.8376419700694433,0.8376419700694433,0.8368588602235465,0.8376419700694433,0.002395394822743086,0.0014740891216880525,0.0,0.0015559829617818332,0.0,0.0,0.0,0.0,0.0
x_R35_EXIT_E,0.0,0.0001842611402110066,0.0001842611402110066,0.000479078964548617,0.0018876530141616456,0.0009909154651347465,0.0008435065529659413,0.0003040308813481609,0.000917211009050344,0.0,0.0001842611402110066,0.0001842611402110066,0.000479078964548617,0.0018876530141616456,0.0009909154651347465,0.0008435065529659413,0.0003040308813481609,0.000917211009050344,0.0001842611402110066,0.0,0.0,0.0,0.0007861808649002948,0.0,0.00014331422016411623,0.0003316700523798118,0.0,0.0001842611402110066,0.0,0.0,0.0,0.0007861808649002948,0.0,0.00014331422016411623,0.0003316700523798118,0.0,0.0001842611402110066,0.0,0.0,0.0,0.0007861808649002948,0.0,0.00014331422016411623,0.0003316700523798118,0.0,0.0001842611402110066,0.0,0.0,0.0,0.0007861808649002948,0.0,0.00014331422016411623,0.0003316700523798118,0.0,0.0001842611402110066,0.0,0.0,0.0,0.0007861808649002948,0.0,0.00014331422016411623,0.0003316700523798118,0.0,0.0003040308813481609,0.0004882920215591675,0.0004882920215591675,0.0,0.0013717218215708268,0.0004749842725439281,0.0003275753603751229,0.0,0.0004012798164595255,0.0003040308813481609,0.0004882920215591675,0.0004882920215591675,0.0,0.0013717218215708268,0.0004749842725439281,0.0003275753603751229,0.0,0.0004012798164595255,0.0001842611402110066,0.0,0.0,0.0,0.0007861808649002948,0.0,0.00014331422016411623,0.0,0.0,0.0001842611402110066,0.0,0.0,0.0,0.0007861808649002948,0.0,0.00014331422016411623,0.0003316700523798118,0.0,0.0005896356486752211,0.0,0.0,0.0,0.0015723617298005895,0.0,0.00028662844032823246,7.370445608440265e-05,0.0,0.0003040308813481609,0.0003316700523798118,0.0003316700523798118,0.0,0.0013717218215708268,0.0004749842725439281,0.0003275753603751229,0.0,0.0004012798164595255,0.0003040308813481609,0.0003316700523798118,0.0003316700523798118,0.0,0.0013717218215708268,0.0004749842725439281,0.0003275753603751229,0.0,0.0004012798164595255,9.21305701055033e-05,0.0,0.0,0.0,0.0003930904324501474,0.0,7.165711008205812e-05,0.0,0.0,0.0001842611402110066,0.0,0.0,0.0,0.0007861808649002948,0.0,0.00014331422016411623,0.0,0.0,0.0,0.0,0.0,0.0,0.0,0.0,0.0,0.0,0.0,0.0014003846656036503,0.0,0.0,0.0,0.0015723617298005895,0.0,7.370445608440265e-05,0.0003685222804220132,0.0,0.0001842611402110066,0.0,0.0,0.0,0.0007861808649002948,0.0,0.00014331422016411623,0.0,0.0,0.0008435065529659413,0.00014331422016411623,0.00014331422016411623,0.00014331422016411623,0.0010441464611957042,0.0001474089121688053,0.0,0.0003275753603751229,7.370445608440265e-05,0.0008435065529659413,0.00014331422016411623,0.00014331422016411623,0.00014331422016411623,0.0010441464611957042,0.0001474089121688053,0.0,0.0003275753603751229,7.370445608440265e-05,0.0008435065529659413,0.00014331422016411623,0.00014331422016411623,0.00014331422016411623,0.0010441464611957042,0.0001474089121688053,0.0,0.0003275753603751229,7.370445608440265e-05,0.0008803587810081427,0.00018016644820631754,0.0,0.0,0.0010072942331535027,0.0,0.0,0.0003644275884173242,0.0,0.0009909154651347465,7.370445608440265e-05,0.0,0.0,0.0007861808649002948,0.0,0.0001474089121688053,0.0004749842725439281,0.0,0.0015068466577255653,0.0004790789645486171,0.0004422267365064159,0.0004422267365064159,0.0003480488203985681,0.0005159311925908185,0.0006633401047596238,0.0009909154651347465,0.0005527834206330198,0.0012120288333879545,0.0001842611402110066,0.0001474089121688053,0.0001474089121688053,5.323099606095746e-05,0.00022111336825320795,0.0003685222804220133,0.0006960976407971361,0.00025796559629540924,0.8371628911048946,0.8373471522451057,0.8373471522451057,0.8376419700694433,-0.7962217103857049,0.8381538065700294,0.8380063976578606,0.8368588602235465,0.838080102113945,0.002948178243376106,0.002026872542321072,0.0002661549803047873,0.0002661549803047873,0.005671148426494313,0.0011874606813598201,0.00045041612051579383,0.00036852228042201317,0.000818938400937807
x_R35_EXIT_F,0.0,0.0001842611402110066,0.0001842611402110066,0.000479078964548617,0.0009909154651347465,0.001154703145322308,0.0008435065529659413,0.0003040308813481609,0.000917211009050344,0.0,0.0001842611402110066,0.0001842611402110066,0.000479078964548617,0.0009909154651347465,0.001154703145322308,0.0008435065529659413,0.0003040308813481609,0.000917211009050344,0.0001842611402110066,0.0,0.0,0.0,0.0,0.00016378768018756145,0.00014331422016411623,0.0003316700523798118,0.0,0.0001842611402110066,0.0,0.0,0.0,0.0,0.00016378768018756145,0.00014331422016411623,0.0003316700523798118,0.0,0.0001842611402110066,0.0,0.0,0.0,0.0,0.00016378768018756145,0.00014331422016411623,0.0003316700523798118,0.0,0.0001842611402110066,0.0,0.0,0.0,0.0,0.00016378768018756145,0.00014331422016411623,0.0003316700523798118,0.0,0.0001842611402110066,0.0,0.0,0.0,0.0,0.00016378768018756145,0.00014331422016411623,0.0003316700523798118,0.0,0.0003040308813481609,0.0004882920215591675,0.0004882920215591675,0.0,0.0004749842725439281,0.0006387719527314895,0.0003275753603751229,0.0,0.0004012798164595255,0.0003040308813481609,0.0004882920215591675,0.0004882920215591675,0.0,0.0004749842725439281,0.0006387719527314895,0.0003275753603751229,0.0,0.0004012798164595255,0.0001842611402110066,0.0,0.0,0.0,0.0,0.00016378768018756145,0.00014331422016411623,0.0,0.0,0.0001842611402110066,0.0,0.0,0.0,0.0,0.00016378768018756145,0.00014331422016411623,0.0003316700523798118,0.0,0.0005896356486752211,0.0,0.0,0.0,0.0,0.0003275753603751229,0.00028662844032823246,7.370445608440265e-05,0.0,0.0003040308813481609,0.0003316700523798118,0.0003316700523798118,0.0,0.0004749842725439281,0.0006387719527314895,0.0003275753603751229,0.0,0.0004012798164595255,0.0003040308813481609,0.0003316700523798118,0.0003316700523798118,0.0,0.0004749842725439281,0.0006387719527314895,0.0003275753603751229,0.0,0.0004012798164595255,9.21305701055033e-05,0.0,0.0,0.0,0.0,8.189384009378072e-05,7.165711008205812e-05,0.0,0.0,0.0001842611402110066,0.0,0.0,0.0,0.0,0.00016378768018756145,0.00014331422016411623,0.0,0.0,0.0,0.0,0.0,0.0,0.0,0.0,0.0,0.0,0.0,0.0014003846656036503,0.0,0.0,0.0,0.0,0.0003275753603751229,7.370445608440265e-05,0.0003685222804220132,0.0,0.0001842611402110066,0.0,0.0,0.0,0.0,0.00016378768018756145,0.00014331422016411623,0.0,0.0,0.0008435065529659413,0.00014331422016411623,0.00014331422016411623,0.00014331422016411623,0.0001474089121688053,0.0003111965923563667,0.0,0.0003275753603751229,7.370445608440265e-05,0.0008435065529659413,0.00014331422016411623,0.00014331422016411623,0.00014331422016411623,0.0001474089121688053,0.0003111965923563667,0.0,0.0003275753603751229,7.370445608440265e-05,0.0008435065529659413,0.00014331422016411623,0.00014331422016411623,0.00014331422016411623,0.0001474089121688053,0.0003111965923563667,0.0,0.0003275753603751229,7.370445608440265e-05,0.0008803587810081427,0.00018016644820631754,0.0,0.0,0.00011055668412660398,5.323099606095746e-05,0.0,0.0003644275884173242,0.0,0.0011014721492613505,0.0,0.0,0.0,0.0,5.323099606095746e-05,0.00025796559629540924,0.000585540956670532,0.0001474089121688053,0.0009909154651347465,0.0,0.0,0.0,0.0,0.00016378768018756145,0.0001474089121688053,0.0004749842725439281,0.0,0.0009909154651347465,0.0,0.0,0.0,0.0,0.00016378768018756145,0.0001474089121688053,0.0004749842725439281,0.0,0.8371628911048946,0.8373471522451057,0.8373471522451057,0.8376419700694433,0.8381538065700294,-0.8040587137438882,0.8380063976578606,0.8368588602235465,0.838080102113945,0.002948178243376106,0.002026872542321072,0.0002661549803047873,0.0002661549803047873,0.0011874606813598201,0.002006399082297627,0.00045041612051579383,0.00036852228042201317,0.000818938400937807
x_R35_EXIT_G,0.0,0.0001842611402110066,0.0001842611402110066,0.000479078964548617,0.0008435065529659413,0.0008435065529659413,0.0017033918739506394,0.0003040308813481609,0.0008435065529659413,0.0,0.0001842611402110066,0.0001842611402110066,0.000479078964548617,0.0008435065529659413,0.0008435065529659413,0.0017033918739506394,0.0003040308813481609,0.0008435065529659413,0.0001842611402110066,0.0,0.0,0.0,0.0,0.0,0.0010031995411488137,0.0003316700523798118,0.0,0.0001842611402110066,0.0,0.0,0.0,0.0,0.0,0.0010031995411488137,0.0003316700523798118,0.0,0.0001842611402110066,0.0,0.0,0.0,0.0,0.0,0.0010031995411488137,0.0003316700523798118,0.0,0.0001842611402110066,0.0,0.0,0.0,0.0,0.0,0.0010031995411488137,0.0003316700523798118,0.0,0.0001842611402110066,0.0,0.0,0.0,0.0,0.0,0.0010031995411488137,0.0003316700523798118,0.0,0.0003040308813481609,0.0004882920215591675,0.0004882920215591675,0.0,0.0003275753603751229,0.0003275753603751229,0.0011874606813598206,0.0,0.0003275753603751229,0.0003040308813481609,0.0004882920215591675,0.0004882920215591675,0.0,0.0003275753603751229,0.0003275753603751229,0.0011874606813598206,0.0,0.0003275753603751229,0.0001842611402110066,0.0,0.0,0.0,0.0,0.0,0.0010031995411488137,0.0,0.0,0.0001842611402110066,0.0,0.0,0.0,0.0,0.0,0.0010031995411488137,0.0003316700523798118,0.0,0.0005896356486752211,0.0,0.0,0.0,0.0,0.0,0.0020063990822976273,7.370445608440265e-05,0.0,0.0003040308813481609,0.0003316700523798118,0.0003316700523798118,0.0,0.0003275753603751229,0.0003275753603751229,0.0011874606813598206,0.0,0.0003275753603751229,0.0003040308813481609,0.0003316700523798118,0.0003316700523798118,0.0,0.0003275753603751229,0.0003275753603751229,0.0011874606813598206,0.0,0.0003275753603751229,9.21305701055033e-05,0.0,0.0,0.0,0.0,0.0,0.0005015997705744068,0.0,0.0,0.0001842611402110066,0.0,0.0,0.0,0.0,0.0,0.0010031995411488137,0.0,0.0,0.0,0.0,0.0,0.0,0.0,0.0,0.0,0.0,0.0,0.0014003846656036503,0.0,0.0,0.0,0.0,0.0,0.0017197706419693952,0.0003685222804220132,0.0,0.0001842611402110066,0.0,0.0,0.0,0.0,0.0,0.0010031995411488137,0.0,0.0,0.0016501608778896819,0.0009499685450878565,0.0009499685450878565,0.0009499685450878565,0.0008066543249237402,0.0008066543249237402,5.323099606095746e-05,0.001134229685298863,0.0008066543249237402,0.0013225855175145588,0.0006223931847127333,0.0006223931847127333,0.0006223931847127333,0.0004790789645486171,0.0004790789645486171,0.00034804882039856803,0.0008066543249237401,0.0004790789645486171,0.0008803587810081427,0.00018016644820631757,0.00018016644820631757,0.00018016644820631757,0.0,0.0,0.0008230330929424963,0.0003644275884173242,0.0,0.0008435065529659413,0.00014331422016411623,0.0,0.0,0.0,0.0,0.0008598853209846976,0.0003275753603751229,0.0,0.0008435065529659413,0.0,0.0,0.0,0.0,0.0,0.0008598853209846976,0.0003275753603751229,0.0,0.0008435065529659413,0.0,0.0,0.0,0.0,0.0,0.0008598853209846976,0.0003275753603751229,0.0,0.0008435065529659413,0.0,0.0,0.0,0.0,0.0,0.0008598853209846976,0.0003275753603751229,0.0,0.8371628911048946,0.8373471522451057,0.8373471522451057,0.8376419700694433,0.8380063976578606,0.8380063976578606,-0.7997490555209013,0.8368588602235465,0.8380063976578606,0.002948178243376106,0.002026872542321072,0.0002661549803047873,0.0002661549803047873,0.00045041612051579383,0.00045041612051579383,0.004749842725439281,0.00036852228042201317,0.00045041612051579383
x_R35_EXIT_H,0.0,0.0,0.0,0.0,0.0,0.0,0.0,0.0009868207731300576,0.0,0.0,0.0,0.0,0.0,0.0,0.0,0.0,0.0009868207731300576,0.0,0.0,0.0,0.0,0.0,0.0,0.0,0.0,0.00016378768018756142,0.0,0.0,0.0,0.0,0.0,0.0,0.0,0.0,0.00016378768018756142,0.0,0.0,0.0,0.0,0.0,0.0,0.0,0.0,0.00016378768018756142,0.0,0.0,0.0,0.0,0.0,0.0,0.0,0.0,0.00016378768018756142,0.0,0.0,0.0,0.0,0.0,0.0,0.0,0.0,0.00016378768018756142,0.0,0.0002948178243376106,0.0002948178243376106,0.0002948178243376106,0.0004954577325673731,0.0004954577325673731,0.0004954577325673731,0.0004954577325673731,0.0006592454127549349,0.0004954577325673731,0.0006387719527314895,0.0006387719527314895,0.0006387719527314895,0.0001842611402110066,0.0001842611402110066,0.0001842611402110066,0.0001842611402110066,0.000348048820398568,0.0001842611402110066,0.0,0.0,0.0,0.0,0.0,0.0,0.0,0.00016378768018756142,0.0,0.0,0.0,0.0,0.0,0.0,0.0,0.0,0.00016378768018756142,0.0,0.0,0.0,0.0,0.0,0.0,0.0,0.0,0.00032757536037512284,0.0,0.0007493286368580936,7.370445608440265e-05,7.370445608440265e-05,7.370445608440265e-05,7.370445608440265e-05,7.370445608440265e-05,7.370445608440265e-05,0.00023749213627196405,7.370445608440265e-05,0.0007493286368580936,7.370445608440265e-05,7.370445608440265e-05,7.370445608440265e-05,7.370445608440265e-05,7.370445608440265e-05,7.370445608440265e-05,0.00023749213627196405,7.370445608440265e-05,0.0,0.0,0.0,0.0,0.0,0.0,0.0,8.189384009378071e-05,0.0,0.0,0.0,0.0,0.0,0.0,0.0,0.0,0.00016378768018756142,0.0,0.0,0.0,0.0,0.0,0.0,0.0,0.0,0.0,0.0,0.0,0.0,0.0,0.0,0.0,0.0,0.0,0.00032757536037512284,0.0,0.0,0.0,0.0,0.0,0.0,0.0,0.0,0.00016378768018756142,0.0,0.0,0.0,0.0,0.0,0.0,0.0,0.0,0.00016378768018756142,0.0,0.0,0.0,0.0,0.0,0.0,0.0,0.0,0.00016378768018756142,0.0,0.0,0.0,0.0,0.0,0.0,0.0,0.0,0.00016378768018756142,0.0,0.0,0.0,0.0,0.0,0.0,0.0,0.0,0.00016378768018756142,0.0,0.0,0.0,0.0,0.0,0.0,0.0,0.0,0.00016378768018756142,0.0,0.0,0.0,0.0,0.0,0.0,0.0,0.0,0.00016378768018756142,0.0,0.0,0.0,0.0,0.0,0.0,0.0,0.0,0.00016378768018756142,0.0,0.8368588602235465,0.8368588602235465,0.8368588602235465,0.8368588602235465,0.8368588602235465,0.8368588602235465,0.8368588602235465,-0.8208281614729822,0.8368588602235465,0.0,0.0,0.0,0.0,0.0,0.0,0.0,0.000818938400937807,0.0
x_R35_EXIT_STAIRWELL,0.0,0.0001842611402110066,0.0001842611402110066,0.000479078964548617,0.000917211009050344,0.000917211009050344,0.0008435065529659413,0.0003040308813481609,0.0011342296852988628,0.0,0.0001842611402110066,0.0001842611402110066,0.000479078964548617,0.000917211009050344,0.000917211009050344,0.0008435065529659413,0.0003040308813481609,0.0011342296852988628,0.0001842611402110066,0.0,0.0,0.0,0.0,0.0,0.00014331422016411623,0.0003316700523798118,0.00016378768018756145,0.0001842611402110066,0.0,0.0,0.0,0.0,0.0,0.00014331422016411623,0.0003316700523798118,0.00016378768018756145,0.0001842611402110066,0.0,0.0,0.0,0.0,0.0,0.00014331422016411623,0.0003316700523798118,0.00016378768018756145,0.0001842611402110066,0.0,0.0,0.0,0.0,0.0,0.00014331422016411623,0.0003316700523798118,0.00016378768018756145,0.0001842611402110066,0.0,0.0,0.0,0.0,0.0,0.00014331422016411623,0.0003316700523798118,0.00016378768018756145,0.0003040308813481609,0.0004882920215591675,0.0004882920215591675,0.0,0.0004012798164595255,0.0004012798164595255,0.0003275753603751229,0.0,0.0006182984927080444,0.0003040308813481609,0.0004882920215591675,0.0004882920215591675,0.0,0.0004012798164595255,0.0004012798164595255,0.0003275753603751229,0.0,0.0006182984927080444,0.0001842611402110066,0.0,0.0,0.0,0.0,0.0,0.00014331422016411623,0.0,0.00016378768018756145,0.0001842611402110066,0.0,0.0,0.0,0.0,0.0,0.00014331422016411623,0.0003316700523798118,0.00016378768018756145,0.0005896356486752211,0.0,0.0,0.0,0.0,0.0,0.00028662844032823246,7.370445608440265e-05,0.0003275753603751229,0.0003040308813481609,0.0003316700523798118,0.0003316700523798118,0.0,0.0004012798164595255,0.0004012798164595255,0.0003275753603751229,0.0,0.0006182984927080444,0.0003040308813481609,0.0003316700523798118,0.0003316700523798118,0.0,0.0004012798164595255,0.0004012798164595255,0.0003275753603751229,0.0,0.0006182984927080444,9.21305701055033e-05,0.0,0.0,0.0,0.0,0.0,7.165711008205812e-05,0.0,8.189384009378072e-05,0.0001842611402110066,0.0,0.0,0.0,0.0,0.0,0.00014331422016411623,0.0,0.00016378768018756145,0.0,0.0,0.0,0.0,0.0,0.0,0.0,0.0,0.0,0.0014003846656036503,0.0,0.0,0.0,0.0,0.0,0.00010646199212191492,0.0003685222804220132,0.0003275753603751229,0.0001842611402110066,0.0,0.0,0.0,0.0,0.0,0.00014331422016411623,0.0,0.00016378768018756145,0.0008435065529659413,0.00014331422016411623,0.00014331422016411623,0.00014331422016411623,7.370445608440265e-05,7.370445608440265e-05,0.0,0.0003275753603751229,0.00029072313233292153,0.0008435065529659413,0.00014331422016411623,0.00014331422016411623,0.00014331422016411623,7.370445608440265e-05,7.370445608440265e-05,0.0,0.0003275753603751229,0.00029072313233292153,0.0008435065529659413,0.00014331422016411623,0.00014331422016411623,0.00014331422016411623,7.370445608440265e-05,7.370445608440265e-05,0.0,0.0003275753603751229,0.00029072313233292153,0.0008803587810081427,0.00018016644820631754,9.008322410315878e-05,9.008322410315878e-05,0.0,0.0,0.0,0.0003644275884173242,0.0002538709042907202,0.000917211009050344,0.0,0.0,0.0,0.0,0.0,7.370445608440265e-05,0.0004012798164595255,0.00016378768018756145,0.000917211009050344,0.0,0.0,0.0,0.0,0.0,7.370445608440265e-05,0.0004012798164595255,0.00016378768018756145,0.000917211009050344,0.0,0.0,0.0,0.0,0.0,7.370445608440265e-05,0.0004012798164595255,0.00016378768018756145,0.8371628911048946,0.8373471522451057,0.8373471522451057,0.8376419700694433,0.838080102113945,0.838080102113945,0.8380063976578606,0.8368588602235465,-0.8070043856995238,0.002948178243376106,0.002026872542321072,0.0002661549803047873,0.0002661549803047873,0.000818938400937807,0.000818938400937807,0.00045041612051579383,0.00036852228042201317,0.0019040317821804012
x_R36_EXIT_A,0.00026615498030478727,0.0014740891216880525,0.0014740891216880525,0.002948178243376106,0.0035009616640091262,0.0035009616640091262,0.0035009616640091262,0.0005527834206330198,0.0035009616640091262,0.00026615498030478727,0.0014740891216880525,0.0014740891216880525,0.002948178243376106,0.0035009616640091262,0.0035009616640091262,0.0035009616640091262,0.0005527834206330198,0.0035009616640091262,0.00174024410199284,0.0,0.0,0.0,0.0,0.0,0.0,0.0016583502618990591,0.0,0.00174024410199284,0.0,0.0,0.0,0.0,0.0,0.0,0.0016583502618990591,0.0,0.00174024410199284,0.0,0.0,0.0,0.0,0.0,0.0,0.0016583502618990591,0.0,0.00174024410199284,0.0,0.0,0.0,0.0,0.0,0.0,0.0016583502618990591,0.0,0.00174024410199284,0.0,0.0,0.0,0.0,0.0,0.0,0.0016583502618990591,0.0,0.0008189384009378071,0.0009213057010550329,0.0009213057010550329,0.00018426114021100659,0.00036852228042201317,0.00036852228042201317,0.00036852228042201317,0.0,0.00036852228042201317,0.0008189384009378071,0.0009213057010550329,0.0009213057010550329,0.00018426114021100659,0.00036852228042201317,0.00036852228042201317,0.00036852228042201317,0.0,0.00036852228042201317,0.00174024410199284,0.0,0.0,0.0,0.0,0.0,0.0,0.00018426114021100659,0.0,0.00174024410199284,0.0,0.0,0.0,0.0,0.0,0.0,0.0016583502618990591,0.0,0.0045860550452517185,0.0,0.0,0.0,0.0,0.0,0.0,0.00036852228042201317,0.0,0.0008189384009378071,0.0016583502618990591,0.0016583502618990591,0.00018426114021100659,0.00036852228042201317,0.00036852228042201317,0.00036852228042201317,0.0,0.00036852228042201317,0.0008189384009378071,0.0016583502618990591,0.0016583502618990591,0.00018426114021100659,0.00036852228042201317,0.00036852228042201317,0.00036852228042201317,0.0,0.00036852228042201317,0.00087012205099642,0.0,0.0,0.0,0.0,0.0,0.0,9.213057010550329e-05,0.0,0.00174024410199284,0.0,0.0,0.0,0.0,0.0,0.0,0.00018426114021100659,0.0,0.0,0.0,0.0,0.0,0.0,0.0,0.0,0.0,0.0,0.007534233288627827,0.0,0.0,0.0,0.0,0.0,0.0,0.0007370445608440263,0.0,0.00174024410199284,0.0,0.0,0.0,0.0,0.0,0.0,0.00018426114021100659,0.0,0.0037671166443139135,0.0,0.0,0.0,0.0,0.0,0.0,0.00036852228042201317,0.0,0.0037671166443139135,0.0,0.0,0.0,0.0,0.0,0.0,0.00036852228042201317,0.0,0.0037671166443139135,0.0,0.0,0.0,0.0,0.0,0.0,0.00036852228042201317,0.0,0.0037671166443139135,0.0,0.0,0.0,0.0,0.0,0.0,0.00036852228042201317,0.0,0.0037671166443139135,0.0,0.0,0.0,0.0,0.0,0.0,0.00036852228042201317,0.0,0.0037671166443139135,0.0,0.0,0.0,0.0,0.0,0.0,0.00036852228042201317,0.0,0.0037671166443139135,0.0,0.0,0.0,0.0,0.0,0.0,0.00036852228042201317,0.0,0.0008189384009378071,0.0009213057010550329,0.0009213057010550329,0.002395394822743086,0.002948178243376106,0.002948178243376106,0.002948178243376106,0.0,0.002948178243376106,-0.7847477956535357,0.8558224025702625,0.8368588602235465,0.8368588602235465,0.8368588602235465,0.8368588602235465,0.8368588602235465,0.8475306512607673,0.8368588602235465
x_R36_EXIT_B,0.0,0.0015559829617818332,0.0007370445608440263,0.0014740891216880525,0.002026872542321072,0.002026872542321072,0.002026872542321072,0.0,0.002026872542321072,0.0,0.0015559829617818332,0.0007370445608440263,0.0014740891216880525,0.002026872542321072,0.002026872542321072,0.002026872542321072,0.0,0.002026872542321072,0.001289827981477046,0.00026615498030478727,0.0005527834206330198,0.0005527834206330198,0.0005527834206330198,0.0005527834206330198,0.0005527834206330198,0.002948178243376105,0.0005527834206330198,0.001289827981477046,0.00026615498030478727,0.0005527834206330198,0.0005527834206330198,0.0005527834206330198,0.0005527834206330198,0.0005527834206330198,0.002948178243376105,0.0005527834206330198,0.0007370445608440263,0.000818938400937807,0.0,0.0,0.0,0.0,0.0,0.0023953948227430854,0.0,0.0007370445608440263,0.000818938400937807,0.0,0.0,0.0,0.0,0.0,0.0023953948227430854,0.0,0.0007370445608440263,0.000818938400937807,0.0,0.0,0.0,0.0,0.0,0.0023953948227430854,0.0,0.0,0.0015559829617818332,0.0007370445608440263,0.00018426114021100659,0.00036852228042201317,0.00036852228042201317,0.00036852228042201317,0.0,0.00036852228042201317,0.0,0.0015559829617818332,0.0007370445608440263,0.00018426114021100659,0.00036852228042201317,0.00036852228042201317,0.00036852228042201317,0.0,0.00036852228042201317,0.0007370445608440263,0.000818938400937807,0.0,0.0,0.0,0.0,0.0,0.00018426114021100659,0.0,0.0007370445608440263,0.000818938400937807,0.0,0.0,0.0,0.0,0.0,0.0023953948227430854,0.0,0.0011055668412660396,0.001637876801875614,0.0,0.0,0.0,0.0,0.0,0.00036852228042201317,0.0,0.0,0.003214333223680892,0.0023953948227430854,0.00018426114021100659,0.00036852228042201317,0.00036852228042201317,0.00036852228042201317,0.0,0.00036852228042201317,0.0,0.003214333223680892,0.0023953948227430854,0.00018426114021100659,0.00036852228042201317,0.00036852228042201317,0.00036852228042201317,0.0,0.00036852228042201317,0.00036852228042201317,0.0004094692004689035,0.0,0.0,0.0,0.0,0.0,9.213057010550329e-05,0.0,0.0007370445608440263,0.000818938400937807,0.0,0.0,0.0,0.0,0.0,0.00018426114021100659,0.0,0.0,0.0,0.0,0.0,0.0,0.0,0.0,0.0,0.0,0.004053745084642144,0.001637876801875614,0.0,0.0,0.0,0.0,0.0,0.0007370445608440263,0.0,0.0007370445608440263,0.000818938400937807,0.0,0.0,0.0,0.0,0.0,0.00018426114021100659,0.0,0.002026872542321072,0.000818938400937807,0.0,0.0,0.0,0.0,0.0,0.00036852228042201317,0.0,0.002026872542321072,0.000818938400937807,0.0,0.0,0.0,0.0,0.0,0.00036852228042201317,0.0,0.002026872542321072,0.000818938400937807,0.0,0.0,0.0,0.0,0.0,0.00036852228042201317,0.0,0.002026872542321072,0.000818938400937807,0.0,0.0,0.0,0.0,0.0,0.00036852228042201317,0.0,0.002026872542321072,0.000818938400937807,0.0,0.0,0.0,0.0,0.0,0.00036852228042201317,0.0,0.002026872542321072,0.000818938400937807,0.0,0.0,0.0,0.0,0.0,0.00036852228042201317,0.0,0.002026872542321072,0.000818938400937807,0.0,0.0,0.0,0.0,0.0,0.00036852228042201317,0.0,0.0,0.0015559829617818332,0.0007370445608440263,0.0014740891216880525,0.002026872542321072,0.002026872542321072,0.002026872542321072,0.0,0.002026872542321072,0.8558224025702625,-0.786504872353337,0.8368588602235465,0.8368588602235465,0.8368588602235465,0.8368588602235465,0.8368588602235465,0.8475306512607673,0.8368588602235465
x_R36_EXIT_C,0.0,0.0,0.000818938400937807,0.0,0.0002661549803047873,0.0002661549803047873,0.0002661549803047873,0.0,0.0002661549803047873,0.0,0.0,0.000818938400937807,0.0,0.0002661549803047873,0.0002661549803047873,0.0002661549803047873,0.0,0.0002661549803047873,0.0,0.0,0.000818938400937807,0.0004504161205157939,0.0014740891216880527,0.0014740891216880527,0.0021906602225086336,0.0,0.0014740891216880527,0.0,0.0,0.000818938400937807,0.0004504161205157939,0.0014740891216880527,0.0014740891216880527,0.0021906602225086336,0.0,0.0014740891216880527,0.0005527834206330198,0.0005527834206330198,0.00026615498030478727,0.0010031995411488135,0.0010031995411488135,0.0010031995411488135,0.003378120903868454,0.0005527834206330198,0.0010031995411488135,0.0005527834206330198,0.0005527834206330198,0.00026615498030478727,0.0010031995411488135,0.0010031995411488135,0.0010031995411488135,0.003378120903868454,0.0005527834206330198,0.0010031995411488135,0.0,0.0,0.000818938400937807,0.0,0.0004504161205157939,0.0004504161205157939,0.0028253374832354346,0.0,0.0004504161205157939,0.0,0.0,0.000818938400937807,0.0,0.0002661549803047873,0.0002661549803047873,0.0002661549803047873,0.0,0.0002661549803047873,0.0,0.0,0.000818938400937807,0.0,0.0002661549803047873,0.0002661549803047873,0.0002661549803047873,0.0,0.0002661549803047873,0.0,0.0,0.000818938400937807,0.0,0.0,0.0,0.0007165711008205812,0.0,0.0,0.0,0.0,0.000818938400937807,0.0,0.0004504161205157939,0.0004504161205157939,0.0028253374832354346,0.0,0.0004504161205157939,0.0,0.0,0.007657074048768494,0.0001637876801875614,0.00348048820398568,0.00348048820398568,0.0049136304056268424,0.0,0.00348048820398568,0.0,0.0,0.000818938400937807,0.0,0.0002661549803047873,0.0002661549803047873,0.0002661549803047873,0.0,0.0002661549803047873,0.0,0.0,0.000818938400937807,0.0,0.0002661549803047873,0.0002661549803047873,0.0002661549803047873,0.0,0.0002661549803047873,0.0,0.0,0.0004094692004689035,0.0,0.0,0.0,0.0003582855504102906,0.0,0.0,0.0,0.0,0.000818938400937807,0.0,0.0,0.0,0.0007165711008205812,0.0,0.0,0.0,0.0,0.0,0.0,0.0,0.0,0.0,0.0,0.0,0.0009008322410315878,0.0029481782433761054,0.0025387090429072013,0.0,0.0,0.0,0.0,0.0009008322410315878,0.0,0.0004504161205157939,0.0004504161205157939,0.0012693545214536007,0.0,0.0,0.0,0.0007165711008205812,0.0,0.0,0.0002661549803047873,0.0021906602225086336,0.006449139907385231,0.0007165711008205812,0.0,0.0,0.0,0.0002661549803047873,0.0,0.0002661549803047873,0.0021906602225086336,0.006449139907385231,0.0007165711008205812,0.0,0.0,0.0,0.0002661549803047873,0.0,0.0002661549803047873,0.0021906602225086336,0.006449139907385231,0.0007165711008205812,0.0,0.0,0.0,0.0002661549803047873,0.0,0.0002661549803047873,0.0021906602225086336,0.0012693545214536007,0.0,0.0,0.0,0.0,0.0002661549803047873,0.0,0.0002661549803047873,0.0014740891216880527,0.0012693545214536007,0.0,0.0,0.0,0.0,0.0002661549803047873,0.0,0.0002661549803047873,0.0014740891216880527,0.0012693545214536007,0.0,0.0,0.0,0.0,0.0002661549803047873,0.0,0.0002661549803047873,0.0014740891216880527,0.0012693545214536007,0.0,0.0,0.0,0.0,0.0002661549803047873,0.0,0.0,0.0,0.000818938400937807,0.0,0.0002661549803047873,0.0002661549803047873,0.0002661549803047873,0.0,0.0002661549803047873,0.8368588602235465,0.8368588602235465,-0.7652867558961723,0.849680364563229,0.8460975090591262,0.8460975090591262,0.8460975090591262,0.8368588602235465,0.8460975090591262
x_R36_EXIT_D,0.0,0.0,0.0,0.0015559829617818332,0.0002661549803047873,0.0002661549803047873,0.0002661549803047873,0.0,0.0002661549803047873,0.0,0.0,0.0,0.0015559829617818332,0.0002661549803047873,0.0002661549803047873,0.0002661549803047873,0.0,0.0002661549803047873,0.0,0.0,0.0,0.0015559829617818332,0.0004504161205157939,0.00026615498030478727,0.0007165711008205812,0.0,0.00026615498030478727,0.0,0.0,0.0,0.0015559829617818332,0.0004504161205157939,0.00026615498030478727,0.0007165711008205812,0.0,0.00026615498030478727,0.0,0.0,0.0,0.0015559829617818332,0.0011055668412660396,0.0012898279814770462,0.0007165711008205812,0.0,0.0012898279814770462,0.0,0.0,0.0,0.0015559829617818332,0.0011055668412660396,0.0012898279814770462,0.0007165711008205812,0.0,0.0012898279814770462,0.0,0.0,0.0,0.0008189384009378071,0.0011055668412660396,0.0012898279814770462,0.0007165711008205812,0.0,0.0012898279814770462,0.0,0.0,0.0,0.0015559829617818332,0.0002661549803047873,0.0002661549803047873,0.0002661549803047873,0.0,0.0002661549803047873,0.0,0.0,0.0,0.0015559829617818332,0.0002661549803047873,0.0002661549803047873,0.0002661549803047873,0.0,0.0002661549803047873,0.0,0.0,0.0,0.0008189384009378071,0.0018426114021100658,0.0020268725423210725,0.003009598623446441,0.0007370445608440263,0.0020268725423210725,0.0,0.0,0.0,0.0008189384009378071,0.0011055668412660396,0.0012898279814770462,0.0007165711008205812,0.0,0.0012898279814770462,0.0,0.0,0.0,0.0031119659235636665,0.0009008322410315878,0.0005323099606095745,0.0014331422016411624,0.0,0.0005323099606095745,0.0,0.0,0.0,0.0015559829617818332,0.0002661549803047873,0.0002661549803047873,0.0002661549803047873,0.0,0.0002661549803047873,0.0,0.0,0.0,0.0015559829617818332,0.0002661549803047873,0.0002661549803047873,0.0002661549803047873,0.0,0.0002661549803047873,0.0,0.0,0.0,0.00040946920046890355,0.0009213057010550329,0.0010134362711605362,0.0015047993117232204,0.00036852228042201317,0.0010134362711605362,0.0,0.0,0.0,0.0008189384009378071,0.0018426114021100658,0.0020268725423210725,0.003009598623446441,0.0007370445608440263,0.0020268725423210725,0.0,0.0,0.0,0.0,0.0,0.0,0.0,0.0,0.0,0.0014331422016411624,0.0005323099606095745,0.0007370445608440263,0.0038490104844076923,0.0,0.0,0.0,0.0014331422016411624,0.0,0.001289827981477046,0.001289827981477046,0.001289827981477046,0.00026615498030478727,0.002395394822743086,0.002579655962954092,0.003562382044079461,0.001289827981477046,0.002579655962954092,0.0002661549803047873,0.0007165711008205812,0.0007165711008205812,0.003828537024384247,0.0,0.0,0.0,0.0002661549803047873,0.0,0.0002661549803047873,0.0007165711008205812,0.0007165711008205812,0.003828537024384247,0.0,0.0,0.0,0.0002661549803047873,0.0,0.0002661549803047873,0.0007165711008205812,0.0007165711008205812,0.003828537024384247,0.0,0.0,0.0,0.0002661549803047873,0.0,0.0002661549803047873,0.0007165711008205812,0.0011055668412660396,0.0026615498030478726,0.0,0.0,0.0,0.0002661549803047873,0.0,0.0002661549803047873,0.00026615498030478727,0.0011055668412660396,0.0026615498030478726,0.0,0.0,0.0,0.0002661549803047873,0.0,0.0002661549803047873,0.00026615498030478727,0.0011055668412660396,0.0026615498030478726,0.0,0.0,0.0,0.0002661549803047873,0.0,0.0002661549803047873,0.00026615498030478727,0.0011055668412660396,0.0026615498030478726,0.0,0.0,0.0,0.0002661549803047873,0.0,0.0,0.0,0.0,0.0015559829617818332,0.0002661549803047873,0.0002661549803047873,0.0002661549803047873,0.0,0.0002661549803047873,0.8368588602235465,0.8368588602235465,0.849680364563229,-0.782568625304909,0.8460975090591262,0.8460975090591262,0.8460975090591262,0.8368588602235465,0.8460975090591262
x_R36_EXIT_E,0.0,0.0,0.0,0.0,0.005671148426494313,0.0011874606813598201,0.00045041612051579383,0.0,0.000818938400937807,0.0,0.0,0.0,0.0,0.005671148426494313,0.0011874606813598201,0.00045041612051579383,0.0,0.000818938400937807,0.0,0.0,0.0,0.0,0.003930904324501473,0.0,0.00045041612051579383,0.0,0.0,0.0,0.0,0.0,0.0,0.003930904324501473,0.0,0.00045041612051579383,0.0,0.0,0.0,0.0,0.0,0.0,0.003930904324501473,0.0,0.00045041612051579383,0.0,0.0,0.0,0.0,0.0,0.0,0.003930904324501473,0.0,0.00045041612051579383,0.0,0.0,0.0,0.0,0.0,0.0,0.003930904324501473,0.0,0.00045041612051579383,0.0,0.0,0.0,0.0,0.0,0.0,0.005671148426494313,0.0011874606813598201,0.00045041612051579383,0.0,0.000818938400937807,0.0,0.0,0.0,0.0,0.005671148426494313,0.0011874606813598201,0.00045041612051579383,0.0,0.000818938400937807,0.0,0.0,0.0,0.0,0.003930904324501473,0.0,0.00045041612051579383,0.0,0.0,0.0,0.0,0.0,0.0,0.003930904324501473,0.0,0.00045041612051579383,0.0,0.0,0.0,0.0,0.0,0.0,0.007861808649002947,0.0,0.0009008322410315877,0.0,0.0,0.0,0.0,0.0,0.0,0.005671148426494313,0.0011874606813598201,0.00045041612051579383,0.0,0.000818938400937807,0.0,0.0,0.0,0.0,0.005671148426494313,0.0011874606813598201,0.00045041612051579383,0.0,0.000818938400937807,0.0,0.0,0.0,0.0,0.0019654521622507366,0.0,0.00022520806025789691,0.0,0.0,0.0,0.0,0.0,0.0,0.003930904324501473,0.0,0.00045041612051579383,0.0,0.0,0.0,0.0,0.0,0.0,0.0,0.0,0.0,0.0,0.0,0.0,0.0,0.0,0.0,0.007861808649002947,0.0,0.00036852228042201317,0.0,0.0,0.0,0.0,0.0,0.0,0.003930904324501473,0.0,0.00045041612051579383,0.0,0.0,0.00045041612051579383,0.00045041612051579383,0.00045041612051579383,0.00045041612051579383,0.005220732305978519,0.0007370445608440263,0.0,0.00045041612051579383,0.00036852228042201317,0.00045041612051579383,0.00045041612051579383,0.00045041612051579383,0.00045041612051579383,0.005220732305978519,0.0007370445608440263,0.0,0.00045041612051579383,0.00036852228042201317,0.00045041612051579383,0.00045041612051579383,0.00045041612051579383,0.00045041612051579383,0.005220732305978519,0.0007370445608440263,0.0,0.00045041612051579383,0.00036852228042201317,0.0006346772607268004,0.0006346772607268004,0.00018426114021100659,0.00018426114021100659,0.005036471165767513,0.0,0.00018426114021100659,0.0006346772607268004,0.00018426114021100659,0.0011874606813598201,0.00036852228042201317,0.00018426114021100659,0.00018426114021100659,0.003930904324501473,0.0,0.0007370445608440263,0.0011874606813598201,0.00018426114021100659,0.003767116644313912,0.002395394822743086,0.002211133682532079,0.002211133682532079,0.00174024410199284,0.002579655962954092,0.003316700523798119,0.003767116644313912,0.0027639171031650987,0.0022930275226258597,0.0009213057010550329,0.0007370445608440263,0.0007370445608440263,0.0002661549803047873,0.0011055668412660394,0.0018426114021100662,0.0022930275226258597,0.0012898279814770462,0.0,0.0,0.0,0.0,0.005671148426494313,0.0011874606813598201,0.00045041612051579383,0.0,0.000818938400937807,0.8368588602235465,0.8368588602235465,0.8460975090591262,0.8460975090591262,-0.7758628812905977,0.8520348124659253,0.8483495896617052,0.8368588602235465,0.8501922010638152
x_R36_EXIT_F,0.0,0.0,0.0,0.0,0.0011874606813598201,0.002006399082297627,0.00045041612051579383,0.0,0.000818938400937807,0.0,0.0,0.0,0.0,0.0011874606813598201,0.002006399082297627,0.00045041612051579383,0.0,0.000818938400937807,0.0,0.0,0.0,0.0,0.0,0.0008189384009378071,0.00045041612051579383,0.0,0.0,0.0,0.0,0.0,0.0,0.0,0.0008189384009378071,0.00045041612051579383,0.0,0.0,0.0,0.0,0.0,0.0,0.0,0.0008189384009378071,0.00045041612051579383,0.0,0.0,0.0,0.0,0.0,0.0,0.0,0.0008189384009378071,0.00045041612051579383,0.0,0.0,0.0,0.0,0.0,0.0,0.0,0.0008189384009378071,0.00045041612051579383,0.0,0.0,0.0,0.0,0.0,0.0,0.0011874606813598201,0.002006399082297627,0.00045041612051579383,0.0,0.000818938400937807,0.0,0.0,0.0,0.0,0.0011874606813598201,0.002006399082297627,0.00045041612051579383,0.0,0.000818938400937807,0.0,0.0,0.0,0.0,0.0,0.0008189384009378071,0.00045041612051579383,0.0,0.0,0.0,0.0,0.0,0.0,0.0,0.0008189384009378071,0.00045041612051579383,0.0,0.0,0.0,0.0,0.0,0.0,0.0,0.0016378768018756142,0.0009008322410315877,0.0,0.0,0.0,0.0,0.0,0.0,0.0011874606813598201,0.002006399082297627,0.00045041612051579383,0.0,0.000818938400937807,0.0,0.0,0.0,0.0,0.0011874606813598201,0.002006399082297627,0.00045041612051579383,0.0,0.000818938400937807,0.0,0.0,0.0,0.0,0.0,0.00040946920046890355,0.00022520806025789691,0.0,0.0,0.0,0.0,0.0,0.0,0.0,0.0008189384009378071,0.00045041612051579383,0.0,0.0,0.0,0.0,0.0,0.0,0.0,0.0,0.0,0.0,0.0,0.0,0.0,0.0,0.0,0.0,0.0016378768018756142,0.00036852228042201317,0.0,0.0,0.0,0.0,0.0,0.0,0.0,0.0008189384009378071,0.00045041612051579383,0.0,0.0,0.00045041612051579383,0.00045041612051579383,0.00045041612051579383,0.00045041612051579383,0.0007370445608440263,0.0015559829617818335,0.0,0.00045041612051579383,0.00036852228042201317,0.00045041612051579383,0.00045041612051579383,0.00045041612051579383,0.00045041612051579383,0.0007370445608440263,0.0015559829617818335,0.0,0.00045041612051579383,0.00036852228042201317,0.00045041612051579383,0.00045041612051579383,0.00045041612051579383,0.00045041612051579383,0.0007370445608440263,0.0015559829617818335,0.0,0.00045041612051579383,0.00036852228042201317,0.0006346772607268004,0.0006346772607268004,0.00018426114021100659,0.00018426114021100659,0.0005527834206330198,0.0002661549803047873,0.00018426114021100659,0.0006346772607268004,0.00018426114021100659,0.00174024410199284,0.0,0.0,0.0,0.0,0.0002661549803047873,0.0012898279814770462,0.00174024410199284,0.0007370445608440263,0.0011874606813598201,0.0,0.0,0.0,0.0,0.0008189384009378071,0.0007370445608440263,0.0011874606813598201,0.00018426114021100659,0.0011874606813598201,0.0,0.0,0.0,0.0,0.0008189384009378071,0.0007370445608440263,0.0011874606813598201,0.00018426114021100659,0.0,0.0,0.0,0.0,0.0011874606813598201,0.002006399082297627,0.00045041612051579383,0.0,0.000818938400937807,0.8368588602235465,0.8368588602235465,0.8460975090591262,0.8460975090591262,0.8520348124659253,-0.8012906815009251,0.8483495896617052,0.8368588602235465,0.8501922010638152
x_R36_EXIT_G,0.0,0.0,0.0,0.0,0.00045041612051579383,0.00045041612051579383,0.004749842725439281,0.0,0.00045041612051579383,0.0,0.0,0.0,0.0,0.00045041612051579383,0.00045041612051579383,0.004749842725439281,0.0,0.00045041612051579383,0.0,0.0,0.0,0.0,0.0,0.0,0.004749842725439281,0.0,0.0,0.0,0.0,0.0,0.0,0.0,0.0,0.004749842725439281,0.0,0.0,0.0,0.0,0.0,0.0,0.0,0.0,0.004749842725439281,0.0,0.0,0.0,0.0,0.0,0.0,0.0,0.0,0.004749842725439281,0.0,0.0,0.0,0.0,0.0,0.0,0.0,0.0,0.004749842725439281,0.0,0.0,0.0,0.0,0.0,0.0,0.00045041612051579383,0.00045041612051579383,0.004749842725439281,0.0,0.00045041612051579383,0.0,0.0,0.0,0.0,0.00045041612051579383,0.00045041612051579383,0.004749842725439281,0.0,0.00045041612051579383,0.0,0.0,0.0,0.0,0.0,0.0,0.004749842725439281,0.0,0.0,0.0,0.0,0.0,0.0,0.0,0.0,0.004749842725439281,0.0,0.0,0.0,0.0,0.0,0.0,0.0,0.0,0.009499685450878563,0.0,0.0,0.0,0.0,0.0,0.0,0.00045041612051579383,0.00045041612051579383,0.004749842725439281,0.0,0.00045041612051579383,0.0,0.0,0.0,0.0,0.00045041612051579383,0.00045041612051579383,0.004749842725439281,0.0,0.00045041612051579383,0.0,0.0,0.0,0.0,0.0,0.0,0.0023749213627196407,0.0,0.0,0.0,0.0,0.0,0.0,0.0,0.0,0.004749842725439281,0.0,0.0,0.0,0.0,0.0,0.0,0.0,0.0,0.0,0.0,0.0,0.0,0.0,0.0,0.0,0.0,0.0,0.008598853209846975,0.0,0.0,0.0,0.0,0.0,0.0,0.0,0.0,0.004749842725439281,0.0,0.0,0.004483687745134495,0.004483687745134495,0.004483687745134495,0.004483687745134495,0.004033271624618701,0.004033271624618701,0.0002661549803047873,0.004483687745134495,0.004033271624618701,0.00284581094325888,0.00284581094325888,0.00284581094325888,0.00284581094325888,0.0023953948227430862,0.0023953948227430862,0.00174024410199284,0.00284581094325888,0.0023953948227430862,0.0006346772607268004,0.0006346772607268004,0.0006346772607268004,0.0006346772607268004,0.00018426114021100659,0.00018426114021100659,0.004115165464712481,0.0006346772607268004,0.00018426114021100659,0.00045041612051579383,0.00045041612051579383,0.0,0.0,0.0,0.0,0.0042994266049234875,0.00045041612051579383,0.0,0.00045041612051579383,0.0,0.0,0.0,0.0,0.0,0.0042994266049234875,0.00045041612051579383,0.0,0.00045041612051579383,0.0,0.0,0.0,0.0,0.0,0.0042994266049234875,0.00045041612051579383,0.0,0.00045041612051579383,0.0,0.0,0.0,0.0,0.0,0.0042994266049234875,0.00045041612051579383,0.0,0.0,0.0,0.0,0.0,0.00045041612051579383,0.00045041612051579383,0.004749842725439281,0.0,0.00045041612051579383,0.8368588602235465,0.8368588602235465,0.8460975090591262,0.8460975090591262,0.8483495896617052,0.8483495896617052,-0.7838124937908583,0.8368588602235465,0.8483495896617052
x_R36_EXIT_H,0.0,0.0,0.0,0.0,0.00036852228042201317,0.00036852228042201317,0.00036852228042201317,0.000818938400937807,0.00036852228042201317,0.0,0.0,0.0,0.0,0.00036852228042201317,0.00036852228042201317,0.00036852228042201317,0.000818938400937807,0.00036852228042201317,0.0,0.0,0.0,0.0,0.0,0.0,0.0,0.00174024410199284,0.0,0.0,0.0,0.0,0.0,0.0,0.0,0.0,0.00174024410199284,0.0,0.0,0.0,0.0,0.0,0.0,0.0,0.0,0.00174024410199284,0.0,0.0,0.0,0.0,0.0,0.0,0.0,0.0,0.00174024410199284,0.0,0.0,0.0,0.0,0.0,0.0,0.0,0.0,0.00174024410199284,0.0,0.0,0.0,0.0,0.0009213057010550329,0.001289827981477046,0.001289827981477046,0.001289827981477046,0.000818938400937807,0.001289827981477046,0.0,0.0,0.0,0.0009213057010550329,0.001289827981477046,0.001289827981477046,0.001289827981477046,0.000818938400937807,0.001289827981477046,0.0,0.0,0.0,0.0,0.0,0.0,0.0,0.00174024410199284,0.0,0.0,0.0,0.0,0.0,0.0,0.0,0.0,0.00174024410199284,0.0,0.0,0.0,0.0,0.0,0.0,0.0,0.0,0.00348048820398568,0.0,0.0,0.0009213057010550329,0.0009213057010550329,0.0009213057010550329,0.001289827981477046,0.001289827981477046,0.001289827981477046,0.000818938400937807,0.001289827981477046,0.0,0.0009213057010550329,0.0009213057010550329,0.0009213057010550329,0.001289827981477046,0.001289827981477046,0.001289827981477046,0.000818938400937807,0.001289827981477046,0.0,0.0,0.0,0.0,0.0,0.0,0.0,0.00087012205099642,0.0,0.0,0.0,0.0,0.0,0.0,0.0,0.0,0.00174024410199284,0.0,0.0,0.0,0.0,0.0,0.0,0.0,0.0,0.0,0.0,0.0007370445608440263,0.0,0.0,0.0,0.0,0.0,0.0,0.004217532764829706,0.0,0.0,0.0,0.0,0.0,0.0,0.0,0.0,0.00174024410199284,0.0,0.00036852228042201317,0.0,0.0,0.0,0.0,0.0,0.0,0.002108766382414853,0.0,0.00036852228042201317,0.0,0.0,0.0,0.0,0.0,0.0,0.002108766382414853,0.0,0.00036852228042201317,0.0,0.0,0.0,0.0,0.0,0.0,0.002108766382414853,0.0,0.00036852228042201317,0.0,0.0,0.0,0.0,0.0,0.0,0.002108766382414853,0.0,0.00036852228042201317,0.0,0.0,0.0,0.0,0.0,0.0,0.002108766382414853,0.0,0.00036852228042201317,0.0,0.0,0.0,0.0,0.0,0.0,0.002108766382414853,0.0,0.00036852228042201317,0.0,0.0,0.0,0.0,0.0,0.0,0.002108766382414853,0.0,0.0,0.0,0.0,0.0,0.00036852228042201317,0.00036852228042201317,0.00036852228042201317,0.000818938400937807,0.00036852228042201317,0.8475306512607673,0.8475306512607673,0.8368588602235465,0.8368588602235465,0.8368588602235465,0.8368588602235465,0.8368588602235465,-0.8013972569504944,0.8368588602235465
x_R36_EXIT_STAIRWELL,0.0,0.0,0.0,0.0,0.000818938400937807,0.000818938400937807,0.00045041612051579383,0.0,0.0019040317821804012,0.0,0.0,0.0,0.0,0.000818938400937807,0.000818938400937807,0.00045041612051579383,0.0,0.0019040317821804012,0.0,0.0,0.0,0.0,0.0,0.0,0.00045041612051579383,0.0,0.0008189384009378071,0.0,0.0,0.0,0.0,0.0,0.0,0.00045041612051579383,0.0,0.0008189384009378071,0.0,0.0,0.0,0.0,0.0,0.0,0.00045041612051579383,0.0,0.0008189384009378071,0.0,0.0,0.0,0.0,0.0,0.0,0.00045041612051579383,0.0,0.0008189384009378071,0.0,0.0,0.0,0.0,0.0,0.0,0.00045041612051579383,0.0,0.0008189384009378071,0.0,0.0,0.0,0.0,0.000818938400937807,0.000818938400937807,0.00045041612051579383,0.0,0.0019040317821804012,0.0,0.0,0.0,0.0,0.000818938400937807,0.000818938400937807,0.00045041612051579383,0.0,0.0019040317821804012,0.0,0.0,0.0,0.0,0.0,0.0,0.00045041612051579383,0.0,0.0008189384009378071,0.0,0.0,0.0,0.0,0.0,0.0,0.00045041612051579383,0.0,0.0008189384009378071,0.0,0.0,0.0,0.0,0.0,0.0,0.0009008322410315877,0.0,0.0016378768018756142,0.0,0.0,0.0,0.0,0.000818938400937807,0.000818938400937807,0.00045041612051579383,0.0,0.0019040317821804012,0.0,0.0,0.0,0.0,0.000818938400937807,0.000818938400937807,0.00045041612051579383,0.0,0.0019040317821804012,0.0,0.0,0.0,0.0,0.0,0.0,0.00022520806025789691,0.0,0.00040946920046890355,0.0,0.0,0.0,0.0,0.0,0.0,0.00045041612051579383,0.0,0.0008189384009378071,0.0,0.0,0.0,0.0,0.0,0.0,0.0,0.0,0.0,0.0,0.0,0.0,0.0,0.0,0.0,0.0005323099606095746,0.0,0.0016378768018756142,0.0,0.0,0.0,0.0,0.0,0.0,0.00045041612051579383,0.0,0.0008189384009378071,0.00045041612051579383,0.00045041612051579383,0.00045041612051579383,0.00045041612051579383,0.00036852228042201317,0.00036852228042201317,0.0,0.00045041612051579383,0.0014536156616646073,0.00045041612051579383,0.00045041612051579383,0.00045041612051579383,0.00045041612051579383,0.00036852228042201317,0.00036852228042201317,0.0,0.00045041612051579383,0.0014536156616646073,0.00045041612051579383,0.00045041612051579383,0.00045041612051579383,0.00045041612051579383,0.00036852228042201317,0.00036852228042201317,0.0,0.00045041612051579383,0.0014536156616646073,0.0006346772607268004,0.0006346772607268004,0.0004504161205157939,0.0004504161205157939,0.00018426114021100659,0.0,0.00018426114021100659,0.0006346772607268004,0.0012693545214536009,0.000818938400937807,0.0,0.0,0.0,0.0,0.0,0.00036852228042201317,0.000818938400937807,0.0008189384009378071,0.000818938400937807,0.0,0.0,0.0,0.0,0.0,0.00036852228042201317,0.000818938400937807,0.0008189384009378071,0.000818938400937807,0.0,0.0,0.0,0.0,0.0,0.00036852228042201317,0.000818938400937807,0.0008189384009378071,0.0,0.0,0.0,0.0,0.000818938400937807,0.000818938400937807,0.00045041612051579383,0.0,0.0019040317821804012,0.8368588602235465,0.8368588602235465,0.8460975090591262,0.8460975090591262,0.8501922010638152,0.8501922010638152,0.8483495896617052,0.8368588602235465,-0.8047277164971234
