i,j,variable_i,variable_j,coefficient
0,0,x_R01_EXIT_A,x_R01_EXIT_A,-0.8319048578530325
0,1,x_R01_EXIT_A,x_R01_EXIT_B,1.6743257822097892
0,2,x_R01_EXIT_A,x_R01_EXIT_C,1.6743257822097892
0,3,x_R01_EXIT_A,x_R01_EXIT_D,1.6743257822097892
0,4,x_R01_EXIT_A,x_R01_EXIT_E,1.6743257822097892
0,5,x_R01_EXIT_A,x_R01_EXIT_F,1.6743257822097892
0,6,x_R01_EXIT_A,x_R01_EXIT_G,1.6743257822097892
0,7,x_R01_EXIT_A,x_R01_EXIT_H,1.6743257822097892
0,8,x_R01_EXIT_A,x_R01_EXIT_STAIRWELL,1.6743257822097892
0,9,x_R01_EXIT_A,x_R02_EXIT_A,0.00010646199212191492
0,18,x_R01_EXIT_A,x_R03_EXIT_A,0.00010646199212191492
0,27,x_R01_EXIT_A,x_R04_EXIT_A,0.00010646199212191492
0,36,x_R01_EXIT_A,x_R05_EXIT_A,0.00010646199212191492
0,45,x_R01_EXIT_A,x_R06_EXIT_A,0.00010646199212191492
0,54,x_R01_EXIT_A,x_R07_EXIT_A,0.00010646199212191492
0,63,x_R01_EXIT_A,x_R08_EXIT_A,0.00010646199212191492
0,72,x_R01_EXIT_A,x_R09_EXIT_A,0.00010646199212191492
0,81,x_R01_EXIT_A,x_R10_EXIT_A,0.00010646199212191492
0,90,x_R01_EXIT_A,x_R11_EXIT_A,0.00010646199212191492
0,99,x_R01_EXIT_A,x_R12_EXIT_A,0.00021292398424382984
0,108,x_R01_EXIT_A,x_R13_EXIT_A,0.00010646199212191492
0,117,x_R01_EXIT_A,x_R14_EXIT_A,0.00010646199212191492
0,135,x_R01_EXIT_A,x_R16_EXIT_A,0.00010646199212191492
0,153,x_R01_EXIT_A,x_R24_EXIT_A,0.00021292398424382984
0,162,x_R01_EXIT_A,x_R25_EXIT_A,0.00010646199212191492
0,171,x_R01_EXIT_A,x_R28_EXIT_A,0.00010646199212191492
0,180,x_R01_EXIT_A,x_R29_EXIT_A,0.00010646199212191492
0,189,x_R01_EXIT_A,x_R30_EXIT_A,0.00010646199212191492
0,198,x_R01_EXIT_A,x_R31_EXIT_A,0.00010646199212191492
0,207,x_R01_EXIT_A,x_R32_EXIT_A,0.00010646199212191492
0,216,x_R01_EXIT_A,x_R33_EXIT_A,0.00010646199212191492
0,225,x_R01_EXIT_A,x_R34_EXIT_A,0.00010646199212191492
0,234,x_R01_EXIT_A,x_R35_EXIT_A,0.00010646199212191492
0,243,x_R01_EXIT_A,x_R36_EXIT_A,0.0005323099606095745
1,1,x_R01_EXIT_B,x_R01_EXIT_B,-0.817979738452458
1,2,x_R01_EXIT_B,x_R01_EXIT_C,1.6752102356828023
1,3,x_R01_EXIT_B,x_R01_EXIT_D,1.6749154178584644
1,4,x_R01_EXIT_B,x_R01_EXIT_E,1.6749154178584644
1,5,x_R01_EXIT_B,x_R01_EXIT_F,1.6749154178584644
1,6,x_R01_EXIT_B,x_R01_EXIT_G,1.6749154178584644
1,7,x_R01_EXIT_B,x_R01_EXIT_H,1.6745468955780425
1,8,x_R01_EXIT_B,x_R01_EXIT_STAIRWELL,1.6749154178584644
1,10,x_R01_EXIT_B,x_R02_EXIT_B,0.0012120288333879543
1,11,x_R01_EXIT_B,x_R02_EXIT_C,0.0008844534730128316
1,12,x_R01_EXIT_B,x_R02_EXIT_D,0.0005896356486752211
1,13,x_R01_EXIT_B,x_R02_EXIT_E,0.0005896356486752211
1,14,x_R01_EXIT_B,x_R02_EXIT_F,0.0005896356486752211
1,15,x_R01_EXIT_B,x_R02_EXIT_G,0.0005896356486752211
1,16,x_R01_EXIT_B,x_R02_EXIT_H,0.00022111336825320795
1,17,x_R01_EXIT_B,x_R02_EXIT_STAIRWELL,0.0005896356486752211
1,18,x_R01_EXIT_B,x_R03_EXIT_A,0.0011055668412660394
1,19,x_R01_EXIT_B,x_R03_EXIT_B,0.00010646199212191492
1,20,x_R01_EXIT_B,x_R03_EXIT_C,0.00022111336825320795
1,21,x_R01_EXIT_B,x_R03_EXIT_D,0.00022111336825320795
1,22,x_R01_EXIT_B,x_R03_EXIT_E,0.00022111336825320795
1,23,x_R01_EXIT_B,x_R03_EXIT_F,0.00022111336825320795
1,24,x_R01_EXIT_B,x_R03_EXIT_G,0.00022111336825320795
1,25,x_R01_EXIT_B,x_R03_EXIT_H,0.0005159311925908185
1,26,x_R01_EXIT_B,x_R03_EXIT_STAIRWELL,0.00022111336825320795
1,27,x_R01_EXIT_B,x_R04_EXIT_A,0.0011055668412660394
1,28,x_R01_EXIT_B,x_R04_EXIT_B,0.00010646199212191492
1,29,x_R01_EXIT_B,x_R04_EXIT_C,0.00022111336825320795
1,30,x_R01_EXIT_B,x_R04_EXIT_D,0.00022111336825320795
1,31,x_R01_EXIT_B,x_R04_EXIT_E,0.00022111336825320795
1,32,x_R01_EXIT_B,x_R04_EXIT_F,0.00022111336825320795
1,33,x_R01_EXIT_B,x_R04_EXIT_G,0.00022111336825320795
1,34,x_R01_EXIT_B,x_R04_EXIT_H,0.0005159311925908185
1,35,x_R01_EXIT_B,x_R04_EXIT_STAIRWELL,0.00022111336825320795
1,36,x_R01_EXIT_B,x_R05_EXIT_A,0.0008844534730128316
1,37,x_R01_EXIT_B,x_R05_EXIT_B,0.00032757536037512284
1,43,x_R01_EXIT_B,x_R05_EXIT_H,0.0002948178243376106
1,45,x_R01_EXIT_B,x_R06_EXIT_A,0.0008844534730128316
1,46,x_R01_EXIT_B,x_R06_EXIT_B,0.00032757536037512284
1,52,x_R01_EXIT_B,x_R06_EXIT_H,0.0002948178243376106
1,54,x_R01_EXIT_B,x_R07_EXIT_A,0.0008844534730128316
1,55,x_R01_EXIT_B,x_R07_EXIT_B,0.00032757536037512284
1,61,x_R01_EXIT_B,x_R07_EXIT_H,0.0002948178243376106
1,63,x_R01_EXIT_B,x_R08_EXIT_A,0.00022111336825320795
1,64,x_R01_EXIT_B,x_R08_EXIT_B,0.0009909154651347467
1,65,x_R01_EXIT_B,x_R08_EXIT_C,0.0006633401047596237
1,72,x_R01_EXIT_B,x_R09_EXIT_A,0.00022111336825320795
1,73,x_R01_EXIT_B,x_R09_EXIT_B,0.0009909154651347467
1,74,x_R01_EXIT_B,x_R09_EXIT_C,0.0006633401047596237
1,81,x_R01_EXIT_B,x_R10_EXIT_A,0.0008844534730128316
1,82,x_R01_EXIT_B,x_R10_EXIT_B,0.00032757536037512284
1,90,x_R01_EXIT_B,x_R11_EXIT_A,0.0008844534730128316
1,91,x_R01_EXIT_B,x_R11_EXIT_B,0.00032757536037512284
1,97,x_R01_EXIT_B,x_R11_EXIT_H,0.0002948178243376106
1,99,x_R01_EXIT_B,x_R12_EXIT_A,0.0011792712973504422
1,100,x_R01_EXIT_B,x_R12_EXIT_B,0.0006551507207502457
1,108,x_R01_EXIT_B,x_R13_EXIT_A,0.00022111336825320795
1,109,x_R01_EXIT_B,x_R13_EXIT_B,0.0006223931847127334
1,110,x_R01_EXIT_B,x_R13_EXIT_C,0.0002948178243376106
1,117,x_R01_EXIT_B,x_R14_EXIT_A,0.00022111336825320795
1,118,x_R01_EXIT_B,x_R14_EXIT_B,0.0006223931847127334
1,119,x_R01_EXIT_B,x_R14_EXIT_C,0.0002948178243376106
1,126,x_R01_EXIT_B,x_R15_EXIT_A,0.0004422267365064158
1,127,x_R01_EXIT_B,x_R15_EXIT_B,0.00016378768018756142
1,135,x_R01_EXIT_B,x_R16_EXIT_A,0.0008844534730128316
1,136,x_R01_EXIT_B,x_R16_EXIT_B,0.00032757536037512284
1,153,x_R01_EXIT_B,x_R24_EXIT_A,0.0011792712973504422
1,154,x_R01_EXIT_B,x_R24_EXIT_B,0.0006551507207502457
1,162,x_R01_EXIT_B,x_R25_EXIT_A,0.0008844534730128316
1,163,x_R01_EXIT_B,x_R25_EXIT_B,0.00032757536037512284
1,171,x_R01_EXIT_B,x_R28_EXIT_A,0.0005896356486752211
1,172,x_R01_EXIT_B,x_R28_EXIT_B,0.00032757536037512284
1,180,x_R01_EXIT_B,x_R29_EXIT_A,0.0005896356486752211
1,181,x_R01_EXIT_B,x_R29_EXIT_B,0.00032757536037512284
1,189,x_R01_EXIT_B,x_R30_EXIT_A,0.0005896356486752211
1,190,x_R01_EXIT_B,x_R30_EXIT_B,0.00032757536037512284
1,198,x_R01_EXIT_B,x_R31_EXIT_A,0.0005896356486752211
1,199,x_R01_EXIT_B,x_R31_EXIT_B,0.00032757536037512284
1,207,x_R01_EXIT_B,x_R32_EXIT_A,0.0005896356486752211
1,208,x_R01_EXIT_B,x_R32_EXIT_B,0.00032757536037512284
1,216,x_R01_EXIT_B,x_R33_EXIT_A,0.0005896356486752211
1,217,x_R01_EXIT_B,x_R33_EXIT_B,0.00032757536037512284
1,225,x_R01_EXIT_B,x_R34_EXIT_A,0.0005896356486752211
1,226,x_R01_EXIT_B,x_R34_EXIT_B,0.00032757536037512284
1,234,x_R01_EXIT_B,x_R35_EXIT_A,0.00022111336825320795
1,235,x_R01_EXIT_B,x_R35_EXIT_B,0.0009909154651347467
1,236,x_R01_EXIT_B,x_R35_EXIT_C,0.0006633401047596237
1,237,x_R01_EXIT_B,x_R35_EXIT_D,0.0003685222804220132
1,238,x_R01_EXIT_B,x_R35_EXIT_E,0.0003685222804220132
1,239,x_R01_EXIT_B,x_R35_EXIT_F,0.0003685222804220132
1,240,x_R01_EXIT_B,x_R35_EXIT_G,0.0003685222804220132
1,242,x_R01_EXIT_B,x_R35_EXIT_STAIRWELL,0.0003685222804220132
1,243,x_R01_EXIT_B,x_R36_EXIT_A,0.002948178243376105
1,244,x_R01_EXIT_B,x_R36_EXIT_B,0.0031119659235636665
2,2,x_R01_EXIT_C,x_R01_EXIT_C,-0.8101261294113611
2,3,x_R01_EXIT_C,x_R01_EXIT_D,1.6749154178584644
2,4,x_R01_EXIT_C,x_R01_EXIT_E,1.6749154178584644
2,5,x_R01_EXIT_C,x_R01_EXIT_F,1.6749154178584644
2,6,x_R01_EXIT_C,x_R01_EXIT_G,1.6749154178584644
2,7,x_R01_EXIT_C,x_R01_EXIT_H,1.6745468955780425
2,8,x_R01_EXIT_C,x_R01_EXIT_STAIRWELL,1.6749154178584644
2,10,x_R01_EXIT_C,x_R02_EXIT_B,0.0008844534730128316
2,11,x_R01_EXIT_C,x_R02_EXIT_C,0.0018753689381475784
2,12,x_R01_EXIT_C,x_R02_EXIT_D,0.0005896356486752211
2,13,x_R01_EXIT_C,x_R02_EXIT_E,0.0005896356486752211
2,14,x_R01_EXIT_C,x_R02_EXIT_F,0.0005896356486752211
2,15,x_R01_EXIT_C,x_R02_EXIT_G,0.0005896356486752211
2,16,x_R01_EXIT_C,x_R02_EXIT_H,0.00022111336825320795
2,17,x_R01_EXIT_C,x_R02_EXIT_STAIRWELL,0.0005896356486752211
2,18,x_R01_EXIT_C,x_R03_EXIT_A,0.0008844534730128316
2,20,x_R01_EXIT_C,x_R03_EXIT_C,0.0009909154651347467
2,21,x_R01_EXIT_C,x_R03_EXIT_D,0.0006633401047596237
2,25,x_R01_EXIT_C,x_R03_EXIT_H,0.0002948178243376106
2,27,x_R01_EXIT_C,x_R04_EXIT_A,0.0008844534730128316
2,29,x_R01_EXIT_C,x_R04_EXIT_C,0.0009909154651347467
2,30,x_R01_EXIT_C,x_R04_EXIT_D,0.0006633401047596237
2,34,x_R01_EXIT_C,x_R04_EXIT_H,0.0002948178243376106
2,36,x_R01_EXIT_C,x_R05_EXIT_A,0.0017689069460256634
2,37,x_R01_EXIT_C,x_R05_EXIT_B,0.0008844534730128318
2,38,x_R01_EXIT_C,x_R05_EXIT_C,0.00010646199212191492
2,39,x_R01_EXIT_C,x_R05_EXIT_D,0.00022111336825320795
2,40,x_R01_EXIT_C,x_R05_EXIT_E,0.00022111336825320795
2,41,x_R01_EXIT_C,x_R05_EXIT_F,0.00022111336825320795
2,42,x_R01_EXIT_C,x_R05_EXIT_G,0.00022111336825320795
2,43,x_R01_EXIT_C,x_R05_EXIT_H,0.0011792712973504424
2,44,x_R01_EXIT_C,x_R05_EXIT_STAIRWELL,0.00022111336825320795
2,45,x_R01_EXIT_C,x_R06_EXIT_A,0.0017689069460256634
2,46,x_R01_EXIT_C,x_R06_EXIT_B,0.0008844534730128318
2,47,x_R01_EXIT_C,x_R06_EXIT_C,0.00010646199212191492
2,48,x_R01_EXIT_C,x_R06_EXIT_D,0.00022111336825320795
2,49,x_R01_EXIT_C,x_R06_EXIT_E,0.00022111336825320795
2,50,x_R01_EXIT_C,x_R06_EXIT_F,0.00022111336825320795
2,51,x_R01_EXIT_C,x_R06_EXIT_G,0.00022111336825320795
2,52,x_R01_EXIT_C,x_R06_EXIT_H,0.0011792712973504424
2,53,x_R01_EXIT_C,x_R06_EXIT_STAIRWELL,0.00022111336825320795
2,54,x_R01_EXIT_C,x_R07_EXIT_A,0.0015477935777724555
2,55,x_R01_EXIT_C,x_R07_EXIT_B,0.0006633401047596237
2,56,x_R01_EXIT_C,x_R07_EXIT_C,0.00032757536037512284
2,61,x_R01_EXIT_C,x_R07_EXIT_H,0.0009581579290972342
2,63,x_R01_EXIT_C,x_R08_EXIT_A,0.00022111336825320795
2,64,x_R01_EXIT_C,x_R08_EXIT_B,0.0006633401047596237
2,65,x_R01_EXIT_C,x_R08_EXIT_C,0.0016542555698943707
2,72,x_R01_EXIT_C,x_R09_EXIT_A,0.00022111336825320795
2,73,x_R01_EXIT_C,x_R09_EXIT_B,0.0006633401047596237
2,74,x_R01_EXIT_C,x_R09_EXIT_C,0.0016542555698943707
2,81,x_R01_EXIT_C,x_R10_EXIT_A,0.0015477935777724555
2,82,x_R01_EXIT_C,x_R10_EXIT_B,0.0006633401047596237
2,83,x_R01_EXIT_C,x_R10_EXIT_C,0.00032757536037512284
2,90,x_R01_EXIT_C,x_R11_EXIT_A,0.0015477935777724555
2,91,x_R01_EXIT_C,x_R11_EXIT_B,0.0006633401047596237
2,92,x_R01_EXIT_C,x_R11_EXIT_C,0.00032757536037512284
2,97,x_R01_EXIT_C,x_R11_EXIT_H,0.0009581579290972342
2,99,x_R01_EXIT_C,x_R12_EXIT_A,0.0011792712973504422
2,101,x_R01_EXIT_C,x_R12_EXIT_C,0.0006551507207502457
2,108,x_R01_EXIT_C,x_R13_EXIT_A,0.00022111336825320795
2,109,x_R01_EXIT_C,x_R13_EXIT_B,0.0002948178243376106
2,110,x_R01_EXIT_C,x_R13_EXIT_C,0.0012857332894723572
2,117,x_R01_EXIT_C,x_R14_EXIT_A,0.00022111336825320795
2,118,x_R01_EXIT_C,x_R14_EXIT_B,0.0002948178243376106
2,119,x_R01_EXIT_C,x_R14_EXIT_C,0.0012857332894723572
2,126,x_R01_EXIT_C,x_R15_EXIT_A,0.0007738967888862278
2,127,x_R01_EXIT_C,x_R15_EXIT_B,0.00033167005237981186
2,128,x_R01_EXIT_C,x_R15_EXIT_C,0.00016378768018756142
2,135,x_R01_EXIT_C,x_R16_EXIT_A,0.0015477935777724555
2,136,x_R01_EXIT_C,x_R16_EXIT_B,0.0006633401047596237
2,137,x_R01_EXIT_C,x_R16_EXIT_C,0.00032757536037512284
2,153,x_R01_EXIT_C,x_R24_EXIT_A,0.0011792712973504422
2,155,x_R01_EXIT_C,x_R24_EXIT_C,0.0006551507207502457
2,162,x_R01_EXIT_C,x_R25_EXIT_A,0.0015477935777724555
2,163,x_R01_EXIT_C,x_R25_EXIT_B,0.0006633401047596237
2,164,x_R01_EXIT_C,x_R25_EXIT_C,0.00032757536037512284
2,171,x_R01_EXIT_C,x_R28_EXIT_A,0.0005896356486752211
2,173,x_R01_EXIT_C,x_R28_EXIT_C,0.00032757536037512284
2,180,x_R01_EXIT_C,x_R29_EXIT_A,0.0005896356486752211
2,182,x_R01_EXIT_C,x_R29_EXIT_C,0.00032757536037512284
2,189,x_R01_EXIT_C,x_R30_EXIT_A,0.0005896356486752211
2,191,x_R01_EXIT_C,x_R30_EXIT_C,0.00032757536037512284
2,198,x_R01_EXIT_C,x_R31_EXIT_A,0.0005896356486752211
2,200,x_R01_EXIT_C,x_R31_EXIT_C,0.00032757536037512284
2,207,x_R01_EXIT_C,x_R32_EXIT_A,0.0005896356486752211
2,209,x_R01_EXIT_C,x_R32_EXIT_C,0.00032757536037512284
2,216,x_R01_EXIT_C,x_R33_EXIT_A,0.0005896356486752211
2,218,x_R01_EXIT_C,x_R33_EXIT_C,0.00032757536037512284
2,225,x_R01_EXIT_C,x_R34_EXIT_A,0.0005896356486752211
2,227,x_R01_EXIT_C,x_R34_EXIT_C,0.00032757536037512284
2,234,x_R01_EXIT_C,x_R35_EXIT_A,0.00022111336825320795
2,235,x_R01_EXIT_C,x_R35_EXIT_B,0.0006633401047596237
2,236,x_R01_EXIT_C,x_R35_EXIT_C,0.0016542555698943707
2,237,x_R01_EXIT_C,x_R35_EXIT_D,0.0003685222804220132
2,238,x_R01_EXIT_C,x_R35_EXIT_E,0.0003685222804220132
2,239,x_R01_EXIT_C,x_R35_EXIT_F,0.0003685222804220132
2,240,x_R01_EXIT_C,x_R35_EXIT_G,0.0003685222804220132
2,242,x_R01_EXIT_C,x_R35_EXIT_STAIRWELL,0.0003685222804220132
2,243,x_R01_EXIT_C,x_R36_EXIT_A,0.002948178243376105
2,244,x_R01_EXIT_C,x_R36_EXIT_B,0.0014740891216880527
2,245,x_R01_EXIT_C,x_R36_EXIT_C,0.001637876801875614
3,3,x_R01_EXIT_D,x_R01_EXIT_D,-0.7992574655654436
3,4,x_R01_EXIT_D,x_R01_EXIT_E,1.6755050535071399
3,5,x_R01_EXIT_D,x_R01_EXIT_F,1.6755050535071399
3,6,x_R01_EXIT_D,x_R01_EXIT_G,1.6755050535071399
3,7,x_R01_EXIT_D,x_R01_EXIT_H,1.6745468955780425
3,8,x_R01_EXIT_D,x_R01_EXIT_STAIRWELL,1.6755050535071399
3,10,x_R01_EXIT_D,x_R02_EXIT_B,0.0005896356486752211
3,11,x_R01_EXIT_D,x_R02_EXIT_C,0.0005896356486752211
3,12,x_R01_EXIT_D,x_R02_EXIT_D,0.003554192660070083
3,13,x_R01_EXIT_D,x_R02_EXIT_E,0.0011792712973504422
3,14,x_R01_EXIT_D,x_R02_EXIT_F,0.0011792712973504422
3,15,x_R01_EXIT_D,x_R02_EXIT_G,0.0011792712973504422
3,16,x_R01_EXIT_D,x_R02_EXIT_H,0.00022111336825320795
3,17,x_R01_EXIT_D,x_R02_EXIT_STAIRWELL,0.0011792712973504422
3,18,x_R01_EXIT_D,x_R03_EXIT_A,0.0005896356486752211
3,21,x_R01_EXIT_D,x_R03_EXIT_D,0.0006960976407971362
3,25,x_R01_EXIT_D,x_R03_EXIT_H,0.0005896356486752211
3,27,x_R01_EXIT_D,x_R04_EXIT_A,0.0005896356486752211
3,30,x_R01_EXIT_D,x_R04_EXIT_D,0.0006960976407971362
3,34,x_R01_EXIT_D,x_R04_EXIT_H,0.0005896356486752211
3,36,x_R01_EXIT_D,x_R05_EXIT_A,0.0005896356486752211
3,39,x_R01_EXIT_D,x_R05_EXIT_D,0.0006960976407971362
3,42,x_R01_EXIT_D,x_R05_EXIT_G,0.0008762640890034537
3,43,x_R01_EXIT_D,x_R05_EXIT_H,0.0005896356486752211
3,45,x_R01_EXIT_D,x_R06_EXIT_A,0.0005896356486752211
3,48,x_R01_EXIT_D,x_R06_EXIT_D,0.0006960976407971362
3,51,x_R01_EXIT_D,x_R06_EXIT_G,0.0008762640890034537
3,52,x_R01_EXIT_D,x_R06_EXIT_H,0.0005896356486752211
3,54,x_R01_EXIT_D,x_R07_EXIT_A,0.0005896356486752211
3,57,x_R01_EXIT_D,x_R07_EXIT_D,0.0003275753603751229
3,60,x_R01_EXIT_D,x_R07_EXIT_G,0.0008762640890034537
3,61,x_R01_EXIT_D,x_R07_EXIT_H,0.0005896356486752211
3,63,x_R01_EXIT_D,x_R08_EXIT_A,0.00022111336825320795
3,64,x_R01_EXIT_D,x_R08_EXIT_B,0.0003685222804220132
3,65,x_R01_EXIT_D,x_R08_EXIT_C,0.0003685222804220132
3,66,x_R01_EXIT_D,x_R08_EXIT_D,0.002374921362719641
3,72,x_R01_EXIT_D,x_R09_EXIT_A,0.00022111336825320795
3,73,x_R01_EXIT_D,x_R09_EXIT_B,0.0003685222804220132
3,74,x_R01_EXIT_D,x_R09_EXIT_C,0.0003685222804220132
3,75,x_R01_EXIT_D,x_R09_EXIT_D,0.002374921362719641
3,81,x_R01_EXIT_D,x_R10_EXIT_A,0.0005896356486752211
3,84,x_R01_EXIT_D,x_R10_EXIT_D,0.0003275753603751229
3,85,x_R01_EXIT_D,x_R10_EXIT_E,0.0002948178243376106
3,86,x_R01_EXIT_D,x_R10_EXIT_F,0.0002948178243376106
3,87,x_R01_EXIT_D,x_R10_EXIT_G,0.0002948178243376106
3,88,x_R01_EXIT_D,x_R10_EXIT_H,0.002047346002344518
3,89,x_R01_EXIT_D,x_R10_EXIT_STAIRWELL,0.0002948178243376106
3,90,x_R01_EXIT_D,x_R11_EXIT_A,0.0005896356486752211
3,93,x_R01_EXIT_D,x_R11_EXIT_D,0.0003275753603751229
3,96,x_R01_EXIT_D,x_R11_EXIT_G,0.0008762640890034537
3,97,x_R01_EXIT_D,x_R11_EXIT_H,0.0005896356486752211
3,99,x_R01_EXIT_D,x_R12_EXIT_A,0.0016214980338568577
3,102,x_R01_EXIT_D,x_R12_EXIT_D,0.0030792083875261548
3,106,x_R01_EXIT_D,x_R12_EXIT_H,0.0011792712973504424
3,108,x_R01_EXIT_D,x_R13_EXIT_A,0.00022111336825320795
3,109,x_R01_EXIT_D,x_R13_EXIT_B,0.0005896356486752211
3,110,x_R01_EXIT_D,x_R13_EXIT_C,0.0005896356486752211
3,111,x_R01_EXIT_D,x_R13_EXIT_D,0.002374921362719641
3,117,x_R01_EXIT_D,x_R14_EXIT_A,0.00022111336825320795
3,118,x_R01_EXIT_D,x_R14_EXIT_B,0.0005896356486752211
3,119,x_R01_EXIT_D,x_R14_EXIT_C,0.0005896356486752211
3,120,x_R01_EXIT_D,x_R14_EXIT_D,0.002374921362719641
3,126,x_R01_EXIT_D,x_R15_EXIT_A,0.00029481782433761055
3,129,x_R01_EXIT_D,x_R15_EXIT_D,0.00016378768018756145
3,130,x_R01_EXIT_D,x_R15_EXIT_E,0.0001474089121688053
3,131,x_R01_EXIT_D,x_R15_EXIT_F,0.0001474089121688053
3,132,x_R01_EXIT_D,x_R15_EXIT_G,0.0001474089121688053
3,133,x_R01_EXIT_D,x_R15_EXIT_H,0.001023673001172259
3,134,x_R01_EXIT_D,x_R15_EXIT_STAIRWELL,0.0001474089121688053
3,135,x_R01_EXIT_D,x_R16_EXIT_A,0.0005896356486752211
3,138,x_R01_EXIT_D,x_R16_EXIT_D,0.0003275753603751229
3,139,x_R01_EXIT_D,x_R16_EXIT_E,0.0002948178243376106
3,140,x_R01_EXIT_D,x_R16_EXIT_F,0.0002948178243376106
3,141,x_R01_EXIT_D,x_R16_EXIT_G,0.0002948178243376106
3,142,x_R01_EXIT_D,x_R16_EXIT_H,0.002047346002344518
3,143,x_R01_EXIT_D,x_R16_EXIT_STAIRWELL,0.0002948178243376106
3,153,x_R01_EXIT_D,x_R24_EXIT_A,0.0023585425947008844
3,155,x_R01_EXIT_D,x_R24_EXIT_C,0.0001474089121688053
3,156,x_R01_EXIT_D,x_R24_EXIT_D,0.001244786369425467
3,162,x_R01_EXIT_D,x_R25_EXIT_A,0.0011792712973504422
3,163,x_R01_EXIT_D,x_R25_EXIT_B,0.0005896356486752212
3,164,x_R01_EXIT_D,x_R25_EXIT_C,0.0005896356486752212
3,165,x_R01_EXIT_D,x_R25_EXIT_D,0.00010646199212191493
3,166,x_R01_EXIT_D,x_R25_EXIT_E,0.0005159311925908185
3,167,x_R01_EXIT_D,x_R25_EXIT_F,0.0005159311925908185
3,168,x_R01_EXIT_D,x_R25_EXIT_G,0.0005159311925908185
3,169,x_R01_EXIT_D,x_R25_EXIT_H,0.002268459370597726
3,170,x_R01_EXIT_D,x_R25_EXIT_STAIRWELL,0.0005159311925908185
3,171,x_R01_EXIT_D,x_R28_EXIT_A,0.0011792712973504422
3,174,x_R01_EXIT_D,x_R28_EXIT_D,0.0006223931847127334
3,180,x_R01_EXIT_D,x_R29_EXIT_A,0.0011792712973504422
3,183,x_R01_EXIT_D,x_R29_EXIT_D,0.0006223931847127334
3,189,x_R01_EXIT_D,x_R30_EXIT_A,0.0011792712973504422
3,192,x_R01_EXIT_D,x_R30_EXIT_D,0.0006223931847127334
3,198,x_R01_EXIT_D,x_R31_EXIT_A,0.0011792712973504422
3,201,x_R01_EXIT_D,x_R31_EXIT_D,0.0006223931847127334
3,207,x_R01_EXIT_D,x_R32_EXIT_A,0.0011792712973504422
3,210,x_R01_EXIT_D,x_R32_EXIT_D,0.0006223931847127334
3,216,x_R01_EXIT_D,x_R33_EXIT_A,0.0011792712973504422
3,219,x_R01_EXIT_D,x_R33_EXIT_D,0.0006223931847127334
3,225,x_R01_EXIT_D,x_R34_EXIT_A,0.0011792712973504422
3,228,x_R01_EXIT_D,x_R34_EXIT_D,0.0006223931847127334
3,234,x_R01_EXIT_D,x_R35_EXIT_A,0.00022111336825320795
3,235,x_R01_EXIT_D,x_R35_EXIT_B,0.0003685222804220132
3,236,x_R01_EXIT_D,x_R35_EXIT_C,0.0003685222804220132
3,237,x_R01_EXIT_D,x_R35_EXIT_D,0.003333079291816875
3,238,x_R01_EXIT_D,x_R35_EXIT_E,0.000958157929097234
3,239,x_R01_EXIT_D,x_R35_EXIT_F,0.000958157929097234
3,240,x_R01_EXIT_D,x_R35_EXIT_G,0.000958157929097234
3,242,x_R01_EXIT_D,x_R35_EXIT_STAIRWELL,0.000958157929097234
3,243,x_R01_EXIT_D,x_R36_EXIT_A,0.005896356486752212
3,244,x_R01_EXIT_D,x_R36_EXIT_B,0.002948178243376105
3,246,x_R01_EXIT_D,x_R36_EXIT_D,0.0031119659235636665
4,4,x_R01_EXIT_E,x_R01_EXIT_E,-0.7931859552059661
4,5,x_R01_EXIT_E,x_R01_EXIT_F,1.676528726508312
4,6,x_R01_EXIT_E,x_R01_EXIT_G,1.6762339086839744
4,7,x_R01_EXIT_E,x_R01_EXIT_H,1.6745468955780425
4,8,x_R01_EXIT_E,x_R01_EXIT_STAIRWELL,1.6763813175961433
4,10,x_R01_EXIT_E,x_R02_EXIT_B,0.0005896356486752211
4,11,x_R01_EXIT_E,x_R02_EXIT_C,0.0005896356486752211
4,12,x_R01_EXIT_E,x_R02_EXIT_D,0.0011792712973504422
4,13,x_R01_EXIT_E,x_R02_EXIT_E,0.003996419396576499
4,14,x_R01_EXIT_E,x_R02_EXIT_F,0.002202944298522701
4,15,x_R01_EXIT_E,x_R02_EXIT_G,0.0019081264741850907
4,16,x_R01_EXIT_E,x_R02_EXIT_H,0.00022111336825320795
4,17,x_R01_EXIT_E,x_R02_EXIT_STAIRWELL,0.002055535386353896
4,18,x_R01_EXIT_E,x_R03_EXIT_A,0.0005896356486752211
4,22,x_R01_EXIT_E,x_R03_EXIT_E,0.0015723617298005895
4,24,x_R01_EXIT_E,x_R03_EXIT_G,0.00028662844032823246
4,25,x_R01_EXIT_E,x_R03_EXIT_H,0.0006633401047596236
4,27,x_R01_EXIT_E,x_R04_EXIT_A,0.0005896356486752211
4,31,x_R01_EXIT_E,x_R04_EXIT_E,0.0015723617298005895
4,33,x_R01_EXIT_E,x_R04_EXIT_G,0.00028662844032823246
4,34,x_R01_EXIT_E,x_R04_EXIT_H,0.0006633401047596236
4,36,x_R01_EXIT_E,x_R05_EXIT_A,0.0005896356486752211
4,40,x_R01_EXIT_E,x_R05_EXIT_E,0.0015723617298005895
4,42,x_R01_EXIT_E,x_R05_EXIT_G,0.00028662844032823246
4,43,x_R01_EXIT_E,x_R05_EXIT_H,0.0006633401047596236
4,45,x_R01_EXIT_E,x_R06_EXIT_A,0.0005896356486752211
4,49,x_R01_EXIT_E,x_R06_EXIT_E,0.0015723617298005895
4,51,x_R01_EXIT_E,x_R06_EXIT_G,0.00028662844032823246
4,52,x_R01_EXIT_E,x_R06_EXIT_H,0.0006633401047596236
4,54,x_R01_EXIT_E,x_R07_EXIT_A,0.0005896356486752211
4,58,x_R01_EXIT_E,x_R07_EXIT_E,0.0015723617298005895
4,60,x_R01_EXIT_E,x_R07_EXIT_G,0.00028662844032823246
4,61,x_R01_EXIT_E,x_R07_EXIT_H,0.0006633401047596236
4,63,x_R01_EXIT_E,x_R08_EXIT_A,0.00022111336825320795
4,64,x_R01_EXIT_E,x_R08_EXIT_B,0.0003685222804220132
4,65,x_R01_EXIT_E,x_R08_EXIT_C,0.0003685222804220132
4,67,x_R01_EXIT_E,x_R08_EXIT_E,0.0027434436431416536
4,68,x_R01_EXIT_E,x_R08_EXIT_F,0.0009499685450878562
4,69,x_R01_EXIT_E,x_R08_EXIT_G,0.0006551507207502458
4,71,x_R01_EXIT_E,x_R08_EXIT_STAIRWELL,0.000802559632919051
4,72,x_R01_EXIT_E,x_R09_EXIT_A,0.00022111336825320795
4,73,x_R01_EXIT_E,x_R09_EXIT_B,0.0003685222804220132
4,74,x_R01_EXIT_E,x_R09_EXIT_C,0.0003685222804220132
4,76,x_R01_EXIT_E,x_R09_EXIT_E,0.0027434436431416536
4,77,x_R01_EXIT_E,x_R09_EXIT_F,0.0009499685450878562
4,78,x_R01_EXIT_E,x_R09_EXIT_G,0.0006551507207502458
4,80,x_R01_EXIT_E,x_R09_EXIT_STAIRWELL,0.000802559632919051
4,81,x_R01_EXIT_E,x_R10_EXIT_A,0.0005896356486752211
4,85,x_R01_EXIT_E,x_R10_EXIT_E,0.0015723617298005895
4,87,x_R01_EXIT_E,x_R10_EXIT_G,0.00028662844032823246
4,90,x_R01_EXIT_E,x_R11_EXIT_A,0.0005896356486752211
4,94,x_R01_EXIT_E,x_R11_EXIT_E,0.0015723617298005895
4,96,x_R01_EXIT_E,x_R11_EXIT_G,0.00028662844032823246
4,97,x_R01_EXIT_E,x_R11_EXIT_H,0.0006633401047596236
4,99,x_R01_EXIT_E,x_R12_EXIT_A,0.0016214980338568577
4,103,x_R01_EXIT_E,x_R12_EXIT_E,0.003144723459601179
4,105,x_R01_EXIT_E,x_R12_EXIT_G,0.0005732568806564649
4,106,x_R01_EXIT_E,x_R12_EXIT_H,0.0001474089121688053
4,108,x_R01_EXIT_E,x_R13_EXIT_A,0.00022111336825320795
4,109,x_R01_EXIT_E,x_R13_EXIT_B,0.0006633401047596236
4,110,x_R01_EXIT_E,x_R13_EXIT_C,0.0006633401047596236
4,112,x_R01_EXIT_E,x_R13_EXIT_E,0.0027434436431416536
4,113,x_R01_EXIT_E,x_R13_EXIT_F,0.0009499685450878562
4,114,x_R01_EXIT_E,x_R13_EXIT_G,0.0006551507207502458
4,116,x_R01_EXIT_E,x_R13_EXIT_STAIRWELL,0.000802559632919051
4,117,x_R01_EXIT_E,x_R14_EXIT_A,0.00022111336825320795
4,118,x_R01_EXIT_E,x_R14_EXIT_B,0.0006633401047596236
4,119,x_R01_EXIT_E,x_R14_EXIT_C,0.0006633401047596236
4,121,x_R01_EXIT_E,x_R14_EXIT_E,0.0027434436431416536
4,122,x_R01_EXIT_E,x_R14_EXIT_F,0.0009499685450878562
4,123,x_R01_EXIT_E,x_R14_EXIT_G,0.0006551507207502458
4,125,x_R01_EXIT_E,x_R14_EXIT_STAIRWELL,0.000802559632919051
4,126,x_R01_EXIT_E,x_R15_EXIT_A,0.00029481782433761055
4,130,x_R01_EXIT_E,x_R15_EXIT_E,0.0007861808649002948
4,132,x_R01_EXIT_E,x_R15_EXIT_G,0.00014331422016411623
4,135,x_R01_EXIT_E,x_R16_EXIT_A,0.0005896356486752211
4,139,x_R01_EXIT_E,x_R16_EXIT_E,0.0015723617298005895
4,141,x_R01_EXIT_E,x_R16_EXIT_G,0.00028662844032823246
4,153,x_R01_EXIT_E,x_R24_EXIT_A,0.0032429960677137167
4,157,x_R01_EXIT_E,x_R24_EXIT_E,0.003144723459601179
4,159,x_R01_EXIT_E,x_R24_EXIT_G,0.0001474089121688053
4,160,x_R01_EXIT_E,x_R24_EXIT_H,0.0007370445608440265
4,162,x_R01_EXIT_E,x_R25_EXIT_A,0.0005896356486752211
4,166,x_R01_EXIT_E,x_R25_EXIT_E,0.0015723617298005895
4,168,x_R01_EXIT_E,x_R25_EXIT_G,0.00028662844032823246
4,171,x_R01_EXIT_E,x_R28_EXIT_A,0.0019081264741850907
4,172,x_R01_EXIT_E,x_R28_EXIT_B,0.00028662844032823246
4,173,x_R01_EXIT_E,x_R28_EXIT_C,0.00028662844032823246
4,174,x_R01_EXIT_E,x_R28_EXIT_D,0.00028662844032823246
4,175,x_R01_EXIT_E,x_R28_EXIT_E,0.0020882929223914083
4,176,x_R01_EXIT_E,x_R28_EXIT_F,0.0002948178243376106
4,178,x_R01_EXIT_E,x_R28_EXIT_H,0.0006551507207502458
4,179,x_R01_EXIT_E,x_R28_EXIT_STAIRWELL,0.0001474089121688053
4,180,x_R01_EXIT_E,x_R29_EXIT_A,0.0019081264741850907
4,181,x_R01_EXIT_E,x_R29_EXIT_B,0.00028662844032823246
4,182,x_R01_EXIT_E,x_R29_EXIT_C,0.00028662844032823246
4,183,x_R01_EXIT_E,x_R29_EXIT_D,0.00028662844032823246
4,184,x_R01_EXIT_E,x_R29_EXIT_E,0.0020882929223914083
4,185,x_R01_EXIT_E,x_R29_EXIT_F,0.0002948178243376106
4,187,x_R01_EXIT_E,x_R29_EXIT_H,0.0006551507207502458
4,188,x_R01_EXIT_E,x_R29_EXIT_STAIRWELL,0.0001474089121688053
4,189,x_R01_EXIT_E,x_R30_EXIT_A,0.0019081264741850907
4,190,x_R01_EXIT_E,x_R30_EXIT_B,0.00028662844032823246
4,191,x_R01_EXIT_E,x_R30_EXIT_C,0.00028662844032823246
4,192,x_R01_EXIT_E,x_R30_EXIT_D,0.00028662844032823246
4,193,x_R01_EXIT_E,x_R30_EXIT_E,0.0020882929223914083
4,194,x_R01_EXIT_E,x_R30_EXIT_F,0.0002948178243376106
4,196,x_R01_EXIT_E,x_R30_EXIT_H,0.0006551507207502458
4,197,x_R01_EXIT_E,x_R30_EXIT_STAIRWELL,0.0001474089121688053
4,198,x_R01_EXIT_E,x_R31_EXIT_A,0.0019818309302694933
4,199,x_R01_EXIT_E,x_R31_EXIT_B,0.0003603328964126351
4,202,x_R01_EXIT_E,x_R31_EXIT_E,0.0020145884663070055
4,205,x_R01_EXIT_E,x_R31_EXIT_H,0.0007288551768346484
4,207,x_R01_EXIT_E,x_R32_EXIT_A,0.002202944298522701
4,208,x_R01_EXIT_E,x_R32_EXIT_B,0.0001474089121688053
4,211,x_R01_EXIT_E,x_R32_EXIT_E,0.0015723617298005895
4,213,x_R01_EXIT_E,x_R32_EXIT_G,0.0002948178243376106
4,214,x_R01_EXIT_E,x_R32_EXIT_H,0.0009499685450878562
4,216,x_R01_EXIT_E,x_R33_EXIT_A,0.0032348066837043386
4,217,x_R01_EXIT_E,x_R33_EXIT_B,0.0009581579290972342
4,218,x_R01_EXIT_E,x_R33_EXIT_C,0.0008844534730128318
4,219,x_R01_EXIT_E,x_R33_EXIT_D,0.0008844534730128318
4,220,x_R01_EXIT_E,x_R33_EXIT_E,0.0006960976407971362
4,221,x_R01_EXIT_E,x_R33_EXIT_F,0.001031862385181637
4,222,x_R01_EXIT_E,x_R33_EXIT_G,0.0013266802095192477
4,223,x_R01_EXIT_E,x_R33_EXIT_H,0.001981830930269493
4,224,x_R01_EXIT_E,x_R33_EXIT_STAIRWELL,0.0011055668412660396
4,225,x_R01_EXIT_E,x_R34_EXIT_A,0.002645171035029117
4,226,x_R01_EXIT_E,x_R34_EXIT_B,0.0003685222804220132
4,227,x_R01_EXIT_E,x_R34_EXIT_C,0.0002948178243376106
4,228,x_R01_EXIT_E,x_R34_EXIT_D,0.0002948178243376106
4,229,x_R01_EXIT_E,x_R34_EXIT_E,0.00010646199212191492
4,230,x_R01_EXIT_E,x_R34_EXIT_F,0.0004422267365064159
4,231,x_R01_EXIT_E,x_R34_EXIT_G,0.0007370445608440266
4,232,x_R01_EXIT_E,x_R34_EXIT_H,0.0013921952815942721
4,233,x_R01_EXIT_E,x_R34_EXIT_STAIRWELL,0.0005159311925908185
4,234,x_R01_EXIT_E,x_R35_EXIT_A,0.00022111336825320795
4,235,x_R01_EXIT_E,x_R35_EXIT_B,0.0003685222804220132
4,236,x_R01_EXIT_E,x_R35_EXIT_C,0.0003685222804220132
4,237,x_R01_EXIT_E,x_R35_EXIT_D,0.000958157929097234
4,238,x_R01_EXIT_E,x_R35_EXIT_E,0.003775306028323291
4,239,x_R01_EXIT_E,x_R35_EXIT_F,0.001981830930269493
4,240,x_R01_EXIT_E,x_R35_EXIT_G,0.0016870131059318826
4,242,x_R01_EXIT_E,x_R35_EXIT_STAIRWELL,0.001834422018100688
4,243,x_R01_EXIT_E,x_R36_EXIT_A,0.0070019233280182525
4,244,x_R01_EXIT_E,x_R36_EXIT_B,0.004053745084642144
4,245,x_R01_EXIT_E,x_R36_EXIT_C,0.0005323099606095746
4,246,x_R01_EXIT_E,x_R36_EXIT_D,0.0005323099606095746
4,247,x_R01_EXIT_E,x_R36_EXIT_E,0.011342296852988626
4,248,x_R01_EXIT_E,x_R36_EXIT_F,0.0023749213627196402
4,249,x_R01_EXIT_E,x_R36_EXIT_G,0.0009008322410315877
4,250,x_R01_EXIT_E,x_R36_EXIT_H,0.0007370445608440263
4,251,x_R01_EXIT_E,x_R36_EXIT_STAIRWELL,0.001637876801875614
5,5,x_R01_EXIT_F,x_R01_EXIT_F,-0.8010229585641493
5,6,x_R01_EXIT_F,x_R01_EXIT_G,1.6762339086839744
5,7,x_R01_EXIT_F,x_R01_EXIT_H,1.6745468955780425
5,8,x_R01_EXIT_F,x_R01_EXIT_STAIRWELL,1.6763813175961433
5,10,x_R01_EXIT_F,x_R02_EXIT_B,0.0005896356486752211
5,11,x_R01_EXIT_F,x_R02_EXIT_C,0.0005896356486752211
5,12,x_R01_EXIT_F,x_R02_EXIT_D,0.0011792712973504422
5,13,x_R01_EXIT_F,x_R02_EXIT_E,0.002202944298522701
5,14,x_R01_EXIT_F,x_R02_EXIT_F,0.002530519658897824
5,15,x_R01_EXIT_F,x_R02_EXIT_G,0.0019081264741850907
5,16,x_R01_EXIT_F,x_R02_EXIT_H,0.00022111336825320795
5,17,x_R01_EXIT_F,x_R02_EXIT_STAIRWELL,0.002055535386353896
5,18,x_R01_EXIT_F,x_R03_EXIT_A,0.0005896356486752211
5,23,x_R01_EXIT_F,x_R03_EXIT_F,0.0003275753603751229
5,24,x_R01_EXIT_F,x_R03_EXIT_G,0.00028662844032823246
5,25,x_R01_EXIT_F,x_R03_EXIT_H,0.0006633401047596236
5,27,x_R01_EXIT_F,x_R04_EXIT_A,0.0005896356486752211
5,32,x_R01_EXIT_F,x_R04_EXIT_F,0.0003275753603751229
5,33,x_R01_EXIT_F,x_R04_EXIT_G,0.00028662844032823246
5,34,x_R01_EXIT_F,x_R04_EXIT_H,0.0006633401047596236
5,36,x_R01_EXIT_F,x_R05_EXIT_A,0.0005896356486752211
5,41,x_R01_EXIT_F,x_R05_EXIT_F,0.0003275753603751229
5,42,x_R01_EXIT_F,x_R05_EXIT_G,0.00028662844032823246
5,43,x_R01_EXIT_F,x_R05_EXIT_H,0.0006633401047596236
5,45,x_R01_EXIT_F,x_R06_EXIT_A,0.0005896356486752211
5,50,x_R01_EXIT_F,x_R06_EXIT_F,0.0003275753603751229
5,51,x_R01_EXIT_F,x_R06_EXIT_G,0.00028662844032823246
5,52,x_R01_EXIT_F,x_R06_EXIT_H,0.0006633401047596236
5,54,x_R01_EXIT_F,x_R07_EXIT_A,0.0005896356486752211
5,59,x_R01_EXIT_F,x_R07_EXIT_F,0.0003275753603751229
5,60,x_R01_EXIT_F,x_R07_EXIT_G,0.00028662844032823246
5,61,x_R01_EXIT_F,x_R07_EXIT_H,0.0006633401047596236
5,63,x_R01_EXIT_F,x_R08_EXIT_A,0.00022111336825320795
5,64,x_R01_EXIT_F,x_R08_EXIT_B,0.0003685222804220132
5,65,x_R01_EXIT_F,x_R08_EXIT_C,0.0003685222804220132
5,67,x_R01_EXIT_F,x_R08_EXIT_E,0.0009499685450878562
5,68,x_R01_EXIT_F,x_R08_EXIT_F,0.001277543905462979
5,69,x_R01_EXIT_F,x_R08_EXIT_G,0.0006551507207502458
5,71,x_R01_EXIT_F,x_R08_EXIT_STAIRWELL,0.000802559632919051
5,72,x_R01_EXIT_F,x_R09_EXIT_A,0.00022111336825320795
5,73,x_R01_EXIT_F,x_R09_EXIT_B,0.0003685222804220132
5,74,x_R01_EXIT_F,x_R09_EXIT_C,0.0003685222804220132
5,76,x_R01_EXIT_F,x_R09_EXIT_E,0.0009499685450878562
5,77,x_R01_EXIT_F,x_R09_EXIT_F,0.001277543905462979
5,78,x_R01_EXIT_F,x_R09_EXIT_G,0.0006551507207502458
5,80,x_R01_EXIT_F,x_R09_EXIT_STAIRWELL,0.000802559632919051
5,81,x_R01_EXIT_F,x_R10_EXIT_A,0.0005896356486752211
5,86,x_R01_EXIT_F,x_R10_EXIT_F,0.0003275753603751229
5,87,x_R01_EXIT_F,x_R10_EXIT_G,0.00028662844032823246
5,90,x_R01_EXIT_F,x_R11_EXIT_A,0.0005896356486752211
5,95,x_R01_EXIT_F,x_R11_EXIT_F,0.0003275753603751229
5,96,x_R01_EXIT_F,x_R11_EXIT_G,0.00028662844032823246
5,97,x_R01_EXIT_F,x_R11_EXIT_H,0.0006633401047596236
5,99,x_R01_EXIT_F,x_R12_EXIT_A,0.0016214980338568577
5,104,x_R01_EXIT_F,x_R12_EXIT_F,0.0006551507207502458
5,105,x_R01_EXIT_F,x_R12_EXIT_G,0.0005732568806564649
5,106,x_R01_EXIT_F,x_R12_EXIT_H,0.0001474089121688053
5,108,x_R01_EXIT_F,x_R13_EXIT_A,0.00022111336825320795
5,109,x_R01_EXIT_F,x_R13_EXIT_B,0.0006633401047596236
5,110,x_R01_EXIT_F,x_R13_EXIT_C,0.0006633401047596236
5,112,x_R01_EXIT_F,x_R13_EXIT_E,0.0009499685450878562
5,113,x_R01_EXIT_F,x_R13_EXIT_F,0.001277543905462979
5,114,x_R01_EXIT_F,x_R13_EXIT_G,0.0006551507207502458
5,116,x_R01_EXIT_F,x_R13_EXIT_STAIRWELL,0.000802559632919051
5,117,x_R01_EXIT_F,x_R14_EXIT_A,0.00022111336825320795
5,118,x_R01_EXIT_F,x_R14_EXIT_B,0.0006633401047596236
5,119,x_R01_EXIT_F,x_R14_EXIT_C,0.0006633401047596236
5,121,x_R01_EXIT_F,x_R14_EXIT_E,0.0009499685450878562
5,122,x_R01_EXIT_F,x_R14_EXIT_F,0.001277543905462979
5,123,x_R01_EXIT_F,x_R14_EXIT_G,0.0006551507207502458
5,125,x_R01_EXIT_F,x_R14_EXIT_STAIRWELL,0.000802559632919051
5,126,x_R01_EXIT_F,x_R15_EXIT_A,0.00029481782433761055
5,131,x_R01_EXIT_F,x_R15_EXIT_F,0.00016378768018756145
5,132,x_R01_EXIT_F,x_R15_EXIT_G,0.00014331422016411623
5,135,x_R01_EXIT_F,x_R16_EXIT_A,0.0005896356486752211
5,140,x_R01_EXIT_F,x_R16_EXIT_F,0.0003275753603751229
5,141,x_R01_EXIT_F,x_R16_EXIT_G,0.00028662844032823246
5,153,x_R01_EXIT_F,x_R24_EXIT_A,0.0032429960677137167
5,158,x_R01_EXIT_F,x_R24_EXIT_F,0.0006551507207502458
5,159,x_R01_EXIT_F,x_R24_EXIT_G,0.0001474089121688053
5,160,x_R01_EXIT_F,x_R24_EXIT_H,0.0007370445608440265
5,162,x_R01_EXIT_F,x_R25_EXIT_A,0.0005896356486752211
5,167,x_R01_EXIT_F,x_R25_EXIT_F,0.0003275753603751229
5,168,x_R01_EXIT_F,x_R25_EXIT_G,0.00028662844032823246
5,171,x_R01_EXIT_F,x_R28_EXIT_A,0.0019081264741850907
5,172,x_R01_EXIT_F,x_R28_EXIT_B,0.00028662844032823246
5,173,x_R01_EXIT_F,x_R28_EXIT_C,0.00028662844032823246
5,174,x_R01_EXIT_F,x_R28_EXIT_D,0.00028662844032823246
5,175,x_R01_EXIT_F,x_R28_EXIT_E,0.0002948178243376106
5,176,x_R01_EXIT_F,x_R28_EXIT_F,0.0006223931847127334
5,178,x_R01_EXIT_F,x_R28_EXIT_H,0.0006551507207502458
5,179,x_R01_EXIT_F,x_R28_EXIT_STAIRWELL,0.0001474089121688053
5,180,x_R01_EXIT_F,x_R29_EXIT_A,0.0019081264741850907
5,181,x_R01_EXIT_F,x_R29_EXIT_B,0.00028662844032823246
5,182,x_R01_EXIT_F,x_R29_EXIT_C,0.00028662844032823246
5,183,x_R01_EXIT_F,x_R29_EXIT_D,0.00028662844032823246
5,184,x_R01_EXIT_F,x_R29_EXIT_E,0.0002948178243376106
5,185,x_R01_EXIT_F,x_R29_EXIT_F,0.0006223931847127334
5,187,x_R01_EXIT_F,x_R29_EXIT_H,0.0006551507207502458
5,188,x_R01_EXIT_F,x_R29_EXIT_STAIRWELL,0.0001474089121688053
5,189,x_R01_EXIT_F,x_R30_EXIT_A,0.0019081264741850907
5,190,x_R01_EXIT_F,x_R30_EXIT_B,0.00028662844032823246
5,191,x_R01_EXIT_F,x_R30_EXIT_C,0.00028662844032823246
5,192,x_R01_EXIT_F,x_R30_EXIT_D,0.00028662844032823246
5,193,x_R01_EXIT_F,x_R30_EXIT_E,0.0002948178243376106
5,194,x_R01_EXIT_F,x_R30_EXIT_F,0.0006223931847127334
5,196,x_R01_EXIT_F,x_R30_EXIT_H,0.0006551507207502458
5,197,x_R01_EXIT_F,x_R30_EXIT_STAIRWELL,0.0001474089121688053
5,198,x_R01_EXIT_F,x_R31_EXIT_A,0.0019818309302694933
5,199,x_R01_EXIT_F,x_R31_EXIT_B,0.0003603328964126351
5,202,x_R01_EXIT_F,x_R31_EXIT_E,0.00022111336825320795
5,203,x_R01_EXIT_F,x_R31_EXIT_F,0.00010646199212191492
5,205,x_R01_EXIT_F,x_R31_EXIT_H,0.0007288551768346484
5,207,x_R01_EXIT_F,x_R32_EXIT_A,0.002424057666775909
5,212,x_R01_EXIT_F,x_R32_EXIT_F,0.00010646199212191492
5,213,x_R01_EXIT_F,x_R32_EXIT_G,0.0005159311925908185
5,214,x_R01_EXIT_F,x_R32_EXIT_H,0.001171081913341064
5,215,x_R01_EXIT_F,x_R32_EXIT_STAIRWELL,0.0002948178243376106
5,216,x_R01_EXIT_F,x_R33_EXIT_A,0.002202944298522701
5,221,x_R01_EXIT_F,x_R33_EXIT_F,0.0003275753603751229
5,222,x_R01_EXIT_F,x_R33_EXIT_G,0.0002948178243376106
5,223,x_R01_EXIT_F,x_R33_EXIT_H,0.0009499685450878562
5,225,x_R01_EXIT_F,x_R34_EXIT_A,0.002202944298522701
5,230,x_R01_EXIT_F,x_R34_EXIT_F,0.0003275753603751229
5,231,x_R01_EXIT_F,x_R34_EXIT_G,0.0002948178243376106
5,232,x_R01_EXIT_F,x_R34_EXIT_H,0.0009499685450878562
5,234,x_R01_EXIT_F,x_R35_EXIT_A,0.00022111336825320795
5,235,x_R01_EXIT_F,x_R35_EXIT_B,0.0003685222804220132
5,236,x_R01_EXIT_F,x_R35_EXIT_C,0.0003685222804220132
5,237,x_R01_EXIT_F,x_R35_EXIT_D,0.000958157929097234
5,238,x_R01_EXIT_F,x_R35_EXIT_E,0.001981830930269493
5,239,x_R01_EXIT_F,x_R35_EXIT_F,0.002309406290644616
5,240,x_R01_EXIT_F,x_R35_EXIT_G,0.0016870131059318826
5,242,x_R01_EXIT_F,x_R35_EXIT_STAIRWELL,0.001834422018100688
5,243,x_R01_EXIT_F,x_R36_EXIT_A,0.0070019233280182525
5,244,x_R01_EXIT_F,x_R36_EXIT_B,0.004053745084642144
5,245,x_R01_EXIT_F,x_R36_EXIT_C,0.0005323099606095746
5,246,x_R01_EXIT_F,x_R36_EXIT_D,0.0005323099606095746
5,247,x_R01_EXIT_F,x_R36_EXIT_E,0.0023749213627196402
5,248,x_R01_EXIT_F,x_R36_EXIT_F,0.004012798164595254
5,249,x_R01_EXIT_F,x_R36_EXIT_G,0.0009008322410315877
5,250,x_R01_EXIT_F,x_R36_EXIT_H,0.0007370445608440263
5,251,x_R01_EXIT_F,x_R36_EXIT_STAIRWELL,0.001637876801875614
6,6,x_R01_EXIT_G,x_R01_EXIT_G,-0.7967133003411625
6,7,x_R01_EXIT_G,x_R01_EXIT_H,1.6745468955780425
6,8,x_R01_EXIT_G,x_R01_EXIT_STAIRWELL,1.6762339086839744
6,10,x_R01_EXIT_G,x_R02_EXIT_B,0.0005896356486752211
6,11,x_R01_EXIT_G,x_R02_EXIT_C,0.0005896356486752211
6,12,x_R01_EXIT_G,x_R02_EXIT_D,0.0011792712973504422
6,13,x_R01_EXIT_G,x_R02_EXIT_E,0.0019081264741850907
6,14,x_R01_EXIT_G,x_R02_EXIT_F,0.0019081264741850907
6,15,x_R01_EXIT_G,x_R02_EXIT_G,0.0036278971161544864
6,16,x_R01_EXIT_G,x_R02_EXIT_H,0.00022111336825320795
6,17,x_R01_EXIT_G,x_R02_EXIT_STAIRWELL,0.0019081264741850907
6,18,x_R01_EXIT_G,x_R03_EXIT_A,0.0005896356486752211
6,24,x_R01_EXIT_G,x_R03_EXIT_G,0.0020063990822976273
6,25,x_R01_EXIT_G,x_R03_EXIT_H,0.0006633401047596236
6,27,x_R01_EXIT_G,x_R04_EXIT_A,0.0005896356486752211
6,33,x_R01_EXIT_G,x_R04_EXIT_G,0.0020063990822976273
6,34,x_R01_EXIT_G,x_R04_EXIT_H,0.0006633401047596236
6,36,x_R01_EXIT_G,x_R05_EXIT_A,0.0005896356486752211
6,42,x_R01_EXIT_G,x_R05_EXIT_G,0.0020063990822976273
6,43,x_R01_EXIT_G,x_R05_EXIT_H,0.0006633401047596236
6,45,x_R01_EXIT_G,x_R06_EXIT_A,0.0005896356486752211
6,51,x_R01_EXIT_G,x_R06_EXIT_G,0.0020063990822976273
6,52,x_R01_EXIT_G,x_R06_EXIT_H,0.0006633401047596236
6,54,x_R01_EXIT_G,x_R07_EXIT_A,0.0005896356486752211
6,60,x_R01_EXIT_G,x_R07_EXIT_G,0.0020063990822976273
6,61,x_R01_EXIT_G,x_R07_EXIT_H,0.0006633401047596236
6,63,x_R01_EXIT_G,x_R08_EXIT_A,0.00022111336825320795
6,64,x_R01_EXIT_G,x_R08_EXIT_B,0.0003685222804220132
6,65,x_R01_EXIT_G,x_R08_EXIT_C,0.0003685222804220132
6,67,x_R01_EXIT_G,x_R08_EXIT_E,0.0006551507207502458
6,68,x_R01_EXIT_G,x_R08_EXIT_F,0.0006551507207502458
6,69,x_R01_EXIT_G,x_R08_EXIT_G,0.002374921362719641
6,71,x_R01_EXIT_G,x_R08_EXIT_STAIRWELL,0.0006551507207502458
6,72,x_R01_EXIT_G,x_R09_EXIT_A,0.00022111336825320795
6,73,x_R01_EXIT_G,x_R09_EXIT_B,0.0003685222804220132
6,74,x_R01_EXIT_G,x_R09_EXIT_C,0.0003685222804220132
6,76,x_R01_EXIT_G,x_R09_EXIT_E,0.0006551507207502458
6,77,x_R01_EXIT_G,x_R09_EXIT_F,0.0006551507207502458
6,78,x_R01_EXIT_G,x_R09_EXIT_G,0.002374921362719641
6,80,x_R01_EXIT_G,x_R09_EXIT_STAIRWELL,0.0006551507207502458
6,81,x_R01_EXIT_G,x_R10_EXIT_A,0.0005896356486752211
6,87,x_R01_EXIT_G,x_R10_EXIT_G,0.0020063990822976273
6,90,x_R01_EXIT_G,x_R11_EXIT_A,0.0005896356486752211
6,96,x_R01_EXIT_G,x_R11_EXIT_G,0.0020063990822976273
6,97,x_R01_EXIT_G,x_R11_EXIT_H,0.0006633401047596236
6,99,x_R01_EXIT_G,x_R12_EXIT_A,0.0016214980338568577
6,105,x_R01_EXIT_G,x_R12_EXIT_G,0.004012798164595255
6,106,x_R01_EXIT_G,x_R12_EXIT_H,0.0001474089121688053
6,108,x_R01_EXIT_G,x_R13_EXIT_A,0.00022111336825320795
6,109,x_R01_EXIT_G,x_R13_EXIT_B,0.0006633401047596236
6,110,x_R01_EXIT_G,x_R13_EXIT_C,0.0006633401047596236
6,112,x_R01_EXIT_G,x_R13_EXIT_E,0.0006551507207502458
6,113,x_R01_EXIT_G,x_R13_EXIT_F,0.0006551507207502458
6,114,x_R01_EXIT_G,x_R13_EXIT_G,0.002374921362719641
6,116,x_R01_EXIT_G,x_R13_EXIT_STAIRWELL,0.0006551507207502458
6,117,x_R01_EXIT_G,x_R14_EXIT_A,0.00022111336825320795
6,118,x_R01_EXIT_G,x_R14_EXIT_B,0.0006633401047596236
6,119,x_R01_EXIT_G,x_R14_EXIT_C,0.0006633401047596236
6,121,x_R01_EXIT_G,x_R14_EXIT_E,0.0006551507207502458
6,122,x_R01_EXIT_G,x_R14_EXIT_F,0.0006551507207502458
6,123,x_R01_EXIT_G,x_R14_EXIT_G,0.002374921362719641
6,125,x_R01_EXIT_G,x_R14_EXIT_STAIRWELL,0.0006551507207502458
6,126,x_R01_EXIT_G,x_R15_EXIT_A,0.00029481782433761055
6,132,x_R01_EXIT_G,x_R15_EXIT_G,0.0010031995411488137
6,135,x_R01_EXIT_G,x_R16_EXIT_A,0.0005896356486752211
6,141,x_R01_EXIT_G,x_R16_EXIT_G,0.0020063990822976273
6,153,x_R01_EXIT_G,x_R24_EXIT_A,0.0032429960677137167
6,159,x_R01_EXIT_G,x_R24_EXIT_G,0.0034395412839387904
6,160,x_R01_EXIT_G,x_R24_EXIT_H,0.0007370445608440265
6,162,x_R01_EXIT_G,x_R25_EXIT_A,0.0005896356486752211
6,168,x_R01_EXIT_G,x_R25_EXIT_G,0.0020063990822976273
6,171,x_R01_EXIT_G,x_R28_EXIT_A,0.003521435124032572
6,172,x_R01_EXIT_G,x_R28_EXIT_B,0.001899937090175713
6,173,x_R01_EXIT_G,x_R28_EXIT_C,0.001899937090175713
6,174,x_R01_EXIT_G,x_R28_EXIT_D,0.001899937090175713
6,175,x_R01_EXIT_G,x_R28_EXIT_E,0.0016133086498474804
6,176,x_R01_EXIT_G,x_R28_EXIT_F,0.0016133086498474804
6,177,x_R01_EXIT_G,x_R28_EXIT_G,0.00010646199212191492
6,178,x_R01_EXIT_G,x_R28_EXIT_H,0.002268459370597726
6,179,x_R01_EXIT_G,x_R28_EXIT_STAIRWELL,0.0016133086498474804
6,180,x_R01_EXIT_G,x_R29_EXIT_A,0.0028662844032823257
6,181,x_R01_EXIT_G,x_R29_EXIT_B,0.0012447863694254667
6,182,x_R01_EXIT_G,x_R29_EXIT_C,0.0012447863694254667
6,183,x_R01_EXIT_G,x_R29_EXIT_D,0.0012447863694254667
6,184,x_R01_EXIT_G,x_R29_EXIT_E,0.0009581579290972342
6,185,x_R01_EXIT_G,x_R29_EXIT_F,0.0009581579290972342
6,186,x_R01_EXIT_G,x_R29_EXIT_G,0.0006960976407971361
6,187,x_R01_EXIT_G,x_R29_EXIT_H,0.0016133086498474802
6,188,x_R01_EXIT_G,x_R29_EXIT_STAIRWELL,0.0009581579290972342
6,189,x_R01_EXIT_G,x_R30_EXIT_A,0.0019818309302694933
6,190,x_R01_EXIT_G,x_R30_EXIT_B,0.00036033289641263514
6,191,x_R01_EXIT_G,x_R30_EXIT_C,0.00036033289641263514
6,192,x_R01_EXIT_G,x_R30_EXIT_D,0.00036033289641263514
6,195,x_R01_EXIT_G,x_R30_EXIT_G,0.0016460661858849926
6,196,x_R01_EXIT_G,x_R30_EXIT_H,0.0007288551768346484
6,198,x_R01_EXIT_G,x_R31_EXIT_A,0.0019081264741850907
6,199,x_R01_EXIT_G,x_R31_EXIT_B,0.00028662844032823246
6,204,x_R01_EXIT_G,x_R31_EXIT_G,0.0017197706419693952
6,205,x_R01_EXIT_G,x_R31_EXIT_H,0.0006551507207502458
6,207,x_R01_EXIT_G,x_R32_EXIT_A,0.0019081264741850907
6,213,x_R01_EXIT_G,x_R32_EXIT_G,0.0017197706419693952
6,214,x_R01_EXIT_G,x_R32_EXIT_H,0.0006551507207502458
6,216,x_R01_EXIT_G,x_R33_EXIT_A,0.0019081264741850907
6,222,x_R01_EXIT_G,x_R33_EXIT_G,0.0017197706419693952
6,223,x_R01_EXIT_G,x_R33_EXIT_H,0.0006551507207502458
6,225,x_R01_EXIT_G,x_R34_EXIT_A,0.0019081264741850907
6,231,x_R01_EXIT_G,x_R34_EXIT_G,0.0017197706419693952
6,232,x_R01_EXIT_G,x_R34_EXIT_H,0.0006551507207502458
6,234,x_R01_EXIT_G,x_R35_EXIT_A,0.00022111336825320795
6,235,x_R01_EXIT_G,x_R35_EXIT_B,0.0003685222804220132
6,236,x_R01_EXIT_G,x_R35_EXIT_C,0.0003685222804220132
6,237,x_R01_EXIT_G,x_R35_EXIT_D,0.000958157929097234
6,238,x_R01_EXIT_G,x_R35_EXIT_E,0.0016870131059318826
6,239,x_R01_EXIT_G,x_R35_EXIT_F,0.0016870131059318826
6,240,x_R01_EXIT_G,x_R35_EXIT_G,0.0034067837479012787
6,242,x_R01_EXIT_G,x_R35_EXIT_STAIRWELL,0.0016870131059318826
6,243,x_R01_EXIT_G,x_R36_EXIT_A,0.0070019233280182525
6,244,x_R01_EXIT_G,x_R36_EXIT_B,0.004053745084642144
6,245,x_R01_EXIT_G,x_R36_EXIT_C,0.0005323099606095746
6,246,x_R01_EXIT_G,x_R36_EXIT_D,0.0005323099606095746
6,247,x_R01_EXIT_G,x_R36_EXIT_E,0.0009008322410315877
6,248,x_R01_EXIT_G,x_R36_EXIT_F,0.0009008322410315877
6,249,x_R01_EXIT_G,x_R36_EXIT_G,0.009499685450878563
6,250,x_R01_EXIT_G,x_R36_EXIT_H,0.0007370445608440263
6,251,x_R01_EXIT_G,x_R36_EXIT_STAIRWELL,0.0009008322410315877
7,7,x_R01_EXIT_H,x_R01_EXIT_H,-0.8121697185380691
7,8,x_R01_EXIT_H,x_R01_EXIT_STAIRWELL,1.6745468955780425
7,10,x_R01_EXIT_H,x_R02_EXIT_B,0.00022111336825320795
7,11,x_R01_EXIT_H,x_R02_EXIT_C,0.00022111336825320795
7,12,x_R01_EXIT_H,x_R02_EXIT_D,0.00022111336825320795
7,13,x_R01_EXIT_H,x_R02_EXIT_E,0.00022111336825320795
7,14,x_R01_EXIT_H,x_R02_EXIT_F,0.00022111336825320795
7,15,x_R01_EXIT_H,x_R02_EXIT_G,0.00022111336825320795
7,16,x_R01_EXIT_H,x_R02_EXIT_H,0.002802816677209645
7,17,x_R01_EXIT_H,x_R02_EXIT_STAIRWELL,0.00022111336825320795
7,18,x_R01_EXIT_H,x_R03_EXIT_A,0.00022111336825320795
7,25,x_R01_EXIT_H,x_R03_EXIT_H,0.00032757536037512284
7,27,x_R01_EXIT_H,x_R04_EXIT_A,0.00022111336825320795
7,34,x_R01_EXIT_H,x_R04_EXIT_H,0.00032757536037512284
7,36,x_R01_EXIT_H,x_R05_EXIT_A,0.00022111336825320795
7,43,x_R01_EXIT_H,x_R05_EXIT_H,0.00032757536037512284
7,45,x_R01_EXIT_H,x_R06_EXIT_A,0.00022111336825320795
7,52,x_R01_EXIT_H,x_R06_EXIT_H,0.00032757536037512284
7,54,x_R01_EXIT_H,x_R07_EXIT_A,0.00022111336825320795
7,61,x_R01_EXIT_H,x_R07_EXIT_H,0.00032757536037512284
7,63,x_R01_EXIT_H,x_R08_EXIT_A,0.001418810779624751
7,64,x_R01_EXIT_H,x_R08_EXIT_B,0.0011976974113715431
7,65,x_R01_EXIT_H,x_R08_EXIT_C,0.0011976974113715431
7,66,x_R01_EXIT_H,x_R08_EXIT_D,0.0009909154651347462
7,67,x_R01_EXIT_H,x_R08_EXIT_E,0.0009909154651347462
7,68,x_R01_EXIT_H,x_R08_EXIT_F,0.0009909154651347462
7,69,x_R01_EXIT_H,x_R08_EXIT_G,0.0009909154651347462
7,70,x_R01_EXIT_H,x_R08_EXIT_H,0.0013184908255098697
7,71,x_R01_EXIT_H,x_R08_EXIT_STAIRWELL,0.0009909154651347462
7,72,x_R01_EXIT_H,x_R09_EXIT_A,0.0021067190364125084
7,73,x_R01_EXIT_H,x_R09_EXIT_B,0.001885605668159301
7,74,x_R01_EXIT_H,x_R09_EXIT_C,0.001885605668159301
7,75,x_R01_EXIT_H,x_R09_EXIT_D,0.0003685222804220132
7,76,x_R01_EXIT_H,x_R09_EXIT_E,0.0003685222804220132
7,77,x_R01_EXIT_H,x_R09_EXIT_F,0.0003685222804220132
7,78,x_R01_EXIT_H,x_R09_EXIT_G,0.0003685222804220132
7,79,x_R01_EXIT_H,x_R09_EXIT_H,0.000696097640797136
7,80,x_R01_EXIT_H,x_R09_EXIT_STAIRWELL,0.0003685222804220132
7,81,x_R01_EXIT_H,x_R10_EXIT_A,0.00022111336825320795
7,88,x_R01_EXIT_H,x_R10_EXIT_H,0.00032757536037512284
7,90,x_R01_EXIT_H,x_R11_EXIT_A,0.00022111336825320795
7,97,x_R01_EXIT_H,x_R11_EXIT_H,0.00032757536037512284
7,99,x_R01_EXIT_H,x_R12_EXIT_A,0.0004422267365064159
7,106,x_R01_EXIT_H,x_R12_EXIT_H,0.0006551507207502457
7,108,x_R01_EXIT_H,x_R13_EXIT_A,0.0023278324046657165
7,109,x_R01_EXIT_H,x_R13_EXIT_B,0.0001474089121688053
7,110,x_R01_EXIT_H,x_R13_EXIT_C,0.0001474089121688053
7,111,x_R01_EXIT_H,x_R13_EXIT_D,0.0001474089121688053
7,112,x_R01_EXIT_H,x_R13_EXIT_E,0.0001474089121688053
7,113,x_R01_EXIT_H,x_R13_EXIT_F,0.0001474089121688053
7,114,x_R01_EXIT_H,x_R13_EXIT_G,0.0001474089121688053
7,115,x_R01_EXIT_H,x_R13_EXIT_H,0.0004749842725439281
7,116,x_R01_EXIT_H,x_R13_EXIT_STAIRWELL,0.0001474089121688053
7,117,x_R01_EXIT_H,x_R14_EXIT_A,0.0023278324046657165
7,118,x_R01_EXIT_H,x_R14_EXIT_B,0.0001474089121688053
7,119,x_R01_EXIT_H,x_R14_EXIT_C,0.0001474089121688053
7,120,x_R01_EXIT_H,x_R14_EXIT_D,0.0001474089121688053
7,121,x_R01_EXIT_H,x_R14_EXIT_E,0.0001474089121688053
7,122,x_R01_EXIT_H,x_R14_EXIT_F,0.0001474089121688053
7,123,x_R01_EXIT_H,x_R14_EXIT_G,0.0001474089121688053
7,124,x_R01_EXIT_H,x_R14_EXIT_H,0.0004749842725439281
7,125,x_R01_EXIT_H,x_R14_EXIT_STAIRWELL,0.0001474089121688053
7,126,x_R01_EXIT_H,x_R15_EXIT_A,0.00011055668412660398
7,133,x_R01_EXIT_H,x_R15_EXIT_H,0.00016378768018756142
7,135,x_R01_EXIT_H,x_R16_EXIT_A,0.00022111336825320795
7,142,x_R01_EXIT_H,x_R16_EXIT_H,0.00032757536037512284
7,153,x_R01_EXIT_H,x_R24_EXIT_A,0.0004422267365064159
7,160,x_R01_EXIT_H,x_R24_EXIT_H,0.0006551507207502457
7,162,x_R01_EXIT_H,x_R25_EXIT_A,0.00022111336825320795
7,169,x_R01_EXIT_H,x_R25_EXIT_H,0.00032757536037512284
7,171,x_R01_EXIT_H,x_R28_EXIT_A,0.00022111336825320795
7,178,x_R01_EXIT_H,x_R28_EXIT_H,0.00032757536037512284
7,180,x_R01_EXIT_H,x_R29_EXIT_A,0.00022111336825320795
7,187,x_R01_EXIT_H,x_R29_EXIT_H,0.00032757536037512284
7,189,x_R01_EXIT_H,x_R30_EXIT_A,0.00022111336825320795
7,196,x_R01_EXIT_H,x_R30_EXIT_H,0.00032757536037512284
7,198,x_R01_EXIT_H,x_R31_EXIT_A,0.00022111336825320795
7,205,x_R01_EXIT_H,x_R31_EXIT_H,0.00032757536037512284
7,207,x_R01_EXIT_H,x_R32_EXIT_A,0.00022111336825320795
7,214,x_R01_EXIT_H,x_R32_EXIT_H,0.00032757536037512284
7,216,x_R01_EXIT_H,x_R33_EXIT_A,0.00022111336825320795
7,223,x_R01_EXIT_H,x_R33_EXIT_H,0.00032757536037512284
7,225,x_R01_EXIT_H,x_R34_EXIT_A,0.00022111336825320795
7,232,x_R01_EXIT_H,x_R34_EXIT_H,0.00032757536037512284
7,234,x_R01_EXIT_H,x_R35_EXIT_A,0.0008291751309495298
7,235,x_R01_EXIT_H,x_R35_EXIT_B,0.0006080617626963218
7,236,x_R01_EXIT_H,x_R35_EXIT_C,0.0006080617626963218
7,237,x_R01_EXIT_H,x_R35_EXIT_D,0.0006080617626963218
7,238,x_R01_EXIT_H,x_R35_EXIT_E,0.0006080617626963218
7,239,x_R01_EXIT_H,x_R35_EXIT_F,0.0006080617626963218
7,240,x_R01_EXIT_H,x_R35_EXIT_G,0.0006080617626963218
7,241,x_R01_EXIT_H,x_R35_EXIT_H,0.001973641546260115
7,242,x_R01_EXIT_H,x_R35_EXIT_STAIRWELL,0.0006080617626963218
7,243,x_R01_EXIT_H,x_R36_EXIT_A,0.0011055668412660396
7,250,x_R01_EXIT_H,x_R36_EXIT_H,0.001637876801875614
8,8,x_R01_EXIT_STAIRWELL,x_R01_EXIT_STAIRWELL,-0.803968630519785
8,10,x_R01_EXIT_STAIRWELL,x_R02_EXIT_B,0.0005896356486752211
8,11,x_R01_EXIT_STAIRWELL,x_R02_EXIT_C,0.0005896356486752211
8,12,x_R01_EXIT_STAIRWELL,x_R02_EXIT_D,0.0011792712973504422
8,13,x_R01_EXIT_STAIRWELL,x_R02_EXIT_E,0.002055535386353896
8,14,x_R01_EXIT_STAIRWELL,x_R02_EXIT_F,0.002055535386353896
8,15,x_R01_EXIT_STAIRWELL,x_R02_EXIT_G,0.0019081264741850907
8,16,x_R01_EXIT_STAIRWELL,x_R02_EXIT_H,0.00022111336825320795
8,17,x_R01_EXIT_STAIRWELL,x_R02_EXIT_STAIRWELL,0.002489572738850934
8,18,x_R01_EXIT_STAIRWELL,x_R03_EXIT_A,0.0005896356486752211
8,24,x_R01_EXIT_STAIRWELL,x_R03_EXIT_G,0.00028662844032823246
8,25,x_R01_EXIT_STAIRWELL,x_R03_EXIT_H,0.0006633401047596236
8,26,x_R01_EXIT_STAIRWELL,x_R03_EXIT_STAIRWELL,0.0003275753603751229
8,27,x_R01_EXIT_STAIRWELL,x_R04_EXIT_A,0.0005896356486752211
8,33,x_R01_EXIT_STAIRWELL,x_R04_EXIT_G,0.00028662844032823246
8,34,x_R01_EXIT_STAIRWELL,x_R04_EXIT_H,0.0006633401047596236
8,35,x_R01_EXIT_STAIRWELL,x_R04_EXIT_STAIRWELL,0.0003275753603751229
8,36,x_R01_EXIT_STAIRWELL,x_R05_EXIT_A,0.0005896356486752211
8,42,x_R01_EXIT_STAIRWELL,x_R05_EXIT_G,0.00028662844032823246
8,43,x_R01_EXIT_STAIRWELL,x_R05_EXIT_H,0.0006633401047596236
8,44,x_R01_EXIT_STAIRWELL,x_R05_EXIT_STAIRWELL,0.0003275753603751229
8,45,x_R01_EXIT_STAIRWELL,x_R06_EXIT_A,0.0005896356486752211
8,51,x_R01_EXIT_STAIRWELL,x_R06_EXIT_G,0.00028662844032823246
8,52,x_R01_EXIT_STAIRWELL,x_R06_EXIT_H,0.0006633401047596236
8,53,x_R01_EXIT_STAIRWELL,x_R06_EXIT_STAIRWELL,0.0003275753603751229
8,54,x_R01_EXIT_STAIRWELL,x_R07_EXIT_A,0.0005896356486752211
8,60,x_R01_EXIT_STAIRWELL,x_R07_EXIT_G,0.00028662844032823246
8,61,x_R01_EXIT_STAIRWELL,x_R07_EXIT_H,0.0006633401047596236
8,62,x_R01_EXIT_STAIRWELL,x_R07_EXIT_STAIRWELL,0.0003275753603751229
8,63,x_R01_EXIT_STAIRWELL,x_R08_EXIT_A,0.00022111336825320795
8,64,x_R01_EXIT_STAIRWELL,x_R08_EXIT_B,0.0003685222804220132
8,65,x_R01_EXIT_STAIRWELL,x_R08_EXIT_C,0.0003685222804220132
8,67,x_R01_EXIT_STAIRWELL,x_R08_EXIT_E,0.000802559632919051
8,68,x_R01_EXIT_STAIRWELL,x_R08_EXIT_F,0.000802559632919051
8,69,x_R01_EXIT_STAIRWELL,x_R08_EXIT_G,0.0006551507207502458
8,71,x_R01_EXIT_STAIRWELL,x_R08_EXIT_STAIRWELL,0.0012365969854160888
8,72,x_R01_EXIT_STAIRWELL,x_R09_EXIT_A,0.00022111336825320795
8,73,x_R01_EXIT_STAIRWELL,x_R09_EXIT_B,0.0003685222804220132
8,74,x_R01_EXIT_STAIRWELL,x_R09_EXIT_C,0.0003685222804220132
8,76,x_R01_EXIT_STAIRWELL,x_R09_EXIT_E,0.000802559632919051
8,77,x_R01_EXIT_STAIRWELL,x_R09_EXIT_F,0.000802559632919051
8,78,x_R01_EXIT_STAIRWELL,x_R09_EXIT_G,0.0006551507207502458
8,80,x_R01_EXIT_STAIRWELL,x_R09_EXIT_STAIRWELL,0.0012365969854160888
8,81,x_R01_EXIT_STAIRWELL,x_R10_EXIT_A,0.0005896356486752211
8,87,x_R01_EXIT_STAIRWELL,x_R10_EXIT_G,0.00028662844032823246
8,89,x_R01_EXIT_STAIRWELL,x_R10_EXIT_STAIRWELL,0.0003275753603751229
8,90,x_R01_EXIT_STAIRWELL,x_R11_EXIT_A,0.0005896356486752211
8,96,x_R01_EXIT_STAIRWELL,x_R11_EXIT_G,0.00028662844032823246
8,97,x_R01_EXIT_STAIRWELL,x_R11_EXIT_H,0.0006633401047596236
8,98,x_R01_EXIT_STAIRWELL,x_R11_EXIT_STAIRWELL,0.0003275753603751229
8,99,x_R01_EXIT_STAIRWELL,x_R12_EXIT_A,0.0016214980338568577
8,105,x_R01_EXIT_STAIRWELL,x_R12_EXIT_G,0.0005732568806564649
8,106,x_R01_EXIT_STAIRWELL,x_R12_EXIT_H,0.0001474089121688053
8,107,x_R01_EXIT_STAIRWELL,x_R12_EXIT_STAIRWELL,0.0006551507207502458
8,108,x_R01_EXIT_STAIRWELL,x_R13_EXIT_A,0.00022111336825320795
8,109,x_R01_EXIT_STAIRWELL,x_R13_EXIT_B,0.0006633401047596236
8,110,x_R01_EXIT_STAIRWELL,x_R13_EXIT_C,0.0006633401047596236
8,112,x_R01_EXIT_STAIRWELL,x_R13_EXIT_E,0.000802559632919051
8,113,x_R01_EXIT_STAIRWELL,x_R13_EXIT_F,0.000802559632919051
8,114,x_R01_EXIT_STAIRWELL,x_R13_EXIT_G,0.0006551507207502458
8,116,x_R01_EXIT_STAIRWELL,x_R13_EXIT_STAIRWELL,0.0012365969854160888
8,117,x_R01_EXIT_STAIRWELL,x_R14_EXIT_A,0.00022111336825320795
8,118,x_R01_EXIT_STAIRWELL,x_R14_EXIT_B,0.0006633401047596236
8,119,x_R01_EXIT_STAIRWELL,x_R14_EXIT_C,0.0006633401047596236
8,121,x_R01_EXIT_STAIRWELL,x_R14_EXIT_E,0.000802559632919051
8,122,x_R01_EXIT_STAIRWELL,x_R14_EXIT_F,0.000802559632919051
8,123,x_R01_EXIT_STAIRWELL,x_R14_EXIT_G,0.0006551507207502458
8,125,x_R01_EXIT_STAIRWELL,x_R14_EXIT_STAIRWELL,0.0012365969854160888
8,126,x_R01_EXIT_STAIRWELL,x_R15_EXIT_A,0.00029481782433761055
8,132,x_R01_EXIT_STAIRWELL,x_R15_EXIT_G,0.00014331422016411623
8,134,x_R01_EXIT_STAIRWELL,x_R15_EXIT_STAIRWELL,0.00016378768018756145
8,135,x_R01_EXIT_STAIRWELL,x_R16_EXIT_A,0.0005896356486752211
8,141,x_R01_EXIT_STAIRWELL,x_R16_EXIT_G,0.00028662844032823246
8,143,x_R01_EXIT_STAIRWELL,x_R16_EXIT_STAIRWELL,0.0003275753603751229
8,153,x_R01_EXIT_STAIRWELL,x_R24_EXIT_A,0.0032429960677137167
8,159,x_R01_EXIT_STAIRWELL,x_R24_EXIT_G,0.00021292398424382984
8,160,x_R01_EXIT_STAIRWELL,x_R24_EXIT_H,0.0007370445608440265
8,161,x_R01_EXIT_STAIRWELL,x_R24_EXIT_STAIRWELL,0.0006551507207502458
8,162,x_R01_EXIT_STAIRWELL,x_R25_EXIT_A,0.0005896356486752211
8,168,x_R01_EXIT_STAIRWELL,x_R25_EXIT_G,0.00028662844032823246
8,170,x_R01_EXIT_STAIRWELL,x_R25_EXIT_STAIRWELL,0.0003275753603751229
8,171,x_R01_EXIT_STAIRWELL,x_R28_EXIT_A,0.0019081264741850907
8,172,x_R01_EXIT_STAIRWELL,x_R28_EXIT_B,0.00028662844032823246
8,173,x_R01_EXIT_STAIRWELL,x_R28_EXIT_C,0.00028662844032823246
8,174,x_R01_EXIT_STAIRWELL,x_R28_EXIT_D,0.00028662844032823246
8,175,x_R01_EXIT_STAIRWELL,x_R28_EXIT_E,0.0001474089121688053
8,176,x_R01_EXIT_STAIRWELL,x_R28_EXIT_F,0.0001474089121688053
8,178,x_R01_EXIT_STAIRWELL,x_R28_EXIT_H,0.0006551507207502458
8,179,x_R01_EXIT_STAIRWELL,x_R28_EXIT_STAIRWELL,0.0005814462646658431
8,180,x_R01_EXIT_STAIRWELL,x_R29_EXIT_A,0.0019081264741850907
8,181,x_R01_EXIT_STAIRWELL,x_R29_EXIT_B,0.00028662844032823246
8,182,x_R01_EXIT_STAIRWELL,x_R29_EXIT_C,0.00028662844032823246
8,183,x_R01_EXIT_STAIRWELL,x_R29_EXIT_D,0.00028662844032823246
8,184,x_R01_EXIT_STAIRWELL,x_R29_EXIT_E,0.0001474089121688053
8,185,x_R01_EXIT_STAIRWELL,x_R29_EXIT_F,0.0001474089121688053
8,187,x_R01_EXIT_STAIRWELL,x_R29_EXIT_H,0.0006551507207502458
8,188,x_R01_EXIT_STAIRWELL,x_R29_EXIT_STAIRWELL,0.0005814462646658431
8,189,x_R01_EXIT_STAIRWELL,x_R30_EXIT_A,0.0019081264741850907
8,190,x_R01_EXIT_STAIRWELL,x_R30_EXIT_B,0.00028662844032823246
8,191,x_R01_EXIT_STAIRWELL,x_R30_EXIT_C,0.00028662844032823246
8,192,x_R01_EXIT_STAIRWELL,x_R30_EXIT_D,0.00028662844032823246
8,193,x_R01_EXIT_STAIRWELL,x_R30_EXIT_E,0.0001474089121688053
8,194,x_R01_EXIT_STAIRWELL,x_R30_EXIT_F,0.0001474089121688053
8,196,x_R01_EXIT_STAIRWELL,x_R30_EXIT_H,0.0006551507207502458
8,197,x_R01_EXIT_STAIRWELL,x_R30_EXIT_STAIRWELL,0.0005814462646658431
8,198,x_R01_EXIT_STAIRWELL,x_R31_EXIT_A,0.0019818309302694933
8,199,x_R01_EXIT_STAIRWELL,x_R31_EXIT_B,0.0003603328964126351
8,200,x_R01_EXIT_STAIRWELL,x_R31_EXIT_C,0.00018016644820631757
8,201,x_R01_EXIT_STAIRWELL,x_R31_EXIT_D,0.00018016644820631757
8,205,x_R01_EXIT_STAIRWELL,x_R31_EXIT_H,0.0007288551768346484
8,206,x_R01_EXIT_STAIRWELL,x_R31_EXIT_STAIRWELL,0.0005077418085814404
8,207,x_R01_EXIT_STAIRWELL,x_R32_EXIT_A,0.002055535386353896
8,213,x_R01_EXIT_STAIRWELL,x_R32_EXIT_G,0.0001474089121688053
8,214,x_R01_EXIT_STAIRWELL,x_R32_EXIT_H,0.000802559632919051
8,215,x_R01_EXIT_STAIRWELL,x_R32_EXIT_STAIRWELL,0.0003275753603751229
8,216,x_R01_EXIT_STAIRWELL,x_R33_EXIT_A,0.002055535386353896
8,222,x_R01_EXIT_STAIRWELL,x_R33_EXIT_G,0.0001474089121688053
8,223,x_R01_EXIT_STAIRWELL,x_R33_EXIT_H,0.000802559632919051
8,224,x_R01_EXIT_STAIRWELL,x_R33_EXIT_STAIRWELL,0.0003275753603751229
8,225,x_R01_EXIT_STAIRWELL,x_R34_EXIT_A,0.002055535386353896
8,231,x_R01_EXIT_STAIRWELL,x_R34_EXIT_G,0.0001474089121688053
8,232,x_R01_EXIT_STAIRWELL,x_R34_EXIT_H,0.000802559632919051
8,233,x_R01_EXIT_STAIRWELL,x_R34_EXIT_STAIRWELL,0.0003275753603751229
8,234,x_R01_EXIT_STAIRWELL,x_R35_EXIT_A,0.00022111336825320795
8,235,x_R01_EXIT_STAIRWELL,x_R35_EXIT_B,0.0003685222804220132
8,236,x_R01_EXIT_STAIRWELL,x_R35_EXIT_C,0.0003685222804220132
8,237,x_R01_EXIT_STAIRWELL,x_R35_EXIT_D,0.000958157929097234
8,238,x_R01_EXIT_STAIRWELL,x_R35_EXIT_E,0.001834422018100688
8,239,x_R01_EXIT_STAIRWELL,x_R35_EXIT_F,0.001834422018100688
8,240,x_R01_EXIT_STAIRWELL,x_R35_EXIT_G,0.0016870131059318826
8,242,x_R01_EXIT_STAIRWELL,x_R35_EXIT_STAIRWELL,0.0022684593705977257
8,243,x_R01_EXIT_STAIRWELL,x_R36_EXIT_A,0.0070019233280182525
8,244,x_R01_EXIT_STAIRWELL,x_R36_EXIT_B,0.004053745084642144
8,245,x_R01_EXIT_STAIRWELL,x_R36_EXIT_C,0.0005323099606095746
8,246,x_R01_EXIT_STAIRWELL,x_R36_EXIT_D,0.0005323099606095746
8,247,x_R01_EXIT_STAIRWELL,x_R36_EXIT_E,0.001637876801875614
8,248,x_R01_EXIT_STAIRWELL,x_R36_EXIT_F,0.001637876801875614
8,249,x_R01_EXIT_STAIRWELL,x_R36_EXIT_G,0.0009008322410315877
8,250,x_R01_EXIT_STAIRWELL,x_R36_EXIT_H,0.0007370445608440263
8,251,x_R01_EXIT_STAIRWELL,x_R36_EXIT_STAIRWELL,0.0038080635643608024
9,9,x_R02_EXIT_A,x_R02_EXIT_A,-0.8319048578530325
9,10,x_R02_EXIT_A,x_R02_EXIT_B,1.6743257822097892
9,11,x_R02_EXIT_A,x_R02_EXIT_C,1.6743257822097892
9,12,x_R02_EXIT_A,x_R02_EXIT_D,1.6743257822097892
9,13,x_R02_EXIT_A,x_R02_EXIT_E,1.6743257822097892
9,14,x_R02_EXIT_A,x_R02_EXIT_F,1.6743257822097892
9,15,x_R02_EXIT_A,x_R02_EXIT_G,1.6743257822097892
9,16,x_R02_EXIT_A,x_R02_EXIT_H,1.6743257822097892
9,17,x_R02_EXIT_A,x_R02_EXIT_STAIRWELL,1.6743257822097892
9,18,x_R02_EXIT_A,x_R03_EXIT_A,0.00010646199212191492
9,27,x_R02_EXIT_A,x_R04_EXIT_A,0.00010646199212191492
9,36,x_R02_EXIT_A,x_R05_EXIT_A,0.00010646199212191492
9,45,x_R02_EXIT_A,x_R06_EXIT_A,0.00010646199212191492
9,54,x_R02_EXIT_A,x_R07_EXIT_A,0.00010646199212191492
9,63,x_R02_EXIT_A,x_R08_EXIT_A,0.00010646199212191492
9,72,x_R02_EXIT_A,x_R09_EXIT_A,0.00010646199212191492
9,81,x_R02_EXIT_A,x_R10_EXIT_A,0.00010646199212191492
9,90,x_R02_EXIT_A,x_R11_EXIT_A,0.00010646199212191492
9,99,x_R02_EXIT_A,x_R12_EXIT_A,0.00021292398424382984
9,108,x_R02_EXIT_A,x_R13_EXIT_A,0.00010646199212191492
9,117,x_R02_EXIT_A,x_R14_EXIT_A,0.00010646199212191492
9,135,x_R02_EXIT_A,x_R16_EXIT_A,0.00010646199212191492
9,153,x_R02_EXIT_A,x_R24_EXIT_A,0.00021292398424382984
9,162,x_R02_EXIT_A,x_R25_EXIT_A,0.00010646199212191492
9,171,x_R02_EXIT_A,x_R28_EXIT_A,0.00010646199212191492
9,180,x_R02_EXIT_A,x_R29_EXIT_A,0.00010646199212191492
9,189,x_R02_EXIT_A,x_R30_EXIT_A,0.00010646199212191492
9,198,x_R02_EXIT_A,x_R31_EXIT_A,0.00010646199212191492
9,207,x_R02_EXIT_A,x_R32_EXIT_A,0.00010646199212191492
9,216,x_R02_EXIT_A,x_R33_EXIT_A,0.00010646199212191492
9,225,x_R02_EXIT_A,x_R34_EXIT_A,0.00010646199212191492
9,234,x_R02_EXIT_A,x_R35_EXIT_A,0.00010646199212191492
9,243,x_R02_EXIT_A,x_R36_EXIT_A,0.0005323099606095745
10,10,x_R02_EXIT_B,x_R02_EXIT_B,-0.817979738452458
10,11,x_R02_EXIT_B,x_R02_EXIT_C,1.6752102356828023
10,12,x_R02_EXIT_B,x_R02_EXIT_D,1.6749154178584644
10,13,x_R02_EXIT_B,x_R02_EXIT_E,1.6749154178584644
10,14,x_R02_EXIT_B,x_R02_EXIT_F,1.6749154178584644
10,15,x_R02_EXIT_B,x_R02_EXIT_G,1.6749154178584644
10,16,x_R02_EXIT_B,x_R02_EXIT_H,1.6745468955780425
10,17,x_R02_EXIT_B,x_R02_EXIT_STAIRWELL,1.6749154178584644
10,18,x_R02_EXIT_B,x_R03_EXIT_A,0.0011055668412660394
10,19,x_R02_EXIT_B,x_R03_EXIT_B,0.00010646199212191492
10,20,x_R02_EXIT_B,x_R03_EXIT_C,0.00022111336825320795
10,21,x_R02_EXIT_B,x_R03_EXIT_D,0.00022111336825320795
10,22,x_R02_EXIT_B,x_R03_EXIT_E,0.00022111336825320795
10,23,x_R02_EXIT_B,x_R03_EXIT_F,0.00022111336825320795
10,24,x_R02_EXIT_B,x_R03_EXIT_G,0.00022111336825320795
10,25,x_R02_EXIT_B,x_R03_EXIT_H,0.0005159311925908185
10,26,x_R02_EXIT_B,x_R03_EXIT_STAIRWELL,0.00022111336825320795
10,27,x_R02_EXIT_B,x_R04_EXIT_A,0.0011055668412660394
10,28,x_R02_EXIT_B,x_R04_EXIT_B,0.00010646199212191492
10,29,x_R02_EXIT_B,x_R04_EXIT_C,0.00022111336825320795
10,30,x_R02_EXIT_B,x_R04_EXIT_D,0.00022111336825320795
10,31,x_R02_EXIT_B,x_R04_EXIT_E,0.00022111336825320795
10,32,x_R02_EXIT_B,x_R04_EXIT_F,0.00022111336825320795
10,33,x_R02_EXIT_B,x_R04_EXIT_G,0.00022111336825320795
10,34,x_R02_EXIT_B,x_R04_EXIT_H,0.0005159311925908185
10,35,x_R02_EXIT_B,x_R04_EXIT_STAIRWELL,0.00022111336825320795
10,36,x_R02_EXIT_B,x_R05_EXIT_A,0.0008844534730128316
10,37,x_R02_EXIT_B,x_R05_EXIT_B,0.00032757536037512284
10,43,x_R02_EXIT_B,x_R05_EXIT_H,0.0002948178243376106
10,45,x_R02_EXIT_B,x_R06_EXIT_A,0.0008844534730128316
10,46,x_R02_EXIT_B,x_R06_EXIT_B,0.00032757536037512284
10,52,x_R02_EXIT_B,x_R06_EXIT_H,0.0002948178243376106
10,54,x_R02_EXIT_B,x_R07_EXIT_A,0.0008844534730128316
10,55,x_R02_EXIT_B,x_R07_EXIT_B,0.00032757536037512284
10,61,x_R02_EXIT_B,x_R07_EXIT_H,0.0002948178243376106
10,63,x_R02_EXIT_B,x_R08_EXIT_A,0.00022111336825320795
10,64,x_R02_EXIT_B,x_R08_EXIT_B,0.0009909154651347467
10,65,x_R02_EXIT_B,x_R08_EXIT_C,0.0006633401047596237
10,72,x_R02_EXIT_B,x_R09_EXIT_A,0.00022111336825320795
10,73,x_R02_EXIT_B,x_R09_EXIT_B,0.0009909154651347467
10,74,x_R02_EXIT_B,x_R09_EXIT_C,0.0006633401047596237
10,81,x_R02_EXIT_B,x_R10_EXIT_A,0.0008844534730128316
10,82,x_R02_EXIT_B,x_R10_EXIT_B,0.00032757536037512284
10,90,x_R02_EXIT_B,x_R11_EXIT_A,0.0008844534730128316
10,91,x_R02_EXIT_B,x_R11_EXIT_B,0.00032757536037512284
10,97,x_R02_EXIT_B,x_R11_EXIT_H,0.0002948178243376106
10,99,x_R02_EXIT_B,x_R12_EXIT_A,0.0011792712973504422
10,100,x_R02_EXIT_B,x_R12_EXIT_B,0.0006551507207502457
10,108,x_R02_EXIT_B,x_R13_EXIT_A,0.00022111336825320795
10,109,x_R02_EXIT_B,x_R13_EXIT_B,0.0006223931847127334
10,110,x_R02_EXIT_B,x_R13_EXIT_C,0.0002948178243376106
10,117,x_R02_EXIT_B,x_R14_EXIT_A,0.00022111336825320795
10,118,x_R02_EXIT_B,x_R14_EXIT_B,0.0006223931847127334
10,119,x_R02_EXIT_B,x_R14_EXIT_C,0.0002948178243376106
10,126,x_R02_EXIT_B,x_R15_EXIT_A,0.0004422267365064158
10,127,x_R02_EXIT_B,x_R15_EXIT_B,0.00016378768018756142
10,135,x_R02_EXIT_B,x_R16_EXIT_A,0.0008844534730128316
10,136,x_R02_EXIT_B,x_R16_EXIT_B,0.00032757536037512284
10,153,x_R02_EXIT_B,x_R24_EXIT_A,0.0011792712973504422
10,154,x_R02_EXIT_B,x_R24_EXIT_B,0.0006551507207502457
10,162,x_R02_EXIT_B,x_R25_EXIT_A,0.0008844534730128316
10,163,x_R02_EXIT_B,x_R25_EXIT_B,0.00032757536037512284
10,171,x_R02_EXIT_B,x_R28_EXIT_A,0.0005896356486752211
10,172,x_R02_EXIT_B,x_R28_EXIT_B,0.00032757536037512284
10,180,x_R02_EXIT_B,x_R29_EXIT_A,0.0005896356486752211
10,181,x_R02_EXIT_B,x_R29_EXIT_B,0.00032757536037512284
10,189,x_R02_EXIT_B,x_R30_EXIT_A,0.0005896356486752211
10,190,x_R02_EXIT_B,x_R30_EXIT_B,0.00032757536037512284
10,198,x_R02_EXIT_B,x_R31_EXIT_A,0.0005896356486752211
10,199,x_R02_EXIT_B,x_R31_EXIT_B,0.00032757536037512284
10,207,x_R02_EXIT_B,x_R32_EXIT_A,0.0005896356486752211
10,208,x_R02_EXIT_B,x_R32_EXIT_B,0.00032757536037512284
10,216,x_R02_EXIT_B,x_R33_EXIT_A,0.0005896356486752211
10,217,x_R02_EXIT_B,x_R33_EXIT_B,0.00032757536037512284
10,225,x_R02_EXIT_B,x_R34_EXIT_A,0.0005896356486752211
10,226,x_R02_EXIT_B,x_R34_EXIT_B,0.00032757536037512284
10,234,x_R02_EXIT_B,x_R35_EXIT_A,0.00022111336825320795
10,235,x_R02_EXIT_B,x_R35_EXIT_B,0.0009909154651347467
10,236,x_R02_EXIT_B,x_R35_EXIT_C,0.0006633401047596237
10,237,x_R02_EXIT_B,x_R35_EXIT_D,0.0003685222804220132
10,238,x_R02_EXIT_B,x_R35_EXIT_E,0.0003685222804220132
10,239,x_R02_EXIT_B,x_R35_EXIT_F,0.0003685222804220132
10,240,x_R02_EXIT_B,x_R35_EXIT_G,0.0003685222804220132
10,242,x_R02_EXIT_B,x_R35_EXIT_STAIRWELL,0.0003685222804220132
10,243,x_R02_EXIT_B,x_R36_EXIT_A,0.002948178243376105
10,244,x_R02_EXIT_B,x_R36_EXIT_B,0.0031119659235636665
11,11,x_R02_EXIT_C,x_R02_EXIT_C,-0.8101261294113611
11,12,x_R02_EXIT_C,x_R02_EXIT_D,1.6749154178584644
11,13,x_R02_EXIT_C,x_R02_EXIT_E,1.6749154178584644
11,14,x_R02_EXIT_C,x_R02_EXIT_F,1.6749154178584644
11,15,x_R02_EXIT_C,x_R02_EXIT_G,1.6749154178584644
11,16,x_R02_EXIT_C,x_R02_EXIT_H,1.6745468955780425
11,17,x_R02_EXIT_C,x_R02_EXIT_STAIRWELL,1.6749154178584644
11,18,x_R02_EXIT_C,x_R03_EXIT_A,0.0008844534730128316
11,20,x_R02_EXIT_C,x_R03_EXIT_C,0.0009909154651347467
11,21,x_R02_EXIT_C,x_R03_EXIT_D,0.0006633401047596237
11,25,x_R02_EXIT_C,x_R03_EXIT_H,0.0002948178243376106
11,27,x_R02_EXIT_C,x_R04_EXIT_A,0.0008844534730128316
11,29,x_R02_EXIT_C,x_R04_EXIT_C,0.0009909154651347467
11,30,x_R02_EXIT_C,x_R04_EXIT_D,0.0006633401047596237
11,34,x_R02_EXIT_C,x_R04_EXIT_H,0.0002948178243376106
11,36,x_R02_EXIT_C,x_R05_EXIT_A,0.0017689069460256634
11,37,x_R02_EXIT_C,x_R05_EXIT_B,0.0008844534730128318
11,38,x_R02_EXIT_C,x_R05_EXIT_C,0.00010646199212191492
11,39,x_R02_EXIT_C,x_R05_EXIT_D,0.00022111336825320795
11,40,x_R02_EXIT_C,x_R05_EXIT_E,0.00022111336825320795
11,41,x_R02_EXIT_C,x_R05_EXIT_F,0.00022111336825320795
11,42,x_R02_EXIT_C,x_R05_EXIT_G,0.00022111336825320795
11,43,x_R02_EXIT_C,x_R05_EXIT_H,0.0011792712973504424
11,44,x_R02_EXIT_C,x_R05_EXIT_STAIRWELL,0.00022111336825320795
11,45,x_R02_EXIT_C,x_R06_EXIT_A,0.0017689069460256634
11,46,x_R02_EXIT_C,x_R06_EXIT_B,0.0008844534730128318
11,47,x_R02_EXIT_C,x_R06_EXIT_C,0.00010646199212191492
11,48,x_R02_EXIT_C,x_R06_EXIT_D,0.00022111336825320795
11,49,x_R02_EXIT_C,x_R06_EXIT_E,0.00022111336825320795
11,50,x_R02_EXIT_C,x_R06_EXIT_F,0.00022111336825320795
11,51,x_R02_EXIT_C,x_R06_EXIT_G,0.00022111336825320795
11,52,x_R02_EXIT_C,x_R06_EXIT_H,0.0011792712973504424
11,53,x_R02_EXIT_C,x_R06_EXIT_STAIRWELL,0.00022111336825320795
11,54,x_R02_EXIT_C,x_R07_EXIT_A,0.0015477935777724555
11,55,x_R02_EXIT_C,x_R07_EXIT_B,0.0006633401047596237
11,56,x_R02_EXIT_C,x_R07_EXIT_C,0.00032757536037512284
11,61,x_R02_EXIT_C,x_R07_EXIT_H,0.0009581579290972342
11,63,x_R02_EXIT_C,x_R08_EXIT_A,0.00022111336825320795
11,64,x_R02_EXIT_C,x_R08_EXIT_B,0.0006633401047596237
11,65,x_R02_EXIT_C,x_R08_EXIT_C,0.0016542555698943707
11,72,x_R02_EXIT_C,x_R09_EXIT_A,0.00022111336825320795
11,73,x_R02_EXIT_C,x_R09_EXIT_B,0.0006633401047596237
11,74,x_R02_EXIT_C,x_R09_EXIT_C,0.0016542555698943707
11,81,x_R02_EXIT_C,x_R10_EXIT_A,0.0015477935777724555
11,82,x_R02_EXIT_C,x_R10_EXIT_B,0.0006633401047596237
11,83,x_R02_EXIT_C,x_R10_EXIT_C,0.00032757536037512284
11,90,x_R02_EXIT_C,x_R11_EXIT_A,0.0015477935777724555
11,91,x_R02_EXIT_C,x_R11_EXIT_B,0.0006633401047596237
11,92,x_R02_EXIT_C,x_R11_EXIT_C,0.00032757536037512284
11,97,x_R02_EXIT_C,x_R11_EXIT_H,0.0009581579290972342
11,99,x_R02_EXIT_C,x_R12_EXIT_A,0.0011792712973504422
11,101,x_R02_EXIT_C,x_R12_EXIT_C,0.0006551507207502457
11,108,x_R02_EXIT_C,x_R13_EXIT_A,0.00022111336825320795
11,109,x_R02_EXIT_C,x_R13_EXIT_B,0.0002948178243376106
11,110,x_R02_EXIT_C,x_R13_EXIT_C,0.0012857332894723572
11,117,x_R02_EXIT_C,x_R14_EXIT_A,0.00022111336825320795
11,118,x_R02_EXIT_C,x_R14_EXIT_B,0.0002948178243376106
11,119,x_R02_EXIT_C,x_R14_EXIT_C,0.0012857332894723572
11,126,x_R02_EXIT_C,x_R15_EXIT_A,0.0007738967888862278
11,127,x_R02_EXIT_C,x_R15_EXIT_B,0.00033167005237981186
11,128,x_R02_EXIT_C,x_R15_EXIT_C,0.00016378768018756142
11,135,x_R02_EXIT_C,x_R16_EXIT_A,0.0015477935777724555
11,136,x_R02_EXIT_C,x_R16_EXIT_B,0.0006633401047596237
11,137,x_R02_EXIT_C,x_R16_EXIT_C,0.00032757536037512284
11,153,x_R02_EXIT_C,x_R24_EXIT_A,0.0011792712973504422
11,155,x_R02_EXIT_C,x_R24_EXIT_C,0.0006551507207502457
11,162,x_R02_EXIT_C,x_R25_EXIT_A,0.0015477935777724555
11,163,x_R02_EXIT_C,x_R25_EXIT_B,0.0006633401047596237
11,164,x_R02_EXIT_C,x_R25_EXIT_C,0.00032757536037512284
11,171,x_R02_EXIT_C,x_R28_EXIT_A,0.0005896356486752211
11,173,x_R02_EXIT_C,x_R28_EXIT_C,0.00032757536037512284
11,180,x_R02_EXIT_C,x_R29_EXIT_A,0.0005896356486752211
11,182,x_R02_EXIT_C,x_R29_EXIT_C,0.00032757536037512284
11,189,x_R02_EXIT_C,x_R30_EXIT_A,0.0005896356486752211
11,191,x_R02_EXIT_C,x_R30_EXIT_C,0.00032757536037512284
11,198,x_R02_EXIT_C,x_R31_EXIT_A,0.0005896356486752211
11,200,x_R02_EXIT_C,x_R31_EXIT_C,0.00032757536037512284
11,207,x_R02_EXIT_C,x_R32_EXIT_A,0.0005896356486752211
11,209,x_R02_EXIT_C,x_R32_EXIT_C,0.00032757536037512284
11,216,x_R02_EXIT_C,x_R33_EXIT_A,0.0005896356486752211
11,218,x_R02_EXIT_C,x_R33_EXIT_C,0.00032757536037512284
11,225,x_R02_EXIT_C,x_R34_EXIT_A,0.0005896356486752211
11,227,x_R02_EXIT_C,x_R34_EXIT_C,0.00032757536037512284
11,234,x_R02_EXIT_C,x_R35_EXIT_A,0.00022111336825320795
11,235,x_R02_EXIT_C,x_R35_EXIT_B,0.0006633401047596237
11,236,x_R02_EXIT_C,x_R35_EXIT_C,0.0016542555698943707
11,237,x_R02_EXIT_C,x_R35_EXIT_D,0.0003685222804220132
11,238,x_R02_EXIT_C,x_R35_EXIT_E,0.0003685222804220132
11,239,x_R02_EXIT_C,x_R35_EXIT_F,0.0003685222804220132
11,240,x_R02_EXIT_C,x_R35_EXIT_G,0.0003685222804220132
11,242,x_R02_EXIT_C,x_R35_EXIT_STAIRWELL,0.0003685222804220132
11,243,x_R02_EXIT_C,x_R36_EXIT_A,0.002948178243376105
11,244,x_R02_EXIT_C,x_R36_EXIT_B,0.0014740891216880527
11,245,x_R02_EXIT_C,x_R36_EXIT_C,0.001637876801875614
12,12,x_R02_EXIT_D,x_R02_EXIT_D,-0.7992574655654436
12,13,x_R02_EXIT_D,x_R02_EXIT_E,1.6755050535071399
12,14,x_R02_EXIT_D,x_R02_EXIT_F,1.6755050535071399
12,15,x_R02_EXIT_D,x_R02_EXIT_G,1.6755050535071399
12,16,x_R02_EXIT_D,x_R02_EXIT_H,1.6745468955780425
12,17,x_R02_EXIT_D,x_R02_EXIT_STAIRWELL,1.6755050535071399
12,18,x_R02_EXIT_D,x_R03_EXIT_A,0.0005896356486752211
12,21,x_R02_EXIT_D,x_R03_EXIT_D,0.0006960976407971362
12,25,x_R02_EXIT_D,x_R03_EXIT_H,0.0005896356486752211
12,27,x_R02_EXIT_D,x_R04_EXIT_A,0.0005896356486752211
12,30,x_R02_EXIT_D,x_R04_EXIT_D,0.0006960976407971362
12,34,x_R02_EXIT_D,x_R04_EXIT_H,0.0005896356486752211
12,36,x_R02_EXIT_D,x_R05_EXIT_A,0.0005896356486752211
12,39,x_R02_EXIT_D,x_R05_EXIT_D,0.0006960976407971362
12,42,x_R02_EXIT_D,x_R05_EXIT_G,0.0008762640890034537
12,43,x_R02_EXIT_D,x_R05_EXIT_H,0.0005896356486752211
12,45,x_R02_EXIT_D,x_R06_EXIT_A,0.0005896356486752211
12,48,x_R02_EXIT_D,x_R06_EXIT_D,0.0006960976407971362
12,51,x_R02_EXIT_D,x_R06_EXIT_G,0.0008762640890034537
12,52,x_R02_EXIT_D,x_R06_EXIT_H,0.0005896356486752211
12,54,x_R02_EXIT_D,x_R07_EXIT_A,0.0005896356486752211
12,57,x_R02_EXIT_D,x_R07_EXIT_D,0.0003275753603751229
12,60,x_R02_EXIT_D,x_R07_EXIT_G,0.0008762640890034537
12,61,x_R02_EXIT_D,x_R07_EXIT_H,0.0005896356486752211
12,63,x_R02_EXIT_D,x_R08_EXIT_A,0.00022111336825320795
12,64,x_R02_EXIT_D,x_R08_EXIT_B,0.0003685222804220132
12,65,x_R02_EXIT_D,x_R08_EXIT_C,0.0003685222804220132
12,66,x_R02_EXIT_D,x_R08_EXIT_D,0.002374921362719641
12,72,x_R02_EXIT_D,x_R09_EXIT_A,0.00022111336825320795
12,73,x_R02_EXIT_D,x_R09_EXIT_B,0.0003685222804220132
12,74,x_R02_EXIT_D,x_R09_EXIT_C,0.0003685222804220132
12,75,x_R02_EXIT_D,x_R09_EXIT_D,0.002374921362719641
12,81,x_R02_EXIT_D,x_R10_EXIT_A,0.0005896356486752211
12,84,x_R02_EXIT_D,x_R10_EXIT_D,0.0003275753603751229
12,85,x_R02_EXIT_D,x_R10_EXIT_E,0.0002948178243376106
12,86,x_R02_EXIT_D,x_R10_EXIT_F,0.0002948178243376106
12,87,x_R02_EXIT_D,x_R10_EXIT_G,0.0002948178243376106
12,88,x_R02_EXIT_D,x_R10_EXIT_H,0.002047346002344518
12,89,x_R02_EXIT_D,x_R10_EXIT_STAIRWELL,0.0002948178243376106
12,90,x_R02_EXIT_D,x_R11_EXIT_A,0.0005896356486752211
12,93,x_R02_EXIT_D,x_R11_EXIT_D,0.0003275753603751229
12,96,x_R02_EXIT_D,x_R11_EXIT_G,0.0008762640890034537
12,97,x_R02_EXIT_D,x_R11_EXIT_H,0.0005896356486752211
12,99,x_R02_EXIT_D,x_R12_EXIT_A,0.0016214980338568577
12,102,x_R02_EXIT_D,x_R12_EXIT_D,0.0030792083875261548
12,106,x_R02_EXIT_D,x_R12_EXIT_H,0.0011792712973504424
12,108,x_R02_EXIT_D,x_R13_EXIT_A,0.00022111336825320795
12,109,x_R02_EXIT_D,x_R13_EXIT_B,0.0005896356486752211
12,110,x_R02_EXIT_D,x_R13_EXIT_C,0.0005896356486752211
12,111,x_R02_EXIT_D,x_R13_EXIT_D,0.002374921362719641
12,117,x_R02_EXIT_D,x_R14_EXIT_A,0.00022111336825320795
12,118,x_R02_EXIT_D,x_R14_EXIT_B,0.0005896356486752211
12,119,x_R02_EXIT_D,x_R14_EXIT_C,0.0005896356486752211
12,120,x_R02_EXIT_D,x_R14_EXIT_D,0.002374921362719641
12,126,x_R02_EXIT_D,x_R15_EXIT_A,0.00029481782433761055
12,129,x_R02_EXIT_D,x_R15_EXIT_D,0.00016378768018756145
12,130,x_R02_EXIT_D,x_R15_EXIT_E,0.0001474089121688053
12,131,x_R02_EXIT_D,x_R15_EXIT_F,0.0001474089121688053
12,132,x_R02_EXIT_D,x_R15_EXIT_G,0.0001474089121688053
12,133,x_R02_EXIT_D,x_R15_EXIT_H,0.001023673001172259
12,134,x_R02_EXIT_D,x_R15_EXIT_STAIRWELL,0.0001474089121688053
12,135,x_R02_EXIT_D,x_R16_EXIT_A,0.0005896356486752211
12,138,x_R02_EXIT_D,x_R16_EXIT_D,0.0003275753603751229
12,139,x_R02_EXIT_D,x_R16_EXIT_E,0.0002948178243376106
12,140,x_R02_EXIT_D,x_R16_EXIT_F,0.0002948178243376106
12,141,x_R02_EXIT_D,x_R16_EXIT_G,0.0002948178243376106
12,142,x_R02_EXIT_D,x_R16_EXIT_H,0.002047346002344518
12,143,x_R02_EXIT_D,x_R16_EXIT_STAIRWELL,0.0002948178243376106
12,153,x_R02_EXIT_D,x_R24_EXIT_A,0.0023585425947008844
12,155,x_R02_EXIT_D,x_R24_EXIT_C,0.0001474089121688053
12,156,x_R02_EXIT_D,x_R24_EXIT_D,0.001244786369425467
12,162,x_R02_EXIT_D,x_R25_EXIT_A,0.0011792712973504422
12,163,x_R02_EXIT_D,x_R25_EXIT_B,0.0005896356486752212
12,164,x_R02_EXIT_D,x_R25_EXIT_C,0.0005896356486752212
12,165,x_R02_EXIT_D,x_R25_EXIT_D,0.00010646199212191493
12,166,x_R02_EXIT_D,x_R25_EXIT_E,0.0005159311925908185
12,167,x_R02_EXIT_D,x_R25_EXIT_F,0.0005159311925908185
12,168,x_R02_EXIT_D,x_R25_EXIT_G,0.0005159311925908185
12,169,x_R02_EXIT_D,x_R25_EXIT_H,0.002268459370597726
12,170,x_R02_EXIT_D,x_R25_EXIT_STAIRWELL,0.0005159311925908185
12,171,x_R02_EXIT_D,x_R28_EXIT_A,0.0011792712973504422
12,174,x_R02_EXIT_D,x_R28_EXIT_D,0.0006223931847127334
12,180,x_R02_EXIT_D,x_R29_EXIT_A,0.0011792712973504422
12,183,x_R02_EXIT_D,x_R29_EXIT_D,0.0006223931847127334
12,189,x_R02_EXIT_D,x_R30_EXIT_A,0.0011792712973504422
12,192,x_R02_EXIT_D,x_R30_EXIT_D,0.0006223931847127334
12,198,x_R02_EXIT_D,x_R31_EXIT_A,0.0011792712973504422
12,201,x_R02_EXIT_D,x_R31_EXIT_D,0.0006223931847127334
12,207,x_R02_EXIT_D,x_R32_EXIT_A,0.0011792712973504422
12,210,x_R02_EXIT_D,x_R32_EXIT_D,0.0006223931847127334
12,216,x_R02_EXIT_D,x_R33_EXIT_A,0.0011792712973504422
12,219,x_R02_EXIT_D,x_R33_EXIT_D,0.0006223931847127334
12,225,x_R02_EXIT_D,x_R34_EXIT_A,0.0011792712973504422
12,228,x_R02_EXIT_D,x_R34_EXIT_D,0.0006223931847127334
12,234,x_R02_EXIT_D,x_R35_EXIT_A,0.00022111336825320795
12,235,x_R02_EXIT_D,x_R35_EXIT_B,0.0003685222804220132
12,236,x_R02_EXIT_D,x_R35_EXIT_C,0.0003685222804220132
12,237,x_R02_EXIT_D,x_R35_EXIT_D,0.003333079291816875
12,238,x_R02_EXIT_D,x_R35_EXIT_E,0.000958157929097234
12,239,x_R02_EXIT_D,x_R35_EXIT_F,0.000958157929097234
12,240,x_R02_EXIT_D,x_R35_EXIT_G,0.000958157929097234
12,242,x_R02_EXIT_D,x_R35_EXIT_STAIRWELL,0.000958157929097234
12,243,x_R02_EXIT_D,x_R36_EXIT_A,0.005896356486752212
12,244,x_R02_EXIT_D,x_R36_EXIT_B,0.002948178243376105
12,246,x_R02_EXIT_D,x_R36_EXIT_D,0.0031119659235636665
13,13,x_R02_EXIT_E,x_R02_EXIT_E,-0.7931859552059661
13,14,x_R02_EXIT_E,x_R02_EXIT_F,1.676528726508312
13,15,x_R02_EXIT_E,x_R02_EXIT_G,1.6762339086839744
13,16,x_R02_EXIT_E,x_R02_EXIT_H,1.6745468955780425
13,17,x_R02_EXIT_E,x_R02_EXIT_STAIRWELL,1.6763813175961433
13,18,x_R02_EXIT_E,x_R03_EXIT_A,0.0005896356486752211
13,22,x_R02_EXIT_E,x_R03_EXIT_E,0.0015723617298005895
13,24,x_R02_EXIT_E,x_R03_EXIT_G,0.00028662844032823246
13,25,x_R02_EXIT_E,x_R03_EXIT_H,0.0006633401047596236
13,27,x_R02_EXIT_E,x_R04_EXIT_A,0.0005896356486752211
13,31,x_R02_EXIT_E,x_R04_EXIT_E,0.0015723617298005895
13,33,x_R02_EXIT_E,x_R04_EXIT_G,0.00028662844032823246
13,34,x_R02_EXIT_E,x_R04_EXIT_H,0.0006633401047596236
13,36,x_R02_EXIT_E,x_R05_EXIT_A,0.0005896356486752211
13,40,x_R02_EXIT_E,x_R05_EXIT_E,0.0015723617298005895
13,42,x_R02_EXIT_E,x_R05_EXIT_G,0.00028662844032823246
13,43,x_R02_EXIT_E,x_R05_EXIT_H,0.0006633401047596236
13,45,x_R02_EXIT_E,x_R06_EXIT_A,0.0005896356486752211
13,49,x_R02_EXIT_E,x_R06_EXIT_E,0.0015723617298005895
13,51,x_R02_EXIT_E,x_R06_EXIT_G,0.00028662844032823246
13,52,x_R02_EXIT_E,x_R06_EXIT_H,0.0006633401047596236
13,54,x_R02_EXIT_E,x_R07_EXIT_A,0.0005896356486752211
13,58,x_R02_EXIT_E,x_R07_EXIT_E,0.0015723617298005895
13,60,x_R02_EXIT_E,x_R07_EXIT_G,0.00028662844032823246
13,61,x_R02_EXIT_E,x_R07_EXIT_H,0.0006633401047596236
13,63,x_R02_EXIT_E,x_R08_EXIT_A,0.00022111336825320795
13,64,x_R02_EXIT_E,x_R08_EXIT_B,0.0003685222804220132
13,65,x_R02_EXIT_E,x_R08_EXIT_C,0.0003685222804220132
13,67,x_R02_EXIT_E,x_R08_EXIT_E,0.0027434436431416536
13,68,x_R02_EXIT_E,x_R08_EXIT_F,0.0009499685450878562
13,69,x_R02_EXIT_E,x_R08_EXIT_G,0.0006551507207502458
13,71,x_R02_EXIT_E,x_R08_EXIT_STAIRWELL,0.000802559632919051
13,72,x_R02_EXIT_E,x_R09_EXIT_A,0.00022111336825320795
13,73,x_R02_EXIT_E,x_R09_EXIT_B,0.0003685222804220132
13,74,x_R02_EXIT_E,x_R09_EXIT_C,0.0003685222804220132
13,76,x_R02_EXIT_E,x_R09_EXIT_E,0.0027434436431416536
13,77,x_R02_EXIT_E,x_R09_EXIT_F,0.0009499685450878562
13,78,x_R02_EXIT_E,x_R09_EXIT_G,0.0006551507207502458
13,80,x_R02_EXIT_E,x_R09_EXIT_STAIRWELL,0.000802559632919051
13,81,x_R02_EXIT_E,x_R10_EXIT_A,0.0005896356486752211
13,85,x_R02_EXIT_E,x_R10_EXIT_E,0.0015723617298005895
13,87,x_R02_EXIT_E,x_R10_EXIT_G,0.00028662844032823246
13,90,x_R02_EXIT_E,x_R11_EXIT_A,0.0005896356486752211
13,94,x_R02_EXIT_E,x_R11_EXIT_E,0.0015723617298005895
13,96,x_R02_EXIT_E,x_R11_EXIT_G,0.00028662844032823246
13,97,x_R02_EXIT_E,x_R11_EXIT_H,0.0006633401047596236
13,99,x_R02_EXIT_E,x_R12_EXIT_A,0.0016214980338568577
13,103,x_R02_EXIT_E,x_R12_EXIT_E,0.003144723459601179
13,105,x_R02_EXIT_E,x_R12_EXIT_G,0.0005732568806564649
13,106,x_R02_EXIT_E,x_R12_EXIT_H,0.0001474089121688053
13,108,x_R02_EXIT_E,x_R13_EXIT_A,0.00022111336825320795
13,109,x_R02_EXIT_E,x_R13_EXIT_B,0.0006633401047596236
13,110,x_R02_EXIT_E,x_R13_EXIT_C,0.0006633401047596236
13,112,x_R02_EXIT_E,x_R13_EXIT_E,0.0027434436431416536
13,113,x_R02_EXIT_E,x_R13_EXIT_F,0.0009499685450878562
13,114,x_R02_EXIT_E,x_R13_EXIT_G,0.0006551507207502458
13,116,x_R02_EXIT_E,x_R13_EXIT_STAIRWELL,0.000802559632919051
13,117,x_R02_EXIT_E,x_R14_EXIT_A,0.00022111336825320795
13,118,x_R02_EXIT_E,x_R14_EXIT_B,0.0006633401047596236
13,119,x_R02_EXIT_E,x_R14_EXIT_C,0.0006633401047596236
13,121,x_R02_EXIT_E,x_R14_EXIT_E,0.0027434436431416536
13,122,x_R02_EXIT_E,x_R14_EXIT_F,0.0009499685450878562
13,123,x_R02_EXIT_E,x_R14_EXIT_G,0.0006551507207502458
13,125,x_R02_EXIT_E,x_R14_EXIT_STAIRWELL,0.000802559632919051
13,126,x_R02_EXIT_E,x_R15_EXIT_A,0.00029481782433761055
13,130,x_R02_EXIT_E,x_R15_EXIT_E,0.0007861808649002948
13,132,x_R02_EXIT_E,x_R15_EXIT_G,0.00014331422016411623
13,135,x_R02_EXIT_E,x_R16_EXIT_A,0.0005896356486752211
13,139,x_R02_EXIT_E,x_R16_EXIT_E,0.0015723617298005895
13,141,x_R02_EXIT_E,x_R16_EXIT_G,0.00028662844032823246
13,153,x_R02_EXIT_E,x_R24_EXIT_A,0.0032429960677137167
13,157,x_R02_EXIT_E,x_R24_EXIT_E,0.003144723459601179
13,159,x_R02_EXIT_E,x_R24_EXIT_G,0.0001474089121688053
13,160,x_R02_EXIT_E,x_R24_EXIT_H,0.0007370445608440265
13,162,x_R02_EXIT_E,x_R25_EXIT_A,0.0005896356486752211
13,166,x_R02_EXIT_E,x_R25_EXIT_E,0.0015723617298005895
13,168,x_R02_EXIT_E,x_R25_EXIT_G,0.00028662844032823246
13,171,x_R02_EXIT_E,x_R28_EXIT_A,0.0019081264741850907
13,172,x_R02_EXIT_E,x_R28_EXIT_B,0.00028662844032823246
13,173,x_R02_EXIT_E,x_R28_EXIT_C,0.00028662844032823246
13,174,x_R02_EXIT_E,x_R28_EXIT_D,0.00028662844032823246
13,175,x_R02_EXIT_E,x_R28_EXIT_E,0.0020882929223914083
13,176,x_R02_EXIT_E,x_R28_EXIT_F,0.0002948178243376106
13,178,x_R02_EXIT_E,x_R28_EXIT_H,0.0006551507207502458
13,179,x_R02_EXIT_E,x_R28_EXIT_STAIRWELL,0.0001474089121688053
13,180,x_R02_EXIT_E,x_R29_EXIT_A,0.0019081264741850907
13,181,x_R02_EXIT_E,x_R29_EXIT_B,0.00028662844032823246
13,182,x_R02_EXIT_E,x_R29_EXIT_C,0.00028662844032823246
13,183,x_R02_EXIT_E,x_R29_EXIT_D,0.00028662844032823246
13,184,x_R02_EXIT_E,x_R29_EXIT_E,0.0020882929223914083
13,185,x_R02_EXIT_E,x_R29_EXIT_F,0.0002948178243376106
13,187,x_R02_EXIT_E,x_R29_EXIT_H,0.0006551507207502458
13,188,x_R02_EXIT_E,x_R29_EXIT_STAIRWELL,0.0001474089121688053
13,189,x_R02_EXIT_E,x_R30_EXIT_A,0.0019081264741850907
13,190,x_R02_EXIT_E,x_R30_EXIT_B,0.00028662844032823246
13,191,x_R02_EXIT_E,x_R30_EXIT_C,0.00028662844032823246
13,192,x_R02_EXIT_E,x_R30_EXIT_D,0.00028662844032823246
13,193,x_R02_EXIT_E,x_R30_EXIT_E,0.0020882929223914083
13,194,x_R02_EXIT_E,x_R30_EXIT_F,0.0002948178243376106
13,196,x_R02_EXIT_E,x_R30_EXIT_H,0.0006551507207502458
13,197,x_R02_EXIT_E,x_R30_EXIT_STAIRWELL,0.0001474089121688053
13,198,x_R02_EXIT_E,x_R31_EXIT_A,0.0019818309302694933
13,199,x_R02_EXIT_E,x_R31_EXIT_B,0.0003603328964126351
13,202,x_R02_EXIT_E,x_R31_EXIT_E,0.0020145884663070055
13,205,x_R02_EXIT_E,x_R31_EXIT_H,0.0007288551768346484
13,207,x_R02_EXIT_E,x_R32_EXIT_A,0.002202944298522701
13,208,x_R02_EXIT_E,x_R32_EXIT_B,0.0001474089121688053
13,211,x_R02_EXIT_E,x_R32_EXIT_E,0.0015723617298005895
13,213,x_R02_EXIT_E,x_R32_EXIT_G,0.0002948178243376106
13,214,x_R02_EXIT_E,x_R32_EXIT_H,0.0009499685450878562
13,216,x_R02_EXIT_E,x_R33_EXIT_A,0.0032348066837043386
13,217,x_R02_EXIT_E,x_R33_EXIT_B,0.0009581579290972342
13,218,x_R02_EXIT_E,x_R33_EXIT_C,0.0008844534730128318
13,219,x_R02_EXIT_E,x_R33_EXIT_D,0.0008844534730128318
13,220,x_R02_EXIT_E,x_R33_EXIT_E,0.0006960976407971362
13,221,x_R02_EXIT_E,x_R33_EXIT_F,0.001031862385181637
13,222,x_R02_EXIT_E,x_R33_EXIT_G,0.0013266802095192477
13,223,x_R02_EXIT_E,x_R33_EXIT_H,0.001981830930269493
13,224,x_R02_EXIT_E,x_R33_EXIT_STAIRWELL,0.0011055668412660396
13,225,x_R02_EXIT_E,x_R34_EXIT_A,0.002645171035029117
13,226,x_R02_EXIT_E,x_R34_EXIT_B,0.0003685222804220132
13,227,x_R02_EXIT_E,x_R34_EXIT_C,0.0002948178243376106
13,228,x_R02_EXIT_E,x_R34_EXIT_D,0.0002948178243376106
13,229,x_R02_EXIT_E,x_R34_EXIT_E,0.00010646199212191492
13,230,x_R02_EXIT_E,x_R34_EXIT_F,0.0004422267365064159
13,231,x_R02_EXIT_E,x_R34_EXIT_G,0.0007370445608440266
13,232,x_R02_EXIT_E,x_R34_EXIT_H,0.0013921952815942721
13,233,x_R02_EXIT_E,x_R34_EXIT_STAIRWELL,0.0005159311925908185
13,234,x_R02_EXIT_E,x_R35_EXIT_A,0.00022111336825320795
13,235,x_R02_EXIT_E,x_R35_EXIT_B,0.0003685222804220132
13,236,x_R02_EXIT_E,x_R35_EXIT_C,0.0003685222804220132
13,237,x_R02_EXIT_E,x_R35_EXIT_D,0.000958157929097234
13,238,x_R02_EXIT_E,x_R35_EXIT_E,0.003775306028323291
13,239,x_R02_EXIT_E,x_R35_EXIT_F,0.001981830930269493
13,240,x_R02_EXIT_E,x_R35_EXIT_G,0.0016870131059318826
13,242,x_R02_EXIT_E,x_R35_EXIT_STAIRWELL,0.001834422018100688
13,243,x_R02_EXIT_E,x_R36_EXIT_A,0.0070019233280182525
13,244,x_R02_EXIT_E,x_R36_EXIT_B,0.004053745084642144
13,245,x_R02_EXIT_E,x_R36_EXIT_C,0.0005323099606095746
13,246,x_R02_EXIT_E,x_R36_EXIT_D,0.0005323099606095746
13,247,x_R02_EXIT_E,x_R36_EXIT_E,0.011342296852988626
13,248,x_R02_EXIT_E,x_R36_EXIT_F,0.0023749213627196402
13,249,x_R02_EXIT_E,x_R36_EXIT_G,0.0009008322410315877
13,250,x_R02_EXIT_E,x_R36_EXIT_H,0.0007370445608440263
13,251,x_R02_EXIT_E,x_R36_EXIT_STAIRWELL,0.001637876801875614
14,14,x_R02_EXIT_F,x_R02_EXIT_F,-0.8010229585641493
14,15,x_R02_EXIT_F,x_R02_EXIT_G,1.6762339086839744
14,16,x_R02_EXIT_F,x_R02_EXIT_H,1.6745468955780425
14,17,x_R02_EXIT_F,x_R02_EXIT_STAIRWELL,1.6763813175961433
14,18,x_R02_EXIT_F,x_R03_EXIT_A,0.0005896356486752211
14,23,x_R02_EXIT_F,x_R03_EXIT_F,0.0003275753603751229
14,24,x_R02_EXIT_F,x_R03_EXIT_G,0.00028662844032823246
14,25,x_R02_EXIT_F,x_R03_EXIT_H,0.0006633401047596236
14,27,x_R02_EXIT_F,x_R04_EXIT_A,0.0005896356486752211
14,32,x_R02_EXIT_F,x_R04_EXIT_F,0.0003275753603751229
14,33,x_R02_EXIT_F,x_R04_EXIT_G,0.00028662844032823246
14,34,x_R02_EXIT_F,x_R04_EXIT_H,0.0006633401047596236
14,36,x_R02_EXIT_F,x_R05_EXIT_A,0.0005896356486752211
14,41,x_R02_EXIT_F,x_R05_EXIT_F,0.0003275753603751229
14,42,x_R02_EXIT_F,x_R05_EXIT_G,0.00028662844032823246
14,43,x_R02_EXIT_F,x_R05_EXIT_H,0.0006633401047596236
14,45,x_R02_EXIT_F,x_R06_EXIT_A,0.0005896356486752211
14,50,x_R02_EXIT_F,x_R06_EXIT_F,0.0003275753603751229
14,51,x_R02_EXIT_F,x_R06_EXIT_G,0.00028662844032823246
14,52,x_R02_EXIT_F,x_R06_EXIT_H,0.0006633401047596236
14,54,x_R02_EXIT_F,x_R07_EXIT_A,0.0005896356486752211
14,59,x_R02_EXIT_F,x_R07_EXIT_F,0.0003275753603751229
14,60,x_R02_EXIT_F,x_R07_EXIT_G,0.00028662844032823246
14,61,x_R02_EXIT_F,x_R07_EXIT_H,0.0006633401047596236
14,63,x_R02_EXIT_F,x_R08_EXIT_A,0.00022111336825320795
14,64,x_R02_EXIT_F,x_R08_EXIT_B,0.0003685222804220132
14,65,x_R02_EXIT_F,x_R08_EXIT_C,0.0003685222804220132
14,67,x_R02_EXIT_F,x_R08_EXIT_E,0.0009499685450878562
14,68,x_R02_EXIT_F,x_R08_EXIT_F,0.001277543905462979
14,69,x_R02_EXIT_F,x_R08_EXIT_G,0.0006551507207502458
14,71,x_R02_EXIT_F,x_R08_EXIT_STAIRWELL,0.000802559632919051
14,72,x_R02_EXIT_F,x_R09_EXIT_A,0.00022111336825320795
14,73,x_R02_EXIT_F,x_R09_EXIT_B,0.0003685222804220132
14,74,x_R02_EXIT_F,x_R09_EXIT_C,0.0003685222804220132
14,76,x_R02_EXIT_F,x_R09_EXIT_E,0.0009499685450878562
14,77,x_R02_EXIT_F,x_R09_EXIT_F,0.001277543905462979
14,78,x_R02_EXIT_F,x_R09_EXIT_G,0.0006551507207502458
14,80,x_R02_EXIT_F,x_R09_EXIT_STAIRWELL,0.000802559632919051
14,81,x_R02_EXIT_F,x_R10_EXIT_A,0.0005896356486752211
14,86,x_R02_EXIT_F,x_R10_EXIT_F,0.0003275753603751229
14,87,x_R02_EXIT_F,x_R10_EXIT_G,0.00028662844032823246
14,90,x_R02_EXIT_F,x_R11_EXIT_A,0.0005896356486752211
14,95,x_R02_EXIT_F,x_R11_EXIT_F,0.0003275753603751229
14,96,x_R02_EXIT_F,x_R11_EXIT_G,0.00028662844032823246
14,97,x_R02_EXIT_F,x_R11_EXIT_H,0.0006633401047596236
14,99,x_R02_EXIT_F,x_R12_EXIT_A,0.0016214980338568577
14,104,x_R02_EXIT_F,x_R12_EXIT_F,0.0006551507207502458
14,105,x_R02_EXIT_F,x_R12_EXIT_G,0.0005732568806564649
14,106,x_R02_EXIT_F,x_R12_EXIT_H,0.0001474089121688053
14,108,x_R02_EXIT_F,x_R13_EXIT_A,0.00022111336825320795
14,109,x_R02_EXIT_F,x_R13_EXIT_B,0.0006633401047596236
14,110,x_R02_EXIT_F,x_R13_EXIT_C,0.0006633401047596236
14,112,x_R02_EXIT_F,x_R13_EXIT_E,0.0009499685450878562
14,113,x_R02_EXIT_F,x_R13_EXIT_F,0.001277543905462979
14,114,x_R02_EXIT_F,x_R13_EXIT_G,0.0006551507207502458
14,116,x_R02_EXIT_F,x_R13_EXIT_STAIRWELL,0.000802559632919051
14,117,x_R02_EXIT_F,x_R14_EXIT_A,0.00022111336825320795
14,118,x_R02_EXIT_F,x_R14_EXIT_B,0.0006633401047596236
14,119,x_R02_EXIT_F,x_R14_EXIT_C,0.0006633401047596236
14,121,x_R02_EXIT_F,x_R14_EXIT_E,0.0009499685450878562
14,122,x_R02_EXIT_F,x_R14_EXIT_F,0.001277543905462979
14,123,x_R02_EXIT_F,x_R14_EXIT_G,0.0006551507207502458
14,125,x_R02_EXIT_F,x_R14_EXIT_STAIRWELL,0.000802559632919051
14,126,x_R02_EXIT_F,x_R15_EXIT_A,0.00029481782433761055
14,131,x_R02_EXIT_F,x_R15_EXIT_F,0.00016378768018756145
14,132,x_R02_EXIT_F,x_R15_EXIT_G,0.00014331422016411623
14,135,x_R02_EXIT_F,x_R16_EXIT_A,0.0005896356486752211
14,140,x_R02_EXIT_F,x_R16_EXIT_F,0.0003275753603751229
14,141,x_R02_EXIT_F,x_R16_EXIT_G,0.00028662844032823246
14,153,x_R02_EXIT_F,x_R24_EXIT_A,0.0032429960677137167
14,158,x_R02_EXIT_F,x_R24_EXIT_F,0.0006551507207502458
14,159,x_R02_EXIT_F,x_R24_EXIT_G,0.0001474089121688053
14,160,x_R02_EXIT_F,x_R24_EXIT_H,0.0007370445608440265
14,162,x_R02_EXIT_F,x_R25_EXIT_A,0.0005896356486752211
14,167,x_R02_EXIT_F,x_R25_EXIT_F,0.0003275753603751229
14,168,x_R02_EXIT_F,x_R25_EXIT_G,0.00028662844032823246
14,171,x_R02_EXIT_F,x_R28_EXIT_A,0.0019081264741850907
14,172,x_R02_EXIT_F,x_R28_EXIT_B,0.00028662844032823246
14,173,x_R02_EXIT_F,x_R28_EXIT_C,0.00028662844032823246
14,174,x_R02_EXIT_F,x_R28_EXIT_D,0.00028662844032823246
14,175,x_R02_EXIT_F,x_R28_EXIT_E,0.0002948178243376106
14,176,x_R02_EXIT_F,x_R28_EXIT_F,0.0006223931847127334
14,178,x_R02_EXIT_F,x_R28_EXIT_H,0.0006551507207502458
14,179,x_R02_EXIT_F,x_R28_EXIT_STAIRWELL,0.0001474089121688053
14,180,x_R02_EXIT_F,x_R29_EXIT_A,0.0019081264741850907
14,181,x_R02_EXIT_F,x_R29_EXIT_B,0.00028662844032823246
14,182,x_R02_EXIT_F,x_R29_EXIT_C,0.00028662844032823246
14,183,x_R02_EXIT_F,x_R29_EXIT_D,0.00028662844032823246
14,184,x_R02_EXIT_F,x_R29_EXIT_E,0.0002948178243376106
14,185,x_R02_EXIT_F,x_R29_EXIT_F,0.0006223931847127334
14,187,x_R02_EXIT_F,x_R29_EXIT_H,0.0006551507207502458
14,188,x_R02_EXIT_F,x_R29_EXIT_STAIRWELL,0.0001474089121688053
14,189,x_R02_EXIT_F,x_R30_EXIT_A,0.0019081264741850907
14,190,x_R02_EXIT_F,x_R30_EXIT_B,0.00028662844032823246
14,191,x_R02_EXIT_F,x_R30_EXIT_C,0.00028662844032823246
14,192,x_R02_EXIT_F,x_R30_EXIT_D,0.00028662844032823246
14,193,x_R02_EXIT_F,x_R30_EXIT_E,0.0002948178243376106
14,194,x_R02_EXIT_F,x_R30_EXIT_F,0.0006223931847127334
14,196,x_R02_EXIT_F,x_R30_EXIT_H,0.0006551507207502458
14,197,x_R02_EXIT_F,x_R30_EXIT_STAIRWELL,0.0001474089121688053
14,198,x_R02_EXIT_F,x_R31_EXIT_A,0.0019818309302694933
14,199,x_R02_EXIT_F,x_R31_EXIT_B,0.0003603328964126351
14,202,x_R02_EXIT_F,x_R31_EXIT_E,0.00022111336825320795
14,203,x_R02_EXIT_F,x_R31_EXIT_F,0.00010646199212191492
14,205,x_R02_EXIT_F,x_R31_EXIT_H,0.0007288551768346484
14,207,x_R02_EXIT_F,x_R32_EXIT_A,0.002424057666775909
14,212,x_R02_EXIT_F,x_R32_EXIT_F,0.00010646199212191492
14,213,x_R02_EXIT_F,x_R32_EXIT_G,0.0005159311925908185
14,214,x_R02_EXIT_F,x_R32_EXIT_H,0.001171081913341064
14,215,x_R02_EXIT_F,x_R32_EXIT_STAIRWELL,0.0002948178243376106
14,216,x_R02_EXIT_F,x_R33_EXIT_A,0.002202944298522701
14,221,x_R02_EXIT_F,x_R33_EXIT_F,0.0003275753603751229
14,222,x_R02_EXIT_F,x_R33_EXIT_G,0.0002948178243376106
14,223,x_R02_EXIT_F,x_R33_EXIT_H,0.0009499685450878562
14,225,x_R02_EXIT_F,x_R34_EXIT_A,0.002202944298522701
14,230,x_R02_EXIT_F,x_R34_EXIT_F,0.0003275753603751229
14,231,x_R02_EXIT_F,x_R34_EXIT_G,0.0002948178243376106
14,232,x_R02_EXIT_F,x_R34_EXIT_H,0.0009499685450878562
14,234,x_R02_EXIT_F,x_R35_EXIT_A,0.00022111336825320795
14,235,x_R02_EXIT_F,x_R35_EXIT_B,0.0003685222804220132
14,236,x_R02_EXIT_F,x_R35_EXIT_C,0.0003685222804220132
14,237,x_R02_EXIT_F,x_R35_EXIT_D,0.000958157929097234
14,238,x_R02_EXIT_F,x_R35_EXIT_E,0.001981830930269493
14,239,x_R02_EXIT_F,x_R35_EXIT_F,0.002309406290644616
14,240,x_R02_EXIT_F,x_R35_EXIT_G,0.0016870131059318826
14,242,x_R02_EXIT_F,x_R35_EXIT_STAIRWELL,0.001834422018100688
14,243,x_R02_EXIT_F,x_R36_EXIT_A,0.0070019233280182525
14,244,x_R02_EXIT_F,x_R36_EXIT_B,0.004053745084642144
14,245,x_R02_EXIT_F,x_R36_EXIT_C,0.0005323099606095746
14,246,x_R02_EXIT_F,x_R36_EXIT_D,0.0005323099606095746
14,247,x_R02_EXIT_F,x_R36_EXIT_E,0.0023749213627196402
14,248,x_R02_EXIT_F,x_R36_EXIT_F,0.004012798164595254
14,249,x_R02_EXIT_F,x_R36_EXIT_G,0.0009008322410315877
14,250,x_R02_EXIT_F,x_R36_EXIT_H,0.0007370445608440263
14,251,x_R02_EXIT_F,x_R36_EXIT_STAIRWELL,0.001637876801875614
15,15,x_R02_EXIT_G,x_R02_EXIT_G,-0.7967133003411625
15,16,x_R02_EXIT_G,x_R02_EXIT_H,1.6745468955780425
15,17,x_R02_EXIT_G,x_R02_EXIT_STAIRWELL,1.6762339086839744
15,18,x_R02_EXIT_G,x_R03_EXIT_A,0.0005896356486752211
15,24,x_R02_EXIT_G,x_R03_EXIT_G,0.0020063990822976273
15,25,x_R02_EXIT_G,x_R03_EXIT_H,0.0006633401047596236
15,27,x_R02_EXIT_G,x_R04_EXIT_A,0.0005896356486752211
15,33,x_R02_EXIT_G,x_R04_EXIT_G,0.0020063990822976273
15,34,x_R02_EXIT_G,x_R04_EXIT_H,0.0006633401047596236
15,36,x_R02_EXIT_G,x_R05_EXIT_A,0.0005896356486752211
15,42,x_R02_EXIT_G,x_R05_EXIT_G,0.0020063990822976273
15,43,x_R02_EXIT_G,x_R05_EXIT_H,0.0006633401047596236
15,45,x_R02_EXIT_G,x_R06_EXIT_A,0.0005896356486752211
15,51,x_R02_EXIT_G,x_R06_EXIT_G,0.0020063990822976273
15,52,x_R02_EXIT_G,x_R06_EXIT_H,0.0006633401047596236
15,54,x_R02_EXIT_G,x_R07_EXIT_A,0.0005896356486752211
15,60,x_R02_EXIT_G,x_R07_EXIT_G,0.0020063990822976273
15,61,x_R02_EXIT_G,x_R07_EXIT_H,0.0006633401047596236
15,63,x_R02_EXIT_G,x_R08_EXIT_A,0.00022111336825320795
15,64,x_R02_EXIT_G,x_R08_EXIT_B,0.0003685222804220132
15,65,x_R02_EXIT_G,x_R08_EXIT_C,0.0003685222804220132
15,67,x_R02_EXIT_G,x_R08_EXIT_E,0.0006551507207502458
15,68,x_R02_EXIT_G,x_R08_EXIT_F,0.0006551507207502458
15,69,x_R02_EXIT_G,x_R08_EXIT_G,0.002374921362719641
15,71,x_R02_EXIT_G,x_R08_EXIT_STAIRWELL,0.0006551507207502458
15,72,x_R02_EXIT_G,x_R09_EXIT_A,0.00022111336825320795
15,73,x_R02_EXIT_G,x_R09_EXIT_B,0.0003685222804220132
15,74,x_R02_EXIT_G,x_R09_EXIT_C,0.0003685222804220132
15,76,x_R02_EXIT_G,x_R09_EXIT_E,0.0006551507207502458
15,77,x_R02_EXIT_G,x_R09_EXIT_F,0.0006551507207502458
15,78,x_R02_EXIT_G,x_R09_EXIT_G,0.002374921362719641
15,80,x_R02_EXIT_G,x_R09_EXIT_STAIRWELL,0.0006551507207502458
15,81,x_R02_EXIT_G,x_R10_EXIT_A,0.0005896356486752211
15,87,x_R02_EXIT_G,x_R10_EXIT_G,0.0020063990822976273
15,90,x_R02_EXIT_G,x_R11_EXIT_A,0.0005896356486752211
15,96,x_R02_EXIT_G,x_R11_EXIT_G,0.0020063990822976273
15,97,x_R02_EXIT_G,x_R11_EXIT_H,0.0006633401047596236
15,99,x_R02_EXIT_G,x_R12_EXIT_A,0.0016214980338568577
15,105,x_R02_EXIT_G,x_R12_EXIT_G,0.004012798164595255
15,106,x_R02_EXIT_G,x_R12_EXIT_H,0.0001474089121688053
15,108,x_R02_EXIT_G,x_R13_EXIT_A,0.00022111336825320795
15,109,x_R02_EXIT_G,x_R13_EXIT_B,0.0006633401047596236
15,110,x_R02_EXIT_G,x_R13_EXIT_C,0.0006633401047596236
15,112,x_R02_EXIT_G,x_R13_EXIT_E,0.0006551507207502458
15,113,x_R02_EXIT_G,x_R13_EXIT_F,0.0006551507207502458
15,114,x_R02_EXIT_G,x_R13_EXIT_G,0.002374921362719641
15,116,x_R02_EXIT_G,x_R13_EXIT_STAIRWELL,0.0006551507207502458
15,117,x_R02_EXIT_G,x_R14_EXIT_A,0.00022111336825320795
15,118,x_R02_EXIT_G,x_R14_EXIT_B,0.0006633401047596236
15,119,x_R02_EXIT_G,x_R14_EXIT_C,0.0006633401047596236
15,121,x_R02_EXIT_G,x_R14_EXIT_E,0.0006551507207502458
15,122,x_R02_EXIT_G,x_R14_EXIT_F,0.0006551507207502458
15,123,x_R02_EXIT_G,x_R14_EXIT_G,0.002374921362719641
15,125,x_R02_EXIT_G,x_R14_EXIT_STAIRWELL,0.0006551507207502458
15,126,x_R02_EXIT_G,x_R15_EXIT_A,0.00029481782433761055
15,132,x_R02_EXIT_G,x_R15_EXIT_G,0.0010031995411488137
15,135,x_R02_EXIT_G,x_R16_EXIT_A,0.0005896356486752211
15,141,x_R02_EXIT_G,x_R16_EXIT_G,0.0020063990822976273
15,153,x_R02_EXIT_G,x_R24_EXIT_A,0.0032429960677137167
15,159,x_R02_EXIT_G,x_R24_EXIT_G,0.0034395412839387904
15,160,x_R02_EXIT_G,x_R24_EXIT_H,0.0007370445608440265
15,162,x_R02_EXIT_G,x_R25_EXIT_A,0.0005896356486752211
15,168,x_R02_EXIT_G,x_R25_EXIT_G,0.0020063990822976273
15,171,x_R02_EXIT_G,x_R28_EXIT_A,0.003521435124032572
15,172,x_R02_EXIT_G,x_R28_EXIT_B,0.001899937090175713
15,173,x_R02_EXIT_G,x_R28_EXIT_C,0.001899937090175713
15,174,x_R02_EXIT_G,x_R28_EXIT_D,0.001899937090175713
15,175,x_R02_EXIT_G,x_R28_EXIT_E,0.0016133086498474804
15,176,x_R02_EXIT_G,x_R28_EXIT_F,0.0016133086498474804
15,177,x_R02_EXIT_G,x_R28_EXIT_G,0.00010646199212191492
15,178,x_R02_EXIT_G,x_R28_EXIT_H,0.002268459370597726
15,179,x_R02_EXIT_G,x_R28_EXIT_STAIRWELL,0.0016133086498474804
15,180,x_R02_EXIT_G,x_R29_EXIT_A,0.0028662844032823257
15,181,x_R02_EXIT_G,x_R29_EXIT_B,0.0012447863694254667
15,182,x_R02_EXIT_G,x_R29_EXIT_C,0.0012447863694254667
15,183,x_R02_EXIT_G,x_R29_EXIT_D,0.0012447863694254667
15,184,x_R02_EXIT_G,x_R29_EXIT_E,0.0009581579290972342
15,185,x_R02_EXIT_G,x_R29_EXIT_F,0.0009581579290972342
15,186,x_R02_EXIT_G,x_R29_EXIT_G,0.0006960976407971361
15,187,x_R02_EXIT_G,x_R29_EXIT_H,0.0016133086498474802
15,188,x_R02_EXIT_G,x_R29_EXIT_STAIRWELL,0.0009581579290972342
15,189,x_R02_EXIT_G,x_R30_EXIT_A,0.0019818309302694933
15,190,x_R02_EXIT_G,x_R30_EXIT_B,0.00036033289641263514
15,191,x_R02_EXIT_G,x_R30_EXIT_C,0.00036033289641263514
15,192,x_R02_EXIT_G,x_R30_EXIT_D,0.00036033289641263514
15,195,x_R02_EXIT_G,x_R30_EXIT_G,0.0016460661858849926
15,196,x_R02_EXIT_G,x_R30_EXIT_H,0.0007288551768346484
15,198,x_R02_EXIT_G,x_R31_EXIT_A,0.0019081264741850907
15,199,x_R02_EXIT_G,x_R31_EXIT_B,0.00028662844032823246
15,204,x_R02_EXIT_G,x_R31_EXIT_G,0.0017197706419693952
15,205,x_R02_EXIT_G,x_R31_EXIT_H,0.0006551507207502458
15,207,x_R02_EXIT_G,x_R32_EXIT_A,0.0019081264741850907
15,213,x_R02_EXIT_G,x_R32_EXIT_G,0.0017197706419693952
15,214,x_R02_EXIT_G,x_R32_EXIT_H,0.0006551507207502458
15,216,x_R02_EXIT_G,x_R33_EXIT_A,0.0019081264741850907
15,222,x_R02_EXIT_G,x_R33_EXIT_G,0.0017197706419693952
15,223,x_R02_EXIT_G,x_R33_EXIT_H,0.0006551507207502458
15,225,x_R02_EXIT_G,x_R34_EXIT_A,0.0019081264741850907
15,231,x_R02_EXIT_G,x_R34_EXIT_G,0.0017197706419693952
15,232,x_R02_EXIT_G,x_R34_EXIT_H,0.0006551507207502458
15,234,x_R02_EXIT_G,x_R35_EXIT_A,0.00022111336825320795
15,235,x_R02_EXIT_G,x_R35_EXIT_B,0.0003685222804220132
15,236,x_R02_EXIT_G,x_R35_EXIT_C,0.0003685222804220132
15,237,x_R02_EXIT_G,x_R35_EXIT_D,0.000958157929097234
15,238,x_R02_EXIT_G,x_R35_EXIT_E,0.0016870131059318826
15,239,x_R02_EXIT_G,x_R35_EXIT_F,0.0016870131059318826
15,240,x_R02_EXIT_G,x_R35_EXIT_G,0.0034067837479012787
15,242,x_R02_EXIT_G,x_R35_EXIT_STAIRWELL,0.0016870131059318826
15,243,x_R02_EXIT_G,x_R36_EXIT_A,0.0070019233280182525
15,244,x_R02_EXIT_G,x_R36_EXIT_B,0.004053745084642144
15,245,x_R02_EXIT_G,x_R36_EXIT_C,0.0005323099606095746
15,246,x_R02_EXIT_G,x_R36_EXIT_D,0.0005323099606095746
15,247,x_R02_EXIT_G,x_R36_EXIT_E,0.0009008322410315877
15,248,x_R02_EXIT_G,x_R36_EXIT_F,0.0009008322410315877
15,249,x_R02_EXIT_G,x_R36_EXIT_G,0.009499685450878563
15,250,x_R02_EXIT_G,x_R36_EXIT_H,0.0007370445608440263
15,251,x_R02_EXIT_G,x_R36_EXIT_STAIRWELL,0.0009008322410315877
16,16,x_R02_EXIT_H,x_R02_EXIT_H,-0.8121697185380691
16,17,x_R02_EXIT_H,x_R02_EXIT_STAIRWELL,1.6745468955780425
16,18,x_R02_EXIT_H,x_R03_EXIT_A,0.00022111336825320795
16,25,x_R02_EXIT_H,x_R03_EXIT_H,0.00032757536037512284
16,27,x_R02_EXIT_H,x_R04_EXIT_A,0.00022111336825320795
16,34,x_R02_EXIT_H,x_R04_EXIT_H,0.00032757536037512284
16,36,x_R02_EXIT_H,x_R05_EXIT_A,0.00022111336825320795
16,43,x_R02_EXIT_H,x_R05_EXIT_H,0.00032757536037512284
16,45,x_R02_EXIT_H,x_R06_EXIT_A,0.00022111336825320795
16,52,x_R02_EXIT_H,x_R06_EXIT_H,0.00032757536037512284
16,54,x_R02_EXIT_H,x_R07_EXIT_A,0.00022111336825320795
16,61,x_R02_EXIT_H,x_R07_EXIT_H,0.00032757536037512284
16,63,x_R02_EXIT_H,x_R08_EXIT_A,0.001418810779624751
16,64,x_R02_EXIT_H,x_R08_EXIT_B,0.0011976974113715431
16,65,x_R02_EXIT_H,x_R08_EXIT_C,0.0011976974113715431
16,66,x_R02_EXIT_H,x_R08_EXIT_D,0.0009909154651347462
16,67,x_R02_EXIT_H,x_R08_EXIT_E,0.0009909154651347462
16,68,x_R02_EXIT_H,x_R08_EXIT_F,0.0009909154651347462
16,69,x_R02_EXIT_H,x_R08_EXIT_G,0.0009909154651347462
16,70,x_R02_EXIT_H,x_R08_EXIT_H,0.0013184908255098697
16,71,x_R02_EXIT_H,x_R08_EXIT_STAIRWELL,0.0009909154651347462
16,72,x_R02_EXIT_H,x_R09_EXIT_A,0.0021067190364125084
16,73,x_R02_EXIT_H,x_R09_EXIT_B,0.001885605668159301
16,74,x_R02_EXIT_H,x_R09_EXIT_C,0.001885605668159301
16,75,x_R02_EXIT_H,x_R09_EXIT_D,0.0003685222804220132
16,76,x_R02_EXIT_H,x_R09_EXIT_E,0.0003685222804220132
16,77,x_R02_EXIT_H,x_R09_EXIT_F,0.0003685222804220132
16,78,x_R02_EXIT_H,x_R09_EXIT_G,0.0003685222804220132
16,79,x_R02_EXIT_H,x_R09_EXIT_H,0.000696097640797136
16,80,x_R02_EXIT_H,x_R09_EXIT_STAIRWELL,0.0003685222804220132
16,81,x_R02_EXIT_H,x_R10_EXIT_A,0.00022111336825320795
16,88,x_R02_EXIT_H,x_R10_EXIT_H,0.00032757536037512284
16,90,x_R02_EXIT_H,x_R11_EXIT_A,0.00022111336825320795
16,97,x_R02_EXIT_H,x_R11_EXIT_H,0.00032757536037512284
16,99,x_R02_EXIT_H,x_R12_EXIT_A,0.0004422267365064159
16,106,x_R02_EXIT_H,x_R12_EXIT_H,0.0006551507207502457
16,108,x_R02_EXIT_H,x_R13_EXIT_A,0.0023278324046657165
16,109,x_R02_EXIT_H,x_R13_EXIT_B,0.0001474089121688053
16,110,x_R02_EXIT_H,x_R13_EXIT_C,0.0001474089121688053
16,111,x_R02_EXIT_H,x_R13_EXIT_D,0.0001474089121688053
16,112,x_R02_EXIT_H,x_R13_EXIT_E,0.0001474089121688053
16,113,x_R02_EXIT_H,x_R13_EXIT_F,0.0001474089121688053
16,114,x_R02_EXIT_H,x_R13_EXIT_G,0.0001474089121688053
16,115,x_R02_EXIT_H,x_R13_EXIT_H,0.0004749842725439281
16,116,x_R02_EXIT_H,x_R13_EXIT_STAIRWELL,0.0001474089121688053
16,117,x_R02_EXIT_H,x_R14_EXIT_A,0.0023278324046657165
16,118,x_R02_EXIT_H,x_R14_EXIT_B,0.0001474089121688053
16,119,x_R02_EXIT_H,x_R14_EXIT_C,0.0001474089121688053
16,120,x_R02_EXIT_H,x_R14_EXIT_D,0.0001474089121688053
16,121,x_R02_EXIT_H,x_R14_EXIT_E,0.0001474089121688053
16,122,x_R02_EXIT_H,x_R14_EXIT_F,0.0001474089121688053
16,123,x_R02_EXIT_H,x_R14_EXIT_G,0.0001474089121688053
16,124,x_R02_EXIT_H,x_R14_EXIT_H,0.0004749842725439281
16,125,x_R02_EXIT_H,x_R14_EXIT_STAIRWELL,0.0001474089121688053
16,126,x_R02_EXIT_H,x_R15_EXIT_A,0.00011055668412660398
16,133,x_R02_EXIT_H,x_R15_EXIT_H,0.00016378768018756142
16,135,x_R02_EXIT_H,x_R16_EXIT_A,0.00022111336825320795
16,142,x_R02_EXIT_H,x_R16_EXIT_H,0.00032757536037512284
16,153,x_R02_EXIT_H,x_R24_EXIT_A,0.0004422267365064159
16,160,x_R02_EXIT_H,x_R24_EXIT_H,0.0006551507207502457
16,162,x_R02_EXIT_H,x_R25_EXIT_A,0.00022111336825320795
16,169,x_R02_EXIT_H,x_R25_EXIT_H,0.00032757536037512284
16,171,x_R02_EXIT_H,x_R28_EXIT_A,0.00022111336825320795
16,178,x_R02_EXIT_H,x_R28_EXIT_H,0.00032757536037512284
16,180,x_R02_EXIT_H,x_R29_EXIT_A,0.00022111336825320795
16,187,x_R02_EXIT_H,x_R29_EXIT_H,0.00032757536037512284
16,189,x_R02_EXIT_H,x_R30_EXIT_A,0.00022111336825320795
16,196,x_R02_EXIT_H,x_R30_EXIT_H,0.00032757536037512284
16,198,x_R02_EXIT_H,x_R31_EXIT_A,0.00022111336825320795
16,205,x_R02_EXIT_H,x_R31_EXIT_H,0.00032757536037512284
16,207,x_R02_EXIT_H,x_R32_EXIT_A,0.00022111336825320795
16,214,x_R02_EXIT_H,x_R32_EXIT_H,0.00032757536037512284
16,216,x_R02_EXIT_H,x_R33_EXIT_A,0.00022111336825320795
16,223,x_R02_EXIT_H,x_R33_EXIT_H,0.00032757536037512284
16,225,x_R02_EXIT_H,x_R34_EXIT_A,0.00022111336825320795
16,232,x_R02_EXIT_H,x_R34_EXIT_H,0.00032757536037512284
16,234,x_R02_EXIT_H,x_R35_EXIT_A,0.0008291751309495298
16,235,x_R02_EXIT_H,x_R35_EXIT_B,0.0006080617626963218
16,236,x_R02_EXIT_H,x_R35_EXIT_C,0.0006080617626963218
16,237,x_R02_EXIT_H,x_R35_EXIT_D,0.0006080617626963218
16,238,x_R02_EXIT_H,x_R35_EXIT_E,0.0006080617626963218
16,239,x_R02_EXIT_H,x_R35_EXIT_F,0.0006080617626963218
16,240,x_R02_EXIT_H,x_R35_EXIT_G,0.0006080617626963218
16,241,x_R02_EXIT_H,x_R35_EXIT_H,0.001973641546260115
16,242,x_R02_EXIT_H,x_R35_EXIT_STAIRWELL,0.0006080617626963218
16,243,x_R02_EXIT_H,x_R36_EXIT_A,0.0011055668412660396
16,250,x_R02_EXIT_H,x_R36_EXIT_H,0.001637876801875614
17,17,x_R02_EXIT_STAIRWELL,x_R02_EXIT_STAIRWELL,-0.803968630519785
17,18,x_R02_EXIT_STAIRWELL,x_R03_EXIT_A,0.0005896356486752211
17,24,x_R02_EXIT_STAIRWELL,x_R03_EXIT_G,0.00028662844032823246
17,25,x_R02_EXIT_STAIRWELL,x_R03_EXIT_H,0.0006633401047596236
17,26,x_R02_EXIT_STAIRWELL,x_R03_EXIT_STAIRWELL,0.0003275753603751229
17,27,x_R02_EXIT_STAIRWELL,x_R04_EXIT_A,0.0005896356486752211
17,33,x_R02_EXIT_STAIRWELL,x_R04_EXIT_G,0.00028662844032823246
17,34,x_R02_EXIT_STAIRWELL,x_R04_EXIT_H,0.0006633401047596236
17,35,x_R02_EXIT_STAIRWELL,x_R04_EXIT_STAIRWELL,0.0003275753603751229
17,36,x_R02_EXIT_STAIRWELL,x_R05_EXIT_A,0.0005896356486752211
17,42,x_R02_EXIT_STAIRWELL,x_R05_EXIT_G,0.00028662844032823246
17,43,x_R02_EXIT_STAIRWELL,x_R05_EXIT_H,0.0006633401047596236
17,44,x_R02_EXIT_STAIRWELL,x_R05_EXIT_STAIRWELL,0.0003275753603751229
17,45,x_R02_EXIT_STAIRWELL,x_R06_EXIT_A,0.0005896356486752211
17,51,x_R02_EXIT_STAIRWELL,x_R06_EXIT_G,0.00028662844032823246
17,52,x_R02_EXIT_STAIRWELL,x_R06_EXIT_H,0.0006633401047596236
17,53,x_R02_EXIT_STAIRWELL,x_R06_EXIT_STAIRWELL,0.0003275753603751229
17,54,x_R02_EXIT_STAIRWELL,x_R07_EXIT_A,0.0005896356486752211
17,60,x_R02_EXIT_STAIRWELL,x_R07_EXIT_G,0.00028662844032823246
17,61,x_R02_EXIT_STAIRWELL,x_R07_EXIT_H,0.0006633401047596236
17,62,x_R02_EXIT_STAIRWELL,x_R07_EXIT_STAIRWELL,0.0003275753603751229
17,63,x_R02_EXIT_STAIRWELL,x_R08_EXIT_A,0.00022111336825320795
17,64,x_R02_EXIT_STAIRWELL,x_R08_EXIT_B,0.0003685222804220132
17,65,x_R02_EXIT_STAIRWELL,x_R08_EXIT_C,0.0003685222804220132
17,67,x_R02_EXIT_STAIRWELL,x_R08_EXIT_E,0.000802559632919051
17,68,x_R02_EXIT_STAIRWELL,x_R08_EXIT_F,0.000802559632919051
17,69,x_R02_EXIT_STAIRWELL,x_R08_EXIT_G,0.0006551507207502458
17,71,x_R02_EXIT_STAIRWELL,x_R08_EXIT_STAIRWELL,0.0012365969854160888
17,72,x_R02_EXIT_STAIRWELL,x_R09_EXIT_A,0.00022111336825320795
17,73,x_R02_EXIT_STAIRWELL,x_R09_EXIT_B,0.0003685222804220132
17,74,x_R02_EXIT_STAIRWELL,x_R09_EXIT_C,0.0003685222804220132
17,76,x_R02_EXIT_STAIRWELL,x_R09_EXIT_E,0.000802559632919051
17,77,x_R02_EXIT_STAIRWELL,x_R09_EXIT_F,0.000802559632919051
17,78,x_R02_EXIT_STAIRWELL,x_R09_EXIT_G,0.0006551507207502458
17,80,x_R02_EXIT_STAIRWELL,x_R09_EXIT_STAIRWELL,0.0012365969854160888
17,81,x_R02_EXIT_STAIRWELL,x_R10_EXIT_A,0.0005896356486752211
17,87,x_R02_EXIT_STAIRWELL,x_R10_EXIT_G,0.00028662844032823246
17,89,x_R02_EXIT_STAIRWELL,x_R10_EXIT_STAIRWELL,0.0003275753603751229
17,90,x_R02_EXIT_STAIRWELL,x_R11_EXIT_A,0.0005896356486752211
17,96,x_R02_EXIT_STAIRWELL,x_R11_EXIT_G,0.00028662844032823246
17,97,x_R02_EXIT_STAIRWELL,x_R11_EXIT_H,0.0006633401047596236
17,98,x_R02_EXIT_STAIRWELL,x_R11_EXIT_STAIRWELL,0.0003275753603751229
17,99,x_R02_EXIT_STAIRWELL,x_R12_EXIT_A,0.0016214980338568577
17,105,x_R02_EXIT_STAIRWELL,x_R12_EXIT_G,0.0005732568806564649
17,106,x_R02_EXIT_STAIRWELL,x_R12_EXIT_H,0.0001474089121688053
17,107,x_R02_EXIT_STAIRWELL,x_R12_EXIT_STAIRWELL,0.0006551507207502458
17,108,x_R02_EXIT_STAIRWELL,x_R13_EXIT_A,0.00022111336825320795
17,109,x_R02_EXIT_STAIRWELL,x_R13_EXIT_B,0.0006633401047596236
17,110,x_R02_EXIT_STAIRWELL,x_R13_EXIT_C,0.0006633401047596236
17,112,x_R02_EXIT_STAIRWELL,x_R13_EXIT_E,0.000802559632919051
17,113,x_R02_EXIT_STAIRWELL,x_R13_EXIT_F,0.000802559632919051
17,114,x_R02_EXIT_STAIRWELL,x_R13_EXIT_G,0.0006551507207502458
17,116,x_R02_EXIT_STAIRWELL,x_R13_EXIT_STAIRWELL,0.0012365969854160888
17,117,x_R02_EXIT_STAIRWELL,x_R14_EXIT_A,0.00022111336825320795
17,118,x_R02_EXIT_STAIRWELL,x_R14_EXIT_B,0.0006633401047596236
17,119,x_R02_EXIT_STAIRWELL,x_R14_EXIT_C,0.0006633401047596236
17,121,x_R02_EXIT_STAIRWELL,x_R14_EXIT_E,0.000802559632919051
17,122,x_R02_EXIT_STAIRWELL,x_R14_EXIT_F,0.000802559632919051
17,123,x_R02_EXIT_STAIRWELL,x_R14_EXIT_G,0.0006551507207502458
17,125,x_R02_EXIT_STAIRWELL,x_R14_EXIT_STAIRWELL,0.0012365969854160888
17,126,x_R02_EXIT_STAIRWELL,x_R15_EXIT_A,0.00029481782433761055
17,132,x_R02_EXIT_STAIRWELL,x_R15_EXIT_G,0.00014331422016411623
17,134,x_R02_EXIT_STAIRWELL,x_R15_EXIT_STAIRWELL,0.00016378768018756145
17,135,x_R02_EXIT_STAIRWELL,x_R16_EXIT_A,0.0005896356486752211
17,141,x_R02_EXIT_STAIRWELL,x_R16_EXIT_G,0.00028662844032823246
17,143,x_R02_EXIT_STAIRWELL,x_R16_EXIT_STAIRWELL,0.0003275753603751229
17,153,x_R02_EXIT_STAIRWELL,x_R24_EXIT_A,0.0032429960677137167
17,159,x_R02_EXIT_STAIRWELL,x_R24_EXIT_G,0.00021292398424382984
17,160,x_R02_EXIT_STAIRWELL,x_R24_EXIT_H,0.0007370445608440265
17,161,x_R02_EXIT_STAIRWELL,x_R24_EXIT_STAIRWELL,0.0006551507207502458
17,162,x_R02_EXIT_STAIRWELL,x_R25_EXIT_A,0.0005896356486752211
17,168,x_R02_EXIT_STAIRWELL,x_R25_EXIT_G,0.00028662844032823246
17,170,x_R02_EXIT_STAIRWELL,x_R25_EXIT_STAIRWELL,0.0003275753603751229
17,171,x_R02_EXIT_STAIRWELL,x_R28_EXIT_A,0.0019081264741850907
17,172,x_R02_EXIT_STAIRWELL,x_R28_EXIT_B,0.00028662844032823246
17,173,x_R02_EXIT_STAIRWELL,x_R28_EXIT_C,0.00028662844032823246
17,174,x_R02_EXIT_STAIRWELL,x_R28_EXIT_D,0.00028662844032823246
17,175,x_R02_EXIT_STAIRWELL,x_R28_EXIT_E,0.0001474089121688053
17,176,x_R02_EXIT_STAIRWELL,x_R28_EXIT_F,0.0001474089121688053
17,178,x_R02_EXIT_STAIRWELL,x_R28_EXIT_H,0.0006551507207502458
17,179,x_R02_EXIT_STAIRWELL,x_R28_EXIT_STAIRWELL,0.0005814462646658431
17,180,x_R02_EXIT_STAIRWELL,x_R29_EXIT_A,0.0019081264741850907
17,181,x_R02_EXIT_STAIRWELL,x_R29_EXIT_B,0.00028662844032823246
17,182,x_R02_EXIT_STAIRWELL,x_R29_EXIT_C,0.00028662844032823246
17,183,x_R02_EXIT_STAIRWELL,x_R29_EXIT_D,0.00028662844032823246
17,184,x_R02_EXIT_STAIRWELL,x_R29_EXIT_E,0.0001474089121688053
17,185,x_R02_EXIT_STAIRWELL,x_R29_EXIT_F,0.0001474089121688053
17,187,x_R02_EXIT_STAIRWELL,x_R29_EXIT_H,0.0006551507207502458
17,188,x_R02_EXIT_STAIRWELL,x_R29_EXIT_STAIRWELL,0.0005814462646658431
17,189,x_R02_EXIT_STAIRWELL,x_R30_EXIT_A,0.0019081264741850907
17,190,x_R02_EXIT_STAIRWELL,x_R30_EXIT_B,0.00028662844032823246
17,191,x_R02_EXIT_STAIRWELL,x_R30_EXIT_C,0.00028662844032823246
17,192,x_R02_EXIT_STAIRWELL,x_R30_EXIT_D,0.00028662844032823246
17,193,x_R02_EXIT_STAIRWELL,x_R30_EXIT_E,0.0001474089121688053
17,194,x_R02_EXIT_STAIRWELL,x_R30_EXIT_F,0.0001474089121688053
17,196,x_R02_EXIT_STAIRWELL,x_R30_EXIT_H,0.0006551507207502458
17,197,x_R02_EXIT_STAIRWELL,x_R30_EXIT_STAIRWELL,0.0005814462646658431
17,198,x_R02_EXIT_STAIRWELL,x_R31_EXIT_A,0.0019818309302694933
17,199,x_R02_EXIT_STAIRWELL,x_R31_EXIT_B,0.0003603328964126351
17,200,x_R02_EXIT_STAIRWELL,x_R31_EXIT_C,0.00018016644820631757
17,201,x_R02_EXIT_STAIRWELL,x_R31_EXIT_D,0.00018016644820631757
17,205,x_R02_EXIT_STAIRWELL,x_R31_EXIT_H,0.0007288551768346484
17,206,x_R02_EXIT_STAIRWELL,x_R31_EXIT_STAIRWELL,0.0005077418085814404
17,207,x_R02_EXIT_STAIRWELL,x_R32_EXIT_A,0.002055535386353896
17,213,x_R02_EXIT_STAIRWELL,x_R32_EXIT_G,0.0001474089121688053
17,214,x_R02_EXIT_STAIRWELL,x_R32_EXIT_H,0.000802559632919051
17,215,x_R02_EXIT_STAIRWELL,x_R32_EXIT_STAIRWELL,0.0003275753603751229
17,216,x_R02_EXIT_STAIRWELL,x_R33_EXIT_A,0.002055535386353896
17,222,x_R02_EXIT_STAIRWELL,x_R33_EXIT_G,0.0001474089121688053
17,223,x_R02_EXIT_STAIRWELL,x_R33_EXIT_H,0.000802559632919051
17,224,x_R02_EXIT_STAIRWELL,x_R33_EXIT_STAIRWELL,0.0003275753603751229
17,225,x_R02_EXIT_STAIRWELL,x_R34_EXIT_A,0.002055535386353896
17,231,x_R02_EXIT_STAIRWELL,x_R34_EXIT_G,0.0001474089121688053
17,232,x_R02_EXIT_STAIRWELL,x_R34_EXIT_H,0.000802559632919051
17,233,x_R02_EXIT_STAIRWELL,x_R34_EXIT_STAIRWELL,0.0003275753603751229
17,234,x_R02_EXIT_STAIRWELL,x_R35_EXIT_A,0.00022111336825320795
17,235,x_R02_EXIT_STAIRWELL,x_R35_EXIT_B,0.0003685222804220132
17,236,x_R02_EXIT_STAIRWELL,x_R35_EXIT_C,0.0003685222804220132
17,237,x_R02_EXIT_STAIRWELL,x_R35_EXIT_D,0.000958157929097234
17,238,x_R02_EXIT_STAIRWELL,x_R35_EXIT_E,0.001834422018100688
17,239,x_R02_EXIT_STAIRWELL,x_R35_EXIT_F,0.001834422018100688
17,240,x_R02_EXIT_STAIRWELL,x_R35_EXIT_G,0.0016870131059318826
17,242,x_R02_EXIT_STAIRWELL,x_R35_EXIT_STAIRWELL,0.0022684593705977257
17,243,x_R02_EXIT_STAIRWELL,x_R36_EXIT_A,0.0070019233280182525
17,244,x_R02_EXIT_STAIRWELL,x_R36_EXIT_B,0.004053745084642144
17,245,x_R02_EXIT_STAIRWELL,x_R36_EXIT_C,0.0005323099606095746
17,246,x_R02_EXIT_STAIRWELL,x_R36_EXIT_D,0.0005323099606095746
17,247,x_R02_EXIT_STAIRWELL,x_R36_EXIT_E,0.001637876801875614
17,248,x_R02_EXIT_STAIRWELL,x_R36_EXIT_F,0.001637876801875614
17,249,x_R02_EXIT_STAIRWELL,x_R36_EXIT_G,0.0009008322410315877
17,250,x_R02_EXIT_STAIRWELL,x_R36_EXIT_H,0.0007370445608440263
17,251,x_R02_EXIT_STAIRWELL,x_R36_EXIT_STAIRWELL,0.0038080635643608024
18,18,x_R03_EXIT_A,x_R03_EXIT_A,-0.817979738452458
18,19,x_R03_EXIT_A,x_R03_EXIT_B,1.6743257822097892
18,20,x_R03_EXIT_A,x_R03_EXIT_C,1.6745468955780425
18,21,x_R03_EXIT_A,x_R03_EXIT_D,1.6745468955780425
18,22,x_R03_EXIT_A,x_R03_EXIT_E,1.6745468955780425
18,23,x_R03_EXIT_A,x_R03_EXIT_F,1.6745468955780425
18,24,x_R03_EXIT_A,x_R03_EXIT_G,1.6745468955780425
18,25,x_R03_EXIT_A,x_R03_EXIT_H,1.67484171340238
18,26,x_R03_EXIT_A,x_R03_EXIT_STAIRWELL,1.6745468955780425
18,27,x_R03_EXIT_A,x_R04_EXIT_A,0.0012120288333879543
18,29,x_R03_EXIT_A,x_R04_EXIT_C,0.00022111336825320795
18,30,x_R03_EXIT_A,x_R04_EXIT_D,0.00022111336825320795
18,31,x_R03_EXIT_A,x_R04_EXIT_E,0.00022111336825320795
18,32,x_R03_EXIT_A,x_R04_EXIT_F,0.00022111336825320795
18,33,x_R03_EXIT_A,x_R04_EXIT_G,0.00022111336825320795
18,34,x_R03_EXIT_A,x_R04_EXIT_H,0.0005159311925908185
18,35,x_R03_EXIT_A,x_R04_EXIT_STAIRWELL,0.00022111336825320795
18,36,x_R03_EXIT_A,x_R05_EXIT_A,0.0009909154651347462
18,37,x_R03_EXIT_A,x_R05_EXIT_B,0.00022111336825320795
18,43,x_R03_EXIT_A,x_R05_EXIT_H,0.0002948178243376106
18,45,x_R03_EXIT_A,x_R06_EXIT_A,0.0009909154651347462
18,46,x_R03_EXIT_A,x_R06_EXIT_B,0.00022111336825320795
18,52,x_R03_EXIT_A,x_R06_EXIT_H,0.0002948178243376106
18,54,x_R03_EXIT_A,x_R07_EXIT_A,0.0009909154651347462
18,55,x_R03_EXIT_A,x_R07_EXIT_B,0.00022111336825320795
18,61,x_R03_EXIT_A,x_R07_EXIT_H,0.0002948178243376106
18,63,x_R03_EXIT_A,x_R08_EXIT_A,0.0003275753603751229
18,64,x_R03_EXIT_A,x_R08_EXIT_B,0.0008844534730128318
18,65,x_R03_EXIT_A,x_R08_EXIT_C,0.0006633401047596237
18,72,x_R03_EXIT_A,x_R09_EXIT_A,0.0003275753603751229
18,73,x_R03_EXIT_A,x_R09_EXIT_B,0.0008844534730128318
18,74,x_R03_EXIT_A,x_R09_EXIT_C,0.0006633401047596237
18,81,x_R03_EXIT_A,x_R10_EXIT_A,0.0009909154651347462
18,82,x_R03_EXIT_A,x_R10_EXIT_B,0.00022111336825320795
18,90,x_R03_EXIT_A,x_R11_EXIT_A,0.0009909154651347462
18,91,x_R03_EXIT_A,x_R11_EXIT_B,0.00022111336825320795
18,97,x_R03_EXIT_A,x_R11_EXIT_H,0.0002948178243376106
18,99,x_R03_EXIT_A,x_R12_EXIT_A,0.001392195281594272
18,100,x_R03_EXIT_A,x_R12_EXIT_B,0.0004422267365064159
18,108,x_R03_EXIT_A,x_R13_EXIT_A,0.0003275753603751229
18,109,x_R03_EXIT_A,x_R13_EXIT_B,0.0005159311925908185
18,110,x_R03_EXIT_A,x_R13_EXIT_C,0.0002948178243376106
18,117,x_R03_EXIT_A,x_R14_EXIT_A,0.0003275753603751229
18,118,x_R03_EXIT_A,x_R14_EXIT_B,0.0005159311925908185
18,119,x_R03_EXIT_A,x_R14_EXIT_C,0.0002948178243376106
18,126,x_R03_EXIT_A,x_R15_EXIT_A,0.0004954577325673731
18,127,x_R03_EXIT_A,x_R15_EXIT_B,0.00011055668412660398
18,135,x_R03_EXIT_A,x_R16_EXIT_A,0.0009909154651347462
18,136,x_R03_EXIT_A,x_R16_EXIT_B,0.00022111336825320795
18,153,x_R03_EXIT_A,x_R24_EXIT_A,0.001392195281594272
18,154,x_R03_EXIT_A,x_R24_EXIT_B,0.0004422267365064159
18,162,x_R03_EXIT_A,x_R25_EXIT_A,0.0009909154651347462
18,163,x_R03_EXIT_A,x_R25_EXIT_B,0.00022111336825320795
18,171,x_R03_EXIT_A,x_R28_EXIT_A,0.000696097640797136
18,172,x_R03_EXIT_A,x_R28_EXIT_B,0.00022111336825320795
18,180,x_R03_EXIT_A,x_R29_EXIT_A,0.000696097640797136
18,181,x_R03_EXIT_A,x_R29_EXIT_B,0.00022111336825320795
18,189,x_R03_EXIT_A,x_R30_EXIT_A,0.000696097640797136
18,190,x_R03_EXIT_A,x_R30_EXIT_B,0.00022111336825320795
18,198,x_R03_EXIT_A,x_R31_EXIT_A,0.000696097640797136
18,199,x_R03_EXIT_A,x_R31_EXIT_B,0.00022111336825320795
18,207,x_R03_EXIT_A,x_R32_EXIT_A,0.000696097640797136
18,208,x_R03_EXIT_A,x_R32_EXIT_B,0.00022111336825320795
18,216,x_R03_EXIT_A,x_R33_EXIT_A,0.000696097640797136
18,217,x_R03_EXIT_A,x_R33_EXIT_B,0.00022111336825320795
18,225,x_R03_EXIT_A,x_R34_EXIT_A,0.000696097640797136
18,226,x_R03_EXIT_A,x_R34_EXIT_B,0.00022111336825320795
18,234,x_R03_EXIT_A,x_R35_EXIT_A,0.0003275753603751229
18,235,x_R03_EXIT_A,x_R35_EXIT_B,0.0008844534730128318
18,236,x_R03_EXIT_A,x_R35_EXIT_C,0.0006633401047596237
18,237,x_R03_EXIT_A,x_R35_EXIT_D,0.0003685222804220132
18,238,x_R03_EXIT_A,x_R35_EXIT_E,0.0003685222804220132
18,239,x_R03_EXIT_A,x_R35_EXIT_F,0.0003685222804220132
18,240,x_R03_EXIT_A,x_R35_EXIT_G,0.0003685222804220132
18,242,x_R03_EXIT_A,x_R35_EXIT_STAIRWELL,0.0003685222804220132
18,243,x_R03_EXIT_A,x_R36_EXIT_A,0.00348048820398568
18,244,x_R03_EXIT_A,x_R36_EXIT_B,0.002579655962954092
19,19,x_R03_EXIT_B,x_R03_EXIT_B,-0.8319048578530325
19,20,x_R03_EXIT_B,x_R03_EXIT_C,1.6743257822097892
19,21,x_R03_EXIT_B,x_R03_EXIT_D,1.6743257822097892
19,22,x_R03_EXIT_B,x_R03_EXIT_E,1.6743257822097892
19,23,x_R03_EXIT_B,x_R03_EXIT_F,1.6743257822097892
19,24,x_R03_EXIT_B,x_R03_EXIT_G,1.6743257822097892
19,25,x_R03_EXIT_B,x_R03_EXIT_H,1.6743257822097892
19,26,x_R03_EXIT_B,x_R03_EXIT_STAIRWELL,1.6743257822097892
19,28,x_R03_EXIT_B,x_R04_EXIT_B,0.00010646199212191492
19,37,x_R03_EXIT_B,x_R05_EXIT_B,0.00010646199212191492
19,46,x_R03_EXIT_B,x_R06_EXIT_B,0.00010646199212191492
19,55,x_R03_EXIT_B,x_R07_EXIT_B,0.00010646199212191492
19,64,x_R03_EXIT_B,x_R08_EXIT_B,0.00010646199212191492
19,73,x_R03_EXIT_B,x_R09_EXIT_B,0.00010646199212191492
19,82,x_R03_EXIT_B,x_R10_EXIT_B,0.00010646199212191492
19,91,x_R03_EXIT_B,x_R11_EXIT_B,0.00010646199212191492
19,100,x_R03_EXIT_B,x_R12_EXIT_B,0.00021292398424382984
19,109,x_R03_EXIT_B,x_R13_EXIT_B,0.00010646199212191492
19,118,x_R03_EXIT_B,x_R14_EXIT_B,0.00010646199212191492
19,136,x_R03_EXIT_B,x_R16_EXIT_B,0.00010646199212191492
19,154,x_R03_EXIT_B,x_R24_EXIT_B,0.00021292398424382984
19,163,x_R03_EXIT_B,x_R25_EXIT_B,0.00010646199212191492
19,172,x_R03_EXIT_B,x_R28_EXIT_B,0.00010646199212191492
19,181,x_R03_EXIT_B,x_R29_EXIT_B,0.00010646199212191492
19,190,x_R03_EXIT_B,x_R30_EXIT_B,0.00010646199212191492
19,199,x_R03_EXIT_B,x_R31_EXIT_B,0.00010646199212191492
19,208,x_R03_EXIT_B,x_R32_EXIT_B,0.00010646199212191492
19,217,x_R03_EXIT_B,x_R33_EXIT_B,0.00010646199212191492
19,226,x_R03_EXIT_B,x_R34_EXIT_B,0.00010646199212191492
19,235,x_R03_EXIT_B,x_R35_EXIT_B,0.00010646199212191492
19,244,x_R03_EXIT_B,x_R36_EXIT_B,0.0005323099606095745
20,20,x_R03_EXIT_C,x_R03_EXIT_C,-0.817979738452458
20,21,x_R03_EXIT_C,x_R03_EXIT_D,1.6752102356828023
20,22,x_R03_EXIT_C,x_R03_EXIT_E,1.6745468955780425
20,23,x_R03_EXIT_C,x_R03_EXIT_F,1.6745468955780425
20,24,x_R03_EXIT_C,x_R03_EXIT_G,1.6745468955780425
20,25,x_R03_EXIT_C,x_R03_EXIT_H,1.6745468955780425
20,26,x_R03_EXIT_C,x_R03_EXIT_STAIRWELL,1.6745468955780425
20,27,x_R03_EXIT_C,x_R04_EXIT_A,0.00022111336825320795
20,29,x_R03_EXIT_C,x_R04_EXIT_C,0.0012120288333879545
20,30,x_R03_EXIT_C,x_R04_EXIT_D,0.0008844534730128318
20,31,x_R03_EXIT_C,x_R04_EXIT_E,0.00022111336825320795
20,32,x_R03_EXIT_C,x_R04_EXIT_F,0.00022111336825320795
20,33,x_R03_EXIT_C,x_R04_EXIT_G,0.00022111336825320795
20,34,x_R03_EXIT_C,x_R04_EXIT_H,0.00022111336825320795
20,35,x_R03_EXIT_C,x_R04_EXIT_STAIRWELL,0.00022111336825320795
20,36,x_R03_EXIT_C,x_R05_EXIT_A,0.0008844534730128318
20,37,x_R03_EXIT_C,x_R05_EXIT_B,0.0011055668412660396
20,38,x_R03_EXIT_C,x_R05_EXIT_C,0.00010646199212191492
20,39,x_R03_EXIT_C,x_R05_EXIT_D,0.00022111336825320795
20,40,x_R03_EXIT_C,x_R05_EXIT_E,0.00022111336825320795
20,41,x_R03_EXIT_C,x_R05_EXIT_F,0.00022111336825320795
20,42,x_R03_EXIT_C,x_R05_EXIT_G,0.00022111336825320795
20,43,x_R03_EXIT_C,x_R05_EXIT_H,0.0008844534730128318
20,44,x_R03_EXIT_C,x_R05_EXIT_STAIRWELL,0.00022111336825320795
20,45,x_R03_EXIT_C,x_R06_EXIT_A,0.0008844534730128318
20,46,x_R03_EXIT_C,x_R06_EXIT_B,0.0011055668412660396
20,47,x_R03_EXIT_C,x_R06_EXIT_C,0.00010646199212191492
20,48,x_R03_EXIT_C,x_R06_EXIT_D,0.00022111336825320795
20,49,x_R03_EXIT_C,x_R06_EXIT_E,0.00022111336825320795
20,50,x_R03_EXIT_C,x_R06_EXIT_F,0.00022111336825320795
20,51,x_R03_EXIT_C,x_R06_EXIT_G,0.00022111336825320795
20,52,x_R03_EXIT_C,x_R06_EXIT_H,0.0008844534730128318
20,53,x_R03_EXIT_C,x_R06_EXIT_STAIRWELL,0.00022111336825320795
20,54,x_R03_EXIT_C,x_R07_EXIT_A,0.0006633401047596237
20,55,x_R03_EXIT_C,x_R07_EXIT_B,0.0008844534730128318
20,56,x_R03_EXIT_C,x_R07_EXIT_C,0.00032757536037512284
20,61,x_R03_EXIT_C,x_R07_EXIT_H,0.0006633401047596237
20,64,x_R03_EXIT_C,x_R08_EXIT_B,0.00022111336825320795
20,65,x_R03_EXIT_C,x_R08_EXIT_C,0.0009909154651347467
20,73,x_R03_EXIT_C,x_R09_EXIT_B,0.00022111336825320795
20,74,x_R03_EXIT_C,x_R09_EXIT_C,0.0009909154651347467
20,81,x_R03_EXIT_C,x_R10_EXIT_A,0.0006633401047596237
20,82,x_R03_EXIT_C,x_R10_EXIT_B,0.0008844534730128318
20,83,x_R03_EXIT_C,x_R10_EXIT_C,0.00032757536037512284
20,90,x_R03_EXIT_C,x_R11_EXIT_A,0.0006633401047596237
20,91,x_R03_EXIT_C,x_R11_EXIT_B,0.0008844534730128318
20,92,x_R03_EXIT_C,x_R11_EXIT_C,0.00032757536037512284
20,97,x_R03_EXIT_C,x_R11_EXIT_H,0.0006633401047596237
20,100,x_R03_EXIT_C,x_R12_EXIT_B,0.0004422267365064159
20,101,x_R03_EXIT_C,x_R12_EXIT_C,0.0006551507207502457
20,109,x_R03_EXIT_C,x_R13_EXIT_B,0.00022111336825320795
20,110,x_R03_EXIT_C,x_R13_EXIT_C,0.0009909154651347467
20,118,x_R03_EXIT_C,x_R14_EXIT_B,0.00022111336825320795
20,119,x_R03_EXIT_C,x_R14_EXIT_C,0.0009909154651347467
20,126,x_R03_EXIT_C,x_R15_EXIT_A,0.00033167005237981186
20,127,x_R03_EXIT_C,x_R15_EXIT_B,0.0004422267365064159
20,128,x_R03_EXIT_C,x_R15_EXIT_C,0.00016378768018756142
20,135,x_R03_EXIT_C,x_R16_EXIT_A,0.0006633401047596237
20,136,x_R03_EXIT_C,x_R16_EXIT_B,0.0008844534730128318
20,137,x_R03_EXIT_C,x_R16_EXIT_C,0.00032757536037512284
20,154,x_R03_EXIT_C,x_R24_EXIT_B,0.0004422267365064159
20,155,x_R03_EXIT_C,x_R24_EXIT_C,0.0006551507207502457
20,162,x_R03_EXIT_C,x_R25_EXIT_A,0.0006633401047596237
20,163,x_R03_EXIT_C,x_R25_EXIT_B,0.0008844534730128318
20,164,x_R03_EXIT_C,x_R25_EXIT_C,0.00032757536037512284
20,172,x_R03_EXIT_C,x_R28_EXIT_B,0.00022111336825320795
20,173,x_R03_EXIT_C,x_R28_EXIT_C,0.00032757536037512284
20,181,x_R03_EXIT_C,x_R29_EXIT_B,0.00022111336825320795
20,182,x_R03_EXIT_C,x_R29_EXIT_C,0.00032757536037512284
20,190,x_R03_EXIT_C,x_R30_EXIT_B,0.00022111336825320795
20,191,x_R03_EXIT_C,x_R30_EXIT_C,0.00032757536037512284
20,199,x_R03_EXIT_C,x_R31_EXIT_B,0.00022111336825320795
20,200,x_R03_EXIT_C,x_R31_EXIT_C,0.00032757536037512284
20,208,x_R03_EXIT_C,x_R32_EXIT_B,0.00022111336825320795
20,209,x_R03_EXIT_C,x_R32_EXIT_C,0.00032757536037512284
20,217,x_R03_EXIT_C,x_R33_EXIT_B,0.00022111336825320795
20,218,x_R03_EXIT_C,x_R33_EXIT_C,0.00032757536037512284
20,226,x_R03_EXIT_C,x_R34_EXIT_B,0.00022111336825320795
20,227,x_R03_EXIT_C,x_R34_EXIT_C,0.00032757536037512284
20,235,x_R03_EXIT_C,x_R35_EXIT_B,0.00022111336825320795
20,236,x_R03_EXIT_C,x_R35_EXIT_C,0.0009909154651347467
20,244,x_R03_EXIT_C,x_R36_EXIT_B,0.0011055668412660396
20,245,x_R03_EXIT_C,x_R36_EXIT_C,0.001637876801875614
21,21,x_R03_EXIT_D,x_R03_EXIT_D,-0.8075123544230001
21,22,x_R03_EXIT_D,x_R03_EXIT_E,1.6745468955780425
21,23,x_R03_EXIT_D,x_R03_EXIT_F,1.6745468955780425
21,24,x_R03_EXIT_D,x_R03_EXIT_G,1.6745468955780425
21,25,x_R03_EXIT_D,x_R03_EXIT_H,1.6745468955780425
21,26,x_R03_EXIT_D,x_R03_EXIT_STAIRWELL,1.6745468955780425
21,27,x_R03_EXIT_D,x_R04_EXIT_A,0.00022111336825320795
21,29,x_R03_EXIT_D,x_R04_EXIT_C,0.0008844534730128318
21,30,x_R03_EXIT_D,x_R04_EXIT_D,0.0020882929223914083
21,31,x_R03_EXIT_D,x_R04_EXIT_E,0.00022111336825320795
21,32,x_R03_EXIT_D,x_R04_EXIT_F,0.00022111336825320795
21,33,x_R03_EXIT_D,x_R04_EXIT_G,0.00022111336825320795
21,34,x_R03_EXIT_D,x_R04_EXIT_H,0.00022111336825320795
21,35,x_R03_EXIT_D,x_R04_EXIT_STAIRWELL,0.00022111336825320795
21,36,x_R03_EXIT_D,x_R05_EXIT_A,0.0006633401047596237
21,37,x_R03_EXIT_D,x_R05_EXIT_B,0.0008844534730128318
21,39,x_R03_EXIT_D,x_R05_EXIT_D,0.0012038394493785764
21,40,x_R03_EXIT_D,x_R05_EXIT_E,0.000581446264665843
21,41,x_R03_EXIT_D,x_R05_EXIT_F,0.000581446264665843
21,42,x_R03_EXIT_D,x_R05_EXIT_G,0.0005077418085814403
21,43,x_R03_EXIT_D,x_R05_EXIT_H,0.0006633401047596237
21,44,x_R03_EXIT_D,x_R05_EXIT_STAIRWELL,0.000581446264665843
21,45,x_R03_EXIT_D,x_R06_EXIT_A,0.0006633401047596237
21,46,x_R03_EXIT_D,x_R06_EXIT_B,0.0008844534730128318
21,48,x_R03_EXIT_D,x_R06_EXIT_D,0.0012038394493785764
21,49,x_R03_EXIT_D,x_R06_EXIT_E,0.000581446264665843
21,50,x_R03_EXIT_D,x_R06_EXIT_F,0.000581446264665843
21,51,x_R03_EXIT_D,x_R06_EXIT_G,0.0005077418085814403
21,52,x_R03_EXIT_D,x_R06_EXIT_H,0.0006633401047596237
21,53,x_R03_EXIT_D,x_R06_EXIT_STAIRWELL,0.000581446264665843
21,54,x_R03_EXIT_D,x_R07_EXIT_A,0.0006633401047596237
21,55,x_R03_EXIT_D,x_R07_EXIT_B,0.0008844534730128318
21,57,x_R03_EXIT_D,x_R07_EXIT_D,0.0003275753603751229
21,58,x_R03_EXIT_D,x_R07_EXIT_E,0.000581446264665843
21,59,x_R03_EXIT_D,x_R07_EXIT_F,0.000581446264665843
21,60,x_R03_EXIT_D,x_R07_EXIT_G,0.0005077418085814403
21,61,x_R03_EXIT_D,x_R07_EXIT_H,0.0006633401047596237
21,62,x_R03_EXIT_D,x_R07_EXIT_STAIRWELL,0.000581446264665843
21,64,x_R03_EXIT_D,x_R08_EXIT_B,0.00022111336825320795
21,65,x_R03_EXIT_D,x_R08_EXIT_C,0.0006633401047596237
21,66,x_R03_EXIT_D,x_R08_EXIT_D,0.0006960976407971362
21,73,x_R03_EXIT_D,x_R09_EXIT_B,0.00022111336825320795
21,74,x_R03_EXIT_D,x_R09_EXIT_C,0.0006633401047596237
21,75,x_R03_EXIT_D,x_R09_EXIT_D,0.0006960976407971362
21,81,x_R03_EXIT_D,x_R10_EXIT_A,0.0006633401047596237
21,82,x_R03_EXIT_D,x_R10_EXIT_B,0.0008844534730128318
21,84,x_R03_EXIT_D,x_R10_EXIT_D,0.0003275753603751229
21,85,x_R03_EXIT_D,x_R10_EXIT_E,0.0002948178243376106
21,86,x_R03_EXIT_D,x_R10_EXIT_F,0.0002948178243376106
21,87,x_R03_EXIT_D,x_R10_EXIT_G,0.0002948178243376106
21,88,x_R03_EXIT_D,x_R10_EXIT_H,0.0003685222804220132
21,89,x_R03_EXIT_D,x_R10_EXIT_STAIRWELL,0.0002948178243376106
21,90,x_R03_EXIT_D,x_R11_EXIT_A,0.0006633401047596237
21,91,x_R03_EXIT_D,x_R11_EXIT_B,0.0008844534730128318
21,93,x_R03_EXIT_D,x_R11_EXIT_D,0.0003275753603751229
21,94,x_R03_EXIT_D,x_R11_EXIT_E,0.000581446264665843
21,95,x_R03_EXIT_D,x_R11_EXIT_F,0.000581446264665843
21,96,x_R03_EXIT_D,x_R11_EXIT_G,0.0005077418085814403
21,97,x_R03_EXIT_D,x_R11_EXIT_H,0.0006633401047596237
21,98,x_R03_EXIT_D,x_R11_EXIT_STAIRWELL,0.000581446264665843
21,100,x_R03_EXIT_D,x_R12_EXIT_B,0.0004422267365064159
21,101,x_R03_EXIT_D,x_R12_EXIT_C,0.00036033289641263514
21,102,x_R03_EXIT_D,x_R12_EXIT_D,0.0013921952815942724
21,109,x_R03_EXIT_D,x_R13_EXIT_B,0.00022111336825320795
21,110,x_R03_EXIT_D,x_R13_EXIT_C,0.0006633401047596237
21,111,x_R03_EXIT_D,x_R13_EXIT_D,0.0006960976407971362
21,118,x_R03_EXIT_D,x_R14_EXIT_B,0.00022111336825320795
21,119,x_R03_EXIT_D,x_R14_EXIT_C,0.0006633401047596237
21,120,x_R03_EXIT_D,x_R14_EXIT_D,0.0006960976407971362
21,126,x_R03_EXIT_D,x_R15_EXIT_A,0.00033167005237981186
21,127,x_R03_EXIT_D,x_R15_EXIT_B,0.0004422267365064159
21,129,x_R03_EXIT_D,x_R15_EXIT_D,0.00016378768018756145
21,130,x_R03_EXIT_D,x_R15_EXIT_E,0.0001474089121688053
21,131,x_R03_EXIT_D,x_R15_EXIT_F,0.0001474089121688053
21,132,x_R03_EXIT_D,x_R15_EXIT_G,0.0001474089121688053
21,133,x_R03_EXIT_D,x_R15_EXIT_H,0.0001842611402110066
21,134,x_R03_EXIT_D,x_R15_EXIT_STAIRWELL,0.0001474089121688053
21,135,x_R03_EXIT_D,x_R16_EXIT_A,0.0006633401047596237
21,136,x_R03_EXIT_D,x_R16_EXIT_B,0.0008844534730128318
21,138,x_R03_EXIT_D,x_R16_EXIT_D,0.0003275753603751229
21,139,x_R03_EXIT_D,x_R16_EXIT_E,0.0002948178243376106
21,140,x_R03_EXIT_D,x_R16_EXIT_F,0.0002948178243376106
21,141,x_R03_EXIT_D,x_R16_EXIT_G,0.0002948178243376106
21,142,x_R03_EXIT_D,x_R16_EXIT_H,0.0003685222804220132
21,143,x_R03_EXIT_D,x_R16_EXIT_STAIRWELL,0.0002948178243376106
21,154,x_R03_EXIT_D,x_R24_EXIT_B,0.0004422267365064159
21,155,x_R03_EXIT_D,x_R24_EXIT_C,0.001162892529331686
21,156,x_R03_EXIT_D,x_R24_EXIT_D,0.001244786369425467
21,162,x_R03_EXIT_D,x_R25_EXIT_A,0.0017607175620162853
21,163,x_R03_EXIT_D,x_R25_EXIT_B,0.001981830930269493
21,164,x_R03_EXIT_D,x_R25_EXIT_C,0.0010973774572566612
21,165,x_R03_EXIT_D,x_R25_EXIT_D,0.00010646199212191493
21,166,x_R03_EXIT_D,x_R25_EXIT_E,0.0005159311925908185
21,167,x_R03_EXIT_D,x_R25_EXIT_F,0.0005159311925908185
21,168,x_R03_EXIT_D,x_R25_EXIT_G,0.0005159311925908185
21,169,x_R03_EXIT_D,x_R25_EXIT_H,0.0005896356486752212
21,170,x_R03_EXIT_D,x_R25_EXIT_STAIRWELL,0.0005159311925908185
21,172,x_R03_EXIT_D,x_R28_EXIT_B,0.00022111336825320795
21,173,x_R03_EXIT_D,x_R28_EXIT_C,0.00018016644820631757
21,174,x_R03_EXIT_D,x_R28_EXIT_D,0.0006223931847127334
21,181,x_R03_EXIT_D,x_R29_EXIT_B,0.00022111336825320795
21,182,x_R03_EXIT_D,x_R29_EXIT_C,0.00018016644820631757
21,183,x_R03_EXIT_D,x_R29_EXIT_D,0.0006223931847127334
21,190,x_R03_EXIT_D,x_R30_EXIT_B,0.00022111336825320795
21,191,x_R03_EXIT_D,x_R30_EXIT_C,0.00018016644820631757
21,192,x_R03_EXIT_D,x_R30_EXIT_D,0.0006223931847127334
21,199,x_R03_EXIT_D,x_R31_EXIT_B,0.00022111336825320795
21,200,x_R03_EXIT_D,x_R31_EXIT_C,0.000581446264665843
21,201,x_R03_EXIT_D,x_R31_EXIT_D,0.0006223931847127334
21,208,x_R03_EXIT_D,x_R32_EXIT_B,0.00022111336825320795
21,209,x_R03_EXIT_D,x_R32_EXIT_C,0.000581446264665843
21,210,x_R03_EXIT_D,x_R32_EXIT_D,0.0006223931847127334
21,217,x_R03_EXIT_D,x_R33_EXIT_B,0.00022111336825320795
21,218,x_R03_EXIT_D,x_R33_EXIT_C,0.000581446264665843
21,219,x_R03_EXIT_D,x_R33_EXIT_D,0.0006223931847127334
21,226,x_R03_EXIT_D,x_R34_EXIT_B,0.00022111336825320795
21,227,x_R03_EXIT_D,x_R34_EXIT_C,0.000581446264665843
21,228,x_R03_EXIT_D,x_R34_EXIT_D,0.0006223931847127334
21,235,x_R03_EXIT_D,x_R35_EXIT_B,0.00022111336825320795
21,236,x_R03_EXIT_D,x_R35_EXIT_C,0.0006633401047596237
21,237,x_R03_EXIT_D,x_R35_EXIT_D,0.0006960976407971362
21,244,x_R03_EXIT_D,x_R36_EXIT_B,0.0011055668412660396
21,245,x_R03_EXIT_D,x_R36_EXIT_C,0.0009008322410315878
21,246,x_R03_EXIT_D,x_R36_EXIT_D,0.0031119659235636665
22,22,x_R03_EXIT_E,x_R03_EXIT_E,-0.7994051013925074
22,23,x_R03_EXIT_E,x_R03_EXIT_F,1.676332181292087
22,24,x_R03_EXIT_E,x_R03_EXIT_G,1.676225719299965
22,25,x_R03_EXIT_E,x_R03_EXIT_H,1.6745468955780425
22,26,x_R03_EXIT_E,x_R03_EXIT_STAIRWELL,1.676332181292087
22,27,x_R03_EXIT_E,x_R04_EXIT_A,0.00022111336825320795
22,29,x_R03_EXIT_E,x_R04_EXIT_C,0.00022111336825320795
22,30,x_R03_EXIT_E,x_R04_EXIT_D,0.00022111336825320795
22,31,x_R03_EXIT_E,x_R04_EXIT_E,0.004094692004689036
22,32,x_R03_EXIT_E,x_R04_EXIT_F,0.0020063990822976273
22,33,x_R03_EXIT_E,x_R04_EXIT_G,0.0018999370901757126
22,34,x_R03_EXIT_E,x_R04_EXIT_H,0.00022111336825320795
22,35,x_R03_EXIT_E,x_R04_EXIT_STAIRWELL,0.0020063990822976273
22,37,x_R03_EXIT_E,x_R05_EXIT_B,0.00022111336825320795
22,40,x_R03_EXIT_E,x_R05_EXIT_E,0.002014588466307005
22,42,x_R03_EXIT_E,x_R05_EXIT_G,0.0005896356486752212
22,46,x_R03_EXIT_E,x_R06_EXIT_B,0.00022111336825320795
22,49,x_R03_EXIT_E,x_R06_EXIT_E,0.002014588466307005
22,51,x_R03_EXIT_E,x_R06_EXIT_G,0.0005896356486752212
22,55,x_R03_EXIT_E,x_R07_EXIT_B,0.00022111336825320795
22,58,x_R03_EXIT_E,x_R07_EXIT_E,0.002014588466307005
22,60,x_R03_EXIT_E,x_R07_EXIT_G,0.0005896356486752212
22,64,x_R03_EXIT_E,x_R08_EXIT_B,0.00022111336825320795
22,67,x_R03_EXIT_E,x_R08_EXIT_E,0.0015723617298005895
22,73,x_R03_EXIT_E,x_R09_EXIT_B,0.00022111336825320795
22,76,x_R03_EXIT_E,x_R09_EXIT_E,0.0015723617298005895
22,82,x_R03_EXIT_E,x_R10_EXIT_B,0.00022111336825320795
22,85,x_R03_EXIT_E,x_R10_EXIT_E,0.002014588466307005
22,87,x_R03_EXIT_E,x_R10_EXIT_G,0.00018016644820631757
22,91,x_R03_EXIT_E,x_R11_EXIT_B,0.00022111336825320795
22,94,x_R03_EXIT_E,x_R11_EXIT_E,0.002014588466307005
22,96,x_R03_EXIT_E,x_R11_EXIT_G,0.0005896356486752212
22,100,x_R03_EXIT_E,x_R12_EXIT_B,0.0020473460023445176
22,103,x_R03_EXIT_E,x_R12_EXIT_E,0.0055687811263770886
22,104,x_R03_EXIT_E,x_R12_EXIT_F,0.0013921952815942724
22,105,x_R03_EXIT_E,x_R12_EXIT_G,0.0011792712973504424
22,107,x_R03_EXIT_E,x_R12_EXIT_STAIRWELL,0.0013921952815942724
22,109,x_R03_EXIT_E,x_R13_EXIT_B,0.00022111336825320795
22,112,x_R03_EXIT_E,x_R13_EXIT_E,0.0015723617298005895
22,118,x_R03_EXIT_E,x_R14_EXIT_B,0.00022111336825320795
22,121,x_R03_EXIT_E,x_R14_EXIT_E,0.0015723617298005895
22,127,x_R03_EXIT_E,x_R15_EXIT_B,0.00011055668412660398
22,130,x_R03_EXIT_E,x_R15_EXIT_E,0.0010072942331535025
22,136,x_R03_EXIT_E,x_R16_EXIT_B,0.00022111336825320795
22,139,x_R03_EXIT_E,x_R16_EXIT_E,0.002014588466307005
22,141,x_R03_EXIT_E,x_R16_EXIT_G,0.00018016644820631757
22,153,x_R03_EXIT_E,x_R24_EXIT_A,0.00021292398424382986
22,154,x_R03_EXIT_E,x_R24_EXIT_B,0.004012798164595255
22,157,x_R03_EXIT_E,x_R24_EXIT_E,0.0037343591082764005
22,160,x_R03_EXIT_E,x_R24_EXIT_H,0.00021292398424382986
22,163,x_R03_EXIT_E,x_R25_EXIT_B,0.00022111336825320795
22,166,x_R03_EXIT_E,x_R25_EXIT_E,0.002014588466307005
22,168,x_R03_EXIT_E,x_R25_EXIT_G,0.00018016644820631757
22,172,x_R03_EXIT_E,x_R28_EXIT_B,0.0018999370901757126
22,173,x_R03_EXIT_E,x_R28_EXIT_C,0.0005896356486752212
22,174,x_R03_EXIT_E,x_R28_EXIT_D,0.00018016644820631757
22,175,x_R03_EXIT_E,x_R28_EXIT_E,0.0015723617298005895
22,181,x_R03_EXIT_E,x_R29_EXIT_B,0.0018999370901757126
22,182,x_R03_EXIT_E,x_R29_EXIT_C,0.0005896356486752212
22,183,x_R03_EXIT_E,x_R29_EXIT_D,0.00018016644820631757
22,184,x_R03_EXIT_E,x_R29_EXIT_E,0.0015723617298005895
22,190,x_R03_EXIT_E,x_R30_EXIT_B,0.0018999370901757126
22,191,x_R03_EXIT_E,x_R30_EXIT_C,0.0005896356486752212
22,192,x_R03_EXIT_E,x_R30_EXIT_D,0.00018016644820631757
22,193,x_R03_EXIT_E,x_R30_EXIT_E,0.0015723617298005895
22,199,x_R03_EXIT_E,x_R31_EXIT_B,0.0018999370901757126
22,200,x_R03_EXIT_E,x_R31_EXIT_C,0.0002948178243376106
22,201,x_R03_EXIT_E,x_R31_EXIT_D,0.0002948178243376106
22,202,x_R03_EXIT_E,x_R31_EXIT_E,0.0015723617298005895
22,208,x_R03_EXIT_E,x_R32_EXIT_B,0.0020063990822976273
22,209,x_R03_EXIT_E,x_R32_EXIT_C,0.0002948178243376106
22,210,x_R03_EXIT_E,x_R32_EXIT_D,0.0002948178243376106
22,211,x_R03_EXIT_E,x_R32_EXIT_E,0.0015723617298005895
22,216,x_R03_EXIT_E,x_R33_EXIT_A,0.0008107490169284291
22,217,x_R03_EXIT_E,x_R33_EXIT_B,0.002817148099226057
22,218,x_R03_EXIT_E,x_R33_EXIT_C,0.0011055668412660396
22,219,x_R03_EXIT_E,x_R33_EXIT_D,0.0011055668412660396
22,220,x_R03_EXIT_E,x_R33_EXIT_E,0.0006960976407971362
22,221,x_R03_EXIT_E,x_R33_EXIT_F,0.0008107490169284291
22,222,x_R03_EXIT_E,x_R33_EXIT_G,0.0008107490169284291
22,223,x_R03_EXIT_E,x_R33_EXIT_H,0.0008107490169284291
22,224,x_R03_EXIT_E,x_R33_EXIT_STAIRWELL,0.0008107490169284291
22,225,x_R03_EXIT_E,x_R34_EXIT_A,0.00022111336825320795
22,226,x_R03_EXIT_E,x_R34_EXIT_B,0.0022275124505508354
22,227,x_R03_EXIT_E,x_R34_EXIT_C,0.0005159311925908185
22,228,x_R03_EXIT_E,x_R34_EXIT_D,0.0005159311925908185
22,229,x_R03_EXIT_E,x_R34_EXIT_E,0.00010646199212191492
22,230,x_R03_EXIT_E,x_R34_EXIT_F,0.00022111336825320795
22,231,x_R03_EXIT_E,x_R34_EXIT_G,0.00022111336825320795
22,232,x_R03_EXIT_E,x_R34_EXIT_H,0.00022111336825320795
22,233,x_R03_EXIT_E,x_R34_EXIT_STAIRWELL,0.00022111336825320795
22,235,x_R03_EXIT_E,x_R35_EXIT_B,0.00022111336825320795
22,238,x_R03_EXIT_E,x_R35_EXIT_E,0.0015723617298005895
22,244,x_R03_EXIT_E,x_R36_EXIT_B,0.0011055668412660396
22,245,x_R03_EXIT_E,x_R36_EXIT_C,0.0029481782433761054
22,246,x_R03_EXIT_E,x_R36_EXIT_D,0.0009008322410315878
22,247,x_R03_EXIT_E,x_R36_EXIT_E,0.007861808649002947
23,23,x_R03_EXIT_F,x_R03_EXIT_F,-0.8055378052171605
23,24,x_R03_EXIT_F,x_R03_EXIT_G,1.676225719299965
23,25,x_R03_EXIT_F,x_R03_EXIT_H,1.6745468955780425
23,26,x_R03_EXIT_F,x_R03_EXIT_STAIRWELL,1.6766188097324153
23,27,x_R03_EXIT_F,x_R04_EXIT_A,0.00022111336825320795
23,29,x_R03_EXIT_F,x_R04_EXIT_C,0.00022111336825320795
23,30,x_R03_EXIT_F,x_R04_EXIT_D,0.00022111336825320795
23,31,x_R03_EXIT_F,x_R04_EXIT_E,0.0020063990822976273
23,32,x_R03_EXIT_F,x_R04_EXIT_F,0.002694307339085385
23,33,x_R03_EXIT_F,x_R04_EXIT_G,0.0018999370901757126
23,34,x_R03_EXIT_F,x_R04_EXIT_H,0.00022111336825320795
23,35,x_R03_EXIT_F,x_R04_EXIT_STAIRWELL,0.0022930275226258597
23,37,x_R03_EXIT_F,x_R05_EXIT_B,0.00022111336825320795
23,41,x_R03_EXIT_F,x_R05_EXIT_F,0.0006879082567877579
23,42,x_R03_EXIT_F,x_R05_EXIT_G,0.0005896356486752212
23,44,x_R03_EXIT_F,x_R05_EXIT_STAIRWELL,0.0002866284403282325
23,46,x_R03_EXIT_F,x_R06_EXIT_B,0.00022111336825320795
23,50,x_R03_EXIT_F,x_R06_EXIT_F,0.0006879082567877579
23,51,x_R03_EXIT_F,x_R06_EXIT_G,0.0005896356486752212
23,53,x_R03_EXIT_F,x_R06_EXIT_STAIRWELL,0.0002866284403282325
23,55,x_R03_EXIT_F,x_R07_EXIT_B,0.00022111336825320795
23,59,x_R03_EXIT_F,x_R07_EXIT_F,0.0006879082567877579
23,60,x_R03_EXIT_F,x_R07_EXIT_G,0.0005896356486752212
23,62,x_R03_EXIT_F,x_R07_EXIT_STAIRWELL,0.0002866284403282325
23,64,x_R03_EXIT_F,x_R08_EXIT_B,0.00022111336825320795
23,68,x_R03_EXIT_F,x_R08_EXIT_F,0.0003275753603751229
23,73,x_R03_EXIT_F,x_R09_EXIT_B,0.00022111336825320795
23,77,x_R03_EXIT_F,x_R09_EXIT_F,0.0003275753603751229
23,82,x_R03_EXIT_F,x_R10_EXIT_B,0.00022111336825320795
23,86,x_R03_EXIT_F,x_R10_EXIT_F,0.0006879082567877579
23,87,x_R03_EXIT_F,x_R10_EXIT_G,0.00010646199212191493
23,89,x_R03_EXIT_F,x_R10_EXIT_STAIRWELL,0.0002866284403282325
23,91,x_R03_EXIT_F,x_R11_EXIT_B,0.00022111336825320795
23,95,x_R03_EXIT_F,x_R11_EXIT_F,0.0006879082567877579
23,96,x_R03_EXIT_F,x_R11_EXIT_G,0.0005896356486752212
23,98,x_R03_EXIT_F,x_R11_EXIT_STAIRWELL,0.0002866284403282325
23,100,x_R03_EXIT_F,x_R12_EXIT_B,0.0020473460023445176
23,103,x_R03_EXIT_F,x_R12_EXIT_E,0.0013921952815942724
23,104,x_R03_EXIT_F,x_R12_EXIT_F,0.002768011795169788
23,105,x_R03_EXIT_F,x_R12_EXIT_G,0.0011792712973504424
23,107,x_R03_EXIT_F,x_R12_EXIT_STAIRWELL,0.001965452162250737
23,109,x_R03_EXIT_F,x_R13_EXIT_B,0.00022111336825320795
23,113,x_R03_EXIT_F,x_R13_EXIT_F,0.0003275753603751229
23,118,x_R03_EXIT_F,x_R14_EXIT_B,0.00022111336825320795
23,122,x_R03_EXIT_F,x_R14_EXIT_F,0.0003275753603751229
23,127,x_R03_EXIT_F,x_R15_EXIT_B,0.00011055668412660398
23,131,x_R03_EXIT_F,x_R15_EXIT_F,0.00034395412839387896
23,134,x_R03_EXIT_F,x_R15_EXIT_STAIRWELL,0.00014331422016411626
23,136,x_R03_EXIT_F,x_R16_EXIT_B,0.00022111336825320795
23,140,x_R03_EXIT_F,x_R16_EXIT_F,0.0006879082567877579
23,141,x_R03_EXIT_F,x_R16_EXIT_G,0.00010646199212191493
23,143,x_R03_EXIT_F,x_R16_EXIT_STAIRWELL,0.0002866284403282325
23,153,x_R03_EXIT_F,x_R24_EXIT_A,0.00042584796848765973
23,154,x_R03_EXIT_F,x_R24_EXIT_B,0.004225722148839085
23,158,x_R03_EXIT_F,x_R24_EXIT_F,0.0011628925293316861
23,159,x_R03_EXIT_F,x_R24_EXIT_G,0.0003603328964126351
23,160,x_R03_EXIT_F,x_R24_EXIT_H,0.00042584796848765973
23,161,x_R03_EXIT_F,x_R24_EXIT_STAIRWELL,0.0003603328964126351
23,163,x_R03_EXIT_F,x_R25_EXIT_B,0.00022111336825320795
23,167,x_R03_EXIT_F,x_R25_EXIT_F,0.0006879082567877579
23,168,x_R03_EXIT_F,x_R25_EXIT_G,0.00010646199212191493
23,170,x_R03_EXIT_F,x_R25_EXIT_STAIRWELL,0.0002866284403282325
23,172,x_R03_EXIT_F,x_R28_EXIT_B,0.0018999370901757126
23,173,x_R03_EXIT_F,x_R28_EXIT_C,0.0005896356486752212
23,174,x_R03_EXIT_F,x_R28_EXIT_D,0.00010646199212191493
23,176,x_R03_EXIT_F,x_R28_EXIT_F,0.0003275753603751229
23,181,x_R03_EXIT_F,x_R29_EXIT_B,0.0018999370901757126
23,182,x_R03_EXIT_F,x_R29_EXIT_C,0.0005896356486752212
23,183,x_R03_EXIT_F,x_R29_EXIT_D,0.00010646199212191493
23,185,x_R03_EXIT_F,x_R29_EXIT_F,0.0003275753603751229
23,190,x_R03_EXIT_F,x_R30_EXIT_B,0.0018999370901757126
23,191,x_R03_EXIT_F,x_R30_EXIT_C,0.0005896356486752212
23,192,x_R03_EXIT_F,x_R30_EXIT_D,0.00010646199212191493
23,194,x_R03_EXIT_F,x_R30_EXIT_F,0.0003275753603751229
23,199,x_R03_EXIT_F,x_R31_EXIT_B,0.0018999370901757126
23,203,x_R03_EXIT_F,x_R31_EXIT_F,0.00010646199212191492
23,207,x_R03_EXIT_F,x_R32_EXIT_A,0.00022111336825320795
23,208,x_R03_EXIT_F,x_R32_EXIT_B,0.0022193230665414573
23,212,x_R03_EXIT_F,x_R32_EXIT_F,0.00010646199212191492
23,213,x_R03_EXIT_F,x_R32_EXIT_G,0.00022111336825320795
23,214,x_R03_EXIT_F,x_R32_EXIT_H,0.00022111336825320795
23,215,x_R03_EXIT_F,x_R32_EXIT_STAIRWELL,0.00022111336825320795
23,217,x_R03_EXIT_F,x_R33_EXIT_B,0.0022193230665414573
23,221,x_R03_EXIT_F,x_R33_EXIT_F,0.0003275753603751229
23,226,x_R03_EXIT_F,x_R34_EXIT_B,0.0022193230665414573
23,230,x_R03_EXIT_F,x_R34_EXIT_F,0.0003275753603751229
23,235,x_R03_EXIT_F,x_R35_EXIT_B,0.00022111336825320795
23,239,x_R03_EXIT_F,x_R35_EXIT_F,0.0003275753603751229
23,244,x_R03_EXIT_F,x_R36_EXIT_B,0.0011055668412660396
23,245,x_R03_EXIT_F,x_R36_EXIT_C,0.0029481782433761054
23,246,x_R03_EXIT_F,x_R36_EXIT_D,0.0005323099606095745
23,248,x_R03_EXIT_F,x_R36_EXIT_F,0.0016378768018756142
24,24,x_R03_EXIT_G,x_R03_EXIT_G,-0.7994091960845121
24,25,x_R03_EXIT_G,x_R03_EXIT_H,1.6745468955780425
24,26,x_R03_EXIT_G,x_R03_EXIT_STAIRWELL,1.676225719299965
24,27,x_R03_EXIT_G,x_R04_EXIT_A,0.00022111336825320795
24,29,x_R03_EXIT_G,x_R04_EXIT_C,0.00022111336825320795
24,30,x_R03_EXIT_G,x_R04_EXIT_D,0.00022111336825320795
24,31,x_R03_EXIT_G,x_R04_EXIT_E,0.0018999370901757126
24,32,x_R03_EXIT_G,x_R04_EXIT_F,0.0018999370901757126
24,33,x_R03_EXIT_G,x_R04_EXIT_G,0.0040865026206796575
24,34,x_R03_EXIT_G,x_R04_EXIT_H,0.00022111336825320795
24,35,x_R03_EXIT_G,x_R04_EXIT_STAIRWELL,0.0018999370901757126
24,37,x_R03_EXIT_G,x_R05_EXIT_B,0.00022111336825320795
24,42,x_R03_EXIT_G,x_R05_EXIT_G,0.0027762011791791666
24,46,x_R03_EXIT_G,x_R06_EXIT_B,0.00022111336825320795
24,51,x_R03_EXIT_G,x_R06_EXIT_G,0.0027762011791791666
24,55,x_R03_EXIT_G,x_R07_EXIT_B,0.00022111336825320795
24,60,x_R03_EXIT_G,x_R07_EXIT_G,0.0027762011791791666
24,64,x_R03_EXIT_G,x_R08_EXIT_B,0.00022111336825320795
24,67,x_R03_EXIT_G,x_R08_EXIT_E,0.00028662844032823246
24,68,x_R03_EXIT_G,x_R08_EXIT_F,0.00028662844032823246
24,69,x_R03_EXIT_G,x_R08_EXIT_G,0.0020063990822976273
24,71,x_R03_EXIT_G,x_R08_EXIT_STAIRWELL,0.00028662844032823246
24,73,x_R03_EXIT_G,x_R09_EXIT_B,0.00022111336825320795
24,76,x_R03_EXIT_G,x_R09_EXIT_E,0.00028662844032823246
24,77,x_R03_EXIT_G,x_R09_EXIT_F,0.00028662844032823246
24,78,x_R03_EXIT_G,x_R09_EXIT_G,0.0020063990822976273
24,80,x_R03_EXIT_G,x_R09_EXIT_STAIRWELL,0.00028662844032823246
24,82,x_R03_EXIT_G,x_R10_EXIT_B,0.00022111336825320795
24,87,x_R03_EXIT_G,x_R10_EXIT_G,0.002186565530503945
24,91,x_R03_EXIT_G,x_R11_EXIT_B,0.00022111336825320795
24,96,x_R03_EXIT_G,x_R11_EXIT_G,0.0027762011791791666
24,100,x_R03_EXIT_G,x_R12_EXIT_B,0.0020473460023445176
24,103,x_R03_EXIT_G,x_R12_EXIT_E,0.0011792712973504424
24,104,x_R03_EXIT_G,x_R12_EXIT_F,0.0011792712973504424
24,105,x_R03_EXIT_G,x_R12_EXIT_G,0.005552402358358333
24,107,x_R03_EXIT_G,x_R12_EXIT_STAIRWELL,0.0011792712973504424
24,109,x_R03_EXIT_G,x_R13_EXIT_B,0.00022111336825320795
24,112,x_R03_EXIT_G,x_R13_EXIT_E,0.00028662844032823246
24,113,x_R03_EXIT_G,x_R13_EXIT_F,0.00028662844032823246
24,114,x_R03_EXIT_G,x_R13_EXIT_G,0.0020063990822976273
24,116,x_R03_EXIT_G,x_R13_EXIT_STAIRWELL,0.00028662844032823246
24,118,x_R03_EXIT_G,x_R14_EXIT_B,0.00022111336825320795
24,121,x_R03_EXIT_G,x_R14_EXIT_E,0.00028662844032823246
24,122,x_R03_EXIT_G,x_R14_EXIT_F,0.00028662844032823246
24,123,x_R03_EXIT_G,x_R14_EXIT_G,0.0020063990822976273
24,125,x_R03_EXIT_G,x_R14_EXIT_STAIRWELL,0.00028662844032823246
24,127,x_R03_EXIT_G,x_R15_EXIT_B,0.00011055668412660398
24,132,x_R03_EXIT_G,x_R15_EXIT_G,0.0010932827652519726
24,136,x_R03_EXIT_G,x_R16_EXIT_B,0.00022111336825320795
24,141,x_R03_EXIT_G,x_R16_EXIT_G,0.002186565530503945
24,153,x_R03_EXIT_G,x_R24_EXIT_A,0.00036033289641263514
24,154,x_R03_EXIT_G,x_R24_EXIT_B,0.003799874180351425
24,159,x_R03_EXIT_G,x_R24_EXIT_G,0.0034395412839387904
24,160,x_R03_EXIT_G,x_R24_EXIT_H,0.00036033289641263514
24,163,x_R03_EXIT_G,x_R25_EXIT_B,0.00022111336825320795
24,168,x_R03_EXIT_G,x_R25_EXIT_G,0.002186565530503945
24,171,x_R03_EXIT_G,x_R28_EXIT_A,0.001899937090175713
24,172,x_R03_EXIT_G,x_R28_EXIT_B,0.003980040628557742
24,173,x_R03_EXIT_G,x_R28_EXIT_C,0.0026697391870572516
24,174,x_R03_EXIT_G,x_R28_EXIT_D,0.0020801035383820306
24,175,x_R03_EXIT_G,x_R28_EXIT_E,0.0016133086498474804
24,176,x_R03_EXIT_G,x_R28_EXIT_F,0.0016133086498474804
24,177,x_R03_EXIT_G,x_R28_EXIT_G,0.00010646199212191492
24,178,x_R03_EXIT_G,x_R28_EXIT_H,0.001899937090175713
24,179,x_R03_EXIT_G,x_R28_EXIT_STAIRWELL,0.0016133086498474804
24,180,x_R03_EXIT_G,x_R29_EXIT_A,0.0012447863694254667
24,181,x_R03_EXIT_G,x_R29_EXIT_B,0.003324889907807497
24,182,x_R03_EXIT_G,x_R29_EXIT_C,0.0020145884663070055
24,183,x_R03_EXIT_G,x_R29_EXIT_D,0.0014249528176317845
24,184,x_R03_EXIT_G,x_R29_EXIT_E,0.0009581579290972342
24,185,x_R03_EXIT_G,x_R29_EXIT_F,0.0009581579290972342
24,186,x_R03_EXIT_G,x_R29_EXIT_G,0.0006960976407971361
24,187,x_R03_EXIT_G,x_R29_EXIT_H,0.0012447863694254667
24,188,x_R03_EXIT_G,x_R29_EXIT_STAIRWELL,0.0009581579290972342
24,189,x_R03_EXIT_G,x_R30_EXIT_A,0.00036033289641263514
24,190,x_R03_EXIT_G,x_R30_EXIT_B,0.002440436434794665
24,191,x_R03_EXIT_G,x_R30_EXIT_C,0.001130134993294174
24,192,x_R03_EXIT_G,x_R30_EXIT_D,0.0005404993446189528
24,195,x_R03_EXIT_G,x_R30_EXIT_G,0.0016460661858849926
24,196,x_R03_EXIT_G,x_R30_EXIT_H,0.00036033289641263514
24,198,x_R03_EXIT_G,x_R31_EXIT_A,0.00028662844032823246
24,199,x_R03_EXIT_G,x_R31_EXIT_B,0.0023667319787102625
24,204,x_R03_EXIT_G,x_R31_EXIT_G,0.0017197706419693952
24,205,x_R03_EXIT_G,x_R31_EXIT_H,0.00028662844032823246
24,207,x_R03_EXIT_G,x_R32_EXIT_A,0.00028662844032823246
24,208,x_R03_EXIT_G,x_R32_EXIT_B,0.0018999370901757126
24,213,x_R03_EXIT_G,x_R32_EXIT_G,0.0017197706419693952
24,214,x_R03_EXIT_G,x_R32_EXIT_H,0.00028662844032823246
24,216,x_R03_EXIT_G,x_R33_EXIT_A,0.00028662844032823246
24,217,x_R03_EXIT_G,x_R33_EXIT_B,0.0018999370901757126
24,222,x_R03_EXIT_G,x_R33_EXIT_G,0.0017197706419693952
24,223,x_R03_EXIT_G,x_R33_EXIT_H,0.00028662844032823246
24,225,x_R03_EXIT_G,x_R34_EXIT_A,0.00028662844032823246
24,226,x_R03_EXIT_G,x_R34_EXIT_B,0.0018999370901757126
24,231,x_R03_EXIT_G,x_R34_EXIT_G,0.0017197706419693952
24,232,x_R03_EXIT_G,x_R34_EXIT_H,0.00028662844032823246
24,235,x_R03_EXIT_G,x_R35_EXIT_B,0.00022111336825320795
24,238,x_R03_EXIT_G,x_R35_EXIT_E,0.00028662844032823246
24,239,x_R03_EXIT_G,x_R35_EXIT_F,0.00028662844032823246
24,240,x_R03_EXIT_G,x_R35_EXIT_G,0.0020063990822976273
24,242,x_R03_EXIT_G,x_R35_EXIT_STAIRWELL,0.00028662844032823246
24,244,x_R03_EXIT_G,x_R36_EXIT_B,0.0011055668412660396
24,245,x_R03_EXIT_G,x_R36_EXIT_C,0.004381320445017267
24,246,x_R03_EXIT_G,x_R36_EXIT_D,0.0014331422016411624
24,247,x_R03_EXIT_G,x_R36_EXIT_E,0.0009008322410315877
24,248,x_R03_EXIT_G,x_R36_EXIT_F,0.0009008322410315877
24,249,x_R03_EXIT_G,x_R36_EXIT_G,0.009499685450878563
24,251,x_R03_EXIT_G,x_R36_EXIT_STAIRWELL,0.0009008322410315877
25,25,x_R03_EXIT_H,x_R03_EXIT_H,-0.8109619004101074
25,26,x_R03_EXIT_H,x_R03_EXIT_STAIRWELL,1.6745468955780425
25,27,x_R03_EXIT_H,x_R04_EXIT_A,0.0005159311925908185
25,29,x_R03_EXIT_H,x_R04_EXIT_C,0.00022111336825320795
25,30,x_R03_EXIT_H,x_R04_EXIT_D,0.00022111336825320795
25,31,x_R03_EXIT_H,x_R04_EXIT_E,0.00022111336825320795
25,32,x_R03_EXIT_H,x_R04_EXIT_F,0.00022111336825320795
25,33,x_R03_EXIT_H,x_R04_EXIT_G,0.00022111336825320795
25,34,x_R03_EXIT_H,x_R04_EXIT_H,0.001875368938147578
25,35,x_R03_EXIT_H,x_R04_EXIT_STAIRWELL,0.00022111336825320795
25,36,x_R03_EXIT_H,x_R05_EXIT_A,0.0002948178243376106
25,37,x_R03_EXIT_H,x_R05_EXIT_B,0.00022111336825320795
25,43,x_R03_EXIT_H,x_R05_EXIT_H,0.0016542555698943703
25,45,x_R03_EXIT_H,x_R06_EXIT_A,0.0002948178243376106
25,46,x_R03_EXIT_H,x_R06_EXIT_B,0.00022111336825320795
25,52,x_R03_EXIT_H,x_R06_EXIT_H,0.0016542555698943703
25,54,x_R03_EXIT_H,x_R07_EXIT_A,0.0002948178243376106
25,55,x_R03_EXIT_H,x_R07_EXIT_B,0.00022111336825320795
25,61,x_R03_EXIT_H,x_R07_EXIT_H,0.0016542555698943703
25,64,x_R03_EXIT_H,x_R08_EXIT_B,0.0005159311925908185
25,65,x_R03_EXIT_H,x_R08_EXIT_C,0.0002948178243376106
25,66,x_R03_EXIT_H,x_R08_EXIT_D,0.0004422267365064159
25,67,x_R03_EXIT_H,x_R08_EXIT_E,0.0003685222804220132
25,68,x_R03_EXIT_H,x_R08_EXIT_F,0.0003685222804220132
25,69,x_R03_EXIT_H,x_R08_EXIT_G,0.0003685222804220132
25,70,x_R03_EXIT_H,x_R08_EXIT_H,0.00032757536037512284
25,71,x_R03_EXIT_H,x_R08_EXIT_STAIRWELL,0.0003685222804220132
25,73,x_R03_EXIT_H,x_R09_EXIT_B,0.0005159311925908185
25,74,x_R03_EXIT_H,x_R09_EXIT_C,0.0002948178243376106
25,75,x_R03_EXIT_H,x_R09_EXIT_D,0.0004422267365064159
25,76,x_R03_EXIT_H,x_R09_EXIT_E,0.0003685222804220132
25,77,x_R03_EXIT_H,x_R09_EXIT_F,0.0003685222804220132
25,78,x_R03_EXIT_H,x_R09_EXIT_G,0.0003685222804220132
25,79,x_R03_EXIT_H,x_R09_EXIT_H,0.00032757536037512284
25,80,x_R03_EXIT_H,x_R09_EXIT_STAIRWELL,0.0003685222804220132
25,81,x_R03_EXIT_H,x_R10_EXIT_A,0.0002948178243376106
25,82,x_R03_EXIT_H,x_R10_EXIT_B,0.00022111336825320795
25,88,x_R03_EXIT_H,x_R10_EXIT_H,0.0007698020968815387
25,90,x_R03_EXIT_H,x_R11_EXIT_A,0.0002948178243376106
25,91,x_R03_EXIT_H,x_R11_EXIT_B,0.00022111336825320795
25,97,x_R03_EXIT_H,x_R11_EXIT_H,0.0016542555698943703
25,99,x_R03_EXIT_H,x_R12_EXIT_A,0.0004422267365064159
25,100,x_R03_EXIT_H,x_R12_EXIT_B,0.0004422267365064159
25,106,x_R03_EXIT_H,x_R12_EXIT_H,0.0015396041937630774
25,109,x_R03_EXIT_H,x_R13_EXIT_B,0.0015477935777724555
25,110,x_R03_EXIT_H,x_R13_EXIT_C,0.0013266802095192472
25,111,x_R03_EXIT_H,x_R13_EXIT_D,0.0004422267365064159
25,112,x_R03_EXIT_H,x_R13_EXIT_E,0.0003685222804220132
25,113,x_R03_EXIT_H,x_R13_EXIT_F,0.0003685222804220132
25,114,x_R03_EXIT_H,x_R13_EXIT_G,0.0003685222804220132
25,115,x_R03_EXIT_H,x_R13_EXIT_H,0.00032757536037512284
25,116,x_R03_EXIT_H,x_R13_EXIT_STAIRWELL,0.0003685222804220132
25,118,x_R03_EXIT_H,x_R14_EXIT_B,0.0015477935777724555
25,119,x_R03_EXIT_H,x_R14_EXIT_C,0.0013266802095192472
25,120,x_R03_EXIT_H,x_R14_EXIT_D,0.0004422267365064159
25,121,x_R03_EXIT_H,x_R14_EXIT_E,0.0003685222804220132
25,122,x_R03_EXIT_H,x_R14_EXIT_F,0.0003685222804220132
25,123,x_R03_EXIT_H,x_R14_EXIT_G,0.0003685222804220132
25,124,x_R03_EXIT_H,x_R14_EXIT_H,0.00032757536037512284
25,125,x_R03_EXIT_H,x_R14_EXIT_STAIRWELL,0.0003685222804220132
25,126,x_R03_EXIT_H,x_R15_EXIT_A,0.0001474089121688053
25,127,x_R03_EXIT_H,x_R15_EXIT_B,0.00011055668412660398
25,133,x_R03_EXIT_H,x_R15_EXIT_H,0.00038490104844076935
25,135,x_R03_EXIT_H,x_R16_EXIT_A,0.0002948178243376106
25,136,x_R03_EXIT_H,x_R16_EXIT_B,0.00022111336825320795
25,142,x_R03_EXIT_H,x_R16_EXIT_H,0.0007698020968815387
25,153,x_R03_EXIT_H,x_R24_EXIT_A,0.0013266802095192472
25,154,x_R03_EXIT_H,x_R24_EXIT_B,0.0004422267365064159
25,160,x_R03_EXIT_H,x_R24_EXIT_H,0.0013921952815942721
25,162,x_R03_EXIT_H,x_R25_EXIT_A,0.0002948178243376106
25,163,x_R03_EXIT_H,x_R25_EXIT_B,0.00022111336825320795
25,169,x_R03_EXIT_H,x_R25_EXIT_H,0.0007698020968815387
25,171,x_R03_EXIT_H,x_R28_EXIT_A,0.0006633401047596236
25,172,x_R03_EXIT_H,x_R28_EXIT_B,0.00022111336825320795
25,178,x_R03_EXIT_H,x_R28_EXIT_H,0.0006960976407971361
25,180,x_R03_EXIT_H,x_R29_EXIT_A,0.0006633401047596236
25,181,x_R03_EXIT_H,x_R29_EXIT_B,0.00022111336825320795
25,187,x_R03_EXIT_H,x_R29_EXIT_H,0.0006960976407971361
25,189,x_R03_EXIT_H,x_R30_EXIT_A,0.0006633401047596236
25,190,x_R03_EXIT_H,x_R30_EXIT_B,0.00022111336825320795
25,196,x_R03_EXIT_H,x_R30_EXIT_H,0.0006960976407971361
25,198,x_R03_EXIT_H,x_R31_EXIT_A,0.0006633401047596236
25,199,x_R03_EXIT_H,x_R31_EXIT_B,0.00022111336825320795
25,205,x_R03_EXIT_H,x_R31_EXIT_H,0.0006960976407971361
25,207,x_R03_EXIT_H,x_R32_EXIT_A,0.0006633401047596236
25,208,x_R03_EXIT_H,x_R32_EXIT_B,0.00022111336825320795
25,214,x_R03_EXIT_H,x_R32_EXIT_H,0.0006960976407971361
25,216,x_R03_EXIT_H,x_R33_EXIT_A,0.0006633401047596236
25,217,x_R03_EXIT_H,x_R33_EXIT_B,0.00022111336825320795
25,223,x_R03_EXIT_H,x_R33_EXIT_H,0.0006960976407971361
25,225,x_R03_EXIT_H,x_R34_EXIT_A,0.0006633401047596236
25,226,x_R03_EXIT_H,x_R34_EXIT_B,0.00022111336825320795
25,232,x_R03_EXIT_H,x_R34_EXIT_H,0.0006960976407971361
25,235,x_R03_EXIT_H,x_R35_EXIT_B,0.0005159311925908185
25,236,x_R03_EXIT_H,x_R35_EXIT_C,0.0002948178243376106
25,237,x_R03_EXIT_H,x_R35_EXIT_D,0.0005896356486752211
25,238,x_R03_EXIT_H,x_R35_EXIT_E,0.0006633401047596236
25,239,x_R03_EXIT_H,x_R35_EXIT_F,0.0006633401047596236
25,240,x_R03_EXIT_H,x_R35_EXIT_G,0.0006633401047596236
25,241,x_R03_EXIT_H,x_R35_EXIT_H,0.00032757536037512284
25,242,x_R03_EXIT_H,x_R35_EXIT_STAIRWELL,0.0006633401047596236
25,243,x_R03_EXIT_H,x_R36_EXIT_A,0.0033167005237981183
25,244,x_R03_EXIT_H,x_R36_EXIT_B,0.00589635648675221
25,250,x_R03_EXIT_H,x_R36_EXIT_H,0.00348048820398568
26,26,x_R03_EXIT_STAIRWELL,x_R03_EXIT_STAIRWELL,-0.8084834771727961
26,27,x_R03_EXIT_STAIRWELL,x_R04_EXIT_A,0.00022111336825320795
26,29,x_R03_EXIT_STAIRWELL,x_R04_EXIT_C,0.00022111336825320795
26,30,x_R03_EXIT_STAIRWELL,x_R04_EXIT_D,0.00022111336825320795
26,31,x_R03_EXIT_STAIRWELL,x_R04_EXIT_E,0.0020063990822976273
26,32,x_R03_EXIT_STAIRWELL,x_R04_EXIT_F,0.0022930275226258597
26,33,x_R03_EXIT_STAIRWELL,x_R04_EXIT_G,0.0018999370901757126
26,34,x_R03_EXIT_STAIRWELL,x_R04_EXIT_H,0.00022111336825320795
26,35,x_R03_EXIT_STAIRWELL,x_R04_EXIT_STAIRWELL,0.0026533604190384953
26,37,x_R03_EXIT_STAIRWELL,x_R05_EXIT_B,0.00022111336825320795
26,41,x_R03_EXIT_STAIRWELL,x_R05_EXIT_F,0.0002866284403282325
26,42,x_R03_EXIT_STAIRWELL,x_R05_EXIT_G,0.0005896356486752212
26,44,x_R03_EXIT_STAIRWELL,x_R05_EXIT_STAIRWELL,0.0006469613367408677
26,46,x_R03_EXIT_STAIRWELL,x_R06_EXIT_B,0.00022111336825320795
26,50,x_R03_EXIT_STAIRWELL,x_R06_EXIT_F,0.0002866284403282325
26,51,x_R03_EXIT_STAIRWELL,x_R06_EXIT_G,0.0005896356486752212
26,53,x_R03_EXIT_STAIRWELL,x_R06_EXIT_STAIRWELL,0.0006469613367408677
26,55,x_R03_EXIT_STAIRWELL,x_R07_EXIT_B,0.00022111336825320795
26,59,x_R03_EXIT_STAIRWELL,x_R07_EXIT_F,0.0002866284403282325
26,60,x_R03_EXIT_STAIRWELL,x_R07_EXIT_G,0.0005896356486752212
26,62,x_R03_EXIT_STAIRWELL,x_R07_EXIT_STAIRWELL,0.0006469613367408677
26,64,x_R03_EXIT_STAIRWELL,x_R08_EXIT_B,0.00022111336825320795
26,71,x_R03_EXIT_STAIRWELL,x_R08_EXIT_STAIRWELL,0.0003275753603751229
26,73,x_R03_EXIT_STAIRWELL,x_R09_EXIT_B,0.00022111336825320795
26,80,x_R03_EXIT_STAIRWELL,x_R09_EXIT_STAIRWELL,0.0003275753603751229
26,82,x_R03_EXIT_STAIRWELL,x_R10_EXIT_B,0.00022111336825320795
26,86,x_R03_EXIT_STAIRWELL,x_R10_EXIT_F,0.0002866284403282325
26,87,x_R03_EXIT_STAIRWELL,x_R10_EXIT_G,0.00010646199212191493
26,89,x_R03_EXIT_STAIRWELL,x_R10_EXIT_STAIRWELL,0.0006469613367408677
26,91,x_R03_EXIT_STAIRWELL,x_R11_EXIT_B,0.00022111336825320795
26,95,x_R03_EXIT_STAIRWELL,x_R11_EXIT_F,0.0002866284403282325
26,96,x_R03_EXIT_STAIRWELL,x_R11_EXIT_G,0.0005896356486752212
26,98,x_R03_EXIT_STAIRWELL,x_R11_EXIT_STAIRWELL,0.0006469613367408677
26,100,x_R03_EXIT_STAIRWELL,x_R12_EXIT_B,0.0020473460023445176
26,103,x_R03_EXIT_STAIRWELL,x_R12_EXIT_E,0.0013921952815942724
26,104,x_R03_EXIT_STAIRWELL,x_R12_EXIT_F,0.001965452162250737
26,105,x_R03_EXIT_STAIRWELL,x_R12_EXIT_G,0.0011792712973504424
26,107,x_R03_EXIT_STAIRWELL,x_R12_EXIT_STAIRWELL,0.0026861179550760074
26,109,x_R03_EXIT_STAIRWELL,x_R13_EXIT_B,0.00022111336825320795
26,116,x_R03_EXIT_STAIRWELL,x_R13_EXIT_STAIRWELL,0.0003275753603751229
26,118,x_R03_EXIT_STAIRWELL,x_R14_EXIT_B,0.00022111336825320795
26,125,x_R03_EXIT_STAIRWELL,x_R14_EXIT_STAIRWELL,0.0003275753603751229
26,127,x_R03_EXIT_STAIRWELL,x_R15_EXIT_B,0.00011055668412660398
26,131,x_R03_EXIT_STAIRWELL,x_R15_EXIT_F,0.00014331422016411626
26,134,x_R03_EXIT_STAIRWELL,x_R15_EXIT_STAIRWELL,0.00032348066837043383
26,136,x_R03_EXIT_STAIRWELL,x_R16_EXIT_B,0.00022111336825320795
26,140,x_R03_EXIT_STAIRWELL,x_R16_EXIT_F,0.0002866284403282325
26,141,x_R03_EXIT_STAIRWELL,x_R16_EXIT_G,0.00010646199212191493
26,143,x_R03_EXIT_STAIRWELL,x_R16_EXIT_STAIRWELL,0.0006469613367408677
26,153,x_R03_EXIT_STAIRWELL,x_R24_EXIT_A,0.00042584796848765973
26,154,x_R03_EXIT_STAIRWELL,x_R24_EXIT_B,0.004225722148839085
26,158,x_R03_EXIT_STAIRWELL,x_R24_EXIT_F,0.0003603328964126351
26,159,x_R03_EXIT_STAIRWELL,x_R24_EXIT_G,0.0004258479684876597
26,160,x_R03_EXIT_STAIRWELL,x_R24_EXIT_H,0.00042584796848765973
26,161,x_R03_EXIT_STAIRWELL,x_R24_EXIT_STAIRWELL,0.0010809986892379056
26,163,x_R03_EXIT_STAIRWELL,x_R25_EXIT_B,0.00022111336825320795
26,167,x_R03_EXIT_STAIRWELL,x_R25_EXIT_F,0.0002866284403282325
26,168,x_R03_EXIT_STAIRWELL,x_R25_EXIT_G,0.00010646199212191493
26,170,x_R03_EXIT_STAIRWELL,x_R25_EXIT_STAIRWELL,0.0006469613367408677
26,172,x_R03_EXIT_STAIRWELL,x_R28_EXIT_B,0.0018999370901757126
26,173,x_R03_EXIT_STAIRWELL,x_R28_EXIT_C,0.0005896356486752212
26,174,x_R03_EXIT_STAIRWELL,x_R28_EXIT_D,0.00010646199212191493
26,179,x_R03_EXIT_STAIRWELL,x_R28_EXIT_STAIRWELL,0.0003275753603751229
26,181,x_R03_EXIT_STAIRWELL,x_R29_EXIT_B,0.0018999370901757126
26,182,x_R03_EXIT_STAIRWELL,x_R29_EXIT_C,0.0005896356486752212
26,183,x_R03_EXIT_STAIRWELL,x_R29_EXIT_D,0.00010646199212191493
26,188,x_R03_EXIT_STAIRWELL,x_R29_EXIT_STAIRWELL,0.0003275753603751229
26,190,x_R03_EXIT_STAIRWELL,x_R30_EXIT_B,0.0018999370901757126
26,191,x_R03_EXIT_STAIRWELL,x_R30_EXIT_C,0.0005896356486752212
26,192,x_R03_EXIT_STAIRWELL,x_R30_EXIT_D,0.00010646199212191493
26,197,x_R03_EXIT_STAIRWELL,x_R30_EXIT_STAIRWELL,0.0003275753603751229
26,199,x_R03_EXIT_STAIRWELL,x_R31_EXIT_B,0.0018999370901757126
26,200,x_R03_EXIT_STAIRWELL,x_R31_EXIT_C,0.00010646199212191493
26,201,x_R03_EXIT_STAIRWELL,x_R31_EXIT_D,0.00010646199212191493
26,206,x_R03_EXIT_STAIRWELL,x_R31_EXIT_STAIRWELL,0.0003275753603751229
26,208,x_R03_EXIT_STAIRWELL,x_R32_EXIT_B,0.0022193230665414573
26,215,x_R03_EXIT_STAIRWELL,x_R32_EXIT_STAIRWELL,0.0003275753603751229
26,217,x_R03_EXIT_STAIRWELL,x_R33_EXIT_B,0.0022193230665414573
26,224,x_R03_EXIT_STAIRWELL,x_R33_EXIT_STAIRWELL,0.0003275753603751229
26,226,x_R03_EXIT_STAIRWELL,x_R34_EXIT_B,0.0022193230665414573
26,233,x_R03_EXIT_STAIRWELL,x_R34_EXIT_STAIRWELL,0.0003275753603751229
26,235,x_R03_EXIT_STAIRWELL,x_R35_EXIT_B,0.00022111336825320795
26,242,x_R03_EXIT_STAIRWELL,x_R35_EXIT_STAIRWELL,0.0003275753603751229
26,244,x_R03_EXIT_STAIRWELL,x_R36_EXIT_B,0.0011055668412660396
26,245,x_R03_EXIT_STAIRWELL,x_R36_EXIT_C,0.0029481782433761054
26,246,x_R03_EXIT_STAIRWELL,x_R36_EXIT_D,0.0005323099606095745
26,251,x_R03_EXIT_STAIRWELL,x_R36_EXIT_STAIRWELL,0.0016378768018756142
27,27,x_R04_EXIT_A,x_R04_EXIT_A,-0.817979738452458
27,28,x_R04_EXIT_A,x_R04_EXIT_B,1.6743257822097892
27,29,x_R04_EXIT_A,x_R04_EXIT_C,1.6745468955780425
27,30,x_R04_EXIT_A,x_R04_EXIT_D,1.6745468955780425
27,31,x_R04_EXIT_A,x_R04_EXIT_E,1.6745468955780425
27,32,x_R04_EXIT_A,x_R04_EXIT_F,1.6745468955780425
27,33,x_R04_EXIT_A,x_R04_EXIT_G,1.6745468955780425
27,34,x_R04_EXIT_A,x_R04_EXIT_H,1.67484171340238
27,35,x_R04_EXIT_A,x_R04_EXIT_STAIRWELL,1.6745468955780425
27,36,x_R04_EXIT_A,x_R05_EXIT_A,0.0009909154651347462
27,37,x_R04_EXIT_A,x_R05_EXIT_B,0.00022111336825320795
27,43,x_R04_EXIT_A,x_R05_EXIT_H,0.0002948178243376106
27,45,x_R04_EXIT_A,x_R06_EXIT_A,0.0009909154651347462
27,46,x_R04_EXIT_A,x_R06_EXIT_B,0.00022111336825320795
27,52,x_R04_EXIT_A,x_R06_EXIT_H,0.0002948178243376106
27,54,x_R04_EXIT_A,x_R07_EXIT_A,0.0009909154651347462
27,55,x_R04_EXIT_A,x_R07_EXIT_B,0.00022111336825320795
27,61,x_R04_EXIT_A,x_R07_EXIT_H,0.0002948178243376106
27,63,x_R04_EXIT_A,x_R08_EXIT_A,0.0003275753603751229
27,64,x_R04_EXIT_A,x_R08_EXIT_B,0.0008844534730128318
27,65,x_R04_EXIT_A,x_R08_EXIT_C,0.0006633401047596237
27,72,x_R04_EXIT_A,x_R09_EXIT_A,0.0003275753603751229
27,73,x_R04_EXIT_A,x_R09_EXIT_B,0.0008844534730128318
27,74,x_R04_EXIT_A,x_R09_EXIT_C,0.0006633401047596237
27,81,x_R04_EXIT_A,x_R10_EXIT_A,0.0009909154651347462
27,82,x_R04_EXIT_A,x_R10_EXIT_B,0.00022111336825320795
27,90,x_R04_EXIT_A,x_R11_EXIT_A,0.0009909154651347462
27,91,x_R04_EXIT_A,x_R11_EXIT_B,0.00022111336825320795
27,97,x_R04_EXIT_A,x_R11_EXIT_H,0.0002948178243376106
27,99,x_R04_EXIT_A,x_R12_EXIT_A,0.001392195281594272
27,100,x_R04_EXIT_A,x_R12_EXIT_B,0.0004422267365064159
27,108,x_R04_EXIT_A,x_R13_EXIT_A,0.0003275753603751229
27,109,x_R04_EXIT_A,x_R13_EXIT_B,0.0005159311925908185
27,110,x_R04_EXIT_A,x_R13_EXIT_C,0.0002948178243376106
27,117,x_R04_EXIT_A,x_R14_EXIT_A,0.0003275753603751229
27,118,x_R04_EXIT_A,x_R14_EXIT_B,0.0005159311925908185
27,119,x_R04_EXIT_A,x_R14_EXIT_C,0.0002948178243376106
27,126,x_R04_EXIT_A,x_R15_EXIT_A,0.0004954577325673731
27,127,x_R04_EXIT_A,x_R15_EXIT_B,0.00011055668412660398
27,135,x_R04_EXIT_A,x_R16_EXIT_A,0.0009909154651347462
27,136,x_R04_EXIT_A,x_R16_EXIT_B,0.00022111336825320795
27,153,x_R04_EXIT_A,x_R24_EXIT_A,0.001392195281594272
27,154,x_R04_EXIT_A,x_R24_EXIT_B,0.0004422267365064159
27,162,x_R04_EXIT_A,x_R25_EXIT_A,0.0009909154651347462
27,163,x_R04_EXIT_A,x_R25_EXIT_B,0.00022111336825320795
27,171,x_R04_EXIT_A,x_R28_EXIT_A,0.000696097640797136
27,172,x_R04_EXIT_A,x_R28_EXIT_B,0.00022111336825320795
27,180,x_R04_EXIT_A,x_R29_EXIT_A,0.000696097640797136
27,181,x_R04_EXIT_A,x_R29_EXIT_B,0.00022111336825320795
27,189,x_R04_EXIT_A,x_R30_EXIT_A,0.000696097640797136
27,190,x_R04_EXIT_A,x_R30_EXIT_B,0.00022111336825320795
27,198,x_R04_EXIT_A,x_R31_EXIT_A,0.000696097640797136
27,199,x_R04_EXIT_A,x_R31_EXIT_B,0.00022111336825320795
27,207,x_R04_EXIT_A,x_R32_EXIT_A,0.000696097640797136
27,208,x_R04_EXIT_A,x_R32_EXIT_B,0.00022111336825320795
27,216,x_R04_EXIT_A,x_R33_EXIT_A,0.000696097640797136
27,217,x_R04_EXIT_A,x_R33_EXIT_B,0.00022111336825320795
27,225,x_R04_EXIT_A,x_R34_EXIT_A,0.000696097640797136
27,226,x_R04_EXIT_A,x_R34_EXIT_B,0.00022111336825320795
27,234,x_R04_EXIT_A,x_R35_EXIT_A,0.0003275753603751229
27,235,x_R04_EXIT_A,x_R35_EXIT_B,0.0008844534730128318
27,236,x_R04_EXIT_A,x_R35_EXIT_C,0.0006633401047596237
27,237,x_R04_EXIT_A,x_R35_EXIT_D,0.0003685222804220132
27,238,x_R04_EXIT_A,x_R35_EXIT_E,0.0003685222804220132
27,239,x_R04_EXIT_A,x_R35_EXIT_F,0.0003685222804220132
27,240,x_R04_EXIT_A,x_R35_EXIT_G,0.0003685222804220132
27,242,x_R04_EXIT_A,x_R35_EXIT_STAIRWELL,0.0003685222804220132
27,243,x_R04_EXIT_A,x_R36_EXIT_A,0.00348048820398568
27,244,x_R04_EXIT_A,x_R36_EXIT_B,0.002579655962954092
28,28,x_R04_EXIT_B,x_R04_EXIT_B,-0.8319048578530325
28,29,x_R04_EXIT_B,x_R04_EXIT_C,1.6743257822097892
28,30,x_R04_EXIT_B,x_R04_EXIT_D,1.6743257822097892
28,31,x_R04_EXIT_B,x_R04_EXIT_E,1.6743257822097892
28,32,x_R04_EXIT_B,x_R04_EXIT_F,1.6743257822097892
28,33,x_R04_EXIT_B,x_R04_EXIT_G,1.6743257822097892
28,34,x_R04_EXIT_B,x_R04_EXIT_H,1.6743257822097892
28,35,x_R04_EXIT_B,x_R04_EXIT_STAIRWELL,1.6743257822097892
28,37,x_R04_EXIT_B,x_R05_EXIT_B,0.00010646199212191492
28,46,x_R04_EXIT_B,x_R06_EXIT_B,0.00010646199212191492
28,55,x_R04_EXIT_B,x_R07_EXIT_B,0.00010646199212191492
28,64,x_R04_EXIT_B,x_R08_EXIT_B,0.00010646199212191492
28,73,x_R04_EXIT_B,x_R09_EXIT_B,0.00010646199212191492
28,82,x_R04_EXIT_B,x_R10_EXIT_B,0.00010646199212191492
28,91,x_R04_EXIT_B,x_R11_EXIT_B,0.00010646199212191492
28,100,x_R04_EXIT_B,x_R12_EXIT_B,0.00021292398424382984
28,109,x_R04_EXIT_B,x_R13_EXIT_B,0.00010646199212191492
28,118,x_R04_EXIT_B,x_R14_EXIT_B,0.00010646199212191492
28,136,x_R04_EXIT_B,x_R16_EXIT_B,0.00010646199212191492
28,154,x_R04_EXIT_B,x_R24_EXIT_B,0.00021292398424382984
28,163,x_R04_EXIT_B,x_R25_EXIT_B,0.00010646199212191492
28,172,x_R04_EXIT_B,x_R28_EXIT_B,0.00010646199212191492
28,181,x_R04_EXIT_B,x_R29_EXIT_B,0.00010646199212191492
28,190,x_R04_EXIT_B,x_R30_EXIT_B,0.00010646199212191492
28,199,x_R04_EXIT_B,x_R31_EXIT_B,0.00010646199212191492
28,208,x_R04_EXIT_B,x_R32_EXIT_B,0.00010646199212191492
28,217,x_R04_EXIT_B,x_R33_EXIT_B,0.00010646199212191492
28,226,x_R04_EXIT_B,x_R34_EXIT_B,0.00010646199212191492
28,235,x_R04_EXIT_B,x_R35_EXIT_B,0.00010646199212191492
28,244,x_R04_EXIT_B,x_R36_EXIT_B,0.0005323099606095745
29,29,x_R04_EXIT_C,x_R04_EXIT_C,-0.817979738452458
29,30,x_R04_EXIT_C,x_R04_EXIT_D,1.6752102356828023
29,31,x_R04_EXIT_C,x_R04_EXIT_E,1.6745468955780425
29,32,x_R04_EXIT_C,x_R04_EXIT_F,1.6745468955780425
29,33,x_R04_EXIT_C,x_R04_EXIT_G,1.6745468955780425
29,34,x_R04_EXIT_C,x_R04_EXIT_H,1.6745468955780425
29,35,x_R04_EXIT_C,x_R04_EXIT_STAIRWELL,1.6745468955780425
29,36,x_R04_EXIT_C,x_R05_EXIT_A,0.0008844534730128318
29,37,x_R04_EXIT_C,x_R05_EXIT_B,0.0011055668412660396
29,38,x_R04_EXIT_C,x_R05_EXIT_C,0.00010646199212191492
29,39,x_R04_EXIT_C,x_R05_EXIT_D,0.00022111336825320795
29,40,x_R04_EXIT_C,x_R05_EXIT_E,0.00022111336825320795
29,41,x_R04_EXIT_C,x_R05_EXIT_F,0.00022111336825320795
29,42,x_R04_EXIT_C,x_R05_EXIT_G,0.00022111336825320795
29,43,x_R04_EXIT_C,x_R05_EXIT_H,0.0008844534730128318
29,44,x_R04_EXIT_C,x_R05_EXIT_STAIRWELL,0.00022111336825320795
29,45,x_R04_EXIT_C,x_R06_EXIT_A,0.0008844534730128318
29,46,x_R04_EXIT_C,x_R06_EXIT_B,0.0011055668412660396
29,47,x_R04_EXIT_C,x_R06_EXIT_C,0.00010646199212191492
29,48,x_R04_EXIT_C,x_R06_EXIT_D,0.00022111336825320795
29,49,x_R04_EXIT_C,x_R06_EXIT_E,0.00022111336825320795
29,50,x_R04_EXIT_C,x_R06_EXIT_F,0.00022111336825320795
29,51,x_R04_EXIT_C,x_R06_EXIT_G,0.00022111336825320795
29,52,x_R04_EXIT_C,x_R06_EXIT_H,0.0008844534730128318
29,53,x_R04_EXIT_C,x_R06_EXIT_STAIRWELL,0.00022111336825320795
29,54,x_R04_EXIT_C,x_R07_EXIT_A,0.0006633401047596237
29,55,x_R04_EXIT_C,x_R07_EXIT_B,0.0008844534730128318
29,56,x_R04_EXIT_C,x_R07_EXIT_C,0.00032757536037512284
29,61,x_R04_EXIT_C,x_R07_EXIT_H,0.0006633401047596237
29,64,x_R04_EXIT_C,x_R08_EXIT_B,0.00022111336825320795
29,65,x_R04_EXIT_C,x_R08_EXIT_C,0.0009909154651347467
29,73,x_R04_EXIT_C,x_R09_EXIT_B,0.00022111336825320795
29,74,x_R04_EXIT_C,x_R09_EXIT_C,0.0009909154651347467
29,81,x_R04_EXIT_C,x_R10_EXIT_A,0.0006633401047596237
29,82,x_R04_EXIT_C,x_R10_EXIT_B,0.0008844534730128318
29,83,x_R04_EXIT_C,x_R10_EXIT_C,0.00032757536037512284
29,90,x_R04_EXIT_C,x_R11_EXIT_A,0.0006633401047596237
29,91,x_R04_EXIT_C,x_R11_EXIT_B,0.0008844534730128318
29,92,x_R04_EXIT_C,x_R11_EXIT_C,0.00032757536037512284
29,97,x_R04_EXIT_C,x_R11_EXIT_H,0.0006633401047596237
29,100,x_R04_EXIT_C,x_R12_EXIT_B,0.0004422267365064159
29,101,x_R04_EXIT_C,x_R12_EXIT_C,0.0006551507207502457
29,109,x_R04_EXIT_C,x_R13_EXIT_B,0.00022111336825320795
29,110,x_R04_EXIT_C,x_R13_EXIT_C,0.0009909154651347467
29,118,x_R04_EXIT_C,x_R14_EXIT_B,0.00022111336825320795
29,119,x_R04_EXIT_C,x_R14_EXIT_C,0.0009909154651347467
29,126,x_R04_EXIT_C,x_R15_EXIT_A,0.00033167005237981186
29,127,x_R04_EXIT_C,x_R15_EXIT_B,0.0004422267365064159
29,128,x_R04_EXIT_C,x_R15_EXIT_C,0.00016378768018756142
29,135,x_R04_EXIT_C,x_R16_EXIT_A,0.0006633401047596237
29,136,x_R04_EXIT_C,x_R16_EXIT_B,0.0008844534730128318
29,137,x_R04_EXIT_C,x_R16_EXIT_C,0.00032757536037512284
29,154,x_R04_EXIT_C,x_R24_EXIT_B,0.0004422267365064159
29,155,x_R04_EXIT_C,x_R24_EXIT_C,0.0006551507207502457
29,162,x_R04_EXIT_C,x_R25_EXIT_A,0.0006633401047596237
29,163,x_R04_EXIT_C,x_R25_EXIT_B,0.0008844534730128318
29,164,x_R04_EXIT_C,x_R25_EXIT_C,0.00032757536037512284
29,172,x_R04_EXIT_C,x_R28_EXIT_B,0.00022111336825320795
29,173,x_R04_EXIT_C,x_R28_EXIT_C,0.00032757536037512284
29,181,x_R04_EXIT_C,x_R29_EXIT_B,0.00022111336825320795
29,182,x_R04_EXIT_C,x_R29_EXIT_C,0.00032757536037512284
29,190,x_R04_EXIT_C,x_R30_EXIT_B,0.00022111336825320795
29,191,x_R04_EXIT_C,x_R30_EXIT_C,0.00032757536037512284
29,199,x_R04_EXIT_C,x_R31_EXIT_B,0.00022111336825320795
29,200,x_R04_EXIT_C,x_R31_EXIT_C,0.00032757536037512284
29,208,x_R04_EXIT_C,x_R32_EXIT_B,0.00022111336825320795
29,209,x_R04_EXIT_C,x_R32_EXIT_C,0.00032757536037512284
29,217,x_R04_EXIT_C,x_R33_EXIT_B,0.00022111336825320795
29,218,x_R04_EXIT_C,x_R33_EXIT_C,0.00032757536037512284
29,226,x_R04_EXIT_C,x_R34_EXIT_B,0.00022111336825320795
29,227,x_R04_EXIT_C,x_R34_EXIT_C,0.00032757536037512284
29,235,x_R04_EXIT_C,x_R35_EXIT_B,0.00022111336825320795
29,236,x_R04_EXIT_C,x_R35_EXIT_C,0.0009909154651347467
29,244,x_R04_EXIT_C,x_R36_EXIT_B,0.0011055668412660396
29,245,x_R04_EXIT_C,x_R36_EXIT_C,0.001637876801875614
30,30,x_R04_EXIT_D,x_R04_EXIT_D,-0.8075123544230001
30,31,x_R04_EXIT_D,x_R04_EXIT_E,1.6745468955780425
30,32,x_R04_EXIT_D,x_R04_EXIT_F,1.6745468955780425
30,33,x_R04_EXIT_D,x_R04_EXIT_G,1.6745468955780425
30,34,x_R04_EXIT_D,x_R04_EXIT_H,1.6745468955780425
30,35,x_R04_EXIT_D,x_R04_EXIT_STAIRWELL,1.6745468955780425
30,36,x_R04_EXIT_D,x_R05_EXIT_A,0.0006633401047596237
30,37,x_R04_EXIT_D,x_R05_EXIT_B,0.0008844534730128318
30,39,x_R04_EXIT_D,x_R05_EXIT_D,0.0012038394493785764
30,40,x_R04_EXIT_D,x_R05_EXIT_E,0.000581446264665843
30,41,x_R04_EXIT_D,x_R05_EXIT_F,0.000581446264665843
30,42,x_R04_EXIT_D,x_R05_EXIT_G,0.0005077418085814403
30,43,x_R04_EXIT_D,x_R05_EXIT_H,0.0006633401047596237
30,44,x_R04_EXIT_D,x_R05_EXIT_STAIRWELL,0.000581446264665843
30,45,x_R04_EXIT_D,x_R06_EXIT_A,0.0006633401047596237
30,46,x_R04_EXIT_D,x_R06_EXIT_B,0.0008844534730128318
30,48,x_R04_EXIT_D,x_R06_EXIT_D,0.0012038394493785764
30,49,x_R04_EXIT_D,x_R06_EXIT_E,0.000581446264665843
30,50,x_R04_EXIT_D,x_R06_EXIT_F,0.000581446264665843
30,51,x_R04_EXIT_D,x_R06_EXIT_G,0.0005077418085814403
30,52,x_R04_EXIT_D,x_R06_EXIT_H,0.0006633401047596237
30,53,x_R04_EXIT_D,x_R06_EXIT_STAIRWELL,0.000581446264665843
30,54,x_R04_EXIT_D,x_R07_EXIT_A,0.0006633401047596237
30,55,x_R04_EXIT_D,x_R07_EXIT_B,0.0008844534730128318
30,57,x_R04_EXIT_D,x_R07_EXIT_D,0.0003275753603751229
30,58,x_R04_EXIT_D,x_R07_EXIT_E,0.000581446264665843
30,59,x_R04_EXIT_D,x_R07_EXIT_F,0.000581446264665843
30,60,x_R04_EXIT_D,x_R07_EXIT_G,0.0005077418085814403
30,61,x_R04_EXIT_D,x_R07_EXIT_H,0.0006633401047596237
30,62,x_R04_EXIT_D,x_R07_EXIT_STAIRWELL,0.000581446264665843
30,64,x_R04_EXIT_D,x_R08_EXIT_B,0.00022111336825320795
30,65,x_R04_EXIT_D,x_R08_EXIT_C,0.0006633401047596237
30,66,x_R04_EXIT_D,x_R08_EXIT_D,0.0006960976407971362
30,73,x_R04_EXIT_D,x_R09_EXIT_B,0.00022111336825320795
30,74,x_R04_EXIT_D,x_R09_EXIT_C,0.0006633401047596237
30,75,x_R04_EXIT_D,x_R09_EXIT_D,0.0006960976407971362
30,81,x_R04_EXIT_D,x_R10_EXIT_A,0.0006633401047596237
30,82,x_R04_EXIT_D,x_R10_EXIT_B,0.0008844534730128318
30,84,x_R04_EXIT_D,x_R10_EXIT_D,0.0003275753603751229
30,85,x_R04_EXIT_D,x_R10_EXIT_E,0.0002948178243376106
30,86,x_R04_EXIT_D,x_R10_EXIT_F,0.0002948178243376106
30,87,x_R04_EXIT_D,x_R10_EXIT_G,0.0002948178243376106
30,88,x_R04_EXIT_D,x_R10_EXIT_H,0.0003685222804220132
30,89,x_R04_EXIT_D,x_R10_EXIT_STAIRWELL,0.0002948178243376106
30,90,x_R04_EXIT_D,x_R11_EXIT_A,0.0006633401047596237
30,91,x_R04_EXIT_D,x_R11_EXIT_B,0.0008844534730128318
30,93,x_R04_EXIT_D,x_R11_EXIT_D,0.0003275753603751229
30,94,x_R04_EXIT_D,x_R11_EXIT_E,0.000581446264665843
30,95,x_R04_EXIT_D,x_R11_EXIT_F,0.000581446264665843
30,96,x_R04_EXIT_D,x_R11_EXIT_G,0.0005077418085814403
30,97,x_R04_EXIT_D,x_R11_EXIT_H,0.0006633401047596237
30,98,x_R04_EXIT_D,x_R11_EXIT_STAIRWELL,0.000581446264665843
30,100,x_R04_EXIT_D,x_R12_EXIT_B,0.0004422267365064159
30,101,x_R04_EXIT_D,x_R12_EXIT_C,0.00036033289641263514
30,102,x_R04_EXIT_D,x_R12_EXIT_D,0.0013921952815942724
30,109,x_R04_EXIT_D,x_R13_EXIT_B,0.00022111336825320795
30,110,x_R04_EXIT_D,x_R13_EXIT_C,0.0006633401047596237
30,111,x_R04_EXIT_D,x_R13_EXIT_D,0.0006960976407971362
30,118,x_R04_EXIT_D,x_R14_EXIT_B,0.00022111336825320795
30,119,x_R04_EXIT_D,x_R14_EXIT_C,0.0006633401047596237
30,120,x_R04_EXIT_D,x_R14_EXIT_D,0.0006960976407971362
30,126,x_R04_EXIT_D,x_R15_EXIT_A,0.00033167005237981186
30,127,x_R04_EXIT_D,x_R15_EXIT_B,0.0004422267365064159
30,129,x_R04_EXIT_D,x_R15_EXIT_D,0.00016378768018756145
30,130,x_R04_EXIT_D,x_R15_EXIT_E,0.0001474089121688053
30,131,x_R04_EXIT_D,x_R15_EXIT_F,0.0001474089121688053
30,132,x_R04_EXIT_D,x_R15_EXIT_G,0.0001474089121688053
30,133,x_R04_EXIT_D,x_R15_EXIT_H,0.0001842611402110066
30,134,x_R04_EXIT_D,x_R15_EXIT_STAIRWELL,0.0001474089121688053
30,135,x_R04_EXIT_D,x_R16_EXIT_A,0.0006633401047596237
30,136,x_R04_EXIT_D,x_R16_EXIT_B,0.0008844534730128318
30,138,x_R04_EXIT_D,x_R16_EXIT_D,0.0003275753603751229
30,139,x_R04_EXIT_D,x_R16_EXIT_E,0.0002948178243376106
30,140,x_R04_EXIT_D,x_R16_EXIT_F,0.0002948178243376106
30,141,x_R04_EXIT_D,x_R16_EXIT_G,0.0002948178243376106
30,142,x_R04_EXIT_D,x_R16_EXIT_H,0.0003685222804220132
30,143,x_R04_EXIT_D,x_R16_EXIT_STAIRWELL,0.0002948178243376106
30,154,x_R04_EXIT_D,x_R24_EXIT_B,0.0004422267365064159
30,155,x_R04_EXIT_D,x_R24_EXIT_C,0.001162892529331686
30,156,x_R04_EXIT_D,x_R24_EXIT_D,0.001244786369425467
30,162,x_R04_EXIT_D,x_R25_EXIT_A,0.0017607175620162853
30,163,x_R04_EXIT_D,x_R25_EXIT_B,0.001981830930269493
30,164,x_R04_EXIT_D,x_R25_EXIT_C,0.0010973774572566612
30,165,x_R04_EXIT_D,x_R25_EXIT_D,0.00010646199212191493
30,166,x_R04_EXIT_D,x_R25_EXIT_E,0.0005159311925908185
30,167,x_R04_EXIT_D,x_R25_EXIT_F,0.0005159311925908185
30,168,x_R04_EXIT_D,x_R25_EXIT_G,0.0005159311925908185
30,169,x_R04_EXIT_D,x_R25_EXIT_H,0.0005896356486752212
30,170,x_R04_EXIT_D,x_R25_EXIT_STAIRWELL,0.0005159311925908185
30,172,x_R04_EXIT_D,x_R28_EXIT_B,0.00022111336825320795
30,173,x_R04_EXIT_D,x_R28_EXIT_C,0.00018016644820631757
30,174,x_R04_EXIT_D,x_R28_EXIT_D,0.0006223931847127334
30,181,x_R04_EXIT_D,x_R29_EXIT_B,0.00022111336825320795
30,182,x_R04_EXIT_D,x_R29_EXIT_C,0.00018016644820631757
30,183,x_R04_EXIT_D,x_R29_EXIT_D,0.0006223931847127334
30,190,x_R04_EXIT_D,x_R30_EXIT_B,0.00022111336825320795
30,191,x_R04_EXIT_D,x_R30_EXIT_C,0.00018016644820631757
30,192,x_R04_EXIT_D,x_R30_EXIT_D,0.0006223931847127334
30,199,x_R04_EXIT_D,x_R31_EXIT_B,0.00022111336825320795
30,200,x_R04_EXIT_D,x_R31_EXIT_C,0.000581446264665843
30,201,x_R04_EXIT_D,x_R31_EXIT_D,0.0006223931847127334
30,208,x_R04_EXIT_D,x_R32_EXIT_B,0.00022111336825320795
30,209,x_R04_EXIT_D,x_R32_EXIT_C,0.000581446264665843
30,210,x_R04_EXIT_D,x_R32_EXIT_D,0.0006223931847127334
30,217,x_R04_EXIT_D,x_R33_EXIT_B,0.00022111336825320795
30,218,x_R04_EXIT_D,x_R33_EXIT_C,0.000581446264665843
30,219,x_R04_EXIT_D,x_R33_EXIT_D,0.0006223931847127334
30,226,x_R04_EXIT_D,x_R34_EXIT_B,0.00022111336825320795
30,227,x_R04_EXIT_D,x_R34_EXIT_C,0.000581446264665843
30,228,x_R04_EXIT_D,x_R34_EXIT_D,0.0006223931847127334
30,235,x_R04_EXIT_D,x_R35_EXIT_B,0.00022111336825320795
30,236,x_R04_EXIT_D,x_R35_EXIT_C,0.0006633401047596237
30,237,x_R04_EXIT_D,x_R35_EXIT_D,0.0006960976407971362
30,244,x_R04_EXIT_D,x_R36_EXIT_B,0.0011055668412660396
30,245,x_R04_EXIT_D,x_R36_EXIT_C,0.0009008322410315878
30,246,x_R04_EXIT_D,x_R36_EXIT_D,0.0031119659235636665
31,31,x_R04_EXIT_E,x_R04_EXIT_E,-0.7994051013925074
31,32,x_R04_EXIT_E,x_R04_EXIT_F,1.676332181292087
31,33,x_R04_EXIT_E,x_R04_EXIT_G,1.676225719299965
31,34,x_R04_EXIT_E,x_R04_EXIT_H,1.6745468955780425
31,35,x_R04_EXIT_E,x_R04_EXIT_STAIRWELL,1.676332181292087
31,37,x_R04_EXIT_E,x_R05_EXIT_B,0.00022111336825320795
31,40,x_R04_EXIT_E,x_R05_EXIT_E,0.002014588466307005
31,42,x_R04_EXIT_E,x_R05_EXIT_G,0.0005896356486752212
31,46,x_R04_EXIT_E,x_R06_EXIT_B,0.00022111336825320795
31,49,x_R04_EXIT_E,x_R06_EXIT_E,0.002014588466307005
31,51,x_R04_EXIT_E,x_R06_EXIT_G,0.0005896356486752212
31,55,x_R04_EXIT_E,x_R07_EXIT_B,0.00022111336825320795
31,58,x_R04_EXIT_E,x_R07_EXIT_E,0.002014588466307005
31,60,x_R04_EXIT_E,x_R07_EXIT_G,0.0005896356486752212
31,64,x_R04_EXIT_E,x_R08_EXIT_B,0.00022111336825320795
31,67,x_R04_EXIT_E,x_R08_EXIT_E,0.0015723617298005895
31,73,x_R04_EXIT_E,x_R09_EXIT_B,0.00022111336825320795
31,76,x_R04_EXIT_E,x_R09_EXIT_E,0.0015723617298005895
31,82,x_R04_EXIT_E,x_R10_EXIT_B,0.00022111336825320795
31,85,x_R04_EXIT_E,x_R10_EXIT_E,0.002014588466307005
31,87,x_R04_EXIT_E,x_R10_EXIT_G,0.00018016644820631757
31,91,x_R04_EXIT_E,x_R11_EXIT_B,0.00022111336825320795
31,94,x_R04_EXIT_E,x_R11_EXIT_E,0.002014588466307005
31,96,x_R04_EXIT_E,x_R11_EXIT_G,0.0005896356486752212
31,100,x_R04_EXIT_E,x_R12_EXIT_B,0.0020473460023445176
31,103,x_R04_EXIT_E,x_R12_EXIT_E,0.0055687811263770886
31,104,x_R04_EXIT_E,x_R12_EXIT_F,0.0013921952815942724
31,105,x_R04_EXIT_E,x_R12_EXIT_G,0.0011792712973504424
31,107,x_R04_EXIT_E,x_R12_EXIT_STAIRWELL,0.0013921952815942724
31,109,x_R04_EXIT_E,x_R13_EXIT_B,0.00022111336825320795
31,112,x_R04_EXIT_E,x_R13_EXIT_E,0.0015723617298005895
31,118,x_R04_EXIT_E,x_R14_EXIT_B,0.00022111336825320795
31,121,x_R04_EXIT_E,x_R14_EXIT_E,0.0015723617298005895
31,127,x_R04_EXIT_E,x_R15_EXIT_B,0.00011055668412660398
31,130,x_R04_EXIT_E,x_R15_EXIT_E,0.0010072942331535025
31,136,x_R04_EXIT_E,x_R16_EXIT_B,0.00022111336825320795
31,139,x_R04_EXIT_E,x_R16_EXIT_E,0.002014588466307005
31,141,x_R04_EXIT_E,x_R16_EXIT_G,0.00018016644820631757
31,153,x_R04_EXIT_E,x_R24_EXIT_A,0.00021292398424382986
31,154,x_R04_EXIT_E,x_R24_EXIT_B,0.004012798164595255
31,157,x_R04_EXIT_E,x_R24_EXIT_E,0.0037343591082764005
31,160,x_R04_EXIT_E,x_R24_EXIT_H,0.00021292398424382986
31,163,x_R04_EXIT_E,x_R25_EXIT_B,0.00022111336825320795
31,166,x_R04_EXIT_E,x_R25_EXIT_E,0.002014588466307005
31,168,x_R04_EXIT_E,x_R25_EXIT_G,0.00018016644820631757
31,172,x_R04_EXIT_E,x_R28_EXIT_B,0.0018999370901757126
31,173,x_R04_EXIT_E,x_R28_EXIT_C,0.0005896356486752212
31,174,x_R04_EXIT_E,x_R28_EXIT_D,0.00018016644820631757
31,175,x_R04_EXIT_E,x_R28_EXIT_E,0.0015723617298005895
31,181,x_R04_EXIT_E,x_R29_EXIT_B,0.0018999370901757126
31,182,x_R04_EXIT_E,x_R29_EXIT_C,0.0005896356486752212
31,183,x_R04_EXIT_E,x_R29_EXIT_D,0.00018016644820631757
31,184,x_R04_EXIT_E,x_R29_EXIT_E,0.0015723617298005895
31,190,x_R04_EXIT_E,x_R30_EXIT_B,0.0018999370901757126
31,191,x_R04_EXIT_E,x_R30_EXIT_C,0.0005896356486752212
31,192,x_R04_EXIT_E,x_R30_EXIT_D,0.00018016644820631757
31,193,x_R04_EXIT_E,x_R30_EXIT_E,0.0015723617298005895
31,199,x_R04_EXIT_E,x_R31_EXIT_B,0.0018999370901757126
31,200,x_R04_EXIT_E,x_R31_EXIT_C,0.0002948178243376106
31,201,x_R04_EXIT_E,x_R31_EXIT_D,0.0002948178243376106
31,202,x_R04_EXIT_E,x_R31_EXIT_E,0.0015723617298005895
31,208,x_R04_EXIT_E,x_R32_EXIT_B,0.0020063990822976273
31,209,x_R04_EXIT_E,x_R32_EXIT_C,0.0002948178243376106
31,210,x_R04_EXIT_E,x_R32_EXIT_D,0.0002948178243376106
31,211,x_R04_EXIT_E,x_R32_EXIT_E,0.0015723617298005895
31,216,x_R04_EXIT_E,x_R33_EXIT_A,0.0008107490169284291
31,217,x_R04_EXIT_E,x_R33_EXIT_B,0.002817148099226057
31,218,x_R04_EXIT_E,x_R33_EXIT_C,0.0011055668412660396
31,219,x_R04_EXIT_E,x_R33_EXIT_D,0.0011055668412660396
31,220,x_R04_EXIT_E,x_R33_EXIT_E,0.0006960976407971362
31,221,x_R04_EXIT_E,x_R33_EXIT_F,0.0008107490169284291
31,222,x_R04_EXIT_E,x_R33_EXIT_G,0.0008107490169284291
31,223,x_R04_EXIT_E,x_R33_EXIT_H,0.0008107490169284291
31,224,x_R04_EXIT_E,x_R33_EXIT_STAIRWELL,0.0008107490169284291
31,225,x_R04_EXIT_E,x_R34_EXIT_A,0.00022111336825320795
31,226,x_R04_EXIT_E,x_R34_EXIT_B,0.0022275124505508354
31,227,x_R04_EXIT_E,x_R34_EXIT_C,0.0005159311925908185
31,228,x_R04_EXIT_E,x_R34_EXIT_D,0.0005159311925908185
31,229,x_R04_EXIT_E,x_R34_EXIT_E,0.00010646199212191492
31,230,x_R04_EXIT_E,x_R34_EXIT_F,0.00022111336825320795
31,231,x_R04_EXIT_E,x_R34_EXIT_G,0.00022111336825320795
31,232,x_R04_EXIT_E,x_R34_EXIT_H,0.00022111336825320795
31,233,x_R04_EXIT_E,x_R34_EXIT_STAIRWELL,0.00022111336825320795
31,235,x_R04_EXIT_E,x_R35_EXIT_B,0.00022111336825320795
31,238,x_R04_EXIT_E,x_R35_EXIT_E,0.0015723617298005895
31,244,x_R04_EXIT_E,x_R36_EXIT_B,0.0011055668412660396
31,245,x_R04_EXIT_E,x_R36_EXIT_C,0.0029481782433761054
31,246,x_R04_EXIT_E,x_R36_EXIT_D,0.0009008322410315878
31,247,x_R04_EXIT_E,x_R36_EXIT_E,0.007861808649002947
32,32,x_R04_EXIT_F,x_R04_EXIT_F,-0.8055378052171605
32,33,x_R04_EXIT_F,x_R04_EXIT_G,1.676225719299965
32,34,x_R04_EXIT_F,x_R04_EXIT_H,1.6745468955780425
32,35,x_R04_EXIT_F,x_R04_EXIT_STAIRWELL,1.6766188097324153
32,37,x_R04_EXIT_F,x_R05_EXIT_B,0.00022111336825320795
32,41,x_R04_EXIT_F,x_R05_EXIT_F,0.0006879082567877579
32,42,x_R04_EXIT_F,x_R05_EXIT_G,0.0005896356486752212
32,44,x_R04_EXIT_F,x_R05_EXIT_STAIRWELL,0.0002866284403282325
32,46,x_R04_EXIT_F,x_R06_EXIT_B,0.00022111336825320795
32,50,x_R04_EXIT_F,x_R06_EXIT_F,0.0006879082567877579
32,51,x_R04_EXIT_F,x_R06_EXIT_G,0.0005896356486752212
32,53,x_R04_EXIT_F,x_R06_EXIT_STAIRWELL,0.0002866284403282325
32,55,x_R04_EXIT_F,x_R07_EXIT_B,0.00022111336825320795
32,59,x_R04_EXIT_F,x_R07_EXIT_F,0.0006879082567877579
32,60,x_R04_EXIT_F,x_R07_EXIT_G,0.0005896356486752212
32,62,x_R04_EXIT_F,x_R07_EXIT_STAIRWELL,0.0002866284403282325
32,64,x_R04_EXIT_F,x_R08_EXIT_B,0.00022111336825320795
32,68,x_R04_EXIT_F,x_R08_EXIT_F,0.0003275753603751229
32,73,x_R04_EXIT_F,x_R09_EXIT_B,0.00022111336825320795
32,77,x_R04_EXIT_F,x_R09_EXIT_F,0.0003275753603751229
32,82,x_R04_EXIT_F,x_R10_EXIT_B,0.00022111336825320795
32,86,x_R04_EXIT_F,x_R10_EXIT_F,0.0006879082567877579
32,87,x_R04_EXIT_F,x_R10_EXIT_G,0.00010646199212191493
32,89,x_R04_EXIT_F,x_R10_EXIT_STAIRWELL,0.0002866284403282325
32,91,x_R04_EXIT_F,x_R11_EXIT_B,0.00022111336825320795
32,95,x_R04_EXIT_F,x_R11_EXIT_F,0.0006879082567877579
32,96,x_R04_EXIT_F,x_R11_EXIT_G,0.0005896356486752212
32,98,x_R04_EXIT_F,x_R11_EXIT_STAIRWELL,0.0002866284403282325
32,100,x_R04_EXIT_F,x_R12_EXIT_B,0.0020473460023445176
32,103,x_R04_EXIT_F,x_R12_EXIT_E,0.0013921952815942724
32,104,x_R04_EXIT_F,x_R12_EXIT_F,0.002768011795169788
32,105,x_R04_EXIT_F,x_R12_EXIT_G,0.0011792712973504424
32,107,x_R04_EXIT_F,x_R12_EXIT_STAIRWELL,0.001965452162250737
32,109,x_R04_EXIT_F,x_R13_EXIT_B,0.00022111336825320795
32,113,x_R04_EXIT_F,x_R13_EXIT_F,0.0003275753603751229
32,118,x_R04_EXIT_F,x_R14_EXIT_B,0.00022111336825320795
32,122,x_R04_EXIT_F,x_R14_EXIT_F,0.0003275753603751229
32,127,x_R04_EXIT_F,x_R15_EXIT_B,0.00011055668412660398
32,131,x_R04_EXIT_F,x_R15_EXIT_F,0.00034395412839387896
32,134,x_R04_EXIT_F,x_R15_EXIT_STAIRWELL,0.00014331422016411626
32,136,x_R04_EXIT_F,x_R16_EXIT_B,0.00022111336825320795
32,140,x_R04_EXIT_F,x_R16_EXIT_F,0.0006879082567877579
32,141,x_R04_EXIT_F,x_R16_EXIT_G,0.00010646199212191493
32,143,x_R04_EXIT_F,x_R16_EXIT_STAIRWELL,0.0002866284403282325
32,153,x_R04_EXIT_F,x_R24_EXIT_A,0.00042584796848765973
32,154,x_R04_EXIT_F,x_R24_EXIT_B,0.004225722148839085
32,158,x_R04_EXIT_F,x_R24_EXIT_F,0.0011628925293316861
32,159,x_R04_EXIT_F,x_R24_EXIT_G,0.0003603328964126351
32,160,x_R04_EXIT_F,x_R24_EXIT_H,0.00042584796848765973
32,161,x_R04_EXIT_F,x_R24_EXIT_STAIRWELL,0.0003603328964126351
32,163,x_R04_EXIT_F,x_R25_EXIT_B,0.00022111336825320795
32,167,x_R04_EXIT_F,x_R25_EXIT_F,0.0006879082567877579
32,168,x_R04_EXIT_F,x_R25_EXIT_G,0.00010646199212191493
32,170,x_R04_EXIT_F,x_R25_EXIT_STAIRWELL,0.0002866284403282325
32,172,x_R04_EXIT_F,x_R28_EXIT_B,0.0018999370901757126
32,173,x_R04_EXIT_F,x_R28_EXIT_C,0.0005896356486752212
32,174,x_R04_EXIT_F,x_R28_EXIT_D,0.00010646199212191493
32,176,x_R04_EXIT_F,x_R28_EXIT_F,0.0003275753603751229
32,181,x_R04_EXIT_F,x_R29_EXIT_B,0.0018999370901757126
32,182,x_R04_EXIT_F,x_R29_EXIT_C,0.0005896356486752212
32,183,x_R04_EXIT_F,x_R29_EXIT_D,0.00010646199212191493
32,185,x_R04_EXIT_F,x_R29_EXIT_F,0.0003275753603751229
32,190,x_R04_EXIT_F,x_R30_EXIT_B,0.0018999370901757126
32,191,x_R04_EXIT_F,x_R30_EXIT_C,0.0005896356486752212
32,192,x_R04_EXIT_F,x_R30_EXIT_D,0.00010646199212191493
32,194,x_R04_EXIT_F,x_R30_EXIT_F,0.0003275753603751229
32,199,x_R04_EXIT_F,x_R31_EXIT_B,0.0018999370901757126
32,203,x_R04_EXIT_F,x_R31_EXIT_F,0.00010646199212191492
32,207,x_R04_EXIT_F,x_R32_EXIT_A,0.00022111336825320795
32,208,x_R04_EXIT_F,x_R32_EXIT_B,0.0022193230665414573
32,212,x_R04_EXIT_F,x_R32_EXIT_F,0.00010646199212191492
32,213,x_R04_EXIT_F,x_R32_EXIT_G,0.00022111336825320795
32,214,x_R04_EXIT_F,x_R32_EXIT_H,0.00022111336825320795
32,215,x_R04_EXIT_F,x_R32_EXIT_STAIRWELL,0.00022111336825320795
32,217,x_R04_EXIT_F,x_R33_EXIT_B,0.0022193230665414573
32,221,x_R04_EXIT_F,x_R33_EXIT_F,0.0003275753603751229
32,226,x_R04_EXIT_F,x_R34_EXIT_B,0.0022193230665414573
32,230,x_R04_EXIT_F,x_R34_EXIT_F,0.0003275753603751229
32,235,x_R04_EXIT_F,x_R35_EXIT_B,0.00022111336825320795
32,239,x_R04_EXIT_F,x_R35_EXIT_F,0.0003275753603751229
32,244,x_R04_EXIT_F,x_R36_EXIT_B,0.0011055668412660396
32,245,x_R04_EXIT_F,x_R36_EXIT_C,0.0029481782433761054
32,246,x_R04_EXIT_F,x_R36_EXIT_D,0.0005323099606095745
32,248,x_R04_EXIT_F,x_R36_EXIT_F,0.0016378768018756142
33,33,x_R04_EXIT_G,x_R04_EXIT_G,-0.7994091960845121
33,34,x_R04_EXIT_G,x_R04_EXIT_H,1.6745468955780425
33,35,x_R04_EXIT_G,x_R04_EXIT_STAIRWELL,1.676225719299965
33,37,x_R04_EXIT_G,x_R05_EXIT_B,0.00022111336825320795
33,42,x_R04_EXIT_G,x_R05_EXIT_G,0.0027762011791791666
33,46,x_R04_EXIT_G,x_R06_EXIT_B,0.00022111336825320795
33,51,x_R04_EXIT_G,x_R06_EXIT_G,0.0027762011791791666
33,55,x_R04_EXIT_G,x_R07_EXIT_B,0.00022111336825320795
33,60,x_R04_EXIT_G,x_R07_EXIT_G,0.0027762011791791666
33,64,x_R04_EXIT_G,x_R08_EXIT_B,0.00022111336825320795
33,67,x_R04_EXIT_G,x_R08_EXIT_E,0.00028662844032823246
33,68,x_R04_EXIT_G,x_R08_EXIT_F,0.00028662844032823246
33,69,x_R04_EXIT_G,x_R08_EXIT_G,0.0020063990822976273
33,71,x_R04_EXIT_G,x_R08_EXIT_STAIRWELL,0.00028662844032823246
33,73,x_R04_EXIT_G,x_R09_EXIT_B,0.00022111336825320795
33,76,x_R04_EXIT_G,x_R09_EXIT_E,0.00028662844032823246
33,77,x_R04_EXIT_G,x_R09_EXIT_F,0.00028662844032823246
33,78,x_R04_EXIT_G,x_R09_EXIT_G,0.0020063990822976273
33,80,x_R04_EXIT_G,x_R09_EXIT_STAIRWELL,0.00028662844032823246
33,82,x_R04_EXIT_G,x_R10_EXIT_B,0.00022111336825320795
33,87,x_R04_EXIT_G,x_R10_EXIT_G,0.002186565530503945
33,91,x_R04_EXIT_G,x_R11_EXIT_B,0.00022111336825320795
33,96,x_R04_EXIT_G,x_R11_EXIT_G,0.0027762011791791666
33,100,x_R04_EXIT_G,x_R12_EXIT_B,0.0020473460023445176
33,103,x_R04_EXIT_G,x_R12_EXIT_E,0.0011792712973504424
33,104,x_R04_EXIT_G,x_R12_EXIT_F,0.0011792712973504424
33,105,x_R04_EXIT_G,x_R12_EXIT_G,0.005552402358358333
33,107,x_R04_EXIT_G,x_R12_EXIT_STAIRWELL,0.0011792712973504424
33,109,x_R04_EXIT_G,x_R13_EXIT_B,0.00022111336825320795
33,112,x_R04_EXIT_G,x_R13_EXIT_E,0.00028662844032823246
33,113,x_R04_EXIT_G,x_R13_EXIT_F,0.00028662844032823246
33,114,x_R04_EXIT_G,x_R13_EXIT_G,0.0020063990822976273
33,116,x_R04_EXIT_G,x_R13_EXIT_STAIRWELL,0.00028662844032823246
33,118,x_R04_EXIT_G,x_R14_EXIT_B,0.00022111336825320795
33,121,x_R04_EXIT_G,x_R14_EXIT_E,0.00028662844032823246
33,122,x_R04_EXIT_G,x_R14_EXIT_F,0.00028662844032823246
33,123,x_R04_EXIT_G,x_R14_EXIT_G,0.0020063990822976273
33,125,x_R04_EXIT_G,x_R14_EXIT_STAIRWELL,0.00028662844032823246
33,127,x_R04_EXIT_G,x_R15_EXIT_B,0.00011055668412660398
33,132,x_R04_EXIT_G,x_R15_EXIT_G,0.0010932827652519726
33,136,x_R04_EXIT_G,x_R16_EXIT_B,0.00022111336825320795
33,141,x_R04_EXIT_G,x_R16_EXIT_G,0.002186565530503945
33,153,x_R04_EXIT_G,x_R24_EXIT_A,0.00036033289641263514
33,154,x_R04_EXIT_G,x_R24_EXIT_B,0.003799874180351425
33,159,x_R04_EXIT_G,x_R24_EXIT_G,0.0034395412839387904
33,160,x_R04_EXIT_G,x_R24_EXIT_H,0.00036033289641263514
33,163,x_R04_EXIT_G,x_R25_EXIT_B,0.00022111336825320795
33,168,x_R04_EXIT_G,x_R25_EXIT_G,0.002186565530503945
33,171,x_R04_EXIT_G,x_R28_EXIT_A,0.001899937090175713
33,172,x_R04_EXIT_G,x_R28_EXIT_B,0.003980040628557742
33,173,x_R04_EXIT_G,x_R28_EXIT_C,0.0026697391870572516
33,174,x_R04_EXIT_G,x_R28_EXIT_D,0.0020801035383820306
33,175,x_R04_EXIT_G,x_R28_EXIT_E,0.0016133086498474804
33,176,x_R04_EXIT_G,x_R28_EXIT_F,0.0016133086498474804
33,177,x_R04_EXIT_G,x_R28_EXIT_G,0.00010646199212191492
33,178,x_R04_EXIT_G,x_R28_EXIT_H,0.001899937090175713
33,179,x_R04_EXIT_G,x_R28_EXIT_STAIRWELL,0.0016133086498474804
33,180,x_R04_EXIT_G,x_R29_EXIT_A,0.0012447863694254667
33,181,x_R04_EXIT_G,x_R29_EXIT_B,0.003324889907807497
33,182,x_R04_EXIT_G,x_R29_EXIT_C,0.0020145884663070055
33,183,x_R04_EXIT_G,x_R29_EXIT_D,0.0014249528176317845
33,184,x_R04_EXIT_G,x_R29_EXIT_E,0.0009581579290972342
33,185,x_R04_EXIT_G,x_R29_EXIT_F,0.0009581579290972342
33,186,x_R04_EXIT_G,x_R29_EXIT_G,0.0006960976407971361
33,187,x_R04_EXIT_G,x_R29_EXIT_H,0.0012447863694254667
33,188,x_R04_EXIT_G,x_R29_EXIT_STAIRWELL,0.0009581579290972342
33,189,x_R04_EXIT_G,x_R30_EXIT_A,0.00036033289641263514
33,190,x_R04_EXIT_G,x_R30_EXIT_B,0.002440436434794665
33,191,x_R04_EXIT_G,x_R30_EXIT_C,0.001130134993294174
33,192,x_R04_EXIT_G,x_R30_EXIT_D,0.0005404993446189528
33,195,x_R04_EXIT_G,x_R30_EXIT_G,0.0016460661858849926
33,196,x_R04_EXIT_G,x_R30_EXIT_H,0.00036033289641263514
33,198,x_R04_EXIT_G,x_R31_EXIT_A,0.00028662844032823246
33,199,x_R04_EXIT_G,x_R31_EXIT_B,0.0023667319787102625
33,204,x_R04_EXIT_G,x_R31_EXIT_G,0.0017197706419693952
33,205,x_R04_EXIT_G,x_R31_EXIT_H,0.00028662844032823246
33,207,x_R04_EXIT_G,x_R32_EXIT_A,0.00028662844032823246
33,208,x_R04_EXIT_G,x_R32_EXIT_B,0.0018999370901757126
33,213,x_R04_EXIT_G,x_R32_EXIT_G,0.0017197706419693952
33,214,x_R04_EXIT_G,x_R32_EXIT_H,0.00028662844032823246
33,216,x_R04_EXIT_G,x_R33_EXIT_A,0.00028662844032823246
33,217,x_R04_EXIT_G,x_R33_EXIT_B,0.0018999370901757126
33,222,x_R04_EXIT_G,x_R33_EXIT_G,0.0017197706419693952
33,223,x_R04_EXIT_G,x_R33_EXIT_H,0.00028662844032823246
33,225,x_R04_EXIT_G,x_R34_EXIT_A,0.00028662844032823246
33,226,x_R04_EXIT_G,x_R34_EXIT_B,0.0018999370901757126
33,231,x_R04_EXIT_G,x_R34_EXIT_G,0.0017197706419693952
33,232,x_R04_EXIT_G,x_R34_EXIT_H,0.00028662844032823246
33,235,x_R04_EXIT_G,x_R35_EXIT_B,0.00022111336825320795
33,238,x_R04_EXIT_G,x_R35_EXIT_E,0.00028662844032823246
33,239,x_R04_EXIT_G,x_R35_EXIT_F,0.00028662844032823246
33,240,x_R04_EXIT_G,x_R35_EXIT_G,0.0020063990822976273
33,242,x_R04_EXIT_G,x_R35_EXIT_STAIRWELL,0.00028662844032823246
33,244,x_R04_EXIT_G,x_R36_EXIT_B,0.0011055668412660396
33,245,x_R04_EXIT_G,x_R36_EXIT_C,0.004381320445017267
33,246,x_R04_EXIT_G,x_R36_EXIT_D,0.0014331422016411624
33,247,x_R04_EXIT_G,x_R36_EXIT_E,0.0009008322410315877
33,248,x_R04_EXIT_G,x_R36_EXIT_F,0.0009008322410315877
33,249,x_R04_EXIT_G,x_R36_EXIT_G,0.009499685450878563
33,251,x_R04_EXIT_G,x_R36_EXIT_STAIRWELL,0.0009008322410315877
34,34,x_R04_EXIT_H,x_R04_EXIT_H,-0.8109619004101074
34,35,x_R04_EXIT_H,x_R04_EXIT_STAIRWELL,1.6745468955780425
34,36,x_R04_EXIT_H,x_R05_EXIT_A,0.0002948178243376106
34,37,x_R04_EXIT_H,x_R05_EXIT_B,0.00022111336825320795
34,43,x_R04_EXIT_H,x_R05_EXIT_H,0.0016542555698943703
34,45,x_R04_EXIT_H,x_R06_EXIT_A,0.0002948178243376106
34,46,x_R04_EXIT_H,x_R06_EXIT_B,0.00022111336825320795
34,52,x_R04_EXIT_H,x_R06_EXIT_H,0.0016542555698943703
34,54,x_R04_EXIT_H,x_R07_EXIT_A,0.0002948178243376106
34,55,x_R04_EXIT_H,x_R07_EXIT_B,0.00022111336825320795
34,61,x_R04_EXIT_H,x_R07_EXIT_H,0.0016542555698943703
34,64,x_R04_EXIT_H,x_R08_EXIT_B,0.0005159311925908185
34,65,x_R04_EXIT_H,x_R08_EXIT_C,0.0002948178243376106
34,66,x_R04_EXIT_H,x_R08_EXIT_D,0.0004422267365064159
34,67,x_R04_EXIT_H,x_R08_EXIT_E,0.0003685222804220132
34,68,x_R04_EXIT_H,x_R08_EXIT_F,0.0003685222804220132
34,69,x_R04_EXIT_H,x_R08_EXIT_G,0.0003685222804220132
34,70,x_R04_EXIT_H,x_R08_EXIT_H,0.00032757536037512284
34,71,x_R04_EXIT_H,x_R08_EXIT_STAIRWELL,0.0003685222804220132
34,73,x_R04_EXIT_H,x_R09_EXIT_B,0.0005159311925908185
34,74,x_R04_EXIT_H,x_R09_EXIT_C,0.0002948178243376106
34,75,x_R04_EXIT_H,x_R09_EXIT_D,0.0004422267365064159
34,76,x_R04_EXIT_H,x_R09_EXIT_E,0.0003685222804220132
34,77,x_R04_EXIT_H,x_R09_EXIT_F,0.0003685222804220132
34,78,x_R04_EXIT_H,x_R09_EXIT_G,0.0003685222804220132
34,79,x_R04_EXIT_H,x_R09_EXIT_H,0.00032757536037512284
34,80,x_R04_EXIT_H,x_R09_EXIT_STAIRWELL,0.0003685222804220132
34,81,x_R04_EXIT_H,x_R10_EXIT_A,0.0002948178243376106
34,82,x_R04_EXIT_H,x_R10_EXIT_B,0.00022111336825320795
34,88,x_R04_EXIT_H,x_R10_EXIT_H,0.0007698020968815387
34,90,x_R04_EXIT_H,x_R11_EXIT_A,0.0002948178243376106
34,91,x_R04_EXIT_H,x_R11_EXIT_B,0.00022111336825320795
34,97,x_R04_EXIT_H,x_R11_EXIT_H,0.0016542555698943703
34,99,x_R04_EXIT_H,x_R12_EXIT_A,0.0004422267365064159
34,100,x_R04_EXIT_H,x_R12_EXIT_B,0.0004422267365064159
34,106,x_R04_EXIT_H,x_R12_EXIT_H,0.0015396041937630774
34,109,x_R04_EXIT_H,x_R13_EXIT_B,0.0015477935777724555
34,110,x_R04_EXIT_H,x_R13_EXIT_C,0.0013266802095192472
34,111,x_R04_EXIT_H,x_R13_EXIT_D,0.0004422267365064159
34,112,x_R04_EXIT_H,x_R13_EXIT_E,0.0003685222804220132
34,113,x_R04_EXIT_H,x_R13_EXIT_F,0.0003685222804220132
34,114,x_R04_EXIT_H,x_R13_EXIT_G,0.0003685222804220132
34,115,x_R04_EXIT_H,x_R13_EXIT_H,0.00032757536037512284
34,116,x_R04_EXIT_H,x_R13_EXIT_STAIRWELL,0.0003685222804220132
34,118,x_R04_EXIT_H,x_R14_EXIT_B,0.0015477935777724555
34,119,x_R04_EXIT_H,x_R14_EXIT_C,0.0013266802095192472
34,120,x_R04_EXIT_H,x_R14_EXIT_D,0.0004422267365064159
34,121,x_R04_EXIT_H,x_R14_EXIT_E,0.0003685222804220132
34,122,x_R04_EXIT_H,x_R14_EXIT_F,0.0003685222804220132
34,123,x_R04_EXIT_H,x_R14_EXIT_G,0.0003685222804220132
34,124,x_R04_EXIT_H,x_R14_EXIT_H,0.00032757536037512284
34,125,x_R04_EXIT_H,x_R14_EXIT_STAIRWELL,0.0003685222804220132
34,126,x_R04_EXIT_H,x_R15_EXIT_A,0.0001474089121688053
34,127,x_R04_EXIT_H,x_R15_EXIT_B,0.00011055668412660398
34,133,x_R04_EXIT_H,x_R15_EXIT_H,0.00038490104844076935
34,135,x_R04_EXIT_H,x_R16_EXIT_A,0.0002948178243376106
34,136,x_R04_EXIT_H,x_R16_EXIT_B,0.00022111336825320795
34,142,x_R04_EXIT_H,x_R16_EXIT_H,0.0007698020968815387
34,153,x_R04_EXIT_H,x_R24_EXIT_A,0.0013266802095192472
34,154,x_R04_EXIT_H,x_R24_EXIT_B,0.0004422267365064159
34,160,x_R04_EXIT_H,x_R24_EXIT_H,0.0013921952815942721
34,162,x_R04_EXIT_H,x_R25_EXIT_A,0.0002948178243376106
34,163,x_R04_EXIT_H,x_R25_EXIT_B,0.00022111336825320795
34,169,x_R04_EXIT_H,x_R25_EXIT_H,0.0007698020968815387
34,171,x_R04_EXIT_H,x_R28_EXIT_A,0.0006633401047596236
34,172,x_R04_EXIT_H,x_R28_EXIT_B,0.00022111336825320795
34,178,x_R04_EXIT_H,x_R28_EXIT_H,0.0006960976407971361
34,180,x_R04_EXIT_H,x_R29_EXIT_A,0.0006633401047596236
34,181,x_R04_EXIT_H,x_R29_EXIT_B,0.00022111336825320795
34,187,x_R04_EXIT_H,x_R29_EXIT_H,0.0006960976407971361
34,189,x_R04_EXIT_H,x_R30_EXIT_A,0.0006633401047596236
34,190,x_R04_EXIT_H,x_R30_EXIT_B,0.00022111336825320795
34,196,x_R04_EXIT_H,x_R30_EXIT_H,0.0006960976407971361
34,198,x_R04_EXIT_H,x_R31_EXIT_A,0.0006633401047596236
34,199,x_R04_EXIT_H,x_R31_EXIT_B,0.00022111336825320795
34,205,x_R04_EXIT_H,x_R31_EXIT_H,0.0006960976407971361
34,207,x_R04_EXIT_H,x_R32_EXIT_A,0.0006633401047596236
34,208,x_R04_EXIT_H,x_R32_EXIT_B,0.00022111336825320795
34,214,x_R04_EXIT_H,x_R32_EXIT_H,0.0006960976407971361
34,216,x_R04_EXIT_H,x_R33_EXIT_A,0.0006633401047596236
34,217,x_R04_EXIT_H,x_R33_EXIT_B,0.00022111336825320795
34,223,x_R04_EXIT_H,x_R33_EXIT_H,0.0006960976407971361
34,225,x_R04_EXIT_H,x_R34_EXIT_A,0.0006633401047596236
34,226,x_R04_EXIT_H,x_R34_EXIT_B,0.00022111336825320795
34,232,x_R04_EXIT_H,x_R34_EXIT_H,0.0006960976407971361
34,235,x_R04_EXIT_H,x_R35_EXIT_B,0.0005159311925908185
34,236,x_R04_EXIT_H,x_R35_EXIT_C,0.0002948178243376106
34,237,x_R04_EXIT_H,x_R35_EXIT_D,0.0005896356486752211
34,238,x_R04_EXIT_H,x_R35_EXIT_E,0.0006633401047596236
34,239,x_R04_EXIT_H,x_R35_EXIT_F,0.0006633401047596236
34,240,x_R04_EXIT_H,x_R35_EXIT_G,0.0006633401047596236
34,241,x_R04_EXIT_H,x_R35_EXIT_H,0.00032757536037512284
34,242,x_R04_EXIT_H,x_R35_EXIT_STAIRWELL,0.0006633401047596236
34,243,x_R04_EXIT_H,x_R36_EXIT_A,0.0033167005237981183
34,244,x_R04_EXIT_H,x_R36_EXIT_B,0.00589635648675221
34,250,x_R04_EXIT_H,x_R36_EXIT_H,0.00348048820398568
35,35,x_R04_EXIT_STAIRWELL,x_R04_EXIT_STAIRWELL,-0.8084834771727961
35,37,x_R04_EXIT_STAIRWELL,x_R05_EXIT_B,0.00022111336825320795
35,41,x_R04_EXIT_STAIRWELL,x_R05_EXIT_F,0.0002866284403282325
35,42,x_R04_EXIT_STAIRWELL,x_R05_EXIT_G,0.0005896356486752212
35,44,x_R04_EXIT_STAIRWELL,x_R05_EXIT_STAIRWELL,0.0006469613367408677
35,46,x_R04_EXIT_STAIRWELL,x_R06_EXIT_B,0.00022111336825320795
35,50,x_R04_EXIT_STAIRWELL,x_R06_EXIT_F,0.0002866284403282325
35,51,x_R04_EXIT_STAIRWELL,x_R06_EXIT_G,0.0005896356486752212
35,53,x_R04_EXIT_STAIRWELL,x_R06_EXIT_STAIRWELL,0.0006469613367408677
35,55,x_R04_EXIT_STAIRWELL,x_R07_EXIT_B,0.00022111336825320795
35,59,x_R04_EXIT_STAIRWELL,x_R07_EXIT_F,0.0002866284403282325
35,60,x_R04_EXIT_STAIRWELL,x_R07_EXIT_G,0.0005896356486752212
35,62,x_R04_EXIT_STAIRWELL,x_R07_EXIT_STAIRWELL,0.0006469613367408677
35,64,x_R04_EXIT_STAIRWELL,x_R08_EXIT_B,0.00022111336825320795
35,71,x_R04_EXIT_STAIRWELL,x_R08_EXIT_STAIRWELL,0.0003275753603751229
35,73,x_R04_EXIT_STAIRWELL,x_R09_EXIT_B,0.00022111336825320795
35,80,x_R04_EXIT_STAIRWELL,x_R09_EXIT_STAIRWELL,0.0003275753603751229
35,82,x_R04_EXIT_STAIRWELL,x_R10_EXIT_B,0.00022111336825320795
35,86,x_R04_EXIT_STAIRWELL,x_R10_EXIT_F,0.0002866284403282325
35,87,x_R04_EXIT_STAIRWELL,x_R10_EXIT_G,0.00010646199212191493
35,89,x_R04_EXIT_STAIRWELL,x_R10_EXIT_STAIRWELL,0.0006469613367408677
35,91,x_R04_EXIT_STAIRWELL,x_R11_EXIT_B,0.00022111336825320795
35,95,x_R04_EXIT_STAIRWELL,x_R11_EXIT_F,0.0002866284403282325
35,96,x_R04_EXIT_STAIRWELL,x_R11_EXIT_G,0.0005896356486752212
35,98,x_R04_EXIT_STAIRWELL,x_R11_EXIT_STAIRWELL,0.0006469613367408677
35,100,x_R04_EXIT_STAIRWELL,x_R12_EXIT_B,0.0020473460023445176
35,103,x_R04_EXIT_STAIRWELL,x_R12_EXIT_E,0.0013921952815942724
35,104,x_R04_EXIT_STAIRWELL,x_R12_EXIT_F,0.001965452162250737
35,105,x_R04_EXIT_STAIRWELL,x_R12_EXIT_G,0.0011792712973504424
35,107,x_R04_EXIT_STAIRWELL,x_R12_EXIT_STAIRWELL,0.0026861179550760074
35,109,x_R04_EXIT_STAIRWELL,x_R13_EXIT_B,0.00022111336825320795
35,116,x_R04_EXIT_STAIRWELL,x_R13_EXIT_STAIRWELL,0.0003275753603751229
35,118,x_R04_EXIT_STAIRWELL,x_R14_EXIT_B,0.00022111336825320795
35,125,x_R04_EXIT_STAIRWELL,x_R14_EXIT_STAIRWELL,0.0003275753603751229
35,127,x_R04_EXIT_STAIRWELL,x_R15_EXIT_B,0.00011055668412660398
35,131,x_R04_EXIT_STAIRWELL,x_R15_EXIT_F,0.00014331422016411626
35,134,x_R04_EXIT_STAIRWELL,x_R15_EXIT_STAIRWELL,0.00032348066837043383
35,136,x_R04_EXIT_STAIRWELL,x_R16_EXIT_B,0.00022111336825320795
35,140,x_R04_EXIT_STAIRWELL,x_R16_EXIT_F,0.0002866284403282325
35,141,x_R04_EXIT_STAIRWELL,x_R16_EXIT_G,0.00010646199212191493
35,143,x_R04_EXIT_STAIRWELL,x_R16_EXIT_STAIRWELL,0.0006469613367408677
35,153,x_R04_EXIT_STAIRWELL,x_R24_EXIT_A,0.00042584796848765973
35,154,x_R04_EXIT_STAIRWELL,x_R24_EXIT_B,0.004225722148839085
35,158,x_R04_EXIT_STAIRWELL,x_R24_EXIT_F,0.0003603328964126351
35,159,x_R04_EXIT_STAIRWELL,x_R24_EXIT_G,0.0004258479684876597
35,160,x_R04_EXIT_STAIRWELL,x_R24_EXIT_H,0.00042584796848765973
35,161,x_R04_EXIT_STAIRWELL,x_R24_EXIT_STAIRWELL,0.0010809986892379056
35,163,x_R04_EXIT_STAIRWELL,x_R25_EXIT_B,0.00022111336825320795
35,167,x_R04_EXIT_STAIRWELL,x_R25_EXIT_F,0.0002866284403282325
35,168,x_R04_EXIT_STAIRWELL,x_R25_EXIT_G,0.00010646199212191493
35,170,x_R04_EXIT_STAIRWELL,x_R25_EXIT_STAIRWELL,0.0006469613367408677
35,172,x_R04_EXIT_STAIRWELL,x_R28_EXIT_B,0.0018999370901757126
35,173,x_R04_EXIT_STAIRWELL,x_R28_EXIT_C,0.0005896356486752212
35,174,x_R04_EXIT_STAIRWELL,x_R28_EXIT_D,0.00010646199212191493
35,179,x_R04_EXIT_STAIRWELL,x_R28_EXIT_STAIRWELL,0.0003275753603751229
35,181,x_R04_EXIT_STAIRWELL,x_R29_EXIT_B,0.0018999370901757126
35,182,x_R04_EXIT_STAIRWELL,x_R29_EXIT_C,0.0005896356486752212
35,183,x_R04_EXIT_STAIRWELL,x_R29_EXIT_D,0.00010646199212191493
35,188,x_R04_EXIT_STAIRWELL,x_R29_EXIT_STAIRWELL,0.0003275753603751229
35,190,x_R04_EXIT_STAIRWELL,x_R30_EXIT_B,0.0018999370901757126
35,191,x_R04_EXIT_STAIRWELL,x_R30_EXIT_C,0.0005896356486752212
35,192,x_R04_EXIT_STAIRWELL,x_R30_EXIT_D,0.00010646199212191493
35,197,x_R04_EXIT_STAIRWELL,x_R30_EXIT_STAIRWELL,0.0003275753603751229
35,199,x_R04_EXIT_STAIRWELL,x_R31_EXIT_B,0.0018999370901757126
35,200,x_R04_EXIT_STAIRWELL,x_R31_EXIT_C,0.00010646199212191493
35,201,x_R04_EXIT_STAIRWELL,x_R31_EXIT_D,0.00010646199212191493
35,206,x_R04_EXIT_STAIRWELL,x_R31_EXIT_STAIRWELL,0.0003275753603751229
35,208,x_R04_EXIT_STAIRWELL,x_R32_EXIT_B,0.0022193230665414573
35,215,x_R04_EXIT_STAIRWELL,x_R32_EXIT_STAIRWELL,0.0003275753603751229
35,217,x_R04_EXIT_STAIRWELL,x_R33_EXIT_B,0.0022193230665414573
35,224,x_R04_EXIT_STAIRWELL,x_R33_EXIT_STAIRWELL,0.0003275753603751229
35,226,x_R04_EXIT_STAIRWELL,x_R34_EXIT_B,0.0022193230665414573
35,233,x_R04_EXIT_STAIRWELL,x_R34_EXIT_STAIRWELL,0.0003275753603751229
35,235,x_R04_EXIT_STAIRWELL,x_R35_EXIT_B,0.00022111336825320795
35,242,x_R04_EXIT_STAIRWELL,x_R35_EXIT_STAIRWELL,0.0003275753603751229
35,244,x_R04_EXIT_STAIRWELL,x_R36_EXIT_B,0.0011055668412660396
35,245,x_R04_EXIT_STAIRWELL,x_R36_EXIT_C,0.0029481782433761054
35,246,x_R04_EXIT_STAIRWELL,x_R36_EXIT_D,0.0005323099606095745
35,251,x_R04_EXIT_STAIRWELL,x_R36_EXIT_STAIRWELL,0.0016378768018756142
36,36,x_R05_EXIT_A,x_R05_EXIT_A,-0.8101261294113611
36,37,x_R05_EXIT_A,x_R05_EXIT_B,1.6752102356828023
36,38,x_R05_EXIT_A,x_R05_EXIT_C,1.6743257822097892
36,39,x_R05_EXIT_A,x_R05_EXIT_D,1.6745468955780425
36,40,x_R05_EXIT_A,x_R05_EXIT_E,1.6745468955780425
36,41,x_R05_EXIT_A,x_R05_EXIT_F,1.6745468955780425
36,42,x_R05_EXIT_A,x_R05_EXIT_G,1.6745468955780425
36,43,x_R05_EXIT_A,x_R05_EXIT_H,1.6755050535071399
36,44,x_R05_EXIT_A,x_R05_EXIT_STAIRWELL,1.6745468955780425
36,45,x_R05_EXIT_A,x_R06_EXIT_A,0.0018753689381475784
36,46,x_R05_EXIT_A,x_R06_EXIT_B,0.0008844534730128318
36,48,x_R05_EXIT_A,x_R06_EXIT_D,0.00022111336825320795
36,49,x_R05_EXIT_A,x_R06_EXIT_E,0.00022111336825320795
36,50,x_R05_EXIT_A,x_R06_EXIT_F,0.00022111336825320795
36,51,x_R05_EXIT_A,x_R06_EXIT_G,0.00022111336825320795
36,52,x_R05_EXIT_A,x_R06_EXIT_H,0.0011792712973504424
36,53,x_R05_EXIT_A,x_R06_EXIT_STAIRWELL,0.00022111336825320795
36,54,x_R05_EXIT_A,x_R07_EXIT_A,0.0016542555698943707
36,55,x_R05_EXIT_A,x_R07_EXIT_B,0.0006633401047596237
36,56,x_R05_EXIT_A,x_R07_EXIT_C,0.00022111336825320795
36,61,x_R05_EXIT_A,x_R07_EXIT_H,0.0009581579290972342
36,63,x_R05_EXIT_A,x_R08_EXIT_A,0.0003275753603751229
36,64,x_R05_EXIT_A,x_R08_EXIT_B,0.0006633401047596237
36,65,x_R05_EXIT_A,x_R08_EXIT_C,0.0015477935777724555
36,72,x_R05_EXIT_A,x_R09_EXIT_A,0.0003275753603751229
36,73,x_R05_EXIT_A,x_R09_EXIT_B,0.0006633401047596237
36,74,x_R05_EXIT_A,x_R09_EXIT_C,0.0015477935777724555
36,81,x_R05_EXIT_A,x_R10_EXIT_A,0.0016542555698943707
36,82,x_R05_EXIT_A,x_R10_EXIT_B,0.0006633401047596237
36,83,x_R05_EXIT_A,x_R10_EXIT_C,0.00022111336825320795
36,90,x_R05_EXIT_A,x_R11_EXIT_A,0.0016542555698943707
36,91,x_R05_EXIT_A,x_R11_EXIT_B,0.0006633401047596237
36,92,x_R05_EXIT_A,x_R11_EXIT_C,0.00022111336825320795
36,97,x_R05_EXIT_A,x_R11_EXIT_H,0.0009581579290972342
36,99,x_R05_EXIT_A,x_R12_EXIT_A,0.001392195281594272
36,101,x_R05_EXIT_A,x_R12_EXIT_C,0.0004422267365064159
36,108,x_R05_EXIT_A,x_R13_EXIT_A,0.0003275753603751229
36,109,x_R05_EXIT_A,x_R13_EXIT_B,0.0002948178243376106
36,110,x_R05_EXIT_A,x_R13_EXIT_C,0.0011792712973504424
36,117,x_R05_EXIT_A,x_R14_EXIT_A,0.0003275753603751229
36,118,x_R05_EXIT_A,x_R14_EXIT_B,0.0002948178243376106
36,119,x_R05_EXIT_A,x_R14_EXIT_C,0.0011792712973504424
36,126,x_R05_EXIT_A,x_R15_EXIT_A,0.0008271277849471854
36,127,x_R05_EXIT_A,x_R15_EXIT_B,0.00033167005237981186
36,128,x_R05_EXIT_A,x_R15_EXIT_C,0.00011055668412660398
36,135,x_R05_EXIT_A,x_R16_EXIT_A,0.0016542555698943707
36,136,x_R05_EXIT_A,x_R16_EXIT_B,0.0006633401047596237
36,137,x_R05_EXIT_A,x_R16_EXIT_C,0.00022111336825320795
36,153,x_R05_EXIT_A,x_R24_EXIT_A,0.001392195281594272
36,155,x_R05_EXIT_A,x_R24_EXIT_C,0.0004422267365064159
36,162,x_R05_EXIT_A,x_R25_EXIT_A,0.0016542555698943707
36,163,x_R05_EXIT_A,x_R25_EXIT_B,0.0006633401047596237
36,164,x_R05_EXIT_A,x_R25_EXIT_C,0.00022111336825320795
36,171,x_R05_EXIT_A,x_R28_EXIT_A,0.000696097640797136
36,173,x_R05_EXIT_A,x_R28_EXIT_C,0.00022111336825320795
36,180,x_R05_EXIT_A,x_R29_EXIT_A,0.000696097640797136
36,182,x_R05_EXIT_A,x_R29_EXIT_C,0.00022111336825320795
36,189,x_R05_EXIT_A,x_R30_EXIT_A,0.000696097640797136
36,191,x_R05_EXIT_A,x_R30_EXIT_C,0.00022111336825320795
36,198,x_R05_EXIT_A,x_R31_EXIT_A,0.000696097640797136
36,200,x_R05_EXIT_A,x_R31_EXIT_C,0.00022111336825320795
36,207,x_R05_EXIT_A,x_R32_EXIT_A,0.000696097640797136
36,209,x_R05_EXIT_A,x_R32_EXIT_C,0.00022111336825320795
36,216,x_R05_EXIT_A,x_R33_EXIT_A,0.000696097640797136
36,218,x_R05_EXIT_A,x_R33_EXIT_C,0.00022111336825320795
36,225,x_R05_EXIT_A,x_R34_EXIT_A,0.000696097640797136
36,227,x_R05_EXIT_A,x_R34_EXIT_C,0.00022111336825320795
36,234,x_R05_EXIT_A,x_R35_EXIT_A,0.0003275753603751229
36,235,x_R05_EXIT_A,x_R35_EXIT_B,0.0006633401047596237
36,236,x_R05_EXIT_A,x_R35_EXIT_C,0.0015477935777724555
36,237,x_R05_EXIT_A,x_R35_EXIT_D,0.0003685222804220132
36,238,x_R05_EXIT_A,x_R35_EXIT_E,0.0003685222804220132
36,239,x_R05_EXIT_A,x_R35_EXIT_F,0.0003685222804220132
36,240,x_R05_EXIT_A,x_R35_EXIT_G,0.0003685222804220132
36,242,x_R05_EXIT_A,x_R35_EXIT_STAIRWELL,0.0003685222804220132
36,243,x_R05_EXIT_A,x_R36_EXIT_A,0.00348048820398568
36,244,x_R05_EXIT_A,x_R36_EXIT_B,0.0014740891216880527
36,245,x_R05_EXIT_A,x_R36_EXIT_C,0.0011055668412660396
37,37,x_R05_EXIT_B,x_R05_EXIT_B,-0.817979738452458
37,38,x_R05_EXIT_B,x_R05_EXIT_C,1.6743257822097892
37,39,x_R05_EXIT_B,x_R05_EXIT_D,1.6745468955780425
37,40,x_R05_EXIT_B,x_R05_EXIT_E,1.6745468955780425
37,41,x_R05_EXIT_B,x_R05_EXIT_F,1.6745468955780425
37,42,x_R05_EXIT_B,x_R05_EXIT_G,1.6745468955780425
37,43,x_R05_EXIT_B,x_R05_EXIT_H,1.6752102356828023
37,44,x_R05_EXIT_B,x_R05_EXIT_STAIRWELL,1.6745468955780425
37,45,x_R05_EXIT_B,x_R06_EXIT_A,0.0008844534730128318
37,46,x_R05_EXIT_B,x_R06_EXIT_B,0.0012120288333879543
37,48,x_R05_EXIT_B,x_R06_EXIT_D,0.00022111336825320795
37,49,x_R05_EXIT_B,x_R06_EXIT_E,0.00022111336825320795
37,50,x_R05_EXIT_B,x_R06_EXIT_F,0.00022111336825320795
37,51,x_R05_EXIT_B,x_R06_EXIT_G,0.00022111336825320795
37,52,x_R05_EXIT_B,x_R06_EXIT_H,0.0008844534730128318
37,53,x_R05_EXIT_B,x_R06_EXIT_STAIRWELL,0.00022111336825320795
37,54,x_R05_EXIT_B,x_R07_EXIT_A,0.0006633401047596237
37,55,x_R05_EXIT_B,x_R07_EXIT_B,0.0009909154651347465
37,56,x_R05_EXIT_B,x_R07_EXIT_C,0.00022111336825320795
37,61,x_R05_EXIT_B,x_R07_EXIT_H,0.0006633401047596237
37,64,x_R05_EXIT_B,x_R08_EXIT_B,0.00032757536037512284
37,65,x_R05_EXIT_B,x_R08_EXIT_C,0.0008844534730128318
37,73,x_R05_EXIT_B,x_R09_EXIT_B,0.00032757536037512284
37,74,x_R05_EXIT_B,x_R09_EXIT_C,0.0008844534730128318
37,81,x_R05_EXIT_B,x_R10_EXIT_A,0.0006633401047596237
37,82,x_R05_EXIT_B,x_R10_EXIT_B,0.0009909154651347465
37,83,x_R05_EXIT_B,x_R10_EXIT_C,0.00022111336825320795
37,90,x_R05_EXIT_B,x_R11_EXIT_A,0.0006633401047596237
37,91,x_R05_EXIT_B,x_R11_EXIT_B,0.0009909154651347465
37,92,x_R05_EXIT_B,x_R11_EXIT_C,0.00022111336825320795
37,97,x_R05_EXIT_B,x_R11_EXIT_H,0.0006633401047596237
37,100,x_R05_EXIT_B,x_R12_EXIT_B,0.0006551507207502457
37,101,x_R05_EXIT_B,x_R12_EXIT_C,0.0004422267365064159
37,109,x_R05_EXIT_B,x_R13_EXIT_B,0.00032757536037512284
37,110,x_R05_EXIT_B,x_R13_EXIT_C,0.0008844534730128318
37,118,x_R05_EXIT_B,x_R14_EXIT_B,0.00032757536037512284
37,119,x_R05_EXIT_B,x_R14_EXIT_C,0.0008844534730128318
37,126,x_R05_EXIT_B,x_R15_EXIT_A,0.00033167005237981186
37,127,x_R05_EXIT_B,x_R15_EXIT_B,0.0004954577325673732
37,128,x_R05_EXIT_B,x_R15_EXIT_C,0.00011055668412660398
37,135,x_R05_EXIT_B,x_R16_EXIT_A,0.0006633401047596237
37,136,x_R05_EXIT_B,x_R16_EXIT_B,0.0009909154651347465
37,137,x_R05_EXIT_B,x_R16_EXIT_C,0.00022111336825320795
37,154,x_R05_EXIT_B,x_R24_EXIT_B,0.0006551507207502457
37,155,x_R05_EXIT_B,x_R24_EXIT_C,0.0004422267365064159
37,162,x_R05_EXIT_B,x_R25_EXIT_A,0.0006633401047596237
37,163,x_R05_EXIT_B,x_R25_EXIT_B,0.0009909154651347465
37,164,x_R05_EXIT_B,x_R25_EXIT_C,0.00022111336825320795
37,172,x_R05_EXIT_B,x_R28_EXIT_B,0.00032757536037512284
37,173,x_R05_EXIT_B,x_R28_EXIT_C,0.00022111336825320795
37,181,x_R05_EXIT_B,x_R29_EXIT_B,0.00032757536037512284
37,182,x_R05_EXIT_B,x_R29_EXIT_C,0.00022111336825320795
37,190,x_R05_EXIT_B,x_R30_EXIT_B,0.00032757536037512284
37,191,x_R05_EXIT_B,x_R30_EXIT_C,0.00022111336825320795
37,199,x_R05_EXIT_B,x_R31_EXIT_B,0.00032757536037512284
37,200,x_R05_EXIT_B,x_R31_EXIT_C,0.00022111336825320795
37,208,x_R05_EXIT_B,x_R32_EXIT_B,0.00032757536037512284
37,209,x_R05_EXIT_B,x_R32_EXIT_C,0.00022111336825320795
37,217,x_R05_EXIT_B,x_R33_EXIT_B,0.00032757536037512284
37,218,x_R05_EXIT_B,x_R33_EXIT_C,0.00022111336825320795
37,226,x_R05_EXIT_B,x_R34_EXIT_B,0.00032757536037512284
37,227,x_R05_EXIT_B,x_R34_EXIT_C,0.00022111336825320795
37,235,x_R05_EXIT_B,x_R35_EXIT_B,0.00032757536037512284
37,236,x_R05_EXIT_B,x_R35_EXIT_C,0.0008844534730128318
37,244,x_R05_EXIT_B,x_R36_EXIT_B,0.001637876801875614
37,245,x_R05_EXIT_B,x_R36_EXIT_C,0.0011055668412660396
38,38,x_R05_EXIT_C,x_R05_EXIT_C,-0.8319048578530325
38,39,x_R05_EXIT_C,x_R05_EXIT_D,1.6743257822097892
38,40,x_R05_EXIT_C,x_R05_EXIT_E,1.6743257822097892
38,41,x_R05_EXIT_C,x_R05_EXIT_F,1.6743257822097892
38,42,x_R05_EXIT_C,x_R05_EXIT_G,1.6743257822097892
38,43,x_R05_EXIT_C,x_R05_EXIT_H,1.6743257822097892
38,44,x_R05_EXIT_C,x_R05_EXIT_STAIRWELL,1.6743257822097892
38,47,x_R05_EXIT_C,x_R06_EXIT_C,0.00010646199212191492
38,56,x_R05_EXIT_C,x_R07_EXIT_C,0.00010646199212191492
38,65,x_R05_EXIT_C,x_R08_EXIT_C,0.00010646199212191492
38,74,x_R05_EXIT_C,x_R09_EXIT_C,0.00010646199212191492
38,83,x_R05_EXIT_C,x_R10_EXIT_C,0.00010646199212191492
38,92,x_R05_EXIT_C,x_R11_EXIT_C,0.00010646199212191492
38,101,x_R05_EXIT_C,x_R12_EXIT_C,0.00021292398424382984
38,110,x_R05_EXIT_C,x_R13_EXIT_C,0.00010646199212191492
38,119,x_R05_EXIT_C,x_R14_EXIT_C,0.00010646199212191492
38,137,x_R05_EXIT_C,x_R16_EXIT_C,0.00010646199212191492
38,155,x_R05_EXIT_C,x_R24_EXIT_C,0.00021292398424382984
38,164,x_R05_EXIT_C,x_R25_EXIT_C,0.00010646199212191492
38,173,x_R05_EXIT_C,x_R28_EXIT_C,0.00010646199212191492
38,182,x_R05_EXIT_C,x_R29_EXIT_C,0.00010646199212191492
38,191,x_R05_EXIT_C,x_R30_EXIT_C,0.00010646199212191492
38,200,x_R05_EXIT_C,x_R31_EXIT_C,0.00010646199212191492
38,209,x_R05_EXIT_C,x_R32_EXIT_C,0.00010646199212191492
38,218,x_R05_EXIT_C,x_R33_EXIT_C,0.00010646199212191492
38,227,x_R05_EXIT_C,x_R34_EXIT_C,0.00010646199212191492
38,236,x_R05_EXIT_C,x_R35_EXIT_C,0.00010646199212191492
38,245,x_R05_EXIT_C,x_R36_EXIT_C,0.0005323099606095745
39,39,x_R05_EXIT_D,x_R05_EXIT_D,-0.8153659634640971
39,40,x_R05_EXIT_D,x_R05_EXIT_E,1.6751283418427083
39,41,x_R05_EXIT_D,x_R05_EXIT_F,1.6751283418427083
39,42,x_R05_EXIT_D,x_R05_EXIT_G,1.675054637386624
39,43,x_R05_EXIT_D,x_R05_EXIT_H,1.6745468955780425
39,44,x_R05_EXIT_D,x_R05_EXIT_STAIRWELL,1.6751283418427083
39,45,x_R05_EXIT_D,x_R06_EXIT_A,0.00022111336825320795
39,46,x_R05_EXIT_D,x_R06_EXIT_B,0.00022111336825320795
39,48,x_R05_EXIT_D,x_R06_EXIT_D,0.001424952817631784
39,49,x_R05_EXIT_D,x_R06_EXIT_E,0.0008025596329190507
39,50,x_R05_EXIT_D,x_R06_EXIT_F,0.0008025596329190507
39,51,x_R05_EXIT_D,x_R06_EXIT_G,0.0007288551768346481
39,52,x_R05_EXIT_D,x_R06_EXIT_H,0.00022111336825320795
39,53,x_R05_EXIT_D,x_R06_EXIT_STAIRWELL,0.0008025596329190507
39,56,x_R05_EXIT_D,x_R07_EXIT_C,0.00022111336825320795
39,57,x_R05_EXIT_D,x_R07_EXIT_D,0.0003275753603751229
39,58,x_R05_EXIT_D,x_R07_EXIT_E,0.000581446264665843
39,59,x_R05_EXIT_D,x_R07_EXIT_F,0.000581446264665843
39,60,x_R05_EXIT_D,x_R07_EXIT_G,0.0005077418085814403
39,62,x_R05_EXIT_D,x_R07_EXIT_STAIRWELL,0.000581446264665843
39,65,x_R05_EXIT_D,x_R08_EXIT_C,0.00022111336825320795
39,66,x_R05_EXIT_D,x_R08_EXIT_D,0.0006960976407971362
39,74,x_R05_EXIT_D,x_R09_EXIT_C,0.00022111336825320795
39,75,x_R05_EXIT_D,x_R09_EXIT_D,0.0006960976407971362
39,83,x_R05_EXIT_D,x_R10_EXIT_C,0.00022111336825320795
39,84,x_R05_EXIT_D,x_R10_EXIT_D,0.0003275753603751229
39,85,x_R05_EXIT_D,x_R10_EXIT_E,0.0002948178243376106
39,86,x_R05_EXIT_D,x_R10_EXIT_F,0.0002948178243376106
39,87,x_R05_EXIT_D,x_R10_EXIT_G,0.0002948178243376106
39,88,x_R05_EXIT_D,x_R10_EXIT_H,0.0003685222804220132
39,89,x_R05_EXIT_D,x_R10_EXIT_STAIRWELL,0.0002948178243376106
39,92,x_R05_EXIT_D,x_R11_EXIT_C,0.00022111336825320795
39,93,x_R05_EXIT_D,x_R11_EXIT_D,0.0003275753603751229
39,94,x_R05_EXIT_D,x_R11_EXIT_E,0.000581446264665843
39,95,x_R05_EXIT_D,x_R11_EXIT_F,0.000581446264665843
39,96,x_R05_EXIT_D,x_R11_EXIT_G,0.0005077418085814403
39,98,x_R05_EXIT_D,x_R11_EXIT_STAIRWELL,0.000581446264665843
39,101,x_R05_EXIT_D,x_R12_EXIT_C,0.000802559632919051
39,102,x_R05_EXIT_D,x_R12_EXIT_D,0.0013921952815942724
39,110,x_R05_EXIT_D,x_R13_EXIT_C,0.00022111336825320795
39,111,x_R05_EXIT_D,x_R13_EXIT_D,0.0006960976407971362
39,119,x_R05_EXIT_D,x_R14_EXIT_C,0.00022111336825320795
39,120,x_R05_EXIT_D,x_R14_EXIT_D,0.0006960976407971362
39,128,x_R05_EXIT_D,x_R15_EXIT_C,0.00011055668412660398
39,129,x_R05_EXIT_D,x_R15_EXIT_D,0.00016378768018756145
39,130,x_R05_EXIT_D,x_R15_EXIT_E,0.0001474089121688053
39,131,x_R05_EXIT_D,x_R15_EXIT_F,0.0001474089121688053
39,132,x_R05_EXIT_D,x_R15_EXIT_G,0.0001474089121688053
39,133,x_R05_EXIT_D,x_R15_EXIT_H,0.0001842611402110066
39,134,x_R05_EXIT_D,x_R15_EXIT_STAIRWELL,0.0001474089121688053
39,137,x_R05_EXIT_D,x_R16_EXIT_C,0.00022111336825320795
39,138,x_R05_EXIT_D,x_R16_EXIT_D,0.0003275753603751229
39,139,x_R05_EXIT_D,x_R16_EXIT_E,0.0002948178243376106
39,140,x_R05_EXIT_D,x_R16_EXIT_F,0.0002948178243376106
39,141,x_R05_EXIT_D,x_R16_EXIT_G,0.0002948178243376106
39,142,x_R05_EXIT_D,x_R16_EXIT_H,0.0003685222804220132
39,143,x_R05_EXIT_D,x_R16_EXIT_STAIRWELL,0.0002948178243376106
39,155,x_R05_EXIT_D,x_R24_EXIT_C,0.0016051192658381014
39,156,x_R05_EXIT_D,x_R24_EXIT_D,0.001244786369425467
39,162,x_R05_EXIT_D,x_R25_EXIT_A,0.0010973774572566612
39,163,x_R05_EXIT_D,x_R25_EXIT_B,0.0010973774572566612
39,164,x_R05_EXIT_D,x_R25_EXIT_C,0.0013184908255098693
39,165,x_R05_EXIT_D,x_R25_EXIT_D,0.00010646199212191493
39,166,x_R05_EXIT_D,x_R25_EXIT_E,0.0005159311925908185
39,167,x_R05_EXIT_D,x_R25_EXIT_F,0.0005159311925908185
39,168,x_R05_EXIT_D,x_R25_EXIT_G,0.0005159311925908185
39,169,x_R05_EXIT_D,x_R25_EXIT_H,0.0005896356486752212
39,170,x_R05_EXIT_D,x_R25_EXIT_STAIRWELL,0.0005159311925908185
39,173,x_R05_EXIT_D,x_R28_EXIT_C,0.0004012798164595255
39,174,x_R05_EXIT_D,x_R28_EXIT_D,0.0006223931847127334
39,182,x_R05_EXIT_D,x_R29_EXIT_C,0.0004012798164595255
39,183,x_R05_EXIT_D,x_R29_EXIT_D,0.0006223931847127334
39,191,x_R05_EXIT_D,x_R30_EXIT_C,0.0004012798164595255
39,192,x_R05_EXIT_D,x_R30_EXIT_D,0.0006223931847127334
39,200,x_R05_EXIT_D,x_R31_EXIT_C,0.0008025596329190507
39,201,x_R05_EXIT_D,x_R31_EXIT_D,0.0006223931847127334
39,209,x_R05_EXIT_D,x_R32_EXIT_C,0.0008025596329190507
39,210,x_R05_EXIT_D,x_R32_EXIT_D,0.0006223931847127334
39,218,x_R05_EXIT_D,x_R33_EXIT_C,0.0008025596329190507
39,219,x_R05_EXIT_D,x_R33_EXIT_D,0.0006223931847127334
39,227,x_R05_EXIT_D,x_R34_EXIT_C,0.0008025596329190507
39,228,x_R05_EXIT_D,x_R34_EXIT_D,0.0006223931847127334
39,236,x_R05_EXIT_D,x_R35_EXIT_C,0.00022111336825320795
39,237,x_R05_EXIT_D,x_R35_EXIT_D,0.0006960976407971362
39,245,x_R05_EXIT_D,x_R36_EXIT_C,0.002006399082297627
39,246,x_R05_EXIT_D,x_R36_EXIT_D,0.0031119659235636665
40,40,x_R05_EXIT_E,x_R05_EXIT_E,-0.8002406454763589
40,41,x_R05_EXIT_E,x_R05_EXIT_F,1.6755705685792148
40,42,x_R05_EXIT_E,x_R05_EXIT_G,1.675054637386624
40,43,x_R05_EXIT_E,x_R05_EXIT_H,1.6745468955780425
40,44,x_R05_EXIT_E,x_R05_EXIT_STAIRWELL,1.6755705685792148
40,45,x_R05_EXIT_E,x_R06_EXIT_A,0.00022111336825320795
40,46,x_R05_EXIT_E,x_R06_EXIT_B,0.00022111336825320795
40,48,x_R05_EXIT_E,x_R06_EXIT_D,0.0008025596329190507
40,49,x_R05_EXIT_E,x_R06_EXIT_E,0.0032593748357324726
40,50,x_R05_EXIT_E,x_R06_EXIT_F,0.0012447863694254665
40,51,x_R05_EXIT_E,x_R06_EXIT_G,0.0007288551768346481
40,52,x_R05_EXIT_E,x_R06_EXIT_H,0.00022111336825320795
40,53,x_R05_EXIT_E,x_R06_EXIT_STAIRWELL,0.0012447863694254665
40,56,x_R05_EXIT_E,x_R07_EXIT_C,0.00022111336825320795
40,58,x_R05_EXIT_E,x_R07_EXIT_E,0.0030382614674792645
40,59,x_R05_EXIT_E,x_R07_EXIT_F,0.0010236730011722588
40,60,x_R05_EXIT_E,x_R07_EXIT_G,0.0005077418085814403
40,62,x_R05_EXIT_E,x_R07_EXIT_STAIRWELL,0.0010236730011722588
40,65,x_R05_EXIT_E,x_R08_EXIT_C,0.00022111336825320795
40,67,x_R05_EXIT_E,x_R08_EXIT_E,0.0015723617298005895
40,74,x_R05_EXIT_E,x_R09_EXIT_C,0.00022111336825320795
40,76,x_R05_EXIT_E,x_R09_EXIT_E,0.0015723617298005895
40,83,x_R05_EXIT_E,x_R10_EXIT_C,0.00022111336825320795
40,85,x_R05_EXIT_E,x_R10_EXIT_E,0.0024568152028134212
40,86,x_R05_EXIT_E,x_R10_EXIT_F,0.0004422267365064159
40,87,x_R05_EXIT_E,x_R10_EXIT_G,0.0004422267365064159
40,89,x_R05_EXIT_E,x_R10_EXIT_STAIRWELL,0.0004422267365064159
40,92,x_R05_EXIT_E,x_R11_EXIT_C,0.00022111336825320795
40,94,x_R05_EXIT_E,x_R11_EXIT_E,0.0030382614674792645
40,95,x_R05_EXIT_E,x_R11_EXIT_F,0.0010236730011722588
40,96,x_R05_EXIT_E,x_R11_EXIT_G,0.0005077418085814403
40,98,x_R05_EXIT_E,x_R11_EXIT_STAIRWELL,0.0010236730011722588
40,101,x_R05_EXIT_E,x_R12_EXIT_C,0.000802559632919051
40,102,x_R05_EXIT_E,x_R12_EXIT_D,0.0001474089121688053
40,103,x_R05_EXIT_E,x_R12_EXIT_E,0.00402917693261401
40,110,x_R05_EXIT_E,x_R13_EXIT_C,0.00022111336825320795
40,112,x_R05_EXIT_E,x_R13_EXIT_E,0.0015723617298005895
40,119,x_R05_EXIT_E,x_R14_EXIT_C,0.00022111336825320795
40,121,x_R05_EXIT_E,x_R14_EXIT_E,0.0015723617298005895
40,128,x_R05_EXIT_E,x_R15_EXIT_C,0.00011055668412660398
40,130,x_R05_EXIT_E,x_R15_EXIT_E,0.0012284076014067106
40,131,x_R05_EXIT_E,x_R15_EXIT_F,0.00022111336825320795
40,132,x_R05_EXIT_E,x_R15_EXIT_G,0.00022111336825320795
40,134,x_R05_EXIT_E,x_R15_EXIT_STAIRWELL,0.00022111336825320795
40,137,x_R05_EXIT_E,x_R16_EXIT_C,0.00022111336825320795
40,139,x_R05_EXIT_E,x_R16_EXIT_E,0.0024568152028134212
40,140,x_R05_EXIT_E,x_R16_EXIT_F,0.0004422267365064159
40,141,x_R05_EXIT_E,x_R16_EXIT_G,0.0004422267365064159
40,143,x_R05_EXIT_E,x_R16_EXIT_STAIRWELL,0.0004422267365064159
40,155,x_R05_EXIT_E,x_R24_EXIT_C,0.001899937090175712
40,156,x_R05_EXIT_E,x_R24_EXIT_D,0.0002948178243376106
40,157,x_R05_EXIT_E,x_R24_EXIT_E,0.0037343591082764005
40,162,x_R05_EXIT_E,x_R25_EXIT_A,0.000581446264665843
40,163,x_R05_EXIT_E,x_R25_EXIT_B,0.000581446264665843
40,164,x_R05_EXIT_E,x_R25_EXIT_C,0.0008025596329190507
40,166,x_R05_EXIT_E,x_R25_EXIT_E,0.0024568152028134212
40,167,x_R05_EXIT_E,x_R25_EXIT_F,0.0004422267365064159
40,168,x_R05_EXIT_E,x_R25_EXIT_G,0.0004422267365064159
40,170,x_R05_EXIT_E,x_R25_EXIT_STAIRWELL,0.0004422267365064159
40,173,x_R05_EXIT_E,x_R28_EXIT_C,0.0004012798164595255
40,174,x_R05_EXIT_E,x_R28_EXIT_D,0.0004422267365064159
40,175,x_R05_EXIT_E,x_R28_EXIT_E,0.0015723617298005895
40,182,x_R05_EXIT_E,x_R29_EXIT_C,0.0004012798164595255
40,183,x_R05_EXIT_E,x_R29_EXIT_D,0.0004422267365064159
40,184,x_R05_EXIT_E,x_R29_EXIT_E,0.0015723617298005895
40,191,x_R05_EXIT_E,x_R30_EXIT_C,0.0004012798164595255
40,192,x_R05_EXIT_E,x_R30_EXIT_D,0.0004422267365064159
40,193,x_R05_EXIT_E,x_R30_EXIT_E,0.0015723617298005895
40,200,x_R05_EXIT_E,x_R31_EXIT_C,0.0015396041937630772
40,201,x_R05_EXIT_E,x_R31_EXIT_D,0.0007370445608440263
40,202,x_R05_EXIT_E,x_R31_EXIT_E,0.0015723617298005895
40,209,x_R05_EXIT_E,x_R32_EXIT_C,0.0015396041937630772
40,210,x_R05_EXIT_E,x_R32_EXIT_D,0.0007370445608440263
40,211,x_R05_EXIT_E,x_R32_EXIT_E,0.0015723617298005895
40,216,x_R05_EXIT_E,x_R33_EXIT_A,0.0008107490169284291
40,217,x_R05_EXIT_E,x_R33_EXIT_B,0.0008107490169284291
40,218,x_R05_EXIT_E,x_R33_EXIT_C,0.0023503532106915067
40,219,x_R05_EXIT_E,x_R33_EXIT_D,0.0015477935777724555
40,220,x_R05_EXIT_E,x_R33_EXIT_E,0.0006960976407971362
40,221,x_R05_EXIT_E,x_R33_EXIT_F,0.0008107490169284291
40,222,x_R05_EXIT_E,x_R33_EXIT_G,0.0008107490169284291
40,223,x_R05_EXIT_E,x_R33_EXIT_H,0.0008107490169284291
40,224,x_R05_EXIT_E,x_R33_EXIT_STAIRWELL,0.0008107490169284291
40,225,x_R05_EXIT_E,x_R34_EXIT_A,0.00022111336825320795
40,226,x_R05_EXIT_E,x_R34_EXIT_B,0.00022111336825320795
40,227,x_R05_EXIT_E,x_R34_EXIT_C,0.001760717562016285
40,228,x_R05_EXIT_E,x_R34_EXIT_D,0.0009581579290972342
40,229,x_R05_EXIT_E,x_R34_EXIT_E,0.00010646199212191492
40,230,x_R05_EXIT_E,x_R34_EXIT_F,0.00022111336825320795
40,231,x_R05_EXIT_E,x_R34_EXIT_G,0.00022111336825320795
40,232,x_R05_EXIT_E,x_R34_EXIT_H,0.00022111336825320795
40,233,x_R05_EXIT_E,x_R34_EXIT_STAIRWELL,0.00022111336825320795
40,236,x_R05_EXIT_E,x_R35_EXIT_C,0.00022111336825320795
40,238,x_R05_EXIT_E,x_R35_EXIT_E,0.0015723617298005895
40,245,x_R05_EXIT_E,x_R36_EXIT_C,0.002006399082297627
40,246,x_R05_EXIT_E,x_R36_EXIT_D,0.002211133682532079
40,247,x_R05_EXIT_E,x_R36_EXIT_E,0.007861808649002947
41,41,x_R05_EXIT_F,x_R05_EXIT_F,-0.8046281028474348
41,42,x_R05_EXIT_F,x_R05_EXIT_G,1.675054637386624
41,43,x_R05_EXIT_F,x_R05_EXIT_H,1.6745468955780425
41,44,x_R05_EXIT_F,x_R05_EXIT_STAIRWELL,1.6759309014756274
41,45,x_R05_EXIT_F,x_R06_EXIT_A,0.00022111336825320795
41,46,x_R05_EXIT_F,x_R06_EXIT_B,0.00022111336825320795
41,48,x_R05_EXIT_F,x_R06_EXIT_D,0.0008025596329190507
41,49,x_R05_EXIT_F,x_R06_EXIT_E,0.0012447863694254665
41,50,x_R05_EXIT_F,x_R06_EXIT_F,0.002006399082297627
41,51,x_R05_EXIT_F,x_R06_EXIT_G,0.0007288551768346481
41,52,x_R05_EXIT_F,x_R06_EXIT_H,0.00022111336825320795
41,53,x_R05_EXIT_F,x_R06_EXIT_STAIRWELL,0.0016051192658381017
41,56,x_R05_EXIT_F,x_R07_EXIT_C,0.00022111336825320795
41,58,x_R05_EXIT_F,x_R07_EXIT_E,0.0010236730011722588
41,59,x_R05_EXIT_F,x_R07_EXIT_F,0.0017852857140444192
41,60,x_R05_EXIT_F,x_R07_EXIT_G,0.0005077418085814403
41,62,x_R05_EXIT_F,x_R07_EXIT_STAIRWELL,0.0013840058975848938
41,65,x_R05_EXIT_F,x_R08_EXIT_C,0.00022111336825320795
41,68,x_R05_EXIT_F,x_R08_EXIT_F,0.0003275753603751229
41,74,x_R05_EXIT_F,x_R09_EXIT_C,0.00022111336825320795
41,77,x_R05_EXIT_F,x_R09_EXIT_F,0.0003275753603751229
41,83,x_R05_EXIT_F,x_R10_EXIT_C,0.00022111336825320795
41,85,x_R05_EXIT_F,x_R10_EXIT_E,0.0004422267365064159
41,86,x_R05_EXIT_F,x_R10_EXIT_F,0.0012038394493785764
41,87,x_R05_EXIT_F,x_R10_EXIT_G,0.0005159311925908185
41,89,x_R05_EXIT_F,x_R10_EXIT_STAIRWELL,0.0008025596329190509
41,92,x_R05_EXIT_F,x_R11_EXIT_C,0.00022111336825320795
41,94,x_R05_EXIT_F,x_R11_EXIT_E,0.0010236730011722588
41,95,x_R05_EXIT_F,x_R11_EXIT_F,0.0017852857140444192
41,96,x_R05_EXIT_F,x_R11_EXIT_G,0.0005077418085814403
41,98,x_R05_EXIT_F,x_R11_EXIT_STAIRWELL,0.0013840058975848938
41,101,x_R05_EXIT_F,x_R12_EXIT_C,0.000802559632919051
41,102,x_R05_EXIT_F,x_R12_EXIT_D,0.0001474089121688053
41,103,x_R05_EXIT_F,x_R12_EXIT_E,0.0001474089121688053
41,104,x_R05_EXIT_F,x_R12_EXIT_F,0.0013758165135755159
41,107,x_R05_EXIT_F,x_R12_EXIT_STAIRWELL,0.000573256880656465
41,110,x_R05_EXIT_F,x_R13_EXIT_C,0.00022111336825320795
41,113,x_R05_EXIT_F,x_R13_EXIT_F,0.0003275753603751229
41,119,x_R05_EXIT_F,x_R14_EXIT_C,0.00022111336825320795
41,122,x_R05_EXIT_F,x_R14_EXIT_F,0.0003275753603751229
41,128,x_R05_EXIT_F,x_R15_EXIT_C,0.00011055668412660398
41,130,x_R05_EXIT_F,x_R15_EXIT_E,0.00022111336825320795
41,131,x_R05_EXIT_F,x_R15_EXIT_F,0.0006019197246892882
41,132,x_R05_EXIT_F,x_R15_EXIT_G,0.00025796559629540924
41,134,x_R05_EXIT_F,x_R15_EXIT_STAIRWELL,0.00040127981645952547
41,137,x_R05_EXIT_F,x_R16_EXIT_C,0.00022111336825320795
41,139,x_R05_EXIT_F,x_R16_EXIT_E,0.0004422267365064159
41,140,x_R05_EXIT_F,x_R16_EXIT_F,0.0012038394493785764
41,141,x_R05_EXIT_F,x_R16_EXIT_G,0.0005159311925908185
41,143,x_R05_EXIT_F,x_R16_EXIT_STAIRWELL,0.0008025596329190509
41,153,x_R05_EXIT_F,x_R24_EXIT_A,0.00021292398424382984
41,154,x_R05_EXIT_F,x_R24_EXIT_B,0.00021292398424382984
41,155,x_R05_EXIT_F,x_R24_EXIT_C,0.001899937090175712
41,156,x_R05_EXIT_F,x_R24_EXIT_D,0.0002948178243376106
41,158,x_R05_EXIT_F,x_R24_EXIT_F,0.0011628925293316861
41,159,x_R05_EXIT_F,x_R24_EXIT_G,0.0003603328964126351
41,160,x_R05_EXIT_F,x_R24_EXIT_H,0.00021292398424382984
41,161,x_R05_EXIT_F,x_R24_EXIT_STAIRWELL,0.0003603328964126351
41,162,x_R05_EXIT_F,x_R25_EXIT_A,0.000581446264665843
41,163,x_R05_EXIT_F,x_R25_EXIT_B,0.000581446264665843
41,164,x_R05_EXIT_F,x_R25_EXIT_C,0.0008025596329190507
41,166,x_R05_EXIT_F,x_R25_EXIT_E,0.0004422267365064159
41,167,x_R05_EXIT_F,x_R25_EXIT_F,0.0012038394493785764
41,168,x_R05_EXIT_F,x_R25_EXIT_G,0.0005159311925908185
41,170,x_R05_EXIT_F,x_R25_EXIT_STAIRWELL,0.0008025596329190509
41,173,x_R05_EXIT_F,x_R28_EXIT_C,0.0004012798164595255
41,174,x_R05_EXIT_F,x_R28_EXIT_D,0.0005159311925908185
41,176,x_R05_EXIT_F,x_R28_EXIT_F,0.0003275753603751229
41,182,x_R05_EXIT_F,x_R29_EXIT_C,0.0004012798164595255
41,183,x_R05_EXIT_F,x_R29_EXIT_D,0.0005159311925908185
41,185,x_R05_EXIT_F,x_R29_EXIT_F,0.0003275753603751229
41,191,x_R05_EXIT_F,x_R30_EXIT_C,0.0004012798164595255
41,192,x_R05_EXIT_F,x_R30_EXIT_D,0.0005159311925908185
41,194,x_R05_EXIT_F,x_R30_EXIT_F,0.0003275753603751229
41,200,x_R05_EXIT_F,x_R31_EXIT_C,0.0013184908255098693
41,201,x_R05_EXIT_F,x_R31_EXIT_D,0.0005159311925908185
41,203,x_R05_EXIT_F,x_R31_EXIT_F,0.00010646199212191492
41,207,x_R05_EXIT_F,x_R32_EXIT_A,0.00022111336825320795
41,208,x_R05_EXIT_F,x_R32_EXIT_B,0.00021292398424382984
41,209,x_R05_EXIT_F,x_R32_EXIT_C,0.0012447863694254665
41,210,x_R05_EXIT_F,x_R32_EXIT_D,0.0004422267365064159
41,212,x_R05_EXIT_F,x_R32_EXIT_F,0.00010646199212191492
41,213,x_R05_EXIT_F,x_R32_EXIT_G,0.00022111336825320795
41,214,x_R05_EXIT_F,x_R32_EXIT_H,0.00022111336825320795
41,215,x_R05_EXIT_F,x_R32_EXIT_STAIRWELL,0.00022111336825320795
41,217,x_R05_EXIT_F,x_R33_EXIT_B,0.00021292398424382984
41,218,x_R05_EXIT_F,x_R33_EXIT_C,0.0012447863694254665
41,219,x_R05_EXIT_F,x_R33_EXIT_D,0.0004422267365064159
41,221,x_R05_EXIT_F,x_R33_EXIT_F,0.0003275753603751229
41,226,x_R05_EXIT_F,x_R34_EXIT_B,0.00021292398424382984
41,227,x_R05_EXIT_F,x_R34_EXIT_C,0.0012447863694254665
41,228,x_R05_EXIT_F,x_R34_EXIT_D,0.0004422267365064159
41,230,x_R05_EXIT_F,x_R34_EXIT_F,0.0003275753603751229
41,236,x_R05_EXIT_F,x_R35_EXIT_C,0.00022111336825320795
41,239,x_R05_EXIT_F,x_R35_EXIT_F,0.0003275753603751229
41,245,x_R05_EXIT_F,x_R36_EXIT_C,0.002006399082297627
41,246,x_R05_EXIT_F,x_R36_EXIT_D,0.0025796559629540925
41,248,x_R05_EXIT_F,x_R36_EXIT_F,0.0016378768018756142
42,42,x_R05_EXIT_G,x_R05_EXIT_G,-0.7954639654499425
42,43,x_R05_EXIT_G,x_R05_EXIT_H,1.6745468955780425
42,44,x_R05_EXIT_G,x_R05_EXIT_STAIRWELL,1.675054637386624
42,45,x_R05_EXIT_G,x_R06_EXIT_A,0.00022111336825320795
42,46,x_R05_EXIT_G,x_R06_EXIT_B,0.00022111336825320795
42,48,x_R05_EXIT_G,x_R06_EXIT_D,0.0007288551768346481
42,49,x_R05_EXIT_G,x_R06_EXIT_E,0.0007288551768346481
42,50,x_R05_EXIT_G,x_R06_EXIT_F,0.0007288551768346481
42,51,x_R05_EXIT_G,x_R06_EXIT_G,0.00445502490110167
42,52,x_R05_EXIT_G,x_R06_EXIT_H,0.00022111336825320795
42,53,x_R05_EXIT_G,x_R06_EXIT_STAIRWELL,0.0007288551768346481
42,56,x_R05_EXIT_G,x_R07_EXIT_C,0.00022111336825320795
42,58,x_R05_EXIT_G,x_R07_EXIT_E,0.0005077418085814403
42,59,x_R05_EXIT_G,x_R07_EXIT_F,0.0005077418085814403
42,60,x_R05_EXIT_G,x_R07_EXIT_G,0.004233911532848463
42,62,x_R05_EXIT_G,x_R07_EXIT_STAIRWELL,0.0005077418085814403
42,65,x_R05_EXIT_G,x_R08_EXIT_C,0.00022111336825320795
42,66,x_R05_EXIT_G,x_R08_EXIT_D,0.0008762640890034537
42,67,x_R05_EXIT_G,x_R08_EXIT_E,0.00028662844032823246
42,68,x_R05_EXIT_G,x_R08_EXIT_F,0.00028662844032823246
42,69,x_R05_EXIT_G,x_R08_EXIT_G,0.0020063990822976273
42,71,x_R05_EXIT_G,x_R08_EXIT_STAIRWELL,0.00028662844032823246
42,74,x_R05_EXIT_G,x_R09_EXIT_C,0.00022111336825320795
42,75,x_R05_EXIT_G,x_R09_EXIT_D,0.0008762640890034537
42,76,x_R05_EXIT_G,x_R09_EXIT_E,0.00028662844032823246
42,77,x_R05_EXIT_G,x_R09_EXIT_F,0.00028662844032823246
42,78,x_R05_EXIT_G,x_R09_EXIT_G,0.0020063990822976273
42,80,x_R05_EXIT_G,x_R09_EXIT_STAIRWELL,0.00028662844032823246
42,83,x_R05_EXIT_G,x_R10_EXIT_C,0.00022111336825320795
42,87,x_R05_EXIT_G,x_R10_EXIT_G,0.002186565530503945
42,88,x_R05_EXIT_G,x_R10_EXIT_H,0.0008762640890034537
42,92,x_R05_EXIT_G,x_R11_EXIT_C,0.00022111336825320795
42,94,x_R05_EXIT_G,x_R11_EXIT_E,0.0005077418085814403
42,95,x_R05_EXIT_G,x_R11_EXIT_F,0.0005077418085814403
42,96,x_R05_EXIT_G,x_R11_EXIT_G,0.004233911532848463
42,98,x_R05_EXIT_G,x_R11_EXIT_STAIRWELL,0.0005077418085814403
42,101,x_R05_EXIT_G,x_R12_EXIT_C,0.000802559632919051
42,102,x_R05_EXIT_G,x_R12_EXIT_D,0.0016870131059318826
42,103,x_R05_EXIT_G,x_R12_EXIT_E,0.0013266802095192477
42,104,x_R05_EXIT_G,x_R12_EXIT_F,0.0013266802095192477
42,105,x_R05_EXIT_G,x_R12_EXIT_G,0.005699811270527138
42,107,x_R05_EXIT_G,x_R12_EXIT_STAIRWELL,0.0013266802095192477
42,110,x_R05_EXIT_G,x_R13_EXIT_C,0.00022111336825320795
42,111,x_R05_EXIT_G,x_R13_EXIT_D,0.0008762640890034537
42,112,x_R05_EXIT_G,x_R13_EXIT_E,0.00028662844032823246
42,113,x_R05_EXIT_G,x_R13_EXIT_F,0.00028662844032823246
42,114,x_R05_EXIT_G,x_R13_EXIT_G,0.0020063990822976273
42,116,x_R05_EXIT_G,x_R13_EXIT_STAIRWELL,0.00028662844032823246
42,119,x_R05_EXIT_G,x_R14_EXIT_C,0.00022111336825320795
42,120,x_R05_EXIT_G,x_R14_EXIT_D,0.0008762640890034537
42,121,x_R05_EXIT_G,x_R14_EXIT_E,0.00028662844032823246
42,122,x_R05_EXIT_G,x_R14_EXIT_F,0.00028662844032823246
42,123,x_R05_EXIT_G,x_R14_EXIT_G,0.0020063990822976273
42,125,x_R05_EXIT_G,x_R14_EXIT_STAIRWELL,0.00028662844032823246
42,128,x_R05_EXIT_G,x_R15_EXIT_C,0.00011055668412660398
42,132,x_R05_EXIT_G,x_R15_EXIT_G,0.0010932827652519726
42,133,x_R05_EXIT_G,x_R15_EXIT_H,0.00043813204450172683
42,137,x_R05_EXIT_G,x_R16_EXIT_C,0.00022111336825320795
42,141,x_R05_EXIT_G,x_R16_EXIT_G,0.002186565530503945
42,142,x_R05_EXIT_G,x_R16_EXIT_H,0.0008762640890034537
42,153,x_R05_EXIT_G,x_R24_EXIT_A,0.00036033289641263514
42,154,x_R05_EXIT_G,x_R24_EXIT_B,0.0011792712973504424
42,155,x_R05_EXIT_G,x_R24_EXIT_C,0.0014577103536692962
42,159,x_R05_EXIT_G,x_R24_EXIT_G,0.0034395412839387904
42,160,x_R05_EXIT_G,x_R24_EXIT_H,0.00036033289641263514
42,162,x_R05_EXIT_G,x_R25_EXIT_A,0.0005077418085814403
42,163,x_R05_EXIT_G,x_R25_EXIT_B,0.0005077418085814403
42,164,x_R05_EXIT_G,x_R25_EXIT_C,0.0007288551768346481
42,168,x_R05_EXIT_G,x_R25_EXIT_G,0.002186565530503945
42,169,x_R05_EXIT_G,x_R25_EXIT_H,0.0008762640890034537
42,171,x_R05_EXIT_G,x_R28_EXIT_A,0.001899937090175713
42,172,x_R05_EXIT_G,x_R28_EXIT_B,0.0026697391870572516
42,173,x_R05_EXIT_G,x_R28_EXIT_C,0.00314472345960118
42,174,x_R05_EXIT_G,x_R28_EXIT_D,0.0020801035383820306
42,175,x_R05_EXIT_G,x_R28_EXIT_E,0.0016133086498474804
42,176,x_R05_EXIT_G,x_R28_EXIT_F,0.0016133086498474804
42,177,x_R05_EXIT_G,x_R28_EXIT_G,0.00010646199212191492
42,178,x_R05_EXIT_G,x_R28_EXIT_H,0.001899937090175713
42,179,x_R05_EXIT_G,x_R28_EXIT_STAIRWELL,0.0016133086498474804
42,180,x_R05_EXIT_G,x_R29_EXIT_A,0.0012447863694254667
42,181,x_R05_EXIT_G,x_R29_EXIT_B,0.0020145884663070055
42,182,x_R05_EXIT_G,x_R29_EXIT_C,0.0024895727388509334
42,183,x_R05_EXIT_G,x_R29_EXIT_D,0.0014249528176317845
42,184,x_R05_EXIT_G,x_R29_EXIT_E,0.0009581579290972342
42,185,x_R05_EXIT_G,x_R29_EXIT_F,0.0009581579290972342
42,186,x_R05_EXIT_G,x_R29_EXIT_G,0.0006960976407971361
42,187,x_R05_EXIT_G,x_R29_EXIT_H,0.0012447863694254667
42,188,x_R05_EXIT_G,x_R29_EXIT_STAIRWELL,0.0009581579290972342
42,189,x_R05_EXIT_G,x_R30_EXIT_A,0.00036033289641263514
42,190,x_R05_EXIT_G,x_R30_EXIT_B,0.001130134993294174
42,191,x_R05_EXIT_G,x_R30_EXIT_C,0.001605119265838102
42,192,x_R05_EXIT_G,x_R30_EXIT_D,0.0005404993446189528
42,195,x_R05_EXIT_G,x_R30_EXIT_G,0.0016460661858849926
42,196,x_R05_EXIT_G,x_R30_EXIT_H,0.00036033289641263514
42,198,x_R05_EXIT_G,x_R31_EXIT_A,0.00028662844032823246
42,199,x_R05_EXIT_G,x_R31_EXIT_B,0.0010564305372097714
42,200,x_R05_EXIT_G,x_R31_EXIT_C,0.0007288551768346481
42,204,x_R05_EXIT_G,x_R31_EXIT_G,0.0017197706419693952
42,205,x_R05_EXIT_G,x_R31_EXIT_H,0.00028662844032823246
42,207,x_R05_EXIT_G,x_R32_EXIT_A,0.00028662844032823246
42,208,x_R05_EXIT_G,x_R32_EXIT_B,0.0005896356486752212
42,209,x_R05_EXIT_G,x_R32_EXIT_C,0.0007288551768346481
42,213,x_R05_EXIT_G,x_R32_EXIT_G,0.0017197706419693952
42,214,x_R05_EXIT_G,x_R32_EXIT_H,0.00028662844032823246
42,216,x_R05_EXIT_G,x_R33_EXIT_A,0.00028662844032823246
42,217,x_R05_EXIT_G,x_R33_EXIT_B,0.0005896356486752212
42,218,x_R05_EXIT_G,x_R33_EXIT_C,0.0007288551768346481
42,222,x_R05_EXIT_G,x_R33_EXIT_G,0.0017197706419693952
42,223,x_R05_EXIT_G,x_R33_EXIT_H,0.00028662844032823246
42,225,x_R05_EXIT_G,x_R34_EXIT_A,0.00028662844032823246
42,226,x_R05_EXIT_G,x_R34_EXIT_B,0.0005896356486752212
42,227,x_R05_EXIT_G,x_R34_EXIT_C,0.0007288551768346481
42,231,x_R05_EXIT_G,x_R34_EXIT_G,0.0017197706419693952
42,232,x_R05_EXIT_G,x_R34_EXIT_H,0.00028662844032823246
42,236,x_R05_EXIT_G,x_R35_EXIT_C,0.00022111336825320795
42,237,x_R05_EXIT_G,x_R35_EXIT_D,0.0008762640890034537
42,238,x_R05_EXIT_G,x_R35_EXIT_E,0.00028662844032823246
42,239,x_R05_EXIT_G,x_R35_EXIT_F,0.00028662844032823246
42,240,x_R05_EXIT_G,x_R35_EXIT_G,0.0020063990822976273
42,242,x_R05_EXIT_G,x_R35_EXIT_STAIRWELL,0.00028662844032823246
42,245,x_R05_EXIT_G,x_R36_EXIT_C,0.006756241807736908
42,246,x_R05_EXIT_G,x_R36_EXIT_D,0.0014331422016411624
42,247,x_R05_EXIT_G,x_R36_EXIT_E,0.0009008322410315877
42,248,x_R05_EXIT_G,x_R36_EXIT_F,0.0009008322410315877
42,249,x_R05_EXIT_G,x_R36_EXIT_G,0.009499685450878563
42,251,x_R05_EXIT_G,x_R36_EXIT_STAIRWELL,0.0009008322410315877
43,43,x_R05_EXIT_H,x_R05_EXIT_H,-0.8031082913690105
43,44,x_R05_EXIT_H,x_R05_EXIT_STAIRWELL,1.6745468955780425
43,45,x_R05_EXIT_H,x_R06_EXIT_A,0.0011792712973504424
43,46,x_R05_EXIT_H,x_R06_EXIT_B,0.0008844534730128318
43,48,x_R05_EXIT_H,x_R06_EXIT_D,0.00022111336825320795
43,49,x_R05_EXIT_H,x_R06_EXIT_E,0.00022111336825320795
43,50,x_R05_EXIT_H,x_R06_EXIT_F,0.00022111336825320795
43,51,x_R05_EXIT_H,x_R06_EXIT_G,0.00022111336825320795
43,52,x_R05_EXIT_H,x_R06_EXIT_H,0.0025387090429072018
43,53,x_R05_EXIT_H,x_R06_EXIT_STAIRWELL,0.00022111336825320795
43,54,x_R05_EXIT_H,x_R07_EXIT_A,0.0009581579290972342
43,55,x_R05_EXIT_H,x_R07_EXIT_B,0.0006633401047596237
43,56,x_R05_EXIT_H,x_R07_EXIT_C,0.00022111336825320795
43,61,x_R05_EXIT_H,x_R07_EXIT_H,0.002317595674653994
43,64,x_R05_EXIT_H,x_R08_EXIT_B,0.0002948178243376106
43,65,x_R05_EXIT_H,x_R08_EXIT_C,0.0011792712973504424
43,66,x_R05_EXIT_H,x_R08_EXIT_D,0.0004422267365064159
43,67,x_R05_EXIT_H,x_R08_EXIT_E,0.0003685222804220132
43,68,x_R05_EXIT_H,x_R08_EXIT_F,0.0003685222804220132
43,69,x_R05_EXIT_H,x_R08_EXIT_G,0.0003685222804220132
43,70,x_R05_EXIT_H,x_R08_EXIT_H,0.00032757536037512284
43,71,x_R05_EXIT_H,x_R08_EXIT_STAIRWELL,0.0003685222804220132
43,73,x_R05_EXIT_H,x_R09_EXIT_B,0.0002948178243376106
43,74,x_R05_EXIT_H,x_R09_EXIT_C,0.0011792712973504424
43,75,x_R05_EXIT_H,x_R09_EXIT_D,0.0004422267365064159
43,76,x_R05_EXIT_H,x_R09_EXIT_E,0.0003685222804220132
43,77,x_R05_EXIT_H,x_R09_EXIT_F,0.0003685222804220132
43,78,x_R05_EXIT_H,x_R09_EXIT_G,0.0003685222804220132
43,79,x_R05_EXIT_H,x_R09_EXIT_H,0.00032757536037512284
43,80,x_R05_EXIT_H,x_R09_EXIT_STAIRWELL,0.0003685222804220132
43,81,x_R05_EXIT_H,x_R10_EXIT_A,0.0009581579290972342
43,82,x_R05_EXIT_H,x_R10_EXIT_B,0.0006633401047596237
43,83,x_R05_EXIT_H,x_R10_EXIT_C,0.00022111336825320795
43,88,x_R05_EXIT_H,x_R10_EXIT_H,0.0007698020968815387
43,90,x_R05_EXIT_H,x_R11_EXIT_A,0.0009581579290972342
43,91,x_R05_EXIT_H,x_R11_EXIT_B,0.0006633401047596237
43,92,x_R05_EXIT_H,x_R11_EXIT_C,0.00022111336825320795
43,97,x_R05_EXIT_H,x_R11_EXIT_H,0.002317595674653994
43,99,x_R05_EXIT_H,x_R12_EXIT_A,0.0004422267365064159
43,101,x_R05_EXIT_H,x_R12_EXIT_C,0.0004422267365064159
43,106,x_R05_EXIT_H,x_R12_EXIT_H,0.0015396041937630774
43,109,x_R05_EXIT_H,x_R13_EXIT_B,0.0013266802095192472
43,110,x_R05_EXIT_H,x_R13_EXIT_C,0.002211133682532079
43,111,x_R05_EXIT_H,x_R13_EXIT_D,0.0004422267365064159
43,112,x_R05_EXIT_H,x_R13_EXIT_E,0.0003685222804220132
43,113,x_R05_EXIT_H,x_R13_EXIT_F,0.0003685222804220132
43,114,x_R05_EXIT_H,x_R13_EXIT_G,0.0003685222804220132
43,115,x_R05_EXIT_H,x_R13_EXIT_H,0.00032757536037512284
43,116,x_R05_EXIT_H,x_R13_EXIT_STAIRWELL,0.0003685222804220132
43,118,x_R05_EXIT_H,x_R14_EXIT_B,0.0013266802095192472
43,119,x_R05_EXIT_H,x_R14_EXIT_C,0.002211133682532079
43,120,x_R05_EXIT_H,x_R14_EXIT_D,0.0004422267365064159
43,121,x_R05_EXIT_H,x_R14_EXIT_E,0.0003685222804220132
43,122,x_R05_EXIT_H,x_R14_EXIT_F,0.0003685222804220132
43,123,x_R05_EXIT_H,x_R14_EXIT_G,0.0003685222804220132
43,124,x_R05_EXIT_H,x_R14_EXIT_H,0.00032757536037512284
43,125,x_R05_EXIT_H,x_R14_EXIT_STAIRWELL,0.0003685222804220132
43,126,x_R05_EXIT_H,x_R15_EXIT_A,0.0004790789645486171
43,127,x_R05_EXIT_H,x_R15_EXIT_B,0.00033167005237981186
43,128,x_R05_EXIT_H,x_R15_EXIT_C,0.00011055668412660398
43,133,x_R05_EXIT_H,x_R15_EXIT_H,0.00038490104844076935
43,135,x_R05_EXIT_H,x_R16_EXIT_A,0.0009581579290972342
43,136,x_R05_EXIT_H,x_R16_EXIT_B,0.0006633401047596237
43,137,x_R05_EXIT_H,x_R16_EXIT_C,0.00022111336825320795
43,142,x_R05_EXIT_H,x_R16_EXIT_H,0.0007698020968815387
43,153,x_R05_EXIT_H,x_R24_EXIT_A,0.0013266802095192472
43,155,x_R05_EXIT_H,x_R24_EXIT_C,0.0004422267365064159
43,160,x_R05_EXIT_H,x_R24_EXIT_H,0.0013921952815942721
43,162,x_R05_EXIT_H,x_R25_EXIT_A,0.0009581579290972342
43,163,x_R05_EXIT_H,x_R25_EXIT_B,0.0006633401047596237
43,164,x_R05_EXIT_H,x_R25_EXIT_C,0.00022111336825320795
43,169,x_R05_EXIT_H,x_R25_EXIT_H,0.0007698020968815387
43,171,x_R05_EXIT_H,x_R28_EXIT_A,0.0006633401047596236
43,173,x_R05_EXIT_H,x_R28_EXIT_C,0.00022111336825320795
43,178,x_R05_EXIT_H,x_R28_EXIT_H,0.0006960976407971361
43,180,x_R05_EXIT_H,x_R29_EXIT_A,0.0006633401047596236
43,182,x_R05_EXIT_H,x_R29_EXIT_C,0.00022111336825320795
43,187,x_R05_EXIT_H,x_R29_EXIT_H,0.0006960976407971361
43,189,x_R05_EXIT_H,x_R30_EXIT_A,0.0006633401047596236
43,191,x_R05_EXIT_H,x_R30_EXIT_C,0.00022111336825320795
43,196,x_R05_EXIT_H,x_R30_EXIT_H,0.0006960976407971361
43,198,x_R05_EXIT_H,x_R31_EXIT_A,0.0006633401047596236
43,200,x_R05_EXIT_H,x_R31_EXIT_C,0.00022111336825320795
43,205,x_R05_EXIT_H,x_R31_EXIT_H,0.0006960976407971361
43,207,x_R05_EXIT_H,x_R32_EXIT_A,0.0006633401047596236
43,209,x_R05_EXIT_H,x_R32_EXIT_C,0.00022111336825320795
43,214,x_R05_EXIT_H,x_R32_EXIT_H,0.0006960976407971361
43,216,x_R05_EXIT_H,x_R33_EXIT_A,0.0006633401047596236
43,218,x_R05_EXIT_H,x_R33_EXIT_C,0.00022111336825320795
43,223,x_R05_EXIT_H,x_R33_EXIT_H,0.0006960976407971361
43,225,x_R05_EXIT_H,x_R34_EXIT_A,0.0006633401047596236
43,227,x_R05_EXIT_H,x_R34_EXIT_C,0.00022111336825320795
43,232,x_R05_EXIT_H,x_R34_EXIT_H,0.0006960976407971361
43,235,x_R05_EXIT_H,x_R35_EXIT_B,0.0002948178243376106
43,236,x_R05_EXIT_H,x_R35_EXIT_C,0.0011792712973504424
43,237,x_R05_EXIT_H,x_R35_EXIT_D,0.0005896356486752211
43,238,x_R05_EXIT_H,x_R35_EXIT_E,0.0006633401047596236
43,239,x_R05_EXIT_H,x_R35_EXIT_F,0.0006633401047596236
43,240,x_R05_EXIT_H,x_R35_EXIT_G,0.0006633401047596236
43,241,x_R05_EXIT_H,x_R35_EXIT_H,0.00032757536037512284
43,242,x_R05_EXIT_H,x_R35_EXIT_STAIRWELL,0.0006633401047596236
43,243,x_R05_EXIT_H,x_R36_EXIT_A,0.0033167005237981183
43,244,x_R05_EXIT_H,x_R36_EXIT_B,0.004790789645486171
43,245,x_R05_EXIT_H,x_R36_EXIT_C,0.0011055668412660396
43,250,x_R05_EXIT_H,x_R36_EXIT_H,0.00348048820398568
44,44,x_R05_EXIT_STAIRWELL,x_R05_EXIT_STAIRWELL,-0.8075737748030705
44,45,x_R05_EXIT_STAIRWELL,x_R06_EXIT_A,0.00022111336825320795
44,46,x_R05_EXIT_STAIRWELL,x_R06_EXIT_B,0.00022111336825320795
44,48,x_R05_EXIT_STAIRWELL,x_R06_EXIT_D,0.0008025596329190507
44,49,x_R05_EXIT_STAIRWELL,x_R06_EXIT_E,0.0012447863694254665
44,50,x_R05_EXIT_STAIRWELL,x_R06_EXIT_F,0.0016051192658381017
44,51,x_R05_EXIT_STAIRWELL,x_R06_EXIT_G,0.0007288551768346481
44,52,x_R05_EXIT_STAIRWELL,x_R06_EXIT_H,0.00022111336825320795
44,53,x_R05_EXIT_STAIRWELL,x_R06_EXIT_STAIRWELL,0.0019654521622507366
44,56,x_R05_EXIT_STAIRWELL,x_R07_EXIT_C,0.00022111336825320795
44,58,x_R05_EXIT_STAIRWELL,x_R07_EXIT_E,0.0010236730011722588
44,59,x_R05_EXIT_STAIRWELL,x_R07_EXIT_F,0.0013840058975848938
44,60,x_R05_EXIT_STAIRWELL,x_R07_EXIT_G,0.0005077418085814403
44,62,x_R05_EXIT_STAIRWELL,x_R07_EXIT_STAIRWELL,0.0017443387939975292
44,65,x_R05_EXIT_STAIRWELL,x_R08_EXIT_C,0.00022111336825320795
44,71,x_R05_EXIT_STAIRWELL,x_R08_EXIT_STAIRWELL,0.0003275753603751229
44,74,x_R05_EXIT_STAIRWELL,x_R09_EXIT_C,0.00022111336825320795
44,80,x_R05_EXIT_STAIRWELL,x_R09_EXIT_STAIRWELL,0.0003275753603751229
44,83,x_R05_EXIT_STAIRWELL,x_R10_EXIT_C,0.00022111336825320795
44,85,x_R05_EXIT_STAIRWELL,x_R10_EXIT_E,0.0004422267365064159
44,86,x_R05_EXIT_STAIRWELL,x_R10_EXIT_F,0.0008025596329190509
44,87,x_R05_EXIT_STAIRWELL,x_R10_EXIT_G,0.0005159311925908185
44,89,x_R05_EXIT_STAIRWELL,x_R10_EXIT_STAIRWELL,0.0011628925293316861
44,92,x_R05_EXIT_STAIRWELL,x_R11_EXIT_C,0.00022111336825320795
44,94,x_R05_EXIT_STAIRWELL,x_R11_EXIT_E,0.0010236730011722588
44,95,x_R05_EXIT_STAIRWELL,x_R11_EXIT_F,0.0013840058975848938
44,96,x_R05_EXIT_STAIRWELL,x_R11_EXIT_G,0.0005077418085814403
44,98,x_R05_EXIT_STAIRWELL,x_R11_EXIT_STAIRWELL,0.0017443387939975292
44,101,x_R05_EXIT_STAIRWELL,x_R12_EXIT_C,0.000802559632919051
44,102,x_R05_EXIT_STAIRWELL,x_R12_EXIT_D,0.0001474089121688053
44,103,x_R05_EXIT_STAIRWELL,x_R12_EXIT_E,0.0001474089121688053
44,104,x_R05_EXIT_STAIRWELL,x_R12_EXIT_F,0.000573256880656465
44,107,x_R05_EXIT_STAIRWELL,x_R12_EXIT_STAIRWELL,0.0012939226734817353
44,110,x_R05_EXIT_STAIRWELL,x_R13_EXIT_C,0.00022111336825320795
44,116,x_R05_EXIT_STAIRWELL,x_R13_EXIT_STAIRWELL,0.0003275753603751229
44,119,x_R05_EXIT_STAIRWELL,x_R14_EXIT_C,0.00022111336825320795
44,125,x_R05_EXIT_STAIRWELL,x_R14_EXIT_STAIRWELL,0.0003275753603751229
44,128,x_R05_EXIT_STAIRWELL,x_R15_EXIT_C,0.00011055668412660398
44,130,x_R05_EXIT_STAIRWELL,x_R15_EXIT_E,0.00022111336825320795
44,131,x_R05_EXIT_STAIRWELL,x_R15_EXIT_F,0.00040127981645952547
44,132,x_R05_EXIT_STAIRWELL,x_R15_EXIT_G,0.00025796559629540924
44,134,x_R05_EXIT_STAIRWELL,x_R15_EXIT_STAIRWELL,0.0005814462646658431
44,137,x_R05_EXIT_STAIRWELL,x_R16_EXIT_C,0.00022111336825320795
44,139,x_R05_EXIT_STAIRWELL,x_R16_EXIT_E,0.0004422267365064159
44,140,x_R05_EXIT_STAIRWELL,x_R16_EXIT_F,0.0008025596329190509
44,141,x_R05_EXIT_STAIRWELL,x_R16_EXIT_G,0.0005159311925908185
44,143,x_R05_EXIT_STAIRWELL,x_R16_EXIT_STAIRWELL,0.0011628925293316861
44,153,x_R05_EXIT_STAIRWELL,x_R24_EXIT_A,0.00021292398424382984
44,154,x_R05_EXIT_STAIRWELL,x_R24_EXIT_B,0.00021292398424382984
44,155,x_R05_EXIT_STAIRWELL,x_R24_EXIT_C,0.001899937090175712
44,156,x_R05_EXIT_STAIRWELL,x_R24_EXIT_D,0.0002948178243376106
44,158,x_R05_EXIT_STAIRWELL,x_R24_EXIT_F,0.0003603328964126351
44,159,x_R05_EXIT_STAIRWELL,x_R24_EXIT_G,0.0004258479684876597
44,160,x_R05_EXIT_STAIRWELL,x_R24_EXIT_H,0.00021292398424382984
44,161,x_R05_EXIT_STAIRWELL,x_R24_EXIT_STAIRWELL,0.0010809986892379056
44,162,x_R05_EXIT_STAIRWELL,x_R25_EXIT_A,0.000581446264665843
44,163,x_R05_EXIT_STAIRWELL,x_R25_EXIT_B,0.000581446264665843
44,164,x_R05_EXIT_STAIRWELL,x_R25_EXIT_C,0.0008025596329190507
44,166,x_R05_EXIT_STAIRWELL,x_R25_EXIT_E,0.0004422267365064159
44,167,x_R05_EXIT_STAIRWELL,x_R25_EXIT_F,0.0008025596329190509
44,168,x_R05_EXIT_STAIRWELL,x_R25_EXIT_G,0.0005159311925908185
44,170,x_R05_EXIT_STAIRWELL,x_R25_EXIT_STAIRWELL,0.0011628925293316861
44,173,x_R05_EXIT_STAIRWELL,x_R28_EXIT_C,0.0004012798164595255
44,174,x_R05_EXIT_STAIRWELL,x_R28_EXIT_D,0.0005159311925908185
44,179,x_R05_EXIT_STAIRWELL,x_R28_EXIT_STAIRWELL,0.0003275753603751229
44,182,x_R05_EXIT_STAIRWELL,x_R29_EXIT_C,0.0004012798164595255
44,183,x_R05_EXIT_STAIRWELL,x_R29_EXIT_D,0.0005159311925908185
44,188,x_R05_EXIT_STAIRWELL,x_R29_EXIT_STAIRWELL,0.0003275753603751229
44,191,x_R05_EXIT_STAIRWELL,x_R30_EXIT_C,0.0004012798164595255
44,192,x_R05_EXIT_STAIRWELL,x_R30_EXIT_D,0.0005159311925908185
44,197,x_R05_EXIT_STAIRWELL,x_R30_EXIT_STAIRWELL,0.0003275753603751229
44,200,x_R05_EXIT_STAIRWELL,x_R31_EXIT_C,0.0013512483615473814
44,201,x_R05_EXIT_STAIRWELL,x_R31_EXIT_D,0.0005486887286283307
44,206,x_R05_EXIT_STAIRWELL,x_R31_EXIT_STAIRWELL,0.0003275753603751229
44,208,x_R05_EXIT_STAIRWELL,x_R32_EXIT_B,0.00021292398424382984
44,209,x_R05_EXIT_STAIRWELL,x_R32_EXIT_C,0.0012447863694254665
44,210,x_R05_EXIT_STAIRWELL,x_R32_EXIT_D,0.0004422267365064159
44,215,x_R05_EXIT_STAIRWELL,x_R32_EXIT_STAIRWELL,0.0003275753603751229
44,217,x_R05_EXIT_STAIRWELL,x_R33_EXIT_B,0.00021292398424382984
44,218,x_R05_EXIT_STAIRWELL,x_R33_EXIT_C,0.0012447863694254665
44,219,x_R05_EXIT_STAIRWELL,x_R33_EXIT_D,0.0004422267365064159
44,224,x_R05_EXIT_STAIRWELL,x_R33_EXIT_STAIRWELL,0.0003275753603751229
44,226,x_R05_EXIT_STAIRWELL,x_R34_EXIT_B,0.00021292398424382984
44,227,x_R05_EXIT_STAIRWELL,x_R34_EXIT_C,0.0012447863694254665
44,228,x_R05_EXIT_STAIRWELL,x_R34_EXIT_D,0.0004422267365064159
44,233,x_R05_EXIT_STAIRWELL,x_R34_EXIT_STAIRWELL,0.0003275753603751229
44,236,x_R05_EXIT_STAIRWELL,x_R35_EXIT_C,0.00022111336825320795
44,242,x_R05_EXIT_STAIRWELL,x_R35_EXIT_STAIRWELL,0.0003275753603751229
44,245,x_R05_EXIT_STAIRWELL,x_R36_EXIT_C,0.002006399082297627
44,246,x_R05_EXIT_STAIRWELL,x_R36_EXIT_D,0.0025796559629540925
44,251,x_R05_EXIT_STAIRWELL,x_R36_EXIT_STAIRWELL,0.0016378768018756142
45,45,x_R06_EXIT_A,x_R06_EXIT_A,-0.8101261294113611
45,46,x_R06_EXIT_A,x_R06_EXIT_B,1.6752102356828023
45,47,x_R06_EXIT_A,x_R06_EXIT_C,1.6743257822097892
45,48,x_R06_EXIT_A,x_R06_EXIT_D,1.6745468955780425
45,49,x_R06_EXIT_A,x_R06_EXIT_E,1.6745468955780425
45,50,x_R06_EXIT_A,x_R06_EXIT_F,1.6745468955780425
45,51,x_R06_EXIT_A,x_R06_EXIT_G,1.6745468955780425
45,52,x_R06_EXIT_A,x_R06_EXIT_H,1.6755050535071399
45,53,x_R06_EXIT_A,x_R06_EXIT_STAIRWELL,1.6745468955780425
45,54,x_R06_EXIT_A,x_R07_EXIT_A,0.0016542555698943707
45,55,x_R06_EXIT_A,x_R07_EXIT_B,0.0006633401047596237
45,56,x_R06_EXIT_A,x_R07_EXIT_C,0.00022111336825320795
45,61,x_R06_EXIT_A,x_R07_EXIT_H,0.0009581579290972342
45,63,x_R06_EXIT_A,x_R08_EXIT_A,0.0003275753603751229
45,64,x_R06_EXIT_A,x_R08_EXIT_B,0.0006633401047596237
45,65,x_R06_EXIT_A,x_R08_EXIT_C,0.0015477935777724555
45,72,x_R06_EXIT_A,x_R09_EXIT_A,0.0003275753603751229
45,73,x_R06_EXIT_A,x_R09_EXIT_B,0.0006633401047596237
45,74,x_R06_EXIT_A,x_R09_EXIT_C,0.0015477935777724555
45,81,x_R06_EXIT_A,x_R10_EXIT_A,0.0016542555698943707
45,82,x_R06_EXIT_A,x_R10_EXIT_B,0.0006633401047596237
45,83,x_R06_EXIT_A,x_R10_EXIT_C,0.00022111336825320795
45,90,x_R06_EXIT_A,x_R11_EXIT_A,0.0016542555698943707
45,91,x_R06_EXIT_A,x_R11_EXIT_B,0.0006633401047596237
45,92,x_R06_EXIT_A,x_R11_EXIT_C,0.00022111336825320795
45,97,x_R06_EXIT_A,x_R11_EXIT_H,0.0009581579290972342
45,99,x_R06_EXIT_A,x_R12_EXIT_A,0.001392195281594272
45,101,x_R06_EXIT_A,x_R12_EXIT_C,0.0004422267365064159
45,108,x_R06_EXIT_A,x_R13_EXIT_A,0.0003275753603751229
45,109,x_R06_EXIT_A,x_R13_EXIT_B,0.0002948178243376106
45,110,x_R06_EXIT_A,x_R13_EXIT_C,0.0011792712973504424
45,117,x_R06_EXIT_A,x_R14_EXIT_A,0.0003275753603751229
45,118,x_R06_EXIT_A,x_R14_EXIT_B,0.0002948178243376106
45,119,x_R06_EXIT_A,x_R14_EXIT_C,0.0011792712973504424
45,126,x_R06_EXIT_A,x_R15_EXIT_A,0.0008271277849471854
45,127,x_R06_EXIT_A,x_R15_EXIT_B,0.00033167005237981186
45,128,x_R06_EXIT_A,x_R15_EXIT_C,0.00011055668412660398
45,135,x_R06_EXIT_A,x_R16_EXIT_A,0.0016542555698943707
45,136,x_R06_EXIT_A,x_R16_EXIT_B,0.0006633401047596237
45,137,x_R06_EXIT_A,x_R16_EXIT_C,0.00022111336825320795
45,153,x_R06_EXIT_A,x_R24_EXIT_A,0.001392195281594272
45,155,x_R06_EXIT_A,x_R24_EXIT_C,0.0004422267365064159
45,162,x_R06_EXIT_A,x_R25_EXIT_A,0.0016542555698943707
45,163,x_R06_EXIT_A,x_R25_EXIT_B,0.0006633401047596237
45,164,x_R06_EXIT_A,x_R25_EXIT_C,0.00022111336825320795
45,171,x_R06_EXIT_A,x_R28_EXIT_A,0.000696097640797136
45,173,x_R06_EXIT_A,x_R28_EXIT_C,0.00022111336825320795
45,180,x_R06_EXIT_A,x_R29_EXIT_A,0.000696097640797136
45,182,x_R06_EXIT_A,x_R29_EXIT_C,0.00022111336825320795
45,189,x_R06_EXIT_A,x_R30_EXIT_A,0.000696097640797136
45,191,x_R06_EXIT_A,x_R30_EXIT_C,0.00022111336825320795
45,198,x_R06_EXIT_A,x_R31_EXIT_A,0.000696097640797136
45,200,x_R06_EXIT_A,x_R31_EXIT_C,0.00022111336825320795
45,207,x_R06_EXIT_A,x_R32_EXIT_A,0.000696097640797136
45,209,x_R06_EXIT_A,x_R32_EXIT_C,0.00022111336825320795
45,216,x_R06_EXIT_A,x_R33_EXIT_A,0.000696097640797136
45,218,x_R06_EXIT_A,x_R33_EXIT_C,0.00022111336825320795
45,225,x_R06_EXIT_A,x_R34_EXIT_A,0.000696097640797136
45,227,x_R06_EXIT_A,x_R34_EXIT_C,0.00022111336825320795
45,234,x_R06_EXIT_A,x_R35_EXIT_A,0.0003275753603751229
45,235,x_R06_EXIT_A,x_R35_EXIT_B,0.0006633401047596237
45,236,x_R06_EXIT_A,x_R35_EXIT_C,0.0015477935777724555
45,237,x_R06_EXIT_A,x_R35_EXIT_D,0.0003685222804220132
45,238,x_R06_EXIT_A,x_R35_EXIT_E,0.0003685222804220132
45,239,x_R06_EXIT_A,x_R35_EXIT_F,0.0003685222804220132
45,240,x_R06_EXIT_A,x_R35_EXIT_G,0.0003685222804220132
45,242,x_R06_EXIT_A,x_R35_EXIT_STAIRWELL,0.0003685222804220132
45,243,x_R06_EXIT_A,x_R36_EXIT_A,0.00348048820398568
45,244,x_R06_EXIT_A,x_R36_EXIT_B,0.0014740891216880527
45,245,x_R06_EXIT_A,x_R36_EXIT_C,0.0011055668412660396
46,46,x_R06_EXIT_B,x_R06_EXIT_B,-0.817979738452458
46,47,x_R06_EXIT_B,x_R06_EXIT_C,1.6743257822097892
46,48,x_R06_EXIT_B,x_R06_EXIT_D,1.6745468955780425
46,49,x_R06_EXIT_B,x_R06_EXIT_E,1.6745468955780425
46,50,x_R06_EXIT_B,x_R06_EXIT_F,1.6745468955780425
46,51,x_R06_EXIT_B,x_R06_EXIT_G,1.6745468955780425
46,52,x_R06_EXIT_B,x_R06_EXIT_H,1.6752102356828023
46,53,x_R06_EXIT_B,x_R06_EXIT_STAIRWELL,1.6745468955780425
46,54,x_R06_EXIT_B,x_R07_EXIT_A,0.0006633401047596237
46,55,x_R06_EXIT_B,x_R07_EXIT_B,0.0009909154651347465
46,56,x_R06_EXIT_B,x_R07_EXIT_C,0.00022111336825320795
46,61,x_R06_EXIT_B,x_R07_EXIT_H,0.0006633401047596237
46,64,x_R06_EXIT_B,x_R08_EXIT_B,0.00032757536037512284
46,65,x_R06_EXIT_B,x_R08_EXIT_C,0.0008844534730128318
46,73,x_R06_EXIT_B,x_R09_EXIT_B,0.00032757536037512284
46,74,x_R06_EXIT_B,x_R09_EXIT_C,0.0008844534730128318
46,81,x_R06_EXIT_B,x_R10_EXIT_A,0.0006633401047596237
46,82,x_R06_EXIT_B,x_R10_EXIT_B,0.0009909154651347465
46,83,x_R06_EXIT_B,x_R10_EXIT_C,0.00022111336825320795
46,90,x_R06_EXIT_B,x_R11_EXIT_A,0.0006633401047596237
46,91,x_R06_EXIT_B,x_R11_EXIT_B,0.0009909154651347465
46,92,x_R06_EXIT_B,x_R11_EXIT_C,0.00022111336825320795
46,97,x_R06_EXIT_B,x_R11_EXIT_H,0.0006633401047596237
46,100,x_R06_EXIT_B,x_R12_EXIT_B,0.0006551507207502457
46,101,x_R06_EXIT_B,x_R12_EXIT_C,0.0004422267365064159
46,109,x_R06_EXIT_B,x_R13_EXIT_B,0.00032757536037512284
46,110,x_R06_EXIT_B,x_R13_EXIT_C,0.0008844534730128318
46,118,x_R06_EXIT_B,x_R14_EXIT_B,0.00032757536037512284
46,119,x_R06_EXIT_B,x_R14_EXIT_C,0.0008844534730128318
46,126,x_R06_EXIT_B,x_R15_EXIT_A,0.00033167005237981186
46,127,x_R06_EXIT_B,x_R15_EXIT_B,0.0004954577325673732
46,128,x_R06_EXIT_B,x_R15_EXIT_C,0.00011055668412660398
46,135,x_R06_EXIT_B,x_R16_EXIT_A,0.0006633401047596237
46,136,x_R06_EXIT_B,x_R16_EXIT_B,0.0009909154651347465
46,137,x_R06_EXIT_B,x_R16_EXIT_C,0.00022111336825320795
46,154,x_R06_EXIT_B,x_R24_EXIT_B,0.0006551507207502457
46,155,x_R06_EXIT_B,x_R24_EXIT_C,0.0004422267365064159
46,162,x_R06_EXIT_B,x_R25_EXIT_A,0.0006633401047596237
46,163,x_R06_EXIT_B,x_R25_EXIT_B,0.0009909154651347465
46,164,x_R06_EXIT_B,x_R25_EXIT_C,0.00022111336825320795
46,172,x_R06_EXIT_B,x_R28_EXIT_B,0.00032757536037512284
46,173,x_R06_EXIT_B,x_R28_EXIT_C,0.00022111336825320795
46,181,x_R06_EXIT_B,x_R29_EXIT_B,0.00032757536037512284
46,182,x_R06_EXIT_B,x_R29_EXIT_C,0.00022111336825320795
46,190,x_R06_EXIT_B,x_R30_EXIT_B,0.00032757536037512284
46,191,x_R06_EXIT_B,x_R30_EXIT_C,0.00022111336825320795
46,199,x_R06_EXIT_B,x_R31_EXIT_B,0.00032757536037512284
46,200,x_R06_EXIT_B,x_R31_EXIT_C,0.00022111336825320795
46,208,x_R06_EXIT_B,x_R32_EXIT_B,0.00032757536037512284
46,209,x_R06_EXIT_B,x_R32_EXIT_C,0.00022111336825320795
46,217,x_R06_EXIT_B,x_R33_EXIT_B,0.00032757536037512284
46,218,x_R06_EXIT_B,x_R33_EXIT_C,0.00022111336825320795
46,226,x_R06_EXIT_B,x_R34_EXIT_B,0.00032757536037512284
46,227,x_R06_EXIT_B,x_R34_EXIT_C,0.00022111336825320795
46,235,x_R06_EXIT_B,x_R35_EXIT_B,0.00032757536037512284
46,236,x_R06_EXIT_B,x_R35_EXIT_C,0.0008844534730128318
46,244,x_R06_EXIT_B,x_R36_EXIT_B,0.001637876801875614
46,245,x_R06_EXIT_B,x_R36_EXIT_C,0.0011055668412660396
47,47,x_R06_EXIT_C,x_R06_EXIT_C,-0.8319048578530325
47,48,x_R06_EXIT_C,x_R06_EXIT_D,1.6743257822097892
47,49,x_R06_EXIT_C,x_R06_EXIT_E,1.6743257822097892
47,50,x_R06_EXIT_C,x_R06_EXIT_F,1.6743257822097892
47,51,x_R06_EXIT_C,x_R06_EXIT_G,1.6743257822097892
47,52,x_R06_EXIT_C,x_R06_EXIT_H,1.6743257822097892
47,53,x_R06_EXIT_C,x_R06_EXIT_STAIRWELL,1.6743257822097892
47,56,x_R06_EXIT_C,x_R07_EXIT_C,0.00010646199212191492
47,65,x_R06_EXIT_C,x_R08_EXIT_C,0.00010646199212191492
47,74,x_R06_EXIT_C,x_R09_EXIT_C,0.00010646199212191492
47,83,x_R06_EXIT_C,x_R10_EXIT_C,0.00010646199212191492
47,92,x_R06_EXIT_C,x_R11_EXIT_C,0.00010646199212191492
47,101,x_R06_EXIT_C,x_R12_EXIT_C,0.00021292398424382984
47,110,x_R06_EXIT_C,x_R13_EXIT_C,0.00010646199212191492
47,119,x_R06_EXIT_C,x_R14_EXIT_C,0.00010646199212191492
47,137,x_R06_EXIT_C,x_R16_EXIT_C,0.00010646199212191492
47,155,x_R06_EXIT_C,x_R24_EXIT_C,0.00021292398424382984
47,164,x_R06_EXIT_C,x_R25_EXIT_C,0.00010646199212191492
47,173,x_R06_EXIT_C,x_R28_EXIT_C,0.00010646199212191492
47,182,x_R06_EXIT_C,x_R29_EXIT_C,0.00010646199212191492
47,191,x_R06_EXIT_C,x_R30_EXIT_C,0.00010646199212191492
47,200,x_R06_EXIT_C,x_R31_EXIT_C,0.00010646199212191492
47,209,x_R06_EXIT_C,x_R32_EXIT_C,0.00010646199212191492
47,218,x_R06_EXIT_C,x_R33_EXIT_C,0.00010646199212191492
47,227,x_R06_EXIT_C,x_R34_EXIT_C,0.00010646199212191492
47,236,x_R06_EXIT_C,x_R35_EXIT_C,0.00010646199212191492
47,245,x_R06_EXIT_C,x_R36_EXIT_C,0.0005323099606095745
48,48,x_R06_EXIT_D,x_R06_EXIT_D,-0.8153659634640971
48,49,x_R06_EXIT_D,x_R06_EXIT_E,1.6751283418427083
48,50,x_R06_EXIT_D,x_R06_EXIT_F,1.6751283418427083
48,51,x_R06_EXIT_D,x_R06_EXIT_G,1.675054637386624
48,52,x_R06_EXIT_D,x_R06_EXIT_H,1.6745468955780425
48,53,x_R06_EXIT_D,x_R06_EXIT_STAIRWELL,1.6751283418427083
48,56,x_R06_EXIT_D,x_R07_EXIT_C,0.00022111336825320795
48,57,x_R06_EXIT_D,x_R07_EXIT_D,0.0003275753603751229
48,58,x_R06_EXIT_D,x_R07_EXIT_E,0.000581446264665843
48,59,x_R06_EXIT_D,x_R07_EXIT_F,0.000581446264665843
48,60,x_R06_EXIT_D,x_R07_EXIT_G,0.0005077418085814403
48,62,x_R06_EXIT_D,x_R07_EXIT_STAIRWELL,0.000581446264665843
48,65,x_R06_EXIT_D,x_R08_EXIT_C,0.00022111336825320795
48,66,x_R06_EXIT_D,x_R08_EXIT_D,0.0006960976407971362
48,74,x_R06_EXIT_D,x_R09_EXIT_C,0.00022111336825320795
48,75,x_R06_EXIT_D,x_R09_EXIT_D,0.0006960976407971362
48,83,x_R06_EXIT_D,x_R10_EXIT_C,0.00022111336825320795
48,84,x_R06_EXIT_D,x_R10_EXIT_D,0.0003275753603751229
48,85,x_R06_EXIT_D,x_R10_EXIT_E,0.0002948178243376106
48,86,x_R06_EXIT_D,x_R10_EXIT_F,0.0002948178243376106
48,87,x_R06_EXIT_D,x_R10_EXIT_G,0.0002948178243376106
48,88,x_R06_EXIT_D,x_R10_EXIT_H,0.0003685222804220132
48,89,x_R06_EXIT_D,x_R10_EXIT_STAIRWELL,0.0002948178243376106
48,92,x_R06_EXIT_D,x_R11_EXIT_C,0.00022111336825320795
48,93,x_R06_EXIT_D,x_R11_EXIT_D,0.0003275753603751229
48,94,x_R06_EXIT_D,x_R11_EXIT_E,0.000581446264665843
48,95,x_R06_EXIT_D,x_R11_EXIT_F,0.000581446264665843
48,96,x_R06_EXIT_D,x_R11_EXIT_G,0.0005077418085814403
48,98,x_R06_EXIT_D,x_R11_EXIT_STAIRWELL,0.000581446264665843
48,101,x_R06_EXIT_D,x_R12_EXIT_C,0.000802559632919051
48,102,x_R06_EXIT_D,x_R12_EXIT_D,0.0013921952815942724
48,110,x_R06_EXIT_D,x_R13_EXIT_C,0.00022111336825320795
48,111,x_R06_EXIT_D,x_R13_EXIT_D,0.0006960976407971362
48,119,x_R06_EXIT_D,x_R14_EXIT_C,0.00022111336825320795
48,120,x_R06_EXIT_D,x_R14_EXIT_D,0.0006960976407971362
48,128,x_R06_EXIT_D,x_R15_EXIT_C,0.00011055668412660398
48,129,x_R06_EXIT_D,x_R15_EXIT_D,0.00016378768018756145
48,130,x_R06_EXIT_D,x_R15_EXIT_E,0.0001474089121688053
48,131,x_R06_EXIT_D,x_R15_EXIT_F,0.0001474089121688053
48,132,x_R06_EXIT_D,x_R15_EXIT_G,0.0001474089121688053
48,133,x_R06_EXIT_D,x_R15_EXIT_H,0.0001842611402110066
48,134,x_R06_EXIT_D,x_R15_EXIT_STAIRWELL,0.0001474089121688053
48,137,x_R06_EXIT_D,x_R16_EXIT_C,0.00022111336825320795
48,138,x_R06_EXIT_D,x_R16_EXIT_D,0.0003275753603751229
48,139,x_R06_EXIT_D,x_R16_EXIT_E,0.0002948178243376106
48,140,x_R06_EXIT_D,x_R16_EXIT_F,0.0002948178243376106
48,141,x_R06_EXIT_D,x_R16_EXIT_G,0.0002948178243376106
48,142,x_R06_EXIT_D,x_R16_EXIT_H,0.0003685222804220132
48,143,x_R06_EXIT_D,x_R16_EXIT_STAIRWELL,0.0002948178243376106
48,155,x_R06_EXIT_D,x_R24_EXIT_C,0.0016051192658381014
48,156,x_R06_EXIT_D,x_R24_EXIT_D,0.001244786369425467
48,162,x_R06_EXIT_D,x_R25_EXIT_A,0.0010973774572566612
48,163,x_R06_EXIT_D,x_R25_EXIT_B,0.0010973774572566612
48,164,x_R06_EXIT_D,x_R25_EXIT_C,0.0013184908255098693
48,165,x_R06_EXIT_D,x_R25_EXIT_D,0.00010646199212191493
48,166,x_R06_EXIT_D,x_R25_EXIT_E,0.0005159311925908185
48,167,x_R06_EXIT_D,x_R25_EXIT_F,0.0005159311925908185
48,168,x_R06_EXIT_D,x_R25_EXIT_G,0.0005159311925908185
48,169,x_R06_EXIT_D,x_R25_EXIT_H,0.0005896356486752212
48,170,x_R06_EXIT_D,x_R25_EXIT_STAIRWELL,0.0005159311925908185
48,173,x_R06_EXIT_D,x_R28_EXIT_C,0.0004012798164595255
48,174,x_R06_EXIT_D,x_R28_EXIT_D,0.0006223931847127334
48,182,x_R06_EXIT_D,x_R29_EXIT_C,0.0004012798164595255
48,183,x_R06_EXIT_D,x_R29_EXIT_D,0.0006223931847127334
48,191,x_R06_EXIT_D,x_R30_EXIT_C,0.0004012798164595255
48,192,x_R06_EXIT_D,x_R30_EXIT_D,0.0006223931847127334
48,200,x_R06_EXIT_D,x_R31_EXIT_C,0.0008025596329190507
48,201,x_R06_EXIT_D,x_R31_EXIT_D,0.0006223931847127334
48,209,x_R06_EXIT_D,x_R32_EXIT_C,0.0008025596329190507
48,210,x_R06_EXIT_D,x_R32_EXIT_D,0.0006223931847127334
48,218,x_R06_EXIT_D,x_R33_EXIT_C,0.0008025596329190507
48,219,x_R06_EXIT_D,x_R33_EXIT_D,0.0006223931847127334
48,227,x_R06_EXIT_D,x_R34_EXIT_C,0.0008025596329190507
48,228,x_R06_EXIT_D,x_R34_EXIT_D,0.0006223931847127334
48,236,x_R06_EXIT_D,x_R35_EXIT_C,0.00022111336825320795
48,237,x_R06_EXIT_D,x_R35_EXIT_D,0.0006960976407971362
48,245,x_R06_EXIT_D,x_R36_EXIT_C,0.002006399082297627
48,246,x_R06_EXIT_D,x_R36_EXIT_D,0.0031119659235636665
49,49,x_R06_EXIT_E,x_R06_EXIT_E,-0.8002406454763589
49,50,x_R06_EXIT_E,x_R06_EXIT_F,1.6755705685792148
49,51,x_R06_EXIT_E,x_R06_EXIT_G,1.675054637386624
49,52,x_R06_EXIT_E,x_R06_EXIT_H,1.6745468955780425
49,53,x_R06_EXIT_E,x_R06_EXIT_STAIRWELL,1.6755705685792148
49,56,x_R06_EXIT_E,x_R07_EXIT_C,0.00022111336825320795
49,58,x_R06_EXIT_E,x_R07_EXIT_E,0.0030382614674792645
49,59,x_R06_EXIT_E,x_R07_EXIT_F,0.0010236730011722588
49,60,x_R06_EXIT_E,x_R07_EXIT_G,0.0005077418085814403
49,62,x_R06_EXIT_E,x_R07_EXIT_STAIRWELL,0.0010236730011722588
49,65,x_R06_EXIT_E,x_R08_EXIT_C,0.00022111336825320795
49,67,x_R06_EXIT_E,x_R08_EXIT_E,0.0015723617298005895
49,74,x_R06_EXIT_E,x_R09_EXIT_C,0.00022111336825320795
49,76,x_R06_EXIT_E,x_R09_EXIT_E,0.0015723617298005895
49,83,x_R06_EXIT_E,x_R10_EXIT_C,0.00022111336825320795
49,85,x_R06_EXIT_E,x_R10_EXIT_E,0.0024568152028134212
49,86,x_R06_EXIT_E,x_R10_EXIT_F,0.0004422267365064159
49,87,x_R06_EXIT_E,x_R10_EXIT_G,0.0004422267365064159
49,89,x_R06_EXIT_E,x_R10_EXIT_STAIRWELL,0.0004422267365064159
49,92,x_R06_EXIT_E,x_R11_EXIT_C,0.00022111336825320795
49,94,x_R06_EXIT_E,x_R11_EXIT_E,0.0030382614674792645
49,95,x_R06_EXIT_E,x_R11_EXIT_F,0.0010236730011722588
49,96,x_R06_EXIT_E,x_R11_EXIT_G,0.0005077418085814403
49,98,x_R06_EXIT_E,x_R11_EXIT_STAIRWELL,0.0010236730011722588
49,101,x_R06_EXIT_E,x_R12_EXIT_C,0.000802559632919051
49,102,x_R06_EXIT_E,x_R12_EXIT_D,0.0001474089121688053
49,103,x_R06_EXIT_E,x_R12_EXIT_E,0.00402917693261401
49,110,x_R06_EXIT_E,x_R13_EXIT_C,0.00022111336825320795
49,112,x_R06_EXIT_E,x_R13_EXIT_E,0.0015723617298005895
49,119,x_R06_EXIT_E,x_R14_EXIT_C,0.00022111336825320795
49,121,x_R06_EXIT_E,x_R14_EXIT_E,0.0015723617298005895
49,128,x_R06_EXIT_E,x_R15_EXIT_C,0.00011055668412660398
49,130,x_R06_EXIT_E,x_R15_EXIT_E,0.0012284076014067106
49,131,x_R06_EXIT_E,x_R15_EXIT_F,0.00022111336825320795
49,132,x_R06_EXIT_E,x_R15_EXIT_G,0.00022111336825320795
49,134,x_R06_EXIT_E,x_R15_EXIT_STAIRWELL,0.00022111336825320795
49,137,x_R06_EXIT_E,x_R16_EXIT_C,0.00022111336825320795
49,139,x_R06_EXIT_E,x_R16_EXIT_E,0.0024568152028134212
49,140,x_R06_EXIT_E,x_R16_EXIT_F,0.0004422267365064159
49,141,x_R06_EXIT_E,x_R16_EXIT_G,0.0004422267365064159
49,143,x_R06_EXIT_E,x_R16_EXIT_STAIRWELL,0.0004422267365064159
49,155,x_R06_EXIT_E,x_R24_EXIT_C,0.001899937090175712
49,156,x_R06_EXIT_E,x_R24_EXIT_D,0.0002948178243376106
49,157,x_R06_EXIT_E,x_R24_EXIT_E,0.0037343591082764005
49,162,x_R06_EXIT_E,x_R25_EXIT_A,0.000581446264665843
49,163,x_R06_EXIT_E,x_R25_EXIT_B,0.000581446264665843
49,164,x_R06_EXIT_E,x_R25_EXIT_C,0.0008025596329190507
49,166,x_R06_EXIT_E,x_R25_EXIT_E,0.0024568152028134212
49,167,x_R06_EXIT_E,x_R25_EXIT_F,0.0004422267365064159
49,168,x_R06_EXIT_E,x_R25_EXIT_G,0.0004422267365064159
49,170,x_R06_EXIT_E,x_R25_EXIT_STAIRWELL,0.0004422267365064159
49,173,x_R06_EXIT_E,x_R28_EXIT_C,0.0004012798164595255
49,174,x_R06_EXIT_E,x_R28_EXIT_D,0.0004422267365064159
49,175,x_R06_EXIT_E,x_R28_EXIT_E,0.0015723617298005895
49,182,x_R06_EXIT_E,x_R29_EXIT_C,0.0004012798164595255
49,183,x_R06_EXIT_E,x_R29_EXIT_D,0.0004422267365064159
49,184,x_R06_EXIT_E,x_R29_EXIT_E,0.0015723617298005895
49,191,x_R06_EXIT_E,x_R30_EXIT_C,0.0004012798164595255
49,192,x_R06_EXIT_E,x_R30_EXIT_D,0.0004422267365064159
49,193,x_R06_EXIT_E,x_R30_EXIT_E,0.0015723617298005895
49,200,x_R06_EXIT_E,x_R31_EXIT_C,0.0015396041937630772
49,201,x_R06_EXIT_E,x_R31_EXIT_D,0.0007370445608440263
49,202,x_R06_EXIT_E,x_R31_EXIT_E,0.0015723617298005895
49,209,x_R06_EXIT_E,x_R32_EXIT_C,0.0015396041937630772
49,210,x_R06_EXIT_E,x_R32_EXIT_D,0.0007370445608440263
49,211,x_R06_EXIT_E,x_R32_EXIT_E,0.0015723617298005895
49,216,x_R06_EXIT_E,x_R33_EXIT_A,0.0008107490169284291
49,217,x_R06_EXIT_E,x_R33_EXIT_B,0.0008107490169284291
49,218,x_R06_EXIT_E,x_R33_EXIT_C,0.0023503532106915067
49,219,x_R06_EXIT_E,x_R33_EXIT_D,0.0015477935777724555
49,220,x_R06_EXIT_E,x_R33_EXIT_E,0.0006960976407971362
49,221,x_R06_EXIT_E,x_R33_EXIT_F,0.0008107490169284291
49,222,x_R06_EXIT_E,x_R33_EXIT_G,0.0008107490169284291
49,223,x_R06_EXIT_E,x_R33_EXIT_H,0.0008107490169284291
49,224,x_R06_EXIT_E,x_R33_EXIT_STAIRWELL,0.0008107490169284291
49,225,x_R06_EXIT_E,x_R34_EXIT_A,0.00022111336825320795
49,226,x_R06_EXIT_E,x_R34_EXIT_B,0.00022111336825320795
49,227,x_R06_EXIT_E,x_R34_EXIT_C,0.001760717562016285
49,228,x_R06_EXIT_E,x_R34_EXIT_D,0.0009581579290972342
49,229,x_R06_EXIT_E,x_R34_EXIT_E,0.00010646199212191492
49,230,x_R06_EXIT_E,x_R34_EXIT_F,0.00022111336825320795
49,231,x_R06_EXIT_E,x_R34_EXIT_G,0.00022111336825320795
49,232,x_R06_EXIT_E,x_R34_EXIT_H,0.00022111336825320795
49,233,x_R06_EXIT_E,x_R34_EXIT_STAIRWELL,0.00022111336825320795
49,236,x_R06_EXIT_E,x_R35_EXIT_C,0.00022111336825320795
49,238,x_R06_EXIT_E,x_R35_EXIT_E,0.0015723617298005895
49,245,x_R06_EXIT_E,x_R36_EXIT_C,0.002006399082297627
49,246,x_R06_EXIT_E,x_R36_EXIT_D,0.002211133682532079
49,247,x_R06_EXIT_E,x_R36_EXIT_E,0.007861808649002947
50,50,x_R06_EXIT_F,x_R06_EXIT_F,-0.8046281028474348
50,51,x_R06_EXIT_F,x_R06_EXIT_G,1.675054637386624
50,52,x_R06_EXIT_F,x_R06_EXIT_H,1.6745468955780425
50,53,x_R06_EXIT_F,x_R06_EXIT_STAIRWELL,1.6759309014756274
50,56,x_R06_EXIT_F,x_R07_EXIT_C,0.00022111336825320795
50,58,x_R06_EXIT_F,x_R07_EXIT_E,0.0010236730011722588
50,59,x_R06_EXIT_F,x_R07_EXIT_F,0.0017852857140444192
50,60,x_R06_EXIT_F,x_R07_EXIT_G,0.0005077418085814403
50,62,x_R06_EXIT_F,x_R07_EXIT_STAIRWELL,0.0013840058975848938
50,65,x_R06_EXIT_F,x_R08_EXIT_C,0.00022111336825320795
50,68,x_R06_EXIT_F,x_R08_EXIT_F,0.0003275753603751229
50,74,x_R06_EXIT_F,x_R09_EXIT_C,0.00022111336825320795
50,77,x_R06_EXIT_F,x_R09_EXIT_F,0.0003275753603751229
50,83,x_R06_EXIT_F,x_R10_EXIT_C,0.00022111336825320795
50,85,x_R06_EXIT_F,x_R10_EXIT_E,0.0004422267365064159
50,86,x_R06_EXIT_F,x_R10_EXIT_F,0.0012038394493785764
50,87,x_R06_EXIT_F,x_R10_EXIT_G,0.0005159311925908185
50,89,x_R06_EXIT_F,x_R10_EXIT_STAIRWELL,0.0008025596329190509
50,92,x_R06_EXIT_F,x_R11_EXIT_C,0.00022111336825320795
50,94,x_R06_EXIT_F,x_R11_EXIT_E,0.0010236730011722588
50,95,x_R06_EXIT_F,x_R11_EXIT_F,0.0017852857140444192
50,96,x_R06_EXIT_F,x_R11_EXIT_G,0.0005077418085814403
50,98,x_R06_EXIT_F,x_R11_EXIT_STAIRWELL,0.0013840058975848938
50,101,x_R06_EXIT_F,x_R12_EXIT_C,0.000802559632919051
50,102,x_R06_EXIT_F,x_R12_EXIT_D,0.0001474089121688053
50,103,x_R06_EXIT_F,x_R12_EXIT_E,0.0001474089121688053
50,104,x_R06_EXIT_F,x_R12_EXIT_F,0.0013758165135755159
50,107,x_R06_EXIT_F,x_R12_EXIT_STAIRWELL,0.000573256880656465
50,110,x_R06_EXIT_F,x_R13_EXIT_C,0.00022111336825320795
50,113,x_R06_EXIT_F,x_R13_EXIT_F,0.0003275753603751229
50,119,x_R06_EXIT_F,x_R14_EXIT_C,0.00022111336825320795
50,122,x_R06_EXIT_F,x_R14_EXIT_F,0.0003275753603751229
50,128,x_R06_EXIT_F,x_R15_EXIT_C,0.00011055668412660398
50,130,x_R06_EXIT_F,x_R15_EXIT_E,0.00022111336825320795
50,131,x_R06_EXIT_F,x_R15_EXIT_F,0.0006019197246892882
50,132,x_R06_EXIT_F,x_R15_EXIT_G,0.00025796559629540924
50,134,x_R06_EXIT_F,x_R15_EXIT_STAIRWELL,0.00040127981645952547
50,137,x_R06_EXIT_F,x_R16_EXIT_C,0.00022111336825320795
50,139,x_R06_EXIT_F,x_R16_EXIT_E,0.0004422267365064159
50,140,x_R06_EXIT_F,x_R16_EXIT_F,0.0012038394493785764
50,141,x_R06_EXIT_F,x_R16_EXIT_G,0.0005159311925908185
50,143,x_R06_EXIT_F,x_R16_EXIT_STAIRWELL,0.0008025596329190509
50,153,x_R06_EXIT_F,x_R24_EXIT_A,0.00021292398424382984
50,154,x_R06_EXIT_F,x_R24_EXIT_B,0.00021292398424382984
50,155,x_R06_EXIT_F,x_R24_EXIT_C,0.001899937090175712
50,156,x_R06_EXIT_F,x_R24_EXIT_D,0.0002948178243376106
50,158,x_R06_EXIT_F,x_R24_EXIT_F,0.0011628925293316861
50,159,x_R06_EXIT_F,x_R24_EXIT_G,0.0003603328964126351
50,160,x_R06_EXIT_F,x_R24_EXIT_H,0.00021292398424382984
50,161,x_R06_EXIT_F,x_R24_EXIT_STAIRWELL,0.0003603328964126351
50,162,x_R06_EXIT_F,x_R25_EXIT_A,0.000581446264665843
50,163,x_R06_EXIT_F,x_R25_EXIT_B,0.000581446264665843
50,164,x_R06_EXIT_F,x_R25_EXIT_C,0.0008025596329190507
50,166,x_R06_EXIT_F,x_R25_EXIT_E,0.0004422267365064159
50,167,x_R06_EXIT_F,x_R25_EXIT_F,0.0012038394493785764
50,168,x_R06_EXIT_F,x_R25_EXIT_G,0.0005159311925908185
50,170,x_R06_EXIT_F,x_R25_EXIT_STAIRWELL,0.0008025596329190509
50,173,x_R06_EXIT_F,x_R28_EXIT_C,0.0004012798164595255
50,174,x_R06_EXIT_F,x_R28_EXIT_D,0.0005159311925908185
50,176,x_R06_EXIT_F,x_R28_EXIT_F,0.0003275753603751229
50,182,x_R06_EXIT_F,x_R29_EXIT_C,0.0004012798164595255
50,183,x_R06_EXIT_F,x_R29_EXIT_D,0.0005159311925908185
50,185,x_R06_EXIT_F,x_R29_EXIT_F,0.0003275753603751229
50,191,x_R06_EXIT_F,x_R30_EXIT_C,0.0004012798164595255
50,192,x_R06_EXIT_F,x_R30_EXIT_D,0.0005159311925908185
50,194,x_R06_EXIT_F,x_R30_EXIT_F,0.0003275753603751229
50,200,x_R06_EXIT_F,x_R31_EXIT_C,0.0013184908255098693
50,201,x_R06_EXIT_F,x_R31_EXIT_D,0.0005159311925908185
50,203,x_R06_EXIT_F,x_R31_EXIT_F,0.00010646199212191492
50,207,x_R06_EXIT_F,x_R32_EXIT_A,0.00022111336825320795
50,208,x_R06_EXIT_F,x_R32_EXIT_B,0.00021292398424382984
50,209,x_R06_EXIT_F,x_R32_EXIT_C,0.0012447863694254665
50,210,x_R06_EXIT_F,x_R32_EXIT_D,0.0004422267365064159
50,212,x_R06_EXIT_F,x_R32_EXIT_F,0.00010646199212191492
50,213,x_R06_EXIT_F,x_R32_EXIT_G,0.00022111336825320795
50,214,x_R06_EXIT_F,x_R32_EXIT_H,0.00022111336825320795
50,215,x_R06_EXIT_F,x_R32_EXIT_STAIRWELL,0.00022111336825320795
50,217,x_R06_EXIT_F,x_R33_EXIT_B,0.00021292398424382984
50,218,x_R06_EXIT_F,x_R33_EXIT_C,0.0012447863694254665
50,219,x_R06_EXIT_F,x_R33_EXIT_D,0.0004422267365064159
50,221,x_R06_EXIT_F,x_R33_EXIT_F,0.0003275753603751229
50,226,x_R06_EXIT_F,x_R34_EXIT_B,0.00021292398424382984
50,227,x_R06_EXIT_F,x_R34_EXIT_C,0.0012447863694254665
50,228,x_R06_EXIT_F,x_R34_EXIT_D,0.0004422267365064159
50,230,x_R06_EXIT_F,x_R34_EXIT_F,0.0003275753603751229
50,236,x_R06_EXIT_F,x_R35_EXIT_C,0.00022111336825320795
50,239,x_R06_EXIT_F,x_R35_EXIT_F,0.0003275753603751229
50,245,x_R06_EXIT_F,x_R36_EXIT_C,0.002006399082297627
50,246,x_R06_EXIT_F,x_R36_EXIT_D,0.0025796559629540925
50,248,x_R06_EXIT_F,x_R36_EXIT_F,0.0016378768018756142
51,51,x_R06_EXIT_G,x_R06_EXIT_G,-0.7954639654499425
51,52,x_R06_EXIT_G,x_R06_EXIT_H,1.6745468955780425
51,53,x_R06_EXIT_G,x_R06_EXIT_STAIRWELL,1.675054637386624
51,56,x_R06_EXIT_G,x_R07_EXIT_C,0.00022111336825320795
51,58,x_R06_EXIT_G,x_R07_EXIT_E,0.0005077418085814403
51,59,x_R06_EXIT_G,x_R07_EXIT_F,0.0005077418085814403
51,60,x_R06_EXIT_G,x_R07_EXIT_G,0.004233911532848463
51,62,x_R06_EXIT_G,x_R07_EXIT_STAIRWELL,0.0005077418085814403
51,65,x_R06_EXIT_G,x_R08_EXIT_C,0.00022111336825320795
51,66,x_R06_EXIT_G,x_R08_EXIT_D,0.0008762640890034537
51,67,x_R06_EXIT_G,x_R08_EXIT_E,0.00028662844032823246
51,68,x_R06_EXIT_G,x_R08_EXIT_F,0.00028662844032823246
51,69,x_R06_EXIT_G,x_R08_EXIT_G,0.0020063990822976273
51,71,x_R06_EXIT_G,x_R08_EXIT_STAIRWELL,0.00028662844032823246
51,74,x_R06_EXIT_G,x_R09_EXIT_C,0.00022111336825320795
51,75,x_R06_EXIT_G,x_R09_EXIT_D,0.0008762640890034537
51,76,x_R06_EXIT_G,x_R09_EXIT_E,0.00028662844032823246
51,77,x_R06_EXIT_G,x_R09_EXIT_F,0.00028662844032823246
51,78,x_R06_EXIT_G,x_R09_EXIT_G,0.0020063990822976273
51,80,x_R06_EXIT_G,x_R09_EXIT_STAIRWELL,0.00028662844032823246
51,83,x_R06_EXIT_G,x_R10_EXIT_C,0.00022111336825320795
51,87,x_R06_EXIT_G,x_R10_EXIT_G,0.002186565530503945
51,88,x_R06_EXIT_G,x_R10_EXIT_H,0.0008762640890034537
51,92,x_R06_EXIT_G,x_R11_EXIT_C,0.00022111336825320795
51,94,x_R06_EXIT_G,x_R11_EXIT_E,0.0005077418085814403
51,95,x_R06_EXIT_G,x_R11_EXIT_F,0.0005077418085814403
51,96,x_R06_EXIT_G,x_R11_EXIT_G,0.004233911532848463
51,98,x_R06_EXIT_G,x_R11_EXIT_STAIRWELL,0.0005077418085814403
51,101,x_R06_EXIT_G,x_R12_EXIT_C,0.000802559632919051
51,102,x_R06_EXIT_G,x_R12_EXIT_D,0.0016870131059318826
51,103,x_R06_EXIT_G,x_R12_EXIT_E,0.0013266802095192477
51,104,x_R06_EXIT_G,x_R12_EXIT_F,0.0013266802095192477
51,105,x_R06_EXIT_G,x_R12_EXIT_G,0.005699811270527138
51,107,x_R06_EXIT_G,x_R12_EXIT_STAIRWELL,0.0013266802095192477
51,110,x_R06_EXIT_G,x_R13_EXIT_C,0.00022111336825320795
51,111,x_R06_EXIT_G,x_R13_EXIT_D,0.0008762640890034537
51,112,x_R06_EXIT_G,x_R13_EXIT_E,0.00028662844032823246
51,113,x_R06_EXIT_G,x_R13_EXIT_F,0.00028662844032823246
51,114,x_R06_EXIT_G,x_R13_EXIT_G,0.0020063990822976273
51,116,x_R06_EXIT_G,x_R13_EXIT_STAIRWELL,0.00028662844032823246
51,119,x_R06_EXIT_G,x_R14_EXIT_C,0.00022111336825320795
51,120,x_R06_EXIT_G,x_R14_EXIT_D,0.0008762640890034537
51,121,x_R06_EXIT_G,x_R14_EXIT_E,0.00028662844032823246
51,122,x_R06_EXIT_G,x_R14_EXIT_F,0.00028662844032823246
51,123,x_R06_EXIT_G,x_R14_EXIT_G,0.0020063990822976273
51,125,x_R06_EXIT_G,x_R14_EXIT_STAIRWELL,0.00028662844032823246
51,128,x_R06_EXIT_G,x_R15_EXIT_C,0.00011055668412660398
51,132,x_R06_EXIT_G,x_R15_EXIT_G,0.0010932827652519726
51,133,x_R06_EXIT_G,x_R15_EXIT_H,0.00043813204450172683
51,137,x_R06_EXIT_G,x_R16_EXIT_C,0.00022111336825320795
51,141,x_R06_EXIT_G,x_R16_EXIT_G,0.002186565530503945
51,142,x_R06_EXIT_G,x_R16_EXIT_H,0.0008762640890034537
51,153,x_R06_EXIT_G,x_R24_EXIT_A,0.00036033289641263514
51,154,x_R06_EXIT_G,x_R24_EXIT_B,0.0011792712973504424
51,155,x_R06_EXIT_G,x_R24_EXIT_C,0.0014577103536692962
51,159,x_R06_EXIT_G,x_R24_EXIT_G,0.0034395412839387904
51,160,x_R06_EXIT_G,x_R24_EXIT_H,0.00036033289641263514
51,162,x_R06_EXIT_G,x_R25_EXIT_A,0.0005077418085814403
51,163,x_R06_EXIT_G,x_R25_EXIT_B,0.0005077418085814403
51,164,x_R06_EXIT_G,x_R25_EXIT_C,0.0007288551768346481
51,168,x_R06_EXIT_G,x_R25_EXIT_G,0.002186565530503945
51,169,x_R06_EXIT_G,x_R25_EXIT_H,0.0008762640890034537
51,171,x_R06_EXIT_G,x_R28_EXIT_A,0.001899937090175713
51,172,x_R06_EXIT_G,x_R28_EXIT_B,0.0026697391870572516
51,173,x_R06_EXIT_G,x_R28_EXIT_C,0.00314472345960118
51,174,x_R06_EXIT_G,x_R28_EXIT_D,0.0020801035383820306
51,175,x_R06_EXIT_G,x_R28_EXIT_E,0.0016133086498474804
51,176,x_R06_EXIT_G,x_R28_EXIT_F,0.0016133086498474804
51,177,x_R06_EXIT_G,x_R28_EXIT_G,0.00010646199212191492
51,178,x_R06_EXIT_G,x_R28_EXIT_H,0.001899937090175713
51,179,x_R06_EXIT_G,x_R28_EXIT_STAIRWELL,0.0016133086498474804
51,180,x_R06_EXIT_G,x_R29_EXIT_A,0.0012447863694254667
51,181,x_R06_EXIT_G,x_R29_EXIT_B,0.0020145884663070055
51,182,x_R06_EXIT_G,x_R29_EXIT_C,0.0024895727388509334
51,183,x_R06_EXIT_G,x_R29_EXIT_D,0.0014249528176317845
51,184,x_R06_EXIT_G,x_R29_EXIT_E,0.0009581579290972342
51,185,x_R06_EXIT_G,x_R29_EXIT_F,0.0009581579290972342
51,186,x_R06_EXIT_G,x_R29_EXIT_G,0.0006960976407971361
51,187,x_R06_EXIT_G,x_R29_EXIT_H,0.0012447863694254667
51,188,x_R06_EXIT_G,x_R29_EXIT_STAIRWELL,0.0009581579290972342
51,189,x_R06_EXIT_G,x_R30_EXIT_A,0.00036033289641263514
51,190,x_R06_EXIT_G,x_R30_EXIT_B,0.001130134993294174
51,191,x_R06_EXIT_G,x_R30_EXIT_C,0.001605119265838102
51,192,x_R06_EXIT_G,x_R30_EXIT_D,0.0005404993446189528
51,195,x_R06_EXIT_G,x_R30_EXIT_G,0.0016460661858849926
51,196,x_R06_EXIT_G,x_R30_EXIT_H,0.00036033289641263514
51,198,x_R06_EXIT_G,x_R31_EXIT_A,0.00028662844032823246
51,199,x_R06_EXIT_G,x_R31_EXIT_B,0.0010564305372097714
51,200,x_R06_EXIT_G,x_R31_EXIT_C,0.0007288551768346481
51,204,x_R06_EXIT_G,x_R31_EXIT_G,0.0017197706419693952
51,205,x_R06_EXIT_G,x_R31_EXIT_H,0.00028662844032823246
51,207,x_R06_EXIT_G,x_R32_EXIT_A,0.00028662844032823246
51,208,x_R06_EXIT_G,x_R32_EXIT_B,0.0005896356486752212
51,209,x_R06_EXIT_G,x_R32_EXIT_C,0.0007288551768346481
51,213,x_R06_EXIT_G,x_R32_EXIT_G,0.0017197706419693952
51,214,x_R06_EXIT_G,x_R32_EXIT_H,0.00028662844032823246
51,216,x_R06_EXIT_G,x_R33_EXIT_A,0.00028662844032823246
51,217,x_R06_EXIT_G,x_R33_EXIT_B,0.0005896356486752212
51,218,x_R06_EXIT_G,x_R33_EXIT_C,0.0007288551768346481
51,222,x_R06_EXIT_G,x_R33_EXIT_G,0.0017197706419693952
51,223,x_R06_EXIT_G,x_R33_EXIT_H,0.00028662844032823246
51,225,x_R06_EXIT_G,x_R34_EXIT_A,0.00028662844032823246
51,226,x_R06_EXIT_G,x_R34_EXIT_B,0.0005896356486752212
51,227,x_R06_EXIT_G,x_R34_EXIT_C,0.0007288551768346481
51,231,x_R06_EXIT_G,x_R34_EXIT_G,0.0017197706419693952
51,232,x_R06_EXIT_G,x_R34_EXIT_H,0.00028662844032823246
51,236,x_R06_EXIT_G,x_R35_EXIT_C,0.00022111336825320795
51,237,x_R06_EXIT_G,x_R35_EXIT_D,0.0008762640890034537
51,238,x_R06_EXIT_G,x_R35_EXIT_E,0.00028662844032823246
51,239,x_R06_EXIT_G,x_R35_EXIT_F,0.00028662844032823246
51,240,x_R06_EXIT_G,x_R35_EXIT_G,0.0020063990822976273
51,242,x_R06_EXIT_G,x_R35_EXIT_STAIRWELL,0.00028662844032823246
51,245,x_R06_EXIT_G,x_R36_EXIT_C,0.006756241807736908
51,246,x_R06_EXIT_G,x_R36_EXIT_D,0.0014331422016411624
51,247,x_R06_EXIT_G,x_R36_EXIT_E,0.0009008322410315877
51,248,x_R06_EXIT_G,x_R36_EXIT_F,0.0009008322410315877
51,249,x_R06_EXIT_G,x_R36_EXIT_G,0.009499685450878563
51,251,x_R06_EXIT_G,x_R36_EXIT_STAIRWELL,0.0009008322410315877
52,52,x_R06_EXIT_H,x_R06_EXIT_H,-0.8031082913690105
52,53,x_R06_EXIT_H,x_R06_EXIT_STAIRWELL,1.6745468955780425
52,54,x_R06_EXIT_H,x_R07_EXIT_A,0.0009581579290972342
52,55,x_R06_EXIT_H,x_R07_EXIT_B,0.0006633401047596237
52,56,x_R06_EXIT_H,x_R07_EXIT_C,0.00022111336825320795
52,61,x_R06_EXIT_H,x_R07_EXIT_H,0.002317595674653994
52,64,x_R06_EXIT_H,x_R08_EXIT_B,0.0002948178243376106
52,65,x_R06_EXIT_H,x_R08_EXIT_C,0.0011792712973504424
52,66,x_R06_EXIT_H,x_R08_EXIT_D,0.0004422267365064159
52,67,x_R06_EXIT_H,x_R08_EXIT_E,0.0003685222804220132
52,68,x_R06_EXIT_H,x_R08_EXIT_F,0.0003685222804220132
52,69,x_R06_EXIT_H,x_R08_EXIT_G,0.0003685222804220132
52,70,x_R06_EXIT_H,x_R08_EXIT_H,0.00032757536037512284
52,71,x_R06_EXIT_H,x_R08_EXIT_STAIRWELL,0.0003685222804220132
52,73,x_R06_EXIT_H,x_R09_EXIT_B,0.0002948178243376106
52,74,x_R06_EXIT_H,x_R09_EXIT_C,0.0011792712973504424
52,75,x_R06_EXIT_H,x_R09_EXIT_D,0.0004422267365064159
52,76,x_R06_EXIT_H,x_R09_EXIT_E,0.0003685222804220132
52,77,x_R06_EXIT_H,x_R09_EXIT_F,0.0003685222804220132
52,78,x_R06_EXIT_H,x_R09_EXIT_G,0.0003685222804220132
52,79,x_R06_EXIT_H,x_R09_EXIT_H,0.00032757536037512284
52,80,x_R06_EXIT_H,x_R09_EXIT_STAIRWELL,0.0003685222804220132
52,81,x_R06_EXIT_H,x_R10_EXIT_A,0.0009581579290972342
52,82,x_R06_EXIT_H,x_R10_EXIT_B,0.0006633401047596237
52,83,x_R06_EXIT_H,x_R10_EXIT_C,0.00022111336825320795
52,88,x_R06_EXIT_H,x_R10_EXIT_H,0.0007698020968815387
52,90,x_R06_EXIT_H,x_R11_EXIT_A,0.0009581579290972342
52,91,x_R06_EXIT_H,x_R11_EXIT_B,0.0006633401047596237
52,92,x_R06_EXIT_H,x_R11_EXIT_C,0.00022111336825320795
52,97,x_R06_EXIT_H,x_R11_EXIT_H,0.002317595674653994
52,99,x_R06_EXIT_H,x_R12_EXIT_A,0.0004422267365064159
52,101,x_R06_EXIT_H,x_R12_EXIT_C,0.0004422267365064159
52,106,x_R06_EXIT_H,x_R12_EXIT_H,0.0015396041937630774
52,109,x_R06_EXIT_H,x_R13_EXIT_B,0.0013266802095192472
52,110,x_R06_EXIT_H,x_R13_EXIT_C,0.002211133682532079
52,111,x_R06_EXIT_H,x_R13_EXIT_D,0.0004422267365064159
52,112,x_R06_EXIT_H,x_R13_EXIT_E,0.0003685222804220132
52,113,x_R06_EXIT_H,x_R13_EXIT_F,0.0003685222804220132
52,114,x_R06_EXIT_H,x_R13_EXIT_G,0.0003685222804220132
52,115,x_R06_EXIT_H,x_R13_EXIT_H,0.00032757536037512284
52,116,x_R06_EXIT_H,x_R13_EXIT_STAIRWELL,0.0003685222804220132
52,118,x_R06_EXIT_H,x_R14_EXIT_B,0.0013266802095192472
52,119,x_R06_EXIT_H,x_R14_EXIT_C,0.002211133682532079
52,120,x_R06_EXIT_H,x_R14_EXIT_D,0.0004422267365064159
52,121,x_R06_EXIT_H,x_R14_EXIT_E,0.0003685222804220132
52,122,x_R06_EXIT_H,x_R14_EXIT_F,0.0003685222804220132
52,123,x_R06_EXIT_H,x_R14_EXIT_G,0.0003685222804220132
52,124,x_R06_EXIT_H,x_R14_EXIT_H,0.00032757536037512284
52,125,x_R06_EXIT_H,x_R14_EXIT_STAIRWELL,0.0003685222804220132
52,126,x_R06_EXIT_H,x_R15_EXIT_A,0.0004790789645486171
52,127,x_R06_EXIT_H,x_R15_EXIT_B,0.00033167005237981186
52,128,x_R06_EXIT_H,x_R15_EXIT_C,0.00011055668412660398
52,133,x_R06_EXIT_H,x_R15_EXIT_H,0.00038490104844076935
52,135,x_R06_EXIT_H,x_R16_EXIT_A,0.0009581579290972342
52,136,x_R06_EXIT_H,x_R16_EXIT_B,0.0006633401047596237
52,137,x_R06_EXIT_H,x_R16_EXIT_C,0.00022111336825320795
52,142,x_R06_EXIT_H,x_R16_EXIT_H,0.0007698020968815387
52,153,x_R06_EXIT_H,x_R24_EXIT_A,0.0013266802095192472
52,155,x_R06_EXIT_H,x_R24_EXIT_C,0.0004422267365064159
52,160,x_R06_EXIT_H,x_R24_EXIT_H,0.0013921952815942721
52,162,x_R06_EXIT_H,x_R25_EXIT_A,0.0009581579290972342
52,163,x_R06_EXIT_H,x_R25_EXIT_B,0.0006633401047596237
52,164,x_R06_EXIT_H,x_R25_EXIT_C,0.00022111336825320795
52,169,x_R06_EXIT_H,x_R25_EXIT_H,0.0007698020968815387
52,171,x_R06_EXIT_H,x_R28_EXIT_A,0.0006633401047596236
52,173,x_R06_EXIT_H,x_R28_EXIT_C,0.00022111336825320795
52,178,x_R06_EXIT_H,x_R28_EXIT_H,0.0006960976407971361
52,180,x_R06_EXIT_H,x_R29_EXIT_A,0.0006633401047596236
52,182,x_R06_EXIT_H,x_R29_EXIT_C,0.00022111336825320795
52,187,x_R06_EXIT_H,x_R29_EXIT_H,0.0006960976407971361
52,189,x_R06_EXIT_H,x_R30_EXIT_A,0.0006633401047596236
52,191,x_R06_EXIT_H,x_R30_EXIT_C,0.00022111336825320795
52,196,x_R06_EXIT_H,x_R30_EXIT_H,0.0006960976407971361
52,198,x_R06_EXIT_H,x_R31_EXIT_A,0.0006633401047596236
52,200,x_R06_EXIT_H,x_R31_EXIT_C,0.00022111336825320795
52,205,x_R06_EXIT_H,x_R31_EXIT_H,0.0006960976407971361
52,207,x_R06_EXIT_H,x_R32_EXIT_A,0.0006633401047596236
52,209,x_R06_EXIT_H,x_R32_EXIT_C,0.00022111336825320795
52,214,x_R06_EXIT_H,x_R32_EXIT_H,0.0006960976407971361
52,216,x_R06_EXIT_H,x_R33_EXIT_A,0.0006633401047596236
52,218,x_R06_EXIT_H,x_R33_EXIT_C,0.00022111336825320795
52,223,x_R06_EXIT_H,x_R33_EXIT_H,0.0006960976407971361
52,225,x_R06_EXIT_H,x_R34_EXIT_A,0.0006633401047596236
52,227,x_R06_EXIT_H,x_R34_EXIT_C,0.00022111336825320795
52,232,x_R06_EXIT_H,x_R34_EXIT_H,0.0006960976407971361
52,235,x_R06_EXIT_H,x_R35_EXIT_B,0.0002948178243376106
52,236,x_R06_EXIT_H,x_R35_EXIT_C,0.0011792712973504424
52,237,x_R06_EXIT_H,x_R35_EXIT_D,0.0005896356486752211
52,238,x_R06_EXIT_H,x_R35_EXIT_E,0.0006633401047596236
52,239,x_R06_EXIT_H,x_R35_EXIT_F,0.0006633401047596236
52,240,x_R06_EXIT_H,x_R35_EXIT_G,0.0006633401047596236
52,241,x_R06_EXIT_H,x_R35_EXIT_H,0.00032757536037512284
52,242,x_R06_EXIT_H,x_R35_EXIT_STAIRWELL,0.0006633401047596236
52,243,x_R06_EXIT_H,x_R36_EXIT_A,0.0033167005237981183
52,244,x_R06_EXIT_H,x_R36_EXIT_B,0.004790789645486171
52,245,x_R06_EXIT_H,x_R36_EXIT_C,0.0011055668412660396
52,250,x_R06_EXIT_H,x_R36_EXIT_H,0.00348048820398568
53,53,x_R06_EXIT_STAIRWELL,x_R06_EXIT_STAIRWELL,-0.8075737748030705
53,56,x_R06_EXIT_STAIRWELL,x_R07_EXIT_C,0.00022111336825320795
53,58,x_R06_EXIT_STAIRWELL,x_R07_EXIT_E,0.0010236730011722588
53,59,x_R06_EXIT_STAIRWELL,x_R07_EXIT_F,0.0013840058975848938
53,60,x_R06_EXIT_STAIRWELL,x_R07_EXIT_G,0.0005077418085814403
53,62,x_R06_EXIT_STAIRWELL,x_R07_EXIT_STAIRWELL,0.0017443387939975292
53,65,x_R06_EXIT_STAIRWELL,x_R08_EXIT_C,0.00022111336825320795
53,71,x_R06_EXIT_STAIRWELL,x_R08_EXIT_STAIRWELL,0.0003275753603751229
53,74,x_R06_EXIT_STAIRWELL,x_R09_EXIT_C,0.00022111336825320795
53,80,x_R06_EXIT_STAIRWELL,x_R09_EXIT_STAIRWELL,0.0003275753603751229
53,83,x_R06_EXIT_STAIRWELL,x_R10_EXIT_C,0.00022111336825320795
53,85,x_R06_EXIT_STAIRWELL,x_R10_EXIT_E,0.0004422267365064159
53,86,x_R06_EXIT_STAIRWELL,x_R10_EXIT_F,0.0008025596329190509
53,87,x_R06_EXIT_STAIRWELL,x_R10_EXIT_G,0.0005159311925908185
53,89,x_R06_EXIT_STAIRWELL,x_R10_EXIT_STAIRWELL,0.0011628925293316861
53,92,x_R06_EXIT_STAIRWELL,x_R11_EXIT_C,0.00022111336825320795
53,94,x_R06_EXIT_STAIRWELL,x_R11_EXIT_E,0.0010236730011722588
53,95,x_R06_EXIT_STAIRWELL,x_R11_EXIT_F,0.0013840058975848938
53,96,x_R06_EXIT_STAIRWELL,x_R11_EXIT_G,0.0005077418085814403
53,98,x_R06_EXIT_STAIRWELL,x_R11_EXIT_STAIRWELL,0.0017443387939975292
53,101,x_R06_EXIT_STAIRWELL,x_R12_EXIT_C,0.000802559632919051
53,102,x_R06_EXIT_STAIRWELL,x_R12_EXIT_D,0.0001474089121688053
53,103,x_R06_EXIT_STAIRWELL,x_R12_EXIT_E,0.0001474089121688053
53,104,x_R06_EXIT_STAIRWELL,x_R12_EXIT_F,0.000573256880656465
53,107,x_R06_EXIT_STAIRWELL,x_R12_EXIT_STAIRWELL,0.0012939226734817353
53,110,x_R06_EXIT_STAIRWELL,x_R13_EXIT_C,0.00022111336825320795
53,116,x_R06_EXIT_STAIRWELL,x_R13_EXIT_STAIRWELL,0.0003275753603751229
53,119,x_R06_EXIT_STAIRWELL,x_R14_EXIT_C,0.00022111336825320795
53,125,x_R06_EXIT_STAIRWELL,x_R14_EXIT_STAIRWELL,0.0003275753603751229
53,128,x_R06_EXIT_STAIRWELL,x_R15_EXIT_C,0.00011055668412660398
53,130,x_R06_EXIT_STAIRWELL,x_R15_EXIT_E,0.00022111336825320795
53,131,x_R06_EXIT_STAIRWELL,x_R15_EXIT_F,0.00040127981645952547
53,132,x_R06_EXIT_STAIRWELL,x_R15_EXIT_G,0.00025796559629540924
53,134,x_R06_EXIT_STAIRWELL,x_R15_EXIT_STAIRWELL,0.0005814462646658431
53,137,x_R06_EXIT_STAIRWELL,x_R16_EXIT_C,0.00022111336825320795
53,139,x_R06_EXIT_STAIRWELL,x_R16_EXIT_E,0.0004422267365064159
53,140,x_R06_EXIT_STAIRWELL,x_R16_EXIT_F,0.0008025596329190509
53,141,x_R06_EXIT_STAIRWELL,x_R16_EXIT_G,0.0005159311925908185
53,143,x_R06_EXIT_STAIRWELL,x_R16_EXIT_STAIRWELL,0.0011628925293316861
53,153,x_R06_EXIT_STAIRWELL,x_R24_EXIT_A,0.00021292398424382984
53,154,x_R06_EXIT_STAIRWELL,x_R24_EXIT_B,0.00021292398424382984
53,155,x_R06_EXIT_STAIRWELL,x_R24_EXIT_C,0.001899937090175712
53,156,x_R06_EXIT_STAIRWELL,x_R24_EXIT_D,0.0002948178243376106
53,158,x_R06_EXIT_STAIRWELL,x_R24_EXIT_F,0.0003603328964126351
53,159,x_R06_EXIT_STAIRWELL,x_R24_EXIT_G,0.0004258479684876597
53,160,x_R06_EXIT_STAIRWELL,x_R24_EXIT_H,0.00021292398424382984
53,161,x_R06_EXIT_STAIRWELL,x_R24_EXIT_STAIRWELL,0.0010809986892379056
53,162,x_R06_EXIT_STAIRWELL,x_R25_EXIT_A,0.000581446264665843
53,163,x_R06_EXIT_STAIRWELL,x_R25_EXIT_B,0.000581446264665843
53,164,x_R06_EXIT_STAIRWELL,x_R25_EXIT_C,0.0008025596329190507
53,166,x_R06_EXIT_STAIRWELL,x_R25_EXIT_E,0.0004422267365064159
53,167,x_R06_EXIT_STAIRWELL,x_R25_EXIT_F,0.0008025596329190509
53,168,x_R06_EXIT_STAIRWELL,x_R25_EXIT_G,0.0005159311925908185
53,170,x_R06_EXIT_STAIRWELL,x_R25_EXIT_STAIRWELL,0.0011628925293316861
53,173,x_R06_EXIT_STAIRWELL,x_R28_EXIT_C,0.0004012798164595255
53,174,x_R06_EXIT_STAIRWELL,x_R28_EXIT_D,0.0005159311925908185
53,179,x_R06_EXIT_STAIRWELL,x_R28_EXIT_STAIRWELL,0.0003275753603751229
53,182,x_R06_EXIT_STAIRWELL,x_R29_EXIT_C,0.0004012798164595255
53,183,x_R06_EXIT_STAIRWELL,x_R29_EXIT_D,0.0005159311925908185
53,188,x_R06_EXIT_STAIRWELL,x_R29_EXIT_STAIRWELL,0.0003275753603751229
53,191,x_R06_EXIT_STAIRWELL,x_R30_EXIT_C,0.0004012798164595255
53,192,x_R06_EXIT_STAIRWELL,x_R30_EXIT_D,0.0005159311925908185
53,197,x_R06_EXIT_STAIRWELL,x_R30_EXIT_STAIRWELL,0.0003275753603751229
53,200,x_R06_EXIT_STAIRWELL,x_R31_EXIT_C,0.0013512483615473814
53,201,x_R06_EXIT_STAIRWELL,x_R31_EXIT_D,0.0005486887286283307
53,206,x_R06_EXIT_STAIRWELL,x_R31_EXIT_STAIRWELL,0.0003275753603751229
53,208,x_R06_EXIT_STAIRWELL,x_R32_EXIT_B,0.00021292398424382984
53,209,x_R06_EXIT_STAIRWELL,x_R32_EXIT_C,0.0012447863694254665
53,210,x_R06_EXIT_STAIRWELL,x_R32_EXIT_D,0.0004422267365064159
53,215,x_R06_EXIT_STAIRWELL,x_R32_EXIT_STAIRWELL,0.0003275753603751229
53,217,x_R06_EXIT_STAIRWELL,x_R33_EXIT_B,0.00021292398424382984
53,218,x_R06_EXIT_STAIRWELL,x_R33_EXIT_C,0.0012447863694254665
53,219,x_R06_EXIT_STAIRWELL,x_R33_EXIT_D,0.0004422267365064159
53,224,x_R06_EXIT_STAIRWELL,x_R33_EXIT_STAIRWELL,0.0003275753603751229
53,226,x_R06_EXIT_STAIRWELL,x_R34_EXIT_B,0.00021292398424382984
53,227,x_R06_EXIT_STAIRWELL,x_R34_EXIT_C,0.0012447863694254665
53,228,x_R06_EXIT_STAIRWELL,x_R34_EXIT_D,0.0004422267365064159
53,233,x_R06_EXIT_STAIRWELL,x_R34_EXIT_STAIRWELL,0.0003275753603751229
53,236,x_R06_EXIT_STAIRWELL,x_R35_EXIT_C,0.00022111336825320795
53,242,x_R06_EXIT_STAIRWELL,x_R35_EXIT_STAIRWELL,0.0003275753603751229
53,245,x_R06_EXIT_STAIRWELL,x_R36_EXIT_C,0.002006399082297627
53,246,x_R06_EXIT_STAIRWELL,x_R36_EXIT_D,0.0025796559629540925
53,251,x_R06_EXIT_STAIRWELL,x_R36_EXIT_STAIRWELL,0.0016378768018756142
54,54,x_R07_EXIT_A,x_R07_EXIT_A,-0.8068445792538935
54,55,x_R07_EXIT_A,x_R07_EXIT_B,1.6755050535071399
54,56,x_R07_EXIT_A,x_R07_EXIT_C,1.67484171340238
54,57,x_R07_EXIT_A,x_R07_EXIT_D,1.6745468955780425
54,58,x_R07_EXIT_A,x_R07_EXIT_E,1.67484171340238
54,59,x_R07_EXIT_A,x_R07_EXIT_F,1.67484171340238
54,60,x_R07_EXIT_A,x_R07_EXIT_G,1.67484171340238
54,61,x_R07_EXIT_A,x_R07_EXIT_H,1.6757998713314775
54,62,x_R07_EXIT_A,x_R07_EXIT_STAIRWELL,1.67484171340238
54,63,x_R07_EXIT_A,x_R08_EXIT_A,0.0003275753603751229
54,64,x_R07_EXIT_A,x_R08_EXIT_B,0.0006633401047596237
54,65,x_R07_EXIT_A,x_R08_EXIT_C,0.0013266802095192477
54,72,x_R07_EXIT_A,x_R09_EXIT_A,0.0003275753603751229
54,73,x_R07_EXIT_A,x_R09_EXIT_B,0.0006633401047596237
54,74,x_R07_EXIT_A,x_R09_EXIT_C,0.0013266802095192477
54,81,x_R07_EXIT_A,x_R10_EXIT_A,0.001949073394231981
54,82,x_R07_EXIT_A,x_R10_EXIT_B,0.0009581579290972342
54,83,x_R07_EXIT_A,x_R10_EXIT_C,0.0002948178243376106
54,90,x_R07_EXIT_A,x_R11_EXIT_A,0.0021701867624851893
54,91,x_R07_EXIT_A,x_R11_EXIT_B,0.0011792712973504424
54,92,x_R07_EXIT_A,x_R11_EXIT_C,0.0005159311925908185
54,93,x_R07_EXIT_A,x_R11_EXIT_D,0.00022111336825320795
54,94,x_R07_EXIT_A,x_R11_EXIT_E,0.0005159311925908185
54,95,x_R07_EXIT_A,x_R11_EXIT_F,0.0005159311925908185
54,96,x_R07_EXIT_A,x_R11_EXIT_G,0.0005159311925908185
54,97,x_R07_EXIT_A,x_R11_EXIT_H,0.001474089121688053
54,98,x_R07_EXIT_A,x_R11_EXIT_STAIRWELL,0.0005159311925908185
54,99,x_R07_EXIT_A,x_R12_EXIT_A,0.001392195281594272
54,108,x_R07_EXIT_A,x_R13_EXIT_A,0.0003275753603751229
54,109,x_R07_EXIT_A,x_R13_EXIT_B,0.0002948178243376106
54,110,x_R07_EXIT_A,x_R13_EXIT_C,0.0009581579290972342
54,117,x_R07_EXIT_A,x_R14_EXIT_A,0.0003275753603751229
54,118,x_R07_EXIT_A,x_R14_EXIT_B,0.0002948178243376106
54,119,x_R07_EXIT_A,x_R14_EXIT_C,0.0009581579290972342
54,126,x_R07_EXIT_A,x_R15_EXIT_A,0.0009745366971159905
54,127,x_R07_EXIT_A,x_R15_EXIT_B,0.0004790789645486171
54,128,x_R07_EXIT_A,x_R15_EXIT_C,0.0001474089121688053
54,135,x_R07_EXIT_A,x_R16_EXIT_A,0.001949073394231981
54,136,x_R07_EXIT_A,x_R16_EXIT_B,0.0009581579290972342
54,137,x_R07_EXIT_A,x_R16_EXIT_C,0.0002948178243376106
54,153,x_R07_EXIT_A,x_R24_EXIT_A,0.001392195281594272
54,162,x_R07_EXIT_A,x_R25_EXIT_A,0.0016542555698943707
54,163,x_R07_EXIT_A,x_R25_EXIT_B,0.0006633401047596237
54,171,x_R07_EXIT_A,x_R28_EXIT_A,0.000696097640797136
54,180,x_R07_EXIT_A,x_R29_EXIT_A,0.000696097640797136
54,189,x_R07_EXIT_A,x_R30_EXIT_A,0.000696097640797136
54,198,x_R07_EXIT_A,x_R31_EXIT_A,0.000696097640797136
54,207,x_R07_EXIT_A,x_R32_EXIT_A,0.000696097640797136
54,216,x_R07_EXIT_A,x_R33_EXIT_A,0.000696097640797136
54,225,x_R07_EXIT_A,x_R34_EXIT_A,0.000696097640797136
54,234,x_R07_EXIT_A,x_R35_EXIT_A,0.0003275753603751229
54,235,x_R07_EXIT_A,x_R35_EXIT_B,0.0006633401047596237
54,236,x_R07_EXIT_A,x_R35_EXIT_C,0.0013266802095192477
54,237,x_R07_EXIT_A,x_R35_EXIT_D,0.0003685222804220132
54,238,x_R07_EXIT_A,x_R35_EXIT_E,0.0003685222804220132
54,239,x_R07_EXIT_A,x_R35_EXIT_F,0.0003685222804220132
54,240,x_R07_EXIT_A,x_R35_EXIT_G,0.0003685222804220132
54,242,x_R07_EXIT_A,x_R35_EXIT_STAIRWELL,0.0003685222804220132
54,243,x_R07_EXIT_A,x_R36_EXIT_A,0.00348048820398568
54,244,x_R07_EXIT_A,x_R36_EXIT_B,0.0014740891216880527
55,55,x_R07_EXIT_B,x_R07_EXIT_B,-0.8146981882949904
55,56,x_R07_EXIT_B,x_R07_EXIT_C,1.67484171340238
55,57,x_R07_EXIT_B,x_R07_EXIT_D,1.6745468955780425
55,58,x_R07_EXIT_B,x_R07_EXIT_E,1.67484171340238
55,59,x_R07_EXIT_B,x_R07_EXIT_F,1.67484171340238
55,60,x_R07_EXIT_B,x_R07_EXIT_G,1.67484171340238
55,61,x_R07_EXIT_B,x_R07_EXIT_H,1.6755050535071399
55,62,x_R07_EXIT_B,x_R07_EXIT_STAIRWELL,1.67484171340238
55,64,x_R07_EXIT_B,x_R08_EXIT_B,0.00032757536037512284
55,65,x_R07_EXIT_B,x_R08_EXIT_C,0.0006633401047596237
55,73,x_R07_EXIT_B,x_R09_EXIT_B,0.00032757536037512284
55,74,x_R07_EXIT_B,x_R09_EXIT_C,0.0006633401047596237
55,81,x_R07_EXIT_B,x_R10_EXIT_A,0.0009581579290972342
55,82,x_R07_EXIT_B,x_R10_EXIT_B,0.0012857332894723572
55,83,x_R07_EXIT_B,x_R10_EXIT_C,0.0002948178243376106
55,90,x_R07_EXIT_B,x_R11_EXIT_A,0.0011792712973504424
55,91,x_R07_EXIT_B,x_R11_EXIT_B,0.001506846657725565
55,92,x_R07_EXIT_B,x_R11_EXIT_C,0.0005159311925908185
55,93,x_R07_EXIT_B,x_R11_EXIT_D,0.00022111336825320795
55,94,x_R07_EXIT_B,x_R11_EXIT_E,0.0005159311925908185
55,95,x_R07_EXIT_B,x_R11_EXIT_F,0.0005159311925908185
55,96,x_R07_EXIT_B,x_R11_EXIT_G,0.0005159311925908185
55,97,x_R07_EXIT_B,x_R11_EXIT_H,0.0011792712973504424
55,98,x_R07_EXIT_B,x_R11_EXIT_STAIRWELL,0.0005159311925908185
55,100,x_R07_EXIT_B,x_R12_EXIT_B,0.0006551507207502457
55,109,x_R07_EXIT_B,x_R13_EXIT_B,0.00032757536037512284
55,110,x_R07_EXIT_B,x_R13_EXIT_C,0.0006633401047596237
55,118,x_R07_EXIT_B,x_R14_EXIT_B,0.00032757536037512284
55,119,x_R07_EXIT_B,x_R14_EXIT_C,0.0006633401047596237
55,126,x_R07_EXIT_B,x_R15_EXIT_A,0.0004790789645486171
55,127,x_R07_EXIT_B,x_R15_EXIT_B,0.0006428666447361786
55,128,x_R07_EXIT_B,x_R15_EXIT_C,0.0001474089121688053
55,135,x_R07_EXIT_B,x_R16_EXIT_A,0.0009581579290972342
55,136,x_R07_EXIT_B,x_R16_EXIT_B,0.0012857332894723572
55,137,x_R07_EXIT_B,x_R16_EXIT_C,0.0002948178243376106
55,154,x_R07_EXIT_B,x_R24_EXIT_B,0.0006551507207502457
55,162,x_R07_EXIT_B,x_R25_EXIT_A,0.0006633401047596237
55,163,x_R07_EXIT_B,x_R25_EXIT_B,0.0009909154651347465
55,172,x_R07_EXIT_B,x_R28_EXIT_B,0.00032757536037512284
55,181,x_R07_EXIT_B,x_R29_EXIT_B,0.00032757536037512284
55,190,x_R07_EXIT_B,x_R30_EXIT_B,0.00032757536037512284
55,199,x_R07_EXIT_B,x_R31_EXIT_B,0.00032757536037512284
55,208,x_R07_EXIT_B,x_R32_EXIT_B,0.00032757536037512284
55,217,x_R07_EXIT_B,x_R33_EXIT_B,0.00032757536037512284
55,226,x_R07_EXIT_B,x_R34_EXIT_B,0.00032757536037512284
55,235,x_R07_EXIT_B,x_R35_EXIT_B,0.00032757536037512284
55,236,x_R07_EXIT_B,x_R35_EXIT_C,0.0006633401047596237
55,244,x_R07_EXIT_B,x_R36_EXIT_B,0.001637876801875614
56,56,x_R07_EXIT_C,x_R07_EXIT_C,-0.8225517973360873
56,57,x_R07_EXIT_C,x_R07_EXIT_D,1.6745468955780425
56,58,x_R07_EXIT_C,x_R07_EXIT_E,1.67484171340238
56,59,x_R07_EXIT_C,x_R07_EXIT_F,1.67484171340238
56,60,x_R07_EXIT_C,x_R07_EXIT_G,1.67484171340238
56,61,x_R07_EXIT_C,x_R07_EXIT_H,1.67484171340238
56,62,x_R07_EXIT_C,x_R07_EXIT_STAIRWELL,1.67484171340238
56,65,x_R07_EXIT_C,x_R08_EXIT_C,0.00032757536037512284
56,74,x_R07_EXIT_C,x_R09_EXIT_C,0.00032757536037512284
56,81,x_R07_EXIT_C,x_R10_EXIT_A,0.0002948178243376106
56,82,x_R07_EXIT_C,x_R10_EXIT_B,0.0002948178243376106
56,83,x_R07_EXIT_C,x_R10_EXIT_C,0.0006223931847127333
56,90,x_R07_EXIT_C,x_R11_EXIT_A,0.0005159311925908185
56,91,x_R07_EXIT_C,x_R11_EXIT_B,0.0005159311925908185
56,92,x_R07_EXIT_C,x_R11_EXIT_C,0.0008435065529659413
56,93,x_R07_EXIT_C,x_R11_EXIT_D,0.00022111336825320795
56,94,x_R07_EXIT_C,x_R11_EXIT_E,0.0005159311925908185
56,95,x_R07_EXIT_C,x_R11_EXIT_F,0.0005159311925908185
56,96,x_R07_EXIT_C,x_R11_EXIT_G,0.0005159311925908185
56,97,x_R07_EXIT_C,x_R11_EXIT_H,0.0005159311925908185
56,98,x_R07_EXIT_C,x_R11_EXIT_STAIRWELL,0.0005159311925908185
56,101,x_R07_EXIT_C,x_R12_EXIT_C,0.0006551507207502457
56,110,x_R07_EXIT_C,x_R13_EXIT_C,0.00032757536037512284
56,119,x_R07_EXIT_C,x_R14_EXIT_C,0.00032757536037512284
56,126,x_R07_EXIT_C,x_R15_EXIT_A,0.0001474089121688053
56,127,x_R07_EXIT_C,x_R15_EXIT_B,0.0001474089121688053
56,128,x_R07_EXIT_C,x_R15_EXIT_C,0.00031119659235636667
56,135,x_R07_EXIT_C,x_R16_EXIT_A,0.0002948178243376106
56,136,x_R07_EXIT_C,x_R16_EXIT_B,0.0002948178243376106
56,137,x_R07_EXIT_C,x_R16_EXIT_C,0.0006223931847127333
56,155,x_R07_EXIT_C,x_R24_EXIT_C,0.0006551507207502457
56,164,x_R07_EXIT_C,x_R25_EXIT_C,0.00032757536037512284
56,173,x_R07_EXIT_C,x_R28_EXIT_C,0.00032757536037512284
56,182,x_R07_EXIT_C,x_R29_EXIT_C,0.00032757536037512284
56,191,x_R07_EXIT_C,x_R30_EXIT_C,0.00032757536037512284
56,200,x_R07_EXIT_C,x_R31_EXIT_C,0.00032757536037512284
56,209,x_R07_EXIT_C,x_R32_EXIT_C,0.00032757536037512284
56,218,x_R07_EXIT_C,x_R33_EXIT_C,0.00032757536037512284
56,227,x_R07_EXIT_C,x_R34_EXIT_C,0.00032757536037512284
56,236,x_R07_EXIT_C,x_R35_EXIT_C,0.00032757536037512284
56,245,x_R07_EXIT_C,x_R36_EXIT_C,0.001637876801875614
57,57,x_R07_EXIT_D,x_R07_EXIT_D,-0.8184468737133349
57,58,x_R07_EXIT_D,x_R07_EXIT_E,1.6745468955780425
57,59,x_R07_EXIT_D,x_R07_EXIT_F,1.6745468955780425
57,60,x_R07_EXIT_D,x_R07_EXIT_G,1.6745468955780425
57,61,x_R07_EXIT_D,x_R07_EXIT_H,1.6745468955780425
57,62,x_R07_EXIT_D,x_R07_EXIT_STAIRWELL,1.6745468955780425
57,66,x_R07_EXIT_D,x_R08_EXIT_D,0.0003275753603751229
57,75,x_R07_EXIT_D,x_R09_EXIT_D,0.0003275753603751229
57,81,x_R07_EXIT_D,x_R10_EXIT_A,0.0006223931847127334
57,82,x_R07_EXIT_D,x_R10_EXIT_B,0.0006223931847127334
57,83,x_R07_EXIT_D,x_R10_EXIT_C,0.0006223931847127334
57,84,x_R07_EXIT_D,x_R10_EXIT_D,0.0006551507207502456
57,85,x_R07_EXIT_D,x_R10_EXIT_E,0.00032757536037512284
57,86,x_R07_EXIT_D,x_R10_EXIT_F,0.00032757536037512284
57,87,x_R07_EXIT_D,x_R10_EXIT_G,0.00032757536037512284
57,88,x_R07_EXIT_D,x_R10_EXIT_H,0.00032757536037512284
57,89,x_R07_EXIT_D,x_R10_EXIT_STAIRWELL,0.00032757536037512284
57,90,x_R07_EXIT_D,x_R11_EXIT_A,0.00022111336825320795
57,91,x_R07_EXIT_D,x_R11_EXIT_B,0.00022111336825320795
57,92,x_R07_EXIT_D,x_R11_EXIT_C,0.00022111336825320795
57,93,x_R07_EXIT_D,x_R11_EXIT_D,0.0015314148097536995
57,94,x_R07_EXIT_D,x_R11_EXIT_E,0.00022111336825320795
57,95,x_R07_EXIT_D,x_R11_EXIT_F,0.00022111336825320795
57,96,x_R07_EXIT_D,x_R11_EXIT_G,0.00022111336825320795
57,97,x_R07_EXIT_D,x_R11_EXIT_H,0.00022111336825320795
57,98,x_R07_EXIT_D,x_R11_EXIT_STAIRWELL,0.00022111336825320795
57,102,x_R07_EXIT_D,x_R12_EXIT_D,0.0006551507207502458
57,111,x_R07_EXIT_D,x_R13_EXIT_D,0.0003275753603751229
57,120,x_R07_EXIT_D,x_R14_EXIT_D,0.0003275753603751229
57,126,x_R07_EXIT_D,x_R15_EXIT_A,0.0004176585844782816
57,127,x_R07_EXIT_D,x_R15_EXIT_B,0.0004176585844782816
57,128,x_R07_EXIT_D,x_R15_EXIT_C,0.0004176585844782816
57,129,x_R07_EXIT_D,x_R15_EXIT_D,0.00023749213627196407
57,135,x_R07_EXIT_D,x_R16_EXIT_A,0.0008353171689565632
57,136,x_R07_EXIT_D,x_R16_EXIT_B,0.0008353171689565632
57,137,x_R07_EXIT_D,x_R16_EXIT_C,0.0008353171689565632
57,138,x_R07_EXIT_D,x_R16_EXIT_D,0.00047498427254392815
57,139,x_R07_EXIT_D,x_R16_EXIT_E,0.0001474089121688053
57,140,x_R07_EXIT_D,x_R16_EXIT_F,0.0001474089121688053
57,141,x_R07_EXIT_D,x_R16_EXIT_G,0.0001474089121688053
57,142,x_R07_EXIT_D,x_R16_EXIT_H,0.0001474089121688053
57,143,x_R07_EXIT_D,x_R16_EXIT_STAIRWELL,0.0001474089121688053
57,156,x_R07_EXIT_D,x_R24_EXIT_D,0.0006551507207502458
57,162,x_R07_EXIT_D,x_R25_EXIT_A,0.00022111336825320795
57,163,x_R07_EXIT_D,x_R25_EXIT_B,0.00022111336825320795
57,164,x_R07_EXIT_D,x_R25_EXIT_C,0.00022111336825320795
57,165,x_R07_EXIT_D,x_R25_EXIT_D,0.00010646199212191493
57,166,x_R07_EXIT_D,x_R25_EXIT_E,0.00022111336825320795
57,167,x_R07_EXIT_D,x_R25_EXIT_F,0.00022111336825320795
57,168,x_R07_EXIT_D,x_R25_EXIT_G,0.00022111336825320795
57,169,x_R07_EXIT_D,x_R25_EXIT_H,0.00022111336825320795
57,170,x_R07_EXIT_D,x_R25_EXIT_STAIRWELL,0.00022111336825320795
57,174,x_R07_EXIT_D,x_R28_EXIT_D,0.0003275753603751229
57,183,x_R07_EXIT_D,x_R29_EXIT_D,0.0003275753603751229
57,192,x_R07_EXIT_D,x_R30_EXIT_D,0.0003275753603751229
57,201,x_R07_EXIT_D,x_R31_EXIT_D,0.0003275753603751229
57,210,x_R07_EXIT_D,x_R32_EXIT_D,0.0003275753603751229
57,219,x_R07_EXIT_D,x_R33_EXIT_D,0.0003275753603751229
57,228,x_R07_EXIT_D,x_R34_EXIT_D,0.0003275753603751229
57,237,x_R07_EXIT_D,x_R35_EXIT_D,0.0003275753603751229
57,246,x_R07_EXIT_D,x_R36_EXIT_D,0.0016378768018756142
58,58,x_R07_EXIT_E,x_R07_EXIT_E,-0.7969590953188912
58,59,x_R07_EXIT_E,x_R07_EXIT_F,1.6758653864035524
58,60,x_R07_EXIT_E,x_R07_EXIT_G,1.6753494552109616
58,61,x_R07_EXIT_E,x_R07_EXIT_H,1.67484171340238
58,62,x_R07_EXIT_E,x_R07_EXIT_STAIRWELL,1.6758653864035524
58,67,x_R07_EXIT_E,x_R08_EXIT_E,0.0015723617298005895
58,76,x_R07_EXIT_E,x_R09_EXIT_E,0.0015723617298005895
58,81,x_R07_EXIT_E,x_R10_EXIT_A,0.0002948178243376106
58,82,x_R07_EXIT_E,x_R10_EXIT_B,0.0002948178243376106
58,83,x_R07_EXIT_E,x_R10_EXIT_C,0.0002948178243376106
58,85,x_R07_EXIT_E,x_R10_EXIT_E,0.0024568152028134212
58,86,x_R07_EXIT_E,x_R10_EXIT_F,0.0004422267365064159
58,87,x_R07_EXIT_E,x_R10_EXIT_G,0.0004422267365064159
58,89,x_R07_EXIT_E,x_R10_EXIT_STAIRWELL,0.0004422267365064159
58,90,x_R07_EXIT_E,x_R11_EXIT_A,0.0005159311925908185
58,91,x_R07_EXIT_E,x_R11_EXIT_B,0.0005159311925908185
58,92,x_R07_EXIT_E,x_R11_EXIT_C,0.0005159311925908185
58,93,x_R07_EXIT_E,x_R11_EXIT_D,0.00022111336825320795
58,94,x_R07_EXIT_E,x_R11_EXIT_E,0.003554192660070083
58,95,x_R07_EXIT_E,x_R11_EXIT_F,0.0015396041937630774
58,96,x_R07_EXIT_E,x_R11_EXIT_G,0.0010236730011722588
58,97,x_R07_EXIT_E,x_R11_EXIT_H,0.0005159311925908185
58,98,x_R07_EXIT_E,x_R11_EXIT_STAIRWELL,0.0015396041937630774
58,101,x_R07_EXIT_E,x_R12_EXIT_C,0.00036033289641263514
58,102,x_R07_EXIT_E,x_R12_EXIT_D,0.0001474089121688053
58,103,x_R07_EXIT_E,x_R12_EXIT_E,0.00402917693261401
58,112,x_R07_EXIT_E,x_R13_EXIT_E,0.0015723617298005895
58,121,x_R07_EXIT_E,x_R14_EXIT_E,0.0015723617298005895
58,126,x_R07_EXIT_E,x_R15_EXIT_A,0.0001474089121688053
58,127,x_R07_EXIT_E,x_R15_EXIT_B,0.0001474089121688053
58,128,x_R07_EXIT_E,x_R15_EXIT_C,0.0001474089121688053
58,130,x_R07_EXIT_E,x_R15_EXIT_E,0.0012284076014067106
58,131,x_R07_EXIT_E,x_R15_EXIT_F,0.00022111336825320795
58,132,x_R07_EXIT_E,x_R15_EXIT_G,0.00022111336825320795
58,134,x_R07_EXIT_E,x_R15_EXIT_STAIRWELL,0.00022111336825320795
58,135,x_R07_EXIT_E,x_R16_EXIT_A,0.0002948178243376106
58,136,x_R07_EXIT_E,x_R16_EXIT_B,0.0002948178243376106
58,137,x_R07_EXIT_E,x_R16_EXIT_C,0.0002948178243376106
58,139,x_R07_EXIT_E,x_R16_EXIT_E,0.0024568152028134212
58,140,x_R07_EXIT_E,x_R16_EXIT_F,0.0004422267365064159
58,141,x_R07_EXIT_E,x_R16_EXIT_G,0.0004422267365064159
58,143,x_R07_EXIT_E,x_R16_EXIT_STAIRWELL,0.0004422267365064159
58,155,x_R07_EXIT_E,x_R24_EXIT_C,0.0014577103536692962
58,156,x_R07_EXIT_E,x_R24_EXIT_D,0.0002948178243376106
58,157,x_R07_EXIT_E,x_R24_EXIT_E,0.0037343591082764005
58,162,x_R07_EXIT_E,x_R25_EXIT_A,0.000581446264665843
58,163,x_R07_EXIT_E,x_R25_EXIT_B,0.000581446264665843
58,164,x_R07_EXIT_E,x_R25_EXIT_C,0.000581446264665843
58,166,x_R07_EXIT_E,x_R25_EXIT_E,0.0024568152028134212
58,167,x_R07_EXIT_E,x_R25_EXIT_F,0.0004422267365064159
58,168,x_R07_EXIT_E,x_R25_EXIT_G,0.0004422267365064159
58,170,x_R07_EXIT_E,x_R25_EXIT_STAIRWELL,0.0004422267365064159
58,173,x_R07_EXIT_E,x_R28_EXIT_C,0.00018016644820631757
58,174,x_R07_EXIT_E,x_R28_EXIT_D,0.0004422267365064159
58,175,x_R07_EXIT_E,x_R28_EXIT_E,0.0015723617298005895
58,182,x_R07_EXIT_E,x_R29_EXIT_C,0.00018016644820631757
58,183,x_R07_EXIT_E,x_R29_EXIT_D,0.0004422267365064159
58,184,x_R07_EXIT_E,x_R29_EXIT_E,0.0015723617298005895
58,191,x_R07_EXIT_E,x_R30_EXIT_C,0.00018016644820631757
58,192,x_R07_EXIT_E,x_R30_EXIT_D,0.0004422267365064159
58,193,x_R07_EXIT_E,x_R30_EXIT_E,0.0015723617298005895
58,200,x_R07_EXIT_E,x_R31_EXIT_C,0.0013184908255098693
58,201,x_R07_EXIT_E,x_R31_EXIT_D,0.0007370445608440263
58,202,x_R07_EXIT_E,x_R31_EXIT_E,0.0015723617298005895
58,209,x_R07_EXIT_E,x_R32_EXIT_C,0.0013184908255098693
58,210,x_R07_EXIT_E,x_R32_EXIT_D,0.0007370445608440263
58,211,x_R07_EXIT_E,x_R32_EXIT_E,0.0015723617298005895
58,216,x_R07_EXIT_E,x_R33_EXIT_A,0.0008107490169284291
58,217,x_R07_EXIT_E,x_R33_EXIT_B,0.0008107490169284291
58,218,x_R07_EXIT_E,x_R33_EXIT_C,0.0021292398424382986
58,219,x_R07_EXIT_E,x_R33_EXIT_D,0.0015477935777724555
58,220,x_R07_EXIT_E,x_R33_EXIT_E,0.0006960976407971362
58,221,x_R07_EXIT_E,x_R33_EXIT_F,0.0008107490169284291
58,222,x_R07_EXIT_E,x_R33_EXIT_G,0.0008107490169284291
58,223,x_R07_EXIT_E,x_R33_EXIT_H,0.0008107490169284291
58,224,x_R07_EXIT_E,x_R33_EXIT_STAIRWELL,0.0008107490169284291
58,225,x_R07_EXIT_E,x_R34_EXIT_A,0.00022111336825320795
58,226,x_R07_EXIT_E,x_R34_EXIT_B,0.00022111336825320795
58,227,x_R07_EXIT_E,x_R34_EXIT_C,0.0015396041937630772
58,228,x_R07_EXIT_E,x_R34_EXIT_D,0.0009581579290972342
58,229,x_R07_EXIT_E,x_R34_EXIT_E,0.00010646199212191492
58,230,x_R07_EXIT_E,x_R34_EXIT_F,0.00022111336825320795
58,231,x_R07_EXIT_E,x_R34_EXIT_G,0.00022111336825320795
58,232,x_R07_EXIT_E,x_R34_EXIT_H,0.00022111336825320795
58,233,x_R07_EXIT_E,x_R34_EXIT_STAIRWELL,0.00022111336825320795
58,238,x_R07_EXIT_E,x_R35_EXIT_E,0.0015723617298005895
58,245,x_R07_EXIT_E,x_R36_EXIT_C,0.0009008322410315878
58,246,x_R07_EXIT_E,x_R36_EXIT_D,0.002211133682532079
58,247,x_R07_EXIT_E,x_R36_EXIT_E,0.007861808649002947
59,59,x_R07_EXIT_F,x_R07_EXIT_F,-0.8013465526899672
59,60,x_R07_EXIT_F,x_R07_EXIT_G,1.6753494552109616
59,61,x_R07_EXIT_F,x_R07_EXIT_H,1.67484171340238
59,62,x_R07_EXIT_F,x_R07_EXIT_STAIRWELL,1.676225719299965
59,68,x_R07_EXIT_F,x_R08_EXIT_F,0.0003275753603751229
59,77,x_R07_EXIT_F,x_R09_EXIT_F,0.0003275753603751229
59,81,x_R07_EXIT_F,x_R10_EXIT_A,0.0002948178243376106
59,82,x_R07_EXIT_F,x_R10_EXIT_B,0.0002948178243376106
59,83,x_R07_EXIT_F,x_R10_EXIT_C,0.0002948178243376106
59,85,x_R07_EXIT_F,x_R10_EXIT_E,0.0004422267365064159
59,86,x_R07_EXIT_F,x_R10_EXIT_F,0.0012038394493785764
59,87,x_R07_EXIT_F,x_R10_EXIT_G,0.0005159311925908185
59,89,x_R07_EXIT_F,x_R10_EXIT_STAIRWELL,0.0008025596329190509
59,90,x_R07_EXIT_F,x_R11_EXIT_A,0.0005159311925908185
59,91,x_R07_EXIT_F,x_R11_EXIT_B,0.0005159311925908185
59,92,x_R07_EXIT_F,x_R11_EXIT_C,0.0005159311925908185
59,93,x_R07_EXIT_F,x_R11_EXIT_D,0.00022111336825320795
59,94,x_R07_EXIT_F,x_R11_EXIT_E,0.0015396041937630774
59,95,x_R07_EXIT_F,x_R11_EXIT_F,0.002301216906635238
59,96,x_R07_EXIT_F,x_R11_EXIT_G,0.0010236730011722588
59,97,x_R07_EXIT_F,x_R11_EXIT_H,0.0005159311925908185
59,98,x_R07_EXIT_F,x_R11_EXIT_STAIRWELL,0.0018999370901757124
59,101,x_R07_EXIT_F,x_R12_EXIT_C,0.00036033289641263514
59,102,x_R07_EXIT_F,x_R12_EXIT_D,0.0001474089121688053
59,103,x_R07_EXIT_F,x_R12_EXIT_E,0.0001474089121688053
59,104,x_R07_EXIT_F,x_R12_EXIT_F,0.0013758165135755159
59,107,x_R07_EXIT_F,x_R12_EXIT_STAIRWELL,0.000573256880656465
59,113,x_R07_EXIT_F,x_R13_EXIT_F,0.0003275753603751229
59,122,x_R07_EXIT_F,x_R14_EXIT_F,0.0003275753603751229
59,126,x_R07_EXIT_F,x_R15_EXIT_A,0.0001474089121688053
59,127,x_R07_EXIT_F,x_R15_EXIT_B,0.0001474089121688053
59,128,x_R07_EXIT_F,x_R15_EXIT_C,0.0001474089121688053
59,130,x_R07_EXIT_F,x_R15_EXIT_E,0.00022111336825320795
59,131,x_R07_EXIT_F,x_R15_EXIT_F,0.0006019197246892882
59,132,x_R07_EXIT_F,x_R15_EXIT_G,0.00025796559629540924
59,134,x_R07_EXIT_F,x_R15_EXIT_STAIRWELL,0.00040127981645952547
59,135,x_R07_EXIT_F,x_R16_EXIT_A,0.0002948178243376106
59,136,x_R07_EXIT_F,x_R16_EXIT_B,0.0002948178243376106
59,137,x_R07_EXIT_F,x_R16_EXIT_C,0.0002948178243376106
59,139,x_R07_EXIT_F,x_R16_EXIT_E,0.0004422267365064159
59,140,x_R07_EXIT_F,x_R16_EXIT_F,0.0012038394493785764
59,141,x_R07_EXIT_F,x_R16_EXIT_G,0.0005159311925908185
59,143,x_R07_EXIT_F,x_R16_EXIT_STAIRWELL,0.0008025596329190509
59,153,x_R07_EXIT_F,x_R24_EXIT_A,0.00021292398424382984
59,154,x_R07_EXIT_F,x_R24_EXIT_B,0.00021292398424382984
59,155,x_R07_EXIT_F,x_R24_EXIT_C,0.0014577103536692962
59,156,x_R07_EXIT_F,x_R24_EXIT_D,0.0002948178243376106
59,158,x_R07_EXIT_F,x_R24_EXIT_F,0.0011628925293316861
59,159,x_R07_EXIT_F,x_R24_EXIT_G,0.0003603328964126351
59,160,x_R07_EXIT_F,x_R24_EXIT_H,0.00021292398424382984
59,161,x_R07_EXIT_F,x_R24_EXIT_STAIRWELL,0.0003603328964126351
59,162,x_R07_EXIT_F,x_R25_EXIT_A,0.000581446264665843
59,163,x_R07_EXIT_F,x_R25_EXIT_B,0.000581446264665843
59,164,x_R07_EXIT_F,x_R25_EXIT_C,0.000581446264665843
59,166,x_R07_EXIT_F,x_R25_EXIT_E,0.0004422267365064159
59,167,x_R07_EXIT_F,x_R25_EXIT_F,0.0012038394493785764
59,168,x_R07_EXIT_F,x_R25_EXIT_G,0.0005159311925908185
59,170,x_R07_EXIT_F,x_R25_EXIT_STAIRWELL,0.0008025596329190509
59,173,x_R07_EXIT_F,x_R28_EXIT_C,0.00018016644820631757
59,174,x_R07_EXIT_F,x_R28_EXIT_D,0.0005159311925908185
59,176,x_R07_EXIT_F,x_R28_EXIT_F,0.0003275753603751229
59,182,x_R07_EXIT_F,x_R29_EXIT_C,0.00018016644820631757
59,183,x_R07_EXIT_F,x_R29_EXIT_D,0.0005159311925908185
59,185,x_R07_EXIT_F,x_R29_EXIT_F,0.0003275753603751229
59,191,x_R07_EXIT_F,x_R30_EXIT_C,0.00018016644820631757
59,192,x_R07_EXIT_F,x_R30_EXIT_D,0.0005159311925908185
59,194,x_R07_EXIT_F,x_R30_EXIT_F,0.0003275753603751229
59,200,x_R07_EXIT_F,x_R31_EXIT_C,0.0010973774572566614
59,201,x_R07_EXIT_F,x_R31_EXIT_D,0.0005159311925908185
59,203,x_R07_EXIT_F,x_R31_EXIT_F,0.00010646199212191492
59,207,x_R07_EXIT_F,x_R32_EXIT_A,0.00022111336825320795
59,208,x_R07_EXIT_F,x_R32_EXIT_B,0.00021292398424382984
59,209,x_R07_EXIT_F,x_R32_EXIT_C,0.0010236730011722588
59,210,x_R07_EXIT_F,x_R32_EXIT_D,0.0004422267365064159
59,212,x_R07_EXIT_F,x_R32_EXIT_F,0.00010646199212191492
59,213,x_R07_EXIT_F,x_R32_EXIT_G,0.00022111336825320795
59,214,x_R07_EXIT_F,x_R32_EXIT_H,0.00022111336825320795
59,215,x_R07_EXIT_F,x_R32_EXIT_STAIRWELL,0.00022111336825320795
59,217,x_R07_EXIT_F,x_R33_EXIT_B,0.00021292398424382984
59,218,x_R07_EXIT_F,x_R33_EXIT_C,0.0010236730011722588
59,219,x_R07_EXIT_F,x_R33_EXIT_D,0.0004422267365064159
59,221,x_R07_EXIT_F,x_R33_EXIT_F,0.0003275753603751229
59,226,x_R07_EXIT_F,x_R34_EXIT_B,0.00021292398424382984
59,227,x_R07_EXIT_F,x_R34_EXIT_C,0.0010236730011722588
59,228,x_R07_EXIT_F,x_R34_EXIT_D,0.0004422267365064159
59,230,x_R07_EXIT_F,x_R34_EXIT_F,0.0003275753603751229
59,239,x_R07_EXIT_F,x_R35_EXIT_F,0.0003275753603751229
59,245,x_R07_EXIT_F,x_R36_EXIT_C,0.0009008322410315878
59,246,x_R07_EXIT_F,x_R36_EXIT_D,0.0025796559629540925
59,248,x_R07_EXIT_F,x_R36_EXIT_F,0.0016378768018756142
60,60,x_R07_EXIT_G,x_R07_EXIT_G,-0.7921824152924749
60,61,x_R07_EXIT_G,x_R07_EXIT_H,1.67484171340238
60,62,x_R07_EXIT_G,x_R07_EXIT_STAIRWELL,1.6753494552109616
60,66,x_R07_EXIT_G,x_R08_EXIT_D,0.0008762640890034537
60,67,x_R07_EXIT_G,x_R08_EXIT_E,0.00028662844032823246
60,68,x_R07_EXIT_G,x_R08_EXIT_F,0.00028662844032823246
60,69,x_R07_EXIT_G,x_R08_EXIT_G,0.0020063990822976273
60,71,x_R07_EXIT_G,x_R08_EXIT_STAIRWELL,0.00028662844032823246
60,75,x_R07_EXIT_G,x_R09_EXIT_D,0.0008762640890034537
60,76,x_R07_EXIT_G,x_R09_EXIT_E,0.00028662844032823246
60,77,x_R07_EXIT_G,x_R09_EXIT_F,0.00028662844032823246
60,78,x_R07_EXIT_G,x_R09_EXIT_G,0.0020063990822976273
60,80,x_R07_EXIT_G,x_R09_EXIT_STAIRWELL,0.00028662844032823246
60,81,x_R07_EXIT_G,x_R10_EXIT_A,0.0002948178243376106
60,82,x_R07_EXIT_G,x_R10_EXIT_B,0.0002948178243376106
60,83,x_R07_EXIT_G,x_R10_EXIT_C,0.0002948178243376106
60,87,x_R07_EXIT_G,x_R10_EXIT_G,0.002186565530503945
60,88,x_R07_EXIT_G,x_R10_EXIT_H,0.0008762640890034537
60,90,x_R07_EXIT_G,x_R11_EXIT_A,0.0005159311925908185
60,91,x_R07_EXIT_G,x_R11_EXIT_B,0.0005159311925908185
60,92,x_R07_EXIT_G,x_R11_EXIT_C,0.0005159311925908185
60,93,x_R07_EXIT_G,x_R11_EXIT_D,0.00022111336825320795
60,94,x_R07_EXIT_G,x_R11_EXIT_E,0.0010236730011722588
60,95,x_R07_EXIT_G,x_R11_EXIT_F,0.0010236730011722588
60,96,x_R07_EXIT_G,x_R11_EXIT_G,0.004749842725439282
60,97,x_R07_EXIT_G,x_R11_EXIT_H,0.0005159311925908185
60,98,x_R07_EXIT_G,x_R11_EXIT_STAIRWELL,0.0010236730011722588
60,101,x_R07_EXIT_G,x_R12_EXIT_C,0.00036033289641263514
60,102,x_R07_EXIT_G,x_R12_EXIT_D,0.0016870131059318826
60,103,x_R07_EXIT_G,x_R12_EXIT_E,0.0013266802095192477
60,104,x_R07_EXIT_G,x_R12_EXIT_F,0.0013266802095192477
60,105,x_R07_EXIT_G,x_R12_EXIT_G,0.005699811270527138
60,107,x_R07_EXIT_G,x_R12_EXIT_STAIRWELL,0.0013266802095192477
60,111,x_R07_EXIT_G,x_R13_EXIT_D,0.0008762640890034537
60,112,x_R07_EXIT_G,x_R13_EXIT_E,0.00028662844032823246
60,113,x_R07_EXIT_G,x_R13_EXIT_F,0.00028662844032823246
60,114,x_R07_EXIT_G,x_R13_EXIT_G,0.0020063990822976273
60,116,x_R07_EXIT_G,x_R13_EXIT_STAIRWELL,0.00028662844032823246
60,120,x_R07_EXIT_G,x_R14_EXIT_D,0.0008762640890034537
60,121,x_R07_EXIT_G,x_R14_EXIT_E,0.00028662844032823246
60,122,x_R07_EXIT_G,x_R14_EXIT_F,0.00028662844032823246
60,123,x_R07_EXIT_G,x_R14_EXIT_G,0.0020063990822976273
60,125,x_R07_EXIT_G,x_R14_EXIT_STAIRWELL,0.00028662844032823246
60,126,x_R07_EXIT_G,x_R15_EXIT_A,0.0001474089121688053
60,127,x_R07_EXIT_G,x_R15_EXIT_B,0.0001474089121688053
60,128,x_R07_EXIT_G,x_R15_EXIT_C,0.0001474089121688053
60,132,x_R07_EXIT_G,x_R15_EXIT_G,0.0010932827652519726
60,133,x_R07_EXIT_G,x_R15_EXIT_H,0.00043813204450172683
60,135,x_R07_EXIT_G,x_R16_EXIT_A,0.0002948178243376106
60,136,x_R07_EXIT_G,x_R16_EXIT_B,0.0002948178243376106
60,137,x_R07_EXIT_G,x_R16_EXIT_C,0.0002948178243376106
60,141,x_R07_EXIT_G,x_R16_EXIT_G,0.002186565530503945
60,142,x_R07_EXIT_G,x_R16_EXIT_H,0.0008762640890034537
60,153,x_R07_EXIT_G,x_R24_EXIT_A,0.00036033289641263514
60,154,x_R07_EXIT_G,x_R24_EXIT_B,0.0011792712973504424
60,155,x_R07_EXIT_G,x_R24_EXIT_C,0.0010154836171628807
60,159,x_R07_EXIT_G,x_R24_EXIT_G,0.0034395412839387904
60,160,x_R07_EXIT_G,x_R24_EXIT_H,0.00036033289641263514
60,162,x_R07_EXIT_G,x_R25_EXIT_A,0.0005077418085814403
60,163,x_R07_EXIT_G,x_R25_EXIT_B,0.0005077418085814403
60,164,x_R07_EXIT_G,x_R25_EXIT_C,0.0005077418085814403
60,168,x_R07_EXIT_G,x_R25_EXIT_G,0.002186565530503945
60,169,x_R07_EXIT_G,x_R25_EXIT_H,0.0008762640890034537
60,171,x_R07_EXIT_G,x_R28_EXIT_A,0.001899937090175713
60,172,x_R07_EXIT_G,x_R28_EXIT_B,0.0026697391870572516
60,173,x_R07_EXIT_G,x_R28_EXIT_C,0.002923610091347972
60,174,x_R07_EXIT_G,x_R28_EXIT_D,0.0020801035383820306
60,175,x_R07_EXIT_G,x_R28_EXIT_E,0.0016133086498474804
60,176,x_R07_EXIT_G,x_R28_EXIT_F,0.0016133086498474804
60,177,x_R07_EXIT_G,x_R28_EXIT_G,0.00010646199212191492
60,178,x_R07_EXIT_G,x_R28_EXIT_H,0.001899937090175713
60,179,x_R07_EXIT_G,x_R28_EXIT_STAIRWELL,0.0016133086498474804
60,180,x_R07_EXIT_G,x_R29_EXIT_A,0.0012447863694254667
60,181,x_R07_EXIT_G,x_R29_EXIT_B,0.0020145884663070055
60,182,x_R07_EXIT_G,x_R29_EXIT_C,0.0022684593705977253
60,183,x_R07_EXIT_G,x_R29_EXIT_D,0.0014249528176317845
60,184,x_R07_EXIT_G,x_R29_EXIT_E,0.0009581579290972342
60,185,x_R07_EXIT_G,x_R29_EXIT_F,0.0009581579290972342
60,186,x_R07_EXIT_G,x_R29_EXIT_G,0.0006960976407971361
60,187,x_R07_EXIT_G,x_R29_EXIT_H,0.0012447863694254667
60,188,x_R07_EXIT_G,x_R29_EXIT_STAIRWELL,0.0009581579290972342
60,189,x_R07_EXIT_G,x_R30_EXIT_A,0.00036033289641263514
60,190,x_R07_EXIT_G,x_R30_EXIT_B,0.001130134993294174
60,191,x_R07_EXIT_G,x_R30_EXIT_C,0.0013840058975848942
60,192,x_R07_EXIT_G,x_R30_EXIT_D,0.0005404993446189528
60,195,x_R07_EXIT_G,x_R30_EXIT_G,0.0016460661858849926
60,196,x_R07_EXIT_G,x_R30_EXIT_H,0.00036033289641263514
60,198,x_R07_EXIT_G,x_R31_EXIT_A,0.00028662844032823246
60,199,x_R07_EXIT_G,x_R31_EXIT_B,0.0010564305372097714
60,200,x_R07_EXIT_G,x_R31_EXIT_C,0.0005077418085814403
60,204,x_R07_EXIT_G,x_R31_EXIT_G,0.0017197706419693952
60,205,x_R07_EXIT_G,x_R31_EXIT_H,0.00028662844032823246
60,207,x_R07_EXIT_G,x_R32_EXIT_A,0.00028662844032823246
60,208,x_R07_EXIT_G,x_R32_EXIT_B,0.0005896356486752212
60,209,x_R07_EXIT_G,x_R32_EXIT_C,0.0005077418085814403
60,213,x_R07_EXIT_G,x_R32_EXIT_G,0.0017197706419693952
60,214,x_R07_EXIT_G,x_R32_EXIT_H,0.00028662844032823246
60,216,x_R07_EXIT_G,x_R33_EXIT_A,0.00028662844032823246
60,217,x_R07_EXIT_G,x_R33_EXIT_B,0.0005896356486752212
60,218,x_R07_EXIT_G,x_R33_EXIT_C,0.0005077418085814403
60,222,x_R07_EXIT_G,x_R33_EXIT_G,0.0017197706419693952
60,223,x_R07_EXIT_G,x_R33_EXIT_H,0.00028662844032823246
60,225,x_R07_EXIT_G,x_R34_EXIT_A,0.00028662844032823246
60,226,x_R07_EXIT_G,x_R34_EXIT_B,0.0005896356486752212
60,227,x_R07_EXIT_G,x_R34_EXIT_C,0.0005077418085814403
60,231,x_R07_EXIT_G,x_R34_EXIT_G,0.0017197706419693952
60,232,x_R07_EXIT_G,x_R34_EXIT_H,0.00028662844032823246
60,237,x_R07_EXIT_G,x_R35_EXIT_D,0.0008762640890034537
60,238,x_R07_EXIT_G,x_R35_EXIT_E,0.00028662844032823246
60,239,x_R07_EXIT_G,x_R35_EXIT_F,0.00028662844032823246
60,240,x_R07_EXIT_G,x_R35_EXIT_G,0.0020063990822976273
60,242,x_R07_EXIT_G,x_R35_EXIT_STAIRWELL,0.00028662844032823246
60,245,x_R07_EXIT_G,x_R36_EXIT_C,0.005650674966470869
60,246,x_R07_EXIT_G,x_R36_EXIT_D,0.0014331422016411624
60,247,x_R07_EXIT_G,x_R36_EXIT_E,0.0009008322410315877
60,248,x_R07_EXIT_G,x_R36_EXIT_F,0.0009008322410315877
60,249,x_R07_EXIT_G,x_R36_EXIT_G,0.009499685450878563
60,251,x_R07_EXIT_G,x_R36_EXIT_STAIRWELL,0.0009008322410315877
61,61,x_R07_EXIT_H,x_R07_EXIT_H,-0.799826741211543
61,62,x_R07_EXIT_H,x_R07_EXIT_STAIRWELL,1.67484171340238
61,64,x_R07_EXIT_H,x_R08_EXIT_B,0.0002948178243376106
61,65,x_R07_EXIT_H,x_R08_EXIT_C,0.0009581579290972342
61,66,x_R07_EXIT_H,x_R08_EXIT_D,0.0004422267365064159
61,67,x_R07_EXIT_H,x_R08_EXIT_E,0.0003685222804220132
61,68,x_R07_EXIT_H,x_R08_EXIT_F,0.0003685222804220132
61,69,x_R07_EXIT_H,x_R08_EXIT_G,0.0003685222804220132
61,70,x_R07_EXIT_H,x_R08_EXIT_H,0.00032757536037512284
61,71,x_R07_EXIT_H,x_R08_EXIT_STAIRWELL,0.0003685222804220132
61,73,x_R07_EXIT_H,x_R09_EXIT_B,0.0002948178243376106
61,74,x_R07_EXIT_H,x_R09_EXIT_C,0.0009581579290972342
61,75,x_R07_EXIT_H,x_R09_EXIT_D,0.0004422267365064159
61,76,x_R07_EXIT_H,x_R09_EXIT_E,0.0003685222804220132
61,77,x_R07_EXIT_H,x_R09_EXIT_F,0.0003685222804220132
61,78,x_R07_EXIT_H,x_R09_EXIT_G,0.0003685222804220132
61,79,x_R07_EXIT_H,x_R09_EXIT_H,0.00032757536037512284
61,80,x_R07_EXIT_H,x_R09_EXIT_STAIRWELL,0.0003685222804220132
61,81,x_R07_EXIT_H,x_R10_EXIT_A,0.001252975753434845
61,82,x_R07_EXIT_H,x_R10_EXIT_B,0.0009581579290972342
61,83,x_R07_EXIT_H,x_R10_EXIT_C,0.0002948178243376106
61,88,x_R07_EXIT_H,x_R10_EXIT_H,0.0007698020968815387
61,90,x_R07_EXIT_H,x_R11_EXIT_A,0.001474089121688053
61,91,x_R07_EXIT_H,x_R11_EXIT_B,0.0011792712973504424
61,92,x_R07_EXIT_H,x_R11_EXIT_C,0.0005159311925908185
61,93,x_R07_EXIT_H,x_R11_EXIT_D,0.00022111336825320795
61,94,x_R07_EXIT_H,x_R11_EXIT_E,0.0005159311925908185
61,95,x_R07_EXIT_H,x_R11_EXIT_F,0.0005159311925908185
61,96,x_R07_EXIT_H,x_R11_EXIT_G,0.0005159311925908185
61,97,x_R07_EXIT_H,x_R11_EXIT_H,0.0028335268672448127
61,98,x_R07_EXIT_H,x_R11_EXIT_STAIRWELL,0.0005159311925908185
61,99,x_R07_EXIT_H,x_R12_EXIT_A,0.0004422267365064159
61,106,x_R07_EXIT_H,x_R12_EXIT_H,0.0015396041937630774
61,109,x_R07_EXIT_H,x_R13_EXIT_B,0.0013266802095192472
61,110,x_R07_EXIT_H,x_R13_EXIT_C,0.0019900203142788715
61,111,x_R07_EXIT_H,x_R13_EXIT_D,0.0004422267365064159
61,112,x_R07_EXIT_H,x_R13_EXIT_E,0.0003685222804220132
61,113,x_R07_EXIT_H,x_R13_EXIT_F,0.0003685222804220132
61,114,x_R07_EXIT_H,x_R13_EXIT_G,0.0003685222804220132
61,115,x_R07_EXIT_H,x_R13_EXIT_H,0.00032757536037512284
61,116,x_R07_EXIT_H,x_R13_EXIT_STAIRWELL,0.0003685222804220132
61,118,x_R07_EXIT_H,x_R14_EXIT_B,0.0013266802095192472
61,119,x_R07_EXIT_H,x_R14_EXIT_C,0.0019900203142788715
61,120,x_R07_EXIT_H,x_R14_EXIT_D,0.0004422267365064159
61,121,x_R07_EXIT_H,x_R14_EXIT_E,0.0003685222804220132
61,122,x_R07_EXIT_H,x_R14_EXIT_F,0.0003685222804220132
61,123,x_R07_EXIT_H,x_R14_EXIT_G,0.0003685222804220132
61,124,x_R07_EXIT_H,x_R14_EXIT_H,0.00032757536037512284
61,125,x_R07_EXIT_H,x_R14_EXIT_STAIRWELL,0.0003685222804220132
61,126,x_R07_EXIT_H,x_R15_EXIT_A,0.0006264878767174225
61,127,x_R07_EXIT_H,x_R15_EXIT_B,0.0004790789645486171
61,128,x_R07_EXIT_H,x_R15_EXIT_C,0.0001474089121688053
61,133,x_R07_EXIT_H,x_R15_EXIT_H,0.00038490104844076935
61,135,x_R07_EXIT_H,x_R16_EXIT_A,0.001252975753434845
61,136,x_R07_EXIT_H,x_R16_EXIT_B,0.0009581579290972342
61,137,x_R07_EXIT_H,x_R16_EXIT_C,0.0002948178243376106
61,142,x_R07_EXIT_H,x_R16_EXIT_H,0.0007698020968815387
61,153,x_R07_EXIT_H,x_R24_EXIT_A,0.0013266802095192472
61,160,x_R07_EXIT_H,x_R24_EXIT_H,0.0013921952815942721
61,162,x_R07_EXIT_H,x_R25_EXIT_A,0.0009581579290972342
61,163,x_R07_EXIT_H,x_R25_EXIT_B,0.0006633401047596237
61,169,x_R07_EXIT_H,x_R25_EXIT_H,0.0007698020968815387
61,171,x_R07_EXIT_H,x_R28_EXIT_A,0.0006633401047596236
61,178,x_R07_EXIT_H,x_R28_EXIT_H,0.0006960976407971361
61,180,x_R07_EXIT_H,x_R29_EXIT_A,0.0006633401047596236
61,187,x_R07_EXIT_H,x_R29_EXIT_H,0.0006960976407971361
61,189,x_R07_EXIT_H,x_R30_EXIT_A,0.0006633401047596236
61,196,x_R07_EXIT_H,x_R30_EXIT_H,0.0006960976407971361
61,198,x_R07_EXIT_H,x_R31_EXIT_A,0.0006633401047596236
61,205,x_R07_EXIT_H,x_R31_EXIT_H,0.0006960976407971361
61,207,x_R07_EXIT_H,x_R32_EXIT_A,0.0006633401047596236
61,214,x_R07_EXIT_H,x_R32_EXIT_H,0.0006960976407971361
61,216,x_R07_EXIT_H,x_R33_EXIT_A,0.0006633401047596236
61,223,x_R07_EXIT_H,x_R33_EXIT_H,0.0006960976407971361
61,225,x_R07_EXIT_H,x_R34_EXIT_A,0.0006633401047596236
61,232,x_R07_EXIT_H,x_R34_EXIT_H,0.0006960976407971361
61,235,x_R07_EXIT_H,x_R35_EXIT_B,0.0002948178243376106
61,236,x_R07_EXIT_H,x_R35_EXIT_C,0.0009581579290972342
61,237,x_R07_EXIT_H,x_R35_EXIT_D,0.0005896356486752211
61,238,x_R07_EXIT_H,x_R35_EXIT_E,0.0006633401047596236
61,239,x_R07_EXIT_H,x_R35_EXIT_F,0.0006633401047596236
61,240,x_R07_EXIT_H,x_R35_EXIT_G,0.0006633401047596236
61,241,x_R07_EXIT_H,x_R35_EXIT_H,0.00032757536037512284
61,242,x_R07_EXIT_H,x_R35_EXIT_STAIRWELL,0.0006633401047596236
61,243,x_R07_EXIT_H,x_R36_EXIT_A,0.0033167005237981183
61,244,x_R07_EXIT_H,x_R36_EXIT_B,0.004790789645486171
61,250,x_R07_EXIT_H,x_R36_EXIT_H,0.00348048820398568
62,62,x_R07_EXIT_STAIRWELL,x_R07_EXIT_STAIRWELL,-0.8042922246456029
62,71,x_R07_EXIT_STAIRWELL,x_R08_EXIT_STAIRWELL,0.0003275753603751229
62,80,x_R07_EXIT_STAIRWELL,x_R09_EXIT_STAIRWELL,0.0003275753603751229
62,81,x_R07_EXIT_STAIRWELL,x_R10_EXIT_A,0.0002948178243376106
62,82,x_R07_EXIT_STAIRWELL,x_R10_EXIT_B,0.0002948178243376106
62,83,x_R07_EXIT_STAIRWELL,x_R10_EXIT_C,0.0002948178243376106
62,85,x_R07_EXIT_STAIRWELL,x_R10_EXIT_E,0.0004422267365064159
62,86,x_R07_EXIT_STAIRWELL,x_R10_EXIT_F,0.0008025596329190509
62,87,x_R07_EXIT_STAIRWELL,x_R10_EXIT_G,0.0005159311925908185
62,89,x_R07_EXIT_STAIRWELL,x_R10_EXIT_STAIRWELL,0.0011628925293316861
62,90,x_R07_EXIT_STAIRWELL,x_R11_EXIT_A,0.0005159311925908185
62,91,x_R07_EXIT_STAIRWELL,x_R11_EXIT_B,0.0005159311925908185
62,92,x_R07_EXIT_STAIRWELL,x_R11_EXIT_C,0.0005159311925908185
62,93,x_R07_EXIT_STAIRWELL,x_R11_EXIT_D,0.00022111336825320795
62,94,x_R07_EXIT_STAIRWELL,x_R11_EXIT_E,0.0015396041937630774
62,95,x_R07_EXIT_STAIRWELL,x_R11_EXIT_F,0.0018999370901757124
62,96,x_R07_EXIT_STAIRWELL,x_R11_EXIT_G,0.0010236730011722588
62,97,x_R07_EXIT_STAIRWELL,x_R11_EXIT_H,0.0005159311925908185
62,98,x_R07_EXIT_STAIRWELL,x_R11_EXIT_STAIRWELL,0.0022602699865883476
62,101,x_R07_EXIT_STAIRWELL,x_R12_EXIT_C,0.00036033289641263514
62,102,x_R07_EXIT_STAIRWELL,x_R12_EXIT_D,0.0001474089121688053
62,103,x_R07_EXIT_STAIRWELL,x_R12_EXIT_E,0.0001474089121688053
62,104,x_R07_EXIT_STAIRWELL,x_R12_EXIT_F,0.000573256880656465
62,107,x_R07_EXIT_STAIRWELL,x_R12_EXIT_STAIRWELL,0.0012939226734817353
62,116,x_R07_EXIT_STAIRWELL,x_R13_EXIT_STAIRWELL,0.0003275753603751229
62,125,x_R07_EXIT_STAIRWELL,x_R14_EXIT_STAIRWELL,0.0003275753603751229
62,126,x_R07_EXIT_STAIRWELL,x_R15_EXIT_A,0.0001474089121688053
62,127,x_R07_EXIT_STAIRWELL,x_R15_EXIT_B,0.0001474089121688053
62,128,x_R07_EXIT_STAIRWELL,x_R15_EXIT_C,0.0001474089121688053
62,130,x_R07_EXIT_STAIRWELL,x_R15_EXIT_E,0.00022111336825320795
62,131,x_R07_EXIT_STAIRWELL,x_R15_EXIT_F,0.00040127981645952547
62,132,x_R07_EXIT_STAIRWELL,x_R15_EXIT_G,0.00025796559629540924
62,134,x_R07_EXIT_STAIRWELL,x_R15_EXIT_STAIRWELL,0.0005814462646658431
62,135,x_R07_EXIT_STAIRWELL,x_R16_EXIT_A,0.0002948178243376106
62,136,x_R07_EXIT_STAIRWELL,x_R16_EXIT_B,0.0002948178243376106
62,137,x_R07_EXIT_STAIRWELL,x_R16_EXIT_C,0.0002948178243376106
62,139,x_R07_EXIT_STAIRWELL,x_R16_EXIT_E,0.0004422267365064159
62,140,x_R07_EXIT_STAIRWELL,x_R16_EXIT_F,0.0008025596329190509
62,141,x_R07_EXIT_STAIRWELL,x_R16_EXIT_G,0.0005159311925908185
62,143,x_R07_EXIT_STAIRWELL,x_R16_EXIT_STAIRWELL,0.0011628925293316861
62,153,x_R07_EXIT_STAIRWELL,x_R24_EXIT_A,0.00021292398424382984
62,154,x_R07_EXIT_STAIRWELL,x_R24_EXIT_B,0.00021292398424382984
62,155,x_R07_EXIT_STAIRWELL,x_R24_EXIT_C,0.0014577103536692962
62,156,x_R07_EXIT_STAIRWELL,x_R24_EXIT_D,0.0002948178243376106
62,158,x_R07_EXIT_STAIRWELL,x_R24_EXIT_F,0.0003603328964126351
62,159,x_R07_EXIT_STAIRWELL,x_R24_EXIT_G,0.0004258479684876597
62,160,x_R07_EXIT_STAIRWELL,x_R24_EXIT_H,0.00021292398424382984
62,161,x_R07_EXIT_STAIRWELL,x_R24_EXIT_STAIRWELL,0.0010809986892379056
62,162,x_R07_EXIT_STAIRWELL,x_R25_EXIT_A,0.000581446264665843
62,163,x_R07_EXIT_STAIRWELL,x_R25_EXIT_B,0.000581446264665843
62,164,x_R07_EXIT_STAIRWELL,x_R25_EXIT_C,0.000581446264665843
62,166,x_R07_EXIT_STAIRWELL,x_R25_EXIT_E,0.0004422267365064159
62,167,x_R07_EXIT_STAIRWELL,x_R25_EXIT_F,0.0008025596329190509
62,168,x_R07_EXIT_STAIRWELL,x_R25_EXIT_G,0.0005159311925908185
62,170,x_R07_EXIT_STAIRWELL,x_R25_EXIT_STAIRWELL,0.0011628925293316861
62,173,x_R07_EXIT_STAIRWELL,x_R28_EXIT_C,0.00018016644820631757
62,174,x_R07_EXIT_STAIRWELL,x_R28_EXIT_D,0.0005159311925908185
62,179,x_R07_EXIT_STAIRWELL,x_R28_EXIT_STAIRWELL,0.0003275753603751229
62,182,x_R07_EXIT_STAIRWELL,x_R29_EXIT_C,0.00018016644820631757
62,183,x_R07_EXIT_STAIRWELL,x_R29_EXIT_D,0.0005159311925908185
62,188,x_R07_EXIT_STAIRWELL,x_R29_EXIT_STAIRWELL,0.0003275753603751229
62,191,x_R07_EXIT_STAIRWELL,x_R30_EXIT_C,0.00018016644820631757
62,192,x_R07_EXIT_STAIRWELL,x_R30_EXIT_D,0.0005159311925908185
62,197,x_R07_EXIT_STAIRWELL,x_R30_EXIT_STAIRWELL,0.0003275753603751229
62,200,x_R07_EXIT_STAIRWELL,x_R31_EXIT_C,0.0011301349932941736
62,201,x_R07_EXIT_STAIRWELL,x_R31_EXIT_D,0.0005486887286283307
62,206,x_R07_EXIT_STAIRWELL,x_R31_EXIT_STAIRWELL,0.0003275753603751229
62,208,x_R07_EXIT_STAIRWELL,x_R32_EXIT_B,0.00021292398424382984
62,209,x_R07_EXIT_STAIRWELL,x_R32_EXIT_C,0.0010236730011722588
62,210,x_R07_EXIT_STAIRWELL,x_R32_EXIT_D,0.0004422267365064159
62,215,x_R07_EXIT_STAIRWELL,x_R32_EXIT_STAIRWELL,0.0003275753603751229
62,217,x_R07_EXIT_STAIRWELL,x_R33_EXIT_B,0.00021292398424382984
62,218,x_R07_EXIT_STAIRWELL,x_R33_EXIT_C,0.0010236730011722588
62,219,x_R07_EXIT_STAIRWELL,x_R33_EXIT_D,0.0004422267365064159
62,224,x_R07_EXIT_STAIRWELL,x_R33_EXIT_STAIRWELL,0.0003275753603751229
62,226,x_R07_EXIT_STAIRWELL,x_R34_EXIT_B,0.00021292398424382984
62,227,x_R07_EXIT_STAIRWELL,x_R34_EXIT_C,0.0010236730011722588
62,228,x_R07_EXIT_STAIRWELL,x_R34_EXIT_D,0.0004422267365064159
62,233,x_R07_EXIT_STAIRWELL,x_R34_EXIT_STAIRWELL,0.0003275753603751229
62,242,x_R07_EXIT_STAIRWELL,x_R35_EXIT_STAIRWELL,0.0003275753603751229
62,245,x_R07_EXIT_STAIRWELL,x_R36_EXIT_C,0.0009008322410315878
62,246,x_R07_EXIT_STAIRWELL,x_R36_EXIT_D,0.0025796559629540925
62,251,x_R07_EXIT_STAIRWELL,x_R36_EXIT_STAIRWELL,0.0016378768018756142
63,63,x_R08_EXIT_A,x_R08_EXIT_A,-0.8258488160460199
63,64,x_R08_EXIT_A,x_R08_EXIT_B,1.6749338439724857
63,65,x_R08_EXIT_A,x_R08_EXIT_C,1.6749338439724857
63,66,x_R08_EXIT_A,x_R08_EXIT_D,1.673717720447093
63,67,x_R08_EXIT_A,x_R08_EXIT_E,1.673717720447093
63,68,x_R08_EXIT_A,x_R08_EXIT_F,1.673717720447093
63,69,x_R08_EXIT_A,x_R08_EXIT_G,1.673717720447093
63,70,x_R08_EXIT_A,x_R08_EXIT_H,1.673717720447093
63,71,x_R08_EXIT_A,x_R08_EXIT_STAIRWELL,1.673717720447093
63,72,x_R08_EXIT_A,x_R09_EXIT_A,0.001525272771746666
63,73,x_R08_EXIT_A,x_R09_EXIT_B,0.0011976974113715431
63,74,x_R08_EXIT_A,x_R09_EXIT_C,0.0011976974113715431
63,81,x_R08_EXIT_A,x_R10_EXIT_A,0.0003275753603751229
63,90,x_R08_EXIT_A,x_R11_EXIT_A,0.0003275753603751229
63,99,x_R08_EXIT_A,x_R12_EXIT_A,0.0006551507207502458
63,108,x_R08_EXIT_A,x_R13_EXIT_A,0.001525272771746666
63,117,x_R08_EXIT_A,x_R14_EXIT_A,0.001525272771746666
63,126,x_R08_EXIT_A,x_R15_EXIT_A,0.00016378768018756145
63,135,x_R08_EXIT_A,x_R16_EXIT_A,0.0003275753603751229
63,153,x_R08_EXIT_A,x_R24_EXIT_A,0.0006551507207502458
63,162,x_R08_EXIT_A,x_R25_EXIT_A,0.0003275753603751229
63,171,x_R08_EXIT_A,x_R28_EXIT_A,0.0003275753603751229
63,180,x_R08_EXIT_A,x_R29_EXIT_A,0.0003275753603751229
63,189,x_R08_EXIT_A,x_R30_EXIT_A,0.0003275753603751229
63,198,x_R08_EXIT_A,x_R31_EXIT_A,0.0003275753603751229
63,207,x_R08_EXIT_A,x_R32_EXIT_A,0.0003275753603751229
63,216,x_R08_EXIT_A,x_R33_EXIT_A,0.0003275753603751229
63,225,x_R08_EXIT_A,x_R34_EXIT_A,0.0003275753603751229
63,234,x_R08_EXIT_A,x_R35_EXIT_A,0.0009356371230714448
63,235,x_R08_EXIT_A,x_R35_EXIT_B,0.0006080617626963218
63,236,x_R08_EXIT_A,x_R35_EXIT_C,0.0006080617626963218
63,237,x_R08_EXIT_A,x_R35_EXIT_D,0.0006080617626963218
63,238,x_R08_EXIT_A,x_R35_EXIT_E,0.0006080617626963218
63,239,x_R08_EXIT_A,x_R35_EXIT_F,0.0006080617626963218
63,240,x_R08_EXIT_A,x_R35_EXIT_G,0.0006080617626963218
63,241,x_R08_EXIT_A,x_R35_EXIT_H,0.0005896356486752212
63,242,x_R08_EXIT_A,x_R35_EXIT_STAIRWELL,0.0006080617626963218
63,243,x_R08_EXIT_A,x_R36_EXIT_A,0.0016378768018756142
64,64,x_R08_EXIT_B,x_R08_EXIT_B,-0.817995207004923
64,65,x_R08_EXIT_B,x_R08_EXIT_C,1.6755971840772452
64,66,x_R08_EXIT_B,x_R08_EXIT_D,1.673717720447093
64,67,x_R08_EXIT_B,x_R08_EXIT_E,1.673717720447093
64,68,x_R08_EXIT_B,x_R08_EXIT_F,1.673717720447093
64,69,x_R08_EXIT_B,x_R08_EXIT_G,1.673717720447093
64,70,x_R08_EXIT_B,x_R08_EXIT_H,1.673717720447093
64,71,x_R08_EXIT_B,x_R08_EXIT_STAIRWELL,1.673717720447093
64,72,x_R08_EXIT_B,x_R09_EXIT_A,0.0011976974113715431
64,73,x_R08_EXIT_B,x_R09_EXIT_B,0.0021886128765062894
64,74,x_R08_EXIT_B,x_R09_EXIT_C,0.0018610375161311665
64,81,x_R08_EXIT_B,x_R10_EXIT_A,0.0006633401047596237
64,82,x_R08_EXIT_B,x_R10_EXIT_B,0.00032757536037512284
64,90,x_R08_EXIT_B,x_R11_EXIT_A,0.0006633401047596237
64,91,x_R08_EXIT_B,x_R11_EXIT_B,0.00032757536037512284
64,97,x_R08_EXIT_B,x_R11_EXIT_H,0.0002948178243376106
64,99,x_R08_EXIT_B,x_R12_EXIT_A,0.0007370445608440265
64,100,x_R08_EXIT_B,x_R12_EXIT_B,0.0006551507207502457
64,108,x_R08_EXIT_B,x_R13_EXIT_A,0.0011976974113715431
64,109,x_R08_EXIT_B,x_R13_EXIT_B,0.0006223931847127334
64,110,x_R08_EXIT_B,x_R13_EXIT_C,0.0002948178243376106
64,117,x_R08_EXIT_B,x_R14_EXIT_A,0.0011976974113715431
64,118,x_R08_EXIT_B,x_R14_EXIT_B,0.0006223931847127334
64,119,x_R08_EXIT_B,x_R14_EXIT_C,0.0002948178243376106
64,126,x_R08_EXIT_B,x_R15_EXIT_A,0.00033167005237981186
64,127,x_R08_EXIT_B,x_R15_EXIT_B,0.00016378768018756142
64,135,x_R08_EXIT_B,x_R16_EXIT_A,0.0006633401047596237
64,136,x_R08_EXIT_B,x_R16_EXIT_B,0.00032757536037512284
64,153,x_R08_EXIT_B,x_R24_EXIT_A,0.0007370445608440265
64,154,x_R08_EXIT_B,x_R24_EXIT_B,0.0006551507207502457
64,162,x_R08_EXIT_B,x_R25_EXIT_A,0.0006633401047596237
64,163,x_R08_EXIT_B,x_R25_EXIT_B,0.00032757536037512284
64,171,x_R08_EXIT_B,x_R28_EXIT_A,0.0003685222804220132
64,172,x_R08_EXIT_B,x_R28_EXIT_B,0.00032757536037512284
64,180,x_R08_EXIT_B,x_R29_EXIT_A,0.0003685222804220132
64,181,x_R08_EXIT_B,x_R29_EXIT_B,0.00032757536037512284
64,189,x_R08_EXIT_B,x_R30_EXIT_A,0.0003685222804220132
64,190,x_R08_EXIT_B,x_R30_EXIT_B,0.00032757536037512284
64,198,x_R08_EXIT_B,x_R31_EXIT_A,0.0003685222804220132
64,199,x_R08_EXIT_B,x_R31_EXIT_B,0.00032757536037512284
64,207,x_R08_EXIT_B,x_R32_EXIT_A,0.0003685222804220132
64,208,x_R08_EXIT_B,x_R32_EXIT_B,0.00032757536037512284
64,216,x_R08_EXIT_B,x_R33_EXIT_A,0.0003685222804220132
64,217,x_R08_EXIT_B,x_R33_EXIT_B,0.00032757536037512284
64,225,x_R08_EXIT_B,x_R34_EXIT_A,0.0003685222804220132
64,226,x_R08_EXIT_B,x_R34_EXIT_B,0.00032757536037512284
64,234,x_R08_EXIT_B,x_R35_EXIT_A,0.0006080617626963218
64,235,x_R08_EXIT_B,x_R35_EXIT_B,0.0015989772278310682
64,236,x_R08_EXIT_B,x_R35_EXIT_C,0.0012714018674559453
64,237,x_R08_EXIT_B,x_R35_EXIT_D,0.000976584043118335
64,238,x_R08_EXIT_B,x_R35_EXIT_E,0.000976584043118335
64,239,x_R08_EXIT_B,x_R35_EXIT_F,0.000976584043118335
64,240,x_R08_EXIT_B,x_R35_EXIT_G,0.000976584043118335
64,241,x_R08_EXIT_B,x_R35_EXIT_H,0.0005896356486752212
64,242,x_R08_EXIT_B,x_R35_EXIT_STAIRWELL,0.000976584043118335
64,243,x_R08_EXIT_B,x_R36_EXIT_A,0.0018426114021100658
64,244,x_R08_EXIT_B,x_R36_EXIT_B,0.0031119659235636665
65,65,x_R08_EXIT_C,x_R08_EXIT_C,-0.8101415979638261
65,66,x_R08_EXIT_C,x_R08_EXIT_D,1.673717720447093
65,67,x_R08_EXIT_C,x_R08_EXIT_E,1.673717720447093
65,68,x_R08_EXIT_C,x_R08_EXIT_F,1.673717720447093
65,69,x_R08_EXIT_C,x_R08_EXIT_G,1.673717720447093
65,70,x_R08_EXIT_C,x_R08_EXIT_H,1.673717720447093
65,71,x_R08_EXIT_C,x_R08_EXIT_STAIRWELL,1.673717720447093
65,72,x_R08_EXIT_C,x_R09_EXIT_A,0.0011976974113715431
65,73,x_R08_EXIT_C,x_R09_EXIT_B,0.0018610375161311665
65,74,x_R08_EXIT_C,x_R09_EXIT_C,0.0028519529812659136
65,81,x_R08_EXIT_C,x_R10_EXIT_A,0.0013266802095192477
65,82,x_R08_EXIT_C,x_R10_EXIT_B,0.0006633401047596237
65,83,x_R08_EXIT_C,x_R10_EXIT_C,0.00032757536037512284
65,90,x_R08_EXIT_C,x_R11_EXIT_A,0.0013266802095192477
65,91,x_R08_EXIT_C,x_R11_EXIT_B,0.0006633401047596237
65,92,x_R08_EXIT_C,x_R11_EXIT_C,0.00032757536037512284
65,97,x_R08_EXIT_C,x_R11_EXIT_H,0.0009581579290972342
65,99,x_R08_EXIT_C,x_R12_EXIT_A,0.0007370445608440265
65,101,x_R08_EXIT_C,x_R12_EXIT_C,0.0006551507207502457
65,108,x_R08_EXIT_C,x_R13_EXIT_A,0.0011976974113715431
65,109,x_R08_EXIT_C,x_R13_EXIT_B,0.0002948178243376106
65,110,x_R08_EXIT_C,x_R13_EXIT_C,0.0012857332894723572
65,117,x_R08_EXIT_C,x_R14_EXIT_A,0.0011976974113715431
65,118,x_R08_EXIT_C,x_R14_EXIT_B,0.0002948178243376106
65,119,x_R08_EXIT_C,x_R14_EXIT_C,0.0012857332894723572
65,126,x_R08_EXIT_C,x_R15_EXIT_A,0.0006633401047596238
65,127,x_R08_EXIT_C,x_R15_EXIT_B,0.00033167005237981186
65,128,x_R08_EXIT_C,x_R15_EXIT_C,0.00016378768018756142
65,135,x_R08_EXIT_C,x_R16_EXIT_A,0.0013266802095192477
65,136,x_R08_EXIT_C,x_R16_EXIT_B,0.0006633401047596237
65,137,x_R08_EXIT_C,x_R16_EXIT_C,0.00032757536037512284
65,153,x_R08_EXIT_C,x_R24_EXIT_A,0.0007370445608440265
65,155,x_R08_EXIT_C,x_R24_EXIT_C,0.0006551507207502457
65,162,x_R08_EXIT_C,x_R25_EXIT_A,0.0013266802095192477
65,163,x_R08_EXIT_C,x_R25_EXIT_B,0.0006633401047596237
65,164,x_R08_EXIT_C,x_R25_EXIT_C,0.00032757536037512284
65,171,x_R08_EXIT_C,x_R28_EXIT_A,0.0003685222804220132
65,173,x_R08_EXIT_C,x_R28_EXIT_C,0.00032757536037512284
65,180,x_R08_EXIT_C,x_R29_EXIT_A,0.0003685222804220132
65,182,x_R08_EXIT_C,x_R29_EXIT_C,0.00032757536037512284
65,189,x_R08_EXIT_C,x_R30_EXIT_A,0.0003685222804220132
65,191,x_R08_EXIT_C,x_R30_EXIT_C,0.00032757536037512284
65,198,x_R08_EXIT_C,x_R31_EXIT_A,0.0003685222804220132
65,200,x_R08_EXIT_C,x_R31_EXIT_C,0.00032757536037512284
65,207,x_R08_EXIT_C,x_R32_EXIT_A,0.0003685222804220132
65,209,x_R08_EXIT_C,x_R32_EXIT_C,0.00032757536037512284
65,216,x_R08_EXIT_C,x_R33_EXIT_A,0.0003685222804220132
65,218,x_R08_EXIT_C,x_R33_EXIT_C,0.00032757536037512284
65,225,x_R08_EXIT_C,x_R34_EXIT_A,0.0003685222804220132
65,227,x_R08_EXIT_C,x_R34_EXIT_C,0.00032757536037512284
65,234,x_R08_EXIT_C,x_R35_EXIT_A,0.0006080617626963218
65,235,x_R08_EXIT_C,x_R35_EXIT_B,0.0012714018674559453
65,236,x_R08_EXIT_C,x_R35_EXIT_C,0.002262317332590692
65,237,x_R08_EXIT_C,x_R35_EXIT_D,0.000976584043118335
65,238,x_R08_EXIT_C,x_R35_EXIT_E,0.000976584043118335
65,239,x_R08_EXIT_C,x_R35_EXIT_F,0.000976584043118335
65,240,x_R08_EXIT_C,x_R35_EXIT_G,0.000976584043118335
65,241,x_R08_EXIT_C,x_R35_EXIT_H,0.0005896356486752212
65,242,x_R08_EXIT_C,x_R35_EXIT_STAIRWELL,0.000976584043118335
65,243,x_R08_EXIT_C,x_R36_EXIT_A,0.0018426114021100658
65,244,x_R08_EXIT_C,x_R36_EXIT_B,0.0014740891216880527
65,245,x_R08_EXIT_C,x_R36_EXIT_C,0.001637876801875614
66,66,x_R08_EXIT_D,x_R08_EXIT_D,-0.8023505464332481
66,67,x_R08_EXIT_D,x_R08_EXIT_E,1.6750955843066708
66,68,x_R08_EXIT_D,x_R08_EXIT_F,1.6750955843066708
66,69,x_R08_EXIT_D,x_R08_EXIT_G,1.6750955843066708
66,70,x_R08_EXIT_D,x_R08_EXIT_H,1.6747270620262489
66,71,x_R08_EXIT_D,x_R08_EXIT_STAIRWELL,1.6750955843066708
66,72,x_R08_EXIT_D,x_R09_EXIT_A,0.0006223931847127333
66,73,x_R08_EXIT_D,x_R09_EXIT_B,0.0006223931847127333
66,74,x_R08_EXIT_D,x_R09_EXIT_C,0.0006223931847127333
66,75,x_R08_EXIT_D,x_R09_EXIT_D,0.0031856703796480693
66,76,x_R08_EXIT_D,x_R09_EXIT_E,0.0007370445608440265
66,77,x_R08_EXIT_D,x_R09_EXIT_F,0.0007370445608440265
66,78,x_R08_EXIT_D,x_R09_EXIT_G,0.0007370445608440265
66,79,x_R08_EXIT_D,x_R09_EXIT_H,0.0003685222804220132
66,80,x_R08_EXIT_D,x_R09_EXIT_STAIRWELL,0.0007370445608440265
66,84,x_R08_EXIT_D,x_R10_EXIT_D,0.0003275753603751229
66,85,x_R08_EXIT_D,x_R10_EXIT_E,0.0002948178243376106
66,86,x_R08_EXIT_D,x_R10_EXIT_F,0.0002948178243376106
66,87,x_R08_EXIT_D,x_R10_EXIT_G,0.0002948178243376106
66,88,x_R08_EXIT_D,x_R10_EXIT_H,0.002489572738850934
66,89,x_R08_EXIT_D,x_R10_EXIT_STAIRWELL,0.0002948178243376106
66,93,x_R08_EXIT_D,x_R11_EXIT_D,0.0003275753603751229
66,96,x_R08_EXIT_D,x_R11_EXIT_G,0.0008762640890034537
66,97,x_R08_EXIT_D,x_R11_EXIT_H,0.0004422267365064159
66,102,x_R08_EXIT_D,x_R12_EXIT_D,0.0030792083875261548
66,106,x_R08_EXIT_D,x_R12_EXIT_H,0.002063724770363274
66,108,x_R08_EXIT_D,x_R13_EXIT_A,0.0008435065529659411
66,109,x_R08_EXIT_D,x_R13_EXIT_B,0.0005896356486752212
66,110,x_R08_EXIT_D,x_R13_EXIT_C,0.0005896356486752212
66,111,x_R08_EXIT_D,x_R13_EXIT_D,0.0029645570113948617
66,112,x_R08_EXIT_D,x_R13_EXIT_E,0.0005159311925908185
66,113,x_R08_EXIT_D,x_R13_EXIT_F,0.0005159311925908185
66,114,x_R08_EXIT_D,x_R13_EXIT_G,0.0005159311925908185
66,115,x_R08_EXIT_D,x_R13_EXIT_H,0.0001474089121688053
66,116,x_R08_EXIT_D,x_R13_EXIT_STAIRWELL,0.0005159311925908185
66,117,x_R08_EXIT_D,x_R14_EXIT_A,0.0008435065529659411
66,118,x_R08_EXIT_D,x_R14_EXIT_B,0.0005896356486752212
66,119,x_R08_EXIT_D,x_R14_EXIT_C,0.0005896356486752212
66,120,x_R08_EXIT_D,x_R14_EXIT_D,0.0029645570113948617
66,121,x_R08_EXIT_D,x_R14_EXIT_E,0.0005159311925908185
66,122,x_R08_EXIT_D,x_R14_EXIT_F,0.0005159311925908185
66,123,x_R08_EXIT_D,x_R14_EXIT_G,0.0005159311925908185
66,124,x_R08_EXIT_D,x_R14_EXIT_H,0.0001474089121688053
66,125,x_R08_EXIT_D,x_R14_EXIT_STAIRWELL,0.0005159311925908185
66,129,x_R08_EXIT_D,x_R15_EXIT_D,0.00016378768018756145
66,130,x_R08_EXIT_D,x_R15_EXIT_E,0.0001474089121688053
66,131,x_R08_EXIT_D,x_R15_EXIT_F,0.0001474089121688053
66,132,x_R08_EXIT_D,x_R15_EXIT_G,0.0001474089121688053
66,133,x_R08_EXIT_D,x_R15_EXIT_H,0.001244786369425467
66,134,x_R08_EXIT_D,x_R15_EXIT_STAIRWELL,0.0001474089121688053
66,138,x_R08_EXIT_D,x_R16_EXIT_D,0.0003275753603751229
66,139,x_R08_EXIT_D,x_R16_EXIT_E,0.0002948178243376106
66,140,x_R08_EXIT_D,x_R16_EXIT_F,0.0002948178243376106
66,141,x_R08_EXIT_D,x_R16_EXIT_G,0.0002948178243376106
66,142,x_R08_EXIT_D,x_R16_EXIT_H,0.002489572738850934
66,143,x_R08_EXIT_D,x_R16_EXIT_STAIRWELL,0.0002948178243376106
66,153,x_R08_EXIT_D,x_R24_EXIT_A,0.0001474089121688053
66,155,x_R08_EXIT_D,x_R24_EXIT_C,0.0001474089121688053
66,156,x_R08_EXIT_D,x_R24_EXIT_D,0.001244786369425467
66,160,x_R08_EXIT_D,x_R24_EXIT_H,0.0007370445608440265
66,162,x_R08_EXIT_D,x_R25_EXIT_A,0.0005896356486752212
66,163,x_R08_EXIT_D,x_R25_EXIT_B,0.0005896356486752212
66,164,x_R08_EXIT_D,x_R25_EXIT_C,0.0005896356486752212
66,165,x_R08_EXIT_D,x_R25_EXIT_D,0.00010646199212191493
66,166,x_R08_EXIT_D,x_R25_EXIT_E,0.0005159311925908185
66,167,x_R08_EXIT_D,x_R25_EXIT_F,0.0005159311925908185
66,168,x_R08_EXIT_D,x_R25_EXIT_G,0.0005159311925908185
66,169,x_R08_EXIT_D,x_R25_EXIT_H,0.002710686107104142
66,170,x_R08_EXIT_D,x_R25_EXIT_STAIRWELL,0.0005159311925908185
66,174,x_R08_EXIT_D,x_R28_EXIT_D,0.0006223931847127334
66,178,x_R08_EXIT_D,x_R28_EXIT_H,0.0003685222804220132
66,183,x_R08_EXIT_D,x_R29_EXIT_D,0.0006223931847127334
66,187,x_R08_EXIT_D,x_R29_EXIT_H,0.0003685222804220132
66,192,x_R08_EXIT_D,x_R30_EXIT_D,0.0006223931847127334
66,196,x_R08_EXIT_D,x_R30_EXIT_H,0.0003685222804220132
66,201,x_R08_EXIT_D,x_R31_EXIT_D,0.0006223931847127334
66,205,x_R08_EXIT_D,x_R31_EXIT_H,0.0003685222804220132
66,210,x_R08_EXIT_D,x_R32_EXIT_D,0.0006223931847127334
66,214,x_R08_EXIT_D,x_R32_EXIT_H,0.0003685222804220132
66,219,x_R08_EXIT_D,x_R33_EXIT_D,0.0006223931847127334
66,223,x_R08_EXIT_D,x_R33_EXIT_H,0.0003685222804220132
66,228,x_R08_EXIT_D,x_R34_EXIT_D,0.0006223931847127334
66,232,x_R08_EXIT_D,x_R34_EXIT_H,0.0003685222804220132
66,237,x_R08_EXIT_D,x_R35_EXIT_D,0.002374921362719641
66,241,x_R08_EXIT_D,x_R35_EXIT_H,0.0009909154651347462
66,243,x_R08_EXIT_D,x_R36_EXIT_A,0.00036852228042201317
66,244,x_R08_EXIT_D,x_R36_EXIT_B,0.00036852228042201317
66,246,x_R08_EXIT_D,x_R36_EXIT_D,0.0031119659235636665
66,250,x_R08_EXIT_D,x_R36_EXIT_H,0.0018426114021100658
67,67,x_R08_EXIT_E,x_R08_EXIT_E,-0.7980242825273476
67,68,x_R08_EXIT_E,x_R08_EXIT_F,1.6760455528517586
67,69,x_R08_EXIT_E,x_R08_EXIT_G,1.675750735027421
67,70,x_R08_EXIT_E,x_R08_EXIT_H,1.6747270620262489
67,71,x_R08_EXIT_E,x_R08_EXIT_STAIRWELL,1.67589814393959
67,72,x_R08_EXIT_E,x_R09_EXIT_A,0.0006223931847127333
67,73,x_R08_EXIT_E,x_R09_EXIT_B,0.0006223931847127333
67,74,x_R08_EXIT_E,x_R09_EXIT_C,0.0006223931847127333
67,75,x_R08_EXIT_E,x_R09_EXIT_D,0.0007370445608440265
67,76,x_R08_EXIT_E,x_R09_EXIT_E,0.0034804882039856807
67,77,x_R08_EXIT_E,x_R09_EXIT_F,0.0016870131059318826
67,78,x_R08_EXIT_E,x_R09_EXIT_G,0.0013921952815942721
67,79,x_R08_EXIT_E,x_R09_EXIT_H,0.0003685222804220132
67,80,x_R08_EXIT_E,x_R09_EXIT_STAIRWELL,0.0015396041937630774
67,85,x_R08_EXIT_E,x_R10_EXIT_E,0.0015723617298005895
67,87,x_R08_EXIT_E,x_R10_EXIT_G,0.00028662844032823246
67,88,x_R08_EXIT_E,x_R10_EXIT_H,0.0003685222804220132
67,94,x_R08_EXIT_E,x_R11_EXIT_E,0.0015723617298005895
67,96,x_R08_EXIT_E,x_R11_EXIT_G,0.00028662844032823246
67,97,x_R08_EXIT_E,x_R11_EXIT_H,0.0003685222804220132
67,103,x_R08_EXIT_E,x_R12_EXIT_E,0.003144723459601179
67,105,x_R08_EXIT_E,x_R12_EXIT_G,0.0005732568806564649
67,106,x_R08_EXIT_E,x_R12_EXIT_H,0.0007370445608440265
67,108,x_R08_EXIT_E,x_R13_EXIT_A,0.0008435065529659411
67,109,x_R08_EXIT_E,x_R13_EXIT_B,0.0005159311925908185
67,110,x_R08_EXIT_E,x_R13_EXIT_C,0.0005159311925908185
67,111,x_R08_EXIT_E,x_R13_EXIT_D,0.0005159311925908185
67,112,x_R08_EXIT_E,x_R13_EXIT_E,0.0032593748357324726
67,113,x_R08_EXIT_E,x_R13_EXIT_F,0.0014658997376786745
67,114,x_R08_EXIT_E,x_R13_EXIT_G,0.0011710819133410643
67,115,x_R08_EXIT_E,x_R13_EXIT_H,0.0001474089121688053
67,116,x_R08_EXIT_E,x_R13_EXIT_STAIRWELL,0.0013184908255098695
67,117,x_R08_EXIT_E,x_R14_EXIT_A,0.0008435065529659411
67,118,x_R08_EXIT_E,x_R14_EXIT_B,0.0005159311925908185
67,119,x_R08_EXIT_E,x_R14_EXIT_C,0.0005159311925908185
67,120,x_R08_EXIT_E,x_R14_EXIT_D,0.0005159311925908185
67,121,x_R08_EXIT_E,x_R14_EXIT_E,0.0032593748357324726
67,122,x_R08_EXIT_E,x_R14_EXIT_F,0.0014658997376786745
67,123,x_R08_EXIT_E,x_R14_EXIT_G,0.0011710819133410643
67,124,x_R08_EXIT_E,x_R14_EXIT_H,0.0001474089121688053
67,125,x_R08_EXIT_E,x_R14_EXIT_STAIRWELL,0.0013184908255098695
67,130,x_R08_EXIT_E,x_R15_EXIT_E,0.0007861808649002948
67,132,x_R08_EXIT_E,x_R15_EXIT_G,0.00014331422016411623
67,133,x_R08_EXIT_E,x_R15_EXIT_H,0.0001842611402110066
67,139,x_R08_EXIT_E,x_R16_EXIT_E,0.0015723617298005895
67,141,x_R08_EXIT_E,x_R16_EXIT_G,0.00028662844032823246
67,142,x_R08_EXIT_E,x_R16_EXIT_H,0.0003685222804220132
67,153,x_R08_EXIT_E,x_R24_EXIT_A,0.0007370445608440265
67,157,x_R08_EXIT_E,x_R24_EXIT_E,0.003144723459601179
67,159,x_R08_EXIT_E,x_R24_EXIT_G,0.0001474089121688053
67,160,x_R08_EXIT_E,x_R24_EXIT_H,0.0014740891216880527
67,166,x_R08_EXIT_E,x_R25_EXIT_E,0.0015723617298005895
67,168,x_R08_EXIT_E,x_R25_EXIT_G,0.00028662844032823246
67,169,x_R08_EXIT_E,x_R25_EXIT_H,0.0003685222804220132
67,171,x_R08_EXIT_E,x_R28_EXIT_A,0.0006551507207502458
67,172,x_R08_EXIT_E,x_R28_EXIT_B,0.00028662844032823246
67,173,x_R08_EXIT_E,x_R28_EXIT_C,0.00028662844032823246
67,174,x_R08_EXIT_E,x_R28_EXIT_D,0.00028662844032823246
67,175,x_R08_EXIT_E,x_R28_EXIT_E,0.0020882929223914083
67,176,x_R08_EXIT_E,x_R28_EXIT_F,0.0002948178243376106
67,178,x_R08_EXIT_E,x_R28_EXIT_H,0.0010236730011722588
67,179,x_R08_EXIT_E,x_R28_EXIT_STAIRWELL,0.0001474089121688053
67,180,x_R08_EXIT_E,x_R29_EXIT_A,0.0006551507207502458
67,181,x_R08_EXIT_E,x_R29_EXIT_B,0.00028662844032823246
67,182,x_R08_EXIT_E,x_R29_EXIT_C,0.00028662844032823246
67,183,x_R08_EXIT_E,x_R29_EXIT_D,0.00028662844032823246
67,184,x_R08_EXIT_E,x_R29_EXIT_E,0.0020882929223914083
67,185,x_R08_EXIT_E,x_R29_EXIT_F,0.0002948178243376106
67,187,x_R08_EXIT_E,x_R29_EXIT_H,0.0010236730011722588
67,188,x_R08_EXIT_E,x_R29_EXIT_STAIRWELL,0.0001474089121688053
67,189,x_R08_EXIT_E,x_R30_EXIT_A,0.0006551507207502458
67,190,x_R08_EXIT_E,x_R30_EXIT_B,0.00028662844032823246
67,191,x_R08_EXIT_E,x_R30_EXIT_C,0.00028662844032823246
67,192,x_R08_EXIT_E,x_R30_EXIT_D,0.00028662844032823246
67,193,x_R08_EXIT_E,x_R30_EXIT_E,0.0020882929223914083
67,194,x_R08_EXIT_E,x_R30_EXIT_F,0.0002948178243376106
67,196,x_R08_EXIT_E,x_R30_EXIT_H,0.0010236730011722588
67,197,x_R08_EXIT_E,x_R30_EXIT_STAIRWELL,0.0001474089121688053
67,198,x_R08_EXIT_E,x_R31_EXIT_A,0.0007288551768346484
67,199,x_R08_EXIT_E,x_R31_EXIT_B,0.0003603328964126351
67,202,x_R08_EXIT_E,x_R31_EXIT_E,0.0020145884663070055
67,205,x_R08_EXIT_E,x_R31_EXIT_H,0.0010973774572566614
67,207,x_R08_EXIT_E,x_R32_EXIT_A,0.0009499685450878562
67,208,x_R08_EXIT_E,x_R32_EXIT_B,0.0001474089121688053
67,211,x_R08_EXIT_E,x_R32_EXIT_E,0.0015723617298005895
67,213,x_R08_EXIT_E,x_R32_EXIT_G,0.0002948178243376106
67,214,x_R08_EXIT_E,x_R32_EXIT_H,0.0013184908255098693
67,216,x_R08_EXIT_E,x_R33_EXIT_A,0.001981830930269493
67,217,x_R08_EXIT_E,x_R33_EXIT_B,0.0009581579290972342
67,218,x_R08_EXIT_E,x_R33_EXIT_C,0.0008844534730128318
67,219,x_R08_EXIT_E,x_R33_EXIT_D,0.0008844534730128318
67,220,x_R08_EXIT_E,x_R33_EXIT_E,0.0006960976407971362
67,221,x_R08_EXIT_E,x_R33_EXIT_F,0.001031862385181637
67,222,x_R08_EXIT_E,x_R33_EXIT_G,0.0013266802095192477
67,223,x_R08_EXIT_E,x_R33_EXIT_H,0.0023503532106915062
67,224,x_R08_EXIT_E,x_R33_EXIT_STAIRWELL,0.0011055668412660396
67,225,x_R08_EXIT_E,x_R34_EXIT_A,0.0013921952815942721
67,226,x_R08_EXIT_E,x_R34_EXIT_B,0.0003685222804220132
67,227,x_R08_EXIT_E,x_R34_EXIT_C,0.0002948178243376106
67,228,x_R08_EXIT_E,x_R34_EXIT_D,0.0002948178243376106
67,229,x_R08_EXIT_E,x_R34_EXIT_E,0.00010646199212191492
67,230,x_R08_EXIT_E,x_R34_EXIT_F,0.0004422267365064159
67,231,x_R08_EXIT_E,x_R34_EXIT_G,0.0007370445608440266
67,232,x_R08_EXIT_E,x_R34_EXIT_H,0.0017607175620162853
67,233,x_R08_EXIT_E,x_R34_EXIT_STAIRWELL,0.0005159311925908185
67,238,x_R08_EXIT_E,x_R35_EXIT_E,0.0027434436431416536
67,239,x_R08_EXIT_E,x_R35_EXIT_F,0.0009499685450878562
67,240,x_R08_EXIT_E,x_R35_EXIT_G,0.0006551507207502458
67,241,x_R08_EXIT_E,x_R35_EXIT_H,0.0009909154651347462
67,242,x_R08_EXIT_E,x_R35_EXIT_STAIRWELL,0.000802559632919051
67,243,x_R08_EXIT_E,x_R36_EXIT_A,0.0007370445608440263
67,244,x_R08_EXIT_E,x_R36_EXIT_B,0.0007370445608440263
67,245,x_R08_EXIT_E,x_R36_EXIT_C,0.0005323099606095746
67,246,x_R08_EXIT_E,x_R36_EXIT_D,0.0005323099606095746
67,247,x_R08_EXIT_E,x_R36_EXIT_E,0.011342296852988626
67,248,x_R08_EXIT_E,x_R36_EXIT_F,0.0023749213627196402
67,249,x_R08_EXIT_E,x_R36_EXIT_G,0.0009008322410315877
67,250,x_R08_EXIT_E,x_R36_EXIT_H,0.002579655962954092
67,251,x_R08_EXIT_E,x_R36_EXIT_STAIRWELL,0.001637876801875614
68,68,x_R08_EXIT_F,x_R08_EXIT_F,-0.8058612858855309
68,69,x_R08_EXIT_F,x_R08_EXIT_G,1.675750735027421
68,70,x_R08_EXIT_F,x_R08_EXIT_H,1.6747270620262489
68,71,x_R08_EXIT_F,x_R08_EXIT_STAIRWELL,1.67589814393959
68,72,x_R08_EXIT_F,x_R09_EXIT_A,0.0006223931847127333
68,73,x_R08_EXIT_F,x_R09_EXIT_B,0.0006223931847127333
68,74,x_R08_EXIT_F,x_R09_EXIT_C,0.0006223931847127333
68,75,x_R08_EXIT_F,x_R09_EXIT_D,0.0007370445608440265
68,76,x_R08_EXIT_F,x_R09_EXIT_E,0.0016870131059318826
68,77,x_R08_EXIT_F,x_R09_EXIT_F,0.0020145884663070055
68,78,x_R08_EXIT_F,x_R09_EXIT_G,0.0013921952815942721
68,79,x_R08_EXIT_F,x_R09_EXIT_H,0.0003685222804220132
68,80,x_R08_EXIT_F,x_R09_EXIT_STAIRWELL,0.0015396041937630774
68,86,x_R08_EXIT_F,x_R10_EXIT_F,0.0003275753603751229
68,87,x_R08_EXIT_F,x_R10_EXIT_G,0.00028662844032823246
68,88,x_R08_EXIT_F,x_R10_EXIT_H,0.0003685222804220132
68,95,x_R08_EXIT_F,x_R11_EXIT_F,0.0003275753603751229
68,96,x_R08_EXIT_F,x_R11_EXIT_G,0.00028662844032823246
68,97,x_R08_EXIT_F,x_R11_EXIT_H,0.0003685222804220132
68,104,x_R08_EXIT_F,x_R12_EXIT_F,0.0006551507207502458
68,105,x_R08_EXIT_F,x_R12_EXIT_G,0.0005732568806564649
68,106,x_R08_EXIT_F,x_R12_EXIT_H,0.0007370445608440265
68,108,x_R08_EXIT_F,x_R13_EXIT_A,0.0008435065529659411
68,109,x_R08_EXIT_F,x_R13_EXIT_B,0.0005159311925908185
68,110,x_R08_EXIT_F,x_R13_EXIT_C,0.0005159311925908185
68,111,x_R08_EXIT_F,x_R13_EXIT_D,0.0005159311925908185
68,112,x_R08_EXIT_F,x_R13_EXIT_E,0.0014658997376786745
68,113,x_R08_EXIT_F,x_R13_EXIT_F,0.0017934750980537974
68,114,x_R08_EXIT_F,x_R13_EXIT_G,0.0011710819133410643
68,115,x_R08_EXIT_F,x_R13_EXIT_H,0.0001474089121688053
68,116,x_R08_EXIT_F,x_R13_EXIT_STAIRWELL,0.0013184908255098695
68,117,x_R08_EXIT_F,x_R14_EXIT_A,0.0008435065529659411
68,118,x_R08_EXIT_F,x_R14_EXIT_B,0.0005159311925908185
68,119,x_R08_EXIT_F,x_R14_EXIT_C,0.0005159311925908185
68,120,x_R08_EXIT_F,x_R14_EXIT_D,0.0005159311925908185
68,121,x_R08_EXIT_F,x_R14_EXIT_E,0.0014658997376786745
68,122,x_R08_EXIT_F,x_R14_EXIT_F,0.0017934750980537974
68,123,x_R08_EXIT_F,x_R14_EXIT_G,0.0011710819133410643
68,124,x_R08_EXIT_F,x_R14_EXIT_H,0.0001474089121688053
68,125,x_R08_EXIT_F,x_R14_EXIT_STAIRWELL,0.0013184908255098695
68,131,x_R08_EXIT_F,x_R15_EXIT_F,0.00016378768018756145
68,132,x_R08_EXIT_F,x_R15_EXIT_G,0.00014331422016411623
68,133,x_R08_EXIT_F,x_R15_EXIT_H,0.0001842611402110066
68,140,x_R08_EXIT_F,x_R16_EXIT_F,0.0003275753603751229
68,141,x_R08_EXIT_F,x_R16_EXIT_G,0.00028662844032823246
68,142,x_R08_EXIT_F,x_R16_EXIT_H,0.0003685222804220132
68,153,x_R08_EXIT_F,x_R24_EXIT_A,0.0007370445608440265
68,158,x_R08_EXIT_F,x_R24_EXIT_F,0.0006551507207502458
68,159,x_R08_EXIT_F,x_R24_EXIT_G,0.0001474089121688053
68,160,x_R08_EXIT_F,x_R24_EXIT_H,0.0014740891216880527
68,167,x_R08_EXIT_F,x_R25_EXIT_F,0.0003275753603751229
68,168,x_R08_EXIT_F,x_R25_EXIT_G,0.00028662844032823246
68,169,x_R08_EXIT_F,x_R25_EXIT_H,0.0003685222804220132
68,171,x_R08_EXIT_F,x_R28_EXIT_A,0.0006551507207502458
68,172,x_R08_EXIT_F,x_R28_EXIT_B,0.00028662844032823246
68,173,x_R08_EXIT_F,x_R28_EXIT_C,0.00028662844032823246
68,174,x_R08_EXIT_F,x_R28_EXIT_D,0.00028662844032823246
68,175,x_R08_EXIT_F,x_R28_EXIT_E,0.0002948178243376106
68,176,x_R08_EXIT_F,x_R28_EXIT_F,0.0006223931847127334
68,178,x_R08_EXIT_F,x_R28_EXIT_H,0.0010236730011722588
68,179,x_R08_EXIT_F,x_R28_EXIT_STAIRWELL,0.0001474089121688053
68,180,x_R08_EXIT_F,x_R29_EXIT_A,0.0006551507207502458
68,181,x_R08_EXIT_F,x_R29_EXIT_B,0.00028662844032823246
68,182,x_R08_EXIT_F,x_R29_EXIT_C,0.00028662844032823246
68,183,x_R08_EXIT_F,x_R29_EXIT_D,0.00028662844032823246
68,184,x_R08_EXIT_F,x_R29_EXIT_E,0.0002948178243376106
68,185,x_R08_EXIT_F,x_R29_EXIT_F,0.0006223931847127334
68,187,x_R08_EXIT_F,x_R29_EXIT_H,0.0010236730011722588
68,188,x_R08_EXIT_F,x_R29_EXIT_STAIRWELL,0.0001474089121688053
68,189,x_R08_EXIT_F,x_R30_EXIT_A,0.0006551507207502458
68,190,x_R08_EXIT_F,x_R30_EXIT_B,0.00028662844032823246
68,191,x_R08_EXIT_F,x_R30_EXIT_C,0.00028662844032823246
68,192,x_R08_EXIT_F,x_R30_EXIT_D,0.00028662844032823246
68,193,x_R08_EXIT_F,x_R30_EXIT_E,0.0002948178243376106
68,194,x_R08_EXIT_F,x_R30_EXIT_F,0.0006223931847127334
68,196,x_R08_EXIT_F,x_R30_EXIT_H,0.0010236730011722588
68,197,x_R08_EXIT_F,x_R30_EXIT_STAIRWELL,0.0001474089121688053
68,198,x_R08_EXIT_F,x_R31_EXIT_A,0.0007288551768346484
68,199,x_R08_EXIT_F,x_R31_EXIT_B,0.0003603328964126351
68,202,x_R08_EXIT_F,x_R31_EXIT_E,0.00022111336825320795
68,203,x_R08_EXIT_F,x_R31_EXIT_F,0.00010646199212191492
68,205,x_R08_EXIT_F,x_R31_EXIT_H,0.0010973774572566614
68,207,x_R08_EXIT_F,x_R32_EXIT_A,0.001171081913341064
68,212,x_R08_EXIT_F,x_R32_EXIT_F,0.00010646199212191492
68,213,x_R08_EXIT_F,x_R32_EXIT_G,0.0005159311925908185
68,214,x_R08_EXIT_F,x_R32_EXIT_H,0.0015396041937630772
68,215,x_R08_EXIT_F,x_R32_EXIT_STAIRWELL,0.0002948178243376106
68,216,x_R08_EXIT_F,x_R33_EXIT_A,0.0009499685450878562
68,221,x_R08_EXIT_F,x_R33_EXIT_F,0.0003275753603751229
68,222,x_R08_EXIT_F,x_R33_EXIT_G,0.0002948178243376106
68,223,x_R08_EXIT_F,x_R33_EXIT_H,0.0013184908255098693
68,225,x_R08_EXIT_F,x_R34_EXIT_A,0.0009499685450878562
68,230,x_R08_EXIT_F,x_R34_EXIT_F,0.0003275753603751229
68,231,x_R08_EXIT_F,x_R34_EXIT_G,0.0002948178243376106
68,232,x_R08_EXIT_F,x_R34_EXIT_H,0.0013184908255098693
68,238,x_R08_EXIT_F,x_R35_EXIT_E,0.0009499685450878562
68,239,x_R08_EXIT_F,x_R35_EXIT_F,0.001277543905462979
68,240,x_R08_EXIT_F,x_R35_EXIT_G,0.0006551507207502458
68,241,x_R08_EXIT_F,x_R35_EXIT_H,0.0009909154651347462
68,242,x_R08_EXIT_F,x_R35_EXIT_STAIRWELL,0.000802559632919051
68,243,x_R08_EXIT_F,x_R36_EXIT_A,0.0007370445608440263
68,244,x_R08_EXIT_F,x_R36_EXIT_B,0.0007370445608440263
68,245,x_R08_EXIT_F,x_R36_EXIT_C,0.0005323099606095746
68,246,x_R08_EXIT_F,x_R36_EXIT_D,0.0005323099606095746
68,247,x_R08_EXIT_F,x_R36_EXIT_E,0.0023749213627196402
68,248,x_R08_EXIT_F,x_R36_EXIT_F,0.004012798164595254
68,249,x_R08_EXIT_F,x_R36_EXIT_G,0.0009008322410315877
68,250,x_R08_EXIT_F,x_R36_EXIT_H,0.002579655962954092
68,251,x_R08_EXIT_F,x_R36_EXIT_STAIRWELL,0.001637876801875614
69,69,x_R08_EXIT_G,x_R08_EXIT_G,-0.8015516276625441
69,70,x_R08_EXIT_G,x_R08_EXIT_H,1.6747270620262489
69,71,x_R08_EXIT_G,x_R08_EXIT_STAIRWELL,1.675750735027421
69,72,x_R08_EXIT_G,x_R09_EXIT_A,0.0006223931847127333
69,73,x_R08_EXIT_G,x_R09_EXIT_B,0.0006223931847127333
69,74,x_R08_EXIT_G,x_R09_EXIT_C,0.0006223931847127333
69,75,x_R08_EXIT_G,x_R09_EXIT_D,0.0007370445608440265
69,76,x_R08_EXIT_G,x_R09_EXIT_E,0.0013921952815942721
69,77,x_R08_EXIT_G,x_R09_EXIT_F,0.0013921952815942721
69,78,x_R08_EXIT_G,x_R09_EXIT_G,0.003111965923563667
69,79,x_R08_EXIT_G,x_R09_EXIT_H,0.0003685222804220132
69,80,x_R08_EXIT_G,x_R09_EXIT_STAIRWELL,0.0013921952815942721
69,87,x_R08_EXIT_G,x_R10_EXIT_G,0.0020063990822976273
69,88,x_R08_EXIT_G,x_R10_EXIT_H,0.0003685222804220132
69,96,x_R08_EXIT_G,x_R11_EXIT_G,0.0020063990822976273
69,97,x_R08_EXIT_G,x_R11_EXIT_H,0.0003685222804220132
69,105,x_R08_EXIT_G,x_R12_EXIT_G,0.004012798164595255
69,106,x_R08_EXIT_G,x_R12_EXIT_H,0.0007370445608440265
69,108,x_R08_EXIT_G,x_R13_EXIT_A,0.0008435065529659411
69,109,x_R08_EXIT_G,x_R13_EXIT_B,0.0005159311925908185
69,110,x_R08_EXIT_G,x_R13_EXIT_C,0.0005159311925908185
69,111,x_R08_EXIT_G,x_R13_EXIT_D,0.0005159311925908185
69,112,x_R08_EXIT_G,x_R13_EXIT_E,0.0011710819133410643
69,113,x_R08_EXIT_G,x_R13_EXIT_F,0.0011710819133410643
69,114,x_R08_EXIT_G,x_R13_EXIT_G,0.0028908525553104597
69,115,x_R08_EXIT_G,x_R13_EXIT_H,0.0001474089121688053
69,116,x_R08_EXIT_G,x_R13_EXIT_STAIRWELL,0.0011710819133410643
69,117,x_R08_EXIT_G,x_R14_EXIT_A,0.0008435065529659411
69,118,x_R08_EXIT_G,x_R14_EXIT_B,0.0005159311925908185
69,119,x_R08_EXIT_G,x_R14_EXIT_C,0.0005159311925908185
69,120,x_R08_EXIT_G,x_R14_EXIT_D,0.0005159311925908185
69,121,x_R08_EXIT_G,x_R14_EXIT_E,0.0011710819133410643
69,122,x_R08_EXIT_G,x_R14_EXIT_F,0.0011710819133410643
69,123,x_R08_EXIT_G,x_R14_EXIT_G,0.0028908525553104597
69,124,x_R08_EXIT_G,x_R14_EXIT_H,0.0001474089121688053
69,125,x_R08_EXIT_G,x_R14_EXIT_STAIRWELL,0.0011710819133410643
69,132,x_R08_EXIT_G,x_R15_EXIT_G,0.0010031995411488137
69,133,x_R08_EXIT_G,x_R15_EXIT_H,0.0001842611402110066
69,141,x_R08_EXIT_G,x_R16_EXIT_G,0.0020063990822976273
69,142,x_R08_EXIT_G,x_R16_EXIT_H,0.0003685222804220132
69,153,x_R08_EXIT_G,x_R24_EXIT_A,0.0007370445608440265
69,159,x_R08_EXIT_G,x_R24_EXIT_G,0.0034395412839387904
69,160,x_R08_EXIT_G,x_R24_EXIT_H,0.0014740891216880527
69,168,x_R08_EXIT_G,x_R25_EXIT_G,0.0020063990822976273
69,169,x_R08_EXIT_G,x_R25_EXIT_H,0.0003685222804220132
69,171,x_R08_EXIT_G,x_R28_EXIT_A,0.002268459370597726
69,172,x_R08_EXIT_G,x_R28_EXIT_B,0.001899937090175713
69,173,x_R08_EXIT_G,x_R28_EXIT_C,0.001899937090175713
69,174,x_R08_EXIT_G,x_R28_EXIT_D,0.001899937090175713
69,175,x_R08_EXIT_G,x_R28_EXIT_E,0.0016133086498474804
69,176,x_R08_EXIT_G,x_R28_EXIT_F,0.0016133086498474804
69,177,x_R08_EXIT_G,x_R28_EXIT_G,0.00010646199212191492
69,178,x_R08_EXIT_G,x_R28_EXIT_H,0.002636981651019739
69,179,x_R08_EXIT_G,x_R28_EXIT_STAIRWELL,0.0016133086498474804
69,180,x_R08_EXIT_G,x_R29_EXIT_A,0.0016133086498474802
69,181,x_R08_EXIT_G,x_R29_EXIT_B,0.0012447863694254667
69,182,x_R08_EXIT_G,x_R29_EXIT_C,0.0012447863694254667
69,183,x_R08_EXIT_G,x_R29_EXIT_D,0.0012447863694254667
69,184,x_R08_EXIT_G,x_R29_EXIT_E,0.0009581579290972342
69,185,x_R08_EXIT_G,x_R29_EXIT_F,0.0009581579290972342
69,186,x_R08_EXIT_G,x_R29_EXIT_G,0.0006960976407971361
69,187,x_R08_EXIT_G,x_R29_EXIT_H,0.0019818309302694933
69,188,x_R08_EXIT_G,x_R29_EXIT_STAIRWELL,0.0009581579290972342
69,189,x_R08_EXIT_G,x_R30_EXIT_A,0.0007288551768346484
69,190,x_R08_EXIT_G,x_R30_EXIT_B,0.00036033289641263514
69,191,x_R08_EXIT_G,x_R30_EXIT_C,0.00036033289641263514
69,192,x_R08_EXIT_G,x_R30_EXIT_D,0.00036033289641263514
69,195,x_R08_EXIT_G,x_R30_EXIT_G,0.0016460661858849926
69,196,x_R08_EXIT_G,x_R30_EXIT_H,0.0010973774572566614
69,198,x_R08_EXIT_G,x_R31_EXIT_A,0.0006551507207502458
69,199,x_R08_EXIT_G,x_R31_EXIT_B,0.00028662844032823246
69,204,x_R08_EXIT_G,x_R31_EXIT_G,0.0017197706419693952
69,205,x_R08_EXIT_G,x_R31_EXIT_H,0.0010236730011722588
69,207,x_R08_EXIT_G,x_R32_EXIT_A,0.0006551507207502458
69,213,x_R08_EXIT_G,x_R32_EXIT_G,0.0017197706419693952
69,214,x_R08_EXIT_G,x_R32_EXIT_H,0.0010236730011722588
69,216,x_R08_EXIT_G,x_R33_EXIT_A,0.0006551507207502458
69,222,x_R08_EXIT_G,x_R33_EXIT_G,0.0017197706419693952
69,223,x_R08_EXIT_G,x_R33_EXIT_H,0.0010236730011722588
69,225,x_R08_EXIT_G,x_R34_EXIT_A,0.0006551507207502458
69,231,x_R08_EXIT_G,x_R34_EXIT_G,0.0017197706419693952
69,232,x_R08_EXIT_G,x_R34_EXIT_H,0.0010236730011722588
69,238,x_R08_EXIT_G,x_R35_EXIT_E,0.0006551507207502458
69,239,x_R08_EXIT_G,x_R35_EXIT_F,0.0006551507207502458
69,240,x_R08_EXIT_G,x_R35_EXIT_G,0.002374921362719641
69,241,x_R08_EXIT_G,x_R35_EXIT_H,0.0009909154651347462
69,242,x_R08_EXIT_G,x_R35_EXIT_STAIRWELL,0.0006551507207502458
69,243,x_R08_EXIT_G,x_R36_EXIT_A,0.0007370445608440263
69,244,x_R08_EXIT_G,x_R36_EXIT_B,0.0007370445608440263
69,245,x_R08_EXIT_G,x_R36_EXIT_C,0.0005323099606095746
69,246,x_R08_EXIT_G,x_R36_EXIT_D,0.0005323099606095746
69,247,x_R08_EXIT_G,x_R36_EXIT_E,0.0009008322410315877
69,248,x_R08_EXIT_G,x_R36_EXIT_F,0.0009008322410315877
69,249,x_R08_EXIT_G,x_R36_EXIT_G,0.009499685450878563
69,250,x_R08_EXIT_G,x_R36_EXIT_H,0.002579655962954092
69,251,x_R08_EXIT_G,x_R36_EXIT_STAIRWELL,0.0009008322410315877
70,70,x_R08_EXIT_H,x_R08_EXIT_H,-0.8236538367725859
70,71,x_R08_EXIT_H,x_R08_EXIT_STAIRWELL,1.6747270620262489
70,72,x_R08_EXIT_H,x_R09_EXIT_A,0.0006223931847127333
70,73,x_R08_EXIT_H,x_R09_EXIT_B,0.0006223931847127333
70,74,x_R08_EXIT_H,x_R09_EXIT_C,0.0006223931847127333
70,75,x_R08_EXIT_H,x_R09_EXIT_D,0.0003685222804220132
70,76,x_R08_EXIT_H,x_R09_EXIT_E,0.0003685222804220132
70,77,x_R08_EXIT_H,x_R09_EXIT_F,0.0003685222804220132
70,78,x_R08_EXIT_H,x_R09_EXIT_G,0.0003685222804220132
70,79,x_R08_EXIT_H,x_R09_EXIT_H,0.000696097640797136
70,80,x_R08_EXIT_H,x_R09_EXIT_STAIRWELL,0.0003685222804220132
70,88,x_R08_EXIT_H,x_R10_EXIT_H,0.00032757536037512284
70,97,x_R08_EXIT_H,x_R11_EXIT_H,0.00032757536037512284
70,106,x_R08_EXIT_H,x_R12_EXIT_H,0.0006551507207502457
70,108,x_R08_EXIT_H,x_R13_EXIT_A,0.0008435065529659411
70,109,x_R08_EXIT_H,x_R13_EXIT_B,0.0001474089121688053
70,110,x_R08_EXIT_H,x_R13_EXIT_C,0.0001474089121688053
70,111,x_R08_EXIT_H,x_R13_EXIT_D,0.0001474089121688053
70,112,x_R08_EXIT_H,x_R13_EXIT_E,0.0001474089121688053
70,113,x_R08_EXIT_H,x_R13_EXIT_F,0.0001474089121688053
70,114,x_R08_EXIT_H,x_R13_EXIT_G,0.0001474089121688053
70,115,x_R08_EXIT_H,x_R13_EXIT_H,0.0004749842725439281
70,116,x_R08_EXIT_H,x_R13_EXIT_STAIRWELL,0.0001474089121688053
70,117,x_R08_EXIT_H,x_R14_EXIT_A,0.0008435065529659411
70,118,x_R08_EXIT_H,x_R14_EXIT_B,0.0001474089121688053
70,119,x_R08_EXIT_H,x_R14_EXIT_C,0.0001474089121688053
70,120,x_R08_EXIT_H,x_R14_EXIT_D,0.0001474089121688053
70,121,x_R08_EXIT_H,x_R14_EXIT_E,0.0001474089121688053
70,122,x_R08_EXIT_H,x_R14_EXIT_F,0.0001474089121688053
70,123,x_R08_EXIT_H,x_R14_EXIT_G,0.0001474089121688053
70,124,x_R08_EXIT_H,x_R14_EXIT_H,0.0004749842725439281
70,125,x_R08_EXIT_H,x_R14_EXIT_STAIRWELL,0.0001474089121688053
70,133,x_R08_EXIT_H,x_R15_EXIT_H,0.00016378768018756142
70,142,x_R08_EXIT_H,x_R16_EXIT_H,0.00032757536037512284
70,160,x_R08_EXIT_H,x_R24_EXIT_H,0.0006551507207502457
70,169,x_R08_EXIT_H,x_R25_EXIT_H,0.00032757536037512284
70,178,x_R08_EXIT_H,x_R28_EXIT_H,0.00032757536037512284
70,187,x_R08_EXIT_H,x_R29_EXIT_H,0.00032757536037512284
70,196,x_R08_EXIT_H,x_R30_EXIT_H,0.00032757536037512284
70,205,x_R08_EXIT_H,x_R31_EXIT_H,0.00032757536037512284
70,214,x_R08_EXIT_H,x_R32_EXIT_H,0.00032757536037512284
70,223,x_R08_EXIT_H,x_R33_EXIT_H,0.00032757536037512284
70,232,x_R08_EXIT_H,x_R34_EXIT_H,0.00032757536037512284
70,241,x_R08_EXIT_H,x_R35_EXIT_H,0.0013184908255098697
70,250,x_R08_EXIT_H,x_R36_EXIT_H,0.001637876801875614
71,71,x_R08_EXIT_STAIRWELL,x_R08_EXIT_STAIRWELL,-0.8088069578411665
71,72,x_R08_EXIT_STAIRWELL,x_R09_EXIT_A,0.0006223931847127333
71,73,x_R08_EXIT_STAIRWELL,x_R09_EXIT_B,0.0006223931847127333
71,74,x_R08_EXIT_STAIRWELL,x_R09_EXIT_C,0.0006223931847127333
71,75,x_R08_EXIT_STAIRWELL,x_R09_EXIT_D,0.0007370445608440265
71,76,x_R08_EXIT_STAIRWELL,x_R09_EXIT_E,0.0015396041937630774
71,77,x_R08_EXIT_STAIRWELL,x_R09_EXIT_F,0.0015396041937630774
71,78,x_R08_EXIT_STAIRWELL,x_R09_EXIT_G,0.0013921952815942721
71,79,x_R08_EXIT_STAIRWELL,x_R09_EXIT_H,0.0003685222804220132
71,80,x_R08_EXIT_STAIRWELL,x_R09_EXIT_STAIRWELL,0.0019736415462601148
71,87,x_R08_EXIT_STAIRWELL,x_R10_EXIT_G,0.00028662844032823246
71,88,x_R08_EXIT_STAIRWELL,x_R10_EXIT_H,0.0003685222804220132
71,89,x_R08_EXIT_STAIRWELL,x_R10_EXIT_STAIRWELL,0.0003275753603751229
71,96,x_R08_EXIT_STAIRWELL,x_R11_EXIT_G,0.00028662844032823246
71,97,x_R08_EXIT_STAIRWELL,x_R11_EXIT_H,0.0003685222804220132
71,98,x_R08_EXIT_STAIRWELL,x_R11_EXIT_STAIRWELL,0.0003275753603751229
71,105,x_R08_EXIT_STAIRWELL,x_R12_EXIT_G,0.0005732568806564649
71,106,x_R08_EXIT_STAIRWELL,x_R12_EXIT_H,0.0007370445608440265
71,107,x_R08_EXIT_STAIRWELL,x_R12_EXIT_STAIRWELL,0.0006551507207502458
71,108,x_R08_EXIT_STAIRWELL,x_R13_EXIT_A,0.0008435065529659411
71,109,x_R08_EXIT_STAIRWELL,x_R13_EXIT_B,0.0005159311925908185
71,110,x_R08_EXIT_STAIRWELL,x_R13_EXIT_C,0.0005159311925908185
71,111,x_R08_EXIT_STAIRWELL,x_R13_EXIT_D,0.0005159311925908185
71,112,x_R08_EXIT_STAIRWELL,x_R13_EXIT_E,0.0013184908255098695
71,113,x_R08_EXIT_STAIRWELL,x_R13_EXIT_F,0.0013184908255098695
71,114,x_R08_EXIT_STAIRWELL,x_R13_EXIT_G,0.0011710819133410643
71,115,x_R08_EXIT_STAIRWELL,x_R13_EXIT_H,0.0001474089121688053
71,116,x_R08_EXIT_STAIRWELL,x_R13_EXIT_STAIRWELL,0.0017525281780069073
71,117,x_R08_EXIT_STAIRWELL,x_R14_EXIT_A,0.0008435065529659411
71,118,x_R08_EXIT_STAIRWELL,x_R14_EXIT_B,0.0005159311925908185
71,119,x_R08_EXIT_STAIRWELL,x_R14_EXIT_C,0.0005159311925908185
71,120,x_R08_EXIT_STAIRWELL,x_R14_EXIT_D,0.0005159311925908185
71,121,x_R08_EXIT_STAIRWELL,x_R14_EXIT_E,0.0013184908255098695
71,122,x_R08_EXIT_STAIRWELL,x_R14_EXIT_F,0.0013184908255098695
71,123,x_R08_EXIT_STAIRWELL,x_R14_EXIT_G,0.0011710819133410643
71,124,x_R08_EXIT_STAIRWELL,x_R14_EXIT_H,0.0001474089121688053
71,125,x_R08_EXIT_STAIRWELL,x_R14_EXIT_STAIRWELL,0.0017525281780069073
71,132,x_R08_EXIT_STAIRWELL,x_R15_EXIT_G,0.00014331422016411623
71,133,x_R08_EXIT_STAIRWELL,x_R15_EXIT_H,0.0001842611402110066
71,134,x_R08_EXIT_STAIRWELL,x_R15_EXIT_STAIRWELL,0.00016378768018756145
71,141,x_R08_EXIT_STAIRWELL,x_R16_EXIT_G,0.00028662844032823246
71,142,x_R08_EXIT_STAIRWELL,x_R16_EXIT_H,0.0003685222804220132
71,143,x_R08_EXIT_STAIRWELL,x_R16_EXIT_STAIRWELL,0.0003275753603751229
71,153,x_R08_EXIT_STAIRWELL,x_R24_EXIT_A,0.0007370445608440265
71,159,x_R08_EXIT_STAIRWELL,x_R24_EXIT_G,0.00021292398424382984
71,160,x_R08_EXIT_STAIRWELL,x_R24_EXIT_H,0.0014740891216880527
71,161,x_R08_EXIT_STAIRWELL,x_R24_EXIT_STAIRWELL,0.0006551507207502458
71,168,x_R08_EXIT_STAIRWELL,x_R25_EXIT_G,0.00028662844032823246
71,169,x_R08_EXIT_STAIRWELL,x_R25_EXIT_H,0.0003685222804220132
71,170,x_R08_EXIT_STAIRWELL,x_R25_EXIT_STAIRWELL,0.0003275753603751229
71,171,x_R08_EXIT_STAIRWELL,x_R28_EXIT_A,0.0006551507207502458
71,172,x_R08_EXIT_STAIRWELL,x_R28_EXIT_B,0.00028662844032823246
71,173,x_R08_EXIT_STAIRWELL,x_R28_EXIT_C,0.00028662844032823246
71,174,x_R08_EXIT_STAIRWELL,x_R28_EXIT_D,0.00028662844032823246
71,175,x_R08_EXIT_STAIRWELL,x_R28_EXIT_E,0.0001474089121688053
71,176,x_R08_EXIT_STAIRWELL,x_R28_EXIT_F,0.0001474089121688053
71,178,x_R08_EXIT_STAIRWELL,x_R28_EXIT_H,0.0010236730011722588
71,179,x_R08_EXIT_STAIRWELL,x_R28_EXIT_STAIRWELL,0.0005814462646658431
71,180,x_R08_EXIT_STAIRWELL,x_R29_EXIT_A,0.0006551507207502458
71,181,x_R08_EXIT_STAIRWELL,x_R29_EXIT_B,0.00028662844032823246
71,182,x_R08_EXIT_STAIRWELL,x_R29_EXIT_C,0.00028662844032823246
71,183,x_R08_EXIT_STAIRWELL,x_R29_EXIT_D,0.00028662844032823246
71,184,x_R08_EXIT_STAIRWELL,x_R29_EXIT_E,0.0001474089121688053
71,185,x_R08_EXIT_STAIRWELL,x_R29_EXIT_F,0.0001474089121688053
71,187,x_R08_EXIT_STAIRWELL,x_R29_EXIT_H,0.0010236730011722588
71,188,x_R08_EXIT_STAIRWELL,x_R29_EXIT_STAIRWELL,0.0005814462646658431
71,189,x_R08_EXIT_STAIRWELL,x_R30_EXIT_A,0.0006551507207502458
71,190,x_R08_EXIT_STAIRWELL,x_R30_EXIT_B,0.00028662844032823246
71,191,x_R08_EXIT_STAIRWELL,x_R30_EXIT_C,0.00028662844032823246
71,192,x_R08_EXIT_STAIRWELL,x_R30_EXIT_D,0.00028662844032823246
71,193,x_R08_EXIT_STAIRWELL,x_R30_EXIT_E,0.0001474089121688053
71,194,x_R08_EXIT_STAIRWELL,x_R30_EXIT_F,0.0001474089121688053
71,196,x_R08_EXIT_STAIRWELL,x_R30_EXIT_H,0.0010236730011722588
71,197,x_R08_EXIT_STAIRWELL,x_R30_EXIT_STAIRWELL,0.0005814462646658431
71,198,x_R08_EXIT_STAIRWELL,x_R31_EXIT_A,0.0007288551768346484
71,199,x_R08_EXIT_STAIRWELL,x_R31_EXIT_B,0.0003603328964126351
71,200,x_R08_EXIT_STAIRWELL,x_R31_EXIT_C,0.00018016644820631757
71,201,x_R08_EXIT_STAIRWELL,x_R31_EXIT_D,0.00018016644820631757
71,205,x_R08_EXIT_STAIRWELL,x_R31_EXIT_H,0.0010973774572566614
71,206,x_R08_EXIT_STAIRWELL,x_R31_EXIT_STAIRWELL,0.0005077418085814404
71,207,x_R08_EXIT_STAIRWELL,x_R32_EXIT_A,0.000802559632919051
71,213,x_R08_EXIT_STAIRWELL,x_R32_EXIT_G,0.0001474089121688053
71,214,x_R08_EXIT_STAIRWELL,x_R32_EXIT_H,0.0011710819133410643
71,215,x_R08_EXIT_STAIRWELL,x_R32_EXIT_STAIRWELL,0.0003275753603751229
71,216,x_R08_EXIT_STAIRWELL,x_R33_EXIT_A,0.000802559632919051
71,222,x_R08_EXIT_STAIRWELL,x_R33_EXIT_G,0.0001474089121688053
71,223,x_R08_EXIT_STAIRWELL,x_R33_EXIT_H,0.0011710819133410643
71,224,x_R08_EXIT_STAIRWELL,x_R33_EXIT_STAIRWELL,0.0003275753603751229
71,225,x_R08_EXIT_STAIRWELL,x_R34_EXIT_A,0.000802559632919051
71,231,x_R08_EXIT_STAIRWELL,x_R34_EXIT_G,0.0001474089121688053
71,232,x_R08_EXIT_STAIRWELL,x_R34_EXIT_H,0.0011710819133410643
71,233,x_R08_EXIT_STAIRWELL,x_R34_EXIT_STAIRWELL,0.0003275753603751229
71,238,x_R08_EXIT_STAIRWELL,x_R35_EXIT_E,0.000802559632919051
71,239,x_R08_EXIT_STAIRWELL,x_R35_EXIT_F,0.000802559632919051
71,240,x_R08_EXIT_STAIRWELL,x_R35_EXIT_G,0.0006551507207502458
71,241,x_R08_EXIT_STAIRWELL,x_R35_EXIT_H,0.0009909154651347462
71,242,x_R08_EXIT_STAIRWELL,x_R35_EXIT_STAIRWELL,0.0012365969854160888
71,243,x_R08_EXIT_STAIRWELL,x_R36_EXIT_A,0.0007370445608440263
71,244,x_R08_EXIT_STAIRWELL,x_R36_EXIT_B,0.0007370445608440263
71,245,x_R08_EXIT_STAIRWELL,x_R36_EXIT_C,0.0005323099606095746
71,246,x_R08_EXIT_STAIRWELL,x_R36_EXIT_D,0.0005323099606095746
71,247,x_R08_EXIT_STAIRWELL,x_R36_EXIT_E,0.001637876801875614
71,248,x_R08_EXIT_STAIRWELL,x_R36_EXIT_F,0.001637876801875614
71,249,x_R08_EXIT_STAIRWELL,x_R36_EXIT_G,0.0009008322410315877
71,250,x_R08_EXIT_STAIRWELL,x_R36_EXIT_H,0.002579655962954092
71,251,x_R08_EXIT_STAIRWELL,x_R36_EXIT_STAIRWELL,0.0038080635643608024
72,72,x_R09_EXIT_A,x_R09_EXIT_A,-0.820404360850497
72,73,x_R09_EXIT_A,x_R09_EXIT_B,1.6762113878779485
72,74,x_R09_EXIT_A,x_R09_EXIT_C,1.6762113878779485
72,75,x_R09_EXIT_A,x_R09_EXIT_D,1.6743257822097892
72,76,x_R09_EXIT_A,x_R09_EXIT_E,1.6743257822097892
72,77,x_R09_EXIT_A,x_R09_EXIT_F,1.6743257822097892
72,78,x_R09_EXIT_A,x_R09_EXIT_G,1.6743257822097892
72,79,x_R09_EXIT_A,x_R09_EXIT_H,1.6743257822097892
72,80,x_R09_EXIT_A,x_R09_EXIT_STAIRWELL,1.6743257822097892
72,81,x_R09_EXIT_A,x_R10_EXIT_A,0.0003275753603751229
72,90,x_R09_EXIT_A,x_R11_EXIT_A,0.0003275753603751229
72,99,x_R09_EXIT_A,x_R12_EXIT_A,0.0006551507207502458
72,108,x_R09_EXIT_A,x_R13_EXIT_A,0.002213181028534424
72,117,x_R09_EXIT_A,x_R14_EXIT_A,0.002213181028534424
72,126,x_R09_EXIT_A,x_R15_EXIT_A,0.00016378768018756145
72,135,x_R09_EXIT_A,x_R16_EXIT_A,0.0003275753603751229
72,153,x_R09_EXIT_A,x_R24_EXIT_A,0.0006551507207502458
72,162,x_R09_EXIT_A,x_R25_EXIT_A,0.0003275753603751229
72,171,x_R09_EXIT_A,x_R28_EXIT_A,0.0003275753603751229
72,180,x_R09_EXIT_A,x_R29_EXIT_A,0.0003275753603751229
72,189,x_R09_EXIT_A,x_R30_EXIT_A,0.0003275753603751229
72,198,x_R09_EXIT_A,x_R31_EXIT_A,0.0003275753603751229
72,207,x_R09_EXIT_A,x_R32_EXIT_A,0.0003275753603751229
72,216,x_R09_EXIT_A,x_R33_EXIT_A,0.0003275753603751229
72,225,x_R09_EXIT_A,x_R34_EXIT_A,0.0003275753603751229
72,234,x_R09_EXIT_A,x_R35_EXIT_A,0.0009356371230714448
72,235,x_R09_EXIT_A,x_R35_EXIT_B,0.0006080617626963218
72,236,x_R09_EXIT_A,x_R35_EXIT_C,0.0006080617626963218
72,237,x_R09_EXIT_A,x_R35_EXIT_D,0.0006080617626963218
72,238,x_R09_EXIT_A,x_R35_EXIT_E,0.0006080617626963218
72,239,x_R09_EXIT_A,x_R35_EXIT_F,0.0006080617626963218
72,240,x_R09_EXIT_A,x_R35_EXIT_G,0.0006080617626963218
72,241,x_R09_EXIT_A,x_R35_EXIT_H,0.001277543905462979
72,242,x_R09_EXIT_A,x_R35_EXIT_STAIRWELL,0.0006080617626963218
72,243,x_R09_EXIT_A,x_R36_EXIT_A,0.0016378768018756142
73,73,x_R09_EXIT_B,x_R09_EXIT_B,-0.8125507518094001
73,74,x_R09_EXIT_B,x_R09_EXIT_C,1.6768747279827083
73,75,x_R09_EXIT_B,x_R09_EXIT_D,1.6743257822097892
73,76,x_R09_EXIT_B,x_R09_EXIT_E,1.6743257822097892
73,77,x_R09_EXIT_B,x_R09_EXIT_F,1.6743257822097892
73,78,x_R09_EXIT_B,x_R09_EXIT_G,1.6743257822097892
73,79,x_R09_EXIT_B,x_R09_EXIT_H,1.6743257822097892
73,80,x_R09_EXIT_B,x_R09_EXIT_STAIRWELL,1.6743257822097892
73,81,x_R09_EXIT_B,x_R10_EXIT_A,0.0006633401047596237
73,82,x_R09_EXIT_B,x_R10_EXIT_B,0.00032757536037512284
73,90,x_R09_EXIT_B,x_R11_EXIT_A,0.0006633401047596237
73,91,x_R09_EXIT_B,x_R11_EXIT_B,0.00032757536037512284
73,97,x_R09_EXIT_B,x_R11_EXIT_H,0.0002948178243376106
73,99,x_R09_EXIT_B,x_R12_EXIT_A,0.0007370445608440265
73,100,x_R09_EXIT_B,x_R12_EXIT_B,0.0006551507207502457
73,108,x_R09_EXIT_B,x_R13_EXIT_A,0.001885605668159301
73,109,x_R09_EXIT_B,x_R13_EXIT_B,0.0006223931847127334
73,110,x_R09_EXIT_B,x_R13_EXIT_C,0.0002948178243376106
73,117,x_R09_EXIT_B,x_R14_EXIT_A,0.001885605668159301
73,118,x_R09_EXIT_B,x_R14_EXIT_B,0.0006223931847127334
73,119,x_R09_EXIT_B,x_R14_EXIT_C,0.0002948178243376106
73,126,x_R09_EXIT_B,x_R15_EXIT_A,0.00033167005237981186
73,127,x_R09_EXIT_B,x_R15_EXIT_B,0.00016378768018756142
73,135,x_R09_EXIT_B,x_R16_EXIT_A,0.0006633401047596237
73,136,x_R09_EXIT_B,x_R16_EXIT_B,0.00032757536037512284
73,153,x_R09_EXIT_B,x_R24_EXIT_A,0.0007370445608440265
73,154,x_R09_EXIT_B,x_R24_EXIT_B,0.0006551507207502457
73,162,x_R09_EXIT_B,x_R25_EXIT_A,0.0006633401047596237
73,163,x_R09_EXIT_B,x_R25_EXIT_B,0.00032757536037512284
73,171,x_R09_EXIT_B,x_R28_EXIT_A,0.0003685222804220132
73,172,x_R09_EXIT_B,x_R28_EXIT_B,0.00032757536037512284
73,180,x_R09_EXIT_B,x_R29_EXIT_A,0.0003685222804220132
73,181,x_R09_EXIT_B,x_R29_EXIT_B,0.00032757536037512284
73,189,x_R09_EXIT_B,x_R30_EXIT_A,0.0003685222804220132
73,190,x_R09_EXIT_B,x_R30_EXIT_B,0.00032757536037512284
73,198,x_R09_EXIT_B,x_R31_EXIT_A,0.0003685222804220132
73,199,x_R09_EXIT_B,x_R31_EXIT_B,0.00032757536037512284
73,207,x_R09_EXIT_B,x_R32_EXIT_A,0.0003685222804220132
73,208,x_R09_EXIT_B,x_R32_EXIT_B,0.00032757536037512284
73,216,x_R09_EXIT_B,x_R33_EXIT_A,0.0003685222804220132
73,217,x_R09_EXIT_B,x_R33_EXIT_B,0.00032757536037512284
73,225,x_R09_EXIT_B,x_R34_EXIT_A,0.0003685222804220132
73,226,x_R09_EXIT_B,x_R34_EXIT_B,0.00032757536037512284
73,234,x_R09_EXIT_B,x_R35_EXIT_A,0.0006080617626963218
73,235,x_R09_EXIT_B,x_R35_EXIT_B,0.0015989772278310682
73,236,x_R09_EXIT_B,x_R35_EXIT_C,0.0012714018674559453
73,237,x_R09_EXIT_B,x_R35_EXIT_D,0.000976584043118335
73,238,x_R09_EXIT_B,x_R35_EXIT_E,0.000976584043118335
73,239,x_R09_EXIT_B,x_R35_EXIT_F,0.000976584043118335
73,240,x_R09_EXIT_B,x_R35_EXIT_G,0.000976584043118335
73,241,x_R09_EXIT_B,x_R35_EXIT_H,0.001277543905462979
73,242,x_R09_EXIT_B,x_R35_EXIT_STAIRWELL,0.000976584043118335
73,243,x_R09_EXIT_B,x_R36_EXIT_A,0.0018426114021100658
73,244,x_R09_EXIT_B,x_R36_EXIT_B,0.0031119659235636665
74,74,x_R09_EXIT_C,x_R09_EXIT_C,-0.8046971427683032
74,75,x_R09_EXIT_C,x_R09_EXIT_D,1.6743257822097892
74,76,x_R09_EXIT_C,x_R09_EXIT_E,1.6743257822097892
74,77,x_R09_EXIT_C,x_R09_EXIT_F,1.6743257822097892
74,78,x_R09_EXIT_C,x_R09_EXIT_G,1.6743257822097892
74,79,x_R09_EXIT_C,x_R09_EXIT_H,1.6743257822097892
74,80,x_R09_EXIT_C,x_R09_EXIT_STAIRWELL,1.6743257822097892
74,81,x_R09_EXIT_C,x_R10_EXIT_A,0.0013266802095192477
74,82,x_R09_EXIT_C,x_R10_EXIT_B,0.0006633401047596237
74,83,x_R09_EXIT_C,x_R10_EXIT_C,0.00032757536037512284
74,90,x_R09_EXIT_C,x_R11_EXIT_A,0.0013266802095192477
74,91,x_R09_EXIT_C,x_R11_EXIT_B,0.0006633401047596237
74,92,x_R09_EXIT_C,x_R11_EXIT_C,0.00032757536037512284
74,97,x_R09_EXIT_C,x_R11_EXIT_H,0.0009581579290972342
74,99,x_R09_EXIT_C,x_R12_EXIT_A,0.0007370445608440265
74,101,x_R09_EXIT_C,x_R12_EXIT_C,0.0006551507207502457
74,108,x_R09_EXIT_C,x_R13_EXIT_A,0.001885605668159301
74,109,x_R09_EXIT_C,x_R13_EXIT_B,0.0002948178243376106
74,110,x_R09_EXIT_C,x_R13_EXIT_C,0.0012857332894723572
74,117,x_R09_EXIT_C,x_R14_EXIT_A,0.001885605668159301
74,118,x_R09_EXIT_C,x_R14_EXIT_B,0.0002948178243376106
74,119,x_R09_EXIT_C,x_R14_EXIT_C,0.0012857332894723572
74,126,x_R09_EXIT_C,x_R15_EXIT_A,0.0006633401047596238
74,127,x_R09_EXIT_C,x_R15_EXIT_B,0.00033167005237981186
74,128,x_R09_EXIT_C,x_R15_EXIT_C,0.00016378768018756142
74,135,x_R09_EXIT_C,x_R16_EXIT_A,0.0013266802095192477
74,136,x_R09_EXIT_C,x_R16_EXIT_B,0.0006633401047596237
74,137,x_R09_EXIT_C,x_R16_EXIT_C,0.00032757536037512284
74,153,x_R09_EXIT_C,x_R24_EXIT_A,0.0007370445608440265
74,155,x_R09_EXIT_C,x_R24_EXIT_C,0.0006551507207502457
74,162,x_R09_EXIT_C,x_R25_EXIT_A,0.0013266802095192477
74,163,x_R09_EXIT_C,x_R25_EXIT_B,0.0006633401047596237
74,164,x_R09_EXIT_C,x_R25_EXIT_C,0.00032757536037512284
74,171,x_R09_EXIT_C,x_R28_EXIT_A,0.0003685222804220132
74,173,x_R09_EXIT_C,x_R28_EXIT_C,0.00032757536037512284
74,180,x_R09_EXIT_C,x_R29_EXIT_A,0.0003685222804220132
74,182,x_R09_EXIT_C,x_R29_EXIT_C,0.00032757536037512284
74,189,x_R09_EXIT_C,x_R30_EXIT_A,0.0003685222804220132
74,191,x_R09_EXIT_C,x_R30_EXIT_C,0.00032757536037512284
74,198,x_R09_EXIT_C,x_R31_EXIT_A,0.0003685222804220132
74,200,x_R09_EXIT_C,x_R31_EXIT_C,0.00032757536037512284
74,207,x_R09_EXIT_C,x_R32_EXIT_A,0.0003685222804220132
74,209,x_R09_EXIT_C,x_R32_EXIT_C,0.00032757536037512284
74,216,x_R09_EXIT_C,x_R33_EXIT_A,0.0003685222804220132
74,218,x_R09_EXIT_C,x_R33_EXIT_C,0.00032757536037512284
74,225,x_R09_EXIT_C,x_R34_EXIT_A,0.0003685222804220132
74,227,x_R09_EXIT_C,x_R34_EXIT_C,0.00032757536037512284
74,234,x_R09_EXIT_C,x_R35_EXIT_A,0.0006080617626963218
74,235,x_R09_EXIT_C,x_R35_EXIT_B,0.0012714018674559453
74,236,x_R09_EXIT_C,x_R35_EXIT_C,0.002262317332590692
74,237,x_R09_EXIT_C,x_R35_EXIT_D,0.000976584043118335
74,238,x_R09_EXIT_C,x_R35_EXIT_E,0.000976584043118335
74,239,x_R09_EXIT_C,x_R35_EXIT_F,0.000976584043118335
74,240,x_R09_EXIT_C,x_R35_EXIT_G,0.000976584043118335
74,241,x_R09_EXIT_C,x_R35_EXIT_H,0.001277543905462979
74,242,x_R09_EXIT_C,x_R35_EXIT_STAIRWELL,0.000976584043118335
74,243,x_R09_EXIT_C,x_R36_EXIT_A,0.0018426114021100658
74,244,x_R09_EXIT_C,x_R36_EXIT_B,0.0014740891216880527
74,245,x_R09_EXIT_C,x_R36_EXIT_C,0.001637876801875614
75,75,x_R09_EXIT_D,x_R09_EXIT_D,-0.8023669252012668
75,76,x_R09_EXIT_D,x_R09_EXIT_E,1.6750628267706333
75,77,x_R09_EXIT_D,x_R09_EXIT_F,1.6750628267706333
75,78,x_R09_EXIT_D,x_R09_EXIT_G,1.6750628267706333
75,79,x_R09_EXIT_D,x_R09_EXIT_H,1.6746943044902114
75,80,x_R09_EXIT_D,x_R09_EXIT_STAIRWELL,1.6750628267706333
75,84,x_R09_EXIT_D,x_R10_EXIT_D,0.0003275753603751229
75,85,x_R09_EXIT_D,x_R10_EXIT_E,0.0002948178243376106
75,86,x_R09_EXIT_D,x_R10_EXIT_F,0.0002948178243376106
75,87,x_R09_EXIT_D,x_R10_EXIT_G,0.0002948178243376106
75,88,x_R09_EXIT_D,x_R10_EXIT_H,0.002489572738850934
75,89,x_R09_EXIT_D,x_R10_EXIT_STAIRWELL,0.0002948178243376106
75,93,x_R09_EXIT_D,x_R11_EXIT_D,0.0003275753603751229
75,96,x_R09_EXIT_D,x_R11_EXIT_G,0.0008762640890034537
75,97,x_R09_EXIT_D,x_R11_EXIT_H,0.0004422267365064159
75,102,x_R09_EXIT_D,x_R12_EXIT_D,0.0030792083875261548
75,106,x_R09_EXIT_D,x_R12_EXIT_H,0.002063724770363274
75,108,x_R09_EXIT_D,x_R13_EXIT_A,0.00022111336825320795
75,109,x_R09_EXIT_D,x_R13_EXIT_B,0.0005896356486752212
75,110,x_R09_EXIT_D,x_R13_EXIT_C,0.0005896356486752212
75,111,x_R09_EXIT_D,x_R13_EXIT_D,0.0029645570113948617
75,112,x_R09_EXIT_D,x_R13_EXIT_E,0.0005159311925908185
75,113,x_R09_EXIT_D,x_R13_EXIT_F,0.0005159311925908185
75,114,x_R09_EXIT_D,x_R13_EXIT_G,0.0005159311925908185
75,115,x_R09_EXIT_D,x_R13_EXIT_H,0.0001474089121688053
75,116,x_R09_EXIT_D,x_R13_EXIT_STAIRWELL,0.0005159311925908185
75,117,x_R09_EXIT_D,x_R14_EXIT_A,0.00022111336825320795
75,118,x_R09_EXIT_D,x_R14_EXIT_B,0.0005896356486752212
75,119,x_R09_EXIT_D,x_R14_EXIT_C,0.0005896356486752212
75,120,x_R09_EXIT_D,x_R14_EXIT_D,0.0029645570113948617
75,121,x_R09_EXIT_D,x_R14_EXIT_E,0.0005159311925908185
75,122,x_R09_EXIT_D,x_R14_EXIT_F,0.0005159311925908185
75,123,x_R09_EXIT_D,x_R14_EXIT_G,0.0005159311925908185
75,124,x_R09_EXIT_D,x_R14_EXIT_H,0.0001474089121688053
75,125,x_R09_EXIT_D,x_R14_EXIT_STAIRWELL,0.0005159311925908185
75,129,x_R09_EXIT_D,x_R15_EXIT_D,0.00016378768018756145
75,130,x_R09_EXIT_D,x_R15_EXIT_E,0.0001474089121688053
75,131,x_R09_EXIT_D,x_R15_EXIT_F,0.0001474089121688053
75,132,x_R09_EXIT_D,x_R15_EXIT_G,0.0001474089121688053
75,133,x_R09_EXIT_D,x_R15_EXIT_H,0.001244786369425467
75,134,x_R09_EXIT_D,x_R15_EXIT_STAIRWELL,0.0001474089121688053
75,138,x_R09_EXIT_D,x_R16_EXIT_D,0.0003275753603751229
75,139,x_R09_EXIT_D,x_R16_EXIT_E,0.0002948178243376106
75,140,x_R09_EXIT_D,x_R16_EXIT_F,0.0002948178243376106
75,141,x_R09_EXIT_D,x_R16_EXIT_G,0.0002948178243376106
75,142,x_R09_EXIT_D,x_R16_EXIT_H,0.002489572738850934
75,143,x_R09_EXIT_D,x_R16_EXIT_STAIRWELL,0.0002948178243376106
75,153,x_R09_EXIT_D,x_R24_EXIT_A,0.0001474089121688053
75,155,x_R09_EXIT_D,x_R24_EXIT_C,0.0001474089121688053
75,156,x_R09_EXIT_D,x_R24_EXIT_D,0.001244786369425467
75,160,x_R09_EXIT_D,x_R24_EXIT_H,0.0007370445608440265
75,162,x_R09_EXIT_D,x_R25_EXIT_A,0.0005896356486752212
75,163,x_R09_EXIT_D,x_R25_EXIT_B,0.0005896356486752212
75,164,x_R09_EXIT_D,x_R25_EXIT_C,0.0005896356486752212
75,165,x_R09_EXIT_D,x_R25_EXIT_D,0.00010646199212191493
75,166,x_R09_EXIT_D,x_R25_EXIT_E,0.0005159311925908185
75,167,x_R09_EXIT_D,x_R25_EXIT_F,0.0005159311925908185
75,168,x_R09_EXIT_D,x_R25_EXIT_G,0.0005159311925908185
75,169,x_R09_EXIT_D,x_R25_EXIT_H,0.002710686107104142
75,170,x_R09_EXIT_D,x_R25_EXIT_STAIRWELL,0.0005159311925908185
75,174,x_R09_EXIT_D,x_R28_EXIT_D,0.0006223931847127334
75,178,x_R09_EXIT_D,x_R28_EXIT_H,0.0003685222804220132
75,183,x_R09_EXIT_D,x_R29_EXIT_D,0.0006223931847127334
75,187,x_R09_EXIT_D,x_R29_EXIT_H,0.0003685222804220132
75,192,x_R09_EXIT_D,x_R30_EXIT_D,0.0006223931847127334
75,196,x_R09_EXIT_D,x_R30_EXIT_H,0.0003685222804220132
75,201,x_R09_EXIT_D,x_R31_EXIT_D,0.0006223931847127334
75,205,x_R09_EXIT_D,x_R31_EXIT_H,0.0003685222804220132
75,210,x_R09_EXIT_D,x_R32_EXIT_D,0.0006223931847127334
75,214,x_R09_EXIT_D,x_R32_EXIT_H,0.0003685222804220132
75,219,x_R09_EXIT_D,x_R33_EXIT_D,0.0006223931847127334
75,223,x_R09_EXIT_D,x_R33_EXIT_H,0.0003685222804220132
75,228,x_R09_EXIT_D,x_R34_EXIT_D,0.0006223931847127334
75,232,x_R09_EXIT_D,x_R34_EXIT_H,0.0003685222804220132
75,237,x_R09_EXIT_D,x_R35_EXIT_D,0.002374921362719641
75,241,x_R09_EXIT_D,x_R35_EXIT_H,0.0003685222804220132
75,243,x_R09_EXIT_D,x_R36_EXIT_A,0.00036852228042201317
75,244,x_R09_EXIT_D,x_R36_EXIT_B,0.00036852228042201317
75,246,x_R09_EXIT_D,x_R36_EXIT_D,0.0031119659235636665
75,250,x_R09_EXIT_D,x_R36_EXIT_H,0.0018426114021100658
76,76,x_R09_EXIT_E,x_R09_EXIT_E,-0.7980406612953663
76,77,x_R09_EXIT_E,x_R09_EXIT_F,1.6760127953157211
76,78,x_R09_EXIT_E,x_R09_EXIT_G,1.6757179774913835
76,79,x_R09_EXIT_E,x_R09_EXIT_H,1.6746943044902114
76,80,x_R09_EXIT_E,x_R09_EXIT_STAIRWELL,1.6758653864035524
76,85,x_R09_EXIT_E,x_R10_EXIT_E,0.0015723617298005895
76,87,x_R09_EXIT_E,x_R10_EXIT_G,0.00028662844032823246
76,88,x_R09_EXIT_E,x_R10_EXIT_H,0.0003685222804220132
76,94,x_R09_EXIT_E,x_R11_EXIT_E,0.0015723617298005895
76,96,x_R09_EXIT_E,x_R11_EXIT_G,0.00028662844032823246
76,97,x_R09_EXIT_E,x_R11_EXIT_H,0.0003685222804220132
76,103,x_R09_EXIT_E,x_R12_EXIT_E,0.003144723459601179
76,105,x_R09_EXIT_E,x_R12_EXIT_G,0.0005732568806564649
76,106,x_R09_EXIT_E,x_R12_EXIT_H,0.0007370445608440265
76,108,x_R09_EXIT_E,x_R13_EXIT_A,0.00022111336825320795
76,109,x_R09_EXIT_E,x_R13_EXIT_B,0.0005159311925908185
76,110,x_R09_EXIT_E,x_R13_EXIT_C,0.0005159311925908185
76,111,x_R09_EXIT_E,x_R13_EXIT_D,0.0005159311925908185
76,112,x_R09_EXIT_E,x_R13_EXIT_E,0.0032593748357324726
76,113,x_R09_EXIT_E,x_R13_EXIT_F,0.0014658997376786745
76,114,x_R09_EXIT_E,x_R13_EXIT_G,0.0011710819133410643
76,115,x_R09_EXIT_E,x_R13_EXIT_H,0.0001474089121688053
76,116,x_R09_EXIT_E,x_R13_EXIT_STAIRWELL,0.0013184908255098695
76,117,x_R09_EXIT_E,x_R14_EXIT_A,0.00022111336825320795
76,118,x_R09_EXIT_E,x_R14_EXIT_B,0.0005159311925908185
76,119,x_R09_EXIT_E,x_R14_EXIT_C,0.0005159311925908185
76,120,x_R09_EXIT_E,x_R14_EXIT_D,0.0005159311925908185
76,121,x_R09_EXIT_E,x_R14_EXIT_E,0.0032593748357324726
76,122,x_R09_EXIT_E,x_R14_EXIT_F,0.0014658997376786745
76,123,x_R09_EXIT_E,x_R14_EXIT_G,0.0011710819133410643
76,124,x_R09_EXIT_E,x_R14_EXIT_H,0.0001474089121688053
76,125,x_R09_EXIT_E,x_R14_EXIT_STAIRWELL,0.0013184908255098695
76,130,x_R09_EXIT_E,x_R15_EXIT_E,0.0007861808649002948
76,132,x_R09_EXIT_E,x_R15_EXIT_G,0.00014331422016411623
76,133,x_R09_EXIT_E,x_R15_EXIT_H,0.0001842611402110066
76,139,x_R09_EXIT_E,x_R16_EXIT_E,0.0015723617298005895
76,141,x_R09_EXIT_E,x_R16_EXIT_G,0.00028662844032823246
76,142,x_R09_EXIT_E,x_R16_EXIT_H,0.0003685222804220132
76,153,x_R09_EXIT_E,x_R24_EXIT_A,0.0007370445608440265
76,157,x_R09_EXIT_E,x_R24_EXIT_E,0.003144723459601179
76,159,x_R09_EXIT_E,x_R24_EXIT_G,0.0001474089121688053
76,160,x_R09_EXIT_E,x_R24_EXIT_H,0.0014740891216880527
76,166,x_R09_EXIT_E,x_R25_EXIT_E,0.0015723617298005895
76,168,x_R09_EXIT_E,x_R25_EXIT_G,0.00028662844032823246
76,169,x_R09_EXIT_E,x_R25_EXIT_H,0.0003685222804220132
76,171,x_R09_EXIT_E,x_R28_EXIT_A,0.0006551507207502458
76,172,x_R09_EXIT_E,x_R28_EXIT_B,0.00028662844032823246
76,173,x_R09_EXIT_E,x_R28_EXIT_C,0.00028662844032823246
76,174,x_R09_EXIT_E,x_R28_EXIT_D,0.00028662844032823246
76,175,x_R09_EXIT_E,x_R28_EXIT_E,0.0020882929223914083
76,176,x_R09_EXIT_E,x_R28_EXIT_F,0.0002948178243376106
76,178,x_R09_EXIT_E,x_R28_EXIT_H,0.0010236730011722588
76,179,x_R09_EXIT_E,x_R28_EXIT_STAIRWELL,0.0001474089121688053
76,180,x_R09_EXIT_E,x_R29_EXIT_A,0.0006551507207502458
76,181,x_R09_EXIT_E,x_R29_EXIT_B,0.00028662844032823246
76,182,x_R09_EXIT_E,x_R29_EXIT_C,0.00028662844032823246
76,183,x_R09_EXIT_E,x_R29_EXIT_D,0.00028662844032823246
76,184,x_R09_EXIT_E,x_R29_EXIT_E,0.0020882929223914083
76,185,x_R09_EXIT_E,x_R29_EXIT_F,0.0002948178243376106
76,187,x_R09_EXIT_E,x_R29_EXIT_H,0.0010236730011722588
76,188,x_R09_EXIT_E,x_R29_EXIT_STAIRWELL,0.0001474089121688053
76,189,x_R09_EXIT_E,x_R30_EXIT_A,0.0006551507207502458
76,190,x_R09_EXIT_E,x_R30_EXIT_B,0.00028662844032823246
76,191,x_R09_EXIT_E,x_R30_EXIT_C,0.00028662844032823246
76,192,x_R09_EXIT_E,x_R30_EXIT_D,0.00028662844032823246
76,193,x_R09_EXIT_E,x_R30_EXIT_E,0.0020882929223914083
76,194,x_R09_EXIT_E,x_R30_EXIT_F,0.0002948178243376106
76,196,x_R09_EXIT_E,x_R30_EXIT_H,0.0010236730011722588
76,197,x_R09_EXIT_E,x_R30_EXIT_STAIRWELL,0.0001474089121688053
76,198,x_R09_EXIT_E,x_R31_EXIT_A,0.0007288551768346484
76,199,x_R09_EXIT_E,x_R31_EXIT_B,0.0003603328964126351
76,202,x_R09_EXIT_E,x_R31_EXIT_E,0.0020145884663070055
76,205,x_R09_EXIT_E,x_R31_EXIT_H,0.0010973774572566614
76,207,x_R09_EXIT_E,x_R32_EXIT_A,0.0009499685450878562
76,208,x_R09_EXIT_E,x_R32_EXIT_B,0.0001474089121688053
76,211,x_R09_EXIT_E,x_R32_EXIT_E,0.0015723617298005895
76,213,x_R09_EXIT_E,x_R32_EXIT_G,0.0002948178243376106
76,214,x_R09_EXIT_E,x_R32_EXIT_H,0.0013184908255098693
76,216,x_R09_EXIT_E,x_R33_EXIT_A,0.001981830930269493
76,217,x_R09_EXIT_E,x_R33_EXIT_B,0.0009581579290972342
76,218,x_R09_EXIT_E,x_R33_EXIT_C,0.0008844534730128318
76,219,x_R09_EXIT_E,x_R33_EXIT_D,0.0008844534730128318
76,220,x_R09_EXIT_E,x_R33_EXIT_E,0.0006960976407971362
76,221,x_R09_EXIT_E,x_R33_EXIT_F,0.001031862385181637
76,222,x_R09_EXIT_E,x_R33_EXIT_G,0.0013266802095192477
76,223,x_R09_EXIT_E,x_R33_EXIT_H,0.0023503532106915062
76,224,x_R09_EXIT_E,x_R33_EXIT_STAIRWELL,0.0011055668412660396
76,225,x_R09_EXIT_E,x_R34_EXIT_A,0.0013921952815942721
76,226,x_R09_EXIT_E,x_R34_EXIT_B,0.0003685222804220132
76,227,x_R09_EXIT_E,x_R34_EXIT_C,0.0002948178243376106
76,228,x_R09_EXIT_E,x_R34_EXIT_D,0.0002948178243376106
76,229,x_R09_EXIT_E,x_R34_EXIT_E,0.00010646199212191492
76,230,x_R09_EXIT_E,x_R34_EXIT_F,0.0004422267365064159
76,231,x_R09_EXIT_E,x_R34_EXIT_G,0.0007370445608440266
76,232,x_R09_EXIT_E,x_R34_EXIT_H,0.0017607175620162853
76,233,x_R09_EXIT_E,x_R34_EXIT_STAIRWELL,0.0005159311925908185
76,238,x_R09_EXIT_E,x_R35_EXIT_E,0.0027434436431416536
76,239,x_R09_EXIT_E,x_R35_EXIT_F,0.0009499685450878562
76,240,x_R09_EXIT_E,x_R35_EXIT_G,0.0006551507207502458
76,241,x_R09_EXIT_E,x_R35_EXIT_H,0.0003685222804220132
76,242,x_R09_EXIT_E,x_R35_EXIT_STAIRWELL,0.000802559632919051
76,243,x_R09_EXIT_E,x_R36_EXIT_A,0.0007370445608440263
76,244,x_R09_EXIT_E,x_R36_EXIT_B,0.0007370445608440263
76,245,x_R09_EXIT_E,x_R36_EXIT_C,0.0005323099606095746
76,246,x_R09_EXIT_E,x_R36_EXIT_D,0.0005323099606095746
76,247,x_R09_EXIT_E,x_R36_EXIT_E,0.011342296852988626
76,248,x_R09_EXIT_E,x_R36_EXIT_F,0.0023749213627196402
76,249,x_R09_EXIT_E,x_R36_EXIT_G,0.0009008322410315877
76,250,x_R09_EXIT_E,x_R36_EXIT_H,0.002579655962954092
76,251,x_R09_EXIT_E,x_R36_EXIT_STAIRWELL,0.001637876801875614
77,77,x_R09_EXIT_F,x_R09_EXIT_F,-0.8058776646535496
77,78,x_R09_EXIT_F,x_R09_EXIT_G,1.6757179774913835
77,79,x_R09_EXIT_F,x_R09_EXIT_H,1.6746943044902114
77,80,x_R09_EXIT_F,x_R09_EXIT_STAIRWELL,1.6758653864035524
77,86,x_R09_EXIT_F,x_R10_EXIT_F,0.0003275753603751229
77,87,x_R09_EXIT_F,x_R10_EXIT_G,0.00028662844032823246
77,88,x_R09_EXIT_F,x_R10_EXIT_H,0.0003685222804220132
77,95,x_R09_EXIT_F,x_R11_EXIT_F,0.0003275753603751229
77,96,x_R09_EXIT_F,x_R11_EXIT_G,0.00028662844032823246
77,97,x_R09_EXIT_F,x_R11_EXIT_H,0.0003685222804220132
77,104,x_R09_EXIT_F,x_R12_EXIT_F,0.0006551507207502458
77,105,x_R09_EXIT_F,x_R12_EXIT_G,0.0005732568806564649
77,106,x_R09_EXIT_F,x_R12_EXIT_H,0.0007370445608440265
77,108,x_R09_EXIT_F,x_R13_EXIT_A,0.00022111336825320795
77,109,x_R09_EXIT_F,x_R13_EXIT_B,0.0005159311925908185
77,110,x_R09_EXIT_F,x_R13_EXIT_C,0.0005159311925908185
77,111,x_R09_EXIT_F,x_R13_EXIT_D,0.0005159311925908185
77,112,x_R09_EXIT_F,x_R13_EXIT_E,0.0014658997376786745
77,113,x_R09_EXIT_F,x_R13_EXIT_F,0.0017934750980537974
77,114,x_R09_EXIT_F,x_R13_EXIT_G,0.0011710819133410643
77,115,x_R09_EXIT_F,x_R13_EXIT_H,0.0001474089121688053
77,116,x_R09_EXIT_F,x_R13_EXIT_STAIRWELL,0.0013184908255098695
77,117,x_R09_EXIT_F,x_R14_EXIT_A,0.00022111336825320795
77,118,x_R09_EXIT_F,x_R14_EXIT_B,0.0005159311925908185
77,119,x_R09_EXIT_F,x_R14_EXIT_C,0.0005159311925908185
77,120,x_R09_EXIT_F,x_R14_EXIT_D,0.0005159311925908185
77,121,x_R09_EXIT_F,x_R14_EXIT_E,0.0014658997376786745
77,122,x_R09_EXIT_F,x_R14_EXIT_F,0.0017934750980537974
77,123,x_R09_EXIT_F,x_R14_EXIT_G,0.0011710819133410643
77,124,x_R09_EXIT_F,x_R14_EXIT_H,0.0001474089121688053
77,125,x_R09_EXIT_F,x_R14_EXIT_STAIRWELL,0.0013184908255098695
77,131,x_R09_EXIT_F,x_R15_EXIT_F,0.00016378768018756145
77,132,x_R09_EXIT_F,x_R15_EXIT_G,0.00014331422016411623
77,133,x_R09_EXIT_F,x_R15_EXIT_H,0.0001842611402110066
77,140,x_R09_EXIT_F,x_R16_EXIT_F,0.0003275753603751229
77,141,x_R09_EXIT_F,x_R16_EXIT_G,0.00028662844032823246
77,142,x_R09_EXIT_F,x_R16_EXIT_H,0.0003685222804220132
77,153,x_R09_EXIT_F,x_R24_EXIT_A,0.0007370445608440265
77,158,x_R09_EXIT_F,x_R24_EXIT_F,0.0006551507207502458
77,159,x_R09_EXIT_F,x_R24_EXIT_G,0.0001474089121688053
77,160,x_R09_EXIT_F,x_R24_EXIT_H,0.0014740891216880527
77,167,x_R09_EXIT_F,x_R25_EXIT_F,0.0003275753603751229
77,168,x_R09_EXIT_F,x_R25_EXIT_G,0.00028662844032823246
77,169,x_R09_EXIT_F,x_R25_EXIT_H,0.0003685222804220132
77,171,x_R09_EXIT_F,x_R28_EXIT_A,0.0006551507207502458
77,172,x_R09_EXIT_F,x_R28_EXIT_B,0.00028662844032823246
77,173,x_R09_EXIT_F,x_R28_EXIT_C,0.00028662844032823246
77,174,x_R09_EXIT_F,x_R28_EXIT_D,0.00028662844032823246
77,175,x_R09_EXIT_F,x_R28_EXIT_E,0.0002948178243376106
77,176,x_R09_EXIT_F,x_R28_EXIT_F,0.0006223931847127334
77,178,x_R09_EXIT_F,x_R28_EXIT_H,0.0010236730011722588
77,179,x_R09_EXIT_F,x_R28_EXIT_STAIRWELL,0.0001474089121688053
77,180,x_R09_EXIT_F,x_R29_EXIT_A,0.0006551507207502458
77,181,x_R09_EXIT_F,x_R29_EXIT_B,0.00028662844032823246
77,182,x_R09_EXIT_F,x_R29_EXIT_C,0.00028662844032823246
77,183,x_R09_EXIT_F,x_R29_EXIT_D,0.00028662844032823246
77,184,x_R09_EXIT_F,x_R29_EXIT_E,0.0002948178243376106
77,185,x_R09_EXIT_F,x_R29_EXIT_F,0.0006223931847127334
77,187,x_R09_EXIT_F,x_R29_EXIT_H,0.0010236730011722588
77,188,x_R09_EXIT_F,x_R29_EXIT_STAIRWELL,0.0001474089121688053
77,189,x_R09_EXIT_F,x_R30_EXIT_A,0.0006551507207502458
77,190,x_R09_EXIT_F,x_R30_EXIT_B,0.00028662844032823246
77,191,x_R09_EXIT_F,x_R30_EXIT_C,0.00028662844032823246
77,192,x_R09_EXIT_F,x_R30_EXIT_D,0.00028662844032823246
77,193,x_R09_EXIT_F,x_R30_EXIT_E,0.0002948178243376106
77,194,x_R09_EXIT_F,x_R30_EXIT_F,0.0006223931847127334
77,196,x_R09_EXIT_F,x_R30_EXIT_H,0.0010236730011722588
77,197,x_R09_EXIT_F,x_R30_EXIT_STAIRWELL,0.0001474089121688053
77,198,x_R09_EXIT_F,x_R31_EXIT_A,0.0007288551768346484
77,199,x_R09_EXIT_F,x_R31_EXIT_B,0.0003603328964126351
77,202,x_R09_EXIT_F,x_R31_EXIT_E,0.00022111336825320795
77,203,x_R09_EXIT_F,x_R31_EXIT_F,0.00010646199212191492
77,205,x_R09_EXIT_F,x_R31_EXIT_H,0.0010973774572566614
77,207,x_R09_EXIT_F,x_R32_EXIT_A,0.001171081913341064
77,212,x_R09_EXIT_F,x_R32_EXIT_F,0.00010646199212191492
77,213,x_R09_EXIT_F,x_R32_EXIT_G,0.0005159311925908185
77,214,x_R09_EXIT_F,x_R32_EXIT_H,0.0015396041937630772
77,215,x_R09_EXIT_F,x_R32_EXIT_STAIRWELL,0.0002948178243376106
77,216,x_R09_EXIT_F,x_R33_EXIT_A,0.0009499685450878562
77,221,x_R09_EXIT_F,x_R33_EXIT_F,0.0003275753603751229
77,222,x_R09_EXIT_F,x_R33_EXIT_G,0.0002948178243376106
77,223,x_R09_EXIT_F,x_R33_EXIT_H,0.0013184908255098693
77,225,x_R09_EXIT_F,x_R34_EXIT_A,0.0009499685450878562
77,230,x_R09_EXIT_F,x_R34_EXIT_F,0.0003275753603751229
77,231,x_R09_EXIT_F,x_R34_EXIT_G,0.0002948178243376106
77,232,x_R09_EXIT_F,x_R34_EXIT_H,0.0013184908255098693
77,238,x_R09_EXIT_F,x_R35_EXIT_E,0.0009499685450878562
77,239,x_R09_EXIT_F,x_R35_EXIT_F,0.001277543905462979
77,240,x_R09_EXIT_F,x_R35_EXIT_G,0.0006551507207502458
77,241,x_R09_EXIT_F,x_R35_EXIT_H,0.0003685222804220132
77,242,x_R09_EXIT_F,x_R35_EXIT_STAIRWELL,0.000802559632919051
77,243,x_R09_EXIT_F,x_R36_EXIT_A,0.0007370445608440263
77,244,x_R09_EXIT_F,x_R36_EXIT_B,0.0007370445608440263
77,245,x_R09_EXIT_F,x_R36_EXIT_C,0.0005323099606095746
77,246,x_R09_EXIT_F,x_R36_EXIT_D,0.0005323099606095746
77,247,x_R09_EXIT_F,x_R36_EXIT_E,0.0023749213627196402
77,248,x_R09_EXIT_F,x_R36_EXIT_F,0.004012798164595254
77,249,x_R09_EXIT_F,x_R36_EXIT_G,0.0009008322410315877
77,250,x_R09_EXIT_F,x_R36_EXIT_H,0.002579655962954092
77,251,x_R09_EXIT_F,x_R36_EXIT_STAIRWELL,0.001637876801875614
78,78,x_R09_EXIT_G,x_R09_EXIT_G,-0.8015680064305628
78,79,x_R09_EXIT_G,x_R09_EXIT_H,1.6746943044902114
78,80,x_R09_EXIT_G,x_R09_EXIT_STAIRWELL,1.6757179774913835
78,87,x_R09_EXIT_G,x_R10_EXIT_G,0.0020063990822976273
78,88,x_R09_EXIT_G,x_R10_EXIT_H,0.0003685222804220132
78,96,x_R09_EXIT_G,x_R11_EXIT_G,0.0020063990822976273
78,97,x_R09_EXIT_G,x_R11_EXIT_H,0.0003685222804220132
78,105,x_R09_EXIT_G,x_R12_EXIT_G,0.004012798164595255
78,106,x_R09_EXIT_G,x_R12_EXIT_H,0.0007370445608440265
78,108,x_R09_EXIT_G,x_R13_EXIT_A,0.00022111336825320795
78,109,x_R09_EXIT_G,x_R13_EXIT_B,0.0005159311925908185
78,110,x_R09_EXIT_G,x_R13_EXIT_C,0.0005159311925908185
78,111,x_R09_EXIT_G,x_R13_EXIT_D,0.0005159311925908185
78,112,x_R09_EXIT_G,x_R13_EXIT_E,0.0011710819133410643
78,113,x_R09_EXIT_G,x_R13_EXIT_F,0.0011710819133410643
78,114,x_R09_EXIT_G,x_R13_EXIT_G,0.0028908525553104597
78,115,x_R09_EXIT_G,x_R13_EXIT_H,0.0001474089121688053
78,116,x_R09_EXIT_G,x_R13_EXIT_STAIRWELL,0.0011710819133410643
78,117,x_R09_EXIT_G,x_R14_EXIT_A,0.00022111336825320795
78,118,x_R09_EXIT_G,x_R14_EXIT_B,0.0005159311925908185
78,119,x_R09_EXIT_G,x_R14_EXIT_C,0.0005159311925908185
78,120,x_R09_EXIT_G,x_R14_EXIT_D,0.0005159311925908185
78,121,x_R09_EXIT_G,x_R14_EXIT_E,0.0011710819133410643
78,122,x_R09_EXIT_G,x_R14_EXIT_F,0.0011710819133410643
78,123,x_R09_EXIT_G,x_R14_EXIT_G,0.0028908525553104597
78,124,x_R09_EXIT_G,x_R14_EXIT_H,0.0001474089121688053
78,125,x_R09_EXIT_G,x_R14_EXIT_STAIRWELL,0.0011710819133410643
78,132,x_R09_EXIT_G,x_R15_EXIT_G,0.0010031995411488137
78,133,x_R09_EXIT_G,x_R15_EXIT_H,0.0001842611402110066
78,141,x_R09_EXIT_G,x_R16_EXIT_G,0.0020063990822976273
78,142,x_R09_EXIT_G,x_R16_EXIT_H,0.0003685222804220132
78,153,x_R09_EXIT_G,x_R24_EXIT_A,0.0007370445608440265
78,159,x_R09_EXIT_G,x_R24_EXIT_G,0.0034395412839387904
78,160,x_R09_EXIT_G,x_R24_EXIT_H,0.0014740891216880527
78,168,x_R09_EXIT_G,x_R25_EXIT_G,0.0020063990822976273
78,169,x_R09_EXIT_G,x_R25_EXIT_H,0.0003685222804220132
78,171,x_R09_EXIT_G,x_R28_EXIT_A,0.002268459370597726
78,172,x_R09_EXIT_G,x_R28_EXIT_B,0.001899937090175713
78,173,x_R09_EXIT_G,x_R28_EXIT_C,0.001899937090175713
78,174,x_R09_EXIT_G,x_R28_EXIT_D,0.001899937090175713
78,175,x_R09_EXIT_G,x_R28_EXIT_E,0.0016133086498474804
78,176,x_R09_EXIT_G,x_R28_EXIT_F,0.0016133086498474804
78,177,x_R09_EXIT_G,x_R28_EXIT_G,0.00010646199212191492
78,178,x_R09_EXIT_G,x_R28_EXIT_H,0.002636981651019739
78,179,x_R09_EXIT_G,x_R28_EXIT_STAIRWELL,0.0016133086498474804
78,180,x_R09_EXIT_G,x_R29_EXIT_A,0.0016133086498474802
78,181,x_R09_EXIT_G,x_R29_EXIT_B,0.0012447863694254667
78,182,x_R09_EXIT_G,x_R29_EXIT_C,0.0012447863694254667
78,183,x_R09_EXIT_G,x_R29_EXIT_D,0.0012447863694254667
78,184,x_R09_EXIT_G,x_R29_EXIT_E,0.0009581579290972342
78,185,x_R09_EXIT_G,x_R29_EXIT_F,0.0009581579290972342
78,186,x_R09_EXIT_G,x_R29_EXIT_G,0.0006960976407971361
78,187,x_R09_EXIT_G,x_R29_EXIT_H,0.0019818309302694933
78,188,x_R09_EXIT_G,x_R29_EXIT_STAIRWELL,0.0009581579290972342
78,189,x_R09_EXIT_G,x_R30_EXIT_A,0.0007288551768346484
78,190,x_R09_EXIT_G,x_R30_EXIT_B,0.00036033289641263514
78,191,x_R09_EXIT_G,x_R30_EXIT_C,0.00036033289641263514
78,192,x_R09_EXIT_G,x_R30_EXIT_D,0.00036033289641263514
78,195,x_R09_EXIT_G,x_R30_EXIT_G,0.0016460661858849926
78,196,x_R09_EXIT_G,x_R30_EXIT_H,0.0010973774572566614
78,198,x_R09_EXIT_G,x_R31_EXIT_A,0.0006551507207502458
78,199,x_R09_EXIT_G,x_R31_EXIT_B,0.00028662844032823246
78,204,x_R09_EXIT_G,x_R31_EXIT_G,0.0017197706419693952
78,205,x_R09_EXIT_G,x_R31_EXIT_H,0.0010236730011722588
78,207,x_R09_EXIT_G,x_R32_EXIT_A,0.0006551507207502458
78,213,x_R09_EXIT_G,x_R32_EXIT_G,0.0017197706419693952
78,214,x_R09_EXIT_G,x_R32_EXIT_H,0.0010236730011722588
78,216,x_R09_EXIT_G,x_R33_EXIT_A,0.0006551507207502458
78,222,x_R09_EXIT_G,x_R33_EXIT_G,0.0017197706419693952
78,223,x_R09_EXIT_G,x_R33_EXIT_H,0.0010236730011722588
78,225,x_R09_EXIT_G,x_R34_EXIT_A,0.0006551507207502458
78,231,x_R09_EXIT_G,x_R34_EXIT_G,0.0017197706419693952
78,232,x_R09_EXIT_G,x_R34_EXIT_H,0.0010236730011722588
78,238,x_R09_EXIT_G,x_R35_EXIT_E,0.0006551507207502458
78,239,x_R09_EXIT_G,x_R35_EXIT_F,0.0006551507207502458
78,240,x_R09_EXIT_G,x_R35_EXIT_G,0.002374921362719641
78,241,x_R09_EXIT_G,x_R35_EXIT_H,0.0003685222804220132
78,242,x_R09_EXIT_G,x_R35_EXIT_STAIRWELL,0.0006551507207502458
78,243,x_R09_EXIT_G,x_R36_EXIT_A,0.0007370445608440263
78,244,x_R09_EXIT_G,x_R36_EXIT_B,0.0007370445608440263
78,245,x_R09_EXIT_G,x_R36_EXIT_C,0.0005323099606095746
78,246,x_R09_EXIT_G,x_R36_EXIT_D,0.0005323099606095746
78,247,x_R09_EXIT_G,x_R36_EXIT_E,0.0009008322410315877
78,248,x_R09_EXIT_G,x_R36_EXIT_F,0.0009008322410315877
78,249,x_R09_EXIT_G,x_R36_EXIT_G,0.009499685450878563
78,250,x_R09_EXIT_G,x_R36_EXIT_H,0.002579655962954092
78,251,x_R09_EXIT_G,x_R36_EXIT_STAIRWELL,0.0009008322410315877
79,79,x_R09_EXIT_H,x_R09_EXIT_H,-0.8236702155406046
79,80,x_R09_EXIT_H,x_R09_EXIT_STAIRWELL,1.6746943044902114
79,88,x_R09_EXIT_H,x_R10_EXIT_H,0.00032757536037512284
79,97,x_R09_EXIT_H,x_R11_EXIT_H,0.00032757536037512284
79,106,x_R09_EXIT_H,x_R12_EXIT_H,0.0006551507207502457
79,108,x_R09_EXIT_H,x_R13_EXIT_A,0.00022111336825320795
79,109,x_R09_EXIT_H,x_R13_EXIT_B,0.0001474089121688053
79,110,x_R09_EXIT_H,x_R13_EXIT_C,0.0001474089121688053
79,111,x_R09_EXIT_H,x_R13_EXIT_D,0.0001474089121688053
79,112,x_R09_EXIT_H,x_R13_EXIT_E,0.0001474089121688053
79,113,x_R09_EXIT_H,x_R13_EXIT_F,0.0001474089121688053
79,114,x_R09_EXIT_H,x_R13_EXIT_G,0.0001474089121688053
79,115,x_R09_EXIT_H,x_R13_EXIT_H,0.0004749842725439281
79,116,x_R09_EXIT_H,x_R13_EXIT_STAIRWELL,0.0001474089121688053
79,117,x_R09_EXIT_H,x_R14_EXIT_A,0.00022111336825320795
79,118,x_R09_EXIT_H,x_R14_EXIT_B,0.0001474089121688053
79,119,x_R09_EXIT_H,x_R14_EXIT_C,0.0001474089121688053
79,120,x_R09_EXIT_H,x_R14_EXIT_D,0.0001474089121688053
79,121,x_R09_EXIT_H,x_R14_EXIT_E,0.0001474089121688053
79,122,x_R09_EXIT_H,x_R14_EXIT_F,0.0001474089121688053
79,123,x_R09_EXIT_H,x_R14_EXIT_G,0.0001474089121688053
79,124,x_R09_EXIT_H,x_R14_EXIT_H,0.0004749842725439281
79,125,x_R09_EXIT_H,x_R14_EXIT_STAIRWELL,0.0001474089121688053
79,133,x_R09_EXIT_H,x_R15_EXIT_H,0.00016378768018756142
79,142,x_R09_EXIT_H,x_R16_EXIT_H,0.00032757536037512284
79,160,x_R09_EXIT_H,x_R24_EXIT_H,0.0006551507207502457
79,169,x_R09_EXIT_H,x_R25_EXIT_H,0.00032757536037512284
79,178,x_R09_EXIT_H,x_R28_EXIT_H,0.00032757536037512284
79,187,x_R09_EXIT_H,x_R29_EXIT_H,0.00032757536037512284
79,196,x_R09_EXIT_H,x_R30_EXIT_H,0.00032757536037512284
79,205,x_R09_EXIT_H,x_R31_EXIT_H,0.00032757536037512284
79,214,x_R09_EXIT_H,x_R32_EXIT_H,0.00032757536037512284
79,223,x_R09_EXIT_H,x_R33_EXIT_H,0.00032757536037512284
79,232,x_R09_EXIT_H,x_R34_EXIT_H,0.00032757536037512284
79,241,x_R09_EXIT_H,x_R35_EXIT_H,0.000696097640797136
79,250,x_R09_EXIT_H,x_R36_EXIT_H,0.001637876801875614
80,80,x_R09_EXIT_STAIRWELL,x_R09_EXIT_STAIRWELL,-0.8088233366091853
80,87,x_R09_EXIT_STAIRWELL,x_R10_EXIT_G,0.00028662844032823246
80,88,x_R09_EXIT_STAIRWELL,x_R10_EXIT_H,0.0003685222804220132
80,89,x_R09_EXIT_STAIRWELL,x_R10_EXIT_STAIRWELL,0.0003275753603751229
80,96,x_R09_EXIT_STAIRWELL,x_R11_EXIT_G,0.00028662844032823246
80,97,x_R09_EXIT_STAIRWELL,x_R11_EXIT_H,0.0003685222804220132
80,98,x_R09_EXIT_STAIRWELL,x_R11_EXIT_STAIRWELL,0.0003275753603751229
80,105,x_R09_EXIT_STAIRWELL,x_R12_EXIT_G,0.0005732568806564649
80,106,x_R09_EXIT_STAIRWELL,x_R12_EXIT_H,0.0007370445608440265
80,107,x_R09_EXIT_STAIRWELL,x_R12_EXIT_STAIRWELL,0.0006551507207502458
80,108,x_R09_EXIT_STAIRWELL,x_R13_EXIT_A,0.00022111336825320795
80,109,x_R09_EXIT_STAIRWELL,x_R13_EXIT_B,0.0005159311925908185
80,110,x_R09_EXIT_STAIRWELL,x_R13_EXIT_C,0.0005159311925908185
80,111,x_R09_EXIT_STAIRWELL,x_R13_EXIT_D,0.0005159311925908185
80,112,x_R09_EXIT_STAIRWELL,x_R13_EXIT_E,0.0013184908255098695
80,113,x_R09_EXIT_STAIRWELL,x_R13_EXIT_F,0.0013184908255098695
80,114,x_R09_EXIT_STAIRWELL,x_R13_EXIT_G,0.0011710819133410643
80,115,x_R09_EXIT_STAIRWELL,x_R13_EXIT_H,0.0001474089121688053
80,116,x_R09_EXIT_STAIRWELL,x_R13_EXIT_STAIRWELL,0.0017525281780069073
80,117,x_R09_EXIT_STAIRWELL,x_R14_EXIT_A,0.00022111336825320795
80,118,x_R09_EXIT_STAIRWELL,x_R14_EXIT_B,0.0005159311925908185
80,119,x_R09_EXIT_STAIRWELL,x_R14_EXIT_C,0.0005159311925908185
80,120,x_R09_EXIT_STAIRWELL,x_R14_EXIT_D,0.0005159311925908185
80,121,x_R09_EXIT_STAIRWELL,x_R14_EXIT_E,0.0013184908255098695
80,122,x_R09_EXIT_STAIRWELL,x_R14_EXIT_F,0.0013184908255098695
80,123,x_R09_EXIT_STAIRWELL,x_R14_EXIT_G,0.0011710819133410643
80,124,x_R09_EXIT_STAIRWELL,x_R14_EXIT_H,0.0001474089121688053
80,125,x_R09_EXIT_STAIRWELL,x_R14_EXIT_STAIRWELL,0.0017525281780069073
80,132,x_R09_EXIT_STAIRWELL,x_R15_EXIT_G,0.00014331422016411623
80,133,x_R09_EXIT_STAIRWELL,x_R15_EXIT_H,0.0001842611402110066
80,134,x_R09_EXIT_STAIRWELL,x_R15_EXIT_STAIRWELL,0.00016378768018756145
80,141,x_R09_EXIT_STAIRWELL,x_R16_EXIT_G,0.00028662844032823246
80,142,x_R09_EXIT_STAIRWELL,x_R16_EXIT_H,0.0003685222804220132
80,143,x_R09_EXIT_STAIRWELL,x_R16_EXIT_STAIRWELL,0.0003275753603751229
80,153,x_R09_EXIT_STAIRWELL,x_R24_EXIT_A,0.0007370445608440265
80,159,x_R09_EXIT_STAIRWELL,x_R24_EXIT_G,0.00021292398424382984
80,160,x_R09_EXIT_STAIRWELL,x_R24_EXIT_H,0.0014740891216880527
80,161,x_R09_EXIT_STAIRWELL,x_R24_EXIT_STAIRWELL,0.0006551507207502458
80,168,x_R09_EXIT_STAIRWELL,x_R25_EXIT_G,0.00028662844032823246
80,169,x_R09_EXIT_STAIRWELL,x_R25_EXIT_H,0.0003685222804220132
80,170,x_R09_EXIT_STAIRWELL,x_R25_EXIT_STAIRWELL,0.0003275753603751229
80,171,x_R09_EXIT_STAIRWELL,x_R28_EXIT_A,0.0006551507207502458
80,172,x_R09_EXIT_STAIRWELL,x_R28_EXIT_B,0.00028662844032823246
80,173,x_R09_EXIT_STAIRWELL,x_R28_EXIT_C,0.00028662844032823246
80,174,x_R09_EXIT_STAIRWELL,x_R28_EXIT_D,0.00028662844032823246
80,175,x_R09_EXIT_STAIRWELL,x_R28_EXIT_E,0.0001474089121688053
80,176,x_R09_EXIT_STAIRWELL,x_R28_EXIT_F,0.0001474089121688053
80,178,x_R09_EXIT_STAIRWELL,x_R28_EXIT_H,0.0010236730011722588
80,179,x_R09_EXIT_STAIRWELL,x_R28_EXIT_STAIRWELL,0.0005814462646658431
80,180,x_R09_EXIT_STAIRWELL,x_R29_EXIT_A,0.0006551507207502458
80,181,x_R09_EXIT_STAIRWELL,x_R29_EXIT_B,0.00028662844032823246
80,182,x_R09_EXIT_STAIRWELL,x_R29_EXIT_C,0.00028662844032823246
80,183,x_R09_EXIT_STAIRWELL,x_R29_EXIT_D,0.00028662844032823246
80,184,x_R09_EXIT_STAIRWELL,x_R29_EXIT_E,0.0001474089121688053
80,185,x_R09_EXIT_STAIRWELL,x_R29_EXIT_F,0.0001474089121688053
80,187,x_R09_EXIT_STAIRWELL,x_R29_EXIT_H,0.0010236730011722588
80,188,x_R09_EXIT_STAIRWELL,x_R29_EXIT_STAIRWELL,0.0005814462646658431
80,189,x_R09_EXIT_STAIRWELL,x_R30_EXIT_A,0.0006551507207502458
80,190,x_R09_EXIT_STAIRWELL,x_R30_EXIT_B,0.00028662844032823246
80,191,x_R09_EXIT_STAIRWELL,x_R30_EXIT_C,0.00028662844032823246
80,192,x_R09_EXIT_STAIRWELL,x_R30_EXIT_D,0.00028662844032823246
80,193,x_R09_EXIT_STAIRWELL,x_R30_EXIT_E,0.0001474089121688053
80,194,x_R09_EXIT_STAIRWELL,x_R30_EXIT_F,0.0001474089121688053
80,196,x_R09_EXIT_STAIRWELL,x_R30_EXIT_H,0.0010236730011722588
80,197,x_R09_EXIT_STAIRWELL,x_R30_EXIT_STAIRWELL,0.0005814462646658431
80,198,x_R09_EXIT_STAIRWELL,x_R31_EXIT_A,0.0007288551768346484
80,199,x_R09_EXIT_STAIRWELL,x_R31_EXIT_B,0.0003603328964126351
80,200,x_R09_EXIT_STAIRWELL,x_R31_EXIT_C,0.00018016644820631757
80,201,x_R09_EXIT_STAIRWELL,x_R31_EXIT_D,0.00018016644820631757
80,205,x_R09_EXIT_STAIRWELL,x_R31_EXIT_H,0.0010973774572566614
80,206,x_R09_EXIT_STAIRWELL,x_R31_EXIT_STAIRWELL,0.0005077418085814404
80,207,x_R09_EXIT_STAIRWELL,x_R32_EXIT_A,0.000802559632919051
80,213,x_R09_EXIT_STAIRWELL,x_R32_EXIT_G,0.0001474089121688053
80,214,x_R09_EXIT_STAIRWELL,x_R32_EXIT_H,0.0011710819133410643
80,215,x_R09_EXIT_STAIRWELL,x_R32_EXIT_STAIRWELL,0.0003275753603751229
80,216,x_R09_EXIT_STAIRWELL,x_R33_EXIT_A,0.000802559632919051
80,222,x_R09_EXIT_STAIRWELL,x_R33_EXIT_G,0.0001474089121688053
80,223,x_R09_EXIT_STAIRWELL,x_R33_EXIT_H,0.0011710819133410643
80,224,x_R09_EXIT_STAIRWELL,x_R33_EXIT_STAIRWELL,0.0003275753603751229
80,225,x_R09_EXIT_STAIRWELL,x_R34_EXIT_A,0.000802559632919051
80,231,x_R09_EXIT_STAIRWELL,x_R34_EXIT_G,0.0001474089121688053
80,232,x_R09_EXIT_STAIRWELL,x_R34_EXIT_H,0.0011710819133410643
80,233,x_R09_EXIT_STAIRWELL,x_R34_EXIT_STAIRWELL,0.0003275753603751229
80,238,x_R09_EXIT_STAIRWELL,x_R35_EXIT_E,0.000802559632919051
80,239,x_R09_EXIT_STAIRWELL,x_R35_EXIT_F,0.000802559632919051
80,240,x_R09_EXIT_STAIRWELL,x_R35_EXIT_G,0.0006551507207502458
80,241,x_R09_EXIT_STAIRWELL,x_R35_EXIT_H,0.0003685222804220132
80,242,x_R09_EXIT_STAIRWELL,x_R35_EXIT_STAIRWELL,0.0012365969854160888
80,243,x_R09_EXIT_STAIRWELL,x_R36_EXIT_A,0.0007370445608440263
80,244,x_R09_EXIT_STAIRWELL,x_R36_EXIT_B,0.0007370445608440263
80,245,x_R09_EXIT_STAIRWELL,x_R36_EXIT_C,0.0005323099606095746
80,246,x_R09_EXIT_STAIRWELL,x_R36_EXIT_D,0.0005323099606095746
80,247,x_R09_EXIT_STAIRWELL,x_R36_EXIT_E,0.001637876801875614
80,248,x_R09_EXIT_STAIRWELL,x_R36_EXIT_F,0.001637876801875614
80,249,x_R09_EXIT_STAIRWELL,x_R36_EXIT_G,0.0009008322410315877
80,250,x_R09_EXIT_STAIRWELL,x_R36_EXIT_H,0.002579655962954092
80,251,x_R09_EXIT_STAIRWELL,x_R36_EXIT_STAIRWELL,0.0038080635643608024
81,81,x_R10_EXIT_A,x_R10_EXIT_A,-0.8088192419171806
81,82,x_R10_EXIT_A,x_R10_EXIT_B,1.675316697674924
81,83,x_R10_EXIT_A,x_R10_EXIT_C,1.6746533575701645
81,84,x_R10_EXIT_A,x_R10_EXIT_D,1.673717720447093
81,85,x_R10_EXIT_A,x_R10_EXIT_E,1.673717720447093
81,86,x_R10_EXIT_A,x_R10_EXIT_F,1.673717720447093
81,87,x_R10_EXIT_A,x_R10_EXIT_G,1.673717720447093
81,88,x_R10_EXIT_A,x_R10_EXIT_H,1.673717720447093
81,89,x_R10_EXIT_A,x_R10_EXIT_STAIRWELL,1.673717720447093
81,90,x_R10_EXIT_A,x_R11_EXIT_A,0.001949073394231981
81,91,x_R10_EXIT_A,x_R11_EXIT_B,0.0009581579290972342
81,92,x_R10_EXIT_A,x_R11_EXIT_C,0.0002948178243376106
81,93,x_R10_EXIT_A,x_R11_EXIT_D,0.0006223931847127334
81,94,x_R10_EXIT_A,x_R11_EXIT_E,0.0002948178243376106
81,95,x_R10_EXIT_A,x_R11_EXIT_F,0.0002948178243376106
81,96,x_R10_EXIT_A,x_R11_EXIT_G,0.0002948178243376106
81,97,x_R10_EXIT_A,x_R11_EXIT_H,0.001252975753434845
81,98,x_R10_EXIT_A,x_R11_EXIT_STAIRWELL,0.0002948178243376106
81,99,x_R10_EXIT_A,x_R12_EXIT_A,0.001392195281594272
81,108,x_R10_EXIT_A,x_R13_EXIT_A,0.0003275753603751229
81,109,x_R10_EXIT_A,x_R13_EXIT_B,0.0002948178243376106
81,110,x_R10_EXIT_A,x_R13_EXIT_C,0.0009581579290972342
81,117,x_R10_EXIT_A,x_R14_EXIT_A,0.0003275753603751229
81,118,x_R10_EXIT_A,x_R14_EXIT_B,0.0002948178243376106
81,119,x_R10_EXIT_A,x_R14_EXIT_C,0.0009581579290972342
81,126,x_R10_EXIT_A,x_R15_EXIT_A,0.0012857332894723572
81,127,x_R10_EXIT_A,x_R15_EXIT_B,0.000790275556904984
81,128,x_R10_EXIT_A,x_R15_EXIT_C,0.000458605504525172
81,135,x_R10_EXIT_A,x_R16_EXIT_A,0.0025714665789447143
81,136,x_R10_EXIT_A,x_R16_EXIT_B,0.001580551113809968
81,137,x_R10_EXIT_A,x_R16_EXIT_C,0.000917211009050344
81,153,x_R10_EXIT_A,x_R24_EXIT_A,0.001392195281594272
81,162,x_R10_EXIT_A,x_R25_EXIT_A,0.0016542555698943707
81,163,x_R10_EXIT_A,x_R25_EXIT_B,0.0006633401047596237
81,171,x_R10_EXIT_A,x_R28_EXIT_A,0.000696097640797136
81,180,x_R10_EXIT_A,x_R29_EXIT_A,0.000696097640797136
81,189,x_R10_EXIT_A,x_R30_EXIT_A,0.000696097640797136
81,198,x_R10_EXIT_A,x_R31_EXIT_A,0.000696097640797136
81,207,x_R10_EXIT_A,x_R32_EXIT_A,0.000696097640797136
81,216,x_R10_EXIT_A,x_R33_EXIT_A,0.000696097640797136
81,225,x_R10_EXIT_A,x_R34_EXIT_A,0.000696097640797136
81,234,x_R10_EXIT_A,x_R35_EXIT_A,0.0003275753603751229
81,235,x_R10_EXIT_A,x_R35_EXIT_B,0.0006633401047596237
81,236,x_R10_EXIT_A,x_R35_EXIT_C,0.0013266802095192477
81,237,x_R10_EXIT_A,x_R35_EXIT_D,0.0003685222804220132
81,238,x_R10_EXIT_A,x_R35_EXIT_E,0.0003685222804220132
81,239,x_R10_EXIT_A,x_R35_EXIT_F,0.0003685222804220132
81,240,x_R10_EXIT_A,x_R35_EXIT_G,0.0003685222804220132
81,242,x_R10_EXIT_A,x_R35_EXIT_STAIRWELL,0.0003685222804220132
81,243,x_R10_EXIT_A,x_R36_EXIT_A,0.00348048820398568
81,244,x_R10_EXIT_A,x_R36_EXIT_B,0.0014740891216880527
82,82,x_R10_EXIT_B,x_R10_EXIT_B,-0.8166728509582775
82,83,x_R10_EXIT_B,x_R10_EXIT_C,1.6746533575701645
82,84,x_R10_EXIT_B,x_R10_EXIT_D,1.673717720447093
82,85,x_R10_EXIT_B,x_R10_EXIT_E,1.673717720447093
82,86,x_R10_EXIT_B,x_R10_EXIT_F,1.673717720447093
82,87,x_R10_EXIT_B,x_R10_EXIT_G,1.673717720447093
82,88,x_R10_EXIT_B,x_R10_EXIT_H,1.673717720447093
82,89,x_R10_EXIT_B,x_R10_EXIT_STAIRWELL,1.673717720447093
82,90,x_R10_EXIT_B,x_R11_EXIT_A,0.0009581579290972342
82,91,x_R10_EXIT_B,x_R11_EXIT_B,0.0012857332894723572
82,92,x_R10_EXIT_B,x_R11_EXIT_C,0.0002948178243376106
82,93,x_R10_EXIT_B,x_R11_EXIT_D,0.0006223931847127334
82,94,x_R10_EXIT_B,x_R11_EXIT_E,0.0002948178243376106
82,95,x_R10_EXIT_B,x_R11_EXIT_F,0.0002948178243376106
82,96,x_R10_EXIT_B,x_R11_EXIT_G,0.0002948178243376106
82,97,x_R10_EXIT_B,x_R11_EXIT_H,0.0009581579290972342
82,98,x_R10_EXIT_B,x_R11_EXIT_STAIRWELL,0.0002948178243376106
82,100,x_R10_EXIT_B,x_R12_EXIT_B,0.0006551507207502457
82,109,x_R10_EXIT_B,x_R13_EXIT_B,0.00032757536037512284
82,110,x_R10_EXIT_B,x_R13_EXIT_C,0.0006633401047596237
82,118,x_R10_EXIT_B,x_R14_EXIT_B,0.00032757536037512284
82,119,x_R10_EXIT_B,x_R14_EXIT_C,0.0006633401047596237
82,126,x_R10_EXIT_B,x_R15_EXIT_A,0.000790275556904984
82,127,x_R10_EXIT_B,x_R15_EXIT_B,0.0009540632370925454
82,128,x_R10_EXIT_B,x_R15_EXIT_C,0.000458605504525172
82,135,x_R10_EXIT_B,x_R16_EXIT_A,0.001580551113809968
82,136,x_R10_EXIT_B,x_R16_EXIT_B,0.0019081264741850907
82,137,x_R10_EXIT_B,x_R16_EXIT_C,0.000917211009050344
82,154,x_R10_EXIT_B,x_R24_EXIT_B,0.0006551507207502457
82,162,x_R10_EXIT_B,x_R25_EXIT_A,0.0006633401047596237
82,163,x_R10_EXIT_B,x_R25_EXIT_B,0.0009909154651347465
82,172,x_R10_EXIT_B,x_R28_EXIT_B,0.00032757536037512284
82,181,x_R10_EXIT_B,x_R29_EXIT_B,0.00032757536037512284
82,190,x_R10_EXIT_B,x_R30_EXIT_B,0.00032757536037512284
82,199,x_R10_EXIT_B,x_R31_EXIT_B,0.00032757536037512284
82,208,x_R10_EXIT_B,x_R32_EXIT_B,0.00032757536037512284
82,217,x_R10_EXIT_B,x_R33_EXIT_B,0.00032757536037512284
82,226,x_R10_EXIT_B,x_R34_EXIT_B,0.00032757536037512284
82,235,x_R10_EXIT_B,x_R35_EXIT_B,0.00032757536037512284
82,236,x_R10_EXIT_B,x_R35_EXIT_C,0.0006633401047596237
82,244,x_R10_EXIT_B,x_R36_EXIT_B,0.001637876801875614
83,83,x_R10_EXIT_C,x_R10_EXIT_C,-0.8245264599993744
83,84,x_R10_EXIT_C,x_R10_EXIT_D,1.673717720447093
83,85,x_R10_EXIT_C,x_R10_EXIT_E,1.673717720447093
83,86,x_R10_EXIT_C,x_R10_EXIT_F,1.673717720447093
83,87,x_R10_EXIT_C,x_R10_EXIT_G,1.673717720447093
83,88,x_R10_EXIT_C,x_R10_EXIT_H,1.673717720447093
83,89,x_R10_EXIT_C,x_R10_EXIT_STAIRWELL,1.673717720447093
83,90,x_R10_EXIT_C,x_R11_EXIT_A,0.0002948178243376106
83,91,x_R10_EXIT_C,x_R11_EXIT_B,0.0002948178243376106
83,92,x_R10_EXIT_C,x_R11_EXIT_C,0.0006223931847127333
83,93,x_R10_EXIT_C,x_R11_EXIT_D,0.0006223931847127334
83,94,x_R10_EXIT_C,x_R11_EXIT_E,0.0002948178243376106
83,95,x_R10_EXIT_C,x_R11_EXIT_F,0.0002948178243376106
83,96,x_R10_EXIT_C,x_R11_EXIT_G,0.0002948178243376106
83,97,x_R10_EXIT_C,x_R11_EXIT_H,0.0002948178243376106
83,98,x_R10_EXIT_C,x_R11_EXIT_STAIRWELL,0.0002948178243376106
83,101,x_R10_EXIT_C,x_R12_EXIT_C,0.0006551507207502457
83,110,x_R10_EXIT_C,x_R13_EXIT_C,0.00032757536037512284
83,119,x_R10_EXIT_C,x_R14_EXIT_C,0.00032757536037512284
83,126,x_R10_EXIT_C,x_R15_EXIT_A,0.000458605504525172
83,127,x_R10_EXIT_C,x_R15_EXIT_B,0.000458605504525172
83,128,x_R10_EXIT_C,x_R15_EXIT_C,0.0006223931847127334
83,135,x_R10_EXIT_C,x_R16_EXIT_A,0.000917211009050344
83,136,x_R10_EXIT_C,x_R16_EXIT_B,0.000917211009050344
83,137,x_R10_EXIT_C,x_R16_EXIT_C,0.001244786369425467
83,155,x_R10_EXIT_C,x_R24_EXIT_C,0.0006551507207502457
83,164,x_R10_EXIT_C,x_R25_EXIT_C,0.00032757536037512284
83,173,x_R10_EXIT_C,x_R28_EXIT_C,0.00032757536037512284
83,182,x_R10_EXIT_C,x_R29_EXIT_C,0.00032757536037512284
83,191,x_R10_EXIT_C,x_R30_EXIT_C,0.00032757536037512284
83,200,x_R10_EXIT_C,x_R31_EXIT_C,0.00032757536037512284
83,209,x_R10_EXIT_C,x_R32_EXIT_C,0.00032757536037512284
83,218,x_R10_EXIT_C,x_R33_EXIT_C,0.00032757536037512284
83,227,x_R10_EXIT_C,x_R34_EXIT_C,0.00032757536037512284
83,236,x_R10_EXIT_C,x_R35_EXIT_C,0.00032757536037512284
83,245,x_R10_EXIT_C,x_R36_EXIT_C,0.001637876801875614
84,84,x_R10_EXIT_D,x_R10_EXIT_D,-0.8260585555538128
84,85,x_R10_EXIT_D,x_R10_EXIT_E,1.6740964794575268
84,86,x_R10_EXIT_D,x_R10_EXIT_F,1.6740964794575268
84,87,x_R10_EXIT_D,x_R10_EXIT_G,1.6740964794575268
84,88,x_R10_EXIT_D,x_R10_EXIT_H,1.6740964794575268
84,89,x_R10_EXIT_D,x_R10_EXIT_STAIRWELL,1.6740964794575268
84,93,x_R10_EXIT_D,x_R11_EXIT_D,0.0006551507207502456
84,102,x_R10_EXIT_D,x_R12_EXIT_D,0.0006551507207502458
84,111,x_R10_EXIT_D,x_R13_EXIT_D,0.0003275753603751229
84,120,x_R10_EXIT_D,x_R14_EXIT_D,0.0003275753603751229
84,129,x_R10_EXIT_D,x_R15_EXIT_D,0.00023749213627196407
84,135,x_R10_EXIT_D,x_R16_EXIT_A,0.00018016644820631754
84,136,x_R10_EXIT_D,x_R16_EXIT_B,0.00018016644820631754
84,137,x_R10_EXIT_D,x_R16_EXIT_C,0.00018016644820631754
84,138,x_R10_EXIT_D,x_R16_EXIT_D,0.00047498427254392815
84,139,x_R10_EXIT_D,x_R16_EXIT_E,0.0001474089121688053
84,140,x_R10_EXIT_D,x_R16_EXIT_F,0.0001474089121688053
84,141,x_R10_EXIT_D,x_R16_EXIT_G,0.0001474089121688053
84,142,x_R10_EXIT_D,x_R16_EXIT_H,0.0001474089121688053
84,143,x_R10_EXIT_D,x_R16_EXIT_STAIRWELL,0.0001474089121688053
84,156,x_R10_EXIT_D,x_R24_EXIT_D,0.0006551507207502458
84,162,x_R10_EXIT_D,x_R25_EXIT_A,0.00022111336825320795
84,163,x_R10_EXIT_D,x_R25_EXIT_B,0.00022111336825320795
84,164,x_R10_EXIT_D,x_R25_EXIT_C,0.00022111336825320795
84,165,x_R10_EXIT_D,x_R25_EXIT_D,0.00010646199212191493
84,166,x_R10_EXIT_D,x_R25_EXIT_E,0.00022111336825320795
84,167,x_R10_EXIT_D,x_R25_EXIT_F,0.00022111336825320795
84,168,x_R10_EXIT_D,x_R25_EXIT_G,0.00022111336825320795
84,169,x_R10_EXIT_D,x_R25_EXIT_H,0.00022111336825320795
84,170,x_R10_EXIT_D,x_R25_EXIT_STAIRWELL,0.00022111336825320795
84,174,x_R10_EXIT_D,x_R28_EXIT_D,0.0003275753603751229
84,183,x_R10_EXIT_D,x_R29_EXIT_D,0.0003275753603751229
84,192,x_R10_EXIT_D,x_R30_EXIT_D,0.0003275753603751229
84,201,x_R10_EXIT_D,x_R31_EXIT_D,0.0003275753603751229
84,210,x_R10_EXIT_D,x_R32_EXIT_D,0.0003275753603751229
84,219,x_R10_EXIT_D,x_R33_EXIT_D,0.0003275753603751229
84,228,x_R10_EXIT_D,x_R34_EXIT_D,0.0003275753603751229
84,237,x_R10_EXIT_D,x_R35_EXIT_D,0.0003275753603751229
84,246,x_R10_EXIT_D,x_R36_EXIT_D,0.0016378768018756142
85,85,x_R10_EXIT_E,x_R10_EXIT_E,-0.8039522517517662
85,86,x_R10_EXIT_E,x_R10_EXIT_F,1.6748335240183707
85,87,x_R10_EXIT_E,x_R10_EXIT_G,1.6748335240183707
85,88,x_R10_EXIT_E,x_R10_EXIT_H,1.6743912972818644
85,89,x_R10_EXIT_E,x_R10_EXIT_STAIRWELL,1.6748335240183707
85,93,x_R10_EXIT_E,x_R11_EXIT_D,0.00032757536037512284
85,94,x_R10_EXIT_E,x_R11_EXIT_E,0.0024568152028134212
85,95,x_R10_EXIT_E,x_R11_EXIT_F,0.0004422267365064159
85,98,x_R10_EXIT_E,x_R11_EXIT_STAIRWELL,0.0004422267365064159
85,102,x_R10_EXIT_E,x_R12_EXIT_D,0.0005896356486752212
85,103,x_R10_EXIT_E,x_R12_EXIT_E,0.00402917693261401
85,111,x_R10_EXIT_E,x_R13_EXIT_D,0.0002948178243376106
85,112,x_R10_EXIT_E,x_R13_EXIT_E,0.0015723617298005895
85,120,x_R10_EXIT_E,x_R14_EXIT_D,0.0002948178243376106
85,121,x_R10_EXIT_E,x_R14_EXIT_E,0.0015723617298005895
85,130,x_R10_EXIT_E,x_R15_EXIT_E,0.0014495209696599183
85,131,x_R10_EXIT_E,x_R15_EXIT_F,0.0004422267365064159
85,132,x_R10_EXIT_E,x_R15_EXIT_G,0.0004422267365064159
85,133,x_R10_EXIT_E,x_R15_EXIT_H,0.00022111336825320795
85,134,x_R10_EXIT_E,x_R15_EXIT_STAIRWELL,0.0004422267365064159
85,135,x_R10_EXIT_E,x_R16_EXIT_A,0.00018016644820631754
85,136,x_R10_EXIT_E,x_R16_EXIT_B,0.00018016644820631754
85,137,x_R10_EXIT_E,x_R16_EXIT_C,0.00018016644820631754
85,138,x_R10_EXIT_E,x_R16_EXIT_D,0.0001474089121688053
85,139,x_R10_EXIT_E,x_R16_EXIT_E,0.0028990419393198365
85,140,x_R10_EXIT_E,x_R16_EXIT_F,0.0008844534730128318
85,141,x_R10_EXIT_E,x_R16_EXIT_G,0.0008844534730128318
85,142,x_R10_EXIT_E,x_R16_EXIT_H,0.0004422267365064159
85,143,x_R10_EXIT_E,x_R16_EXIT_STAIRWELL,0.0008844534730128318
85,155,x_R10_EXIT_E,x_R24_EXIT_C,0.0002948178243376106
85,156,x_R10_EXIT_E,x_R24_EXIT_D,0.0008844534730128318
85,157,x_R10_EXIT_E,x_R24_EXIT_E,0.0037343591082764005
85,162,x_R10_EXIT_E,x_R25_EXIT_A,0.0002948178243376106
85,163,x_R10_EXIT_E,x_R25_EXIT_B,0.0002948178243376106
85,164,x_R10_EXIT_E,x_R25_EXIT_C,0.0002948178243376106
85,166,x_R10_EXIT_E,x_R25_EXIT_E,0.0027516330271510317
85,167,x_R10_EXIT_E,x_R25_EXIT_F,0.0007370445608440265
85,168,x_R10_EXIT_E,x_R25_EXIT_G,0.0007370445608440265
85,169,x_R10_EXIT_E,x_R25_EXIT_H,0.0002948178243376106
85,170,x_R10_EXIT_E,x_R25_EXIT_STAIRWELL,0.0007370445608440265
85,174,x_R10_EXIT_E,x_R28_EXIT_D,0.0007370445608440265
85,175,x_R10_EXIT_E,x_R28_EXIT_E,0.0015723617298005895
85,183,x_R10_EXIT_E,x_R29_EXIT_D,0.0007370445608440265
85,184,x_R10_EXIT_E,x_R29_EXIT_E,0.0015723617298005895
85,192,x_R10_EXIT_E,x_R30_EXIT_D,0.0007370445608440265
85,193,x_R10_EXIT_E,x_R30_EXIT_E,0.0015723617298005895
85,200,x_R10_EXIT_E,x_R31_EXIT_C,0.0007370445608440263
85,201,x_R10_EXIT_E,x_R31_EXIT_D,0.001031862385181637
85,202,x_R10_EXIT_E,x_R31_EXIT_E,0.0015723617298005895
85,209,x_R10_EXIT_E,x_R32_EXIT_C,0.0007370445608440263
85,210,x_R10_EXIT_E,x_R32_EXIT_D,0.001031862385181637
85,211,x_R10_EXIT_E,x_R32_EXIT_E,0.0015723617298005895
85,216,x_R10_EXIT_E,x_R33_EXIT_A,0.0008107490169284291
85,217,x_R10_EXIT_E,x_R33_EXIT_B,0.0008107490169284291
85,218,x_R10_EXIT_E,x_R33_EXIT_C,0.0015477935777724555
85,219,x_R10_EXIT_E,x_R33_EXIT_D,0.0018426114021100658
85,220,x_R10_EXIT_E,x_R33_EXIT_E,0.0006960976407971362
85,221,x_R10_EXIT_E,x_R33_EXIT_F,0.0008107490169284291
85,222,x_R10_EXIT_E,x_R33_EXIT_G,0.0008107490169284291
85,223,x_R10_EXIT_E,x_R33_EXIT_H,0.0008107490169284291
85,224,x_R10_EXIT_E,x_R33_EXIT_STAIRWELL,0.0008107490169284291
85,225,x_R10_EXIT_E,x_R34_EXIT_A,0.00022111336825320795
85,226,x_R10_EXIT_E,x_R34_EXIT_B,0.00022111336825320795
85,227,x_R10_EXIT_E,x_R34_EXIT_C,0.0009581579290972342
85,228,x_R10_EXIT_E,x_R34_EXIT_D,0.0012529757534348448
85,229,x_R10_EXIT_E,x_R34_EXIT_E,0.00010646199212191492
85,230,x_R10_EXIT_E,x_R34_EXIT_F,0.00022111336825320795
85,231,x_R10_EXIT_E,x_R34_EXIT_G,0.00022111336825320795
85,232,x_R10_EXIT_E,x_R34_EXIT_H,0.00022111336825320795
85,233,x_R10_EXIT_E,x_R34_EXIT_STAIRWELL,0.00022111336825320795
85,237,x_R10_EXIT_E,x_R35_EXIT_D,0.0002948178243376106
85,238,x_R10_EXIT_E,x_R35_EXIT_E,0.0015723617298005895
85,246,x_R10_EXIT_E,x_R36_EXIT_D,0.0036852228042201316
85,247,x_R10_EXIT_E,x_R36_EXIT_E,0.007861808649002947
86,86,x_R10_EXIT_F,x_R10_EXIT_F,-0.8083397091228421
86,87,x_R10_EXIT_F,x_R10_EXIT_G,1.674907228474455
86,88,x_R10_EXIT_F,x_R10_EXIT_H,1.6743912972818644
86,89,x_R10_EXIT_F,x_R10_EXIT_STAIRWELL,1.6751938569147833
86,93,x_R10_EXIT_F,x_R11_EXIT_D,0.00032757536037512284
86,94,x_R10_EXIT_F,x_R11_EXIT_E,0.0004422267365064159
86,95,x_R10_EXIT_F,x_R11_EXIT_F,0.0012038394493785764
86,98,x_R10_EXIT_F,x_R11_EXIT_STAIRWELL,0.0008025596329190509
86,102,x_R10_EXIT_F,x_R12_EXIT_D,0.0005896356486752212
86,103,x_R10_EXIT_F,x_R12_EXIT_E,0.0001474089121688053
86,104,x_R10_EXIT_F,x_R12_EXIT_F,0.0013758165135755159
86,107,x_R10_EXIT_F,x_R12_EXIT_STAIRWELL,0.000573256880656465
86,111,x_R10_EXIT_F,x_R13_EXIT_D,0.0002948178243376106
86,113,x_R10_EXIT_F,x_R13_EXIT_F,0.0003275753603751229
86,120,x_R10_EXIT_F,x_R14_EXIT_D,0.0002948178243376106
86,122,x_R10_EXIT_F,x_R14_EXIT_F,0.0003275753603751229
86,130,x_R10_EXIT_F,x_R15_EXIT_E,0.0004422267365064159
86,131,x_R10_EXIT_F,x_R15_EXIT_F,0.0008230330929424962
86,132,x_R10_EXIT_F,x_R15_EXIT_G,0.0004790789645486172
86,133,x_R10_EXIT_F,x_R15_EXIT_H,0.00022111336825320795
86,134,x_R10_EXIT_F,x_R15_EXIT_STAIRWELL,0.0006223931847127334
86,135,x_R10_EXIT_F,x_R16_EXIT_A,0.00018016644820631754
86,136,x_R10_EXIT_F,x_R16_EXIT_B,0.00018016644820631754
86,137,x_R10_EXIT_F,x_R16_EXIT_C,0.00018016644820631754
86,138,x_R10_EXIT_F,x_R16_EXIT_D,0.0001474089121688053
86,139,x_R10_EXIT_F,x_R16_EXIT_E,0.0008844534730128318
86,140,x_R10_EXIT_F,x_R16_EXIT_F,0.0016460661858849924
86,141,x_R10_EXIT_F,x_R16_EXIT_G,0.0009581579290972344
86,142,x_R10_EXIT_F,x_R16_EXIT_H,0.0004422267365064159
86,143,x_R10_EXIT_F,x_R16_EXIT_STAIRWELL,0.001244786369425467
86,153,x_R10_EXIT_F,x_R24_EXIT_A,0.00021292398424382984
86,154,x_R10_EXIT_F,x_R24_EXIT_B,0.00021292398424382984
86,155,x_R10_EXIT_F,x_R24_EXIT_C,0.0002948178243376106
86,156,x_R10_EXIT_F,x_R24_EXIT_D,0.0008844534730128318
86,158,x_R10_EXIT_F,x_R24_EXIT_F,0.0011628925293316861
86,159,x_R10_EXIT_F,x_R24_EXIT_G,0.0003603328964126351
86,160,x_R10_EXIT_F,x_R24_EXIT_H,0.00021292398424382984
86,161,x_R10_EXIT_F,x_R24_EXIT_STAIRWELL,0.0003603328964126351
86,162,x_R10_EXIT_F,x_R25_EXIT_A,0.0002948178243376106
86,163,x_R10_EXIT_F,x_R25_EXIT_B,0.0002948178243376106
86,164,x_R10_EXIT_F,x_R25_EXIT_C,0.0002948178243376106
86,166,x_R10_EXIT_F,x_R25_EXIT_E,0.0007370445608440265
86,167,x_R10_EXIT_F,x_R25_EXIT_F,0.0014986572737161871
86,168,x_R10_EXIT_F,x_R25_EXIT_G,0.0008107490169284291
86,169,x_R10_EXIT_F,x_R25_EXIT_H,0.0002948178243376106
86,170,x_R10_EXIT_F,x_R25_EXIT_STAIRWELL,0.0010973774572566616
86,174,x_R10_EXIT_F,x_R28_EXIT_D,0.0008107490169284291
86,176,x_R10_EXIT_F,x_R28_EXIT_F,0.0003275753603751229
86,183,x_R10_EXIT_F,x_R29_EXIT_D,0.0008107490169284291
86,185,x_R10_EXIT_F,x_R29_EXIT_F,0.0003275753603751229
86,192,x_R10_EXIT_F,x_R30_EXIT_D,0.0008107490169284291
86,194,x_R10_EXIT_F,x_R30_EXIT_F,0.0003275753603751229
86,200,x_R10_EXIT_F,x_R31_EXIT_C,0.0005159311925908185
86,201,x_R10_EXIT_F,x_R31_EXIT_D,0.0008107490169284291
86,203,x_R10_EXIT_F,x_R31_EXIT_F,0.00010646199212191492
86,207,x_R10_EXIT_F,x_R32_EXIT_A,0.00022111336825320795
86,208,x_R10_EXIT_F,x_R32_EXIT_B,0.00021292398424382984
86,209,x_R10_EXIT_F,x_R32_EXIT_C,0.0004422267365064159
86,210,x_R10_EXIT_F,x_R32_EXIT_D,0.0007370445608440265
86,212,x_R10_EXIT_F,x_R32_EXIT_F,0.00010646199212191492
86,213,x_R10_EXIT_F,x_R32_EXIT_G,0.00022111336825320795
86,214,x_R10_EXIT_F,x_R32_EXIT_H,0.00022111336825320795
86,215,x_R10_EXIT_F,x_R32_EXIT_STAIRWELL,0.00022111336825320795
86,217,x_R10_EXIT_F,x_R33_EXIT_B,0.00021292398424382984
86,218,x_R10_EXIT_F,x_R33_EXIT_C,0.0004422267365064159
86,219,x_R10_EXIT_F,x_R33_EXIT_D,0.0007370445608440265
86,221,x_R10_EXIT_F,x_R33_EXIT_F,0.0003275753603751229
86,226,x_R10_EXIT_F,x_R34_EXIT_B,0.00021292398424382984
86,227,x_R10_EXIT_F,x_R34_EXIT_C,0.0004422267365064159
86,228,x_R10_EXIT_F,x_R34_EXIT_D,0.0007370445608440265
86,230,x_R10_EXIT_F,x_R34_EXIT_F,0.0003275753603751229
86,237,x_R10_EXIT_F,x_R35_EXIT_D,0.0002948178243376106
86,239,x_R10_EXIT_F,x_R35_EXIT_F,0.0003275753603751229
86,246,x_R10_EXIT_F,x_R36_EXIT_D,0.004053745084642145
86,248,x_R10_EXIT_F,x_R36_EXIT_F,0.0016378768018756142
87,87,x_R10_EXIT_G,x_R10_EXIT_G,-0.7987615540030866
87,88,x_R10_EXIT_G,x_R10_EXIT_H,1.6743912972818644
87,89,x_R10_EXIT_G,x_R10_EXIT_STAIRWELL,1.674907228474455
87,93,x_R10_EXIT_G,x_R11_EXIT_D,0.00032757536037512284
87,94,x_R10_EXIT_G,x_R11_EXIT_E,0.0004422267365064159
87,95,x_R10_EXIT_G,x_R11_EXIT_F,0.0005159311925908185
87,96,x_R10_EXIT_G,x_R11_EXIT_G,0.002186565530503945
87,98,x_R10_EXIT_G,x_R11_EXIT_STAIRWELL,0.0005159311925908185
87,102,x_R10_EXIT_G,x_R12_EXIT_D,0.0005896356486752212
87,103,x_R10_EXIT_G,x_R12_EXIT_E,0.00036033289641263514
87,104,x_R10_EXIT_G,x_R12_EXIT_F,0.00021292398424382986
87,105,x_R10_EXIT_G,x_R12_EXIT_G,0.00437313106100789
87,107,x_R10_EXIT_G,x_R12_EXIT_STAIRWELL,0.00021292398424382986
87,111,x_R10_EXIT_G,x_R13_EXIT_D,0.0002948178243376106
87,112,x_R10_EXIT_G,x_R13_EXIT_E,0.00028662844032823246
87,113,x_R10_EXIT_G,x_R13_EXIT_F,0.00028662844032823246
87,114,x_R10_EXIT_G,x_R13_EXIT_G,0.0020063990822976273
87,116,x_R10_EXIT_G,x_R13_EXIT_STAIRWELL,0.00028662844032823246
87,120,x_R10_EXIT_G,x_R14_EXIT_D,0.0002948178243376106
87,121,x_R10_EXIT_G,x_R14_EXIT_E,0.00028662844032823246
87,122,x_R10_EXIT_G,x_R14_EXIT_F,0.00028662844032823246
87,123,x_R10_EXIT_G,x_R14_EXIT_G,0.0020063990822976273
87,125,x_R10_EXIT_G,x_R14_EXIT_STAIRWELL,0.00028662844032823246
87,130,x_R10_EXIT_G,x_R15_EXIT_E,0.0004422267365064159
87,131,x_R10_EXIT_G,x_R15_EXIT_F,0.0004790789645486172
87,132,x_R10_EXIT_G,x_R15_EXIT_G,0.0016255927258615474
87,133,x_R10_EXIT_G,x_R15_EXIT_H,0.00022111336825320795
87,134,x_R10_EXIT_G,x_R15_EXIT_STAIRWELL,0.0004790789645486172
87,135,x_R10_EXIT_G,x_R16_EXIT_A,0.00018016644820631754
87,136,x_R10_EXIT_G,x_R16_EXIT_B,0.00018016644820631754
87,137,x_R10_EXIT_G,x_R16_EXIT_C,0.00018016644820631754
87,138,x_R10_EXIT_G,x_R16_EXIT_D,0.0001474089121688053
87,139,x_R10_EXIT_G,x_R16_EXIT_E,0.0008844534730128318
87,140,x_R10_EXIT_G,x_R16_EXIT_F,0.0009581579290972344
87,141,x_R10_EXIT_G,x_R16_EXIT_G,0.003251185451723095
87,142,x_R10_EXIT_G,x_R16_EXIT_H,0.0004422267365064159
87,143,x_R10_EXIT_G,x_R16_EXIT_STAIRWELL,0.0009581579290972344
87,153,x_R10_EXIT_G,x_R24_EXIT_A,0.000573256880656465
87,154,x_R10_EXIT_G,x_R24_EXIT_B,0.00021292398424382986
87,155,x_R10_EXIT_G,x_R24_EXIT_C,0.0002948178243376106
87,156,x_R10_EXIT_G,x_R24_EXIT_D,0.0008844534730128318
87,159,x_R10_EXIT_G,x_R24_EXIT_G,0.0034395412839387904
87,160,x_R10_EXIT_G,x_R24_EXIT_H,0.000573256880656465
87,162,x_R10_EXIT_G,x_R25_EXIT_A,0.0002948178243376106
87,163,x_R10_EXIT_G,x_R25_EXIT_B,0.0002948178243376106
87,164,x_R10_EXIT_G,x_R25_EXIT_C,0.0002948178243376106
87,166,x_R10_EXIT_G,x_R25_EXIT_E,0.0007370445608440265
87,167,x_R10_EXIT_G,x_R25_EXIT_F,0.0008107490169284291
87,168,x_R10_EXIT_G,x_R25_EXIT_G,0.003103776539554289
87,169,x_R10_EXIT_G,x_R25_EXIT_H,0.0002948178243376106
87,170,x_R10_EXIT_G,x_R25_EXIT_STAIRWELL,0.0008107490169284291
87,171,x_R10_EXIT_G,x_R28_EXIT_A,0.001899937090175713
87,172,x_R10_EXIT_G,x_R28_EXIT_B,0.0020801035383820306
87,173,x_R10_EXIT_G,x_R28_EXIT_C,0.0020801035383820306
87,174,x_R10_EXIT_G,x_R28_EXIT_D,0.0029973145474323747
87,175,x_R10_EXIT_G,x_R28_EXIT_E,0.0016133086498474804
87,176,x_R10_EXIT_G,x_R28_EXIT_F,0.0016133086498474804
87,177,x_R10_EXIT_G,x_R28_EXIT_G,0.00010646199212191492
87,178,x_R10_EXIT_G,x_R28_EXIT_H,0.001899937090175713
87,179,x_R10_EXIT_G,x_R28_EXIT_STAIRWELL,0.0016133086498474804
87,180,x_R10_EXIT_G,x_R29_EXIT_A,0.0012447863694254667
87,181,x_R10_EXIT_G,x_R29_EXIT_B,0.0014249528176317845
87,182,x_R10_EXIT_G,x_R29_EXIT_C,0.0014249528176317845
87,183,x_R10_EXIT_G,x_R29_EXIT_D,0.0023421638266821285
87,184,x_R10_EXIT_G,x_R29_EXIT_E,0.0009581579290972342
87,185,x_R10_EXIT_G,x_R29_EXIT_F,0.0009581579290972342
87,186,x_R10_EXIT_G,x_R29_EXIT_G,0.0006960976407971361
87,187,x_R10_EXIT_G,x_R29_EXIT_H,0.0012447863694254667
87,188,x_R10_EXIT_G,x_R29_EXIT_STAIRWELL,0.0009581579290972342
87,189,x_R10_EXIT_G,x_R30_EXIT_A,0.00036033289641263514
87,190,x_R10_EXIT_G,x_R30_EXIT_B,0.0005404993446189528
87,191,x_R10_EXIT_G,x_R30_EXIT_C,0.0005404993446189528
87,192,x_R10_EXIT_G,x_R30_EXIT_D,0.0014577103536692968
87,195,x_R10_EXIT_G,x_R30_EXIT_G,0.0016460661858849926
87,196,x_R10_EXIT_G,x_R30_EXIT_H,0.00036033289641263514
87,198,x_R10_EXIT_G,x_R31_EXIT_A,0.00028662844032823246
87,199,x_R10_EXIT_G,x_R31_EXIT_B,0.00046679488853455006
87,200,x_R10_EXIT_G,x_R31_EXIT_C,0.0004422267365064159
87,201,x_R10_EXIT_G,x_R31_EXIT_D,0.0007370445608440265
87,204,x_R10_EXIT_G,x_R31_EXIT_G,0.0017197706419693952
87,205,x_R10_EXIT_G,x_R31_EXIT_H,0.00028662844032823246
87,207,x_R10_EXIT_G,x_R32_EXIT_A,0.00028662844032823246
87,208,x_R10_EXIT_G,x_R32_EXIT_B,0.00010646199212191493
87,209,x_R10_EXIT_G,x_R32_EXIT_C,0.0004422267365064159
87,210,x_R10_EXIT_G,x_R32_EXIT_D,0.0007370445608440265
87,213,x_R10_EXIT_G,x_R32_EXIT_G,0.0017197706419693952
87,214,x_R10_EXIT_G,x_R32_EXIT_H,0.00028662844032823246
87,216,x_R10_EXIT_G,x_R33_EXIT_A,0.00028662844032823246
87,217,x_R10_EXIT_G,x_R33_EXIT_B,0.00010646199212191493
87,218,x_R10_EXIT_G,x_R33_EXIT_C,0.0004422267365064159
87,219,x_R10_EXIT_G,x_R33_EXIT_D,0.0007370445608440265
87,222,x_R10_EXIT_G,x_R33_EXIT_G,0.0017197706419693952
87,223,x_R10_EXIT_G,x_R33_EXIT_H,0.00028662844032823246
87,225,x_R10_EXIT_G,x_R34_EXIT_A,0.00028662844032823246
87,226,x_R10_EXIT_G,x_R34_EXIT_B,0.00010646199212191493
87,227,x_R10_EXIT_G,x_R34_EXIT_C,0.0004422267365064159
87,228,x_R10_EXIT_G,x_R34_EXIT_D,0.0007370445608440265
87,231,x_R10_EXIT_G,x_R34_EXIT_G,0.0017197706419693952
87,232,x_R10_EXIT_G,x_R34_EXIT_H,0.00028662844032823246
87,237,x_R10_EXIT_G,x_R35_EXIT_D,0.0002948178243376106
87,238,x_R10_EXIT_G,x_R35_EXIT_E,0.00028662844032823246
87,239,x_R10_EXIT_G,x_R35_EXIT_F,0.00028662844032823246
87,240,x_R10_EXIT_G,x_R35_EXIT_G,0.0020063990822976273
87,242,x_R10_EXIT_G,x_R35_EXIT_STAIRWELL,0.00028662844032823246
87,245,x_R10_EXIT_G,x_R36_EXIT_C,0.0014331422016411624
87,246,x_R10_EXIT_G,x_R36_EXIT_D,0.006019197246892882
87,247,x_R10_EXIT_G,x_R36_EXIT_E,0.0009008322410315877
87,248,x_R10_EXIT_G,x_R36_EXIT_F,0.0009008322410315877
87,249,x_R10_EXIT_G,x_R36_EXIT_G,0.009499685450878563
87,251,x_R10_EXIT_G,x_R36_EXIT_STAIRWELL,0.0009008322410315877
88,88,x_R10_EXIT_H,x_R10_EXIT_H,-0.804755265214475
88,89,x_R10_EXIT_H,x_R10_EXIT_STAIRWELL,1.6743912972818644
88,93,x_R10_EXIT_H,x_R11_EXIT_D,0.00032757536037512284
88,96,x_R10_EXIT_H,x_R11_EXIT_G,0.0008762640890034537
88,97,x_R10_EXIT_H,x_R11_EXIT_H,0.0007698020968815387
88,102,x_R10_EXIT_H,x_R12_EXIT_D,0.002424057666775909
88,106,x_R10_EXIT_H,x_R12_EXIT_H,0.0027188754911135196
88,109,x_R10_EXIT_H,x_R13_EXIT_B,0.0004422267365064159
88,110,x_R10_EXIT_H,x_R13_EXIT_C,0.0004422267365064159
88,111,x_R10_EXIT_H,x_R13_EXIT_D,0.002489572738850934
88,112,x_R10_EXIT_H,x_R13_EXIT_E,0.0003685222804220132
88,113,x_R10_EXIT_H,x_R13_EXIT_F,0.0003685222804220132
88,114,x_R10_EXIT_H,x_R13_EXIT_G,0.0003685222804220132
88,115,x_R10_EXIT_H,x_R13_EXIT_H,0.00032757536037512284
88,116,x_R10_EXIT_H,x_R13_EXIT_STAIRWELL,0.0003685222804220132
88,118,x_R10_EXIT_H,x_R14_EXIT_B,0.0004422267365064159
88,119,x_R10_EXIT_H,x_R14_EXIT_C,0.0004422267365064159
88,120,x_R10_EXIT_H,x_R14_EXIT_D,0.002489572738850934
88,121,x_R10_EXIT_H,x_R14_EXIT_E,0.0003685222804220132
88,122,x_R10_EXIT_H,x_R14_EXIT_F,0.0003685222804220132
88,123,x_R10_EXIT_H,x_R14_EXIT_G,0.0003685222804220132
88,124,x_R10_EXIT_H,x_R14_EXIT_H,0.00032757536037512284
88,125,x_R10_EXIT_H,x_R14_EXIT_STAIRWELL,0.0003685222804220132
88,130,x_R10_EXIT_H,x_R15_EXIT_E,0.00022111336825320795
88,131,x_R10_EXIT_H,x_R15_EXIT_F,0.00022111336825320795
88,132,x_R10_EXIT_H,x_R15_EXIT_G,0.00022111336825320795
88,133,x_R10_EXIT_H,x_R15_EXIT_H,0.0014822785056974308
88,134,x_R10_EXIT_H,x_R15_EXIT_STAIRWELL,0.00022111336825320795
88,135,x_R10_EXIT_H,x_R16_EXIT_A,0.00018016644820631754
88,136,x_R10_EXIT_H,x_R16_EXIT_B,0.00018016644820631754
88,137,x_R10_EXIT_H,x_R16_EXIT_C,0.00018016644820631754
88,138,x_R10_EXIT_H,x_R16_EXIT_D,0.0001474089121688053
88,139,x_R10_EXIT_H,x_R16_EXIT_E,0.0004422267365064159
88,140,x_R10_EXIT_H,x_R16_EXIT_F,0.0004422267365064159
88,141,x_R10_EXIT_H,x_R16_EXIT_G,0.0004422267365064159
88,142,x_R10_EXIT_H,x_R16_EXIT_H,0.0029645570113948617
88,143,x_R10_EXIT_H,x_R16_EXIT_STAIRWELL,0.0004422267365064159
88,153,x_R10_EXIT_H,x_R24_EXIT_A,0.0001474089121688053
88,155,x_R10_EXIT_H,x_R24_EXIT_C,0.0001474089121688053
88,156,x_R10_EXIT_H,x_R24_EXIT_D,0.0005896356486752212
88,160,x_R10_EXIT_H,x_R24_EXIT_H,0.0013921952815942721
88,162,x_R10_EXIT_H,x_R25_EXIT_A,0.0003685222804220132
88,163,x_R10_EXIT_H,x_R25_EXIT_B,0.0003685222804220132
88,164,x_R10_EXIT_H,x_R25_EXIT_C,0.0003685222804220132
88,166,x_R10_EXIT_H,x_R25_EXIT_E,0.0002948178243376106
88,167,x_R10_EXIT_H,x_R25_EXIT_F,0.0002948178243376106
88,168,x_R10_EXIT_H,x_R25_EXIT_G,0.0002948178243376106
88,169,x_R10_EXIT_H,x_R25_EXIT_H,0.0028171480992260564
88,170,x_R10_EXIT_H,x_R25_EXIT_STAIRWELL,0.0002948178243376106
88,174,x_R10_EXIT_H,x_R28_EXIT_D,0.0002948178243376106
88,178,x_R10_EXIT_H,x_R28_EXIT_H,0.0006960976407971361
88,183,x_R10_EXIT_H,x_R29_EXIT_D,0.0002948178243376106
88,187,x_R10_EXIT_H,x_R29_EXIT_H,0.0006960976407971361
88,192,x_R10_EXIT_H,x_R30_EXIT_D,0.0002948178243376106
88,196,x_R10_EXIT_H,x_R30_EXIT_H,0.0006960976407971361
88,201,x_R10_EXIT_H,x_R31_EXIT_D,0.0002948178243376106
88,205,x_R10_EXIT_H,x_R31_EXIT_H,0.0006960976407971361
88,210,x_R10_EXIT_H,x_R32_EXIT_D,0.0002948178243376106
88,214,x_R10_EXIT_H,x_R32_EXIT_H,0.0006960976407971361
88,219,x_R10_EXIT_H,x_R33_EXIT_D,0.0002948178243376106
88,223,x_R10_EXIT_H,x_R33_EXIT_H,0.0006960976407971361
88,228,x_R10_EXIT_H,x_R34_EXIT_D,0.0002948178243376106
88,232,x_R10_EXIT_H,x_R34_EXIT_H,0.0006960976407971361
88,237,x_R10_EXIT_H,x_R35_EXIT_D,0.002047346002344518
88,241,x_R10_EXIT_H,x_R35_EXIT_H,0.00032757536037512284
88,243,x_R10_EXIT_H,x_R36_EXIT_A,0.00036852228042201317
88,244,x_R10_EXIT_H,x_R36_EXIT_B,0.00036852228042201317
88,246,x_R10_EXIT_H,x_R36_EXIT_D,0.0014740891216880527
88,250,x_R10_EXIT_H,x_R36_EXIT_H,0.00348048820398568
89,89,x_R10_EXIT_STAIRWELL,x_R10_EXIT_STAIRWELL,-0.8112853810784778
89,93,x_R10_EXIT_STAIRWELL,x_R11_EXIT_D,0.00032757536037512284
89,94,x_R10_EXIT_STAIRWELL,x_R11_EXIT_E,0.0004422267365064159
89,95,x_R10_EXIT_STAIRWELL,x_R11_EXIT_F,0.0008025596329190509
89,98,x_R10_EXIT_STAIRWELL,x_R11_EXIT_STAIRWELL,0.0011628925293316861
89,102,x_R10_EXIT_STAIRWELL,x_R12_EXIT_D,0.0005896356486752212
89,103,x_R10_EXIT_STAIRWELL,x_R12_EXIT_E,0.0001474089121688053
89,104,x_R10_EXIT_STAIRWELL,x_R12_EXIT_F,0.000573256880656465
89,107,x_R10_EXIT_STAIRWELL,x_R12_EXIT_STAIRWELL,0.0012939226734817353
89,111,x_R10_EXIT_STAIRWELL,x_R13_EXIT_D,0.0002948178243376106
89,116,x_R10_EXIT_STAIRWELL,x_R13_EXIT_STAIRWELL,0.0003275753603751229
89,120,x_R10_EXIT_STAIRWELL,x_R14_EXIT_D,0.0002948178243376106
89,125,x_R10_EXIT_STAIRWELL,x_R14_EXIT_STAIRWELL,0.0003275753603751229
89,130,x_R10_EXIT_STAIRWELL,x_R15_EXIT_E,0.0004422267365064159
89,131,x_R10_EXIT_STAIRWELL,x_R15_EXIT_F,0.0006223931847127334
89,132,x_R10_EXIT_STAIRWELL,x_R15_EXIT_G,0.0004790789645486172
89,133,x_R10_EXIT_STAIRWELL,x_R15_EXIT_H,0.00022111336825320795
89,134,x_R10_EXIT_STAIRWELL,x_R15_EXIT_STAIRWELL,0.000802559632919051
89,135,x_R10_EXIT_STAIRWELL,x_R16_EXIT_A,0.00018016644820631754
89,136,x_R10_EXIT_STAIRWELL,x_R16_EXIT_B,0.00018016644820631754
89,137,x_R10_EXIT_STAIRWELL,x_R16_EXIT_C,0.00018016644820631754
89,138,x_R10_EXIT_STAIRWELL,x_R16_EXIT_D,0.0001474089121688053
89,139,x_R10_EXIT_STAIRWELL,x_R16_EXIT_E,0.0008844534730128318
89,140,x_R10_EXIT_STAIRWELL,x_R16_EXIT_F,0.001244786369425467
89,141,x_R10_EXIT_STAIRWELL,x_R16_EXIT_G,0.0009581579290972344
89,142,x_R10_EXIT_STAIRWELL,x_R16_EXIT_H,0.0004422267365064159
89,143,x_R10_EXIT_STAIRWELL,x_R16_EXIT_STAIRWELL,0.001605119265838102
89,153,x_R10_EXIT_STAIRWELL,x_R24_EXIT_A,0.00021292398424382984
89,154,x_R10_EXIT_STAIRWELL,x_R24_EXIT_B,0.00021292398424382984
89,155,x_R10_EXIT_STAIRWELL,x_R24_EXIT_C,0.0002948178243376106
89,156,x_R10_EXIT_STAIRWELL,x_R24_EXIT_D,0.0008844534730128318
89,158,x_R10_EXIT_STAIRWELL,x_R24_EXIT_F,0.0003603328964126351
89,159,x_R10_EXIT_STAIRWELL,x_R24_EXIT_G,0.0004258479684876597
89,160,x_R10_EXIT_STAIRWELL,x_R24_EXIT_H,0.00021292398424382984
89,161,x_R10_EXIT_STAIRWELL,x_R24_EXIT_STAIRWELL,0.0010809986892379056
89,162,x_R10_EXIT_STAIRWELL,x_R25_EXIT_A,0.0002948178243376106
89,163,x_R10_EXIT_STAIRWELL,x_R25_EXIT_B,0.0002948178243376106
89,164,x_R10_EXIT_STAIRWELL,x_R25_EXIT_C,0.0002948178243376106
89,166,x_R10_EXIT_STAIRWELL,x_R25_EXIT_E,0.0007370445608440265
89,167,x_R10_EXIT_STAIRWELL,x_R25_EXIT_F,0.0010973774572566616
89,168,x_R10_EXIT_STAIRWELL,x_R25_EXIT_G,0.0008107490169284291
89,169,x_R10_EXIT_STAIRWELL,x_R25_EXIT_H,0.0002948178243376106
89,170,x_R10_EXIT_STAIRWELL,x_R25_EXIT_STAIRWELL,0.0014577103536692968
89,174,x_R10_EXIT_STAIRWELL,x_R28_EXIT_D,0.0008107490169284291
89,179,x_R10_EXIT_STAIRWELL,x_R28_EXIT_STAIRWELL,0.0003275753603751229
89,183,x_R10_EXIT_STAIRWELL,x_R29_EXIT_D,0.0008107490169284291
89,188,x_R10_EXIT_STAIRWELL,x_R29_EXIT_STAIRWELL,0.0003275753603751229
89,192,x_R10_EXIT_STAIRWELL,x_R30_EXIT_D,0.0008107490169284291
89,197,x_R10_EXIT_STAIRWELL,x_R30_EXIT_STAIRWELL,0.0003275753603751229
89,200,x_R10_EXIT_STAIRWELL,x_R31_EXIT_C,0.0005486887286283307
89,201,x_R10_EXIT_STAIRWELL,x_R31_EXIT_D,0.0008435065529659413
89,206,x_R10_EXIT_STAIRWELL,x_R31_EXIT_STAIRWELL,0.0003275753603751229
89,208,x_R10_EXIT_STAIRWELL,x_R32_EXIT_B,0.00021292398424382984
89,209,x_R10_EXIT_STAIRWELL,x_R32_EXIT_C,0.0004422267365064159
89,210,x_R10_EXIT_STAIRWELL,x_R32_EXIT_D,0.0007370445608440265
89,215,x_R10_EXIT_STAIRWELL,x_R32_EXIT_STAIRWELL,0.0003275753603751229
89,217,x_R10_EXIT_STAIRWELL,x_R33_EXIT_B,0.00021292398424382984
89,218,x_R10_EXIT_STAIRWELL,x_R33_EXIT_C,0.0004422267365064159
89,219,x_R10_EXIT_STAIRWELL,x_R33_EXIT_D,0.0007370445608440265
89,224,x_R10_EXIT_STAIRWELL,x_R33_EXIT_STAIRWELL,0.0003275753603751229
89,226,x_R10_EXIT_STAIRWELL,x_R34_EXIT_B,0.00021292398424382984
89,227,x_R10_EXIT_STAIRWELL,x_R34_EXIT_C,0.0004422267365064159
89,228,x_R10_EXIT_STAIRWELL,x_R34_EXIT_D,0.0007370445608440265
89,233,x_R10_EXIT_STAIRWELL,x_R34_EXIT_STAIRWELL,0.0003275753603751229
89,237,x_R10_EXIT_STAIRWELL,x_R35_EXIT_D,0.0002948178243376106
89,242,x_R10_EXIT_STAIRWELL,x_R35_EXIT_STAIRWELL,0.0003275753603751229
89,246,x_R10_EXIT_STAIRWELL,x_R36_EXIT_D,0.004053745084642145
89,251,x_R10_EXIT_STAIRWELL,x_R36_EXIT_STAIRWELL,0.0016378768018756142
90,90,x_R11_EXIT_A,x_R11_EXIT_A,-0.8064266937545203
90,91,x_R11_EXIT_A,x_R11_EXIT_B,1.6755050535071399
90,92,x_R11_EXIT_A,x_R11_EXIT_C,1.67484171340238
90,93,x_R11_EXIT_A,x_R11_EXIT_D,1.6745468955780425
90,94,x_R11_EXIT_A,x_R11_EXIT_E,1.67484171340238
90,95,x_R11_EXIT_A,x_R11_EXIT_F,1.67484171340238
90,96,x_R11_EXIT_A,x_R11_EXIT_G,1.67484171340238
90,97,x_R11_EXIT_A,x_R11_EXIT_H,1.6757998713314775
90,98,x_R11_EXIT_A,x_R11_EXIT_STAIRWELL,1.67484171340238
90,99,x_R11_EXIT_A,x_R12_EXIT_A,0.001392195281594272
90,108,x_R11_EXIT_A,x_R13_EXIT_A,0.0003275753603751229
90,109,x_R11_EXIT_A,x_R13_EXIT_B,0.0002948178243376106
90,110,x_R11_EXIT_A,x_R13_EXIT_C,0.0009581579290972342
90,117,x_R11_EXIT_A,x_R14_EXIT_A,0.0003275753603751229
90,118,x_R11_EXIT_A,x_R14_EXIT_B,0.0002948178243376106
90,119,x_R11_EXIT_A,x_R14_EXIT_C,0.0009581579290972342
90,126,x_R11_EXIT_A,x_R15_EXIT_A,0.0009745366971159905
90,127,x_R11_EXIT_A,x_R15_EXIT_B,0.0004790789645486171
90,128,x_R11_EXIT_A,x_R15_EXIT_C,0.0001474089121688053
90,135,x_R11_EXIT_A,x_R16_EXIT_A,0.001949073394231981
90,136,x_R11_EXIT_A,x_R16_EXIT_B,0.0009581579290972342
90,137,x_R11_EXIT_A,x_R16_EXIT_C,0.0002948178243376106
90,153,x_R11_EXIT_A,x_R24_EXIT_A,0.001392195281594272
90,162,x_R11_EXIT_A,x_R25_EXIT_A,0.0016542555698943707
90,163,x_R11_EXIT_A,x_R25_EXIT_B,0.0006633401047596237
90,171,x_R11_EXIT_A,x_R28_EXIT_A,0.000696097640797136
90,180,x_R11_EXIT_A,x_R29_EXIT_A,0.000696097640797136
90,189,x_R11_EXIT_A,x_R30_EXIT_A,0.000696097640797136
90,198,x_R11_EXIT_A,x_R31_EXIT_A,0.000696097640797136
90,207,x_R11_EXIT_A,x_R32_EXIT_A,0.000696097640797136
90,216,x_R11_EXIT_A,x_R33_EXIT_A,0.000696097640797136
90,225,x_R11_EXIT_A,x_R34_EXIT_A,0.000696097640797136
90,234,x_R11_EXIT_A,x_R35_EXIT_A,0.0003275753603751229
90,235,x_R11_EXIT_A,x_R35_EXIT_B,0.0006633401047596237
90,236,x_R11_EXIT_A,x_R35_EXIT_C,0.0013266802095192477
90,237,x_R11_EXIT_A,x_R35_EXIT_D,0.0003685222804220132
90,238,x_R11_EXIT_A,x_R35_EXIT_E,0.0003685222804220132
90,239,x_R11_EXIT_A,x_R35_EXIT_F,0.0003685222804220132
90,240,x_R11_EXIT_A,x_R35_EXIT_G,0.0003685222804220132
90,242,x_R11_EXIT_A,x_R35_EXIT_STAIRWELL,0.0003685222804220132
90,243,x_R11_EXIT_A,x_R36_EXIT_A,0.00348048820398568
90,244,x_R11_EXIT_A,x_R36_EXIT_B,0.0014740891216880527
91,91,x_R11_EXIT_B,x_R11_EXIT_B,-0.8142803027956173
91,92,x_R11_EXIT_B,x_R11_EXIT_C,1.67484171340238
91,93,x_R11_EXIT_B,x_R11_EXIT_D,1.6745468955780425
91,94,x_R11_EXIT_B,x_R11_EXIT_E,1.67484171340238
91,95,x_R11_EXIT_B,x_R11_EXIT_F,1.67484171340238
91,96,x_R11_EXIT_B,x_R11_EXIT_G,1.67484171340238
91,97,x_R11_EXIT_B,x_R11_EXIT_H,1.6755050535071399
91,98,x_R11_EXIT_B,x_R11_EXIT_STAIRWELL,1.67484171340238
91,100,x_R11_EXIT_B,x_R12_EXIT_B,0.0006551507207502457
91,109,x_R11_EXIT_B,x_R13_EXIT_B,0.00032757536037512284
91,110,x_R11_EXIT_B,x_R13_EXIT_C,0.0006633401047596237
91,118,x_R11_EXIT_B,x_R14_EXIT_B,0.00032757536037512284
91,119,x_R11_EXIT_B,x_R14_EXIT_C,0.0006633401047596237
91,126,x_R11_EXIT_B,x_R15_EXIT_A,0.0004790789645486171
91,127,x_R11_EXIT_B,x_R15_EXIT_B,0.0006428666447361786
91,128,x_R11_EXIT_B,x_R15_EXIT_C,0.0001474089121688053
91,135,x_R11_EXIT_B,x_R16_EXIT_A,0.0009581579290972342
91,136,x_R11_EXIT_B,x_R16_EXIT_B,0.0012857332894723572
91,137,x_R11_EXIT_B,x_R16_EXIT_C,0.0002948178243376106
91,154,x_R11_EXIT_B,x_R24_EXIT_B,0.0006551507207502457
91,162,x_R11_EXIT_B,x_R25_EXIT_A,0.0006633401047596237
91,163,x_R11_EXIT_B,x_R25_EXIT_B,0.0009909154651347465
91,172,x_R11_EXIT_B,x_R28_EXIT_B,0.00032757536037512284
91,181,x_R11_EXIT_B,x_R29_EXIT_B,0.00032757536037512284
91,190,x_R11_EXIT_B,x_R30_EXIT_B,0.00032757536037512284
91,199,x_R11_EXIT_B,x_R31_EXIT_B,0.00032757536037512284
91,208,x_R11_EXIT_B,x_R32_EXIT_B,0.00032757536037512284
91,217,x_R11_EXIT_B,x_R33_EXIT_B,0.00032757536037512284
91,226,x_R11_EXIT_B,x_R34_EXIT_B,0.00032757536037512284
91,235,x_R11_EXIT_B,x_R35_EXIT_B,0.00032757536037512284
91,236,x_R11_EXIT_B,x_R35_EXIT_C,0.0006633401047596237
91,244,x_R11_EXIT_B,x_R36_EXIT_B,0.001637876801875614
92,92,x_R11_EXIT_C,x_R11_EXIT_C,-0.8221339118367141
92,93,x_R11_EXIT_C,x_R11_EXIT_D,1.6745468955780425
92,94,x_R11_EXIT_C,x_R11_EXIT_E,1.67484171340238
92,95,x_R11_EXIT_C,x_R11_EXIT_F,1.67484171340238
92,96,x_R11_EXIT_C,x_R11_EXIT_G,1.67484171340238
92,97,x_R11_EXIT_C,x_R11_EXIT_H,1.67484171340238
92,98,x_R11_EXIT_C,x_R11_EXIT_STAIRWELL,1.67484171340238
92,101,x_R11_EXIT_C,x_R12_EXIT_C,0.0006551507207502457
92,110,x_R11_EXIT_C,x_R13_EXIT_C,0.00032757536037512284
92,119,x_R11_EXIT_C,x_R14_EXIT_C,0.00032757536037512284
92,126,x_R11_EXIT_C,x_R15_EXIT_A,0.0001474089121688053
92,127,x_R11_EXIT_C,x_R15_EXIT_B,0.0001474089121688053
92,128,x_R11_EXIT_C,x_R15_EXIT_C,0.00031119659235636667
92,135,x_R11_EXIT_C,x_R16_EXIT_A,0.0002948178243376106
92,136,x_R11_EXIT_C,x_R16_EXIT_B,0.0002948178243376106
92,137,x_R11_EXIT_C,x_R16_EXIT_C,0.0006223931847127333
92,155,x_R11_EXIT_C,x_R24_EXIT_C,0.0006551507207502457
92,164,x_R11_EXIT_C,x_R25_EXIT_C,0.00032757536037512284
92,173,x_R11_EXIT_C,x_R28_EXIT_C,0.00032757536037512284
92,182,x_R11_EXIT_C,x_R29_EXIT_C,0.00032757536037512284
92,191,x_R11_EXIT_C,x_R30_EXIT_C,0.00032757536037512284
92,200,x_R11_EXIT_C,x_R31_EXIT_C,0.00032757536037512284
92,209,x_R11_EXIT_C,x_R32_EXIT_C,0.00032757536037512284
92,218,x_R11_EXIT_C,x_R33_EXIT_C,0.00032757536037512284
92,227,x_R11_EXIT_C,x_R34_EXIT_C,0.00032757536037512284
92,236,x_R11_EXIT_C,x_R35_EXIT_C,0.00032757536037512284
92,245,x_R11_EXIT_C,x_R36_EXIT_C,0.001637876801875614
93,93,x_R11_EXIT_D,x_R11_EXIT_D,-0.8180289882139616
93,94,x_R11_EXIT_D,x_R11_EXIT_E,1.6745468955780425
93,95,x_R11_EXIT_D,x_R11_EXIT_F,1.6745468955780425
93,96,x_R11_EXIT_D,x_R11_EXIT_G,1.6745468955780425
93,97,x_R11_EXIT_D,x_R11_EXIT_H,1.6745468955780425
93,98,x_R11_EXIT_D,x_R11_EXIT_STAIRWELL,1.6745468955780425
93,102,x_R11_EXIT_D,x_R12_EXIT_D,0.0006551507207502458
93,111,x_R11_EXIT_D,x_R13_EXIT_D,0.0003275753603751229
93,120,x_R11_EXIT_D,x_R14_EXIT_D,0.0003275753603751229
93,126,x_R11_EXIT_D,x_R15_EXIT_A,0.0004176585844782816
93,127,x_R11_EXIT_D,x_R15_EXIT_B,0.0004176585844782816
93,128,x_R11_EXIT_D,x_R15_EXIT_C,0.0004176585844782816
93,129,x_R11_EXIT_D,x_R15_EXIT_D,0.00023749213627196407
93,135,x_R11_EXIT_D,x_R16_EXIT_A,0.0008353171689565632
93,136,x_R11_EXIT_D,x_R16_EXIT_B,0.0008353171689565632
93,137,x_R11_EXIT_D,x_R16_EXIT_C,0.0008353171689565632
93,138,x_R11_EXIT_D,x_R16_EXIT_D,0.00047498427254392815
93,139,x_R11_EXIT_D,x_R16_EXIT_E,0.0001474089121688053
93,140,x_R11_EXIT_D,x_R16_EXIT_F,0.0001474089121688053
93,141,x_R11_EXIT_D,x_R16_EXIT_G,0.0001474089121688053
93,142,x_R11_EXIT_D,x_R16_EXIT_H,0.0001474089121688053
93,143,x_R11_EXIT_D,x_R16_EXIT_STAIRWELL,0.0001474089121688053
93,156,x_R11_EXIT_D,x_R24_EXIT_D,0.0006551507207502458
93,162,x_R11_EXIT_D,x_R25_EXIT_A,0.00022111336825320795
93,163,x_R11_EXIT_D,x_R25_EXIT_B,0.00022111336825320795
93,164,x_R11_EXIT_D,x_R25_EXIT_C,0.00022111336825320795
93,165,x_R11_EXIT_D,x_R25_EXIT_D,0.00010646199212191493
93,166,x_R11_EXIT_D,x_R25_EXIT_E,0.00022111336825320795
93,167,x_R11_EXIT_D,x_R25_EXIT_F,0.00022111336825320795
93,168,x_R11_EXIT_D,x_R25_EXIT_G,0.00022111336825320795
93,169,x_R11_EXIT_D,x_R25_EXIT_H,0.00022111336825320795
93,170,x_R11_EXIT_D,x_R25_EXIT_STAIRWELL,0.00022111336825320795
93,174,x_R11_EXIT_D,x_R28_EXIT_D,0.0003275753603751229
93,183,x_R11_EXIT_D,x_R29_EXIT_D,0.0003275753603751229
93,192,x_R11_EXIT_D,x_R30_EXIT_D,0.0003275753603751229
93,201,x_R11_EXIT_D,x_R31_EXIT_D,0.0003275753603751229
93,210,x_R11_EXIT_D,x_R32_EXIT_D,0.0003275753603751229
93,219,x_R11_EXIT_D,x_R33_EXIT_D,0.0003275753603751229
93,228,x_R11_EXIT_D,x_R34_EXIT_D,0.0003275753603751229
93,237,x_R11_EXIT_D,x_R35_EXIT_D,0.0003275753603751229
93,246,x_R11_EXIT_D,x_R36_EXIT_D,0.0016378768018756142
94,94,x_R11_EXIT_E,x_R11_EXIT_E,-0.796541209819518
94,95,x_R11_EXIT_E,x_R11_EXIT_F,1.6758653864035524
94,96,x_R11_EXIT_E,x_R11_EXIT_G,1.6753494552109616
94,97,x_R11_EXIT_E,x_R11_EXIT_H,1.67484171340238
94,98,x_R11_EXIT_E,x_R11_EXIT_STAIRWELL,1.6758653864035524
94,101,x_R11_EXIT_E,x_R12_EXIT_C,0.00036033289641263514
94,102,x_R11_EXIT_E,x_R12_EXIT_D,0.0001474089121688053
94,103,x_R11_EXIT_E,x_R12_EXIT_E,0.00402917693261401
94,112,x_R11_EXIT_E,x_R13_EXIT_E,0.0015723617298005895
94,121,x_R11_EXIT_E,x_R14_EXIT_E,0.0015723617298005895
94,126,x_R11_EXIT_E,x_R15_EXIT_A,0.0001474089121688053
94,127,x_R11_EXIT_E,x_R15_EXIT_B,0.0001474089121688053
94,128,x_R11_EXIT_E,x_R15_EXIT_C,0.0001474089121688053
94,130,x_R11_EXIT_E,x_R15_EXIT_E,0.0012284076014067106
94,131,x_R11_EXIT_E,x_R15_EXIT_F,0.00022111336825320795
94,132,x_R11_EXIT_E,x_R15_EXIT_G,0.00022111336825320795
94,134,x_R11_EXIT_E,x_R15_EXIT_STAIRWELL,0.00022111336825320795
94,135,x_R11_EXIT_E,x_R16_EXIT_A,0.0002948178243376106
94,136,x_R11_EXIT_E,x_R16_EXIT_B,0.0002948178243376106
94,137,x_R11_EXIT_E,x_R16_EXIT_C,0.0002948178243376106
94,139,x_R11_EXIT_E,x_R16_EXIT_E,0.0024568152028134212
94,140,x_R11_EXIT_E,x_R16_EXIT_F,0.0004422267365064159
94,141,x_R11_EXIT_E,x_R16_EXIT_G,0.0004422267365064159
94,143,x_R11_EXIT_E,x_R16_EXIT_STAIRWELL,0.0004422267365064159
94,155,x_R11_EXIT_E,x_R24_EXIT_C,0.0014577103536692962
94,156,x_R11_EXIT_E,x_R24_EXIT_D,0.0002948178243376106
94,157,x_R11_EXIT_E,x_R24_EXIT_E,0.0037343591082764005
94,162,x_R11_EXIT_E,x_R25_EXIT_A,0.000581446264665843
94,163,x_R11_EXIT_E,x_R25_EXIT_B,0.000581446264665843
94,164,x_R11_EXIT_E,x_R25_EXIT_C,0.000581446264665843
94,166,x_R11_EXIT_E,x_R25_EXIT_E,0.0024568152028134212
94,167,x_R11_EXIT_E,x_R25_EXIT_F,0.0004422267365064159
94,168,x_R11_EXIT_E,x_R25_EXIT_G,0.0004422267365064159
94,170,x_R11_EXIT_E,x_R25_EXIT_STAIRWELL,0.0004422267365064159
94,173,x_R11_EXIT_E,x_R28_EXIT_C,0.00018016644820631757
94,174,x_R11_EXIT_E,x_R28_EXIT_D,0.0004422267365064159
94,175,x_R11_EXIT_E,x_R28_EXIT_E,0.0015723617298005895
94,182,x_R11_EXIT_E,x_R29_EXIT_C,0.00018016644820631757
94,183,x_R11_EXIT_E,x_R29_EXIT_D,0.0004422267365064159
94,184,x_R11_EXIT_E,x_R29_EXIT_E,0.0015723617298005895
94,191,x_R11_EXIT_E,x_R30_EXIT_C,0.00018016644820631757
94,192,x_R11_EXIT_E,x_R30_EXIT_D,0.0004422267365064159
94,193,x_R11_EXIT_E,x_R30_EXIT_E,0.0015723617298005895
94,200,x_R11_EXIT_E,x_R31_EXIT_C,0.0013184908255098693
94,201,x_R11_EXIT_E,x_R31_EXIT_D,0.0007370445608440263
94,202,x_R11_EXIT_E,x_R31_EXIT_E,0.0015723617298005895
94,209,x_R11_EXIT_E,x_R32_EXIT_C,0.0013184908255098693
94,210,x_R11_EXIT_E,x_R32_EXIT_D,0.0007370445608440263
94,211,x_R11_EXIT_E,x_R32_EXIT_E,0.0015723617298005895
94,216,x_R11_EXIT_E,x_R33_EXIT_A,0.0008107490169284291
94,217,x_R11_EXIT_E,x_R33_EXIT_B,0.0008107490169284291
94,218,x_R11_EXIT_E,x_R33_EXIT_C,0.0021292398424382986
94,219,x_R11_EXIT_E,x_R33_EXIT_D,0.0015477935777724555
94,220,x_R11_EXIT_E,x_R33_EXIT_E,0.0006960976407971362
94,221,x_R11_EXIT_E,x_R33_EXIT_F,0.0008107490169284291
94,222,x_R11_EXIT_E,x_R33_EXIT_G,0.0008107490169284291
94,223,x_R11_EXIT_E,x_R33_EXIT_H,0.0008107490169284291
94,224,x_R11_EXIT_E,x_R33_EXIT_STAIRWELL,0.0008107490169284291
94,225,x_R11_EXIT_E,x_R34_EXIT_A,0.00022111336825320795
94,226,x_R11_EXIT_E,x_R34_EXIT_B,0.00022111336825320795
94,227,x_R11_EXIT_E,x_R34_EXIT_C,0.0015396041937630772
94,228,x_R11_EXIT_E,x_R34_EXIT_D,0.0009581579290972342
94,229,x_R11_EXIT_E,x_R34_EXIT_E,0.00010646199212191492
94,230,x_R11_EXIT_E,x_R34_EXIT_F,0.00022111336825320795
94,231,x_R11_EXIT_E,x_R34_EXIT_G,0.00022111336825320795
94,232,x_R11_EXIT_E,x_R34_EXIT_H,0.00022111336825320795
94,233,x_R11_EXIT_E,x_R34_EXIT_STAIRWELL,0.00022111336825320795
94,238,x_R11_EXIT_E,x_R35_EXIT_E,0.0015723617298005895
94,245,x_R11_EXIT_E,x_R36_EXIT_C,0.0009008322410315878
94,246,x_R11_EXIT_E,x_R36_EXIT_D,0.002211133682532079
94,247,x_R11_EXIT_E,x_R36_EXIT_E,0.007861808649002947
95,95,x_R11_EXIT_F,x_R11_EXIT_F,-0.8009286671905941
95,96,x_R11_EXIT_F,x_R11_EXIT_G,1.6753494552109616
95,97,x_R11_EXIT_F,x_R11_EXIT_H,1.67484171340238
95,98,x_R11_EXIT_F,x_R11_EXIT_STAIRWELL,1.676225719299965
95,101,x_R11_EXIT_F,x_R12_EXIT_C,0.00036033289641263514
95,102,x_R11_EXIT_F,x_R12_EXIT_D,0.0001474089121688053
95,103,x_R11_EXIT_F,x_R12_EXIT_E,0.0001474089121688053
95,104,x_R11_EXIT_F,x_R12_EXIT_F,0.0013758165135755159
95,107,x_R11_EXIT_F,x_R12_EXIT_STAIRWELL,0.000573256880656465
95,113,x_R11_EXIT_F,x_R13_EXIT_F,0.0003275753603751229
95,122,x_R11_EXIT_F,x_R14_EXIT_F,0.0003275753603751229
95,126,x_R11_EXIT_F,x_R15_EXIT_A,0.0001474089121688053
95,127,x_R11_EXIT_F,x_R15_EXIT_B,0.0001474089121688053
95,128,x_R11_EXIT_F,x_R15_EXIT_C,0.0001474089121688053
95,130,x_R11_EXIT_F,x_R15_EXIT_E,0.00022111336825320795
95,131,x_R11_EXIT_F,x_R15_EXIT_F,0.0006019197246892882
95,132,x_R11_EXIT_F,x_R15_EXIT_G,0.00025796559629540924
95,134,x_R11_EXIT_F,x_R15_EXIT_STAIRWELL,0.00040127981645952547
95,135,x_R11_EXIT_F,x_R16_EXIT_A,0.0002948178243376106
95,136,x_R11_EXIT_F,x_R16_EXIT_B,0.0002948178243376106
95,137,x_R11_EXIT_F,x_R16_EXIT_C,0.0002948178243376106
95,139,x_R11_EXIT_F,x_R16_EXIT_E,0.0004422267365064159
95,140,x_R11_EXIT_F,x_R16_EXIT_F,0.0012038394493785764
95,141,x_R11_EXIT_F,x_R16_EXIT_G,0.0005159311925908185
95,143,x_R11_EXIT_F,x_R16_EXIT_STAIRWELL,0.0008025596329190509
95,153,x_R11_EXIT_F,x_R24_EXIT_A,0.00021292398424382984
95,154,x_R11_EXIT_F,x_R24_EXIT_B,0.00021292398424382984
95,155,x_R11_EXIT_F,x_R24_EXIT_C,0.0014577103536692962
95,156,x_R11_EXIT_F,x_R24_EXIT_D,0.0002948178243376106
95,158,x_R11_EXIT_F,x_R24_EXIT_F,0.0011628925293316861
95,159,x_R11_EXIT_F,x_R24_EXIT_G,0.0003603328964126351
95,160,x_R11_EXIT_F,x_R24_EXIT_H,0.00021292398424382984
95,161,x_R11_EXIT_F,x_R24_EXIT_STAIRWELL,0.0003603328964126351
95,162,x_R11_EXIT_F,x_R25_EXIT_A,0.000581446264665843
95,163,x_R11_EXIT_F,x_R25_EXIT_B,0.000581446264665843
95,164,x_R11_EXIT_F,x_R25_EXIT_C,0.000581446264665843
95,166,x_R11_EXIT_F,x_R25_EXIT_E,0.0004422267365064159
95,167,x_R11_EXIT_F,x_R25_EXIT_F,0.0012038394493785764
95,168,x_R11_EXIT_F,x_R25_EXIT_G,0.0005159311925908185
95,170,x_R11_EXIT_F,x_R25_EXIT_STAIRWELL,0.0008025596329190509
95,173,x_R11_EXIT_F,x_R28_EXIT_C,0.00018016644820631757
95,174,x_R11_EXIT_F,x_R28_EXIT_D,0.0005159311925908185
95,176,x_R11_EXIT_F,x_R28_EXIT_F,0.0003275753603751229
95,182,x_R11_EXIT_F,x_R29_EXIT_C,0.00018016644820631757
95,183,x_R11_EXIT_F,x_R29_EXIT_D,0.0005159311925908185
95,185,x_R11_EXIT_F,x_R29_EXIT_F,0.0003275753603751229
95,191,x_R11_EXIT_F,x_R30_EXIT_C,0.00018016644820631757
95,192,x_R11_EXIT_F,x_R30_EXIT_D,0.0005159311925908185
95,194,x_R11_EXIT_F,x_R30_EXIT_F,0.0003275753603751229
95,200,x_R11_EXIT_F,x_R31_EXIT_C,0.0010973774572566614
95,201,x_R11_EXIT_F,x_R31_EXIT_D,0.0005159311925908185
95,203,x_R11_EXIT_F,x_R31_EXIT_F,0.00010646199212191492
95,207,x_R11_EXIT_F,x_R32_EXIT_A,0.00022111336825320795
95,208,x_R11_EXIT_F,x_R32_EXIT_B,0.00021292398424382984
95,209,x_R11_EXIT_F,x_R32_EXIT_C,0.0010236730011722588
95,210,x_R11_EXIT_F,x_R32_EXIT_D,0.0004422267365064159
95,212,x_R11_EXIT_F,x_R32_EXIT_F,0.00010646199212191492
95,213,x_R11_EXIT_F,x_R32_EXIT_G,0.00022111336825320795
95,214,x_R11_EXIT_F,x_R32_EXIT_H,0.00022111336825320795
95,215,x_R11_EXIT_F,x_R32_EXIT_STAIRWELL,0.00022111336825320795
95,217,x_R11_EXIT_F,x_R33_EXIT_B,0.00021292398424382984
95,218,x_R11_EXIT_F,x_R33_EXIT_C,0.0010236730011722588
95,219,x_R11_EXIT_F,x_R33_EXIT_D,0.0004422267365064159
95,221,x_R11_EXIT_F,x_R33_EXIT_F,0.0003275753603751229
95,226,x_R11_EXIT_F,x_R34_EXIT_B,0.00021292398424382984
95,227,x_R11_EXIT_F,x_R34_EXIT_C,0.0010236730011722588
95,228,x_R11_EXIT_F,x_R34_EXIT_D,0.0004422267365064159
95,230,x_R11_EXIT_F,x_R34_EXIT_F,0.0003275753603751229
95,239,x_R11_EXIT_F,x_R35_EXIT_F,0.0003275753603751229
95,245,x_R11_EXIT_F,x_R36_EXIT_C,0.0009008322410315878
95,246,x_R11_EXIT_F,x_R36_EXIT_D,0.0025796559629540925
95,248,x_R11_EXIT_F,x_R36_EXIT_F,0.0016378768018756142
96,96,x_R11_EXIT_G,x_R11_EXIT_G,-0.7917645297931017
96,97,x_R11_EXIT_G,x_R11_EXIT_H,1.67484171340238
96,98,x_R11_EXIT_G,x_R11_EXIT_STAIRWELL,1.6753494552109616
96,101,x_R11_EXIT_G,x_R12_EXIT_C,0.00036033289641263514
96,102,x_R11_EXIT_G,x_R12_EXIT_D,0.0016870131059318826
96,103,x_R11_EXIT_G,x_R12_EXIT_E,0.0013266802095192477
96,104,x_R11_EXIT_G,x_R12_EXIT_F,0.0013266802095192477
96,105,x_R11_EXIT_G,x_R12_EXIT_G,0.005699811270527138
96,107,x_R11_EXIT_G,x_R12_EXIT_STAIRWELL,0.0013266802095192477
96,111,x_R11_EXIT_G,x_R13_EXIT_D,0.0008762640890034537
96,112,x_R11_EXIT_G,x_R13_EXIT_E,0.00028662844032823246
96,113,x_R11_EXIT_G,x_R13_EXIT_F,0.00028662844032823246
96,114,x_R11_EXIT_G,x_R13_EXIT_G,0.0020063990822976273
96,116,x_R11_EXIT_G,x_R13_EXIT_STAIRWELL,0.00028662844032823246
96,120,x_R11_EXIT_G,x_R14_EXIT_D,0.0008762640890034537
96,121,x_R11_EXIT_G,x_R14_EXIT_E,0.00028662844032823246
96,122,x_R11_EXIT_G,x_R14_EXIT_F,0.00028662844032823246
96,123,x_R11_EXIT_G,x_R14_EXIT_G,0.0020063990822976273
96,125,x_R11_EXIT_G,x_R14_EXIT_STAIRWELL,0.00028662844032823246
96,126,x_R11_EXIT_G,x_R15_EXIT_A,0.0001474089121688053
96,127,x_R11_EXIT_G,x_R15_EXIT_B,0.0001474089121688053
96,128,x_R11_EXIT_G,x_R15_EXIT_C,0.0001474089121688053
96,132,x_R11_EXIT_G,x_R15_EXIT_G,0.0010932827652519726
96,133,x_R11_EXIT_G,x_R15_EXIT_H,0.00043813204450172683
96,135,x_R11_EXIT_G,x_R16_EXIT_A,0.0002948178243376106
96,136,x_R11_EXIT_G,x_R16_EXIT_B,0.0002948178243376106
96,137,x_R11_EXIT_G,x_R16_EXIT_C,0.0002948178243376106
96,141,x_R11_EXIT_G,x_R16_EXIT_G,0.002186565530503945
96,142,x_R11_EXIT_G,x_R16_EXIT_H,0.0008762640890034537
96,153,x_R11_EXIT_G,x_R24_EXIT_A,0.00036033289641263514
96,154,x_R11_EXIT_G,x_R24_EXIT_B,0.0011792712973504424
96,155,x_R11_EXIT_G,x_R24_EXIT_C,0.0010154836171628807
96,159,x_R11_EXIT_G,x_R24_EXIT_G,0.0034395412839387904
96,160,x_R11_EXIT_G,x_R24_EXIT_H,0.00036033289641263514
96,162,x_R11_EXIT_G,x_R25_EXIT_A,0.0005077418085814403
96,163,x_R11_EXIT_G,x_R25_EXIT_B,0.0005077418085814403
96,164,x_R11_EXIT_G,x_R25_EXIT_C,0.0005077418085814403
96,168,x_R11_EXIT_G,x_R25_EXIT_G,0.002186565530503945
96,169,x_R11_EXIT_G,x_R25_EXIT_H,0.0008762640890034537
96,171,x_R11_EXIT_G,x_R28_EXIT_A,0.001899937090175713
96,172,x_R11_EXIT_G,x_R28_EXIT_B,0.0026697391870572516
96,173,x_R11_EXIT_G,x_R28_EXIT_C,0.002923610091347972
96,174,x_R11_EXIT_G,x_R28_EXIT_D,0.0020801035383820306
96,175,x_R11_EXIT_G,x_R28_EXIT_E,0.0016133086498474804
96,176,x_R11_EXIT_G,x_R28_EXIT_F,0.0016133086498474804
96,177,x_R11_EXIT_G,x_R28_EXIT_G,0.00010646199212191492
96,178,x_R11_EXIT_G,x_R28_EXIT_H,0.001899937090175713
96,179,x_R11_EXIT_G,x_R28_EXIT_STAIRWELL,0.0016133086498474804
96,180,x_R11_EXIT_G,x_R29_EXIT_A,0.0012447863694254667
96,181,x_R11_EXIT_G,x_R29_EXIT_B,0.0020145884663070055
96,182,x_R11_EXIT_G,x_R29_EXIT_C,0.0022684593705977253
96,183,x_R11_EXIT_G,x_R29_EXIT_D,0.0014249528176317845
96,184,x_R11_EXIT_G,x_R29_EXIT_E,0.0009581579290972342
96,185,x_R11_EXIT_G,x_R29_EXIT_F,0.0009581579290972342
96,186,x_R11_EXIT_G,x_R29_EXIT_G,0.0006960976407971361
96,187,x_R11_EXIT_G,x_R29_EXIT_H,0.0012447863694254667
96,188,x_R11_EXIT_G,x_R29_EXIT_STAIRWELL,0.0009581579290972342
96,189,x_R11_EXIT_G,x_R30_EXIT_A,0.00036033289641263514
96,190,x_R11_EXIT_G,x_R30_EXIT_B,0.001130134993294174
96,191,x_R11_EXIT_G,x_R30_EXIT_C,0.0013840058975848942
96,192,x_R11_EXIT_G,x_R30_EXIT_D,0.0005404993446189528
96,195,x_R11_EXIT_G,x_R30_EXIT_G,0.0016460661858849926
96,196,x_R11_EXIT_G,x_R30_EXIT_H,0.00036033289641263514
96,198,x_R11_EXIT_G,x_R31_EXIT_A,0.00028662844032823246
96,199,x_R11_EXIT_G,x_R31_EXIT_B,0.0010564305372097714
96,200,x_R11_EXIT_G,x_R31_EXIT_C,0.0005077418085814403
96,204,x_R11_EXIT_G,x_R31_EXIT_G,0.0017197706419693952
96,205,x_R11_EXIT_G,x_R31_EXIT_H,0.00028662844032823246
96,207,x_R11_EXIT_G,x_R32_EXIT_A,0.00028662844032823246
96,208,x_R11_EXIT_G,x_R32_EXIT_B,0.0005896356486752212
96,209,x_R11_EXIT_G,x_R32_EXIT_C,0.0005077418085814403
96,213,x_R11_EXIT_G,x_R32_EXIT_G,0.0017197706419693952
96,214,x_R11_EXIT_G,x_R32_EXIT_H,0.00028662844032823246
96,216,x_R11_EXIT_G,x_R33_EXIT_A,0.00028662844032823246
96,217,x_R11_EXIT_G,x_R33_EXIT_B,0.0005896356486752212
96,218,x_R11_EXIT_G,x_R33_EXIT_C,0.0005077418085814403
96,222,x_R11_EXIT_G,x_R33_EXIT_G,0.0017197706419693952
96,223,x_R11_EXIT_G,x_R33_EXIT_H,0.00028662844032823246
96,225,x_R11_EXIT_G,x_R34_EXIT_A,0.00028662844032823246
96,226,x_R11_EXIT_G,x_R34_EXIT_B,0.0005896356486752212
96,227,x_R11_EXIT_G,x_R34_EXIT_C,0.0005077418085814403
96,231,x_R11_EXIT_G,x_R34_EXIT_G,0.0017197706419693952
96,232,x_R11_EXIT_G,x_R34_EXIT_H,0.00028662844032823246
96,237,x_R11_EXIT_G,x_R35_EXIT_D,0.0008762640890034537
96,238,x_R11_EXIT_G,x_R35_EXIT_E,0.00028662844032823246
96,239,x_R11_EXIT_G,x_R35_EXIT_F,0.00028662844032823246
96,240,x_R11_EXIT_G,x_R35_EXIT_G,0.0020063990822976273
96,242,x_R11_EXIT_G,x_R35_EXIT_STAIRWELL,0.00028662844032823246
96,245,x_R11_EXIT_G,x_R36_EXIT_C,0.005650674966470869
96,246,x_R11_EXIT_G,x_R36_EXIT_D,0.0014331422016411624
96,247,x_R11_EXIT_G,x_R36_EXIT_E,0.0009008322410315877
96,248,x_R11_EXIT_G,x_R36_EXIT_F,0.0009008322410315877
96,249,x_R11_EXIT_G,x_R36_EXIT_G,0.009499685450878563
96,251,x_R11_EXIT_G,x_R36_EXIT_STAIRWELL,0.0009008322410315877
97,97,x_R11_EXIT_H,x_R11_EXIT_H,-0.7994088557121697
97,98,x_R11_EXIT_H,x_R11_EXIT_STAIRWELL,1.67484171340238
97,99,x_R11_EXIT_H,x_R12_EXIT_A,0.0004422267365064159
97,106,x_R11_EXIT_H,x_R12_EXIT_H,0.0015396041937630774
97,109,x_R11_EXIT_H,x_R13_EXIT_B,0.0013266802095192472
97,110,x_R11_EXIT_H,x_R13_EXIT_C,0.0019900203142788715
97,111,x_R11_EXIT_H,x_R13_EXIT_D,0.0004422267365064159
97,112,x_R11_EXIT_H,x_R13_EXIT_E,0.0003685222804220132
97,113,x_R11_EXIT_H,x_R13_EXIT_F,0.0003685222804220132
97,114,x_R11_EXIT_H,x_R13_EXIT_G,0.0003685222804220132
97,115,x_R11_EXIT_H,x_R13_EXIT_H,0.00032757536037512284
97,116,x_R11_EXIT_H,x_R13_EXIT_STAIRWELL,0.0003685222804220132
97,118,x_R11_EXIT_H,x_R14_EXIT_B,0.0013266802095192472
97,119,x_R11_EXIT_H,x_R14_EXIT_C,0.0019900203142788715
97,120,x_R11_EXIT_H,x_R14_EXIT_D,0.0004422267365064159
97,121,x_R11_EXIT_H,x_R14_EXIT_E,0.0003685222804220132
97,122,x_R11_EXIT_H,x_R14_EXIT_F,0.0003685222804220132
97,123,x_R11_EXIT_H,x_R14_EXIT_G,0.0003685222804220132
97,124,x_R11_EXIT_H,x_R14_EXIT_H,0.00032757536037512284
97,125,x_R11_EXIT_H,x_R14_EXIT_STAIRWELL,0.0003685222804220132
97,126,x_R11_EXIT_H,x_R15_EXIT_A,0.0006264878767174225
97,127,x_R11_EXIT_H,x_R15_EXIT_B,0.0004790789645486171
97,128,x_R11_EXIT_H,x_R15_EXIT_C,0.0001474089121688053
97,133,x_R11_EXIT_H,x_R15_EXIT_H,0.00038490104844076935
97,135,x_R11_EXIT_H,x_R16_EXIT_A,0.001252975753434845
97,136,x_R11_EXIT_H,x_R16_EXIT_B,0.0009581579290972342
97,137,x_R11_EXIT_H,x_R16_EXIT_C,0.0002948178243376106
97,142,x_R11_EXIT_H,x_R16_EXIT_H,0.0007698020968815387
97,153,x_R11_EXIT_H,x_R24_EXIT_A,0.0013266802095192472
97,160,x_R11_EXIT_H,x_R24_EXIT_H,0.0013921952815942721
97,162,x_R11_EXIT_H,x_R25_EXIT_A,0.0009581579290972342
97,163,x_R11_EXIT_H,x_R25_EXIT_B,0.0006633401047596237
97,169,x_R11_EXIT_H,x_R25_EXIT_H,0.0007698020968815387
97,171,x_R11_EXIT_H,x_R28_EXIT_A,0.0006633401047596236
97,178,x_R11_EXIT_H,x_R28_EXIT_H,0.0006960976407971361
97,180,x_R11_EXIT_H,x_R29_EXIT_A,0.0006633401047596236
97,187,x_R11_EXIT_H,x_R29_EXIT_H,0.0006960976407971361
97,189,x_R11_EXIT_H,x_R30_EXIT_A,0.0006633401047596236
97,196,x_R11_EXIT_H,x_R30_EXIT_H,0.0006960976407971361
97,198,x_R11_EXIT_H,x_R31_EXIT_A,0.0006633401047596236
97,205,x_R11_EXIT_H,x_R31_EXIT_H,0.0006960976407971361
97,207,x_R11_EXIT_H,x_R32_EXIT_A,0.0006633401047596236
97,214,x_R11_EXIT_H,x_R32_EXIT_H,0.0006960976407971361
97,216,x_R11_EXIT_H,x_R33_EXIT_A,0.0006633401047596236
97,223,x_R11_EXIT_H,x_R33_EXIT_H,0.0006960976407971361
97,225,x_R11_EXIT_H,x_R34_EXIT_A,0.0006633401047596236
97,232,x_R11_EXIT_H,x_R34_EXIT_H,0.0006960976407971361
97,235,x_R11_EXIT_H,x_R35_EXIT_B,0.0002948178243376106
97,236,x_R11_EXIT_H,x_R35_EXIT_C,0.0009581579290972342
97,237,x_R11_EXIT_H,x_R35_EXIT_D,0.0005896356486752211
97,238,x_R11_EXIT_H,x_R35_EXIT_E,0.0006633401047596236
97,239,x_R11_EXIT_H,x_R35_EXIT_F,0.0006633401047596236
97,240,x_R11_EXIT_H,x_R35_EXIT_G,0.0006633401047596236
97,241,x_R11_EXIT_H,x_R35_EXIT_H,0.00032757536037512284
97,242,x_R11_EXIT_H,x_R35_EXIT_STAIRWELL,0.0006633401047596236
97,243,x_R11_EXIT_H,x_R36_EXIT_A,0.0033167005237981183
97,244,x_R11_EXIT_H,x_R36_EXIT_B,0.004790789645486171
97,250,x_R11_EXIT_H,x_R36_EXIT_H,0.00348048820398568
98,98,x_R11_EXIT_STAIRWELL,x_R11_EXIT_STAIRWELL,-0.8038743391462297
98,101,x_R11_EXIT_STAIRWELL,x_R12_EXIT_C,0.00036033289641263514
98,102,x_R11_EXIT_STAIRWELL,x_R12_EXIT_D,0.0001474089121688053
98,103,x_R11_EXIT_STAIRWELL,x_R12_EXIT_E,0.0001474089121688053
98,104,x_R11_EXIT_STAIRWELL,x_R12_EXIT_F,0.000573256880656465
98,107,x_R11_EXIT_STAIRWELL,x_R12_EXIT_STAIRWELL,0.0012939226734817353
98,116,x_R11_EXIT_STAIRWELL,x_R13_EXIT_STAIRWELL,0.0003275753603751229
98,125,x_R11_EXIT_STAIRWELL,x_R14_EXIT_STAIRWELL,0.0003275753603751229
98,126,x_R11_EXIT_STAIRWELL,x_R15_EXIT_A,0.0001474089121688053
98,127,x_R11_EXIT_STAIRWELL,x_R15_EXIT_B,0.0001474089121688053
98,128,x_R11_EXIT_STAIRWELL,x_R15_EXIT_C,0.0001474089121688053
98,130,x_R11_EXIT_STAIRWELL,x_R15_EXIT_E,0.00022111336825320795
98,131,x_R11_EXIT_STAIRWELL,x_R15_EXIT_F,0.00040127981645952547
98,132,x_R11_EXIT_STAIRWELL,x_R15_EXIT_G,0.00025796559629540924
98,134,x_R11_EXIT_STAIRWELL,x_R15_EXIT_STAIRWELL,0.0005814462646658431
98,135,x_R11_EXIT_STAIRWELL,x_R16_EXIT_A,0.0002948178243376106
98,136,x_R11_EXIT_STAIRWELL,x_R16_EXIT_B,0.0002948178243376106
98,137,x_R11_EXIT_STAIRWELL,x_R16_EXIT_C,0.0002948178243376106
98,139,x_R11_EXIT_STAIRWELL,x_R16_EXIT_E,0.0004422267365064159
98,140,x_R11_EXIT_STAIRWELL,x_R16_EXIT_F,0.0008025596329190509
98,141,x_R11_EXIT_STAIRWELL,x_R16_EXIT_G,0.0005159311925908185
98,143,x_R11_EXIT_STAIRWELL,x_R16_EXIT_STAIRWELL,0.0011628925293316861
98,153,x_R11_EXIT_STAIRWELL,x_R24_EXIT_A,0.00021292398424382984
98,154,x_R11_EXIT_STAIRWELL,x_R24_EXIT_B,0.00021292398424382984
98,155,x_R11_EXIT_STAIRWELL,x_R24_EXIT_C,0.0014577103536692962
98,156,x_R11_EXIT_STAIRWELL,x_R24_EXIT_D,0.0002948178243376106
98,158,x_R11_EXIT_STAIRWELL,x_R24_EXIT_F,0.0003603328964126351
98,159,x_R11_EXIT_STAIRWELL,x_R24_EXIT_G,0.0004258479684876597
98,160,x_R11_EXIT_STAIRWELL,x_R24_EXIT_H,0.00021292398424382984
98,161,x_R11_EXIT_STAIRWELL,x_R24_EXIT_STAIRWELL,0.0010809986892379056
98,162,x_R11_EXIT_STAIRWELL,x_R25_EXIT_A,0.000581446264665843
98,163,x_R11_EXIT_STAIRWELL,x_R25_EXIT_B,0.000581446264665843
98,164,x_R11_EXIT_STAIRWELL,x_R25_EXIT_C,0.000581446264665843
98,166,x_R11_EXIT_STAIRWELL,x_R25_EXIT_E,0.0004422267365064159
98,167,x_R11_EXIT_STAIRWELL,x_R25_EXIT_F,0.0008025596329190509
98,168,x_R11_EXIT_STAIRWELL,x_R25_EXIT_G,0.0005159311925908185
98,170,x_R11_EXIT_STAIRWELL,x_R25_EXIT_STAIRWELL,0.0011628925293316861
98,173,x_R11_EXIT_STAIRWELL,x_R28_EXIT_C,0.00018016644820631757
98,174,x_R11_EXIT_STAIRWELL,x_R28_EXIT_D,0.0005159311925908185
98,179,x_R11_EXIT_STAIRWELL,x_R28_EXIT_STAIRWELL,0.0003275753603751229
98,182,x_R11_EXIT_STAIRWELL,x_R29_EXIT_C,0.00018016644820631757
98,183,x_R11_EXIT_STAIRWELL,x_R29_EXIT_D,0.0005159311925908185
98,188,x_R11_EXIT_STAIRWELL,x_R29_EXIT_STAIRWELL,0.0003275753603751229
98,191,x_R11_EXIT_STAIRWELL,x_R30_EXIT_C,0.00018016644820631757
98,192,x_R11_EXIT_STAIRWELL,x_R30_EXIT_D,0.0005159311925908185
98,197,x_R11_EXIT_STAIRWELL,x_R30_EXIT_STAIRWELL,0.0003275753603751229
98,200,x_R11_EXIT_STAIRWELL,x_R31_EXIT_C,0.0011301349932941736
98,201,x_R11_EXIT_STAIRWELL,x_R31_EXIT_D,0.0005486887286283307
98,206,x_R11_EXIT_STAIRWELL,x_R31_EXIT_STAIRWELL,0.0003275753603751229
98,208,x_R11_EXIT_STAIRWELL,x_R32_EXIT_B,0.00021292398424382984
98,209,x_R11_EXIT_STAIRWELL,x_R32_EXIT_C,0.0010236730011722588
98,210,x_R11_EXIT_STAIRWELL,x_R32_EXIT_D,0.0004422267365064159
98,215,x_R11_EXIT_STAIRWELL,x_R32_EXIT_STAIRWELL,0.0003275753603751229
98,217,x_R11_EXIT_STAIRWELL,x_R33_EXIT_B,0.00021292398424382984
98,218,x_R11_EXIT_STAIRWELL,x_R33_EXIT_C,0.0010236730011722588
98,219,x_R11_EXIT_STAIRWELL,x_R33_EXIT_D,0.0004422267365064159
98,224,x_R11_EXIT_STAIRWELL,x_R33_EXIT_STAIRWELL,0.0003275753603751229
98,226,x_R11_EXIT_STAIRWELL,x_R34_EXIT_B,0.00021292398424382984
98,227,x_R11_EXIT_STAIRWELL,x_R34_EXIT_C,0.0010236730011722588
98,228,x_R11_EXIT_STAIRWELL,x_R34_EXIT_D,0.0004422267365064159
98,233,x_R11_EXIT_STAIRWELL,x_R34_EXIT_STAIRWELL,0.0003275753603751229
98,242,x_R11_EXIT_STAIRWELL,x_R35_EXIT_STAIRWELL,0.0003275753603751229
98,245,x_R11_EXIT_STAIRWELL,x_R36_EXIT_C,0.0009008322410315878
98,246,x_R11_EXIT_STAIRWELL,x_R36_EXIT_D,0.0025796559629540925
98,251,x_R11_EXIT_STAIRWELL,x_R36_EXIT_STAIRWELL,0.0016378768018756142
99,99,x_R12_EXIT_A,x_R12_EXIT_A,-0.813864915916062
99,100,x_R12_EXIT_A,x_R12_EXIT_B,1.6739224550473275
99,101,x_R12_EXIT_A,x_R12_EXIT_C,1.673717720447093
99,102,x_R12_EXIT_A,x_R12_EXIT_D,1.673717720447093
99,103,x_R12_EXIT_A,x_R12_EXIT_E,1.673717720447093
99,104,x_R12_EXIT_A,x_R12_EXIT_F,1.673717720447093
99,105,x_R12_EXIT_A,x_R12_EXIT_G,1.673717720447093
99,106,x_R12_EXIT_A,x_R12_EXIT_H,1.674348303015815
99,107,x_R12_EXIT_A,x_R12_EXIT_STAIRWELL,1.673717720447093
99,108,x_R12_EXIT_A,x_R13_EXIT_A,0.0006551507207502458
99,109,x_R12_EXIT_A,x_R13_EXIT_B,0.0004422267365064159
99,110,x_R12_EXIT_A,x_R13_EXIT_C,0.0004422267365064159
99,117,x_R12_EXIT_A,x_R14_EXIT_A,0.0006551507207502458
99,118,x_R12_EXIT_A,x_R14_EXIT_B,0.0004422267365064159
99,119,x_R12_EXIT_A,x_R14_EXIT_C,0.0004422267365064159
99,126,x_R12_EXIT_A,x_R15_EXIT_A,0.000696097640797136
99,135,x_R12_EXIT_A,x_R16_EXIT_A,0.001392195281594272
99,153,x_R12_EXIT_A,x_R24_EXIT_A,0.003668844036201375
99,162,x_R12_EXIT_A,x_R25_EXIT_A,0.001392195281594272
99,171,x_R12_EXIT_A,x_R28_EXIT_A,0.0018344220181006874
99,180,x_R12_EXIT_A,x_R29_EXIT_A,0.0018344220181006874
99,189,x_R12_EXIT_A,x_R30_EXIT_A,0.0018344220181006874
99,198,x_R12_EXIT_A,x_R31_EXIT_A,0.0018344220181006874
99,207,x_R12_EXIT_A,x_R32_EXIT_A,0.0018344220181006874
99,216,x_R12_EXIT_A,x_R33_EXIT_A,0.0018344220181006874
99,225,x_R12_EXIT_A,x_R34_EXIT_A,0.0018344220181006874
99,234,x_R12_EXIT_A,x_R35_EXIT_A,0.0006551507207502458
99,235,x_R12_EXIT_A,x_R35_EXIT_B,0.0007370445608440265
99,236,x_R12_EXIT_A,x_R35_EXIT_C,0.0007370445608440265
99,237,x_R12_EXIT_A,x_R35_EXIT_D,0.0011792712973504422
99,238,x_R12_EXIT_A,x_R35_EXIT_E,0.0011792712973504422
99,239,x_R12_EXIT_A,x_R35_EXIT_F,0.0011792712973504422
99,240,x_R12_EXIT_A,x_R35_EXIT_G,0.0011792712973504422
99,242,x_R12_EXIT_A,x_R35_EXIT_STAIRWELL,0.0011792712973504422
99,243,x_R12_EXIT_A,x_R36_EXIT_A,0.009172110090503437
99,244,x_R12_EXIT_A,x_R36_EXIT_B,0.002211133682532079
100,100,x_R12_EXIT_B,x_R12_EXIT_B,-0.8223775434550189
100,101,x_R12_EXIT_B,x_R12_EXIT_C,1.673717720447093
100,102,x_R12_EXIT_B,x_R12_EXIT_D,1.673717720447093
100,103,x_R12_EXIT_B,x_R12_EXIT_E,1.673717720447093
100,104,x_R12_EXIT_B,x_R12_EXIT_F,1.673717720447093
100,105,x_R12_EXIT_B,x_R12_EXIT_G,1.673717720447093
100,106,x_R12_EXIT_B,x_R12_EXIT_H,1.6739224550473275
100,107,x_R12_EXIT_B,x_R12_EXIT_STAIRWELL,1.673717720447093
100,109,x_R12_EXIT_B,x_R13_EXIT_B,0.0006551507207502457
100,118,x_R12_EXIT_B,x_R14_EXIT_B,0.0006551507207502457
100,127,x_R12_EXIT_B,x_R15_EXIT_B,0.00032757536037512284
100,136,x_R12_EXIT_B,x_R16_EXIT_B,0.0006551507207502457
100,154,x_R12_EXIT_B,x_R24_EXIT_B,0.004520539973176695
100,163,x_R12_EXIT_B,x_R25_EXIT_B,0.0006551507207502457
100,172,x_R12_EXIT_B,x_R28_EXIT_B,0.0022602699865883476
100,181,x_R12_EXIT_B,x_R29_EXIT_B,0.0022602699865883476
100,190,x_R12_EXIT_B,x_R30_EXIT_B,0.0022602699865883476
100,199,x_R12_EXIT_B,x_R31_EXIT_B,0.0022602699865883476
100,208,x_R12_EXIT_B,x_R32_EXIT_B,0.0022602699865883476
100,217,x_R12_EXIT_B,x_R33_EXIT_B,0.0022602699865883476
100,226,x_R12_EXIT_B,x_R34_EXIT_B,0.0022602699865883476
100,235,x_R12_EXIT_B,x_R35_EXIT_B,0.0006551507207502457
100,244,x_R12_EXIT_B,x_R36_EXIT_B,0.003275753603751228
101,101,x_R12_EXIT_C,x_R12_EXIT_C,-0.8178795293998163
101,102,x_R12_EXIT_C,x_R12_EXIT_D,1.673717720447093
101,103,x_R12_EXIT_C,x_R12_EXIT_E,1.673717720447093
101,104,x_R12_EXIT_C,x_R12_EXIT_F,1.673717720447093
101,105,x_R12_EXIT_C,x_R12_EXIT_G,1.673717720447093
101,106,x_R12_EXIT_C,x_R12_EXIT_H,1.673717720447093
101,107,x_R12_EXIT_C,x_R12_EXIT_STAIRWELL,1.673717720447093
101,110,x_R12_EXIT_C,x_R13_EXIT_C,0.0006551507207502457
101,119,x_R12_EXIT_C,x_R14_EXIT_C,0.0006551507207502457
101,128,x_R12_EXIT_C,x_R15_EXIT_C,0.00032757536037512284
101,137,x_R12_EXIT_C,x_R16_EXIT_C,0.0006551507207502457
101,155,x_R12_EXIT_C,x_R24_EXIT_C,0.0020309672343257613
101,162,x_R12_EXIT_C,x_R25_EXIT_A,0.00036033289641263514
101,163,x_R12_EXIT_C,x_R25_EXIT_B,0.00036033289641263514
101,164,x_R12_EXIT_C,x_R25_EXIT_C,0.0010154836171628807
101,173,x_R12_EXIT_C,x_R28_EXIT_C,0.0030628296195073985
101,182,x_R12_EXIT_C,x_R29_EXIT_C,0.0030628296195073985
101,191,x_R12_EXIT_C,x_R30_EXIT_C,0.0030628296195073985
101,200,x_R12_EXIT_C,x_R31_EXIT_C,0.0010154836171628807
101,209,x_R12_EXIT_C,x_R32_EXIT_C,0.0010154836171628807
101,218,x_R12_EXIT_C,x_R33_EXIT_C,0.0010154836171628807
101,227,x_R12_EXIT_C,x_R34_EXIT_C,0.0010154836171628807
101,236,x_R12_EXIT_C,x_R35_EXIT_C,0.0006551507207502457
101,245,x_R12_EXIT_C,x_R36_EXIT_C,0.015314148097536989
102,102,x_R12_EXIT_D,x_R12_EXIT_D,-0.8177321204876475
102,103,x_R12_EXIT_D,x_R12_EXIT_E,1.673717720447093
102,104,x_R12_EXIT_D,x_R12_EXIT_F,1.673717720447093
102,105,x_R12_EXIT_D,x_R12_EXIT_G,1.673717720447093
102,106,x_R12_EXIT_D,x_R12_EXIT_H,1.673717720447093
102,107,x_R12_EXIT_D,x_R12_EXIT_STAIRWELL,1.673717720447093
102,111,x_R12_EXIT_D,x_R13_EXIT_D,0.0030792083875261548
102,120,x_R12_EXIT_D,x_R14_EXIT_D,0.0030792083875261548
102,129,x_R12_EXIT_D,x_R15_EXIT_D,0.0003275753603751229
102,130,x_R12_EXIT_D,x_R15_EXIT_E,0.0002948178243376106
102,131,x_R12_EXIT_D,x_R15_EXIT_F,0.0002948178243376106
102,132,x_R12_EXIT_D,x_R15_EXIT_G,0.0002948178243376106
102,133,x_R12_EXIT_D,x_R15_EXIT_H,0.0012120288333879545
102,134,x_R12_EXIT_D,x_R15_EXIT_STAIRWELL,0.0002948178243376106
102,138,x_R12_EXIT_D,x_R16_EXIT_D,0.0006551507207502458
102,139,x_R12_EXIT_D,x_R16_EXIT_E,0.0005896356486752212
102,140,x_R12_EXIT_D,x_R16_EXIT_F,0.0005896356486752212
102,141,x_R12_EXIT_D,x_R16_EXIT_G,0.0005896356486752212
102,142,x_R12_EXIT_D,x_R16_EXIT_H,0.002424057666775909
102,143,x_R12_EXIT_D,x_R16_EXIT_STAIRWELL,0.0005896356486752212
102,155,x_R12_EXIT_D,x_R24_EXIT_C,0.0002948178243376106
102,156,x_R12_EXIT_D,x_R24_EXIT_D,0.002489572738850934
102,162,x_R12_EXIT_D,x_R25_EXIT_A,0.0011792712973504424
102,163,x_R12_EXIT_D,x_R25_EXIT_B,0.0011792712973504424
102,164,x_R12_EXIT_D,x_R25_EXIT_C,0.0011792712973504424
102,165,x_R12_EXIT_D,x_R25_EXIT_D,0.00021292398424382986
102,166,x_R12_EXIT_D,x_R25_EXIT_E,0.001031862385181637
102,167,x_R12_EXIT_D,x_R25_EXIT_F,0.001031862385181637
102,168,x_R12_EXIT_D,x_R25_EXIT_G,0.001031862385181637
102,169,x_R12_EXIT_D,x_R25_EXIT_H,0.002866284403282325
102,170,x_R12_EXIT_D,x_R25_EXIT_STAIRWELL,0.001031862385181637
102,174,x_R12_EXIT_D,x_R28_EXIT_D,0.001244786369425467
102,183,x_R12_EXIT_D,x_R29_EXIT_D,0.001244786369425467
102,192,x_R12_EXIT_D,x_R30_EXIT_D,0.001244786369425467
102,200,x_R12_EXIT_D,x_R31_EXIT_C,0.0001474089121688053
102,201,x_R12_EXIT_D,x_R31_EXIT_D,0.001244786369425467
102,209,x_R12_EXIT_D,x_R32_EXIT_C,0.0001474089121688053
102,210,x_R12_EXIT_D,x_R32_EXIT_D,0.001244786369425467
102,218,x_R12_EXIT_D,x_R33_EXIT_C,0.0001474089121688053
102,219,x_R12_EXIT_D,x_R33_EXIT_D,0.001244786369425467
102,227,x_R12_EXIT_D,x_R34_EXIT_C,0.0001474089121688053
102,228,x_R12_EXIT_D,x_R34_EXIT_D,0.001244786369425467
102,237,x_R12_EXIT_D,x_R35_EXIT_D,0.0030792083875261548
102,245,x_R12_EXIT_D,x_R36_EXIT_C,0.0003275753603751228
102,246,x_R12_EXIT_D,x_R36_EXIT_D,0.006223931847127333
103,103,x_R12_EXIT_E,x_R12_EXIT_E,-0.8082655431690455
103,104,x_R12_EXIT_E,x_R12_EXIT_F,1.6770016634348537
103,105,x_R12_EXIT_E,x_R12_EXIT_G,1.676575815466366
103,106,x_R12_EXIT_E,x_R12_EXIT_H,1.673717720447093
103,107,x_R12_EXIT_E,x_R12_EXIT_STAIRWELL,1.6770016634348537
103,112,x_R12_EXIT_E,x_R13_EXIT_E,0.003144723459601179
103,121,x_R12_EXIT_E,x_R14_EXIT_E,0.003144723459601179
103,130,x_R12_EXIT_E,x_R15_EXIT_E,0.002014588466307005
103,132,x_R12_EXIT_E,x_R15_EXIT_G,0.00018016644820631757
103,139,x_R12_EXIT_E,x_R16_EXIT_E,0.00402917693261401
103,140,x_R12_EXIT_E,x_R16_EXIT_F,0.0001474089121688053
103,141,x_R12_EXIT_E,x_R16_EXIT_G,0.00036033289641263514
103,143,x_R12_EXIT_E,x_R16_EXIT_STAIRWELL,0.0001474089121688053
103,153,x_R12_EXIT_E,x_R24_EXIT_A,0.00042584796848765973
103,154,x_R12_EXIT_E,x_R24_EXIT_B,0.0027843905631885447
103,157,x_R12_EXIT_E,x_R24_EXIT_E,0.007468718216552801
103,160,x_R12_EXIT_E,x_R24_EXIT_H,0.00042584796848765973
103,166,x_R12_EXIT_E,x_R25_EXIT_E,0.00402917693261401
103,167,x_R12_EXIT_E,x_R25_EXIT_F,0.0001474089121688053
103,168,x_R12_EXIT_E,x_R25_EXIT_G,0.00036033289641263514
103,170,x_R12_EXIT_E,x_R25_EXIT_STAIRWELL,0.0001474089121688053
103,172,x_R12_EXIT_E,x_R28_EXIT_B,0.0011792712973504424
103,173,x_R12_EXIT_E,x_R28_EXIT_C,0.0013921952815942721
103,174,x_R12_EXIT_E,x_R28_EXIT_D,0.00036033289641263514
103,175,x_R12_EXIT_E,x_R28_EXIT_E,0.003144723459601179
103,181,x_R12_EXIT_E,x_R29_EXIT_B,0.0011792712973504424
103,182,x_R12_EXIT_E,x_R29_EXIT_C,0.0013921952815942721
103,183,x_R12_EXIT_E,x_R29_EXIT_D,0.00036033289641263514
103,184,x_R12_EXIT_E,x_R29_EXIT_E,0.003144723459601179
103,190,x_R12_EXIT_E,x_R30_EXIT_B,0.0011792712973504424
103,191,x_R12_EXIT_E,x_R30_EXIT_C,0.0013921952815942721
103,192,x_R12_EXIT_E,x_R30_EXIT_D,0.00036033289641263514
103,193,x_R12_EXIT_E,x_R30_EXIT_E,0.003144723459601179
103,199,x_R12_EXIT_E,x_R31_EXIT_B,0.0011792712973504424
103,200,x_R12_EXIT_E,x_R31_EXIT_C,0.0005896356486752212
103,201,x_R12_EXIT_E,x_R31_EXIT_D,0.0005896356486752212
103,202,x_R12_EXIT_E,x_R31_EXIT_E,0.003144723459601179
103,208,x_R12_EXIT_E,x_R32_EXIT_B,0.0013921952815942724
103,209,x_R12_EXIT_E,x_R32_EXIT_C,0.0005896356486752212
103,210,x_R12_EXIT_E,x_R32_EXIT_D,0.0005896356486752212
103,211,x_R12_EXIT_E,x_R32_EXIT_E,0.003144723459601179
103,216,x_R12_EXIT_E,x_R33_EXIT_A,0.0016214980338568582
103,217,x_R12_EXIT_E,x_R33_EXIT_B,0.0030136933154511305
103,218,x_R12_EXIT_E,x_R33_EXIT_C,0.002211133682532079
103,219,x_R12_EXIT_E,x_R33_EXIT_D,0.002211133682532079
103,220,x_R12_EXIT_E,x_R33_EXIT_E,0.0013921952815942724
103,221,x_R12_EXIT_E,x_R33_EXIT_F,0.0016214980338568582
103,222,x_R12_EXIT_E,x_R33_EXIT_G,0.0016214980338568582
103,223,x_R12_EXIT_E,x_R33_EXIT_H,0.0016214980338568582
103,224,x_R12_EXIT_E,x_R33_EXIT_STAIRWELL,0.0016214980338568582
103,225,x_R12_EXIT_E,x_R34_EXIT_A,0.0004422267365064159
103,226,x_R12_EXIT_E,x_R34_EXIT_B,0.001834422018100688
103,227,x_R12_EXIT_E,x_R34_EXIT_C,0.001031862385181637
103,228,x_R12_EXIT_E,x_R34_EXIT_D,0.001031862385181637
103,229,x_R12_EXIT_E,x_R34_EXIT_E,0.00021292398424382984
103,230,x_R12_EXIT_E,x_R34_EXIT_F,0.0004422267365064159
103,231,x_R12_EXIT_E,x_R34_EXIT_G,0.0004422267365064159
103,232,x_R12_EXIT_E,x_R34_EXIT_H,0.0004422267365064159
103,233,x_R12_EXIT_E,x_R34_EXIT_STAIRWELL,0.0004422267365064159
103,238,x_R12_EXIT_E,x_R35_EXIT_E,0.003144723459601179
103,245,x_R12_EXIT_E,x_R36_EXIT_C,0.00696097640797136
103,246,x_R12_EXIT_E,x_R36_EXIT_D,0.0018016644820631755
103,247,x_R12_EXIT_E,x_R36_EXIT_E,0.015723617298005893
104,104,x_R12_EXIT_F,x_R12_EXIT_F,-0.816498823992104
104,105,x_R12_EXIT_F,x_R12_EXIT_G,1.676575815466366
104,106,x_R12_EXIT_F,x_R12_EXIT_H,1.673717720447093
104,107,x_R12_EXIT_F,x_R12_EXIT_STAIRWELL,1.6781481771961666
104,113,x_R12_EXIT_F,x_R13_EXIT_F,0.0006551507207502458
104,122,x_R12_EXIT_F,x_R14_EXIT_F,0.0006551507207502458
104,131,x_R12_EXIT_F,x_R15_EXIT_F,0.0006879082567877579
104,132,x_R12_EXIT_F,x_R15_EXIT_G,0.00010646199212191493
104,134,x_R12_EXIT_F,x_R15_EXIT_STAIRWELL,0.0002866284403282325
104,140,x_R12_EXIT_F,x_R16_EXIT_F,0.0013758165135755159
104,141,x_R12_EXIT_F,x_R16_EXIT_G,0.00021292398424382986
104,143,x_R12_EXIT_F,x_R16_EXIT_STAIRWELL,0.000573256880656465
104,153,x_R12_EXIT_F,x_R24_EXIT_A,0.0008516959369753195
104,154,x_R12_EXIT_F,x_R24_EXIT_B,0.003210238531676204
104,158,x_R12_EXIT_F,x_R24_EXIT_F,0.0023257850586633723
104,159,x_R12_EXIT_F,x_R24_EXIT_G,0.0007206657928252702
104,160,x_R12_EXIT_F,x_R24_EXIT_H,0.0008516959369753195
104,161,x_R12_EXIT_F,x_R24_EXIT_STAIRWELL,0.0007206657928252702
104,167,x_R12_EXIT_F,x_R25_EXIT_F,0.0013758165135755159
104,168,x_R12_EXIT_F,x_R25_EXIT_G,0.00021292398424382986
104,170,x_R12_EXIT_F,x_R25_EXIT_STAIRWELL,0.000573256880656465
104,172,x_R12_EXIT_F,x_R28_EXIT_B,0.0011792712973504424
104,173,x_R12_EXIT_F,x_R28_EXIT_C,0.0013921952815942721
104,174,x_R12_EXIT_F,x_R28_EXIT_D,0.00021292398424382986
104,176,x_R12_EXIT_F,x_R28_EXIT_F,0.0006551507207502458
104,181,x_R12_EXIT_F,x_R29_EXIT_B,0.0011792712973504424
104,182,x_R12_EXIT_F,x_R29_EXIT_C,0.0013921952815942721
104,183,x_R12_EXIT_F,x_R29_EXIT_D,0.00021292398424382986
104,185,x_R12_EXIT_F,x_R29_EXIT_F,0.0006551507207502458
104,190,x_R12_EXIT_F,x_R30_EXIT_B,0.0011792712973504424
104,191,x_R12_EXIT_F,x_R30_EXIT_C,0.0013921952815942721
104,192,x_R12_EXIT_F,x_R30_EXIT_D,0.00021292398424382986
104,194,x_R12_EXIT_F,x_R30_EXIT_F,0.0006551507207502458
104,199,x_R12_EXIT_F,x_R31_EXIT_B,0.0011792712973504424
104,200,x_R12_EXIT_F,x_R31_EXIT_C,0.0001474089121688053
104,201,x_R12_EXIT_F,x_R31_EXIT_D,0.0001474089121688053
104,203,x_R12_EXIT_F,x_R31_EXIT_F,0.00021292398424382984
104,207,x_R12_EXIT_F,x_R32_EXIT_A,0.0004422267365064159
104,208,x_R12_EXIT_F,x_R32_EXIT_B,0.0018180432500819318
104,212,x_R12_EXIT_F,x_R32_EXIT_F,0.00021292398424382984
104,213,x_R12_EXIT_F,x_R32_EXIT_G,0.0004422267365064159
104,214,x_R12_EXIT_F,x_R32_EXIT_H,0.0004422267365064159
104,215,x_R12_EXIT_F,x_R32_EXIT_STAIRWELL,0.0004422267365064159
104,217,x_R12_EXIT_F,x_R33_EXIT_B,0.0018180432500819318
104,221,x_R12_EXIT_F,x_R33_EXIT_F,0.0006551507207502458
104,226,x_R12_EXIT_F,x_R34_EXIT_B,0.0018180432500819318
104,230,x_R12_EXIT_F,x_R34_EXIT_F,0.0006551507207502458
104,239,x_R12_EXIT_F,x_R35_EXIT_F,0.0006551507207502458
104,245,x_R12_EXIT_F,x_R36_EXIT_C,0.00696097640797136
104,246,x_R12_EXIT_F,x_R36_EXIT_D,0.001064619921219149
104,248,x_R12_EXIT_F,x_R36_EXIT_F,0.0032757536037512284
105,105,x_R12_EXIT_G,x_R12_EXIT_G,-0.8082819219370643
105,106,x_R12_EXIT_G,x_R12_EXIT_H,1.673717720447093
105,107,x_R12_EXIT_G,x_R12_EXIT_STAIRWELL,1.676575815466366
105,112,x_R12_EXIT_G,x_R13_EXIT_E,0.0005732568806564649
105,113,x_R12_EXIT_G,x_R13_EXIT_F,0.0005732568806564649
105,114,x_R12_EXIT_G,x_R13_EXIT_G,0.004012798164595255
105,116,x_R12_EXIT_G,x_R13_EXIT_STAIRWELL,0.0005732568806564649
105,121,x_R12_EXIT_G,x_R14_EXIT_E,0.0005732568806564649
105,122,x_R12_EXIT_G,x_R14_EXIT_F,0.0005732568806564649
105,123,x_R12_EXIT_G,x_R14_EXIT_G,0.004012798164595255
105,125,x_R12_EXIT_G,x_R14_EXIT_STAIRWELL,0.0005732568806564649
105,132,x_R12_EXIT_G,x_R15_EXIT_G,0.002186565530503945
105,141,x_R12_EXIT_G,x_R16_EXIT_G,0.00437313106100789
105,153,x_R12_EXIT_G,x_R24_EXIT_A,0.0007206657928252703
105,154,x_R12_EXIT_G,x_R24_EXIT_B,0.002358542594700885
105,159,x_R12_EXIT_G,x_R24_EXIT_G,0.006879082567877581
105,160,x_R12_EXIT_G,x_R24_EXIT_H,0.0007206657928252703
105,168,x_R12_EXIT_G,x_R25_EXIT_G,0.00437313106100789
105,171,x_R12_EXIT_G,x_R28_EXIT_A,0.003799874180351426
105,172,x_R12_EXIT_G,x_R28_EXIT_B,0.005339478374114503
105,173,x_R12_EXIT_G,x_R28_EXIT_C,0.005552402358358333
105,174,x_R12_EXIT_G,x_R28_EXIT_D,0.004160207076764061
105,175,x_R12_EXIT_G,x_R28_EXIT_E,0.003226617299694961
105,176,x_R12_EXIT_G,x_R28_EXIT_F,0.003226617299694961
105,177,x_R12_EXIT_G,x_R28_EXIT_G,0.00021292398424382984
105,178,x_R12_EXIT_G,x_R28_EXIT_H,0.003799874180351426
105,179,x_R12_EXIT_G,x_R28_EXIT_STAIRWELL,0.003226617299694961
105,180,x_R12_EXIT_G,x_R29_EXIT_A,0.0024895727388509334
105,181,x_R12_EXIT_G,x_R29_EXIT_B,0.004029176932614011
105,182,x_R12_EXIT_G,x_R29_EXIT_C,0.004242100916857841
105,183,x_R12_EXIT_G,x_R29_EXIT_D,0.002849905635263569
105,184,x_R12_EXIT_G,x_R29_EXIT_E,0.0019163158581944684
105,185,x_R12_EXIT_G,x_R29_EXIT_F,0.0019163158581944684
105,186,x_R12_EXIT_G,x_R29_EXIT_G,0.0013921952815942721
105,187,x_R12_EXIT_G,x_R29_EXIT_H,0.0024895727388509334
105,188,x_R12_EXIT_G,x_R29_EXIT_STAIRWELL,0.0019163158581944684
105,189,x_R12_EXIT_G,x_R30_EXIT_A,0.0007206657928252703
105,190,x_R12_EXIT_G,x_R30_EXIT_B,0.002260269986588348
105,191,x_R12_EXIT_G,x_R30_EXIT_C,0.0024731939708321775
105,192,x_R12_EXIT_G,x_R30_EXIT_D,0.0010809986892379056
105,193,x_R12_EXIT_G,x_R30_EXIT_E,0.0001474089121688053
105,194,x_R12_EXIT_G,x_R30_EXIT_F,0.0001474089121688053
105,195,x_R12_EXIT_G,x_R30_EXIT_G,0.003292132371769985
105,196,x_R12_EXIT_G,x_R30_EXIT_H,0.0007206657928252703
105,197,x_R12_EXIT_G,x_R30_EXIT_STAIRWELL,0.0001474089121688053
105,198,x_R12_EXIT_G,x_R31_EXIT_A,0.0005732568806564649
105,199,x_R12_EXIT_G,x_R31_EXIT_B,0.0021128610744195427
105,204,x_R12_EXIT_G,x_R31_EXIT_G,0.0034395412839387904
105,205,x_R12_EXIT_G,x_R31_EXIT_H,0.0005732568806564649
105,207,x_R12_EXIT_G,x_R32_EXIT_A,0.0005732568806564649
105,208,x_R12_EXIT_G,x_R32_EXIT_B,0.0011792712973504424
105,213,x_R12_EXIT_G,x_R32_EXIT_G,0.0034395412839387904
105,214,x_R12_EXIT_G,x_R32_EXIT_H,0.0005732568806564649
105,216,x_R12_EXIT_G,x_R33_EXIT_A,0.0005732568806564649
105,217,x_R12_EXIT_G,x_R33_EXIT_B,0.0011792712973504424
105,222,x_R12_EXIT_G,x_R33_EXIT_G,0.0034395412839387904
105,223,x_R12_EXIT_G,x_R33_EXIT_H,0.0005732568806564649
105,225,x_R12_EXIT_G,x_R34_EXIT_A,0.0005732568806564649
105,226,x_R12_EXIT_G,x_R34_EXIT_B,0.0011792712973504424
105,231,x_R12_EXIT_G,x_R34_EXIT_G,0.0034395412839387904
105,232,x_R12_EXIT_G,x_R34_EXIT_H,0.0005732568806564649
105,238,x_R12_EXIT_G,x_R35_EXIT_E,0.0005732568806564649
105,239,x_R12_EXIT_G,x_R35_EXIT_F,0.0005732568806564649
105,240,x_R12_EXIT_G,x_R35_EXIT_G,0.004012798164595255
105,242,x_R12_EXIT_G,x_R35_EXIT_STAIRWELL,0.0005732568806564649
105,245,x_R12_EXIT_G,x_R36_EXIT_C,0.009827260811253685
105,246,x_R12_EXIT_G,x_R36_EXIT_D,0.002866284403282325
105,247,x_R12_EXIT_G,x_R36_EXIT_E,0.0018016644820631753
105,248,x_R12_EXIT_G,x_R36_EXIT_F,0.0018016644820631753
105,249,x_R12_EXIT_G,x_R36_EXIT_G,0.018999370901757125
105,251,x_R12_EXIT_G,x_R36_EXIT_STAIRWELL,0.0018016644820631753
106,106,x_R12_EXIT_H,x_R12_EXIT_H,-0.8176502266475538
106,107,x_R12_EXIT_H,x_R12_EXIT_STAIRWELL,1.673717720447093
106,109,x_R12_EXIT_H,x_R13_EXIT_B,0.0008844534730128318
106,110,x_R12_EXIT_H,x_R13_EXIT_C,0.0008844534730128318
106,111,x_R12_EXIT_H,x_R13_EXIT_D,0.002063724770363274
106,112,x_R12_EXIT_H,x_R13_EXIT_E,0.0007370445608440265
106,113,x_R12_EXIT_H,x_R13_EXIT_F,0.0007370445608440265
106,114,x_R12_EXIT_H,x_R13_EXIT_G,0.0007370445608440265
106,115,x_R12_EXIT_H,x_R13_EXIT_H,0.0006551507207502457
106,116,x_R12_EXIT_H,x_R13_EXIT_STAIRWELL,0.0007370445608440265
106,118,x_R12_EXIT_H,x_R14_EXIT_B,0.0008844534730128318
106,119,x_R12_EXIT_H,x_R14_EXIT_C,0.0008844534730128318
106,120,x_R12_EXIT_H,x_R14_EXIT_D,0.002063724770363274
106,121,x_R12_EXIT_H,x_R14_EXIT_E,0.0007370445608440265
106,122,x_R12_EXIT_H,x_R14_EXIT_F,0.0007370445608440265
106,123,x_R12_EXIT_H,x_R14_EXIT_G,0.0007370445608440265
106,124,x_R12_EXIT_H,x_R14_EXIT_H,0.0006551507207502457
106,125,x_R12_EXIT_H,x_R14_EXIT_STAIRWELL,0.0007370445608440265
106,133,x_R12_EXIT_H,x_R15_EXIT_H,0.0013594377455567598
106,142,x_R12_EXIT_H,x_R16_EXIT_H,0.0027188754911135196
106,153,x_R12_EXIT_H,x_R24_EXIT_A,0.0002948178243376106
106,160,x_R12_EXIT_H,x_R24_EXIT_H,0.0027843905631885443
106,169,x_R12_EXIT_H,x_R25_EXIT_H,0.0027188754911135196
106,171,x_R12_EXIT_H,x_R28_EXIT_A,0.0001474089121688053
106,178,x_R12_EXIT_H,x_R28_EXIT_H,0.0013921952815942721
106,180,x_R12_EXIT_H,x_R29_EXIT_A,0.0001474089121688053
106,187,x_R12_EXIT_H,x_R29_EXIT_H,0.0013921952815942721
106,189,x_R12_EXIT_H,x_R30_EXIT_A,0.0001474089121688053
106,196,x_R12_EXIT_H,x_R30_EXIT_H,0.0013921952815942721
106,198,x_R12_EXIT_H,x_R31_EXIT_A,0.0001474089121688053
106,205,x_R12_EXIT_H,x_R31_EXIT_H,0.0013921952815942721
106,207,x_R12_EXIT_H,x_R32_EXIT_A,0.0001474089121688053
106,214,x_R12_EXIT_H,x_R32_EXIT_H,0.0013921952815942721
106,216,x_R12_EXIT_H,x_R33_EXIT_A,0.0001474089121688053
106,223,x_R12_EXIT_H,x_R33_EXIT_H,0.0013921952815942721
106,225,x_R12_EXIT_H,x_R34_EXIT_A,0.0001474089121688053
106,232,x_R12_EXIT_H,x_R34_EXIT_H,0.0013921952815942721
106,237,x_R12_EXIT_H,x_R35_EXIT_D,0.0011792712973504424
106,238,x_R12_EXIT_H,x_R35_EXIT_E,0.0001474089121688053
106,239,x_R12_EXIT_H,x_R35_EXIT_F,0.0001474089121688053
106,240,x_R12_EXIT_H,x_R35_EXIT_G,0.0001474089121688053
106,241,x_R12_EXIT_H,x_R35_EXIT_H,0.0006551507207502457
106,242,x_R12_EXIT_H,x_R35_EXIT_STAIRWELL,0.0001474089121688053
106,243,x_R12_EXIT_H,x_R36_EXIT_A,0.0007370445608440263
106,244,x_R12_EXIT_H,x_R36_EXIT_B,0.0007370445608440263
106,250,x_R12_EXIT_H,x_R36_EXIT_H,0.00696097640797136
107,107,x_R12_EXIT_STAIRWELL,x_R12_EXIT_STAIRWELL,-0.81950591632781
107,116,x_R12_EXIT_STAIRWELL,x_R13_EXIT_STAIRWELL,0.0006551507207502458
107,125,x_R12_EXIT_STAIRWELL,x_R14_EXIT_STAIRWELL,0.0006551507207502458
107,131,x_R12_EXIT_STAIRWELL,x_R15_EXIT_F,0.0002866284403282325
107,132,x_R12_EXIT_STAIRWELL,x_R15_EXIT_G,0.00010646199212191493
107,134,x_R12_EXIT_STAIRWELL,x_R15_EXIT_STAIRWELL,0.0006469613367408677
107,140,x_R12_EXIT_STAIRWELL,x_R16_EXIT_F,0.000573256880656465
107,141,x_R12_EXIT_STAIRWELL,x_R16_EXIT_G,0.00021292398424382986
107,143,x_R12_EXIT_STAIRWELL,x_R16_EXIT_STAIRWELL,0.0012939226734817353
107,153,x_R12_EXIT_STAIRWELL,x_R24_EXIT_A,0.0008516959369753195
107,154,x_R12_EXIT_STAIRWELL,x_R24_EXIT_B,0.003210238531676204
107,158,x_R12_EXIT_STAIRWELL,x_R24_EXIT_F,0.0007206657928252702
107,159,x_R12_EXIT_STAIRWELL,x_R24_EXIT_G,0.0008516959369753194
107,160,x_R12_EXIT_STAIRWELL,x_R24_EXIT_H,0.0008516959369753195
107,161,x_R12_EXIT_STAIRWELL,x_R24_EXIT_STAIRWELL,0.002161997378475811
107,167,x_R12_EXIT_STAIRWELL,x_R25_EXIT_F,0.000573256880656465
107,168,x_R12_EXIT_STAIRWELL,x_R25_EXIT_G,0.00021292398424382986
107,170,x_R12_EXIT_STAIRWELL,x_R25_EXIT_STAIRWELL,0.0012939226734817353
107,172,x_R12_EXIT_STAIRWELL,x_R28_EXIT_B,0.0011792712973504424
107,173,x_R12_EXIT_STAIRWELL,x_R28_EXIT_C,0.0013921952815942721
107,174,x_R12_EXIT_STAIRWELL,x_R28_EXIT_D,0.00021292398424382986
107,179,x_R12_EXIT_STAIRWELL,x_R28_EXIT_STAIRWELL,0.0006551507207502458
107,181,x_R12_EXIT_STAIRWELL,x_R29_EXIT_B,0.0011792712973504424
107,182,x_R12_EXIT_STAIRWELL,x_R29_EXIT_C,0.0013921952815942721
107,183,x_R12_EXIT_STAIRWELL,x_R29_EXIT_D,0.00021292398424382986
107,188,x_R12_EXIT_STAIRWELL,x_R29_EXIT_STAIRWELL,0.0006551507207502458
107,190,x_R12_EXIT_STAIRWELL,x_R30_EXIT_B,0.0011792712973504424
107,191,x_R12_EXIT_STAIRWELL,x_R30_EXIT_C,0.0013921952815942721
107,192,x_R12_EXIT_STAIRWELL,x_R30_EXIT_D,0.00021292398424382986
107,197,x_R12_EXIT_STAIRWELL,x_R30_EXIT_STAIRWELL,0.0006551507207502458
107,199,x_R12_EXIT_STAIRWELL,x_R31_EXIT_B,0.0011792712973504424
107,200,x_R12_EXIT_STAIRWELL,x_R31_EXIT_C,0.00021292398424382986
107,201,x_R12_EXIT_STAIRWELL,x_R31_EXIT_D,0.00021292398424382986
107,206,x_R12_EXIT_STAIRWELL,x_R31_EXIT_STAIRWELL,0.0006551507207502458
107,208,x_R12_EXIT_STAIRWELL,x_R32_EXIT_B,0.0018180432500819318
107,215,x_R12_EXIT_STAIRWELL,x_R32_EXIT_STAIRWELL,0.0006551507207502458
107,217,x_R12_EXIT_STAIRWELL,x_R33_EXIT_B,0.0018180432500819318
107,224,x_R12_EXIT_STAIRWELL,x_R33_EXIT_STAIRWELL,0.0006551507207502458
107,226,x_R12_EXIT_STAIRWELL,x_R34_EXIT_B,0.0018180432500819318
107,233,x_R12_EXIT_STAIRWELL,x_R34_EXIT_STAIRWELL,0.0006551507207502458
107,242,x_R12_EXIT_STAIRWELL,x_R35_EXIT_STAIRWELL,0.0006551507207502458
107,245,x_R12_EXIT_STAIRWELL,x_R36_EXIT_C,0.00696097640797136
107,246,x_R12_EXIT_STAIRWELL,x_R36_EXIT_D,0.001064619921219149
107,251,x_R12_EXIT_STAIRWELL,x_R36_EXIT_STAIRWELL,0.0032757536037512284
108,108,x_R13_EXIT_A,x_R13_EXIT_A,-0.8169343414033662
108,109,x_R13_EXIT_A,x_R13_EXIT_B,1.674358539745827
108,110,x_R13_EXIT_A,x_R13_EXIT_C,1.674358539745827
108,111,x_R13_EXIT_A,x_R13_EXIT_D,1.674358539745827
108,112,x_R13_EXIT_A,x_R13_EXIT_E,1.674358539745827
108,113,x_R13_EXIT_A,x_R13_EXIT_F,1.674358539745827
108,114,x_R13_EXIT_A,x_R13_EXIT_G,1.674358539745827
108,115,x_R13_EXIT_A,x_R13_EXIT_H,1.674358539745827
108,116,x_R13_EXIT_A,x_R13_EXIT_STAIRWELL,1.674358539745827
108,117,x_R13_EXIT_A,x_R14_EXIT_A,0.002434294396787632
108,126,x_R13_EXIT_A,x_R15_EXIT_A,0.00016378768018756145
108,135,x_R13_EXIT_A,x_R16_EXIT_A,0.0003275753603751229
108,153,x_R13_EXIT_A,x_R24_EXIT_A,0.0006551507207502458
108,162,x_R13_EXIT_A,x_R25_EXIT_A,0.0003275753603751229
108,171,x_R13_EXIT_A,x_R28_EXIT_A,0.0003275753603751229
108,180,x_R13_EXIT_A,x_R29_EXIT_A,0.0003275753603751229
108,189,x_R13_EXIT_A,x_R30_EXIT_A,0.0003275753603751229
108,198,x_R13_EXIT_A,x_R31_EXIT_A,0.0003275753603751229
108,207,x_R13_EXIT_A,x_R32_EXIT_A,0.0003275753603751229
108,216,x_R13_EXIT_A,x_R33_EXIT_A,0.0003275753603751229
108,225,x_R13_EXIT_A,x_R34_EXIT_A,0.0003275753603751229
108,234,x_R13_EXIT_A,x_R35_EXIT_A,0.0009356371230714448
108,235,x_R13_EXIT_A,x_R35_EXIT_B,0.0006080617626963218
108,236,x_R13_EXIT_A,x_R35_EXIT_C,0.0006080617626963218
108,237,x_R13_EXIT_A,x_R35_EXIT_D,0.0006080617626963218
108,238,x_R13_EXIT_A,x_R35_EXIT_E,0.0006080617626963218
108,239,x_R13_EXIT_A,x_R35_EXIT_F,0.0006080617626963218
108,240,x_R13_EXIT_A,x_R35_EXIT_G,0.0006080617626963218
108,241,x_R13_EXIT_A,x_R35_EXIT_H,0.0014986572737161871
108,242,x_R13_EXIT_A,x_R35_EXIT_STAIRWELL,0.0006080617626963218
108,243,x_R13_EXIT_A,x_R36_EXIT_A,0.0016378768018756142
109,109,x_R13_EXIT_B,x_R13_EXIT_B,-0.8105644883707577
109,110,x_R13_EXIT_B,x_R13_EXIT_C,1.675832628867515
109,111,x_R13_EXIT_B,x_R13_EXIT_D,1.6749481753945021
109,112,x_R13_EXIT_B,x_R13_EXIT_E,1.6748744709384176
109,113,x_R13_EXIT_B,x_R13_EXIT_F,1.6748744709384176
109,114,x_R13_EXIT_B,x_R13_EXIT_G,1.6748744709384176
109,115,x_R13_EXIT_B,x_R13_EXIT_H,1.6745059486579956
109,116,x_R13_EXIT_B,x_R13_EXIT_STAIRWELL,1.6748744709384176
109,118,x_R13_EXIT_B,x_R14_EXIT_B,0.0018016644820631755
109,119,x_R13_EXIT_B,x_R14_EXIT_C,0.0014740891216880527
109,120,x_R13_EXIT_B,x_R14_EXIT_D,0.0005896356486752212
109,121,x_R13_EXIT_B,x_R14_EXIT_E,0.0005159311925908185
109,122,x_R13_EXIT_B,x_R14_EXIT_F,0.0005159311925908185
109,123,x_R13_EXIT_B,x_R14_EXIT_G,0.0005159311925908185
109,124,x_R13_EXIT_B,x_R14_EXIT_H,0.0001474089121688053
109,125,x_R13_EXIT_B,x_R14_EXIT_STAIRWELL,0.0005159311925908185
109,126,x_R13_EXIT_B,x_R15_EXIT_A,0.0001474089121688053
109,127,x_R13_EXIT_B,x_R15_EXIT_B,0.00016378768018756142
109,133,x_R13_EXIT_B,x_R15_EXIT_H,0.00022111336825320795
109,135,x_R13_EXIT_B,x_R16_EXIT_A,0.0002948178243376106
109,136,x_R13_EXIT_B,x_R16_EXIT_B,0.00032757536037512284
109,142,x_R13_EXIT_B,x_R16_EXIT_H,0.0004422267365064159
109,153,x_R13_EXIT_B,x_R24_EXIT_A,0.0013266802095192472
109,154,x_R13_EXIT_B,x_R24_EXIT_B,0.0006551507207502457
109,160,x_R13_EXIT_B,x_R24_EXIT_H,0.0007370445608440265
109,162,x_R13_EXIT_B,x_R25_EXIT_A,0.0002948178243376106
109,163,x_R13_EXIT_B,x_R25_EXIT_B,0.00032757536037512284
109,169,x_R13_EXIT_B,x_R25_EXIT_H,0.0004422267365064159
109,171,x_R13_EXIT_B,x_R28_EXIT_A,0.0006633401047596236
109,172,x_R13_EXIT_B,x_R28_EXIT_B,0.00032757536037512284
109,178,x_R13_EXIT_B,x_R28_EXIT_H,0.0003685222804220132
109,180,x_R13_EXIT_B,x_R29_EXIT_A,0.0006633401047596236
109,181,x_R13_EXIT_B,x_R29_EXIT_B,0.00032757536037512284
109,187,x_R13_EXIT_B,x_R29_EXIT_H,0.0003685222804220132
109,189,x_R13_EXIT_B,x_R30_EXIT_A,0.0006633401047596236
109,190,x_R13_EXIT_B,x_R30_EXIT_B,0.00032757536037512284
109,196,x_R13_EXIT_B,x_R30_EXIT_H,0.0003685222804220132
109,198,x_R13_EXIT_B,x_R31_EXIT_A,0.0006633401047596236
109,199,x_R13_EXIT_B,x_R31_EXIT_B,0.00032757536037512284
109,205,x_R13_EXIT_B,x_R31_EXIT_H,0.0003685222804220132
109,207,x_R13_EXIT_B,x_R32_EXIT_A,0.0006633401047596236
109,208,x_R13_EXIT_B,x_R32_EXIT_B,0.00032757536037512284
109,214,x_R13_EXIT_B,x_R32_EXIT_H,0.0003685222804220132
109,216,x_R13_EXIT_B,x_R33_EXIT_A,0.0006633401047596236
109,217,x_R13_EXIT_B,x_R33_EXIT_B,0.00032757536037512284
109,223,x_R13_EXIT_B,x_R33_EXIT_H,0.0003685222804220132
109,225,x_R13_EXIT_B,x_R34_EXIT_A,0.0006633401047596236
109,226,x_R13_EXIT_B,x_R34_EXIT_B,0.00032757536037512284
109,232,x_R13_EXIT_B,x_R34_EXIT_H,0.0003685222804220132
109,235,x_R13_EXIT_B,x_R35_EXIT_B,0.0006223931847127334
109,236,x_R13_EXIT_B,x_R35_EXIT_C,0.0002948178243376106
109,237,x_R13_EXIT_B,x_R35_EXIT_D,0.0005896356486752211
109,238,x_R13_EXIT_B,x_R35_EXIT_E,0.0006633401047596236
109,239,x_R13_EXIT_B,x_R35_EXIT_F,0.0006633401047596236
109,240,x_R13_EXIT_B,x_R35_EXIT_G,0.0006633401047596236
109,241,x_R13_EXIT_B,x_R35_EXIT_H,0.0001474089121688053
109,242,x_R13_EXIT_B,x_R35_EXIT_STAIRWELL,0.0006633401047596236
109,243,x_R13_EXIT_B,x_R36_EXIT_A,0.0033167005237981183
109,244,x_R13_EXIT_B,x_R36_EXIT_B,0.006428666447361784
109,250,x_R13_EXIT_B,x_R36_EXIT_H,0.0018426114021100658
110,110,x_R13_EXIT_C,x_R13_EXIT_C,-0.8027108793296608
110,111,x_R13_EXIT_C,x_R13_EXIT_D,1.6749481753945021
110,112,x_R13_EXIT_C,x_R13_EXIT_E,1.6748744709384176
110,113,x_R13_EXIT_C,x_R13_EXIT_F,1.6748744709384176
110,114,x_R13_EXIT_C,x_R13_EXIT_G,1.6748744709384176
110,115,x_R13_EXIT_C,x_R13_EXIT_H,1.6745059486579956
110,116,x_R13_EXIT_C,x_R13_EXIT_STAIRWELL,1.6748744709384176
110,118,x_R13_EXIT_C,x_R14_EXIT_B,0.0014740891216880527
110,119,x_R13_EXIT_C,x_R14_EXIT_C,0.0024650045868227994
110,120,x_R13_EXIT_C,x_R14_EXIT_D,0.0005896356486752212
110,121,x_R13_EXIT_C,x_R14_EXIT_E,0.0005159311925908185
110,122,x_R13_EXIT_C,x_R14_EXIT_F,0.0005159311925908185
110,123,x_R13_EXIT_C,x_R14_EXIT_G,0.0005159311925908185
110,124,x_R13_EXIT_C,x_R14_EXIT_H,0.0001474089121688053
110,125,x_R13_EXIT_C,x_R14_EXIT_STAIRWELL,0.0005159311925908185
110,126,x_R13_EXIT_C,x_R15_EXIT_A,0.0004790789645486171
110,127,x_R13_EXIT_C,x_R15_EXIT_B,0.00033167005237981186
110,128,x_R13_EXIT_C,x_R15_EXIT_C,0.00016378768018756142
110,133,x_R13_EXIT_C,x_R15_EXIT_H,0.00022111336825320795
110,135,x_R13_EXIT_C,x_R16_EXIT_A,0.0009581579290972342
110,136,x_R13_EXIT_C,x_R16_EXIT_B,0.0006633401047596237
110,137,x_R13_EXIT_C,x_R16_EXIT_C,0.00032757536037512284
110,142,x_R13_EXIT_C,x_R16_EXIT_H,0.0004422267365064159
110,153,x_R13_EXIT_C,x_R24_EXIT_A,0.0013266802095192472
110,155,x_R13_EXIT_C,x_R24_EXIT_C,0.0006551507207502457
110,160,x_R13_EXIT_C,x_R24_EXIT_H,0.0007370445608440265
110,162,x_R13_EXIT_C,x_R25_EXIT_A,0.0009581579290972342
110,163,x_R13_EXIT_C,x_R25_EXIT_B,0.0006633401047596237
110,164,x_R13_EXIT_C,x_R25_EXIT_C,0.00032757536037512284
110,169,x_R13_EXIT_C,x_R25_EXIT_H,0.0004422267365064159
110,171,x_R13_EXIT_C,x_R28_EXIT_A,0.0006633401047596236
110,173,x_R13_EXIT_C,x_R28_EXIT_C,0.00032757536037512284
110,178,x_R13_EXIT_C,x_R28_EXIT_H,0.0003685222804220132
110,180,x_R13_EXIT_C,x_R29_EXIT_A,0.0006633401047596236
110,182,x_R13_EXIT_C,x_R29_EXIT_C,0.00032757536037512284
110,187,x_R13_EXIT_C,x_R29_EXIT_H,0.0003685222804220132
110,189,x_R13_EXIT_C,x_R30_EXIT_A,0.0006633401047596236
110,191,x_R13_EXIT_C,x_R30_EXIT_C,0.00032757536037512284
110,196,x_R13_EXIT_C,x_R30_EXIT_H,0.0003685222804220132
110,198,x_R13_EXIT_C,x_R31_EXIT_A,0.0006633401047596236
110,200,x_R13_EXIT_C,x_R31_EXIT_C,0.00032757536037512284
110,205,x_R13_EXIT_C,x_R31_EXIT_H,0.0003685222804220132
110,207,x_R13_EXIT_C,x_R32_EXIT_A,0.0006633401047596236
110,209,x_R13_EXIT_C,x_R32_EXIT_C,0.00032757536037512284
110,214,x_R13_EXIT_C,x_R32_EXIT_H,0.0003685222804220132
110,216,x_R13_EXIT_C,x_R33_EXIT_A,0.0006633401047596236
110,218,x_R13_EXIT_C,x_R33_EXIT_C,0.00032757536037512284
110,223,x_R13_EXIT_C,x_R33_EXIT_H,0.0003685222804220132
110,225,x_R13_EXIT_C,x_R34_EXIT_A,0.0006633401047596236
110,227,x_R13_EXIT_C,x_R34_EXIT_C,0.00032757536037512284
110,232,x_R13_EXIT_C,x_R34_EXIT_H,0.0003685222804220132
110,235,x_R13_EXIT_C,x_R35_EXIT_B,0.0002948178243376106
110,236,x_R13_EXIT_C,x_R35_EXIT_C,0.0012857332894723572
110,237,x_R13_EXIT_C,x_R35_EXIT_D,0.0005896356486752211
110,238,x_R13_EXIT_C,x_R35_EXIT_E,0.0006633401047596236
110,239,x_R13_EXIT_C,x_R35_EXIT_F,0.0006633401047596236
110,240,x_R13_EXIT_C,x_R35_EXIT_G,0.0006633401047596236
110,241,x_R13_EXIT_C,x_R35_EXIT_H,0.0001474089121688053
110,242,x_R13_EXIT_C,x_R35_EXIT_STAIRWELL,0.0006633401047596236
110,243,x_R13_EXIT_C,x_R36_EXIT_A,0.0033167005237981183
110,244,x_R13_EXIT_C,x_R36_EXIT_B,0.004790789645486171
110,245,x_R13_EXIT_C,x_R36_EXIT_C,0.001637876801875614
110,250,x_R13_EXIT_C,x_R36_EXIT_H,0.0018426114021100658
111,111,x_R13_EXIT_D,x_R13_EXIT_D,-0.8058041871123601
111,112,x_R13_EXIT_D,x_R13_EXIT_E,1.6748744709384176
111,113,x_R13_EXIT_D,x_R13_EXIT_F,1.6748744709384176
111,114,x_R13_EXIT_D,x_R13_EXIT_G,1.6748744709384176
111,115,x_R13_EXIT_D,x_R13_EXIT_H,1.6745059486579956
111,116,x_R13_EXIT_D,x_R13_EXIT_STAIRWELL,1.6748744709384176
111,118,x_R13_EXIT_D,x_R14_EXIT_B,0.0005896356486752212
111,119,x_R13_EXIT_D,x_R14_EXIT_C,0.0005896356486752212
111,120,x_R13_EXIT_D,x_R14_EXIT_D,0.0029645570113948617
111,121,x_R13_EXIT_D,x_R14_EXIT_E,0.0005159311925908185
111,122,x_R13_EXIT_D,x_R14_EXIT_F,0.0005159311925908185
111,123,x_R13_EXIT_D,x_R14_EXIT_G,0.0005159311925908185
111,124,x_R13_EXIT_D,x_R14_EXIT_H,0.0001474089121688053
111,125,x_R13_EXIT_D,x_R14_EXIT_STAIRWELL,0.0005159311925908185
111,129,x_R13_EXIT_D,x_R15_EXIT_D,0.00016378768018756145
111,130,x_R13_EXIT_D,x_R15_EXIT_E,0.0001474089121688053
111,131,x_R13_EXIT_D,x_R15_EXIT_F,0.0001474089121688053
111,132,x_R13_EXIT_D,x_R15_EXIT_G,0.0001474089121688053
111,133,x_R13_EXIT_D,x_R15_EXIT_H,0.001244786369425467
111,134,x_R13_EXIT_D,x_R15_EXIT_STAIRWELL,0.0001474089121688053
111,138,x_R13_EXIT_D,x_R16_EXIT_D,0.0003275753603751229
111,139,x_R13_EXIT_D,x_R16_EXIT_E,0.0002948178243376106
111,140,x_R13_EXIT_D,x_R16_EXIT_F,0.0002948178243376106
111,141,x_R13_EXIT_D,x_R16_EXIT_G,0.0002948178243376106
111,142,x_R13_EXIT_D,x_R16_EXIT_H,0.002489572738850934
111,143,x_R13_EXIT_D,x_R16_EXIT_STAIRWELL,0.0002948178243376106
111,153,x_R13_EXIT_D,x_R24_EXIT_A,0.0001474089121688053
111,155,x_R13_EXIT_D,x_R24_EXIT_C,0.0001474089121688053
111,156,x_R13_EXIT_D,x_R24_EXIT_D,0.001244786369425467
111,160,x_R13_EXIT_D,x_R24_EXIT_H,0.0007370445608440265
111,162,x_R13_EXIT_D,x_R25_EXIT_A,0.0005896356486752212
111,163,x_R13_EXIT_D,x_R25_EXIT_B,0.0005896356486752212
111,164,x_R13_EXIT_D,x_R25_EXIT_C,0.0005896356486752212
111,165,x_R13_EXIT_D,x_R25_EXIT_D,0.00010646199212191493
111,166,x_R13_EXIT_D,x_R25_EXIT_E,0.0005159311925908185
111,167,x_R13_EXIT_D,x_R25_EXIT_F,0.0005159311925908185
111,168,x_R13_EXIT_D,x_R25_EXIT_G,0.0005159311925908185
111,169,x_R13_EXIT_D,x_R25_EXIT_H,0.002710686107104142
111,170,x_R13_EXIT_D,x_R25_EXIT_STAIRWELL,0.0005159311925908185
111,174,x_R13_EXIT_D,x_R28_EXIT_D,0.0006223931847127334
111,178,x_R13_EXIT_D,x_R28_EXIT_H,0.0003685222804220132
111,183,x_R13_EXIT_D,x_R29_EXIT_D,0.0006223931847127334
111,187,x_R13_EXIT_D,x_R29_EXIT_H,0.0003685222804220132
111,192,x_R13_EXIT_D,x_R30_EXIT_D,0.0006223931847127334
111,196,x_R13_EXIT_D,x_R30_EXIT_H,0.0003685222804220132
111,201,x_R13_EXIT_D,x_R31_EXIT_D,0.0006223931847127334
111,205,x_R13_EXIT_D,x_R31_EXIT_H,0.0003685222804220132
111,210,x_R13_EXIT_D,x_R32_EXIT_D,0.0006223931847127334
111,214,x_R13_EXIT_D,x_R32_EXIT_H,0.0003685222804220132
111,219,x_R13_EXIT_D,x_R33_EXIT_D,0.0006223931847127334
111,223,x_R13_EXIT_D,x_R33_EXIT_H,0.0003685222804220132
111,228,x_R13_EXIT_D,x_R34_EXIT_D,0.0006223931847127334
111,232,x_R13_EXIT_D,x_R34_EXIT_H,0.0003685222804220132
111,237,x_R13_EXIT_D,x_R35_EXIT_D,0.002374921362719641
111,241,x_R13_EXIT_D,x_R35_EXIT_H,0.0001474089121688053
111,243,x_R13_EXIT_D,x_R36_EXIT_A,0.00036852228042201317
111,244,x_R13_EXIT_D,x_R36_EXIT_B,0.00036852228042201317
111,246,x_R13_EXIT_D,x_R36_EXIT_D,0.0031119659235636665
111,250,x_R13_EXIT_D,x_R36_EXIT_H,0.0018426114021100658
112,112,x_R13_EXIT_E,x_R13_EXIT_E,-0.8014779232064596
112,113,x_R13_EXIT_E,x_R13_EXIT_F,1.6758244394835056
112,114,x_R13_EXIT_E,x_R13_EXIT_G,1.675529621659168
112,115,x_R13_EXIT_E,x_R13_EXIT_H,1.6745059486579956
112,116,x_R13_EXIT_E,x_R13_EXIT_STAIRWELL,1.6756770305713367
112,118,x_R13_EXIT_E,x_R14_EXIT_B,0.0005159311925908185
112,119,x_R13_EXIT_E,x_R14_EXIT_C,0.0005159311925908185
112,120,x_R13_EXIT_E,x_R14_EXIT_D,0.0005159311925908185
112,121,x_R13_EXIT_E,x_R14_EXIT_E,0.0032593748357324726
112,122,x_R13_EXIT_E,x_R14_EXIT_F,0.0014658997376786745
112,123,x_R13_EXIT_E,x_R14_EXIT_G,0.0011710819133410643
112,124,x_R13_EXIT_E,x_R14_EXIT_H,0.0001474089121688053
112,125,x_R13_EXIT_E,x_R14_EXIT_STAIRWELL,0.0013184908255098695
112,130,x_R13_EXIT_E,x_R15_EXIT_E,0.0007861808649002948
112,132,x_R13_EXIT_E,x_R15_EXIT_G,0.00014331422016411623
112,133,x_R13_EXIT_E,x_R15_EXIT_H,0.0001842611402110066
112,139,x_R13_EXIT_E,x_R16_EXIT_E,0.0015723617298005895
112,141,x_R13_EXIT_E,x_R16_EXIT_G,0.00028662844032823246
112,142,x_R13_EXIT_E,x_R16_EXIT_H,0.0003685222804220132
112,153,x_R13_EXIT_E,x_R24_EXIT_A,0.0007370445608440265
112,157,x_R13_EXIT_E,x_R24_EXIT_E,0.003144723459601179
112,159,x_R13_EXIT_E,x_R24_EXIT_G,0.0001474089121688053
112,160,x_R13_EXIT_E,x_R24_EXIT_H,0.0014740891216880527
112,166,x_R13_EXIT_E,x_R25_EXIT_E,0.0015723617298005895
112,168,x_R13_EXIT_E,x_R25_EXIT_G,0.00028662844032823246
112,169,x_R13_EXIT_E,x_R25_EXIT_H,0.0003685222804220132
112,171,x_R13_EXIT_E,x_R28_EXIT_A,0.0006551507207502458
112,172,x_R13_EXIT_E,x_R28_EXIT_B,0.00028662844032823246
112,173,x_R13_EXIT_E,x_R28_EXIT_C,0.00028662844032823246
112,174,x_R13_EXIT_E,x_R28_EXIT_D,0.00028662844032823246
112,175,x_R13_EXIT_E,x_R28_EXIT_E,0.0020882929223914083
112,176,x_R13_EXIT_E,x_R28_EXIT_F,0.0002948178243376106
112,178,x_R13_EXIT_E,x_R28_EXIT_H,0.0010236730011722588
112,179,x_R13_EXIT_E,x_R28_EXIT_STAIRWELL,0.0001474089121688053
112,180,x_R13_EXIT_E,x_R29_EXIT_A,0.0006551507207502458
112,181,x_R13_EXIT_E,x_R29_EXIT_B,0.00028662844032823246
112,182,x_R13_EXIT_E,x_R29_EXIT_C,0.00028662844032823246
112,183,x_R13_EXIT_E,x_R29_EXIT_D,0.00028662844032823246
112,184,x_R13_EXIT_E,x_R29_EXIT_E,0.0020882929223914083
112,185,x_R13_EXIT_E,x_R29_EXIT_F,0.0002948178243376106
112,187,x_R13_EXIT_E,x_R29_EXIT_H,0.0010236730011722588
112,188,x_R13_EXIT_E,x_R29_EXIT_STAIRWELL,0.0001474089121688053
112,189,x_R13_EXIT_E,x_R30_EXIT_A,0.0006551507207502458
112,190,x_R13_EXIT_E,x_R30_EXIT_B,0.00028662844032823246
112,191,x_R13_EXIT_E,x_R30_EXIT_C,0.00028662844032823246
112,192,x_R13_EXIT_E,x_R30_EXIT_D,0.00028662844032823246
112,193,x_R13_EXIT_E,x_R30_EXIT_E,0.0020882929223914083
112,194,x_R13_EXIT_E,x_R30_EXIT_F,0.0002948178243376106
112,196,x_R13_EXIT_E,x_R30_EXIT_H,0.0010236730011722588
112,197,x_R13_EXIT_E,x_R30_EXIT_STAIRWELL,0.0001474089121688053
112,198,x_R13_EXIT_E,x_R31_EXIT_A,0.0007288551768346484
112,199,x_R13_EXIT_E,x_R31_EXIT_B,0.0003603328964126351
112,202,x_R13_EXIT_E,x_R31_EXIT_E,0.0020145884663070055
112,205,x_R13_EXIT_E,x_R31_EXIT_H,0.0010973774572566614
112,207,x_R13_EXIT_E,x_R32_EXIT_A,0.0009499685450878562
112,208,x_R13_EXIT_E,x_R32_EXIT_B,0.0001474089121688053
112,211,x_R13_EXIT_E,x_R32_EXIT_E,0.0015723617298005895
112,213,x_R13_EXIT_E,x_R32_EXIT_G,0.0002948178243376106
112,214,x_R13_EXIT_E,x_R32_EXIT_H,0.0013184908255098693
112,216,x_R13_EXIT_E,x_R33_EXIT_A,0.001981830930269493
112,217,x_R13_EXIT_E,x_R33_EXIT_B,0.0009581579290972342
112,218,x_R13_EXIT_E,x_R33_EXIT_C,0.0008844534730128318
112,219,x_R13_EXIT_E,x_R33_EXIT_D,0.0008844534730128318
112,220,x_R13_EXIT_E,x_R33_EXIT_E,0.0006960976407971362
112,221,x_R13_EXIT_E,x_R33_EXIT_F,0.001031862385181637
112,222,x_R13_EXIT_E,x_R33_EXIT_G,0.0013266802095192477
112,223,x_R13_EXIT_E,x_R33_EXIT_H,0.0023503532106915062
112,224,x_R13_EXIT_E,x_R33_EXIT_STAIRWELL,0.0011055668412660396
112,225,x_R13_EXIT_E,x_R34_EXIT_A,0.0013921952815942721
112,226,x_R13_EXIT_E,x_R34_EXIT_B,0.0003685222804220132
112,227,x_R13_EXIT_E,x_R34_EXIT_C,0.0002948178243376106
112,228,x_R13_EXIT_E,x_R34_EXIT_D,0.0002948178243376106
112,229,x_R13_EXIT_E,x_R34_EXIT_E,0.00010646199212191492
112,230,x_R13_EXIT_E,x_R34_EXIT_F,0.0004422267365064159
112,231,x_R13_EXIT_E,x_R34_EXIT_G,0.0007370445608440266
112,232,x_R13_EXIT_E,x_R34_EXIT_H,0.0017607175620162853
112,233,x_R13_EXIT_E,x_R34_EXIT_STAIRWELL,0.0005159311925908185
112,238,x_R13_EXIT_E,x_R35_EXIT_E,0.0027434436431416536
112,239,x_R13_EXIT_E,x_R35_EXIT_F,0.0009499685450878562
112,240,x_R13_EXIT_E,x_R35_EXIT_G,0.0006551507207502458
112,241,x_R13_EXIT_E,x_R35_EXIT_H,0.0001474089121688053
112,242,x_R13_EXIT_E,x_R35_EXIT_STAIRWELL,0.000802559632919051
112,243,x_R13_EXIT_E,x_R36_EXIT_A,0.0007370445608440263
112,244,x_R13_EXIT_E,x_R36_EXIT_B,0.0007370445608440263
112,245,x_R13_EXIT_E,x_R36_EXIT_C,0.0005323099606095746
112,246,x_R13_EXIT_E,x_R36_EXIT_D,0.0005323099606095746
112,247,x_R13_EXIT_E,x_R36_EXIT_E,0.011342296852988626
112,248,x_R13_EXIT_E,x_R36_EXIT_F,0.0023749213627196402
112,249,x_R13_EXIT_E,x_R36_EXIT_G,0.0009008322410315877
112,250,x_R13_EXIT_E,x_R36_EXIT_H,0.002579655962954092
112,251,x_R13_EXIT_E,x_R36_EXIT_STAIRWELL,0.001637876801875614
113,113,x_R13_EXIT_F,x_R13_EXIT_F,-0.8093149265646429
113,114,x_R13_EXIT_F,x_R13_EXIT_G,1.675529621659168
113,115,x_R13_EXIT_F,x_R13_EXIT_H,1.6745059486579956
113,116,x_R13_EXIT_F,x_R13_EXIT_STAIRWELL,1.6756770305713367
113,118,x_R13_EXIT_F,x_R14_EXIT_B,0.0005159311925908185
113,119,x_R13_EXIT_F,x_R14_EXIT_C,0.0005159311925908185
113,120,x_R13_EXIT_F,x_R14_EXIT_D,0.0005159311925908185
113,121,x_R13_EXIT_F,x_R14_EXIT_E,0.0014658997376786745
113,122,x_R13_EXIT_F,x_R14_EXIT_F,0.0017934750980537974
113,123,x_R13_EXIT_F,x_R14_EXIT_G,0.0011710819133410643
113,124,x_R13_EXIT_F,x_R14_EXIT_H,0.0001474089121688053
113,125,x_R13_EXIT_F,x_R14_EXIT_STAIRWELL,0.0013184908255098695
113,131,x_R13_EXIT_F,x_R15_EXIT_F,0.00016378768018756145
113,132,x_R13_EXIT_F,x_R15_EXIT_G,0.00014331422016411623
113,133,x_R13_EXIT_F,x_R15_EXIT_H,0.0001842611402110066
113,140,x_R13_EXIT_F,x_R16_EXIT_F,0.0003275753603751229
113,141,x_R13_EXIT_F,x_R16_EXIT_G,0.00028662844032823246
113,142,x_R13_EXIT_F,x_R16_EXIT_H,0.0003685222804220132
113,153,x_R13_EXIT_F,x_R24_EXIT_A,0.0007370445608440265
113,158,x_R13_EXIT_F,x_R24_EXIT_F,0.0006551507207502458
113,159,x_R13_EXIT_F,x_R24_EXIT_G,0.0001474089121688053
113,160,x_R13_EXIT_F,x_R24_EXIT_H,0.0014740891216880527
113,167,x_R13_EXIT_F,x_R25_EXIT_F,0.0003275753603751229
113,168,x_R13_EXIT_F,x_R25_EXIT_G,0.00028662844032823246
113,169,x_R13_EXIT_F,x_R25_EXIT_H,0.0003685222804220132
113,171,x_R13_EXIT_F,x_R28_EXIT_A,0.0006551507207502458
113,172,x_R13_EXIT_F,x_R28_EXIT_B,0.00028662844032823246
113,173,x_R13_EXIT_F,x_R28_EXIT_C,0.00028662844032823246
113,174,x_R13_EXIT_F,x_R28_EXIT_D,0.00028662844032823246
113,175,x_R13_EXIT_F,x_R28_EXIT_E,0.0002948178243376106
113,176,x_R13_EXIT_F,x_R28_EXIT_F,0.0006223931847127334
113,178,x_R13_EXIT_F,x_R28_EXIT_H,0.0010236730011722588
113,179,x_R13_EXIT_F,x_R28_EXIT_STAIRWELL,0.0001474089121688053
113,180,x_R13_EXIT_F,x_R29_EXIT_A,0.0006551507207502458
113,181,x_R13_EXIT_F,x_R29_EXIT_B,0.00028662844032823246
113,182,x_R13_EXIT_F,x_R29_EXIT_C,0.00028662844032823246
113,183,x_R13_EXIT_F,x_R29_EXIT_D,0.00028662844032823246
113,184,x_R13_EXIT_F,x_R29_EXIT_E,0.0002948178243376106
113,185,x_R13_EXIT_F,x_R29_EXIT_F,0.0006223931847127334
113,187,x_R13_EXIT_F,x_R29_EXIT_H,0.0010236730011722588
113,188,x_R13_EXIT_F,x_R29_EXIT_STAIRWELL,0.0001474089121688053
113,189,x_R13_EXIT_F,x_R30_EXIT_A,0.0006551507207502458
113,190,x_R13_EXIT_F,x_R30_EXIT_B,0.00028662844032823246
113,191,x_R13_EXIT_F,x_R30_EXIT_C,0.00028662844032823246
113,192,x_R13_EXIT_F,x_R30_EXIT_D,0.00028662844032823246
113,193,x_R13_EXIT_F,x_R30_EXIT_E,0.0002948178243376106
113,194,x_R13_EXIT_F,x_R30_EXIT_F,0.0006223931847127334
113,196,x_R13_EXIT_F,x_R30_EXIT_H,0.0010236730011722588
113,197,x_R13_EXIT_F,x_R30_EXIT_STAIRWELL,0.0001474089121688053
113,198,x_R13_EXIT_F,x_R31_EXIT_A,0.0007288551768346484
113,199,x_R13_EXIT_F,x_R31_EXIT_B,0.0003603328964126351
113,202,x_R13_EXIT_F,x_R31_EXIT_E,0.00022111336825320795
113,203,x_R13_EXIT_F,x_R31_EXIT_F,0.00010646199212191492
113,205,x_R13_EXIT_F,x_R31_EXIT_H,0.0010973774572566614
113,207,x_R13_EXIT_F,x_R32_EXIT_A,0.001171081913341064
113,212,x_R13_EXIT_F,x_R32_EXIT_F,0.00010646199212191492
113,213,x_R13_EXIT_F,x_R32_EXIT_G,0.0005159311925908185
113,214,x_R13_EXIT_F,x_R32_EXIT_H,0.0015396041937630772
113,215,x_R13_EXIT_F,x_R32_EXIT_STAIRWELL,0.0002948178243376106
113,216,x_R13_EXIT_F,x_R33_EXIT_A,0.0009499685450878562
113,221,x_R13_EXIT_F,x_R33_EXIT_F,0.0003275753603751229
113,222,x_R13_EXIT_F,x_R33_EXIT_G,0.0002948178243376106
113,223,x_R13_EXIT_F,x_R33_EXIT_H,0.0013184908255098693
113,225,x_R13_EXIT_F,x_R34_EXIT_A,0.0009499685450878562
113,230,x_R13_EXIT_F,x_R34_EXIT_F,0.0003275753603751229
113,231,x_R13_EXIT_F,x_R34_EXIT_G,0.0002948178243376106
113,232,x_R13_EXIT_F,x_R34_EXIT_H,0.0013184908255098693
113,238,x_R13_EXIT_F,x_R35_EXIT_E,0.0009499685450878562
113,239,x_R13_EXIT_F,x_R35_EXIT_F,0.001277543905462979
113,240,x_R13_EXIT_F,x_R35_EXIT_G,0.0006551507207502458
113,241,x_R13_EXIT_F,x_R35_EXIT_H,0.0001474089121688053
113,242,x_R13_EXIT_F,x_R35_EXIT_STAIRWELL,0.000802559632919051
113,243,x_R13_EXIT_F,x_R36_EXIT_A,0.0007370445608440263
113,244,x_R13_EXIT_F,x_R36_EXIT_B,0.0007370445608440263
113,245,x_R13_EXIT_F,x_R36_EXIT_C,0.0005323099606095746
113,246,x_R13_EXIT_F,x_R36_EXIT_D,0.0005323099606095746
113,247,x_R13_EXIT_F,x_R36_EXIT_E,0.0023749213627196402
113,248,x_R13_EXIT_F,x_R36_EXIT_F,0.004012798164595254
113,249,x_R13_EXIT_F,x_R36_EXIT_G,0.0009008322410315877
113,250,x_R13_EXIT_F,x_R36_EXIT_H,0.002579655962954092
113,251,x_R13_EXIT_F,x_R36_EXIT_STAIRWELL,0.001637876801875614
114,114,x_R13_EXIT_G,x_R13_EXIT_G,-0.805005268341656
114,115,x_R13_EXIT_G,x_R13_EXIT_H,1.6745059486579956
114,116,x_R13_EXIT_G,x_R13_EXIT_STAIRWELL,1.675529621659168
114,118,x_R13_EXIT_G,x_R14_EXIT_B,0.0005159311925908185
114,119,x_R13_EXIT_G,x_R14_EXIT_C,0.0005159311925908185
114,120,x_R13_EXIT_G,x_R14_EXIT_D,0.0005159311925908185
114,121,x_R13_EXIT_G,x_R14_EXIT_E,0.0011710819133410643
114,122,x_R13_EXIT_G,x_R14_EXIT_F,0.0011710819133410643
114,123,x_R13_EXIT_G,x_R14_EXIT_G,0.0028908525553104597
114,124,x_R13_EXIT_G,x_R14_EXIT_H,0.0001474089121688053
114,125,x_R13_EXIT_G,x_R14_EXIT_STAIRWELL,0.0011710819133410643
114,132,x_R13_EXIT_G,x_R15_EXIT_G,0.0010031995411488137
114,133,x_R13_EXIT_G,x_R15_EXIT_H,0.0001842611402110066
114,141,x_R13_EXIT_G,x_R16_EXIT_G,0.0020063990822976273
114,142,x_R13_EXIT_G,x_R16_EXIT_H,0.0003685222804220132
114,153,x_R13_EXIT_G,x_R24_EXIT_A,0.0007370445608440265
114,159,x_R13_EXIT_G,x_R24_EXIT_G,0.0034395412839387904
114,160,x_R13_EXIT_G,x_R24_EXIT_H,0.0014740891216880527
114,168,x_R13_EXIT_G,x_R25_EXIT_G,0.0020063990822976273
114,169,x_R13_EXIT_G,x_R25_EXIT_H,0.0003685222804220132
114,171,x_R13_EXIT_G,x_R28_EXIT_A,0.002268459370597726
114,172,x_R13_EXIT_G,x_R28_EXIT_B,0.001899937090175713
114,173,x_R13_EXIT_G,x_R28_EXIT_C,0.001899937090175713
114,174,x_R13_EXIT_G,x_R28_EXIT_D,0.001899937090175713
114,175,x_R13_EXIT_G,x_R28_EXIT_E,0.0016133086498474804
114,176,x_R13_EXIT_G,x_R28_EXIT_F,0.0016133086498474804
114,177,x_R13_EXIT_G,x_R28_EXIT_G,0.00010646199212191492
114,178,x_R13_EXIT_G,x_R28_EXIT_H,0.002636981651019739
114,179,x_R13_EXIT_G,x_R28_EXIT_STAIRWELL,0.0016133086498474804
114,180,x_R13_EXIT_G,x_R29_EXIT_A,0.0016133086498474802
114,181,x_R13_EXIT_G,x_R29_EXIT_B,0.0012447863694254667
114,182,x_R13_EXIT_G,x_R29_EXIT_C,0.0012447863694254667
114,183,x_R13_EXIT_G,x_R29_EXIT_D,0.0012447863694254667
114,184,x_R13_EXIT_G,x_R29_EXIT_E,0.0009581579290972342
114,185,x_R13_EXIT_G,x_R29_EXIT_F,0.0009581579290972342
114,186,x_R13_EXIT_G,x_R29_EXIT_G,0.0006960976407971361
114,187,x_R13_EXIT_G,x_R29_EXIT_H,0.0019818309302694933
114,188,x_R13_EXIT_G,x_R29_EXIT_STAIRWELL,0.0009581579290972342
114,189,x_R13_EXIT_G,x_R30_EXIT_A,0.0007288551768346484
114,190,x_R13_EXIT_G,x_R30_EXIT_B,0.00036033289641263514
114,191,x_R13_EXIT_G,x_R30_EXIT_C,0.00036033289641263514
114,192,x_R13_EXIT_G,x_R30_EXIT_D,0.00036033289641263514
114,195,x_R13_EXIT_G,x_R30_EXIT_G,0.0016460661858849926
114,196,x_R13_EXIT_G,x_R30_EXIT_H,0.0010973774572566614
114,198,x_R13_EXIT_G,x_R31_EXIT_A,0.0006551507207502458
114,199,x_R13_EXIT_G,x_R31_EXIT_B,0.00028662844032823246
114,204,x_R13_EXIT_G,x_R31_EXIT_G,0.0017197706419693952
114,205,x_R13_EXIT_G,x_R31_EXIT_H,0.0010236730011722588
114,207,x_R13_EXIT_G,x_R32_EXIT_A,0.0006551507207502458
114,213,x_R13_EXIT_G,x_R32_EXIT_G,0.0017197706419693952
114,214,x_R13_EXIT_G,x_R32_EXIT_H,0.0010236730011722588
114,216,x_R13_EXIT_G,x_R33_EXIT_A,0.0006551507207502458
114,222,x_R13_EXIT_G,x_R33_EXIT_G,0.0017197706419693952
114,223,x_R13_EXIT_G,x_R33_EXIT_H,0.0010236730011722588
114,225,x_R13_EXIT_G,x_R34_EXIT_A,0.0006551507207502458
114,231,x_R13_EXIT_G,x_R34_EXIT_G,0.0017197706419693952
114,232,x_R13_EXIT_G,x_R34_EXIT_H,0.0010236730011722588
114,238,x_R13_EXIT_G,x_R35_EXIT_E,0.0006551507207502458
114,239,x_R13_EXIT_G,x_R35_EXIT_F,0.0006551507207502458
114,240,x_R13_EXIT_G,x_R35_EXIT_G,0.002374921362719641
114,241,x_R13_EXIT_G,x_R35_EXIT_H,0.0001474089121688053
114,242,x_R13_EXIT_G,x_R35_EXIT_STAIRWELL,0.0006551507207502458
114,243,x_R13_EXIT_G,x_R36_EXIT_A,0.0007370445608440263
114,244,x_R13_EXIT_G,x_R36_EXIT_B,0.0007370445608440263
114,245,x_R13_EXIT_G,x_R36_EXIT_C,0.0005323099606095746
114,246,x_R13_EXIT_G,x_R36_EXIT_D,0.0005323099606095746
114,247,x_R13_EXIT_G,x_R36_EXIT_E,0.0009008322410315877
114,248,x_R13_EXIT_G,x_R36_EXIT_F,0.0009008322410315877
114,249,x_R13_EXIT_G,x_R36_EXIT_G,0.009499685450878563
114,250,x_R13_EXIT_G,x_R36_EXIT_H,0.002579655962954092
114,251,x_R13_EXIT_G,x_R36_EXIT_STAIRWELL,0.0009008322410315877
115,115,x_R13_EXIT_H,x_R13_EXIT_H,-0.8271074774516979
115,116,x_R13_EXIT_H,x_R13_EXIT_STAIRWELL,1.6745059486579956
115,118,x_R13_EXIT_H,x_R14_EXIT_B,0.0001474089121688053
115,119,x_R13_EXIT_H,x_R14_EXIT_C,0.0001474089121688053
115,120,x_R13_EXIT_H,x_R14_EXIT_D,0.0001474089121688053
115,121,x_R13_EXIT_H,x_R14_EXIT_E,0.0001474089121688053
115,122,x_R13_EXIT_H,x_R14_EXIT_F,0.0001474089121688053
115,123,x_R13_EXIT_H,x_R14_EXIT_G,0.0001474089121688053
115,124,x_R13_EXIT_H,x_R14_EXIT_H,0.0004749842725439281
115,125,x_R13_EXIT_H,x_R14_EXIT_STAIRWELL,0.0001474089121688053
115,133,x_R13_EXIT_H,x_R15_EXIT_H,0.00016378768018756142
115,142,x_R13_EXIT_H,x_R16_EXIT_H,0.00032757536037512284
115,160,x_R13_EXIT_H,x_R24_EXIT_H,0.0006551507207502457
115,169,x_R13_EXIT_H,x_R25_EXIT_H,0.00032757536037512284
115,178,x_R13_EXIT_H,x_R28_EXIT_H,0.00032757536037512284
115,187,x_R13_EXIT_H,x_R29_EXIT_H,0.00032757536037512284
115,196,x_R13_EXIT_H,x_R30_EXIT_H,0.00032757536037512284
115,205,x_R13_EXIT_H,x_R31_EXIT_H,0.00032757536037512284
115,214,x_R13_EXIT_H,x_R32_EXIT_H,0.00032757536037512284
115,223,x_R13_EXIT_H,x_R33_EXIT_H,0.00032757536037512284
115,232,x_R13_EXIT_H,x_R34_EXIT_H,0.00032757536037512284
115,241,x_R13_EXIT_H,x_R35_EXIT_H,0.0004749842725439281
115,250,x_R13_EXIT_H,x_R36_EXIT_H,0.001637876801875614
116,116,x_R13_EXIT_STAIRWELL,x_R13_EXIT_STAIRWELL,-0.8122605985202785
116,118,x_R13_EXIT_STAIRWELL,x_R14_EXIT_B,0.0005159311925908185
116,119,x_R13_EXIT_STAIRWELL,x_R14_EXIT_C,0.0005159311925908185
116,120,x_R13_EXIT_STAIRWELL,x_R14_EXIT_D,0.0005159311925908185
116,121,x_R13_EXIT_STAIRWELL,x_R14_EXIT_E,0.0013184908255098695
116,122,x_R13_EXIT_STAIRWELL,x_R14_EXIT_F,0.0013184908255098695
116,123,x_R13_EXIT_STAIRWELL,x_R14_EXIT_G,0.0011710819133410643
116,124,x_R13_EXIT_STAIRWELL,x_R14_EXIT_H,0.0001474089121688053
116,125,x_R13_EXIT_STAIRWELL,x_R14_EXIT_STAIRWELL,0.0017525281780069073
116,132,x_R13_EXIT_STAIRWELL,x_R15_EXIT_G,0.00014331422016411623
116,133,x_R13_EXIT_STAIRWELL,x_R15_EXIT_H,0.0001842611402110066
116,134,x_R13_EXIT_STAIRWELL,x_R15_EXIT_STAIRWELL,0.00016378768018756145
116,141,x_R13_EXIT_STAIRWELL,x_R16_EXIT_G,0.00028662844032823246
116,142,x_R13_EXIT_STAIRWELL,x_R16_EXIT_H,0.0003685222804220132
116,143,x_R13_EXIT_STAIRWELL,x_R16_EXIT_STAIRWELL,0.0003275753603751229
116,153,x_R13_EXIT_STAIRWELL,x_R24_EXIT_A,0.0007370445608440265
116,159,x_R13_EXIT_STAIRWELL,x_R24_EXIT_G,0.00021292398424382984
116,160,x_R13_EXIT_STAIRWELL,x_R24_EXIT_H,0.0014740891216880527
116,161,x_R13_EXIT_STAIRWELL,x_R24_EXIT_STAIRWELL,0.0006551507207502458
116,168,x_R13_EXIT_STAIRWELL,x_R25_EXIT_G,0.00028662844032823246
116,169,x_R13_EXIT_STAIRWELL,x_R25_EXIT_H,0.0003685222804220132
116,170,x_R13_EXIT_STAIRWELL,x_R25_EXIT_STAIRWELL,0.0003275753603751229
116,171,x_R13_EXIT_STAIRWELL,x_R28_EXIT_A,0.0006551507207502458
116,172,x_R13_EXIT_STAIRWELL,x_R28_EXIT_B,0.00028662844032823246
116,173,x_R13_EXIT_STAIRWELL,x_R28_EXIT_C,0.00028662844032823246
116,174,x_R13_EXIT_STAIRWELL,x_R28_EXIT_D,0.00028662844032823246
116,175,x_R13_EXIT_STAIRWELL,x_R28_EXIT_E,0.0001474089121688053
116,176,x_R13_EXIT_STAIRWELL,x_R28_EXIT_F,0.0001474089121688053
116,178,x_R13_EXIT_STAIRWELL,x_R28_EXIT_H,0.0010236730011722588
116,179,x_R13_EXIT_STAIRWELL,x_R28_EXIT_STAIRWELL,0.0005814462646658431
116,180,x_R13_EXIT_STAIRWELL,x_R29_EXIT_A,0.0006551507207502458
116,181,x_R13_EXIT_STAIRWELL,x_R29_EXIT_B,0.00028662844032823246
116,182,x_R13_EXIT_STAIRWELL,x_R29_EXIT_C,0.00028662844032823246
116,183,x_R13_EXIT_STAIRWELL,x_R29_EXIT_D,0.00028662844032823246
116,184,x_R13_EXIT_STAIRWELL,x_R29_EXIT_E,0.0001474089121688053
116,185,x_R13_EXIT_STAIRWELL,x_R29_EXIT_F,0.0001474089121688053
116,187,x_R13_EXIT_STAIRWELL,x_R29_EXIT_H,0.0010236730011722588
116,188,x_R13_EXIT_STAIRWELL,x_R29_EXIT_STAIRWELL,0.0005814462646658431
116,189,x_R13_EXIT_STAIRWELL,x_R30_EXIT_A,0.0006551507207502458
116,190,x_R13_EXIT_STAIRWELL,x_R30_EXIT_B,0.00028662844032823246
116,191,x_R13_EXIT_STAIRWELL,x_R30_EXIT_C,0.00028662844032823246
116,192,x_R13_EXIT_STAIRWELL,x_R30_EXIT_D,0.00028662844032823246
116,193,x_R13_EXIT_STAIRWELL,x_R30_EXIT_E,0.0001474089121688053
116,194,x_R13_EXIT_STAIRWELL,x_R30_EXIT_F,0.0001474089121688053
116,196,x_R13_EXIT_STAIRWELL,x_R30_EXIT_H,0.0010236730011722588
116,197,x_R13_EXIT_STAIRWELL,x_R30_EXIT_STAIRWELL,0.0005814462646658431
116,198,x_R13_EXIT_STAIRWELL,x_R31_EXIT_A,0.0007288551768346484
116,199,x_R13_EXIT_STAIRWELL,x_R31_EXIT_B,0.0003603328964126351
116,200,x_R13_EXIT_STAIRWELL,x_R31_EXIT_C,0.00018016644820631757
116,201,x_R13_EXIT_STAIRWELL,x_R31_EXIT_D,0.00018016644820631757
116,205,x_R13_EXIT_STAIRWELL,x_R31_EXIT_H,0.0010973774572566614
116,206,x_R13_EXIT_STAIRWELL,x_R31_EXIT_STAIRWELL,0.0005077418085814404
116,207,x_R13_EXIT_STAIRWELL,x_R32_EXIT_A,0.000802559632919051
116,213,x_R13_EXIT_STAIRWELL,x_R32_EXIT_G,0.0001474089121688053
116,214,x_R13_EXIT_STAIRWELL,x_R32_EXIT_H,0.0011710819133410643
116,215,x_R13_EXIT_STAIRWELL,x_R32_EXIT_STAIRWELL,0.0003275753603751229
116,216,x_R13_EXIT_STAIRWELL,x_R33_EXIT_A,0.000802559632919051
116,222,x_R13_EXIT_STAIRWELL,x_R33_EXIT_G,0.0001474089121688053
116,223,x_R13_EXIT_STAIRWELL,x_R33_EXIT_H,0.0011710819133410643
116,224,x_R13_EXIT_STAIRWELL,x_R33_EXIT_STAIRWELL,0.0003275753603751229
116,225,x_R13_EXIT_STAIRWELL,x_R34_EXIT_A,0.000802559632919051
116,231,x_R13_EXIT_STAIRWELL,x_R34_EXIT_G,0.0001474089121688053
116,232,x_R13_EXIT_STAIRWELL,x_R34_EXIT_H,0.0011710819133410643
116,233,x_R13_EXIT_STAIRWELL,x_R34_EXIT_STAIRWELL,0.0003275753603751229
116,238,x_R13_EXIT_STAIRWELL,x_R35_EXIT_E,0.000802559632919051
116,239,x_R13_EXIT_STAIRWELL,x_R35_EXIT_F,0.000802559632919051
116,240,x_R13_EXIT_STAIRWELL,x_R35_EXIT_G,0.0006551507207502458
116,241,x_R13_EXIT_STAIRWELL,x_R35_EXIT_H,0.0001474089121688053
116,242,x_R13_EXIT_STAIRWELL,x_R35_EXIT_STAIRWELL,0.0012365969854160888
116,243,x_R13_EXIT_STAIRWELL,x_R36_EXIT_A,0.0007370445608440263
116,244,x_R13_EXIT_STAIRWELL,x_R36_EXIT_B,0.0007370445608440263
116,245,x_R13_EXIT_STAIRWELL,x_R36_EXIT_C,0.0005323099606095746
116,246,x_R13_EXIT_STAIRWELL,x_R36_EXIT_D,0.0005323099606095746
116,247,x_R13_EXIT_STAIRWELL,x_R36_EXIT_E,0.001637876801875614
116,248,x_R13_EXIT_STAIRWELL,x_R36_EXIT_F,0.001637876801875614
116,249,x_R13_EXIT_STAIRWELL,x_R36_EXIT_G,0.0009008322410315877
116,250,x_R13_EXIT_STAIRWELL,x_R36_EXIT_H,0.002579655962954092
116,251,x_R13_EXIT_STAIRWELL,x_R36_EXIT_STAIRWELL,0.0038080635643608024
117,117,x_R14_EXIT_A,x_R14_EXIT_A,-0.8169507201713849
117,118,x_R14_EXIT_A,x_R14_EXIT_B,1.6743257822097892
117,119,x_R14_EXIT_A,x_R14_EXIT_C,1.6743257822097892
117,120,x_R14_EXIT_A,x_R14_EXIT_D,1.6743257822097892
117,121,x_R14_EXIT_A,x_R14_EXIT_E,1.6743257822097892
117,122,x_R14_EXIT_A,x_R14_EXIT_F,1.6743257822097892
117,123,x_R14_EXIT_A,x_R14_EXIT_G,1.6743257822097892
117,124,x_R14_EXIT_A,x_R14_EXIT_H,1.6743257822097892
117,125,x_R14_EXIT_A,x_R14_EXIT_STAIRWELL,1.6743257822097892
117,126,x_R14_EXIT_A,x_R15_EXIT_A,0.00016378768018756145
117,135,x_R14_EXIT_A,x_R16_EXIT_A,0.0003275753603751229
117,153,x_R14_EXIT_A,x_R24_EXIT_A,0.0006551507207502458
117,162,x_R14_EXIT_A,x_R25_EXIT_A,0.0003275753603751229
117,171,x_R14_EXIT_A,x_R28_EXIT_A,0.0003275753603751229
117,180,x_R14_EXIT_A,x_R29_EXIT_A,0.0003275753603751229
117,189,x_R14_EXIT_A,x_R30_EXIT_A,0.0003275753603751229
117,198,x_R14_EXIT_A,x_R31_EXIT_A,0.0003275753603751229
117,207,x_R14_EXIT_A,x_R32_EXIT_A,0.0003275753603751229
117,216,x_R14_EXIT_A,x_R33_EXIT_A,0.0003275753603751229
117,225,x_R14_EXIT_A,x_R34_EXIT_A,0.0003275753603751229
117,234,x_R14_EXIT_A,x_R35_EXIT_A,0.0009356371230714448
117,235,x_R14_EXIT_A,x_R35_EXIT_B,0.0006080617626963218
117,236,x_R14_EXIT_A,x_R35_EXIT_C,0.0006080617626963218
117,237,x_R14_EXIT_A,x_R35_EXIT_D,0.0006080617626963218
117,238,x_R14_EXIT_A,x_R35_EXIT_E,0.0006080617626963218
117,239,x_R14_EXIT_A,x_R35_EXIT_F,0.0006080617626963218
117,240,x_R14_EXIT_A,x_R35_EXIT_G,0.0006080617626963218
117,241,x_R14_EXIT_A,x_R35_EXIT_H,0.0014986572737161871
117,242,x_R14_EXIT_A,x_R35_EXIT_STAIRWELL,0.0006080617626963218
117,243,x_R14_EXIT_A,x_R36_EXIT_A,0.0016378768018756142
118,118,x_R14_EXIT_B,x_R14_EXIT_B,-0.8105808671387764
118,119,x_R14_EXIT_B,x_R14_EXIT_C,1.6757998713314775
118,120,x_R14_EXIT_B,x_R14_EXIT_D,1.6749154178584644
118,121,x_R14_EXIT_B,x_R14_EXIT_E,1.67484171340238
118,122,x_R14_EXIT_B,x_R14_EXIT_F,1.67484171340238
118,123,x_R14_EXIT_B,x_R14_EXIT_G,1.67484171340238
118,124,x_R14_EXIT_B,x_R14_EXIT_H,1.6744731911219581
118,125,x_R14_EXIT_B,x_R14_EXIT_STAIRWELL,1.67484171340238
118,126,x_R14_EXIT_B,x_R15_EXIT_A,0.0001474089121688053
118,127,x_R14_EXIT_B,x_R15_EXIT_B,0.00016378768018756142
118,133,x_R14_EXIT_B,x_R15_EXIT_H,0.00022111336825320795
118,135,x_R14_EXIT_B,x_R16_EXIT_A,0.0002948178243376106
118,136,x_R14_EXIT_B,x_R16_EXIT_B,0.00032757536037512284
118,142,x_R14_EXIT_B,x_R16_EXIT_H,0.0004422267365064159
118,153,x_R14_EXIT_B,x_R24_EXIT_A,0.0013266802095192472
118,154,x_R14_EXIT_B,x_R24_EXIT_B,0.0006551507207502457
118,160,x_R14_EXIT_B,x_R24_EXIT_H,0.0007370445608440265
118,162,x_R14_EXIT_B,x_R25_EXIT_A,0.0002948178243376106
118,163,x_R14_EXIT_B,x_R25_EXIT_B,0.00032757536037512284
118,169,x_R14_EXIT_B,x_R25_EXIT_H,0.0004422267365064159
118,171,x_R14_EXIT_B,x_R28_EXIT_A,0.0006633401047596236
118,172,x_R14_EXIT_B,x_R28_EXIT_B,0.00032757536037512284
118,178,x_R14_EXIT_B,x_R28_EXIT_H,0.0003685222804220132
118,180,x_R14_EXIT_B,x_R29_EXIT_A,0.0006633401047596236
118,181,x_R14_EXIT_B,x_R29_EXIT_B,0.00032757536037512284
118,187,x_R14_EXIT_B,x_R29_EXIT_H,0.0003685222804220132
118,189,x_R14_EXIT_B,x_R30_EXIT_A,0.0006633401047596236
118,190,x_R14_EXIT_B,x_R30_EXIT_B,0.00032757536037512284
118,196,x_R14_EXIT_B,x_R30_EXIT_H,0.0003685222804220132
118,198,x_R14_EXIT_B,x_R31_EXIT_A,0.0006633401047596236
118,199,x_R14_EXIT_B,x_R31_EXIT_B,0.00032757536037512284
118,205,x_R14_EXIT_B,x_R31_EXIT_H,0.0003685222804220132
118,207,x_R14_EXIT_B,x_R32_EXIT_A,0.0006633401047596236
118,208,x_R14_EXIT_B,x_R32_EXIT_B,0.00032757536037512284
118,214,x_R14_EXIT_B,x_R32_EXIT_H,0.0003685222804220132
118,216,x_R14_EXIT_B,x_R33_EXIT_A,0.0006633401047596236
118,217,x_R14_EXIT_B,x_R33_EXIT_B,0.00032757536037512284
118,223,x_R14_EXIT_B,x_R33_EXIT_H,0.0003685222804220132
118,225,x_R14_EXIT_B,x_R34_EXIT_A,0.0006633401047596236
118,226,x_R14_EXIT_B,x_R34_EXIT_B,0.00032757536037512284
118,232,x_R14_EXIT_B,x_R34_EXIT_H,0.0003685222804220132
118,235,x_R14_EXIT_B,x_R35_EXIT_B,0.0006223931847127334
118,236,x_R14_EXIT_B,x_R35_EXIT_C,0.0002948178243376106
118,237,x_R14_EXIT_B,x_R35_EXIT_D,0.0005896356486752211
118,238,x_R14_EXIT_B,x_R35_EXIT_E,0.0006633401047596236
118,239,x_R14_EXIT_B,x_R35_EXIT_F,0.0006633401047596236
118,240,x_R14_EXIT_B,x_R35_EXIT_G,0.0006633401047596236
118,241,x_R14_EXIT_B,x_R35_EXIT_H,0.0001474089121688053
118,242,x_R14_EXIT_B,x_R35_EXIT_STAIRWELL,0.0006633401047596236
118,243,x_R14_EXIT_B,x_R36_EXIT_A,0.0033167005237981183
118,244,x_R14_EXIT_B,x_R36_EXIT_B,0.006428666447361784
118,250,x_R14_EXIT_B,x_R36_EXIT_H,0.0018426114021100658
119,119,x_R14_EXIT_C,x_R14_EXIT_C,-0.8027272580976795
119,120,x_R14_EXIT_C,x_R14_EXIT_D,1.6749154178584644
119,121,x_R14_EXIT_C,x_R14_EXIT_E,1.67484171340238
119,122,x_R14_EXIT_C,x_R14_EXIT_F,1.67484171340238
119,123,x_R14_EXIT_C,x_R14_EXIT_G,1.67484171340238
119,124,x_R14_EXIT_C,x_R14_EXIT_H,1.6744731911219581
119,125,x_R14_EXIT_C,x_R14_EXIT_STAIRWELL,1.67484171340238
119,126,x_R14_EXIT_C,x_R15_EXIT_A,0.0004790789645486171
119,127,x_R14_EXIT_C,x_R15_EXIT_B,0.00033167005237981186
119,128,x_R14_EXIT_C,x_R15_EXIT_C,0.00016378768018756142
119,133,x_R14_EXIT_C,x_R15_EXIT_H,0.00022111336825320795
119,135,x_R14_EXIT_C,x_R16_EXIT_A,0.0009581579290972342
119,136,x_R14_EXIT_C,x_R16_EXIT_B,0.0006633401047596237
119,137,x_R14_EXIT_C,x_R16_EXIT_C,0.00032757536037512284
119,142,x_R14_EXIT_C,x_R16_EXIT_H,0.0004422267365064159
119,153,x_R14_EXIT_C,x_R24_EXIT_A,0.0013266802095192472
119,155,x_R14_EXIT_C,x_R24_EXIT_C,0.0006551507207502457
119,160,x_R14_EXIT_C,x_R24_EXIT_H,0.0007370445608440265
119,162,x_R14_EXIT_C,x_R25_EXIT_A,0.0009581579290972342
119,163,x_R14_EXIT_C,x_R25_EXIT_B,0.0006633401047596237
119,164,x_R14_EXIT_C,x_R25_EXIT_C,0.00032757536037512284
119,169,x_R14_EXIT_C,x_R25_EXIT_H,0.0004422267365064159
119,171,x_R14_EXIT_C,x_R28_EXIT_A,0.0006633401047596236
119,173,x_R14_EXIT_C,x_R28_EXIT_C,0.00032757536037512284
119,178,x_R14_EXIT_C,x_R28_EXIT_H,0.0003685222804220132
119,180,x_R14_EXIT_C,x_R29_EXIT_A,0.0006633401047596236
119,182,x_R14_EXIT_C,x_R29_EXIT_C,0.00032757536037512284
119,187,x_R14_EXIT_C,x_R29_EXIT_H,0.0003685222804220132
119,189,x_R14_EXIT_C,x_R30_EXIT_A,0.0006633401047596236
119,191,x_R14_EXIT_C,x_R30_EXIT_C,0.00032757536037512284
119,196,x_R14_EXIT_C,x_R30_EXIT_H,0.0003685222804220132
119,198,x_R14_EXIT_C,x_R31_EXIT_A,0.0006633401047596236
119,200,x_R14_EXIT_C,x_R31_EXIT_C,0.00032757536037512284
119,205,x_R14_EXIT_C,x_R31_EXIT_H,0.0003685222804220132
119,207,x_R14_EXIT_C,x_R32_EXIT_A,0.0006633401047596236
119,209,x_R14_EXIT_C,x_R32_EXIT_C,0.00032757536037512284
119,214,x_R14_EXIT_C,x_R32_EXIT_H,0.0003685222804220132
119,216,x_R14_EXIT_C,x_R33_EXIT_A,0.0006633401047596236
119,218,x_R14_EXIT_C,x_R33_EXIT_C,0.00032757536037512284
119,223,x_R14_EXIT_C,x_R33_EXIT_H,0.0003685222804220132
119,225,x_R14_EXIT_C,x_R34_EXIT_A,0.0006633401047596236
119,227,x_R14_EXIT_C,x_R34_EXIT_C,0.00032757536037512284
119,232,x_R14_EXIT_C,x_R34_EXIT_H,0.0003685222804220132
119,235,x_R14_EXIT_C,x_R35_EXIT_B,0.0002948178243376106
119,236,x_R14_EXIT_C,x_R35_EXIT_C,0.0012857332894723572
119,237,x_R14_EXIT_C,x_R35_EXIT_D,0.0005896356486752211
119,238,x_R14_EXIT_C,x_R35_EXIT_E,0.0006633401047596236
119,239,x_R14_EXIT_C,x_R35_EXIT_F,0.0006633401047596236
119,240,x_R14_EXIT_C,x_R35_EXIT_G,0.0006633401047596236
119,241,x_R14_EXIT_C,x_R35_EXIT_H,0.0001474089121688053
119,242,x_R14_EXIT_C,x_R35_EXIT_STAIRWELL,0.0006633401047596236
119,243,x_R14_EXIT_C,x_R36_EXIT_A,0.0033167005237981183
119,244,x_R14_EXIT_C,x_R36_EXIT_B,0.004790789645486171
119,245,x_R14_EXIT_C,x_R36_EXIT_C,0.001637876801875614
119,250,x_R14_EXIT_C,x_R36_EXIT_H,0.0018426114021100658
120,120,x_R14_EXIT_D,x_R14_EXIT_D,-0.8058205658803789
120,121,x_R14_EXIT_D,x_R14_EXIT_E,1.67484171340238
120,122,x_R14_EXIT_D,x_R14_EXIT_F,1.67484171340238
120,123,x_R14_EXIT_D,x_R14_EXIT_G,1.67484171340238
120,124,x_R14_EXIT_D,x_R14_EXIT_H,1.6744731911219581
120,125,x_R14_EXIT_D,x_R14_EXIT_STAIRWELL,1.67484171340238
120,129,x_R14_EXIT_D,x_R15_EXIT_D,0.00016378768018756145
120,130,x_R14_EXIT_D,x_R15_EXIT_E,0.0001474089121688053
120,131,x_R14_EXIT_D,x_R15_EXIT_F,0.0001474089121688053
120,132,x_R14_EXIT_D,x_R15_EXIT_G,0.0001474089121688053
120,133,x_R14_EXIT_D,x_R15_EXIT_H,0.001244786369425467
120,134,x_R14_EXIT_D,x_R15_EXIT_STAIRWELL,0.0001474089121688053
120,138,x_R14_EXIT_D,x_R16_EXIT_D,0.0003275753603751229
120,139,x_R14_EXIT_D,x_R16_EXIT_E,0.0002948178243376106
120,140,x_R14_EXIT_D,x_R16_EXIT_F,0.0002948178243376106
120,141,x_R14_EXIT_D,x_R16_EXIT_G,0.0002948178243376106
120,142,x_R14_EXIT_D,x_R16_EXIT_H,0.002489572738850934
120,143,x_R14_EXIT_D,x_R16_EXIT_STAIRWELL,0.0002948178243376106
120,153,x_R14_EXIT_D,x_R24_EXIT_A,0.0001474089121688053
120,155,x_R14_EXIT_D,x_R24_EXIT_C,0.0001474089121688053
120,156,x_R14_EXIT_D,x_R24_EXIT_D,0.001244786369425467
120,160,x_R14_EXIT_D,x_R24_EXIT_H,0.0007370445608440265
120,162,x_R14_EXIT_D,x_R25_EXIT_A,0.0005896356486752212
120,163,x_R14_EXIT_D,x_R25_EXIT_B,0.0005896356486752212
120,164,x_R14_EXIT_D,x_R25_EXIT_C,0.0005896356486752212
120,165,x_R14_EXIT_D,x_R25_EXIT_D,0.00010646199212191493
120,166,x_R14_EXIT_D,x_R25_EXIT_E,0.0005159311925908185
120,167,x_R14_EXIT_D,x_R25_EXIT_F,0.0005159311925908185
120,168,x_R14_EXIT_D,x_R25_EXIT_G,0.0005159311925908185
120,169,x_R14_EXIT_D,x_R25_EXIT_H,0.002710686107104142
120,170,x_R14_EXIT_D,x_R25_EXIT_STAIRWELL,0.0005159311925908185
120,174,x_R14_EXIT_D,x_R28_EXIT_D,0.0006223931847127334
120,178,x_R14_EXIT_D,x_R28_EXIT_H,0.0003685222804220132
120,183,x_R14_EXIT_D,x_R29_EXIT_D,0.0006223931847127334
120,187,x_R14_EXIT_D,x_R29_EXIT_H,0.0003685222804220132
120,192,x_R14_EXIT_D,x_R30_EXIT_D,0.0006223931847127334
120,196,x_R14_EXIT_D,x_R30_EXIT_H,0.0003685222804220132
120,201,x_R14_EXIT_D,x_R31_EXIT_D,0.0006223931847127334
120,205,x_R14_EXIT_D,x_R31_EXIT_H,0.0003685222804220132
120,210,x_R14_EXIT_D,x_R32_EXIT_D,0.0006223931847127334
120,214,x_R14_EXIT_D,x_R32_EXIT_H,0.0003685222804220132
120,219,x_R14_EXIT_D,x_R33_EXIT_D,0.0006223931847127334
120,223,x_R14_EXIT_D,x_R33_EXIT_H,0.0003685222804220132
120,228,x_R14_EXIT_D,x_R34_EXIT_D,0.0006223931847127334
120,232,x_R14_EXIT_D,x_R34_EXIT_H,0.0003685222804220132
120,237,x_R14_EXIT_D,x_R35_EXIT_D,0.002374921362719641
120,241,x_R14_EXIT_D,x_R35_EXIT_H,0.0001474089121688053
120,243,x_R14_EXIT_D,x_R36_EXIT_A,0.00036852228042201317
120,244,x_R14_EXIT_D,x_R36_EXIT_B,0.00036852228042201317
120,246,x_R14_EXIT_D,x_R36_EXIT_D,0.0031119659235636665
120,250,x_R14_EXIT_D,x_R36_EXIT_H,0.0018426114021100658
121,121,x_R14_EXIT_E,x_R14_EXIT_E,-0.8014943019744784
121,122,x_R14_EXIT_E,x_R14_EXIT_F,1.675791681947468
121,123,x_R14_EXIT_E,x_R14_EXIT_G,1.6754968641231305
121,124,x_R14_EXIT_E,x_R14_EXIT_H,1.6744731911219581
121,125,x_R14_EXIT_E,x_R14_EXIT_STAIRWELL,1.6756442730352992
121,130,x_R14_EXIT_E,x_R15_EXIT_E,0.0007861808649002948
121,132,x_R14_EXIT_E,x_R15_EXIT_G,0.00014331422016411623
121,133,x_R14_EXIT_E,x_R15_EXIT_H,0.0001842611402110066
121,139,x_R14_EXIT_E,x_R16_EXIT_E,0.0015723617298005895
121,141,x_R14_EXIT_E,x_R16_EXIT_G,0.00028662844032823246
121,142,x_R14_EXIT_E,x_R16_EXIT_H,0.0003685222804220132
121,153,x_R14_EXIT_E,x_R24_EXIT_A,0.0007370445608440265
121,157,x_R14_EXIT_E,x_R24_EXIT_E,0.003144723459601179
121,159,x_R14_EXIT_E,x_R24_EXIT_G,0.0001474089121688053
121,160,x_R14_EXIT_E,x_R24_EXIT_H,0.0014740891216880527
121,166,x_R14_EXIT_E,x_R25_EXIT_E,0.0015723617298005895
121,168,x_R14_EXIT_E,x_R25_EXIT_G,0.00028662844032823246
121,169,x_R14_EXIT_E,x_R25_EXIT_H,0.0003685222804220132
121,171,x_R14_EXIT_E,x_R28_EXIT_A,0.0006551507207502458
121,172,x_R14_EXIT_E,x_R28_EXIT_B,0.00028662844032823246
121,173,x_R14_EXIT_E,x_R28_EXIT_C,0.00028662844032823246
121,174,x_R14_EXIT_E,x_R28_EXIT_D,0.00028662844032823246
121,175,x_R14_EXIT_E,x_R28_EXIT_E,0.0020882929223914083
121,176,x_R14_EXIT_E,x_R28_EXIT_F,0.0002948178243376106
121,178,x_R14_EXIT_E,x_R28_EXIT_H,0.0010236730011722588
121,179,x_R14_EXIT_E,x_R28_EXIT_STAIRWELL,0.0001474089121688053
121,180,x_R14_EXIT_E,x_R29_EXIT_A,0.0006551507207502458
121,181,x_R14_EXIT_E,x_R29_EXIT_B,0.00028662844032823246
121,182,x_R14_EXIT_E,x_R29_EXIT_C,0.00028662844032823246
121,183,x_R14_EXIT_E,x_R29_EXIT_D,0.00028662844032823246
121,184,x_R14_EXIT_E,x_R29_EXIT_E,0.0020882929223914083
121,185,x_R14_EXIT_E,x_R29_EXIT_F,0.0002948178243376106
121,187,x_R14_EXIT_E,x_R29_EXIT_H,0.0010236730011722588
121,188,x_R14_EXIT_E,x_R29_EXIT_STAIRWELL,0.0001474089121688053
121,189,x_R14_EXIT_E,x_R30_EXIT_A,0.0006551507207502458
121,190,x_R14_EXIT_E,x_R30_EXIT_B,0.00028662844032823246
121,191,x_R14_EXIT_E,x_R30_EXIT_C,0.00028662844032823246
121,192,x_R14_EXIT_E,x_R30_EXIT_D,0.00028662844032823246
121,193,x_R14_EXIT_E,x_R30_EXIT_E,0.0020882929223914083
121,194,x_R14_EXIT_E,x_R30_EXIT_F,0.0002948178243376106
121,196,x_R14_EXIT_E,x_R30_EXIT_H,0.0010236730011722588
121,197,x_R14_EXIT_E,x_R30_EXIT_STAIRWELL,0.0001474089121688053
121,198,x_R14_EXIT_E,x_R31_EXIT_A,0.0007288551768346484
121,199,x_R14_EXIT_E,x_R31_EXIT_B,0.0003603328964126351
121,202,x_R14_EXIT_E,x_R31_EXIT_E,0.0020145884663070055
121,205,x_R14_EXIT_E,x_R31_EXIT_H,0.0010973774572566614
121,207,x_R14_EXIT_E,x_R32_EXIT_A,0.0009499685450878562
121,208,x_R14_EXIT_E,x_R32_EXIT_B,0.0001474089121688053
121,211,x_R14_EXIT_E,x_R32_EXIT_E,0.0015723617298005895
121,213,x_R14_EXIT_E,x_R32_EXIT_G,0.0002948178243376106
121,214,x_R14_EXIT_E,x_R32_EXIT_H,0.0013184908255098693
121,216,x_R14_EXIT_E,x_R33_EXIT_A,0.001981830930269493
121,217,x_R14_EXIT_E,x_R33_EXIT_B,0.0009581579290972342
121,218,x_R14_EXIT_E,x_R33_EXIT_C,0.0008844534730128318
121,219,x_R14_EXIT_E,x_R33_EXIT_D,0.0008844534730128318
121,220,x_R14_EXIT_E,x_R33_EXIT_E,0.0006960976407971362
121,221,x_R14_EXIT_E,x_R33_EXIT_F,0.001031862385181637
121,222,x_R14_EXIT_E,x_R33_EXIT_G,0.0013266802095192477
121,223,x_R14_EXIT_E,x_R33_EXIT_H,0.0023503532106915062
121,224,x_R14_EXIT_E,x_R33_EXIT_STAIRWELL,0.0011055668412660396
121,225,x_R14_EXIT_E,x_R34_EXIT_A,0.0013921952815942721
121,226,x_R14_EXIT_E,x_R34_EXIT_B,0.0003685222804220132
121,227,x_R14_EXIT_E,x_R34_EXIT_C,0.0002948178243376106
121,228,x_R14_EXIT_E,x_R34_EXIT_D,0.0002948178243376106
121,229,x_R14_EXIT_E,x_R34_EXIT_E,0.00010646199212191492
121,230,x_R14_EXIT_E,x_R34_EXIT_F,0.0004422267365064159
121,231,x_R14_EXIT_E,x_R34_EXIT_G,0.0007370445608440266
121,232,x_R14_EXIT_E,x_R34_EXIT_H,0.0017607175620162853
121,233,x_R14_EXIT_E,x_R34_EXIT_STAIRWELL,0.0005159311925908185
121,238,x_R14_EXIT_E,x_R35_EXIT_E,0.0027434436431416536
121,239,x_R14_EXIT_E,x_R35_EXIT_F,0.0009499685450878562
121,240,x_R14_EXIT_E,x_R35_EXIT_G,0.0006551507207502458
121,241,x_R14_EXIT_E,x_R35_EXIT_H,0.0001474089121688053
121,242,x_R14_EXIT_E,x_R35_EXIT_STAIRWELL,0.000802559632919051
121,243,x_R14_EXIT_E,x_R36_EXIT_A,0.0007370445608440263
121,244,x_R14_EXIT_E,x_R36_EXIT_B,0.0007370445608440263
121,245,x_R14_EXIT_E,x_R36_EXIT_C,0.0005323099606095746
121,246,x_R14_EXIT_E,x_R36_EXIT_D,0.0005323099606095746
121,247,x_R14_EXIT_E,x_R36_EXIT_E,0.011342296852988626
121,248,x_R14_EXIT_E,x_R36_EXIT_F,0.0023749213627196402
121,249,x_R14_EXIT_E,x_R36_EXIT_G,0.0009008322410315877
121,250,x_R14_EXIT_E,x_R36_EXIT_H,0.002579655962954092
121,251,x_R14_EXIT_E,x_R36_EXIT_STAIRWELL,0.001637876801875614
122,122,x_R14_EXIT_F,x_R14_EXIT_F,-0.8093313053326616
122,123,x_R14_EXIT_F,x_R14_EXIT_G,1.6754968641231305
122,124,x_R14_EXIT_F,x_R14_EXIT_H,1.6744731911219581
122,125,x_R14_EXIT_F,x_R14_EXIT_STAIRWELL,1.6756442730352992
122,131,x_R14_EXIT_F,x_R15_EXIT_F,0.00016378768018756145
122,132,x_R14_EXIT_F,x_R15_EXIT_G,0.00014331422016411623
122,133,x_R14_EXIT_F,x_R15_EXIT_H,0.0001842611402110066
122,140,x_R14_EXIT_F,x_R16_EXIT_F,0.0003275753603751229
122,141,x_R14_EXIT_F,x_R16_EXIT_G,0.00028662844032823246
122,142,x_R14_EXIT_F,x_R16_EXIT_H,0.0003685222804220132
122,153,x_R14_EXIT_F,x_R24_EXIT_A,0.0007370445608440265
122,158,x_R14_EXIT_F,x_R24_EXIT_F,0.0006551507207502458
122,159,x_R14_EXIT_F,x_R24_EXIT_G,0.0001474089121688053
122,160,x_R14_EXIT_F,x_R24_EXIT_H,0.0014740891216880527
122,167,x_R14_EXIT_F,x_R25_EXIT_F,0.0003275753603751229
122,168,x_R14_EXIT_F,x_R25_EXIT_G,0.00028662844032823246
122,169,x_R14_EXIT_F,x_R25_EXIT_H,0.0003685222804220132
122,171,x_R14_EXIT_F,x_R28_EXIT_A,0.0006551507207502458
122,172,x_R14_EXIT_F,x_R28_EXIT_B,0.00028662844032823246
122,173,x_R14_EXIT_F,x_R28_EXIT_C,0.00028662844032823246
122,174,x_R14_EXIT_F,x_R28_EXIT_D,0.00028662844032823246
122,175,x_R14_EXIT_F,x_R28_EXIT_E,0.0002948178243376106
122,176,x_R14_EXIT_F,x_R28_EXIT_F,0.0006223931847127334
122,178,x_R14_EXIT_F,x_R28_EXIT_H,0.0010236730011722588
122,179,x_R14_EXIT_F,x_R28_EXIT_STAIRWELL,0.0001474089121688053
122,180,x_R14_EXIT_F,x_R29_EXIT_A,0.0006551507207502458
122,181,x_R14_EXIT_F,x_R29_EXIT_B,0.00028662844032823246
122,182,x_R14_EXIT_F,x_R29_EXIT_C,0.00028662844032823246
122,183,x_R14_EXIT_F,x_R29_EXIT_D,0.00028662844032823246
122,184,x_R14_EXIT_F,x_R29_EXIT_E,0.0002948178243376106
122,185,x_R14_EXIT_F,x_R29_EXIT_F,0.0006223931847127334
122,187,x_R14_EXIT_F,x_R29_EXIT_H,0.0010236730011722588
122,188,x_R14_EXIT_F,x_R29_EXIT_STAIRWELL,0.0001474089121688053
122,189,x_R14_EXIT_F,x_R30_EXIT_A,0.0006551507207502458
122,190,x_R14_EXIT_F,x_R30_EXIT_B,0.00028662844032823246
122,191,x_R14_EXIT_F,x_R30_EXIT_C,0.00028662844032823246
122,192,x_R14_EXIT_F,x_R30_EXIT_D,0.00028662844032823246
122,193,x_R14_EXIT_F,x_R30_EXIT_E,0.0002948178243376106
122,194,x_R14_EXIT_F,x_R30_EXIT_F,0.0006223931847127334
122,196,x_R14_EXIT_F,x_R30_EXIT_H,0.0010236730011722588
122,197,x_R14_EXIT_F,x_R30_EXIT_STAIRWELL,0.0001474089121688053
122,198,x_R14_EXIT_F,x_R31_EXIT_A,0.0007288551768346484
122,199,x_R14_EXIT_F,x_R31_EXIT_B,0.0003603328964126351
122,202,x_R14_EXIT_F,x_R31_EXIT_E,0.00022111336825320795
122,203,x_R14_EXIT_F,x_R31_EXIT_F,0.00010646199212191492
122,205,x_R14_EXIT_F,x_R31_EXIT_H,0.0010973774572566614
122,207,x_R14_EXIT_F,x_R32_EXIT_A,0.001171081913341064
122,212,x_R14_EXIT_F,x_R32_EXIT_F,0.00010646199212191492
122,213,x_R14_EXIT_F,x_R32_EXIT_G,0.0005159311925908185
122,214,x_R14_EXIT_F,x_R32_EXIT_H,0.0015396041937630772
122,215,x_R14_EXIT_F,x_R32_EXIT_STAIRWELL,0.0002948178243376106
122,216,x_R14_EXIT_F,x_R33_EXIT_A,0.0009499685450878562
122,221,x_R14_EXIT_F,x_R33_EXIT_F,0.0003275753603751229
122,222,x_R14_EXIT_F,x_R33_EXIT_G,0.0002948178243376106
122,223,x_R14_EXIT_F,x_R33_EXIT_H,0.0013184908255098693
122,225,x_R14_EXIT_F,x_R34_EXIT_A,0.0009499685450878562
122,230,x_R14_EXIT_F,x_R34_EXIT_F,0.0003275753603751229
122,231,x_R14_EXIT_F,x_R34_EXIT_G,0.0002948178243376106
122,232,x_R14_EXIT_F,x_R34_EXIT_H,0.0013184908255098693
122,238,x_R14_EXIT_F,x_R35_EXIT_E,0.0009499685450878562
122,239,x_R14_EXIT_F,x_R35_EXIT_F,0.001277543905462979
122,240,x_R14_EXIT_F,x_R35_EXIT_G,0.0006551507207502458
122,241,x_R14_EXIT_F,x_R35_EXIT_H,0.0001474089121688053
122,242,x_R14_EXIT_F,x_R35_EXIT_STAIRWELL,0.000802559632919051
122,243,x_R14_EXIT_F,x_R36_EXIT_A,0.0007370445608440263
122,244,x_R14_EXIT_F,x_R36_EXIT_B,0.0007370445608440263
122,245,x_R14_EXIT_F,x_R36_EXIT_C,0.0005323099606095746
122,246,x_R14_EXIT_F,x_R36_EXIT_D,0.0005323099606095746
122,247,x_R14_EXIT_F,x_R36_EXIT_E,0.0023749213627196402
122,248,x_R14_EXIT_F,x_R36_EXIT_F,0.004012798164595254
122,249,x_R14_EXIT_F,x_R36_EXIT_G,0.0009008322410315877
122,250,x_R14_EXIT_F,x_R36_EXIT_H,0.002579655962954092
122,251,x_R14_EXIT_F,x_R36_EXIT_STAIRWELL,0.001637876801875614
123,123,x_R14_EXIT_G,x_R14_EXIT_G,-0.8050216471096747
123,124,x_R14_EXIT_G,x_R14_EXIT_H,1.6744731911219581
123,125,x_R14_EXIT_G,x_R14_EXIT_STAIRWELL,1.6754968641231305
123,132,x_R14_EXIT_G,x_R15_EXIT_G,0.0010031995411488137
123,133,x_R14_EXIT_G,x_R15_EXIT_H,0.0001842611402110066
123,141,x_R14_EXIT_G,x_R16_EXIT_G,0.0020063990822976273
123,142,x_R14_EXIT_G,x_R16_EXIT_H,0.0003685222804220132
123,153,x_R14_EXIT_G,x_R24_EXIT_A,0.0007370445608440265
123,159,x_R14_EXIT_G,x_R24_EXIT_G,0.0034395412839387904
123,160,x_R14_EXIT_G,x_R24_EXIT_H,0.0014740891216880527
123,168,x_R14_EXIT_G,x_R25_EXIT_G,0.0020063990822976273
123,169,x_R14_EXIT_G,x_R25_EXIT_H,0.0003685222804220132
123,171,x_R14_EXIT_G,x_R28_EXIT_A,0.002268459370597726
123,172,x_R14_EXIT_G,x_R28_EXIT_B,0.001899937090175713
123,173,x_R14_EXIT_G,x_R28_EXIT_C,0.001899937090175713
123,174,x_R14_EXIT_G,x_R28_EXIT_D,0.001899937090175713
123,175,x_R14_EXIT_G,x_R28_EXIT_E,0.0016133086498474804
123,176,x_R14_EXIT_G,x_R28_EXIT_F,0.0016133086498474804
123,177,x_R14_EXIT_G,x_R28_EXIT_G,0.00010646199212191492
123,178,x_R14_EXIT_G,x_R28_EXIT_H,0.002636981651019739
123,179,x_R14_EXIT_G,x_R28_EXIT_STAIRWELL,0.0016133086498474804
123,180,x_R14_EXIT_G,x_R29_EXIT_A,0.0016133086498474802
123,181,x_R14_EXIT_G,x_R29_EXIT_B,0.0012447863694254667
123,182,x_R14_EXIT_G,x_R29_EXIT_C,0.0012447863694254667
123,183,x_R14_EXIT_G,x_R29_EXIT_D,0.0012447863694254667
123,184,x_R14_EXIT_G,x_R29_EXIT_E,0.0009581579290972342
123,185,x_R14_EXIT_G,x_R29_EXIT_F,0.0009581579290972342
123,186,x_R14_EXIT_G,x_R29_EXIT_G,0.0006960976407971361
123,187,x_R14_EXIT_G,x_R29_EXIT_H,0.0019818309302694933
123,188,x_R14_EXIT_G,x_R29_EXIT_STAIRWELL,0.0009581579290972342
123,189,x_R14_EXIT_G,x_R30_EXIT_A,0.0007288551768346484
123,190,x_R14_EXIT_G,x_R30_EXIT_B,0.00036033289641263514
123,191,x_R14_EXIT_G,x_R30_EXIT_C,0.00036033289641263514
123,192,x_R14_EXIT_G,x_R30_EXIT_D,0.00036033289641263514
123,195,x_R14_EXIT_G,x_R30_EXIT_G,0.0016460661858849926
123,196,x_R14_EXIT_G,x_R30_EXIT_H,0.0010973774572566614
123,198,x_R14_EXIT_G,x_R31_EXIT_A,0.0006551507207502458
123,199,x_R14_EXIT_G,x_R31_EXIT_B,0.00028662844032823246
123,204,x_R14_EXIT_G,x_R31_EXIT_G,0.0017197706419693952
123,205,x_R14_EXIT_G,x_R31_EXIT_H,0.0010236730011722588
123,207,x_R14_EXIT_G,x_R32_EXIT_A,0.0006551507207502458
123,213,x_R14_EXIT_G,x_R32_EXIT_G,0.0017197706419693952
123,214,x_R14_EXIT_G,x_R32_EXIT_H,0.0010236730011722588
123,216,x_R14_EXIT_G,x_R33_EXIT_A,0.0006551507207502458
123,222,x_R14_EXIT_G,x_R33_EXIT_G,0.0017197706419693952
123,223,x_R14_EXIT_G,x_R33_EXIT_H,0.0010236730011722588
123,225,x_R14_EXIT_G,x_R34_EXIT_A,0.0006551507207502458
123,231,x_R14_EXIT_G,x_R34_EXIT_G,0.0017197706419693952
123,232,x_R14_EXIT_G,x_R34_EXIT_H,0.0010236730011722588
123,238,x_R14_EXIT_G,x_R35_EXIT_E,0.0006551507207502458
123,239,x_R14_EXIT_G,x_R35_EXIT_F,0.0006551507207502458
123,240,x_R14_EXIT_G,x_R35_EXIT_G,0.002374921362719641
123,241,x_R14_EXIT_G,x_R35_EXIT_H,0.0001474089121688053
123,242,x_R14_EXIT_G,x_R35_EXIT_STAIRWELL,0.0006551507207502458
123,243,x_R14_EXIT_G,x_R36_EXIT_A,0.0007370445608440263
123,244,x_R14_EXIT_G,x_R36_EXIT_B,0.0007370445608440263
123,245,x_R14_EXIT_G,x_R36_EXIT_C,0.0005323099606095746
123,246,x_R14_EXIT_G,x_R36_EXIT_D,0.0005323099606095746
123,247,x_R14_EXIT_G,x_R36_EXIT_E,0.0009008322410315877
123,248,x_R14_EXIT_G,x_R36_EXIT_F,0.0009008322410315877
123,249,x_R14_EXIT_G,x_R36_EXIT_G,0.009499685450878563
123,250,x_R14_EXIT_G,x_R36_EXIT_H,0.002579655962954092
123,251,x_R14_EXIT_G,x_R36_EXIT_STAIRWELL,0.0009008322410315877
124,124,x_R14_EXIT_H,x_R14_EXIT_H,-0.8271238562197166
124,125,x_R14_EXIT_H,x_R14_EXIT_STAIRWELL,1.6744731911219581
124,133,x_R14_EXIT_H,x_R15_EXIT_H,0.00016378768018756142
124,142,x_R14_EXIT_H,x_R16_EXIT_H,0.00032757536037512284
124,160,x_R14_EXIT_H,x_R24_EXIT_H,0.0006551507207502457
124,169,x_R14_EXIT_H,x_R25_EXIT_H,0.00032757536037512284
124,178,x_R14_EXIT_H,x_R28_EXIT_H,0.00032757536037512284
124,187,x_R14_EXIT_H,x_R29_EXIT_H,0.00032757536037512284
124,196,x_R14_EXIT_H,x_R30_EXIT_H,0.00032757536037512284
124,205,x_R14_EXIT_H,x_R31_EXIT_H,0.00032757536037512284
124,214,x_R14_EXIT_H,x_R32_EXIT_H,0.00032757536037512284
124,223,x_R14_EXIT_H,x_R33_EXIT_H,0.00032757536037512284
124,232,x_R14_EXIT_H,x_R34_EXIT_H,0.00032757536037512284
124,241,x_R14_EXIT_H,x_R35_EXIT_H,0.0004749842725439281
124,250,x_R14_EXIT_H,x_R36_EXIT_H,0.001637876801875614
125,125,x_R14_EXIT_STAIRWELL,x_R14_EXIT_STAIRWELL,-0.8122769772882973
125,132,x_R14_EXIT_STAIRWELL,x_R15_EXIT_G,0.00014331422016411623
125,133,x_R14_EXIT_STAIRWELL,x_R15_EXIT_H,0.0001842611402110066
125,134,x_R14_EXIT_STAIRWELL,x_R15_EXIT_STAIRWELL,0.00016378768018756145
125,141,x_R14_EXIT_STAIRWELL,x_R16_EXIT_G,0.00028662844032823246
125,142,x_R14_EXIT_STAIRWELL,x_R16_EXIT_H,0.0003685222804220132
125,143,x_R14_EXIT_STAIRWELL,x_R16_EXIT_STAIRWELL,0.0003275753603751229
125,153,x_R14_EXIT_STAIRWELL,x_R24_EXIT_A,0.0007370445608440265
125,159,x_R14_EXIT_STAIRWELL,x_R24_EXIT_G,0.00021292398424382984
125,160,x_R14_EXIT_STAIRWELL,x_R24_EXIT_H,0.0014740891216880527
125,161,x_R14_EXIT_STAIRWELL,x_R24_EXIT_STAIRWELL,0.0006551507207502458
125,168,x_R14_EXIT_STAIRWELL,x_R25_EXIT_G,0.00028662844032823246
125,169,x_R14_EXIT_STAIRWELL,x_R25_EXIT_H,0.0003685222804220132
125,170,x_R14_EXIT_STAIRWELL,x_R25_EXIT_STAIRWELL,0.0003275753603751229
125,171,x_R14_EXIT_STAIRWELL,x_R28_EXIT_A,0.0006551507207502458
125,172,x_R14_EXIT_STAIRWELL,x_R28_EXIT_B,0.00028662844032823246
125,173,x_R14_EXIT_STAIRWELL,x_R28_EXIT_C,0.00028662844032823246
125,174,x_R14_EXIT_STAIRWELL,x_R28_EXIT_D,0.00028662844032823246
125,175,x_R14_EXIT_STAIRWELL,x_R28_EXIT_E,0.0001474089121688053
125,176,x_R14_EXIT_STAIRWELL,x_R28_EXIT_F,0.0001474089121688053
125,178,x_R14_EXIT_STAIRWELL,x_R28_EXIT_H,0.0010236730011722588
125,179,x_R14_EXIT_STAIRWELL,x_R28_EXIT_STAIRWELL,0.0005814462646658431
125,180,x_R14_EXIT_STAIRWELL,x_R29_EXIT_A,0.0006551507207502458
125,181,x_R14_EXIT_STAIRWELL,x_R29_EXIT_B,0.00028662844032823246
125,182,x_R14_EXIT_STAIRWELL,x_R29_EXIT_C,0.00028662844032823246
125,183,x_R14_EXIT_STAIRWELL,x_R29_EXIT_D,0.00028662844032823246
125,184,x_R14_EXIT_STAIRWELL,x_R29_EXIT_E,0.0001474089121688053
125,185,x_R14_EXIT_STAIRWELL,x_R29_EXIT_F,0.0001474089121688053
125,187,x_R14_EXIT_STAIRWELL,x_R29_EXIT_H,0.0010236730011722588
125,188,x_R14_EXIT_STAIRWELL,x_R29_EXIT_STAIRWELL,0.0005814462646658431
125,189,x_R14_EXIT_STAIRWELL,x_R30_EXIT_A,0.0006551507207502458
125,190,x_R14_EXIT_STAIRWELL,x_R30_EXIT_B,0.00028662844032823246
125,191,x_R14_EXIT_STAIRWELL,x_R30_EXIT_C,0.00028662844032823246
125,192,x_R14_EXIT_STAIRWELL,x_R30_EXIT_D,0.00028662844032823246
125,193,x_R14_EXIT_STAIRWELL,x_R30_EXIT_E,0.0001474089121688053
125,194,x_R14_EXIT_STAIRWELL,x_R30_EXIT_F,0.0001474089121688053
125,196,x_R14_EXIT_STAIRWELL,x_R30_EXIT_H,0.0010236730011722588
125,197,x_R14_EXIT_STAIRWELL,x_R30_EXIT_STAIRWELL,0.0005814462646658431
125,198,x_R14_EXIT_STAIRWELL,x_R31_EXIT_A,0.0007288551768346484
125,199,x_R14_EXIT_STAIRWELL,x_R31_EXIT_B,0.0003603328964126351
125,200,x_R14_EXIT_STAIRWELL,x_R31_EXIT_C,0.00018016644820631757
125,201,x_R14_EXIT_STAIRWELL,x_R31_EXIT_D,0.00018016644820631757
125,205,x_R14_EXIT_STAIRWELL,x_R31_EXIT_H,0.0010973774572566614
125,206,x_R14_EXIT_STAIRWELL,x_R31_EXIT_STAIRWELL,0.0005077418085814404
125,207,x_R14_EXIT_STAIRWELL,x_R32_EXIT_A,0.000802559632919051
125,213,x_R14_EXIT_STAIRWELL,x_R32_EXIT_G,0.0001474089121688053
125,214,x_R14_EXIT_STAIRWELL,x_R32_EXIT_H,0.0011710819133410643
125,215,x_R14_EXIT_STAIRWELL,x_R32_EXIT_STAIRWELL,0.0003275753603751229
125,216,x_R14_EXIT_STAIRWELL,x_R33_EXIT_A,0.000802559632919051
125,222,x_R14_EXIT_STAIRWELL,x_R33_EXIT_G,0.0001474089121688053
125,223,x_R14_EXIT_STAIRWELL,x_R33_EXIT_H,0.0011710819133410643
125,224,x_R14_EXIT_STAIRWELL,x_R33_EXIT_STAIRWELL,0.0003275753603751229
125,225,x_R14_EXIT_STAIRWELL,x_R34_EXIT_A,0.000802559632919051
125,231,x_R14_EXIT_STAIRWELL,x_R34_EXIT_G,0.0001474089121688053
125,232,x_R14_EXIT_STAIRWELL,x_R34_EXIT_H,0.0011710819133410643
125,233,x_R14_EXIT_STAIRWELL,x_R34_EXIT_STAIRWELL,0.0003275753603751229
125,238,x_R14_EXIT_STAIRWELL,x_R35_EXIT_E,0.000802559632919051
125,239,x_R14_EXIT_STAIRWELL,x_R35_EXIT_F,0.000802559632919051
125,240,x_R14_EXIT_STAIRWELL,x_R35_EXIT_G,0.0006551507207502458
125,241,x_R14_EXIT_STAIRWELL,x_R35_EXIT_H,0.0001474089121688053
125,242,x_R14_EXIT_STAIRWELL,x_R35_EXIT_STAIRWELL,0.0012365969854160888
125,243,x_R14_EXIT_STAIRWELL,x_R36_EXIT_A,0.0007370445608440263
125,244,x_R14_EXIT_STAIRWELL,x_R36_EXIT_B,0.0007370445608440263
125,245,x_R14_EXIT_STAIRWELL,x_R36_EXIT_C,0.0005323099606095746
125,246,x_R14_EXIT_STAIRWELL,x_R36_EXIT_D,0.0005323099606095746
125,247,x_R14_EXIT_STAIRWELL,x_R36_EXIT_E,0.001637876801875614
125,248,x_R14_EXIT_STAIRWELL,x_R36_EXIT_F,0.001637876801875614
125,249,x_R14_EXIT_STAIRWELL,x_R36_EXIT_G,0.0009008322410315877
125,250,x_R14_EXIT_STAIRWELL,x_R36_EXIT_H,0.002579655962954092
125,251,x_R14_EXIT_STAIRWELL,x_R36_EXIT_STAIRWELL,0.0038080635643608024
126,126,x_R15_EXIT_A,x_R15_EXIT_A,-0.8055481289572384
126,127,x_R15_EXIT_A,x_R15_EXIT_B,1.674244400206196
126,128,x_R15_EXIT_A,x_R15_EXIT_C,1.6740785651800063
126,129,x_R15_EXIT_A,x_R15_EXIT_D,1.673717720447093
126,130,x_R15_EXIT_A,x_R15_EXIT_E,1.673717720447093
126,131,x_R15_EXIT_A,x_R15_EXIT_F,1.673717720447093
126,132,x_R15_EXIT_A,x_R15_EXIT_G,1.673717720447093
126,133,x_R15_EXIT_A,x_R15_EXIT_H,1.673717720447093
126,134,x_R15_EXIT_A,x_R15_EXIT_STAIRWELL,1.673717720447093
126,135,x_R15_EXIT_A,x_R16_EXIT_A,0.0013921952815942724
126,136,x_R15_EXIT_A,x_R16_EXIT_B,0.0008967375490268988
126,137,x_R15_EXIT_A,x_R16_EXIT_C,0.000565067496647087
126,153,x_R15_EXIT_A,x_R24_EXIT_A,0.000696097640797136
126,162,x_R15_EXIT_A,x_R25_EXIT_A,0.0008271277849471854
126,163,x_R15_EXIT_A,x_R25_EXIT_B,0.00033167005237981186
126,171,x_R15_EXIT_A,x_R28_EXIT_A,0.000348048820398568
126,180,x_R15_EXIT_A,x_R29_EXIT_A,0.000348048820398568
126,189,x_R15_EXIT_A,x_R30_EXIT_A,0.000348048820398568
126,198,x_R15_EXIT_A,x_R31_EXIT_A,0.000348048820398568
126,207,x_R15_EXIT_A,x_R32_EXIT_A,0.000348048820398568
126,216,x_R15_EXIT_A,x_R33_EXIT_A,0.000348048820398568
126,225,x_R15_EXIT_A,x_R34_EXIT_A,0.000348048820398568
126,234,x_R15_EXIT_A,x_R35_EXIT_A,0.00016378768018756145
126,235,x_R15_EXIT_A,x_R35_EXIT_B,0.00033167005237981186
126,236,x_R15_EXIT_A,x_R35_EXIT_C,0.0006633401047596238
126,237,x_R15_EXIT_A,x_R35_EXIT_D,0.0001842611402110066
126,238,x_R15_EXIT_A,x_R35_EXIT_E,0.0001842611402110066
126,239,x_R15_EXIT_A,x_R35_EXIT_F,0.0001842611402110066
126,240,x_R15_EXIT_A,x_R35_EXIT_G,0.0001842611402110066
126,242,x_R15_EXIT_A,x_R35_EXIT_STAIRWELL,0.0001842611402110066
126,243,x_R15_EXIT_A,x_R36_EXIT_A,0.00174024410199284
126,244,x_R15_EXIT_A,x_R36_EXIT_B,0.0007370445608440263
127,127,x_R15_EXIT_B,x_R15_EXIT_B,-0.8131529854590505
127,128,x_R15_EXIT_B,x_R15_EXIT_C,1.6740785651800063
127,129,x_R15_EXIT_B,x_R15_EXIT_D,1.673717720447093
127,130,x_R15_EXIT_B,x_R15_EXIT_E,1.673717720447093
127,131,x_R15_EXIT_B,x_R15_EXIT_F,1.673717720447093
127,132,x_R15_EXIT_B,x_R15_EXIT_G,1.673717720447093
127,133,x_R15_EXIT_B,x_R15_EXIT_H,1.673717720447093
127,134,x_R15_EXIT_B,x_R15_EXIT_STAIRWELL,1.673717720447093
127,135,x_R15_EXIT_B,x_R16_EXIT_A,0.0008967375490268988
127,136,x_R15_EXIT_B,x_R16_EXIT_B,0.0010605252292144602
127,137,x_R15_EXIT_B,x_R16_EXIT_C,0.000565067496647087
127,154,x_R15_EXIT_B,x_R24_EXIT_B,0.00032757536037512284
127,162,x_R15_EXIT_B,x_R25_EXIT_A,0.00033167005237981186
127,163,x_R15_EXIT_B,x_R25_EXIT_B,0.0004954577325673732
127,172,x_R15_EXIT_B,x_R28_EXIT_B,0.00016378768018756142
127,181,x_R15_EXIT_B,x_R29_EXIT_B,0.00016378768018756142
127,190,x_R15_EXIT_B,x_R30_EXIT_B,0.00016378768018756142
127,199,x_R15_EXIT_B,x_R31_EXIT_B,0.00016378768018756142
127,208,x_R15_EXIT_B,x_R32_EXIT_B,0.00016378768018756142
127,217,x_R15_EXIT_B,x_R33_EXIT_B,0.00016378768018756142
127,226,x_R15_EXIT_B,x_R34_EXIT_B,0.00016378768018756142
127,235,x_R15_EXIT_B,x_R35_EXIT_B,0.00016378768018756142
127,236,x_R15_EXIT_B,x_R35_EXIT_C,0.00033167005237981186
127,244,x_R15_EXIT_B,x_R36_EXIT_B,0.000818938400937807
128,128,x_R15_EXIT_C,x_R15_EXIT_C,-0.8207578419608624
128,129,x_R15_EXIT_C,x_R15_EXIT_D,1.673717720447093
128,130,x_R15_EXIT_C,x_R15_EXIT_E,1.673717720447093
128,131,x_R15_EXIT_C,x_R15_EXIT_F,1.673717720447093
128,132,x_R15_EXIT_C,x_R15_EXIT_G,1.673717720447093
128,133,x_R15_EXIT_C,x_R15_EXIT_H,1.673717720447093
128,134,x_R15_EXIT_C,x_R15_EXIT_STAIRWELL,1.673717720447093
128,135,x_R15_EXIT_C,x_R16_EXIT_A,0.000565067496647087
128,136,x_R15_EXIT_C,x_R16_EXIT_B,0.000565067496647087
128,137,x_R15_EXIT_C,x_R16_EXIT_C,0.0007288551768346483
128,155,x_R15_EXIT_C,x_R24_EXIT_C,0.00032757536037512284
128,164,x_R15_EXIT_C,x_R25_EXIT_C,0.00016378768018756142
128,173,x_R15_EXIT_C,x_R28_EXIT_C,0.00016378768018756142
128,182,x_R15_EXIT_C,x_R29_EXIT_C,0.00016378768018756142
128,191,x_R15_EXIT_C,x_R30_EXIT_C,0.00016378768018756142
128,200,x_R15_EXIT_C,x_R31_EXIT_C,0.00016378768018756142
128,209,x_R15_EXIT_C,x_R32_EXIT_C,0.00016378768018756142
128,218,x_R15_EXIT_C,x_R33_EXIT_C,0.00016378768018756142
128,227,x_R15_EXIT_C,x_R34_EXIT_C,0.00016378768018756142
128,236,x_R15_EXIT_C,x_R35_EXIT_C,0.00016378768018756142
128,245,x_R15_EXIT_C,x_R36_EXIT_C,0.000818938400937807
129,129,x_R15_EXIT_D,x_R15_EXIT_D,-0.8288205072090934
129,130,x_R15_EXIT_D,x_R15_EXIT_E,1.673832883659725
129,131,x_R15_EXIT_D,x_R15_EXIT_F,1.673832883659725
129,132,x_R15_EXIT_D,x_R15_EXIT_G,1.673832883659725
129,133,x_R15_EXIT_D,x_R15_EXIT_H,1.673832883659725
129,134,x_R15_EXIT_D,x_R15_EXIT_STAIRWELL,1.673832883659725
129,138,x_R15_EXIT_D,x_R16_EXIT_D,0.00023749213627196407
129,156,x_R15_EXIT_D,x_R24_EXIT_D,0.0003275753603751229
129,162,x_R15_EXIT_D,x_R25_EXIT_A,0.00011055668412660398
129,163,x_R15_EXIT_D,x_R25_EXIT_B,0.00011055668412660398
129,164,x_R15_EXIT_D,x_R25_EXIT_C,0.00011055668412660398
129,166,x_R15_EXIT_D,x_R25_EXIT_E,0.00011055668412660398
129,167,x_R15_EXIT_D,x_R25_EXIT_F,0.00011055668412660398
129,168,x_R15_EXIT_D,x_R25_EXIT_G,0.00011055668412660398
129,169,x_R15_EXIT_D,x_R25_EXIT_H,0.00011055668412660398
129,170,x_R15_EXIT_D,x_R25_EXIT_STAIRWELL,0.00011055668412660398
129,174,x_R15_EXIT_D,x_R28_EXIT_D,0.00016378768018756145
129,183,x_R15_EXIT_D,x_R29_EXIT_D,0.00016378768018756145
129,192,x_R15_EXIT_D,x_R30_EXIT_D,0.00016378768018756145
129,201,x_R15_EXIT_D,x_R31_EXIT_D,0.00016378768018756145
129,210,x_R15_EXIT_D,x_R32_EXIT_D,0.00016378768018756145
129,219,x_R15_EXIT_D,x_R33_EXIT_D,0.00016378768018756145
129,228,x_R15_EXIT_D,x_R34_EXIT_D,0.00016378768018756145
129,237,x_R15_EXIT_D,x_R35_EXIT_D,0.00016378768018756145
129,246,x_R15_EXIT_D,x_R36_EXIT_D,0.0008189384009378071
130,130,x_R15_EXIT_E,x_R15_EXIT_E,-0.8076232250320878
130,131,x_R15_EXIT_E,x_R15_EXIT_F,1.674017144799936
130,132,x_R15_EXIT_E,x_R15_EXIT_G,1.674017144799936
130,133,x_R15_EXIT_E,x_R15_EXIT_H,1.6739065881158093
130,134,x_R15_EXIT_E,x_R15_EXIT_STAIRWELL,1.674017144799936
130,139,x_R15_EXIT_E,x_R16_EXIT_E,0.0014495209696599183
130,140,x_R15_EXIT_E,x_R16_EXIT_F,0.0004422267365064159
130,141,x_R15_EXIT_E,x_R16_EXIT_G,0.0004422267365064159
130,142,x_R15_EXIT_E,x_R16_EXIT_H,0.00022111336825320795
130,143,x_R15_EXIT_E,x_R16_EXIT_STAIRWELL,0.0004422267365064159
130,155,x_R15_EXIT_E,x_R24_EXIT_C,0.0001474089121688053
130,156,x_R15_EXIT_E,x_R24_EXIT_D,0.0004422267365064159
130,157,x_R15_EXIT_E,x_R24_EXIT_E,0.0018671795541382002
130,162,x_R15_EXIT_E,x_R25_EXIT_A,0.0001474089121688053
130,163,x_R15_EXIT_E,x_R25_EXIT_B,0.0001474089121688053
130,164,x_R15_EXIT_E,x_R25_EXIT_C,0.0001474089121688053
130,166,x_R15_EXIT_E,x_R25_EXIT_E,0.0013758165135755159
130,167,x_R15_EXIT_E,x_R25_EXIT_F,0.0003685222804220132
130,168,x_R15_EXIT_E,x_R25_EXIT_G,0.0003685222804220132
130,169,x_R15_EXIT_E,x_R25_EXIT_H,0.0001474089121688053
130,170,x_R15_EXIT_E,x_R25_EXIT_STAIRWELL,0.0003685222804220132
130,174,x_R15_EXIT_E,x_R28_EXIT_D,0.0003685222804220132
130,175,x_R15_EXIT_E,x_R28_EXIT_E,0.0007861808649002948
130,183,x_R15_EXIT_E,x_R29_EXIT_D,0.0003685222804220132
130,184,x_R15_EXIT_E,x_R29_EXIT_E,0.0007861808649002948
130,192,x_R15_EXIT_E,x_R30_EXIT_D,0.0003685222804220132
130,193,x_R15_EXIT_E,x_R30_EXIT_E,0.0007861808649002948
130,200,x_R15_EXIT_E,x_R31_EXIT_C,0.00036852228042201317
130,201,x_R15_EXIT_E,x_R31_EXIT_D,0.0005159311925908185
130,202,x_R15_EXIT_E,x_R31_EXIT_E,0.0007861808649002948
130,209,x_R15_EXIT_E,x_R32_EXIT_C,0.00036852228042201317
130,210,x_R15_EXIT_E,x_R32_EXIT_D,0.0005159311925908185
130,211,x_R15_EXIT_E,x_R32_EXIT_E,0.0007861808649002948
130,216,x_R15_EXIT_E,x_R33_EXIT_A,0.00040537450846421454
130,217,x_R15_EXIT_E,x_R33_EXIT_B,0.00040537450846421454
130,218,x_R15_EXIT_E,x_R33_EXIT_C,0.0007738967888862278
130,219,x_R15_EXIT_E,x_R33_EXIT_D,0.0009213057010550329
130,220,x_R15_EXIT_E,x_R33_EXIT_E,0.0003480488203985681
130,221,x_R15_EXIT_E,x_R33_EXIT_F,0.00040537450846421454
130,222,x_R15_EXIT_E,x_R33_EXIT_G,0.00040537450846421454
130,223,x_R15_EXIT_E,x_R33_EXIT_H,0.00040537450846421454
130,224,x_R15_EXIT_E,x_R33_EXIT_STAIRWELL,0.00040537450846421454
130,225,x_R15_EXIT_E,x_R34_EXIT_A,0.00011055668412660398
130,226,x_R15_EXIT_E,x_R34_EXIT_B,0.00011055668412660398
130,227,x_R15_EXIT_E,x_R34_EXIT_C,0.0004790789645486171
130,228,x_R15_EXIT_E,x_R34_EXIT_D,0.0006264878767174224
130,230,x_R15_EXIT_E,x_R34_EXIT_F,0.00011055668412660398
130,231,x_R15_EXIT_E,x_R34_EXIT_G,0.00011055668412660398
130,232,x_R15_EXIT_E,x_R34_EXIT_H,0.00011055668412660398
130,233,x_R15_EXIT_E,x_R34_EXIT_STAIRWELL,0.00011055668412660398
130,237,x_R15_EXIT_E,x_R35_EXIT_D,0.0001474089121688053
130,238,x_R15_EXIT_E,x_R35_EXIT_E,0.0007861808649002948
130,246,x_R15_EXIT_E,x_R36_EXIT_D,0.0018426114021100658
130,247,x_R15_EXIT_E,x_R36_EXIT_E,0.003930904324501473
131,131,x_R15_EXIT_F,x_R15_EXIT_F,-0.8115408164956257
131,132,x_R15_EXIT_F,x_R15_EXIT_G,1.674035570913957
131,133,x_R15_EXIT_F,x_R15_EXIT_H,1.6739065881158093
131,134,x_R15_EXIT_F,x_R15_EXIT_STAIRWELL,1.674107228024039
131,139,x_R15_EXIT_F,x_R16_EXIT_E,0.0004422267365064159
131,140,x_R15_EXIT_F,x_R16_EXIT_F,0.0008230330929424962
131,141,x_R15_EXIT_F,x_R16_EXIT_G,0.0004790789645486172
131,142,x_R15_EXIT_F,x_R16_EXIT_H,0.00022111336825320795
131,143,x_R15_EXIT_F,x_R16_EXIT_STAIRWELL,0.0006223931847127334
131,153,x_R15_EXIT_F,x_R24_EXIT_A,0.00010646199212191492
131,154,x_R15_EXIT_F,x_R24_EXIT_B,0.00010646199212191492
131,155,x_R15_EXIT_F,x_R24_EXIT_C,0.0001474089121688053
131,156,x_R15_EXIT_F,x_R24_EXIT_D,0.0004422267365064159
131,158,x_R15_EXIT_F,x_R24_EXIT_F,0.0005814462646658431
131,159,x_R15_EXIT_F,x_R24_EXIT_G,0.00018016644820631754
131,160,x_R15_EXIT_F,x_R24_EXIT_H,0.00010646199212191492
131,161,x_R15_EXIT_F,x_R24_EXIT_STAIRWELL,0.00018016644820631754
131,162,x_R15_EXIT_F,x_R25_EXIT_A,0.0001474089121688053
131,163,x_R15_EXIT_F,x_R25_EXIT_B,0.0001474089121688053
131,164,x_R15_EXIT_F,x_R25_EXIT_C,0.0001474089121688053
131,166,x_R15_EXIT_F,x_R25_EXIT_E,0.0003685222804220132
131,167,x_R15_EXIT_F,x_R25_EXIT_F,0.0007493286368580936
131,168,x_R15_EXIT_F,x_R25_EXIT_G,0.00040537450846421454
131,169,x_R15_EXIT_F,x_R25_EXIT_H,0.0001474089121688053
131,170,x_R15_EXIT_F,x_R25_EXIT_STAIRWELL,0.0005486887286283308
131,174,x_R15_EXIT_F,x_R28_EXIT_D,0.00040537450846421454
131,176,x_R15_EXIT_F,x_R28_EXIT_F,0.00016378768018756145
131,183,x_R15_EXIT_F,x_R29_EXIT_D,0.00040537450846421454
131,185,x_R15_EXIT_F,x_R29_EXIT_F,0.00016378768018756145
131,192,x_R15_EXIT_F,x_R30_EXIT_D,0.00040537450846421454
131,194,x_R15_EXIT_F,x_R30_EXIT_F,0.00016378768018756145
131,200,x_R15_EXIT_F,x_R31_EXIT_C,0.00025796559629540924
131,201,x_R15_EXIT_F,x_R31_EXIT_D,0.00040537450846421454
131,207,x_R15_EXIT_F,x_R32_EXIT_A,0.00011055668412660398
131,208,x_R15_EXIT_F,x_R32_EXIT_B,0.00010646199212191492
131,209,x_R15_EXIT_F,x_R32_EXIT_C,0.00022111336825320795
131,210,x_R15_EXIT_F,x_R32_EXIT_D,0.0003685222804220132
131,213,x_R15_EXIT_F,x_R32_EXIT_G,0.00011055668412660398
131,214,x_R15_EXIT_F,x_R32_EXIT_H,0.00011055668412660398
131,215,x_R15_EXIT_F,x_R32_EXIT_STAIRWELL,0.00011055668412660398
131,217,x_R15_EXIT_F,x_R33_EXIT_B,0.00010646199212191492
131,218,x_R15_EXIT_F,x_R33_EXIT_C,0.00022111336825320795
131,219,x_R15_EXIT_F,x_R33_EXIT_D,0.0003685222804220132
131,221,x_R15_EXIT_F,x_R33_EXIT_F,0.00016378768018756145
131,226,x_R15_EXIT_F,x_R34_EXIT_B,0.00010646199212191492
131,227,x_R15_EXIT_F,x_R34_EXIT_C,0.00022111336825320795
131,228,x_R15_EXIT_F,x_R34_EXIT_D,0.0003685222804220132
131,230,x_R15_EXIT_F,x_R34_EXIT_F,0.00016378768018756145
131,237,x_R15_EXIT_F,x_R35_EXIT_D,0.0001474089121688053
131,239,x_R15_EXIT_F,x_R35_EXIT_F,0.00016378768018756145
131,246,x_R15_EXIT_F,x_R36_EXIT_D,0.0020268725423210725
131,248,x_R15_EXIT_F,x_R36_EXIT_F,0.0008189384009378071
132,132,x_R15_EXIT_G,x_R15_EXIT_G,-0.8025645811005594
132,133,x_R15_EXIT_G,x_R15_EXIT_H,1.6739065881158093
132,134,x_R15_EXIT_G,x_R15_EXIT_STAIRWELL,1.674035570913957
132,139,x_R15_EXIT_G,x_R16_EXIT_E,0.0004422267365064159
132,140,x_R15_EXIT_G,x_R16_EXIT_F,0.0004790789645486172
132,141,x_R15_EXIT_G,x_R16_EXIT_G,0.0016255927258615474
132,142,x_R15_EXIT_G,x_R16_EXIT_H,0.00022111336825320795
132,143,x_R15_EXIT_G,x_R16_EXIT_STAIRWELL,0.0004790789645486172
132,153,x_R15_EXIT_G,x_R24_EXIT_A,0.0002866284403282325
132,154,x_R15_EXIT_G,x_R24_EXIT_B,0.00010646199212191493
132,155,x_R15_EXIT_G,x_R24_EXIT_C,0.0001474089121688053
132,156,x_R15_EXIT_G,x_R24_EXIT_D,0.0004422267365064159
132,159,x_R15_EXIT_G,x_R24_EXIT_G,0.0017197706419693952
132,160,x_R15_EXIT_G,x_R24_EXIT_H,0.0002866284403282325
132,162,x_R15_EXIT_G,x_R25_EXIT_A,0.0001474089121688053
132,163,x_R15_EXIT_G,x_R25_EXIT_B,0.0001474089121688053
132,164,x_R15_EXIT_G,x_R25_EXIT_C,0.0001474089121688053
132,166,x_R15_EXIT_G,x_R25_EXIT_E,0.0003685222804220132
132,167,x_R15_EXIT_G,x_R25_EXIT_F,0.00040537450846421454
132,168,x_R15_EXIT_G,x_R25_EXIT_G,0.0015518882697771446
132,169,x_R15_EXIT_G,x_R25_EXIT_H,0.0001474089121688053
132,170,x_R15_EXIT_G,x_R25_EXIT_STAIRWELL,0.00040537450846421454
132,171,x_R15_EXIT_G,x_R28_EXIT_A,0.0009499685450878565
132,172,x_R15_EXIT_G,x_R28_EXIT_B,0.0010400517691910153
132,173,x_R15_EXIT_G,x_R28_EXIT_C,0.0010400517691910153
132,174,x_R15_EXIT_G,x_R28_EXIT_D,0.0014986572737161873
132,175,x_R15_EXIT_G,x_R28_EXIT_E,0.0008066543249237402
132,176,x_R15_EXIT_G,x_R28_EXIT_F,0.0008066543249237402
132,178,x_R15_EXIT_G,x_R28_EXIT_H,0.0009499685450878565
132,179,x_R15_EXIT_G,x_R28_EXIT_STAIRWELL,0.0008066543249237402
132,180,x_R15_EXIT_G,x_R29_EXIT_A,0.0006223931847127333
132,181,x_R15_EXIT_G,x_R29_EXIT_B,0.0007124764088158922
132,182,x_R15_EXIT_G,x_R29_EXIT_C,0.0007124764088158922
132,183,x_R15_EXIT_G,x_R29_EXIT_D,0.0011710819133410643
132,184,x_R15_EXIT_G,x_R29_EXIT_E,0.0004790789645486171
132,185,x_R15_EXIT_G,x_R29_EXIT_F,0.0004790789645486171
132,186,x_R15_EXIT_G,x_R29_EXIT_G,0.00034804882039856803
132,187,x_R15_EXIT_G,x_R29_EXIT_H,0.0006223931847127333
132,188,x_R15_EXIT_G,x_R29_EXIT_STAIRWELL,0.0004790789645486171
132,189,x_R15_EXIT_G,x_R30_EXIT_A,0.00018016644820631757
132,190,x_R15_EXIT_G,x_R30_EXIT_B,0.0002702496723094764
132,191,x_R15_EXIT_G,x_R30_EXIT_C,0.0002702496723094764
132,192,x_R15_EXIT_G,x_R30_EXIT_D,0.0007288551768346484
132,195,x_R15_EXIT_G,x_R30_EXIT_G,0.0008230330929424963
132,196,x_R15_EXIT_G,x_R30_EXIT_H,0.00018016644820631757
132,198,x_R15_EXIT_G,x_R31_EXIT_A,0.00014331422016411623
132,199,x_R15_EXIT_G,x_R31_EXIT_B,0.00023339744426727503
132,200,x_R15_EXIT_G,x_R31_EXIT_C,0.00022111336825320795
132,201,x_R15_EXIT_G,x_R31_EXIT_D,0.0003685222804220132
132,204,x_R15_EXIT_G,x_R31_EXIT_G,0.0008598853209846976
132,205,x_R15_EXIT_G,x_R31_EXIT_H,0.00014331422016411623
132,207,x_R15_EXIT_G,x_R32_EXIT_A,0.00014331422016411623
132,209,x_R15_EXIT_G,x_R32_EXIT_C,0.00022111336825320795
132,210,x_R15_EXIT_G,x_R32_EXIT_D,0.0003685222804220132
132,213,x_R15_EXIT_G,x_R32_EXIT_G,0.0008598853209846976
132,214,x_R15_EXIT_G,x_R32_EXIT_H,0.00014331422016411623
132,216,x_R15_EXIT_G,x_R33_EXIT_A,0.00014331422016411623
132,218,x_R15_EXIT_G,x_R33_EXIT_C,0.00022111336825320795
132,219,x_R15_EXIT_G,x_R33_EXIT_D,0.0003685222804220132
132,222,x_R15_EXIT_G,x_R33_EXIT_G,0.0008598853209846976
132,223,x_R15_EXIT_G,x_R33_EXIT_H,0.00014331422016411623
132,225,x_R15_EXIT_G,x_R34_EXIT_A,0.00014331422016411623
132,227,x_R15_EXIT_G,x_R34_EXIT_C,0.00022111336825320795
132,228,x_R15_EXIT_G,x_R34_EXIT_D,0.0003685222804220132
132,231,x_R15_EXIT_G,x_R34_EXIT_G,0.0008598853209846976
132,232,x_R15_EXIT_G,x_R34_EXIT_H,0.00014331422016411623
132,237,x_R15_EXIT_G,x_R35_EXIT_D,0.0001474089121688053
132,238,x_R15_EXIT_G,x_R35_EXIT_E,0.00014331422016411623
132,239,x_R15_EXIT_G,x_R35_EXIT_F,0.00014331422016411623
132,240,x_R15_EXIT_G,x_R35_EXIT_G,0.0010031995411488137
132,242,x_R15_EXIT_G,x_R35_EXIT_STAIRWELL,0.00014331422016411623
132,245,x_R15_EXIT_G,x_R36_EXIT_C,0.0007165711008205812
132,246,x_R15_EXIT_G,x_R36_EXIT_D,0.003009598623446441
132,247,x_R15_EXIT_G,x_R36_EXIT_E,0.00045041612051579383
132,248,x_R15_EXIT_G,x_R36_EXIT_F,0.00045041612051579383
132,249,x_R15_EXIT_G,x_R36_EXIT_G,0.004749842725439281
132,251,x_R15_EXIT_G,x_R36_EXIT_STAIRWELL,0.00045041612051579383
133,133,x_R15_EXIT_H,x_R15_EXIT_H,-0.8084508066468248
133,134,x_R15_EXIT_H,x_R15_EXIT_STAIRWELL,1.6739065881158093
133,139,x_R15_EXIT_H,x_R16_EXIT_E,0.00022111336825320795
133,140,x_R15_EXIT_H,x_R16_EXIT_F,0.00022111336825320795
133,141,x_R15_EXIT_H,x_R16_EXIT_G,0.00022111336825320795
133,142,x_R15_EXIT_H,x_R16_EXIT_H,0.0014822785056974308
133,143,x_R15_EXIT_H,x_R16_EXIT_STAIRWELL,0.00022111336825320795
133,156,x_R15_EXIT_H,x_R24_EXIT_D,0.0002948178243376106
133,160,x_R15_EXIT_H,x_R24_EXIT_H,0.0006960976407971361
133,162,x_R15_EXIT_H,x_R25_EXIT_A,0.0001842611402110066
133,163,x_R15_EXIT_H,x_R25_EXIT_B,0.0001842611402110066
133,164,x_R15_EXIT_H,x_R25_EXIT_C,0.0001842611402110066
133,166,x_R15_EXIT_H,x_R25_EXIT_E,0.0001474089121688053
133,167,x_R15_EXIT_H,x_R25_EXIT_F,0.0001474089121688053
133,168,x_R15_EXIT_H,x_R25_EXIT_G,0.0001474089121688053
133,169,x_R15_EXIT_H,x_R25_EXIT_H,0.0014085740496130282
133,170,x_R15_EXIT_H,x_R25_EXIT_STAIRWELL,0.0001474089121688053
133,174,x_R15_EXIT_H,x_R28_EXIT_D,0.0001474089121688053
133,178,x_R15_EXIT_H,x_R28_EXIT_H,0.00034804882039856803
133,183,x_R15_EXIT_H,x_R29_EXIT_D,0.0001474089121688053
133,187,x_R15_EXIT_H,x_R29_EXIT_H,0.00034804882039856803
133,192,x_R15_EXIT_H,x_R30_EXIT_D,0.0001474089121688053
133,196,x_R15_EXIT_H,x_R30_EXIT_H,0.00034804882039856803
133,201,x_R15_EXIT_H,x_R31_EXIT_D,0.0001474089121688053
133,205,x_R15_EXIT_H,x_R31_EXIT_H,0.00034804882039856803
133,210,x_R15_EXIT_H,x_R32_EXIT_D,0.0001474089121688053
133,214,x_R15_EXIT_H,x_R32_EXIT_H,0.00034804882039856803
133,219,x_R15_EXIT_H,x_R33_EXIT_D,0.0001474089121688053
133,223,x_R15_EXIT_H,x_R33_EXIT_H,0.00034804882039856803
133,228,x_R15_EXIT_H,x_R34_EXIT_D,0.0001474089121688053
133,232,x_R15_EXIT_H,x_R34_EXIT_H,0.00034804882039856803
133,237,x_R15_EXIT_H,x_R35_EXIT_D,0.001023673001172259
133,241,x_R15_EXIT_H,x_R35_EXIT_H,0.00016378768018756142
133,243,x_R15_EXIT_H,x_R36_EXIT_A,0.00018426114021100659
133,244,x_R15_EXIT_H,x_R36_EXIT_B,0.00018426114021100659
133,246,x_R15_EXIT_H,x_R36_EXIT_D,0.0007370445608440263
133,250,x_R15_EXIT_H,x_R36_EXIT_H,0.00174024410199284
134,134,x_R15_EXIT_STAIRWELL,x_R15_EXIT_STAIRWELL,-0.8144711333562438
134,139,x_R15_EXIT_STAIRWELL,x_R16_EXIT_E,0.0004422267365064159
134,140,x_R15_EXIT_STAIRWELL,x_R16_EXIT_F,0.0006223931847127334
134,141,x_R15_EXIT_STAIRWELL,x_R16_EXIT_G,0.0004790789645486172
134,142,x_R15_EXIT_STAIRWELL,x_R16_EXIT_H,0.00022111336825320795
134,143,x_R15_EXIT_STAIRWELL,x_R16_EXIT_STAIRWELL,0.000802559632919051
134,153,x_R15_EXIT_STAIRWELL,x_R24_EXIT_A,0.00010646199212191492
134,154,x_R15_EXIT_STAIRWELL,x_R24_EXIT_B,0.00010646199212191492
134,155,x_R15_EXIT_STAIRWELL,x_R24_EXIT_C,0.0001474089121688053
134,156,x_R15_EXIT_STAIRWELL,x_R24_EXIT_D,0.0004422267365064159
134,158,x_R15_EXIT_STAIRWELL,x_R24_EXIT_F,0.00018016644820631754
134,159,x_R15_EXIT_STAIRWELL,x_R24_EXIT_G,0.00021292398424382984
134,160,x_R15_EXIT_STAIRWELL,x_R24_EXIT_H,0.00010646199212191492
134,161,x_R15_EXIT_STAIRWELL,x_R24_EXIT_STAIRWELL,0.0005404993446189528
134,162,x_R15_EXIT_STAIRWELL,x_R25_EXIT_A,0.0001474089121688053
134,163,x_R15_EXIT_STAIRWELL,x_R25_EXIT_B,0.0001474089121688053
134,164,x_R15_EXIT_STAIRWELL,x_R25_EXIT_C,0.0001474089121688053
134,166,x_R15_EXIT_STAIRWELL,x_R25_EXIT_E,0.0003685222804220132
134,167,x_R15_EXIT_STAIRWELL,x_R25_EXIT_F,0.0005486887286283308
134,168,x_R15_EXIT_STAIRWELL,x_R25_EXIT_G,0.00040537450846421454
134,169,x_R15_EXIT_STAIRWELL,x_R25_EXIT_H,0.0001474089121688053
134,170,x_R15_EXIT_STAIRWELL,x_R25_EXIT_STAIRWELL,0.0007288551768346484
134,174,x_R15_EXIT_STAIRWELL,x_R28_EXIT_D,0.00040537450846421454
134,179,x_R15_EXIT_STAIRWELL,x_R28_EXIT_STAIRWELL,0.00016378768018756145
134,183,x_R15_EXIT_STAIRWELL,x_R29_EXIT_D,0.00040537450846421454
134,188,x_R15_EXIT_STAIRWELL,x_R29_EXIT_STAIRWELL,0.00016378768018756145
134,192,x_R15_EXIT_STAIRWELL,x_R30_EXIT_D,0.00040537450846421454
134,197,x_R15_EXIT_STAIRWELL,x_R30_EXIT_STAIRWELL,0.00016378768018756145
134,200,x_R15_EXIT_STAIRWELL,x_R31_EXIT_C,0.00027434436431416536
134,201,x_R15_EXIT_STAIRWELL,x_R31_EXIT_D,0.00042175327648297066
134,206,x_R15_EXIT_STAIRWELL,x_R31_EXIT_STAIRWELL,0.00016378768018756145
134,208,x_R15_EXIT_STAIRWELL,x_R32_EXIT_B,0.00010646199212191492
134,209,x_R15_EXIT_STAIRWELL,x_R32_EXIT_C,0.00022111336825320795
134,210,x_R15_EXIT_STAIRWELL,x_R32_EXIT_D,0.0003685222804220132
134,215,x_R15_EXIT_STAIRWELL,x_R32_EXIT_STAIRWELL,0.00016378768018756145
134,217,x_R15_EXIT_STAIRWELL,x_R33_EXIT_B,0.00010646199212191492
134,218,x_R15_EXIT_STAIRWELL,x_R33_EXIT_C,0.00022111336825320795
134,219,x_R15_EXIT_STAIRWELL,x_R33_EXIT_D,0.0003685222804220132
134,224,x_R15_EXIT_STAIRWELL,x_R33_EXIT_STAIRWELL,0.00016378768018756145
134,226,x_R15_EXIT_STAIRWELL,x_R34_EXIT_B,0.00010646199212191492
134,227,x_R15_EXIT_STAIRWELL,x_R34_EXIT_C,0.00022111336825320795
134,228,x_R15_EXIT_STAIRWELL,x_R34_EXIT_D,0.0003685222804220132
134,233,x_R15_EXIT_STAIRWELL,x_R34_EXIT_STAIRWELL,0.00016378768018756145
134,237,x_R15_EXIT_STAIRWELL,x_R35_EXIT_D,0.0001474089121688053
134,242,x_R15_EXIT_STAIRWELL,x_R35_EXIT_STAIRWELL,0.00016378768018756145
134,246,x_R15_EXIT_STAIRWELL,x_R36_EXIT_D,0.0020268725423210725
134,251,x_R15_EXIT_STAIRWELL,x_R36_EXIT_STAIRWELL,0.0008189384009378071
135,135,x_R16_EXIT_A,x_R16_EXIT_A,-0.803403336108243
135,136,x_R16_EXIT_A,x_R16_EXIT_B,1.6761192573078432
135,137,x_R16_EXIT_A,x_R16_EXIT_C,1.6754559172030834
135,138,x_R16_EXIT_A,x_R16_EXIT_D,1.6743257822097892
135,139,x_R16_EXIT_A,x_R16_EXIT_E,1.6743257822097892
135,140,x_R16_EXIT_A,x_R16_EXIT_F,1.6743257822097892
135,141,x_R16_EXIT_A,x_R16_EXIT_G,1.6743257822097892
135,142,x_R16_EXIT_A,x_R16_EXIT_H,1.6743257822097892
135,143,x_R16_EXIT_A,x_R16_EXIT_STAIRWELL,1.6743257822097892
135,153,x_R16_EXIT_A,x_R24_EXIT_A,0.001392195281594272
135,162,x_R16_EXIT_A,x_R25_EXIT_A,0.0016542555698943707
135,163,x_R16_EXIT_A,x_R25_EXIT_B,0.0006633401047596237
135,171,x_R16_EXIT_A,x_R28_EXIT_A,0.000696097640797136
135,180,x_R16_EXIT_A,x_R29_EXIT_A,0.000696097640797136
135,189,x_R16_EXIT_A,x_R30_EXIT_A,0.000696097640797136
135,198,x_R16_EXIT_A,x_R31_EXIT_A,0.000696097640797136
135,207,x_R16_EXIT_A,x_R32_EXIT_A,0.000696097640797136
135,216,x_R16_EXIT_A,x_R33_EXIT_A,0.000696097640797136
135,225,x_R16_EXIT_A,x_R34_EXIT_A,0.000696097640797136
135,234,x_R16_EXIT_A,x_R35_EXIT_A,0.0003275753603751229
135,235,x_R16_EXIT_A,x_R35_EXIT_B,0.0006633401047596237
135,236,x_R16_EXIT_A,x_R35_EXIT_C,0.0013266802095192477
135,237,x_R16_EXIT_A,x_R35_EXIT_D,0.0003685222804220132
135,238,x_R16_EXIT_A,x_R35_EXIT_E,0.0003685222804220132
135,239,x_R16_EXIT_A,x_R35_EXIT_F,0.0003685222804220132
135,240,x_R16_EXIT_A,x_R35_EXIT_G,0.0003685222804220132
135,242,x_R16_EXIT_A,x_R35_EXIT_STAIRWELL,0.0003685222804220132
135,243,x_R16_EXIT_A,x_R36_EXIT_A,0.00348048820398568
135,244,x_R16_EXIT_A,x_R36_EXIT_B,0.0014740891216880527
136,136,x_R16_EXIT_B,x_R16_EXIT_B,-0.8112569451493399
136,137,x_R16_EXIT_B,x_R16_EXIT_C,1.6754559172030834
136,138,x_R16_EXIT_B,x_R16_EXIT_D,1.6743257822097892
136,139,x_R16_EXIT_B,x_R16_EXIT_E,1.6743257822097892
136,140,x_R16_EXIT_B,x_R16_EXIT_F,1.6743257822097892
136,141,x_R16_EXIT_B,x_R16_EXIT_G,1.6743257822097892
136,142,x_R16_EXIT_B,x_R16_EXIT_H,1.6743257822097892
136,143,x_R16_EXIT_B,x_R16_EXIT_STAIRWELL,1.6743257822097892
136,154,x_R16_EXIT_B,x_R24_EXIT_B,0.0006551507207502457
136,162,x_R16_EXIT_B,x_R25_EXIT_A,0.0006633401047596237
136,163,x_R16_EXIT_B,x_R25_EXIT_B,0.0009909154651347465
136,172,x_R16_EXIT_B,x_R28_EXIT_B,0.00032757536037512284
136,181,x_R16_EXIT_B,x_R29_EXIT_B,0.00032757536037512284
136,190,x_R16_EXIT_B,x_R30_EXIT_B,0.00032757536037512284
136,199,x_R16_EXIT_B,x_R31_EXIT_B,0.00032757536037512284
136,208,x_R16_EXIT_B,x_R32_EXIT_B,0.00032757536037512284
136,217,x_R16_EXIT_B,x_R33_EXIT_B,0.00032757536037512284
136,226,x_R16_EXIT_B,x_R34_EXIT_B,0.00032757536037512284
136,235,x_R16_EXIT_B,x_R35_EXIT_B,0.00032757536037512284
136,236,x_R16_EXIT_B,x_R35_EXIT_C,0.0006633401047596237
136,244,x_R16_EXIT_B,x_R36_EXIT_B,0.001637876801875614
137,137,x_R16_EXIT_C,x_R16_EXIT_C,-0.8191105541904368
137,138,x_R16_EXIT_C,x_R16_EXIT_D,1.6743257822097892
137,139,x_R16_EXIT_C,x_R16_EXIT_E,1.6743257822097892
137,140,x_R16_EXIT_C,x_R16_EXIT_F,1.6743257822097892
137,141,x_R16_EXIT_C,x_R16_EXIT_G,1.6743257822097892
137,142,x_R16_EXIT_C,x_R16_EXIT_H,1.6743257822097892
137,143,x_R16_EXIT_C,x_R16_EXIT_STAIRWELL,1.6743257822097892
137,155,x_R16_EXIT_C,x_R24_EXIT_C,0.0006551507207502457
137,164,x_R16_EXIT_C,x_R25_EXIT_C,0.00032757536037512284
137,173,x_R16_EXIT_C,x_R28_EXIT_C,0.00032757536037512284
137,182,x_R16_EXIT_C,x_R29_EXIT_C,0.00032757536037512284
137,191,x_R16_EXIT_C,x_R30_EXIT_C,0.00032757536037512284
137,200,x_R16_EXIT_C,x_R31_EXIT_C,0.00032757536037512284
137,209,x_R16_EXIT_C,x_R32_EXIT_C,0.00032757536037512284
137,218,x_R16_EXIT_C,x_R33_EXIT_C,0.00032757536037512284
137,227,x_R16_EXIT_C,x_R34_EXIT_C,0.00032757536037512284
137,236,x_R16_EXIT_C,x_R35_EXIT_C,0.00032757536037512284
137,245,x_R16_EXIT_C,x_R36_EXIT_C,0.001637876801875614
138,138,x_R16_EXIT_D,x_R16_EXIT_D,-0.8275417417190898
138,139,x_R16_EXIT_D,x_R16_EXIT_E,1.6744731911219581
138,140,x_R16_EXIT_D,x_R16_EXIT_F,1.6744731911219581
138,141,x_R16_EXIT_D,x_R16_EXIT_G,1.6744731911219581
138,142,x_R16_EXIT_D,x_R16_EXIT_H,1.6744731911219581
138,143,x_R16_EXIT_D,x_R16_EXIT_STAIRWELL,1.6744731911219581
138,156,x_R16_EXIT_D,x_R24_EXIT_D,0.0006551507207502458
138,162,x_R16_EXIT_D,x_R25_EXIT_A,0.00022111336825320795
138,163,x_R16_EXIT_D,x_R25_EXIT_B,0.00022111336825320795
138,164,x_R16_EXIT_D,x_R25_EXIT_C,0.00022111336825320795
138,165,x_R16_EXIT_D,x_R25_EXIT_D,0.00010646199212191493
138,166,x_R16_EXIT_D,x_R25_EXIT_E,0.00022111336825320795
138,167,x_R16_EXIT_D,x_R25_EXIT_F,0.00022111336825320795
138,168,x_R16_EXIT_D,x_R25_EXIT_G,0.00022111336825320795
138,169,x_R16_EXIT_D,x_R25_EXIT_H,0.00022111336825320795
138,170,x_R16_EXIT_D,x_R25_EXIT_STAIRWELL,0.00022111336825320795
138,174,x_R16_EXIT_D,x_R28_EXIT_D,0.0003275753603751229
138,183,x_R16_EXIT_D,x_R29_EXIT_D,0.0003275753603751229
138,192,x_R16_EXIT_D,x_R30_EXIT_D,0.0003275753603751229
138,201,x_R16_EXIT_D,x_R31_EXIT_D,0.0003275753603751229
138,210,x_R16_EXIT_D,x_R32_EXIT_D,0.0003275753603751229
138,219,x_R16_EXIT_D,x_R33_EXIT_D,0.0003275753603751229
138,228,x_R16_EXIT_D,x_R34_EXIT_D,0.0003275753603751229
138,237,x_R16_EXIT_D,x_R35_EXIT_D,0.0003275753603751229
138,246,x_R16_EXIT_D,x_R36_EXIT_D,0.0016378768018756142
139,139,x_R16_EXIT_E,x_R16_EXIT_E,-0.8054354379170432
139,140,x_R16_EXIT_E,x_R16_EXIT_F,1.6752102356828023
139,141,x_R16_EXIT_E,x_R16_EXIT_G,1.6752102356828023
139,142,x_R16_EXIT_E,x_R16_EXIT_H,1.6747680089462957
139,143,x_R16_EXIT_E,x_R16_EXIT_STAIRWELL,1.6752102356828023
139,155,x_R16_EXIT_E,x_R24_EXIT_C,0.0002948178243376106
139,156,x_R16_EXIT_E,x_R24_EXIT_D,0.0008844534730128318
139,157,x_R16_EXIT_E,x_R24_EXIT_E,0.0037343591082764005
139,162,x_R16_EXIT_E,x_R25_EXIT_A,0.0002948178243376106
139,163,x_R16_EXIT_E,x_R25_EXIT_B,0.0002948178243376106
139,164,x_R16_EXIT_E,x_R25_EXIT_C,0.0002948178243376106
139,166,x_R16_EXIT_E,x_R25_EXIT_E,0.0027516330271510317
139,167,x_R16_EXIT_E,x_R25_EXIT_F,0.0007370445608440265
139,168,x_R16_EXIT_E,x_R25_EXIT_G,0.0007370445608440265
139,169,x_R16_EXIT_E,x_R25_EXIT_H,0.0002948178243376106
139,170,x_R16_EXIT_E,x_R25_EXIT_STAIRWELL,0.0007370445608440265
139,174,x_R16_EXIT_E,x_R28_EXIT_D,0.0007370445608440265
139,175,x_R16_EXIT_E,x_R28_EXIT_E,0.0015723617298005895
139,183,x_R16_EXIT_E,x_R29_EXIT_D,0.0007370445608440265
139,184,x_R16_EXIT_E,x_R29_EXIT_E,0.0015723617298005895
139,192,x_R16_EXIT_E,x_R30_EXIT_D,0.0007370445608440265
139,193,x_R16_EXIT_E,x_R30_EXIT_E,0.0015723617298005895
139,200,x_R16_EXIT_E,x_R31_EXIT_C,0.0007370445608440263
139,201,x_R16_EXIT_E,x_R31_EXIT_D,0.001031862385181637
139,202,x_R16_EXIT_E,x_R31_EXIT_E,0.0015723617298005895
139,209,x_R16_EXIT_E,x_R32_EXIT_C,0.0007370445608440263
139,210,x_R16_EXIT_E,x_R32_EXIT_D,0.001031862385181637
139,211,x_R16_EXIT_E,x_R32_EXIT_E,0.0015723617298005895
139,216,x_R16_EXIT_E,x_R33_EXIT_A,0.0008107490169284291
139,217,x_R16_EXIT_E,x_R33_EXIT_B,0.0008107490169284291
139,218,x_R16_EXIT_E,x_R33_EXIT_C,0.0015477935777724555
139,219,x_R16_EXIT_E,x_R33_EXIT_D,0.0018426114021100658
139,220,x_R16_EXIT_E,x_R33_EXIT_E,0.0006960976407971362
139,221,x_R16_EXIT_E,x_R33_EXIT_F,0.0008107490169284291
139,222,x_R16_EXIT_E,x_R33_EXIT_G,0.0008107490169284291
139,223,x_R16_EXIT_E,x_R33_EXIT_H,0.0008107490169284291
139,224,x_R16_EXIT_E,x_R33_EXIT_STAIRWELL,0.0008107490169284291
139,225,x_R16_EXIT_E,x_R34_EXIT_A,0.00022111336825320795
139,226,x_R16_EXIT_E,x_R34_EXIT_B,0.00022111336825320795
139,227,x_R16_EXIT_E,x_R34_EXIT_C,0.0009581579290972342
139,228,x_R16_EXIT_E,x_R34_EXIT_D,0.0012529757534348448
139,229,x_R16_EXIT_E,x_R34_EXIT_E,0.00010646199212191492
139,230,x_R16_EXIT_E,x_R34_EXIT_F,0.00022111336825320795
139,231,x_R16_EXIT_E,x_R34_EXIT_G,0.00022111336825320795
139,232,x_R16_EXIT_E,x_R34_EXIT_H,0.00022111336825320795
139,233,x_R16_EXIT_E,x_R34_EXIT_STAIRWELL,0.00022111336825320795
139,237,x_R16_EXIT_E,x_R35_EXIT_D,0.0002948178243376106
139,238,x_R16_EXIT_E,x_R35_EXIT_E,0.0015723617298005895
139,246,x_R16_EXIT_E,x_R36_EXIT_D,0.0036852228042201316
139,247,x_R16_EXIT_E,x_R36_EXIT_E,0.007861808649002947
140,140,x_R16_EXIT_F,x_R16_EXIT_F,-0.8098228952881192
140,141,x_R16_EXIT_F,x_R16_EXIT_G,1.6752839401388866
140,142,x_R16_EXIT_F,x_R16_EXIT_H,1.6747680089462957
140,143,x_R16_EXIT_F,x_R16_EXIT_STAIRWELL,1.6755705685792148
140,153,x_R16_EXIT_F,x_R24_EXIT_A,0.00021292398424382984
140,154,x_R16_EXIT_F,x_R24_EXIT_B,0.00021292398424382984
140,155,x_R16_EXIT_F,x_R24_EXIT_C,0.0002948178243376106
140,156,x_R16_EXIT_F,x_R24_EXIT_D,0.0008844534730128318
140,158,x_R16_EXIT_F,x_R24_EXIT_F,0.0011628925293316861
140,159,x_R16_EXIT_F,x_R24_EXIT_G,0.0003603328964126351
140,160,x_R16_EXIT_F,x_R24_EXIT_H,0.00021292398424382984
140,161,x_R16_EXIT_F,x_R24_EXIT_STAIRWELL,0.0003603328964126351
140,162,x_R16_EXIT_F,x_R25_EXIT_A,0.0002948178243376106
140,163,x_R16_EXIT_F,x_R25_EXIT_B,0.0002948178243376106
140,164,x_R16_EXIT_F,x_R25_EXIT_C,0.0002948178243376106
140,166,x_R16_EXIT_F,x_R25_EXIT_E,0.0007370445608440265
140,167,x_R16_EXIT_F,x_R25_EXIT_F,0.0014986572737161871
140,168,x_R16_EXIT_F,x_R25_EXIT_G,0.0008107490169284291
140,169,x_R16_EXIT_F,x_R25_EXIT_H,0.0002948178243376106
140,170,x_R16_EXIT_F,x_R25_EXIT_STAIRWELL,0.0010973774572566616
140,174,x_R16_EXIT_F,x_R28_EXIT_D,0.0008107490169284291
140,176,x_R16_EXIT_F,x_R28_EXIT_F,0.0003275753603751229
140,183,x_R16_EXIT_F,x_R29_EXIT_D,0.0008107490169284291
140,185,x_R16_EXIT_F,x_R29_EXIT_F,0.0003275753603751229
140,192,x_R16_EXIT_F,x_R30_EXIT_D,0.0008107490169284291
140,194,x_R16_EXIT_F,x_R30_EXIT_F,0.0003275753603751229
140,200,x_R16_EXIT_F,x_R31_EXIT_C,0.0005159311925908185
140,201,x_R16_EXIT_F,x_R31_EXIT_D,0.0008107490169284291
140,203,x_R16_EXIT_F,x_R31_EXIT_F,0.00010646199212191492
140,207,x_R16_EXIT_F,x_R32_EXIT_A,0.00022111336825320795
140,208,x_R16_EXIT_F,x_R32_EXIT_B,0.00021292398424382984
140,209,x_R16_EXIT_F,x_R32_EXIT_C,0.0004422267365064159
140,210,x_R16_EXIT_F,x_R32_EXIT_D,0.0007370445608440265
140,212,x_R16_EXIT_F,x_R32_EXIT_F,0.00010646199212191492
140,213,x_R16_EXIT_F,x_R32_EXIT_G,0.00022111336825320795
140,214,x_R16_EXIT_F,x_R32_EXIT_H,0.00022111336825320795
140,215,x_R16_EXIT_F,x_R32_EXIT_STAIRWELL,0.00022111336825320795
140,217,x_R16_EXIT_F,x_R33_EXIT_B,0.00021292398424382984
140,218,x_R16_EXIT_F,x_R33_EXIT_C,0.0004422267365064159
140,219,x_R16_EXIT_F,x_R33_EXIT_D,0.0007370445608440265
140,221,x_R16_EXIT_F,x_R33_EXIT_F,0.0003275753603751229
140,226,x_R16_EXIT_F,x_R34_EXIT_B,0.00021292398424382984
140,227,x_R16_EXIT_F,x_R34_EXIT_C,0.0004422267365064159
140,228,x_R16_EXIT_F,x_R34_EXIT_D,0.0007370445608440265
140,230,x_R16_EXIT_F,x_R34_EXIT_F,0.0003275753603751229
140,237,x_R16_EXIT_F,x_R35_EXIT_D,0.0002948178243376106
140,239,x_R16_EXIT_F,x_R35_EXIT_F,0.0003275753603751229
140,246,x_R16_EXIT_F,x_R36_EXIT_D,0.004053745084642145
140,248,x_R16_EXIT_F,x_R36_EXIT_F,0.0016378768018756142
141,141,x_R16_EXIT_G,x_R16_EXIT_G,-0.8002447401683636
141,142,x_R16_EXIT_G,x_R16_EXIT_H,1.6747680089462957
141,143,x_R16_EXIT_G,x_R16_EXIT_STAIRWELL,1.6752839401388866
141,153,x_R16_EXIT_G,x_R24_EXIT_A,0.000573256880656465
141,154,x_R16_EXIT_G,x_R24_EXIT_B,0.00021292398424382986
141,155,x_R16_EXIT_G,x_R24_EXIT_C,0.0002948178243376106
141,156,x_R16_EXIT_G,x_R24_EXIT_D,0.0008844534730128318
141,159,x_R16_EXIT_G,x_R24_EXIT_G,0.0034395412839387904
141,160,x_R16_EXIT_G,x_R24_EXIT_H,0.000573256880656465
141,162,x_R16_EXIT_G,x_R25_EXIT_A,0.0002948178243376106
141,163,x_R16_EXIT_G,x_R25_EXIT_B,0.0002948178243376106
141,164,x_R16_EXIT_G,x_R25_EXIT_C,0.0002948178243376106
141,166,x_R16_EXIT_G,x_R25_EXIT_E,0.0007370445608440265
141,167,x_R16_EXIT_G,x_R25_EXIT_F,0.0008107490169284291
141,168,x_R16_EXIT_G,x_R25_EXIT_G,0.003103776539554289
141,169,x_R16_EXIT_G,x_R25_EXIT_H,0.0002948178243376106
141,170,x_R16_EXIT_G,x_R25_EXIT_STAIRWELL,0.0008107490169284291
141,171,x_R16_EXIT_G,x_R28_EXIT_A,0.001899937090175713
141,172,x_R16_EXIT_G,x_R28_EXIT_B,0.0020801035383820306
141,173,x_R16_EXIT_G,x_R28_EXIT_C,0.0020801035383820306
141,174,x_R16_EXIT_G,x_R28_EXIT_D,0.0029973145474323747
141,175,x_R16_EXIT_G,x_R28_EXIT_E,0.0016133086498474804
141,176,x_R16_EXIT_G,x_R28_EXIT_F,0.0016133086498474804
141,177,x_R16_EXIT_G,x_R28_EXIT_G,0.00010646199212191492
141,178,x_R16_EXIT_G,x_R28_EXIT_H,0.001899937090175713
141,179,x_R16_EXIT_G,x_R28_EXIT_STAIRWELL,0.0016133086498474804
141,180,x_R16_EXIT_G,x_R29_EXIT_A,0.0012447863694254667
141,181,x_R16_EXIT_G,x_R29_EXIT_B,0.0014249528176317845
141,182,x_R16_EXIT_G,x_R29_EXIT_C,0.0014249528176317845
141,183,x_R16_EXIT_G,x_R29_EXIT_D,0.0023421638266821285
141,184,x_R16_EXIT_G,x_R29_EXIT_E,0.0009581579290972342
141,185,x_R16_EXIT_G,x_R29_EXIT_F,0.0009581579290972342
141,186,x_R16_EXIT_G,x_R29_EXIT_G,0.0006960976407971361
141,187,x_R16_EXIT_G,x_R29_EXIT_H,0.0012447863694254667
141,188,x_R16_EXIT_G,x_R29_EXIT_STAIRWELL,0.0009581579290972342
141,189,x_R16_EXIT_G,x_R30_EXIT_A,0.00036033289641263514
141,190,x_R16_EXIT_G,x_R30_EXIT_B,0.0005404993446189528
141,191,x_R16_EXIT_G,x_R30_EXIT_C,0.0005404993446189528
141,192,x_R16_EXIT_G,x_R30_EXIT_D,0.0014577103536692968
141,195,x_R16_EXIT_G,x_R30_EXIT_G,0.0016460661858849926
141,196,x_R16_EXIT_G,x_R30_EXIT_H,0.00036033289641263514
141,198,x_R16_EXIT_G,x_R31_EXIT_A,0.00028662844032823246
141,199,x_R16_EXIT_G,x_R31_EXIT_B,0.00046679488853455006
141,200,x_R16_EXIT_G,x_R31_EXIT_C,0.0004422267365064159
141,201,x_R16_EXIT_G,x_R31_EXIT_D,0.0007370445608440265
141,204,x_R16_EXIT_G,x_R31_EXIT_G,0.0017197706419693952
141,205,x_R16_EXIT_G,x_R31_EXIT_H,0.00028662844032823246
141,207,x_R16_EXIT_G,x_R32_EXIT_A,0.00028662844032823246
141,208,x_R16_EXIT_G,x_R32_EXIT_B,0.00010646199212191493
141,209,x_R16_EXIT_G,x_R32_EXIT_C,0.0004422267365064159
141,210,x_R16_EXIT_G,x_R32_EXIT_D,0.0007370445608440265
141,213,x_R16_EXIT_G,x_R32_EXIT_G,0.0017197706419693952
141,214,x_R16_EXIT_G,x_R32_EXIT_H,0.00028662844032823246
141,216,x_R16_EXIT_G,x_R33_EXIT_A,0.00028662844032823246
141,217,x_R16_EXIT_G,x_R33_EXIT_B,0.00010646199212191493
141,218,x_R16_EXIT_G,x_R33_EXIT_C,0.0004422267365064159
141,219,x_R16_EXIT_G,x_R33_EXIT_D,0.0007370445608440265
141,222,x_R16_EXIT_G,x_R33_EXIT_G,0.0017197706419693952
141,223,x_R16_EXIT_G,x_R33_EXIT_H,0.00028662844032823246
141,225,x_R16_EXIT_G,x_R34_EXIT_A,0.00028662844032823246
141,226,x_R16_EXIT_G,x_R34_EXIT_B,0.00010646199212191493
141,227,x_R16_EXIT_G,x_R34_EXIT_C,0.0004422267365064159
141,228,x_R16_EXIT_G,x_R34_EXIT_D,0.0007370445608440265
141,231,x_R16_EXIT_G,x_R34_EXIT_G,0.0017197706419693952
141,232,x_R16_EXIT_G,x_R34_EXIT_H,0.00028662844032823246
141,237,x_R16_EXIT_G,x_R35_EXIT_D,0.0002948178243376106
141,238,x_R16_EXIT_G,x_R35_EXIT_E,0.00028662844032823246
141,239,x_R16_EXIT_G,x_R35_EXIT_F,0.00028662844032823246
141,240,x_R16_EXIT_G,x_R35_EXIT_G,0.0020063990822976273
141,242,x_R16_EXIT_G,x_R35_EXIT_STAIRWELL,0.00028662844032823246
141,245,x_R16_EXIT_G,x_R36_EXIT_C,0.0014331422016411624
141,246,x_R16_EXIT_G,x_R36_EXIT_D,0.006019197246892882
141,247,x_R16_EXIT_G,x_R36_EXIT_E,0.0009008322410315877
141,248,x_R16_EXIT_G,x_R36_EXIT_F,0.0009008322410315877
141,249,x_R16_EXIT_G,x_R36_EXIT_G,0.009499685450878563
141,251,x_R16_EXIT_G,x_R36_EXIT_STAIRWELL,0.0009008322410315877
142,142,x_R16_EXIT_H,x_R16_EXIT_H,-0.806238451379752
142,143,x_R16_EXIT_H,x_R16_EXIT_STAIRWELL,1.6747680089462957
142,153,x_R16_EXIT_H,x_R24_EXIT_A,0.0001474089121688053
142,155,x_R16_EXIT_H,x_R24_EXIT_C,0.0001474089121688053
142,156,x_R16_EXIT_H,x_R24_EXIT_D,0.0005896356486752212
142,160,x_R16_EXIT_H,x_R24_EXIT_H,0.0013921952815942721
142,162,x_R16_EXIT_H,x_R25_EXIT_A,0.0003685222804220132
142,163,x_R16_EXIT_H,x_R25_EXIT_B,0.0003685222804220132
142,164,x_R16_EXIT_H,x_R25_EXIT_C,0.0003685222804220132
142,166,x_R16_EXIT_H,x_R25_EXIT_E,0.0002948178243376106
142,167,x_R16_EXIT_H,x_R25_EXIT_F,0.0002948178243376106
142,168,x_R16_EXIT_H,x_R25_EXIT_G,0.0002948178243376106
142,169,x_R16_EXIT_H,x_R25_EXIT_H,0.0028171480992260564
142,170,x_R16_EXIT_H,x_R25_EXIT_STAIRWELL,0.0002948178243376106
142,174,x_R16_EXIT_H,x_R28_EXIT_D,0.0002948178243376106
142,178,x_R16_EXIT_H,x_R28_EXIT_H,0.0006960976407971361
142,183,x_R16_EXIT_H,x_R29_EXIT_D,0.0002948178243376106
142,187,x_R16_EXIT_H,x_R29_EXIT_H,0.0006960976407971361
142,192,x_R16_EXIT_H,x_R30_EXIT_D,0.0002948178243376106
142,196,x_R16_EXIT_H,x_R30_EXIT_H,0.0006960976407971361
142,201,x_R16_EXIT_H,x_R31_EXIT_D,0.0002948178243376106
142,205,x_R16_EXIT_H,x_R31_EXIT_H,0.0006960976407971361
142,210,x_R16_EXIT_H,x_R32_EXIT_D,0.0002948178243376106
142,214,x_R16_EXIT_H,x_R32_EXIT_H,0.0006960976407971361
142,219,x_R16_EXIT_H,x_R33_EXIT_D,0.0002948178243376106
142,223,x_R16_EXIT_H,x_R33_EXIT_H,0.0006960976407971361
142,228,x_R16_EXIT_H,x_R34_EXIT_D,0.0002948178243376106
142,232,x_R16_EXIT_H,x_R34_EXIT_H,0.0006960976407971361
142,237,x_R16_EXIT_H,x_R35_EXIT_D,0.002047346002344518
142,241,x_R16_EXIT_H,x_R35_EXIT_H,0.00032757536037512284
142,243,x_R16_EXIT_H,x_R36_EXIT_A,0.00036852228042201317
142,244,x_R16_EXIT_H,x_R36_EXIT_B,0.00036852228042201317
142,246,x_R16_EXIT_H,x_R36_EXIT_D,0.0014740891216880527
142,250,x_R16_EXIT_H,x_R36_EXIT_H,0.00348048820398568
143,143,x_R16_EXIT_STAIRWELL,x_R16_EXIT_STAIRWELL,-0.8127685672437548
143,153,x_R16_EXIT_STAIRWELL,x_R24_EXIT_A,0.00021292398424382984
143,154,x_R16_EXIT_STAIRWELL,x_R24_EXIT_B,0.00021292398424382984
143,155,x_R16_EXIT_STAIRWELL,x_R24_EXIT_C,0.0002948178243376106
143,156,x_R16_EXIT_STAIRWELL,x_R24_EXIT_D,0.0008844534730128318
143,158,x_R16_EXIT_STAIRWELL,x_R24_EXIT_F,0.0003603328964126351
143,159,x_R16_EXIT_STAIRWELL,x_R24_EXIT_G,0.0004258479684876597
143,160,x_R16_EXIT_STAIRWELL,x_R24_EXIT_H,0.00021292398424382984
143,161,x_R16_EXIT_STAIRWELL,x_R24_EXIT_STAIRWELL,0.0010809986892379056
143,162,x_R16_EXIT_STAIRWELL,x_R25_EXIT_A,0.0002948178243376106
143,163,x_R16_EXIT_STAIRWELL,x_R25_EXIT_B,0.0002948178243376106
143,164,x_R16_EXIT_STAIRWELL,x_R25_EXIT_C,0.0002948178243376106
143,166,x_R16_EXIT_STAIRWELL,x_R25_EXIT_E,0.0007370445608440265
143,167,x_R16_EXIT_STAIRWELL,x_R25_EXIT_F,0.0010973774572566616
143,168,x_R16_EXIT_STAIRWELL,x_R25_EXIT_G,0.0008107490169284291
143,169,x_R16_EXIT_STAIRWELL,x_R25_EXIT_H,0.0002948178243376106
143,170,x_R16_EXIT_STAIRWELL,x_R25_EXIT_STAIRWELL,0.0014577103536692968
143,174,x_R16_EXIT_STAIRWELL,x_R28_EXIT_D,0.0008107490169284291
143,179,x_R16_EXIT_STAIRWELL,x_R28_EXIT_STAIRWELL,0.0003275753603751229
143,183,x_R16_EXIT_STAIRWELL,x_R29_EXIT_D,0.0008107490169284291
143,188,x_R16_EXIT_STAIRWELL,x_R29_EXIT_STAIRWELL,0.0003275753603751229
143,192,x_R16_EXIT_STAIRWELL,x_R30_EXIT_D,0.0008107490169284291
143,197,x_R16_EXIT_STAIRWELL,x_R30_EXIT_STAIRWELL,0.0003275753603751229
143,200,x_R16_EXIT_STAIRWELL,x_R31_EXIT_C,0.0005486887286283307
143,201,x_R16_EXIT_STAIRWELL,x_R31_EXIT_D,0.0008435065529659413
143,206,x_R16_EXIT_STAIRWELL,x_R31_EXIT_STAIRWELL,0.0003275753603751229
143,208,x_R16_EXIT_STAIRWELL,x_R32_EXIT_B,0.00021292398424382984
143,209,x_R16_EXIT_STAIRWELL,x_R32_EXIT_C,0.0004422267365064159
143,210,x_R16_EXIT_STAIRWELL,x_R32_EXIT_D,0.0007370445608440265
143,215,x_R16_EXIT_STAIRWELL,x_R32_EXIT_STAIRWELL,0.0003275753603751229
143,217,x_R16_EXIT_STAIRWELL,x_R33_EXIT_B,0.00021292398424382984
143,218,x_R16_EXIT_STAIRWELL,x_R33_EXIT_C,0.0004422267365064159
143,219,x_R16_EXIT_STAIRWELL,x_R33_EXIT_D,0.0007370445608440265
143,224,x_R16_EXIT_STAIRWELL,x_R33_EXIT_STAIRWELL,0.0003275753603751229
143,226,x_R16_EXIT_STAIRWELL,x_R34_EXIT_B,0.00021292398424382984
143,227,x_R16_EXIT_STAIRWELL,x_R34_EXIT_C,0.0004422267365064159
143,228,x_R16_EXIT_STAIRWELL,x_R34_EXIT_D,0.0007370445608440265
143,233,x_R16_EXIT_STAIRWELL,x_R34_EXIT_STAIRWELL,0.0003275753603751229
143,237,x_R16_EXIT_STAIRWELL,x_R35_EXIT_D,0.0002948178243376106
143,242,x_R16_EXIT_STAIRWELL,x_R35_EXIT_STAIRWELL,0.0003275753603751229
143,246,x_R16_EXIT_STAIRWELL,x_R36_EXIT_D,0.004053745084642145
143,251,x_R16_EXIT_STAIRWELL,x_R36_EXIT_STAIRWELL,0.0016378768018756142
144,144,x_R20_EXIT_A,x_R20_EXIT_A,-0.8055174477705587
144,145,x_R20_EXIT_A,x_R20_EXIT_B,1.673717720447093
144,146,x_R20_EXIT_A,x_R20_EXIT_C,1.673717720447093
144,147,x_R20_EXIT_A,x_R20_EXIT_D,1.673717720447093
144,148,x_R20_EXIT_A,x_R20_EXIT_E,1.673717720447093
144,149,x_R20_EXIT_A,x_R20_EXIT_F,1.673717720447093
144,150,x_R20_EXIT_A,x_R20_EXIT_G,1.673717720447093
144,151,x_R20_EXIT_A,x_R20_EXIT_H,1.673717720447093
144,152,x_R20_EXIT_A,x_R20_EXIT_STAIRWELL,1.673717720447093
145,145,x_R20_EXIT_B,x_R20_EXIT_B,-0.8101141882636635
145,146,x_R20_EXIT_B,x_R20_EXIT_C,1.673717720447093
145,147,x_R20_EXIT_B,x_R20_EXIT_D,1.673717720447093
145,148,x_R20_EXIT_B,x_R20_EXIT_E,1.673717720447093
145,149,x_R20_EXIT_B,x_R20_EXIT_F,1.673717720447093
145,150,x_R20_EXIT_B,x_R20_EXIT_G,1.673717720447093
145,151,x_R20_EXIT_B,x_R20_EXIT_H,1.673717720447093
145,152,x_R20_EXIT_B,x_R20_EXIT_STAIRWELL,1.673717720447093
146,146,x_R20_EXIT_C,x_R20_EXIT_C,-0.808860531765544
146,147,x_R20_EXIT_C,x_R20_EXIT_D,1.673717720447093
146,148,x_R20_EXIT_C,x_R20_EXIT_E,1.673717720447093
146,149,x_R20_EXIT_C,x_R20_EXIT_F,1.673717720447093
146,150,x_R20_EXIT_C,x_R20_EXIT_G,1.673717720447093
146,151,x_R20_EXIT_C,x_R20_EXIT_H,1.673717720447093
146,152,x_R20_EXIT_C,x_R20_EXIT_STAIRWELL,1.673717720447093
147,147,x_R20_EXIT_D,x_R20_EXIT_D,-0.8138751577580221
147,148,x_R20_EXIT_D,x_R20_EXIT_E,1.673717720447093
147,149,x_R20_EXIT_D,x_R20_EXIT_F,1.673717720447093
147,150,x_R20_EXIT_D,x_R20_EXIT_G,1.673717720447093
147,151,x_R20_EXIT_D,x_R20_EXIT_H,1.673717720447093
147,152,x_R20_EXIT_D,x_R20_EXIT_STAIRWELL,1.673717720447093
148,148,x_R20_EXIT_E,x_R20_EXIT_E,-0.8213970967467391
148,149,x_R20_EXIT_E,x_R20_EXIT_F,1.673717720447093
148,150,x_R20_EXIT_E,x_R20_EXIT_G,1.673717720447093
148,151,x_R20_EXIT_E,x_R20_EXIT_H,1.673717720447093
148,152,x_R20_EXIT_E,x_R20_EXIT_STAIRWELL,1.673717720447093
149,149,x_R20_EXIT_F,x_R20_EXIT_F,-0.8285011502360831
149,150,x_R20_EXIT_F,x_R20_EXIT_G,1.673717720447093
149,151,x_R20_EXIT_F,x_R20_EXIT_H,1.673717720447093
149,152,x_R20_EXIT_F,x_R20_EXIT_STAIRWELL,1.673717720447093
150,150,x_R20_EXIT_G,x_R20_EXIT_G,-0.8205613257479928
150,151,x_R20_EXIT_G,x_R20_EXIT_H,1.673717720447093
150,152,x_R20_EXIT_G,x_R20_EXIT_STAIRWELL,1.673717720447093
151,151,x_R20_EXIT_H,x_R20_EXIT_H,-0.8138751577580221
151,152,x_R20_EXIT_H,x_R20_EXIT_STAIRWELL,1.673717720447093
152,152,x_R20_EXIT_STAIRWELL,x_R20_EXIT_STAIRWELL,-0.8364409747241733
153,153,x_R24_EXIT_A,x_R24_EXIT_A,-0.7990269071133367
153,154,x_R24_EXIT_A,x_R24_EXIT_B,1.6773947538673037
153,155,x_R24_EXIT_A,x_R24_EXIT_C,1.673717720447093
153,156,x_R24_EXIT_A,x_R24_EXIT_D,1.673717720447093
153,157,x_R24_EXIT_A,x_R24_EXIT_E,1.6764120277861785
153,158,x_R24_EXIT_A,x_R24_EXIT_F,1.6765430579303284
153,159,x_R24_EXIT_A,x_R24_EXIT_G,1.6765430579303284
153,160,x_R24_EXIT_A,x_R24_EXIT_H,1.6795895087818171
153,161,x_R24_EXIT_A,x_R24_EXIT_STAIRWELL,1.6765430579303284
153,162,x_R24_EXIT_A,x_R25_EXIT_A,0.001392195281594272
153,167,x_R24_EXIT_A,x_R25_EXIT_F,0.00021292398424382984
153,168,x_R24_EXIT_A,x_R25_EXIT_G,0.000573256880656465
153,169,x_R24_EXIT_A,x_R25_EXIT_H,0.0001474089121688053
153,170,x_R24_EXIT_A,x_R25_EXIT_STAIRWELL,0.00021292398424382984
153,171,x_R24_EXIT_A,x_R28_EXIT_A,0.0034559200519575467
153,172,x_R24_EXIT_A,x_R28_EXIT_B,0.00036033289641263514
153,173,x_R24_EXIT_A,x_R28_EXIT_C,0.00036033289641263514
153,174,x_R24_EXIT_A,x_R28_EXIT_D,0.000573256880656465
153,178,x_R24_EXIT_A,x_R28_EXIT_H,0.0007370445608440265
153,180,x_R24_EXIT_A,x_R29_EXIT_A,0.0034559200519575467
153,181,x_R24_EXIT_A,x_R29_EXIT_B,0.00036033289641263514
153,182,x_R24_EXIT_A,x_R29_EXIT_C,0.00036033289641263514
153,183,x_R24_EXIT_A,x_R29_EXIT_D,0.000573256880656465
153,187,x_R24_EXIT_A,x_R29_EXIT_H,0.0007370445608440265
153,189,x_R24_EXIT_A,x_R30_EXIT_A,0.0034559200519575467
153,190,x_R24_EXIT_A,x_R30_EXIT_B,0.00036033289641263514
153,191,x_R24_EXIT_A,x_R30_EXIT_C,0.00036033289641263514
153,192,x_R24_EXIT_A,x_R30_EXIT_D,0.000573256880656465
153,196,x_R24_EXIT_A,x_R30_EXIT_H,0.0007370445608440265
153,198,x_R24_EXIT_A,x_R31_EXIT_A,0.0034559200519575467
153,199,x_R24_EXIT_A,x_R31_EXIT_B,0.00036033289641263514
153,205,x_R24_EXIT_A,x_R31_EXIT_H,0.0007370445608440265
153,207,x_R24_EXIT_A,x_R32_EXIT_A,0.0034559200519575467
153,208,x_R24_EXIT_A,x_R32_EXIT_B,0.00042584796848765973
153,214,x_R24_EXIT_A,x_R32_EXIT_H,0.0007370445608440265
153,216,x_R24_EXIT_A,x_R33_EXIT_A,0.0034559200519575467
153,217,x_R24_EXIT_A,x_R33_EXIT_B,0.00042584796848765973
153,223,x_R24_EXIT_A,x_R33_EXIT_H,0.0007370445608440265
153,225,x_R24_EXIT_A,x_R34_EXIT_A,0.0034559200519575467
153,226,x_R24_EXIT_A,x_R34_EXIT_B,0.00042584796848765973
153,232,x_R24_EXIT_A,x_R34_EXIT_H,0.0007370445608440265
153,234,x_R24_EXIT_A,x_R35_EXIT_A,0.0006551507207502458
153,235,x_R24_EXIT_A,x_R35_EXIT_B,0.0007370445608440265
153,236,x_R24_EXIT_A,x_R35_EXIT_C,0.0007370445608440265
153,237,x_R24_EXIT_A,x_R35_EXIT_D,0.001916315858194468
153,238,x_R24_EXIT_A,x_R35_EXIT_E,0.0028007693312073006
153,239,x_R24_EXIT_A,x_R35_EXIT_F,0.0028007693312073006
153,240,x_R24_EXIT_A,x_R35_EXIT_G,0.0028007693312073006
153,242,x_R24_EXIT_A,x_R35_EXIT_STAIRWELL,0.0028007693312073006
153,243,x_R24_EXIT_A,x_R36_EXIT_A,0.015068466577255654
153,244,x_R24_EXIT_A,x_R36_EXIT_B,0.008107490169284288
153,245,x_R24_EXIT_A,x_R36_EXIT_C,0.0018016644820631755
153,246,x_R24_EXIT_A,x_R36_EXIT_D,0.002866284403282325
153,250,x_R24_EXIT_A,x_R36_EXIT_H,0.0014740891216880527
154,154,x_R24_EXIT_B,x_R24_EXIT_B,-0.8059344153864556
154,155,x_R24_EXIT_B,x_R24_EXIT_C,1.673717720447093
154,156,x_R24_EXIT_B,x_R24_EXIT_D,1.673717720447093
154,157,x_R24_EXIT_B,x_R24_EXIT_E,1.6764120277861785
154,158,x_R24_EXIT_B,x_R24_EXIT_F,1.6765430579303284
154,159,x_R24_EXIT_B,x_R24_EXIT_G,1.6765430579303284
154,160,x_R24_EXIT_B,x_R24_EXIT_H,1.6773947538673037
154,161,x_R24_EXIT_B,x_R24_EXIT_STAIRWELL,1.6765430579303284
154,163,x_R24_EXIT_B,x_R25_EXIT_B,0.0006551507207502457
154,167,x_R24_EXIT_B,x_R25_EXIT_F,0.00021292398424382984
154,168,x_R24_EXIT_B,x_R25_EXIT_G,0.00021292398424382986
154,170,x_R24_EXIT_B,x_R25_EXIT_STAIRWELL,0.00021292398424382984
154,172,x_R24_EXIT_B,x_R28_EXIT_B,0.004012798164595255
154,173,x_R24_EXIT_B,x_R28_EXIT_C,0.0011792712973504424
154,174,x_R24_EXIT_B,x_R28_EXIT_D,0.00021292398424382986
154,181,x_R24_EXIT_B,x_R29_EXIT_B,0.004012798164595255
154,182,x_R24_EXIT_B,x_R29_EXIT_C,0.0011792712973504424
154,183,x_R24_EXIT_B,x_R29_EXIT_D,0.00021292398424382986
154,190,x_R24_EXIT_B,x_R30_EXIT_B,0.004012798164595255
154,191,x_R24_EXIT_B,x_R30_EXIT_C,0.0011792712973504424
154,192,x_R24_EXIT_B,x_R30_EXIT_D,0.00021292398424382986
154,199,x_R24_EXIT_B,x_R31_EXIT_B,0.004012798164595255
154,208,x_R24_EXIT_B,x_R32_EXIT_B,0.0044386461330829146
154,217,x_R24_EXIT_B,x_R33_EXIT_B,0.0044386461330829146
154,226,x_R24_EXIT_B,x_R34_EXIT_B,0.0044386461330829146
154,235,x_R24_EXIT_B,x_R35_EXIT_B,0.0006551507207502457
154,244,x_R24_EXIT_B,x_R36_EXIT_B,0.003275753603751228
154,245,x_R24_EXIT_B,x_R36_EXIT_C,0.005896356486752211
154,246,x_R24_EXIT_B,x_R36_EXIT_D,0.001064619921219149
155,155,x_R24_EXIT_C,x_R24_EXIT_C,-0.8137582270090452
155,156,x_R24_EXIT_C,x_R24_EXIT_D,1.6770016634348537
155,157,x_R24_EXIT_C,x_R24_EXIT_E,1.673717720447093
155,158,x_R24_EXIT_C,x_R24_EXIT_F,1.673717720447093
155,159,x_R24_EXIT_C,x_R24_EXIT_G,1.673717720447093
155,160,x_R24_EXIT_C,x_R24_EXIT_H,1.673717720447093
155,161,x_R24_EXIT_C,x_R24_EXIT_STAIRWELL,1.673717720447093
155,162,x_R24_EXIT_C,x_R25_EXIT_A,0.001162892529331686
155,163,x_R24_EXIT_C,x_R25_EXIT_B,0.001162892529331686
155,164,x_R24_EXIT_C,x_R25_EXIT_C,0.0018180432500819312
155,166,x_R24_EXIT_C,x_R25_EXIT_E,0.0002948178243376106
155,167,x_R24_EXIT_C,x_R25_EXIT_F,0.0002948178243376106
155,168,x_R24_EXIT_C,x_R25_EXIT_G,0.0002948178243376106
155,169,x_R24_EXIT_C,x_R25_EXIT_H,0.0001474089121688053
155,170,x_R24_EXIT_C,x_R25_EXIT_STAIRWELL,0.0002948178243376106
155,173,x_R24_EXIT_C,x_R28_EXIT_C,0.0010154836171628807
155,174,x_R24_EXIT_C,x_R28_EXIT_D,0.0002948178243376106
155,182,x_R24_EXIT_C,x_R29_EXIT_C,0.0010154836171628807
155,183,x_R24_EXIT_C,x_R29_EXIT_D,0.0002948178243376106
155,191,x_R24_EXIT_C,x_R30_EXIT_C,0.0010154836171628807
155,192,x_R24_EXIT_C,x_R30_EXIT_D,0.0002948178243376106
155,200,x_R24_EXIT_C,x_R31_EXIT_C,0.002112861074419542
155,201,x_R24_EXIT_C,x_R31_EXIT_D,0.0002948178243376106
155,209,x_R24_EXIT_C,x_R32_EXIT_C,0.002112861074419542
155,210,x_R24_EXIT_C,x_R32_EXIT_D,0.0002948178243376106
155,218,x_R24_EXIT_C,x_R33_EXIT_C,0.002112861074419542
155,219,x_R24_EXIT_C,x_R33_EXIT_D,0.0002948178243376106
155,227,x_R24_EXIT_C,x_R34_EXIT_C,0.002112861074419542
155,228,x_R24_EXIT_C,x_R34_EXIT_D,0.0002948178243376106
155,236,x_R24_EXIT_C,x_R35_EXIT_C,0.0006551507207502457
155,237,x_R24_EXIT_C,x_R35_EXIT_D,0.0001474089121688053
155,245,x_R24_EXIT_C,x_R36_EXIT_C,0.005077418085814403
155,246,x_R24_EXIT_C,x_R36_EXIT_D,0.0014740891216880527
156,156,x_R24_EXIT_D,x_R24_EXIT_D,-0.8193461098821797
156,157,x_R24_EXIT_D,x_R24_EXIT_E,1.673717720447093
156,158,x_R24_EXIT_D,x_R24_EXIT_F,1.673717720447093
156,159,x_R24_EXIT_D,x_R24_EXIT_G,1.673717720447093
156,160,x_R24_EXIT_D,x_R24_EXIT_H,1.673717720447093
156,161,x_R24_EXIT_D,x_R24_EXIT_STAIRWELL,1.673717720447093
156,162,x_R24_EXIT_D,x_R25_EXIT_A,0.001031862385181637
156,163,x_R24_EXIT_D,x_R25_EXIT_B,0.001031862385181637
156,164,x_R24_EXIT_D,x_R25_EXIT_C,0.001031862385181637
156,165,x_R24_EXIT_D,x_R25_EXIT_D,0.00021292398424382986
156,166,x_R24_EXIT_D,x_R25_EXIT_E,0.0013266802095192477
156,167,x_R24_EXIT_D,x_R25_EXIT_F,0.0013266802095192477
156,168,x_R24_EXIT_D,x_R25_EXIT_G,0.0013266802095192477
156,169,x_R24_EXIT_D,x_R25_EXIT_H,0.001031862385181637
156,170,x_R24_EXIT_D,x_R25_EXIT_STAIRWELL,0.0013266802095192477
156,174,x_R24_EXIT_D,x_R28_EXIT_D,0.0015396041937630776
156,183,x_R24_EXIT_D,x_R29_EXIT_D,0.0015396041937630776
156,192,x_R24_EXIT_D,x_R30_EXIT_D,0.0015396041937630776
156,200,x_R24_EXIT_D,x_R31_EXIT_C,0.0002948178243376106
156,201,x_R24_EXIT_D,x_R31_EXIT_D,0.0015396041937630776
156,209,x_R24_EXIT_D,x_R32_EXIT_C,0.0002948178243376106
156,210,x_R24_EXIT_D,x_R32_EXIT_D,0.0015396041937630776
156,218,x_R24_EXIT_D,x_R33_EXIT_C,0.0002948178243376106
156,219,x_R24_EXIT_D,x_R33_EXIT_D,0.0015396041937630776
156,227,x_R24_EXIT_D,x_R34_EXIT_C,0.0002948178243376106
156,228,x_R24_EXIT_D,x_R34_EXIT_D,0.0015396041937630776
156,237,x_R24_EXIT_D,x_R35_EXIT_D,0.001244786369425467
156,246,x_R24_EXIT_D,x_R36_EXIT_D,0.0076980209688153846
157,157,x_R24_EXIT_E,x_R24_EXIT_E,-0.8146440419714274
157,158,x_R24_EXIT_E,x_R24_EXIT_F,1.6764120277861785
157,159,x_R24_EXIT_E,x_R24_EXIT_G,1.6764120277861785
157,160,x_R24_EXIT_E,x_R24_EXIT_H,1.6764120277861785
157,161,x_R24_EXIT_E,x_R24_EXIT_STAIRWELL,1.6764120277861785
157,166,x_R24_EXIT_E,x_R25_EXIT_E,0.0037343591082764005
157,175,x_R24_EXIT_E,x_R28_EXIT_E,0.003144723459601179
157,184,x_R24_EXIT_E,x_R29_EXIT_E,0.003144723459601179
157,193,x_R24_EXIT_E,x_R30_EXIT_E,0.003144723459601179
157,200,x_R24_EXIT_E,x_R31_EXIT_C,0.0002948178243376106
157,201,x_R24_EXIT_E,x_R31_EXIT_D,0.0002948178243376106
157,202,x_R24_EXIT_E,x_R31_EXIT_E,0.003144723459601179
157,209,x_R24_EXIT_E,x_R32_EXIT_C,0.0002948178243376106
157,210,x_R24_EXIT_E,x_R32_EXIT_D,0.0002948178243376106
157,211,x_R24_EXIT_E,x_R32_EXIT_E,0.003144723459601179
157,216,x_R24_EXIT_E,x_R33_EXIT_A,0.0016214980338568582
157,217,x_R24_EXIT_E,x_R33_EXIT_B,0.0016214980338568582
157,218,x_R24_EXIT_E,x_R33_EXIT_C,0.0019163158581944684
157,219,x_R24_EXIT_E,x_R33_EXIT_D,0.0019163158581944684
157,220,x_R24_EXIT_E,x_R33_EXIT_E,0.0013921952815942724
157,221,x_R24_EXIT_E,x_R33_EXIT_F,0.0016214980338568582
157,222,x_R24_EXIT_E,x_R33_EXIT_G,0.0016214980338568582
157,223,x_R24_EXIT_E,x_R33_EXIT_H,0.0016214980338568582
157,224,x_R24_EXIT_E,x_R33_EXIT_STAIRWELL,0.0016214980338568582
157,225,x_R24_EXIT_E,x_R34_EXIT_A,0.0004422267365064159
157,226,x_R24_EXIT_E,x_R34_EXIT_B,0.0004422267365064159
157,227,x_R24_EXIT_E,x_R34_EXIT_C,0.0007370445608440265
157,228,x_R24_EXIT_E,x_R34_EXIT_D,0.0007370445608440265
157,229,x_R24_EXIT_E,x_R34_EXIT_E,0.00021292398424382984
157,230,x_R24_EXIT_E,x_R34_EXIT_F,0.0004422267365064159
157,231,x_R24_EXIT_E,x_R34_EXIT_G,0.0004422267365064159
157,232,x_R24_EXIT_E,x_R34_EXIT_H,0.0004422267365064159
157,233,x_R24_EXIT_E,x_R34_EXIT_STAIRWELL,0.0004422267365064159
157,238,x_R24_EXIT_E,x_R35_EXIT_E,0.003144723459601179
157,247,x_R24_EXIT_E,x_R36_EXIT_E,0.015723617298005893
158,158,x_R24_EXIT_F,x_R24_EXIT_F,-0.8209109629726556
158,159,x_R24_EXIT_F,x_R24_EXIT_G,1.6772637237231538
158,160,x_R24_EXIT_F,x_R24_EXIT_H,1.6765430579303284
158,161,x_R24_EXIT_F,x_R24_EXIT_STAIRWELL,1.6772637237231538
158,167,x_R24_EXIT_F,x_R25_EXIT_F,0.0011628925293316861
158,170,x_R24_EXIT_F,x_R25_EXIT_STAIRWELL,0.0003603328964126351
158,176,x_R24_EXIT_F,x_R28_EXIT_F,0.0006551507207502458
158,185,x_R24_EXIT_F,x_R29_EXIT_F,0.0006551507207502458
158,194,x_R24_EXIT_F,x_R30_EXIT_F,0.0006551507207502458
158,200,x_R24_EXIT_F,x_R31_EXIT_C,0.0001474089121688053
158,201,x_R24_EXIT_F,x_R31_EXIT_D,0.0001474089121688053
158,203,x_R24_EXIT_F,x_R31_EXIT_F,0.00021292398424382984
158,207,x_R24_EXIT_F,x_R32_EXIT_A,0.0004422267365064159
158,208,x_R24_EXIT_F,x_R32_EXIT_B,0.00021292398424382984
158,212,x_R24_EXIT_F,x_R32_EXIT_F,0.00021292398424382984
158,213,x_R24_EXIT_F,x_R32_EXIT_G,0.0004422267365064159
158,214,x_R24_EXIT_F,x_R32_EXIT_H,0.0004422267365064159
158,215,x_R24_EXIT_F,x_R32_EXIT_STAIRWELL,0.0004422267365064159
158,217,x_R24_EXIT_F,x_R33_EXIT_B,0.00021292398424382984
158,221,x_R24_EXIT_F,x_R33_EXIT_F,0.0006551507207502458
158,226,x_R24_EXIT_F,x_R34_EXIT_B,0.00021292398424382984
158,230,x_R24_EXIT_F,x_R34_EXIT_F,0.0006551507207502458
158,239,x_R24_EXIT_F,x_R35_EXIT_F,0.0006551507207502458
158,248,x_R24_EXIT_F,x_R36_EXIT_F,0.0032757536037512284
159,159,x_R24_EXIT_G,x_R24_EXIT_G,-0.8081712517954902
159,160,x_R24_EXIT_G,x_R24_EXIT_H,1.6765430579303284
159,161,x_R24_EXIT_G,x_R24_EXIT_STAIRWELL,1.6773947538673037
159,167,x_R24_EXIT_G,x_R25_EXIT_F,0.0003603328964126351
159,168,x_R24_EXIT_G,x_R25_EXIT_G,0.0034395412839387904
159,170,x_R24_EXIT_G,x_R25_EXIT_STAIRWELL,0.0004258479684876597
159,171,x_R24_EXIT_G,x_R28_EXIT_A,0.003226617299694961
159,172,x_R24_EXIT_G,x_R28_EXIT_B,0.003226617299694961
159,173,x_R24_EXIT_G,x_R28_EXIT_C,0.003226617299694961
159,174,x_R24_EXIT_G,x_R28_EXIT_D,0.003226617299694961
159,175,x_R24_EXIT_G,x_R28_EXIT_E,0.003374026211863766
159,176,x_R24_EXIT_G,x_R28_EXIT_F,0.003374026211863766
159,177,x_R24_EXIT_G,x_R28_EXIT_G,0.00021292398424382984
159,178,x_R24_EXIT_G,x_R28_EXIT_H,0.003226617299694961
159,179,x_R24_EXIT_G,x_R28_EXIT_STAIRWELL,0.0034395412839387904
159,180,x_R24_EXIT_G,x_R29_EXIT_A,0.0019163158581944684
159,181,x_R24_EXIT_G,x_R29_EXIT_B,0.0019163158581944684
159,182,x_R24_EXIT_G,x_R29_EXIT_C,0.0019163158581944684
159,183,x_R24_EXIT_G,x_R29_EXIT_D,0.0019163158581944684
159,184,x_R24_EXIT_G,x_R29_EXIT_E,0.002063724770363274
159,185,x_R24_EXIT_G,x_R29_EXIT_F,0.002063724770363274
159,186,x_R24_EXIT_G,x_R29_EXIT_G,0.0013921952815942721
159,187,x_R24_EXIT_G,x_R29_EXIT_H,0.0019163158581944684
159,188,x_R24_EXIT_G,x_R29_EXIT_STAIRWELL,0.002129239842438298
159,189,x_R24_EXIT_G,x_R30_EXIT_A,0.0001474089121688053
159,190,x_R24_EXIT_G,x_R30_EXIT_B,0.0001474089121688053
159,191,x_R24_EXIT_G,x_R30_EXIT_C,0.0001474089121688053
159,192,x_R24_EXIT_G,x_R30_EXIT_D,0.0001474089121688053
159,193,x_R24_EXIT_G,x_R30_EXIT_E,0.0002948178243376106
159,194,x_R24_EXIT_G,x_R30_EXIT_F,0.0002948178243376106
159,195,x_R24_EXIT_G,x_R30_EXIT_G,0.003292132371769985
159,196,x_R24_EXIT_G,x_R30_EXIT_H,0.0001474089121688053
159,197,x_R24_EXIT_G,x_R30_EXIT_STAIRWELL,0.00036033289641263514
159,198,x_R24_EXIT_G,x_R31_EXIT_A,0.0001474089121688053
159,199,x_R24_EXIT_G,x_R31_EXIT_B,0.0001474089121688053
159,200,x_R24_EXIT_G,x_R31_EXIT_C,0.00027843905631885443
159,201,x_R24_EXIT_G,x_R31_EXIT_D,0.00027843905631885443
159,204,x_R24_EXIT_G,x_R31_EXIT_G,0.0035869501961075956
159,205,x_R24_EXIT_G,x_R31_EXIT_H,0.0001474089121688053
159,207,x_R24_EXIT_G,x_R32_EXIT_A,0.0001474089121688053
159,208,x_R24_EXIT_G,x_R32_EXIT_B,0.00021292398424382984
159,213,x_R24_EXIT_G,x_R32_EXIT_G,0.0035869501961075956
159,214,x_R24_EXIT_G,x_R32_EXIT_H,0.0001474089121688053
159,216,x_R24_EXIT_G,x_R33_EXIT_A,0.0001474089121688053
159,217,x_R24_EXIT_G,x_R33_EXIT_B,0.00021292398424382984
159,222,x_R24_EXIT_G,x_R33_EXIT_G,0.0035869501961075956
159,223,x_R24_EXIT_G,x_R33_EXIT_H,0.0001474089121688053
159,225,x_R24_EXIT_G,x_R34_EXIT_A,0.0001474089121688053
159,226,x_R24_EXIT_G,x_R34_EXIT_B,0.00021292398424382984
159,231,x_R24_EXIT_G,x_R34_EXIT_G,0.0035869501961075956
159,232,x_R24_EXIT_G,x_R34_EXIT_H,0.0001474089121688053
159,238,x_R24_EXIT_G,x_R35_EXIT_E,0.0001474089121688053
159,239,x_R24_EXIT_G,x_R35_EXIT_F,0.0001474089121688053
159,240,x_R24_EXIT_G,x_R35_EXIT_G,0.0034395412839387904
159,242,x_R24_EXIT_G,x_R35_EXIT_STAIRWELL,0.00021292398424382984
159,247,x_R24_EXIT_G,x_R36_EXIT_E,0.0007370445608440263
159,248,x_R24_EXIT_G,x_R36_EXIT_F,0.0007370445608440263
159,249,x_R24_EXIT_G,x_R36_EXIT_G,0.01719770641969395
159,251,x_R24_EXIT_G,x_R36_EXIT_STAIRWELL,0.0010646199212191493
160,160,x_R24_EXIT_H,x_R24_EXIT_H,-0.8087112973103194
160,161,x_R24_EXIT_H,x_R24_EXIT_STAIRWELL,1.6765430579303284
160,167,x_R24_EXIT_H,x_R25_EXIT_F,0.00021292398424382984
160,168,x_R24_EXIT_H,x_R25_EXIT_G,0.000573256880656465
160,169,x_R24_EXIT_H,x_R25_EXIT_H,0.0013921952815942721
160,170,x_R24_EXIT_H,x_R25_EXIT_STAIRWELL,0.00021292398424382984
160,171,x_R24_EXIT_H,x_R28_EXIT_A,0.0007370445608440265
160,172,x_R24_EXIT_H,x_R28_EXIT_B,0.00036033289641263514
160,173,x_R24_EXIT_H,x_R28_EXIT_C,0.00036033289641263514
160,174,x_R24_EXIT_H,x_R28_EXIT_D,0.000573256880656465
160,178,x_R24_EXIT_H,x_R28_EXIT_H,0.0021292398424382986
160,180,x_R24_EXIT_H,x_R29_EXIT_A,0.0007370445608440265
160,181,x_R24_EXIT_H,x_R29_EXIT_B,0.00036033289641263514
160,182,x_R24_EXIT_H,x_R29_EXIT_C,0.00036033289641263514
160,183,x_R24_EXIT_H,x_R29_EXIT_D,0.000573256880656465
160,187,x_R24_EXIT_H,x_R29_EXIT_H,0.0021292398424382986
160,189,x_R24_EXIT_H,x_R30_EXIT_A,0.0007370445608440265
160,190,x_R24_EXIT_H,x_R30_EXIT_B,0.00036033289641263514
160,191,x_R24_EXIT_H,x_R30_EXIT_C,0.00036033289641263514
160,192,x_R24_EXIT_H,x_R30_EXIT_D,0.000573256880656465
160,196,x_R24_EXIT_H,x_R30_EXIT_H,0.0021292398424382986
160,198,x_R24_EXIT_H,x_R31_EXIT_A,0.0007370445608440265
160,199,x_R24_EXIT_H,x_R31_EXIT_B,0.00036033289641263514
160,205,x_R24_EXIT_H,x_R31_EXIT_H,0.0021292398424382986
160,207,x_R24_EXIT_H,x_R32_EXIT_A,0.0007370445608440265
160,208,x_R24_EXIT_H,x_R32_EXIT_B,0.00042584796848765973
160,214,x_R24_EXIT_H,x_R32_EXIT_H,0.0021292398424382986
160,216,x_R24_EXIT_H,x_R33_EXIT_A,0.0007370445608440265
160,217,x_R24_EXIT_H,x_R33_EXIT_B,0.00042584796848765973
160,223,x_R24_EXIT_H,x_R33_EXIT_H,0.0021292398424382986
160,225,x_R24_EXIT_H,x_R34_EXIT_A,0.0007370445608440265
160,226,x_R24_EXIT_H,x_R34_EXIT_B,0.00042584796848765973
160,232,x_R24_EXIT_H,x_R34_EXIT_H,0.0021292398424382986
160,238,x_R24_EXIT_H,x_R35_EXIT_E,0.0007370445608440265
160,239,x_R24_EXIT_H,x_R35_EXIT_F,0.0007370445608440265
160,240,x_R24_EXIT_H,x_R35_EXIT_G,0.0007370445608440265
160,241,x_R24_EXIT_H,x_R35_EXIT_H,0.0006551507207502457
160,242,x_R24_EXIT_H,x_R35_EXIT_STAIRWELL,0.0007370445608440265
160,243,x_R24_EXIT_H,x_R36_EXIT_A,0.0014740891216880527
160,244,x_R24_EXIT_H,x_R36_EXIT_B,0.0014740891216880527
160,245,x_R24_EXIT_H,x_R36_EXIT_C,0.0018016644820631755
160,246,x_R24_EXIT_H,x_R36_EXIT_D,0.002866284403282325
160,250,x_R24_EXIT_H,x_R36_EXIT_H,0.008435065529659412
161,161,x_R24_EXIT_STAIRWELL,x_R24_EXIT_STAIRWELL,-0.8239180553083616
161,167,x_R24_EXIT_STAIRWELL,x_R25_EXIT_F,0.0003603328964126351
161,170,x_R24_EXIT_STAIRWELL,x_R25_EXIT_STAIRWELL,0.0010809986892379056
161,179,x_R24_EXIT_STAIRWELL,x_R28_EXIT_STAIRWELL,0.0006551507207502458
161,188,x_R24_EXIT_STAIRWELL,x_R29_EXIT_STAIRWELL,0.0006551507207502458
161,197,x_R24_EXIT_STAIRWELL,x_R30_EXIT_STAIRWELL,0.0006551507207502458
161,200,x_R24_EXIT_STAIRWELL,x_R31_EXIT_C,0.00021292398424382986
161,201,x_R24_EXIT_STAIRWELL,x_R31_EXIT_D,0.00021292398424382986
161,206,x_R24_EXIT_STAIRWELL,x_R31_EXIT_STAIRWELL,0.0006551507207502458
161,208,x_R24_EXIT_STAIRWELL,x_R32_EXIT_B,0.00021292398424382984
161,215,x_R24_EXIT_STAIRWELL,x_R32_EXIT_STAIRWELL,0.0006551507207502458
161,217,x_R24_EXIT_STAIRWELL,x_R33_EXIT_B,0.00021292398424382984
161,224,x_R24_EXIT_STAIRWELL,x_R33_EXIT_STAIRWELL,0.0006551507207502458
161,226,x_R24_EXIT_STAIRWELL,x_R34_EXIT_B,0.00021292398424382984
161,233,x_R24_EXIT_STAIRWELL,x_R34_EXIT_STAIRWELL,0.0006551507207502458
161,242,x_R24_EXIT_STAIRWELL,x_R35_EXIT_STAIRWELL,0.0006551507207502458
161,251,x_R24_EXIT_STAIRWELL,x_R36_EXIT_STAIRWELL,0.0032757536037512284
162,162,x_R25_EXIT_A,x_R25_EXIT_A,-0.797343996367332
162,163,x_R25_EXIT_A,x_R25_EXIT_B,1.6761192573078432
162,164,x_R25_EXIT_A,x_R25_EXIT_C,1.6754559172030834
162,165,x_R25_EXIT_A,x_R25_EXIT_D,1.674358539745827
162,166,x_R25_EXIT_A,x_R25_EXIT_E,1.6748744709384176
162,167,x_R25_EXIT_A,x_R25_EXIT_F,1.6748744709384176
162,168,x_R25_EXIT_A,x_R25_EXIT_G,1.6748744709384176
162,169,x_R25_EXIT_A,x_R25_EXIT_H,1.6749481753945021
162,170,x_R25_EXIT_A,x_R25_EXIT_STAIRWELL,1.6748744709384176
162,171,x_R25_EXIT_A,x_R28_EXIT_A,0.000696097640797136
162,173,x_R25_EXIT_A,x_R28_EXIT_C,0.00018016644820631757
162,174,x_R25_EXIT_A,x_R28_EXIT_D,0.0005159311925908185
162,180,x_R25_EXIT_A,x_R29_EXIT_A,0.000696097640797136
162,182,x_R25_EXIT_A,x_R29_EXIT_C,0.00018016644820631757
162,183,x_R25_EXIT_A,x_R29_EXIT_D,0.0005159311925908185
162,189,x_R25_EXIT_A,x_R30_EXIT_A,0.000696097640797136
162,191,x_R25_EXIT_A,x_R30_EXIT_C,0.00018016644820631757
162,192,x_R25_EXIT_A,x_R30_EXIT_D,0.0005159311925908185
162,198,x_R25_EXIT_A,x_R31_EXIT_A,0.000696097640797136
162,200,x_R25_EXIT_A,x_R31_EXIT_C,0.000581446264665843
162,201,x_R25_EXIT_A,x_R31_EXIT_D,0.0005159311925908185
162,207,x_R25_EXIT_A,x_R32_EXIT_A,0.000696097640797136
162,209,x_R25_EXIT_A,x_R32_EXIT_C,0.000581446264665843
162,210,x_R25_EXIT_A,x_R32_EXIT_D,0.0005159311925908185
162,216,x_R25_EXIT_A,x_R33_EXIT_A,0.000696097640797136
162,218,x_R25_EXIT_A,x_R33_EXIT_C,0.000581446264665843
162,219,x_R25_EXIT_A,x_R33_EXIT_D,0.0005159311925908185
162,225,x_R25_EXIT_A,x_R34_EXIT_A,0.000696097640797136
162,227,x_R25_EXIT_A,x_R34_EXIT_C,0.000581446264665843
162,228,x_R25_EXIT_A,x_R34_EXIT_D,0.0005159311925908185
162,234,x_R25_EXIT_A,x_R35_EXIT_A,0.0003275753603751229
162,235,x_R25_EXIT_A,x_R35_EXIT_B,0.0006633401047596237
162,236,x_R25_EXIT_A,x_R35_EXIT_C,0.0013266802095192477
162,237,x_R25_EXIT_A,x_R35_EXIT_D,0.0009581579290972344
162,238,x_R25_EXIT_A,x_R35_EXIT_E,0.0003685222804220132
162,239,x_R25_EXIT_A,x_R35_EXIT_F,0.0003685222804220132
162,240,x_R25_EXIT_A,x_R35_EXIT_G,0.0003685222804220132
162,242,x_R25_EXIT_A,x_R35_EXIT_STAIRWELL,0.0003685222804220132
162,243,x_R25_EXIT_A,x_R36_EXIT_A,0.00348048820398568
162,244,x_R25_EXIT_A,x_R36_EXIT_B,0.0014740891216880527
162,245,x_R25_EXIT_A,x_R36_EXIT_C,0.0009008322410315878
162,246,x_R25_EXIT_A,x_R36_EXIT_D,0.002579655962954092
163,163,x_R25_EXIT_B,x_R25_EXIT_B,-0.8051976054084289
163,164,x_R25_EXIT_B,x_R25_EXIT_C,1.6754559172030834
163,165,x_R25_EXIT_B,x_R25_EXIT_D,1.674358539745827
163,166,x_R25_EXIT_B,x_R25_EXIT_E,1.6748744709384176
163,167,x_R25_EXIT_B,x_R25_EXIT_F,1.6748744709384176
163,168,x_R25_EXIT_B,x_R25_EXIT_G,1.6748744709384176
163,169,x_R25_EXIT_B,x_R25_EXIT_H,1.6749481753945021
163,170,x_R25_EXIT_B,x_R25_EXIT_STAIRWELL,1.6748744709384176
163,172,x_R25_EXIT_B,x_R28_EXIT_B,0.00032757536037512284
163,173,x_R25_EXIT_B,x_R28_EXIT_C,0.00018016644820631757
163,174,x_R25_EXIT_B,x_R28_EXIT_D,0.0005159311925908185
163,181,x_R25_EXIT_B,x_R29_EXIT_B,0.00032757536037512284
163,182,x_R25_EXIT_B,x_R29_EXIT_C,0.00018016644820631757
163,183,x_R25_EXIT_B,x_R29_EXIT_D,0.0005159311925908185
163,190,x_R25_EXIT_B,x_R30_EXIT_B,0.00032757536037512284
163,191,x_R25_EXIT_B,x_R30_EXIT_C,0.00018016644820631757
163,192,x_R25_EXIT_B,x_R30_EXIT_D,0.0005159311925908185
163,199,x_R25_EXIT_B,x_R31_EXIT_B,0.00032757536037512284
163,200,x_R25_EXIT_B,x_R31_EXIT_C,0.000581446264665843
163,201,x_R25_EXIT_B,x_R31_EXIT_D,0.0005159311925908185
163,208,x_R25_EXIT_B,x_R32_EXIT_B,0.00032757536037512284
163,209,x_R25_EXIT_B,x_R32_EXIT_C,0.000581446264665843
163,210,x_R25_EXIT_B,x_R32_EXIT_D,0.0005159311925908185
163,217,x_R25_EXIT_B,x_R33_EXIT_B,0.00032757536037512284
163,218,x_R25_EXIT_B,x_R33_EXIT_C,0.000581446264665843
163,219,x_R25_EXIT_B,x_R33_EXIT_D,0.0005159311925908185
163,226,x_R25_EXIT_B,x_R34_EXIT_B,0.00032757536037512284
163,227,x_R25_EXIT_B,x_R34_EXIT_C,0.000581446264665843
163,228,x_R25_EXIT_B,x_R34_EXIT_D,0.0005159311925908185
163,235,x_R25_EXIT_B,x_R35_EXIT_B,0.00032757536037512284
163,236,x_R25_EXIT_B,x_R35_EXIT_C,0.0006633401047596237
163,237,x_R25_EXIT_B,x_R35_EXIT_D,0.0005896356486752212
163,244,x_R25_EXIT_B,x_R36_EXIT_B,0.001637876801875614
163,245,x_R25_EXIT_B,x_R36_EXIT_C,0.0009008322410315878
163,246,x_R25_EXIT_B,x_R36_EXIT_D,0.002579655962954092
164,164,x_R25_EXIT_C,x_R25_EXIT_C,-0.8130512144495258
164,165,x_R25_EXIT_C,x_R25_EXIT_D,1.674358539745827
164,166,x_R25_EXIT_C,x_R25_EXIT_E,1.6748744709384176
164,167,x_R25_EXIT_C,x_R25_EXIT_F,1.6748744709384176
164,168,x_R25_EXIT_C,x_R25_EXIT_G,1.6748744709384176
164,169,x_R25_EXIT_C,x_R25_EXIT_H,1.6749481753945021
164,170,x_R25_EXIT_C,x_R25_EXIT_STAIRWELL,1.6748744709384176
164,173,x_R25_EXIT_C,x_R28_EXIT_C,0.0005077418085814403
164,174,x_R25_EXIT_C,x_R28_EXIT_D,0.0005159311925908185
164,182,x_R25_EXIT_C,x_R29_EXIT_C,0.0005077418085814403
164,183,x_R25_EXIT_C,x_R29_EXIT_D,0.0005159311925908185
164,191,x_R25_EXIT_C,x_R30_EXIT_C,0.0005077418085814403
164,192,x_R25_EXIT_C,x_R30_EXIT_D,0.0005159311925908185
164,200,x_R25_EXIT_C,x_R31_EXIT_C,0.0009090216250409656
164,201,x_R25_EXIT_C,x_R31_EXIT_D,0.0005159311925908185
164,209,x_R25_EXIT_C,x_R32_EXIT_C,0.0009090216250409656
164,210,x_R25_EXIT_C,x_R32_EXIT_D,0.0005159311925908185
164,218,x_R25_EXIT_C,x_R33_EXIT_C,0.0009090216250409656
164,219,x_R25_EXIT_C,x_R33_EXIT_D,0.0005159311925908185
164,227,x_R25_EXIT_C,x_R34_EXIT_C,0.0009090216250409656
164,228,x_R25_EXIT_C,x_R34_EXIT_D,0.0005159311925908185
164,236,x_R25_EXIT_C,x_R35_EXIT_C,0.00032757536037512284
164,237,x_R25_EXIT_C,x_R35_EXIT_D,0.0005896356486752212
164,245,x_R25_EXIT_C,x_R36_EXIT_C,0.0025387090429072013
164,246,x_R25_EXIT_C,x_R36_EXIT_D,0.002579655962954092
165,165,x_R25_EXIT_D,x_R25_EXIT_D,-0.8304258798372076
165,166,x_R25_EXIT_D,x_R25_EXIT_E,1.674358539745827
165,167,x_R25_EXIT_D,x_R25_EXIT_F,1.674358539745827
165,168,x_R25_EXIT_D,x_R25_EXIT_G,1.674358539745827
165,169,x_R25_EXIT_D,x_R25_EXIT_H,1.674358539745827
165,170,x_R25_EXIT_D,x_R25_EXIT_STAIRWELL,1.674358539745827
165,174,x_R25_EXIT_D,x_R28_EXIT_D,0.00010646199212191493
165,183,x_R25_EXIT_D,x_R29_EXIT_D,0.00010646199212191493
165,192,x_R25_EXIT_D,x_R30_EXIT_D,0.00010646199212191493
165,201,x_R25_EXIT_D,x_R31_EXIT_D,0.00010646199212191493
165,210,x_R25_EXIT_D,x_R32_EXIT_D,0.00010646199212191493
165,219,x_R25_EXIT_D,x_R33_EXIT_D,0.00010646199212191493
165,228,x_R25_EXIT_D,x_R34_EXIT_D,0.00010646199212191493
165,237,x_R25_EXIT_D,x_R35_EXIT_D,0.00010646199212191493
165,246,x_R25_EXIT_D,x_R36_EXIT_D,0.0005323099606095745
166,166,x_R25_EXIT_E,x_R25_EXIT_E,-0.8030838366744298
166,167,x_R25_EXIT_E,x_R25_EXIT_F,1.675316697674924
166,168,x_R25_EXIT_E,x_R25_EXIT_G,1.675316697674924
166,169,x_R25_EXIT_E,x_R25_EXIT_H,1.6748744709384176
166,170,x_R25_EXIT_E,x_R25_EXIT_STAIRWELL,1.675316697674924
166,174,x_R25_EXIT_E,x_R28_EXIT_D,0.0009581579290972344
166,175,x_R25_EXIT_E,x_R28_EXIT_E,0.0015723617298005895
166,183,x_R25_EXIT_E,x_R29_EXIT_D,0.0009581579290972344
166,184,x_R25_EXIT_E,x_R29_EXIT_E,0.0015723617298005895
166,192,x_R25_EXIT_E,x_R30_EXIT_D,0.0009581579290972344
166,193,x_R25_EXIT_E,x_R30_EXIT_E,0.0015723617298005895
166,200,x_R25_EXIT_E,x_R31_EXIT_C,0.0007370445608440263
166,201,x_R25_EXIT_E,x_R31_EXIT_D,0.001252975753434845
166,202,x_R25_EXIT_E,x_R31_EXIT_E,0.0015723617298005895
166,209,x_R25_EXIT_E,x_R32_EXIT_C,0.0007370445608440263
166,210,x_R25_EXIT_E,x_R32_EXIT_D,0.001252975753434845
166,211,x_R25_EXIT_E,x_R32_EXIT_E,0.0015723617298005895
166,216,x_R25_EXIT_E,x_R33_EXIT_A,0.0008107490169284291
166,217,x_R25_EXIT_E,x_R33_EXIT_B,0.0008107490169284291
166,218,x_R25_EXIT_E,x_R33_EXIT_C,0.0015477935777724555
166,219,x_R25_EXIT_E,x_R33_EXIT_D,0.002063724770363274
166,220,x_R25_EXIT_E,x_R33_EXIT_E,0.0006960976407971362
166,221,x_R25_EXIT_E,x_R33_EXIT_F,0.0008107490169284291
166,222,x_R25_EXIT_E,x_R33_EXIT_G,0.0008107490169284291
166,223,x_R25_EXIT_E,x_R33_EXIT_H,0.0008107490169284291
166,224,x_R25_EXIT_E,x_R33_EXIT_STAIRWELL,0.0008107490169284291
166,225,x_R25_EXIT_E,x_R34_EXIT_A,0.00022111336825320795
166,226,x_R25_EXIT_E,x_R34_EXIT_B,0.00022111336825320795
166,227,x_R25_EXIT_E,x_R34_EXIT_C,0.0009581579290972342
166,228,x_R25_EXIT_E,x_R34_EXIT_D,0.0014740891216880527
166,229,x_R25_EXIT_E,x_R34_EXIT_E,0.00010646199212191492
166,230,x_R25_EXIT_E,x_R34_EXIT_F,0.00022111336825320795
166,231,x_R25_EXIT_E,x_R34_EXIT_G,0.00022111336825320795
166,232,x_R25_EXIT_E,x_R34_EXIT_H,0.00022111336825320795
166,233,x_R25_EXIT_E,x_R34_EXIT_STAIRWELL,0.00022111336825320795
166,237,x_R25_EXIT_E,x_R35_EXIT_D,0.0005159311925908185
166,238,x_R25_EXIT_E,x_R35_EXIT_E,0.0015723617298005895
166,246,x_R25_EXIT_E,x_R36_EXIT_D,0.004790789645486172
166,247,x_R25_EXIT_E,x_R36_EXIT_E,0.007861808649002947
167,167,x_R25_EXIT_F,x_R25_EXIT_F,-0.8074712940455058
167,168,x_R25_EXIT_F,x_R25_EXIT_G,1.6753904021310084
167,169,x_R25_EXIT_F,x_R25_EXIT_H,1.6748744709384176
167,170,x_R25_EXIT_F,x_R25_EXIT_STAIRWELL,1.6756770305713367
167,174,x_R25_EXIT_F,x_R28_EXIT_D,0.0010318623851816372
167,176,x_R25_EXIT_F,x_R28_EXIT_F,0.0003275753603751229
167,183,x_R25_EXIT_F,x_R29_EXIT_D,0.0010318623851816372
167,185,x_R25_EXIT_F,x_R29_EXIT_F,0.0003275753603751229
167,192,x_R25_EXIT_F,x_R30_EXIT_D,0.0010318623851816372
167,194,x_R25_EXIT_F,x_R30_EXIT_F,0.0003275753603751229
167,200,x_R25_EXIT_F,x_R31_EXIT_C,0.0005159311925908185
167,201,x_R25_EXIT_F,x_R31_EXIT_D,0.0010318623851816372
167,203,x_R25_EXIT_F,x_R31_EXIT_F,0.00010646199212191492
167,207,x_R25_EXIT_F,x_R32_EXIT_A,0.00022111336825320795
167,208,x_R25_EXIT_F,x_R32_EXIT_B,0.00021292398424382984
167,209,x_R25_EXIT_F,x_R32_EXIT_C,0.0004422267365064159
167,210,x_R25_EXIT_F,x_R32_EXIT_D,0.0009581579290972344
167,212,x_R25_EXIT_F,x_R32_EXIT_F,0.00010646199212191492
167,213,x_R25_EXIT_F,x_R32_EXIT_G,0.00022111336825320795
167,214,x_R25_EXIT_F,x_R32_EXIT_H,0.00022111336825320795
167,215,x_R25_EXIT_F,x_R32_EXIT_STAIRWELL,0.00022111336825320795
167,217,x_R25_EXIT_F,x_R33_EXIT_B,0.00021292398424382984
167,218,x_R25_EXIT_F,x_R33_EXIT_C,0.0004422267365064159
167,219,x_R25_EXIT_F,x_R33_EXIT_D,0.0009581579290972344
167,221,x_R25_EXIT_F,x_R33_EXIT_F,0.0003275753603751229
167,226,x_R25_EXIT_F,x_R34_EXIT_B,0.00021292398424382984
167,227,x_R25_EXIT_F,x_R34_EXIT_C,0.0004422267365064159
167,228,x_R25_EXIT_F,x_R34_EXIT_D,0.0009581579290972344
167,230,x_R25_EXIT_F,x_R34_EXIT_F,0.0003275753603751229
167,237,x_R25_EXIT_F,x_R35_EXIT_D,0.0005159311925908185
167,239,x_R25_EXIT_F,x_R35_EXIT_F,0.0003275753603751229
167,246,x_R25_EXIT_F,x_R36_EXIT_D,0.005159311925908184
167,248,x_R25_EXIT_F,x_R36_EXIT_F,0.0016378768018756142
168,168,x_R25_EXIT_G,x_R25_EXIT_G,-0.7978931389257501
168,169,x_R25_EXIT_G,x_R25_EXIT_H,1.6748744709384176
168,170,x_R25_EXIT_G,x_R25_EXIT_STAIRWELL,1.6753904021310084
168,171,x_R25_EXIT_G,x_R28_EXIT_A,0.001899937090175713
168,172,x_R25_EXIT_G,x_R28_EXIT_B,0.0020801035383820306
168,173,x_R25_EXIT_G,x_R28_EXIT_C,0.0020801035383820306
168,174,x_R25_EXIT_G,x_R28_EXIT_D,0.0032184279156855823
168,175,x_R25_EXIT_G,x_R28_EXIT_E,0.0016133086498474804
168,176,x_R25_EXIT_G,x_R28_EXIT_F,0.0016133086498474804
168,177,x_R25_EXIT_G,x_R28_EXIT_G,0.00010646199212191492
168,178,x_R25_EXIT_G,x_R28_EXIT_H,0.001899937090175713
168,179,x_R25_EXIT_G,x_R28_EXIT_STAIRWELL,0.0016133086498474804
168,180,x_R25_EXIT_G,x_R29_EXIT_A,0.0012447863694254667
168,181,x_R25_EXIT_G,x_R29_EXIT_B,0.0014249528176317845
168,182,x_R25_EXIT_G,x_R29_EXIT_C,0.0014249528176317845
168,183,x_R25_EXIT_G,x_R29_EXIT_D,0.0025632771949353366
168,184,x_R25_EXIT_G,x_R29_EXIT_E,0.0009581579290972342
168,185,x_R25_EXIT_G,x_R29_EXIT_F,0.0009581579290972342
168,186,x_R25_EXIT_G,x_R29_EXIT_G,0.0006960976407971361
168,187,x_R25_EXIT_G,x_R29_EXIT_H,0.0012447863694254667
168,188,x_R25_EXIT_G,x_R29_EXIT_STAIRWELL,0.0009581579290972342
168,189,x_R25_EXIT_G,x_R30_EXIT_A,0.00036033289641263514
168,190,x_R25_EXIT_G,x_R30_EXIT_B,0.0005404993446189528
168,191,x_R25_EXIT_G,x_R30_EXIT_C,0.0005404993446189528
168,192,x_R25_EXIT_G,x_R30_EXIT_D,0.0016788237219225045
168,195,x_R25_EXIT_G,x_R30_EXIT_G,0.0016460661858849926
168,196,x_R25_EXIT_G,x_R30_EXIT_H,0.00036033289641263514
168,198,x_R25_EXIT_G,x_R31_EXIT_A,0.00028662844032823246
168,199,x_R25_EXIT_G,x_R31_EXIT_B,0.00046679488853455006
168,200,x_R25_EXIT_G,x_R31_EXIT_C,0.0004422267365064159
168,201,x_R25_EXIT_G,x_R31_EXIT_D,0.0009581579290972344
168,204,x_R25_EXIT_G,x_R31_EXIT_G,0.0017197706419693952
168,205,x_R25_EXIT_G,x_R31_EXIT_H,0.00028662844032823246
168,207,x_R25_EXIT_G,x_R32_EXIT_A,0.00028662844032823246
168,208,x_R25_EXIT_G,x_R32_EXIT_B,0.00010646199212191493
168,209,x_R25_EXIT_G,x_R32_EXIT_C,0.0004422267365064159
168,210,x_R25_EXIT_G,x_R32_EXIT_D,0.0009581579290972344
168,213,x_R25_EXIT_G,x_R32_EXIT_G,0.0017197706419693952
168,214,x_R25_EXIT_G,x_R32_EXIT_H,0.00028662844032823246
168,216,x_R25_EXIT_G,x_R33_EXIT_A,0.00028662844032823246
168,217,x_R25_EXIT_G,x_R33_EXIT_B,0.00010646199212191493
168,218,x_R25_EXIT_G,x_R33_EXIT_C,0.0004422267365064159
168,219,x_R25_EXIT_G,x_R33_EXIT_D,0.0009581579290972344
168,222,x_R25_EXIT_G,x_R33_EXIT_G,0.0017197706419693952
168,223,x_R25_EXIT_G,x_R33_EXIT_H,0.00028662844032823246
168,225,x_R25_EXIT_G,x_R34_EXIT_A,0.00028662844032823246
168,226,x_R25_EXIT_G,x_R34_EXIT_B,0.00010646199212191493
168,227,x_R25_EXIT_G,x_R34_EXIT_C,0.0004422267365064159
168,228,x_R25_EXIT_G,x_R34_EXIT_D,0.0009581579290972344
168,231,x_R25_EXIT_G,x_R34_EXIT_G,0.0017197706419693952
168,232,x_R25_EXIT_G,x_R34_EXIT_H,0.00028662844032823246
168,237,x_R25_EXIT_G,x_R35_EXIT_D,0.0005159311925908185
168,238,x_R25_EXIT_G,x_R35_EXIT_E,0.00028662844032823246
168,239,x_R25_EXIT_G,x_R35_EXIT_F,0.00028662844032823246
168,240,x_R25_EXIT_G,x_R35_EXIT_G,0.0020063990822976273
168,242,x_R25_EXIT_G,x_R35_EXIT_STAIRWELL,0.00028662844032823246
168,245,x_R25_EXIT_G,x_R36_EXIT_C,0.0014331422016411624
168,246,x_R25_EXIT_G,x_R36_EXIT_D,0.007124764088158922
168,247,x_R25_EXIT_G,x_R36_EXIT_E,0.0009008322410315877
168,248,x_R25_EXIT_G,x_R36_EXIT_F,0.0009008322410315877
168,249,x_R25_EXIT_G,x_R36_EXIT_G,0.009499685450878563
168,251,x_R25_EXIT_G,x_R36_EXIT_STAIRWELL,0.0009008322410315877
169,169,x_R25_EXIT_H,x_R25_EXIT_H,-0.8038868501371387
169,170,x_R25_EXIT_H,x_R25_EXIT_STAIRWELL,1.6748744709384176
169,174,x_R25_EXIT_H,x_R28_EXIT_D,0.0005159311925908185
169,178,x_R25_EXIT_H,x_R28_EXIT_H,0.0006960976407971361
169,183,x_R25_EXIT_H,x_R29_EXIT_D,0.0005159311925908185
169,187,x_R25_EXIT_H,x_R29_EXIT_H,0.0006960976407971361
169,192,x_R25_EXIT_H,x_R30_EXIT_D,0.0005159311925908185
169,196,x_R25_EXIT_H,x_R30_EXIT_H,0.0006960976407971361
169,201,x_R25_EXIT_H,x_R31_EXIT_D,0.0005159311925908185
169,205,x_R25_EXIT_H,x_R31_EXIT_H,0.0006960976407971361
169,210,x_R25_EXIT_H,x_R32_EXIT_D,0.0005159311925908185
169,214,x_R25_EXIT_H,x_R32_EXIT_H,0.0006960976407971361
169,219,x_R25_EXIT_H,x_R33_EXIT_D,0.0005159311925908185
169,223,x_R25_EXIT_H,x_R33_EXIT_H,0.0006960976407971361
169,228,x_R25_EXIT_H,x_R34_EXIT_D,0.0005159311925908185
169,232,x_R25_EXIT_H,x_R34_EXIT_H,0.0006960976407971361
169,237,x_R25_EXIT_H,x_R35_EXIT_D,0.002268459370597726
169,241,x_R25_EXIT_H,x_R35_EXIT_H,0.00032757536037512284
169,243,x_R25_EXIT_H,x_R36_EXIT_A,0.00036852228042201317
169,244,x_R25_EXIT_H,x_R36_EXIT_B,0.00036852228042201317
169,246,x_R25_EXIT_H,x_R36_EXIT_D,0.002579655962954092
169,250,x_R25_EXIT_H,x_R36_EXIT_H,0.00348048820398568
170,170,x_R25_EXIT_STAIRWELL,x_R25_EXIT_STAIRWELL,-0.8104169660011414
170,174,x_R25_EXIT_STAIRWELL,x_R28_EXIT_D,0.0010318623851816372
170,179,x_R25_EXIT_STAIRWELL,x_R28_EXIT_STAIRWELL,0.0003275753603751229
170,183,x_R25_EXIT_STAIRWELL,x_R29_EXIT_D,0.0010318623851816372
170,188,x_R25_EXIT_STAIRWELL,x_R29_EXIT_STAIRWELL,0.0003275753603751229
170,192,x_R25_EXIT_STAIRWELL,x_R30_EXIT_D,0.0010318623851816372
170,197,x_R25_EXIT_STAIRWELL,x_R30_EXIT_STAIRWELL,0.0003275753603751229
170,200,x_R25_EXIT_STAIRWELL,x_R31_EXIT_C,0.0005486887286283307
170,201,x_R25_EXIT_STAIRWELL,x_R31_EXIT_D,0.0010646199212191495
170,206,x_R25_EXIT_STAIRWELL,x_R31_EXIT_STAIRWELL,0.0003275753603751229
170,208,x_R25_EXIT_STAIRWELL,x_R32_EXIT_B,0.00021292398424382984
170,209,x_R25_EXIT_STAIRWELL,x_R32_EXIT_C,0.0004422267365064159
170,210,x_R25_EXIT_STAIRWELL,x_R32_EXIT_D,0.0009581579290972344
170,215,x_R25_EXIT_STAIRWELL,x_R32_EXIT_STAIRWELL,0.0003275753603751229
170,217,x_R25_EXIT_STAIRWELL,x_R33_EXIT_B,0.00021292398424382984
170,218,x_R25_EXIT_STAIRWELL,x_R33_EXIT_C,0.0004422267365064159
170,219,x_R25_EXIT_STAIRWELL,x_R33_EXIT_D,0.0009581579290972344
170,224,x_R25_EXIT_STAIRWELL,x_R33_EXIT_STAIRWELL,0.0003275753603751229
170,226,x_R25_EXIT_STAIRWELL,x_R34_EXIT_B,0.00021292398424382984
170,227,x_R25_EXIT_STAIRWELL,x_R34_EXIT_C,0.0004422267365064159
170,228,x_R25_EXIT_STAIRWELL,x_R34_EXIT_D,0.0009581579290972344
170,233,x_R25_EXIT_STAIRWELL,x_R34_EXIT_STAIRWELL,0.0003275753603751229
170,237,x_R25_EXIT_STAIRWELL,x_R35_EXIT_D,0.0005159311925908185
170,242,x_R25_EXIT_STAIRWELL,x_R35_EXIT_STAIRWELL,0.0003275753603751229
170,246,x_R25_EXIT_STAIRWELL,x_R36_EXIT_D,0.005159311925908184
170,251,x_R25_EXIT_STAIRWELL,x_R36_EXIT_STAIRWELL,0.0016378768018756142
171,171,x_R28_EXIT_A,x_R28_EXIT_A,-0.7967133003411625
171,172,x_R28_EXIT_A,x_R28_EXIT_B,1.676225719299965
171,173,x_R28_EXIT_A,x_R28_EXIT_C,1.676225719299965
171,174,x_R28_EXIT_A,x_R28_EXIT_D,1.676225719299965
171,175,x_R28_EXIT_A,x_R28_EXIT_E,1.6759390908596368
171,176,x_R28_EXIT_A,x_R28_EXIT_F,1.6759390908596368
171,177,x_R28_EXIT_A,x_R28_EXIT_G,1.6743257822097892
171,178,x_R28_EXIT_A,x_R28_EXIT_H,1.676594241580387
171,179,x_R28_EXIT_A,x_R28_EXIT_STAIRWELL,1.6759390908596368
171,180,x_R28_EXIT_A,x_R29_EXIT_A,0.0029727463954042407
171,181,x_R28_EXIT_A,x_R29_EXIT_B,0.0012447863694254667
171,182,x_R28_EXIT_A,x_R29_EXIT_C,0.0012447863694254667
171,183,x_R28_EXIT_A,x_R29_EXIT_D,0.0012447863694254667
171,184,x_R28_EXIT_A,x_R29_EXIT_E,0.0009581579290972342
171,185,x_R28_EXIT_A,x_R29_EXIT_F,0.0009581579290972342
171,186,x_R28_EXIT_A,x_R29_EXIT_G,0.0005896356486752212
171,187,x_R28_EXIT_A,x_R29_EXIT_H,0.0016133086498474802
171,188,x_R28_EXIT_A,x_R29_EXIT_STAIRWELL,0.0009581579290972342
171,189,x_R28_EXIT_A,x_R30_EXIT_A,0.0020882929223914083
171,190,x_R28_EXIT_A,x_R30_EXIT_B,0.00036033289641263514
171,191,x_R28_EXIT_A,x_R30_EXIT_C,0.00036033289641263514
171,192,x_R28_EXIT_A,x_R30_EXIT_D,0.00036033289641263514
171,195,x_R28_EXIT_A,x_R30_EXIT_G,0.0015396041937630776
171,196,x_R28_EXIT_A,x_R30_EXIT_H,0.0007288551768346484
171,198,x_R28_EXIT_A,x_R31_EXIT_A,0.002014588466307006
171,199,x_R28_EXIT_A,x_R31_EXIT_B,0.00028662844032823246
171,204,x_R28_EXIT_A,x_R31_EXIT_G,0.0016133086498474804
171,205,x_R28_EXIT_A,x_R31_EXIT_H,0.0006551507207502458
171,207,x_R28_EXIT_A,x_R32_EXIT_A,0.002014588466307006
171,213,x_R28_EXIT_A,x_R32_EXIT_G,0.0016133086498474804
171,214,x_R28_EXIT_A,x_R32_EXIT_H,0.0006551507207502458
171,216,x_R28_EXIT_A,x_R33_EXIT_A,0.002014588466307006
171,222,x_R28_EXIT_A,x_R33_EXIT_G,0.0016133086498474804
171,223,x_R28_EXIT_A,x_R33_EXIT_H,0.0006551507207502458
171,225,x_R28_EXIT_A,x_R34_EXIT_A,0.002014588466307006
171,231,x_R28_EXIT_A,x_R34_EXIT_G,0.0016133086498474804
171,232,x_R28_EXIT_A,x_R34_EXIT_H,0.0006551507207502458
171,234,x_R28_EXIT_A,x_R35_EXIT_A,0.0003275753603751229
171,235,x_R28_EXIT_A,x_R35_EXIT_B,0.0003685222804220132
171,236,x_R28_EXIT_A,x_R35_EXIT_C,0.0003685222804220132
171,237,x_R28_EXIT_A,x_R35_EXIT_D,0.000958157929097234
171,238,x_R28_EXIT_A,x_R35_EXIT_E,0.0016870131059318826
171,239,x_R28_EXIT_A,x_R35_EXIT_F,0.0016870131059318826
171,240,x_R28_EXIT_A,x_R35_EXIT_G,0.0033003217557793637
171,242,x_R28_EXIT_A,x_R35_EXIT_STAIRWELL,0.0016870131059318826
171,243,x_R28_EXIT_A,x_R36_EXIT_A,0.007534233288627827
171,244,x_R28_EXIT_A,x_R36_EXIT_B,0.004053745084642144
171,245,x_R28_EXIT_A,x_R36_EXIT_C,0.0005323099606095746
171,246,x_R28_EXIT_A,x_R36_EXIT_D,0.0005323099606095746
171,247,x_R28_EXIT_A,x_R36_EXIT_E,0.0009008322410315877
171,248,x_R28_EXIT_A,x_R36_EXIT_F,0.0009008322410315877
171,249,x_R28_EXIT_A,x_R36_EXIT_G,0.00896737549026899
171,250,x_R28_EXIT_A,x_R36_EXIT_H,0.0007370445608440263
171,251,x_R28_EXIT_A,x_R36_EXIT_STAIRWELL,0.0009008322410315877
172,172,x_R28_EXIT_B,x_R28_EXIT_B,-0.7994091960845121
172,173,x_R28_EXIT_B,x_R28_EXIT_C,1.6769955213968466
172,174,x_R28_EXIT_B,x_R28_EXIT_D,1.6764058857481714
172,175,x_R28_EXIT_B,x_R28_EXIT_E,1.6759390908596368
172,176,x_R28_EXIT_B,x_R28_EXIT_F,1.6759390908596368
172,177,x_R28_EXIT_B,x_R28_EXIT_G,1.6743257822097892
172,178,x_R28_EXIT_B,x_R28_EXIT_H,1.676225719299965
172,179,x_R28_EXIT_B,x_R28_EXIT_STAIRWELL,1.6759390908596368
172,180,x_R28_EXIT_B,x_R29_EXIT_A,0.0012447863694254667
172,181,x_R28_EXIT_B,x_R29_EXIT_B,0.0034313518999294114
172,182,x_R28_EXIT_B,x_R29_EXIT_C,0.0020145884663070055
172,183,x_R28_EXIT_B,x_R29_EXIT_D,0.0014249528176317845
172,184,x_R28_EXIT_B,x_R29_EXIT_E,0.0009581579290972342
172,185,x_R28_EXIT_B,x_R29_EXIT_F,0.0009581579290972342
172,186,x_R28_EXIT_B,x_R29_EXIT_G,0.0005896356486752212
172,187,x_R28_EXIT_B,x_R29_EXIT_H,0.0012447863694254667
172,188,x_R28_EXIT_B,x_R29_EXIT_STAIRWELL,0.0009581579290972342
172,189,x_R28_EXIT_B,x_R30_EXIT_A,0.00036033289641263514
172,190,x_R28_EXIT_B,x_R30_EXIT_B,0.00254689842691658
172,191,x_R28_EXIT_B,x_R30_EXIT_C,0.001130134993294174
172,192,x_R28_EXIT_B,x_R30_EXIT_D,0.0005404993446189528
172,195,x_R28_EXIT_B,x_R30_EXIT_G,0.0015396041937630776
172,196,x_R28_EXIT_B,x_R30_EXIT_H,0.00036033289641263514
172,198,x_R28_EXIT_B,x_R31_EXIT_A,0.00028662844032823246
172,199,x_R28_EXIT_B,x_R31_EXIT_B,0.002473193970832177
172,204,x_R28_EXIT_B,x_R31_EXIT_G,0.0016133086498474804
172,205,x_R28_EXIT_B,x_R31_EXIT_H,0.00028662844032823246
172,207,x_R28_EXIT_B,x_R32_EXIT_A,0.00028662844032823246
172,208,x_R28_EXIT_B,x_R32_EXIT_B,0.0020063990822976273
172,213,x_R28_EXIT_B,x_R32_EXIT_G,0.0016133086498474804
172,214,x_R28_EXIT_B,x_R32_EXIT_H,0.00028662844032823246
172,216,x_R28_EXIT_B,x_R33_EXIT_A,0.00028662844032823246
172,217,x_R28_EXIT_B,x_R33_EXIT_B,0.0020063990822976273
172,222,x_R28_EXIT_B,x_R33_EXIT_G,0.0016133086498474804
172,223,x_R28_EXIT_B,x_R33_EXIT_H,0.00028662844032823246
172,225,x_R28_EXIT_B,x_R34_EXIT_A,0.00028662844032823246
172,226,x_R28_EXIT_B,x_R34_EXIT_B,0.0020063990822976273
172,231,x_R28_EXIT_B,x_R34_EXIT_G,0.0016133086498474804
172,232,x_R28_EXIT_B,x_R34_EXIT_H,0.00028662844032823246
172,235,x_R28_EXIT_B,x_R35_EXIT_B,0.00032757536037512284
172,238,x_R28_EXIT_B,x_R35_EXIT_E,0.00028662844032823246
172,239,x_R28_EXIT_B,x_R35_EXIT_F,0.00028662844032823246
172,240,x_R28_EXIT_B,x_R35_EXIT_G,0.001899937090175713
172,242,x_R28_EXIT_B,x_R35_EXIT_STAIRWELL,0.00028662844032823246
172,244,x_R28_EXIT_B,x_R36_EXIT_B,0.001637876801875614
172,245,x_R28_EXIT_B,x_R36_EXIT_C,0.004381320445017267
172,246,x_R28_EXIT_B,x_R36_EXIT_D,0.0014331422016411624
172,247,x_R28_EXIT_B,x_R36_EXIT_E,0.0009008322410315877
172,248,x_R28_EXIT_B,x_R36_EXIT_F,0.0009008322410315877
172,249,x_R28_EXIT_B,x_R36_EXIT_G,0.00896737549026899
172,251,x_R28_EXIT_B,x_R36_EXIT_STAIRWELL,0.0009008322410315877
173,173,x_R28_EXIT_C,x_R28_EXIT_C,-0.7955049123699894
173,174,x_R28_EXIT_C,x_R28_EXIT_D,1.6764058857481714
173,175,x_R28_EXIT_C,x_R28_EXIT_E,1.6759390908596368
173,176,x_R28_EXIT_C,x_R28_EXIT_F,1.6759390908596368
173,177,x_R28_EXIT_C,x_R28_EXIT_G,1.6743257822097892
173,178,x_R28_EXIT_C,x_R28_EXIT_H,1.676225719299965
173,179,x_R28_EXIT_C,x_R28_EXIT_STAIRWELL,1.6759390908596368
173,180,x_R28_EXIT_C,x_R29_EXIT_A,0.0012447863694254667
173,181,x_R28_EXIT_C,x_R29_EXIT_B,0.0020145884663070055
173,182,x_R28_EXIT_C,x_R29_EXIT_C,0.003717980340257644
173,183,x_R28_EXIT_C,x_R29_EXIT_D,0.0014249528176317845
173,184,x_R28_EXIT_C,x_R29_EXIT_E,0.0009581579290972342
173,185,x_R28_EXIT_C,x_R29_EXIT_F,0.0009581579290972342
173,186,x_R28_EXIT_C,x_R29_EXIT_G,0.0005896356486752212
173,187,x_R28_EXIT_C,x_R29_EXIT_H,0.0012447863694254667
173,188,x_R28_EXIT_C,x_R29_EXIT_STAIRWELL,0.0009581579290972342
173,189,x_R28_EXIT_C,x_R30_EXIT_A,0.00036033289641263514
173,190,x_R28_EXIT_C,x_R30_EXIT_B,0.001130134993294174
173,191,x_R28_EXIT_C,x_R30_EXIT_C,0.0028335268672448127
173,192,x_R28_EXIT_C,x_R30_EXIT_D,0.0005404993446189528
173,195,x_R28_EXIT_C,x_R30_EXIT_G,0.0015396041937630776
173,196,x_R28_EXIT_C,x_R30_EXIT_H,0.00036033289641263514
173,198,x_R28_EXIT_C,x_R31_EXIT_A,0.00028662844032823246
173,199,x_R28_EXIT_C,x_R31_EXIT_B,0.0010564305372097714
173,200,x_R28_EXIT_C,x_R31_EXIT_C,0.0005077418085814403
173,204,x_R28_EXIT_C,x_R31_EXIT_G,0.0016133086498474804
173,205,x_R28_EXIT_C,x_R31_EXIT_H,0.00028662844032823246
173,207,x_R28_EXIT_C,x_R32_EXIT_A,0.00028662844032823246
173,208,x_R28_EXIT_C,x_R32_EXIT_B,0.0005896356486752212
173,209,x_R28_EXIT_C,x_R32_EXIT_C,0.0005077418085814403
173,213,x_R28_EXIT_C,x_R32_EXIT_G,0.0016133086498474804
173,214,x_R28_EXIT_C,x_R32_EXIT_H,0.00028662844032823246
173,216,x_R28_EXIT_C,x_R33_EXIT_A,0.00028662844032823246
173,217,x_R28_EXIT_C,x_R33_EXIT_B,0.0005896356486752212
173,218,x_R28_EXIT_C,x_R33_EXIT_C,0.0005077418085814403
173,222,x_R28_EXIT_C,x_R33_EXIT_G,0.0016133086498474804
173,223,x_R28_EXIT_C,x_R33_EXIT_H,0.00028662844032823246
173,225,x_R28_EXIT_C,x_R34_EXIT_A,0.00028662844032823246
173,226,x_R28_EXIT_C,x_R34_EXIT_B,0.0005896356486752212
173,227,x_R28_EXIT_C,x_R34_EXIT_C,0.0005077418085814403
173,231,x_R28_EXIT_C,x_R34_EXIT_G,0.0016133086498474804
173,232,x_R28_EXIT_C,x_R34_EXIT_H,0.00028662844032823246
173,236,x_R28_EXIT_C,x_R35_EXIT_C,0.00032757536037512284
173,238,x_R28_EXIT_C,x_R35_EXIT_E,0.00028662844032823246
173,239,x_R28_EXIT_C,x_R35_EXIT_F,0.00028662844032823246
173,240,x_R28_EXIT_C,x_R35_EXIT_G,0.001899937090175713
173,242,x_R28_EXIT_C,x_R35_EXIT_STAIRWELL,0.00028662844032823246
173,245,x_R28_EXIT_C,x_R36_EXIT_C,0.012898279814770462
173,246,x_R28_EXIT_C,x_R36_EXIT_D,0.0014331422016411624
173,247,x_R28_EXIT_C,x_R36_EXIT_E,0.0009008322410315877
173,248,x_R28_EXIT_C,x_R36_EXIT_F,0.0009008322410315877
173,249,x_R28_EXIT_C,x_R36_EXIT_G,0.00896737549026899
173,251,x_R28_EXIT_C,x_R36_EXIT_STAIRWELL,0.0009008322410315877
174,174,x_R28_EXIT_D,x_R28_EXIT_D,-0.8002078879403214
174,175,x_R28_EXIT_D,x_R28_EXIT_E,1.6759390908596368
174,176,x_R28_EXIT_D,x_R28_EXIT_F,1.6759390908596368
174,177,x_R28_EXIT_D,x_R28_EXIT_G,1.6743257822097892
174,178,x_R28_EXIT_D,x_R28_EXIT_H,1.676225719299965
174,179,x_R28_EXIT_D,x_R28_EXIT_STAIRWELL,1.6759390908596368
174,180,x_R28_EXIT_D,x_R29_EXIT_A,0.0012447863694254667
174,181,x_R28_EXIT_D,x_R29_EXIT_B,0.0014249528176317845
174,182,x_R28_EXIT_D,x_R29_EXIT_C,0.0014249528176317845
174,183,x_R28_EXIT_D,x_R29_EXIT_D,0.002669739187057251
174,184,x_R28_EXIT_D,x_R29_EXIT_E,0.0009581579290972342
174,185,x_R28_EXIT_D,x_R29_EXIT_F,0.0009581579290972342
174,186,x_R28_EXIT_D,x_R29_EXIT_G,0.0005896356486752212
174,187,x_R28_EXIT_D,x_R29_EXIT_H,0.0012447863694254667
174,188,x_R28_EXIT_D,x_R29_EXIT_STAIRWELL,0.0009581579290972342
174,189,x_R28_EXIT_D,x_R30_EXIT_A,0.00036033289641263514
174,190,x_R28_EXIT_D,x_R30_EXIT_B,0.0005404993446189528
174,191,x_R28_EXIT_D,x_R30_EXIT_C,0.0005404993446189528
174,192,x_R28_EXIT_D,x_R30_EXIT_D,0.0017852857140444197
174,195,x_R28_EXIT_D,x_R30_EXIT_G,0.0015396041937630776
174,196,x_R28_EXIT_D,x_R30_EXIT_H,0.00036033289641263514
174,198,x_R28_EXIT_D,x_R31_EXIT_A,0.00028662844032823246
174,199,x_R28_EXIT_D,x_R31_EXIT_B,0.00046679488853455006
174,200,x_R28_EXIT_D,x_R31_EXIT_C,0.0004422267365064159
174,201,x_R28_EXIT_D,x_R31_EXIT_D,0.0010646199212191495
174,204,x_R28_EXIT_D,x_R31_EXIT_G,0.0016133086498474804
174,205,x_R28_EXIT_D,x_R31_EXIT_H,0.00028662844032823246
174,207,x_R28_EXIT_D,x_R32_EXIT_A,0.00028662844032823246
174,208,x_R28_EXIT_D,x_R32_EXIT_B,0.00010646199212191493
174,209,x_R28_EXIT_D,x_R32_EXIT_C,0.0004422267365064159
174,210,x_R28_EXIT_D,x_R32_EXIT_D,0.0010646199212191495
174,213,x_R28_EXIT_D,x_R32_EXIT_G,0.0016133086498474804
174,214,x_R28_EXIT_D,x_R32_EXIT_H,0.00028662844032823246
174,216,x_R28_EXIT_D,x_R33_EXIT_A,0.00028662844032823246
174,217,x_R28_EXIT_D,x_R33_EXIT_B,0.00010646199212191493
174,218,x_R28_EXIT_D,x_R33_EXIT_C,0.0004422267365064159
174,219,x_R28_EXIT_D,x_R33_EXIT_D,0.0010646199212191495
174,222,x_R28_EXIT_D,x_R33_EXIT_G,0.0016133086498474804
174,223,x_R28_EXIT_D,x_R33_EXIT_H,0.00028662844032823246
174,225,x_R28_EXIT_D,x_R34_EXIT_A,0.00028662844032823246
174,226,x_R28_EXIT_D,x_R34_EXIT_B,0.00010646199212191493
174,227,x_R28_EXIT_D,x_R34_EXIT_C,0.0004422267365064159
174,228,x_R28_EXIT_D,x_R34_EXIT_D,0.0010646199212191495
174,231,x_R28_EXIT_D,x_R34_EXIT_G,0.0016133086498474804
174,232,x_R28_EXIT_D,x_R34_EXIT_H,0.00028662844032823246
174,237,x_R28_EXIT_D,x_R35_EXIT_D,0.0006223931847127334
174,238,x_R28_EXIT_D,x_R35_EXIT_E,0.00028662844032823246
174,239,x_R28_EXIT_D,x_R35_EXIT_F,0.00028662844032823246
174,240,x_R28_EXIT_D,x_R35_EXIT_G,0.001899937090175713
174,242,x_R28_EXIT_D,x_R35_EXIT_STAIRWELL,0.00028662844032823246
174,245,x_R28_EXIT_D,x_R36_EXIT_C,0.0014331422016411624
174,246,x_R28_EXIT_D,x_R36_EXIT_D,0.007657074048768494
174,247,x_R28_EXIT_D,x_R36_EXIT_E,0.0009008322410315877
174,248,x_R28_EXIT_D,x_R36_EXIT_F,0.0009008322410315877
174,249,x_R28_EXIT_D,x_R36_EXIT_G,0.00896737549026899
174,251,x_R28_EXIT_D,x_R36_EXIT_STAIRWELL,0.0009008322410315877
175,175,x_R28_EXIT_E,x_R28_EXIT_E,-0.808377242095569
175,176,x_R28_EXIT_E,x_R28_EXIT_F,1.6762339086839744
175,177,x_R28_EXIT_E,x_R28_EXIT_G,1.6743257822097892
175,178,x_R28_EXIT_E,x_R28_EXIT_H,1.6759390908596368
175,179,x_R28_EXIT_E,x_R28_EXIT_STAIRWELL,1.6760864997718057
175,180,x_R28_EXIT_E,x_R29_EXIT_A,0.0009581579290972342
175,181,x_R28_EXIT_E,x_R29_EXIT_B,0.0009581579290972342
175,182,x_R28_EXIT_E,x_R29_EXIT_C,0.0009581579290972342
175,183,x_R28_EXIT_E,x_R29_EXIT_D,0.0009581579290972342
175,184,x_R28_EXIT_E,x_R29_EXIT_E,0.0030464508514886426
175,185,x_R28_EXIT_E,x_R29_EXIT_F,0.0012529757534348448
175,186,x_R28_EXIT_E,x_R29_EXIT_G,0.0005896356486752212
175,187,x_R28_EXIT_E,x_R29_EXIT_H,0.0009581579290972342
175,188,x_R28_EXIT_E,x_R29_EXIT_STAIRWELL,0.0011055668412660394
175,193,x_R28_EXIT_E,x_R30_EXIT_E,0.0021619973784758107
175,194,x_R28_EXIT_E,x_R30_EXIT_F,0.0003685222804220132
175,195,x_R28_EXIT_E,x_R30_EXIT_G,0.0015396041937630776
175,197,x_R28_EXIT_E,x_R30_EXIT_STAIRWELL,0.00022111336825320795
175,202,x_R28_EXIT_E,x_R31_EXIT_E,0.0020145884663070055
175,204,x_R28_EXIT_E,x_R31_EXIT_G,0.001687013105931883
175,207,x_R28_EXIT_E,x_R32_EXIT_A,0.0002948178243376106
175,208,x_R28_EXIT_E,x_R32_EXIT_B,0.0001474089121688053
175,211,x_R28_EXIT_E,x_R32_EXIT_E,0.0015723617298005895
175,213,x_R28_EXIT_E,x_R32_EXIT_G,0.0019081264741850907
175,214,x_R28_EXIT_E,x_R32_EXIT_H,0.0002948178243376106
175,216,x_R28_EXIT_E,x_R33_EXIT_A,0.0013266802095192477
175,217,x_R28_EXIT_E,x_R33_EXIT_B,0.0009581579290972342
175,218,x_R28_EXIT_E,x_R33_EXIT_C,0.0008844534730128318
175,219,x_R28_EXIT_E,x_R33_EXIT_D,0.0008844534730128318
175,220,x_R28_EXIT_E,x_R33_EXIT_E,0.0006960976407971362
175,221,x_R28_EXIT_E,x_R33_EXIT_F,0.001031862385181637
175,222,x_R28_EXIT_E,x_R33_EXIT_G,0.002939988859366728
175,223,x_R28_EXIT_E,x_R33_EXIT_H,0.0013266802095192477
175,224,x_R28_EXIT_E,x_R33_EXIT_STAIRWELL,0.0011055668412660396
175,225,x_R28_EXIT_E,x_R34_EXIT_A,0.0007370445608440266
175,226,x_R28_EXIT_E,x_R34_EXIT_B,0.0003685222804220132
175,227,x_R28_EXIT_E,x_R34_EXIT_C,0.0002948178243376106
175,228,x_R28_EXIT_E,x_R34_EXIT_D,0.0002948178243376106
175,229,x_R28_EXIT_E,x_R34_EXIT_E,0.00010646199212191492
175,230,x_R28_EXIT_E,x_R34_EXIT_F,0.0004422267365064159
175,231,x_R28_EXIT_E,x_R34_EXIT_G,0.002350353210691507
175,232,x_R28_EXIT_E,x_R34_EXIT_H,0.0007370445608440266
175,233,x_R28_EXIT_E,x_R34_EXIT_STAIRWELL,0.0005159311925908185
175,238,x_R28_EXIT_E,x_R35_EXIT_E,0.0020882929223914083
175,239,x_R28_EXIT_E,x_R35_EXIT_F,0.0002948178243376106
175,240,x_R28_EXIT_E,x_R35_EXIT_G,0.0016133086498474804
175,242,x_R28_EXIT_E,x_R35_EXIT_STAIRWELL,0.0001474089121688053
175,247,x_R28_EXIT_E,x_R36_EXIT_E,0.010441464611957038
175,248,x_R28_EXIT_E,x_R36_EXIT_F,0.0014740891216880527
175,249,x_R28_EXIT_E,x_R36_EXIT_G,0.008066543249237402
175,251,x_R28_EXIT_E,x_R36_EXIT_STAIRWELL,0.0007370445608440263
176,176,x_R28_EXIT_F,x_R28_EXIT_F,-0.8162142454537523
176,177,x_R28_EXIT_F,x_R28_EXIT_G,1.6743257822097892
176,178,x_R28_EXIT_F,x_R28_EXIT_H,1.6759390908596368
176,179,x_R28_EXIT_F,x_R28_EXIT_STAIRWELL,1.6760864997718057
176,180,x_R28_EXIT_F,x_R29_EXIT_A,0.0009581579290972342
176,181,x_R28_EXIT_F,x_R29_EXIT_B,0.0009581579290972342
176,182,x_R28_EXIT_F,x_R29_EXIT_C,0.0009581579290972342
176,183,x_R28_EXIT_F,x_R29_EXIT_D,0.0009581579290972342
176,184,x_R28_EXIT_F,x_R29_EXIT_E,0.0012529757534348448
176,185,x_R28_EXIT_F,x_R29_EXIT_F,0.0015805511138099677
176,186,x_R28_EXIT_F,x_R29_EXIT_G,0.0005896356486752212
176,187,x_R28_EXIT_F,x_R29_EXIT_H,0.0009581579290972342
176,188,x_R28_EXIT_F,x_R29_EXIT_STAIRWELL,0.0011055668412660394
176,193,x_R28_EXIT_F,x_R30_EXIT_E,0.0003685222804220132
176,194,x_R28_EXIT_F,x_R30_EXIT_F,0.0006960976407971362
176,195,x_R28_EXIT_F,x_R30_EXIT_G,0.0015396041937630776
176,197,x_R28_EXIT_F,x_R30_EXIT_STAIRWELL,0.00022111336825320795
176,202,x_R28_EXIT_F,x_R31_EXIT_E,0.00022111336825320795
176,203,x_R28_EXIT_F,x_R31_EXIT_F,0.00010646199212191492
176,204,x_R28_EXIT_F,x_R31_EXIT_G,0.001687013105931883
176,207,x_R28_EXIT_F,x_R32_EXIT_A,0.0005159311925908185
176,212,x_R28_EXIT_F,x_R32_EXIT_F,0.00010646199212191492
176,213,x_R28_EXIT_F,x_R32_EXIT_G,0.002129239842438299
176,214,x_R28_EXIT_F,x_R32_EXIT_H,0.0005159311925908185
176,215,x_R28_EXIT_F,x_R32_EXIT_STAIRWELL,0.0002948178243376106
176,216,x_R28_EXIT_F,x_R33_EXIT_A,0.0002948178243376106
176,221,x_R28_EXIT_F,x_R33_EXIT_F,0.0003275753603751229
176,222,x_R28_EXIT_F,x_R33_EXIT_G,0.0019081264741850907
176,223,x_R28_EXIT_F,x_R33_EXIT_H,0.0002948178243376106
176,225,x_R28_EXIT_F,x_R34_EXIT_A,0.0002948178243376106
176,230,x_R28_EXIT_F,x_R34_EXIT_F,0.0003275753603751229
176,231,x_R28_EXIT_F,x_R34_EXIT_G,0.0019081264741850907
176,232,x_R28_EXIT_F,x_R34_EXIT_H,0.0002948178243376106
176,238,x_R28_EXIT_F,x_R35_EXIT_E,0.0002948178243376106
176,239,x_R28_EXIT_F,x_R35_EXIT_F,0.0006223931847127334
176,240,x_R28_EXIT_F,x_R35_EXIT_G,0.0016133086498474804
176,242,x_R28_EXIT_F,x_R35_EXIT_STAIRWELL,0.0001474089121688053
176,247,x_R28_EXIT_F,x_R36_EXIT_E,0.0014740891216880527
176,248,x_R28_EXIT_F,x_R36_EXIT_F,0.003111965923563667
176,249,x_R28_EXIT_F,x_R36_EXIT_G,0.008066543249237402
176,251,x_R28_EXIT_F,x_R36_EXIT_STAIRWELL,0.0007370445608440263
177,177,x_R28_EXIT_G,x_R28_EXIT_G,-0.8319048578530325
177,178,x_R28_EXIT_G,x_R28_EXIT_H,1.6743257822097892
177,179,x_R28_EXIT_G,x_R28_EXIT_STAIRWELL,1.6743257822097892
177,186,x_R28_EXIT_G,x_R29_EXIT_G,0.00010646199212191492
177,195,x_R28_EXIT_G,x_R30_EXIT_G,0.00010646199212191492
177,204,x_R28_EXIT_G,x_R31_EXIT_G,0.00010646199212191492
177,213,x_R28_EXIT_G,x_R32_EXIT_G,0.00010646199212191492
177,222,x_R28_EXIT_G,x_R33_EXIT_G,0.00010646199212191492
177,231,x_R28_EXIT_G,x_R34_EXIT_G,0.00010646199212191492
177,240,x_R28_EXIT_G,x_R35_EXIT_G,0.00010646199212191492
177,249,x_R28_EXIT_G,x_R36_EXIT_G,0.0005323099606095746
178,178,x_R28_EXIT_H,x_R28_EXIT_H,-0.8054026803810057
178,179,x_R28_EXIT_H,x_R28_EXIT_STAIRWELL,1.6759390908596368
178,180,x_R28_EXIT_H,x_R29_EXIT_A,0.0016133086498474802
178,181,x_R28_EXIT_H,x_R29_EXIT_B,0.0012447863694254667
178,182,x_R28_EXIT_H,x_R29_EXIT_C,0.0012447863694254667
178,183,x_R28_EXIT_H,x_R29_EXIT_D,0.0012447863694254667
178,184,x_R28_EXIT_H,x_R29_EXIT_E,0.0009581579290972342
178,185,x_R28_EXIT_H,x_R29_EXIT_F,0.0009581579290972342
178,186,x_R28_EXIT_H,x_R29_EXIT_G,0.0005896356486752212
178,187,x_R28_EXIT_H,x_R29_EXIT_H,0.0023094062906446164
178,188,x_R28_EXIT_H,x_R29_EXIT_STAIRWELL,0.0009581579290972342
178,189,x_R28_EXIT_H,x_R30_EXIT_A,0.0007288551768346484
178,190,x_R28_EXIT_H,x_R30_EXIT_B,0.00036033289641263514
178,191,x_R28_EXIT_H,x_R30_EXIT_C,0.00036033289641263514
178,192,x_R28_EXIT_H,x_R30_EXIT_D,0.00036033289641263514
178,195,x_R28_EXIT_H,x_R30_EXIT_G,0.0015396041937630776
178,196,x_R28_EXIT_H,x_R30_EXIT_H,0.0014249528176317845
178,198,x_R28_EXIT_H,x_R31_EXIT_A,0.0006551507207502458
178,199,x_R28_EXIT_H,x_R31_EXIT_B,0.00028662844032823246
178,204,x_R28_EXIT_H,x_R31_EXIT_G,0.0016133086498474804
178,205,x_R28_EXIT_H,x_R31_EXIT_H,0.0013512483615473816
178,207,x_R28_EXIT_H,x_R32_EXIT_A,0.0006551507207502458
178,213,x_R28_EXIT_H,x_R32_EXIT_G,0.0016133086498474804
178,214,x_R28_EXIT_H,x_R32_EXIT_H,0.0013512483615473816
178,216,x_R28_EXIT_H,x_R33_EXIT_A,0.0006551507207502458
178,222,x_R28_EXIT_H,x_R33_EXIT_G,0.0016133086498474804
178,223,x_R28_EXIT_H,x_R33_EXIT_H,0.0013512483615473816
178,225,x_R28_EXIT_H,x_R34_EXIT_A,0.0006551507207502458
178,231,x_R28_EXIT_H,x_R34_EXIT_G,0.0016133086498474804
178,232,x_R28_EXIT_H,x_R34_EXIT_H,0.0013512483615473816
178,238,x_R28_EXIT_H,x_R35_EXIT_E,0.0006551507207502458
178,239,x_R28_EXIT_H,x_R35_EXIT_F,0.0006551507207502458
178,240,x_R28_EXIT_H,x_R35_EXIT_G,0.002268459370597726
178,241,x_R28_EXIT_H,x_R35_EXIT_H,0.00032757536037512284
178,242,x_R28_EXIT_H,x_R35_EXIT_STAIRWELL,0.0006551507207502458
178,243,x_R28_EXIT_H,x_R36_EXIT_A,0.0007370445608440263
178,244,x_R28_EXIT_H,x_R36_EXIT_B,0.0007370445608440263
178,245,x_R28_EXIT_H,x_R36_EXIT_C,0.0005323099606095746
178,246,x_R28_EXIT_H,x_R36_EXIT_D,0.0005323099606095746
178,247,x_R28_EXIT_H,x_R36_EXIT_E,0.0009008322410315877
178,248,x_R28_EXIT_H,x_R36_EXIT_F,0.0009008322410315877
178,249,x_R28_EXIT_H,x_R36_EXIT_G,0.00896737549026899
178,250,x_R28_EXIT_H,x_R36_EXIT_H,0.004217532764829706
178,251,x_R28_EXIT_H,x_R36_EXIT_STAIRWELL,0.0009008322410315877
179,179,x_R28_EXIT_STAIRWELL,x_R28_EXIT_STAIRWELL,-0.819159917409388
179,180,x_R28_EXIT_STAIRWELL,x_R29_EXIT_A,0.0009581579290972342
179,181,x_R28_EXIT_STAIRWELL,x_R29_EXIT_B,0.0009581579290972342
179,182,x_R28_EXIT_STAIRWELL,x_R29_EXIT_C,0.0009581579290972342
179,183,x_R28_EXIT_STAIRWELL,x_R29_EXIT_D,0.0009581579290972342
179,184,x_R28_EXIT_STAIRWELL,x_R29_EXIT_E,0.0011055668412660394
179,185,x_R28_EXIT_STAIRWELL,x_R29_EXIT_F,0.0011055668412660394
179,186,x_R28_EXIT_STAIRWELL,x_R29_EXIT_G,0.0005896356486752212
179,187,x_R28_EXIT_STAIRWELL,x_R29_EXIT_H,0.0009581579290972342
179,188,x_R28_EXIT_STAIRWELL,x_R29_EXIT_STAIRWELL,0.0015396041937630774
179,193,x_R28_EXIT_STAIRWELL,x_R30_EXIT_E,0.00022111336825320795
179,194,x_R28_EXIT_STAIRWELL,x_R30_EXIT_F,0.00022111336825320795
179,195,x_R28_EXIT_STAIRWELL,x_R30_EXIT_G,0.0015396041937630776
179,197,x_R28_EXIT_STAIRWELL,x_R30_EXIT_STAIRWELL,0.0006551507207502458
179,200,x_R28_EXIT_STAIRWELL,x_R31_EXIT_C,0.00018016644820631757
179,201,x_R28_EXIT_STAIRWELL,x_R31_EXIT_D,0.00018016644820631757
179,204,x_R28_EXIT_STAIRWELL,x_R31_EXIT_G,0.001687013105931883
179,206,x_R28_EXIT_STAIRWELL,x_R31_EXIT_STAIRWELL,0.0005077418085814404
179,207,x_R28_EXIT_STAIRWELL,x_R32_EXIT_A,0.0001474089121688053
179,213,x_R28_EXIT_STAIRWELL,x_R32_EXIT_G,0.0017607175620162857
179,214,x_R28_EXIT_STAIRWELL,x_R32_EXIT_H,0.0001474089121688053
179,215,x_R28_EXIT_STAIRWELL,x_R32_EXIT_STAIRWELL,0.0003275753603751229
179,216,x_R28_EXIT_STAIRWELL,x_R33_EXIT_A,0.0001474089121688053
179,222,x_R28_EXIT_STAIRWELL,x_R33_EXIT_G,0.0017607175620162857
179,223,x_R28_EXIT_STAIRWELL,x_R33_EXIT_H,0.0001474089121688053
179,224,x_R28_EXIT_STAIRWELL,x_R33_EXIT_STAIRWELL,0.0003275753603751229
179,225,x_R28_EXIT_STAIRWELL,x_R34_EXIT_A,0.0001474089121688053
179,231,x_R28_EXIT_STAIRWELL,x_R34_EXIT_G,0.0017607175620162857
179,232,x_R28_EXIT_STAIRWELL,x_R34_EXIT_H,0.0001474089121688053
179,233,x_R28_EXIT_STAIRWELL,x_R34_EXIT_STAIRWELL,0.0003275753603751229
179,238,x_R28_EXIT_STAIRWELL,x_R35_EXIT_E,0.0001474089121688053
179,239,x_R28_EXIT_STAIRWELL,x_R35_EXIT_F,0.0001474089121688053
179,240,x_R28_EXIT_STAIRWELL,x_R35_EXIT_G,0.0016133086498474804
179,242,x_R28_EXIT_STAIRWELL,x_R35_EXIT_STAIRWELL,0.0005814462646658431
179,247,x_R28_EXIT_STAIRWELL,x_R36_EXIT_E,0.0007370445608440263
179,248,x_R28_EXIT_STAIRWELL,x_R36_EXIT_F,0.0007370445608440263
179,249,x_R28_EXIT_STAIRWELL,x_R36_EXIT_G,0.008066543249237402
179,251,x_R28_EXIT_STAIRWELL,x_R36_EXIT_STAIRWELL,0.0029072313233292147
180,180,x_R29_EXIT_A,x_R29_EXIT_A,-0.8021413767686667
180,181,x_R29_EXIT_A,x_R29_EXIT_B,1.6749809329305396
180,182,x_R29_EXIT_A,x_R29_EXIT_C,1.6749809329305396
180,183,x_R29_EXIT_A,x_R29_EXIT_D,1.6749809329305396
180,184,x_R29_EXIT_A,x_R29_EXIT_E,1.6746943044902114
180,185,x_R29_EXIT_A,x_R29_EXIT_F,1.6746943044902114
180,186,x_R29_EXIT_A,x_R29_EXIT_G,1.673717720447093
180,187,x_R29_EXIT_A,x_R29_EXIT_H,1.6753494552109616
180,188,x_R29_EXIT_A,x_R29_EXIT_STAIRWELL,1.6746943044902114
180,189,x_R29_EXIT_A,x_R30_EXIT_A,0.0020882929223914083
180,190,x_R29_EXIT_A,x_R30_EXIT_B,0.00036033289641263514
180,191,x_R29_EXIT_A,x_R30_EXIT_C,0.00036033289641263514
180,192,x_R29_EXIT_A,x_R30_EXIT_D,0.00036033289641263514
180,195,x_R29_EXIT_A,x_R30_EXIT_G,0.0008844534730128316
180,196,x_R29_EXIT_A,x_R30_EXIT_H,0.0007288551768346484
180,198,x_R29_EXIT_A,x_R31_EXIT_A,0.002014588466307006
180,199,x_R29_EXIT_A,x_R31_EXIT_B,0.00028662844032823246
180,204,x_R29_EXIT_A,x_R31_EXIT_G,0.0009581579290972342
180,205,x_R29_EXIT_A,x_R31_EXIT_H,0.0006551507207502458
180,207,x_R29_EXIT_A,x_R32_EXIT_A,0.002014588466307006
180,213,x_R29_EXIT_A,x_R32_EXIT_G,0.0009581579290972342
180,214,x_R29_EXIT_A,x_R32_EXIT_H,0.0006551507207502458
180,216,x_R29_EXIT_A,x_R33_EXIT_A,0.002014588466307006
180,222,x_R29_EXIT_A,x_R33_EXIT_G,0.0009581579290972342
180,223,x_R29_EXIT_A,x_R33_EXIT_H,0.0006551507207502458
180,225,x_R29_EXIT_A,x_R34_EXIT_A,0.002014588466307006
180,231,x_R29_EXIT_A,x_R34_EXIT_G,0.0009581579290972342
180,232,x_R29_EXIT_A,x_R34_EXIT_H,0.0006551507207502458
180,234,x_R29_EXIT_A,x_R35_EXIT_A,0.0003275753603751229
180,235,x_R29_EXIT_A,x_R35_EXIT_B,0.0003685222804220132
180,236,x_R29_EXIT_A,x_R35_EXIT_C,0.0003685222804220132
180,237,x_R29_EXIT_A,x_R35_EXIT_D,0.000958157929097234
180,238,x_R29_EXIT_A,x_R35_EXIT_E,0.0016870131059318826
180,239,x_R29_EXIT_A,x_R35_EXIT_F,0.0016870131059318826
180,240,x_R29_EXIT_A,x_R35_EXIT_G,0.0026451710350291176
180,242,x_R29_EXIT_A,x_R35_EXIT_STAIRWELL,0.0016870131059318826
180,243,x_R29_EXIT_A,x_R36_EXIT_A,0.007534233288627827
180,244,x_R29_EXIT_A,x_R36_EXIT_B,0.004053745084642144
180,245,x_R29_EXIT_A,x_R36_EXIT_C,0.0005323099606095746
180,246,x_R29_EXIT_A,x_R36_EXIT_D,0.0005323099606095746
180,247,x_R29_EXIT_A,x_R36_EXIT_E,0.0009008322410315877
180,248,x_R29_EXIT_A,x_R36_EXIT_F,0.0009008322410315877
180,249,x_R29_EXIT_A,x_R36_EXIT_G,0.00569162188651776
180,250,x_R29_EXIT_A,x_R36_EXIT_H,0.0007370445608440263
180,251,x_R29_EXIT_A,x_R36_EXIT_STAIRWELL,0.0009008322410315877
181,181,x_R29_EXIT_B,x_R29_EXIT_B,-0.8048372725120163
181,182,x_R29_EXIT_B,x_R29_EXIT_C,1.675750735027421
181,183,x_R29_EXIT_B,x_R29_EXIT_D,1.6751610993787458
181,184,x_R29_EXIT_B,x_R29_EXIT_E,1.6746943044902114
181,185,x_R29_EXIT_B,x_R29_EXIT_F,1.6746943044902114
181,186,x_R29_EXIT_B,x_R29_EXIT_G,1.673717720447093
181,187,x_R29_EXIT_B,x_R29_EXIT_H,1.6749809329305396
181,188,x_R29_EXIT_B,x_R29_EXIT_STAIRWELL,1.6746943044902114
181,189,x_R29_EXIT_B,x_R30_EXIT_A,0.00036033289641263514
181,190,x_R29_EXIT_B,x_R30_EXIT_B,0.00254689842691658
181,191,x_R29_EXIT_B,x_R30_EXIT_C,0.001130134993294174
181,192,x_R29_EXIT_B,x_R30_EXIT_D,0.0005404993446189528
181,195,x_R29_EXIT_B,x_R30_EXIT_G,0.0008844534730128316
181,196,x_R29_EXIT_B,x_R30_EXIT_H,0.00036033289641263514
181,198,x_R29_EXIT_B,x_R31_EXIT_A,0.00028662844032823246
181,199,x_R29_EXIT_B,x_R31_EXIT_B,0.002473193970832177
181,204,x_R29_EXIT_B,x_R31_EXIT_G,0.0009581579290972342
181,205,x_R29_EXIT_B,x_R31_EXIT_H,0.00028662844032823246
181,207,x_R29_EXIT_B,x_R32_EXIT_A,0.00028662844032823246
181,208,x_R29_EXIT_B,x_R32_EXIT_B,0.0020063990822976273
181,213,x_R29_EXIT_B,x_R32_EXIT_G,0.0009581579290972342
181,214,x_R29_EXIT_B,x_R32_EXIT_H,0.00028662844032823246
181,216,x_R29_EXIT_B,x_R33_EXIT_A,0.00028662844032823246
181,217,x_R29_EXIT_B,x_R33_EXIT_B,0.0020063990822976273
181,222,x_R29_EXIT_B,x_R33_EXIT_G,0.0009581579290972342
181,223,x_R29_EXIT_B,x_R33_EXIT_H,0.00028662844032823246
181,225,x_R29_EXIT_B,x_R34_EXIT_A,0.00028662844032823246
181,226,x_R29_EXIT_B,x_R34_EXIT_B,0.0020063990822976273
181,231,x_R29_EXIT_B,x_R34_EXIT_G,0.0009581579290972342
181,232,x_R29_EXIT_B,x_R34_EXIT_H,0.00028662844032823246
181,235,x_R29_EXIT_B,x_R35_EXIT_B,0.00032757536037512284
181,238,x_R29_EXIT_B,x_R35_EXIT_E,0.00028662844032823246
181,239,x_R29_EXIT_B,x_R35_EXIT_F,0.00028662844032823246
181,240,x_R29_EXIT_B,x_R35_EXIT_G,0.0012447863694254667
181,242,x_R29_EXIT_B,x_R35_EXIT_STAIRWELL,0.00028662844032823246
181,244,x_R29_EXIT_B,x_R36_EXIT_B,0.001637876801875614
181,245,x_R29_EXIT_B,x_R36_EXIT_C,0.004381320445017267
181,246,x_R29_EXIT_B,x_R36_EXIT_D,0.0014331422016411624
181,247,x_R29_EXIT_B,x_R36_EXIT_E,0.0009008322410315877
181,248,x_R29_EXIT_B,x_R36_EXIT_F,0.0009008322410315877
181,249,x_R29_EXIT_B,x_R36_EXIT_G,0.00569162188651776
181,251,x_R29_EXIT_B,x_R36_EXIT_STAIRWELL,0.0009008322410315877
182,182,x_R29_EXIT_C,x_R29_EXIT_C,-0.8009329887974936
182,183,x_R29_EXIT_C,x_R29_EXIT_D,1.6751610993787458
182,184,x_R29_EXIT_C,x_R29_EXIT_E,1.6746943044902114
182,185,x_R29_EXIT_C,x_R29_EXIT_F,1.6746943044902114
182,186,x_R29_EXIT_C,x_R29_EXIT_G,1.673717720447093
182,187,x_R29_EXIT_C,x_R29_EXIT_H,1.6749809329305396
182,188,x_R29_EXIT_C,x_R29_EXIT_STAIRWELL,1.6746943044902114
182,189,x_R29_EXIT_C,x_R30_EXIT_A,0.00036033289641263514
182,190,x_R29_EXIT_C,x_R30_EXIT_B,0.001130134993294174
182,191,x_R29_EXIT_C,x_R30_EXIT_C,0.0028335268672448127
182,192,x_R29_EXIT_C,x_R30_EXIT_D,0.0005404993446189528
182,195,x_R29_EXIT_C,x_R30_EXIT_G,0.0008844534730128316
182,196,x_R29_EXIT_C,x_R30_EXIT_H,0.00036033289641263514
182,198,x_R29_EXIT_C,x_R31_EXIT_A,0.00028662844032823246
182,199,x_R29_EXIT_C,x_R31_EXIT_B,0.0010564305372097714
182,200,x_R29_EXIT_C,x_R31_EXIT_C,0.0005077418085814403
182,204,x_R29_EXIT_C,x_R31_EXIT_G,0.0009581579290972342
182,205,x_R29_EXIT_C,x_R31_EXIT_H,0.00028662844032823246
182,207,x_R29_EXIT_C,x_R32_EXIT_A,0.00028662844032823246
182,208,x_R29_EXIT_C,x_R32_EXIT_B,0.0005896356486752212
182,209,x_R29_EXIT_C,x_R32_EXIT_C,0.0005077418085814403
182,213,x_R29_EXIT_C,x_R32_EXIT_G,0.0009581579290972342
182,214,x_R29_EXIT_C,x_R32_EXIT_H,0.00028662844032823246
182,216,x_R29_EXIT_C,x_R33_EXIT_A,0.00028662844032823246
182,217,x_R29_EXIT_C,x_R33_EXIT_B,0.0005896356486752212
182,218,x_R29_EXIT_C,x_R33_EXIT_C,0.0005077418085814403
182,222,x_R29_EXIT_C,x_R33_EXIT_G,0.0009581579290972342
182,223,x_R29_EXIT_C,x_R33_EXIT_H,0.00028662844032823246
182,225,x_R29_EXIT_C,x_R34_EXIT_A,0.00028662844032823246
182,226,x_R29_EXIT_C,x_R34_EXIT_B,0.0005896356486752212
182,227,x_R29_EXIT_C,x_R34_EXIT_C,0.0005077418085814403
182,231,x_R29_EXIT_C,x_R34_EXIT_G,0.0009581579290972342
182,232,x_R29_EXIT_C,x_R34_EXIT_H,0.00028662844032823246
182,236,x_R29_EXIT_C,x_R35_EXIT_C,0.00032757536037512284
182,238,x_R29_EXIT_C,x_R35_EXIT_E,0.00028662844032823246
182,239,x_R29_EXIT_C,x_R35_EXIT_F,0.00028662844032823246
182,240,x_R29_EXIT_C,x_R35_EXIT_G,0.0012447863694254667
182,242,x_R29_EXIT_C,x_R35_EXIT_STAIRWELL,0.00028662844032823246
182,245,x_R29_EXIT_C,x_R36_EXIT_C,0.012898279814770462
182,246,x_R29_EXIT_C,x_R36_EXIT_D,0.0014331422016411624
182,247,x_R29_EXIT_C,x_R36_EXIT_E,0.0009008322410315877
182,248,x_R29_EXIT_C,x_R36_EXIT_F,0.0009008322410315877
182,249,x_R29_EXIT_C,x_R36_EXIT_G,0.00569162188651776
182,251,x_R29_EXIT_C,x_R36_EXIT_STAIRWELL,0.0009008322410315877
183,183,x_R29_EXIT_D,x_R29_EXIT_D,-0.8056359643678256
183,184,x_R29_EXIT_D,x_R29_EXIT_E,1.6746943044902114
183,185,x_R29_EXIT_D,x_R29_EXIT_F,1.6746943044902114
183,186,x_R29_EXIT_D,x_R29_EXIT_G,1.673717720447093
183,187,x_R29_EXIT_D,x_R29_EXIT_H,1.6749809329305396
183,188,x_R29_EXIT_D,x_R29_EXIT_STAIRWELL,1.6746943044902114
183,189,x_R29_EXIT_D,x_R30_EXIT_A,0.00036033289641263514
183,190,x_R29_EXIT_D,x_R30_EXIT_B,0.0005404993446189528
183,191,x_R29_EXIT_D,x_R30_EXIT_C,0.0005404993446189528
183,192,x_R29_EXIT_D,x_R30_EXIT_D,0.0017852857140444197
183,195,x_R29_EXIT_D,x_R30_EXIT_G,0.0008844534730128316
183,196,x_R29_EXIT_D,x_R30_EXIT_H,0.00036033289641263514
183,198,x_R29_EXIT_D,x_R31_EXIT_A,0.00028662844032823246
183,199,x_R29_EXIT_D,x_R31_EXIT_B,0.00046679488853455006
183,200,x_R29_EXIT_D,x_R31_EXIT_C,0.0004422267365064159
183,201,x_R29_EXIT_D,x_R31_EXIT_D,0.0010646199212191495
183,204,x_R29_EXIT_D,x_R31_EXIT_G,0.0009581579290972342
183,205,x_R29_EXIT_D,x_R31_EXIT_H,0.00028662844032823246
183,207,x_R29_EXIT_D,x_R32_EXIT_A,0.00028662844032823246
183,208,x_R29_EXIT_D,x_R32_EXIT_B,0.00010646199212191493
183,209,x_R29_EXIT_D,x_R32_EXIT_C,0.0004422267365064159
183,210,x_R29_EXIT_D,x_R32_EXIT_D,0.0010646199212191495
183,213,x_R29_EXIT_D,x_R32_EXIT_G,0.0009581579290972342
183,214,x_R29_EXIT_D,x_R32_EXIT_H,0.00028662844032823246
183,216,x_R29_EXIT_D,x_R33_EXIT_A,0.00028662844032823246
183,217,x_R29_EXIT_D,x_R33_EXIT_B,0.00010646199212191493
183,218,x_R29_EXIT_D,x_R33_EXIT_C,0.0004422267365064159
183,219,x_R29_EXIT_D,x_R33_EXIT_D,0.0010646199212191495
183,222,x_R29_EXIT_D,x_R33_EXIT_G,0.0009581579290972342
183,223,x_R29_EXIT_D,x_R33_EXIT_H,0.00028662844032823246
183,225,x_R29_EXIT_D,x_R34_EXIT_A,0.00028662844032823246
183,226,x_R29_EXIT_D,x_R34_EXIT_B,0.00010646199212191493
183,227,x_R29_EXIT_D,x_R34_EXIT_C,0.0004422267365064159
183,228,x_R29_EXIT_D,x_R34_EXIT_D,0.0010646199212191495
183,231,x_R29_EXIT_D,x_R34_EXIT_G,0.0009581579290972342
183,232,x_R29_EXIT_D,x_R34_EXIT_H,0.00028662844032823246
183,237,x_R29_EXIT_D,x_R35_EXIT_D,0.0006223931847127334
183,238,x_R29_EXIT_D,x_R35_EXIT_E,0.00028662844032823246
183,239,x_R29_EXIT_D,x_R35_EXIT_F,0.00028662844032823246
183,240,x_R29_EXIT_D,x_R35_EXIT_G,0.0012447863694254667
183,242,x_R29_EXIT_D,x_R35_EXIT_STAIRWELL,0.00028662844032823246
183,245,x_R29_EXIT_D,x_R36_EXIT_C,0.0014331422016411624
183,246,x_R29_EXIT_D,x_R36_EXIT_D,0.007657074048768494
183,247,x_R29_EXIT_D,x_R36_EXIT_E,0.0009008322410315877
183,248,x_R29_EXIT_D,x_R36_EXIT_F,0.0009008322410315877
183,249,x_R29_EXIT_D,x_R36_EXIT_G,0.00569162188651776
183,251,x_R29_EXIT_D,x_R36_EXIT_STAIRWELL,0.0009008322410315877
184,184,x_R29_EXIT_E,x_R29_EXIT_E,-0.8138053185230733
184,185,x_R29_EXIT_E,x_R29_EXIT_F,1.674989122314549
184,186,x_R29_EXIT_E,x_R29_EXIT_G,1.673717720447093
184,187,x_R29_EXIT_E,x_R29_EXIT_H,1.6746943044902114
184,188,x_R29_EXIT_E,x_R29_EXIT_STAIRWELL,1.67484171340238
184,193,x_R29_EXIT_E,x_R30_EXIT_E,0.0021619973784758107
184,194,x_R29_EXIT_E,x_R30_EXIT_F,0.0003685222804220132
184,195,x_R29_EXIT_E,x_R30_EXIT_G,0.0008844534730128316
184,197,x_R29_EXIT_E,x_R30_EXIT_STAIRWELL,0.00022111336825320795
184,202,x_R29_EXIT_E,x_R31_EXIT_E,0.0020145884663070055
184,204,x_R29_EXIT_E,x_R31_EXIT_G,0.001031862385181637
184,207,x_R29_EXIT_E,x_R32_EXIT_A,0.0002948178243376106
184,208,x_R29_EXIT_E,x_R32_EXIT_B,0.0001474089121688053
184,211,x_R29_EXIT_E,x_R32_EXIT_E,0.0015723617298005895
184,213,x_R29_EXIT_E,x_R32_EXIT_G,0.0012529757534348448
184,214,x_R29_EXIT_E,x_R32_EXIT_H,0.0002948178243376106
184,216,x_R29_EXIT_E,x_R33_EXIT_A,0.0013266802095192477
184,217,x_R29_EXIT_E,x_R33_EXIT_B,0.0009581579290972342
184,218,x_R29_EXIT_E,x_R33_EXIT_C,0.0008844534730128318
184,219,x_R29_EXIT_E,x_R33_EXIT_D,0.0008844534730128318
184,220,x_R29_EXIT_E,x_R33_EXIT_E,0.0006960976407971362
184,221,x_R29_EXIT_E,x_R33_EXIT_F,0.001031862385181637
184,222,x_R29_EXIT_E,x_R33_EXIT_G,0.0022848381386164815
184,223,x_R29_EXIT_E,x_R33_EXIT_H,0.0013266802095192477
184,224,x_R29_EXIT_E,x_R33_EXIT_STAIRWELL,0.0011055668412660396
184,225,x_R29_EXIT_E,x_R34_EXIT_A,0.0007370445608440266
184,226,x_R29_EXIT_E,x_R34_EXIT_B,0.0003685222804220132
184,227,x_R29_EXIT_E,x_R34_EXIT_C,0.0002948178243376106
184,228,x_R29_EXIT_E,x_R34_EXIT_D,0.0002948178243376106
184,229,x_R29_EXIT_E,x_R34_EXIT_E,0.00010646199212191492
184,230,x_R29_EXIT_E,x_R34_EXIT_F,0.0004422267365064159
184,231,x_R29_EXIT_E,x_R34_EXIT_G,0.0016952024899412606
184,232,x_R29_EXIT_E,x_R34_EXIT_H,0.0007370445608440266
184,233,x_R29_EXIT_E,x_R34_EXIT_STAIRWELL,0.0005159311925908185
184,238,x_R29_EXIT_E,x_R35_EXIT_E,0.0020882929223914083
184,239,x_R29_EXIT_E,x_R35_EXIT_F,0.0002948178243376106
184,240,x_R29_EXIT_E,x_R35_EXIT_G,0.0009581579290972342
184,242,x_R29_EXIT_E,x_R35_EXIT_STAIRWELL,0.0001474089121688053
184,247,x_R29_EXIT_E,x_R36_EXIT_E,0.010441464611957038
184,248,x_R29_EXIT_E,x_R36_EXIT_F,0.0014740891216880527
184,249,x_R29_EXIT_E,x_R36_EXIT_G,0.0047907896454861725
184,251,x_R29_EXIT_E,x_R36_EXIT_STAIRWELL,0.0007370445608440263
185,185,x_R29_EXIT_F,x_R29_EXIT_F,-0.8216423218812565
185,186,x_R29_EXIT_F,x_R29_EXIT_G,1.673717720447093
185,187,x_R29_EXIT_F,x_R29_EXIT_H,1.6746943044902114
185,188,x_R29_EXIT_F,x_R29_EXIT_STAIRWELL,1.67484171340238
185,193,x_R29_EXIT_F,x_R30_EXIT_E,0.0003685222804220132
185,194,x_R29_EXIT_F,x_R30_EXIT_F,0.0006960976407971362
185,195,x_R29_EXIT_F,x_R30_EXIT_G,0.0008844534730128316
185,197,x_R29_EXIT_F,x_R30_EXIT_STAIRWELL,0.00022111336825320795
185,202,x_R29_EXIT_F,x_R31_EXIT_E,0.00022111336825320795
185,203,x_R29_EXIT_F,x_R31_EXIT_F,0.00010646199212191492
185,204,x_R29_EXIT_F,x_R31_EXIT_G,0.001031862385181637
185,207,x_R29_EXIT_F,x_R32_EXIT_A,0.0005159311925908185
185,212,x_R29_EXIT_F,x_R32_EXIT_F,0.00010646199212191492
185,213,x_R29_EXIT_F,x_R32_EXIT_G,0.0014740891216880527
185,214,x_R29_EXIT_F,x_R32_EXIT_H,0.0005159311925908185
185,215,x_R29_EXIT_F,x_R32_EXIT_STAIRWELL,0.0002948178243376106
185,216,x_R29_EXIT_F,x_R33_EXIT_A,0.0002948178243376106
185,221,x_R29_EXIT_F,x_R33_EXIT_F,0.0003275753603751229
185,222,x_R29_EXIT_F,x_R33_EXIT_G,0.0012529757534348448
185,223,x_R29_EXIT_F,x_R33_EXIT_H,0.0002948178243376106
185,225,x_R29_EXIT_F,x_R34_EXIT_A,0.0002948178243376106
185,230,x_R29_EXIT_F,x_R34_EXIT_F,0.0003275753603751229
185,231,x_R29_EXIT_F,x_R34_EXIT_G,0.0012529757534348448
185,232,x_R29_EXIT_F,x_R34_EXIT_H,0.0002948178243376106
185,238,x_R29_EXIT_F,x_R35_EXIT_E,0.0002948178243376106
185,239,x_R29_EXIT_F,x_R35_EXIT_F,0.0006223931847127334
185,240,x_R29_EXIT_F,x_R35_EXIT_G,0.0009581579290972342
185,242,x_R29_EXIT_F,x_R35_EXIT_STAIRWELL,0.0001474089121688053
185,247,x_R29_EXIT_F,x_R36_EXIT_E,0.0014740891216880527
185,248,x_R29_EXIT_F,x_R36_EXIT_F,0.003111965923563667
185,249,x_R29_EXIT_F,x_R36_EXIT_G,0.0047907896454861725
185,251,x_R29_EXIT_F,x_R36_EXIT_STAIRWELL,0.0007370445608440263
186,186,x_R29_EXIT_G,x_R29_EXIT_G,-0.8319048578530325
186,187,x_R29_EXIT_G,x_R29_EXIT_H,1.673717720447093
186,188,x_R29_EXIT_G,x_R29_EXIT_STAIRWELL,1.673717720447093
186,195,x_R29_EXIT_G,x_R30_EXIT_G,0.0006960976407971361
186,204,x_R29_EXIT_G,x_R31_EXIT_G,0.0006960976407971361
186,213,x_R29_EXIT_G,x_R32_EXIT_G,0.0006960976407971361
186,222,x_R29_EXIT_G,x_R33_EXIT_G,0.0006960976407971361
186,231,x_R29_EXIT_G,x_R34_EXIT_G,0.0006960976407971361
186,240,x_R29_EXIT_G,x_R35_EXIT_G,0.0006960976407971361
186,249,x_R29_EXIT_G,x_R36_EXIT_G,0.00348048820398568
187,187,x_R29_EXIT_H,x_R29_EXIT_H,-0.8108307568085099
187,188,x_R29_EXIT_H,x_R29_EXIT_STAIRWELL,1.6746943044902114
187,189,x_R29_EXIT_H,x_R30_EXIT_A,0.0007288551768346484
187,190,x_R29_EXIT_H,x_R30_EXIT_B,0.00036033289641263514
187,191,x_R29_EXIT_H,x_R30_EXIT_C,0.00036033289641263514
187,192,x_R29_EXIT_H,x_R30_EXIT_D,0.00036033289641263514
187,195,x_R29_EXIT_H,x_R30_EXIT_G,0.0008844534730128316
187,196,x_R29_EXIT_H,x_R30_EXIT_H,0.0014249528176317845
187,198,x_R29_EXIT_H,x_R31_EXIT_A,0.0006551507207502458
187,199,x_R29_EXIT_H,x_R31_EXIT_B,0.00028662844032823246
187,204,x_R29_EXIT_H,x_R31_EXIT_G,0.0009581579290972342
187,205,x_R29_EXIT_H,x_R31_EXIT_H,0.0013512483615473816
187,207,x_R29_EXIT_H,x_R32_EXIT_A,0.0006551507207502458
187,213,x_R29_EXIT_H,x_R32_EXIT_G,0.0009581579290972342
187,214,x_R29_EXIT_H,x_R32_EXIT_H,0.0013512483615473816
187,216,x_R29_EXIT_H,x_R33_EXIT_A,0.0006551507207502458
187,222,x_R29_EXIT_H,x_R33_EXIT_G,0.0009581579290972342
187,223,x_R29_EXIT_H,x_R33_EXIT_H,0.0013512483615473816
187,225,x_R29_EXIT_H,x_R34_EXIT_A,0.0006551507207502458
187,231,x_R29_EXIT_H,x_R34_EXIT_G,0.0009581579290972342
187,232,x_R29_EXIT_H,x_R34_EXIT_H,0.0013512483615473816
187,238,x_R29_EXIT_H,x_R35_EXIT_E,0.0006551507207502458
187,239,x_R29_EXIT_H,x_R35_EXIT_F,0.0006551507207502458
187,240,x_R29_EXIT_H,x_R35_EXIT_G,0.0016133086498474802
187,241,x_R29_EXIT_H,x_R35_EXIT_H,0.00032757536037512284
187,242,x_R29_EXIT_H,x_R35_EXIT_STAIRWELL,0.0006551507207502458
187,243,x_R29_EXIT_H,x_R36_EXIT_A,0.0007370445608440263
187,244,x_R29_EXIT_H,x_R36_EXIT_B,0.0007370445608440263
187,245,x_R29_EXIT_H,x_R36_EXIT_C,0.0005323099606095746
187,246,x_R29_EXIT_H,x_R36_EXIT_D,0.0005323099606095746
187,247,x_R29_EXIT_H,x_R36_EXIT_E,0.0009008322410315877
187,248,x_R29_EXIT_H,x_R36_EXIT_F,0.0009008322410315877
187,249,x_R29_EXIT_H,x_R36_EXIT_G,0.00569162188651776
187,250,x_R29_EXIT_H,x_R36_EXIT_H,0.004217532764829706
187,251,x_R29_EXIT_H,x_R36_EXIT_STAIRWELL,0.0009008322410315877
188,188,x_R29_EXIT_STAIRWELL,x_R29_EXIT_STAIRWELL,-0.8245879938368922
188,193,x_R29_EXIT_STAIRWELL,x_R30_EXIT_E,0.00022111336825320795
188,194,x_R29_EXIT_STAIRWELL,x_R30_EXIT_F,0.00022111336825320795
188,195,x_R29_EXIT_STAIRWELL,x_R30_EXIT_G,0.0008844534730128316
188,197,x_R29_EXIT_STAIRWELL,x_R30_EXIT_STAIRWELL,0.0006551507207502458
188,200,x_R29_EXIT_STAIRWELL,x_R31_EXIT_C,0.00018016644820631757
188,201,x_R29_EXIT_STAIRWELL,x_R31_EXIT_D,0.00018016644820631757
188,204,x_R29_EXIT_STAIRWELL,x_R31_EXIT_G,0.001031862385181637
188,206,x_R29_EXIT_STAIRWELL,x_R31_EXIT_STAIRWELL,0.0005077418085814404
188,207,x_R29_EXIT_STAIRWELL,x_R32_EXIT_A,0.0001474089121688053
188,213,x_R29_EXIT_STAIRWELL,x_R32_EXIT_G,0.0011055668412660394
188,214,x_R29_EXIT_STAIRWELL,x_R32_EXIT_H,0.0001474089121688053
188,215,x_R29_EXIT_STAIRWELL,x_R32_EXIT_STAIRWELL,0.0003275753603751229
188,216,x_R29_EXIT_STAIRWELL,x_R33_EXIT_A,0.0001474089121688053
188,222,x_R29_EXIT_STAIRWELL,x_R33_EXIT_G,0.0011055668412660394
188,223,x_R29_EXIT_STAIRWELL,x_R33_EXIT_H,0.0001474089121688053
188,224,x_R29_EXIT_STAIRWELL,x_R33_EXIT_STAIRWELL,0.0003275753603751229
188,225,x_R29_EXIT_STAIRWELL,x_R34_EXIT_A,0.0001474089121688053
188,231,x_R29_EXIT_STAIRWELL,x_R34_EXIT_G,0.0011055668412660394
188,232,x_R29_EXIT_STAIRWELL,x_R34_EXIT_H,0.0001474089121688053
188,233,x_R29_EXIT_STAIRWELL,x_R34_EXIT_STAIRWELL,0.0003275753603751229
188,238,x_R29_EXIT_STAIRWELL,x_R35_EXIT_E,0.0001474089121688053
188,239,x_R29_EXIT_STAIRWELL,x_R35_EXIT_F,0.0001474089121688053
188,240,x_R29_EXIT_STAIRWELL,x_R35_EXIT_G,0.0009581579290972342
188,242,x_R29_EXIT_STAIRWELL,x_R35_EXIT_STAIRWELL,0.0005814462646658431
188,247,x_R29_EXIT_STAIRWELL,x_R36_EXIT_E,0.0007370445608440263
188,248,x_R29_EXIT_STAIRWELL,x_R36_EXIT_F,0.0007370445608440263
188,249,x_R29_EXIT_STAIRWELL,x_R36_EXIT_G,0.0047907896454861725
188,251,x_R29_EXIT_STAIRWELL,x_R36_EXIT_STAIRWELL,0.0029072313233292147
189,189,x_R30_EXIT_A,x_R30_EXIT_A,-0.8056318696758209
189,190,x_R30_EXIT_A,x_R30_EXIT_B,1.674686115106202
189,191,x_R30_EXIT_A,x_R30_EXIT_C,1.674686115106202
189,192,x_R30_EXIT_A,x_R30_EXIT_D,1.674686115106202
189,193,x_R30_EXIT_A,x_R30_EXIT_E,1.6743994866658738
189,194,x_R30_EXIT_A,x_R30_EXIT_F,1.6743994866658738
189,195,x_R30_EXIT_A,x_R30_EXIT_G,1.6743257822097892
189,196,x_R30_EXIT_A,x_R30_EXIT_H,1.675054637386624
189,197,x_R30_EXIT_A,x_R30_EXIT_STAIRWELL,1.6743994866658738
189,198,x_R30_EXIT_A,x_R31_EXIT_A,0.002014588466307006
189,199,x_R30_EXIT_A,x_R31_EXIT_B,0.00028662844032823246
189,205,x_R30_EXIT_A,x_R31_EXIT_H,0.0006551507207502458
189,207,x_R30_EXIT_A,x_R32_EXIT_A,0.002014588466307006
189,214,x_R30_EXIT_A,x_R32_EXIT_H,0.0006551507207502458
189,216,x_R30_EXIT_A,x_R33_EXIT_A,0.002014588466307006
189,223,x_R30_EXIT_A,x_R33_EXIT_H,0.0006551507207502458
189,225,x_R30_EXIT_A,x_R34_EXIT_A,0.002014588466307006
189,232,x_R30_EXIT_A,x_R34_EXIT_H,0.0006551507207502458
189,234,x_R30_EXIT_A,x_R35_EXIT_A,0.0003275753603751229
189,235,x_R30_EXIT_A,x_R35_EXIT_B,0.0003685222804220132
189,236,x_R30_EXIT_A,x_R35_EXIT_C,0.0003685222804220132
189,237,x_R30_EXIT_A,x_R35_EXIT_D,0.000958157929097234
189,238,x_R30_EXIT_A,x_R35_EXIT_E,0.0016870131059318826
189,239,x_R30_EXIT_A,x_R35_EXIT_F,0.0016870131059318826
189,240,x_R30_EXIT_A,x_R35_EXIT_G,0.0017607175620162855
189,242,x_R30_EXIT_A,x_R35_EXIT_STAIRWELL,0.0016870131059318826
189,243,x_R30_EXIT_A,x_R36_EXIT_A,0.007534233288627827
189,244,x_R30_EXIT_A,x_R36_EXIT_B,0.004053745084642144
189,245,x_R30_EXIT_A,x_R36_EXIT_C,0.0005323099606095746
189,246,x_R30_EXIT_A,x_R36_EXIT_D,0.0005323099606095746
189,247,x_R30_EXIT_A,x_R36_EXIT_E,0.0009008322410315877
189,248,x_R30_EXIT_A,x_R36_EXIT_F,0.0009008322410315877
189,249,x_R30_EXIT_A,x_R36_EXIT_G,0.0012693545214536009
189,250,x_R30_EXIT_A,x_R36_EXIT_H,0.0007370445608440263
189,251,x_R30_EXIT_A,x_R36_EXIT_STAIRWELL,0.0009008322410315877
190,190,x_R30_EXIT_B,x_R30_EXIT_B,-0.8083277654191705
190,191,x_R30_EXIT_B,x_R30_EXIT_C,1.6754559172030834
190,192,x_R30_EXIT_B,x_R30_EXIT_D,1.6748662815544082
190,193,x_R30_EXIT_B,x_R30_EXIT_E,1.6743994866658738
190,194,x_R30_EXIT_B,x_R30_EXIT_F,1.6743994866658738
190,195,x_R30_EXIT_B,x_R30_EXIT_G,1.6743257822097892
190,196,x_R30_EXIT_B,x_R30_EXIT_H,1.674686115106202
190,197,x_R30_EXIT_B,x_R30_EXIT_STAIRWELL,1.6743994866658738
190,198,x_R30_EXIT_B,x_R31_EXIT_A,0.00028662844032823246
190,199,x_R30_EXIT_B,x_R31_EXIT_B,0.002473193970832177
190,205,x_R30_EXIT_B,x_R31_EXIT_H,0.00028662844032823246
190,207,x_R30_EXIT_B,x_R32_EXIT_A,0.00028662844032823246
190,208,x_R30_EXIT_B,x_R32_EXIT_B,0.0020063990822976273
190,214,x_R30_EXIT_B,x_R32_EXIT_H,0.00028662844032823246
190,216,x_R30_EXIT_B,x_R33_EXIT_A,0.00028662844032823246
190,217,x_R30_EXIT_B,x_R33_EXIT_B,0.0020063990822976273
190,223,x_R30_EXIT_B,x_R33_EXIT_H,0.00028662844032823246
190,225,x_R30_EXIT_B,x_R34_EXIT_A,0.00028662844032823246
190,226,x_R30_EXIT_B,x_R34_EXIT_B,0.0020063990822976273
190,232,x_R30_EXIT_B,x_R34_EXIT_H,0.00028662844032823246
190,235,x_R30_EXIT_B,x_R35_EXIT_B,0.00032757536037512284
190,238,x_R30_EXIT_B,x_R35_EXIT_E,0.00028662844032823246
190,239,x_R30_EXIT_B,x_R35_EXIT_F,0.00028662844032823246
190,240,x_R30_EXIT_B,x_R35_EXIT_G,0.00036033289641263514
190,242,x_R30_EXIT_B,x_R35_EXIT_STAIRWELL,0.00028662844032823246
190,244,x_R30_EXIT_B,x_R36_EXIT_B,0.001637876801875614
190,245,x_R30_EXIT_B,x_R36_EXIT_C,0.004381320445017267
190,246,x_R30_EXIT_B,x_R36_EXIT_D,0.0014331422016411624
190,247,x_R30_EXIT_B,x_R36_EXIT_E,0.0009008322410315877
190,248,x_R30_EXIT_B,x_R36_EXIT_F,0.0009008322410315877
190,249,x_R30_EXIT_B,x_R36_EXIT_G,0.0012693545214536009
190,251,x_R30_EXIT_B,x_R36_EXIT_STAIRWELL,0.0009008322410315877
191,191,x_R30_EXIT_C,x_R30_EXIT_C,-0.8044234817046478
191,192,x_R30_EXIT_C,x_R30_EXIT_D,1.6748662815544082
191,193,x_R30_EXIT_C,x_R30_EXIT_E,1.6743994866658738
191,194,x_R30_EXIT_C,x_R30_EXIT_F,1.6743994866658738
191,195,x_R30_EXIT_C,x_R30_EXIT_G,1.6743257822097892
191,196,x_R30_EXIT_C,x_R30_EXIT_H,1.674686115106202
191,197,x_R30_EXIT_C,x_R30_EXIT_STAIRWELL,1.6743994866658738
191,198,x_R30_EXIT_C,x_R31_EXIT_A,0.00028662844032823246
191,199,x_R30_EXIT_C,x_R31_EXIT_B,0.0010564305372097714
191,200,x_R30_EXIT_C,x_R31_EXIT_C,0.0005077418085814403
191,205,x_R30_EXIT_C,x_R31_EXIT_H,0.00028662844032823246
191,207,x_R30_EXIT_C,x_R32_EXIT_A,0.00028662844032823246
191,208,x_R30_EXIT_C,x_R32_EXIT_B,0.0005896356486752212
191,209,x_R30_EXIT_C,x_R32_EXIT_C,0.0005077418085814403
191,214,x_R30_EXIT_C,x_R32_EXIT_H,0.00028662844032823246
191,216,x_R30_EXIT_C,x_R33_EXIT_A,0.00028662844032823246
191,217,x_R30_EXIT_C,x_R33_EXIT_B,0.0005896356486752212
191,218,x_R30_EXIT_C,x_R33_EXIT_C,0.0005077418085814403
191,223,x_R30_EXIT_C,x_R33_EXIT_H,0.00028662844032823246
191,225,x_R30_EXIT_C,x_R34_EXIT_A,0.00028662844032823246
191,226,x_R30_EXIT_C,x_R34_EXIT_B,0.0005896356486752212
191,227,x_R30_EXIT_C,x_R34_EXIT_C,0.0005077418085814403
191,232,x_R30_EXIT_C,x_R34_EXIT_H,0.00028662844032823246
191,236,x_R30_EXIT_C,x_R35_EXIT_C,0.00032757536037512284
191,238,x_R30_EXIT_C,x_R35_EXIT_E,0.00028662844032823246
191,239,x_R30_EXIT_C,x_R35_EXIT_F,0.00028662844032823246
191,240,x_R30_EXIT_C,x_R35_EXIT_G,0.00036033289641263514
191,242,x_R30_EXIT_C,x_R35_EXIT_STAIRWELL,0.00028662844032823246
191,245,x_R30_EXIT_C,x_R36_EXIT_C,0.012898279814770462
191,246,x_R30_EXIT_C,x_R36_EXIT_D,0.0014331422016411624
191,247,x_R30_EXIT_C,x_R36_EXIT_E,0.0009008322410315877
191,248,x_R30_EXIT_C,x_R36_EXIT_F,0.0009008322410315877
191,249,x_R30_EXIT_C,x_R36_EXIT_G,0.0012693545214536009
191,251,x_R30_EXIT_C,x_R36_EXIT_STAIRWELL,0.0009008322410315877
192,192,x_R30_EXIT_D,x_R30_EXIT_D,-0.8091264572749797
192,193,x_R30_EXIT_D,x_R30_EXIT_E,1.6743994866658738
192,194,x_R30_EXIT_D,x_R30_EXIT_F,1.6743994866658738
192,195,x_R30_EXIT_D,x_R30_EXIT_G,1.6743257822097892
192,196,x_R30_EXIT_D,x_R30_EXIT_H,1.674686115106202
192,197,x_R30_EXIT_D,x_R30_EXIT_STAIRWELL,1.6743994866658738
192,198,x_R30_EXIT_D,x_R31_EXIT_A,0.00028662844032823246
192,199,x_R30_EXIT_D,x_R31_EXIT_B,0.00046679488853455006
192,200,x_R30_EXIT_D,x_R31_EXIT_C,0.0004422267365064159
192,201,x_R30_EXIT_D,x_R31_EXIT_D,0.0010646199212191495
192,205,x_R30_EXIT_D,x_R31_EXIT_H,0.00028662844032823246
192,207,x_R30_EXIT_D,x_R32_EXIT_A,0.00028662844032823246
192,208,x_R30_EXIT_D,x_R32_EXIT_B,0.00010646199212191493
192,209,x_R30_EXIT_D,x_R32_EXIT_C,0.0004422267365064159
192,210,x_R30_EXIT_D,x_R32_EXIT_D,0.0010646199212191495
192,214,x_R30_EXIT_D,x_R32_EXIT_H,0.00028662844032823246
192,216,x_R30_EXIT_D,x_R33_EXIT_A,0.00028662844032823246
192,217,x_R30_EXIT_D,x_R33_EXIT_B,0.00010646199212191493
192,218,x_R30_EXIT_D,x_R33_EXIT_C,0.0004422267365064159
192,219,x_R30_EXIT_D,x_R33_EXIT_D,0.0010646199212191495
192,223,x_R30_EXIT_D,x_R33_EXIT_H,0.00028662844032823246
192,225,x_R30_EXIT_D,x_R34_EXIT_A,0.00028662844032823246
192,226,x_R30_EXIT_D,x_R34_EXIT_B,0.00010646199212191493
192,227,x_R30_EXIT_D,x_R34_EXIT_C,0.0004422267365064159
192,228,x_R30_EXIT_D,x_R34_EXIT_D,0.0010646199212191495
192,232,x_R30_EXIT_D,x_R34_EXIT_H,0.00028662844032823246
192,237,x_R30_EXIT_D,x_R35_EXIT_D,0.0006223931847127334
192,238,x_R30_EXIT_D,x_R35_EXIT_E,0.00028662844032823246
192,239,x_R30_EXIT_D,x_R35_EXIT_F,0.00028662844032823246
192,240,x_R30_EXIT_D,x_R35_EXIT_G,0.00036033289641263514
192,242,x_R30_EXIT_D,x_R35_EXIT_STAIRWELL,0.00028662844032823246
192,245,x_R30_EXIT_D,x_R36_EXIT_C,0.0014331422016411624
192,246,x_R30_EXIT_D,x_R36_EXIT_D,0.007657074048768494
192,247,x_R30_EXIT_D,x_R36_EXIT_E,0.0009008322410315877
192,248,x_R30_EXIT_D,x_R36_EXIT_F,0.0009008322410315877
192,249,x_R30_EXIT_D,x_R36_EXIT_G,0.0012693545214536009
192,251,x_R30_EXIT_D,x_R36_EXIT_STAIRWELL,0.0009008322410315877
193,193,x_R30_EXIT_E,x_R30_EXIT_E,-0.8172958114302274
193,194,x_R30_EXIT_E,x_R30_EXIT_F,1.6746943044902114
193,195,x_R30_EXIT_E,x_R30_EXIT_G,1.6743257822097892
193,196,x_R30_EXIT_E,x_R30_EXIT_H,1.6743994866658738
193,197,x_R30_EXIT_E,x_R30_EXIT_STAIRWELL,1.6745468955780425
193,202,x_R30_EXIT_E,x_R31_EXIT_E,0.0020145884663070055
193,204,x_R30_EXIT_E,x_R31_EXIT_G,0.0001474089121688053
193,207,x_R30_EXIT_E,x_R32_EXIT_A,0.0002948178243376106
193,208,x_R30_EXIT_E,x_R32_EXIT_B,0.0001474089121688053
193,211,x_R30_EXIT_E,x_R32_EXIT_E,0.0015723617298005895
193,213,x_R30_EXIT_E,x_R32_EXIT_G,0.0003685222804220132
193,214,x_R30_EXIT_E,x_R32_EXIT_H,0.0002948178243376106
193,216,x_R30_EXIT_E,x_R33_EXIT_A,0.0013266802095192477
193,217,x_R30_EXIT_E,x_R33_EXIT_B,0.0009581579290972342
193,218,x_R30_EXIT_E,x_R33_EXIT_C,0.0008844534730128318
193,219,x_R30_EXIT_E,x_R33_EXIT_D,0.0008844534730128318
193,220,x_R30_EXIT_E,x_R33_EXIT_E,0.0006960976407971362
193,221,x_R30_EXIT_E,x_R33_EXIT_F,0.001031862385181637
193,222,x_R30_EXIT_E,x_R33_EXIT_G,0.00140038466560365
193,223,x_R30_EXIT_E,x_R33_EXIT_H,0.0013266802095192477
193,224,x_R30_EXIT_E,x_R33_EXIT_STAIRWELL,0.0011055668412660396
193,225,x_R30_EXIT_E,x_R34_EXIT_A,0.0007370445608440266
193,226,x_R30_EXIT_E,x_R34_EXIT_B,0.0003685222804220132
193,227,x_R30_EXIT_E,x_R34_EXIT_C,0.0002948178243376106
193,228,x_R30_EXIT_E,x_R34_EXIT_D,0.0002948178243376106
193,229,x_R30_EXIT_E,x_R34_EXIT_E,0.00010646199212191492
193,230,x_R30_EXIT_E,x_R34_EXIT_F,0.0004422267365064159
193,231,x_R30_EXIT_E,x_R34_EXIT_G,0.0008107490169284291
193,232,x_R30_EXIT_E,x_R34_EXIT_H,0.0007370445608440266
193,233,x_R30_EXIT_E,x_R34_EXIT_STAIRWELL,0.0005159311925908185
193,238,x_R30_EXIT_E,x_R35_EXIT_E,0.0020882929223914083
193,239,x_R30_EXIT_E,x_R35_EXIT_F,0.0002948178243376106
193,242,x_R30_EXIT_E,x_R35_EXIT_STAIRWELL,0.0001474089121688053
193,247,x_R30_EXIT_E,x_R36_EXIT_E,0.010441464611957038
193,248,x_R30_EXIT_E,x_R36_EXIT_F,0.0014740891216880527
193,249,x_R30_EXIT_E,x_R36_EXIT_G,0.00036852228042201317
193,251,x_R30_EXIT_E,x_R36_EXIT_STAIRWELL,0.0007370445608440263
194,194,x_R30_EXIT_F,x_R30_EXIT_F,-0.8251328147884107
194,195,x_R30_EXIT_F,x_R30_EXIT_G,1.6743257822097892
194,196,x_R30_EXIT_F,x_R30_EXIT_H,1.6743994866658738
194,197,x_R30_EXIT_F,x_R30_EXIT_STAIRWELL,1.6745468955780425
194,202,x_R30_EXIT_F,x_R31_EXIT_E,0.00022111336825320795
194,203,x_R30_EXIT_F,x_R31_EXIT_F,0.00010646199212191492
194,204,x_R30_EXIT_F,x_R31_EXIT_G,0.0001474089121688053
194,207,x_R30_EXIT_F,x_R32_EXIT_A,0.0005159311925908185
194,212,x_R30_EXIT_F,x_R32_EXIT_F,0.00010646199212191492
194,213,x_R30_EXIT_F,x_R32_EXIT_G,0.0005896356486752212
194,214,x_R30_EXIT_F,x_R32_EXIT_H,0.0005159311925908185
194,215,x_R30_EXIT_F,x_R32_EXIT_STAIRWELL,0.0002948178243376106
194,216,x_R30_EXIT_F,x_R33_EXIT_A,0.0002948178243376106
194,221,x_R30_EXIT_F,x_R33_EXIT_F,0.0003275753603751229
194,222,x_R30_EXIT_F,x_R33_EXIT_G,0.0003685222804220132
194,223,x_R30_EXIT_F,x_R33_EXIT_H,0.0002948178243376106
194,225,x_R30_EXIT_F,x_R34_EXIT_A,0.0002948178243376106
194,230,x_R30_EXIT_F,x_R34_EXIT_F,0.0003275753603751229
194,231,x_R30_EXIT_F,x_R34_EXIT_G,0.0003685222804220132
194,232,x_R30_EXIT_F,x_R34_EXIT_H,0.0002948178243376106
194,238,x_R30_EXIT_F,x_R35_EXIT_E,0.0002948178243376106
194,239,x_R30_EXIT_F,x_R35_EXIT_F,0.0006223931847127334
194,242,x_R30_EXIT_F,x_R35_EXIT_STAIRWELL,0.0001474089121688053
194,247,x_R30_EXIT_F,x_R36_EXIT_E,0.0014740891216880527
194,248,x_R30_EXIT_F,x_R36_EXIT_F,0.003111965923563667
194,249,x_R30_EXIT_F,x_R36_EXIT_G,0.00036852228042201317
194,251,x_R30_EXIT_F,x_R36_EXIT_STAIRWELL,0.0007370445608440263
195,195,x_R30_EXIT_G,x_R30_EXIT_G,-0.8225684030190009
195,196,x_R30_EXIT_G,x_R30_EXIT_H,1.6743257822097892
195,197,x_R30_EXIT_G,x_R30_EXIT_STAIRWELL,1.6743257822097892
195,204,x_R30_EXIT_G,x_R31_EXIT_G,0.0016460661858849926
195,213,x_R30_EXIT_G,x_R32_EXIT_G,0.0016460661858849926
195,222,x_R30_EXIT_G,x_R33_EXIT_G,0.0016460661858849926
195,231,x_R30_EXIT_G,x_R34_EXIT_G,0.0016460661858849926
195,240,x_R30_EXIT_G,x_R35_EXIT_G,0.0016460661858849926
195,249,x_R30_EXIT_G,x_R36_EXIT_G,0.008230330929424962
196,196,x_R30_EXIT_H,x_R30_EXIT_H,-0.8143212497156641
196,197,x_R30_EXIT_H,x_R30_EXIT_STAIRWELL,1.6743994866658738
196,198,x_R30_EXIT_H,x_R31_EXIT_A,0.0006551507207502458
196,199,x_R30_EXIT_H,x_R31_EXIT_B,0.00028662844032823246
196,205,x_R30_EXIT_H,x_R31_EXIT_H,0.0013512483615473816
196,207,x_R30_EXIT_H,x_R32_EXIT_A,0.0006551507207502458
196,214,x_R30_EXIT_H,x_R32_EXIT_H,0.0013512483615473816
196,216,x_R30_EXIT_H,x_R33_EXIT_A,0.0006551507207502458
196,223,x_R30_EXIT_H,x_R33_EXIT_H,0.0013512483615473816
196,225,x_R30_EXIT_H,x_R34_EXIT_A,0.0006551507207502458
196,232,x_R30_EXIT_H,x_R34_EXIT_H,0.0013512483615473816
196,238,x_R30_EXIT_H,x_R35_EXIT_E,0.0006551507207502458
196,239,x_R30_EXIT_H,x_R35_EXIT_F,0.0006551507207502458
196,240,x_R30_EXIT_H,x_R35_EXIT_G,0.0007288551768346484
196,241,x_R30_EXIT_H,x_R35_EXIT_H,0.00032757536037512284
196,242,x_R30_EXIT_H,x_R35_EXIT_STAIRWELL,0.0006551507207502458
196,243,x_R30_EXIT_H,x_R36_EXIT_A,0.0007370445608440263
196,244,x_R30_EXIT_H,x_R36_EXIT_B,0.0007370445608440263
196,245,x_R30_EXIT_H,x_R36_EXIT_C,0.0005323099606095746
196,246,x_R30_EXIT_H,x_R36_EXIT_D,0.0005323099606095746
196,247,x_R30_EXIT_H,x_R36_EXIT_E,0.0009008322410315877
196,248,x_R30_EXIT_H,x_R36_EXIT_F,0.0009008322410315877
196,249,x_R30_EXIT_H,x_R36_EXIT_G,0.0012693545214536009
196,250,x_R30_EXIT_H,x_R36_EXIT_H,0.004217532764829706
196,251,x_R30_EXIT_H,x_R36_EXIT_STAIRWELL,0.0009008322410315877
197,197,x_R30_EXIT_STAIRWELL,x_R30_EXIT_STAIRWELL,-0.8280784867440464
197,200,x_R30_EXIT_STAIRWELL,x_R31_EXIT_C,0.00018016644820631757
197,201,x_R30_EXIT_STAIRWELL,x_R31_EXIT_D,0.00018016644820631757
197,204,x_R30_EXIT_STAIRWELL,x_R31_EXIT_G,0.0001474089121688053
197,206,x_R30_EXIT_STAIRWELL,x_R31_EXIT_STAIRWELL,0.0005077418085814404
197,207,x_R30_EXIT_STAIRWELL,x_R32_EXIT_A,0.0001474089121688053
197,213,x_R30_EXIT_STAIRWELL,x_R32_EXIT_G,0.00022111336825320795
197,214,x_R30_EXIT_STAIRWELL,x_R32_EXIT_H,0.0001474089121688053
197,215,x_R30_EXIT_STAIRWELL,x_R32_EXIT_STAIRWELL,0.0003275753603751229
197,216,x_R30_EXIT_STAIRWELL,x_R33_EXIT_A,0.0001474089121688053
197,222,x_R30_EXIT_STAIRWELL,x_R33_EXIT_G,0.00022111336825320795
197,223,x_R30_EXIT_STAIRWELL,x_R33_EXIT_H,0.0001474089121688053
197,224,x_R30_EXIT_STAIRWELL,x_R33_EXIT_STAIRWELL,0.0003275753603751229
197,225,x_R30_EXIT_STAIRWELL,x_R34_EXIT_A,0.0001474089121688053
197,231,x_R30_EXIT_STAIRWELL,x_R34_EXIT_G,0.00022111336825320795
197,232,x_R30_EXIT_STAIRWELL,x_R34_EXIT_H,0.0001474089121688053
197,233,x_R30_EXIT_STAIRWELL,x_R34_EXIT_STAIRWELL,0.0003275753603751229
197,238,x_R30_EXIT_STAIRWELL,x_R35_EXIT_E,0.0001474089121688053
197,239,x_R30_EXIT_STAIRWELL,x_R35_EXIT_F,0.0001474089121688053
197,242,x_R30_EXIT_STAIRWELL,x_R35_EXIT_STAIRWELL,0.0005814462646658431
197,247,x_R30_EXIT_STAIRWELL,x_R36_EXIT_E,0.0007370445608440263
197,248,x_R30_EXIT_STAIRWELL,x_R36_EXIT_F,0.0007370445608440263
197,249,x_R30_EXIT_STAIRWELL,x_R36_EXIT_G,0.00036852228042201317
197,251,x_R30_EXIT_STAIRWELL,x_R36_EXIT_STAIRWELL,0.0029072313233292147
198,198,x_R31_EXIT_A,x_R31_EXIT_A,-0.8056318696758209
198,199,x_R31_EXIT_A,x_R31_EXIT_B,1.674686115106202
198,200,x_R31_EXIT_A,x_R31_EXIT_C,1.6743257822097892
198,201,x_R31_EXIT_A,x_R31_EXIT_D,1.6743257822097892
198,202,x_R31_EXIT_A,x_R31_EXIT_E,1.6743257822097892
198,203,x_R31_EXIT_A,x_R31_EXIT_F,1.673717720447093
198,204,x_R31_EXIT_A,x_R31_EXIT_G,1.6743994866658738
198,205,x_R31_EXIT_A,x_R31_EXIT_H,1.675054637386624
198,206,x_R31_EXIT_A,x_R31_EXIT_STAIRWELL,1.6743257822097892
198,207,x_R31_EXIT_A,x_R32_EXIT_A,0.0020882929223914083
198,214,x_R31_EXIT_A,x_R32_EXIT_H,0.0007288551768346484
198,216,x_R31_EXIT_A,x_R33_EXIT_A,0.0020882929223914083
198,223,x_R31_EXIT_A,x_R33_EXIT_H,0.0007288551768346484
198,225,x_R31_EXIT_A,x_R34_EXIT_A,0.0020882929223914083
198,232,x_R31_EXIT_A,x_R34_EXIT_H,0.0007288551768346484
198,234,x_R31_EXIT_A,x_R35_EXIT_A,0.0003275753603751229
198,235,x_R31_EXIT_A,x_R35_EXIT_B,0.0003685222804220132
198,236,x_R31_EXIT_A,x_R35_EXIT_C,0.0003685222804220132
198,237,x_R31_EXIT_A,x_R35_EXIT_D,0.000958157929097234
198,238,x_R31_EXIT_A,x_R35_EXIT_E,0.0017607175620162855
198,239,x_R31_EXIT_A,x_R35_EXIT_F,0.0017607175620162855
198,240,x_R31_EXIT_A,x_R35_EXIT_G,0.0016870131059318826
198,242,x_R31_EXIT_A,x_R35_EXIT_STAIRWELL,0.0017607175620162855
198,243,x_R31_EXIT_A,x_R36_EXIT_A,0.007534233288627827
198,244,x_R31_EXIT_A,x_R36_EXIT_B,0.004053745084642144
198,245,x_R31_EXIT_A,x_R36_EXIT_C,0.0005323099606095746
198,246,x_R31_EXIT_A,x_R36_EXIT_D,0.0005323099606095746
198,247,x_R31_EXIT_A,x_R36_EXIT_E,0.0012693545214536009
198,248,x_R31_EXIT_A,x_R36_EXIT_F,0.0012693545214536009
198,249,x_R31_EXIT_A,x_R36_EXIT_G,0.0009008322410315877
198,250,x_R31_EXIT_A,x_R36_EXIT_H,0.0007370445608440263
198,251,x_R31_EXIT_A,x_R36_EXIT_STAIRWELL,0.0012693545214536009
199,199,x_R31_EXIT_B,x_R31_EXIT_B,-0.8083277654191705
199,200,x_R31_EXIT_B,x_R31_EXIT_C,1.6743257822097892
199,201,x_R31_EXIT_B,x_R31_EXIT_D,1.6743257822097892
199,202,x_R31_EXIT_B,x_R31_EXIT_E,1.6743257822097892
199,203,x_R31_EXIT_B,x_R31_EXIT_F,1.673717720447093
199,204,x_R31_EXIT_B,x_R31_EXIT_G,1.6743994866658738
199,205,x_R31_EXIT_B,x_R31_EXIT_H,1.674686115106202
199,206,x_R31_EXIT_B,x_R31_EXIT_STAIRWELL,1.6743257822097892
199,207,x_R31_EXIT_B,x_R32_EXIT_A,0.0003603328964126351
199,208,x_R31_EXIT_B,x_R32_EXIT_B,0.0020063990822976273
199,214,x_R31_EXIT_B,x_R32_EXIT_H,0.0003603328964126351
199,216,x_R31_EXIT_B,x_R33_EXIT_A,0.0003603328964126351
199,217,x_R31_EXIT_B,x_R33_EXIT_B,0.0020063990822976273
199,223,x_R31_EXIT_B,x_R33_EXIT_H,0.0003603328964126351
199,225,x_R31_EXIT_B,x_R34_EXIT_A,0.0003603328964126351
199,226,x_R31_EXIT_B,x_R34_EXIT_B,0.0020063990822976273
199,232,x_R31_EXIT_B,x_R34_EXIT_H,0.0003603328964126351
199,235,x_R31_EXIT_B,x_R35_EXIT_B,0.00032757536037512284
199,238,x_R31_EXIT_B,x_R35_EXIT_E,0.0003603328964126351
199,239,x_R31_EXIT_B,x_R35_EXIT_F,0.0003603328964126351
199,240,x_R31_EXIT_B,x_R35_EXIT_G,0.00028662844032823246
199,242,x_R31_EXIT_B,x_R35_EXIT_STAIRWELL,0.0003603328964126351
199,244,x_R31_EXIT_B,x_R36_EXIT_B,0.001637876801875614
199,245,x_R31_EXIT_B,x_R36_EXIT_C,0.004381320445017267
199,246,x_R31_EXIT_B,x_R36_EXIT_D,0.0014331422016411624
199,247,x_R31_EXIT_B,x_R36_EXIT_E,0.0012693545214536009
199,248,x_R31_EXIT_B,x_R36_EXIT_F,0.0012693545214536009
199,249,x_R31_EXIT_B,x_R36_EXIT_G,0.0009008322410315877
199,251,x_R31_EXIT_B,x_R36_EXIT_STAIRWELL,0.0012693545214536009
200,200,x_R31_EXIT_C,x_R31_EXIT_C,-0.8048370455971214
200,201,x_R31_EXIT_C,x_R31_EXIT_D,1.675423159667046
200,202,x_R31_EXIT_C,x_R31_EXIT_E,1.6743994866658738
200,203,x_R31_EXIT_C,x_R31_EXIT_F,1.673717720447093
200,204,x_R31_EXIT_C,x_R31_EXIT_G,1.6743257822097892
200,205,x_R31_EXIT_C,x_R31_EXIT_H,1.6743257822097892
200,206,x_R31_EXIT_C,x_R31_EXIT_STAIRWELL,1.6745059486579956
200,209,x_R31_EXIT_C,x_R32_EXIT_C,0.0016460661858849924
200,210,x_R31_EXIT_C,x_R32_EXIT_D,0.0007370445608440263
200,218,x_R31_EXIT_C,x_R33_EXIT_C,0.0016460661858849924
200,219,x_R31_EXIT_C,x_R33_EXIT_D,0.0007370445608440263
200,227,x_R31_EXIT_C,x_R34_EXIT_C,0.0016460661858849924
200,228,x_R31_EXIT_C,x_R34_EXIT_D,0.0007370445608440263
200,236,x_R31_EXIT_C,x_R35_EXIT_C,0.00032757536037512284
200,242,x_R31_EXIT_C,x_R35_EXIT_STAIRWELL,0.00018016644820631757
200,245,x_R31_EXIT_C,x_R36_EXIT_C,0.0025387090429072013
200,246,x_R31_EXIT_C,x_R36_EXIT_D,0.002211133682532079
200,247,x_R31_EXIT_C,x_R36_EXIT_E,0.00036852228042201317
200,248,x_R31_EXIT_C,x_R36_EXIT_F,0.00036852228042201317
200,251,x_R31_EXIT_C,x_R36_EXIT_STAIRWELL,0.0009008322410315878
201,201,x_R31_EXIT_D,x_R31_EXIT_D,-0.8099949858097636
201,202,x_R31_EXIT_D,x_R31_EXIT_E,1.6743994866658738
201,203,x_R31_EXIT_D,x_R31_EXIT_F,1.673717720447093
201,204,x_R31_EXIT_D,x_R31_EXIT_G,1.6743257822097892
201,205,x_R31_EXIT_D,x_R31_EXIT_H,1.6743257822097892
201,206,x_R31_EXIT_D,x_R31_EXIT_STAIRWELL,1.6745059486579956
201,209,x_R31_EXIT_D,x_R32_EXIT_C,0.0007370445608440263
201,210,x_R31_EXIT_D,x_R32_EXIT_D,0.00135943774555676
201,218,x_R31_EXIT_D,x_R33_EXIT_C,0.0007370445608440263
201,219,x_R31_EXIT_D,x_R33_EXIT_D,0.00135943774555676
201,227,x_R31_EXIT_D,x_R34_EXIT_C,0.0007370445608440263
201,228,x_R31_EXIT_D,x_R34_EXIT_D,0.00135943774555676
201,237,x_R31_EXIT_D,x_R35_EXIT_D,0.0006223931847127334
201,242,x_R31_EXIT_D,x_R35_EXIT_STAIRWELL,0.00018016644820631757
201,246,x_R31_EXIT_D,x_R36_EXIT_D,0.005323099606095745
201,247,x_R31_EXIT_D,x_R36_EXIT_E,0.00036852228042201317
201,248,x_R31_EXIT_D,x_R36_EXIT_F,0.00036852228042201317
201,251,x_R31_EXIT_D,x_R36_EXIT_STAIRWELL,0.0009008322410315878
202,202,x_R31_EXIT_E,x_R31_EXIT_E,-0.8190410578838045
202,203,x_R31_EXIT_E,x_R31_EXIT_F,1.673717720447093
202,204,x_R31_EXIT_E,x_R31_EXIT_G,1.6743257822097892
202,205,x_R31_EXIT_E,x_R31_EXIT_H,1.6743257822097892
202,206,x_R31_EXIT_E,x_R31_EXIT_STAIRWELL,1.6743994866658738
202,207,x_R31_EXIT_E,x_R32_EXIT_A,0.00022111336825320795
202,208,x_R31_EXIT_E,x_R32_EXIT_B,0.0001474089121688053
202,211,x_R31_EXIT_E,x_R32_EXIT_E,0.0015723617298005895
202,213,x_R31_EXIT_E,x_R32_EXIT_G,0.00022111336825320795
202,214,x_R31_EXIT_E,x_R32_EXIT_H,0.00022111336825320795
202,216,x_R31_EXIT_E,x_R33_EXIT_A,0.001252975753434845
202,217,x_R31_EXIT_E,x_R33_EXIT_B,0.0009581579290972342
202,218,x_R31_EXIT_E,x_R33_EXIT_C,0.0008844534730128318
202,219,x_R31_EXIT_E,x_R33_EXIT_D,0.0008844534730128318
202,220,x_R31_EXIT_E,x_R33_EXIT_E,0.0006960976407971362
202,221,x_R31_EXIT_E,x_R33_EXIT_F,0.001031862385181637
202,222,x_R31_EXIT_E,x_R33_EXIT_G,0.001252975753434845
202,223,x_R31_EXIT_E,x_R33_EXIT_H,0.001252975753434845
202,224,x_R31_EXIT_E,x_R33_EXIT_STAIRWELL,0.0011055668412660396
202,225,x_R31_EXIT_E,x_R34_EXIT_A,0.0006633401047596238
202,226,x_R31_EXIT_E,x_R34_EXIT_B,0.0003685222804220132
202,227,x_R31_EXIT_E,x_R34_EXIT_C,0.0002948178243376106
202,228,x_R31_EXIT_E,x_R34_EXIT_D,0.0002948178243376106
202,229,x_R31_EXIT_E,x_R34_EXIT_E,0.00010646199212191492
202,230,x_R31_EXIT_E,x_R34_EXIT_F,0.0004422267365064159
202,231,x_R31_EXIT_E,x_R34_EXIT_G,0.0006633401047596238
202,232,x_R31_EXIT_E,x_R34_EXIT_H,0.0006633401047596238
202,233,x_R31_EXIT_E,x_R34_EXIT_STAIRWELL,0.0005159311925908185
202,238,x_R31_EXIT_E,x_R35_EXIT_E,0.0020145884663070055
202,239,x_R31_EXIT_E,x_R35_EXIT_F,0.00022111336825320795
202,247,x_R31_EXIT_E,x_R36_EXIT_E,0.010072942331535027
202,248,x_R31_EXIT_E,x_R36_EXIT_F,0.0011055668412660396
202,251,x_R31_EXIT_E,x_R36_EXIT_STAIRWELL,0.00036852228042201317
203,203,x_R31_EXIT_F,x_R31_EXIT_F,-0.8319048578530325
203,204,x_R31_EXIT_F,x_R31_EXIT_G,1.673717720447093
203,205,x_R31_EXIT_F,x_R31_EXIT_H,1.673717720447093
203,206,x_R31_EXIT_F,x_R31_EXIT_STAIRWELL,1.673717720447093
203,212,x_R31_EXIT_F,x_R32_EXIT_F,0.00010646199212191492
203,221,x_R31_EXIT_F,x_R33_EXIT_F,0.00010646199212191492
203,230,x_R31_EXIT_F,x_R34_EXIT_F,0.00010646199212191492
203,239,x_R31_EXIT_F,x_R35_EXIT_F,0.00010646199212191492
203,248,x_R31_EXIT_F,x_R36_EXIT_F,0.0005323099606095746
204,204,x_R31_EXIT_G,x_R31_EXIT_G,-0.8208231565654238
204,205,x_R31_EXIT_G,x_R31_EXIT_H,1.6743994866658738
204,206,x_R31_EXIT_G,x_R31_EXIT_STAIRWELL,1.6743257822097892
204,213,x_R31_EXIT_G,x_R32_EXIT_G,0.0017934750980537978
204,222,x_R31_EXIT_G,x_R33_EXIT_G,0.0017934750980537978
204,231,x_R31_EXIT_G,x_R34_EXIT_G,0.0017934750980537978
204,240,x_R31_EXIT_G,x_R35_EXIT_G,0.0017197706419693952
204,247,x_R31_EXIT_G,x_R36_EXIT_E,0.00036852228042201317
204,248,x_R31_EXIT_G,x_R36_EXIT_F,0.00036852228042201317
204,249,x_R31_EXIT_G,x_R36_EXIT_G,0.008598853209846975
204,251,x_R31_EXIT_G,x_R36_EXIT_STAIRWELL,0.00036852228042201317
205,205,x_R31_EXIT_H,x_R31_EXIT_H,-0.8143212497156641
205,206,x_R31_EXIT_H,x_R31_EXIT_STAIRWELL,1.6743257822097892
205,207,x_R31_EXIT_H,x_R32_EXIT_A,0.0007288551768346484
205,214,x_R31_EXIT_H,x_R32_EXIT_H,0.0014249528176317845
205,216,x_R31_EXIT_H,x_R33_EXIT_A,0.0007288551768346484
205,223,x_R31_EXIT_H,x_R33_EXIT_H,0.0014249528176317845
205,225,x_R31_EXIT_H,x_R34_EXIT_A,0.0007288551768346484
205,232,x_R31_EXIT_H,x_R34_EXIT_H,0.0014249528176317845
205,238,x_R31_EXIT_H,x_R35_EXIT_E,0.0007288551768346484
205,239,x_R31_EXIT_H,x_R35_EXIT_F,0.0007288551768346484
205,240,x_R31_EXIT_H,x_R35_EXIT_G,0.0006551507207502458
205,241,x_R31_EXIT_H,x_R35_EXIT_H,0.00032757536037512284
205,242,x_R31_EXIT_H,x_R35_EXIT_STAIRWELL,0.0007288551768346484
205,243,x_R31_EXIT_H,x_R36_EXIT_A,0.0007370445608440263
205,244,x_R31_EXIT_H,x_R36_EXIT_B,0.0007370445608440263
205,245,x_R31_EXIT_H,x_R36_EXIT_C,0.0005323099606095746
205,246,x_R31_EXIT_H,x_R36_EXIT_D,0.0005323099606095746
205,247,x_R31_EXIT_H,x_R36_EXIT_E,0.0012693545214536009
205,248,x_R31_EXIT_H,x_R36_EXIT_F,0.0012693545214536009
205,249,x_R31_EXIT_H,x_R36_EXIT_G,0.0009008322410315877
205,250,x_R31_EXIT_H,x_R36_EXIT_H,0.004217532764829706
205,251,x_R31_EXIT_H,x_R36_EXIT_STAIRWELL,0.0012693545214536009
206,206,x_R31_EXIT_STAIRWELL,x_R31_EXIT_STAIRWELL,-0.8298237331976235
206,215,x_R31_EXIT_STAIRWELL,x_R32_EXIT_STAIRWELL,0.0003275753603751229
206,224,x_R31_EXIT_STAIRWELL,x_R33_EXIT_STAIRWELL,0.0003275753603751229
206,233,x_R31_EXIT_STAIRWELL,x_R34_EXIT_STAIRWELL,0.0003275753603751229
206,242,x_R31_EXIT_STAIRWELL,x_R35_EXIT_STAIRWELL,0.0005077418085814404
206,247,x_R31_EXIT_STAIRWELL,x_R36_EXIT_E,0.00036852228042201317
206,248,x_R31_EXIT_STAIRWELL,x_R36_EXIT_F,0.00036852228042201317
206,251,x_R31_EXIT_STAIRWELL,x_R36_EXIT_STAIRWELL,0.0025387090429072018
207,207,x_R32_EXIT_A,x_R32_EXIT_A,-0.8014408440635226
207,208,x_R32_EXIT_A,x_R32_EXIT_B,1.673717720447093
207,209,x_R32_EXIT_A,x_R32_EXIT_C,1.673717720447093
207,210,x_R32_EXIT_A,x_R32_EXIT_D,1.673717720447093
207,211,x_R32_EXIT_A,x_R32_EXIT_E,1.673717720447093
207,212,x_R32_EXIT_A,x_R32_EXIT_F,1.6743257822097892
207,213,x_R32_EXIT_A,x_R32_EXIT_G,1.67484171340238
207,214,x_R32_EXIT_A,x_R32_EXIT_H,1.6754968641231305
207,215,x_R32_EXIT_A,x_R32_EXIT_STAIRWELL,1.6746206000341268
207,216,x_R32_EXIT_A,x_R33_EXIT_A,0.0023094062906446164
207,221,x_R32_EXIT_A,x_R33_EXIT_F,0.00022111336825320795
207,222,x_R32_EXIT_A,x_R33_EXIT_G,0.0002948178243376106
207,223,x_R32_EXIT_A,x_R33_EXIT_H,0.0009499685450878562
207,225,x_R32_EXIT_A,x_R34_EXIT_A,0.0023094062906446164
207,230,x_R32_EXIT_A,x_R34_EXIT_F,0.00022111336825320795
207,231,x_R32_EXIT_A,x_R34_EXIT_G,0.0002948178243376106
207,232,x_R32_EXIT_A,x_R34_EXIT_H,0.0009499685450878562
207,234,x_R32_EXIT_A,x_R35_EXIT_A,0.0003275753603751229
207,235,x_R32_EXIT_A,x_R35_EXIT_B,0.0003685222804220132
207,236,x_R32_EXIT_A,x_R35_EXIT_C,0.0003685222804220132
207,237,x_R32_EXIT_A,x_R35_EXIT_D,0.000958157929097234
207,238,x_R32_EXIT_A,x_R35_EXIT_E,0.001981830930269493
207,239,x_R32_EXIT_A,x_R35_EXIT_F,0.002202944298522701
207,240,x_R32_EXIT_A,x_R35_EXIT_G,0.0016870131059318826
207,242,x_R32_EXIT_A,x_R35_EXIT_STAIRWELL,0.001834422018100688
207,243,x_R32_EXIT_A,x_R36_EXIT_A,0.007534233288627827
207,244,x_R32_EXIT_A,x_R36_EXIT_B,0.004053745084642144
207,245,x_R32_EXIT_A,x_R36_EXIT_C,0.0005323099606095746
207,246,x_R32_EXIT_A,x_R36_EXIT_D,0.0005323099606095746
207,247,x_R32_EXIT_A,x_R36_EXIT_E,0.0023749213627196402
207,248,x_R32_EXIT_A,x_R36_EXIT_F,0.00348048820398568
207,249,x_R32_EXIT_A,x_R36_EXIT_G,0.0009008322410315877
207,250,x_R32_EXIT_A,x_R36_EXIT_H,0.0007370445608440263
207,251,x_R32_EXIT_A,x_R36_EXIT_STAIRWELL,0.001637876801875614
208,208,x_R32_EXIT_B,x_R32_EXIT_B,-0.8074919944204241
208,209,x_R32_EXIT_B,x_R32_EXIT_C,1.6743994866658738
208,210,x_R32_EXIT_B,x_R32_EXIT_D,1.6743994866658738
208,211,x_R32_EXIT_B,x_R32_EXIT_E,1.6743257822097892
208,212,x_R32_EXIT_B,x_R32_EXIT_F,1.673717720447093
208,213,x_R32_EXIT_B,x_R32_EXIT_G,1.673717720447093
208,214,x_R32_EXIT_B,x_R32_EXIT_H,1.673717720447093
208,215,x_R32_EXIT_B,x_R32_EXIT_STAIRWELL,1.673717720447093
208,216,x_R32_EXIT_B,x_R33_EXIT_A,0.0001474089121688053
208,217,x_R32_EXIT_B,x_R33_EXIT_B,0.0025468984269165803
208,221,x_R32_EXIT_B,x_R33_EXIT_F,0.0001474089121688053
208,222,x_R32_EXIT_B,x_R33_EXIT_G,0.0001474089121688053
208,223,x_R32_EXIT_B,x_R33_EXIT_H,0.0001474089121688053
208,224,x_R32_EXIT_B,x_R33_EXIT_STAIRWELL,0.0001474089121688053
208,225,x_R32_EXIT_B,x_R34_EXIT_A,0.0001474089121688053
208,226,x_R32_EXIT_B,x_R34_EXIT_B,0.0025468984269165803
208,230,x_R32_EXIT_B,x_R34_EXIT_F,0.0001474089121688053
208,231,x_R32_EXIT_B,x_R34_EXIT_G,0.0001474089121688053
208,232,x_R32_EXIT_B,x_R34_EXIT_H,0.0001474089121688053
208,233,x_R32_EXIT_B,x_R34_EXIT_STAIRWELL,0.0001474089121688053
208,235,x_R32_EXIT_B,x_R35_EXIT_B,0.00032757536037512284
208,238,x_R32_EXIT_B,x_R35_EXIT_E,0.0001474089121688053
208,244,x_R32_EXIT_B,x_R36_EXIT_B,0.001637876801875614
208,245,x_R32_EXIT_B,x_R36_EXIT_C,0.0029481782433761054
208,246,x_R32_EXIT_B,x_R36_EXIT_D,0.0005323099606095745
208,247,x_R32_EXIT_B,x_R36_EXIT_E,0.0007370445608440263
209,209,x_R32_EXIT_C,x_R32_EXIT_C,-0.8082865915842287
209,210,x_R32_EXIT_C,x_R32_EXIT_D,1.6752102356828023
209,211,x_R32_EXIT_C,x_R32_EXIT_E,1.6743257822097892
209,212,x_R32_EXIT_C,x_R32_EXIT_F,1.673717720447093
209,213,x_R32_EXIT_C,x_R32_EXIT_G,1.673717720447093
209,214,x_R32_EXIT_C,x_R32_EXIT_H,1.673717720447093
209,215,x_R32_EXIT_C,x_R32_EXIT_STAIRWELL,1.673717720447093
209,218,x_R32_EXIT_C,x_R33_EXIT_C,0.0017934750980537974
209,219,x_R32_EXIT_C,x_R33_EXIT_D,0.0008844534730128316
209,227,x_R32_EXIT_C,x_R34_EXIT_C,0.0017934750980537974
209,228,x_R32_EXIT_C,x_R34_EXIT_D,0.0008844534730128316
209,236,x_R32_EXIT_C,x_R35_EXIT_C,0.00032757536037512284
209,245,x_R32_EXIT_C,x_R36_EXIT_C,0.0025387090429072013
209,246,x_R32_EXIT_C,x_R36_EXIT_D,0.002211133682532079
209,247,x_R32_EXIT_C,x_R36_EXIT_E,0.00036852228042201317
210,210,x_R32_EXIT_D,x_R32_EXIT_D,-0.8134445317968708
210,211,x_R32_EXIT_D,x_R32_EXIT_E,1.6743257822097892
210,212,x_R32_EXIT_D,x_R32_EXIT_F,1.673717720447093
210,213,x_R32_EXIT_D,x_R32_EXIT_G,1.673717720447093
210,214,x_R32_EXIT_D,x_R32_EXIT_H,1.673717720447093
210,215,x_R32_EXIT_D,x_R32_EXIT_STAIRWELL,1.673717720447093
210,218,x_R32_EXIT_D,x_R33_EXIT_C,0.0008844534730128316
210,219,x_R32_EXIT_D,x_R33_EXIT_D,0.001506846657725565
210,227,x_R32_EXIT_D,x_R34_EXIT_C,0.0008844534730128316
210,228,x_R32_EXIT_D,x_R34_EXIT_D,0.001506846657725565
210,237,x_R32_EXIT_D,x_R35_EXIT_D,0.0006223931847127334
210,246,x_R32_EXIT_D,x_R36_EXIT_D,0.005323099606095745
210,247,x_R32_EXIT_D,x_R36_EXIT_E,0.00036852228042201317
211,211,x_R32_EXIT_E,x_R32_EXIT_E,-0.8234410262457895
211,212,x_R32_EXIT_E,x_R32_EXIT_F,1.673717720447093
211,213,x_R32_EXIT_E,x_R32_EXIT_G,1.673717720447093
211,214,x_R32_EXIT_E,x_R32_EXIT_H,1.673717720447093
211,215,x_R32_EXIT_E,x_R32_EXIT_STAIRWELL,1.673717720447093
211,216,x_R32_EXIT_E,x_R33_EXIT_A,0.0008107490169284291
211,217,x_R32_EXIT_E,x_R33_EXIT_B,0.0008107490169284291
211,218,x_R32_EXIT_E,x_R33_EXIT_C,0.0008107490169284291
211,219,x_R32_EXIT_E,x_R33_EXIT_D,0.0008107490169284291
211,220,x_R32_EXIT_E,x_R33_EXIT_E,0.0006960976407971362
211,221,x_R32_EXIT_E,x_R33_EXIT_F,0.0008107490169284291
211,222,x_R32_EXIT_E,x_R33_EXIT_G,0.0008107490169284291
211,223,x_R32_EXIT_E,x_R33_EXIT_H,0.0008107490169284291
211,224,x_R32_EXIT_E,x_R33_EXIT_STAIRWELL,0.0008107490169284291
211,225,x_R32_EXIT_E,x_R34_EXIT_A,0.00022111336825320795
211,226,x_R32_EXIT_E,x_R34_EXIT_B,0.00022111336825320795
211,227,x_R32_EXIT_E,x_R34_EXIT_C,0.00022111336825320795
211,228,x_R32_EXIT_E,x_R34_EXIT_D,0.00022111336825320795
211,229,x_R32_EXIT_E,x_R34_EXIT_E,0.00010646199212191492
211,230,x_R32_EXIT_E,x_R34_EXIT_F,0.00022111336825320795
211,231,x_R32_EXIT_E,x_R34_EXIT_G,0.00022111336825320795
211,232,x_R32_EXIT_E,x_R34_EXIT_H,0.00022111336825320795
211,233,x_R32_EXIT_E,x_R34_EXIT_STAIRWELL,0.00022111336825320795
211,238,x_R32_EXIT_E,x_R35_EXIT_E,0.0015723617298005895
211,247,x_R32_EXIT_E,x_R36_EXIT_E,0.007861808649002947
212,212,x_R32_EXIT_F,x_R32_EXIT_F,-0.8323227433524056
212,213,x_R32_EXIT_F,x_R32_EXIT_G,1.6743257822097892
212,214,x_R32_EXIT_F,x_R32_EXIT_H,1.6743257822097892
212,215,x_R32_EXIT_F,x_R32_EXIT_STAIRWELL,1.6743257822097892
212,221,x_R32_EXIT_F,x_R33_EXIT_F,0.00010646199212191492
212,230,x_R32_EXIT_F,x_R34_EXIT_F,0.00010646199212191492
212,239,x_R32_EXIT_F,x_R35_EXIT_F,0.00010646199212191492
212,248,x_R32_EXIT_F,x_R36_EXIT_F,0.0005323099606095746
213,213,x_R32_EXIT_G,x_R32_EXIT_G,-0.8166321309531255
213,214,x_R32_EXIT_G,x_R32_EXIT_H,1.67484171340238
213,215,x_R32_EXIT_G,x_R32_EXIT_STAIRWELL,1.6746206000341268
213,216,x_R32_EXIT_G,x_R33_EXIT_A,0.0002948178243376106
213,221,x_R32_EXIT_G,x_R33_EXIT_F,0.00022111336825320795
213,222,x_R32_EXIT_G,x_R33_EXIT_G,0.0020145884663070055
213,223,x_R32_EXIT_G,x_R33_EXIT_H,0.0002948178243376106
213,225,x_R32_EXIT_G,x_R34_EXIT_A,0.0002948178243376106
213,230,x_R32_EXIT_G,x_R34_EXIT_F,0.00022111336825320795
213,231,x_R32_EXIT_G,x_R34_EXIT_G,0.0020145884663070055
213,232,x_R32_EXIT_G,x_R34_EXIT_H,0.0002948178243376106
213,238,x_R32_EXIT_G,x_R35_EXIT_E,0.0002948178243376106
213,239,x_R32_EXIT_G,x_R35_EXIT_F,0.0005159311925908185
213,240,x_R32_EXIT_G,x_R35_EXIT_G,0.0017197706419693952
213,242,x_R32_EXIT_G,x_R35_EXIT_STAIRWELL,0.0001474089121688053
213,247,x_R32_EXIT_G,x_R36_EXIT_E,0.0014740891216880527
213,248,x_R32_EXIT_G,x_R36_EXIT_F,0.0025796559629540925
213,249,x_R32_EXIT_G,x_R36_EXIT_G,0.008598853209846975
213,251,x_R32_EXIT_G,x_R36_EXIT_STAIRWELL,0.0007370445608440263
214,214,x_R32_EXIT_H,x_R32_EXIT_H,-0.8101302241033658
214,215,x_R32_EXIT_H,x_R32_EXIT_STAIRWELL,1.6746206000341268
214,216,x_R32_EXIT_H,x_R33_EXIT_A,0.0009499685450878562
214,221,x_R32_EXIT_H,x_R33_EXIT_F,0.00022111336825320795
214,222,x_R32_EXIT_H,x_R33_EXIT_G,0.0002948178243376106
214,223,x_R32_EXIT_H,x_R33_EXIT_H,0.0016460661858849921
214,225,x_R32_EXIT_H,x_R34_EXIT_A,0.0009499685450878562
214,230,x_R32_EXIT_H,x_R34_EXIT_F,0.00022111336825320795
214,231,x_R32_EXIT_H,x_R34_EXIT_G,0.0002948178243376106
214,232,x_R32_EXIT_H,x_R34_EXIT_H,0.0016460661858849921
214,238,x_R32_EXIT_H,x_R35_EXIT_E,0.0009499685450878562
214,239,x_R32_EXIT_H,x_R35_EXIT_F,0.001171081913341064
214,240,x_R32_EXIT_H,x_R35_EXIT_G,0.0006551507207502458
214,241,x_R32_EXIT_H,x_R35_EXIT_H,0.00032757536037512284
214,242,x_R32_EXIT_H,x_R35_EXIT_STAIRWELL,0.000802559632919051
214,243,x_R32_EXIT_H,x_R36_EXIT_A,0.0007370445608440263
214,244,x_R32_EXIT_H,x_R36_EXIT_B,0.0007370445608440263
214,245,x_R32_EXIT_H,x_R36_EXIT_C,0.0005323099606095746
214,246,x_R32_EXIT_H,x_R36_EXIT_D,0.0005323099606095746
214,247,x_R32_EXIT_H,x_R36_EXIT_E,0.0023749213627196402
214,248,x_R32_EXIT_H,x_R36_EXIT_F,0.00348048820398568
214,249,x_R32_EXIT_H,x_R36_EXIT_G,0.0009008322410315877
214,250,x_R32_EXIT_H,x_R36_EXIT_H,0.004217532764829706
214,251,x_R32_EXIT_H,x_R36_EXIT_STAIRWELL,0.001637876801875614
215,215,x_R32_EXIT_STAIRWELL,x_R32_EXIT_STAIRWELL,-0.8282669560337095
215,221,x_R32_EXIT_STAIRWELL,x_R33_EXIT_F,0.00022111336825320795
215,224,x_R32_EXIT_STAIRWELL,x_R33_EXIT_STAIRWELL,0.00047498427254392815
215,230,x_R32_EXIT_STAIRWELL,x_R34_EXIT_F,0.00022111336825320795
215,233,x_R32_EXIT_STAIRWELL,x_R34_EXIT_STAIRWELL,0.00047498427254392815
215,239,x_R32_EXIT_STAIRWELL,x_R35_EXIT_F,0.0002948178243376106
215,242,x_R32_EXIT_STAIRWELL,x_R35_EXIT_STAIRWELL,0.0003275753603751229
215,247,x_R32_EXIT_STAIRWELL,x_R36_EXIT_E,0.00036852228042201317
215,248,x_R32_EXIT_STAIRWELL,x_R36_EXIT_F,0.0014740891216880527
215,251,x_R32_EXIT_STAIRWELL,x_R36_EXIT_STAIRWELL,0.0016378768018756142
216,216,x_R33_EXIT_A,x_R33_EXIT_A,-0.7986140316334703
216,217,x_R33_EXIT_A,x_R33_EXIT_B,1.6746943044902114
216,218,x_R33_EXIT_A,x_R33_EXIT_C,1.6746206000341268
216,219,x_R33_EXIT_A,x_R33_EXIT_D,1.6746206000341268
216,220,x_R33_EXIT_A,x_R33_EXIT_E,1.673717720447093
216,221,x_R33_EXIT_A,x_R33_EXIT_F,1.6747680089462957
216,222,x_R33_EXIT_A,x_R33_EXIT_G,1.6750628267706333
216,223,x_R33_EXIT_A,x_R33_EXIT_H,1.6757179774913835
216,224,x_R33_EXIT_A,x_R33_EXIT_STAIRWELL,1.67484171340238
216,225,x_R33_EXIT_A,x_R34_EXIT_A,0.0027516330271510326
216,226,x_R33_EXIT_A,x_R34_EXIT_B,0.0003685222804220132
216,227,x_R33_EXIT_A,x_R34_EXIT_C,0.0002948178243376106
216,228,x_R33_EXIT_A,x_R34_EXIT_D,0.0002948178243376106
216,230,x_R33_EXIT_A,x_R34_EXIT_F,0.0004422267365064159
216,231,x_R33_EXIT_A,x_R34_EXIT_G,0.0007370445608440266
216,232,x_R33_EXIT_A,x_R34_EXIT_H,0.0013921952815942721
216,233,x_R33_EXIT_A,x_R34_EXIT_STAIRWELL,0.0005159311925908185
216,234,x_R33_EXIT_A,x_R35_EXIT_A,0.0003275753603751229
216,235,x_R33_EXIT_A,x_R35_EXIT_B,0.0003685222804220132
216,236,x_R33_EXIT_A,x_R35_EXIT_C,0.0003685222804220132
216,237,x_R33_EXIT_A,x_R35_EXIT_D,0.000958157929097234
216,238,x_R33_EXIT_A,x_R35_EXIT_E,0.0030136933154511305
216,239,x_R33_EXIT_A,x_R35_EXIT_F,0.001981830930269493
216,240,x_R33_EXIT_A,x_R35_EXIT_G,0.0016870131059318826
216,242,x_R33_EXIT_A,x_R35_EXIT_STAIRWELL,0.001834422018100688
216,243,x_R33_EXIT_A,x_R36_EXIT_A,0.007534233288627827
216,244,x_R33_EXIT_A,x_R36_EXIT_B,0.004053745084642144
216,245,x_R33_EXIT_A,x_R36_EXIT_C,0.0005323099606095746
216,246,x_R33_EXIT_A,x_R36_EXIT_D,0.0005323099606095746
216,247,x_R33_EXIT_A,x_R36_EXIT_E,0.007534233288627824
216,248,x_R33_EXIT_A,x_R36_EXIT_F,0.0023749213627196402
216,249,x_R33_EXIT_A,x_R36_EXIT_G,0.0009008322410315877
216,250,x_R33_EXIT_A,x_R36_EXIT_H,0.0007370445608440263
216,251,x_R33_EXIT_A,x_R36_EXIT_STAIRWELL,0.001637876801875614
217,217,x_R33_EXIT_B,x_R33_EXIT_B,-0.8048741247400585
217,218,x_R33_EXIT_B,x_R33_EXIT_C,1.6746206000341268
217,219,x_R33_EXIT_B,x_R33_EXIT_D,1.6746206000341268
217,220,x_R33_EXIT_B,x_R33_EXIT_E,1.673717720447093
217,221,x_R33_EXIT_B,x_R33_EXIT_F,1.6746943044902114
217,222,x_R33_EXIT_B,x_R33_EXIT_G,1.6746943044902114
217,223,x_R33_EXIT_B,x_R33_EXIT_H,1.6746943044902114
217,224,x_R33_EXIT_B,x_R33_EXIT_STAIRWELL,1.6746943044902114
217,225,x_R33_EXIT_B,x_R34_EXIT_A,0.0003685222804220132
217,226,x_R33_EXIT_B,x_R34_EXIT_B,0.0027680117951697884
217,227,x_R33_EXIT_B,x_R34_EXIT_C,0.0002948178243376106
217,228,x_R33_EXIT_B,x_R34_EXIT_D,0.0002948178243376106
217,230,x_R33_EXIT_B,x_R34_EXIT_F,0.0003685222804220132
217,231,x_R33_EXIT_B,x_R34_EXIT_G,0.0003685222804220132
217,232,x_R33_EXIT_B,x_R34_EXIT_H,0.0003685222804220132
217,233,x_R33_EXIT_B,x_R34_EXIT_STAIRWELL,0.0003685222804220132
217,235,x_R33_EXIT_B,x_R35_EXIT_B,0.00032757536037512284
217,238,x_R33_EXIT_B,x_R35_EXIT_E,0.0009581579290972342
217,244,x_R33_EXIT_B,x_R36_EXIT_B,0.001637876801875614
217,245,x_R33_EXIT_B,x_R36_EXIT_C,0.0029481782433761054
217,246,x_R33_EXIT_B,x_R36_EXIT_D,0.0005323099606095745
217,247,x_R33_EXIT_B,x_R36_EXIT_E,0.004790789645486172
218,218,x_R33_EXIT_C,x_R33_EXIT_C,-0.8056687219038631
218,219,x_R33_EXIT_C,x_R33_EXIT_D,1.6754313490510553
218,220,x_R33_EXIT_C,x_R33_EXIT_E,1.673717720447093
218,221,x_R33_EXIT_C,x_R33_EXIT_F,1.6746206000341268
218,222,x_R33_EXIT_C,x_R33_EXIT_G,1.6746206000341268
218,223,x_R33_EXIT_C,x_R33_EXIT_H,1.6746206000341268
218,224,x_R33_EXIT_C,x_R33_EXIT_STAIRWELL,1.6746206000341268
218,225,x_R33_EXIT_C,x_R34_EXIT_A,0.0002948178243376106
218,226,x_R33_EXIT_C,x_R34_EXIT_B,0.0002948178243376106
218,227,x_R33_EXIT_C,x_R34_EXIT_C,0.002014588466307005
218,228,x_R33_EXIT_C,x_R34_EXIT_D,0.0011055668412660394
218,230,x_R33_EXIT_C,x_R34_EXIT_F,0.0002948178243376106
218,231,x_R33_EXIT_C,x_R34_EXIT_G,0.0002948178243376106
218,232,x_R33_EXIT_C,x_R34_EXIT_H,0.0002948178243376106
218,233,x_R33_EXIT_C,x_R34_EXIT_STAIRWELL,0.0002948178243376106
218,236,x_R33_EXIT_C,x_R35_EXIT_C,0.00032757536037512284
218,238,x_R33_EXIT_C,x_R35_EXIT_E,0.0008844534730128318
218,245,x_R33_EXIT_C,x_R36_EXIT_C,0.0025387090429072013
218,246,x_R33_EXIT_C,x_R36_EXIT_D,0.002211133682532079
218,247,x_R33_EXIT_C,x_R36_EXIT_E,0.004422267365064158
219,219,x_R33_EXIT_D,x_R33_EXIT_D,-0.8108266621165052
219,220,x_R33_EXIT_D,x_R33_EXIT_E,1.673717720447093
219,221,x_R33_EXIT_D,x_R33_EXIT_F,1.6746206000341268
219,222,x_R33_EXIT_D,x_R33_EXIT_G,1.6746206000341268
219,223,x_R33_EXIT_D,x_R33_EXIT_H,1.6746206000341268
219,224,x_R33_EXIT_D,x_R33_EXIT_STAIRWELL,1.6746206000341268
219,225,x_R33_EXIT_D,x_R34_EXIT_A,0.0002948178243376106
219,226,x_R33_EXIT_D,x_R34_EXIT_B,0.0002948178243376106
219,227,x_R33_EXIT_D,x_R34_EXIT_C,0.0011055668412660394
219,228,x_R33_EXIT_D,x_R34_EXIT_D,0.001727960025978773
219,230,x_R33_EXIT_D,x_R34_EXIT_F,0.0002948178243376106
219,231,x_R33_EXIT_D,x_R34_EXIT_G,0.0002948178243376106
219,232,x_R33_EXIT_D,x_R34_EXIT_H,0.0002948178243376106
219,233,x_R33_EXIT_D,x_R34_EXIT_STAIRWELL,0.0002948178243376106
219,237,x_R33_EXIT_D,x_R35_EXIT_D,0.0006223931847127334
219,238,x_R33_EXIT_D,x_R35_EXIT_E,0.0008844534730128318
219,246,x_R33_EXIT_D,x_R36_EXIT_D,0.005323099606095745
219,247,x_R33_EXIT_D,x_R36_EXIT_E,0.004422267365064158
220,220,x_R33_EXIT_E,x_R33_EXIT_E,-0.8319048578530325
220,221,x_R33_EXIT_E,x_R33_EXIT_F,1.673717720447093
220,222,x_R33_EXIT_E,x_R33_EXIT_G,1.673717720447093
220,223,x_R33_EXIT_E,x_R33_EXIT_H,1.673717720447093
220,224,x_R33_EXIT_E,x_R33_EXIT_STAIRWELL,1.673717720447093
220,229,x_R33_EXIT_E,x_R34_EXIT_E,0.00010646199212191492
220,238,x_R33_EXIT_E,x_R35_EXIT_E,0.0006960976407971362
220,247,x_R33_EXIT_E,x_R36_EXIT_E,0.00348048820398568
221,221,x_R33_EXIT_F,x_R33_EXIT_F,-0.8242601915616222
221,222,x_R33_EXIT_F,x_R33_EXIT_G,1.6747680089462957
221,223,x_R33_EXIT_F,x_R33_EXIT_H,1.6747680089462957
221,224,x_R33_EXIT_F,x_R33_EXIT_STAIRWELL,1.6747680089462957
221,225,x_R33_EXIT_F,x_R34_EXIT_A,0.0004422267365064159
221,226,x_R33_EXIT_F,x_R34_EXIT_B,0.0003685222804220132
221,227,x_R33_EXIT_F,x_R34_EXIT_C,0.0002948178243376106
221,228,x_R33_EXIT_F,x_R34_EXIT_D,0.0002948178243376106
221,230,x_R33_EXIT_F,x_R34_EXIT_F,0.0007698020968815388
221,231,x_R33_EXIT_F,x_R34_EXIT_G,0.0004422267365064159
221,232,x_R33_EXIT_F,x_R34_EXIT_H,0.0004422267365064159
221,233,x_R33_EXIT_F,x_R34_EXIT_STAIRWELL,0.0004422267365064159
221,238,x_R33_EXIT_F,x_R35_EXIT_E,0.001031862385181637
221,239,x_R33_EXIT_F,x_R35_EXIT_F,0.0003275753603751229
221,247,x_R33_EXIT_F,x_R36_EXIT_E,0.005159311925908184
221,248,x_R33_EXIT_F,x_R36_EXIT_F,0.0016378768018756142
222,222,x_R33_EXIT_G,x_R33_EXIT_G,-0.8138053185230733
222,223,x_R33_EXIT_G,x_R33_EXIT_H,1.6750628267706333
222,224,x_R33_EXIT_G,x_R33_EXIT_STAIRWELL,1.67484171340238
222,225,x_R33_EXIT_G,x_R34_EXIT_A,0.0007370445608440266
222,226,x_R33_EXIT_G,x_R34_EXIT_B,0.0003685222804220132
222,227,x_R33_EXIT_G,x_R34_EXIT_C,0.0002948178243376106
222,228,x_R33_EXIT_G,x_R34_EXIT_D,0.0002948178243376106
222,230,x_R33_EXIT_G,x_R34_EXIT_F,0.0004422267365064159
222,231,x_R33_EXIT_G,x_R34_EXIT_G,0.0024568152028134217
222,232,x_R33_EXIT_G,x_R34_EXIT_H,0.0007370445608440266
222,233,x_R33_EXIT_G,x_R34_EXIT_STAIRWELL,0.0005159311925908185
222,238,x_R33_EXIT_G,x_R35_EXIT_E,0.0013266802095192477
222,239,x_R33_EXIT_G,x_R35_EXIT_F,0.0002948178243376106
222,240,x_R33_EXIT_G,x_R35_EXIT_G,0.0017197706419693952
222,242,x_R33_EXIT_G,x_R35_EXIT_STAIRWELL,0.0001474089121688053
222,247,x_R33_EXIT_G,x_R36_EXIT_E,0.006633401047596238
222,248,x_R33_EXIT_G,x_R36_EXIT_F,0.0014740891216880527
222,249,x_R33_EXIT_G,x_R36_EXIT_G,0.008598853209846975
222,251,x_R33_EXIT_G,x_R36_EXIT_STAIRWELL,0.0007370445608440263
223,223,x_R33_EXIT_H,x_R33_EXIT_H,-0.8073034116733135
223,224,x_R33_EXIT_H,x_R33_EXIT_STAIRWELL,1.67484171340238
223,225,x_R33_EXIT_H,x_R34_EXIT_A,0.0013921952815942721
223,226,x_R33_EXIT_H,x_R34_EXIT_B,0.0003685222804220132
223,227,x_R33_EXIT_H,x_R34_EXIT_C,0.0002948178243376106
223,228,x_R33_EXIT_H,x_R34_EXIT_D,0.0002948178243376106
223,230,x_R33_EXIT_H,x_R34_EXIT_F,0.0004422267365064159
223,231,x_R33_EXIT_H,x_R34_EXIT_G,0.0007370445608440266
223,232,x_R33_EXIT_H,x_R34_EXIT_H,0.0020882929223914083
223,233,x_R33_EXIT_H,x_R34_EXIT_STAIRWELL,0.0005159311925908185
223,238,x_R33_EXIT_H,x_R35_EXIT_E,0.001981830930269493
223,239,x_R33_EXIT_H,x_R35_EXIT_F,0.0009499685450878562
223,240,x_R33_EXIT_H,x_R35_EXIT_G,0.0006551507207502458
223,241,x_R33_EXIT_H,x_R35_EXIT_H,0.00032757536037512284
223,242,x_R33_EXIT_H,x_R35_EXIT_STAIRWELL,0.000802559632919051
223,243,x_R33_EXIT_H,x_R36_EXIT_A,0.0007370445608440263
223,244,x_R33_EXIT_H,x_R36_EXIT_B,0.0007370445608440263
223,245,x_R33_EXIT_H,x_R36_EXIT_C,0.0005323099606095746
223,246,x_R33_EXIT_H,x_R36_EXIT_D,0.0005323099606095746
223,247,x_R33_EXIT_H,x_R36_EXIT_E,0.007534233288627824
223,248,x_R33_EXIT_H,x_R36_EXIT_F,0.0023749213627196402
223,249,x_R33_EXIT_H,x_R36_EXIT_G,0.0009008322410315877
223,250,x_R33_EXIT_H,x_R36_EXIT_H,0.004217532764829706
223,251,x_R33_EXIT_H,x_R36_EXIT_STAIRWELL,0.001637876801875614
224,224,x_R33_EXIT_STAIRWELL,x_R33_EXIT_STAIRWELL,-0.8254401436036573
224,225,x_R33_EXIT_STAIRWELL,x_R34_EXIT_A,0.0005159311925908185
224,226,x_R33_EXIT_STAIRWELL,x_R34_EXIT_B,0.0003685222804220132
224,227,x_R33_EXIT_STAIRWELL,x_R34_EXIT_C,0.0002948178243376106
224,228,x_R33_EXIT_STAIRWELL,x_R34_EXIT_D,0.0002948178243376106
224,230,x_R33_EXIT_STAIRWELL,x_R34_EXIT_F,0.0004422267365064159
224,231,x_R33_EXIT_STAIRWELL,x_R34_EXIT_G,0.0005159311925908185
224,232,x_R33_EXIT_STAIRWELL,x_R34_EXIT_H,0.0005159311925908185
224,233,x_R33_EXIT_STAIRWELL,x_R34_EXIT_STAIRWELL,0.000917211009050344
224,238,x_R33_EXIT_STAIRWELL,x_R35_EXIT_E,0.0011055668412660396
224,242,x_R33_EXIT_STAIRWELL,x_R35_EXIT_STAIRWELL,0.0003275753603751229
224,247,x_R33_EXIT_STAIRWELL,x_R36_EXIT_E,0.005527834206330197
224,248,x_R33_EXIT_STAIRWELL,x_R36_EXIT_F,0.00036852228042201317
224,251,x_R33_EXIT_STAIRWELL,x_R36_EXIT_STAIRWELL,0.0016378768018756142
225,225,x_R34_EXIT_A,x_R34_EXIT_A,-0.7927350852556605
225,226,x_R34_EXIT_A,x_R34_EXIT_B,1.6751692887627552
225,227,x_R34_EXIT_A,x_R34_EXIT_C,1.6750955843066708
225,228,x_R34_EXIT_A,x_R34_EXIT_D,1.6750955843066708
225,229,x_R34_EXIT_A,x_R34_EXIT_E,1.674358539745827
225,230,x_R34_EXIT_A,x_R34_EXIT_F,1.6752429932188397
225,231,x_R34_EXIT_A,x_R34_EXIT_G,1.6755378110431773
225,232,x_R34_EXIT_A,x_R34_EXIT_H,1.6761929617639275
225,233,x_R34_EXIT_A,x_R34_EXIT_STAIRWELL,1.675316697674924
225,234,x_R34_EXIT_A,x_R35_EXIT_A,0.0003275753603751229
225,235,x_R34_EXIT_A,x_R35_EXIT_B,0.0003685222804220132
225,236,x_R34_EXIT_A,x_R35_EXIT_C,0.0003685222804220132
225,237,x_R34_EXIT_A,x_R35_EXIT_D,0.000958157929097234
225,238,x_R34_EXIT_A,x_R35_EXIT_E,0.002424057666775909
225,239,x_R34_EXIT_A,x_R35_EXIT_F,0.001981830930269493
225,240,x_R34_EXIT_A,x_R35_EXIT_G,0.0016870131059318826
225,242,x_R34_EXIT_A,x_R35_EXIT_STAIRWELL,0.001834422018100688
225,243,x_R34_EXIT_A,x_R36_EXIT_A,0.007534233288627827
225,244,x_R34_EXIT_A,x_R36_EXIT_B,0.004053745084642144
225,245,x_R34_EXIT_A,x_R36_EXIT_C,0.0005323099606095746
225,246,x_R34_EXIT_A,x_R36_EXIT_D,0.0005323099606095746
225,247,x_R34_EXIT_A,x_R36_EXIT_E,0.004586055045251719
225,248,x_R34_EXIT_A,x_R36_EXIT_F,0.0023749213627196402
225,249,x_R34_EXIT_A,x_R36_EXIT_G,0.0009008322410315877
225,250,x_R34_EXIT_A,x_R36_EXIT_H,0.0007370445608440263
225,251,x_R34_EXIT_A,x_R36_EXIT_STAIRWELL,0.001637876801875614
226,226,x_R34_EXIT_B,x_R34_EXIT_B,-0.7989951783622486
226,227,x_R34_EXIT_B,x_R34_EXIT_C,1.6750955843066708
226,228,x_R34_EXIT_B,x_R34_EXIT_D,1.6750955843066708
226,229,x_R34_EXIT_B,x_R34_EXIT_E,1.674358539745827
226,230,x_R34_EXIT_B,x_R34_EXIT_F,1.6751692887627552
226,231,x_R34_EXIT_B,x_R34_EXIT_G,1.6751692887627552
226,232,x_R34_EXIT_B,x_R34_EXIT_H,1.6751692887627552
226,233,x_R34_EXIT_B,x_R34_EXIT_STAIRWELL,1.6751692887627552
226,235,x_R34_EXIT_B,x_R35_EXIT_B,0.00032757536037512284
226,238,x_R34_EXIT_B,x_R35_EXIT_E,0.0003685222804220132
226,244,x_R34_EXIT_B,x_R36_EXIT_B,0.001637876801875614
226,245,x_R34_EXIT_B,x_R36_EXIT_C,0.0029481782433761054
226,246,x_R34_EXIT_B,x_R36_EXIT_D,0.0005323099606095745
226,247,x_R34_EXIT_B,x_R36_EXIT_E,0.0018426114021100658
227,227,x_R34_EXIT_C,x_R34_EXIT_C,-0.7997897755260532
227,228,x_R34_EXIT_C,x_R34_EXIT_D,1.6759063333235993
227,229,x_R34_EXIT_C,x_R34_EXIT_E,1.674358539745827
227,230,x_R34_EXIT_C,x_R34_EXIT_F,1.6750955843066708
227,231,x_R34_EXIT_C,x_R34_EXIT_G,1.6750955843066708
227,232,x_R34_EXIT_C,x_R34_EXIT_H,1.6750955843066708
227,233,x_R34_EXIT_C,x_R34_EXIT_STAIRWELL,1.6750955843066708
227,236,x_R34_EXIT_C,x_R35_EXIT_C,0.00032757536037512284
227,238,x_R34_EXIT_C,x_R35_EXIT_E,0.0002948178243376106
227,245,x_R34_EXIT_C,x_R36_EXIT_C,0.0025387090429072013
227,246,x_R34_EXIT_C,x_R36_EXIT_D,0.002211133682532079
227,247,x_R34_EXIT_C,x_R36_EXIT_E,0.0014740891216880527
228,228,x_R34_EXIT_D,x_R34_EXIT_D,-0.8049477157386955
228,229,x_R34_EXIT_D,x_R34_EXIT_E,1.674358539745827
228,230,x_R34_EXIT_D,x_R34_EXIT_F,1.6750955843066708
228,231,x_R34_EXIT_D,x_R34_EXIT_G,1.6750955843066708
228,232,x_R34_EXIT_D,x_R34_EXIT_H,1.6750955843066708
228,233,x_R34_EXIT_D,x_R34_EXIT_STAIRWELL,1.6750955843066708
228,237,x_R34_EXIT_D,x_R35_EXIT_D,0.0006223931847127334
228,238,x_R34_EXIT_D,x_R35_EXIT_E,0.0002948178243376106
228,246,x_R34_EXIT_D,x_R36_EXIT_D,0.005323099606095745
228,247,x_R34_EXIT_D,x_R36_EXIT_E,0.0014740891216880527
229,229,x_R34_EXIT_E,x_R34_EXIT_E,-0.8310527080862674
229,230,x_R34_EXIT_E,x_R34_EXIT_F,1.674358539745827
229,231,x_R34_EXIT_E,x_R34_EXIT_G,1.674358539745827
229,232,x_R34_EXIT_E,x_R34_EXIT_H,1.674358539745827
229,233,x_R34_EXIT_E,x_R34_EXIT_STAIRWELL,1.674358539745827
229,238,x_R34_EXIT_E,x_R35_EXIT_E,0.00010646199212191492
229,247,x_R34_EXIT_E,x_R36_EXIT_E,0.0005323099606095746
230,230,x_R34_EXIT_F,x_R34_EXIT_F,-0.8183812451838124
230,231,x_R34_EXIT_F,x_R34_EXIT_G,1.6752429932188397
230,232,x_R34_EXIT_F,x_R34_EXIT_H,1.6752429932188397
230,233,x_R34_EXIT_F,x_R34_EXIT_STAIRWELL,1.6752429932188397
230,238,x_R34_EXIT_F,x_R35_EXIT_E,0.0004422267365064159
230,239,x_R34_EXIT_F,x_R35_EXIT_F,0.0003275753603751229
230,247,x_R34_EXIT_F,x_R36_EXIT_E,0.0022111336825320787
230,248,x_R34_EXIT_F,x_R36_EXIT_F,0.0016378768018756142
231,231,x_R34_EXIT_G,x_R34_EXIT_G,-0.8079263721452635
231,232,x_R34_EXIT_G,x_R34_EXIT_H,1.6755378110431773
231,233,x_R34_EXIT_G,x_R34_EXIT_STAIRWELL,1.675316697674924
231,238,x_R34_EXIT_G,x_R35_EXIT_E,0.0007370445608440266
231,239,x_R34_EXIT_G,x_R35_EXIT_F,0.0002948178243376106
231,240,x_R34_EXIT_G,x_R35_EXIT_G,0.0017197706419693952
231,242,x_R34_EXIT_G,x_R35_EXIT_STAIRWELL,0.0001474089121688053
231,247,x_R34_EXIT_G,x_R36_EXIT_E,0.0036852228042201325
231,248,x_R34_EXIT_G,x_R36_EXIT_F,0.0014740891216880527
231,249,x_R34_EXIT_G,x_R36_EXIT_G,0.008598853209846975
231,251,x_R34_EXIT_G,x_R36_EXIT_STAIRWELL,0.0007370445608440263
232,232,x_R34_EXIT_H,x_R34_EXIT_H,-0.8014244652955037
232,233,x_R34_EXIT_H,x_R34_EXIT_STAIRWELL,1.675316697674924
232,238,x_R34_EXIT_H,x_R35_EXIT_E,0.0013921952815942721
232,239,x_R34_EXIT_H,x_R35_EXIT_F,0.0009499685450878562
232,240,x_R34_EXIT_H,x_R35_EXIT_G,0.0006551507207502458
232,241,x_R34_EXIT_H,x_R35_EXIT_H,0.00032757536037512284
232,242,x_R34_EXIT_H,x_R35_EXIT_STAIRWELL,0.000802559632919051
232,243,x_R34_EXIT_H,x_R36_EXIT_A,0.0007370445608440263
232,244,x_R34_EXIT_H,x_R36_EXIT_B,0.0007370445608440263
232,245,x_R34_EXIT_H,x_R36_EXIT_C,0.0005323099606095746
232,246,x_R34_EXIT_H,x_R36_EXIT_D,0.0005323099606095746
232,247,x_R34_EXIT_H,x_R36_EXIT_E,0.004586055045251719
232,248,x_R34_EXIT_H,x_R36_EXIT_F,0.0023749213627196402
232,249,x_R34_EXIT_H,x_R36_EXIT_G,0.0009008322410315877
232,250,x_R34_EXIT_H,x_R36_EXIT_H,0.004217532764829706
232,251,x_R34_EXIT_H,x_R36_EXIT_STAIRWELL,0.001637876801875614
233,233,x_R34_EXIT_STAIRWELL,x_R34_EXIT_STAIRWELL,-0.8195611972258475
233,238,x_R34_EXIT_STAIRWELL,x_R35_EXIT_E,0.0005159311925908185
233,242,x_R34_EXIT_STAIRWELL,x_R35_EXIT_STAIRWELL,0.0003275753603751229
233,247,x_R34_EXIT_STAIRWELL,x_R36_EXIT_E,0.0025796559629540925
233,248,x_R34_EXIT_STAIRWELL,x_R36_EXIT_F,0.00036852228042201317
233,251,x_R34_EXIT_STAIRWELL,x_R36_EXIT_STAIRWELL,0.0016378768018756142
234,234,x_R35_EXIT_A,x_R35_EXIT_A,-0.8288691026732937
234,235,x_R35_EXIT_A,x_R35_EXIT_B,1.6743257822097892
234,236,x_R35_EXIT_A,x_R35_EXIT_C,1.6743257822097892
234,237,x_R35_EXIT_A,x_R35_EXIT_D,1.6743257822097892
234,238,x_R35_EXIT_A,x_R35_EXIT_E,1.6743257822097892
234,239,x_R35_EXIT_A,x_R35_EXIT_F,1.6743257822097892
234,240,x_R35_EXIT_A,x_R35_EXIT_G,1.6743257822097892
234,241,x_R35_EXIT_A,x_R35_EXIT_H,1.673717720447093
234,242,x_R35_EXIT_A,x_R35_EXIT_STAIRWELL,1.6743257822097892
234,243,x_R35_EXIT_A,x_R36_EXIT_A,0.0016378768018756142
235,235,x_R35_EXIT_B,x_R35_EXIT_B,-0.8210154936321967
235,236,x_R35_EXIT_B,x_R35_EXIT_C,1.674989122314549
235,237,x_R35_EXIT_B,x_R35_EXIT_D,1.6746943044902114
235,238,x_R35_EXIT_B,x_R35_EXIT_E,1.6746943044902114
235,239,x_R35_EXIT_B,x_R35_EXIT_F,1.6746943044902114
235,240,x_R35_EXIT_B,x_R35_EXIT_G,1.6746943044902114
235,241,x_R35_EXIT_B,x_R35_EXIT_H,1.673717720447093
235,242,x_R35_EXIT_B,x_R35_EXIT_STAIRWELL,1.6746943044902114
235,243,x_R35_EXIT_B,x_R36_EXIT_A,0.0018426114021100658
235,244,x_R35_EXIT_B,x_R36_EXIT_B,0.0031119659235636665
236,236,x_R35_EXIT_C,x_R35_EXIT_C,-0.8131618845910998
236,237,x_R35_EXIT_C,x_R35_EXIT_D,1.6746943044902114
236,238,x_R35_EXIT_C,x_R35_EXIT_E,1.6746943044902114
236,239,x_R35_EXIT_C,x_R35_EXIT_F,1.6746943044902114
236,240,x_R35_EXIT_C,x_R35_EXIT_G,1.6746943044902114
236,241,x_R35_EXIT_C,x_R35_EXIT_H,1.673717720447093
236,242,x_R35_EXIT_C,x_R35_EXIT_STAIRWELL,1.6746943044902114
236,243,x_R35_EXIT_C,x_R36_EXIT_A,0.0018426114021100658
236,244,x_R35_EXIT_C,x_R36_EXIT_B,0.0014740891216880527
236,245,x_R35_EXIT_C,x_R36_EXIT_C,0.001637876801875614
237,237,x_R35_EXIT_D,x_R35_EXIT_D,-0.8022932207451825
237,238,x_R35_EXIT_D,x_R35_EXIT_E,1.6752839401388866
237,239,x_R35_EXIT_D,x_R35_EXIT_F,1.6752839401388866
237,240,x_R35_EXIT_D,x_R35_EXIT_G,1.6752839401388866
237,241,x_R35_EXIT_D,x_R35_EXIT_H,1.673717720447093
237,242,x_R35_EXIT_D,x_R35_EXIT_STAIRWELL,1.6752839401388866
237,243,x_R35_EXIT_D,x_R36_EXIT_A,0.004790789645486172
237,244,x_R35_EXIT_D,x_R36_EXIT_B,0.002948178243376105
237,246,x_R35_EXIT_D,x_R36_EXIT_D,0.0031119659235636665
238,238,x_R35_EXIT_E,x_R35_EXIT_E,-0.7962217103857049
238,239,x_R35_EXIT_E,x_R35_EXIT_F,1.6763076131400587
238,240,x_R35_EXIT_E,x_R35_EXIT_G,1.6760127953157211
238,241,x_R35_EXIT_E,x_R35_EXIT_H,1.673717720447093
238,242,x_R35_EXIT_E,x_R35_EXIT_STAIRWELL,1.67616020422789
238,243,x_R35_EXIT_E,x_R36_EXIT_A,0.005896356486752212
238,244,x_R35_EXIT_E,x_R36_EXIT_B,0.004053745084642144
238,245,x_R35_EXIT_E,x_R36_EXIT_C,0.0005323099606095746
238,246,x_R35_EXIT_E,x_R36_EXIT_D,0.0005323099606095746
238,247,x_R35_EXIT_E,x_R36_EXIT_E,0.011342296852988626
238,248,x_R35_EXIT_E,x_R36_EXIT_F,0.0023749213627196402
238,249,x_R35_EXIT_E,x_R36_EXIT_G,0.0009008322410315877
238,250,x_R35_EXIT_E,x_R36_EXIT_H,0.0007370445608440263
238,251,x_R35_EXIT_E,x_R36_EXIT_STAIRWELL,0.001637876801875614
239,239,x_R35_EXIT_F,x_R35_EXIT_F,-0.8040587137438882
239,240,x_R35_EXIT_F,x_R35_EXIT_G,1.6760127953157211
239,241,x_R35_EXIT_F,x_R35_EXIT_H,1.673717720447093
239,242,x_R35_EXIT_F,x_R35_EXIT_STAIRWELL,1.67616020422789
239,243,x_R35_EXIT_F,x_R36_EXIT_A,0.005896356486752212
239,244,x_R35_EXIT_F,x_R36_EXIT_B,0.004053745084642144
239,245,x_R35_EXIT_F,x_R36_EXIT_C,0.0005323099606095746
239,246,x_R35_EXIT_F,x_R36_EXIT_D,0.0005323099606095746
239,247,x_R35_EXIT_F,x_R36_EXIT_E,0.0023749213627196402
239,248,x_R35_EXIT_F,x_R36_EXIT_F,0.004012798164595254
239,249,x_R35_EXIT_F,x_R36_EXIT_G,0.0009008322410315877
239,250,x_R35_EXIT_F,x_R36_EXIT_H,0.0007370445608440263
239,251,x_R35_EXIT_F,x_R36_EXIT_STAIRWELL,0.001637876801875614
240,240,x_R35_EXIT_G,x_R35_EXIT_G,-0.7997490555209013
240,241,x_R35_EXIT_G,x_R35_EXIT_H,1.673717720447093
240,242,x_R35_EXIT_G,x_R35_EXIT_STAIRWELL,1.6760127953157211
240,243,x_R35_EXIT_G,x_R36_EXIT_A,0.005896356486752212
240,244,x_R35_EXIT_G,x_R36_EXIT_B,0.004053745084642144
240,245,x_R35_EXIT_G,x_R36_EXIT_C,0.0005323099606095746
240,246,x_R35_EXIT_G,x_R36_EXIT_D,0.0005323099606095746
240,247,x_R35_EXIT_G,x_R36_EXIT_E,0.0009008322410315877
240,248,x_R35_EXIT_G,x_R36_EXIT_F,0.0009008322410315877
240,249,x_R35_EXIT_G,x_R36_EXIT_G,0.009499685450878563
240,250,x_R35_EXIT_G,x_R36_EXIT_H,0.0007370445608440263
240,251,x_R35_EXIT_G,x_R36_EXIT_STAIRWELL,0.0009008322410315877
241,241,x_R35_EXIT_H,x_R35_EXIT_H,-0.8208281614729822
241,242,x_R35_EXIT_H,x_R35_EXIT_STAIRWELL,1.673717720447093
241,250,x_R35_EXIT_H,x_R36_EXIT_H,0.001637876801875614
242,242,x_R35_EXIT_STAIRWELL,x_R35_EXIT_STAIRWELL,-0.8070043856995238
242,243,x_R35_EXIT_STAIRWELL,x_R36_EXIT_A,0.005896356486752212
242,244,x_R35_EXIT_STAIRWELL,x_R36_EXIT_B,0.004053745084642144
242,245,x_R35_EXIT_STAIRWELL,x_R36_EXIT_C,0.0005323099606095746
242,246,x_R35_EXIT_STAIRWELL,x_R36_EXIT_D,0.0005323099606095746
242,247,x_R35_EXIT_STAIRWELL,x_R36_EXIT_E,0.001637876801875614
242,248,x_R35_EXIT_STAIRWELL,x_R36_EXIT_F,0.001637876801875614
242,249,x_R35_EXIT_STAIRWELL,x_R36_EXIT_G,0.0009008322410315877
242,250,x_R35_EXIT_STAIRWELL,x_R36_EXIT_H,0.0007370445608440263
242,251,x_R35_EXIT_STAIRWELL,x_R36_EXIT_STAIRWELL,0.0038080635643608024
243,243,x_R36_EXIT_A,x_R36_EXIT_A,-0.7847477956535357
243,244,x_R36_EXIT_A,x_R36_EXIT_B,1.711644805140525
243,245,x_R36_EXIT_A,x_R36_EXIT_C,1.673717720447093
243,246,x_R36_EXIT_A,x_R36_EXIT_D,1.673717720447093
243,247,x_R36_EXIT_A,x_R36_EXIT_E,1.673717720447093
243,248,x_R36_EXIT_A,x_R36_EXIT_F,1.673717720447093
243,249,x_R36_EXIT_A,x_R36_EXIT_G,1.673717720447093
243,250,x_R36_EXIT_A,x_R36_EXIT_H,1.6950613025215346
243,251,x_R36_EXIT_A,x_R36_EXIT_STAIRWELL,1.673717720447093
244,244,x_R36_EXIT_B,x_R36_EXIT_B,-0.786504872353337
244,245,x_R36_EXIT_B,x_R36_EXIT_C,1.673717720447093
244,246,x_R36_EXIT_B,x_R36_EXIT_D,1.673717720447093
244,247,x_R36_EXIT_B,x_R36_EXIT_E,1.673717720447093
244,248,x_R36_EXIT_B,x_R36_EXIT_F,1.673717720447093
244,249,x_R36_EXIT_B,x_R36_EXIT_G,1.673717720447093
244,250,x_R36_EXIT_B,x_R36_EXIT_H,1.6950613025215346
244,251,x_R36_EXIT_B,x_R36_EXIT_STAIRWELL,1.673717720447093
245,245,x_R36_EXIT_C,x_R36_EXIT_C,-0.7652867558961723
245,246,x_R36_EXIT_C,x_R36_EXIT_D,1.699360729126458
245,247,x_R36_EXIT_C,x_R36_EXIT_E,1.6921950181182523
245,248,x_R36_EXIT_C,x_R36_EXIT_F,1.6921950181182523
245,249,x_R36_EXIT_C,x_R36_EXIT_G,1.6921950181182523
245,250,x_R36_EXIT_C,x_R36_EXIT_H,1.673717720447093
245,251,x_R36_EXIT_C,x_R36_EXIT_STAIRWELL,1.6921950181182523
246,246,x_R36_EXIT_D,x_R36_EXIT_D,-0.782568625304909
246,247,x_R36_EXIT_D,x_R36_EXIT_E,1.6921950181182523
246,248,x_R36_EXIT_D,x_R36_EXIT_F,1.6921950181182523
246,249,x_R36_EXIT_D,x_R36_EXIT_G,1.6921950181182523
246,250,x_R36_EXIT_D,x_R36_EXIT_H,1.673717720447093
246,251,x_R36_EXIT_D,x_R36_EXIT_STAIRWELL,1.6921950181182523
247,247,x_R36_EXIT_E,x_R36_EXIT_E,-0.7758628812905977
247,248,x_R36_EXIT_E,x_R36_EXIT_F,1.7040696249318505
247,249,x_R36_EXIT_E,x_R36_EXIT_G,1.6966991793234103
247,250,x_R36_EXIT_E,x_R36_EXIT_H,1.673717720447093
247,251,x_R36_EXIT_E,x_R36_EXIT_STAIRWELL,1.7003844021276304
248,248,x_R36_EXIT_F,x_R36_EXIT_F,-0.8012906815009251
248,249,x_R36_EXIT_F,x_R36_EXIT_G,1.6966991793234103
248,250,x_R36_EXIT_F,x_R36_EXIT_H,1.673717720447093
248,251,x_R36_EXIT_F,x_R36_EXIT_STAIRWELL,1.7003844021276304
249,249,x_R36_EXIT_G,x_R36_EXIT_G,-0.7838124937908583
249,250,x_R36_EXIT_G,x_R36_EXIT_H,1.673717720447093
249,251,x_R36_EXIT_G,x_R36_EXIT_STAIRWELL,1.6966991793234103
250,250,x_R36_EXIT_H,x_R36_EXIT_H,-0.8013972569504944
250,251,x_R36_EXIT_H,x_R36_EXIT_STAIRWELL,1.673717720447093
251,251,x_R36_EXIT_STAIRWELL,x_R36_EXIT_STAIRWELL,-0.8047277164971234
