route_id,room_id,room_name,start_node,exit_node,occupancy,distance,edge_count,path,edge_ids
R01__EXIT_C,R01,Reception & Main Office,START_R01,EXIT_C,18,5.0,5,START_R01 -> C3 -> DOOR_01 -> E3 -> E2 -> EXIT_C,E600:START_R01--C3 | E201:C3--DOOR_01 | E247:E3--DOOR_01 | E239:E2--E3 | E240:E2--EXIT_C
R01__EXIT_D,R01,Reception & Main Office,START_R01,EXIT_D,18,29.5,29,START_R01 -> C3 -> DOOR_01 -> E3 -> E4 -> E5 -> E6 -> E7 -> E8 -> E9 -> E10 -> F10 -> G10 -> H10 -> I10 -> J10 -> K10 -> M10 -> N10 -> DOOR_16 -> O10 -> O8 -> O7 -> O6 -> P6 -> P5 -> P4 -> P3 -> P2 -> EXIT_D,E600:START_R01--C3 | E201:C3--DOOR_01 | E247:E3--DOOR_01 | E249:E3--E4 | E250:E4--E5 | E251:E5--E6 | E252:E6--E7 | E255:E7--E8 | E256:E8--E9 | E230:E10--E9 | E231:E10--F10 | E257:F10--G10 | E262:G10--H10 | E292:H10--I10 | E317:I10--J10 | E330:J10--K10 | E339:K10--M10 | E393:M10--N10 | E425:N10--DOOR_16 | E457:O10--DOOR_16 | E459:O10--O8 | E479:O7--O8 | E477:O6--O7 | E478:O6--P6 | E505:P5--P6 | E503:P4--P5 | E501:P3--P4 | E487:P2--P3 | E486:P2--EXIT_D
R01__EXIT_E,R01,Reception & Main Office,START_R01,EXIT_E,18,39.0,39,START_R01 -> C3 -> DOOR_01 -> E3 -> E4 -> E5 -> E6 -> E7 -> E8 -> E9 -> E10 -> F10 -> G10 -> H10 -> I10 -> J10 -> K10 -> M10 -> N10 -> DOOR_16 -> O10 -> DOOR_15 -> Q10 -> R10 -> S10 -> T10 -> U10 -> V10 -> W10 -> X10 -> Y10 -> Y9 -> Y8 -> Y7 -> Y6 -> Y5 -> Y4 -> Y3 -> Y2 -> EXIT_E,E600:START_R01--C3 | E201:C3--DOOR_01 | E247:E3--DOOR_01 | E249:E3--E4 | E250:E4--E5 | E251:E5--E6 | E252:E6--E7 | E255:E7--E8 | E256:E8--E9 | E230:E10--E9 | E231:E10--F10 | E257:F10--G10 | E262:G10--H10 | E292:H10--I10 | E317:I10--J10 | E330:J10--K10 | E339:K10--M10 | E393:M10--N10 | E425:N10--DOOR_16 | E457:O10--DOOR_16 | E456:O10--DOOR_15 | E512:Q10--DOOR_15 | E514:Q10--R10 | E545:R10--S10 | E568:S10--T10 | E679:T10--U10 | E692:U10--V10 | E710:V10--W10 | E731:W10--X10 | E749:X10--Y10 | E767:Y10--Y9 | E791:Y8--Y9 | E790:Y7--Y8 | E787:Y6--Y7 | E786:Y5--Y6 | E785:Y4--Y5 | E784:Y3--Y4 | E777:Y2--Y3 | E776:Y2--EXIT_E
R01__EXIT_G,R01,Reception & Main Office,START_R01,EXIT_G,18,37.0,35,START_R01 -> C3 -> DOOR_01 -> E3 -> E4 -> E5 -> E6 -> E7 -> E8 -> E9 -> E10 -> F10 -> G10 -> H10 -> I10 -> J10 -> K10 -> M10 -> N10 -> N11 -> N13 -> N15 -> N16 -> M16 -> K16 -> J16 -> I16 -> H16 -> G16 -> F16 -> E16 -> D16 -> C16 -> B16 -> A16 -> EXIT_G,E600:START_R01--C3 | E201:C3--DOOR_01 | E247:E3--DOOR_01 | E249:E3--E4 | E250:E4--E5 | E251:E5--E6 | E252:E6--E7 | E255:E7--E8 | E256:E8--E9 | E230:E10--E9 | E231:E10--F10 | E257:F10--G10 | E262:G10--H10 | E292:H10--I10 | E317:I10--J10 | E330:J10--K10 | E339:K10--M10 | E393:M10--N10 | E426:N10--N11 | E427:N11--N13 | E428:N13--N15 | E429:N15--N16 | E394:M16--N16 | E344:K16--M16 | E336:J16--K16 | E320:I16--J16 | E298:H16--I16 | E268:G16--H16 | E260:F16--G16 | E236:E16--F16 | E212:D16--E16 | E187:C16--D16 | E167:B16--C16 | E007:A16--B16 | E008:A16--EXIT_G
R01__EXIT_H,R01,Reception & Main Office,START_R01,EXIT_H,18,43.5,41,START_R01 -> C3 -> DOOR_01 -> E3 -> E4 -> E5 -> E6 -> E7 -> E8 -> E9 -> E10 -> F10 -> G10 -> H10 -> I10 -> J10 -> K10 -> M10 -> N10 -> N11 -> N13 -> N15 -> N16 -> O16 -> DOOR_27 -> Q16 -> R16 -> S16 -> T16 -> U16 -> V16 -> W16 -> X16 -> Y16 -> Z16 -> AA16 -> AB16 -> AC16 -> AD16 -> AE16 -> AF16 -> EXIT_H,E600:START_R01--C3 | E201:C3--DOOR_01 | E247:E3--DOOR_01 | E249:E3--E4 | E250:E4--E5 | E251:E5--E6 | E252:E6--E7 | E255:E7--E8 | E256:E8--E9 | E230:E10--E9 | E231:E10--F10 | E257:F10--G10 | E262:G10--H10 | E292:H10--I10 | E317:I10--J10 | E330:J10--K10 | E339:K10--M10 | E393:M10--N10 | E426:N10--N11 | E427:N11--N13 | E428:N13--N15 | E429:N15--N16 | E430:N16--O16 | E464:O16--DOOR_27 | E518:Q16--DOOR_27 | E519:Q16--R16 | E551:R16--S16 | E573:S16--T16 | E682:T16--U16 | E699:U16--V16 | E715:V16--W16 | E734:W16--X16 | E756:X16--Y16 | E773:Y16--Z16 | E038:AA16--Z16 | E037:AA16--AB16 | E063:AB16--AC16 | E081:AC16--AD16 | E101:AD16--AE16 | E133:AE16--AF16 | E151:AF16--EXIT_H
R01__EXIT_A,R01,Reception & Main Office,START_R01,EXIT_A,18,45.0,43,START_R01 -> C3 -> DOOR_01 -> E3 -> E4 -> E5 -> E6 -> E7 -> E8 -> E9 -> E10 -> F10 -> G10 -> H10 -> I10 -> J10 -> K10 -> M10 -> N10 -> N11 -> N13 -> N15 -> N16 -> M16 -> K16 -> J16 -> I16 -> H16 -> G16 -> F16 -> E16 -> D16 -> DOOR_31 -> D18 -> C18 -> START_R20 -> C20 -> DOOR_37 -> C22 -> DOOR_44 -> C24 -> START_R28 -> C26 -> EXIT_A,E600:START_R01--C3 | E201:C3--DOOR_01 | E247:E3--DOOR_01 | E249:E3--E4 | E250:E4--E5 | E251:E5--E6 | E252:E6--E7 | E255:E7--E8 | E256:E8--E9 | E230:E10--E9 | E231:E10--F10 | E257:F10--G10 | E262:G10--H10 | E292:H10--I10 | E317:I10--J10 | E330:J10--K10 | E339:K10--M10 | E393:M10--N10 | E426:N10--N11 | E427:N11--N13 | E428:N13--N15 | E429:N15--N16 | E394:M16--N16 | E344:K16--M16 | E336:J16--K16 | E320:I16--J16 | E298:H16--I16 | E268:G16--H16 | E260:F16--G16 | E236:E16--F16 | E212:D16--E16 | E211:D16--DOOR_31 | E214:D18--DOOR_31 | E188:C18--D18 | E189:C18--START_R20 | E644:START_R20--C20 | E192:C20--DOOR_37 | E194:C22--DOOR_37 | E195:C22--DOOR_44 | E197:C24--DOOR_44 | E661:START_R28--C24 | E662:START_R28--C26 | E199:C26--EXIT_A
R01__EXIT_F,R01,Reception & Main Office,START_R01,EXIT_F,18,42.0,38,START_R01 -> C3 -> DOOR_01 -> E3 -> E4 -> E5 -> E6 -> E7 -> E8 -> E9 -> E10 -> F10 -> G10 -> H10 -> I10 -> J10 -> K10 -> M10 -> N10 -> N11 -> N13 -> N15 -> N16 -> O16 -> DOOR_26 -> N18 -> N18.5 -> O18.5 -> DOOR_33 -> P18.5 -> P19 -> P20 -> P21 -> P22 -> P23 -> P24 -> P25 -> P26 -> EXIT_F,E600:START_R01--C3 | E201:C3--DOOR_01 | E247:E3--DOOR_01 | E249:E3--E4 | E250:E4--E5 | E251:E5--E6 | E252:E6--E7 | E255:E7--E8 | E256:E8--E9 | E230:E10--E9 | E231:E10--F10 | E257:F10--G10 | E262:G10--H10 | E292:H10--I10 | E317:I10--J10 | E330:J10--K10 | E339:K10--M10 | E393:M10--N10 | E426:N10--N11 | E427:N11--N13 | E428:N13--N15 | E429:N15--N16 | E430:N16--O16 | E463:O16--DOOR_26 | E223:DOOR_26--N18 | E431:N18--N18.5 | E434:N18.5--O18.5 | E466:O18.5--DOOR_33 | E225:DOOR_33--P18.5 | E484:P18.5--P19 | E485:P19--P20 | E489:P20--P21 | E492:P21--P22 | E493:P22--P23 | E494:P23--P24 | E496:P24--P25 | E499:P25--P26 | E500:P26--EXIT_F
R01__EXIT_B,R01,Reception & Main Office,START_R01,EXIT_B,18,50.5,48,START_R01 -> C3 -> DOOR_01 -> E3 -> E4 -> E5 -> E6 -> E7 -> E8 -> E9 -> E10 -> F10 -> G10 -> H10 -> I10 -> J10 -> K10 -> M10 -> N10 -> N11 -> N13 -> N15 -> N16 -> O16 -> DOOR_27 -> Q16 -> R16 -> S16 -> T16 -> U16 -> V16 -> W16 -> X16 -> DOOR_30 -> X18 -> START_R24 -> X20 -> DOOR_39 -> X22 -> DOOR_49 -> X24 -> START_R32 -> Y25 -> DOOR_51 -> AA25 -> DOOR_53 -> AC25 -> AC26 -> EXIT_B,E600:START_R01--C3 | E201:C3--DOOR_01 | E247:E3--DOOR_01 | E249:E3--E4 | E250:E4--E5 | E251:E5--E6 | E252:E6--E7 | E255:E7--E8 | E256:E8--E9 | E230:E10--E9 | E231:E10--F10 | E257:F10--G10 | E262:G10--H10 | E292:H10--I10 | E317:I10--J10 | E330:J10--K10 | E339:K10--M10 | E393:M10--N10 | E426:N10--N11 | E427:N11--N13 | E428:N13--N15 | E429:N15--N16 | E430:N16--O16 | E464:O16--DOOR_27 | E518:Q16--DOOR_27 | E519:Q16--R16 | E551:R16--S16 | E573:S16--T16 | E682:T16--U16 | E699:U16--V16 | E715:V16--W16 | E734:W16--X16 | E755:X16--DOOR_30 | E757:X18--DOOR_30 | E651:START_R24--X18 | E652:START_R24--X20 | E759:X20--DOOR_39 | E228:DOOR_39--X22 | E761:X22--DOOR_49 | E763:X24--DOOR_49 | E673:START_R32--X24 | E675:START_R32--Y25 | E780:Y25--DOOR_51 | E046:AA25--DOOR_51 | E047:AA25--DOOR_53 | E091:AC25--DOOR_53 | E090:AC25--AC26 | E093:AC26--EXIT_B
R02__EXIT_C,R02,Attendance Office,START_R02,EXIT_C,4,5.0,5,START_R02 -> G3 -> DOOR_03 -> E3 -> E2 -> EXIT_C,E601:START_R02--G3 | E283:G3--DOOR_03 | E248:E3--DOOR_03 | E239:E2--E3 | E240:E2--EXIT_C
R02__EXIT_D,R02,Attendance Office,START_R02,EXIT_D,4,29.5,29,START_R02 -> G3 -> DOOR_03 -> E3 -> E4 -> E5 -> E6 -> E7 -> E8 -> E9 -> E10 -> F10 -> G10 -> H10 -> I10 -> J10 -> K10 -> M10 -> N10 -> DOOR_16 -> O10 -> O8 -> O7 -> O6 -> P6 -> P5 -> P4 -> P3 -> P2 -> EXIT_D,E601:START_R02--G3 | E283:G3--DOOR_03 | E248:E3--DOOR_03 | E249:E3--E4 | E250:E4--E5 | E251:E5--E6 | E252:E6--E7 | E255:E7--E8 | E256:E8--E9 | E230:E10--E9 | E231:E10--F10 | E257:F10--G10 | E262:G10--H10 | E292:H10--I10 | E317:I10--J10 | E330:J10--K10 | E339:K10--M10 | E393:M10--N10 | E425:N10--DOOR_16 | E457:O10--DOOR_16 | E459:O10--O8 | E479:O7--O8 | E477:O6--O7 | E478:O6--P6 | E505:P5--P6 | E503:P4--P5 | E501:P3--P4 | E487:P2--P3 | E486:P2--EXIT_D
R02__EXIT_E,R02,Attendance Office,START_R02,EXIT_E,4,39.0,39,START_R02 -> G3 -> DOOR_03 -> E3 -> E4 -> E5 -> E6 -> E7 -> E8 -> E9 -> E10 -> F10 -> G10 -> H10 -> I10 -> J10 -> K10 -> M10 -> N10 -> DOOR_16 -> O10 -> DOOR_15 -> Q10 -> R10 -> S10 -> T10 -> U10 -> V10 -> W10 -> X10 -> Y10 -> Y9 -> Y8 -> Y7 -> Y6 -> Y5 -> Y4 -> Y3 -> Y2 -> EXIT_E,E601:START_R02--G3 | E283:G3--DOOR_03 | E248:E3--DOOR_03 | E249:E3--E4 | E250:E4--E5 | E251:E5--E6 | E252:E6--E7 | E255:E7--E8 | E256:E8--E9 | E230:E10--E9 | E231:E10--F10 | E257:F10--G10 | E262:G10--H10 | E292:H10--I10 | E317:I10--J10 | E330:J10--K10 | E339:K10--M10 | E393:M10--N10 | E425:N10--DOOR_16 | E457:O10--DOOR_16 | E456:O10--DOOR_15 | E512:Q10--DOOR_15 | E514:Q10--R10 | E545:R10--S10 | E568:S10--T10 | E679:T10--U10 | E692:U10--V10 | E710:V10--W10 | E731:W10--X10 | E749:X10--Y10 | E767:Y10--Y9 | E791:Y8--Y9 | E790:Y7--Y8 | E787:Y6--Y7 | E786:Y5--Y6 | E785:Y4--Y5 | E784:Y3--Y4 | E777:Y2--Y3 | E776:Y2--EXIT_E
R02__EXIT_G,R02,Attendance Office,START_R02,EXIT_G,4,37.0,35,START_R02 -> G3 -> DOOR_03 -> E3 -> E4 -> E5 -> E6 -> E7 -> E8 -> E9 -> E10 -> F10 -> G10 -> H10 -> I10 -> J10 -> K10 -> M10 -> N10 -> N11 -> N13 -> N15 -> N16 -> M16 -> K16 -> J16 -> I16 -> H16 -> G16 -> F16 -> E16 -> D16 -> C16 -> B16 -> A16 -> EXIT_G,E601:START_R02--G3 | E283:G3--DOOR_03 | E248:E3--DOOR_03 | E249:E3--E4 | E250:E4--E5 | E251:E5--E6 | E252:E6--E7 | E255:E7--E8 | E256:E8--E9 | E230:E10--E9 | E231:E10--F10 | E257:F10--G10 | E262:G10--H10 | E292:H10--I10 | E317:I10--J10 | E330:J10--K10 | E339:K10--M10 | E393:M10--N10 | E426:N10--N11 | E427:N11--N13 | E428:N13--N15 | E429:N15--N16 | E394:M16--N16 | E344:K16--M16 | E336:J16--K16 | E320:I16--J16 | E298:H16--I16 | E268:G16--H16 | E260:F16--G16 | E236:E16--F16 | E212:D16--E16 | E187:C16--D16 | E167:B16--C16 | E007:A16--B16 | E008:A16--EXIT_G
R02__EXIT_H,R02,Attendance Office,START_R02,EXIT_H,4,43.5,41,START_R02 -> G3 -> DOOR_03 -> E3 -> E4 -> E5 -> E6 -> E7 -> E8 -> E9 -> E10 -> F10 -> G10 -> H10 -> I10 -> J10 -> K10 -> M10 -> N10 -> N11 -> N13 -> N15 -> N16 -> O16 -> DOOR_27 -> Q16 -> R16 -> S16 -> T16 -> U16 -> V16 -> W16 -> X16 -> Y16 -> Z16 -> AA16 -> AB16 -> AC16 -> AD16 -> AE16 -> AF16 -> EXIT_H,E601:START_R02--G3 | E283:G3--DOOR_03 | E248:E3--DOOR_03 | E249:E3--E4 | E250:E4--E5 | E251:E5--E6 | E252:E6--E7 | E255:E7--E8 | E256:E8--E9 | E230:E10--E9 | E231:E10--F10 | E257:F10--G10 | E262:G10--H10 | E292:H10--I10 | E317:I10--J10 | E330:J10--K10 | E339:K10--M10 | E393:M10--N10 | E426:N10--N11 | E427:N11--N13 | E428:N13--N15 | E429:N15--N16 | E430:N16--O16 | E464:O16--DOOR_27 | E518:Q16--DOOR_27 | E519:Q16--R16 | E551:R16--S16 | E573:S16--T16 | E682:T16--U16 | E699:U16--V16 | E715:V16--W16 | E734:W16--X16 | E756:X16--Y16 | E773:Y16--Z16 | E038:AA16--Z16 | E037:AA16--AB16 | E063:AB16--AC16 | E081:AC16--AD16 | E101:AD16--AE16 | E133:AE16--AF16 | E151:AF16--EXIT_H
R02__EXIT_A,R02,Attendance Office,START_R02,EXIT_A,4,45.0,43,START_R02 -> G3 -> DOOR_03 -> E3 -> E4 -> E5 -> E6 -> E7 -> E8 -> E9 -> E10 -> F10 -> G10 -> H10 -> I10 -> J10 -> K10 -> M10 -> N10 -> N11 -> N13 -> N15 -> N16 -> M16 -> K16 -> J16 -> I16 -> H16 -> G16 -> F16 -> E16 -> D16 -> DOOR_31 -> D18 -> C18 -> START_R20 -> C20 -> DOOR_37 -> C22 -> DOOR_44 -> C24 -> START_R28 -> C26 -> EXIT_A,E601:START_R02--G3 | E283:G3--DOOR_03 | E248:E3--DOOR_03 | E249:E3--E4 | E250:E4--E5 | E251:E5--E6 | E252:E6--E7 | E255:E7--E8 | E256:E8--E9 | E230:E10--E9 | E231:E10--F10 | E257:F10--G10 | E262:G10--H10 | E292:H10--I10 | E317:I10--J10 | E330:J10--K10 | E339:K10--M10 | E393:M10--N10 | E426:N10--N11 | E427:N11--N13 | E428:N13--N15 | E429:N15--N16 | E394:M16--N16 | E344:K16--M16 | E336:J16--K16 | E320:I16--J16 | E298:H16--I16 | E268:G16--H16 | E260:F16--G16 | E236:E16--F16 | E212:D16--E16 | E211:D16--DOOR_31 | E214:D18--DOOR_31 | E188:C18--D18 | E189:C18--START_R20 | E644:START_R20--C20 | E192:C20--DOOR_37 | E194:C22--DOOR_37 | E195:C22--DOOR_44 | E197:C24--DOOR_44 | E661:START_R28--C24 | E662:START_R28--C26 | E199:C26--EXIT_A
R02__EXIT_F,R02,Attendance Office,START_R02,EXIT_F,4,42.0,38,START_R02 -> G3 -> DOOR_03 -> E3 -> E4 -> E5 -> E6 -> E7 -> E8 -> E9 -> E10 -> F10 -> G10 -> H10 -> I10 -> J10 -> K10 -> M10 -> N10 -> N11 -> N13 -> N15 -> N16 -> O16 -> DOOR_26 -> N18 -> N18.5 -> O18.5 -> DOOR_33 -> P18.5 -> P19 -> P20 -> P21 -> P22 -> P23 -> P24 -> P25 -> P26 -> EXIT_F,E601:START_R02--G3 | E283:G3--DOOR_03 | E248:E3--DOOR_03 | E249:E3--E4 | E250:E4--E5 | E251:E5--E6 | E252:E6--E7 | E255:E7--E8 | E256:E8--E9 | E230:E10--E9 | E231:E10--F10 | E257:F10--G10 | E262:G10--H10 | E292:H10--I10 | E317:I10--J10 | E330:J10--K10 | E339:K10--M10 | E393:M10--N10 | E426:N10--N11 | E427:N11--N13 | E428:N13--N15 | E429:N15--N16 | E430:N16--O16 | E463:O16--DOOR_26 | E223:DOOR_26--N18 | E431:N18--N18.5 | E434:N18.5--O18.5 | E466:O18.5--DOOR_33 | E225:DOOR_33--P18.5 | E484:P18.5--P19 | E485:P19--P20 | E489:P20--P21 | E492:P21--P22 | E493:P22--P23 | E494:P23--P24 | E496:P24--P25 | E499:P25--P26 | E500:P26--EXIT_F
R02__EXIT_B,R02,Attendance Office,START_R02,EXIT_B,4,50.5,48,START_R02 -> G3 -> DOOR_03 -> E3 -> E4 -> E5 -> E6 -> E7 -> E8 -> E9 -> E10 -> F10 -> G10 -> H10 -> I10 -> J10 -> K10 -> M10 -> N10 -> N11 -> N13 -> N15 -> N16 -> O16 -> DOOR_27 -> Q16 -> R16 -> S16 -> T16 -> U16 -> V16 -> W16 -> X16 -> DOOR_30 -> X18 -> START_R24 -> X20 -> DOOR_39 -> X22 -> DOOR_49 -> X24 -> START_R32 -> Y25 -> DOOR_51 -> AA25 -> DOOR_53 -> AC25 -> AC26 -> EXIT_B,E601:START_R02--G3 | E283:G3--DOOR_03 | E248:E3--DOOR_03 | E249:E3--E4 | E250:E4--E5 | E251:E5--E6 | E252:E6--E7 | E255:E7--E8 | E256:E8--E9 | E230:E10--E9 | E231:E10--F10 | E257:F10--G10 | E262:G10--H10 | E292:H10--I10 | E317:I10--J10 | E330:J10--K10 | E339:K10--M10 | E393:M10--N10 | E426:N10--N11 | E427:N11--N13 | E428:N13--N15 | E429:N15--N16 | E430:N16--O16 | E464:O16--DOOR_27 | E518:Q16--DOOR_27 | E519:Q16--R16 | E551:R16--S16 | E573:S16--T16 | E682:T16--U16 | E699:U16--V16 | E715:V16--W16 | E734:W16--X16 | E755:X16--DOOR_30 | E757:X18--DOOR_30 | E651:START_R24--X18 | E652:START_R24--X20 | E759:X20--DOOR_39 | E228:DOOR_39--X22 | E761:X22--DOOR_49 | E763:X24--DOOR_49 | E673:START_R32--X24 | E675:START_R32--Y25 | E780:Y25--DOOR_51 | E046:AA25--DOOR_51 | E047:AA25--DOOR_53 | E091:AC25--DOOR_53 | E090:AC25--AC26 | E093:AC26--EXIT_B
R03__EXIT_C,R03,Registrar & Student Records,START_R03,EXIT_C,4,38.0,38,START_R03 -> DOOR_02 -> Y3 -> Y4 -> Y5 -> Y6 -> Y7 -> Y8 -> Y9 -> Y10 -> X10 -> W10 -> V10 -> U10 -> T10 -> S10 -> R10 -> Q10 -> DOOR_15 -> O10 -> DOOR_16 -> N10 -> M10 -> K10 -> J10 -> I10 -> H10 -> G10 -> F10 -> E10 -> E9 -> E8 -> E7 -> E6 -> E5 -> E4 -> E3 -> E2 -> EXIT_C,E604:START_R03--DOOR_02 | E782:Y3--DOOR_02 | E784:Y3--Y4 | E785:Y4--Y5 | E786:Y5--Y6 | E787:Y6--Y7 | E790:Y7--Y8 | E791:Y8--Y9 | E767:Y10--Y9 | E749:X10--Y10 | E731:W10--X10 | E710:V10--W10 | E692:U10--V10 | E679:T10--U10 | E568:S10--T10 | E545:R10--S10 | E514:Q10--R10 | E512:Q10--DOOR_15 | E456:O10--DOOR_15 | E457:O10--DOOR_16 | E425:N10--DOOR_16 | E393:M10--N10 | E339:K10--M10 | E330:J10--K10 | E317:I10--J10 | E292:H10--I10 | E262:G10--H10 | E257:F10--G10 | E231:E10--F10 | E230:E10--E9 | E256:E8--E9 | E255:E7--E8 | E252:E6--E7 | E251:E5--E6 | E250:E4--E5 | E249:E3--E4 | E239:E2--E3 | E240:E2--EXIT_C
R03__EXIT_D,R03,Registrar & Student Records,START_R03,EXIT_D,4,28.5,28,START_R03 -> DOOR_02 -> Y3 -> Y4 -> Y5 -> Y6 -> Y7 -> Y8 -> Y9 -> Y10 -> X10 -> W10 -> V10 -> U10 -> T10 -> S10 -> R10 -> Q10 -> DOOR_15 -> O10 -> O8 -> O7 -> O6 -> P6 -> P5 -> P4 -> P3 -> P2 -> EXIT_D,E604:START_R03--DOOR_02 | E782:Y3--DOOR_02 | E784:Y3--Y4 | E785:Y4--Y5 | E786:Y5--Y6 | E787:Y6--Y7 | E790:Y7--Y8 | E791:Y8--Y9 | E767:Y10--Y9 | E749:X10--Y10 | E731:W10--X10 | E710:V10--W10 | E692:U10--V10 | E679:T10--U10 | E568:S10--T10 | E545:R10--S10 | E514:Q10--R10 | E512:Q10--DOOR_15 | E456:O10--DOOR_15 | E459:O10--O8 | E479:O7--O8 | E477:O6--O7 | E478:O6--P6 | E505:P5--P6 | E503:P4--P5 | E501:P3--P4 | E487:P2--P3 | E486:P2--EXIT_D
R03__EXIT_E,R03,Registrar & Student Records,START_R03,EXIT_E,4,4.0,4,START_R03 -> DOOR_02 -> Y3 -> Y2 -> EXIT_E,E604:START_R03--DOOR_02 | E782:Y3--DOOR_02 | E777:Y2--Y3 | E776:Y2--EXIT_E
R03__EXIT_G,R03,Registrar & Student Records,START_R03,EXIT_G,4,39.5,37,START_R03 -> DOOR_02 -> Y3 -> Y4 -> Y5 -> Y6 -> Y7 -> Y8 -> Y9 -> Y10 -> X10 -> W10 -> V10 -> U10 -> T10 -> S10 -> R10 -> Q10 -> DOOR_15 -> O10 -> O11 -> O13 -> O15 -> O16 -> N16 -> M16 -> K16 -> J16 -> I16 -> H16 -> G16 -> F16 -> E16 -> D16 -> C16 -> B16 -> A16 -> EXIT_G,E604:START_R03--DOOR_02 | E782:Y3--DOOR_02 | E784:Y3--Y4 | E785:Y4--Y5 | E786:Y5--Y6 | E787:Y6--Y7 | E790:Y7--Y8 | E791:Y8--Y9 | E767:Y10--Y9 | E749:X10--Y10 | E731:W10--X10 | E710:V10--W10 | E692:U10--V10 | E679:T10--U10 | E568:S10--T10 | E545:R10--S10 | E514:Q10--R10 | E512:Q10--DOOR_15 | E456:O10--DOOR_15 | E458:O10--O11 | E460:O11--O13 | E461:O13--O15 | E462:O15--O16 | E430:N16--O16 | E394:M16--N16 | E344:K16--M16 | E336:J16--K16 | E320:I16--J16 | E298:H16--I16 | E268:G16--H16 | E260:F16--G16 | E236:E16--F16 | E212:D16--E16 | E187:C16--D16 | E167:B16--C16 | E007:A16--B16 | E008:A16--EXIT_G
R03__EXIT_H,R03,Registrar & Student Records,START_R03,EXIT_H,4,39.0,37,START_R03 -> DOOR_02 -> Y3 -> Y4 -> Y5 -> Y6 -> Y7 -> Y8 -> Y9 -> Y10 -> X10 -> W10 -> V10 -> U10 -> T10 -> S10 -> R10 -> Q10 -> Q11 -> Q13 -> Q15 -> Q16 -> R16 -> S16 -> T16 -> U16 -> V16 -> W16 -> X16 -> Y16 -> Z16 -> AA16 -> AB16 -> AC16 -> AD16 -> AE16 -> AF16 -> EXIT_H,E604:START_R03--DOOR_02 | E782:Y3--DOOR_02 | E784:Y3--Y4 | E785:Y4--Y5 | E786:Y5--Y6 | E787:Y6--Y7 | E790:Y7--Y8 | E791:Y8--Y9 | E767:Y10--Y9 | E749:X10--Y10 | E731:W10--X10 | E710:V10--W10 | E692:U10--V10 | E679:T10--U10 | E568:S10--T10 | E545:R10--S10 | E514:Q10--R10 | E513:Q10--Q11 | E515:Q11--Q13 | E516:Q13--Q15 | E517:Q15--Q16 | E519:Q16--R16 | E551:R16--S16 | E573:S16--T16 | E682:T16--U16 | E699:U16--V16 | E715:V16--W16 | E734:W16--X16 | E756:X16--Y16 | E773:Y16--Z16 | E038:AA16--Z16 | E037:AA16--AB16 | E063:AB16--AC16 | E081:AC16--AD16 | E101:AD16--AE16 | E133:AE16--AF16 | E151:AF16--EXIT_H
R03__EXIT_A,R03,Registrar & Student Records,START_R03,EXIT_A,4,47.25,46,START_R03 -> DOOR_02 -> Y3 -> Y4 -> Y5 -> Y6 -> Y7 -> Y8 -> Y9 -> Y10 -> X10 -> W10 -> V10 -> U10 -> T10 -> S10 -> R10 -> Q10 -> DOOR_15 -> O10 -> O11 -> O13 -> O15 -> O16 -> DOOR_26 -> N18 -> N18.5 -> M18.5 -> DOOR_32 -> K18.5 -> K19 -> K20 -> K21 -> K22 -> J22 -> I22 -> H22 -> G22 -> F22 -> E22 -> D22 -> C22 -> DOOR_44 -> C24 -> START_R28 -> C26 -> EXIT_A,E604:START_R03--DOOR_02 | E782:Y3--DOOR_02 | E784:Y3--Y4 | E785:Y4--Y5 | E786:Y5--Y6 | E787:Y6--Y7 | E790:Y7--Y8 | E791:Y8--Y9 | E767:Y10--Y9 | E749:X10--Y10 | E731:W10--X10 | E710:V10--W10 | E692:U10--V10 | E679:T10--U10 | E568:S10--T10 | E545:R10--S10 | E514:Q10--R10 | E512:Q10--DOOR_15 | E456:O10--DOOR_15 | E458:O10--O11 | E460:O11--O13 | E461:O13--O15 | E462:O15--O16 | E463:O16--DOOR_26 | E223:DOOR_26--N18 | E431:N18--N18.5 | E398:M18.5--N18.5 | E224:DOOR_32--M18.5 | E347:K18.5--DOOR_32 | E348:K18.5--K19 | E349:K19--K20 | E352:K20--K21 | E354:K21--K22 | E337:J22--K22 | E324:I22--J22 | E307:H22--I22 | E276:G22--H22 | E261:F22--G22 | E241:E22--F22 | E219:D22--E22 | E193:C22--D22 | E195:C22--DOOR_44 | E197:C24--DOOR_44 | E661:START_R28--C24 | E662:START_R28--C26 | E199:C26--EXIT_A
R03__EXIT_F,R03,Registrar & Student Records,START_R03,EXIT_F,4,41.5,38,START_R03 -> DOOR_02 -> Y3 -> Y4 -> Y5 -> Y6 -> Y7 -> Y8 -> Y9 -> Y10 -> X10 -> W10 -> V10 -> U10 -> T10 -> S10 -> R10 -> Q10 -> DOOR_15 -> O10 -> O11 -> O13 -> O15 -> O16 -> DOOR_26 -> N18 -> N18.5 -> O18.5 -> DOOR_33 -> P18.5 -> P19 -> P20 -> P21 -> P22 -> P23 -> P24 -> P25 -> P26 -> EXIT_F,E604:START_R03--DOOR_02 | E782:Y3--DOOR_02 | E784:Y3--Y4 | E785:Y4--Y5 | E786:Y5--Y6 | E787:Y6--Y7 | E790:Y7--Y8 | E791:Y8--Y9 | E767:Y10--Y9 | E749:X10--Y10 | E731:W10--X10 | E710:V10--W10 | E692:U10--V10 | E679:T10--U10 | E568:S10--T10 | E545:R10--S10 | E514:Q10--R10 | E512:Q10--DOOR_15 | E456:O10--DOOR_15 | E458:O10--O11 | E460:O11--O13 | E461:O13--O15 | E462:O15--O16 | E463:O16--DOOR_26 | E223:DOOR_26--N18 | E431:N18--N18.5 | E434:N18.5--O18.5 | E466:O18.5--DOOR_33 | E225:DOOR_33--P18.5 | E484:P18.5--P19 | E485:P19--P20 | E489:P20--P21 | E492:P21--P22 | E493:P22--P23 | E494:P23--P24 | E496:P24--P25 | E499:P25--P26 | E500:P26--EXIT_F
R03__EXIT_B,R03,Registrar & Student Records,START_R03,EXIT_B,4,46.0,44,START_R03 -> DOOR_02 -> Y3 -> Y4 -> Y5 -> Y6 -> Y7 -> Y8 -> Y9 -> Y10 -> X10 -> W10 -> V10 -> U10 -> T10 -> S10 -> R10 -> Q10 -> Q11 -> Q13 -> Q15 -> Q16 -> R16 -> S16 -> T16 -> U16 -> V16 -> W16 -> X16 -> DOOR_30 -> X18 -> START_R24 -> X20 -> DOOR_39 -> X22 -> DOOR_49 -> X24 -> START_R32 -> Y25 -> DOOR_51 -> AA25 -> DOOR_53 -> AC25 -> AC26 -> EXIT_B,E604:START_R03--DOOR_02 | E782:Y3--DOOR_02 | E784:Y3--Y4 | E785:Y4--Y5 | E786:Y5--Y6 | E787:Y6--Y7 | E790:Y7--Y8 | E791:Y8--Y9 | E767:Y10--Y9 | E749:X10--Y10 | E731:W10--X10 | E710:V10--W10 | E692:U10--V10 | E679:T10--U10 | E568:S10--T10 | E545:R10--S10 | E514:Q10--R10 | E513:Q10--Q11 | E515:Q11--Q13 | E516:Q13--Q15 | E517:Q15--Q16 | E519:Q16--R16 | E551:R16--S16 | E573:S16--T16 | E682:T16--U16 | E699:U16--V16 | E715:V16--W16 | E734:W16--X16 | E755:X16--DOOR_30 | E757:X18--DOOR_30 | E651:START_R24--X18 | E652:START_R24--X20 | E759:X20--DOOR_39 | E228:DOOR_39--X22 | E761:X22--DOOR_49 | E763:X24--DOOR_49 | E673:START_R32--X24 | E675:START_R32--Y25 | E780:Y25--DOOR_51 | E046:AA25--DOOR_51 | E047:AA25--DOOR_53 | E091:AC25--DOOR_53 | E090:AC25--AC26 | E093:AC26--EXIT_B
R04__EXIT_C,R04,West Administrative Office,START_R04,EXIT_C,4,40.0,40,START_R04 -> AB3 -> AA3 -> DOOR_04 -> Y3 -> Y4 -> Y5 -> Y6 -> Y7 -> Y8 -> Y9 -> Y10 -> X10 -> W10 -> V10 -> U10 -> T10 -> S10 -> R10 -> Q10 -> DOOR_15 -> O10 -> DOOR_16 -> N10 -> M10 -> K10 -> J10 -> I10 -> H10 -> G10 -> F10 -> E10 -> E9 -> E8 -> E7 -> E6 -> E5 -> E4 -> E3 -> E2 -> EXIT_C,E073:AB3--START_R04 | E049:AA3--AB3 | E050:AA3--DOOR_04 | E783:Y3--DOOR_04 | E784:Y3--Y4 | E785:Y4--Y5 | E786:Y5--Y6 | E787:Y6--Y7 | E790:Y7--Y8 | E791:Y8--Y9 | E767:Y10--Y9 | E749:X10--Y10 | E731:W10--X10 | E710:V10--W10 | E692:U10--V10 | E679:T10--U10 | E568:S10--T10 | E545:R10--S10 | E514:Q10--R10 | E512:Q10--DOOR_15 | E456:O10--DOOR_15 | E457:O10--DOOR_16 | E425:N10--DOOR_16 | E393:M10--N10 | E339:K10--M10 | E330:J10--K10 | E317:I10--J10 | E292:H10--I10 | E262:G10--H10 | E257:F10--G10 | E231:E10--F10 | E230:E10--E9 | E256:E8--E9 | E255:E7--E8 | E252:E6--E7 | E251:E5--E6 | E250:E4--E5 | E249:E3--E4 | E239:E2--E3 | E240:E2--EXIT_C
R04__EXIT_D,R04,West Administrative Office,START_R04,EXIT_D,4,30.5,30,START_R04 -> AB3 -> AA3 -> DOOR_04 -> Y3 -> Y4 -> Y5 -> Y6 -> Y7 -> Y8 -> Y9 -> Y10 -> X10 -> W10 -> V10 -> U10 -> T10 -> S10 -> R10 -> Q10 -> DOOR_15 -> O10 -> O8 -> O7 -> O6 -> P6 -> P5 -> P4 -> P3 -> P2 -> EXIT_D,E073:AB3--START_R04 | E049:AA3--AB3 | E050:AA3--DOOR_04 | E783:Y3--DOOR_04 | E784:Y3--Y4 | E785:Y4--Y5 | E786:Y5--Y6 | E787:Y6--Y7 | E790:Y7--Y8 | E791:Y8--Y9 | E767:Y10--Y9 | E749:X10--Y10 | E731:W10--X10 | E710:V10--W10 | E692:U10--V10 | E679:T10--U10 | E568:S10--T10 | E545:R10--S10 | E514:Q10--R10 | E512:Q10--DOOR_15 | E456:O10--DOOR_15 | E459:O10--O8 | E479:O7--O8 | E477:O6--O7 | E478:O6--P6 | E505:P5--P6 | E503:P4--P5 | E501:P3--P4 | E487:P2--P3 | E486:P2--EXIT_D
R04__EXIT_E,R04,West Administrative Office,START_R04,EXIT_E,4,6.0,6,START_R04 -> AB3 -> AA3 -> DOOR_04 -> Y3 -> Y2 -> EXIT_E,E073:AB3--START_R04 | E049:AA3--AB3 | E050:AA3--DOOR_04 | E783:Y3--DOOR_04 | E777:Y2--Y3 | E776:Y2--EXIT_E
R04__EXIT_G,R04,West Administrative Office,START_R04,EXIT_G,4,41.5,39,START_R04 -> AB3 -> AA3 -> DOOR_04 -> Y3 -> Y4 -> Y5 -> Y6 -> Y7 -> Y8 -> Y9 -> Y10 -> X10 -> W10 -> V10 -> U10 -> T10 -> S10 -> R10 -> Q10 -> DOOR_15 -> O10 -> O11 -> O13 -> O15 -> O16 -> N16 -> M16 -> K16 -> J16 -> I16 -> H16 -> G16 -> F16 -> E16 -> D16 -> C16 -> B16 -> A16 -> EXIT_G,E073:AB3--START_R04 | E049:AA3--AB3 | E050:AA3--DOOR_04 | E783:Y3--DOOR_04 | E784:Y3--Y4 | E785:Y4--Y5 | E786:Y5--Y6 | E787:Y6--Y7 | E790:Y7--Y8 | E791:Y8--Y9 | E767:Y10--Y9 | E749:X10--Y10 | E731:W10--X10 | E710:V10--W10 | E692:U10--V10 | E679:T10--U10 | E568:S10--T10 | E545:R10--S10 | E514:Q10--R10 | E512:Q10--DOOR_15 | E456:O10--DOOR_15 | E458:O10--O11 | E460:O11--O13 | E461:O13--O15 | E462:O15--O16 | E430:N16--O16 | E394:M16--N16 | E344:K16--M16 | E336:J16--K16 | E320:I16--J16 | E298:H16--I16 | E268:G16--H16 | E260:F16--G16 | E236:E16--F16 | E212:D16--E16 | E187:C16--D16 | E167:B16--C16 | E007:A16--B16 | E008:A16--EXIT_G
R04__EXIT_H,R04,West Administrative Office,START_R04,EXIT_H,4,41.0,39,START_R04 -> AB3 -> AA3 -> DOOR_04 -> Y3 -> Y4 -> Y5 -> Y6 -> Y7 -> Y8 -> Y9 -> Y10 -> X10 -> W10 -> V10 -> U10 -> T10 -> S10 -> R10 -> Q10 -> Q11 -> Q13 -> Q15 -> Q16 -> R16 -> S16 -> T16 -> U16 -> V16 -> W16 -> X16 -> Y16 -> Z16 -> AA16 -> AB16 -> AC16 -> AD16 -> AE16 -> AF16 -> EXIT_H,E073:AB3--START_R04 | E049:AA3--AB3 | E050:AA3--DOOR_04 | E783:Y3--DOOR_04 | E784:Y3--Y4 | E785:Y4--Y5 | E786:Y5--Y6 | E787:Y6--Y7 | E790:Y7--Y8 | E791:Y8--Y9 | E767:Y10--Y9 | E749:X10--Y10 | E731:W10--X10 | E710:V10--W10 | E692:U10--V10 | E679:T10--U10 | E568:S10--T10 | E545:R10--S10 | E514:Q10--R10 | E513:Q10--Q11 | E515:Q11--Q13 | E516:Q13--Q15 | E517:Q15--Q16 | E519:Q16--R16 | E551:R16--S16 | E573:S16--T16 | E682:T16--U16 | E699:U16--V16 | E715:V16--W16 | E734:W16--X16 | E756:X16--Y16 | E773:Y16--Z16 | E038:AA16--Z16 | E037:AA16--AB16 | E063:AB16--AC16 | E081:AC16--AD16 | E101:AD16--AE16 | E133:AE16--AF16 | E151:AF16--EXIT_H
R04__EXIT_A,R04,West Administrative Office,START_R04,EXIT_A,4,49.25,48,START_R04 -> AB3 -> AA3 -> DOOR_04 -> Y3 -> Y4 -> Y5 -> Y6 -> Y7 -> Y8 -> Y9 -> Y10 -> X10 -> W10 -> V10 -> U10 -> T10 -> S10 -> R10 -> Q10 -> DOOR_15 -> O10 -> O11 -> O13 -> O15 -> O16 -> DOOR_26 -> N18 -> N18.5 -> M18.5 -> DOOR_32 -> K18.5 -> K19 -> K20 -> K21 -> K22 -> J22 -> I22 -> H22 -> G22 -> F22 -> E22 -> D22 -> C22 -> DOOR_44 -> C24 -> START_R28 -> C26 -> EXIT_A,E073:AB3--START_R04 | E049:AA3--AB3 | E050:AA3--DOOR_04 | E783:Y3--DOOR_04 | E784:Y3--Y4 | E785:Y4--Y5 | E786:Y5--Y6 | E787:Y6--Y7 | E790:Y7--Y8 | E791:Y8--Y9 | E767:Y10--Y9 | E749:X10--Y10 | E731:W10--X10 | E710:V10--W10 | E692:U10--V10 | E679:T10--U10 | E568:S10--T10 | E545:R10--S10 | E514:Q10--R10 | E512:Q10--DOOR_15 | E456:O10--DOOR_15 | E458:O10--O11 | E460:O11--O13 | E461:O13--O15 | E462:O15--O16 | E463:O16--DOOR_26 | E223:DOOR_26--N18 | E431:N18--N18.5 | E398:M18.5--N18.5 | E224:DOOR_32--M18.5 | E347:K18.5--DOOR_32 | E348:K18.5--K19 | E349:K19--K20 | E352:K20--K21 | E354:K21--K22 | E337:J22--K22 | E324:I22--J22 | E307:H22--I22 | E276:G22--H22 | E261:F22--G22 | E241:E22--F22 | E219:D22--E22 | E193:C22--D22 | E195:C22--DOOR_44 | E197:C24--DOOR_44 | E661:START_R28--C24 | E662:START_R28--C26 | E199:C26--EXIT_A
R04__EXIT_F,R04,West Administrative Office,START_R04,EXIT_F,4,43.5,40,START_R04 -> AB3 -> AA3 -> DOOR_04 -> Y3 -> Y4 -> Y5 -> Y6 -> Y7 -> Y8 -> Y9 -> Y10 -> X10 -> W10 -> V10 -> U10 -> T10 -> S10 -> R10 -> Q10 -> DOOR_15 -> O10 -> O11 -> O13 -> O15 -> O16 -> DOOR_26 -> N18 -> N18.5 -> O18.5 -> DOOR_33 -> P18.5 -> P19 -> P20 -> P21 -> P22 -> P23 -> P24 -> P25 -> P26 -> EXIT_F,E073:AB3--START_R04 | E049:AA3--AB3 | E050:AA3--DOOR_04 | E783:Y3--DOOR_04 | E784:Y3--Y4 | E785:Y4--Y5 | E786:Y5--Y6 | E787:Y6--Y7 | E790:Y7--Y8 | E791:Y8--Y9 | E767:Y10--Y9 | E749:X10--Y10 | E731:W10--X10 | E710:V10--W10 | E692:U10--V10 | E679:T10--U10 | E568:S10--T10 | E545:R10--S10 | E514:Q10--R10 | E512:Q10--DOOR_15 | E456:O10--DOOR_15 | E458:O10--O11 | E460:O11--O13 | E461:O13--O15 | E462:O15--O16 | E463:O16--DOOR_26 | E223:DOOR_26--N18 | E431:N18--N18.5 | E434:N18.5--O18.5 | E466:O18.5--DOOR_33 | E225:DOOR_33--P18.5 | E484:P18.5--P19 | E485:P19--P20 | E489:P20--P21 | E492:P21--P22 | E493:P22--P23 | E494:P23--P24 | E496:P24--P25 | E499:P25--P26 | E500:P26--EXIT_F
R04__EXIT_B,R04,West Administrative Office,START_R04,EXIT_B,4,48.0,46,START_R04 -> AB3 -> AA3 -> DOOR_04 -> Y3 -> Y4 -> Y5 -> Y6 -> Y7 -> Y8 -> Y9 -> Y10 -> X10 -> W10 -> V10 -> U10 -> T10 -> S10 -> R10 -> Q10 -> Q11 -> Q13 -> Q15 -> Q16 -> R16 -> S16 -> T16 -> U16 -> V16 -> W16 -> X16 -> DOOR_30 -> X18 -> START_R24 -> X20 -> DOOR_39 -> X22 -> DOOR_49 -> X24 -> START_R32 -> Y25 -> DOOR_51 -> AA25 -> DOOR_53 -> AC25 -> AC26 -> EXIT_B,E073:AB3--START_R04 | E049:AA3--AB3 | E050:AA3--DOOR_04 | E783:Y3--DOOR_04 | E784:Y3--Y4 | E785:Y4--Y5 | E786:Y5--Y6 | E787:Y6--Y7 | E790:Y7--Y8 | E791:Y8--Y9 | E767:Y10--Y9 | E749:X10--Y10 | E731:W10--X10 | E710:V10--W10 | E692:U10--V10 | E679:T10--U10 | E568:S10--T10 | E545:R10--S10 | E514:Q10--R10 | E513:Q10--Q11 | E515:Q11--Q13 | E516:Q13--Q15 | E517:Q15--Q16 | E519:Q16--R16 | E551:R16--S16 | E573:S16--T16 | E682:T16--U16 | E699:U16--V16 | E715:V16--W16 | E734:W16--X16 | E755:X16--DOOR_30 | E757:X18--DOOR_30 | E651:START_R24--X18 | E652:START_R24--X20 | E759:X20--DOOR_39 | E228:DOOR_39--X22 | E761:X22--DOOR_49 | E763:X24--DOOR_49 | E673:START_R32--X24 | E675:START_R32--Y25 | E780:Y25--DOOR_51 | E046:AA25--DOOR_51 | E047:AA25--DOOR_53 | E091:AC25--DOOR_53 | E090:AC25--AC26 | E093:AC26--EXIT_B
R05__EXIT_C,R05,Media Center / Library,START_R05,EXIT_C,20,23.5,23,START_R05 -> O6 -> O7 -> O8 -> O10 -> DOOR_16 -> N10 -> M10 -> K10 -> J10 -> I10 -> H10 -> G10 -> F10 -> E10 -> E9 -> E8 -> E7 -> E6 -> E5 -> E4 -> E3 -> E2 -> EXIT_C,E610:START_R05--O6 | E477:O6--O7 | E479:O7--O8 | E459:O10--O8 | E457:O10--DOOR_16 | E425:N10--DOOR_16 | E393:M10--N10 | E339:K10--M10 | E330:J10--K10 | E317:I10--J10 | E292:H10--I10 | E262:G10--H10 | E257:F10--G10 | E231:E10--F10 | E230:E10--E9 | E256:E8--E9 | E255:E7--E8 | E252:E6--E7 | E251:E5--E6 | E250:E4--E5 | E249:E3--E4 | E239:E2--E3 | E240:E2--EXIT_C
R05__EXIT_D,R05,Media Center / Library,START_R05,EXIT_D,20,5.0,5,START_R05 -> O4 -> O3 -> O2 -> P2 -> EXIT_D,E609:START_R05--O4 | E474:O3--O4 | E468:O2--O3 | E469:O2--P2 | E486:P2--EXIT_D
R05__EXIT_E,R05,Media Center / Library,START_R05,EXIT_E,20,23.5,23,START_R05 -> O6 -> O7 -> O8 -> O10 -> DOOR_15 -> Q10 -> R10 -> S10 -> T10 -> U10 -> V10 -> W10 -> X10 -> Y10 -> Y9 -> Y8 -> Y7 -> Y6 -> Y5 -> Y4 -> Y3 -> Y2 -> EXIT_E,E610:START_R05--O6 | E477:O6--O7 | E479:O7--O8 | E459:O10--O8 | E456:O10--DOOR_15 | E512:Q10--DOOR_15 | E514:Q10--R10 | E545:R10--S10 | E568:S10--T10 | E679:T10--U10 | E692:U10--V10 | E710:V10--W10 | E731:W10--X10 | E749:X10--Y10 | E767:Y10--Y9 | E791:Y8--Y9 | E790:Y7--Y8 | E787:Y6--Y7 | E786:Y5--Y6 | E785:Y4--Y5 | E784:Y3--Y4 | E777:Y2--Y3 | E776:Y2--EXIT_E
R05__EXIT_G,R05,Media Center / Library,START_R05,EXIT_G,20,25.0,22,START_R05 -> O6 -> O7 -> O8 -> O10 -> O11 -> O13 -> O15 -> O16 -> N16 -> M16 -> K16 -> J16 -> I16 -> H16 -> G16 -> F16 -> E16 -> D16 -> C16 -> B16 -> A16 -> EXIT_G,E610:START_R05--O6 | E477:O6--O7 | E479:O7--O8 | E459:O10--O8 | E458:O10--O11 | E460:O11--O13 | E461:O13--O15 | E462:O15--O16 | E430:N16--O16 | E394:M16--N16 | E344:K16--M16 | E336:J16--K16 | E320:I16--J16 | E298:H16--I16 | E268:G16--H16 | E260:F16--G16 | E236:E16--F16 | E212:D16--E16 | E187:C16--D16 | E167:B16--C16 | E007:A16--B16 | E008:A16--EXIT_G
R05__EXIT_H,R05,Media Center / Library,START_R05,EXIT_H,20,28.5,26,START_R05 -> O6 -> O7 -> O8 -> O10 -> DOOR_15 -> Q10 -> Q11 -> Q13 -> Q15 -> Q16 -> R16 -> S16 -> T16 -> U16 -> V16 -> W16 -> X16 -> Y16 -> Z16 -> AA16 -> AB16 -> AC16 -> AD16 -> AE16 -> AF16 -> EXIT_H,E610:START_R05--O6 | E477:O6--O7 | E479:O7--O8 | E459:O10--O8 | E456:O10--DOOR_15 | E512:Q10--DOOR_15 | E513:Q10--Q11 | E515:Q11--Q13 | E516:Q13--Q15 | E517:Q15--Q16 | E519:Q16--R16 | E551:R16--S16 | E573:S16--T16 | E682:T16--U16 | E699:U16--V16 | E715:V16--W16 | E734:W16--X16 | E756:X16--Y16 | E773:Y16--Z16 | E038:AA16--Z16 | E037:AA16--AB16 | E063:AB16--AC16 | E081:AC16--AD16 | E101:AD16--AE16 | E133:AE16--AF16 | E151:AF16--EXIT_H
R05__EXIT_A,R05,Media Center / Library,START_R05,EXIT_A,20,32.75,31,START_R05 -> O6 -> O7 -> O8 -> O10 -> O11 -> O13 -> O15 -> O16 -> DOOR_26 -> N18 -> N18.5 -> M18.5 -> DOOR_32 -> K18.5 -> K19 -> K20 -> K21 -> K22 -> J22 -> I22 -> H22 -> G22 -> F22 -> E22 -> D22 -> C22 -> DOOR_44 -> C24 -> START_R28 -> C26 -> EXIT_A,E610:START_R05--O6 | E477:O6--O7 | E479:O7--O8 | E459:O10--O8 | E458:O10--O11 | E460:O11--O13 | E461:O13--O15 | E462:O15--O16 | E463:O16--DOOR_26 | E223:DOOR_26--N18 | E431:N18--N18.5 | E398:M18.5--N18.5 | E224:DOOR_32--M18.5 | E347:K18.5--DOOR_32 | E348:K18.5--K19 | E349:K19--K20 | E352:K20--K21 | E354:K21--K22 | E337:J22--K22 | E324:I22--J22 | E307:H22--I22 | E276:G22--H22 | E261:F22--G22 | E241:E22--F22 | E219:D22--E22 | E193:C22--D22 | E195:C22--DOOR_44 | E197:C24--DOOR_44 | E661:START_R28--C24 | E662:START_R28--C26 | E199:C26--EXIT_A
R05__EXIT_F,R05,Media Center / Library,START_R05,EXIT_F,20,27.0,23,START_R05 -> O6 -> O7 -> O8 -> O10 -> O11 -> O13 -> O15 -> O16 -> DOOR_26 -> N18 -> N18.5 -> O18.5 -> DOOR_33 -> P18.5 -> P19 -> P20 -> P21 -> P22 -> P23 -> P24 -> P25 -> P26 -> EXIT_F,E610:START_R05--O6 | E477:O6--O7 | E479:O7--O8 | E459:O10--O8 | E458:O10--O11 | E460:O11--O13 | E461:O13--O15 | E462:O15--O16 | E463:O16--DOOR_26 | E223:DOOR_26--N18 | E431:N18--N18.5 | E434:N18.5--O18.5 | E466:O18.5--DOOR_33 | E225:DOOR_33--P18.5 | E484:P18.5--P19 | E485:P19--P20 | E489:P20--P21 | E492:P21--P22 | E493:P22--P23 | E494:P23--P24 | E496:P24--P25 | E499:P25--P26 | E500:P26--EXIT_F
R05__EXIT_B,R05,Media Center / Library,START_R05,EXIT_B,20,35.5,33,START_R05 -> O6 -> O7 -> O8 -> O10 -> DOOR_15 -> Q10 -> Q11 -> Q13 -> Q15 -> Q16 -> R16 -> S16 -> T16 -> U16 -> V16 -> W16 -> X16 -> DOOR_30 -> X18 -> START_R24 -> X20 -> DOOR_39 -> X22 -> DOOR_49 -> X24 -> START_R32 -> Y25 -> DOOR_51 -> AA25 -> DOOR_53 -> AC25 -> AC26 -> EXIT_B,E610:START_R05--O6 | E477:O6--O7 | E479:O7--O8 | E459:O10--O8 | E456:O10--DOOR_15 | E512:Q10--DOOR_15 | E513:Q10--Q11 | E515:Q11--Q13 | E516:Q13--Q15 | E517:Q15--Q16 | E519:Q16--R16 | E551:R16--S16 | E573:S16--T16 | E682:T16--U16 | E699:U16--V16 | E715:V16--W16 | E734:W16--X16 | E755:X16--DOOR_30 | E757:X18--DOOR_30 | E651:START_R24--X18 | E652:START_R24--X20 | E759:X20--DOOR_39 | E228:DOOR_39--X22 | E761:X22--DOOR_49 | E763:X24--DOOR_49 | E673:START_R32--X24 | E675:START_R32--Y25 | E780:Y25--DOOR_51 | E046:AA25--DOOR_51 | E047:AA25--DOOR_53 | E091:AC25--DOOR_53 | E090:AC25--AC26 | E093:AC26--EXIT_B
R06__EXIT_C,R06,School Nurse Office,START_R06,EXIT_C,3,9.25,9,START_R06 -> C7 -> DOOR_12 -> E7 -> E6 -> E5 -> E4 -> E3 -> E2 -> EXIT_C,E614:START_R06--C7 | E204:C7--DOOR_12 | E254:E7--DOOR_12 | E252:E6--E7 | E251:E5--E6 | E250:E4--E5 | E249:E3--E4 | E239:E2--E3 | E240:E2--EXIT_C
R06__EXIT_D,R06,School Nurse Office,START_R06,EXIT_D,3,25.5,25,START_R06 -> B8 -> DOOR_14 -> B10 -> C10 -> D10 -> E10 -> F10 -> G10 -> H10 -> I10 -> J10 -> K10 -> M10 -> N10 -> DOOR_16 -> O10 -> O8 -> O7 -> O6 -> P6 -> P5 -> P4 -> P3 -> P2 -> EXIT_D,E613:START_R06--B8 | E183:B8--DOOR_14 | E161:B10--DOOR_14 | E160:B10--C10 | E184:C10--D10 | E205:D10--E10 | E231:E10--F10 | E257:F10--G10 | E262:G10--H10 | E292:H10--I10 | E317:I10--J10 | E330:J10--K10 | E339:K10--M10 | E393:M10--N10 | E425:N10--DOOR_16 | E457:O10--DOOR_16 | E459:O10--O8 | E479:O7--O8 | E477:O6--O7 | E478:O6--P6 | E505:P5--P6 | E503:P4--P5 | E501:P3--P4 | E487:P2--P3 | E486:P2--EXIT_D
R06__EXIT_E,R06,School Nurse Office,START_R06,EXIT_E,3,35.0,35,START_R06 -> B8 -> DOOR_14 -> B10 -> C10 -> D10 -> E10 -> F10 -> G10 -> H10 -> I10 -> J10 -> K10 -> M10 -> N10 -> DOOR_16 -> O10 -> DOOR_15 -> Q10 -> R10 -> S10 -> T10 -> U10 -> V10 -> W10 -> X10 -> Y10 -> Y9 -> Y8 -> Y7 -> Y6 -> Y5 -> Y4 -> Y3 -> Y2 -> EXIT_E,E613:START_R06--B8 | E183:B8--DOOR_14 | E161:B10--DOOR_14 | E160:B10--C10 | E184:C10--D10 | E205:D10--E10 | E231:E10--F10 | E257:F10--G10 | E262:G10--H10 | E292:H10--I10 | E317:I10--J10 | E330:J10--K10 | E339:K10--M10 | E393:M10--N10 | E425:N10--DOOR_16 | E457:O10--DOOR_16 | E456:O10--DOOR_15 | E512:Q10--DOOR_15 | E514:Q10--R10 | E545:R10--S10 | E568:S10--T10 | E679:T10--U10 | E692:U10--V10 | E710:V10--W10 | E731:W10--X10 | E749:X10--Y10 | E767:Y10--Y9 | E791:Y8--Y9 | E790:Y7--Y8 | E787:Y6--Y7 | E786:Y5--Y6 | E785:Y4--Y5 | E784:Y3--Y4 | E777:Y2--Y3 | E776:Y2--EXIT_E
R06__EXIT_G,R06,School Nurse Office,START_R06,EXIT_G,3,33.0,31,START_R06 -> B8 -> DOOR_14 -> B10 -> C10 -> D10 -> E10 -> F10 -> G10 -> H10 -> I10 -> J10 -> K10 -> M10 -> N10 -> N11 -> N13 -> N15 -> N16 -> M16 -> K16 -> J16 -> I16 -> H16 -> G16 -> F16 -> E16 -> D16 -> C16 -> B16 -> A16 -> EXIT_G,E613:START_R06--B8 | E183:B8--DOOR_14 | E161:B10--DOOR_14 | E160:B10--C10 | E184:C10--D10 | E205:D10--E10 | E231:E10--F10 | E257:F10--G10 | E262:G10--H10 | E292:H10--I10 | E317:I10--J10 | E330:J10--K10 | E339:K10--M10 | E393:M10--N10 | E426:N10--N11 | E427:N11--N13 | E428:N13--N15 | E429:N15--N16 | E394:M16--N16 | E344:K16--M16 | E336:J16--K16 | E320:I16--J16 | E298:H16--I16 | E268:G16--H16 | E260:F16--G16 | E236:E16--F16 | E212:D16--E16 | E187:C16--D16 | E167:B16--C16 | E007:A16--B16 | E008:A16--EXIT_G
R06__EXIT_H,R06,School Nurse Office,START_R06,EXIT_H,3,39.5,37,START_R06 -> B8 -> DOOR_14 -> B10 -> C10 -> D10 -> E10 -> F10 -> G10 -> H10 -> I10 -> J10 -> K10 -> M10 -> N10 -> N11 -> N13 -> N15 -> N16 -> O16 -> DOOR_27 -> Q16 -> R16 -> S16 -> T16 -> U16 -> V16 -> W16 -> X16 -> Y16 -> Z16 -> AA16 -> AB16 -> AC16 -> AD16 -> AE16 -> AF16 -> EXIT_H,E613:START_R06--B8 | E183:B8--DOOR_14 | E161:B10--DOOR_14 | E160:B10--C10 | E184:C10--D10 | E205:D10--E10 | E231:E10--F10 | E257:F10--G10 | E262:G10--H10 | E292:H10--I10 | E317:I10--J10 | E330:J10--K10 | E339:K10--M10 | E393:M10--N10 | E426:N10--N11 | E427:N11--N13 | E428:N13--N15 | E429:N15--N16 | E430:N16--O16 | E464:O16--DOOR_27 | E518:Q16--DOOR_27 | E519:Q16--R16 | E551:R16--S16 | E573:S16--T16 | E682:T16--U16 | E699:U16--V16 | E715:V16--W16 | E734:W16--X16 | E756:X16--Y16 | E773:Y16--Z16 | E038:AA16--Z16 | E037:AA16--AB16 | E063:AB16--AC16 | E081:AC16--AD16 | E101:AD16--AE16 | E133:AE16--AF16 | E151:AF16--EXIT_H
R06__EXIT_A,R06,School Nurse Office,START_R06,EXIT_A,3,41.0,39,START_R06 -> B8 -> DOOR_14 -> B10 -> C10 -> D10 -> E10 -> F10 -> G10 -> H10 -> I10 -> J10 -> K10 -> M10 -> N10 -> N11 -> N13 -> N15 -> N16 -> M16 -> K16 -> J16 -> I16 -> H16 -> G16 -> F16 -> E16 -> D16 -> DOOR_31 -> D18 -> C18 -> START_R20 -> C20 -> DOOR_37 -> C22 -> DOOR_44 -> C24 -> START_R28 -> C26 -> EXIT_A,E613:START_R06--B8 | E183:B8--DOOR_14 | E161:B10--DOOR_14 | E160:B10--C10 | E184:C10--D10 | E205:D10--E10 | E231:E10--F10 | E257:F10--G10 | E262:G10--H10 | E292:H10--I10 | E317:I10--J10 | E330:J10--K10 | E339:K10--M10 | E393:M10--N10 | E426:N10--N11 | E427:N11--N13 | E428:N13--N15 | E429:N15--N16 | E394:M16--N16 | E344:K16--M16 | E336:J16--K16 | E320:I16--J16 | E298:H16--I16 | E268:G16--H16 | E260:F16--G16 | E236:E16--F16 | E212:D16--E16 | E211:D16--DOOR_31 | E214:D18--DOOR_31 | E188:C18--D18 | E189:C18--START_R20 | E644:START_R20--C20 | E192:C20--DOOR_37 | E194:C22--DOOR_37 | E195:C22--DOOR_44 | E197:C24--DOOR_44 | E661:START_R28--C24 | E662:START_R28--C26 | E199:C26--EXIT_A
R06__EXIT_F,R06,School Nurse Office,START_R06,EXIT_F,3,38.0,34,START_R06 -> B8 -> DOOR_14 -> B10 -> C10 -> D10 -> E10 -> F10 -> G10 -> H10 -> I10 -> J10 -> K10 -> M10 -> N10 -> N11 -> N13 -> N15 -> N16 -> O16 -> DOOR_26 -> N18 -> N18.5 -> O18.5 -> DOOR_33 -> P18.5 -> P19 -> P20 -> P21 -> P22 -> P23 -> P24 -> P25 -> P26 -> EXIT_F,E613:START_R06--B8 | E183:B8--DOOR_14 | E161:B10--DOOR_14 | E160:B10--C10 | E184:C10--D10 | E205:D10--E10 | E231:E10--F10 | E257:F10--G10 | E262:G10--H10 | E292:H10--I10 | E317:I10--J10 | E330:J10--K10 | E339:K10--M10 | E393:M10--N10 | E426:N10--N11 | E427:N11--N13 | E428:N13--N15 | E429:N15--N16 | E430:N16--O16 | E463:O16--DOOR_26 | E223:DOOR_26--N18 | E431:N18--N18.5 | E434:N18.5--O18.5 | E466:O18.5--DOOR_33 | E225:DOOR_33--P18.5 | E484:P18.5--P19 | E485:P19--P20 | E489:P20--P21 | E492:P21--P22 | E493:P22--P23 | E494:P23--P24 | E496:P24--P25 | E499:P25--P26 | E500:P26--EXIT_F
R06__EXIT_B,R06,School Nurse Office,START_R06,EXIT_B,3,46.5,44,START_R06 -> B8 -> DOOR_14 -> B10 -> C10 -> D10 -> E10 -> F10 -> G10 -> H10 -> I10 -> J10 -> K10 -> M10 -> N10 -> N11 -> N13 -> N15 -> N16 -> O16 -> DOOR_27 -> Q16 -> R16 -> S16 -> T16 -> U16 -> V16 -> W16 -> X16 -> DOOR_30 -> X18 -> START_R24 -> X20 -> DOOR_39 -> X22 -> DOOR_49 -> X24 -> START_R32 -> Y25 -> DOOR_51 -> AA25 -> DOOR_53 -> AC25 -> AC26 -> EXIT_B,E613:START_R06--B8 | E183:B8--DOOR_14 | E161:B10--DOOR_14 | E160:B10--C10 | E184:C10--D10 | E205:D10--E10 | E231:E10--F10 | E257:F10--G10 | E262:G10--H10 | E292:H10--I10 | E317:I10--J10 | E330:J10--K10 | E339:K10--M10 | E393:M10--N10 | E426:N10--N11 | E427:N11--N13 | E428:N13--N15 | E429:N15--N16 | E430:N16--O16 | E464:O16--DOOR_27 | E518:Q16--DOOR_27 | E519:Q16--R16 | E551:R16--S16 | E573:S16--T16 | E682:T16--U16 | E699:U16--V16 | E715:V16--W16 | E734:W16--X16 | E755:X16--DOOR_30 | E757:X18--DOOR_30 | E651:START_R24--X18 | E652:START_R24--X20 | E759:X20--DOOR_39 | E228:DOOR_39--X22 | E761:X22--DOOR_49 | E763:X24--DOOR_49 | E673:START_R32--X24 | E675:START_R32--Y25 | E780:Y25--DOOR_51 | E046:AA25--DOOR_51 | E047:AA25--DOOR_53 | E091:AC25--DOOR_53 | E090:AC25--AC26 | E093:AC26--EXIT_B
R07__EXIT_C,R07,Counseling Office,START_R07,EXIT_C,4,9.0,9,START_R07 -> H6 -> DOOR_05 -> H4 -> G4 -> G3 -> DOOR_03 -> E3 -> E2 -> EXIT_C,E315:H6--START_R07 | E313:H6--DOOR_05 | E311:H4--DOOR_05 | E285:G4--H4 | E284:G3--G4 | E283:G3--DOOR_03 | E248:E3--DOOR_03 | E239:E2--E3 | E240:E2--EXIT_C
R07__EXIT_D,R07,Counseling Office,START_R07,EXIT_D,4,25.5,25,START_R07 -> G7 -> DOOR_09 -> E7 -> E8 -> E9 -> E10 -> F10 -> G10 -> H10 -> I10 -> J10 -> K10 -> M10 -> N10 -> DOOR_16 -> O10 -> O8 -> O7 -> O6 -> P6 -> P5 -> P4 -> P3 -> P2 -> EXIT_D,E615:START_R07--G7 | E288:G7--DOOR_09 | E253:E7--DOOR_09 | E255:E7--E8 | E256:E8--E9 | E230:E10--E9 | E231:E10--F10 | E257:F10--G10 | E262:G10--H10 | E292:H10--I10 | E317:I10--J10 | E330:J10--K10 | E339:K10--M10 | E393:M10--N10 | E425:N10--DOOR_16 | E457:O10--DOOR_16 | E459:O10--O8 | E479:O7--O8 | E477:O6--O7 | E478:O6--P6 | E505:P5--P6 | E503:P4--P5 | E501:P3--P4 | E487:P2--P3 | E486:P2--EXIT_D
R07__EXIT_E,R07,Counseling Office,START_R07,EXIT_E,4,35.0,35,START_R07 -> G7 -> DOOR_09 -> E7 -> E8 -> E9 -> E10 -> F10 -> G10 -> H10 -> I10 -> J10 -> K10 -> M10 -> N10 -> DOOR_16 -> O10 -> DOOR_15 -> Q10 -> R10 -> S10 -> T10 -> U10 -> V10 -> W10 -> X10 -> Y10 -> Y9 -> Y8 -> Y7 -> Y6 -> Y5 -> Y4 -> Y3 -> Y2 -> EXIT_E,E615:START_R07--G7 | E288:G7--DOOR_09 | E253:E7--DOOR_09 | E255:E7--E8 | E256:E8--E9 | E230:E10--E9 | E231:E10--F10 | E257:F10--G10 | E262:G10--H10 | E292:H10--I10 | E317:I10--J10 | E330:J10--K10 | E339:K10--M10 | E393:M10--N10 | E425:N10--DOOR_16 | E457:O10--DOOR_16 | E456:O10--DOOR_15 | E512:Q10--DOOR_15 | E514:Q10--R10 | E545:R10--S10 | E568:S10--T10 | E679:T10--U10 | E692:U10--V10 | E710:V10--W10 | E731:W10--X10 | E749:X10--Y10 | E767:Y10--Y9 | E791:Y8--Y9 | E790:Y7--Y8 | E787:Y6--Y7 | E786:Y5--Y6 | E785:Y4--Y5 | E784:Y3--Y4 | E777:Y2--Y3 | E776:Y2--EXIT_E
R07__EXIT_G,R07,Counseling Office,START_R07,EXIT_G,4,33.0,31,START_R07 -> G7 -> DOOR_09 -> E7 -> E8 -> E9 -> E10 -> F10 -> G10 -> H10 -> I10 -> J10 -> K10 -> M10 -> N10 -> N11 -> N13 -> N15 -> N16 -> M16 -> K16 -> J16 -> I16 -> H16 -> G16 -> F16 -> E16 -> D16 -> C16 -> B16 -> A16 -> EXIT_G,E615:START_R07--G7 | E288:G7--DOOR_09 | E253:E7--DOOR_09 | E255:E7--E8 | E256:E8--E9 | E230:E10--E9 | E231:E10--F10 | E257:F10--G10 | E262:G10--H10 | E292:H10--I10 | E317:I10--J10 | E330:J10--K10 | E339:K10--M10 | E393:M10--N10 | E426:N10--N11 | E427:N11--N13 | E428:N13--N15 | E429:N15--N16 | E394:M16--N16 | E344:K16--M16 | E336:J16--K16 | E320:I16--J16 | E298:H16--I16 | E268:G16--H16 | E260:F16--G16 | E236:E16--F16 | E212:D16--E16 | E187:C16--D16 | E167:B16--C16 | E007:A16--B16 | E008:A16--EXIT_G
R07__EXIT_H,R07,Counseling Office,START_R07,EXIT_H,4,39.5,37,START_R07 -> G7 -> DOOR_09 -> E7 -> E8 -> E9 -> E10 -> F10 -> G10 -> H10 -> I10 -> J10 -> K10 -> M10 -> N10 -> N11 -> N13 -> N15 -> N16 -> O16 -> DOOR_27 -> Q16 -> R16 -> S16 -> T16 -> U16 -> V16 -> W16 -> X16 -> Y16 -> Z16 -> AA16 -> AB16 -> AC16 -> AD16 -> AE16 -> AF16 -> EXIT_H,E615:START_R07--G7 | E288:G7--DOOR_09 | E253:E7--DOOR_09 | E255:E7--E8 | E256:E8--E9 | E230:E10--E9 | E231:E10--F10 | E257:F10--G10 | E262:G10--H10 | E292:H10--I10 | E317:I10--J10 | E330:J10--K10 | E339:K10--M10 | E393:M10--N10 | E426:N10--N11 | E427:N11--N13 | E428:N13--N15 | E429:N15--N16 | E430:N16--O16 | E464:O16--DOOR_27 | E518:Q16--DOOR_27 | E519:Q16--R16 | E551:R16--S16 | E573:S16--T16 | E682:T16--U16 | E699:U16--V16 | E715:V16--W16 | E734:W16--X16 | E756:X16--Y16 | E773:Y16--Z16 | E038:AA16--Z16 | E037:AA16--AB16 | E063:AB16--AC16 | E081:AC16--AD16 | E101:AD16--AE16 | E133:AE16--AF16 | E151:AF16--EXIT_H
R07__EXIT_A,R07,Counseling Office,START_R07,EXIT_A,4,41.0,39,START_R07 -> G7 -> DOOR_09 -> E7 -> E8 -> E9 -> E10 -> F10 -> G10 -> H10 -> I10 -> J10 -> K10 -> M10 -> N10 -> N11 -> N13 -> N15 -> N16 -> M16 -> K16 -> J16 -> I16 -> H16 -> G16 -> F16 -> E16 -> D16 -> DOOR_31 -> D18 -> C18 -> START_R20 -> C20 -> DOOR_37 -> C22 -> DOOR_44 -> C24 -> START_R28 -> C26 -> EXIT_A,E615:START_R07--G7 | E288:G7--DOOR_09 | E253:E7--DOOR_09 | E255:E7--E8 | E256:E8--E9 | E230:E10--E9 | E231:E10--F10 | E257:F10--G10 | E262:G10--H10 | E292:H10--I10 | E317:I10--J10 | E330:J10--K10 | E339:K10--M10 | E393:M10--N10 | E426:N10--N11 | E427:N11--N13 | E428:N13--N15 | E429:N15--N16 | E394:M16--N16 | E344:K16--M16 | E336:J16--K16 | E320:I16--J16 | E298:H16--I16 | E268:G16--H16 | E260:F16--G16 | E236:E16--F16 | E212:D16--E16 | E211:D16--DOOR_31 | E214:D18--DOOR_31 | E188:C18--D18 | E189:C18--START_R20 | E644:START_R20--C20 | E192:C20--DOOR_37 | E194:C22--DOOR_37 | E195:C22--DOOR_44 | E197:C24--DOOR_44 | E661:START_R28--C24 | E662:START_R28--C26 | E199:C26--EXIT_A
R07__EXIT_F,R07,Counseling Office,START_R07,EXIT_F,4,38.0,34,START_R07 -> G7 -> DOOR_09 -> E7 -> E8 -> E9 -> E10 -> F10 -> G10 -> H10 -> I10 -> J10 -> K10 -> M10 -> N10 -> N11 -> N13 -> N15 -> N16 -> O16 -> DOOR_26 -> N18 -> N18.5 -> O18.5 -> DOOR_33 -> P18.5 -> P19 -> P20 -> P21 -> P22 -> P23 -> P24 -> P25 -> P26 -> EXIT_F,E615:START_R07--G7 | E288:G7--DOOR_09 | E253:E7--DOOR_09 | E255:E7--E8 | E256:E8--E9 | E230:E10--E9 | E231:E10--F10 | E257:F10--G10 | E262:G10--H10 | E292:H10--I10 | E317:I10--J10 | E330:J10--K10 | E339:K10--M10 | E393:M10--N10 | E426:N10--N11 | E427:N11--N13 | E428:N13--N15 | E429:N15--N16 | E430:N16--O16 | E463:O16--DOOR_26 | E223:DOOR_26--N18 | E431:N18--N18.5 | E434:N18.5--O18.5 | E466:O18.5--DOOR_33 | E225:DOOR_33--P18.5 | E484:P18.5--P19 | E485:P19--P20 | E489:P20--P21 | E492:P21--P22 | E493:P22--P23 | E494:P23--P24 | E496:P24--P25 | E499:P25--P26 | E500:P26--EXIT_F
R07__EXIT_B,R07,Counseling Office,START_R07,EXIT_B,4,46.5,44,START_R07 -> G7 -> DOOR_09 -> E7 -> E8 -> E9 -> E10 -> F10 -> G10 -> H10 -> I10 -> J10 -> K10 -> M10 -> N10 -> N11 -> N13 -> N15 -> N16 -> O16 -> DOOR_27 -> Q16 -> R16 -> S16 -> T16 -> U16 -> V16 -> W16 -> X16 -> DOOR_30 -> X18 -> START_R24 -> X20 -> DOOR_39 -> X22 -> DOOR_49 -> X24 -> START_R32 -> Y25 -> DOOR_51 -> AA25 -> DOOR_53 -> AC25 -> AC26 -> EXIT_B,E615:START_R07--G7 | E288:G7--DOOR_09 | E253:E7--DOOR_09 | E255:E7--E8 | E256:E8--E9 | E230:E10--E9 | E231:E10--F10 | E257:F10--G10 | E262:G10--H10 | E292:H10--I10 | E317:I10--J10 | E330:J10--K10 | E339:K10--M10 | E393:M10--N10 | E426:N10--N11 | E427:N11--N13 | E428:N13--N15 | E429:N15--N16 | E430:N16--O16 | E464:O16--DOOR_27 | E518:Q16--DOOR_27 | E519:Q16--R16 | E551:R16--S16 | E573:S16--T16 | E682:T16--U16 | E699:U16--V16 | E715:V16--W16 | E734:W16--X16 | E755:X16--DOOR_30 | E757:X18--DOOR_30 | E651:START_R24--X18 | E652:START_R24--X20 | E759:X20--DOOR_39 | E228:DOOR_39--X22 | E761:X22--DOOR_49 | E763:X24--DOOR_49 | E673:START_R32--X24 | E675:START_R32--Y25 | E780:Y25--DOOR_51 | E046:AA25--DOOR_51 | E047:AA25--DOOR_53 | E091:AC25--DOOR_53 | E090:AC25--AC26 | E093:AC26--EXIT_B
R08__EXIT_C,R08,Curriculum Office,START_R08,EXIT_C,4,34.0,34,START_R08 -> DOOR_11 -> Y7 -> Y8 -> Y9 -> Y10 -> X10 -> W10 -> V10 -> U10 -> T10 -> S10 -> R10 -> Q10 -> DOOR_15 -> O10 -> DOOR_16 -> N10 -> M10 -> K10 -> J10 -> I10 -> H10 -> G10 -> F10 -> E10 -> E9 -> E8 -> E7 -> E6 -> E5 -> E4 -> E3 -> E2 -> EXIT_C,E618:START_R08--DOOR_11 | E789:Y7--DOOR_11 | E790:Y7--Y8 | E791:Y8--Y9 | E767:Y10--Y9 | E749:X10--Y10 | E731:W10--X10 | E710:V10--W10 | E692:U10--V10 | E679:T10--U10 | E568:S10--T10 | E545:R10--S10 | E514:Q10--R10 | E512:Q10--DOOR_15 | E456:O10--DOOR_15 | E457:O10--DOOR_16 | E425:N10--DOOR_16 | E393:M10--N10 | E339:K10--M10 | E330:J10--K10 | E317:I10--J10 | E292:H10--I10 | E262:G10--H10 | E257:F10--G10 | E231:E10--F10 | E230:E10--E9 | E256:E8--E9 | E255:E7--E8 | E252:E6--E7 | E251:E5--E6 | E250:E4--E5 | E249:E3--E4 | E239:E2--E3 | E240:E2--EXIT_C
R08__EXIT_D,R08,Curriculum Office,START_R08,EXIT_D,4,24.5,24,START_R08 -> DOOR_11 -> Y7 -> Y8 -> Y9 -> Y10 -> X10 -> W10 -> V10 -> U10 -> T10 -> S10 -> R10 -> Q10 -> DOOR_15 -> O10 -> O8 -> O7 -> O6 -> P6 -> P5 -> P4 -> P3 -> P2 -> EXIT_D,E618:START_R08--DOOR_11 | E789:Y7--DOOR_11 | E790:Y7--Y8 | E791:Y8--Y9 | E767:Y10--Y9 | E749:X10--Y10 | E731:W10--X10 | E710:V10--W10 | E692:U10--V10 | E679:T10--U10 | E568:S10--T10 | E545:R10--S10 | E514:Q10--R10 | E512:Q10--DOOR_15 | E456:O10--DOOR_15 | E459:O10--O8 | E479:O7--O8 | E477:O6--O7 | E478:O6--P6 | E505:P5--P6 | E503:P4--P5 | E501:P3--P4 | E487:P2--P3 | E486:P2--EXIT_D
R08__EXIT_E,R08,Curriculum Office,START_R08,EXIT_E,4,8.0,8,START_R08 -> DOOR_11 -> Y7 -> Y6 -> Y5 -> Y4 -> Y3 -> Y2 -> EXIT_E,E618:START_R08--DOOR_11 | E789:Y7--DOOR_11 | E787:Y6--Y7 | E786:Y5--Y6 | E785:Y4--Y5 | E784:Y3--Y4 | E777:Y2--Y3 | E776:Y2--EXIT_E
R08__EXIT_G,R08,Curriculum Office,START_R08,EXIT_G,4,35.5,33,START_R08 -> DOOR_11 -> Y7 -> Y8 -> Y9 -> Y10 -> X10 -> W10 -> V10 -> U10 -> T10 -> S10 -> R10 -> Q10 -> DOOR_15 -> O10 -> O11 -> O13 -> O15 -> O16 -> N16 -> M16 -> K16 -> J16 -> I16 -> H16 -> G16 -> F16 -> E16 -> D16 -> C16 -> B16 -> A16 -> EXIT_G,E618:START_R08--DOOR_11 | E789:Y7--DOOR_11 | E790:Y7--Y8 | E791:Y8--Y9 | E767:Y10--Y9 | E749:X10--Y10 | E731:W10--X10 | E710:V10--W10 | E692:U10--V10 | E679:T10--U10 | E568:S10--T10 | E545:R10--S10 | E514:Q10--R10 | E512:Q10--DOOR_15 | E456:O10--DOOR_15 | E458:O10--O11 | E460:O11--O13 | E461:O13--O15 | E462:O15--O16 | E430:N16--O16 | E394:M16--N16 | E344:K16--M16 | E336:J16--K16 | E320:I16--J16 | E298:H16--I16 | E268:G16--H16 | E260:F16--G16 | E236:E16--F16 | E212:D16--E16 | E187:C16--D16 | E167:B16--C16 | E007:A16--B16 | E008:A16--EXIT_G
R08__EXIT_H,R08,Curriculum Office,START_R08,EXIT_H,4,35.0,33,START_R08 -> DOOR_11 -> Y7 -> Y8 -> Y9 -> Y10 -> X10 -> W10 -> V10 -> U10 -> T10 -> S10 -> R10 -> Q10 -> Q11 -> Q13 -> Q15 -> Q16 -> R16 -> S16 -> T16 -> U16 -> V16 -> W16 -> X16 -> Y16 -> Z16 -> AA16 -> AB16 -> AC16 -> AD16 -> AE16 -> AF16 -> EXIT_H,E618:START_R08--DOOR_11 | E789:Y7--DOOR_11 | E790:Y7--Y8 | E791:Y8--Y9 | E767:Y10--Y9 | E749:X10--Y10 | E731:W10--X10 | E710:V10--W10 | E692:U10--V10 | E679:T10--U10 | E568:S10--T10 | E545:R10--S10 | E514:Q10--R10 | E513:Q10--Q11 | E515:Q11--Q13 | E516:Q13--Q15 | E517:Q15--Q16 | E519:Q16--R16 | E551:R16--S16 | E573:S16--T16 | E682:T16--U16 | E699:U16--V16 | E715:V16--W16 | E734:W16--X16 | E756:X16--Y16 | E773:Y16--Z16 | E038:AA16--Z16 | E037:AA16--AB16 | E063:AB16--AC16 | E081:AC16--AD16 | E101:AD16--AE16 | E133:AE16--AF16 | E151:AF16--EXIT_H
R08__EXIT_A,R08,Curriculum Office,START_R08,EXIT_A,4,43.25,42,START_R08 -> DOOR_11 -> Y7 -> Y8 -> Y9 -> Y10 -> X10 -> W10 -> V10 -> U10 -> T10 -> S10 -> R10 -> Q10 -> DOOR_15 -> O10 -> O11 -> O13 -> O15 -> O16 -> DOOR_26 -> N18 -> N18.5 -> M18.5 -> DOOR_32 -> K18.5 -> K19 -> K20 -> K21 -> K22 -> J22 -> I22 -> H22 -> G22 -> F22 -> E22 -> D22 -> C22 -> DOOR_44 -> C24 -> START_R28 -> C26 -> EXIT_A,E618:START_R08--DOOR_11 | E789:Y7--DOOR_11 | E790:Y7--Y8 | E791:Y8--Y9 | E767:Y10--Y9 | E749:X10--Y10 | E731:W10--X10 | E710:V10--W10 | E692:U10--V10 | E679:T10--U10 | E568:S10--T10 | E545:R10--S10 | E514:Q10--R10 | E512:Q10--DOOR_15 | E456:O10--DOOR_15 | E458:O10--O11 | E460:O11--O13 | E461:O13--O15 | E462:O15--O16 | E463:O16--DOOR_26 | E223:DOOR_26--N18 | E431:N18--N18.5 | E398:M18.5--N18.5 | E224:DOOR_32--M18.5 | E347:K18.5--DOOR_32 | E348:K18.5--K19 | E349:K19--K20 | E352:K20--K21 | E354:K21--K22 | E337:J22--K22 | E324:I22--J22 | E307:H22--I22 | E276:G22--H22 | E261:F22--G22 | E241:E22--F22 | E219:D22--E22 | E193:C22--D22 | E195:C22--DOOR_44 | E197:C24--DOOR_44 | E661:START_R28--C24 | E662:START_R28--C26 | E199:C26--EXIT_A
R08__EXIT_F,R08,Curriculum Office,START_R08,EXIT_F,4,37.5,34,START_R08 -> DOOR_11 -> Y7 -> Y8 -> Y9 -> Y10 -> X10 -> W10 -> V10 -> U10 -> T10 -> S10 -> R10 -> Q10 -> DOOR_15 -> O10 -> O11 -> O13 -> O15 -> O16 -> DOOR_26 -> N18 -> N18.5 -> O18.5 -> DOOR_33 -> P18.5 -> P19 -> P20 -> P21 -> P22 -> P23 -> P24 -> P25 -> P26 -> EXIT_F,E618:START_R08--DOOR_11 | E789:Y7--DOOR_11 | E790:Y7--Y8 | E791:Y8--Y9 | E767:Y10--Y9 | E749:X10--Y10 | E731:W10--X10 | E710:V10--W10 | E692:U10--V10 | E679:T10--U10 | E568:S10--T10 | E545:R10--S10 | E514:Q10--R10 | E512:Q10--DOOR_15 | E456:O10--DOOR_15 | E458:O10--O11 | E460:O11--O13 | E461:O13--O15 | E462:O15--O16 | E463:O16--DOOR_26 | E223:DOOR_26--N18 | E431:N18--N18.5 | E434:N18.5--O18.5 | E466:O18.5--DOOR_33 | E225:DOOR_33--P18.5 | E484:P18.5--P19 | E485:P19--P20 | E489:P20--P21 | E492:P21--P22 | E493:P22--P23 | E494:P23--P24 | E496:P24--P25 | E499:P25--P26 | E500:P26--EXIT_F
R08__EXIT_B,R08,Curriculum Office,START_R08,EXIT_B,4,42.0,40,START_R08 -> DOOR_11 -> Y7 -> Y8 -> Y9 -> Y10 -> X10 -> W10 -> V10 -> U10 -> T10 -> S10 -> R10 -> Q10 -> Q11 -> Q13 -> Q15 -> Q16 -> R16 -> S16 -> T16 -> U16 -> V16 -> W16 -> X16 -> DOOR_30 -> X18 -> START_R24 -> X20 -> DOOR_39 -> X22 -> DOOR_49 -> X24 -> START_R32 -> Y25 -> DOOR_51 -> AA25 -> DOOR_53 -> AC25 -> AC26 -> EXIT_B,E618:START_R08--DOOR_11 | E789:Y7--DOOR_11 | E790:Y7--Y8 | E791:Y8--Y9 | E767:Y10--Y9 | E749:X10--Y10 | E731:W10--X10 | E710:V10--W10 | E692:U10--V10 | E679:T10--U10 | E568:S10--T10 | E545:R10--S10 | E514:Q10--R10 | E513:Q10--Q11 | E515:Q11--Q13 | E516:Q13--Q15 | E517:Q15--Q16 | E519:Q16--R16 | E551:R16--S16 | E573:S16--T16 | E682:T16--U16 | E699:U16--V16 | E715:V16--W16 | E734:W16--X16 | E755:X16--DOOR_30 | E757:X18--DOOR_30 | E651:START_R24--X18 | E652:START_R24--X20 | E759:X20--DOOR_39 | E228:DOOR_39--X22 | E761:X22--DOOR_49 | E763:X24--DOOR_49 | E673:START_R32--X24 | E675:START_R32--Y25 | E780:Y25--DOOR_51 | E046:AA25--DOOR_51 | E047:AA25--DOOR_53 | E091:AC25--DOOR_53 | E090:AC25--AC26 | E093:AC26--EXIT_B
R09__EXIT_C,R09,Student Services Office,START_R09,EXIT_C,4,35.0,35,START_R09 -> AA7 -> DOOR_08 -> Y7 -> Y8 -> Y9 -> Y10 -> X10 -> W10 -> V10 -> U10 -> T10 -> S10 -> R10 -> Q10 -> DOOR_15 -> O10 -> DOOR_16 -> N10 -> M10 -> K10 -> J10 -> I10 -> H10 -> G10 -> F10 -> E10 -> E9 -> E8 -> E7 -> E6 -> E5 -> E4 -> E3 -> E2 -> EXIT_C,E621:START_R09--AA7 | E055:AA7--DOOR_08 | E788:Y7--DOOR_08 | E790:Y7--Y8 | E791:Y8--Y9 | E767:Y10--Y9 | E749:X10--Y10 | E731:W10--X10 | E710:V10--W10 | E692:U10--V10 | E679:T10--U10 | E568:S10--T10 | E545:R10--S10 | E514:Q10--R10 | E512:Q10--DOOR_15 | E456:O10--DOOR_15 | E457:O10--DOOR_16 | E425:N10--DOOR_16 | E393:M10--N10 | E339:K10--M10 | E330:J10--K10 | E317:I10--J10 | E292:H10--I10 | E262:G10--H10 | E257:F10--G10 | E231:E10--F10 | E230:E10--E9 | E256:E8--E9 | E255:E7--E8 | E252:E6--E7 | E251:E5--E6 | E250:E4--E5 | E249:E3--E4 | E239:E2--E3 | E240:E2--EXIT_C
R09__EXIT_D,R09,Student Services Office,START_R09,EXIT_D,4,25.5,25,START_R09 -> AA7 -> DOOR_08 -> Y7 -> Y8 -> Y9 -> Y10 -> X10 -> W10 -> V10 -> U10 -> T10 -> S10 -> R10 -> Q10 -> DOOR_15 -> O10 -> O8 -> O7 -> O6 -> P6 -> P5 -> P4 -> P3 -> P2 -> EXIT_D,E621:START_R09--AA7 | E055:AA7--DOOR_08 | E788:Y7--DOOR_08 | E790:Y7--Y8 | E791:Y8--Y9 | E767:Y10--Y9 | E749:X10--Y10 | E731:W10--X10 | E710:V10--W10 | E692:U10--V10 | E679:T10--U10 | E568:S10--T10 | E545:R10--S10 | E514:Q10--R10 | E512:Q10--DOOR_15 | E456:O10--DOOR_15 | E459:O10--O8 | E479:O7--O8 | E477:O6--O7 | E478:O6--P6 | E505:P5--P6 | E503:P4--P5 | E501:P3--P4 | E487:P2--P3 | E486:P2--EXIT_D
R09__EXIT_E,R09,Student Services Office,START_R09,EXIT_E,4,9.0,9,START_R09 -> AB6 -> DOOR_06 -> AB4 -> AA4 -> AA3 -> DOOR_04 -> Y3 -> Y2 -> EXIT_E,E077:AB6--START_R09 | E076:AB6--DOOR_06 | E075:AB4--DOOR_06 | E051:AA4--AB4 | E048:AA3--AA4 | E050:AA3--DOOR_04 | E783:Y3--DOOR_04 | E777:Y2--Y3 | E776:Y2--EXIT_E
R09__EXIT_G,R09,Student Services Office,START_R09,EXIT_G,4,36.5,34,START_R09 -> AA7 -> DOOR_08 -> Y7 -> Y8 -> Y9 -> Y10 -> X10 -> W10 -> V10 -> U10 -> T10 -> S10 -> R10 -> Q10 -> DOOR_15 -> O10 -> O11 -> O13 -> O15 -> O16 -> N16 -> M16 -> K16 -> J16 -> I16 -> H16 -> G16 -> F16 -> E16 -> D16 -> C16 -> B16 -> A16 -> EXIT_G,E621:START_R09--AA7 | E055:AA7--DOOR_08 | E788:Y7--DOOR_08 | E790:Y7--Y8 | E791:Y8--Y9 | E767:Y10--Y9 | E749:X10--Y10 | E731:W10--X10 | E710:V10--W10 | E692:U10--V10 | E679:T10--U10 | E568:S10--T10 | E545:R10--S10 | E514:Q10--R10 | E512:Q10--DOOR_15 | E456:O10--DOOR_15 | E458:O10--O11 | E460:O11--O13 | E461:O13--O15 | E462:O15--O16 | E430:N16--O16 | E394:M16--N16 | E344:K16--M16 | E336:J16--K16 | E320:I16--J16 | E298:H16--I16 | E268:G16--H16 | E260:F16--G16 | E236:E16--F16 | E212:D16--E16 | E187:C16--D16 | E167:B16--C16 | E007:A16--B16 | E008:A16--EXIT_G
R09__EXIT_H,R09,Student Services Office,START_R09,EXIT_H,4,36.0,34,START_R09 -> AA7 -> DOOR_08 -> Y7 -> Y8 -> Y9 -> Y10 -> X10 -> W10 -> V10 -> U10 -> T10 -> S10 -> R10 -> Q10 -> Q11 -> Q13 -> Q15 -> Q16 -> R16 -> S16 -> T16 -> U16 -> V16 -> W16 -> X16 -> Y16 -> Z16 -> AA16 -> AB16 -> AC16 -> AD16 -> AE16 -> AF16 -> EXIT_H,E621:START_R09--AA7 | E055:AA7--DOOR_08 | E788:Y7--DOOR_08 | E790:Y7--Y8 | E791:Y8--Y9 | E767:Y10--Y9 | E749:X10--Y10 | E731:W10--X10 | E710:V10--W10 | E692:U10--V10 | E679:T10--U10 | E568:S10--T10 | E545:R10--S10 | E514:Q10--R10 | E513:Q10--Q11 | E515:Q11--Q13 | E516:Q13--Q15 | E517:Q15--Q16 | E519:Q16--R16 | E551:R16--S16 | E573:S16--T16 | E682:T16--U16 | E699:U16--V16 | E715:V16--W16 | E734:W16--X16 | E756:X16--Y16 | E773:Y16--Z16 | E038:AA16--Z16 | E037:AA16--AB16 | E063:AB16--AC16 | E081:AC16--AD16 | E101:AD16--AE16 | E133:AE16--AF16 | E151:AF16--EXIT_H
R09__EXIT_A,R09,Student Services Office,START_R09,EXIT_A,4,44.25,43,START_R09 -> AA7 -> DOOR_08 -> Y7 -> Y8 -> Y9 -> Y10 -> X10 -> W10 -> V10 -> U10 -> T10 -> S10 -> R10 -> Q10 -> DOOR_15 -> O10 -> O11 -> O13 -> O15 -> O16 -> DOOR_26 -> N18 -> N18.5 -> M18.5 -> DOOR_32 -> K18.5 -> K19 -> K20 -> K21 -> K22 -> J22 -> I22 -> H22 -> G22 -> F22 -> E22 -> D22 -> C22 -> DOOR_44 -> C24 -> START_R28 -> C26 -> EXIT_A,E621:START_R09--AA7 | E055:AA7--DOOR_08 | E788:Y7--DOOR_08 | E790:Y7--Y8 | E791:Y8--Y9 | E767:Y10--Y9 | E749:X10--Y10 | E731:W10--X10 | E710:V10--W10 | E692:U10--V10 | E679:T10--U10 | E568:S10--T10 | E545:R10--S10 | E514:Q10--R10 | E512:Q10--DOOR_15 | E456:O10--DOOR_15 | E458:O10--O11 | E460:O11--O13 | E461:O13--O15 | E462:O15--O16 | E463:O16--DOOR_26 | E223:DOOR_26--N18 | E431:N18--N18.5 | E398:M18.5--N18.5 | E224:DOOR_32--M18.5 | E347:K18.5--DOOR_32 | E348:K18.5--K19 | E349:K19--K20 | E352:K20--K21 | E354:K21--K22 | E337:J22--K22 | E324:I22--J22 | E307:H22--I22 | E276:G22--H22 | E261:F22--G22 | E241:E22--F22 | E219:D22--E22 | E193:C22--D22 | E195:C22--DOOR_44 | E197:C24--DOOR_44 | E661:START_R28--C24 | E662:START_R28--C26 | E199:C26--EXIT_A
R09__EXIT_F,R09,Student Services Office,START_R09,EXIT_F,4,38.5,35,START_R09 -> AA7 -> DOOR_08 -> Y7 -> Y8 -> Y9 -> Y10 -> X10 -> W10 -> V10 -> U10 -> T10 -> S10 -> R10 -> Q10 -> DOOR_15 -> O10 -> O11 -> O13 -> O15 -> O16 -> DOOR_26 -> N18 -> N18.5 -> O18.5 -> DOOR_33 -> P18.5 -> P19 -> P20 -> P21 -> P22 -> P23 -> P24 -> P25 -> P26 -> EXIT_F,E621:START_R09--AA7 | E055:AA7--DOOR_08 | E788:Y7--DOOR_08 | E790:Y7--Y8 | E791:Y8--Y9 | E767:Y10--Y9 | E749:X10--Y10 | E731:W10--X10 | E710:V10--W10 | E692:U10--V10 | E679:T10--U10 | E568:S10--T10 | E545:R10--S10 | E514:Q10--R10 | E512:Q10--DOOR_15 | E456:O10--DOOR_15 | E458:O10--O11 | E460:O11--O13 | E461:O13--O15 | E462:O15--O16 | E463:O16--DOOR_26 | E223:DOOR_26--N18 | E431:N18--N18.5 | E434:N18.5--O18.5 | E466:O18.5--DOOR_33 | E225:DOOR_33--P18.5 | E484:P18.5--P19 | E485:P19--P20 | E489:P20--P21 | E492:P21--P22 | E493:P22--P23 | E494:P23--P24 | E496:P24--P25 | E499:P25--P26 | E500:P26--EXIT_F
R09__EXIT_B,R09,Student Services Office,START_R09,EXIT_B,4,43.0,41,START_R09 -> AA7 -> DOOR_08 -> Y7 -> Y8 -> Y9 -> Y10 -> X10 -> W10 -> V10 -> U10 -> T10 -> S10 -> R10 -> Q10 -> Q11 -> Q13 -> Q15 -> Q16 -> R16 -> S16 -> T16 -> U16 -> V16 -> W16 -> X16 -> DOOR_30 -> X18 -> START_R24 -> X20 -> DOOR_39 -> X22 -> DOOR_49 -> X24 -> START_R32 -> Y25 -> DOOR_51 -> AA25 -> DOOR_53 -> AC25 -> AC26 -> EXIT_B,E621:START_R09--AA7 | E055:AA7--DOOR_08 | E788:Y7--DOOR_08 | E790:Y7--Y8 | E791:Y8--Y9 | E767:Y10--Y9 | E749:X10--Y10 | E731:W10--X10 | E710:V10--W10 | E692:U10--V10 | E679:T10--U10 | E568:S10--T10 | E545:R10--S10 | E514:Q10--R10 | E513:Q10--Q11 | E515:Q11--Q13 | E516:Q13--Q15 | E517:Q15--Q16 | E519:Q16--R16 | E551:R16--S16 | E573:S16--T16 | E682:T16--U16 | E699:U16--V16 | E715:V16--W16 | E734:W16--X16 | E755:X16--DOOR_30 | E757:X18--DOOR_30 | E651:START_R24--X18 | E652:START_R24--X20 | E759:X20--DOOR_39 | E228:DOOR_39--X22 | E761:X22--DOOR_49 | E763:X24--DOOR_49 | E673:START_R32--X24 | E675:START_R32--Y25 | E780:Y25--DOOR_51 | E046:AA25--DOOR_51 | E047:AA25--DOOR_53 | E091:AC25--DOOR_53 | E090:AC25--AC26 | E093:AC26--EXIT_B
R10__EXIT_C,R10,Special Education Office,START_R10,EXIT_C,4,37.5,38,START_R10 -> AE8 -> DOOR_13 -> AE10 -> AD10 -> AC10 -> AB10 -> AA10 -> Z10 -> Y10 -> X10 -> W10 -> V10 -> U10 -> T10 -> S10 -> R10 -> Q10 -> DOOR_15 -> O10 -> DOOR_16 -> N10 -> M10 -> K10 -> J10 -> I10 -> H10 -> G10 -> F10 -> E10 -> E9 -> E8 -> E7 -> E6 -> E5 -> E4 -> E3 -> E2 -> EXIT_C,E624:START_R10--AE8 | E148:AE8--DOOR_13 | E127:AE10--DOOR_13 | E095:AD10--AE10 | E078:AC10--AD10 | E057:AB10--AC10 | E030:AA10--AB10 | E031:AA10--Z10 | E768:Y10--Z10 | E749:X10--Y10 | E731:W10--X10 | E710:V10--W10 | E692:U10--V10 | E679:T10--U10 | E568:S10--T10 | E545:R10--S10 | E514:Q10--R10 | E512:Q10--DOOR_15 | E456:O10--DOOR_15 | E457:O10--DOOR_16 | E425:N10--DOOR_16 | E393:M10--N10 | E339:K10--M10 | E330:J10--K10 | E317:I10--J10 | E292:H10--I10 | E262:G10--H10 | E257:F10--G10 | E231:E10--F10 | E230:E10--E9 | E256:E8--E9 | E255:E7--E8 | E252:E6--E7 | E251:E5--E6 | E250:E4--E5 | E249:E3--E4 | E239:E2--E3 | E240:E2--EXIT_C
R10__EXIT_D,R10,Special Education Office,START_R10,EXIT_D,4,28.0,28,START_R10 -> AE8 -> DOOR_13 -> AE10 -> AD10 -> AC10 -> AB10 -> AA10 -> Z10 -> Y10 -> X10 -> W10 -> V10 -> U10 -> T10 -> S10 -> R10 -> Q10 -> DOOR_15 -> O10 -> O8 -> O7 -> O6 -> P6 -> P5 -> P4 -> P3 -> P2 -> EXIT_D,E624:START_R10--AE8 | E148:AE8--DOOR_13 | E127:AE10--DOOR_13 | E095:AD10--AE10 | E078:AC10--AD10 | E057:AB10--AC10 | E030:AA10--AB10 | E031:AA10--Z10 | E768:Y10--Z10 | E749:X10--Y10 | E731:W10--X10 | E710:V10--W10 | E692:U10--V10 | E679:T10--U10 | E568:S10--T10 | E545:R10--S10 | E514:Q10--R10 | E512:Q10--DOOR_15 | E456:O10--DOOR_15 | E459:O10--O8 | E479:O7--O8 | E477:O6--O7 | E478:O6--P6 | E505:P5--P6 | E503:P4--P5 | E501:P3--P4 | E487:P2--P3 | E486:P2--EXIT_D
R10__EXIT_E,R10,Special Education Office,START_R10,EXIT_E,4,12.0,12,START_R10 -> AD7 -> DOOR_10 -> START_R09 -> AB6 -> DOOR_06 -> AB4 -> AA4 -> AA3 -> DOOR_04 -> Y3 -> Y2 -> EXIT_E,E124:AD7--START_R10 | E123:AD7--DOOR_10 | E623:START_R09--DOOR_10 | E077:AB6--START_R09 | E076:AB6--DOOR_06 | E075:AB4--DOOR_06 | E051:AA4--AB4 | E048:AA3--AA4 | E050:AA3--DOOR_04 | E783:Y3--DOOR_04 | E777:Y2--Y3 | E776:Y2--EXIT_E
R10__EXIT_G,R10,Special Education Office,START_R10,EXIT_G,4,39.0,37,START_R10 -> AE8 -> DOOR_13 -> AE10 -> AD10 -> AC10 -> AB10 -> AA10 -> Z10 -> Y10 -> X10 -> W10 -> V10 -> U10 -> T10 -> S10 -> R10 -> Q10 -> DOOR_15 -> O10 -> O11 -> O13 -> O15 -> O16 -> N16 -> M16 -> K16 -> J16 -> I16 -> H16 -> G16 -> F16 -> E16 -> D16 -> C16 -> B16 -> A16 -> EXIT_G,E624:START_R10--AE8 | E148:AE8--DOOR_13 | E127:AE10--DOOR_13 | E095:AD10--AE10 | E078:AC10--AD10 | E057:AB10--AC10 | E030:AA10--AB10 | E031:AA10--Z10 | E768:Y10--Z10 | E749:X10--Y10 | E731:W10--X10 | E710:V10--W10 | E692:U10--V10 | E679:T10--U10 | E568:S10--T10 | E545:R10--S10 | E514:Q10--R10 | E512:Q10--DOOR_15 | E456:O10--DOOR_15 | E458:O10--O11 | E460:O11--O13 | E461:O13--O15 | E462:O15--O16 | E430:N16--O16 | E394:M16--N16 | E344:K16--M16 | E336:J16--K16 | E320:I16--J16 | E298:H16--I16 | E268:G16--H16 | E260:F16--G16 | E236:E16--F16 | E212:D16--E16 | E187:C16--D16 | E167:B16--C16 | E007:A16--B16 | E008:A16--EXIT_G
R10__EXIT_H,R10,Special Education Office,START_R10,EXIT_H,4,38.5,37,START_R10 -> AE8 -> DOOR_13 -> AE10 -> AD10 -> AC10 -> AB10 -> AA10 -> Z10 -> Y10 -> X10 -> W10 -> V10 -> U10 -> T10 -> S10 -> R10 -> Q10 -> Q11 -> Q13 -> Q15 -> Q16 -> R16 -> S16 -> T16 -> U16 -> V16 -> W16 -> X16 -> Y16 -> Z16 -> AA16 -> AB16 -> AC16 -> AD16 -> AE16 -> AF16 -> EXIT_H,E624:START_R10--AE8 | E148:AE8--DOOR_13 | E127:AE10--DOOR_13 | E095:AD10--AE10 | E078:AC10--AD10 | E057:AB10--AC10 | E030:AA10--AB10 | E031:AA10--Z10 | E768:Y10--Z10 | E749:X10--Y10 | E731:W10--X10 | E710:V10--W10 | E692:U10--V10 | E679:T10--U10 | E568:S10--T10 | E545:R10--S10 | E514:Q10--R10 | E513:Q10--Q11 | E515:Q11--Q13 | E516:Q13--Q15 | E517:Q15--Q16 | E519:Q16--R16 | E551:R16--S16 | E573:S16--T16 | E682:T16--U16 | E699:U16--V16 | E715:V16--W16 | E734:W16--X16 | E756:X16--Y16 | E773:Y16--Z16 | E038:AA16--Z16 | E037:AA16--AB16 | E063:AB16--AC16 | E081:AC16--AD16 | E101:AD16--AE16 | E133:AE16--AF16 | E151:AF16--EXIT_H
R10__EXIT_A,R10,Special Education Office,START_R10,EXIT_A,4,46.75,46,START_R10 -> AE8 -> DOOR_13 -> AE10 -> AD10 -> AC10 -> AB10 -> AA10 -> Z10 -> Y10 -> X10 -> W10 -> V10 -> U10 -> T10 -> S10 -> R10 -> Q10 -> DOOR_15 -> O10 -> O11 -> O13 -> O15 -> O16 -> DOOR_26 -> N18 -> N18.5 -> M18.5 -> DOOR_32 -> K18.5 -> K19 -> K20 -> K21 -> K22 -> J22 -> I22 -> H22 -> G22 -> F22 -> E22 -> D22 -> C22 -> DOOR_44 -> C24 -> START_R28 -> C26 -> EXIT_A,E624:START_R10--AE8 | E148:AE8--DOOR_13 | E127:AE10--DOOR_13 | E095:AD10--AE10 | E078:AC10--AD10 | E057:AB10--AC10 | E030:AA10--AB10 | E031:AA10--Z10 | E768:Y10--Z10 | E749:X10--Y10 | E731:W10--X10 | E710:V10--W10 | E692:U10--V10 | E679:T10--U10 | E568:S10--T10 | E545:R10--S10 | E514:Q10--R10 | E512:Q10--DOOR_15 | E456:O10--DOOR_15 | E458:O10--O11 | E460:O11--O13 | E461:O13--O15 | E462:O15--O16 | E463:O16--DOOR_26 | E223:DOOR_26--N18 | E431:N18--N18.5 | E398:M18.5--N18.5 | E224:DOOR_32--M18.5 | E347:K18.5--DOOR_32 | E348:K18.5--K19 | E349:K19--K20 | E352:K20--K21 | E354:K21--K22 | E337:J22--K22 | E324:I22--J22 | E307:H22--I22 | E276:G22--H22 | E261:F22--G22 | E241:E22--F22 | E219:D22--E22 | E193:C22--D22 | E195:C22--DOOR_44 | E197:C24--DOOR_44 | E661:START_R28--C24 | E662:START_R28--C26 | E199:C26--EXIT_A
R10__EXIT_F,R10,Special Education Office,START_R10,EXIT_F,4,41.0,38,START_R10 -> AE8 -> DOOR_13 -> AE10 -> AD10 -> AC10 -> AB10 -> AA10 -> Z10 -> Y10 -> X10 -> W10 -> V10 -> U10 -> T10 -> S10 -> R10 -> Q10 -> DOOR_15 -> O10 -> O11 -> O13 -> O15 -> O16 -> DOOR_26 -> N18 -> N18.5 -> O18.5 -> DOOR_33 -> P18.5 -> P19 -> P20 -> P21 -> P22 -> P23 -> P24 -> P25 -> P26 -> EXIT_F,E624:START_R10--AE8 | E148:AE8--DOOR_13 | E127:AE10--DOOR_13 | E095:AD10--AE10 | E078:AC10--AD10 | E057:AB10--AC10 | E030:AA10--AB10 | E031:AA10--Z10 | E768:Y10--Z10 | E749:X10--Y10 | E731:W10--X10 | E710:V10--W10 | E692:U10--V10 | E679:T10--U10 | E568:S10--T10 | E545:R10--S10 | E514:Q10--R10 | E512:Q10--DOOR_15 | E456:O10--DOOR_15 | E458:O10--O11 | E460:O11--O13 | E461:O13--O15 | E462:O15--O16 | E463:O16--DOOR_26 | E223:DOOR_26--N18 | E431:N18--N18.5 | E434:N18.5--O18.5 | E466:O18.5--DOOR_33 | E225:DOOR_33--P18.5 | E484:P18.5--P19 | E485:P19--P20 | E489:P20--P21 | E492:P21--P22 | E493:P22--P23 | E494:P23--P24 | E496:P24--P25 | E499:P25--P26 | E500:P26--EXIT_F
R10__EXIT_B,R10,Special Education Office,START_R10,EXIT_B,4,45.5,44,START_R10 -> AE8 -> DOOR_13 -> AE10 -> AD10 -> AC10 -> AB10 -> AA10 -> Z10 -> Y10 -> X10 -> W10 -> V10 -> U10 -> T10 -> S10 -> R10 -> Q10 -> Q11 -> Q13 -> Q15 -> Q16 -> R16 -> S16 -> T16 -> U16 -> V16 -> W16 -> X16 -> DOOR_30 -> X18 -> START_R24 -> X20 -> DOOR_39 -> X22 -> DOOR_49 -> X24 -> START_R32 -> Y25 -> DOOR_51 -> AA25 -> DOOR_53 -> AC25 -> AC26 -> EXIT_B,E624:START_R10--AE8 | E148:AE8--DOOR_13 | E127:AE10--DOOR_13 | E095:AD10--AE10 | E078:AC10--AD10 | E057:AB10--AC10 | E030:AA10--AB10 | E031:AA10--Z10 | E768:Y10--Z10 | E749:X10--Y10 | E731:W10--X10 | E710:V10--W10 | E692:U10--V10 | E679:T10--U10 | E568:S10--T10 | E545:R10--S10 | E514:Q10--R10 | E513:Q10--Q11 | E515:Q11--Q13 | E516:Q13--Q15 | E517:Q15--Q16 | E519:Q16--R16 | E551:R16--S16 | E573:S16--T16 | E682:T16--U16 | E699:U16--V16 | E715:V16--W16 | E734:W16--X16 | E755:X16--DOOR_30 | E757:X18--DOOR_30 | E651:START_R24--X18 | E652:START_R24--X20 | E759:X20--DOOR_39 | E228:DOOR_39--X22 | E761:X22--DOOR_49 | E763:X24--DOOR_49 | E673:START_R32--X24 | E675:START_R32--Y25 | E780:Y25--DOOR_51 | E046:AA25--DOOR_51 | E047:AA25--DOOR_53 | E091:AC25--DOOR_53 | E090:AC25--AC26 | E093:AC26--EXIT_B
R11__EXIT_C,R11,Testing & Assessment Office,START_R11,EXIT_C,4,15.0,15,START_R11 -> B12 -> DOOR_18 -> B10 -> C10 -> D10 -> E10 -> E9 -> E8 -> E7 -> E6 -> E5 -> E4 -> E3 -> E2 -> EXIT_C,E165:B12--START_R11 | E164:B12--DOOR_18 | E162:B10--DOOR_18 | E160:B10--C10 | E184:C10--D10 | E205:D10--E10 | E230:E10--E9 | E256:E8--E9 | E255:E7--E8 | E252:E6--E7 | E251:E5--E6 | E250:E4--E5 | E249:E3--E4 | E239:E2--E3 | E240:E2--EXIT_C
R11__EXIT_D,R11,Testing & Assessment Office,START_R11,EXIT_D,4,25.5,25,START_R11 -> B12 -> DOOR_18 -> B10 -> C10 -> D10 -> E10 -> F10 -> G10 -> H10 -> I10 -> J10 -> K10 -> M10 -> N10 -> DOOR_16 -> O10 -> O8 -> O7 -> O6 -> P6 -> P5 -> P4 -> P3 -> P2 -> EXIT_D,E165:B12--START_R11 | E164:B12--DOOR_18 | E162:B10--DOOR_18 | E160:B10--C10 | E184:C10--D10 | E205:D10--E10 | E231:E10--F10 | E257:F10--G10 | E262:G10--H10 | E292:H10--I10 | E317:I10--J10 | E330:J10--K10 | E339:K10--M10 | E393:M10--N10 | E425:N10--DOOR_16 | E457:O10--DOOR_16 | E459:O10--O8 | E479:O7--O8 | E477:O6--O7 | E478:O6--P6 | E505:P5--P6 | E503:P4--P5 | E501:P3--P4 | E487:P2--P3 | E486:P2--EXIT_D
R11__EXIT_E,R11,Testing & Assessment Office,START_R11,EXIT_E,4,35.0,35,START_R11 -> B12 -> DOOR_18 -> B10 -> C10 -> D10 -> E10 -> F10 -> G10 -> H10 -> I10 -> J10 -> K10 -> M10 -> N10 -> DOOR_16 -> O10 -> DOOR_15 -> Q10 -> R10 -> S10 -> T10 -> U10 -> V10 -> W10 -> X10 -> Y10 -> Y9 -> Y8 -> Y7 -> Y6 -> Y5 -> Y4 -> Y3 -> Y2 -> EXIT_E,E165:B12--START_R11 | E164:B12--DOOR_18 | E162:B10--DOOR_18 | E160:B10--C10 | E184:C10--D10 | E205:D10--E10 | E231:E10--F10 | E257:F10--G10 | E262:G10--H10 | E292:H10--I10 | E317:I10--J10 | E330:J10--K10 | E339:K10--M10 | E393:M10--N10 | E425:N10--DOOR_16 | E457:O10--DOOR_16 | E456:O10--DOOR_15 | E512:Q10--DOOR_15 | E514:Q10--R10 | E545:R10--S10 | E568:S10--T10 | E679:T10--U10 | E692:U10--V10 | E710:V10--W10 | E731:W10--X10 | E749:X10--Y10 | E767:Y10--Y9 | E791:Y8--Y9 | E790:Y7--Y8 | E787:Y6--Y7 | E786:Y5--Y6 | E785:Y4--Y5 | E784:Y3--Y4 | E777:Y2--Y3 | E776:Y2--EXIT_E
R11__EXIT_G,R11,Testing & Assessment Office,START_R11,EXIT_G,4,33.0,31,START_R11 -> B12 -> DOOR_18 -> B10 -> C10 -> D10 -> E10 -> F10 -> G10 -> H10 -> I10 -> J10 -> K10 -> M10 -> N10 -> N11 -> N13 -> N15 -> N16 -> M16 -> K16 -> J16 -> I16 -> H16 -> G16 -> F16 -> E16 -> D16 -> C16 -> B16 -> A16 -> EXIT_G,E165:B12--START_R11 | E164:B12--DOOR_18 | E162:B10--DOOR_18 | E160:B10--C10 | E184:C10--D10 | E205:D10--E10 | E231:E10--F10 | E257:F10--G10 | E262:G10--H10 | E292:H10--I10 | E317:I10--J10 | E330:J10--K10 | E339:K10--M10 | E393:M10--N10 | E426:N10--N11 | E427:N11--N13 | E428:N13--N15 | E429:N15--N16 | E394:M16--N16 | E344:K16--M16 | E336:J16--K16 | E320:I16--J16 | E298:H16--I16 | E268:G16--H16 | E260:F16--G16 | E236:E16--F16 | E212:D16--E16 | E187:C16--D16 | E167:B16--C16 | E007:A16--B16 | E008:A16--EXIT_G
R11__EXIT_H,R11,Testing & Assessment Office,START_R11,EXIT_H,4,39.5,37,START_R11 -> B12 -> DOOR_18 -> B10 -> C10 -> D10 -> E10 -> F10 -> G10 -> H10 -> I10 -> J10 -> K10 -> M10 -> N10 -> N11 -> N13 -> N15 -> N16 -> O16 -> DOOR_27 -> Q16 -> R16 -> S16 -> T16 -> U16 -> V16 -> W16 -> X16 -> Y16 -> Z16 -> AA16 -> AB16 -> AC16 -> AD16 -> AE16 -> AF16 -> EXIT_H,E165:B12--START_R11 | E164:B12--DOOR_18 | E162:B10--DOOR_18 | E160:B10--C10 | E184:C10--D10 | E205:D10--E10 | E231:E10--F10 | E257:F10--G10 | E262:G10--H10 | E292:H10--I10 | E317:I10--J10 | E330:J10--K10 | E339:K10--M10 | E393:M10--N10 | E426:N10--N11 | E427:N11--N13 | E428:N13--N15 | E429:N15--N16 | E430:N16--O16 | E464:O16--DOOR_27 | E518:Q16--DOOR_27 | E519:Q16--R16 | E551:R16--S16 | E573:S16--T16 | E682:T16--U16 | E699:U16--V16 | E715:V16--W16 | E734:W16--X16 | E756:X16--Y16 | E773:Y16--Z16 | E038:AA16--Z16 | E037:AA16--AB16 | E063:AB16--AC16 | E081:AC16--AD16 | E101:AD16--AE16 | E133:AE16--AF16 | E151:AF16--EXIT_H
R11__EXIT_A,R11,Testing & Assessment Office,START_R11,EXIT_A,4,41.0,39,START_R11 -> B12 -> DOOR_18 -> B10 -> C10 -> D10 -> E10 -> F10 -> G10 -> H10 -> I10 -> J10 -> K10 -> M10 -> N10 -> N11 -> N13 -> N15 -> N16 -> M16 -> K16 -> J16 -> I16 -> H16 -> G16 -> F16 -> E16 -> D16 -> DOOR_31 -> D18 -> C18 -> START_R20 -> C20 -> DOOR_37 -> C22 -> DOOR_44 -> C24 -> START_R28 -> C26 -> EXIT_A,E165:B12--START_R11 | E164:B12--DOOR_18 | E162:B10--DOOR_18 | E160:B10--C10 | E184:C10--D10 | E205:D10--E10 | E231:E10--F10 | E257:F10--G10 | E262:G10--H10 | E292:H10--I10 | E317:I10--J10 | E330:J10--K10 | E339:K10--M10 | E393:M10--N10 | E426:N10--N11 | E427:N11--N13 | E428:N13--N15 | E429:N15--N16 | E394:M16--N16 | E344:K16--M16 | E336:J16--K16 | E320:I16--J16 | E298:H16--I16 | E268:G16--H16 | E260:F16--G16 | E236:E16--F16 | E212:D16--E16 | E211:D16--DOOR_31 | E214:D18--DOOR_31 | E188:C18--D18 | E189:C18--START_R20 | E644:START_R20--C20 | E192:C20--DOOR_37 | E194:C22--DOOR_37 | E195:C22--DOOR_44 | E197:C24--DOOR_44 | E661:START_R28--C24 | E662:START_R28--C26 | E199:C26--EXIT_A
R11__EXIT_F,R11,Testing & Assessment Office,START_R11,EXIT_F,4,38.0,34,START_R11 -> B12 -> DOOR_18 -> B10 -> C10 -> D10 -> E10 -> F10 -> G10 -> H10 -> I10 -> J10 -> K10 -> M10 -> N10 -> N11 -> N13 -> N15 -> N16 -> O16 -> DOOR_26 -> N18 -> N18.5 -> O18.5 -> DOOR_33 -> P18.5 -> P19 -> P20 -> P21 -> P22 -> P23 -> P24 -> P25 -> P26 -> EXIT_F,E165:B12--START_R11 | E164:B12--DOOR_18 | E162:B10--DOOR_18 | E160:B10--C10 | E184:C10--D10 | E205:D10--E10 | E231:E10--F10 | E257:F10--G10 | E262:G10--H10 | E292:H10--I10 | E317:I10--J10 | E330:J10--K10 | E339:K10--M10 | E393:M10--N10 | E426:N10--N11 | E427:N11--N13 | E428:N13--N15 | E429:N15--N16 | E430:N16--O16 | E463:O16--DOOR_26 | E223:DOOR_26--N18 | E431:N18--N18.5 | E434:N18.5--O18.5 | E466:O18.5--DOOR_33 | E225:DOOR_33--P18.5 | E484:P18.5--P19 | E485:P19--P20 | E489:P20--P21 | E492:P21--P22 | E493:P22--P23 | E494:P23--P24 | E496:P24--P25 | E499:P25--P26 | E500:P26--EXIT_F
R11__EXIT_B,R11,Testing & Assessment Office,START_R11,EXIT_B,4,46.5,44,START_R11 -> B12 -> DOOR_18 -> B10 -> C10 -> D10 -> E10 -> F10 -> G10 -> H10 -> I10 -> J10 -> K10 -> M10 -> N10 -> N11 -> N13 -> N15 -> N16 -> O16 -> DOOR_27 -> Q16 -> R16 -> S16 -> T16 -> U16 -> V16 -> W16 -> X16 -> DOOR_30 -> X18 -> START_R24 -> X20 -> DOOR_39 -> X22 -> DOOR_49 -> X24 -> START_R32 -> Y25 -> DOOR_51 -> AA25 -> DOOR_53 -> AC25 -> AC26 -> EXIT_B,E165:B12--START_R11 | E164:B12--DOOR_18 | E162:B10--DOOR_18 | E160:B10--C10 | E184:C10--D10 | E205:D10--E10 | E231:E10--F10 | E257:F10--G10 | E262:G10--H10 | E292:H10--I10 | E317:I10--J10 | E330:J10--K10 | E339:K10--M10 | E393:M10--N10 | E426:N10--N11 | E427:N11--N13 | E428:N13--N15 | E429:N15--N16 | E430:N16--O16 | E464:O16--DOOR_27 | E518:Q16--DOOR_27 | E519:Q16--R16 | E551:R16--S16 | E573:S16--T16 | E682:T16--U16 | E699:U16--V16 | E715:V16--W16 | E734:W16--X16 | E755:X16--DOOR_30 | E757:X18--DOOR_30 | E651:START_R24--X18 | E652:START_R24--X20 | E759:X20--DOOR_39 | E228:DOOR_39--X22 | E761:X22--DOOR_49 | E763:X24--DOOR_49 | E673:START_R32--X24 | E675:START_R32--Y25 | E780:Y25--DOOR_51 | E046:AA25--DOOR_51 | E047:AA25--DOOR_53 | E091:AC25--DOOR_53 | E090:AC25--AC26 | E093:AC26--EXIT_B
R12__EXIT_C,R12,Academic Advising Office,START_R12,EXIT_C,4,12.0,12,START_R12 -> E12 -> DOOR_19 -> E10 -> E9 -> E8 -> E7 -> E6 -> E5 -> E4 -> E3 -> E2 -> EXIT_C,E234:E12--START_R12 | E232:E12--DOOR_19 | E229:E10--DOOR_19 | E230:E10--E9 | E256:E8--E9 | E255:E7--E8 | E252:E6--E7 | E251:E5--E6 | E250:E4--E5 | E249:E3--E4 | E239:E2--E3 | E240:E2--EXIT_C
R12__EXIT_D,R12,Academic Advising Office,START_R12,EXIT_D,4,22.5,22,START_R12 -> E12 -> DOOR_19 -> E10 -> F10 -> G10 -> H10 -> I10 -> J10 -> K10 -> M10 -> N10 -> DOOR_16 -> O10 -> O8 -> O7 -> O6 -> P6 -> P5 -> P4 -> P3 -> P2 -> EXIT_D,E234:E12--START_R12 | E232:E12--DOOR_19 | E229:E10--DOOR_19 | E231:E10--F10 | E257:F10--G10 | E262:G10--H10 | E292:H10--I10 | E317:I10--J10 | E330:J10--K10 | E339:K10--M10 | E393:M10--N10 | E425:N10--DOOR_16 | E457:O10--DOOR_16 | E459:O10--O8 | E479:O7--O8 | E477:O6--O7 | E478:O6--P6 | E505:P5--P6 | E503:P4--P5 | E501:P3--P4 | E487:P2--P3 | E486:P2--EXIT_D
R12__EXIT_E,R12,Academic Advising Office,START_R12,EXIT_E,4,32.0,32,START_R12 -> E12 -> DOOR_19 -> E10 -> F10 -> G10 -> H10 -> I10 -> J10 -> K10 -> M10 -> N10 -> DOOR_16 -> O10 -> DOOR_15 -> Q10 -> R10 -> S10 -> T10 -> U10 -> V10 -> W10 -> X10 -> Y10 -> Y9 -> Y8 -> Y7 -> Y6 -> Y5 -> Y4 -> Y3 -> Y2 -> EXIT_E,E234:E12--START_R12 | E232:E12--DOOR_19 | E229:E10--DOOR_19 | E231:E10--F10 | E257:F10--G10 | E262:G10--H10 | E292:H10--I10 | E317:I10--J10 | E330:J10--K10 | E339:K10--M10 | E393:M10--N10 | E425:N10--DOOR_16 | E457:O10--DOOR_16 | E456:O10--DOOR_15 | E512:Q10--DOOR_15 | E514:Q10--R10 | E545:R10--S10 | E568:S10--T10 | E679:T10--U10 | E692:U10--V10 | E710:V10--W10 | E731:W10--X10 | E749:X10--Y10 | E767:Y10--Y9 | E791:Y8--Y9 | E790:Y7--Y8 | E787:Y6--Y7 | E786:Y5--Y6 | E785:Y4--Y5 | E784:Y3--Y4 | E777:Y2--Y3 | E776:Y2--EXIT_E
R12__EXIT_G,R12,Academic Advising Office,START_R12,EXIT_G,4,30.0,28,START_R12 -> E12 -> DOOR_19 -> E10 -> F10 -> G10 -> H10 -> I10 -> J10 -> K10 -> M10 -> N10 -> N11 -> N13 -> N15 -> N16 -> M16 -> K16 -> J16 -> I16 -> H16 -> G16 -> F16 -> E16 -> D16 -> C16 -> B16 -> A16 -> EXIT_G,E234:E12--START_R12 | E232:E12--DOOR_19 | E229:E10--DOOR_19 | E231:E10--F10 | E257:F10--G10 | E262:G10--H10 | E292:H10--I10 | E317:I10--J10 | E330:J10--K10 | E339:K10--M10 | E393:M10--N10 | E426:N10--N11 | E427:N11--N13 | E428:N13--N15 | E429:N15--N16 | E394:M16--N16 | E344:K16--M16 | E336:J16--K16 | E320:I16--J16 | E298:H16--I16 | E268:G16--H16 | E260:F16--G16 | E236:E16--F16 | E212:D16--E16 | E187:C16--D16 | E167:B16--C16 | E007:A16--B16 | E008:A16--EXIT_G
R12__EXIT_H,R12,Academic Advising Office,START_R12,EXIT_H,4,36.5,34,START_R12 -> E12 -> DOOR_19 -> E10 -> F10 -> G10 -> H10 -> I10 -> J10 -> K10 -> M10 -> N10 -> N11 -> N13 -> N15 -> N16 -> O16 -> DOOR_27 -> Q16 -> R16 -> S16 -> T16 -> U16 -> V16 -> W16 -> X16 -> Y16 -> Z16 -> AA16 -> AB16 -> AC16 -> AD16 -> AE16 -> AF16 -> EXIT_H,E234:E12--START_R12 | E232:E12--DOOR_19 | E229:E10--DOOR_19 | E231:E10--F10 | E257:F10--G10 | E262:G10--H10 | E292:H10--I10 | E317:I10--J10 | E330:J10--K10 | E339:K10--M10 | E393:M10--N10 | E426:N10--N11 | E427:N11--N13 | E428:N13--N15 | E429:N15--N16 | E430:N16--O16 | E464:O16--DOOR_27 | E518:Q16--DOOR_27 | E519:Q16--R16 | E551:R16--S16 | E573:S16--T16 | E682:T16--U16 | E699:U16--V16 | E715:V16--W16 | E734:W16--X16 | E756:X16--Y16 | E773:Y16--Z16 | E038:AA16--Z16 | E037:AA16--AB16 | E063:AB16--AC16 | E081:AC16--AD16 | E101:AD16--AE16 | E133:AE16--AF16 | E151:AF16--EXIT_H
R12__EXIT_A,R12,Academic Advising Office,START_R12,EXIT_A,4,38.0,36,START_R12 -> E12 -> DOOR_19 -> E10 -> F10 -> G10 -> H10 -> I10 -> J10 -> K10 -> M10 -> N10 -> N11 -> N13 -> N15 -> N16 -> M16 -> K16 -> J16 -> I16 -> H16 -> G16 -> F16 -> E16 -> D16 -> DOOR_31 -> D18 -> C18 -> START_R20 -> C20 -> DOOR_37 -> C22 -> DOOR_44 -> C24 -> START_R28 -> C26 -> EXIT_A,E234:E12--START_R12 | E232:E12--DOOR_19 | E229:E10--DOOR_19 | E231:E10--F10 | E257:F10--G10 | E262:G10--H10 | E292:H10--I10 | E317:I10--J10 | E330:J10--K10 | E339:K10--M10 | E393:M10--N10 | E426:N10--N11 | E427:N11--N13 | E428:N13--N15 | E429:N15--N16 | E394:M16--N16 | E344:K16--M16 | E336:J16--K16 | E320:I16--J16 | E298:H16--I16 | E268:G16--H16 | E260:F16--G16 | E236:E16--F16 | E212:D16--E16 | E211:D16--DOOR_31 | E214:D18--DOOR_31 | E188:C18--D18 | E189:C18--START_R20 | E644:START_R20--C20 | E192:C20--DOOR_37 | E194:C22--DOOR_37 | E195:C22--DOOR_44 | E197:C24--DOOR_44 | E661:START_R28--C24 | E662:START_R28--C26 | E199:C26--EXIT_A
R12__EXIT_F,R12,Academic Advising Office,START_R12,EXIT_F,4,35.0,31,START_R12 -> E12 -> DOOR_19 -> E10 -> F10 -> G10 -> H10 -> I10 -> J10 -> K10 -> M10 -> N10 -> N11 -> N13 -> N15 -> N16 -> O16 -> DOOR_26 -> N18 -> N18.5 -> O18.5 -> DOOR_33 -> P18.5 -> P19 -> P20 -> P21 -> P22 -> P23 -> P24 -> P25 -> P26 -> EXIT_F,E234:E12--START_R12 | E232:E12--DOOR_19 | E229:E10--DOOR_19 | E231:E10--F10 | E257:F10--G10 | E262:G10--H10 | E292:H10--I10 | E317:I10--J10 | E330:J10--K10 | E339:K10--M10 | E393:M10--N10 | E426:N10--N11 | E427:N11--N13 | E428:N13--N15 | E429:N15--N16 | E430:N16--O16 | E463:O16--DOOR_26 | E223:DOOR_26--N18 | E431:N18--N18.5 | E434:N18.5--O18.5 | E466:O18.5--DOOR_33 | E225:DOOR_33--P18.5 | E484:P18.5--P19 | E485:P19--P20 | E489:P20--P21 | E492:P21--P22 | E493:P22--P23 | E494:P23--P24 | E496:P24--P25 | E499:P25--P26 | E500:P26--EXIT_F
R12__EXIT_B,R12,Academic Advising Office,START_R12,EXIT_B,4,43.5,41,START_R12 -> E12 -> DOOR_19 -> E10 -> F10 -> G10 -> H10 -> I10 -> J10 -> K10 -> M10 -> N10 -> N11 -> N13 -> N15 -> N16 -> O16 -> DOOR_27 -> Q16 -> R16 -> S16 -> T16 -> U16 -> V16 -> W16 -> X16 -> DOOR_30 -> X18 -> START_R24 -> X20 -> DOOR_39 -> X22 -> DOOR_49 -> X24 -> START_R32 -> Y25 -> DOOR_51 -> AA25 -> DOOR_53 -> AC25 -> AC26 -> EXIT_B,E234:E12--START_R12 | E232:E12--DOOR_19 | E229:E10--DOOR_19 | E231:E10--F10 | E257:F10--G10 | E262:G10--H10 | E292:H10--I10 | E317:I10--J10 | E330:J10--K10 | E339:K10--M10 | E393:M10--N10 | E426:N10--N11 | E427:N11--N13 | E428:N13--N15 | E429:N15--N16 | E430:N16--O16 | E464:O16--DOOR_27 | E518:Q16--DOOR_27 | E519:Q16--R16 | E551:R16--S16 | E573:S16--T16 | E682:T16--U16 | E699:U16--V16 | E715:V16--W16 | E734:W16--X16 | E755:X16--DOOR_30 | E757:X18--DOOR_30 | E651:START_R24--X18 | E652:START_R24--X20 | E759:X20--DOOR_39 | E228:DOOR_39--X22 | E761:X22--DOOR_49 | E763:X24--DOOR_49 | E673:START_R32--X24 | E675:START_R32--Y25 | E780:Y25--DOOR_51 | E046:AA25--DOOR_51 | E047:AA25--DOOR_53 | E091:AC25--DOOR_53 | E090:AC25--AC26 | E093:AC26--EXIT_B
R13__EXIT_C,R13,Records Support Office,START_R13,EXIT_C,4,15.0,15,START_R13 -> H12 -> DOOR_17 -> H10 -> G10 -> F10 -> E10 -> E9 -> E8 -> E7 -> E6 -> E5 -> E4 -> E3 -> E2 -> EXIT_C,E295:H12--START_R13 | E293:H12--DOOR_17 | E291:H10--DOOR_17 | E262:G10--H10 | E257:F10--G10 | E231:E10--F10 | E230:E10--E9 | E256:E8--E9 | E255:E7--E8 | E252:E6--E7 | E251:E5--E6 | E250:E4--E5 | E249:E3--E4 | E239:E2--E3 | E240:E2--EXIT_C
R13__EXIT_D,R13,Records Support Office,START_R13,EXIT_D,4,19.5,19,START_R13 -> H12 -> DOOR_17 -> H10 -> I10 -> J10 -> K10 -> M10 -> N10 -> DOOR_16 -> O10 -> O8 -> O7 -> O6 -> P6 -> P5 -> P4 -> P3 -> P2 -> EXIT_D,E295:H12--START_R13 | E293:H12--DOOR_17 | E291:H10--DOOR_17 | E292:H10--I10 | E317:I10--J10 | E330:J10--K10 | E339:K10--M10 | E393:M10--N10 | E425:N10--DOOR_16 | E457:O10--DOOR_16 | E459:O10--O8 | E479:O7--O8 | E477:O6--O7 | E478:O6--P6 | E505:P5--P6 | E503:P4--P5 | E501:P3--P4 | E487:P2--P3 | E486:P2--EXIT_D
R13__EXIT_E,R13,Records Support Office,START_R13,EXIT_E,4,29.0,29,START_R13 -> H12 -> DOOR_17 -> H10 -> I10 -> J10 -> K10 -> M10 -> N10 -> DOOR_16 -> O10 -> DOOR_15 -> Q10 -> R10 -> S10 -> T10 -> U10 -> V10 -> W10 -> X10 -> Y10 -> Y9 -> Y8 -> Y7 -> Y6 -> Y5 -> Y4 -> Y3 -> Y2 -> EXIT_E,E295:H12--START_R13 | E293:H12--DOOR_17 | E291:H10--DOOR_17 | E292:H10--I10 | E317:I10--J10 | E330:J10--K10 | E339:K10--M10 | E393:M10--N10 | E425:N10--DOOR_16 | E457:O10--DOOR_16 | E456:O10--DOOR_15 | E512:Q10--DOOR_15 | E514:Q10--R10 | E545:R10--S10 | E568:S10--T10 | E679:T10--U10 | E692:U10--V10 | E710:V10--W10 | E731:W10--X10 | E749:X10--Y10 | E767:Y10--Y9 | E791:Y8--Y9 | E790:Y7--Y8 | E787:Y6--Y7 | E786:Y5--Y6 | E785:Y4--Y5 | E784:Y3--Y4 | E777:Y2--Y3 | E776:Y2--EXIT_E
R13__EXIT_G,R13,Records Support Office,START_R13,EXIT_G,4,27.0,25,START_R13 -> H12 -> DOOR_17 -> H10 -> I10 -> J10 -> K10 -> M10 -> N10 -> N11 -> N13 -> N15 -> N16 -> M16 -> K16 -> J16 -> I16 -> H16 -> G16 -> F16 -> E16 -> D16 -> C16 -> B16 -> A16 -> EXIT_G,E295:H12--START_R13 | E293:H12--DOOR_17 | E291:H10--DOOR_17 | E292:H10--I10 | E317:I10--J10 | E330:J10--K10 | E339:K10--M10 | E393:M10--N10 | E426:N10--N11 | E427:N11--N13 | E428:N13--N15 | E429:N15--N16 | E394:M16--N16 | E344:K16--M16 | E336:J16--K16 | E320:I16--J16 | E298:H16--I16 | E268:G16--H16 | E260:F16--G16 | E236:E16--F16 | E212:D16--E16 | E187:C16--D16 | E167:B16--C16 | E007:A16--B16 | E008:A16--EXIT_G
R13__EXIT_H,R13,Records Support Office,START_R13,EXIT_H,4,33.5,31,START_R13 -> H12 -> DOOR_17 -> H10 -> I10 -> J10 -> K10 -> M10 -> N10 -> N11 -> N13 -> N15 -> N16 -> O16 -> DOOR_27 -> Q16 -> R16 -> S16 -> T16 -> U16 -> V16 -> W16 -> X16 -> Y16 -> Z16 -> AA16 -> AB16 -> AC16 -> AD16 -> AE16 -> AF16 -> EXIT_H,E295:H12--START_R13 | E293:H12--DOOR_17 | E291:H10--DOOR_17 | E292:H10--I10 | E317:I10--J10 | E330:J10--K10 | E339:K10--M10 | E393:M10--N10 | E426:N10--N11 | E427:N11--N13 | E428:N13--N15 | E429:N15--N16 | E430:N16--O16 | E464:O16--DOOR_27 | E518:Q16--DOOR_27 | E519:Q16--R16 | E551:R16--S16 | E573:S16--T16 | E682:T16--U16 | E699:U16--V16 | E715:V16--W16 | E734:W16--X16 | E756:X16--Y16 | E773:Y16--Z16 | E038:AA16--Z16 | E037:AA16--AB16 | E063:AB16--AC16 | E081:AC16--AD16 | E101:AD16--AE16 | E133:AE16--AF16 | E151:AF16--EXIT_H
R13__EXIT_A,R13,Records Support Office,START_R13,EXIT_A,4,35.0,33,START_R13 -> H12 -> DOOR_17 -> H10 -> I10 -> J10 -> K10 -> M10 -> N10 -> N11 -> N13 -> N15 -> N16 -> M16 -> K16 -> J16 -> I16 -> H16 -> G16 -> F16 -> E16 -> D16 -> DOOR_31 -> D18 -> C18 -> START_R20 -> C20 -> DOOR_37 -> C22 -> DOOR_44 -> C24 -> START_R28 -> C26 -> EXIT_A,E295:H12--START_R13 | E293:H12--DOOR_17 | E291:H10--DOOR_17 | E292:H10--I10 | E317:I10--J10 | E330:J10--K10 | E339:K10--M10 | E393:M10--N10 | E426:N10--N11 | E427:N11--N13 | E428:N13--N15 | E429:N15--N16 | E394:M16--N16 | E344:K16--M16 | E336:J16--K16 | E320:I16--J16 | E298:H16--I16 | E268:G16--H16 | E260:F16--G16 | E236:E16--F16 | E212:D16--E16 | E211:D16--DOOR_31 | E214:D18--DOOR_31 | E188:C18--D18 | E189:C18--START_R20 | E644:START_R20--C20 | E192:C20--DOOR_37 | E194:C22--DOOR_37 | E195:C22--DOOR_44 | E197:C24--DOOR_44 | E661:START_R28--C24 | E662:START_R28--C26 | E199:C26--EXIT_A
R13__EXIT_F,R13,Records Support Office,START_R13,EXIT_F,4,32.0,28,START_R13 -> H12 -> DOOR_17 -> H10 -> I10 -> J10 -> K10 -> M10 -> N10 -> N11 -> N13 -> N15 -> N16 -> O16 -> DOOR_26 -> N18 -> N18.5 -> O18.5 -> DOOR_33 -> P18.5 -> P19 -> P20 -> P21 -> P22 -> P23 -> P24 -> P25 -> P26 -> EXIT_F,E295:H12--START_R13 | E293:H12--DOOR_17 | E291:H10--DOOR_17 | E292:H10--I10 | E317:I10--J10 | E330:J10--K10 | E339:K10--M10 | E393:M10--N10 | E426:N10--N11 | E427:N11--N13 | E428:N13--N15 | E429:N15--N16 | E430:N16--O16 | E463:O16--DOOR_26 | E223:DOOR_26--N18 | E431:N18--N18.5 | E434:N18.5--O18.5 | E466:O18.5--DOOR_33 | E225:DOOR_33--P18.5 | E484:P18.5--P19 | E485:P19--P20 | E489:P20--P21 | E492:P21--P22 | E493:P22--P23 | E494:P23--P24 | E496:P24--P25 | E499:P25--P26 | E500:P26--EXIT_F
R13__EXIT_B,R13,Records Support Office,START_R13,EXIT_B,4,40.5,38,START_R13 -> H12 -> DOOR_17 -> H10 -> I10 -> J10 -> K10 -> M10 -> N10 -> N11 -> N13 -> N15 -> N16 -> O16 -> DOOR_27 -> Q16 -> R16 -> S16 -> T16 -> U16 -> V16 -> W16 -> X16 -> DOOR_30 -> X18 -> START_R24 -> X20 -> DOOR_39 -> X22 -> DOOR_49 -> X24 -> START_R32 -> Y25 -> DOOR_51 -> AA25 -> DOOR_53 -> AC25 -> AC26 -> EXIT_B,E295:H12--START_R13 | E293:H12--DOOR_17 | E291:H10--DOOR_17 | E292:H10--I10 | E317:I10--J10 | E330:J10--K10 | E339:K10--M10 | E393:M10--N10 | E426:N10--N11 | E427:N11--N13 | E428:N13--N15 | E429:N15--N16 | E430:N16--O16 | E464:O16--DOOR_27 | E518:Q16--DOOR_27 | E519:Q16--R16 | E551:R16--S16 | E573:S16--T16 | E682:T16--U16 | E699:U16--V16 | E715:V16--W16 | E734:W16--X16 | E755:X16--DOOR_30 | E757:X18--DOOR_30 | E651:START_R24--X18 | E652:START_R24--X20 | E759:X20--DOOR_39 | E228:DOOR_39--X22 | E761:X22--DOOR_49 | E763:X24--DOOR_49 | E673:START_R32--X24 | E675:START_R32--Y25 | E780:Y25--DOOR_51 | E046:AA25--DOOR_51 | E047:AA25--DOOR_53 | E091:AC25--DOOR_53 | E090:AC25--AC26 | E093:AC26--EXIT_B
R14__EXIT_C,R14,Human Resources Office,START_R14,EXIT_C,4,18.0,18,START_R14 -> K12 -> DOOR_20 -> K10 -> J10 -> I10 -> H10 -> G10 -> F10 -> E10 -> E9 -> E8 -> E7 -> E6 -> E5 -> E4 -> E3 -> E2 -> EXIT_C,E342:K12--START_R14 | E340:K12--DOOR_20 | E338:K10--DOOR_20 | E330:J10--K10 | E317:I10--J10 | E292:H10--I10 | E262:G10--H10 | E257:F10--G10 | E231:E10--F10 | E230:E10--E9 | E256:E8--E9 | E255:E7--E8 | E252:E6--E7 | E251:E5--E6 | E250:E4--E5 | E249:E3--E4 | E239:E2--E3 | E240:E2--EXIT_C
R14__EXIT_D,R14,Human Resources Office,START_R14,EXIT_D,4,16.5,16,START_R14 -> K12 -> DOOR_20 -> K10 -> M10 -> N10 -> DOOR_16 -> O10 -> O8 -> O7 -> O6 -> P6 -> P5 -> P4 -> P3 -> P2 -> EXIT_D,E342:K12--START_R14 | E340:K12--DOOR_20 | E338:K10--DOOR_20 | E339:K10--M10 | E393:M10--N10 | E425:N10--DOOR_16 | E457:O10--DOOR_16 | E459:O10--O8 | E479:O7--O8 | E477:O6--O7 | E478:O6--P6 | E505:P5--P6 | E503:P4--P5 | E501:P3--P4 | E487:P2--P3 | E486:P2--EXIT_D
R14__EXIT_E,R14,Human Resources Office,START_R14,EXIT_E,4,26.0,26,START_R14 -> K12 -> DOOR_20 -> K10 -> M10 -> N10 -> DOOR_16 -> O10 -> DOOR_15 -> Q10 -> R10 -> S10 -> T10 -> U10 -> V10 -> W10 -> X10 -> Y10 -> Y9 -> Y8 -> Y7 -> Y6 -> Y5 -> Y4 -> Y3 -> Y2 -> EXIT_E,E342:K12--START_R14 | E340:K12--DOOR_20 | E338:K10--DOOR_20 | E339:K10--M10 | E393:M10--N10 | E425:N10--DOOR_16 | E457:O10--DOOR_16 | E456:O10--DOOR_15 | E512:Q10--DOOR_15 | E514:Q10--R10 | E545:R10--S10 | E568:S10--T10 | E679:T10--U10 | E692:U10--V10 | E710:V10--W10 | E731:W10--X10 | E749:X10--Y10 | E767:Y10--Y9 | E791:Y8--Y9 | E790:Y7--Y8 | E787:Y6--Y7 | E786:Y5--Y6 | E785:Y4--Y5 | E784:Y3--Y4 | E777:Y2--Y3 | E776:Y2--EXIT_E
R14__EXIT_G,R14,Human Resources Office,START_R14,EXIT_G,4,24.0,22,START_R14 -> K12 -> DOOR_20 -> K10 -> M10 -> N10 -> N11 -> N13 -> N15 -> N16 -> M16 -> K16 -> J16 -> I16 -> H16 -> G16 -> F16 -> E16 -> D16 -> C16 -> B16 -> A16 -> EXIT_G,E342:K12--START_R14 | E340:K12--DOOR_20 | E338:K10--DOOR_20 | E339:K10--M10 | E393:M10--N10 | E426:N10--N11 | E427:N11--N13 | E428:N13--N15 | E429:N15--N16 | E394:M16--N16 | E344:K16--M16 | E336:J16--K16 | E320:I16--J16 | E298:H16--I16 | E268:G16--H16 | E260:F16--G16 | E236:E16--F16 | E212:D16--E16 | E187:C16--D16 | E167:B16--C16 | E007:A16--B16 | E008:A16--EXIT_G
R14__EXIT_H,R14,Human Resources Office,START_R14,EXIT_H,4,30.5,28,START_R14 -> K12 -> DOOR_20 -> K10 -> M10 -> N10 -> N11 -> N13 -> N15 -> N16 -> O16 -> DOOR_27 -> Q16 -> R16 -> S16 -> T16 -> U16 -> V16 -> W16 -> X16 -> Y16 -> Z16 -> AA16 -> AB16 -> AC16 -> AD16 -> AE16 -> AF16 -> EXIT_H,E342:K12--START_R14 | E340:K12--DOOR_20 | E338:K10--DOOR_20 | E339:K10--M10 | E393:M10--N10 | E426:N10--N11 | E427:N11--N13 | E428:N13--N15 | E429:N15--N16 | E430:N16--O16 | E464:O16--DOOR_27 | E518:Q16--DOOR_27 | E519:Q16--R16 | E551:R16--S16 | E573:S16--T16 | E682:T16--U16 | E699:U16--V16 | E715:V16--W16 | E734:W16--X16 | E756:X16--Y16 | E773:Y16--Z16 | E038:AA16--Z16 | E037:AA16--AB16 | E063:AB16--AC16 | E081:AC16--AD16 | E101:AD16--AE16 | E133:AE16--AF16 | E151:AF16--EXIT_H
R14__EXIT_A,R14,Human Resources Office,START_R14,EXIT_A,4,32.0,30,START_R14 -> K12 -> DOOR_20 -> K10 -> M10 -> N10 -> N11 -> N13 -> N15 -> N16 -> M16 -> K16 -> J16 -> I16 -> H16 -> G16 -> F16 -> E16 -> D16 -> DOOR_31 -> D18 -> C18 -> START_R20 -> C20 -> DOOR_37 -> C22 -> DOOR_44 -> C24 -> START_R28 -> C26 -> EXIT_A,E342:K12--START_R14 | E340:K12--DOOR_20 | E338:K10--DOOR_20 | E339:K10--M10 | E393:M10--N10 | E426:N10--N11 | E427:N11--N13 | E428:N13--N15 | E429:N15--N16 | E394:M16--N16 | E344:K16--M16 | E336:J16--K16 | E320:I16--J16 | E298:H16--I16 | E268:G16--H16 | E260:F16--G16 | E236:E16--F16 | E212:D16--E16 | E211:D16--DOOR_31 | E214:D18--DOOR_31 | E188:C18--D18 | E189:C18--START_R20 | E644:START_R20--C20 | E192:C20--DOOR_37 | E194:C22--DOOR_37 | E195:C22--DOOR_44 | E197:C24--DOOR_44 | E661:START_R28--C24 | E662:START_R28--C26 | E199:C26--EXIT_A
R14__EXIT_F,R14,Human Resources Office,START_R14,EXIT_F,4,29.0,25,START_R14 -> K12 -> DOOR_20 -> K10 -> M10 -> N10 -> N11 -> N13 -> N15 -> N16 -> O16 -> DOOR_26 -> N18 -> N18.5 -> O18.5 -> DOOR_33 -> P18.5 -> P19 -> P20 -> P21 -> P22 -> P23 -> P24 -> P25 -> P26 -> EXIT_F,E342:K12--START_R14 | E340:K12--DOOR_20 | E338:K10--DOOR_20 | E339:K10--M10 | E393:M10--N10 | E426:N10--N11 | E427:N11--N13 | E428:N13--N15 | E429:N15--N16 | E430:N16--O16 | E463:O16--DOOR_26 | E223:DOOR_26--N18 | E431:N18--N18.5 | E434:N18.5--O18.5 | E466:O18.5--DOOR_33 | E225:DOOR_33--P18.5 | E484:P18.5--P19 | E485:P19--P20 | E489:P20--P21 | E492:P21--P22 | E493:P22--P23 | E494:P23--P24 | E496:P24--P25 | E499:P25--P26 | E500:P26--EXIT_F
R14__EXIT_B,R14,Human Resources Office,START_R14,EXIT_B,4,37.5,35,START_R14 -> K12 -> DOOR_20 -> K10 -> M10 -> N10 -> N11 -> N13 -> N15 -> N16 -> O16 -> DOOR_27 -> Q16 -> R16 -> S16 -> T16 -> U16 -> V16 -> W16 -> X16 -> DOOR_30 -> X18 -> START_R24 -> X20 -> DOOR_39 -> X22 -> DOOR_49 -> X24 -> START_R32 -> Y25 -> DOOR_51 -> AA25 -> DOOR_53 -> AC25 -> AC26 -> EXIT_B,E342:K12--START_R14 | E340:K12--DOOR_20 | E338:K10--DOOR_20 | E339:K10--M10 | E393:M10--N10 | E426:N10--N11 | E427:N11--N13 | E428:N13--N15 | E429:N15--N16 | E430:N16--O16 | E464:O16--DOOR_27 | E518:Q16--DOOR_27 | E519:Q16--R16 | E551:R16--S16 | E573:S16--T16 | E682:T16--U16 | E699:U16--V16 | E715:V16--W16 | E734:W16--X16 | E755:X16--DOOR_30 | E757:X18--DOOR_30 | E651:START_R24--X18 | E652:START_R24--X20 | E759:X20--DOOR_39 | E228:DOOR_39--X22 | E761:X22--DOOR_49 | E763:X24--DOOR_49 | E673:START_R32--X24 | E675:START_R32--Y25 | E780:Y25--DOOR_51 | E046:AA25--DOOR_51 | E047:AA25--DOOR_53 | E091:AC25--DOOR_53 | E090:AC25--AC26 | E093:AC26--EXIT_B
R15__EXIT_C,R15,Finance Office,START_R15,EXIT_C,4,26.0,26,START_R15 -> S12 -> DOOR_25 -> S10 -> R10 -> Q10 -> DOOR_15 -> O10 -> DOOR_16 -> N10 -> M10 -> K10 -> J10 -> I10 -> H10 -> G10 -> F10 -> E10 -> E9 -> E8 -> E7 -> E6 -> E5 -> E4 -> E3 -> E2 -> EXIT_C,E570:S12--START_R15 | E569:S12--DOOR_25 | E567:S10--DOOR_25 | E545:R10--S10 | E514:Q10--R10 | E512:Q10--DOOR_15 | E456:O10--DOOR_15 | E457:O10--DOOR_16 | E425:N10--DOOR_16 | E393:M10--N10 | E339:K10--M10 | E330:J10--K10 | E317:I10--J10 | E292:H10--I10 | E262:G10--H10 | E257:F10--G10 | E231:E10--F10 | E230:E10--E9 | E256:E8--E9 | E255:E7--E8 | E252:E6--E7 | E251:E5--E6 | E250:E4--E5 | E249:E3--E4 | E239:E2--E3 | E240:E2--EXIT_C
R15__EXIT_D,R15,Finance Office,START_R15,EXIT_D,4,16.5,16,START_R15 -> S12 -> DOOR_25 -> S10 -> R10 -> Q10 -> DOOR_15 -> O10 -> O8 -> O7 -> O6 -> P6 -> P5 -> P4 -> P3 -> P2 -> EXIT_D,E570:S12--START_R15 | E569:S12--DOOR_25 | E567:S10--DOOR_25 | E545:R10--S10 | E514:Q10--R10 | E512:Q10--DOOR_15 | E456:O10--DOOR_15 | E459:O10--O8 | E479:O7--O8 | E477:O6--O7 | E478:O6--P6 | E505:P5--P6 | E503:P4--P5 | E501:P3--P4 | E487:P2--P3 | E486:P2--EXIT_D
R15__EXIT_E,R15,Finance Office,START_R15,EXIT_E,4,18.0,18,START_R15 -> S12 -> DOOR_25 -> S10 -> T10 -> U10 -> V10 -> W10 -> X10 -> Y10 -> Y9 -> Y8 -> Y7 -> Y6 -> Y5 -> Y4 -> Y3 -> Y2 -> EXIT_E,E570:S12--START_R15 | E569:S12--DOOR_25 | E567:S10--DOOR_25 | E568:S10--T10 | E679:T10--U10 | E692:U10--V10 | E710:V10--W10 | E731:W10--X10 | E749:X10--Y10 | E767:Y10--Y9 | E791:Y8--Y9 | E790:Y7--Y8 | E787:Y6--Y7 | E786:Y5--Y6 | E785:Y4--Y5 | E784:Y3--Y4 | E777:Y2--Y3 | E776:Y2--EXIT_E
R15__EXIT_G,R15,Finance Office,START_R15,EXIT_G,4,27.5,25,START_R15 -> S12 -> DOOR_25 -> S10 -> R10 -> Q10 -> DOOR_15 -> O10 -> O11 -> O13 -> O15 -> O16 -> N16 -> M16 -> K16 -> J16 -> I16 -> H16 -> G16 -> F16 -> E16 -> D16 -> C16 -> B16 -> A16 -> EXIT_G,E570:S12--START_R15 | E569:S12--DOOR_25 | E567:S10--DOOR_25 | E545:R10--S10 | E514:Q10--R10 | E512:Q10--DOOR_15 | E456:O10--DOOR_15 | E458:O10--O11 | E460:O11--O13 | E461:O13--O15 | E462:O15--O16 | E430:N16--O16 | E394:M16--N16 | E344:K16--M16 | E336:J16--K16 | E320:I16--J16 | E298:H16--I16 | E268:G16--H16 | E260:F16--G16 | E236:E16--F16 | E212:D16--E16 | E187:C16--D16 | E167:B16--C16 | E007:A16--B16 | E008:A16--EXIT_G
R15__EXIT_H,R15,Finance Office,START_R15,EXIT_H,4,27.0,25,START_R15 -> S12 -> DOOR_25 -> S10 -> R10 -> Q10 -> Q11 -> Q13 -> Q15 -> Q16 -> R16 -> S16 -> T16 -> U16 -> V16 -> W16 -> X16 -> Y16 -> Z16 -> AA16 -> AB16 -> AC16 -> AD16 -> AE16 -> AF16 -> EXIT_H,E570:S12--START_R15 | E569:S12--DOOR_25 | E567:S10--DOOR_25 | E545:R10--S10 | E514:Q10--R10 | E513:Q10--Q11 | E515:Q11--Q13 | E516:Q13--Q15 | E517:Q15--Q16 | E519:Q16--R16 | E551:R16--S16 | E573:S16--T16 | E682:T16--U16 | E699:U16--V16 | E715:V16--W16 | E734:W16--X16 | E756:X16--Y16 | E773:Y16--Z16 | E038:AA16--Z16 | E037:AA16--AB16 | E063:AB16--AC16 | E081:AC16--AD16 | E101:AD16--AE16 | E133:AE16--AF16 | E151:AF16--EXIT_H
R15__EXIT_A,R15,Finance Office,START_R15,EXIT_A,4,35.25,34,START_R15 -> S12 -> DOOR_25 -> S10 -> R10 -> Q10 -> DOOR_15 -> O10 -> O11 -> O13 -> O15 -> O16 -> DOOR_26 -> N18 -> N18.5 -> M18.5 -> DOOR_32 -> K18.5 -> K19 -> K20 -> K21 -> K22 -> J22 -> I22 -> H22 -> G22 -> F22 -> E22 -> D22 -> C22 -> DOOR_44 -> C24 -> START_R28 -> C26 -> EXIT_A,E570:S12--START_R15 | E569:S12--DOOR_25 | E567:S10--DOOR_25 | E545:R10--S10 | E514:Q10--R10 | E512:Q10--DOOR_15 | E456:O10--DOOR_15 | E458:O10--O11 | E460:O11--O13 | E461:O13--O15 | E462:O15--O16 | E463:O16--DOOR_26 | E223:DOOR_26--N18 | E431:N18--N18.5 | E398:M18.5--N18.5 | E224:DOOR_32--M18.5 | E347:K18.5--DOOR_32 | E348:K18.5--K19 | E349:K19--K20 | E352:K20--K21 | E354:K21--K22 | E337:J22--K22 | E324:I22--J22 | E307:H22--I22 | E276:G22--H22 | E261:F22--G22 | E241:E22--F22 | E219:D22--E22 | E193:C22--D22 | E195:C22--DOOR_44 | E197:C24--DOOR_44 | E661:START_R28--C24 | E662:START_R28--C26 | E199:C26--EXIT_A
R15__EXIT_F,R15,Finance Office,START_R15,EXIT_F,4,29.5,26,START_R15 -> S12 -> DOOR_25 -> S10 -> R10 -> Q10 -> DOOR_15 -> O10 -> O11 -> O13 -> O15 -> O16 -> DOOR_26 -> N18 -> N18.5 -> O18.5 -> DOOR_33 -> P18.5 -> P19 -> P20 -> P21 -> P22 -> P23 -> P24 -> P25 -> P26 -> EXIT_F,E570:S12--START_R15 | E569:S12--DOOR_25 | E567:S10--DOOR_25 | E545:R10--S10 | E514:Q10--R10 | E512:Q10--DOOR_15 | E456:O10--DOOR_15 | E458:O10--O11 | E460:O11--O13 | E461:O13--O15 | E462:O15--O16 | E463:O16--DOOR_26 | E223:DOOR_26--N18 | E431:N18--N18.5 | E434:N18.5--O18.5 | E466:O18.5--DOOR_33 | E225:DOOR_33--P18.5 | E484:P18.5--P19 | E485:P19--P20 | E489:P20--P21 | E492:P21--P22 | E493:P22--P23 | E494:P23--P24 | E496:P24--P25 | E499:P25--P26 | E500:P26--EXIT_F
R15__EXIT_B,R15,Finance Office,START_R15,EXIT_B,4,34.0,32,START_R15 -> S12 -> DOOR_25 -> S10 -> R10 -> Q10 -> Q11 -> Q13 -> Q15 -> Q16 -> R16 -> S16 -> T16 -> U16 -> V16 -> W16 -> X16 -> DOOR_30 -> X18 -> START_R24 -> X20 -> DOOR_39 -> X22 -> DOOR_49 -> X24 -> START_R32 -> Y25 -> DOOR_51 -> AA25 -> DOOR_53 -> AC25 -> AC26 -> EXIT_B,E570:S12--START_R15 | E569:S12--DOOR_25 | E567:S10--DOOR_25 | E545:R10--S10 | E514:Q10--R10 | E513:Q10--Q11 | E515:Q11--Q13 | E516:Q13--Q15 | E517:Q15--Q16 | E519:Q16--R16 | E551:R16--S16 | E573:S16--T16 | E682:T16--U16 | E699:U16--V16 | E715:V16--W16 | E734:W16--X16 | E755:X16--DOOR_30 | E757:X18--DOOR_30 | E651:START_R24--X18 | E652:START_R24--X20 | E759:X20--DOOR_39 | E228:DOOR_39--X22 | E761:X22--DOOR_49 | E763:X24--DOOR_49 | E673:START_R32--X24 | E675:START_R32--Y25 | E780:Y25--DOOR_51 | E046:AA25--DOOR_51 | E047:AA25--DOOR_53 | E091:AC25--DOOR_53 | E090:AC25--AC26 | E093:AC26--EXIT_B
R16__EXIT_C,R16,Payroll Office,START_R16,EXIT_C,4,29.0,29,START_R16 -> V12 -> DOOR_23 -> V10 -> U10 -> T10 -> S10 -> R10 -> Q10 -> DOOR_15 -> O10 -> DOOR_16 -> N10 -> M10 -> K10 -> J10 -> I10 -> H10 -> G10 -> F10 -> E10 -> E9 -> E8 -> E7 -> E6 -> E5 -> E4 -> E3 -> E2 -> EXIT_C,E712:V12--START_R16 | E711:V12--DOOR_23 | E709:V10--DOOR_23 | E692:U10--V10 | E679:T10--U10 | E568:S10--T10 | E545:R10--S10 | E514:Q10--R10 | E512:Q10--DOOR_15 | E456:O10--DOOR_15 | E457:O10--DOOR_16 | E425:N10--DOOR_16 | E393:M10--N10 | E339:K10--M10 | E330:J10--K10 | E317:I10--J10 | E292:H10--I10 | E262:G10--H10 | E257:F10--G10 | E231:E10--F10 | E230:E10--E9 | E256:E8--E9 | E255:E7--E8 | E252:E6--E7 | E251:E5--E6 | E250:E4--E5 | E249:E3--E4 | E239:E2--E3 | E240:E2--EXIT_C
R16__EXIT_D,R16,Payroll Office,START_R16,EXIT_D,4,19.5,19,START_R16 -> V12 -> DOOR_23 -> V10 -> U10 -> T10 -> S10 -> R10 -> Q10 -> DOOR_15 -> O10 -> O8 -> O7 -> O6 -> P6 -> P5 -> P4 -> P3 -> P2 -> EXIT_D,E712:V12--START_R16 | E711:V12--DOOR_23 | E709:V10--DOOR_23 | E692:U10--V10 | E679:T10--U10 | E568:S10--T10 | E545:R10--S10 | E514:Q10--R10 | E512:Q10--DOOR_15 | E456:O10--DOOR_15 | E459:O10--O8 | E479:O7--O8 | E477:O6--O7 | E478:O6--P6 | E505:P5--P6 | E503:P4--P5 | E501:P3--P4 | E487:P2--P3 | E486:P2--EXIT_D
R16__EXIT_E,R16,Payroll Office,START_R16,EXIT_E,4,15.0,15,START_R16 -> V12 -> DOOR_23 -> V10 -> W10 -> X10 -> Y10 -> Y9 -> Y8 -> Y7 -> Y6 -> Y5 -> Y4 -> Y3 -> Y2 -> EXIT_E,E712:V12--START_R16 | E711:V12--DOOR_23 | E709:V10--DOOR_23 | E710:V10--W10 | E731:W10--X10 | E749:X10--Y10 | E767:Y10--Y9 | E791:Y8--Y9 | E790:Y7--Y8 | E787:Y6--Y7 | E786:Y5--Y6 | E785:Y4--Y5 | E784:Y3--Y4 | E777:Y2--Y3 | E776:Y2--EXIT_E
R16__EXIT_G,R16,Payroll Office,START_R16,EXIT_G,4,30.5,28,START_R16 -> V12 -> DOOR_23 -> V10 -> U10 -> T10 -> S10 -> R10 -> Q10 -> DOOR_15 -> O10 -> O11 -> O13 -> O15 -> O16 -> N16 -> M16 -> K16 -> J16 -> I16 -> H16 -> G16 -> F16 -> E16 -> D16 -> C16 -> B16 -> A16 -> EXIT_G,E712:V12--START_R16 | E711:V12--DOOR_23 | E709:V10--DOOR_23 | E692:U10--V10 | E679:T10--U10 | E568:S10--T10 | E545:R10--S10 | E514:Q10--R10 | E512:Q10--DOOR_15 | E456:O10--DOOR_15 | E458:O10--O11 | E460:O11--O13 | E461:O13--O15 | E462:O15--O16 | E430:N16--O16 | E394:M16--N16 | E344:K16--M16 | E336:J16--K16 | E320:I16--J16 | E298:H16--I16 | E268:G16--H16 | E260:F16--G16 | E236:E16--F16 | E212:D16--E16 | E187:C16--D16 | E167:B16--C16 | E007:A16--B16 | E008:A16--EXIT_G
R16__EXIT_H,R16,Payroll Office,START_R16,EXIT_H,4,30.0,28,START_R16 -> V12 -> DOOR_23 -> V10 -> U10 -> T10 -> S10 -> R10 -> Q10 -> Q11 -> Q13 -> Q15 -> Q16 -> R16 -> S16 -> T16 -> U16 -> V16 -> W16 -> X16 -> Y16 -> Z16 -> AA16 -> AB16 -> AC16 -> AD16 -> AE16 -> AF16 -> EXIT_H,E712:V12--START_R16 | E711:V12--DOOR_23 | E709:V10--DOOR_23 | E692:U10--V10 | E679:T10--U10 | E568:S10--T10 | E545:R10--S10 | E514:Q10--R10 | E513:Q10--Q11 | E515:Q11--Q13 | E516:Q13--Q15 | E517:Q15--Q16 | E519:Q16--R16 | E551:R16--S16 | E573:S16--T16 | E682:T16--U16 | E699:U16--V16 | E715:V16--W16 | E734:W16--X16 | E756:X16--Y16 | E773:Y16--Z16 | E038:AA16--Z16 | E037:AA16--AB16 | E063:AB16--AC16 | E081:AC16--AD16 | E101:AD16--AE16 | E133:AE16--AF16 | E151:AF16--EXIT_H
R16__EXIT_A,R16,Payroll Office,START_R16,EXIT_A,4,38.25,37,START_R16 -> V12 -> DOOR_23 -> V10 -> U10 -> T10 -> S10 -> R10 -> Q10 -> DOOR_15 -> O10 -> O11 -> O13 -> O15 -> O16 -> DOOR_26 -> N18 -> N18.5 -> M18.5 -> DOOR_32 -> K18.5 -> K19 -> K20 -> K21 -> K22 -> J22 -> I22 -> H22 -> G22 -> F22 -> E22 -> D22 -> C22 -> DOOR_44 -> C24 -> START_R28 -> C26 -> EXIT_A,E712:V12--START_R16 | E711:V12--DOOR_23 | E709:V10--DOOR_23 | E692:U10--V10 | E679:T10--U10 | E568:S10--T10 | E545:R10--S10 | E514:Q10--R10 | E512:Q10--DOOR_15 | E456:O10--DOOR_15 | E458:O10--O11 | E460:O11--O13 | E461:O13--O15 | E462:O15--O16 | E463:O16--DOOR_26 | E223:DOOR_26--N18 | E431:N18--N18.5 | E398:M18.5--N18.5 | E224:DOOR_32--M18.5 | E347:K18.5--DOOR_32 | E348:K18.5--K19 | E349:K19--K20 | E352:K20--K21 | E354:K21--K22 | E337:J22--K22 | E324:I22--J22 | E307:H22--I22 | E276:G22--H22 | E261:F22--G22 | E241:E22--F22 | E219:D22--E22 | E193:C22--D22 | E195:C22--DOOR_44 | E197:C24--DOOR_44 | E661:START_R28--C24 | E662:START_R28--C26 | E199:C26--EXIT_A
R16__EXIT_F,R16,Payroll Office,START_R16,EXIT_F,4,32.5,29,START_R16 -> V12 -> DOOR_23 -> V10 -> U10 -> T10 -> S10 -> R10 -> Q10 -> DOOR_15 -> O10 -> O11 -> O13 -> O15 -> O16 -> DOOR_26 -> N18 -> N18.5 -> O18.5 -> DOOR_33 -> P18.5 -> P19 -> P20 -> P21 -> P22 -> P23 -> P24 -> P25 -> P26 -> EXIT_F,E712:V12--START_R16 | E711:V12--DOOR_23 | E709:V10--DOOR_23 | E692:U10--V10 | E679:T10--U10 | E568:S10--T10 | E545:R10--S10 | E514:Q10--R10 | E512:Q10--DOOR_15 | E456:O10--DOOR_15 | E458:O10--O11 | E460:O11--O13 | E461:O13--O15 | E462:O15--O16 | E463:O16--DOOR_26 | E223:DOOR_26--N18 | E431:N18--N18.5 | E434:N18.5--O18.5 | E466:O18.5--DOOR_33 | E225:DOOR_33--P18.5 | E484:P18.5--P19 | E485:P19--P20 | E489:P20--P21 | E492:P21--P22 | E493:P22--P23 | E494:P23--P24 | E496:P24--P25 | E499:P25--P26 | E500:P26--EXIT_F
R16__EXIT_B,R16,Payroll Office,START_R16,EXIT_B,4,37.0,35,START_R16 -> V12 -> DOOR_23 -> V10 -> U10 -> T10 -> S10 -> R10 -> Q10 -> Q11 -> Q13 -> Q15 -> Q16 -> R16 -> S16 -> T16 -> U16 -> V16 -> W16 -> X16 -> DOOR_30 -> X18 -> START_R24 -> X20 -> DOOR_39 -> X22 -> DOOR_49 -> X24 -> START_R32 -> Y25 -> DOOR_51 -> AA25 -> DOOR_53 -> AC25 -> AC26 -> EXIT_B,E712:V12--START_R16 | E711:V12--DOOR_23 | E709:V10--DOOR_23 | E692:U10--V10 | E679:T10--U10 | E568:S10--T10 | E545:R10--S10 | E514:Q10--R10 | E513:Q10--Q11 | E515:Q11--Q13 | E516:Q13--Q15 | E517:Q15--Q16 | E519:Q16--R16 | E551:R16--S16 | E573:S16--T16 | E682:T16--U16 | E699:U16--V16 | E715:V16--W16 | E734:W16--X16 | E755:X16--DOOR_30 | E757:X18--DOOR_30 | E651:START_R24--X18 | E652:START_R24--X20 | E759:X20--DOOR_39 | E228:DOOR_39--X22 | E761:X22--DOOR_49 | E763:X24--DOOR_49 | E673:START_R32--X24 | E675:START_R32--Y25 | E780:Y25--DOOR_51 | E046:AA25--DOOR_51 | E047:AA25--DOOR_53 | E091:AC25--DOOR_53 | E090:AC25--AC26 | E093:AC26--EXIT_B
R17__EXIT_C,R17,Operations Office,START_R17,EXIT_C,4,32.0,32,START_R17 -> Y12 -> DOOR_22 -> Y10 -> X10 -> W10 -> V10 -> U10 -> T10 -> S10 -> R10 -> Q10 -> DOOR_15 -> O10 -> DOOR_16 -> N10 -> M10 -> K10 -> J10 -> I10 -> H10 -> G10 -> F10 -> E10 -> E9 -> E8 -> E7 -> E6 -> E5 -> E4 -> E3 -> E2 -> EXIT_C,E770:Y12--START_R17 | E769:Y12--DOOR_22 | E766:Y10--DOOR_22 | E749:X10--Y10 | E731:W10--X10 | E710:V10--W10 | E692:U10--V10 | E679:T10--U10 | E568:S10--T10 | E545:R10--S10 | E514:Q10--R10 | E512:Q10--DOOR_15 | E456:O10--DOOR_15 | E457:O10--DOOR_16 | E425:N10--DOOR_16 | E393:M10--N10 | E339:K10--M10 | E330:J10--K10 | E317:I10--J10 | E292:H10--I10 | E262:G10--H10 | E257:F10--G10 | E231:E10--F10 | E230:E10--E9 | E256:E8--E9 | E255:E7--E8 | E252:E6--E7 | E251:E5--E6 | E250:E4--E5 | E249:E3--E4 | E239:E2--E3 | E240:E2--EXIT_C
R17__EXIT_D,R17,Operations Office,START_R17,EXIT_D,4,22.5,22,START_R17 -> Y12 -> DOOR_22 -> Y10 -> X10 -> W10 -> V10 -> U10 -> T10 -> S10 -> R10 -> Q10 -> DOOR_15 -> O10 -> O8 -> O7 -> O6 -> P6 -> P5 -> P4 -> P3 -> P2 -> EXIT_D,E770:Y12--START_R17 | E769:Y12--DOOR_22 | E766:Y10--DOOR_22 | E749:X10--Y10 | E731:W10--X10 | E710:V10--W10 | E692:U10--V10 | E679:T10--U10 | E568:S10--T10 | E545:R10--S10 | E514:Q10--R10 | E512:Q10--DOOR_15 | E456:O10--DOOR_15 | E459:O10--O8 | E479:O7--O8 | E477:O6--O7 | E478:O6--P6 | E505:P5--P6 | E503:P4--P5 | E501:P3--P4 | E487:P2--P3 | E486:P2--EXIT_D
R17__EXIT_E,R17,Operations Office,START_R17,EXIT_E,4,12.0,12,START_R17 -> Y12 -> DOOR_22 -> Y10 -> Y9 -> Y8 -> Y7 -> Y6 -> Y5 -> Y4 -> Y3 -> Y2 -> EXIT_E,E770:Y12--START_R17 | E769:Y12--DOOR_22 | E766:Y10--DOOR_22 | E767:Y10--Y9 | E791:Y8--Y9 | E790:Y7--Y8 | E787:Y6--Y7 | E786:Y5--Y6 | E785:Y4--Y5 | E784:Y3--Y4 | E777:Y2--Y3 | E776:Y2--EXIT_E
R17__EXIT_G,R17,Operations Office,START_R17,EXIT_G,4,33.5,31,START_R17 -> Y12 -> DOOR_22 -> Y10 -> X10 -> W10 -> V10 -> U10 -> T10 -> S10 -> R10 -> Q10 -> DOOR_15 -> O10 -> O11 -> O13 -> O15 -> O16 -> N16 -> M16 -> K16 -> J16 -> I16 -> H16 -> G16 -> F16 -> E16 -> D16 -> C16 -> B16 -> A16 -> EXIT_G,E770:Y12--START_R17 | E769:Y12--DOOR_22 | E766:Y10--DOOR_22 | E749:X10--Y10 | E731:W10--X10 | E710:V10--W10 | E692:U10--V10 | E679:T10--U10 | E568:S10--T10 | E545:R10--S10 | E514:Q10--R10 | E512:Q10--DOOR_15 | E456:O10--DOOR_15 | E458:O10--O11 | E460:O11--O13 | E461:O13--O15 | E462:O15--O16 | E430:N16--O16 | E394:M16--N16 | E344:K16--M16 | E336:J16--K16 | E320:I16--J16 | E298:H16--I16 | E268:G16--H16 | E260:F16--G16 | E236:E16--F16 | E212:D16--E16 | E187:C16--D16 | E167:B16--C16 | E007:A16--B16 | E008:A16--EXIT_G
R17__EXIT_H,R17,Operations Office,START_R17,EXIT_H,4,33.0,31,START_R17 -> Y12 -> DOOR_22 -> Y10 -> X10 -> W10 -> V10 -> U10 -> T10 -> S10 -> R10 -> Q10 -> Q11 -> Q13 -> Q15 -> Q16 -> R16 -> S16 -> T16 -> U16 -> V16 -> W16 -> X16 -> Y16 -> Z16 -> AA16 -> AB16 -> AC16 -> AD16 -> AE16 -> AF16 -> EXIT_H,E770:Y12--START_R17 | E769:Y12--DOOR_22 | E766:Y10--DOOR_22 | E749:X10--Y10 | E731:W10--X10 | E710:V10--W10 | E692:U10--V10 | E679:T10--U10 | E568:S10--T10 | E545:R10--S10 | E514:Q10--R10 | E513:Q10--Q11 | E515:Q11--Q13 | E516:Q13--Q15 | E517:Q15--Q16 | E519:Q16--R16 | E551:R16--S16 | E573:S16--T16 | E682:T16--U16 | E699:U16--V16 | E715:V16--W16 | E734:W16--X16 | E756:X16--Y16 | E773:Y16--Z16 | E038:AA16--Z16 | E037:AA16--AB16 | E063:AB16--AC16 | E081:AC16--AD16 | E101:AD16--AE16 | E133:AE16--AF16 | E151:AF16--EXIT_H
R17__EXIT_A,R17,Operations Office,START_R17,EXIT_A,4,41.25,40,START_R17 -> Y12 -> DOOR_22 -> Y10 -> X10 -> W10 -> V10 -> U10 -> T10 -> S10 -> R10 -> Q10 -> DOOR_15 -> O10 -> O11 -> O13 -> O15 -> O16 -> DOOR_26 -> N18 -> N18.5 -> M18.5 -> DOOR_32 -> K18.5 -> K19 -> K20 -> K21 -> K22 -> J22 -> I22 -> H22 -> G22 -> F22 -> E22 -> D22 -> C22 -> DOOR_44 -> C24 -> START_R28 -> C26 -> EXIT_A,E770:Y12--START_R17 | E769:Y12--DOOR_22 | E766:Y10--DOOR_22 | E749:X10--Y10 | E731:W10--X10 | E710:V10--W10 | E692:U10--V10 | E679:T10--U10 | E568:S10--T10 | E545:R10--S10 | E514:Q10--R10 | E512:Q10--DOOR_15 | E456:O10--DOOR_15 | E458:O10--O11 | E460:O11--O13 | E461:O13--O15 | E462:O15--O16 | E463:O16--DOOR_26 | E223:DOOR_26--N18 | E431:N18--N18.5 | E398:M18.5--N18.5 | E224:DOOR_32--M18.5 | E347:K18.5--DOOR_32 | E348:K18.5--K19 | E349:K19--K20 | E352:K20--K21 | E354:K21--K22 | E337:J22--K22 | E324:I22--J22 | E307:H22--I22 | E276:G22--H22 | E261:F22--G22 | E241:E22--F22 | E219:D22--E22 | E193:C22--D22 | E195:C22--DOOR_44 | E197:C24--DOOR_44 | E661:START_R28--C24 | E662:START_R28--C26 | E199:C26--EXIT_A
R17__EXIT_F,R17,Operations Office,START_R17,EXIT_F,4,35.5,32,START_R17 -> Y12 -> DOOR_22 -> Y10 -> X10 -> W10 -> V10 -> U10 -> T10 -> S10 -> R10 -> Q10 -> DOOR_15 -> O10 -> O11 -> O13 -> O15 -> O16 -> DOOR_26 -> N18 -> N18.5 -> O18.5 -> DOOR_33 -> P18.5 -> P19 -> P20 -> P21 -> P22 -> P23 -> P24 -> P25 -> P26 -> EXIT_F,E770:Y12--START_R17 | E769:Y12--DOOR_22 | E766:Y10--DOOR_22 | E749:X10--Y10 | E731:W10--X10 | E710:V10--W10 | E692:U10--V10 | E679:T10--U10 | E568:S10--T10 | E545:R10--S10 | E514:Q10--R10 | E512:Q10--DOOR_15 | E456:O10--DOOR_15 | E458:O10--O11 | E460:O11--O13 | E461:O13--O15 | E462:O15--O16 | E463:O16--DOOR_26 | E223:DOOR_26--N18 | E431:N18--N18.5 | E434:N18.5--O18.5 | E466:O18.5--DOOR_33 | E225:DOOR_33--P18.5 | E484:P18.5--P19 | E485:P19--P20 | E489:P20--P21 | E492:P21--P22 | E493:P22--P23 | E494:P23--P24 | E496:P24--P25 | E499:P25--P26 | E500:P26--EXIT_F
R17__EXIT_B,R17,Operations Office,START_R17,EXIT_B,4,40.0,38,START_R17 -> Y12 -> DOOR_22 -> Y10 -> X10 -> W10 -> V10 -> U10 -> T10 -> S10 -> R10 -> Q10 -> Q11 -> Q13 -> Q15 -> Q16 -> R16 -> S16 -> T16 -> U16 -> V16 -> W16 -> X16 -> DOOR_30 -> X18 -> START_R24 -> X20 -> DOOR_39 -> X22 -> DOOR_49 -> X24 -> START_R32 -> Y25 -> DOOR_51 -> AA25 -> DOOR_53 -> AC25 -> AC26 -> EXIT_B,E770:Y12--START_R17 | E769:Y12--DOOR_22 | E766:Y10--DOOR_22 | E749:X10--Y10 | E731:W10--X10 | E710:V10--W10 | E692:U10--V10 | E679:T10--U10 | E568:S10--T10 | E545:R10--S10 | E514:Q10--R10 | E513:Q10--Q11 | E515:Q11--Q13 | E516:Q13--Q15 | E517:Q15--Q16 | E519:Q16--R16 | E551:R16--S16 | E573:S16--T16 | E682:T16--U16 | E699:U16--V16 | E715:V16--W16 | E734:W16--X16 | E755:X16--DOOR_30 | E757:X18--DOOR_30 | E651:START_R24--X18 | E652:START_R24--X20 | E759:X20--DOOR_39 | E228:DOOR_39--X22 | E761:X22--DOOR_49 | E763:X24--DOOR_49 | E673:START_R32--X24 | E675:START_R32--Y25 | E780:Y25--DOOR_51 | E046:AA25--DOOR_51 | E047:AA25--DOOR_53 | E091:AC25--DOOR_53 | E090:AC25--AC26 | E093:AC26--EXIT_B
R18__EXIT_C,R18,Facilities Office,START_R18,EXIT_C,4,35.0,35,START_R18 -> AB12 -> DOOR_21 -> AB10 -> AA10 -> Z10 -> Y10 -> X10 -> W10 -> V10 -> U10 -> T10 -> S10 -> R10 -> Q10 -> DOOR_15 -> O10 -> DOOR_16 -> N10 -> M10 -> K10 -> J10 -> I10 -> H10 -> G10 -> F10 -> E10 -> E9 -> E8 -> E7 -> E6 -> E5 -> E4 -> E3 -> E2 -> EXIT_C,E061:AB12--START_R18 | E060:AB12--DOOR_21 | E058:AB10--DOOR_21 | E030:AA10--AB10 | E031:AA10--Z10 | E768:Y10--Z10 | E749:X10--Y10 | E731:W10--X10 | E710:V10--W10 | E692:U10--V10 | E679:T10--U10 | E568:S10--T10 | E545:R10--S10 | E514:Q10--R10 | E512:Q10--DOOR_15 | E456:O10--DOOR_15 | E457:O10--DOOR_16 | E425:N10--DOOR_16 | E393:M10--N10 | E339:K10--M10 | E330:J10--K10 | E317:I10--J10 | E292:H10--I10 | E262:G10--H10 | E257:F10--G10 | E231:E10--F10 | E230:E10--E9 | E256:E8--E9 | E255:E7--E8 | E252:E6--E7 | E251:E5--E6 | E250:E4--E5 | E249:E3--E4 | E239:E2--E3 | E240:E2--EXIT_C
R18__EXIT_D,R18,Facilities Office,START_R18,EXIT_D,4,25.5,25,START_R18 -> AB12 -> DOOR_21 -> AB10 -> AA10 -> Z10 -> Y10 -> X10 -> W10 -> V10 -> U10 -> T10 -> S10 -> R10 -> Q10 -> DOOR_15 -> O10 -> O8 -> O7 -> O6 -> P6 -> P5 -> P4 -> P3 -> P2 -> EXIT_D,E061:AB12--START_R18 | E060:AB12--DOOR_21 | E058:AB10--DOOR_21 | E030:AA10--AB10 | E031:AA10--Z10 | E768:Y10--Z10 | E749:X10--Y10 | E731:W10--X10 | E710:V10--W10 | E692:U10--V10 | E679:T10--U10 | E568:S10--T10 | E545:R10--S10 | E514:Q10--R10 | E512:Q10--DOOR_15 | E456:O10--DOOR_15 | E459:O10--O8 | E479:O7--O8 | E477:O6--O7 | E478:O6--P6 | E505:P5--P6 | E503:P4--P5 | E501:P3--P4 | E487:P2--P3 | E486:P2--EXIT_D
R18__EXIT_E,R18,Facilities Office,START_R18,EXIT_E,4,15.0,15,START_R18 -> AB12 -> DOOR_21 -> AB10 -> AA10 -> Z10 -> Y10 -> Y9 -> Y8 -> Y7 -> Y6 -> Y5 -> Y4 -> Y3 -> Y2 -> EXIT_E,E061:AB12--START_R18 | E060:AB12--DOOR_21 | E058:AB10--DOOR_21 | E030:AA10--AB10 | E031:AA10--Z10 | E768:Y10--Z10 | E767:Y10--Y9 | E791:Y8--Y9 | E790:Y7--Y8 | E787:Y6--Y7 | E786:Y5--Y6 | E785:Y4--Y5 | E784:Y3--Y4 | E777:Y2--Y3 | E776:Y2--EXIT_E
R18__EXIT_G,R18,Facilities Office,START_R18,EXIT_G,4,36.5,34,START_R18 -> AB12 -> DOOR_21 -> AB10 -> AA10 -> Z10 -> Y10 -> X10 -> W10 -> V10 -> U10 -> T10 -> S10 -> R10 -> Q10 -> DOOR_15 -> O10 -> O11 -> O13 -> O15 -> O16 -> N16 -> M16 -> K16 -> J16 -> I16 -> H16 -> G16 -> F16 -> E16 -> D16 -> C16 -> B16 -> A16 -> EXIT_G,E061:AB12--START_R18 | E060:AB12--DOOR_21 | E058:AB10--DOOR_21 | E030:AA10--AB10 | E031:AA10--Z10 | E768:Y10--Z10 | E749:X10--Y10 | E731:W10--X10 | E710:V10--W10 | E692:U10--V10 | E679:T10--U10 | E568:S10--T10 | E545:R10--S10 | E514:Q10--R10 | E512:Q10--DOOR_15 | E456:O10--DOOR_15 | E458:O10--O11 | E460:O11--O13 | E461:O13--O15 | E462:O15--O16 | E430:N16--O16 | E394:M16--N16 | E344:K16--M16 | E336:J16--K16 | E320:I16--J16 | E298:H16--I16 | E268:G16--H16 | E260:F16--G16 | E236:E16--F16 | E212:D16--E16 | E187:C16--D16 | E167:B16--C16 | E007:A16--B16 | E008:A16--EXIT_G
R18__EXIT_H,R18,Facilities Office,START_R18,EXIT_H,4,36.0,34,START_R18 -> AB12 -> DOOR_21 -> AB10 -> AA10 -> Z10 -> Y10 -> X10 -> W10 -> V10 -> U10 -> T10 -> S10 -> R10 -> Q10 -> Q11 -> Q13 -> Q15 -> Q16 -> R16 -> S16 -> T16 -> U16 -> V16 -> W16 -> X16 -> Y16 -> Z16 -> AA16 -> AB16 -> AC16 -> AD16 -> AE16 -> AF16 -> EXIT_H,E061:AB12--START_R18 | E060:AB12--DOOR_21 | E058:AB10--DOOR_21 | E030:AA10--AB10 | E031:AA10--Z10 | E768:Y10--Z10 | E749:X10--Y10 | E731:W10--X10 | E710:V10--W10 | E692:U10--V10 | E679:T10--U10 | E568:S10--T10 | E545:R10--S10 | E514:Q10--R10 | E513:Q10--Q11 | E515:Q11--Q13 | E516:Q13--Q15 | E517:Q15--Q16 | E519:Q16--R16 | E551:R16--S16 | E573:S16--T16 | E682:T16--U16 | E699:U16--V16 | E715:V16--W16 | E734:W16--X16 | E756:X16--Y16 | E773:Y16--Z16 | E038:AA16--Z16 | E037:AA16--AB16 | E063:AB16--AC16 | E081:AC16--AD16 | E101:AD16--AE16 | E133:AE16--AF16 | E151:AF16--EXIT_H
R18__EXIT_A,R18,Facilities Office,START_R18,EXIT_A,4,44.25,43,START_R18 -> AB12 -> DOOR_21 -> AB10 -> AA10 -> Z10 -> Y10 -> X10 -> W10 -> V10 -> U10 -> T10 -> S10 -> R10 -> Q10 -> DOOR_15 -> O10 -> O11 -> O13 -> O15 -> O16 -> DOOR_26 -> N18 -> N18.5 -> M18.5 -> DOOR_32 -> K18.5 -> K19 -> K20 -> K21 -> K22 -> J22 -> I22 -> H22 -> G22 -> F22 -> E22 -> D22 -> C22 -> DOOR_44 -> C24 -> START_R28 -> C26 -> EXIT_A,E061:AB12--START_R18 | E060:AB12--DOOR_21 | E058:AB10--DOOR_21 | E030:AA10--AB10 | E031:AA10--Z10 | E768:Y10--Z10 | E749:X10--Y10 | E731:W10--X10 | E710:V10--W10 | E692:U10--V10 | E679:T10--U10 | E568:S10--T10 | E545:R10--S10 | E514:Q10--R10 | E512:Q10--DOOR_15 | E456:O10--DOOR_15 | E458:O10--O11 | E460:O11--O13 | E461:O13--O15 | E462:O15--O16 | E463:O16--DOOR_26 | E223:DOOR_26--N18 | E431:N18--N18.5 | E398:M18.5--N18.5 | E224:DOOR_32--M18.5 | E347:K18.5--DOOR_32 | E348:K18.5--K19 | E349:K19--K20 | E352:K20--K21 | E354:K21--K22 | E337:J22--K22 | E324:I22--J22 | E307:H22--I22 | E276:G22--H22 | E261:F22--G22 | E241:E22--F22 | E219:D22--E22 | E193:C22--D22 | E195:C22--DOOR_44 | E197:C24--DOOR_44 | E661:START_R28--C24 | E662:START_R28--C26 | E199:C26--EXIT_A
R18__EXIT_F,R18,Facilities Office,START_R18,EXIT_F,4,38.5,35,START_R18 -> AB12 -> DOOR_21 -> AB10 -> AA10 -> Z10 -> Y10 -> X10 -> W10 -> V10 -> U10 -> T10 -> S10 -> R10 -> Q10 -> DOOR_15 -> O10 -> O11 -> O13 -> O15 -> O16 -> DOOR_26 -> N18 -> N18.5 -> O18.5 -> DOOR_33 -> P18.5 -> P19 -> P20 -> P21 -> P22 -> P23 -> P24 -> P25 -> P26 -> EXIT_F,E061:AB12--START_R18 | E060:AB12--DOOR_21 | E058:AB10--DOOR_21 | E030:AA10--AB10 | E031:AA10--Z10 | E768:Y10--Z10 | E749:X10--Y10 | E731:W10--X10 | E710:V10--W10 | E692:U10--V10 | E679:T10--U10 | E568:S10--T10 | E545:R10--S10 | E514:Q10--R10 | E512:Q10--DOOR_15 | E456:O10--DOOR_15 | E458:O10--O11 | E460:O11--O13 | E461:O13--O15 | E462:O15--O16 | E463:O16--DOOR_26 | E223:DOOR_26--N18 | E431:N18--N18.5 | E434:N18.5--O18.5 | E466:O18.5--DOOR_33 | E225:DOOR_33--P18.5 | E484:P18.5--P19 | E485:P19--P20 | E489:P20--P21 | E492:P21--P22 | E493:P22--P23 | E494:P23--P24 | E496:P24--P25 | E499:P25--P26 | E500:P26--EXIT_F
R18__EXIT_B,R18,Facilities Office,START_R18,EXIT_B,4,43.0,41,START_R18 -> AB12 -> DOOR_21 -> AB10 -> AA10 -> Z10 -> Y10 -> X10 -> W10 -> V10 -> U10 -> T10 -> S10 -> R10 -> Q10 -> Q11 -> Q13 -> Q15 -> Q16 -> R16 -> S16 -> T16 -> U16 -> V16 -> W16 -> X16 -> DOOR_30 -> X18 -> START_R24 -> X20 -> DOOR_39 -> X22 -> DOOR_49 -> X24 -> START_R32 -> Y25 -> DOOR_51 -> AA25 -> DOOR_53 -> AC25 -> AC26 -> EXIT_B,E061:AB12--START_R18 | E060:AB12--DOOR_21 | E058:AB10--DOOR_21 | E030:AA10--AB10 | E031:AA10--Z10 | E768:Y10--Z10 | E749:X10--Y10 | E731:W10--X10 | E710:V10--W10 | E692:U10--V10 | E679:T10--U10 | E568:S10--T10 | E545:R10--S10 | E514:Q10--R10 | E513:Q10--Q11 | E515:Q11--Q13 | E516:Q13--Q15 | E517:Q15--Q16 | E519:Q16--R16 | E551:R16--S16 | E573:S16--T16 | E682:T16--U16 | E699:U16--V16 | E715:V16--W16 | E734:W16--X16 | E755:X16--DOOR_30 | E757:X18--DOOR_30 | E651:START_R24--X18 | E652:START_R24--X20 | E759:X20--DOOR_39 | E228:DOOR_39--X22 | E761:X22--DOOR_49 | E763:X24--DOOR_49 | E673:START_R32--X24 | E675:START_R32--Y25 | E780:Y25--DOOR_51 | E046:AA25--DOOR_51 | E047:AA25--DOOR_53 | E091:AC25--DOOR_53 | E090:AC25--AC26 | E093:AC26--EXIT_B
R19__EXIT_C,R19,Principal's Office,START_R19,EXIT_C,3,37.5,38,START_R19 -> AE12 -> DOOR_24 -> AE10 -> AD10 -> AC10 -> AB10 -> AA10 -> Z10 -> Y10 -> X10 -> W10 -> V10 -> U10 -> T10 -> S10 -> R10 -> Q10 -> DOOR_15 -> O10 -> DOOR_16 -> N10 -> M10 -> K10 -> J10 -> I10 -> H10 -> G10 -> F10 -> E10 -> E9 -> E8 -> E7 -> E6 -> E5 -> E4 -> E3 -> E2 -> EXIT_C,E131:AE12--START_R19 | E130:AE12--DOOR_24 | E128:AE10--DOOR_24 | E095:AD10--AE10 | E078:AC10--AD10 | E057:AB10--AC10 | E030:AA10--AB10 | E031:AA10--Z10 | E768:Y10--Z10 | E749:X10--Y10 | E731:W10--X10 | E710:V10--W10 | E692:U10--V10 | E679:T10--U10 | E568:S10--T10 | E545:R10--S10 | E514:Q10--R10 | E512:Q10--DOOR_15 | E456:O10--DOOR_15 | E457:O10--DOOR_16 | E425:N10--DOOR_16 | E393:M10--N10 | E339:K10--M10 | E330:J10--K10 | E317:I10--J10 | E292:H10--I10 | E262:G10--H10 | E257:F10--G10 | E231:E10--F10 | E230:E10--E9 | E256:E8--E9 | E255:E7--E8 | E252:E6--E7 | E251:E5--E6 | E250:E4--E5 | E249:E3--E4 | E239:E2--E3 | E240:E2--EXIT_C
R19__EXIT_D,R19,Principal's Office,START_R19,EXIT_D,3,28.0,28,START_R19 -> AE12 -> DOOR_24 -> AE10 -> AD10 -> AC10 -> AB10 -> AA10 -> Z10 -> Y10 -> X10 -> W10 -> V10 -> U10 -> T10 -> S10 -> R10 -> Q10 -> DOOR_15 -> O10 -> O8 -> O7 -> O6 -> P6 -> P5 -> P4 -> P3 -> P2 -> EXIT_D,E131:AE12--START_R19 | E130:AE12--DOOR_24 | E128:AE10--DOOR_24 | E095:AD10--AE10 | E078:AC10--AD10 | E057:AB10--AC10 | E030:AA10--AB10 | E031:AA10--Z10 | E768:Y10--Z10 | E749:X10--Y10 | E731:W10--X10 | E710:V10--W10 | E692:U10--V10 | E679:T10--U10 | E568:S10--T10 | E545:R10--S10 | E514:Q10--R10 | E512:Q10--DOOR_15 | E456:O10--DOOR_15 | E459:O10--O8 | E479:O7--O8 | E477:O6--O7 | E478:O6--P6 | E505:P5--P6 | E503:P4--P5 | E501:P3--P4 | E487:P2--P3 | E486:P2--EXIT_D
R19__EXIT_E,R19,Principal's Office,START_R19,EXIT_E,3,17.5,18,START_R19 -> AE12 -> DOOR_24 -> AE10 -> AD10 -> AC10 -> AB10 -> AA10 -> Z10 -> Y10 -> Y9 -> Y8 -> Y7 -> Y6 -> Y5 -> Y4 -> Y3 -> Y2 -> EXIT_E,E131:AE12--START_R19 | E130:AE12--DOOR_24 | E128:AE10--DOOR_24 | E095:AD10--AE10 | E078:AC10--AD10 | E057:AB10--AC10 | E030:AA10--AB10 | E031:AA10--Z10 | E768:Y10--Z10 | E767:Y10--Y9 | E791:Y8--Y9 | E790:Y7--Y8 | E787:Y6--Y7 | E786:Y5--Y6 | E785:Y4--Y5 | E784:Y3--Y4 | E777:Y2--Y3 | E776:Y2--EXIT_E
R19__EXIT_G,R19,Principal's Office,START_R19,EXIT_G,3,39.0,37,START_R19 -> AE12 -> DOOR_24 -> AE10 -> AD10 -> AC10 -> AB10 -> AA10 -> Z10 -> Y10 -> X10 -> W10 -> V10 -> U10 -> T10 -> S10 -> R10 -> Q10 -> DOOR_15 -> O10 -> O11 -> O13 -> O15 -> O16 -> N16 -> M16 -> K16 -> J16 -> I16 -> H16 -> G16 -> F16 -> E16 -> D16 -> C16 -> B16 -> A16 -> EXIT_G,E131:AE12--START_R19 | E130:AE12--DOOR_24 | E128:AE10--DOOR_24 | E095:AD10--AE10 | E078:AC10--AD10 | E057:AB10--AC10 | E030:AA10--AB10 | E031:AA10--Z10 | E768:Y10--Z10 | E749:X10--Y10 | E731:W10--X10 | E710:V10--W10 | E692:U10--V10 | E679:T10--U10 | E568:S10--T10 | E545:R10--S10 | E514:Q10--R10 | E512:Q10--DOOR_15 | E456:O10--DOOR_15 | E458:O10--O11 | E460:O11--O13 | E461:O13--O15 | E462:O15--O16 | E430:N16--O16 | E394:M16--N16 | E344:K16--M16 | E336:J16--K16 | E320:I16--J16 | E298:H16--I16 | E268:G16--H16 | E260:F16--G16 | E236:E16--F16 | E212:D16--E16 | E187:C16--D16 | E167:B16--C16 | E007:A16--B16 | E008:A16--EXIT_G
R19__EXIT_H,R19,Principal's Office,START_R19,EXIT_H,3,38.5,37,START_R19 -> AE12 -> DOOR_24 -> AE10 -> AD10 -> AC10 -> AB10 -> AA10 -> Z10 -> Y10 -> X10 -> W10 -> V10 -> U10 -> T10 -> S10 -> R10 -> Q10 -> Q11 -> Q13 -> Q15 -> Q16 -> R16 -> S16 -> T16 -> U16 -> V16 -> W16 -> X16 -> Y16 -> Z16 -> AA16 -> AB16 -> AC16 -> AD16 -> AE16 -> AF16 -> EXIT_H,E131:AE12--START_R19 | E130:AE12--DOOR_24 | E128:AE10--DOOR_24 | E095:AD10--AE10 | E078:AC10--AD10 | E057:AB10--AC10 | E030:AA10--AB10 | E031:AA10--Z10 | E768:Y10--Z10 | E749:X10--Y10 | E731:W10--X10 | E710:V10--W10 | E692:U10--V10 | E679:T10--U10 | E568:S10--T10 | E545:R10--S10 | E514:Q10--R10 | E513:Q10--Q11 | E515:Q11--Q13 | E516:Q13--Q15 | E517:Q15--Q16 | E519:Q16--R16 | E551:R16--S16 | E573:S16--T16 | E682:T16--U16 | E699:U16--V16 | E715:V16--W16 | E734:W16--X16 | E756:X16--Y16 | E773:Y16--Z16 | E038:AA16--Z16 | E037:AA16--AB16 | E063:AB16--AC16 | E081:AC16--AD16 | E101:AD16--AE16 | E133:AE16--AF16 | E151:AF16--EXIT_H
R19__EXIT_A,R19,Principal's Office,START_R19,EXIT_A,3,46.75,46,START_R19 -> AE12 -> DOOR_24 -> AE10 -> AD10 -> AC10 -> AB10 -> AA10 -> Z10 -> Y10 -> X10 -> W10 -> V10 -> U10 -> T10 -> S10 -> R10 -> Q10 -> DOOR_15 -> O10 -> O11 -> O13 -> O15 -> O16 -> DOOR_26 -> N18 -> N18.5 -> M18.5 -> DOOR_32 -> K18.5 -> K19 -> K20 -> K21 -> K22 -> J22 -> I22 -> H22 -> G22 -> F22 -> E22 -> D22 -> C22 -> DOOR_44 -> C24 -> START_R28 -> C26 -> EXIT_A,E131:AE12--START_R19 | E130:AE12--DOOR_24 | E128:AE10--DOOR_24 | E095:AD10--AE10 | E078:AC10--AD10 | E057:AB10--AC10 | E030:AA10--AB10 | E031:AA10--Z10 | E768:Y10--Z10 | E749:X10--Y10 | E731:W10--X10 | E710:V10--W10 | E692:U10--V10 | E679:T10--U10 | E568:S10--T10 | E545:R10--S10 | E514:Q10--R10 | E512:Q10--DOOR_15 | E456:O10--DOOR_15 | E458:O10--O11 | E460:O11--O13 | E461:O13--O15 | E462:O15--O16 | E463:O16--DOOR_26 | E223:DOOR_26--N18 | E431:N18--N18.5 | E398:M18.5--N18.5 | E224:DOOR_32--M18.5 | E347:K18.5--DOOR_32 | E348:K18.5--K19 | E349:K19--K20 | E352:K20--K21 | E354:K21--K22 | E337:J22--K22 | E324:I22--J22 | E307:H22--I22 | E276:G22--H22 | E261:F22--G22 | E241:E22--F22 | E219:D22--E22 | E193:C22--D22 | E195:C22--DOOR_44 | E197:C24--DOOR_44 | E661:START_R28--C24 | E662:START_R28--C26 | E199:C26--EXIT_A
R19__EXIT_F,R19,Principal's Office,START_R19,EXIT_F,3,41.0,38,START_R19 -> AE12 -> DOOR_24 -> AE10 -> AD10 -> AC10 -> AB10 -> AA10 -> Z10 -> Y10 -> X10 -> W10 -> V10 -> U10 -> T10 -> S10 -> R10 -> Q10 -> DOOR_15 -> O10 -> O11 -> O13 -> O15 -> O16 -> DOOR_26 -> N18 -> N18.5 -> O18.5 -> DOOR_33 -> P18.5 -> P19 -> P20 -> P21 -> P22 -> P23 -> P24 -> P25 -> P26 -> EXIT_F,E131:AE12--START_R19 | E130:AE12--DOOR_24 | E128:AE10--DOOR_24 | E095:AD10--AE10 | E078:AC10--AD10 | E057:AB10--AC10 | E030:AA10--AB10 | E031:AA10--Z10 | E768:Y10--Z10 | E749:X10--Y10 | E731:W10--X10 | E710:V10--W10 | E692:U10--V10 | E679:T10--U10 | E568:S10--T10 | E545:R10--S10 | E514:Q10--R10 | E512:Q10--DOOR_15 | E456:O10--DOOR_15 | E458:O10--O11 | E460:O11--O13 | E461:O13--O15 | E462:O15--O16 | E463:O16--DOOR_26 | E223:DOOR_26--N18 | E431:N18--N18.5 | E434:N18.5--O18.5 | E466:O18.5--DOOR_33 | E225:DOOR_33--P18.5 | E484:P18.5--P19 | E485:P19--P20 | E489:P20--P21 | E492:P21--P22 | E493:P22--P23 | E494:P23--P24 | E496:P24--P25 | E499:P25--P26 | E500:P26--EXIT_F
R19__EXIT_B,R19,Principal's Office,START_R19,EXIT_B,3,45.5,44,START_R19 -> AE12 -> DOOR_24 -> AE10 -> AD10 -> AC10 -> AB10 -> AA10 -> Z10 -> Y10 -> X10 -> W10 -> V10 -> U10 -> T10 -> S10 -> R10 -> Q10 -> Q11 -> Q13 -> Q15 -> Q16 -> R16 -> S16 -> T16 -> U16 -> V16 -> W16 -> X16 -> DOOR_30 -> X18 -> START_R24 -> X20 -> DOOR_39 -> X22 -> DOOR_49 -> X24 -> START_R32 -> Y25 -> DOOR_51 -> AA25 -> DOOR_53 -> AC25 -> AC26 -> EXIT_B,E131:AE12--START_R19 | E130:AE12--DOOR_24 | E128:AE10--DOOR_24 | E095:AD10--AE10 | E078:AC10--AD10 | E057:AB10--AC10 | E030:AA10--AB10 | E031:AA10--Z10 | E768:Y10--Z10 | E749:X10--Y10 | E731:W10--X10 | E710:V10--W10 | E692:U10--V10 | E679:T10--U10 | E568:S10--T10 | E545:R10--S10 | E514:Q10--R10 | E513:Q10--Q11 | E515:Q11--Q13 | E516:Q13--Q15 | E517:Q15--Q16 | E519:Q16--R16 | E551:R16--S16 | E573:S16--T16 | E682:T16--U16 | E699:U16--V16 | E715:V16--W16 | E734:W16--X16 | E755:X16--DOOR_30 | E757:X18--DOOR_30 | E651:START_R24--X18 | E652:START_R24--X20 | E759:X20--DOOR_39 | E228:DOOR_39--X22 | E761:X22--DOOR_49 | E763:X24--DOOR_49 | E673:START_R32--X24 | E675:START_R32--Y25 | E780:Y25--DOOR_51 | E046:AA25--DOOR_51 | E047:AA25--DOOR_53 | E091:AC25--DOOR_53 | E090:AC25--AC26 | E093:AC26--EXIT_B
R22__EXIT_C,R22,Conference Room B,START_R22,EXIT_C,10,29.25,26,START_R22 -> N18.5 -> N18 -> DOOR_26 -> O16 -> N16 -> N15 -> N13 -> N11 -> N10 -> M10 -> K10 -> J10 -> I10 -> H10 -> G10 -> F10 -> E10 -> E9 -> E8 -> E7 -> E6 -> E5 -> E4 -> E3 -> E2 -> EXIT_C,E649:START_R22--N18.5 | E431:N18--N18.5 | E223:DOOR_26--N18 | E463:O16--DOOR_26 | E430:N16--O16 | E429:N15--N16 | E428:N13--N15 | E427:N11--N13 | E426:N10--N11 | E393:M10--N10 | E339:K10--M10 | E330:J10--K10 | E317:I10--J10 | E292:H10--I10 | E262:G10--H10 | E257:F10--G10 | E231:E10--F10 | E230:E10--E9 | E256:E8--E9 | E255:E7--E8 | E252:E6--E7 | E251:E5--E6 | E250:E4--E5 | E249:E3--E4 | E239:E2--E3 | E240:E2--EXIT_C
R22__EXIT_D,R22,Conference Room B,START_R22,EXIT_D,10,20.25,17,START_R22 -> N18.5 -> N18 -> DOOR_26 -> O16 -> O15 -> O13 -> O11 -> O10 -> O8 -> O7 -> O6 -> P6 -> P5 -> P4 -> P3 -> P2 -> EXIT_D,E649:START_R22--N18.5 | E431:N18--N18.5 | E223:DOOR_26--N18 | E463:O16--DOOR_26 | E462:O15--O16 | E461:O13--O15 | E460:O11--O13 | E458:O10--O11 | E459:O10--O8 | E479:O7--O8 | E477:O6--O7 | E478:O6--P6 | E505:P5--P6 | E503:P4--P5 | E501:P3--P4 | E487:P2--P3 | E486:P2--EXIT_D
R22__EXIT_E,R22,Conference Room B,START_R22,EXIT_E,10,29.75,27,START_R22 -> N18.5 -> N18 -> DOOR_26 -> O16 -> DOOR_27 -> Q16 -> Q15 -> Q13 -> Q11 -> Q10 -> R10 -> S10 -> T10 -> U10 -> V10 -> W10 -> X10 -> Y10 -> Y9 -> Y8 -> Y7 -> Y6 -> Y5 -> Y4 -> Y3 -> Y2 -> EXIT_E,E649:START_R22--N18.5 | E431:N18--N18.5 | E223:DOOR_26--N18 | E463:O16--DOOR_26 | E464:O16--DOOR_27 | E518:Q16--DOOR_27 | E517:Q15--Q16 | E516:Q13--Q15 | E515:Q11--Q13 | E513:Q10--Q11 | E514:Q10--R10 | E545:R10--S10 | E568:S10--T10 | E679:T10--U10 | E692:U10--V10 | E710:V10--W10 | E731:W10--X10 | E749:X10--Y10 | E767:Y10--Y9 | E791:Y8--Y9 | E790:Y7--Y8 | E787:Y6--Y7 | E786:Y5--Y6 | E785:Y4--Y5 | E784:Y3--Y4 | E777:Y2--Y3 | E776:Y2--EXIT_E
R22__EXIT_G,R22,Conference Room B,START_R22,EXIT_G,10,19.25,18,START_R22 -> N18.5 -> N18 -> DOOR_26 -> O16 -> N16 -> M16 -> K16 -> J16 -> I16 -> H16 -> G16 -> F16 -> E16 -> D16 -> C16 -> B16 -> A16 -> EXIT_G,E649:START_R22--N18.5 | E431:N18--N18.5 | E223:DOOR_26--N18 | E463:O16--DOOR_26 | E430:N16--O16 | E394:M16--N16 | E344:K16--M16 | E336:J16--K16 | E320:I16--J16 | E298:H16--I16 | E268:G16--H16 | E260:F16--G16 | E236:E16--F16 | E212:D16--E16 | E187:C16--D16 | E167:B16--C16 | E007:A16--B16 | E008:A16--EXIT_G
R22__EXIT_H,R22,Conference Room B,START_R22,EXIT_H,10,22.75,22,START_R22 -> N18.5 -> N18 -> DOOR_26 -> O16 -> DOOR_27 -> Q16 -> R16 -> S16 -> T16 -> U16 -> V16 -> W16 -> X16 -> Y16 -> Z16 -> AA16 -> AB16 -> AC16 -> AD16 -> AE16 -> AF16 -> EXIT_H,E649:START_R22--N18.5 | E431:N18--N18.5 | E223:DOOR_26--N18 | E463:O16--DOOR_26 | E464:O16--DOOR_27 | E518:Q16--DOOR_27 | E519:Q16--R16 | E551:R16--S16 | E573:S16--T16 | E682:T16--U16 | E699:U16--V16 | E715:V16--W16 | E734:W16--X16 | E756:X16--Y16 | E773:Y16--Z16 | E038:AA16--Z16 | E037:AA16--AB16 | E063:AB16--AC16 | E081:AC16--AD16 | E101:AD16--AE16 | E133:AE16--AF16 | E151:AF16--EXIT_H
R22__EXIT_A,R22,Conference Room B,START_R22,EXIT_A,10,19.5,21,START_R22 -> N18.5 -> M18.5 -> DOOR_32 -> K18.5 -> K19 -> K20 -> K21 -> K22 -> J22 -> I22 -> H22 -> G22 -> F22 -> E22 -> D22 -> C22 -> DOOR_44 -> C24 -> START_R28 -> C26 -> EXIT_A,E649:START_R22--N18.5 | E398:M18.5--N18.5 | E224:DOOR_32--M18.5 | E347:K18.5--DOOR_32 | E348:K18.5--K19 | E349:K19--K20 | E352:K20--K21 | E354:K21--K22 | E337:J22--K22 | E324:I22--J22 | E307:H22--I22 | E276:G22--H22 | E261:F22--G22 | E241:E22--F22 | E219:D22--E22 | E193:C22--D22 | E195:C22--DOOR_44 | E197:C24--DOOR_44 | E661:START_R28--C24 | E662:START_R28--C26 | E199:C26--EXIT_A
R22__EXIT_F,R22,Conference Room B,START_R22,EXIT_F,10,13.75,13,START_R22 -> N18.5 -> O18.5 -> DOOR_33 -> P18.5 -> P19 -> P20 -> P21 -> P22 -> P23 -> P24 -> P25 -> P26 -> EXIT_F,E649:START_R22--N18.5 | E434:N18.5--O18.5 | E466:O18.5--DOOR_33 | E225:DOOR_33--P18.5 | E484:P18.5--P19 | E485:P19--P20 | E489:P20--P21 | E492:P21--P22 | E493:P22--P23 | E494:P23--P24 | E496:P24--P25 | E499:P25--P26 | E500:P26--EXIT_F
R22__EXIT_B,R22,Conference Room B,START_R22,EXIT_B,10,25.5,27,START_R22 -> N18.5 -> O18.5 -> DOOR_33 -> P18.5 -> DOOR_35 -> Q18.5 -> R18.5 -> S18.5 -> DOOR_34 -> U18.5 -> U19 -> U20 -> U21 -> U22 -> V22 -> W22 -> X22 -> DOOR_49 -> X24 -> START_R32 -> Y25 -> DOOR_51 -> AA25 -> DOOR_53 -> AC25 -> AC26 -> EXIT_B,E649:START_R22--N18.5 | E434:N18.5--O18.5 | E466:O18.5--DOOR_33 | E225:DOOR_33--P18.5 | E483:P18.5--DOOR_35 | E227:DOOR_35--Q18.5 | E523:Q18.5--R18.5 | E555:R18.5--S18.5 | E575:S18.5--DOOR_34 | E226:DOOR_34--U18.5 | E702:U18.5--U19 | E703:U19--U20 | E704:U20--U21 | E706:U21--U22 | E708:U22--V22 | E718:V22--W22 | E741:W22--X22 | E761:X22--DOOR_49 | E763:X24--DOOR_49 | E673:START_R32--X24 | E675:START_R32--Y25 | E780:Y25--DOOR_51 | E046:AA25--DOOR_51 | E047:AA25--DOOR_53 | E091:AC25--DOOR_53 | E090:AC25--AC26 | E093:AC26--EXIT_B
R23__EXIT_C,R23,Meeting Room A,START_R23,EXIT_C,10,35.25,32,START_R23 -> R18.5 -> Q18.5 -> DOOR_35 -> P18.5 -> DOOR_33 -> O18.5 -> O18 -> N18 -> DOOR_26 -> O16 -> N16 -> N15 -> N13 -> N11 -> N10 -> M10 -> K10 -> J10 -> I10 -> H10 -> G10 -> F10 -> E10 -> E9 -> E8 -> E7 -> E6 -> E5 -> E4 -> E3 -> E2 -> EXIT_C,E650:START_R23--R18.5 | E523:Q18.5--R18.5 | E227:DOOR_35--Q18.5 | E483:P18.5--DOOR_35 | E225:DOOR_33--P18.5 | E466:O18.5--DOOR_33 | E465:O18--O18.5 | E432:N18--O18 | E223:DOOR_26--N18 | E463:O16--DOOR_26 | E430:N16--O16 | E429:N15--N16 | E428:N13--N15 | E427:N11--N13 | E426:N10--N11 | E393:M10--N10 | E339:K10--M10 | E330:J10--K10 | E317:I10--J10 | E292:H10--I10 | E262:G10--H10 | E257:F10--G10 | E231:E10--F10 | E230:E10--E9 | E256:E8--E9 | E255:E7--E8 | E252:E6--E7 | E251:E5--E6 | E250:E4--E5 | E249:E3--E4 | E239:E2--E3 | E240:E2--EXIT_C
R23__EXIT_D,R23,Meeting Room A,START_R23,EXIT_D,10,26.25,23,START_R23 -> R18.5 -> Q18.5 -> DOOR_35 -> P18.5 -> DOOR_33 -> O18.5 -> O18 -> N18 -> DOOR_26 -> O16 -> O15 -> O13 -> O11 -> O10 -> O8 -> O7 -> O6 -> P6 -> P5 -> P4 -> P3 -> P2 -> EXIT_D,E650:START_R23--R18.5 | E523:Q18.5--R18.5 | E227:DOOR_35--Q18.5 | E483:P18.5--DOOR_35 | E225:DOOR_33--P18.5 | E466:O18.5--DOOR_33 | E465:O18--O18.5 | E432:N18--O18 | E223:DOOR_26--N18 | E463:O16--DOOR_26 | E462:O15--O16 | E461:O13--O15 | E460:O11--O13 | E458:O10--O11 | E459:O10--O8 | E479:O7--O8 | E477:O6--O7 | E478:O6--P6 | E505:P5--P6 | E503:P4--P5 | E501:P3--P4 | E487:P2--P3 | E486:P2--EXIT_D
R23__EXIT_E,R23,Meeting Room A,START_R23,EXIT_E,10,33.5,32,START_R23 -> R18.5 -> S18.5 -> DOOR_34 -> U18.5 -> U18 -> U17 -> U16 -> T16 -> S16 -> R16 -> Q16 -> Q15 -> Q13 -> Q11 -> Q10 -> R10 -> S10 -> T10 -> U10 -> V10 -> W10 -> X10 -> Y10 -> Y9 -> Y8 -> Y7 -> Y6 -> Y5 -> Y4 -> Y3 -> Y2 -> EXIT_E,E650:START_R23--R18.5 | E555:R18.5--S18.5 | E575:S18.5--DOOR_34 | E226:DOOR_34--U18.5 | E701:U18--U18.5 | E700:U17--U18 | E698:U16--U17 | E682:T16--U16 | E573:S16--T16 | E551:R16--S16 | E519:Q16--R16 | E517:Q15--Q16 | E516:Q13--Q15 | E515:Q11--Q13 | E513:Q10--Q11 | E514:Q10--R10 | E545:R10--S10 | E568:S10--T10 | E679:T10--U10 | E692:U10--V10 | E710:V10--W10 | E731:W10--X10 | E749:X10--Y10 | E767:Y10--Y9 | E791:Y8--Y9 | E790:Y7--Y8 | E787:Y6--Y7 | E786:Y5--Y6 | E785:Y4--Y5 | E784:Y3--Y4 | E777:Y2--Y3 | E776:Y2--EXIT_E
R23__EXIT_G,R23,Meeting Room A,START_R23,EXIT_G,10,25.25,24,START_R23 -> R18.5 -> Q18.5 -> DOOR_35 -> P18.5 -> DOOR_33 -> O18.5 -> O18 -> N18 -> DOOR_26 -> O16 -> N16 -> M16 -> K16 -> J16 -> I16 -> H16 -> G16 -> F16 -> E16 -> D16 -> C16 -> B16 -> A16 -> EXIT_G,E650:START_R23--R18.5 | E523:Q18.5--R18.5 | E227:DOOR_35--Q18.5 | E483:P18.5--DOOR_35 | E225:DOOR_33--P18.5 | E466:O18.5--DOOR_33 | E465:O18--O18.5 | E432:N18--O18 | E223:DOOR_26--N18 | E463:O16--DOOR_26 | E430:N16--O16 | E394:M16--N16 | E344:K16--M16 | E336:J16--K16 | E320:I16--J16 | E298:H16--I16 | E268:G16--H16 | E260:F16--G16 | E236:E16--F16 | E212:D16--E16 | E187:C16--D16 | E167:B16--C16 | E007:A16--B16 | E008:A16--EXIT_G
R23__EXIT_H,R23,Meeting Room A,START_R23,EXIT_H,10,18.5,19,START_R23 -> R18.5 -> S18.5 -> DOOR_34 -> U18.5 -> U18 -> U17 -> U16 -> V16 -> W16 -> X16 -> Y16 -> Z16 -> AA16 -> AB16 -> AC16 -> AD16 -> AE16 -> AF16 -> EXIT_H,E650:START_R23--R18.5 | E555:R18.5--S18.5 | E575:S18.5--DOOR_34 | E226:DOOR_34--U18.5 | E701:U18--U18.5 | E700:U17--U18 | E698:U16--U17 | E699:U16--V16 | E715:V16--W16 | E734:W16--X16 | E756:X16--Y16 | E773:Y16--Z16 | E038:AA16--Z16 | E037:AA16--AB16 | E063:AB16--AC16 | E081:AC16--AD16 | E101:AD16--AE16 | E133:AE16--AF16 | E151:AF16--EXIT_H
R23__EXIT_A,R23,Meeting Room A,START_R23,EXIT_A,10,25.5,27,START_R23 -> R18.5 -> Q18.5 -> DOOR_35 -> P18.5 -> DOOR_33 -> O18.5 -> N18.5 -> M18.5 -> DOOR_32 -> K18.5 -> K19 -> K20 -> K21 -> K22 -> J22 -> I22 -> H22 -> G22 -> F22 -> E22 -> D22 -> C22 -> DOOR_44 -> C24 -> START_R28 -> C26 -> EXIT_A,E650:START_R23--R18.5 | E523:Q18.5--R18.5 | E227:DOOR_35--Q18.5 | E483:P18.5--DOOR_35 | E225:DOOR_33--P18.5 | E466:O18.5--DOOR_33 | E434:N18.5--O18.5 | E398:M18.5--N18.5 | E224:DOOR_32--M18.5 | E347:K18.5--DOOR_32 | E348:K18.5--K19 | E349:K19--K20 | E352:K20--K21 | E354:K21--K22 | E337:J22--K22 | E324:I22--J22 | E307:H22--I22 | E276:G22--H22 | E261:F22--G22 | E241:E22--F22 | E219:D22--E22 | E193:C22--D22 | E195:C22--DOOR_44 | E197:C24--DOOR_44 | E661:START_R28--C24 | E662:START_R28--C26 | E199:C26--EXIT_A
R23__EXIT_F,R23,Meeting Room A,START_R23,EXIT_F,10,11.75,13,START_R23 -> R18.5 -> Q18.5 -> DOOR_35 -> P18.5 -> P19 -> P20 -> P21 -> P22 -> P23 -> P24 -> P25 -> P26 -> EXIT_F,E650:START_R23--R18.5 | E523:Q18.5--R18.5 | E227:DOOR_35--Q18.5 | E483:P18.5--DOOR_35 | E484:P18.5--P19 | E485:P19--P20 | E489:P20--P21 | E492:P21--P22 | E493:P22--P23 | E494:P23--P24 | E496:P24--P25 | E499:P25--P26 | E500:P26--EXIT_F
R23__EXIT_B,R23,Meeting Room A,START_R23,EXIT_B,10,19.5,21,START_R23 -> R18.5 -> S18.5 -> DOOR_34 -> U18.5 -> U19 -> U20 -> U21 -> U22 -> V22 -> W22 -> X22 -> DOOR_49 -> X24 -> START_R32 -> Y25 -> DOOR_51 -> AA25 -> DOOR_53 -> AC25 -> AC26 -> EXIT_B,E650:START_R23--R18.5 | E555:R18.5--S18.5 | E575:S18.5--DOOR_34 | E226:DOOR_34--U18.5 | E702:U18.5--U19 | E703:U19--U20 | E704:U20--U21 | E706:U21--U22 | E708:U22--V22 | E718:V22--W22 | E741:W22--X22 | E761:X22--DOOR_49 | E763:X24--DOOR_49 | E673:START_R32--X24 | E675:START_R32--Y25 | E780:Y25--DOOR_51 | E046:AA25--DOOR_51 | E047:AA25--DOOR_53 | E091:AC25--DOOR_53 | E090:AC25--AC26 | E093:AC26--EXIT_B
R20__EXIT_C,R20,Assistant Principal's Office,START_R20,EXIT_C,3,36.0,34,START_R20 -> C18 -> D18 -> DOOR_31 -> D16 -> E16 -> F16 -> G16 -> H16 -> I16 -> J16 -> K16 -> M16 -> N16 -> N15 -> N13 -> N11 -> N10 -> M10 -> K10 -> J10 -> I10 -> H10 -> G10 -> F10 -> E10 -> E9 -> E8 -> E7 -> E6 -> E5 -> E4 -> E3 -> E2 -> EXIT_C,E189:C18--START_R20 | E188:C18--D18 | E214:D18--DOOR_31 | E211:D16--DOOR_31 | E212:D16--E16 | E236:E16--F16 | E260:F16--G16 | E268:G16--H16 | E298:H16--I16 | E320:I16--J16 | E336:J16--K16 | E344:K16--M16 | E394:M16--N16 | E429:N15--N16 | E428:N13--N15 | E427:N11--N13 | E426:N10--N11 | E393:M10--N10 | E339:K10--M10 | E330:J10--K10 | E317:I10--J10 | E292:H10--I10 | E262:G10--H10 | E257:F10--G10 | E231:E10--F10 | E230:E10--E9 | E256:E8--E9 | E255:E7--E8 | E252:E6--E7 | E251:E5--E6 | E250:E4--E5 | E249:E3--E4 | E239:E2--E3 | E240:E2--EXIT_C
R20__EXIT_D,R20,Assistant Principal's Office,START_R20,EXIT_D,3,30.0,27,START_R20 -> C18 -> D18 -> DOOR_31 -> D16 -> E16 -> F16 -> G16 -> H16 -> I16 -> J16 -> K16 -> M16 -> N16 -> O16 -> O15 -> O13 -> O11 -> O10 -> O8 -> O7 -> O6 -> P6 -> P5 -> P4 -> P3 -> P2 -> EXIT_D,E189:C18--START_R20 | E188:C18--D18 | E214:D18--DOOR_31 | E211:D16--DOOR_31 | E212:D16--E16 | E236:E16--F16 | E260:F16--G16 | E268:G16--H16 | E298:H16--I16 | E320:I16--J16 | E336:J16--K16 | E344:K16--M16 | E394:M16--N16 | E430:N16--O16 | E462:O15--O16 | E461:O13--O15 | E460:O11--O13 | E458:O10--O11 | E459:O10--O8 | E479:O7--O8 | E477:O6--O7 | E478:O6--P6 | E505:P5--P6 | E503:P4--P5 | E501:P3--P4 | E487:P2--P3 | E486:P2--EXIT_D
R20__EXIT_E,R20,Assistant Principal's Office,START_R20,EXIT_E,3,39.5,37,START_R20 -> C18 -> D18 -> DOOR_31 -> D16 -> E16 -> F16 -> G16 -> H16 -> I16 -> J16 -> K16 -> M16 -> N16 -> O16 -> DOOR_27 -> Q16 -> Q15 -> Q13 -> Q11 -> Q10 -> R10 -> S10 -> T10 -> U10 -> V10 -> W10 -> X10 -> Y10 -> Y9 -> Y8 -> Y7 -> Y6 -> Y5 -> Y4 -> Y3 -> Y2 -> EXIT_E,E189:C18--START_R20 | E188:C18--D18 | E214:D18--DOOR_31 | E211:D16--DOOR_31 | E212:D16--E16 | E236:E16--F16 | E260:F16--G16 | E268:G16--H16 | E298:H16--I16 | E320:I16--J16 | E336:J16--K16 | E344:K16--M16 | E394:M16--N16 | E430:N16--O16 | E464:O16--DOOR_27 | E518:Q16--DOOR_27 | E517:Q15--Q16 | E516:Q13--Q15 | E515:Q11--Q13 | E513:Q10--Q11 | E514:Q10--R10 | E545:R10--S10 | E568:S10--T10 | E679:T10--U10 | E692:U10--V10 | E710:V10--W10 | E731:W10--X10 | E749:X10--Y10 | E767:Y10--Y9 | E791:Y8--Y9 | E790:Y7--Y8 | E787:Y6--Y7 | E786:Y5--Y6 | E785:Y4--Y5 | E784:Y3--Y4 | E777:Y2--Y3 | E776:Y2--EXIT_E
R20__EXIT_G,R20,Assistant Principal's Office,START_R20,EXIT_G,3,8.0,8,START_R20 -> C18 -> D18 -> DOOR_31 -> D16 -> C16 -> B16 -> A16 -> EXIT_G,E189:C18--START_R20 | E188:C18--D18 | E214:D18--DOOR_31 | E211:D16--DOOR_31 | E187:C16--D16 | E167:B16--C16 | E007:A16--B16 | E008:A16--EXIT_G
R20__EXIT_H,R20,Assistant Principal's Office,START_R20,EXIT_H,3,32.5,32,START_R20 -> C18 -> D18 -> DOOR_31 -> D16 -> E16 -> F16 -> G16 -> H16 -> I16 -> J16 -> K16 -> M16 -> N16 -> O16 -> DOOR_27 -> Q16 -> R16 -> S16 -> T16 -> U16 -> V16 -> W16 -> X16 -> Y16 -> Z16 -> AA16 -> AB16 -> AC16 -> AD16 -> AE16 -> AF16 -> EXIT_H,E189:C18--START_R20 | E188:C18--D18 | E214:D18--DOOR_31 | E211:D16--DOOR_31 | E212:D16--E16 | E236:E16--F16 | E260:F16--G16 | E268:G16--H16 | E298:H16--I16 | E320:I16--J16 | E336:J16--K16 | E344:K16--M16 | E394:M16--N16 | E430:N16--O16 | E464:O16--DOOR_27 | E518:Q16--DOOR_27 | E519:Q16--R16 | E551:R16--S16 | E573:S16--T16 | E682:T16--U16 | E699:U16--V16 | E715:V16--W16 | E734:W16--X16 | E756:X16--Y16 | E773:Y16--Z16 | E038:AA16--Z16 | E037:AA16--AB16 | E063:AB16--AC16 | E081:AC16--AD16 | E101:AD16--AE16 | E133:AE16--AF16 | E151:AF16--EXIT_H
R20__EXIT_A,R20,Assistant Principal's Office,START_R20,EXIT_A,3,8.0,8,START_R20 -> C20 -> DOOR_37 -> C22 -> DOOR_44 -> C24 -> START_R28 -> C26 -> EXIT_A,E644:START_R20--C20 | E192:C20--DOOR_37 | E194:C22--DOOR_37 | E195:C22--DOOR_44 | E197:C24--DOOR_44 | E661:START_R28--C24 | E662:START_R28--C26 | E199:C26--EXIT_A
R20__EXIT_F,R20,Assistant Principal's Office,START_R20,EXIT_F,3,21.0,21,START_R20 -> C20 -> DOOR_37 -> C22 -> D22 -> E22 -> F22 -> G22 -> H22 -> I22 -> J22 -> K22 -> K23 -> L23 -> M23 -> N23 -> O23 -> P23 -> P24 -> P25 -> P26 -> EXIT_F,E644:START_R20--C20 | E192:C20--DOOR_37 | E194:C22--DOOR_37 | E193:C22--D22 | E219:D22--E22 | E241:E22--F22 | E261:F22--G22 | E276:G22--H22 | E307:H22--I22 | E324:I22--J22 | E337:J22--K22 | E355:K22--K23 | E356:K23--L23 | E377:L23--M23 | E409:M23--N23 | E441:N23--O23 | E473:O23--P23 | E494:P23--P24 | E496:P24--P25 | E499:P25--P26 | E500:P26--EXIT_F
R20__EXIT_B,R20,Assistant Principal's Office,START_R20,EXIT_B,3,35.5,36,START_R20 -> C20 -> DOOR_37 -> C22 -> D22 -> E22 -> F22 -> G22 -> H22 -> I22 -> J22 -> K22 -> K23 -> L23 -> M23 -> N23 -> O23 -> P23 -> Q23 -> R23 -> S23 -> T23 -> U23 -> U22 -> V22 -> W22 -> X22 -> DOOR_49 -> X24 -> START_R32 -> Y25 -> DOOR_51 -> AA25 -> DOOR_53 -> AC25 -> AC26 -> EXIT_B,E644:START_R20--C20 | E192:C20--DOOR_37 | E194:C22--DOOR_37 | E193:C22--D22 | E219:D22--E22 | E241:E22--F22 | E261:F22--G22 | E276:G22--H22 | E307:H22--I22 | E324:I22--J22 | E337:J22--K22 | E355:K22--K23 | E356:K23--L23 | E377:L23--M23 | E409:M23--N23 | E441:N23--O23 | E473:O23--P23 | E495:P23--Q23 | E533:Q23--R23 | E560:R23--S23 | E583:S23--T23 | E684:T23--U23 | E707:U22--U23 | E708:U22--V22 | E718:V22--W22 | E741:W22--X22 | E761:X22--DOOR_49 | E763:X24--DOOR_49 | E673:START_R32--X24 | E675:START_R32--Y25 | E780:Y25--DOOR_51 | E046:AA25--DOOR_51 | E047:AA25--DOOR_53 | E091:AC25--DOOR_53 | E090:AC25--AC26 | E093:AC26--EXIT_B
R21__EXIT_C,R21,Conference Room A,START_R21,EXIT_C,10,31.0,29,START_R21 -> H18 -> DOOR_29 -> H16 -> I16 -> J16 -> K16 -> M16 -> N16 -> N15 -> N13 -> N11 -> N10 -> M10 -> K10 -> J10 -> I10 -> H10 -> G10 -> F10 -> E10 -> E9 -> E8 -> E7 -> E6 -> E5 -> E4 -> E3 -> E2 -> EXIT_C,E646:START_R21--H18 | E299:H18--DOOR_29 | E297:H16--DOOR_29 | E298:H16--I16 | E320:I16--J16 | E336:J16--K16 | E344:K16--M16 | E394:M16--N16 | E429:N15--N16 | E428:N13--N15 | E427:N11--N13 | E426:N10--N11 | E393:M10--N10 | E339:K10--M10 | E330:J10--K10 | E317:I10--J10 | E292:H10--I10 | E262:G10--H10 | E257:F10--G10 | E231:E10--F10 | E230:E10--E9 | E256:E8--E9 | E255:E7--E8 | E252:E6--E7 | E251:E5--E6 | E250:E4--E5 | E249:E3--E4 | E239:E2--E3 | E240:E2--EXIT_C
R21__EXIT_D,R21,Conference Room A,START_R21,EXIT_D,10,25.0,22,START_R21 -> H18 -> DOOR_29 -> H16 -> I16 -> J16 -> K16 -> M16 -> N16 -> O16 -> O15 -> O13 -> O11 -> O10 -> O8 -> O7 -> O6 -> P6 -> P5 -> P4 -> P3 -> P2 -> EXIT_D,E646:START_R21--H18 | E299:H18--DOOR_29 | E297:H16--DOOR_29 | E298:H16--I16 | E320:I16--J16 | E336:J16--K16 | E344:K16--M16 | E394:M16--N16 | E430:N16--O16 | E462:O15--O16 | E461:O13--O15 | E460:O11--O13 | E458:O10--O11 | E459:O10--O8 | E479:O7--O8 | E477:O6--O7 | E478:O6--P6 | E505:P5--P6 | E503:P4--P5 | E501:P3--P4 | E487:P2--P3 | E486:P2--EXIT_D
R21__EXIT_E,R21,Conference Room A,START_R21,EXIT_E,10,34.5,32,START_R21 -> H18 -> DOOR_29 -> H16 -> I16 -> J16 -> K16 -> M16 -> N16 -> O16 -> DOOR_27 -> Q16 -> Q15 -> Q13 -> Q11 -> Q10 -> R10 -> S10 -> T10 -> U10 -> V10 -> W10 -> X10 -> Y10 -> Y9 -> Y8 -> Y7 -> Y6 -> Y5 -> Y4 -> Y3 -> Y2 -> EXIT_E,E646:START_R21--H18 | E299:H18--DOOR_29 | E297:H16--DOOR_29 | E298:H16--I16 | E320:I16--J16 | E336:J16--K16 | E344:K16--M16 | E394:M16--N16 | E430:N16--O16 | E464:O16--DOOR_27 | E518:Q16--DOOR_27 | E517:Q15--Q16 | E516:Q13--Q15 | E515:Q11--Q13 | E513:Q10--Q11 | E514:Q10--R10 | E545:R10--S10 | E568:S10--T10 | E679:T10--U10 | E692:U10--V10 | E710:V10--W10 | E731:W10--X10 | E749:X10--Y10 | E767:Y10--Y9 | E791:Y8--Y9 | E790:Y7--Y8 | E787:Y6--Y7 | E786:Y5--Y6 | E785:Y4--Y5 | E784:Y3--Y4 | E777:Y2--Y3 | E776:Y2--EXIT_E
R21__EXIT_G,R21,Conference Room A,START_R21,EXIT_G,10,11.0,11,START_R21 -> H18 -> DOOR_29 -> H16 -> G16 -> F16 -> E16 -> D16 -> C16 -> B16 -> A16 -> EXIT_G,E646:START_R21--H18 | E299:H18--DOOR_29 | E297:H16--DOOR_29 | E268:G16--H16 | E260:F16--G16 | E236:E16--F16 | E212:D16--E16 | E187:C16--D16 | E167:B16--C16 | E007:A16--B16 | E008:A16--EXIT_G
R21__EXIT_H,R21,Conference Room A,START_R21,EXIT_H,10,27.5,27,START_R21 -> H18 -> DOOR_29 -> H16 -> I16 -> J16 -> K16 -> M16 -> N16 -> O16 -> DOOR_27 -> Q16 -> R16 -> S16 -> T16 -> U16 -> V16 -> W16 -> X16 -> Y16 -> Z16 -> AA16 -> AB16 -> AC16 -> AD16 -> AE16 -> AF16 -> EXIT_H,E646:START_R21--H18 | E299:H18--DOOR_29 | E297:H16--DOOR_29 | E298:H16--I16 | E320:I16--J16 | E336:J16--K16 | E344:K16--M16 | E394:M16--N16 | E430:N16--O16 | E464:O16--DOOR_27 | E518:Q16--DOOR_27 | E519:Q16--R16 | E551:R16--S16 | E573:S16--T16 | E682:T16--U16 | E699:U16--V16 | E715:V16--W16 | E734:W16--X16 | E756:X16--Y16 | E773:Y16--Z16 | E038:AA16--Z16 | E037:AA16--AB16 | E063:AB16--AC16 | E081:AC16--AD16 | E101:AD16--AE16 | E133:AE16--AF16 | E151:AF16--EXIT_H
R21__EXIT_A,R21,Conference Room A,START_R21,EXIT_A,10,13.0,13,START_R21 -> H20 -> DOOR_38 -> H22 -> G22 -> F22 -> E22 -> D22 -> C22 -> DOOR_44 -> C24 -> START_R28 -> C26 -> EXIT_A,E647:START_R21--H20 | E303:H20--DOOR_38 | E305:H22--DOOR_38 | E276:G22--H22 | E261:F22--G22 | E241:E22--F22 | E219:D22--E22 | E193:C22--D22 | E195:C22--DOOR_44 | E197:C24--DOOR_44 | E661:START_R28--C24 | E662:START_R28--C26 | E199:C26--EXIT_A
R21__EXIT_F,R21,Conference Room A,START_R21,EXIT_F,10,16.0,16,START_R21 -> H20 -> DOOR_38 -> H22 -> I22 -> J22 -> K22 -> K23 -> L23 -> M23 -> N23 -> O23 -> P23 -> P24 -> P25 -> P26 -> EXIT_F,E647:START_R21--H20 | E303:H20--DOOR_38 | E305:H22--DOOR_38 | E307:H22--I22 | E324:I22--J22 | E337:J22--K22 | E355:K22--K23 | E356:K23--L23 | E377:L23--M23 | E409:M23--N23 | E441:N23--O23 | E473:O23--P23 | E494:P23--P24 | E496:P24--P25 | E499:P25--P26 | E500:P26--EXIT_F
R21__EXIT_B,R21,Conference Room A,START_R21,EXIT_B,10,30.5,31,START_R21 -> H20 -> DOOR_38 -> H22 -> I22 -> J22 -> K22 -> K23 -> L23 -> M23 -> N23 -> O23 -> P23 -> Q23 -> R23 -> S23 -> T23 -> U23 -> U22 -> V22 -> W22 -> X22 -> DOOR_49 -> X24 -> START_R32 -> Y25 -> DOOR_51 -> AA25 -> DOOR_53 -> AC25 -> AC26 -> EXIT_B,E647:START_R21--H20 | E303:H20--DOOR_38 | E305:H22--DOOR_38 | E307:H22--I22 | E324:I22--J22 | E337:J22--K22 | E355:K22--K23 | E356:K23--L23 | E377:L23--M23 | E409:M23--N23 | E441:N23--O23 | E473:O23--P23 | E495:P23--Q23 | E533:Q23--R23 | E560:R23--S23 | E583:S23--T23 | E684:T23--U23 | E707:U22--U23 | E708:U22--V22 | E718:V22--W22 | E741:W22--X22 | E761:X22--DOOR_49 | E763:X24--DOOR_49 | E673:START_R32--X24 | E675:START_R32--Y25 | E780:Y25--DOOR_51 | E046:AA25--DOOR_51 | E047:AA25--DOOR_53 | E091:AC25--DOOR_53 | E090:AC25--AC26 | E093:AC26--EXIT_B
R24__EXIT_C,R24,Meeting Room B,START_R24,EXIT_C,10,36.5,34,START_R24 -> X18 -> DOOR_30 -> X16 -> W16 -> V16 -> U16 -> T16 -> S16 -> R16 -> Q16 -> DOOR_27 -> O16 -> N16 -> N15 -> N13 -> N11 -> N10 -> M10 -> K10 -> J10 -> I10 -> H10 -> G10 -> F10 -> E10 -> E9 -> E8 -> E7 -> E6 -> E5 -> E4 -> E3 -> E2 -> EXIT_C,E651:START_R24--X18 | E757:X18--DOOR_30 | E755:X16--DOOR_30 | E734:W16--X16 | E715:V16--W16 | E699:U16--V16 | E682:T16--U16 | E573:S16--T16 | E551:R16--S16 | E519:Q16--R16 | E518:Q16--DOOR_27 | E464:O16--DOOR_27 | E430:N16--O16 | E429:N15--N16 | E428:N13--N15 | E427:N11--N13 | E426:N10--N11 | E393:M10--N10 | E339:K10--M10 | E330:J10--K10 | E317:I10--J10 | E292:H10--I10 | E262:G10--H10 | E257:F10--G10 | E231:E10--F10 | E230:E10--E9 | E256:E8--E9 | E255:E7--E8 | E252:E6--E7 | E251:E5--E6 | E250:E4--E5 | E249:E3--E4 | E239:E2--E3 | E240:E2--EXIT_C
R24__EXIT_D,R24,Meeting Room B,START_R24,EXIT_D,10,27.5,25,START_R24 -> X18 -> DOOR_30 -> X16 -> W16 -> V16 -> U16 -> T16 -> S16 -> R16 -> Q16 -> DOOR_27 -> O16 -> O15 -> O13 -> O11 -> O10 -> O8 -> O7 -> O6 -> P6 -> P5 -> P4 -> P3 -> P2 -> EXIT_D,E651:START_R24--X18 | E757:X18--DOOR_30 | E755:X16--DOOR_30 | E734:W16--X16 | E715:V16--W16 | E699:U16--V16 | E682:T16--U16 | E573:S16--T16 | E551:R16--S16 | E519:Q16--R16 | E518:Q16--DOOR_27 | E464:O16--DOOR_27 | E462:O15--O16 | E461:O13--O15 | E460:O11--O13 | E458:O10--O11 | E459:O10--O8 | E479:O7--O8 | E477:O6--O7 | E478:O6--P6 | E505:P5--P6 | E503:P4--P5 | E501:P3--P4 | E487:P2--P3 | E486:P2--EXIT_D
R24__EXIT_E,R24,Meeting Room B,START_R24,EXIT_E,10,33.0,31,START_R24 -> X18 -> DOOR_30 -> X16 -> W16 -> V16 -> U16 -> T16 -> S16 -> R16 -> Q16 -> Q15 -> Q13 -> Q11 -> Q10 -> R10 -> S10 -> T10 -> U10 -> V10 -> W10 -> X10 -> Y10 -> Y9 -> Y8 -> Y7 -> Y6 -> Y5 -> Y4 -> Y3 -> Y2 -> EXIT_E,E651:START_R24--X18 | E757:X18--DOOR_30 | E755:X16--DOOR_30 | E734:W16--X16 | E715:V16--W16 | E699:U16--V16 | E682:T16--U16 | E573:S16--T16 | E551:R16--S16 | E519:Q16--R16 | E517:Q15--Q16 | E516:Q13--Q15 | E515:Q11--Q13 | E513:Q10--Q11 | E514:Q10--R10 | E545:R10--S10 | E568:S10--T10 | E679:T10--U10 | E692:U10--V10 | E710:V10--W10 | E731:W10--X10 | E749:X10--Y10 | E767:Y10--Y9 | E791:Y8--Y9 | E790:Y7--Y8 | E787:Y6--Y7 | E786:Y5--Y6 | E785:Y4--Y5 | E784:Y3--Y4 | E777:Y2--Y3 | E776:Y2--EXIT_E
R24__EXIT_G,R24,Meeting Room B,START_R24,EXIT_G,10,26.5,26,START_R24 -> X18 -> DOOR_30 -> X16 -> W16 -> V16 -> U16 -> T16 -> S16 -> R16 -> Q16 -> DOOR_27 -> O16 -> N16 -> M16 -> K16 -> J16 -> I16 -> H16 -> G16 -> F16 -> E16 -> D16 -> C16 -> B16 -> A16 -> EXIT_G,E651:START_R24--X18 | E757:X18--DOOR_30 | E755:X16--DOOR_30 | E734:W16--X16 | E715:V16--W16 | E699:U16--V16 | E682:T16--U16 | E573:S16--T16 | E551:R16--S16 | E519:Q16--R16 | E518:Q16--DOOR_27 | E464:O16--DOOR_27 | E430:N16--O16 | E394:M16--N16 | E344:K16--M16 | E336:J16--K16 | E320:I16--J16 | E298:H16--I16 | E268:G16--H16 | E260:F16--G16 | E236:E16--F16 | E212:D16--E16 | E187:C16--D16 | E167:B16--C16 | E007:A16--B16 | E008:A16--EXIT_G
R24__EXIT_H,R24,Meeting Room B,START_R24,EXIT_H,10,12.0,12,START_R24 -> X18 -> DOOR_30 -> X16 -> Y16 -> Z16 -> AA16 -> AB16 -> AC16 -> AD16 -> AE16 -> AF16 -> EXIT_H,E651:START_R24--X18 | E757:X18--DOOR_30 | E755:X16--DOOR_30 | E756:X16--Y16 | E773:Y16--Z16 | E038:AA16--Z16 | E037:AA16--AB16 | E063:AB16--AC16 | E081:AC16--AD16 | E101:AD16--AE16 | E133:AE16--AF16 | E151:AF16--EXIT_H
R24__EXIT_A,R24,Meeting Room B,START_R24,EXIT_A,10,30.5,31,START_R24 -> X20 -> DOOR_39 -> X22 -> W22 -> V22 -> U22 -> U23 -> T23 -> S23 -> R23 -> Q23 -> P23 -> O23 -> N23 -> M23 -> L23 -> K23 -> K22 -> J22 -> I22 -> H22 -> G22 -> F22 -> E22 -> D22 -> C22 -> DOOR_44 -> C24 -> START_R28 -> C26 -> EXIT_A,E652:START_R24--X20 | E759:X20--DOOR_39 | E228:DOOR_39--X22 | E741:W22--X22 | E718:V22--W22 | E708:U22--V22 | E707:U22--U23 | E684:T23--U23 | E583:S23--T23 | E560:R23--S23 | E533:Q23--R23 | E495:P23--Q23 | E473:O23--P23 | E441:N23--O23 | E409:M23--N23 | E377:L23--M23 | E356:K23--L23 | E355:K22--K23 | E337:J22--K22 | E324:I22--J22 | E307:H22--I22 | E276:G22--H22 | E261:F22--G22 | E241:E22--F22 | E219:D22--E22 | E193:C22--D22 | E195:C22--DOOR_44 | E197:C24--DOOR_44 | E661:START_R28--C24 | E662:START_R28--C26 | E199:C26--EXIT_A
R24__EXIT_F,R24,Meeting Room B,START_R24,EXIT_F,10,15.5,16,START_R24 -> X20 -> DOOR_39 -> X22 -> W22 -> V22 -> U22 -> U23 -> T23 -> S23 -> R23 -> Q23 -> P23 -> P24 -> P25 -> P26 -> EXIT_F,E652:START_R24--X20 | E759:X20--DOOR_39 | E228:DOOR_39--X22 | E741:W22--X22 | E718:V22--W22 | E708:U22--V22 | E707:U22--U23 | E684:T23--U23 | E583:S23--T23 | E560:R23--S23 | E533:Q23--R23 | E495:P23--Q23 | E494:P23--P24 | E496:P24--P25 | E499:P25--P26 | E500:P26--EXIT_F
R24__EXIT_B,R24,Meeting Room B,START_R24,EXIT_B,10,13.0,13,START_R24 -> X20 -> DOOR_39 -> X22 -> DOOR_49 -> X24 -> START_R32 -> Y25 -> DOOR_51 -> AA25 -> DOOR_53 -> AC25 -> AC26 -> EXIT_B,E652:START_R24--X20 | E759:X20--DOOR_39 | E228:DOOR_39--X22 | E761:X22--DOOR_49 | E763:X24--DOOR_49 | E673:START_R32--X24 | E675:START_R32--Y25 | E780:Y25--DOOR_51 | E046:AA25--DOOR_51 | E047:AA25--DOOR_53 | E091:AC25--DOOR_53 | E090:AC25--AC26 | E093:AC26--EXIT_B
R25__EXIT_C,R25,Faculty Training Room,START_R25,EXIT_C,10,42.5,40,START_R25 -> AD18 -> DOOR_28 -> AD16 -> AC16 -> AB16 -> AA16 -> Z16 -> Y16 -> X16 -> W16 -> V16 -> U16 -> T16 -> S16 -> R16 -> Q16 -> DOOR_27 -> O16 -> N16 -> N15 -> N13 -> N11 -> N10 -> M10 -> K10 -> J10 -> I10 -> H10 -> G10 -> F10 -> E10 -> E9 -> E8 -> E7 -> E6 -> E5 -> E4 -> E3 -> E2 -> EXIT_C,E105:AD18--START_R25 | E104:AD18--DOOR_28 | E102:AD16--DOOR_28 | E081:AC16--AD16 | E063:AB16--AC16 | E037:AA16--AB16 | E038:AA16--Z16 | E773:Y16--Z16 | E756:X16--Y16 | E734:W16--X16 | E715:V16--W16 | E699:U16--V16 | E682:T16--U16 | E573:S16--T16 | E551:R16--S16 | E519:Q16--R16 | E518:Q16--DOOR_27 | E464:O16--DOOR_27 | E430:N16--O16 | E429:N15--N16 | E428:N13--N15 | E427:N11--N13 | E426:N10--N11 | E393:M10--N10 | E339:K10--M10 | E330:J10--K10 | E317:I10--J10 | E292:H10--I10 | E262:G10--H10 | E257:F10--G10 | E231:E10--F10 | E230:E10--E9 | E256:E8--E9 | E255:E7--E8 | E252:E6--E7 | E251:E5--E6 | E250:E4--E5 | E249:E3--E4 | E239:E2--E3 | E240:E2--EXIT_C
R25__EXIT_D,R25,Faculty Training Room,START_R25,EXIT_D,10,33.5,31,START_R25 -> AD18 -> DOOR_28 -> AD16 -> AC16 -> AB16 -> AA16 -> Z16 -> Y16 -> X16 -> W16 -> V16 -> U16 -> T16 -> S16 -> R16 -> Q16 -> DOOR_27 -> O16 -> O15 -> O13 -> O11 -> O10 -> O8 -> O7 -> O6 -> P6 -> P5 -> P4 -> P3 -> P2 -> EXIT_D,E105:AD18--START_R25 | E104:AD18--DOOR_28 | E102:AD16--DOOR_28 | E081:AC16--AD16 | E063:AB16--AC16 | E037:AA16--AB16 | E038:AA16--Z16 | E773:Y16--Z16 | E756:X16--Y16 | E734:W16--X16 | E715:V16--W16 | E699:U16--V16 | E682:T16--U16 | E573:S16--T16 | E551:R16--S16 | E519:Q16--R16 | E518:Q16--DOOR_27 | E464:O16--DOOR_27 | E462:O15--O16 | E461:O13--O15 | E460:O11--O13 | E458:O10--O11 | E459:O10--O8 | E479:O7--O8 | E477:O6--O7 | E478:O6--P6 | E505:P5--P6 | E503:P4--P5 | E501:P3--P4 | E487:P2--P3 | E486:P2--EXIT_D
R25__EXIT_E,R25,Faculty Training Room,START_R25,EXIT_E,10,39.0,37,START_R25 -> AD18 -> DOOR_28 -> AD16 -> AC16 -> AB16 -> AA16 -> Z16 -> Y16 -> X16 -> W16 -> V16 -> U16 -> T16 -> S16 -> R16 -> Q16 -> Q15 -> Q13 -> Q11 -> Q10 -> R10 -> S10 -> T10 -> U10 -> V10 -> W10 -> X10 -> Y10 -> Y9 -> Y8 -> Y7 -> Y6 -> Y5 -> Y4 -> Y3 -> Y2 -> EXIT_E,E105:AD18--START_R25 | E104:AD18--DOOR_28 | E102:AD16--DOOR_28 | E081:AC16--AD16 | E063:AB16--AC16 | E037:AA16--AB16 | E038:AA16--Z16 | E773:Y16--Z16 | E756:X16--Y16 | E734:W16--X16 | E715:V16--W16 | E699:U16--V16 | E682:T16--U16 | E573:S16--T16 | E551:R16--S16 | E519:Q16--R16 | E517:Q15--Q16 | E516:Q13--Q15 | E515:Q11--Q13 | E513:Q10--Q11 | E514:Q10--R10 | E545:R10--S10 | E568:S10--T10 | E679:T10--U10 | E692:U10--V10 | E710:V10--W10 | E731:W10--X10 | E749:X10--Y10 | E767:Y10--Y9 | E791:Y8--Y9 | E790:Y7--Y8 | E787:Y6--Y7 | E786:Y5--Y6 | E785:Y4--Y5 | E784:Y3--Y4 | E777:Y2--Y3 | E776:Y2--EXIT_E
R25__EXIT_G,R25,Faculty Training Room,START_R25,EXIT_G,10,32.5,32,START_R25 -> AD18 -> DOOR_28 -> AD16 -> AC16 -> AB16 -> AA16 -> Z16 -> Y16 -> X16 -> W16 -> V16 -> U16 -> T16 -> S16 -> R16 -> Q16 -> DOOR_27 -> O16 -> N16 -> M16 -> K16 -> J16 -> I16 -> H16 -> G16 -> F16 -> E16 -> D16 -> C16 -> B16 -> A16 -> EXIT_G,E105:AD18--START_R25 | E104:AD18--DOOR_28 | E102:AD16--DOOR_28 | E081:AC16--AD16 | E063:AB16--AC16 | E037:AA16--AB16 | E038:AA16--Z16 | E773:Y16--Z16 | E756:X16--Y16 | E734:W16--X16 | E715:V16--W16 | E699:U16--V16 | E682:T16--U16 | E573:S16--T16 | E551:R16--S16 | E519:Q16--R16 | E518:Q16--DOOR_27 | E464:O16--DOOR_27 | E430:N16--O16 | E394:M16--N16 | E344:K16--M16 | E336:J16--K16 | E320:I16--J16 | E298:H16--I16 | E268:G16--H16 | E260:F16--G16 | E236:E16--F16 | E212:D16--E16 | E187:C16--D16 | E167:B16--C16 | E007:A16--B16 | E008:A16--EXIT_G
R25__EXIT_H,R25,Faculty Training Room,START_R25,EXIT_H,10,6.0,6,START_R25 -> AD18 -> DOOR_28 -> AD16 -> AE16 -> AF16 -> EXIT_H,E105:AD18--START_R25 | E104:AD18--DOOR_28 | E102:AD16--DOOR_28 | E101:AD16--AE16 | E133:AE16--AF16 | E151:AF16--EXIT_H
R25__EXIT_A,R25,Faculty Training Room,START_R25,EXIT_A,10,35.5,36,START_R25 -> AD20 -> DOOR_36 -> AD22 -> AB22 -> AA22 -> Z22 -> Y22 -> X22 -> W22 -> V22 -> U22 -> U23 -> T23 -> S23 -> R23 -> Q23 -> P23 -> O23 -> N23 -> M23 -> L23 -> K23 -> K22 -> J22 -> I22 -> H22 -> G22 -> F22 -> E22 -> D22 -> C22 -> DOOR_44 -> C24 -> START_R28 -> C26 -> EXIT_A,E655:START_R25--AD20 | E109:AD20--DOOR_36 | E111:AD22--DOOR_36 | E071:AB22--AD22 | E041:AA22--AB22 | E042:AA22--Z22 | E778:Y22--Z22 | E762:X22--Y22 | E741:W22--X22 | E718:V22--W22 | E708:U22--V22 | E707:U22--U23 | E684:T23--U23 | E583:S23--T23 | E560:R23--S23 | E533:Q23--R23 | E495:P23--Q23 | E473:O23--P23 | E441:N23--O23 | E409:M23--N23 | E377:L23--M23 | E356:K23--L23 | E355:K22--K23 | E337:J22--K22 | E324:I22--J22 | E307:H22--I22 | E276:G22--H22 | E261:F22--G22 | E241:E22--F22 | E219:D22--E22 | E193:C22--D22 | E195:C22--DOOR_44 | E197:C24--DOOR_44 | E661:START_R28--C24 | E662:START_R28--C26 | E199:C26--EXIT_A
R25__EXIT_F,R25,Faculty Training Room,START_R25,EXIT_F,10,20.5,21,START_R25 -> AD20 -> DOOR_36 -> AD22 -> AB22 -> AA22 -> Z22 -> Y22 -> X22 -> W22 -> V22 -> U22 -> U23 -> T23 -> S23 -> R23 -> Q23 -> P23 -> P24 -> P25 -> P26 -> EXIT_F,E655:START_R25--AD20 | E109:AD20--DOOR_36 | E111:AD22--DOOR_36 | E071:AB22--AD22 | E041:AA22--AB22 | E042:AA22--Z22 | E778:Y22--Z22 | E762:X22--Y22 | E741:W22--X22 | E718:V22--W22 | E708:U22--V22 | E707:U22--U23 | E684:T23--U23 | E583:S23--T23 | E560:R23--S23 | E533:Q23--R23 | E495:P23--Q23 | E494:P23--P24 | E496:P24--P25 | E499:P25--P26 | E500:P26--EXIT_F
R25__EXIT_B,R25,Faculty Training Room,START_R25,EXIT_B,10,9.0,9,START_R25 -> AD20 -> DOOR_36 -> AD22 -> DOOR_47 -> AD24 -> AC24 -> AC25 -> AC26 -> EXIT_B,E655:START_R25--AD20 | E109:AD20--DOOR_36 | E111:AD22--DOOR_36 | E112:AD22--DOOR_47 | E114:AD24--DOOR_47 | E089:AC24--AD24 | E088:AC24--AC25 | E090:AC25--AC26 | E093:AC26--EXIT_B
R26__EXIT_C,R26,Staff Break Room,START_R26,EXIT_C,6,35.75,34,START_R26 -> M21 -> DOOR_40 -> K21 -> K20 -> K19 -> K18.5 -> DOOR_32 -> M18.5 -> M18 -> N18 -> DOOR_26 -> O16 -> N16 -> N15 -> N13 -> N11 -> N10 -> M10 -> K10 -> J10 -> I10 -> H10 -> G10 -> F10 -> E10 -> E9 -> E8 -> E7 -> E6 -> E5 -> E4 -> E3 -> E2 -> EXIT_C,E406:M21--START_R26 | E404:M21--DOOR_40 | E353:K21--DOOR_40 | E352:K20--K21 | E349:K19--K20 | E348:K18.5--K19 | E347:K18.5--DOOR_32 | E224:DOOR_32--M18.5 | E395:M18--M18.5 | E396:M18--N18 | E223:DOOR_26--N18 | E463:O16--DOOR_26 | E430:N16--O16 | E429:N15--N16 | E428:N13--N15 | E427:N11--N13 | E426:N10--N11 | E393:M10--N10 | E339:K10--M10 | E330:J10--K10 | E317:I10--J10 | E292:H10--I10 | E262:G10--H10 | E257:F10--G10 | E231:E10--F10 | E230:E10--E9 | E256:E8--E9 | E255:E7--E8 | E252:E6--E7 | E251:E5--E6 | E250:E4--E5 | E249:E3--E4 | E239:E2--E3 | E240:E2--EXIT_C
R26__EXIT_D,R26,Staff Break Room,START_R26,EXIT_D,6,26.75,25,START_R26 -> M21 -> DOOR_40 -> K21 -> K20 -> K19 -> K18.5 -> DOOR_32 -> M18.5 -> M18 -> N18 -> DOOR_26 -> O16 -> O15 -> O13 -> O11 -> O10 -> O8 -> O7 -> O6 -> P6 -> P5 -> P4 -> P3 -> P2 -> EXIT_D,E406:M21--START_R26 | E404:M21--DOOR_40 | E353:K21--DOOR_40 | E352:K20--K21 | E349:K19--K20 | E348:K18.5--K19 | E347:K18.5--DOOR_32 | E224:DOOR_32--M18.5 | E395:M18--M18.5 | E396:M18--N18 | E223:DOOR_26--N18 | E463:O16--DOOR_26 | E462:O15--O16 | E461:O13--O15 | E460:O11--O13 | E458:O10--O11 | E459:O10--O8 | E479:O7--O8 | E477:O6--O7 | E478:O6--P6 | E505:P5--P6 | E503:P4--P5 | E501:P3--P4 | E487:P2--P3 | E486:P2--EXIT_D
R26__EXIT_E,R26,Staff Break Room,START_R26,EXIT_E,6,36.25,35,START_R26 -> M21 -> DOOR_40 -> K21 -> K20 -> K19 -> K18.5 -> DOOR_32 -> M18.5 -> M18 -> N18 -> DOOR_26 -> O16 -> DOOR_27 -> Q16 -> Q15 -> Q13 -> Q11 -> Q10 -> R10 -> S10 -> T10 -> U10 -> V10 -> W10 -> X10 -> Y10 -> Y9 -> Y8 -> Y7 -> Y6 -> Y5 -> Y4 -> Y3 -> Y2 -> EXIT_E,E406:M21--START_R26 | E404:M21--DOOR_40 | E353:K21--DOOR_40 | E352:K20--K21 | E349:K19--K20 | E348:K18.5--K19 | E347:K18.5--DOOR_32 | E224:DOOR_32--M18.5 | E395:M18--M18.5 | E396:M18--N18 | E223:DOOR_26--N18 | E463:O16--DOOR_26 | E464:O16--DOOR_27 | E518:Q16--DOOR_27 | E517:Q15--Q16 | E516:Q13--Q15 | E515:Q11--Q13 | E513:Q10--Q11 | E514:Q10--R10 | E545:R10--S10 | E568:S10--T10 | E679:T10--U10 | E692:U10--V10 | E710:V10--W10 | E731:W10--X10 | E749:X10--Y10 | E767:Y10--Y9 | E791:Y8--Y9 | E790:Y7--Y8 | E787:Y6--Y7 | E786:Y5--Y6 | E785:Y4--Y5 | E784:Y3--Y4 | E777:Y2--Y3 | E776:Y2--EXIT_E
R26__EXIT_G,R26,Staff Break Room,START_R26,EXIT_G,6,21.0,21,START_R26 -> M21 -> DOOR_40 -> K21 -> K22 -> J22 -> I22 -> H22 -> DOOR_38 -> H20 -> START_R21 -> H18 -> DOOR_29 -> H16 -> G16 -> F16 -> E16 -> D16 -> C16 -> B16 -> A16 -> EXIT_G,E406:M21--START_R26 | E404:M21--DOOR_40 | E353:K21--DOOR_40 | E354:K21--K22 | E337:J22--K22 | E324:I22--J22 | E307:H22--I22 | E305:H22--DOOR_38 | E303:H20--DOOR_38 | E647:START_R21--H20 | E646:START_R21--H18 | E299:H18--DOOR_29 | E297:H16--DOOR_29 | E268:G16--H16 | E260:F16--G16 | E236:E16--F16 | E212:D16--E16 | E187:C16--D16 | E167:B16--C16 | E007:A16--B16 | E008:A16--EXIT_G
R26__EXIT_H,R26,Staff Break Room,START_R26,EXIT_H,6,26.25,27,START_R26 -> O21 -> DOOR_43 -> P21 -> P20 -> P19 -> P18.5 -> DOOR_35 -> Q18.5 -> R18.5 -> S18.5 -> DOOR_34 -> U18.5 -> U18 -> U17 -> U16 -> V16 -> W16 -> X16 -> Y16 -> Z16 -> AA16 -> AB16 -> AC16 -> AD16 -> AE16 -> AF16 -> EXIT_H,E658:START_R26--O21 | E471:O21--DOOR_43 | E491:P21--DOOR_43 | E489:P20--P21 | E485:P19--P20 | E484:P18.5--P19 | E483:P18.5--DOOR_35 | E227:DOOR_35--Q18.5 | E523:Q18.5--R18.5 | E555:R18.5--S18.5 | E575:S18.5--DOOR_34 | E226:DOOR_34--U18.5 | E701:U18--U18.5 | E700:U17--U18 | E698:U16--U17 | E699:U16--V16 | E715:V16--W16 | E734:W16--X16 | E756:X16--Y16 | E773:Y16--Z16 | E038:AA16--Z16 | E037:AA16--AB16 | E063:AB16--AC16 | E081:AC16--AD16 | E101:AD16--AE16 | E133:AE16--AF16 | E151:AF16--EXIT_H
R26__EXIT_A,R26,Staff Break Room,START_R26,EXIT_A,6,17.0,17,START_R26 -> M21 -> DOOR_40 -> K21 -> K22 -> J22 -> I22 -> H22 -> G22 -> F22 -> E22 -> D22 -> C22 -> DOOR_44 -> C24 -> START_R28 -> C26 -> EXIT_A,E406:M21--START_R26 | E404:M21--DOOR_40 | E353:K21--DOOR_40 | E354:K21--K22 | E337:J22--K22 | E324:I22--J22 | E307:H22--I22 | E276:G22--H22 | E261:F22--G22 | E241:E22--F22 | E219:D22--E22 | E193:C22--D22 | E195:C22--DOOR_44 | E197:C24--DOOR_44 | E661:START_R28--C24 | E662:START_R28--C26 | E199:C26--EXIT_A
R26__EXIT_F,R26,Staff Break Room,START_R26,EXIT_F,6,10.0,9,START_R26 -> O21 -> DOOR_43 -> P21 -> P22 -> P23 -> P24 -> P25 -> P26 -> EXIT_F,E658:START_R26--O21 | E471:O21--DOOR_43 | E491:P21--DOOR_43 | E492:P21--P22 | E493:P22--P23 | E494:P23--P24 | E496:P24--P25 | E499:P25--P26 | E500:P26--EXIT_F
R26__EXIT_B,R26,Staff Break Room,START_R26,EXIT_B,6,23.25,23,START_R26 -> O21 -> DOOR_43 -> P21 -> DOOR_41 -> Q21 -> START_R27 -> S21 -> DOOR_42 -> U21 -> U22 -> V22 -> W22 -> X22 -> DOOR_49 -> X24 -> START_R32 -> Y25 -> DOOR_51 -> AA25 -> DOOR_53 -> AC25 -> AC26 -> EXIT_B,E658:START_R26--O21 | E471:O21--DOOR_43 | E491:P21--DOOR_43 | E490:P21--DOOR_41 | E529:Q21--DOOR_41 | E531:Q21--START_R27 | E660:START_R27--S21 | E580:S21--DOOR_42 | E705:U21--DOOR_42 | E706:U21--U22 | E708:U22--V22 | E718:V22--W22 | E741:W22--X22 | E761:X22--DOOR_49 | E763:X24--DOOR_49 | E673:START_R32--X24 | E675:START_R32--Y25 | E780:Y25--DOOR_51 | E046:AA25--DOOR_51 | E047:AA25--DOOR_53 | E091:AC25--DOOR_53 | E090:AC25--AC26 | E093:AC26--EXIT_B
R27__EXIT_C,R27,IT / Server Room,START_R27,EXIT_C,1,37.25,34,START_R27 -> Q21 -> DOOR_41 -> P21 -> P20 -> P19 -> P18.5 -> DOOR_33 -> O18.5 -> O18 -> N18 -> DOOR_26 -> O16 -> N16 -> N15 -> N13 -> N11 -> N10 -> M10 -> K10 -> J10 -> I10 -> H10 -> G10 -> F10 -> E10 -> E9 -> E8 -> E7 -> E6 -> E5 -> E4 -> E3 -> E2 -> EXIT_C,E531:Q21--START_R27 | E529:Q21--DOOR_41 | E490:P21--DOOR_41 | E489:P20--P21 | E485:P19--P20 | E484:P18.5--P19 | E225:DOOR_33--P18.5 | E466:O18.5--DOOR_33 | E465:O18--O18.5 | E432:N18--O18 | E223:DOOR_26--N18 | E463:O16--DOOR_26 | E430:N16--O16 | E429:N15--N16 | E428:N13--N15 | E427:N11--N13 | E426:N10--N11 | E393:M10--N10 | E339:K10--M10 | E330:J10--K10 | E317:I10--J10 | E292:H10--I10 | E262:G10--H10 | E257:F10--G10 | E231:E10--F10 | E230:E10--E9 | E256:E8--E9 | E255:E7--E8 | E252:E6--E7 | E251:E5--E6 | E250:E4--E5 | E249:E3--E4 | E239:E2--E3 | E240:E2--EXIT_C
R27__EXIT_D,R27,IT / Server Room,START_R27,EXIT_D,1,28.25,25,START_R27 -> Q21 -> DOOR_41 -> P21 -> P20 -> P19 -> P18.5 -> DOOR_33 -> O18.5 -> O18 -> N18 -> DOOR_26 -> O16 -> O15 -> O13 -> O11 -> O10 -> O8 -> O7 -> O6 -> P6 -> P5 -> P4 -> P3 -> P2 -> EXIT_D,E531:Q21--START_R27 | E529:Q21--DOOR_41 | E490:P21--DOOR_41 | E489:P20--P21 | E485:P19--P20 | E484:P18.5--P19 | E225:DOOR_33--P18.5 | E466:O18.5--DOOR_33 | E465:O18--O18.5 | E432:N18--O18 | E223:DOOR_26--N18 | E463:O16--DOOR_26 | E462:O15--O16 | E461:O13--O15 | E460:O11--O13 | E458:O10--O11 | E459:O10--O8 | E479:O7--O8 | E477:O6--O7 | E478:O6--P6 | E505:P5--P6 | E503:P4--P5 | E501:P3--P4 | E487:P2--P3 | E486:P2--EXIT_D
R27__EXIT_E,R27,IT / Server Room,START_R27,EXIT_E,1,35.0,34,START_R27 -> S21 -> DOOR_42 -> U21 -> U20 -> U19 -> U18.5 -> U18 -> U17 -> U16 -> T16 -> S16 -> R16 -> Q16 -> Q15 -> Q13 -> Q11 -> Q10 -> R10 -> S10 -> T10 -> U10 -> V10 -> W10 -> X10 -> Y10 -> Y9 -> Y8 -> Y7 -> Y6 -> Y5 -> Y4 -> Y3 -> Y2 -> EXIT_E,E660:START_R27--S21 | E580:S21--DOOR_42 | E705:U21--DOOR_42 | E704:U20--U21 | E703:U19--U20 | E702:U18.5--U19 | E701:U18--U18.5 | E700:U17--U18 | E698:U16--U17 | E682:T16--U16 | E573:S16--T16 | E551:R16--S16 | E519:Q16--R16 | E517:Q15--Q16 | E516:Q13--Q15 | E515:Q11--Q13 | E513:Q10--Q11 | E514:Q10--R10 | E545:R10--S10 | E568:S10--T10 | E679:T10--U10 | E692:U10--V10 | E710:V10--W10 | E731:W10--X10 | E749:X10--Y10 | E767:Y10--Y9 | E791:Y8--Y9 | E790:Y7--Y8 | E787:Y6--Y7 | E786:Y5--Y6 | E785:Y4--Y5 | E784:Y3--Y4 | E777:Y2--Y3 | E776:Y2--EXIT_E
R27__EXIT_G,R27,IT / Server Room,START_R27,EXIT_G,1,27.25,26,START_R27 -> Q21 -> DOOR_41 -> P21 -> P20 -> P19 -> P18.5 -> DOOR_33 -> O18.5 -> O18 -> N18 -> DOOR_26 -> O16 -> N16 -> M16 -> K16 -> J16 -> I16 -> H16 -> G16 -> F16 -> E16 -> D16 -> C16 -> B16 -> A16 -> EXIT_G,E531:Q21--START_R27 | E529:Q21--DOOR_41 | E490:P21--DOOR_41 | E489:P20--P21 | E485:P19--P20 | E484:P18.5--P19 | E225:DOOR_33--P18.5 | E466:O18.5--DOOR_33 | E465:O18--O18.5 | E432:N18--O18 | E223:DOOR_26--N18 | E463:O16--DOOR_26 | E430:N16--O16 | E394:M16--N16 | E344:K16--M16 | E336:J16--K16 | E320:I16--J16 | E298:H16--I16 | E268:G16--H16 | E260:F16--G16 | E236:E16--F16 | E212:D16--E16 | E187:C16--D16 | E167:B16--C16 | E007:A16--B16 | E008:A16--EXIT_G
R27__EXIT_H,R27,IT / Server Room,START_R27,EXIT_H,1,20.0,21,START_R27 -> S21 -> DOOR_42 -> U21 -> U20 -> U19 -> U18.5 -> U18 -> U17 -> U16 -> V16 -> W16 -> X16 -> Y16 -> Z16 -> AA16 -> AB16 -> AC16 -> AD16 -> AE16 -> AF16 -> EXIT_H,E660:START_R27--S21 | E580:S21--DOOR_42 | E705:U21--DOOR_42 | E704:U20--U21 | E703:U19--U20 | E702:U18.5--U19 | E701:U18--U18.5 | E700:U17--U18 | E698:U16--U17 | E699:U16--V16 | E715:V16--W16 | E734:W16--X16 | E756:X16--Y16 | E773:Y16--Z16 | E038:AA16--Z16 | E037:AA16--AB16 | E063:AB16--AC16 | E081:AC16--AD16 | E101:AD16--AE16 | E133:AE16--AF16 | E151:AF16--EXIT_H
R27__EXIT_A,R27,IT / Server Room,START_R27,EXIT_A,1,23.25,23,START_R27 -> Q21 -> DOOR_41 -> P21 -> DOOR_43 -> O21 -> START_R26 -> M21 -> DOOR_40 -> K21 -> K22 -> J22 -> I22 -> H22 -> G22 -> F22 -> E22 -> D22 -> C22 -> DOOR_44 -> C24 -> START_R28 -> C26 -> EXIT_A,E531:Q21--START_R27 | E529:Q21--DOOR_41 | E490:P21--DOOR_41 | E491:P21--DOOR_43 | E471:O21--DOOR_43 | E658:START_R26--O21 | E406:M21--START_R26 | E404:M21--DOOR_40 | E353:K21--DOOR_40 | E354:K21--K22 | E337:J22--K22 | E324:I22--J22 | E307:H22--I22 | E276:G22--H22 | E261:F22--G22 | E241:E22--F22 | E219:D22--E22 | E193:C22--D22 | E195:C22--DOOR_44 | E197:C24--DOOR_44 | E661:START_R28--C24 | E662:START_R28--C26 | E199:C26--EXIT_A
R27__EXIT_F,R27,IT / Server Room,START_R27,EXIT_F,1,8.25,9,START_R27 -> Q21 -> DOOR_41 -> P21 -> P22 -> P23 -> P24 -> P25 -> P26 -> EXIT_F,E531:Q21--START_R27 | E529:Q21--DOOR_41 | E490:P21--DOOR_41 | E492:P21--P22 | E493:P22--P23 | E494:P23--P24 | E496:P24--P25 | E499:P25--P26 | E500:P26--EXIT_F
R27__EXIT_B,R27,IT / Server Room,START_R27,EXIT_B,1,17.0,17,START_R27 -> S21 -> DOOR_42 -> U21 -> U22 -> V22 -> W22 -> X22 -> DOOR_49 -> X24 -> START_R32 -> Y25 -> DOOR_51 -> AA25 -> DOOR_53 -> AC25 -> AC26 -> EXIT_B,E660:START_R27--S21 | E580:S21--DOOR_42 | E705:U21--DOOR_42 | E706:U21--U22 | E708:U22--V22 | E718:V22--W22 | E741:W22--X22 | E761:X22--DOOR_49 | E763:X24--DOOR_49 | E673:START_R32--X24 | E675:START_R32--Y25 | E780:Y25--DOOR_51 | E046:AA25--DOOR_51 | E047:AA25--DOOR_53 | E091:AC25--DOOR_53 | E090:AC25--AC26 | E093:AC26--EXIT_B
R28__EXIT_C,R28,Copy & Supply Room,START_R28,EXIT_C,2,42.0,40,START_R28 -> C24 -> DOOR_44 -> C22 -> D22 -> E22 -> F22 -> G22 -> H22 -> DOOR_38 -> H20 -> START_R21 -> H18 -> DOOR_29 -> H16 -> I16 -> J16 -> K16 -> M16 -> N16 -> N15 -> N13 -> N11 -> N10 -> M10 -> K10 -> J10 -> I10 -> H10 -> G10 -> F10 -> E10 -> E9 -> E8 -> E7 -> E6 -> E5 -> E4 -> E3 -> E2 -> EXIT_C,E661:START_R28--C24 | E197:C24--DOOR_44 | E195:C22--DOOR_44 | E193:C22--D22 | E219:D22--E22 | E241:E22--F22 | E261:F22--G22 | E276:G22--H22 | E305:H22--DOOR_38 | E303:H20--DOOR_38 | E647:START_R21--H20 | E646:START_R21--H18 | E299:H18--DOOR_29 | E297:H16--DOOR_29 | E298:H16--I16 | E320:I16--J16 | E336:J16--K16 | E344:K16--M16 | E394:M16--N16 | E429:N15--N16 | E428:N13--N15 | E427:N11--N13 | E426:N10--N11 | E393:M10--N10 | E339:K10--M10 | E330:J10--K10 | E317:I10--J10 | E292:H10--I10 | E262:G10--H10 | E257:F10--G10 | E231:E10--F10 | E230:E10--E9 | E256:E8--E9 | E255:E7--E8 | E252:E6--E7 | E251:E5--E6 | E250:E4--E5 | E249:E3--E4 | E239:E2--E3 | E240:E2--EXIT_C
R28__EXIT_D,R28,Copy & Supply Room,START_R28,EXIT_D,2,35.75,34,START_R28 -> C24 -> DOOR_44 -> C22 -> D22 -> E22 -> F22 -> G22 -> H22 -> I22 -> J22 -> K22 -> K21 -> K20 -> K19 -> K18.5 -> DOOR_32 -> M18.5 -> M18 -> N18 -> DOOR_26 -> O16 -> O15 -> O13 -> O11 -> O10 -> O8 -> O7 -> O6 -> P6 -> P5 -> P4 -> P3 -> P2 -> EXIT_D,E661:START_R28--C24 | E197:C24--DOOR_44 | E195:C22--DOOR_44 | E193:C22--D22 | E219:D22--E22 | E241:E22--F22 | E261:F22--G22 | E276:G22--H22 | E307:H22--I22 | E324:I22--J22 | E337:J22--K22 | E354:K21--K22 | E352:K20--K21 | E349:K19--K20 | E348:K18.5--K19 | E347:K18.5--DOOR_32 | E224:DOOR_32--M18.5 | E395:M18--M18.5 | E396:M18--N18 | E223:DOOR_26--N18 | E463:O16--DOOR_26 | E462:O15--O16 | E461:O13--O15 | E460:O11--O13 | E458:O10--O11 | E459:O10--O8 | E479:O7--O8 | E477:O6--O7 | E478:O6--P6 | E505:P5--P6 | E503:P4--P5 | E501:P3--P4 | E487:P2--P3 | E486:P2--EXIT_D
R28__EXIT_E,R28,Copy & Supply Room,START_R28,EXIT_E,2,45.25,44,START_R28 -> C24 -> DOOR_44 -> C22 -> D22 -> E22 -> F22 -> G22 -> H22 -> I22 -> J22 -> K22 -> K21 -> K20 -> K19 -> K18.5 -> DOOR_32 -> M18.5 -> M18 -> N18 -> DOOR_26 -> O16 -> DOOR_27 -> Q16 -> Q15 -> Q13 -> Q11 -> Q10 -> R10 -> S10 -> T10 -> U10 -> V10 -> W10 -> X10 -> Y10 -> Y9 -> Y8 -> Y7 -> Y6 -> Y5 -> Y4 -> Y3 -> Y2 -> EXIT_E,E661:START_R28--C24 | E197:C24--DOOR_44 | E195:C22--DOOR_44 | E193:C22--D22 | E219:D22--E22 | E241:E22--F22 | E261:F22--G22 | E276:G22--H22 | E307:H22--I22 | E324:I22--J22 | E337:J22--K22 | E354:K21--K22 | E352:K20--K21 | E349:K19--K20 | E348:K18.5--K19 | E347:K18.5--DOOR_32 | E224:DOOR_32--M18.5 | E395:M18--M18.5 | E396:M18--N18 | E223:DOOR_26--N18 | E463:O16--DOOR_26 | E464:O16--DOOR_27 | E518:Q16--DOOR_27 | E517:Q15--Q16 | E516:Q13--Q15 | E515:Q11--Q13 | E513:Q10--Q11 | E514:Q10--R10 | E545:R10--S10 | E568:S10--T10 | E679:T10--U10 | E692:U10--V10 | E710:V10--W10 | E731:W10--X10 | E749:X10--Y10 | E767:Y10--Y9 | E791:Y8--Y9 | E790:Y7--Y8 | E787:Y6--Y7 | E786:Y5--Y6 | E785:Y4--Y5 | E784:Y3--Y4 | E777:Y2--Y3 | E776:Y2--EXIT_E
R28__EXIT_G,R28,Copy & Supply Room,START_R28,EXIT_G,2,14.0,14,START_R28 -> C24 -> DOOR_44 -> C22 -> DOOR_37 -> C20 -> D20 -> D19 -> D18 -> DOOR_31 -> D16 -> C16 -> B16 -> A16 -> EXIT_G,E661:START_R28--C24 | E197:C24--DOOR_44 | E195:C22--DOOR_44 | E194:C22--DOOR_37 | E192:C20--DOOR_37 | E191:C20--D20 | E216:D19--D20 | E213:D18--D19 | E214:D18--DOOR_31 | E211:D16--DOOR_31 | E187:C16--D16 | E167:B16--C16 | E007:A16--B16 | E008:A16--EXIT_G
R28__EXIT_H,R28,Copy & Supply Room,START_R28,EXIT_H,2,38.25,39,START_R28 -> C24 -> DOOR_44 -> C22 -> D22 -> E22 -> F22 -> G22 -> H22 -> I22 -> J22 -> K22 -> K21 -> K20 -> K19 -> K18.5 -> DOOR_32 -> M18.5 -> M18 -> N18 -> DOOR_26 -> O16 -> DOOR_27 -> Q16 -> R16 -> S16 -> T16 -> U16 -> V16 -> W16 -> X16 -> Y16 -> Z16 -> AA16 -> AB16 -> AC16 -> AD16 -> AE16 -> AF16 -> EXIT_H,E661:START_R28--C24 | E197:C24--DOOR_44 | E195:C22--DOOR_44 | E193:C22--D22 | E219:D22--E22 | E241:E22--F22 | E261:F22--G22 | E276:G22--H22 | E307:H22--I22 | E324:I22--J22 | E337:J22--K22 | E354:K21--K22 | E352:K20--K21 | E349:K19--K20 | E348:K18.5--K19 | E347:K18.5--DOOR_32 | E224:DOOR_32--M18.5 | E395:M18--M18.5 | E396:M18--N18 | E223:DOOR_26--N18 | E463:O16--DOOR_26 | E464:O16--DOOR_27 | E518:Q16--DOOR_27 | E519:Q16--R16 | E551:R16--S16 | E573:S16--T16 | E682:T16--U16 | E699:U16--V16 | E715:V16--W16 | E734:W16--X16 | E756:X16--Y16 | E773:Y16--Z16 | E038:AA16--Z16 | E037:AA16--AB16 | E063:AB16--AC16 | E081:AC16--AD16 | E101:AD16--AE16 | E133:AE16--AF16 | E151:AF16--EXIT_H
R28__EXIT_A,R28,Copy & Supply Room,START_R28,EXIT_A,2,2.0,2,START_R28 -> C26 -> EXIT_A,E662:START_R28--C26 | E199:C26--EXIT_A
R28__EXIT_F,R28,Copy & Supply Room,START_R28,EXIT_F,2,21.0,21,START_R28 -> C24 -> DOOR_44 -> C22 -> D22 -> E22 -> F22 -> G22 -> H22 -> I22 -> J22 -> K22 -> K23 -> L23 -> M23 -> N23 -> O23 -> P23 -> P24 -> P25 -> P26 -> EXIT_F,E661:START_R28--C24 | E197:C24--DOOR_44 | E195:C22--DOOR_44 | E193:C22--D22 | E219:D22--E22 | E241:E22--F22 | E261:F22--G22 | E276:G22--H22 | E307:H22--I22 | E324:I22--J22 | E337:J22--K22 | E355:K22--K23 | E356:K23--L23 | E377:L23--M23 | E409:M23--N23 | E441:N23--O23 | E473:O23--P23 | E494:P23--P24 | E496:P24--P25 | E499:P25--P26 | E500:P26--EXIT_F
R28__EXIT_B,R28,Copy & Supply Room,START_R28,EXIT_B,2,35.5,36,START_R28 -> C24 -> DOOR_44 -> C22 -> D22 -> E22 -> F22 -> G22 -> H22 -> I22 -> J22 -> K22 -> K23 -> L23 -> M23 -> N23 -> O23 -> P23 -> Q23 -> R23 -> S23 -> T23 -> U23 -> U22 -> V22 -> W22 -> X22 -> DOOR_49 -> X24 -> START_R32 -> Y25 -> DOOR_51 -> AA25 -> DOOR_53 -> AC25 -> AC26 -> EXIT_B,E661:START_R28--C24 | E197:C24--DOOR_44 | E195:C22--DOOR_44 | E193:C22--D22 | E219:D22--E22 | E241:E22--F22 | E261:F22--G22 | E276:G22--H22 | E307:H22--I22 | E324:I22--J22 | E337:J22--K22 | E355:K22--K23 | E356:K23--L23 | E377:L23--M23 | E409:M23--N23 | E441:N23--O23 | E473:O23--P23 | E495:P23--Q23 | E533:Q23--R23 | E560:R23--S23 | E583:S23--T23 | E684:T23--U23 | E707:U22--U23 | E708:U22--V22 | E718:V22--W22 | E741:W22--X22 | E761:X22--DOOR_49 | E763:X24--DOOR_49 | E673:START_R32--X24 | E675:START_R32--Y25 | E780:Y25--DOOR_51 | E046:AA25--DOOR_51 | E047:AA25--DOOR_53 | E091:AC25--DOOR_53 | E090:AC25--AC26 | E093:AC26--EXIT_B
R29__EXIT_C,R29,Faculty Workroom,START_R29,EXIT_C,4,37.0,35,START_R29 -> H24 -> DOOR_45 -> H22 -> DOOR_38 -> H20 -> START_R21 -> H18 -> DOOR_29 -> H16 -> I16 -> J16 -> K16 -> M16 -> N16 -> N15 -> N13 -> N11 -> N10 -> M10 -> K10 -> J10 -> I10 -> H10 -> G10 -> F10 -> E10 -> E9 -> E8 -> E7 -> E6 -> E5 -> E4 -> E3 -> E2 -> EXIT_C,E664:START_R29--H24 | E308:H24--DOOR_45 | E306:H22--DOOR_45 | E305:H22--DOOR_38 | E303:H20--DOOR_38 | E647:START_R21--H20 | E646:START_R21--H18 | E299:H18--DOOR_29 | E297:H16--DOOR_29 | E298:H16--I16 | E320:I16--J16 | E336:J16--K16 | E344:K16--M16 | E394:M16--N16 | E429:N15--N16 | E428:N13--N15 | E427:N11--N13 | E426:N10--N11 | E393:M10--N10 | E339:K10--M10 | E330:J10--K10 | E317:I10--J10 | E292:H10--I10 | E262:G10--H10 | E257:F10--G10 | E231:E10--F10 | E230:E10--E9 | E256:E8--E9 | E255:E7--E8 | E252:E6--E7 | E251:E5--E6 | E250:E4--E5 | E249:E3--E4 | E239:E2--E3 | E240:E2--EXIT_C
R29__EXIT_D,R29,Faculty Workroom,START_R29,EXIT_D,4,30.75,29,START_R29 -> H24 -> DOOR_45 -> H22 -> I22 -> J22 -> K22 -> K21 -> K20 -> K19 -> K18.5 -> DOOR_32 -> M18.5 -> M18 -> N18 -> DOOR_26 -> O16 -> O15 -> O13 -> O11 -> O10 -> O8 -> O7 -> O6 -> P6 -> P5 -> P4 -> P3 -> P2 -> EXIT_D,E664:START_R29--H24 | E308:H24--DOOR_45 | E306:H22--DOOR_45 | E307:H22--I22 | E324:I22--J22 | E337:J22--K22 | E354:K21--K22 | E352:K20--K21 | E349:K19--K20 | E348:K18.5--K19 | E347:K18.5--DOOR_32 | E224:DOOR_32--M18.5 | E395:M18--M18.5 | E396:M18--N18 | E223:DOOR_26--N18 | E463:O16--DOOR_26 | E462:O15--O16 | E461:O13--O15 | E460:O11--O13 | E458:O10--O11 | E459:O10--O8 | E479:O7--O8 | E477:O6--O7 | E478:O6--P6 | E505:P5--P6 | E503:P4--P5 | E501:P3--P4 | E487:P2--P3 | E486:P2--EXIT_D
R29__EXIT_E,R29,Faculty Workroom,START_R29,EXIT_E,4,40.25,39,START_R29 -> H24 -> DOOR_45 -> H22 -> I22 -> J22 -> K22 -> K21 -> K20 -> K19 -> K18.5 -> DOOR_32 -> M18.5 -> M18 -> N18 -> DOOR_26 -> O16 -> DOOR_27 -> Q16 -> Q15 -> Q13 -> Q11 -> Q10 -> R10 -> S10 -> T10 -> U10 -> V10 -> W10 -> X10 -> Y10 -> Y9 -> Y8 -> Y7 -> Y6 -> Y5 -> Y4 -> Y3 -> Y2 -> EXIT_E,E664:START_R29--H24 | E308:H24--DOOR_45 | E306:H22--DOOR_45 | E307:H22--I22 | E324:I22--J22 | E337:J22--K22 | E354:K21--K22 | E352:K20--K21 | E349:K19--K20 | E348:K18.5--K19 | E347:K18.5--DOOR_32 | E224:DOOR_32--M18.5 | E395:M18--M18.5 | E396:M18--N18 | E223:DOOR_26--N18 | E463:O16--DOOR_26 | E464:O16--DOOR_27 | E518:Q16--DOOR_27 | E517:Q15--Q16 | E516:Q13--Q15 | E515:Q11--Q13 | E513:Q10--Q11 | E514:Q10--R10 | E545:R10--S10 | E568:S10--T10 | E679:T10--U10 | E692:U10--V10 | E710:V10--W10 | E731:W10--X10 | E749:X10--Y10 | E767:Y10--Y9 | E791:Y8--Y9 | E790:Y7--Y8 | E787:Y6--Y7 | E786:Y5--Y6 | E785:Y4--Y5 | E784:Y3--Y4 | E777:Y2--Y3 | E776:Y2--EXIT_E
R29__EXIT_G,R29,Faculty Workroom,START_R29,EXIT_G,4,17.0,17,START_R29 -> H24 -> DOOR_45 -> H22 -> DOOR_38 -> H20 -> START_R21 -> H18 -> DOOR_29 -> H16 -> G16 -> F16 -> E16 -> D16 -> C16 -> B16 -> A16 -> EXIT_G,E664:START_R29--H24 | E308:H24--DOOR_45 | E306:H22--DOOR_45 | E305:H22--DOOR_38 | E303:H20--DOOR_38 | E647:START_R21--H20 | E646:START_R21--H18 | E299:H18--DOOR_29 | E297:H16--DOOR_29 | E268:G16--H16 | E260:F16--G16 | E236:E16--F16 | E212:D16--E16 | E187:C16--D16 | E167:B16--C16 | E007:A16--B16 | E008:A16--EXIT_G
R29__EXIT_H,R29,Faculty Workroom,START_R29,EXIT_H,4,33.25,34,START_R29 -> H24 -> DOOR_45 -> H22 -> I22 -> J22 -> K22 -> K21 -> K20 -> K19 -> K18.5 -> DOOR_32 -> M18.5 -> M18 -> N18 -> DOOR_26 -> O16 -> DOOR_27 -> Q16 -> R16 -> S16 -> T16 -> U16 -> V16 -> W16 -> X16 -> Y16 -> Z16 -> AA16 -> AB16 -> AC16 -> AD16 -> AE16 -> AF16 -> EXIT_H,E664:START_R29--H24 | E308:H24--DOOR_45 | E306:H22--DOOR_45 | E307:H22--I22 | E324:I22--J22 | E337:J22--K22 | E354:K21--K22 | E352:K20--K21 | E349:K19--K20 | E348:K18.5--K19 | E347:K18.5--DOOR_32 | E224:DOOR_32--M18.5 | E395:M18--M18.5 | E396:M18--N18 | E223:DOOR_26--N18 | E463:O16--DOOR_26 | E464:O16--DOOR_27 | E518:Q16--DOOR_27 | E519:Q16--R16 | E551:R16--S16 | E573:S16--T16 | E682:T16--U16 | E699:U16--V16 | E715:V16--W16 | E734:W16--X16 | E756:X16--Y16 | E773:Y16--Z16 | E038:AA16--Z16 | E037:AA16--AB16 | E063:AB16--AC16 | E081:AC16--AD16 | E101:AD16--AE16 | E133:AE16--AF16 | E151:AF16--EXIT_H
R29__EXIT_A,R29,Faculty Workroom,START_R29,EXIT_A,4,8.0,8,START_R29 -> G25 -> DOOR_50 -> E25 -> DOOR_54 -> D25 -> D26 -> C26 -> EXIT_A,E281:G25--START_R29 | E279:G25--DOOR_50 | E244:E25--DOOR_50 | E245:E25--DOOR_54 | E222:D25--DOOR_54 | E221:D25--D26 | E198:C26--D26 | E199:C26--EXIT_A
R29__EXIT_F,R29,Faculty Workroom,START_R29,EXIT_F,4,16.0,16,START_R29 -> H24 -> DOOR_45 -> H22 -> I22 -> J22 -> K22 -> K23 -> L23 -> M23 -> N23 -> O23 -> P23 -> P24 -> P25 -> P26 -> EXIT_F,E664:START_R29--H24 | E308:H24--DOOR_45 | E306:H22--DOOR_45 | E307:H22--I22 | E324:I22--J22 | E337:J22--K22 | E355:K22--K23 | E356:K23--L23 | E377:L23--M23 | E409:M23--N23 | E441:N23--O23 | E473:O23--P23 | E494:P23--P24 | E496:P24--P25 | E499:P25--P26 | E500:P26--EXIT_F
R29__EXIT_B,R29,Faculty Workroom,START_R29,EXIT_B,4,30.5,31,START_R29 -> H24 -> DOOR_45 -> H22 -> I22 -> J22 -> K22 -> K23 -> L23 -> M23 -> N23 -> O23 -> P23 -> Q23 -> R23 -> S23 -> T23 -> U23 -> U22 -> V22 -> W22 -> X22 -> DOOR_49 -> X24 -> START_R32 -> Y25 -> DOOR_51 -> AA25 -> DOOR_53 -> AC25 -> AC26 -> EXIT_B,E664:START_R29--H24 | E308:H24--DOOR_45 | E306:H22--DOOR_45 | E307:H22--I22 | E324:I22--J22 | E337:J22--K22 | E355:K22--K23 | E356:K23--L23 | E377:L23--M23 | E409:M23--N23 | E441:N23--O23 | E473:O23--P23 | E495:P23--Q23 | E533:Q23--R23 | E560:R23--S23 | E583:S23--T23 | E684:T23--U23 | E707:U22--U23 | E708:U22--V22 | E718:V22--W22 | E741:W22--X22 | E761:X22--DOOR_49 | E763:X24--DOOR_49 | E673:START_R32--X24 | E675:START_R32--Y25 | E780:Y25--DOOR_51 | E046:AA25--DOOR_51 | E047:AA25--DOOR_53 | E091:AC25--DOOR_53 | E090:AC25--AC26 | E093:AC26--EXIT_B
R30__EXIT_C,R30,School Security Office,START_R30,EXIT_C,4,39.25,38,START_R30 -> M24 -> DOOR_48 -> M23 -> L23 -> K23 -> K22 -> K21 -> K20 -> K19 -> K18.5 -> DOOR_32 -> M18.5 -> M18 -> N18 -> DOOR_26 -> O16 -> N16 -> N15 -> N13 -> N11 -> N10 -> M10 -> K10 -> J10 -> I10 -> H10 -> G10 -> F10 -> E10 -> E9 -> E8 -> E7 -> E6 -> E5 -> E4 -> E3 -> E2 -> EXIT_C,E412:M24--START_R30 | E410:M24--DOOR_48 | E408:M23--DOOR_48 | E377:L23--M23 | E356:K23--L23 | E355:K22--K23 | E354:K21--K22 | E352:K20--K21 | E349:K19--K20 | E348:K18.5--K19 | E347:K18.5--DOOR_32 | E224:DOOR_32--M18.5 | E395:M18--M18.5 | E396:M18--N18 | E223:DOOR_26--N18 | E463:O16--DOOR_26 | E430:N16--O16 | E429:N15--N16 | E428:N13--N15 | E427:N11--N13 | E426:N10--N11 | E393:M10--N10 | E339:K10--M10 | E330:J10--K10 | E317:I10--J10 | E292:H10--I10 | E262:G10--H10 | E257:F10--G10 | E231:E10--F10 | E230:E10--E9 | E256:E8--E9 | E255:E7--E8 | E252:E6--E7 | E251:E5--E6 | E250:E4--E5 | E249:E3--E4 | E239:E2--E3 | E240:E2--EXIT_C
R30__EXIT_D,R30,School Security Office,START_R30,EXIT_D,4,30.25,29,START_R30 -> M24 -> DOOR_48 -> M23 -> L23 -> K23 -> K22 -> K21 -> K20 -> K19 -> K18.5 -> DOOR_32 -> M18.5 -> M18 -> N18 -> DOOR_26 -> O16 -> O15 -> O13 -> O11 -> O10 -> O8 -> O7 -> O6 -> P6 -> P5 -> P4 -> P3 -> P2 -> EXIT_D,E412:M24--START_R30 | E410:M24--DOOR_48 | E408:M23--DOOR_48 | E377:L23--M23 | E356:K23--L23 | E355:K22--K23 | E354:K21--K22 | E352:K20--K21 | E349:K19--K20 | E348:K18.5--K19 | E347:K18.5--DOOR_32 | E224:DOOR_32--M18.5 | E395:M18--M18.5 | E396:M18--N18 | E223:DOOR_26--N18 | E463:O16--DOOR_26 | E462:O15--O16 | E461:O13--O15 | E460:O11--O13 | E458:O10--O11 | E459:O10--O8 | E479:O7--O8 | E477:O6--O7 | E478:O6--P6 | E505:P5--P6 | E503:P4--P5 | E501:P3--P4 | E487:P2--P3 | E486:P2--EXIT_D
R30__EXIT_E,R30,School Security Office,START_R30,EXIT_E,4,39.75,39,START_R30 -> M24 -> DOOR_48 -> M23 -> L23 -> K23 -> K22 -> K21 -> K20 -> K19 -> K18.5 -> DOOR_32 -> M18.5 -> M18 -> N18 -> DOOR_26 -> O16 -> DOOR_27 -> Q16 -> Q15 -> Q13 -> Q11 -> Q10 -> R10 -> S10 -> T10 -> U10 -> V10 -> W10 -> X10 -> Y10 -> Y9 -> Y8 -> Y7 -> Y6 -> Y5 -> Y4 -> Y3 -> Y2 -> EXIT_E,E412:M24--START_R30 | E410:M24--DOOR_48 | E408:M23--DOOR_48 | E377:L23--M23 | E356:K23--L23 | E355:K22--K23 | E354:K21--K22 | E352:K20--K21 | E349:K19--K20 | E348:K18.5--K19 | E347:K18.5--DOOR_32 | E224:DOOR_32--M18.5 | E395:M18--M18.5 | E396:M18--N18 | E223:DOOR_26--N18 | E463:O16--DOOR_26 | E464:O16--DOOR_27 | E518:Q16--DOOR_27 | E517:Q15--Q16 | E516:Q13--Q15 | E515:Q11--Q13 | E513:Q10--Q11 | E514:Q10--R10 | E545:R10--S10 | E568:S10--T10 | E679:T10--U10 | E692:U10--V10 | E710:V10--W10 | E731:W10--X10 | E749:X10--Y10 | E767:Y10--Y9 | E791:Y8--Y9 | E790:Y7--Y8 | E787:Y6--Y7 | E786:Y5--Y6 | E785:Y4--Y5 | E784:Y3--Y4 | E777:Y2--Y3 | E776:Y2--EXIT_E
R30__EXIT_G,R30,School Security Office,START_R30,EXIT_G,4,22.5,23,START_R30 -> M24 -> DOOR_48 -> M23 -> L23 -> K23 -> K22 -> J22 -> I22 -> H22 -> DOOR_38 -> H20 -> START_R21 -> H18 -> DOOR_29 -> H16 -> G16 -> F16 -> E16 -> D16 -> C16 -> B16 -> A16 -> EXIT_G,E412:M24--START_R30 | E410:M24--DOOR_48 | E408:M23--DOOR_48 | E377:L23--M23 | E356:K23--L23 | E355:K22--K23 | E337:J22--K22 | E324:I22--J22 | E307:H22--I22 | E305:H22--DOOR_38 | E303:H20--DOOR_38 | E647:START_R21--H20 | E646:START_R21--H18 | E299:H18--DOOR_29 | E297:H16--DOOR_29 | E268:G16--H16 | E260:F16--G16 | E236:E16--F16 | E212:D16--E16 | E187:C16--D16 | E167:B16--C16 | E007:A16--B16 | E008:A16--EXIT_G
R30__EXIT_H,R30,School Security Office,START_R30,EXIT_H,4,27.5,28,START_R30 -> N25 -> DOOR_52 -> P25 -> P24 -> P23 -> Q23 -> R23 -> S23 -> T23 -> U23 -> U22 -> V22 -> W22 -> X22 -> Y22 -> Z22 -> AA22 -> AB22 -> AD22 -> DOOR_36 -> AD20 -> START_R25 -> AD18 -> DOOR_28 -> AD16 -> AE16 -> AF16 -> EXIT_H,E669:START_R30--N25 | E443:N25--DOOR_52 | E497:P25--DOOR_52 | E496:P24--P25 | E494:P23--P24 | E495:P23--Q23 | E533:Q23--R23 | E560:R23--S23 | E583:S23--T23 | E684:T23--U23 | E707:U22--U23 | E708:U22--V22 | E718:V22--W22 | E741:W22--X22 | E762:X22--Y22 | E778:Y22--Z22 | E042:AA22--Z22 | E041:AA22--AB22 | E071:AB22--AD22 | E111:AD22--DOOR_36 | E109:AD20--DOOR_36 | E655:START_R25--AD20 | E105:AD18--START_R25 | E104:AD18--DOOR_28 | E102:AD16--DOOR_28 | E101:AD16--AE16 | E133:AE16--AF16 | E151:AF16--EXIT_H
R30__EXIT_A,R30,School Security Office,START_R30,EXIT_A,4,18.5,19,START_R30 -> M24 -> DOOR_48 -> M23 -> L23 -> K23 -> K22 -> J22 -> I22 -> H22 -> G22 -> F22 -> E22 -> D22 -> C22 -> DOOR_44 -> C24 -> START_R28 -> C26 -> EXIT_A,E412:M24--START_R30 | E410:M24--DOOR_48 | E408:M23--DOOR_48 | E377:L23--M23 | E356:K23--L23 | E355:K22--K23 | E337:J22--K22 | E324:I22--J22 | E307:H22--I22 | E276:G22--H22 | E261:F22--G22 | E241:E22--F22 | E219:D22--E22 | E193:C22--D22 | E195:C22--DOOR_44 | E197:C24--DOOR_44 | E661:START_R28--C24 | E662:START_R28--C26 | E199:C26--EXIT_A
R30__EXIT_F,R30,School Security Office,START_R30,EXIT_F,4,5.0,5,START_R30 -> N25 -> DOOR_52 -> P25 -> P26 -> EXIT_F,E669:START_R30--N25 | E443:N25--DOOR_52 | E497:P25--DOOR_52 | E499:P25--P26 | E500:P26--EXIT_F
R30__EXIT_B,R30,School Security Office,START_R30,EXIT_B,4,23.5,24,START_R30 -> N25 -> DOOR_52 -> P25 -> P24 -> P23 -> Q23 -> R23 -> S23 -> T23 -> U23 -> U22 -> V22 -> W22 -> X22 -> DOOR_49 -> X24 -> START_R32 -> Y25 -> DOOR_51 -> AA25 -> DOOR_53 -> AC25 -> AC26 -> EXIT_B,E669:START_R30--N25 | E443:N25--DOOR_52 | E497:P25--DOOR_52 | E496:P24--P25 | E494:P23--P24 | E495:P23--Q23 | E533:Q23--R23 | E560:R23--S23 | E583:S23--T23 | E684:T23--U23 | E707:U22--U23 | E708:U22--V22 | E718:V22--W22 | E741:W22--X22 | E761:X22--DOOR_49 | E763:X24--DOOR_49 | E673:START_R32--X24 | E675:START_R32--Y25 | E780:Y25--DOOR_51 | E046:AA25--DOOR_51 | E047:AA25--DOOR_53 | E091:AC25--DOOR_53 | E090:AC25--AC26 | E093:AC26--EXIT_B
R31__EXIT_C,R31,Maintenance & Storage,START_R31,EXIT_C,1,41.5,41,START_R31 -> S24 -> DOOR_46 -> S23 -> T23 -> U23 -> U22 -> U21 -> U20 -> U19 -> U18.5 -> U18 -> U17 -> U16 -> T16 -> S16 -> R16 -> Q16 -> DOOR_27 -> O16 -> N16 -> N15 -> N13 -> N11 -> N10 -> M10 -> K10 -> J10 -> I10 -> H10 -> G10 -> F10 -> E10 -> E9 -> E8 -> E7 -> E6 -> E5 -> E4 -> E3 -> E2 -> EXIT_C,E670:START_R31--S24 | E584:S24--DOOR_46 | E582:S23--DOOR_46 | E583:S23--T23 | E684:T23--U23 | E707:U22--U23 | E706:U21--U22 | E704:U20--U21 | E703:U19--U20 | E702:U18.5--U19 | E701:U18--U18.5 | E700:U17--U18 | E698:U16--U17 | E682:T16--U16 | E573:S16--T16 | E551:R16--S16 | E519:Q16--R16 | E518:Q16--DOOR_27 | E464:O16--DOOR_27 | E430:N16--O16 | E429:N15--N16 | E428:N13--N15 | E427:N11--N13 | E426:N10--N11 | E393:M10--N10 | E339:K10--M10 | E330:J10--K10 | E317:I10--J10 | E292:H10--I10 | E262:G10--H10 | E257:F10--G10 | E231:E10--F10 | E230:E10--E9 | E256:E8--E9 | E255:E7--E8 | E252:E6--E7 | E251:E5--E6 | E250:E4--E5 | E249:E3--E4 | E239:E2--E3 | E240:E2--EXIT_C
R31__EXIT_D,R31,Maintenance & Storage,START_R31,EXIT_D,1,32.5,32,START_R31 -> S24 -> DOOR_46 -> S23 -> T23 -> U23 -> U22 -> U21 -> U20 -> U19 -> U18.5 -> U18 -> U17 -> U16 -> T16 -> S16 -> R16 -> Q16 -> DOOR_27 -> O16 -> O15 -> O13 -> O11 -> O10 -> O8 -> O7 -> O6 -> P6 -> P5 -> P4 -> P3 -> P2 -> EXIT_D,E670:START_R31--S24 | E584:S24--DOOR_46 | E582:S23--DOOR_46 | E583:S23--T23 | E684:T23--U23 | E707:U22--U23 | E706:U21--U22 | E704:U20--U21 | E703:U19--U20 | E702:U18.5--U19 | E701:U18--U18.5 | E700:U17--U18 | E698:U16--U17 | E682:T16--U16 | E573:S16--T16 | E551:R16--S16 | E519:Q16--R16 | E518:Q16--DOOR_27 | E464:O16--DOOR_27 | E462:O15--O16 | E461:O13--O15 | E460:O11--O13 | E458:O10--O11 | E459:O10--O8 | E479:O7--O8 | E477:O6--O7 | E478:O6--P6 | E505:P5--P6 | E503:P4--P5 | E501:P3--P4 | E487:P2--P3 | E486:P2--EXIT_D
R31__EXIT_E,R31,Maintenance & Storage,START_R31,EXIT_E,1,38.0,38,START_R31 -> S24 -> DOOR_46 -> S23 -> T23 -> U23 -> U22 -> U21 -> U20 -> U19 -> U18.5 -> U18 -> U17 -> U16 -> T16 -> S16 -> R16 -> Q16 -> Q15 -> Q13 -> Q11 -> Q10 -> R10 -> S10 -> T10 -> U10 -> V10 -> W10 -> X10 -> Y10 -> Y9 -> Y8 -> Y7 -> Y6 -> Y5 -> Y4 -> Y3 -> Y2 -> EXIT_E,E670:START_R31--S24 | E584:S24--DOOR_46 | E582:S23--DOOR_46 | E583:S23--T23 | E684:T23--U23 | E707:U22--U23 | E706:U21--U22 | E704:U20--U21 | E703:U19--U20 | E702:U18.5--U19 | E701:U18--U18.5 | E700:U17--U18 | E698:U16--U17 | E682:T16--U16 | E573:S16--T16 | E551:R16--S16 | E519:Q16--R16 | E517:Q15--Q16 | E516:Q13--Q15 | E515:Q11--Q13 | E513:Q10--Q11 | E514:Q10--R10 | E545:R10--S10 | E568:S10--T10 | E679:T10--U10 | E692:U10--V10 | E710:V10--W10 | E731:W10--X10 | E749:X10--Y10 | E767:Y10--Y9 | E791:Y8--Y9 | E790:Y7--Y8 | E787:Y6--Y7 | E786:Y5--Y6 | E785:Y4--Y5 | E784:Y3--Y4 | E777:Y2--Y3 | E776:Y2--EXIT_E
R31__EXIT_G,R31,Maintenance & Storage,START_R31,EXIT_G,1,28.0,28,START_R31 -> R25 -> DOOR_55 -> P25 -> P24 -> P23 -> O23 -> N23 -> M23 -> L23 -> K23 -> K22 -> J22 -> I22 -> H22 -> DOOR_38 -> H20 -> START_R21 -> H18 -> DOOR_29 -> H16 -> G16 -> F16 -> E16 -> D16 -> C16 -> B16 -> A16 -> EXIT_G,E565:R25--START_R31 | E563:R25--DOOR_55 | E498:P25--DOOR_55 | E496:P24--P25 | E494:P23--P24 | E473:O23--P23 | E441:N23--O23 | E409:M23--N23 | E377:L23--M23 | E356:K23--L23 | E355:K22--K23 | E337:J22--K22 | E324:I22--J22 | E307:H22--I22 | E305:H22--DOOR_38 | E303:H20--DOOR_38 | E647:START_R21--H20 | E646:START_R21--H18 | E299:H18--DOOR_29 | E297:H16--DOOR_29 | E268:G16--H16 | E260:F16--G16 | E236:E16--F16 | E212:D16--E16 | E187:C16--D16 | E167:B16--C16 | E007:A16--B16 | E008:A16--EXIT_G
R31__EXIT_H,R31,Maintenance & Storage,START_R31,EXIT_H,1,22.0,23,START_R31 -> S24 -> DOOR_46 -> S23 -> T23 -> U23 -> U22 -> V22 -> W22 -> X22 -> Y22 -> Z22 -> AA22 -> AB22 -> AD22 -> DOOR_36 -> AD20 -> START_R25 -> AD18 -> DOOR_28 -> AD16 -> AE16 -> AF16 -> EXIT_H,E670:START_R31--S24 | E584:S24--DOOR_46 | E582:S23--DOOR_46 | E583:S23--T23 | E684:T23--U23 | E707:U22--U23 | E708:U22--V22 | E718:V22--W22 | E741:W22--X22 | E762:X22--Y22 | E778:Y22--Z22 | E042:AA22--Z22 | E041:AA22--AB22 | E071:AB22--AD22 | E111:AD22--DOOR_36 | E109:AD20--DOOR_36 | E655:START_R25--AD20 | E105:AD18--START_R25 | E104:AD18--DOOR_28 | E102:AD16--DOOR_28 | E101:AD16--AE16 | E133:AE16--AF16 | E151:AF16--EXIT_H
R31__EXIT_A,R31,Maintenance & Storage,START_R31,EXIT_A,1,24.0,24,START_R31 -> R25 -> DOOR_55 -> P25 -> P24 -> P23 -> O23 -> N23 -> M23 -> L23 -> K23 -> K22 -> J22 -> I22 -> H22 -> G22 -> F22 -> E22 -> D22 -> C22 -> DOOR_44 -> C24 -> START_R28 -> C26 -> EXIT_A,E565:R25--START_R31 | E563:R25--DOOR_55 | E498:P25--DOOR_55 | E496:P24--P25 | E494:P23--P24 | E473:O23--P23 | E441:N23--O23 | E409:M23--N23 | E377:L23--M23 | E356:K23--L23 | E355:K22--K23 | E337:J22--K22 | E324:I22--J22 | E307:H22--I22 | E276:G22--H22 | E261:F22--G22 | E241:E22--F22 | E219:D22--E22 | E193:C22--D22 | E195:C22--DOOR_44 | E197:C24--DOOR_44 | E661:START_R28--C24 | E662:START_R28--C26 | E199:C26--EXIT_A
R31__EXIT_F,R31,Maintenance & Storage,START_R31,EXIT_F,1,5.0,5,START_R31 -> R25 -> DOOR_55 -> P25 -> P26 -> EXIT_F,E565:R25--START_R31 | E563:R25--DOOR_55 | E498:P25--DOOR_55 | E499:P25--P26 | E500:P26--EXIT_F
R31__EXIT_B,R31,Maintenance & Storage,START_R31,EXIT_B,1,18.0,19,START_R31 -> S24 -> DOOR_46 -> S23 -> T23 -> U23 -> U22 -> V22 -> W22 -> X22 -> DOOR_49 -> X24 -> START_R32 -> Y25 -> DOOR_51 -> AA25 -> DOOR_53 -> AC25 -> AC26 -> EXIT_B,E670:START_R31--S24 | E584:S24--DOOR_46 | E582:S23--DOOR_46 | E583:S23--T23 | E684:T23--U23 | E707:U22--U23 | E708:U22--V22 | E718:V22--W22 | E741:W22--X22 | E761:X22--DOOR_49 | E763:X24--DOOR_49 | E673:START_R32--X24 | E675:START_R32--Y25 | E780:Y25--DOOR_51 | E046:AA25--DOOR_51 | E047:AA25--DOOR_53 | E091:AC25--DOOR_53 | E090:AC25--AC26 | E093:AC26--EXIT_B
R32__EXIT_C,R32,East Support Office,START_R32,EXIT_C,4,42.5,41,START_R32 -> X24 -> DOOR_49 -> X22 -> W22 -> V22 -> U22 -> U21 -> U20 -> U19 -> U18.5 -> U18 -> U17 -> U16 -> T16 -> S16 -> R16 -> Q16 -> DOOR_27 -> O16 -> N16 -> N15 -> N13 -> N11 -> N10 -> M10 -> K10 -> J10 -> I10 -> H10 -> G10 -> F10 -> E10 -> E9 -> E8 -> E7 -> E6 -> E5 -> E4 -> E3 -> E2 -> EXIT_C,E673:START_R32--X24 | E763:X24--DOOR_49 | E761:X22--DOOR_49 | E741:W22--X22 | E718:V22--W22 | E708:U22--V22 | E706:U21--U22 | E704:U20--U21 | E703:U19--U20 | E702:U18.5--U19 | E701:U18--U18.5 | E700:U17--U18 | E698:U16--U17 | E682:T16--U16 | E573:S16--T16 | E551:R16--S16 | E519:Q16--R16 | E518:Q16--DOOR_27 | E464:O16--DOOR_27 | E430:N16--O16 | E429:N15--N16 | E428:N13--N15 | E427:N11--N13 | E426:N10--N11 | E393:M10--N10 | E339:K10--M10 | E330:J10--K10 | E317:I10--J10 | E292:H10--I10 | E262:G10--H10 | E257:F10--G10 | E231:E10--F10 | E230:E10--E9 | E256:E8--E9 | E255:E7--E8 | E252:E6--E7 | E251:E5--E6 | E250:E4--E5 | E249:E3--E4 | E239:E2--E3 | E240:E2--EXIT_C
R32__EXIT_D,R32,East Support Office,START_R32,EXIT_D,4,33.5,32,START_R32 -> X24 -> DOOR_49 -> X22 -> W22 -> V22 -> U22 -> U21 -> U20 -> U19 -> U18.5 -> U18 -> U17 -> U16 -> T16 -> S16 -> R16 -> Q16 -> DOOR_27 -> O16 -> O15 -> O13 -> O11 -> O10 -> O8 -> O7 -> O6 -> P6 -> P5 -> P4 -> P3 -> P2 -> EXIT_D,E673:START_R32--X24 | E763:X24--DOOR_49 | E761:X22--DOOR_49 | E741:W22--X22 | E718:V22--W22 | E708:U22--V22 | E706:U21--U22 | E704:U20--U21 | E703:U19--U20 | E702:U18.5--U19 | E701:U18--U18.5 | E700:U17--U18 | E698:U16--U17 | E682:T16--U16 | E573:S16--T16 | E551:R16--S16 | E519:Q16--R16 | E518:Q16--DOOR_27 | E464:O16--DOOR_27 | E462:O15--O16 | E461:O13--O15 | E460:O11--O13 | E458:O10--O11 | E459:O10--O8 | E479:O7--O8 | E477:O6--O7 | E478:O6--P6 | E505:P5--P6 | E503:P4--P5 | E501:P3--P4 | E487:P2--P3 | E486:P2--EXIT_D
R32__EXIT_E,R32,East Support Office,START_R32,EXIT_E,4,39.0,38,START_R32 -> X24 -> DOOR_49 -> X22 -> W22 -> V22 -> U22 -> U21 -> U20 -> U19 -> U18.5 -> U18 -> U17 -> U16 -> T16 -> S16 -> R16 -> Q16 -> Q15 -> Q13 -> Q11 -> Q10 -> R10 -> S10 -> T10 -> U10 -> V10 -> W10 -> X10 -> Y10 -> Y9 -> Y8 -> Y7 -> Y6 -> Y5 -> Y4 -> Y3 -> Y2 -> EXIT_E,E673:START_R32--X24 | E763:X24--DOOR_49 | E761:X22--DOOR_49 | E741:W22--X22 | E718:V22--W22 | E708:U22--V22 | E706:U21--U22 | E704:U20--U21 | E703:U19--U20 | E702:U18.5--U19 | E701:U18--U18.5 | E700:U17--U18 | E698:U16--U17 | E682:T16--U16 | E573:S16--T16 | E551:R16--S16 | E519:Q16--R16 | E517:Q15--Q16 | E516:Q13--Q15 | E515:Q11--Q13 | E513:Q10--Q11 | E514:Q10--R10 | E545:R10--S10 | E568:S10--T10 | E679:T10--U10 | E692:U10--V10 | E710:V10--W10 | E731:W10--X10 | E749:X10--Y10 | E767:Y10--Y9 | E791:Y8--Y9 | E790:Y7--Y8 | E787:Y6--Y7 | E786:Y5--Y6 | E785:Y4--Y5 | E784:Y3--Y4 | E777:Y2--Y3 | E776:Y2--EXIT_E
R32__EXIT_G,R32,East Support Office,START_R32,EXIT_G,4,32.5,33,START_R32 -> X24 -> DOOR_49 -> X22 -> W22 -> V22 -> U22 -> U21 -> U20 -> U19 -> U18.5 -> U18 -> U17 -> U16 -> T16 -> S16 -> R16 -> Q16 -> DOOR_27 -> O16 -> N16 -> M16 -> K16 -> J16 -> I16 -> H16 -> G16 -> F16 -> E16 -> D16 -> C16 -> B16 -> A16 -> EXIT_G,E673:START_R32--X24 | E763:X24--DOOR_49 | E761:X22--DOOR_49 | E741:W22--X22 | E718:V22--W22 | E708:U22--V22 | E706:U21--U22 | E704:U20--U21 | E703:U19--U20 | E702:U18.5--U19 | E701:U18--U18.5 | E700:U17--U18 | E698:U16--U17 | E682:T16--U16 | E573:S16--T16 | E551:R16--S16 | E519:Q16--R16 | E518:Q16--DOOR_27 | E464:O16--DOOR_27 | E430:N16--O16 | E394:M16--N16 | E344:K16--M16 | E336:J16--K16 | E320:I16--J16 | E298:H16--I16 | E268:G16--H16 | E260:F16--G16 | E236:E16--F16 | E212:D16--E16 | E187:C16--D16 | E167:B16--C16 | E007:A16--B16 | E008:A16--EXIT_G
R32__EXIT_H,R32,East Support Office,START_R32,EXIT_H,4,17.0,17,START_R32 -> X24 -> DOOR_49 -> X22 -> Y22 -> Z22 -> AA22 -> AB22 -> AD22 -> DOOR_36 -> AD20 -> START_R25 -> AD18 -> DOOR_28 -> AD16 -> AE16 -> AF16 -> EXIT_H,E673:START_R32--X24 | E763:X24--DOOR_49 | E761:X22--DOOR_49 | E762:X22--Y22 | E778:Y22--Z22 | E042:AA22--Z22 | E041:AA22--AB22 | E071:AB22--AD22 | E111:AD22--DOOR_36 | E109:AD20--DOOR_36 | E655:START_R25--AD20 | E105:AD18--START_R25 | E104:AD18--DOOR_28 | E102:AD16--DOOR_28 | E101:AD16--AE16 | E133:AE16--AF16 | E151:AF16--EXIT_H
R32__EXIT_A,R32,East Support Office,START_R32,EXIT_A,4,30.5,31,START_R32 -> X24 -> DOOR_49 -> X22 -> W22 -> V22 -> U22 -> U23 -> T23 -> S23 -> R23 -> Q23 -> P23 -> O23 -> N23 -> M23 -> L23 -> K23 -> K22 -> J22 -> I22 -> H22 -> G22 -> F22 -> E22 -> D22 -> C22 -> DOOR_44 -> C24 -> START_R28 -> C26 -> EXIT_A,E673:START_R32--X24 | E763:X24--DOOR_49 | E761:X22--DOOR_49 | E741:W22--X22 | E718:V22--W22 | E708:U22--V22 | E707:U22--U23 | E684:T23--U23 | E583:S23--T23 | E560:R23--S23 | E533:Q23--R23 | E495:P23--Q23 | E473:O23--P23 | E441:N23--O23 | E409:M23--N23 | E377:L23--M23 | E356:K23--L23 | E355:K22--K23 | E337:J22--K22 | E324:I22--J22 | E307:H22--I22 | E276:G22--H22 | E261:F22--G22 | E241:E22--F22 | E219:D22--E22 | E193:C22--D22 | E195:C22--DOOR_44 | E197:C24--DOOR_44 | E661:START_R28--C24 | E662:START_R28--C26 | E199:C26--EXIT_A
R32__EXIT_F,R32,East Support Office,START_R32,EXIT_F,4,15.5,16,START_R32 -> X24 -> DOOR_49 -> X22 -> W22 -> V22 -> U22 -> U23 -> T23 -> S23 -> R23 -> Q23 -> P23 -> P24 -> P25 -> P26 -> EXIT_F,E673:START_R32--X24 | E763:X24--DOOR_49 | E761:X22--DOOR_49 | E741:W22--X22 | E718:V22--W22 | E708:U22--V22 | E707:U22--U23 | E684:T23--U23 | E583:S23--T23 | E560:R23--S23 | E533:Q23--R23 | E495:P23--Q23 | E494:P23--P24 | E496:P24--P25 | E499:P25--P26 | E500:P26--EXIT_F
R32__EXIT_B,R32,East Support Office,START_R32,EXIT_B,4,7.0,7,START_R32 -> Y25 -> DOOR_51 -> AA25 -> DOOR_53 -> AC25 -> AC26 -> EXIT_B,E675:START_R32--Y25 | E780:Y25--DOOR_51 | E046:AA25--DOOR_51 | E047:AA25--DOOR_53 | E091:AC25--DOOR_53 | E090:AC25--AC26 | E093:AC26--EXIT_B
R33__EXIT_C,R33,Administrative Support Office,START_R33,EXIT_C,4,47.5,46,START_R33 -> AD24 -> DOOR_47 -> AD22 -> AB22 -> AA22 -> Z22 -> Y22 -> X22 -> W22 -> V22 -> U22 -> U21 -> U20 -> U19 -> U18.5 -> U18 -> U17 -> U16 -> T16 -> S16 -> R16 -> Q16 -> DOOR_27 -> O16 -> N16 -> N15 -> N13 -> N11 -> N10 -> M10 -> K10 -> J10 -> I10 -> H10 -> G10 -> F10 -> E10 -> E9 -> E8 -> E7 -> E6 -> E5 -> E4 -> E3 -> E2 -> EXIT_C,E115:AD24--START_R33 | E114:AD24--DOOR_47 | E112:AD22--DOOR_47 | E071:AB22--AD22 | E041:AA22--AB22 | E042:AA22--Z22 | E778:Y22--Z22 | E762:X22--Y22 | E741:W22--X22 | E718:V22--W22 | E708:U22--V22 | E706:U21--U22 | E704:U20--U21 | E703:U19--U20 | E702:U18.5--U19 | E701:U18--U18.5 | E700:U17--U18 | E698:U16--U17 | E682:T16--U16 | E573:S16--T16 | E551:R16--S16 | E519:Q16--R16 | E518:Q16--DOOR_27 | E464:O16--DOOR_27 | E430:N16--O16 | E429:N15--N16 | E428:N13--N15 | E427:N11--N13 | E426:N10--N11 | E393:M10--N10 | E339:K10--M10 | E330:J10--K10 | E317:I10--J10 | E292:H10--I10 | E262:G10--H10 | E257:F10--G10 | E231:E10--F10 | E230:E10--E9 | E256:E8--E9 | E255:E7--E8 | E252:E6--E7 | E251:E5--E6 | E250:E4--E5 | E249:E3--E4 | E239:E2--E3 | E240:E2--EXIT_C
R33__EXIT_D,R33,Administrative Support Office,START_R33,EXIT_D,4,38.5,37,START_R33 -> AD24 -> DOOR_47 -> AD22 -> AB22 -> AA22 -> Z22 -> Y22 -> X22 -> W22 -> V22 -> U22 -> U21 -> U20 -> U19 -> U18.5 -> U18 -> U17 -> U16 -> T16 -> S16 -> R16 -> Q16 -> DOOR_27 -> O16 -> O15 -> O13 -> O11 -> O10 -> O8 -> O7 -> O6 -> P6 -> P5 -> P4 -> P3 -> P2 -> EXIT_D,E115:AD24--START_R33 | E114:AD24--DOOR_47 | E112:AD22--DOOR_47 | E071:AB22--AD22 | E041:AA22--AB22 | E042:AA22--Z22 | E778:Y22--Z22 | E762:X22--Y22 | E741:W22--X22 | E718:V22--W22 | E708:U22--V22 | E706:U21--U22 | E704:U20--U21 | E703:U19--U20 | E702:U18.5--U19 | E701:U18--U18.5 | E700:U17--U18 | E698:U16--U17 | E682:T16--U16 | E573:S16--T16 | E551:R16--S16 | E519:Q16--R16 | E518:Q16--DOOR_27 | E464:O16--DOOR_27 | E462:O15--O16 | E461:O13--O15 | E460:O11--O13 | E458:O10--O11 | E459:O10--O8 | E479:O7--O8 | E477:O6--O7 | E478:O6--P6 | E505:P5--P6 | E503:P4--P5 | E501:P3--P4 | E487:P2--P3 | E486:P2--EXIT_D
R33__EXIT_E,R33,Administrative Support Office,START_R33,EXIT_E,4,44.0,43,START_R33 -> AD24 -> DOOR_47 -> AD22 -> AB22 -> AA22 -> Z22 -> Y22 -> X22 -> W22 -> V22 -> U22 -> U21 -> U20 -> U19 -> U18.5 -> U18 -> U17 -> U16 -> T16 -> S16 -> R16 -> Q16 -> Q15 -> Q13 -> Q11 -> Q10 -> R10 -> S10 -> T10 -> U10 -> V10 -> W10 -> X10 -> Y10 -> Y9 -> Y8 -> Y7 -> Y6 -> Y5 -> Y4 -> Y3 -> Y2 -> EXIT_E,E115:AD24--START_R33 | E114:AD24--DOOR_47 | E112:AD22--DOOR_47 | E071:AB22--AD22 | E041:AA22--AB22 | E042:AA22--Z22 | E778:Y22--Z22 | E762:X22--Y22 | E741:W22--X22 | E718:V22--W22 | E708:U22--V22 | E706:U21--U22 | E704:U20--U21 | E703:U19--U20 | E702:U18.5--U19 | E701:U18--U18.5 | E700:U17--U18 | E698:U16--U17 | E682:T16--U16 | E573:S16--T16 | E551:R16--S16 | E519:Q16--R16 | E517:Q15--Q16 | E516:Q13--Q15 | E515:Q11--Q13 | E513:Q10--Q11 | E514:Q10--R10 | E545:R10--S10 | E568:S10--T10 | E679:T10--U10 | E692:U10--V10 | E710:V10--W10 | E731:W10--X10 | E749:X10--Y10 | E767:Y10--Y9 | E791:Y8--Y9 | E790:Y7--Y8 | E787:Y6--Y7 | E786:Y5--Y6 | E785:Y4--Y5 | E784:Y3--Y4 | E777:Y2--Y3 | E776:Y2--EXIT_E
R33__EXIT_G,R33,Administrative Support Office,START_R33,EXIT_G,4,37.5,38,START_R33 -> AD24 -> DOOR_47 -> AD22 -> AB22 -> AA22 -> Z22 -> Y22 -> X22 -> W22 -> V22 -> U22 -> U21 -> U20 -> U19 -> U18.5 -> U18 -> U17 -> U16 -> T16 -> S16 -> R16 -> Q16 -> DOOR_27 -> O16 -> N16 -> M16 -> K16 -> J16 -> I16 -> H16 -> G16 -> F16 -> E16 -> D16 -> C16 -> B16 -> A16 -> EXIT_G,E115:AD24--START_R33 | E114:AD24--DOOR_47 | E112:AD22--DOOR_47 | E071:AB22--AD22 | E041:AA22--AB22 | E042:AA22--Z22 | E778:Y22--Z22 | E762:X22--Y22 | E741:W22--X22 | E718:V22--W22 | E708:U22--V22 | E706:U21--U22 | E704:U20--U21 | E703:U19--U20 | E702:U18.5--U19 | E701:U18--U18.5 | E700:U17--U18 | E698:U16--U17 | E682:T16--U16 | E573:S16--T16 | E551:R16--S16 | E519:Q16--R16 | E518:Q16--DOOR_27 | E464:O16--DOOR_27 | E430:N16--O16 | E394:M16--N16 | E344:K16--M16 | E336:J16--K16 | E320:I16--J16 | E298:H16--I16 | E268:G16--H16 | E260:F16--G16 | E236:E16--F16 | E212:D16--E16 | E187:C16--D16 | E167:B16--C16 | E007:A16--B16 | E008:A16--EXIT_G
R33__EXIT_H,R33,Administrative Support Office,START_R33,EXIT_H,4,12.0,12,START_R33 -> AD24 -> DOOR_47 -> AD22 -> DOOR_36 -> AD20 -> START_R25 -> AD18 -> DOOR_28 -> AD16 -> AE16 -> AF16 -> EXIT_H,E115:AD24--START_R33 | E114:AD24--DOOR_47 | E112:AD22--DOOR_47 | E111:AD22--DOOR_36 | E109:AD20--DOOR_36 | E655:START_R25--AD20 | E105:AD18--START_R25 | E104:AD18--DOOR_28 | E102:AD16--DOOR_28 | E101:AD16--AE16 | E133:AE16--AF16 | E151:AF16--EXIT_H
R33__EXIT_A,R33,Administrative Support Office,START_R33,EXIT_A,4,35.5,36,START_R33 -> AD24 -> DOOR_47 -> AD22 -> AB22 -> AA22 -> Z22 -> Y22 -> X22 -> W22 -> V22 -> U22 -> U23 -> T23 -> S23 -> R23 -> Q23 -> P23 -> O23 -> N23 -> M23 -> L23 -> K23 -> K22 -> J22 -> I22 -> H22 -> G22 -> F22 -> E22 -> D22 -> C22 -> DOOR_44 -> C24 -> START_R28 -> C26 -> EXIT_A,E115:AD24--START_R33 | E114:AD24--DOOR_47 | E112:AD22--DOOR_47 | E071:AB22--AD22 | E041:AA22--AB22 | E042:AA22--Z22 | E778:Y22--Z22 | E762:X22--Y22 | E741:W22--X22 | E718:V22--W22 | E708:U22--V22 | E707:U22--U23 | E684:T23--U23 | E583:S23--T23 | E560:R23--S23 | E533:Q23--R23 | E495:P23--Q23 | E473:O23--P23 | E441:N23--O23 | E409:M23--N23 | E377:L23--M23 | E356:K23--L23 | E355:K22--K23 | E337:J22--K22 | E324:I22--J22 | E307:H22--I22 | E276:G22--H22 | E261:F22--G22 | E241:E22--F22 | E219:D22--E22 | E193:C22--D22 | E195:C22--DOOR_44 | E197:C24--DOOR_44 | E661:START_R28--C24 | E662:START_R28--C26 | E199:C26--EXIT_A
R33__EXIT_F,R33,Administrative Support Office,START_R33,EXIT_F,4,20.5,21,START_R33 -> AD24 -> DOOR_47 -> AD22 -> AB22 -> AA22 -> Z22 -> Y22 -> X22 -> W22 -> V22 -> U22 -> U23 -> T23 -> S23 -> R23 -> Q23 -> P23 -> P24 -> P25 -> P26 -> EXIT_F,E115:AD24--START_R33 | E114:AD24--DOOR_47 | E112:AD22--DOOR_47 | E071:AB22--AD22 | E041:AA22--AB22 | E042:AA22--Z22 | E778:Y22--Z22 | E762:X22--Y22 | E741:W22--X22 | E718:V22--W22 | E708:U22--V22 | E707:U22--U23 | E684:T23--U23 | E583:S23--T23 | E560:R23--S23 | E533:Q23--R23 | E495:P23--Q23 | E494:P23--P24 | E496:P24--P25 | E499:P25--P26 | E500:P26--EXIT_F
R33__EXIT_B,R33,Administrative Support Office,START_R33,EXIT_B,4,3.0,3,START_R33 -> AC25 -> AC26 -> EXIT_B,E676:START_R33--AC25 | E090:AC25--AC26 | E093:AC26--EXIT_B
