rank,energy,num_occurrences,valid_exactly_one_exit_per_room,constraint_violation_count,selected_variable_count,selected_variables
1,0.5451096001398241,1,True,0,28,x_R01_EXIT_A | x_R02_EXIT_A | x_R03_EXIT_F | x_R04_EXIT_D | x_R05_EXIT_D | x_R06_EXIT_C | x_R07_EXIT_A | x_R08_EXIT_B | x_R09_EXIT_A | x_R10_EXIT_E | x_R11_EXIT_D | x_R12_EXIT_B | x_R13_EXIT_B | x_R14_EXIT_B | x_R15_EXIT_C | x_R16_EXIT_D | x_R20_EXIT_F | x_R24_EXIT_F | x_R25_EXIT_F | x_R28_EXIT_G | x_R29_EXIT_H | x_R30_EXIT_H | x_R31_EXIT_STAIRWELL | x_R32_EXIT_F | x_R33_EXIT_F | x_R34_EXIT_F | x_R35_EXIT_B | x_R36_EXIT_STAIRWELL
2,0.585537136710343,1,True,0,28,x_R01_EXIT_A | x_R02_EXIT_A | x_R03_EXIT_A | x_R04_EXIT_E | x_R05_EXIT_C | x_R06_EXIT_G | x_R07_EXIT_C | x_R08_EXIT_H | x_R09_EXIT_B | x_R10_EXIT_F | x_R11_EXIT_B | x_R12_EXIT_B | x_R13_EXIT_A | x_R14_EXIT_B | x_R15_EXIT_B | x_R16_EXIT_D | x_R20_EXIT_E | x_R24_EXIT_C | x_R25_EXIT_D | x_R28_EXIT_A | x_R29_EXIT_H | x_R30_EXIT_F | x_R31_EXIT_F | x_R32_EXIT_F | x_R33_EXIT_A | x_R34_EXIT_E | x_R35_EXIT_B | x_R36_EXIT_H
3,0.6342415361021381,1,True,0,28,x_R01_EXIT_A | x_R02_EXIT_STAIRWELL | x_R03_EXIT_G | x_R04_EXIT_B | x_R05_EXIT_B | x_R06_EXIT_C | x_R07_EXIT_F | x_R08_EXIT_C | x_R09_EXIT_C | x_R10_EXIT_H | x_R11_EXIT_B | x_R12_EXIT_H | x_R13_EXIT_D | x_R14_EXIT_C | x_R15_EXIT_D | x_R16_EXIT_D | x_R20_EXIT_F | x_R24_EXIT_H | x_R25_EXIT_D | x_R28_EXIT_E | x_R29_EXIT_B | x_R30_EXIT_B | x_R31_EXIT_F | x_R32_EXIT_F | x_R33_EXIT_E | x_R34_EXIT_STAIRWELL | x_R35_EXIT_A | x_R36_EXIT_H
4,0.6405650739213229,1,True,0,28,x_R01_EXIT_H | x_R02_EXIT_A | x_R03_EXIT_A | x_R04_EXIT_B | x_R05_EXIT_B | x_R06_EXIT_G | x_R07_EXIT_B | x_R08_EXIT_B | x_R09_EXIT_D | x_R10_EXIT_A | x_R11_EXIT_C | x_R12_EXIT_C | x_R13_EXIT_STAIRWELL | x_R14_EXIT_H | x_R15_EXIT_B | x_R16_EXIT_C | x_R20_EXIT_E | x_R24_EXIT_STAIRWELL | x_R25_EXIT_F | x_R28_EXIT_D | x_R29_EXIT_F | x_R30_EXIT_H | x_R31_EXIT_H | x_R32_EXIT_F | x_R33_EXIT_F | x_R34_EXIT_STAIRWELL | x_R35_EXIT_D | x_R36_EXIT_STAIRWELL
5,0.6415684124859808,1,True,0,28,x_R01_EXIT_E | x_R02_EXIT_A | x_R03_EXIT_A | x_R04_EXIT_F | x_R05_EXIT_C | x_R06_EXIT_C | x_R07_EXIT_D | x_R08_EXIT_A | x_R09_EXIT_D | x_R10_EXIT_B | x_R11_EXIT_D | x_R12_EXIT_F | x_R13_EXIT_C | x_R14_EXIT_D | x_R15_EXIT_D | x_R16_EXIT_STAIRWELL | x_R20_EXIT_F | x_R24_EXIT_D | x_R25_EXIT_STAIRWELL | x_R28_EXIT_STAIRWELL | x_R29_EXIT_STAIRWELL | x_R30_EXIT_D | x_R31_EXIT_STAIRWELL | x_R32_EXIT_D | x_R33_EXIT_H | x_R34_EXIT_E | x_R35_EXIT_B | x_R36_EXIT_B
6,0.648500027414002,1,True,0,28,x_R01_EXIT_A | x_R02_EXIT_A | x_R03_EXIT_B | x_R04_EXIT_D | x_R05_EXIT_A | x_R06_EXIT_F | x_R07_EXIT_B | x_R08_EXIT_A | x_R09_EXIT_E | x_R10_EXIT_A | x_R11_EXIT_D | x_R12_EXIT_G | x_R13_EXIT_B | x_R14_EXIT_A | x_R15_EXIT_D | x_R16_EXIT_F | x_R20_EXIT_D | x_R24_EXIT_G | x_R25_EXIT_STAIRWELL | x_R28_EXIT_G | x_R29_EXIT_STAIRWELL | x_R30_EXIT_F | x_R31_EXIT_E | x_R32_EXIT_H | x_R33_EXIT_G | x_R34_EXIT_E | x_R35_EXIT_F | x_R36_EXIT_H
7,0.6526005057519342,1,True,0,28,x_R01_EXIT_A | x_R02_EXIT_C | x_R03_EXIT_G | x_R04_EXIT_D | x_R05_EXIT_C | x_R06_EXIT_STAIRWELL | x_R07_EXIT_C | x_R08_EXIT_D | x_R09_EXIT_C | x_R10_EXIT_A | x_R11_EXIT_G | x_R12_EXIT_F | x_R13_EXIT_A | x_R14_EXIT_F | x_R15_EXIT_C | x_R16_EXIT_B | x_R20_EXIT_G | x_R24_EXIT_STAIRWELL | x_R25_EXIT_D | x_R28_EXIT_H | x_R29_EXIT_G | x_R30_EXIT_G | x_R31_EXIT_E | x_R32_EXIT_F | x_R33_EXIT_D | x_R34_EXIT_STAIRWELL | x_R35_EXIT_A | x_R36_EXIT_STAIRWELL
8,0.6640210453500686,1,True,0,28,x_R01_EXIT_A | x_R02_EXIT_D | x_R03_EXIT_B | x_R04_EXIT_C | x_R05_EXIT_B | x_R06_EXIT_D | x_R07_EXIT_STAIRWELL | x_R08_EXIT_A | x_R09_EXIT_A | x_R10_EXIT_E | x_R11_EXIT_B | x_R12_EXIT_A | x_R13_EXIT_F | x_R14_EXIT_B | x_R15_EXIT_H | x_R16_EXIT_F | x_R20_EXIT_STAIRWELL | x_R24_EXIT_B | x_R25_EXIT_STAIRWELL | x_R28_EXIT_F | x_R29_EXIT_A | x_R30_EXIT_STAIRWELL | x_R31_EXIT_STAIRWELL | x_R32_EXIT_B | x_R33_EXIT_F | x_R34_EXIT_STAIRWELL | x_R35_EXIT_C | x_R36_EXIT_STAIRWELL
9,0.664557795490964,1,True,0,28,x_R01_EXIT_A | x_R02_EXIT_C | x_R03_EXIT_A | x_R04_EXIT_G | x_R05_EXIT_C | x_R06_EXIT_D | x_R07_EXIT_H | x_R08_EXIT_H | x_R09_EXIT_H | x_R10_EXIT_B | x_R11_EXIT_STAIRWELL | x_R12_EXIT_A | x_R13_EXIT_H | x_R14_EXIT_F | x_R15_EXIT_A | x_R16_EXIT_D | x_R20_EXIT_D | x_R24_EXIT_B | x_R25_EXIT_B | x_R28_EXIT_G | x_R29_EXIT_STAIRWELL | x_R30_EXIT_H | x_R31_EXIT_H | x_R32_EXIT_H | x_R33_EXIT_STAIRWELL | x_R34_EXIT_D | x_R35_EXIT_A | x_R36_EXIT_H
10,0.6654205249161578,1,True,0,28,x_R01_EXIT_D | x_R02_EXIT_STAIRWELL | x_R03_EXIT_H | x_R04_EXIT_H | x_R05_EXIT_B | x_R06_EXIT_C | x_R07_EXIT_D | x_R08_EXIT_H | x_R09_EXIT_STAIRWELL | x_R10_EXIT_D | x_R11_EXIT_D | x_R12_EXIT_B | x_R13_EXIT_H | x_R14_EXIT_A | x_R15_EXIT_A | x_R16_EXIT_C | x_R20_EXIT_B | x_R24_EXIT_F | x_R25_EXIT_C | x_R28_EXIT_G | x_R29_EXIT_G | x_R30_EXIT_G | x_R31_EXIT_D | x_R32_EXIT_B | x_R33_EXIT_G | x_R34_EXIT_D | x_R35_EXIT_B | x_R36_EXIT_A
11,0.6660955792557957,1,True,0,28,x_R01_EXIT_C | x_R02_EXIT_B | x_R03_EXIT_B | x_R04_EXIT_E | x_R05_EXIT_D | x_R06_EXIT_C | x_R07_EXIT_B | x_R08_EXIT_STAIRWELL | x_R09_EXIT_STAIRWELL | x_R10_EXIT_B | x_R11_EXIT_E | x_R12_EXIT_STAIRWELL | x_R13_EXIT_B | x_R14_EXIT_STAIRWELL | x_R15_EXIT_H | x_R16_EXIT_D | x_R20_EXIT_STAIRWELL | x_R24_EXIT_G | x_R25_EXIT_D | x_R28_EXIT_E | x_R29_EXIT_G | x_R30_EXIT_STAIRWELL | x_R31_EXIT_C | x_R32_EXIT_F | x_R33_EXIT_F | x_R34_EXIT_A | x_R35_EXIT_STAIRWELL | x_R36_EXIT_H
12,0.666556464132043,1,True,0,28,x_R01_EXIT_A | x_R02_EXIT_H | x_R03_EXIT_B | x_R04_EXIT_H | x_R05_EXIT_E | x_R06_EXIT_H | x_R07_EXIT_A | x_R08_EXIT_H | x_R09_EXIT_A | x_R10_EXIT_D | x_R11_EXIT_B | x_R12_EXIT_F | x_R13_EXIT_D | x_R14_EXIT_H | x_R15_EXIT_E | x_R16_EXIT_B | x_R20_EXIT_H | x_R24_EXIT_STAIRWELL | x_R25_EXIT_D | x_R28_EXIT_E | x_R29_EXIT_E | x_R30_EXIT_E | x_R31_EXIT_C | x_R32_EXIT_E | x_R33_EXIT_H | x_R34_EXIT_F | x_R35_EXIT_A | x_R36_EXIT_H
13,0.6744770427407616,1,True,0,28,x_R01_EXIT_C | x_R02_EXIT_A | x_R03_EXIT_STAIRWELL | x_R04_EXIT_B | x_R05_EXIT_H | x_R06_EXIT_B | x_R07_EXIT_STAIRWELL | x_R08_EXIT_D | x_R09_EXIT_H | x_R10_EXIT_F | x_R11_EXIT_D | x_R12_EXIT_B | x_R13_EXIT_H | x_R14_EXIT_C | x_R15_EXIT_H | x_R16_EXIT_B | x_R20_EXIT_E | x_R24_EXIT_STAIRWELL | x_R25_EXIT_D | x_R28_EXIT_B | x_R29_EXIT_D | x_R30_EXIT_E | x_R31_EXIT_STAIRWELL | x_R32_EXIT_STAIRWELL | x_R33_EXIT_C | x_R34_EXIT_F | x_R35_EXIT_F | x_R36_EXIT_F
14,0.6795847274130438,1,True,0,28,x_R01_EXIT_B | x_R02_EXIT_B | x_R03_EXIT_B | x_R04_EXIT_H | x_R05_EXIT_B | x_R06_EXIT_STAIRWELL | x_R07_EXIT_C | x_R08_EXIT_E | x_R09_EXIT_B | x_R10_EXIT_F | x_R11_EXIT_A | x_R12_EXIT_B | x_R13_EXIT_STAIRWELL | x_R14_EXIT_B | x_R15_EXIT_F | x_R16_EXIT_A | x_R20_EXIT_D | x_R24_EXIT_F | x_R25_EXIT_D | x_R28_EXIT_G | x_R29_EXIT_F | x_R30_EXIT_H | x_R31_EXIT_H | x_R32_EXIT_H | x_R33_EXIT_F | x_R34_EXIT_G | x_R35_EXIT_B | x_R36_EXIT_STAIRWELL
15,0.6802328284346686,1,True,0,28,x_R01_EXIT_B | x_R02_EXIT_A | x_R03_EXIT_C | x_R04_EXIT_A | x_R05_EXIT_F | x_R06_EXIT_D | x_R07_EXIT_B | x_R08_EXIT_G | x_R09_EXIT_B | x_R10_EXIT_A | x_R11_EXIT_C | x_R12_EXIT_A | x_R13_EXIT_B | x_R14_EXIT_A | x_R15_EXIT_D | x_R16_EXIT_D | x_R20_EXIT_E | x_R24_EXIT_C | x_R25_EXIT_A | x_R28_EXIT_F | x_R29_EXIT_A | x_R30_EXIT_C | x_R31_EXIT_B | x_R32_EXIT_H | x_R33_EXIT_F | x_R34_EXIT_E | x_R35_EXIT_A | x_R36_EXIT_STAIRWELL
16,0.6821386934314546,1,True,0,28,x_R01_EXIT_H | x_R02_EXIT_C | x_R03_EXIT_H | x_R04_EXIT_C | x_R05_EXIT_A | x_R06_EXIT_B | x_R07_EXIT_C | x_R08_EXIT_STAIRWELL | x_R09_EXIT_STAIRWELL | x_R10_EXIT_A | x_R11_EXIT_E | x_R12_EXIT_B | x_R13_EXIT_STAIRWELL | x_R14_EXIT_B | x_R15_EXIT_C | x_R16_EXIT_A | x_R20_EXIT_STAIRWELL | x_R24_EXIT_C | x_R25_EXIT_A | x_R28_EXIT_G | x_R29_EXIT_G | x_R30_EXIT_STAIRWELL | x_R31_EXIT_E | x_R32_EXIT_E | x_R33_EXIT_E | x_R34_EXIT_G | x_R35_EXIT_A | x_R36_EXIT_D
17,0.684844250947549,1,True,0,28,x_R01_EXIT_E | x_R02_EXIT_STAIRWELL | x_R03_EXIT_C | x_R04_EXIT_B | x_R05_EXIT_F | x_R06_EXIT_C | x_R07_EXIT_G | x_R08_EXIT_A | x_R09_EXIT_B | x_R10_EXIT_D | x_R11_EXIT_C | x_R12_EXIT_E | x_R13_EXIT_H | x_R14_EXIT_F | x_R15_EXIT_A | x_R16_EXIT_A | x_R20_EXIT_STAIRWELL | x_R24_EXIT_F | x_R25_EXIT_H | x_R28_EXIT_F | x_R29_EXIT_A | x_R30_EXIT_G | x_R31_EXIT_F | x_R32_EXIT_D | x_R33_EXIT_E | x_R34_EXIT_F | x_R35_EXIT_B | x_R36_EXIT_D
18,0.6853595892949329,1,True,0,28,x_R01_EXIT_G | x_R02_EXIT_D | x_R03_EXIT_A | x_R04_EXIT_STAIRWELL | x_R05_EXIT_D | x_R06_EXIT_H | x_R07_EXIT_STAIRWELL | x_R08_EXIT_A | x_R09_EXIT_H | x_R10_EXIT_E | x_R11_EXIT_D | x_R12_EXIT_A | x_R13_EXIT_B | x_R14_EXIT_D | x_R15_EXIT_B | x_R16_EXIT_C | x_R20_EXIT_H | x_R24_EXIT_E | x_R25_EXIT_D | x_R28_EXIT_E | x_R29_EXIT_G | x_R30_EXIT_C | x_R31_EXIT_G | x_R32_EXIT_F | x_R33_EXIT_STAIRWELL | x_R34_EXIT_E | x_R35_EXIT_C | x_R36_EXIT_F
19,0.6860824210007195,1,True,0,28,x_R01_EXIT_H | x_R02_EXIT_B | x_R03_EXIT_E | x_R04_EXIT_D | x_R05_EXIT_H | x_R06_EXIT_H | x_R07_EXIT_C | x_R08_EXIT_G | x_R09_EXIT_D | x_R10_EXIT_E | x_R11_EXIT_D | x_R12_EXIT_B | x_R13_EXIT_B | x_R14_EXIT_A | x_R15_EXIT_C | x_R16_EXIT_E | x_R20_EXIT_F | x_R24_EXIT_C | x_R25_EXIT_STAIRWELL | x_R28_EXIT_G | x_R29_EXIT_STAIRWELL | x_R30_EXIT_G | x_R31_EXIT_F | x_R32_EXIT_F | x_R33_EXIT_D | x_R34_EXIT_D | x_R35_EXIT_A | x_R36_EXIT_STAIRWELL
20,0.6862539723528585,1,True,0,28,x_R01_EXIT_C | x_R02_EXIT_B | x_R03_EXIT_F | x_R04_EXIT_H | x_R05_EXIT_D | x_R06_EXIT_C | x_R07_EXIT_E | x_R08_EXIT_G | x_R09_EXIT_STAIRWELL | x_R10_EXIT_B | x_R11_EXIT_A | x_R12_EXIT_F | x_R13_EXIT_H | x_R14_EXIT_A | x_R15_EXIT_D | x_R16_EXIT_B | x_R20_EXIT_C | x_R24_EXIT_G | x_R25_EXIT_C | x_R28_EXIT_F | x_R29_EXIT_STAIRWELL | x_R30_EXIT_STAIRWELL | x_R31_EXIT_STAIRWELL | x_R32_EXIT_STAIRWELL | x_R33_EXIT_E | x_R34_EXIT_C | x_R35_EXIT_A | x_R36_EXIT_E
21,0.6872894423727303,1,True,0,28,x_R01_EXIT_H | x_R02_EXIT_STAIRWELL | x_R03_EXIT_B | x_R04_EXIT_F | x_R05_EXIT_C | x_R06_EXIT_F | x_R07_EXIT_H | x_R08_EXIT_A | x_R09_EXIT_B | x_R10_EXIT_D | x_R11_EXIT_A | x_R12_EXIT_A | x_R13_EXIT_E | x_R14_EXIT_C | x_R15_EXIT_F | x_R16_EXIT_A | x_R20_EXIT_F | x_R24_EXIT_E | x_R25_EXIT_G | x_R28_EXIT_G | x_R29_EXIT_H | x_R30_EXIT_F | x_R31_EXIT_D | x_R32_EXIT_D | x_R33_EXIT_E | x_R34_EXIT_F | x_R35_EXIT_A | x_R36_EXIT_STAIRWELL
22,0.6900072088449747,1,True,0,28,x_R01_EXIT_G | x_R02_EXIT_D | x_R03_EXIT_E | x_R04_EXIT_A | x_R05_EXIT_C | x_R06_EXIT_STAIRWELL | x_R07_EXIT_A | x_R08_EXIT_A | x_R09_EXIT_H | x_R10_EXIT_B | x_R11_EXIT_H | x_R12_EXIT_B | x_R13_EXIT_A | x_R14_EXIT_G | x_R15_EXIT_C | x_R16_EXIT_C | x_R20_EXIT_STAIRWELL | x_R24_EXIT_STAIRWELL | x_R25_EXIT_E | x_R28_EXIT_G | x_R29_EXIT_STAIRWELL | x_R30_EXIT_D | x_R31_EXIT_STAIRWELL | x_R32_EXIT_STAIRWELL | x_R33_EXIT_B | x_R34_EXIT_D | x_R35_EXIT_A | x_R36_EXIT_G
23,0.6904242899211113,1,True,0,28,x_R01_EXIT_C | x_R02_EXIT_F | x_R03_EXIT_A | x_R04_EXIT_C | x_R05_EXIT_C | x_R06_EXIT_STAIRWELL | x_R07_EXIT_B | x_R08_EXIT_A | x_R09_EXIT_C | x_R10_EXIT_C | x_R11_EXIT_D | x_R12_EXIT_D | x_R13_EXIT_B | x_R14_EXIT_D | x_R15_EXIT_C | x_R16_EXIT_E | x_R20_EXIT_D | x_R24_EXIT_STAIRWELL | x_R25_EXIT_STAIRWELL | x_R28_EXIT_B | x_R29_EXIT_E | x_R30_EXIT_STAIRWELL | x_R31_EXIT_STAIRWELL | x_R32_EXIT_STAIRWELL | x_R33_EXIT_H | x_R34_EXIT_E | x_R35_EXIT_C | x_R36_EXIT_A
24,0.6907102299446137,1,True,0,28,x_R01_EXIT_F | x_R02_EXIT_A | x_R03_EXIT_STAIRWELL | x_R04_EXIT_D | x_R05_EXIT_STAIRWELL | x_R06_EXIT_C | x_R07_EXIT_H | x_R08_EXIT_A | x_R09_EXIT_STAIRWELL | x_R10_EXIT_B | x_R11_EXIT_B | x_R12_EXIT_B | x_R13_EXIT_D | x_R14_EXIT_A | x_R15_EXIT_B | x_R16_EXIT_C | x_R20_EXIT_H | x_R24_EXIT_D | x_R25_EXIT_F | x_R28_EXIT_G | x_R29_EXIT_F | x_R30_EXIT_E | x_R31_EXIT_STAIRWELL | x_R32_EXIT_G | x_R33_EXIT_G | x_R34_EXIT_STAIRWELL | x_R35_EXIT_C | x_R36_EXIT_C
25,0.6916665904549291,1,True,0,28,x_R01_EXIT_B | x_R02_EXIT_H | x_R03_EXIT_F | x_R04_EXIT_A | x_R05_EXIT_C | x_R06_EXIT_C | x_R07_EXIT_STAIRWELL | x_R08_EXIT_H | x_R09_EXIT_A | x_R10_EXIT_A | x_R11_EXIT_C | x_R12_EXIT_C | x_R13_EXIT_H | x_R14_EXIT_H | x_R15_EXIT_D | x_R16_EXIT_A | x_R20_EXIT_STAIRWELL | x_R24_EXIT_E | x_R25_EXIT_H | x_R28_EXIT_E | x_R29_EXIT_H | x_R30_EXIT_A | x_R31_EXIT_G | x_R32_EXIT_H | x_R33_EXIT_B | x_R34_EXIT_A | x_R35_EXIT_A | x_R36_EXIT_G
26,0.6932638249170964,1,True,0,28,x_R01_EXIT_C | x_R02_EXIT_H | x_R03_EXIT_A | x_R04_EXIT_A | x_R05_EXIT_F | x_R06_EXIT_B | x_R07_EXIT_STAIRWELL | x_R08_EXIT_H | x_R09_EXIT_H | x_R10_EXIT_G | x_R11_EXIT_STAIRWELL | x_R12_EXIT_D | x_R13_EXIT_STAIRWELL | x_R14_EXIT_B | x_R15_EXIT_F | x_R16_EXIT_STAIRWELL | x_R20_EXIT_E | x_R24_EXIT_F | x_R25_EXIT_D | x_R28_EXIT_STAIRWELL | x_R29_EXIT_D | x_R30_EXIT_D | x_R31_EXIT_F | x_R32_EXIT_E | x_R33_EXIT_E | x_R34_EXIT_F | x_R35_EXIT_E | x_R36_EXIT_STAIRWELL
27,0.6954269798769701,1,True,0,28,x_R01_EXIT_C | x_R02_EXIT_B | x_R03_EXIT_B | x_R04_EXIT_C | x_R05_EXIT_F | x_R06_EXIT_D | x_R07_EXIT_D | x_R08_EXIT_H | x_R09_EXIT_B | x_R10_EXIT_D | x_R11_EXIT_D | x_R12_EXIT_E | x_R13_EXIT_STAIRWELL | x_R14_EXIT_G | x_R15_EXIT_D | x_R16_EXIT_E | x_R20_EXIT_G | x_R24_EXIT_B | x_R25_EXIT_F | x_R28_EXIT_H | x_R29_EXIT_D | x_R30_EXIT_E | x_R31_EXIT_F | x_R32_EXIT_E | x_R33_EXIT_STAIRWELL | x_R34_EXIT_G | x_R35_EXIT_B | x_R36_EXIT_A
28,0.6964266520080855,1,True,0,28,x_R01_EXIT_E | x_R02_EXIT_A | x_R03_EXIT_STAIRWELL | x_R04_EXIT_D | x_R05_EXIT_C | x_R06_EXIT_B | x_R07_EXIT_B | x_R08_EXIT_H | x_R09_EXIT_E | x_R10_EXIT_G | x_R11_EXIT_C | x_R12_EXIT_B | x_R13_EXIT_H | x_R14_EXIT_C | x_R15_EXIT_G | x_R16_EXIT_H | x_R20_EXIT_STAIRWELL | x_R24_EXIT_STAIRWELL | x_R25_EXIT_C | x_R28_EXIT_D | x_R29_EXIT_G | x_R30_EXIT_G | x_R31_EXIT_E | x_R32_EXIT_G | x_R33_EXIT_G | x_R34_EXIT_G | x_R35_EXIT_A | x_R36_EXIT_F
29,0.696608419645429,1,True,0,28,x_R01_EXIT_B | x_R02_EXIT_A | x_R03_EXIT_E | x_R04_EXIT_B | x_R05_EXIT_D | x_R06_EXIT_STAIRWELL | x_R07_EXIT_D | x_R08_EXIT_F | x_R09_EXIT_G | x_R10_EXIT_A | x_R11_EXIT_D | x_R12_EXIT_D | x_R13_EXIT_A | x_R14_EXIT_B | x_R15_EXIT_D | x_R16_EXIT_B | x_R20_EXIT_STAIRWELL | x_R24_EXIT_A | x_R25_EXIT_G | x_R28_EXIT_G | x_R29_EXIT_C | x_R30_EXIT_F | x_R31_EXIT_G | x_R32_EXIT_G | x_R33_EXIT_STAIRWELL | x_R34_EXIT_STAIRWELL | x_R35_EXIT_H | x_R36_EXIT_D
30,0.6973582976799548,1,True,0,28,x_R01_EXIT_A | x_R02_EXIT_D | x_R03_EXIT_B | x_R04_EXIT_B | x_R05_EXIT_E | x_R06_EXIT_D | x_R07_EXIT_D | x_R08_EXIT_F | x_R09_EXIT_H | x_R10_EXIT_STAIRWELL | x_R11_EXIT_H | x_R12_EXIT_D | x_R13_EXIT_H | x_R14_EXIT_H | x_R15_EXIT_STAIRWELL | x_R16_EXIT_STAIRWELL | x_R20_EXIT_STAIRWELL | x_R24_EXIT_A | x_R25_EXIT_B | x_R28_EXIT_G | x_R29_EXIT_A | x_R30_EXIT_STAIRWELL | x_R31_EXIT_D | x_R32_EXIT_C | x_R33_EXIT_C | x_R34_EXIT_C | x_R35_EXIT_H | x_R36_EXIT_H
31,0.6974187899497792,1,True,0,28,x_R01_EXIT_STAIRWELL | x_R02_EXIT_A | x_R03_EXIT_B | x_R04_EXIT_F | x_R05_EXIT_STAIRWELL | x_R06_EXIT_B | x_R07_EXIT_B | x_R08_EXIT_H | x_R09_EXIT_B | x_R10_EXIT_D | x_R11_EXIT_D | x_R12_EXIT_F | x_R13_EXIT_A | x_R14_EXIT_G | x_R15_EXIT_A | x_R16_EXIT_C | x_R20_EXIT_F | x_R24_EXIT_F | x_R25_EXIT_A | x_R28_EXIT_E | x_R29_EXIT_D | x_R30_EXIT_B | x_R31_EXIT_H | x_R32_EXIT_B | x_R33_EXIT_D | x_R34_EXIT_STAIRWELL | x_R35_EXIT_H | x_R36_EXIT_STAIRWELL
32,0.6975855505306185,1,True,0,28,x_R01_EXIT_C | x_R02_EXIT_B | x_R03_EXIT_C | x_R04_EXIT_F | x_R05_EXIT_A | x_R06_EXIT_F | x_R07_EXIT_H | x_R08_EXIT_E | x_R09_EXIT_STAIRWELL | x_R10_EXIT_STAIRWELL | x_R11_EXIT_C | x_R12_EXIT_B | x_R13_EXIT_B | x_R14_EXIT_F | x_R15_EXIT_A | x_R16_EXIT_E | x_R20_EXIT_STAIRWELL | x_R24_EXIT_STAIRWELL | x_R25_EXIT_STAIRWELL | x_R28_EXIT_G | x_R29_EXIT_G | x_R30_EXIT_A | x_R31_EXIT_F | x_R32_EXIT_F | x_R33_EXIT_E | x_R34_EXIT_E | x_R35_EXIT_G | x_R36_EXIT_D
33,0.7006747585093649,1,True,0,28,x_R01_EXIT_B | x_R02_EXIT_H | x_R03_EXIT_STAIRWELL | x_R04_EXIT_D | x_R05_EXIT_H | x_R06_EXIT_D | x_R07_EXIT_C | x_R08_EXIT_B | x_R09_EXIT_STAIRWELL | x_R10_EXIT_E | x_R11_EXIT_B | x_R12_EXIT_B | x_R13_EXIT_D | x_R14_EXIT_A | x_R15_EXIT_B | x_R16_EXIT_E | x_R20_EXIT_STAIRWELL | x_R24_EXIT_F | x_R25_EXIT_E | x_R28_EXIT_G | x_R29_EXIT_STAIRWELL | x_R30_EXIT_E | x_R31_EXIT_H | x_R32_EXIT_B | x_R33_EXIT_E | x_R34_EXIT_H | x_R35_EXIT_B | x_R36_EXIT_F
34,0.7015743350455637,1,True,0,28,x_R01_EXIT_A | x_R02_EXIT_H | x_R03_EXIT_A | x_R04_EXIT_D | x_R05_EXIT_C | x_R06_EXIT_STAIRWELL | x_R07_EXIT_G | x_R08_EXIT_B | x_R09_EXIT_H | x_R10_EXIT_F | x_R11_EXIT_A | x_R12_EXIT_D | x_R13_EXIT_STAIRWELL | x_R14_EXIT_A | x_R15_EXIT_STAIRWELL | x_R16_EXIT_H | x_R20_EXIT_D | x_R24_EXIT_F | x_R25_EXIT_C | x_R28_EXIT_STAIRWELL | x_R29_EXIT_G | x_R30_EXIT_F | x_R31_EXIT_D | x_R32_EXIT_STAIRWELL | x_R33_EXIT_D | x_R34_EXIT_H | x_R35_EXIT_F | x_R36_EXIT_H
35,0.7029626651064405,1,True,0,28,x_R01_EXIT_A | x_R02_EXIT_F | x_R03_EXIT_B | x_R04_EXIT_E | x_R05_EXIT_B | x_R06_EXIT_D | x_R07_EXIT_E | x_R08_EXIT_STAIRWELL | x_R09_EXIT_H | x_R10_EXIT_B | x_R11_EXIT_C | x_R12_EXIT_F | x_R13_EXIT_G | x_R14_EXIT_H | x_R15_EXIT_STAIRWELL | x_R16_EXIT_D | x_R20_EXIT_E | x_R24_EXIT_F | x_R25_EXIT_STAIRWELL | x_R28_EXIT_STAIRWELL | x_R29_EXIT_C | x_R30_EXIT_H | x_R31_EXIT_B | x_R32_EXIT_D | x_R33_EXIT_STAIRWELL | x_R34_EXIT_F | x_R35_EXIT_E | x_R36_EXIT_F
36,0.7031049658779693,1,True,0,28,x_R01_EXIT_H | x_R02_EXIT_D | x_R03_EXIT_B | x_R04_EXIT_A | x_R05_EXIT_C | x_R06_EXIT_D | x_R07_EXIT_D | x_R08_EXIT_A | x_R09_EXIT_E | x_R10_EXIT_D | x_R11_EXIT_STAIRWELL | x_R12_EXIT_G | x_R13_EXIT_B | x_R14_EXIT_H | x_R15_EXIT_B | x_R16_EXIT_E | x_R20_EXIT_F | x_R24_EXIT_D | x_R25_EXIT_G | x_R28_EXIT_E | x_R29_EXIT_STAIRWELL | x_R30_EXIT_STAIRWELL | x_R31_EXIT_A | x_R32_EXIT_H | x_R33_EXIT_F | x_R34_EXIT_H | x_R35_EXIT_C | x_R36_EXIT_STAIRWELL
37,0.7034117146261565,1,True,0,28,x_R01_EXIT_F | x_R02_EXIT_C | x_R03_EXIT_B | x_R04_EXIT_B | x_R05_EXIT_C | x_R06_EXIT_A | x_R07_EXIT_STAIRWELL | x_R08_EXIT_B | x_R09_EXIT_H | x_R10_EXIT_STAIRWELL | x_R11_EXIT_B | x_R12_EXIT_F | x_R13_EXIT_A | x_R14_EXIT_C | x_R15_EXIT_H | x_R16_EXIT_STAIRWELL | x_R20_EXIT_B | x_R24_EXIT_STAIRWELL | x_R25_EXIT_G | x_R28_EXIT_B | x_R29_EXIT_H | x_R30_EXIT_G | x_R31_EXIT_STAIRWELL | x_R32_EXIT_G | x_R33_EXIT_G | x_R34_EXIT_D | x_R35_EXIT_A | x_R36_EXIT_F
38,0.7053824165038804,1,True,0,28,x_R01_EXIT_A | x_R02_EXIT_G | x_R03_EXIT_C | x_R04_EXIT_F | x_R05_EXIT_B | x_R06_EXIT_A | x_R07_EXIT_STAIRWELL | x_R08_EXIT_A | x_R09_EXIT_D | x_R10_EXIT_STAIRWELL | x_R11_EXIT_H | x_R12_EXIT_STAIRWELL | x_R13_EXIT_A | x_R14_EXIT_E | x_R15_EXIT_D | x_R16_EXIT_STAIRWELL | x_R20_EXIT_C | x_R24_EXIT_STAIRWELL | x_R25_EXIT_B | x_R28_EXIT_F | x_R29_EXIT_E | x_R30_EXIT_D | x_R31_EXIT_STAIRWELL | x_R32_EXIT_F | x_R33_EXIT_STAIRWELL | x_R34_EXIT_E | x_R35_EXIT_A | x_R36_EXIT_D
39,0.7055981871556014,1,True,0,28,x_R01_EXIT_STAIRWELL | x_R02_EXIT_STAIRWELL | x_R03_EXIT_B | x_R04_EXIT_B | x_R05_EXIT_E | x_R06_EXIT_F | x_R07_EXIT_C | x_R08_EXIT_H | x_R09_EXIT_F | x_R10_EXIT_STAIRWELL | x_R11_EXIT_B | x_R12_EXIT_E | x_R13_EXIT_H | x_R14_EXIT_B | x_R15_EXIT_D | x_R16_EXIT_STAIRWELL | x_R20_EXIT_D | x_R24_EXIT_D | x_R25_EXIT_D | x_R28_EXIT_H | x_R29_EXIT_G | x_R30_EXIT_H | x_R31_EXIT_F | x_R32_EXIT_D | x_R33_EXIT_D | x_R34_EXIT_F | x_R35_EXIT_E | x_R36_EXIT_A
40,0.7068223763751575,1,True,0,28,x_R01_EXIT_F | x_R02_EXIT_STAIRWELL | x_R03_EXIT_D | x_R04_EXIT_G | x_R05_EXIT_C | x_R06_EXIT_B | x_R07_EXIT_C | x_R08_EXIT_H | x_R09_EXIT_A | x_R10_EXIT_STAIRWELL | x_R11_EXIT_STAIRWELL | x_R12_EXIT_STAIRWELL | x_R13_EXIT_H | x_R14_EXIT_G | x_R15_EXIT_H | x_R16_EXIT_C | x_R20_EXIT_STAIRWELL | x_R24_EXIT_B | x_R25_EXIT_F | x_R28_EXIT_STAIRWELL | x_R29_EXIT_E | x_R30_EXIT_D | x_R31_EXIT_E | x_R32_EXIT_F | x_R33_EXIT_STAIRWELL | x_R34_EXIT_D | x_R35_EXIT_H | x_R36_EXIT_A
41,0.7074998005408588,1,True,0,28,x_R01_EXIT_STAIRWELL | x_R02_EXIT_D | x_R03_EXIT_F | x_R04_EXIT_H | x_R05_EXIT_E | x_R06_EXIT_B | x_R07_EXIT_D | x_R08_EXIT_B | x_R09_EXIT_B | x_R10_EXIT_B | x_R11_EXIT_B | x_R12_EXIT_D | x_R13_EXIT_H | x_R14_EXIT_D | x_R15_EXIT_A | x_R16_EXIT_D | x_R20_EXIT_E | x_R24_EXIT_D | x_R25_EXIT_F | x_R28_EXIT_STAIRWELL | x_R29_EXIT_G | x_R30_EXIT_F | x_R31_EXIT_STAIRWELL | x_R32_EXIT_F | x_R33_EXIT_C | x_R34_EXIT_C | x_R35_EXIT_G | x_R36_EXIT_STAIRWELL
42,0.7082907798462657,1,True,0,28,x_R01_EXIT_A | x_R02_EXIT_A | x_R03_EXIT_E | x_R04_EXIT_C | x_R05_EXIT_A | x_R06_EXIT_STAIRWELL | x_R07_EXIT_B | x_R08_EXIT_E | x_R09_EXIT_C | x_R10_EXIT_D | x_R11_EXIT_G | x_R12_EXIT_STAIRWELL | x_R13_EXIT_STAIRWELL | x_R14_EXIT_C | x_R15_EXIT_D | x_R16_EXIT_D | x_R20_EXIT_A | x_R24_EXIT_H | x_R25_EXIT_STAIRWELL | x_R28_EXIT_G | x_R29_EXIT_STAIRWELL | x_R30_EXIT_E | x_R31_EXIT_F | x_R32_EXIT_D | x_R33_EXIT_B | x_R34_EXIT_STAIRWELL | x_R35_EXIT_A | x_R36_EXIT_D
43,0.7087543621386203,1,True,0,28,x_R01_EXIT_H | x_R02_EXIT_STAIRWELL | x_R03_EXIT_C | x_R04_EXIT_C | x_R05_EXIT_D | x_R06_EXIT_D | x_R07_EXIT_B | x_R08_EXIT_D | x_R09_EXIT_D | x_R10_EXIT_B | x_R11_EXIT_C | x_R12_EXIT_B | x_R13_EXIT_B | x_R14_EXIT_H | x_R15_EXIT_A | x_R16_EXIT_STAIRWELL | x_R20_EXIT_C | x_R24_EXIT_STAIRWELL | x_R25_EXIT_D | x_R28_EXIT_D | x_R29_EXIT_D | x_R30_EXIT_A | x_R31_EXIT_H | x_R32_EXIT_E | x_R33_EXIT_D | x_R34_EXIT_STAIRWELL | x_R35_EXIT_A | x_R36_EXIT_STAIRWELL
44,0.7100724451430551,1,True,0,28,x_R01_EXIT_B | x_R02_EXIT_A | x_R03_EXIT_A | x_R04_EXIT_A | x_R05_EXIT_D | x_R06_EXIT_B | x_R07_EXIT_D | x_R08_EXIT_H | x_R09_EXIT_B | x_R10_EXIT_STAIRWELL | x_R11_EXIT_C | x_R12_EXIT_F | x_R13_EXIT_E | x_R14_EXIT_D | x_R15_EXIT_D | x_R16_EXIT_D | x_R20_EXIT_F | x_R24_EXIT_G | x_R25_EXIT_E | x_R28_EXIT_F | x_R29_EXIT_E | x_R30_EXIT_E | x_R31_EXIT_E | x_R32_EXIT_A | x_R33_EXIT_C | x_R34_EXIT_D | x_R35_EXIT_A | x_R36_EXIT_D
45,0.7100761866909693,1,True,0,28,x_R01_EXIT_G | x_R02_EXIT_B | x_R03_EXIT_B | x_R04_EXIT_H | x_R05_EXIT_STAIRWELL | x_R06_EXIT_B | x_R07_EXIT_STAIRWELL | x_R08_EXIT_H | x_R09_EXIT_H | x_R10_EXIT_A | x_R11_EXIT_D | x_R12_EXIT_STAIRWELL | x_R13_EXIT_A | x_R14_EXIT_STAIRWELL | x_R15_EXIT_F | x_R16_EXIT_D | x_R20_EXIT_D | x_R24_EXIT_B | x_R25_EXIT_D | x_R28_EXIT_H | x_R29_EXIT_G | x_R30_EXIT_STAIRWELL | x_R31_EXIT_H | x_R32_EXIT_F | x_R33_EXIT_A | x_R34_EXIT_STAIRWELL | x_R35_EXIT_E | x_R36_EXIT_A
46,0.7101557653717805,1,True,0,28,x_R01_EXIT_B | x_R02_EXIT_E | x_R03_EXIT_STAIRWELL | x_R04_EXIT_G | x_R05_EXIT_C | x_R06_EXIT_C | x_R07_EXIT_C | x_R08_EXIT_F | x_R09_EXIT_H | x_R10_EXIT_C | x_R11_EXIT_C | x_R12_EXIT_D | x_R13_EXIT_A | x_R14_EXIT_A | x_R15_EXIT_H | x_R16_EXIT_F | x_R20_EXIT_C | x_R24_EXIT_D | x_R25_EXIT_B | x_R28_EXIT_E | x_R29_EXIT_STAIRWELL | x_R30_EXIT_D | x_R31_EXIT_A | x_R32_EXIT_H | x_R33_EXIT_C | x_R34_EXIT_F | x_R35_EXIT_B | x_R36_EXIT_H
47,0.7105455757622394,1,True,0,28,x_R01_EXIT_A | x_R02_EXIT_C | x_R03_EXIT_B | x_R04_EXIT_B | x_R05_EXIT_F | x_R06_EXIT_F | x_R07_EXIT_F | x_R08_EXIT_A | x_R09_EXIT_A | x_R10_EXIT_F | x_R11_EXIT_H | x_R12_EXIT_C | x_R13_EXIT_H | x_R14_EXIT_E | x_R15_EXIT_B | x_R16_EXIT_F | x_R20_EXIT_C | x_R24_EXIT_D | x_R25_EXIT_B | x_R28_EXIT_D | x_R29_EXIT_G | x_R30_EXIT_STAIRWELL | x_R31_EXIT_F | x_R32_EXIT_E | x_R33_EXIT_C | x_R34_EXIT_A | x_R35_EXIT_H | x_R36_EXIT_G
48,0.7112422585823879,1,True,0,28,x_R01_EXIT_A | x_R02_EXIT_G | x_R03_EXIT_STAIRWELL | x_R04_EXIT_STAIRWELL | x_R05_EXIT_C | x_R06_EXIT_G | x_R07_EXIT_B | x_R08_EXIT_B | x_R09_EXIT_F | x_R10_EXIT_E | x_R11_EXIT_D | x_R12_EXIT_B | x_R13_EXIT_E | x_R14_EXIT_H | x_R15_EXIT_D | x_R16_EXIT_B | x_R20_EXIT_E | x_R24_EXIT_D | x_R25_EXIT_STAIRWELL | x_R28_EXIT_F | x_R29_EXIT_H | x_R30_EXIT_G | x_R31_EXIT_G | x_R32_EXIT_F | x_R33_EXIT_A | x_R34_EXIT_E | x_R35_EXIT_C | x_R36_EXIT_B
49,0.7148460285928877,1,True,0,28,x_R01_EXIT_B | x_R02_EXIT_A | x_R03_EXIT_A | x_R04_EXIT_B | x_R05_EXIT_G | x_R06_EXIT_G | x_R07_EXIT_C | x_R08_EXIT_G | x_R09_EXIT_C | x_R10_EXIT_F | x_R11_EXIT_B | x_R12_EXIT_F | x_R13_EXIT_STAIRWELL | x_R14_EXIT_B | x_R15_EXIT_F | x_R16_EXIT_C | x_R20_EXIT_STAIRWELL | x_R24_EXIT_F | x_R25_EXIT_G | x_R28_EXIT_F | x_R29_EXIT_G | x_R30_EXIT_C | x_R31_EXIT_H | x_R32_EXIT_F | x_R33_EXIT_F | x_R34_EXIT_B | x_R35_EXIT_C | x_R36_EXIT_H
50,0.7149192613206878,1,True,0,28,x_R01_EXIT_A | x_R02_EXIT_D | x_R03_EXIT_D | x_R04_EXIT_B | x_R05_EXIT_A | x_R06_EXIT_C | x_R07_EXIT_C | x_R08_EXIT_B | x_R09_EXIT_D | x_R10_EXIT_C | x_R11_EXIT_D | x_R12_EXIT_F | x_R13_EXIT_C | x_R14_EXIT_STAIRWELL | x_R15_EXIT_H | x_R16_EXIT_D | x_R20_EXIT_E | x_R24_EXIT_B | x_R25_EXIT_F | x_R28_EXIT_F | x_R29_EXIT_D | x_R30_EXIT_H | x_R31_EXIT_C | x_R32_EXIT_G | x_R33_EXIT_B | x_R34_EXIT_STAIRWELL | x_R35_EXIT_STAIRWELL | x_R36_EXIT_F
51,0.7153049514672034,1,True,0,28,x_R01_EXIT_B | x_R02_EXIT_F | x_R03_EXIT_B | x_R04_EXIT_F | x_R05_EXIT_B | x_R06_EXIT_C | x_R07_EXIT_G | x_R08_EXIT_STAIRWELL | x_R09_EXIT_STAIRWELL | x_R10_EXIT_E | x_R11_EXIT_A | x_R12_EXIT_C | x_R13_EXIT_A | x_R14_EXIT_H | x_R15_EXIT_A | x_R16_EXIT_B | x_R20_EXIT_D | x_R24_EXIT_STAIRWELL | x_R25_EXIT_C | x_R28_EXIT_H | x_R29_EXIT_A | x_R30_EXIT_G | x_R31_EXIT_F | x_R32_EXIT_STAIRWELL | x_R33_EXIT_F | x_R34_EXIT_C | x_R35_EXIT_C | x_R36_EXIT_STAIRWELL
52,0.7153316957556513,1,True,0,28,x_R01_EXIT_A | x_R02_EXIT_D | x_R03_EXIT_B | x_R04_EXIT_B | x_R05_EXIT_B | x_R06_EXIT_C | x_R07_EXIT_B | x_R08_EXIT_A | x_R09_EXIT_STAIRWELL | x_R10_EXIT_G | x_R11_EXIT_A | x_R12_EXIT_A | x_R13_EXIT_G | x_R14_EXIT_H | x_R15_EXIT_B | x_R16_EXIT_G | x_R20_EXIT_A | x_R24_EXIT_D | x_R25_EXIT_E | x_R28_EXIT_STAIRWELL | x_R29_EXIT_STAIRWELL | x_R30_EXIT_B | x_R31_EXIT_A | x_R32_EXIT_D | x_R33_EXIT_D | x_R34_EXIT_D | x_R35_EXIT_H | x_R36_EXIT_STAIRWELL
53,0.7154353366466353,1,True,0,28,x_R01_EXIT_STAIRWELL | x_R02_EXIT_C | x_R03_EXIT_A | x_R04_EXIT_G | x_R05_EXIT_E | x_R06_EXIT_STAIRWELL | x_R07_EXIT_D | x_R08_EXIT_H | x_R09_EXIT_H | x_R10_EXIT_STAIRWELL | x_R11_EXIT_C | x_R12_EXIT_STAIRWELL | x_R13_EXIT_H | x_R14_EXIT_B | x_R15_EXIT_G | x_R16_EXIT_STAIRWELL | x_R20_EXIT_A | x_R24_EXIT_STAIRWELL | x_R25_EXIT_D | x_R28_EXIT_STAIRWELL | x_R29_EXIT_C | x_R30_EXIT_D | x_R31_EXIT_F | x_R32_EXIT_E | x_R33_EXIT_STAIRWELL | x_R34_EXIT_F | x_R35_EXIT_B | x_R36_EXIT_G
54,0.7156295794874836,1,True,0,28,x_R01_EXIT_H | x_R02_EXIT_STAIRWELL | x_R03_EXIT_STAIRWELL | x_R04_EXIT_H | x_R05_EXIT_H | x_R06_EXIT_F | x_R07_EXIT_C | x_R08_EXIT_F | x_R09_EXIT_STAIRWELL | x_R10_EXIT_F | x_R11_EXIT_C | x_R12_EXIT_E | x_R13_EXIT_H | x_R14_EXIT_H | x_R15_EXIT_G | x_R16_EXIT_F | x_R20_EXIT_F | x_R24_EXIT_F | x_R25_EXIT_B | x_R28_EXIT_G | x_R29_EXIT_F | x_R30_EXIT_STAIRWELL | x_R31_EXIT_B | x_R32_EXIT_G | x_R33_EXIT_F | x_R34_EXIT_F | x_R35_EXIT_D | x_R36_EXIT_H
55,0.7165848882027603,1,True,0,28,x_R01_EXIT_D | x_R02_EXIT_D | x_R03_EXIT_D | x_R04_EXIT_B | x_R05_EXIT_B | x_R06_EXIT_C | x_R07_EXIT_STAIRWELL | x_R08_EXIT_STAIRWELL | x_R09_EXIT_B | x_R10_EXIT_E | x_R11_EXIT_H | x_R12_EXIT_H | x_R13_EXIT_H | x_R14_EXIT_H | x_R15_EXIT_A | x_R16_EXIT_C | x_R20_EXIT_D | x_R24_EXIT_G | x_R25_EXIT_C | x_R28_EXIT_G | x_R29_EXIT_B | x_R30_EXIT_B | x_R31_EXIT_STAIRWELL | x_R32_EXIT_B | x_R33_EXIT_STAIRWELL | x_R34_EXIT_H | x_R35_EXIT_A | x_R36_EXIT_H
56,0.7168654982903035,1,True,0,28,x_R01_EXIT_H | x_R02_EXIT_A | x_R03_EXIT_E | x_R04_EXIT_STAIRWELL | x_R05_EXIT_A | x_R06_EXIT_C | x_R07_EXIT_C | x_R08_EXIT_H | x_R09_EXIT_F | x_R10_EXIT_G | x_R11_EXIT_A | x_R12_EXIT_F | x_R13_EXIT_H | x_R14_EXIT_D | x_R15_EXIT_C | x_R16_EXIT_C | x_R20_EXIT_F | x_R24_EXIT_D | x_R25_EXIT_D | x_R28_EXIT_B | x_R29_EXIT_STAIRWELL | x_R30_EXIT_H | x_R31_EXIT_D | x_R32_EXIT_B | x_R33_EXIT_H | x_R34_EXIT_H | x_R35_EXIT_B | x_R36_EXIT_A
57,0.7176558898584631,1,True,0,28,x_R01_EXIT_B | x_R02_EXIT_A | x_R03_EXIT_C | x_R04_EXIT_D | x_R05_EXIT_F | x_R06_EXIT_C | x_R07_EXIT_B | x_R08_EXIT_H | x_R09_EXIT_G | x_R10_EXIT_A | x_R11_EXIT_F | x_R12_EXIT_G | x_R13_EXIT_A | x_R14_EXIT_D | x_R15_EXIT_B | x_R16_EXIT_STAIRWELL | x_R20_EXIT_G | x_R24_EXIT_G | x_R25_EXIT_C | x_R28_EXIT_STAIRWELL | x_R29_EXIT_H | x_R30_EXIT_E | x_R31_EXIT_E | x_R32_EXIT_A | x_R33_EXIT_E | x_R34_EXIT_D | x_R35_EXIT_A | x_R36_EXIT_H
58,0.7187578235024148,1,True,0,28,x_R01_EXIT_F | x_R02_EXIT_D | x_R03_EXIT_B | x_R04_EXIT_B | x_R05_EXIT_H | x_R06_EXIT_STAIRWELL | x_R07_EXIT_H | x_R08_EXIT_E | x_R09_EXIT_B | x_R10_EXIT_D | x_R11_EXIT_F | x_R12_EXIT_STAIRWELL | x_R13_EXIT_STAIRWELL | x_R14_EXIT_A | x_R15_EXIT_G | x_R16_EXIT_D | x_R20_EXIT_STAIRWELL | x_R24_EXIT_C | x_R25_EXIT_D | x_R28_EXIT_C | x_R29_EXIT_STAIRWELL | x_R30_EXIT_F | x_R31_EXIT_E | x_R32_EXIT_F | x_R33_EXIT_C | x_R34_EXIT_G | x_R35_EXIT_A | x_R36_EXIT_A
59,0.7188252417914782,1,True,0,28,x_R01_EXIT_STAIRWELL | x_R02_EXIT_A | x_R03_EXIT_H | x_R04_EXIT_D | x_R05_EXIT_STAIRWELL | x_R06_EXIT_C | x_R07_EXIT_C | x_R08_EXIT_B | x_R09_EXIT_D | x_R10_EXIT_F | x_R11_EXIT_B | x_R12_EXIT_STAIRWELL | x_R13_EXIT_H | x_R14_EXIT_G | x_R15_EXIT_B | x_R16_EXIT_B | x_R20_EXIT_H | x_R24_EXIT_A | x_R25_EXIT_D | x_R28_EXIT_C | x_R29_EXIT_C | x_R30_EXIT_E | x_R31_EXIT_E | x_R32_EXIT_D | x_R33_EXIT_F | x_R34_EXIT_G | x_R35_EXIT_H | x_R36_EXIT_F
60,0.7190428788728696,1,True,0,28,x_R01_EXIT_D | x_R02_EXIT_C | x_R03_EXIT_C | x_R04_EXIT_D | x_R05_EXIT_D | x_R06_EXIT_H | x_R07_EXIT_H | x_R08_EXIT_A | x_R09_EXIT_A | x_R10_EXIT_D | x_R11_EXIT_C | x_R12_EXIT_STAIRWELL | x_R13_EXIT_STAIRWELL | x_R14_EXIT_E | x_R15_EXIT_B | x_R16_EXIT_STAIRWELL | x_R20_EXIT_E | x_R24_EXIT_F | x_R25_EXIT_B | x_R28_EXIT_F | x_R29_EXIT_H | x_R30_EXIT_STAIRWELL | x_R31_EXIT_STAIRWELL | x_R32_EXIT_F | x_R33_EXIT_G | x_R34_EXIT_G | x_R35_EXIT_A | x_R36_EXIT_G
61,0.7194887209139438,1,True,0,28,x_R01_EXIT_A | x_R02_EXIT_STAIRWELL | x_R03_EXIT_E | x_R04_EXIT_F | x_R05_EXIT_B | x_R06_EXIT_B | x_R07_EXIT_STAIRWELL | x_R08_EXIT_C | x_R09_EXIT_STAIRWELL | x_R10_EXIT_E | x_R11_EXIT_C | x_R12_EXIT_H | x_R13_EXIT_A | x_R14_EXIT_F | x_R15_EXIT_D | x_R16_EXIT_C | x_R20_EXIT_E | x_R24_EXIT_H | x_R25_EXIT_H | x_R28_EXIT_H | x_R29_EXIT_STAIRWELL | x_R30_EXIT_D | x_R31_EXIT_E | x_R32_EXIT_STAIRWELL | x_R33_EXIT_G | x_R34_EXIT_E | x_R35_EXIT_H | x_R36_EXIT_B
62,0.7203320158859015,1,True,0,28,x_R01_EXIT_A | x_R02_EXIT_D | x_R03_EXIT_D | x_R04_EXIT_D | x_R05_EXIT_C | x_R06_EXIT_E | x_R07_EXIT_D | x_R08_EXIT_H | x_R09_EXIT_E | x_R10_EXIT_C | x_R11_EXIT_D | x_R12_EXIT_STAIRWELL | x_R13_EXIT_B | x_R14_EXIT_C | x_R15_EXIT_B | x_R16_EXIT_H | x_R20_EXIT_G | x_R24_EXIT_STAIRWELL | x_R25_EXIT_D | x_R28_EXIT_A | x_R29_EXIT_H | x_R30_EXIT_F | x_R31_EXIT_F | x_R32_EXIT_H | x_R33_EXIT_F | x_R34_EXIT_STAIRWELL | x_R35_EXIT_C | x_R36_EXIT_E
63,0.7221954181213732,1,True,0,28,x_R01_EXIT_B | x_R02_EXIT_C | x_R03_EXIT_A | x_R04_EXIT_D | x_R05_EXIT_D | x_R06_EXIT_H | x_R07_EXIT_D | x_R08_EXIT_B | x_R09_EXIT_B | x_R10_EXIT_G | x_R11_EXIT_C | x_R12_EXIT_H | x_R13_EXIT_F | x_R14_EXIT_A | x_R15_EXIT_B | x_R16_EXIT_D | x_R20_EXIT_D | x_R24_EXIT_A | x_R25_EXIT_D | x_R28_EXIT_A | x_R29_EXIT_G | x_R30_EXIT_H | x_R31_EXIT_A | x_R32_EXIT_D | x_R33_EXIT_E | x_R34_EXIT_C | x_R35_EXIT_A | x_R36_EXIT_F
64,0.7236812495858658,1,True,0,28,x_R01_EXIT_D | x_R02_EXIT_A | x_R03_EXIT_A | x_R04_EXIT_B | x_R05_EXIT_C | x_R06_EXIT_H | x_R07_EXIT_F | x_R08_EXIT_STAIRWELL | x_R09_EXIT_E | x_R10_EXIT_C | x_R11_EXIT_C | x_R12_EXIT_STAIRWELL | x_R13_EXIT_A | x_R14_EXIT_G | x_R15_EXIT_G | x_R16_EXIT_H | x_R20_EXIT_STAIRWELL | x_R24_EXIT_STAIRWELL | x_R25_EXIT_F | x_R28_EXIT_D | x_R29_EXIT_G | x_R30_EXIT_B | x_R31_EXIT_D | x_R32_EXIT_E | x_R33_EXIT_STAIRWELL | x_R34_EXIT_G | x_R35_EXIT_B | x_R36_EXIT_G
65,0.7238944832750462,1,True,0,28,x_R01_EXIT_A | x_R02_EXIT_C | x_R03_EXIT_B | x_R04_EXIT_H | x_R05_EXIT_D | x_R06_EXIT_H | x_R07_EXIT_E | x_R08_EXIT_H | x_R09_EXIT_H | x_R10_EXIT_B | x_R11_EXIT_C | x_R12_EXIT_STAIRWELL | x_R13_EXIT_D | x_R14_EXIT_B | x_R15_EXIT_STAIRWELL | x_R16_EXIT_B | x_R20_EXIT_C | x_R24_EXIT_F | x_R25_EXIT_E | x_R28_EXIT_E | x_R29_EXIT_STAIRWELL | x_R30_EXIT_H | x_R31_EXIT_H | x_R32_EXIT_D | x_R33_EXIT_E | x_R34_EXIT_D | x_R35_EXIT_STAIRWELL | x_R36_EXIT_A
66,0.724543368281843,1,True,0,28,x_R01_EXIT_H | x_R02_EXIT_B | x_R03_EXIT_G | x_R04_EXIT_F | x_R05_EXIT_H | x_R06_EXIT_STAIRWELL | x_R07_EXIT_F | x_R08_EXIT_D | x_R09_EXIT_A | x_R10_EXIT_D | x_R11_EXIT_B | x_R12_EXIT_F | x_R13_EXIT_G | x_R14_EXIT_H | x_R15_EXIT_C | x_R16_EXIT_B | x_R20_EXIT_E | x_R24_EXIT_E | x_R25_EXIT_D | x_R28_EXIT_E | x_R29_EXIT_F | x_R30_EXIT_A | x_R31_EXIT_H | x_R32_EXIT_F | x_R33_EXIT_E | x_R34_EXIT_D | x_R35_EXIT_D | x_R36_EXIT_H
67,0.7250336171898653,1,True,0,28,x_R01_EXIT_D | x_R02_EXIT_A | x_R03_EXIT_B | x_R04_EXIT_F | x_R05_EXIT_D | x_R06_EXIT_E | x_R07_EXIT_C | x_R08_EXIT_D | x_R09_EXIT_C | x_R10_EXIT_F | x_R11_EXIT_D | x_R12_EXIT_A | x_R13_EXIT_D | x_R14_EXIT_A | x_R15_EXIT_E | x_R16_EXIT_B | x_R20_EXIT_STAIRWELL | x_R24_EXIT_F | x_R25_EXIT_D | x_R28_EXIT_STAIRWELL | x_R29_EXIT_B | x_R30_EXIT_B | x_R31_EXIT_STAIRWELL | x_R32_EXIT_STAIRWELL | x_R33_EXIT_D | x_R34_EXIT_A | x_R35_EXIT_A | x_R36_EXIT_A
68,0.7258123900940063,1,True,0,28,x_R01_EXIT_B | x_R02_EXIT_D | x_R03_EXIT_B | x_R04_EXIT_F | x_R05_EXIT_E | x_R06_EXIT_D | x_R07_EXIT_STAIRWELL | x_R08_EXIT_F | x_R09_EXIT_B | x_R10_EXIT_E | x_R11_EXIT_C | x_R12_EXIT_B | x_R13_EXIT_E | x_R14_EXIT_D | x_R15_EXIT_D | x_R16_EXIT_H | x_R20_EXIT_STAIRWELL | x_R24_EXIT_F | x_R25_EXIT_STAIRWELL | x_R28_EXIT_F | x_R29_EXIT_G | x_R30_EXIT_E | x_R31_EXIT_B | x_R32_EXIT_C | x_R33_EXIT_F | x_R34_EXIT_G | x_R35_EXIT_B | x_R36_EXIT_H
69,0.7259692619793441,1,True,0,28,x_R01_EXIT_A | x_R02_EXIT_H | x_R03_EXIT_H | x_R04_EXIT_C | x_R05_EXIT_B | x_R06_EXIT_C | x_R07_EXIT_D | x_R08_EXIT_A | x_R09_EXIT_B | x_R10_EXIT_H | x_R11_EXIT_H | x_R12_EXIT_G | x_R13_EXIT_F | x_R14_EXIT_A | x_R15_EXIT_A | x_R16_EXIT_E | x_R20_EXIT_E | x_R24_EXIT_F | x_R25_EXIT_C | x_R28_EXIT_H | x_R29_EXIT_H | x_R30_EXIT_F | x_R31_EXIT_H | x_R32_EXIT_E | x_R33_EXIT_H | x_R34_EXIT_STAIRWELL | x_R35_EXIT_H | x_R36_EXIT_A
70,0.7260705723730325,1,True,0,28,x_R01_EXIT_A | x_R02_EXIT_E | x_R03_EXIT_D | x_R04_EXIT_C | x_R05_EXIT_C | x_R06_EXIT_STAIRWELL | x_R07_EXIT_H | x_R08_EXIT_F | x_R09_EXIT_E | x_R10_EXIT_C | x_R11_EXIT_D | x_R12_EXIT_C | x_R13_EXIT_D | x_R14_EXIT_B | x_R15_EXIT_F | x_R16_EXIT_C | x_R20_EXIT_G | x_R24_EXIT_STAIRWELL | x_R25_EXIT_A | x_R28_EXIT_H | x_R29_EXIT_F | x_R30_EXIT_F | x_R31_EXIT_A | x_R32_EXIT_E | x_R33_EXIT_C | x_R34_EXIT_STAIRWELL | x_R35_EXIT_A | x_R36_EXIT_STAIRWELL
71,0.7266825095904323,1,True,0,28,x_R01_EXIT_F | x_R02_EXIT_A | x_R03_EXIT_STAIRWELL | x_R04_EXIT_F | x_R05_EXIT_H | x_R06_EXIT_D | x_R07_EXIT_C | x_R08_EXIT_A | x_R09_EXIT_E | x_R10_EXIT_B | x_R11_EXIT_C | x_R12_EXIT_G | x_R13_EXIT_B | x_R14_EXIT_STAIRWELL | x_R15_EXIT_C | x_R16_EXIT_C | x_R20_EXIT_H | x_R24_EXIT_STAIRWELL | x_R25_EXIT_C | x_R28_EXIT_F | x_R29_EXIT_G | x_R30_EXIT_G | x_R31_EXIT_C | x_R32_EXIT_D | x_R33_EXIT_H | x_R34_EXIT_A | x_R35_EXIT_H | x_R36_EXIT_STAIRWELL
72,0.7267313004090283,1,True,0,28,x_R01_EXIT_E | x_R02_EXIT_F | x_R03_EXIT_B | x_R04_EXIT_B | x_R05_EXIT_F | x_R06_EXIT_E | x_R07_EXIT_B | x_R08_EXIT_C | x_R09_EXIT_F | x_R10_EXIT_E | x_R11_EXIT_A | x_R12_EXIT_A | x_R13_EXIT_A | x_R14_EXIT_A | x_R15_EXIT_G | x_R16_EXIT_H | x_R20_EXIT_D | x_R24_EXIT_STAIRWELL | x_R25_EXIT_H | x_R28_EXIT_G | x_R29_EXIT_H | x_R30_EXIT_STAIRWELL | x_R31_EXIT_STAIRWELL | x_R32_EXIT_H | x_R33_EXIT_D | x_R34_EXIT_E | x_R35_EXIT_A | x_R36_EXIT_F
73,0.7270015551903839,1,True,0,28,x_R01_EXIT_A | x_R02_EXIT_A | x_R03_EXIT_D | x_R04_EXIT_A | x_R05_EXIT_F | x_R06_EXIT_STAIRWELL | x_R07_EXIT_H | x_R08_EXIT_B | x_R09_EXIT_G | x_R10_EXIT_C | x_R11_EXIT_E | x_R12_EXIT_STAIRWELL | x_R13_EXIT_C | x_R14_EXIT_G | x_R15_EXIT_H | x_R16_EXIT_G | x_R20_EXIT_H | x_R24_EXIT_F | x_R25_EXIT_A | x_R28_EXIT_G | x_R29_EXIT_STAIRWELL | x_R30_EXIT_D | x_R31_EXIT_F | x_R32_EXIT_STAIRWELL | x_R33_EXIT_E | x_R34_EXIT_G | x_R35_EXIT_H | x_R36_EXIT_B
74,0.7271255177486182,1,True,0,28,x_R01_EXIT_E | x_R02_EXIT_A | x_R03_EXIT_F | x_R04_EXIT_B | x_R05_EXIT_STAIRWELL | x_R06_EXIT_D | x_R07_EXIT_A | x_R08_EXIT_STAIRWELL | x_R09_EXIT_B | x_R10_EXIT_D | x_R11_EXIT_A | x_R12_EXIT_H | x_R13_EXIT_A | x_R14_EXIT_A | x_R15_EXIT_E | x_R16_EXIT_D | x_R20_EXIT_B | x_R24_EXIT_STAIRWELL | x_R25_EXIT_E | x_R28_EXIT_C | x_R29_EXIT_G | x_R30_EXIT_STAIRWELL | x_R31_EXIT_STAIRWELL | x_R32_EXIT_D | x_R33_EXIT_B | x_R34_EXIT_D | x_R35_EXIT_E | x_R36_EXIT_F
75,0.7282864012666437,1,True,0,28,x_R01_EXIT_B | x_R02_EXIT_G | x_R03_EXIT_A | x_R04_EXIT_B | x_R05_EXIT_C | x_R06_EXIT_A | x_R07_EXIT_STAIRWELL | x_R08_EXIT_D | x_R09_EXIT_STAIRWELL | x_R10_EXIT_A | x_R11_EXIT_C | x_R12_EXIT_STAIRWELL | x_R13_EXIT_H | x_R14_EXIT_D | x_R15_EXIT_C | x_R16_EXIT_D | x_R20_EXIT_E | x_R24_EXIT_H | x_R25_EXIT_A | x_R28_EXIT_E | x_R29_EXIT_STAIRWELL | x_R30_EXIT_E | x_R31_EXIT_G | x_R32_EXIT_STAIRWELL | x_R33_EXIT_C | x_R34_EXIT_F | x_R35_EXIT_C | x_R36_EXIT_C
76,0.7286367115686971,1,True,0,28,x_R01_EXIT_STAIRWELL | x_R02_EXIT_E | x_R03_EXIT_STAIRWELL | x_R04_EXIT_H | x_R05_EXIT_STAIRWELL | x_R06_EXIT_C | x_R07_EXIT_STAIRWELL | x_R08_EXIT_A | x_R09_EXIT_C | x_R10_EXIT_H | x_R11_EXIT_D | x_R12_EXIT_F | x_R13_EXIT_D | x_R14_EXIT_B | x_R15_EXIT_B | x_R16_EXIT_A | x_R20_EXIT_STAIRWELL | x_R24_EXIT_STAIRWELL | x_R25_EXIT_STAIRWELL | x_R28_EXIT_G | x_R29_EXIT_E | x_R30_EXIT_F | x_R31_EXIT_A | x_R32_EXIT_G | x_R33_EXIT_D | x_R34_EXIT_E | x_R35_EXIT_A | x_R36_EXIT_G
77,0.7289441385055397,1,True,0,28,x_R01_EXIT_G | x_R02_EXIT_G | x_R03_EXIT_H | x_R04_EXIT_C | x_R05_EXIT_B | x_R06_EXIT_F | x_R07_EXIT_B | x_R08_EXIT_H | x_R09_EXIT_A | x_R10_EXIT_E | x_R11_EXIT_E | x_R12_EXIT_C | x_R13_EXIT_G | x_R14_EXIT_H | x_R15_EXIT_H | x_R16_EXIT_D | x_R20_EXIT_C | x_R24_EXIT_H | x_R25_EXIT_E | x_R28_EXIT_G | x_R29_EXIT_STAIRWELL | x_R30_EXIT_D | x_R31_EXIT_E | x_R32_EXIT_F | x_R33_EXIT_STAIRWELL | x_R34_EXIT_B | x_R35_EXIT_A | x_R36_EXIT_H
78,0.730781861014691,1,True,0,28,x_R01_EXIT_A | x_R02_EXIT_C | x_R03_EXIT_D | x_R04_EXIT_B | x_R05_EXIT_H | x_R06_EXIT_D | x_R07_EXIT_C | x_R08_EXIT_G | x_R09_EXIT_H | x_R10_EXIT_STAIRWELL | x_R11_EXIT_F | x_R12_EXIT_STAIRWELL | x_R13_EXIT_H | x_R14_EXIT_STAIRWELL | x_R15_EXIT_F | x_R16_EXIT_A | x_R20_EXIT_A | x_R24_EXIT_STAIRWELL | x_R25_EXIT_STAIRWELL | x_R28_EXIT_STAIRWELL | x_R29_EXIT_F | x_R30_EXIT_D | x_R31_EXIT_B | x_R32_EXIT_STAIRWELL | x_R33_EXIT_H | x_R34_EXIT_E | x_R35_EXIT_E | x_R36_EXIT_A
79,0.733303636783603,1,True,0,28,x_R01_EXIT_H | x_R02_EXIT_G | x_R03_EXIT_C | x_R04_EXIT_A | x_R05_EXIT_C | x_R06_EXIT_G | x_R07_EXIT_B | x_R08_EXIT_B | x_R09_EXIT_C | x_R10_EXIT_C | x_R11_EXIT_D | x_R12_EXIT_A | x_R13_EXIT_F | x_R14_EXIT_A | x_R15_EXIT_C | x_R16_EXIT_A | x_R20_EXIT_G | x_R24_EXIT_F | x_R25_EXIT_STAIRWELL | x_R28_EXIT_H | x_R29_EXIT_H | x_R30_EXIT_C | x_R31_EXIT_E | x_R32_EXIT_H | x_R33_EXIT_G | x_R34_EXIT_E | x_R35_EXIT_A | x_R36_EXIT_H
80,0.7333238756583569,1,True,0,28,x_R01_EXIT_D | x_R02_EXIT_A | x_R03_EXIT_H | x_R04_EXIT_B | x_R05_EXIT_F | x_R06_EXIT_G | x_R07_EXIT_D | x_R08_EXIT_STAIRWELL | x_R09_EXIT_C | x_R10_EXIT_F | x_R11_EXIT_E | x_R12_EXIT_E | x_R13_EXIT_D | x_R14_EXIT_C | x_R15_EXIT_A | x_R16_EXIT_C | x_R20_EXIT_D | x_R24_EXIT_F | x_R25_EXIT_D | x_R28_EXIT_G | x_R29_EXIT_F | x_R30_EXIT_D | x_R31_EXIT_STAIRWELL | x_R32_EXIT_F | x_R33_EXIT_F | x_R34_EXIT_E | x_R35_EXIT_G | x_R36_EXIT_D
81,0.7341124314645526,1,True,0,28,x_R01_EXIT_B | x_R02_EXIT_H | x_R03_EXIT_H | x_R04_EXIT_D | x_R05_EXIT_D | x_R06_EXIT_B | x_R07_EXIT_C | x_R08_EXIT_H | x_R09_EXIT_H | x_R10_EXIT_H | x_R11_EXIT_B | x_R12_EXIT_H | x_R13_EXIT_E | x_R14_EXIT_G | x_R15_EXIT_F | x_R16_EXIT_H | x_R20_EXIT_H | x_R24_EXIT_F | x_R25_EXIT_A | x_R28_EXIT_STAIRWELL | x_R29_EXIT_STAIRWELL | x_R30_EXIT_A | x_R31_EXIT_F | x_R32_EXIT_A | x_R33_EXIT_D | x_R34_EXIT_E | x_R35_EXIT_STAIRWELL | x_R36_EXIT_STAIRWELL
82,0.7341329407055923,1,True,0,28,x_R01_EXIT_D | x_R02_EXIT_B | x_R03_EXIT_H | x_R04_EXIT_E | x_R05_EXIT_D | x_R06_EXIT_STAIRWELL | x_R07_EXIT_B | x_R08_EXIT_A | x_R09_EXIT_STAIRWELL | x_R10_EXIT_E | x_R11_EXIT_C | x_R12_EXIT_B | x_R13_EXIT_D | x_R14_EXIT_A | x_R15_EXIT_C | x_R16_EXIT_E | x_R20_EXIT_F | x_R24_EXIT_D | x_R25_EXIT_E | x_R28_EXIT_STAIRWELL | x_R29_EXIT_STAIRWELL | x_R30_EXIT_STAIRWELL | x_R31_EXIT_H | x_R32_EXIT_STAIRWELL | x_R33_EXIT_F | x_R34_EXIT_B | x_R35_EXIT_A | x_R36_EXIT_D
83,0.7345907008919426,1,True,0,28,x_R01_EXIT_A | x_R02_EXIT_A | x_R03_EXIT_B | x_R04_EXIT_F | x_R05_EXIT_F | x_R06_EXIT_F | x_R07_EXIT_B | x_R08_EXIT_B | x_R09_EXIT_H | x_R10_EXIT_STAIRWELL | x_R11_EXIT_G | x_R12_EXIT_D | x_R13_EXIT_C | x_R14_EXIT_A | x_R15_EXIT_E | x_R16_EXIT_F | x_R20_EXIT_C | x_R24_EXIT_F | x_R25_EXIT_G | x_R28_EXIT_G | x_R29_EXIT_H | x_R30_EXIT_E | x_R31_EXIT_E | x_R32_EXIT_C | x_R33_EXIT_E | x_R34_EXIT_H | x_R35_EXIT_E | x_R36_EXIT_H
84,0.7347570127508334,1,True,0,28,x_R01_EXIT_A | x_R02_EXIT_F | x_R03_EXIT_B | x_R04_EXIT_STAIRWELL | x_R05_EXIT_B | x_R06_EXIT_STAIRWELL | x_R07_EXIT_D | x_R08_EXIT_E | x_R09_EXIT_C | x_R10_EXIT_B | x_R11_EXIT_B | x_R12_EXIT_D | x_R13_EXIT_D | x_R14_EXIT_C | x_R15_EXIT_D | x_R16_EXIT_B | x_R20_EXIT_A | x_R24_EXIT_STAIRWELL | x_R25_EXIT_D | x_R28_EXIT_STAIRWELL | x_R29_EXIT_B | x_R30_EXIT_D | x_R31_EXIT_C | x_R32_EXIT_A | x_R33_EXIT_E | x_R34_EXIT_F | x_R35_EXIT_A | x_R36_EXIT_D
85,0.7355444825493009,1,True,0,28,x_R01_EXIT_STAIRWELL | x_R02_EXIT_C | x_R03_EXIT_B | x_R04_EXIT_H | x_R05_EXIT_D | x_R06_EXIT_D | x_R07_EXIT_E | x_R08_EXIT_E | x_R09_EXIT_STAIRWELL | x_R10_EXIT_C | x_R11_EXIT_H | x_R12_EXIT_F | x_R13_EXIT_H | x_R14_EXIT_H | x_R15_EXIT_C | x_R16_EXIT_D | x_R20_EXIT_G | x_R24_EXIT_E | x_R25_EXIT_E | x_R28_EXIT_A | x_R29_EXIT_H | x_R30_EXIT_H | x_R31_EXIT_E | x_R32_EXIT_E | x_R33_EXIT_E | x_R34_EXIT_E | x_R35_EXIT_H | x_R36_EXIT_A
86,0.7356362369602607,1,True,0,28,x_R01_EXIT_E | x_R02_EXIT_E | x_R03_EXIT_H | x_R04_EXIT_C | x_R05_EXIT_B | x_R06_EXIT_B | x_R07_EXIT_F | x_R08_EXIT_H | x_R09_EXIT_H | x_R10_EXIT_F | x_R11_EXIT_B | x_R12_EXIT_F | x_R13_EXIT_D | x_R14_EXIT_H | x_R15_EXIT_F | x_R16_EXIT_C | x_R20_EXIT_F | x_R24_EXIT_H | x_R25_EXIT_STAIRWELL | x_R28_EXIT_G | x_R29_EXIT_C | x_R30_EXIT_E | x_R31_EXIT_STAIRWELL | x_R32_EXIT_B | x_R33_EXIT_F | x_R34_EXIT_E | x_R35_EXIT_D | x_R36_EXIT_A
87,0.7359334271639,1,True,0,28,x_R01_EXIT_A | x_R02_EXIT_C | x_R03_EXIT_C | x_R04_EXIT_B | x_R05_EXIT_STAIRWELL | x_R06_EXIT_A | x_R07_EXIT_A | x_R08_EXIT_A | x_R09_EXIT_B | x_R10_EXIT_STAIRWELL | x_R11_EXIT_B | x_R12_EXIT_STAIRWELL | x_R13_EXIT_C | x_R14_EXIT_G | x_R15_EXIT_F | x_R16_EXIT_D | x_R20_EXIT_C | x_R24_EXIT_G | x_R25_EXIT_F | x_R28_EXIT_C | x_R29_EXIT_E | x_R30_EXIT_F | x_R31_EXIT_B | x_R32_EXIT_E | x_R33_EXIT_E | x_R34_EXIT_H | x_R35_EXIT_D | x_R36_EXIT_F
88,0.7361072246554272,1,True,0,28,x_R01_EXIT_D | x_R02_EXIT_G | x_R03_EXIT_H | x_R04_EXIT_B | x_R05_EXIT_E | x_R06_EXIT_C | x_R07_EXIT_C | x_R08_EXIT_H | x_R09_EXIT_STAIRWELL | x_R10_EXIT_B | x_R11_EXIT_STAIRWELL | x_R12_EXIT_STAIRWELL | x_R13_EXIT_STAIRWELL | x_R14_EXIT_F | x_R15_EXIT_B | x_R16_EXIT_STAIRWELL | x_R20_EXIT_F | x_R24_EXIT_C | x_R25_EXIT_B | x_R28_EXIT_G | x_R29_EXIT_STAIRWELL | x_R30_EXIT_E | x_R31_EXIT_B | x_R32_EXIT_D | x_R33_EXIT_G | x_R34_EXIT_D | x_R35_EXIT_G | x_R36_EXIT_F
89,0.7361336106831686,1,True,0,28,x_R01_EXIT_F | x_R02_EXIT_D | x_R03_EXIT_D | x_R04_EXIT_A | x_R05_EXIT_C | x_R06_EXIT_C | x_R07_EXIT_STAIRWELL | x_R08_EXIT_B | x_R09_EXIT_B | x_R10_EXIT_B | x_R11_EXIT_C | x_R12_EXIT_B | x_R13_EXIT_G | x_R14_EXIT_C | x_R15_EXIT_F | x_R16_EXIT_E | x_R20_EXIT_B | x_R24_EXIT_C | x_R25_EXIT_G | x_R28_EXIT_F | x_R29_EXIT_G | x_R30_EXIT_E | x_R31_EXIT_STAIRWELL | x_R32_EXIT_G | x_R33_EXIT_H | x_R34_EXIT_H | x_R35_EXIT_H | x_R36_EXIT_H
90,0.7372130209679426,1,True,0,28,x_R01_EXIT_B | x_R02_EXIT_C | x_R03_EXIT_H | x_R04_EXIT_D | x_R05_EXIT_G | x_R06_EXIT_C | x_R07_EXIT_D | x_R08_EXIT_F | x_R09_EXIT_A | x_R10_EXIT_G | x_R11_EXIT_G | x_R12_EXIT_H | x_R13_EXIT_A | x_R14_EXIT_H | x_R15_EXIT_STAIRWELL | x_R16_EXIT_D | x_R20_EXIT_E | x_R24_EXIT_F | x_R25_EXIT_STAIRWELL | x_R28_EXIT_STAIRWELL | x_R29_EXIT_A | x_R30_EXIT_STAIRWELL | x_R31_EXIT_E | x_R32_EXIT_H | x_R33_EXIT_C | x_R34_EXIT_D | x_R35_EXIT_B | x_R36_EXIT_H
91,0.7372892470536954,1,True,0,28,x_R01_EXIT_C | x_R02_EXIT_C | x_R03_EXIT_F | x_R04_EXIT_C | x_R05_EXIT_C | x_R06_EXIT_B | x_R07_EXIT_STAIRWELL | x_R08_EXIT_G | x_R09_EXIT_B | x_R10_EXIT_F | x_R11_EXIT_H | x_R12_EXIT_STAIRWELL | x_R13_EXIT_STAIRWELL | x_R14_EXIT_B | x_R15_EXIT_C | x_R16_EXIT_E | x_R20_EXIT_E | x_R24_EXIT_H | x_R25_EXIT_D | x_R28_EXIT_B | x_R29_EXIT_H | x_R30_EXIT_STAIRWELL | x_R31_EXIT_F | x_R32_EXIT_STAIRWELL | x_R33_EXIT_D | x_R34_EXIT_STAIRWELL | x_R35_EXIT_H | x_R36_EXIT_B
92,0.7376755070353056,1,True,0,28,x_R01_EXIT_B | x_R02_EXIT_B | x_R03_EXIT_F | x_R04_EXIT_B | x_R05_EXIT_G | x_R06_EXIT_C | x_R07_EXIT_C | x_R08_EXIT_D | x_R09_EXIT_D | x_R10_EXIT_D | x_R11_EXIT_G | x_R12_EXIT_D | x_R13_EXIT_STAIRWELL | x_R14_EXIT_A | x_R15_EXIT_C | x_R16_EXIT_C | x_R20_EXIT_A | x_R24_EXIT_E | x_R25_EXIT_C | x_R28_EXIT_F | x_R29_EXIT_G | x_R30_EXIT_F | x_R31_EXIT_F | x_R32_EXIT_D | x_R33_EXIT_H | x_R34_EXIT_H | x_R35_EXIT_G | x_R36_EXIT_A
93,0.7384883085013598,1,True,0,28,x_R01_EXIT_A | x_R02_EXIT_E | x_R03_EXIT_C | x_R04_EXIT_H | x_R05_EXIT_STAIRWELL | x_R06_EXIT_G | x_R07_EXIT_C | x_R08_EXIT_A | x_R09_EXIT_D | x_R10_EXIT_STAIRWELL | x_R11_EXIT_C | x_R12_EXIT_G | x_R13_EXIT_STAIRWELL | x_R14_EXIT_STAIRWELL | x_R15_EXIT_H | x_R16_EXIT_STAIRWELL | x_R20_EXIT_STAIRWELL | x_R24_EXIT_STAIRWELL | x_R25_EXIT_G | x_R28_EXIT_F | x_R29_EXIT_STAIRWELL | x_R30_EXIT_H | x_R31_EXIT_E | x_R32_EXIT_B | x_R33_EXIT_F | x_R34_EXIT_C | x_R35_EXIT_A | x_R36_EXIT_H
94,0.7386178458135078,1,True,0,28,x_R01_EXIT_E | x_R02_EXIT_C | x_R03_EXIT_B | x_R04_EXIT_H | x_R05_EXIT_F | x_R06_EXIT_F | x_R07_EXIT_B | x_R08_EXIT_D | x_R09_EXIT_H | x_R10_EXIT_D | x_R11_EXIT_C | x_R12_EXIT_E | x_R13_EXIT_H | x_R14_EXIT_G | x_R15_EXIT_H | x_R16_EXIT_D | x_R20_EXIT_E | x_R24_EXIT_H | x_R25_EXIT_B | x_R28_EXIT_G | x_R29_EXIT_H | x_R30_EXIT_F | x_R31_EXIT_A | x_R32_EXIT_E | x_R33_EXIT_D | x_R34_EXIT_F | x_R35_EXIT_E | x_R36_EXIT_F
95,0.7387410780642085,1,True,0,28,x_R01_EXIT_H | x_R02_EXIT_C | x_R03_EXIT_B | x_R04_EXIT_G | x_R05_EXIT_B | x_R06_EXIT_A | x_R07_EXIT_B | x_R08_EXIT_B | x_R09_EXIT_F | x_R10_EXIT_C | x_R11_EXIT_H | x_R12_EXIT_H | x_R13_EXIT_B | x_R14_EXIT_H | x_R15_EXIT_D | x_R16_EXIT_G | x_R20_EXIT_F | x_R24_EXIT_E | x_R25_EXIT_E | x_R28_EXIT_E | x_R29_EXIT_F | x_R30_EXIT_G | x_R31_EXIT_A | x_R32_EXIT_F | x_R33_EXIT_STAIRWELL | x_R34_EXIT_B | x_R35_EXIT_A | x_R36_EXIT_G
96,0.7390117432230454,1,True,0,28,x_R01_EXIT_C | x_R02_EXIT_C | x_R03_EXIT_H | x_R04_EXIT_G | x_R05_EXIT_B | x_R06_EXIT_E | x_R07_EXIT_STAIRWELL | x_R08_EXIT_G | x_R09_EXIT_B | x_R10_EXIT_C | x_R11_EXIT_A | x_R12_EXIT_B | x_R13_EXIT_H | x_R14_EXIT_STAIRWELL | x_R15_EXIT_STAIRWELL | x_R16_EXIT_B | x_R20_EXIT_F | x_R24_EXIT_STAIRWELL | x_R25_EXIT_F | x_R28_EXIT_STAIRWELL | x_R29_EXIT_F | x_R30_EXIT_STAIRWELL | x_R31_EXIT_D | x_R32_EXIT_H | x_R33_EXIT_G | x_R34_EXIT_G | x_R35_EXIT_A | x_R36_EXIT_STAIRWELL
97,0.7394916036139421,1,True,0,28,x_R01_EXIT_STAIRWELL | x_R02_EXIT_A | x_R03_EXIT_C | x_R04_EXIT_E | x_R05_EXIT_B | x_R06_EXIT_B | x_R07_EXIT_H | x_R08_EXIT_C | x_R09_EXIT_E | x_R10_EXIT_B | x_R11_EXIT_STAIRWELL | x_R12_EXIT_STAIRWELL | x_R13_EXIT_H | x_R14_EXIT_H | x_R15_EXIT_B | x_R16_EXIT_STAIRWELL | x_R20_EXIT_B | x_R24_EXIT_B | x_R25_EXIT_F | x_R28_EXIT_G | x_R29_EXIT_H | x_R30_EXIT_B | x_R31_EXIT_A | x_R32_EXIT_C | x_R33_EXIT_D | x_R34_EXIT_E | x_R35_EXIT_A | x_R36_EXIT_H
98,0.739888445808333,1,True,0,28,x_R01_EXIT_C | x_R02_EXIT_B | x_R03_EXIT_C | x_R04_EXIT_STAIRWELL | x_R05_EXIT_H | x_R06_EXIT_G | x_R07_EXIT_F | x_R08_EXIT_G | x_R09_EXIT_D | x_R10_EXIT_F | x_R11_EXIT_C | x_R12_EXIT_B | x_R13_EXIT_H | x_R14_EXIT_H | x_R15_EXIT_F | x_R16_EXIT_F | x_R20_EXIT_G | x_R24_EXIT_E | x_R25_EXIT_F | x_R28_EXIT_G | x_R29_EXIT_D | x_R30_EXIT_A | x_R31_EXIT_F | x_R32_EXIT_F | x_R33_EXIT_STAIRWELL | x_R34_EXIT_F | x_R35_EXIT_F | x_R36_EXIT_A
99,0.7400194785092822,1,True,0,28,x_R01_EXIT_F | x_R02_EXIT_H | x_R03_EXIT_STAIRWELL | x_R04_EXIT_F | x_R05_EXIT_C | x_R06_EXIT_A | x_R07_EXIT_G | x_R08_EXIT_B | x_R09_EXIT_STAIRWELL | x_R10_EXIT_E | x_R11_EXIT_D | x_R12_EXIT_C | x_R13_EXIT_H | x_R14_EXIT_STAIRWELL | x_R15_EXIT_D | x_R16_EXIT_E | x_R20_EXIT_G | x_R24_EXIT_H | x_R25_EXIT_STAIRWELL | x_R28_EXIT_E | x_R29_EXIT_D | x_R30_EXIT_D | x_R31_EXIT_F | x_R32_EXIT_H | x_R33_EXIT_E | x_R34_EXIT_G | x_R35_EXIT_A | x_R36_EXIT_F
100,0.7403014347482895,1,True,0,28,x_R01_EXIT_B | x_R02_EXIT_H | x_R03_EXIT_C | x_R04_EXIT_F | x_R05_EXIT_A | x_R06_EXIT_D | x_R07_EXIT_B | x_R08_EXIT_H | x_R09_EXIT_A | x_R10_EXIT_C | x_R11_EXIT_E | x_R12_EXIT_F | x_R13_EXIT_C | x_R14_EXIT_E | x_R15_EXIT_D | x_R16_EXIT_H | x_R20_EXIT_A | x_R24_EXIT_STAIRWELL | x_R25_EXIT_C | x_R28_EXIT_B | x_R29_EXIT_C | x_R30_EXIT_F | x_R31_EXIT_C | x_R32_EXIT_STAIRWELL | x_R33_EXIT_STAIRWELL | x_R34_EXIT_G | x_R35_EXIT_A | x_R36_EXIT_B
101,0.7405592945524972,1,True,0,28,x_R01_EXIT_F | x_R02_EXIT_C | x_R03_EXIT_F | x_R04_EXIT_D | x_R05_EXIT_D | x_R06_EXIT_C | x_R07_EXIT_D | x_R08_EXIT_F | x_R09_EXIT_H | x_R10_EXIT_STAIRWELL | x_R11_EXIT_C | x_R12_EXIT_G | x_R13_EXIT_A | x_R14_EXIT_B | x_R15_EXIT_E | x_R16_EXIT_C | x_R20_EXIT_G | x_R24_EXIT_E | x_R25_EXIT_H | x_R28_EXIT_G | x_R29_EXIT_H | x_R30_EXIT_STAIRWELL | x_R31_EXIT_C | x_R32_EXIT_STAIRWELL | x_R33_EXIT_A | x_R34_EXIT_D | x_R35_EXIT_B | x_R36_EXIT_A
102,0.7416026442571138,1,True,0,28,x_R01_EXIT_D | x_R02_EXIT_STAIRWELL | x_R03_EXIT_B | x_R04_EXIT_A | x_R05_EXIT_A | x_R06_EXIT_G | x_R07_EXIT_H | x_R08_EXIT_D | x_R09_EXIT_C | x_R10_EXIT_C | x_R11_EXIT_C | x_R12_EXIT_D | x_R13_EXIT_H | x_R14_EXIT_E | x_R15_EXIT_F | x_R16_EXIT_B | x_R20_EXIT_F | x_R24_EXIT_F | x_R25_EXIT_B | x_R28_EXIT_E | x_R29_EXIT_F | x_R30_EXIT_H | x_R31_EXIT_H | x_R32_EXIT_STAIRWELL | x_R33_EXIT_E | x_R34_EXIT_C | x_R35_EXIT_B | x_R36_EXIT_H
103,0.7416403060230436,1,True,0,28,x_R01_EXIT_A | x_R02_EXIT_F | x_R03_EXIT_H | x_R04_EXIT_D | x_R05_EXIT_H | x_R06_EXIT_D | x_R07_EXIT_STAIRWELL | x_R08_EXIT_A | x_R09_EXIT_H | x_R10_EXIT_E | x_R11_EXIT_C | x_R12_EXIT_C | x_R13_EXIT_A | x_R14_EXIT_H | x_R15_EXIT_E | x_R16_EXIT_F | x_R20_EXIT_B | x_R24_EXIT_G | x_R25_EXIT_C | x_R28_EXIT_G | x_R29_EXIT_G | x_R30_EXIT_G | x_R31_EXIT_STAIRWELL | x_R32_EXIT_D | x_R33_EXIT_B | x_R34_EXIT_A | x_R35_EXIT_D | x_R36_EXIT_G
104,0.7426904733971469,1,True,0,28,x_R01_EXIT_F | x_R02_EXIT_A | x_R03_EXIT_F | x_R04_EXIT_A | x_R05_EXIT_C | x_R06_EXIT_B | x_R07_EXIT_D | x_R08_EXIT_H | x_R09_EXIT_A | x_R10_EXIT_F | x_R11_EXIT_A | x_R12_EXIT_H | x_R13_EXIT_A | x_R14_EXIT_F | x_R15_EXIT_F | x_R16_EXIT_STAIRWELL | x_R20_EXIT_D | x_R24_EXIT_B | x_R25_EXIT_G | x_R28_EXIT_G | x_R29_EXIT_STAIRWELL | x_R30_EXIT_C | x_R31_EXIT_G | x_R32_EXIT_C | x_R33_EXIT_B | x_R34_EXIT_H | x_R35_EXIT_B | x_R36_EXIT_E
105,0.7429730199228288,1,True,0,28,x_R01_EXIT_F | x_R02_EXIT_G | x_R03_EXIT_A | x_R04_EXIT_A | x_R05_EXIT_B | x_R06_EXIT_B | x_R07_EXIT_H | x_R08_EXIT_C | x_R09_EXIT_E | x_R10_EXIT_C | x_R11_EXIT_STAIRWELL | x_R12_EXIT_C | x_R13_EXIT_STAIRWELL | x_R14_EXIT_D | x_R15_EXIT_C | x_R16_EXIT_D | x_R20_EXIT_B | x_R24_EXIT_H | x_R25_EXIT_B | x_R28_EXIT_STAIRWELL | x_R29_EXIT_G | x_R30_EXIT_STAIRWELL | x_R31_EXIT_STAIRWELL | x_R32_EXIT_F | x_R33_EXIT_A | x_R34_EXIT_STAIRWELL | x_R35_EXIT_H | x_R36_EXIT_G
106,0.7436098452065494,1,True,0,28,x_R01_EXIT_A | x_R02_EXIT_B | x_R03_EXIT_STAIRWELL | x_R04_EXIT_B | x_R05_EXIT_STAIRWELL | x_R06_EXIT_A | x_R07_EXIT_G | x_R08_EXIT_H | x_R09_EXIT_H | x_R10_EXIT_F | x_R11_EXIT_F | x_R12_EXIT_STAIRWELL | x_R13_EXIT_G | x_R14_EXIT_A | x_R15_EXIT_STAIRWELL | x_R16_EXIT_C | x_R20_EXIT_G | x_R24_EXIT_G | x_R25_EXIT_A | x_R28_EXIT_STAIRWELL | x_R29_EXIT_D | x_R30_EXIT_C | x_R31_EXIT_G | x_R32_EXIT_C | x_R33_EXIT_D | x_R34_EXIT_E | x_R35_EXIT_B | x_R36_EXIT_F
107,0.7441419154738469,1,True,0,28,x_R01_EXIT_A | x_R02_EXIT_B | x_R03_EXIT_C | x_R04_EXIT_F | x_R05_EXIT_F | x_R06_EXIT_A | x_R07_EXIT_D | x_R08_EXIT_STAIRWELL | x_R09_EXIT_F | x_R10_EXIT_D | x_R11_EXIT_H | x_R12_EXIT_STAIRWELL | x_R13_EXIT_H | x_R14_EXIT_G | x_R15_EXIT_H | x_R16_EXIT_STAIRWELL | x_R20_EXIT_E | x_R24_EXIT_D | x_R25_EXIT_E | x_R28_EXIT_F | x_R29_EXIT_STAIRWELL | x_R30_EXIT_E | x_R31_EXIT_E | x_R32_EXIT_D | x_R33_EXIT_G | x_R34_EXIT_C | x_R35_EXIT_C | x_R36_EXIT_A
108,0.7448930824363629,1,True,0,28,x_R01_EXIT_H | x_R02_EXIT_B | x_R03_EXIT_STAIRWELL | x_R04_EXIT_D | x_R05_EXIT_D | x_R06_EXIT_D | x_R07_EXIT_C | x_R08_EXIT_D | x_R09_EXIT_H | x_R10_EXIT_B | x_R11_EXIT_STAIRWELL | x_R12_EXIT_D | x_R13_EXIT_A | x_R14_EXIT_D | x_R15_EXIT_B | x_R16_EXIT_H | x_R20_EXIT_B | x_R24_EXIT_F | x_R25_EXIT_F | x_R28_EXIT_STAIRWELL | x_R29_EXIT_E | x_R30_EXIT_H | x_R31_EXIT_F | x_R32_EXIT_STAIRWELL | x_R33_EXIT_E | x_R34_EXIT_STAIRWELL | x_R35_EXIT_E | x_R36_EXIT_C
109,0.745369977591622,1,True,0,28,x_R01_EXIT_A | x_R02_EXIT_C | x_R03_EXIT_STAIRWELL | x_R04_EXIT_A | x_R05_EXIT_H | x_R06_EXIT_F | x_R07_EXIT_A | x_R08_EXIT_A | x_R09_EXIT_F | x_R10_EXIT_D | x_R11_EXIT_C | x_R12_EXIT_D | x_R13_EXIT_B | x_R14_EXIT_STAIRWELL | x_R15_EXIT_F | x_R16_EXIT_E | x_R20_EXIT_H | x_R24_EXIT_H | x_R25_EXIT_F | x_R28_EXIT_F | x_R29_EXIT_G | x_R30_EXIT_H | x_R31_EXIT_D | x_R32_EXIT_STAIRWELL | x_R33_EXIT_G | x_R34_EXIT_H | x_R35_EXIT_D | x_R36_EXIT_F
110,0.7454790746647859,1,True,0,28,x_R01_EXIT_B | x_R02_EXIT_A | x_R03_EXIT_C | x_R04_EXIT_C | x_R05_EXIT_A | x_R06_EXIT_C | x_R07_EXIT_E | x_R08_EXIT_STAIRWELL | x_R09_EXIT_C | x_R10_EXIT_G | x_R11_EXIT_H | x_R12_EXIT_C | x_R13_EXIT_H | x_R14_EXIT_H | x_R15_EXIT_B | x_R16_EXIT_E | x_R20_EXIT_F | x_R24_EXIT_F | x_R25_EXIT_STAIRWELL | x_R28_EXIT_B | x_R29_EXIT_H | x_R30_EXIT_STAIRWELL | x_R31_EXIT_G | x_R32_EXIT_STAIRWELL | x_R33_EXIT_F | x_R34_EXIT_A | x_R35_EXIT_G | x_R36_EXIT_A
111,0.7460673386020176,1,True,0,28,x_R01_EXIT_C | x_R02_EXIT_F | x_R03_EXIT_H | x_R04_EXIT_C | x_R05_EXIT_B | x_R06_EXIT_STAIRWELL | x_R07_EXIT_B | x_R08_EXIT_F | x_R09_EXIT_STAIRWELL | x_R10_EXIT_D | x_R11_EXIT_A | x_R12_EXIT_F | x_R13_EXIT_G | x_R14_EXIT_D | x_R15_EXIT_D | x_R16_EXIT_E | x_R20_EXIT_F | x_R24_EXIT_F | x_R25_EXIT_F | x_R28_EXIT_C | x_R29_EXIT_E | x_R30_EXIT_F | x_R31_EXIT_STAIRWELL | x_R32_EXIT_STAIRWELL | x_R33_EXIT_A | x_R34_EXIT_E | x_R35_EXIT_STAIRWELL | x_R36_EXIT_STAIRWELL
112,0.747197465924728,1,True,0,28,x_R01_EXIT_H | x_R02_EXIT_B | x_R03_EXIT_A | x_R04_EXIT_STAIRWELL | x_R05_EXIT_D | x_R06_EXIT_STAIRWELL | x_R07_EXIT_E | x_R08_EXIT_B | x_R09_EXIT_A | x_R10_EXIT_D | x_R11_EXIT_G | x_R12_EXIT_H | x_R13_EXIT_G | x_R14_EXIT_F | x_R15_EXIT_A | x_R16_EXIT_E | x_R20_EXIT_E | x_R24_EXIT_STAIRWELL | x_R25_EXIT_F | x_R28_EXIT_STAIRWELL | x_R29_EXIT_STAIRWELL | x_R30_EXIT_E | x_R31_EXIT_E | x_R32_EXIT_F | x_R33_EXIT_F | x_R34_EXIT_D | x_R35_EXIT_G | x_R36_EXIT_H
113,0.7474123365790319,1,True,0,28,x_R01_EXIT_H | x_R02_EXIT_C | x_R03_EXIT_C | x_R04_EXIT_H | x_R05_EXIT_STAIRWELL | x_R06_EXIT_F | x_R07_EXIT_A | x_R08_EXIT_B | x_R09_EXIT_B | x_R10_EXIT_STAIRWELL | x_R11_EXIT_C | x_R12_EXIT_A | x_R13_EXIT_A | x_R14_EXIT_G | x_R15_EXIT_H | x_R16_EXIT_B | x_R20_EXIT_B | x_R24_EXIT_F | x_R25_EXIT_E | x_R28_EXIT_A | x_R29_EXIT_G | x_R30_EXIT_B | x_R31_EXIT_F | x_R32_EXIT_F | x_R33_EXIT_E | x_R34_EXIT_F | x_R35_EXIT_B | x_R36_EXIT_C
114,0.7482745115009379,1,True,0,28,x_R01_EXIT_H | x_R02_EXIT_E | x_R03_EXIT_F | x_R04_EXIT_B | x_R05_EXIT_F | x_R06_EXIT_H | x_R07_EXIT_E | x_R08_EXIT_A | x_R09_EXIT_H | x_R10_EXIT_E | x_R11_EXIT_C | x_R12_EXIT_F | x_R13_EXIT_G | x_R14_EXIT_D | x_R15_EXIT_C | x_R16_EXIT_D | x_R20_EXIT_D | x_R24_EXIT_F | x_R25_EXIT_D | x_R28_EXIT_F | x_R29_EXIT_G | x_R30_EXIT_C | x_R31_EXIT_G | x_R32_EXIT_H | x_R33_EXIT_E | x_R34_EXIT_B | x_R35_EXIT_A | x_R36_EXIT_C
115,0.7489246470855733,1,True,0,28,x_R01_EXIT_D | x_R02_EXIT_STAIRWELL | x_R03_EXIT_A | x_R04_EXIT_B | x_R05_EXIT_F | x_R06_EXIT_B | x_R07_EXIT_STAIRWELL | x_R08_EXIT_E | x_R09_EXIT_E | x_R10_EXIT_E | x_R11_EXIT_STAIRWELL | x_R12_EXIT_C | x_R13_EXIT_STAIRWELL | x_R14_EXIT_H | x_R15_EXIT_C | x_R16_EXIT_STAIRWELL | x_R20_EXIT_D | x_R24_EXIT_C | x_R25_EXIT_H | x_R28_EXIT_G | x_R29_EXIT_E | x_R30_EXIT_E | x_R31_EXIT_G | x_R32_EXIT_F | x_R33_EXIT_E | x_R34_EXIT_STAIRWELL | x_R35_EXIT_H | x_R36_EXIT_D
116,0.7489915134235048,1,True,0,28,x_R01_EXIT_C | x_R02_EXIT_C | x_R03_EXIT_E | x_R04_EXIT_B | x_R05_EXIT_D | x_R06_EXIT_STAIRWELL | x_R07_EXIT_C | x_R08_EXIT_B | x_R09_EXIT_STAIRWELL | x_R10_EXIT_E | x_R11_EXIT_B | x_R12_EXIT_D | x_R13_EXIT_H | x_R14_EXIT_C | x_R15_EXIT_C | x_R16_EXIT_E | x_R20_EXIT_A | x_R24_EXIT_H | x_R25_EXIT_D | x_R28_EXIT_STAIRWELL | x_R29_EXIT_F | x_R30_EXIT_A | x_R31_EXIT_A | x_R32_EXIT_STAIRWELL | x_R33_EXIT_STAIRWELL | x_R34_EXIT_F | x_R35_EXIT_G | x_R36_EXIT_D
117,0.7491512089656567,1,True,0,28,x_R01_EXIT_E | x_R02_EXIT_B | x_R03_EXIT_C | x_R04_EXIT_H | x_R05_EXIT_A | x_R06_EXIT_H | x_R07_EXIT_C | x_R08_EXIT_H | x_R09_EXIT_G | x_R10_EXIT_F | x_R11_EXIT_C | x_R12_EXIT_H | x_R13_EXIT_B | x_R14_EXIT_B | x_R15_EXIT_E | x_R16_EXIT_B | x_R20_EXIT_STAIRWELL | x_R24_EXIT_C | x_R25_EXIT_STAIRWELL | x_R28_EXIT_H | x_R29_EXIT_C | x_R30_EXIT_STAIRWELL | x_R31_EXIT_G | x_R32_EXIT_STAIRWELL | x_R33_EXIT_H | x_R34_EXIT_STAIRWELL | x_R35_EXIT_C | x_R36_EXIT_STAIRWELL
118,0.7502373336940309,1,True,0,28,x_R01_EXIT_E | x_R02_EXIT_B | x_R03_EXIT_D | x_R04_EXIT_H | x_R05_EXIT_E | x_R06_EXIT_F | x_R07_EXIT_C | x_R08_EXIT_H | x_R09_EXIT_E | x_R10_EXIT_C | x_R11_EXIT_A | x_R12_EXIT_F | x_R13_EXIT_H | x_R14_EXIT_E | x_R15_EXIT_C | x_R16_EXIT_B | x_R20_EXIT_G | x_R24_EXIT_G | x_R25_EXIT_D | x_R28_EXIT_F | x_R29_EXIT_G | x_R30_EXIT_H | x_R31_EXIT_C | x_R32_EXIT_STAIRWELL | x_R33_EXIT_F | x_R34_EXIT_STAIRWELL | x_R35_EXIT_F | x_R36_EXIT_A
119,0.7503420605928568,1,True,0,28,x_R01_EXIT_B | x_R02_EXIT_B | x_R03_EXIT_H | x_R04_EXIT_H | x_R05_EXIT_C | x_R06_EXIT_F | x_R07_EXIT_D | x_R08_EXIT_H | x_R09_EXIT_A | x_R10_EXIT_F | x_R11_EXIT_F | x_R12_EXIT_D | x_R13_EXIT_F | x_R14_EXIT_C | x_R15_EXIT_C | x_R16_EXIT_D | x_R20_EXIT_A | x_R24_EXIT_B | x_R25_EXIT_F | x_R28_EXIT_B | x_R29_EXIT_E | x_R30_EXIT_H | x_R31_EXIT_D | x_R32_EXIT_F | x_R33_EXIT_F | x_R34_EXIT_C | x_R35_EXIT_D | x_R36_EXIT_H
120,0.7509017981436727,1,True,0,28,x_R01_EXIT_A | x_R02_EXIT_A | x_R03_EXIT_H | x_R04_EXIT_G | x_R05_EXIT_C | x_R06_EXIT_A | x_R07_EXIT_F | x_R08_EXIT_B | x_R09_EXIT_F | x_R10_EXIT_E | x_R11_EXIT_A | x_R12_EXIT_D | x_R13_EXIT_B | x_R14_EXIT_F | x_R15_EXIT_B | x_R16_EXIT_G | x_R20_EXIT_C | x_R24_EXIT_D | x_R25_EXIT_C | x_R28_EXIT_H | x_R29_EXIT_E | x_R30_EXIT_E | x_R31_EXIT_STAIRWELL | x_R32_EXIT_D | x_R33_EXIT_STAIRWELL | x_R34_EXIT_F | x_R35_EXIT_C | x_R36_EXIT_B
121,0.7510445578606095,1,True,0,28,x_R01_EXIT_F | x_R02_EXIT_D | x_R03_EXIT_A | x_R04_EXIT_STAIRWELL | x_R05_EXIT_H | x_R06_EXIT_F | x_R07_EXIT_C | x_R08_EXIT_F | x_R09_EXIT_B | x_R10_EXIT_C | x_R11_EXIT_C | x_R12_EXIT_A | x_R13_EXIT_C | x_R14_EXIT_C | x_R15_EXIT_STAIRWELL | x_R16_EXIT_D | x_R20_EXIT_C | x_R24_EXIT_F | x_R25_EXIT_C | x_R28_EXIT_STAIRWELL | x_R29_EXIT_H | x_R30_EXIT_G | x_R31_EXIT_G | x_R32_EXIT_F | x_R33_EXIT_E | x_R34_EXIT_E | x_R35_EXIT_E | x_R36_EXIT_E
122,0.7511528147223316,1,True,0,28,x_R01_EXIT_C | x_R02_EXIT_H | x_R03_EXIT_STAIRWELL | x_R04_EXIT_F | x_R05_EXIT_B | x_R06_EXIT_STAIRWELL | x_R07_EXIT_E | x_R08_EXIT_STAIRWELL | x_R09_EXIT_F | x_R10_EXIT_H | x_R11_EXIT_G | x_R12_EXIT_B | x_R13_EXIT_A | x_R14_EXIT_H | x_R15_EXIT_A | x_R16_EXIT_B | x_R20_EXIT_B | x_R24_EXIT_STAIRWELL | x_R25_EXIT_D | x_R28_EXIT_F | x_R29_EXIT_F | x_R30_EXIT_C | x_R31_EXIT_G | x_R32_EXIT_STAIRWELL | x_R33_EXIT_E | x_R34_EXIT_B | x_R35_EXIT_H | x_R36_EXIT_STAIRWELL
123,0.7517752487978555,1,True,0,28,x_R01_EXIT_A | x_R02_EXIT_B | x_R03_EXIT_H | x_R04_EXIT_C | x_R05_EXIT_B | x_R06_EXIT_E | x_R07_EXIT_C | x_R08_EXIT_C | x_R09_EXIT_H | x_R10_EXIT_F | x_R11_EXIT_C | x_R12_EXIT_G | x_R13_EXIT_B | x_R14_EXIT_C | x_R15_EXIT_STAIRWELL | x_R16_EXIT_C | x_R20_EXIT_F | x_R24_EXIT_STAIRWELL | x_R25_EXIT_E | x_R28_EXIT_F | x_R29_EXIT_G | x_R30_EXIT_H | x_R31_EXIT_E | x_R32_EXIT_G | x_R33_EXIT_H | x_R34_EXIT_H | x_R35_EXIT_STAIRWELL | x_R36_EXIT_C
124,0.7533606734814953,1,True,0,28,x_R01_EXIT_B | x_R02_EXIT_E | x_R03_EXIT_B | x_R04_EXIT_STAIRWELL | x_R05_EXIT_C | x_R06_EXIT_D | x_R07_EXIT_C | x_R08_EXIT_D | x_R09_EXIT_H | x_R10_EXIT_A | x_R11_EXIT_H | x_R12_EXIT_STAIRWELL | x_R13_EXIT_B | x_R14_EXIT_A | x_R15_EXIT_D | x_R16_EXIT_G | x_R20_EXIT_E | x_R24_EXIT_A | x_R25_EXIT_A | x_R28_EXIT_E | x_R29_EXIT_H | x_R30_EXIT_F | x_R31_EXIT_F | x_R32_EXIT_C | x_R33_EXIT_B | x_R34_EXIT_STAIRWELL | x_R35_EXIT_A | x_R36_EXIT_B
125,0.7536205601805364,1,True,0,28,x_R01_EXIT_F | x_R02_EXIT_E | x_R03_EXIT_A | x_R04_EXIT_C | x_R05_EXIT_H | x_R06_EXIT_C | x_R07_EXIT_D | x_R08_EXIT_B | x_R09_EXIT_G | x_R10_EXIT_B | x_R11_EXIT_C | x_R12_EXIT_C | x_R13_EXIT_E | x_R14_EXIT_B | x_R15_EXIT_C | x_R16_EXIT_A | x_R20_EXIT_E | x_R24_EXIT_E | x_R25_EXIT_D | x_R28_EXIT_D | x_R29_EXIT_H | x_R30_EXIT_F | x_R31_EXIT_A | x_R32_EXIT_D | x_R33_EXIT_A | x_R34_EXIT_E | x_R35_EXIT_H | x_R36_EXIT_STAIRWELL
126,0.7543760334105514,1,True,0,28,x_R01_EXIT_B | x_R02_EXIT_A | x_R03_EXIT_A | x_R04_EXIT_F | x_R05_EXIT_D | x_R06_EXIT_B | x_R07_EXIT_G | x_R08_EXIT_E | x_R09_EXIT_H | x_R10_EXIT_STAIRWELL | x_R11_EXIT_A | x_R12_EXIT_G | x_R13_EXIT_H | x_R14_EXIT_B | x_R15_EXIT_F | x_R16_EXIT_C | x_R20_EXIT_STAIRWELL | x_R24_EXIT_D | x_R25_EXIT_C | x_R28_EXIT_A | x_R29_EXIT_G | x_R30_EXIT_E | x_R31_EXIT_A | x_R32_EXIT_G | x_R33_EXIT_G | x_R34_EXIT_A | x_R35_EXIT_C | x_R36_EXIT_H
127,0.7546168362553658,1,True,0,28,x_R01_EXIT_F | x_R02_EXIT_C | x_R03_EXIT_C | x_R04_EXIT_D | x_R05_EXIT_E | x_R06_EXIT_A | x_R07_EXIT_C | x_R08_EXIT_E | x_R09_EXIT_STAIRWELL | x_R10_EXIT_C | x_R11_EXIT_STAIRWELL | x_R12_EXIT_B | x_R13_EXIT_H | x_R14_EXIT_A | x_R15_EXIT_D | x_R16_EXIT_D | x_R20_EXIT_B | x_R24_EXIT_F | x_R25_EXIT_F | x_R28_EXIT_STAIRWELL | x_R29_EXIT_D | x_R30_EXIT_F | x_R31_EXIT_B | x_R32_EXIT_F | x_R33_EXIT_B | x_R34_EXIT_F | x_R35_EXIT_C | x_R36_EXIT_E
128,0.7547985732207962,1,True,0,28,x_R01_EXIT_STAIRWELL | x_R02_EXIT_A | x_R03_EXIT_D | x_R04_EXIT_H | x_R05_EXIT_C | x_R06_EXIT_E | x_R07_EXIT_H | x_R08_EXIT_H | x_R09_EXIT_C | x_R10_EXIT_A | x_R11_EXIT_C | x_R12_EXIT_B | x_R13_EXIT_C | x_R14_EXIT_E | x_R15_EXIT_B | x_R16_EXIT_F | x_R20_EXIT_E | x_R24_EXIT_STAIRWELL | x_R25_EXIT_G | x_R28_EXIT_H | x_R29_EXIT_F | x_R30_EXIT_G | x_R31_EXIT_F | x_R32_EXIT_A | x_R33_EXIT_B | x_R34_EXIT_E | x_R35_EXIT_B | x_R36_EXIT_D
129,0.7551221724544916,1,True,0,28,x_R01_EXIT_G | x_R02_EXIT_A | x_R03_EXIT_A | x_R04_EXIT_STAIRWELL | x_R05_EXIT_D | x_R06_EXIT_C | x_R07_EXIT_A | x_R08_EXIT_STAIRWELL | x_R09_EXIT_STAIRWELL | x_R10_EXIT_F | x_R11_EXIT_STAIRWELL | x_R12_EXIT_H | x_R13_EXIT_B | x_R14_EXIT_STAIRWELL | x_R15_EXIT_STAIRWELL | x_R16_EXIT_C | x_R20_EXIT_G | x_R24_EXIT_G | x_R25_EXIT_G | x_R28_EXIT_G | x_R29_EXIT_C | x_R30_EXIT_H | x_R31_EXIT_G | x_R32_EXIT_C | x_R33_EXIT_B | x_R34_EXIT_STAIRWELL | x_R35_EXIT_A | x_R36_EXIT_H
130,0.755293703358916,1,True,0,28,x_R01_EXIT_D | x_R02_EXIT_E | x_R03_EXIT_H | x_R04_EXIT_E | x_R05_EXIT_STAIRWELL | x_R06_EXIT_B | x_R07_EXIT_STAIRWELL | x_R08_EXIT_A | x_R09_EXIT_B | x_R10_EXIT_B | x_R11_EXIT_B | x_R12_EXIT_C | x_R13_EXIT_H | x_R14_EXIT_E | x_R15_EXIT_B | x_R16_EXIT_B | x_R20_EXIT_B | x_R24_EXIT_E | x_R25_EXIT_STAIRWELL | x_R28_EXIT_STAIRWELL | x_R29_EXIT_E | x_R30_EXIT_STAIRWELL | x_R31_EXIT_E | x_R32_EXIT_H | x_R33_EXIT_F | x_R34_EXIT_E | x_R35_EXIT_B | x_R36_EXIT_F
131,0.7558272460148601,1,True,0,28,x_R01_EXIT_A | x_R02_EXIT_H | x_R03_EXIT_E | x_R04_EXIT_B | x_R05_EXIT_F | x_R06_EXIT_C | x_R07_EXIT_E | x_R08_EXIT_F | x_R09_EXIT_C | x_R10_EXIT_D | x_R11_EXIT_G | x_R12_EXIT_E | x_R13_EXIT_H | x_R14_EXIT_D | x_R15_EXIT_F | x_R16_EXIT_A | x_R20_EXIT_F | x_R24_EXIT_C | x_R25_EXIT_STAIRWELL | x_R28_EXIT_F | x_R29_EXIT_STAIRWELL | x_R30_EXIT_G | x_R31_EXIT_STAIRWELL | x_R32_EXIT_A | x_R33_EXIT_C | x_R34_EXIT_C | x_R35_EXIT_C | x_R36_EXIT_H
132,0.756025400087367,1,True,0,28,x_R01_EXIT_STAIRWELL | x_R02_EXIT_STAIRWELL | x_R03_EXIT_H | x_R04_EXIT_D | x_R05_EXIT_D | x_R06_EXIT_C | x_R07_EXIT_F | x_R08_EXIT_A | x_R09_EXIT_H | x_R10_EXIT_D | x_R11_EXIT_G | x_R12_EXIT_H | x_R13_EXIT_STAIRWELL | x_R14_EXIT_F | x_R15_EXIT_C | x_R16_EXIT_A | x_R20_EXIT_F | x_R24_EXIT_H | x_R25_EXIT_G | x_R28_EXIT_B | x_R29_EXIT_G | x_R30_EXIT_F | x_R31_EXIT_H | x_R32_EXIT_D | x_R33_EXIT_F | x_R34_EXIT_D | x_R35_EXIT_A | x_R36_EXIT_B
133,0.756293465947806,1,True,0,28,x_R01_EXIT_H | x_R02_EXIT_G | x_R03_EXIT_A | x_R04_EXIT_E | x_R05_EXIT_C | x_R06_EXIT_E | x_R07_EXIT_STAIRWELL | x_R08_EXIT_H | x_R09_EXIT_C | x_R10_EXIT_H | x_R11_EXIT_F | x_R12_EXIT_C | x_R13_EXIT_STAIRWELL | x_R14_EXIT_STAIRWELL | x_R15_EXIT_C | x_R16_EXIT_D | x_R20_EXIT_G | x_R24_EXIT_E | x_R25_EXIT_A | x_R28_EXIT_G | x_R29_EXIT_A | x_R30_EXIT_A | x_R31_EXIT_F | x_R32_EXIT_G | x_R33_EXIT_STAIRWELL | x_R34_EXIT_STAIRWELL | x_R35_EXIT_D | x_R36_EXIT_H
134,0.7563842273608543,1,True,0,28,x_R01_EXIT_A | x_R02_EXIT_F | x_R03_EXIT_D | x_R04_EXIT_C | x_R05_EXIT_F | x_R06_EXIT_C | x_R07_EXIT_A | x_R08_EXIT_G | x_R09_EXIT_D | x_R10_EXIT_STAIRWELL | x_R11_EXIT_F | x_R12_EXIT_B | x_R13_EXIT_STAIRWELL | x_R14_EXIT_A | x_R15_EXIT_C | x_R16_EXIT_B | x_R20_EXIT_B | x_R24_EXIT_B | x_R25_EXIT_D | x_R28_EXIT_A | x_R29_EXIT_C | x_R30_EXIT_G | x_R31_EXIT_F | x_R32_EXIT_F | x_R33_EXIT_G | x_R34_EXIT_D | x_R35_EXIT_G | x_R36_EXIT_STAIRWELL
135,0.7567882991716601,1,True,0,28,x_R01_EXIT_F | x_R02_EXIT_E | x_R03_EXIT_G | x_R04_EXIT_B | x_R05_EXIT_STAIRWELL | x_R06_EXIT_A | x_R07_EXIT_B | x_R08_EXIT_G | x_R09_EXIT_STAIRWELL | x_R10_EXIT_C | x_R11_EXIT_E | x_R12_EXIT_STAIRWELL | x_R13_EXIT_A | x_R14_EXIT_H | x_R15_EXIT_F | x_R16_EXIT_STAIRWELL | x_R20_EXIT_H | x_R24_EXIT_H | x_R25_EXIT_C | x_R28_EXIT_G | x_R29_EXIT_G | x_R30_EXIT_E | x_R31_EXIT_E | x_R32_EXIT_STAIRWELL | x_R33_EXIT_F | x_R34_EXIT_E | x_R35_EXIT_C | x_R36_EXIT_E
136,0.7571359667230126,1,True,0,28,x_R01_EXIT_B | x_R02_EXIT_D | x_R03_EXIT_H | x_R04_EXIT_F | x_R05_EXIT_B | x_R06_EXIT_A | x_R07_EXIT_B | x_R08_EXIT_F | x_R09_EXIT_A | x_R10_EXIT_STAIRWELL | x_R11_EXIT_C | x_R12_EXIT_D | x_R13_EXIT_C | x_R14_EXIT_E | x_R15_EXIT_F | x_R16_EXIT_C | x_R20_EXIT_G | x_R24_EXIT_C | x_R25_EXIT_C | x_R28_EXIT_STAIRWELL | x_R29_EXIT_B | x_R30_EXIT_E | x_R31_EXIT_F | x_R32_EXIT_B | x_R33_EXIT_D | x_R34_EXIT_E | x_R35_EXIT_B | x_R36_EXIT_B
137,0.7575399644046001,1,True,0,28,x_R01_EXIT_B | x_R02_EXIT_D | x_R03_EXIT_B | x_R04_EXIT_C | x_R05_EXIT_A | x_R06_EXIT_H | x_R07_EXIT_A | x_R08_EXIT_B | x_R09_EXIT_F | x_R10_EXIT_G | x_R11_EXIT_E | x_R12_EXIT_H | x_R13_EXIT_STAIRWELL | x_R14_EXIT_H | x_R15_EXIT_C | x_R16_EXIT_B | x_R20_EXIT_D | x_R24_EXIT_E | x_R25_EXIT_H | x_R28_EXIT_A | x_R29_EXIT_STAIRWELL | x_R30_EXIT_STAIRWELL | x_R31_EXIT_G | x_R32_EXIT_H | x_R33_EXIT_D | x_R34_EXIT_F | x_R35_EXIT_H | x_R36_EXIT_STAIRWELL
138,0.7579380699677358,1,True,0,28,x_R01_EXIT_G | x_R02_EXIT_B | x_R03_EXIT_A | x_R04_EXIT_B | x_R05_EXIT_STAIRWELL | x_R06_EXIT_C | x_R07_EXIT_B | x_R08_EXIT_G | x_R09_EXIT_B | x_R10_EXIT_E | x_R11_EXIT_F | x_R12_EXIT_D | x_R13_EXIT_F | x_R14_EXIT_A | x_R15_EXIT_B | x_R16_EXIT_H | x_R20_EXIT_D | x_R24_EXIT_F | x_R25_EXIT_STAIRWELL | x_R28_EXIT_G | x_R29_EXIT_G | x_R30_EXIT_E | x_R31_EXIT_STAIRWELL | x_R32_EXIT_D | x_R33_EXIT_A | x_R34_EXIT_C | x_R35_EXIT_STAIRWELL | x_R36_EXIT_G
139,0.7587156203986751,1,True,0,28,x_R01_EXIT_H | x_R02_EXIT_F | x_R03_EXIT_B | x_R04_EXIT_F | x_R05_EXIT_H | x_R06_EXIT_C | x_R07_EXIT_D | x_R08_EXIT_C | x_R09_EXIT_D | x_R10_EXIT_STAIRWELL | x_R11_EXIT_H | x_R12_EXIT_F | x_R13_EXIT_D | x_R14_EXIT_H | x_R15_EXIT_STAIRWELL | x_R16_EXIT_F | x_R20_EXIT_E | x_R24_EXIT_G | x_R25_EXIT_A | x_R28_EXIT_B | x_R29_EXIT_F | x_R30_EXIT_STAIRWELL | x_R31_EXIT_D | x_R32_EXIT_F | x_R33_EXIT_E | x_R34_EXIT_STAIRWELL | x_R35_EXIT_C | x_R36_EXIT_G
140,0.7588701847945458,1,True,0,28,x_R01_EXIT_H | x_R02_EXIT_B | x_R03_EXIT_A | x_R04_EXIT_B | x_R05_EXIT_STAIRWELL | x_R06_EXIT_D | x_R07_EXIT_D | x_R08_EXIT_C | x_R09_EXIT_E | x_R10_EXIT_C | x_R11_EXIT_C | x_R12_EXIT_E | x_R13_EXIT_A | x_R14_EXIT_B | x_R15_EXIT_STAIRWELL | x_R16_EXIT_H | x_R20_EXIT_B | x_R24_EXIT_A | x_R25_EXIT_A | x_R28_EXIT_STAIRWELL | x_R29_EXIT_E | x_R30_EXIT_STAIRWELL | x_R31_EXIT_B | x_R32_EXIT_D | x_R33_EXIT_D | x_R34_EXIT_STAIRWELL | x_R35_EXIT_B | x_R36_EXIT_G
141,0.7599678872888944,1,True,0,28,x_R01_EXIT_H | x_R02_EXIT_STAIRWELL | x_R03_EXIT_A | x_R04_EXIT_G | x_R05_EXIT_E | x_R06_EXIT_D | x_R07_EXIT_D | x_R08_EXIT_G | x_R09_EXIT_C | x_R10_EXIT_F | x_R11_EXIT_D | x_R12_EXIT_B | x_R13_EXIT_C | x_R14_EXIT_B | x_R15_EXIT_E | x_R16_EXIT_F | x_R20_EXIT_STAIRWELL | x_R24_EXIT_STAIRWELL | x_R25_EXIT_D | x_R28_EXIT_B | x_R29_EXIT_D | x_R30_EXIT_B | x_R31_EXIT_F | x_R32_EXIT_G | x_R33_EXIT_G | x_R34_EXIT_STAIRWELL | x_R35_EXIT_H | x_R36_EXIT_H
142,0.7602646850062911,1,True,0,28,x_R01_EXIT_A | x_R02_EXIT_A | x_R03_EXIT_G | x_R04_EXIT_H | x_R05_EXIT_G | x_R06_EXIT_D | x_R07_EXIT_A | x_R08_EXIT_B | x_R09_EXIT_B | x_R10_EXIT_F | x_R11_EXIT_B | x_R12_EXIT_A | x_R13_EXIT_F | x_R14_EXIT_A | x_R15_EXIT_D | x_R16_EXIT_D | x_R20_EXIT_E | x_R24_EXIT_C | x_R25_EXIT_A | x_R28_EXIT_STAIRWELL | x_R29_EXIT_STAIRWELL | x_R30_EXIT_D | x_R31_EXIT_E | x_R32_EXIT_STAIRWELL | x_R33_EXIT_STAIRWELL | x_R34_EXIT_B | x_R35_EXIT_G | x_R36_EXIT_G
143,0.7607729634366933,1,True,0,28,x_R01_EXIT_C | x_R02_EXIT_A | x_R03_EXIT_H | x_R04_EXIT_G | x_R05_EXIT_B | x_R06_EXIT_H | x_R07_EXIT_A | x_R08_EXIT_C | x_R09_EXIT_B | x_R10_EXIT_D | x_R11_EXIT_A | x_R12_EXIT_F | x_R13_EXIT_D | x_R14_EXIT_E | x_R15_EXIT_D | x_R16_EXIT_F | x_R20_EXIT_F | x_R24_EXIT_C | x_R25_EXIT_G | x_R28_EXIT_G | x_R29_EXIT_F | x_R30_EXIT_F | x_R31_EXIT_G | x_R32_EXIT_C | x_R33_EXIT_B | x_R34_EXIT_G | x_R35_EXIT_H | x_R36_EXIT_A
144,0.7608089156744882,1,True,0,28,x_R01_EXIT_STAIRWELL | x_R02_EXIT_D | x_R03_EXIT_H | x_R04_EXIT_B | x_R05_EXIT_D | x_R06_EXIT_F | x_R07_EXIT_D | x_R08_EXIT_B | x_R09_EXIT_F | x_R10_EXIT_F | x_R11_EXIT_B | x_R12_EXIT_G | x_R13_EXIT_A | x_R14_EXIT_STAIRWELL | x_R15_EXIT_STAIRWELL | x_R16_EXIT_C | x_R20_EXIT_STAIRWELL | x_R24_EXIT_C | x_R25_EXIT_H | x_R28_EXIT_A | x_R29_EXIT_G | x_R30_EXIT_G | x_R31_EXIT_A | x_R32_EXIT_F | x_R33_EXIT_F | x_R34_EXIT_D | x_R35_EXIT_C | x_R36_EXIT_D
145,0.7608660844535962,1,True,0,28,x_R01_EXIT_A | x_R02_EXIT_H | x_R03_EXIT_C | x_R04_EXIT_D | x_R05_EXIT_A | x_R06_EXIT_G | x_R07_EXIT_F | x_R08_EXIT_D | x_R09_EXIT_B | x_R10_EXIT_C | x_R11_EXIT_STAIRWELL | x_R12_EXIT_H | x_R13_EXIT_F | x_R14_EXIT_C | x_R15_EXIT_B | x_R16_EXIT_E | x_R20_EXIT_H | x_R24_EXIT_E | x_R25_EXIT_F | x_R28_EXIT_B | x_R29_EXIT_G | x_R30_EXIT_G | x_R31_EXIT_A | x_R32_EXIT_E | x_R33_EXIT_E | x_R34_EXIT_F | x_R35_EXIT_F | x_R36_EXIT_STAIRWELL
146,0.7608842213059575,1,True,0,28,x_R01_EXIT_A | x_R02_EXIT_H | x_R03_EXIT_H | x_R04_EXIT_H | x_R05_EXIT_STAIRWELL | x_R06_EXIT_B | x_R07_EXIT_F | x_R08_EXIT_E | x_R09_EXIT_STAIRWELL | x_R10_EXIT_D | x_R11_EXIT_E | x_R12_EXIT_C | x_R13_EXIT_H | x_R14_EXIT_B | x_R15_EXIT_E | x_R16_EXIT_C | x_R20_EXIT_STAIRWELL | x_R24_EXIT_D | x_R25_EXIT_H | x_R28_EXIT_G | x_R29_EXIT_C | x_R30_EXIT_STAIRWELL | x_R31_EXIT_F | x_R32_EXIT_C | x_R33_EXIT_G | x_R34_EXIT_G | x_R35_EXIT_STAIRWELL | x_R36_EXIT_E
147,0.7612222117506917,1,True,0,28,x_R01_EXIT_B | x_R02_EXIT_H | x_R03_EXIT_B | x_R04_EXIT_C | x_R05_EXIT_C | x_R06_EXIT_C | x_R07_EXIT_H | x_R08_EXIT_D | x_R09_EXIT_A | x_R10_EXIT_F | x_R11_EXIT_E | x_R12_EXIT_B | x_R13_EXIT_H | x_R14_EXIT_F | x_R15_EXIT_STAIRWELL | x_R16_EXIT_F | x_R20_EXIT_H | x_R24_EXIT_B | x_R25_EXIT_F | x_R28_EXIT_B | x_R29_EXIT_STAIRWELL | x_R30_EXIT_C | x_R31_EXIT_C | x_R32_EXIT_D | x_R33_EXIT_C | x_R34_EXIT_H | x_R35_EXIT_C | x_R36_EXIT_F
148,0.7614845015153833,1,True,0,28,x_R01_EXIT_B | x_R02_EXIT_F | x_R03_EXIT_D | x_R04_EXIT_STAIRWELL | x_R05_EXIT_E | x_R06_EXIT_B | x_R07_EXIT_C | x_R08_EXIT_F | x_R09_EXIT_A | x_R10_EXIT_D | x_R11_EXIT_STAIRWELL | x_R12_EXIT_E | x_R13_EXIT_B | x_R14_EXIT_B | x_R15_EXIT_C | x_R16_EXIT_A | x_R20_EXIT_H | x_R24_EXIT_H | x_R25_EXIT_F | x_R28_EXIT_C | x_R29_EXIT_A | x_R30_EXIT_F | x_R31_EXIT_STAIRWELL | x_R32_EXIT_F | x_R33_EXIT_G | x_R34_EXIT_D | x_R35_EXIT_A | x_R36_EXIT_H
149,0.7624826910338243,1,True,0,28,x_R01_EXIT_H | x_R02_EXIT_H | x_R03_EXIT_A | x_R04_EXIT_G | x_R05_EXIT_D | x_R06_EXIT_F | x_R07_EXIT_B | x_R08_EXIT_A | x_R09_EXIT_C | x_R10_EXIT_STAIRWELL | x_R11_EXIT_E | x_R12_EXIT_C | x_R13_EXIT_B | x_R14_EXIT_H | x_R15_EXIT_E | x_R16_EXIT_B | x_R20_EXIT_G | x_R24_EXIT_E | x_R25_EXIT_STAIRWELL | x_R28_EXIT_G | x_R29_EXIT_B | x_R30_EXIT_F | x_R31_EXIT_A | x_R32_EXIT_D | x_R33_EXIT_STAIRWELL | x_R34_EXIT_B | x_R35_EXIT_F | x_R36_EXIT_H
150,0.76335422058321,1,True,0,28,x_R01_EXIT_A | x_R02_EXIT_H | x_R03_EXIT_STAIRWELL | x_R04_EXIT_A | x_R05_EXIT_H | x_R06_EXIT_STAIRWELL | x_R07_EXIT_D | x_R08_EXIT_D | x_R09_EXIT_E | x_R10_EXIT_D | x_R11_EXIT_F | x_R12_EXIT_E | x_R13_EXIT_H | x_R14_EXIT_D | x_R15_EXIT_E | x_R16_EXIT_STAIRWELL | x_R20_EXIT_C | x_R24_EXIT_D | x_R25_EXIT_D | x_R28_EXIT_F | x_R29_EXIT_H | x_R30_EXIT_B | x_R31_EXIT_H | x_R32_EXIT_STAIRWELL | x_R33_EXIT_D | x_R34_EXIT_E | x_R35_EXIT_H | x_R36_EXIT_D
151,0.7637151130987263,1,True,0,28,x_R01_EXIT_STAIRWELL | x_R02_EXIT_STAIRWELL | x_R03_EXIT_B | x_R04_EXIT_E | x_R05_EXIT_B | x_R06_EXIT_F | x_R07_EXIT_D | x_R08_EXIT_B | x_R09_EXIT_H | x_R10_EXIT_E | x_R11_EXIT_C | x_R12_EXIT_A | x_R13_EXIT_D | x_R14_EXIT_E | x_R15_EXIT_STAIRWELL | x_R16_EXIT_D | x_R20_EXIT_A | x_R24_EXIT_E | x_R25_EXIT_B | x_R28_EXIT_G | x_R29_EXIT_F | x_R30_EXIT_B | x_R31_EXIT_G | x_R32_EXIT_B | x_R33_EXIT_G | x_R34_EXIT_E | x_R35_EXIT_STAIRWELL | x_R36_EXIT_A
152,0.7639319304227001,1,True,0,28,x_R01_EXIT_A | x_R02_EXIT_H | x_R03_EXIT_STAIRWELL | x_R04_EXIT_G | x_R05_EXIT_F | x_R06_EXIT_A | x_R07_EXIT_STAIRWELL | x_R08_EXIT_C | x_R09_EXIT_E | x_R10_EXIT_B | x_R11_EXIT_G | x_R12_EXIT_STAIRWELL | x_R13_EXIT_H | x_R14_EXIT_F | x_R15_EXIT_F | x_R16_EXIT_D | x_R20_EXIT_F | x_R24_EXIT_STAIRWELL | x_R25_EXIT_D | x_R28_EXIT_H | x_R29_EXIT_G | x_R30_EXIT_B | x_R31_EXIT_STAIRWELL | x_R32_EXIT_H | x_R33_EXIT_F | x_R34_EXIT_E | x_R35_EXIT_G | x_R36_EXIT_C
153,0.7639847775923272,1,True,0,28,x_R01_EXIT_A | x_R02_EXIT_A | x_R03_EXIT_D | x_R04_EXIT_G | x_R05_EXIT_C | x_R06_EXIT_A | x_R07_EXIT_C | x_R08_EXIT_G | x_R09_EXIT_E | x_R10_EXIT_E | x_R11_EXIT_F | x_R12_EXIT_C | x_R13_EXIT_C | x_R14_EXIT_H | x_R15_EXIT_STAIRWELL | x_R16_EXIT_C | x_R20_EXIT_D | x_R24_EXIT_H | x_R25_EXIT_B | x_R28_EXIT_E | x_R29_EXIT_B | x_R30_EXIT_B | x_R31_EXIT_C | x_R32_EXIT_F | x_R33_EXIT_G | x_R34_EXIT_G | x_R35_EXIT_A | x_R36_EXIT_H
154,0.7641159467547709,1,True,0,28,x_R01_EXIT_STAIRWELL | x_R02_EXIT_B | x_R03_EXIT_C | x_R04_EXIT_B | x_R05_EXIT_A | x_R06_EXIT_STAIRWELL | x_R07_EXIT_D | x_R08_EXIT_A | x_R09_EXIT_H | x_R10_EXIT_H | x_R11_EXIT_F | x_R12_EXIT_H | x_R13_EXIT_D | x_R14_EXIT_A | x_R15_EXIT_E | x_R16_EXIT_F | x_R20_EXIT_F | x_R24_EXIT_H | x_R25_EXIT_H | x_R28_EXIT_G | x_R29_EXIT_F | x_R30_EXIT_G | x_R31_EXIT_C | x_R32_EXIT_E | x_R33_EXIT_D | x_R34_EXIT_G | x_R35_EXIT_D | x_R36_EXIT_D
155,0.7646936054723596,1,True,0,28,x_R01_EXIT_A | x_R02_EXIT_STAIRWELL | x_R03_EXIT_F | x_R04_EXIT_A | x_R05_EXIT_A | x_R06_EXIT_E | x_R07_EXIT_STAIRWELL | x_R08_EXIT_B | x_R09_EXIT_STAIRWELL | x_R10_EXIT_D | x_R11_EXIT_A | x_R12_EXIT_STAIRWELL | x_R13_EXIT_A | x_R14_EXIT_G | x_R15_EXIT_F | x_R16_EXIT_C | x_R20_EXIT_E | x_R24_EXIT_C | x_R25_EXIT_D | x_R28_EXIT_G | x_R29_EXIT_A | x_R30_EXIT_C | x_R31_EXIT_C | x_R32_EXIT_A | x_R33_EXIT_F | x_R34_EXIT_G | x_R35_EXIT_D | x_R36_EXIT_STAIRWELL
156,0.7649717118209196,1,True,0,28,x_R01_EXIT_G | x_R02_EXIT_F | x_R03_EXIT_STAIRWELL | x_R04_EXIT_A | x_R05_EXIT_F | x_R06_EXIT_B | x_R07_EXIT_F | x_R08_EXIT_F | x_R09_EXIT_STAIRWELL | x_R10_EXIT_A | x_R11_EXIT_D | x_R12_EXIT_A | x_R13_EXIT_A | x_R14_EXIT_H | x_R15_EXIT_F | x_R16_EXIT_C | x_R20_EXIT_C | x_R24_EXIT_E | x_R25_EXIT_STAIRWELL | x_R28_EXIT_F | x_R29_EXIT_STAIRWELL | x_R30_EXIT_E | x_R31_EXIT_A | x_R32_EXIT_STAIRWELL | x_R33_EXIT_C | x_R34_EXIT_STAIRWELL | x_R35_EXIT_A | x_R36_EXIT_F
157,0.7651850845310264,1,True,0,28,x_R01_EXIT_A | x_R02_EXIT_H | x_R03_EXIT_H | x_R04_EXIT_F | x_R05_EXIT_G | x_R06_EXIT_F | x_R07_EXIT_G | x_R08_EXIT_G | x_R09_EXIT_A | x_R10_EXIT_STAIRWELL | x_R11_EXIT_H | x_R12_EXIT_H | x_R13_EXIT_B | x_R14_EXIT_F | x_R15_EXIT_D | x_R16_EXIT_E | x_R20_EXIT_STAIRWELL | x_R24_EXIT_D | x_R25_EXIT_D | x_R28_EXIT_C | x_R29_EXIT_G | x_R30_EXIT_E | x_R31_EXIT_E | x_R32_EXIT_B | x_R33_EXIT_B | x_R34_EXIT_C | x_R35_EXIT_A | x_R36_EXIT_STAIRWELL
158,0.7653374129995996,1,True,0,28,x_R01_EXIT_C | x_R02_EXIT_A | x_R03_EXIT_B | x_R04_EXIT_G | x_R05_EXIT_H | x_R06_EXIT_A | x_R07_EXIT_D | x_R08_EXIT_D | x_R09_EXIT_H | x_R10_EXIT_F | x_R11_EXIT_E | x_R12_EXIT_D | x_R13_EXIT_H | x_R14_EXIT_B | x_R15_EXIT_C | x_R16_EXIT_H | x_R20_EXIT_E | x_R24_EXIT_C | x_R25_EXIT_C | x_R28_EXIT_G | x_R29_EXIT_F | x_R30_EXIT_STAIRWELL | x_R31_EXIT_G | x_R32_EXIT_C | x_R33_EXIT_A | x_R34_EXIT_D | x_R35_EXIT_G | x_R36_EXIT_G
159,0.765539270269926,1,True,0,28,x_R01_EXIT_E | x_R02_EXIT_C | x_R03_EXIT_B | x_R04_EXIT_F | x_R05_EXIT_A | x_R06_EXIT_C | x_R07_EXIT_STAIRWELL | x_R08_EXIT_A | x_R09_EXIT_H | x_R10_EXIT_STAIRWELL | x_R11_EXIT_D | x_R12_EXIT_B | x_R13_EXIT_F | x_R14_EXIT_H | x_R15_EXIT_H | x_R16_EXIT_D | x_R20_EXIT_B | x_R24_EXIT_B | x_R25_EXIT_E | x_R28_EXIT_A | x_R29_EXIT_B | x_R30_EXIT_STAIRWELL | x_R31_EXIT_H | x_R32_EXIT_B | x_R33_EXIT_A | x_R34_EXIT_C | x_R35_EXIT_H | x_R36_EXIT_F
160,0.7655600038809212,1,True,0,28,x_R01_EXIT_F | x_R02_EXIT_STAIRWELL | x_R03_EXIT_B | x_R04_EXIT_C | x_R05_EXIT_STAIRWELL | x_R06_EXIT_F | x_R07_EXIT_E | x_R08_EXIT_A | x_R09_EXIT_G | x_R10_EXIT_B | x_R11_EXIT_H | x_R12_EXIT_G | x_R13_EXIT_D | x_R14_EXIT_H | x_R15_EXIT_A | x_R16_EXIT_D | x_R20_EXIT_H | x_R24_EXIT_D | x_R25_EXIT_D | x_R28_EXIT_G | x_R29_EXIT_G | x_R30_EXIT_B | x_R31_EXIT_B | x_R32_EXIT_F | x_R33_EXIT_A | x_R34_EXIT_H | x_R35_EXIT_B | x_R36_EXIT_G
161,0.7655614864853533,1,True,0,28,x_R01_EXIT_B | x_R02_EXIT_A | x_R03_EXIT_A | x_R04_EXIT_H | x_R05_EXIT_B | x_R06_EXIT_C | x_R07_EXIT_F | x_R08_EXIT_A | x_R09_EXIT_F | x_R10_EXIT_C | x_R11_EXIT_C | x_R12_EXIT_E | x_R13_EXIT_F | x_R14_EXIT_D | x_R15_EXIT_E | x_R16_EXIT_D | x_R20_EXIT_D | x_R24_EXIT_H | x_R25_EXIT_G | x_R28_EXIT_H | x_R29_EXIT_C | x_R30_EXIT_D | x_R31_EXIT_H | x_R32_EXIT_E | x_R33_EXIT_H | x_R34_EXIT_F | x_R35_EXIT_H | x_R36_EXIT_D
162,0.7659164536598837,1,True,0,28,x_R01_EXIT_B | x_R02_EXIT_D | x_R03_EXIT_D | x_R04_EXIT_B | x_R05_EXIT_C | x_R06_EXIT_A | x_R07_EXIT_H | x_R08_EXIT_H | x_R09_EXIT_E | x_R10_EXIT_STAIRWELL | x_R11_EXIT_H | x_R12_EXIT_H | x_R13_EXIT_A | x_R14_EXIT_STAIRWELL | x_R15_EXIT_C | x_R16_EXIT_STAIRWELL | x_R20_EXIT_F | x_R24_EXIT_E | x_R25_EXIT_C | x_R28_EXIT_G | x_R29_EXIT_B | x_R30_EXIT_A | x_R31_EXIT_G | x_R32_EXIT_E | x_R33_EXIT_B | x_R34_EXIT_B | x_R35_EXIT_C | x_R36_EXIT_D
163,0.766301112455892,1,True,0,28,x_R01_EXIT_D | x_R02_EXIT_C | x_R03_EXIT_F | x_R04_EXIT_A | x_R05_EXIT_B | x_R06_EXIT_STAIRWELL | x_R07_EXIT_STAIRWELL | x_R08_EXIT_G | x_R09_EXIT_H | x_R10_EXIT_B | x_R11_EXIT_F | x_R12_EXIT_A | x_R13_EXIT_STAIRWELL | x_R14_EXIT_F | x_R15_EXIT_B | x_R16_EXIT_D | x_R20_EXIT_E | x_R24_EXIT_D | x_R25_EXIT_F | x_R28_EXIT_A | x_R29_EXIT_STAIRWELL | x_R30_EXIT_A | x_R31_EXIT_H | x_R32_EXIT_G | x_R33_EXIT_E | x_R34_EXIT_D | x_R35_EXIT_A | x_R36_EXIT_F
164,0.766839834822008,1,True,0,28,x_R01_EXIT_E | x_R02_EXIT_G | x_R03_EXIT_H | x_R04_EXIT_B | x_R05_EXIT_C | x_R06_EXIT_D | x_R07_EXIT_E | x_R08_EXIT_H | x_R09_EXIT_E | x_R10_EXIT_D | x_R11_EXIT_G | x_R12_EXIT_D | x_R13_EXIT_C | x_R14_EXIT_B | x_R15_EXIT_C | x_R16_EXIT_F | x_R20_EXIT_STAIRWELL | x_R24_EXIT_F | x_R25_EXIT_D | x_R28_EXIT_H | x_R29_EXIT_STAIRWELL | x_R30_EXIT_F | x_R31_EXIT_E | x_R32_EXIT_STAIRWELL | x_R33_EXIT_C | x_R34_EXIT_H | x_R35_EXIT_C | x_R36_EXIT_G
165,0.7672904625223964,1,True,0,28,x_R01_EXIT_F | x_R02_EXIT_B | x_R03_EXIT_F | x_R04_EXIT_G | x_R05_EXIT_G | x_R06_EXIT_C | x_R07_EXIT_C | x_R08_EXIT_A | x_R09_EXIT_A | x_R10_EXIT_H | x_R11_EXIT_STAIRWELL | x_R12_EXIT_D | x_R13_EXIT_E | x_R14_EXIT_STAIRWELL | x_R15_EXIT_STAIRWELL | x_R16_EXIT_B | x_R20_EXIT_STAIRWELL | x_R24_EXIT_E | x_R25_EXIT_STAIRWELL | x_R28_EXIT_G | x_R29_EXIT_H | x_R30_EXIT_B | x_R31_EXIT_G | x_R32_EXIT_STAIRWELL | x_R33_EXIT_E | x_R34_EXIT_C | x_R35_EXIT_G | x_R36_EXIT_D
166,0.7675441192918129,1,True,0,28,x_R01_EXIT_A | x_R02_EXIT_E | x_R03_EXIT_C | x_R04_EXIT_B | x_R05_EXIT_STAIRWELL | x_R06_EXIT_C | x_R07_EXIT_B | x_R08_EXIT_F | x_R09_EXIT_H | x_R10_EXIT_D | x_R11_EXIT_G | x_R12_EXIT_A | x_R13_EXIT_A | x_R14_EXIT_H | x_R15_EXIT_H | x_R16_EXIT_A | x_R20_EXIT_B | x_R24_EXIT_H | x_R25_EXIT_A | x_R28_EXIT_B | x_R29_EXIT_E | x_R30_EXIT_G | x_R31_EXIT_G | x_R32_EXIT_E | x_R33_EXIT_STAIRWELL | x_R34_EXIT_C | x_R35_EXIT_B | x_R36_EXIT_E
167,0.7676483719118323,1,True,0,28,x_R01_EXIT_STAIRWELL | x_R02_EXIT_D | x_R03_EXIT_B | x_R04_EXIT_H | x_R05_EXIT_STAIRWELL | x_R06_EXIT_F | x_R07_EXIT_STAIRWELL | x_R08_EXIT_C | x_R09_EXIT_C | x_R10_EXIT_D | x_R11_EXIT_C | x_R12_EXIT_STAIRWELL | x_R13_EXIT_B | x_R14_EXIT_B | x_R15_EXIT_A | x_R16_EXIT_C | x_R20_EXIT_D | x_R24_EXIT_F | x_R25_EXIT_D | x_R28_EXIT_B | x_R29_EXIT_H | x_R30_EXIT_A | x_R31_EXIT_E | x_R32_EXIT_B | x_R33_EXIT_STAIRWELL | x_R34_EXIT_C | x_R35_EXIT_B | x_R36_EXIT_STAIRWELL
168,0.7678708748827603,1,True,0,28,x_R01_EXIT_B | x_R02_EXIT_B | x_R03_EXIT_B | x_R04_EXIT_E | x_R05_EXIT_H | x_R06_EXIT_A | x_R07_EXIT_D | x_R08_EXIT_F | x_R09_EXIT_B | x_R10_EXIT_B | x_R11_EXIT_F | x_R12_EXIT_B | x_R13_EXIT_F | x_R14_EXIT_STAIRWELL | x_R15_EXIT_STAIRWELL | x_R16_EXIT_H | x_R20_EXIT_H | x_R24_EXIT_D | x_R25_EXIT_C | x_R28_EXIT_B | x_R29_EXIT_B | x_R30_EXIT_F | x_R31_EXIT_B | x_R32_EXIT_STAIRWELL | x_R33_EXIT_D | x_R34_EXIT_F | x_R35_EXIT_A | x_R36_EXIT_G
169,0.7680500074437191,1,True,0,28,x_R01_EXIT_B | x_R02_EXIT_C | x_R03_EXIT_C | x_R04_EXIT_STAIRWELL | x_R05_EXIT_STAIRWELL | x_R06_EXIT_C | x_R07_EXIT_C | x_R08_EXIT_F | x_R09_EXIT_STAIRWELL | x_R10_EXIT_D | x_R11_EXIT_STAIRWELL | x_R12_EXIT_F | x_R13_EXIT_F | x_R14_EXIT_H | x_R15_EXIT_D | x_R16_EXIT_H | x_R20_EXIT_C | x_R24_EXIT_H | x_R25_EXIT_F | x_R28_EXIT_E | x_R29_EXIT_C | x_R30_EXIT_B | x_R31_EXIT_F | x_R32_EXIT_E | x_R33_EXIT_B | x_R34_EXIT_A | x_R35_EXIT_B | x_R36_EXIT_A
170,0.768284199083098,1,True,0,28,x_R01_EXIT_B | x_R02_EXIT_F | x_R03_EXIT_STAIRWELL | x_R04_EXIT_C | x_R05_EXIT_STAIRWELL | x_R06_EXIT_H | x_R07_EXIT_D | x_R08_EXIT_STAIRWELL | x_R09_EXIT_H | x_R10_EXIT_C | x_R11_EXIT_C | x_R12_EXIT_STAIRWELL | x_R13_EXIT_E | x_R14_EXIT_H | x_R15_EXIT_E | x_R16_EXIT_A | x_R20_EXIT_H | x_R24_EXIT_C | x_R25_EXIT_F | x_R28_EXIT_B | x_R29_EXIT_C | x_R30_EXIT_F | x_R31_EXIT_E | x_R32_EXIT_STAIRWELL | x_R33_EXIT_G | x_R34_EXIT_F | x_R35_EXIT_C | x_R36_EXIT_D
171,0.7683144656657532,1,True,0,28,x_R01_EXIT_H | x_R02_EXIT_A | x_R03_EXIT_H | x_R04_EXIT_C | x_R05_EXIT_C | x_R06_EXIT_A | x_R07_EXIT_G | x_R08_EXIT_C | x_R09_EXIT_D | x_R10_EXIT_STAIRWELL | x_R11_EXIT_C | x_R12_EXIT_F | x_R13_EXIT_H | x_R14_EXIT_H | x_R15_EXIT_A | x_R16_EXIT_E | x_R20_EXIT_G | x_R24_EXIT_E | x_R25_EXIT_C | x_R28_EXIT_E | x_R29_EXIT_C | x_R30_EXIT_E | x_R31_EXIT_B | x_R32_EXIT_C | x_R33_EXIT_STAIRWELL | x_R34_EXIT_B | x_R35_EXIT_B | x_R36_EXIT_D
172,0.7689473250557626,1,True,0,28,x_R01_EXIT_E | x_R02_EXIT_C | x_R03_EXIT_C | x_R04_EXIT_B | x_R05_EXIT_F | x_R06_EXIT_H | x_R07_EXIT_D | x_R08_EXIT_G | x_R09_EXIT_G | x_R10_EXIT_STAIRWELL | x_R11_EXIT_STAIRWELL | x_R12_EXIT_E | x_R13_EXIT_F | x_R14_EXIT_H | x_R15_EXIT_B | x_R16_EXIT_D | x_R20_EXIT_STAIRWELL | x_R24_EXIT_C | x_R25_EXIT_H | x_R28_EXIT_G | x_R29_EXIT_H | x_R30_EXIT_H | x_R31_EXIT_C | x_R32_EXIT_F | x_R33_EXIT_H | x_R34_EXIT_D | x_R35_EXIT_B | x_R36_EXIT_H
173,0.7690094057306851,1,True,0,28,x_R01_EXIT_A | x_R02_EXIT_E | x_R03_EXIT_A | x_R04_EXIT_C | x_R05_EXIT_F | x_R06_EXIT_C | x_R07_EXIT_STAIRWELL | x_R08_EXIT_F | x_R09_EXIT_F | x_R10_EXIT_B | x_R11_EXIT_E | x_R12_EXIT_F | x_R13_EXIT_H | x_R14_EXIT_A | x_R15_EXIT_STAIRWELL | x_R16_EXIT_D | x_R20_EXIT_F | x_R24_EXIT_A | x_R25_EXIT_C | x_R28_EXIT_C | x_R29_EXIT_E | x_R30_EXIT_G | x_R31_EXIT_D | x_R32_EXIT_G | x_R33_EXIT_C | x_R34_EXIT_C | x_R35_EXIT_C | x_R36_EXIT_H
174,0.7693900158469091,1,True,0,28,x_R01_EXIT_C | x_R02_EXIT_E | x_R03_EXIT_H | x_R04_EXIT_D | x_R05_EXIT_D | x_R06_EXIT_A | x_R07_EXIT_H | x_R08_EXIT_B | x_R09_EXIT_STAIRWELL | x_R10_EXIT_B | x_R11_EXIT_STAIRWELL | x_R12_EXIT_A | x_R13_EXIT_STAIRWELL | x_R14_EXIT_A | x_R15_EXIT_B | x_R16_EXIT_D | x_R20_EXIT_STAIRWELL | x_R24_EXIT_E | x_R25_EXIT_H | x_R28_EXIT_STAIRWELL | x_R29_EXIT_G | x_R30_EXIT_G | x_R31_EXIT_A | x_R32_EXIT_G | x_R33_EXIT_E | x_R34_EXIT_G | x_R35_EXIT_G | x_R36_EXIT_H
175,0.7695675497730008,1,True,0,28,x_R01_EXIT_A | x_R02_EXIT_F | x_R03_EXIT_H | x_R04_EXIT_F | x_R05_EXIT_B | x_R06_EXIT_A | x_R07_EXIT_C | x_R08_EXIT_F | x_R09_EXIT_A | x_R10_EXIT_F | x_R11_EXIT_H | x_R12_EXIT_E | x_R13_EXIT_STAIRWELL | x_R14_EXIT_D | x_R15_EXIT_B | x_R16_EXIT_F | x_R20_EXIT_F | x_R24_EXIT_G | x_R25_EXIT_B | x_R28_EXIT_C | x_R29_EXIT_STAIRWELL | x_R30_EXIT_G | x_R31_EXIT_STAIRWELL | x_R32_EXIT_C | x_R33_EXIT_E | x_R34_EXIT_D | x_R35_EXIT_B | x_R36_EXIT_B
176,0.7695720880695376,1,True,0,28,x_R01_EXIT_A | x_R02_EXIT_A | x_R03_EXIT_C | x_R04_EXIT_D | x_R05_EXIT_F | x_R06_EXIT_G | x_R07_EXIT_D | x_R08_EXIT_H | x_R09_EXIT_H | x_R10_EXIT_A | x_R11_EXIT_A | x_R12_EXIT_STAIRWELL | x_R13_EXIT_E | x_R14_EXIT_H | x_R15_EXIT_C | x_R16_EXIT_A | x_R20_EXIT_E | x_R24_EXIT_H | x_R25_EXIT_C | x_R28_EXIT_E | x_R29_EXIT_D | x_R30_EXIT_E | x_R31_EXIT_C | x_R32_EXIT_D | x_R33_EXIT_H | x_R34_EXIT_H | x_R35_EXIT_F | x_R36_EXIT_STAIRWELL
177,0.7708067562818997,1,True,0,28,x_R01_EXIT_G | x_R02_EXIT_H | x_R03_EXIT_STAIRWELL | x_R04_EXIT_STAIRWELL | x_R05_EXIT_F | x_R06_EXIT_C | x_R07_EXIT_STAIRWELL | x_R08_EXIT_H | x_R09_EXIT_B | x_R10_EXIT_H | x_R11_EXIT_A | x_R12_EXIT_G | x_R13_EXIT_D | x_R14_EXIT_H | x_R15_EXIT_C | x_R16_EXIT_E | x_R20_EXIT_H | x_R24_EXIT_E | x_R25_EXIT_A | x_R28_EXIT_G | x_R29_EXIT_STAIRWELL | x_R30_EXIT_H | x_R31_EXIT_C | x_R32_EXIT_F | x_R33_EXIT_E | x_R34_EXIT_B | x_R35_EXIT_C | x_R36_EXIT_A
178,0.7715070774032142,1,True,0,28,x_R01_EXIT_B | x_R02_EXIT_A | x_R03_EXIT_H | x_R04_EXIT_A | x_R05_EXIT_A | x_R06_EXIT_H | x_R07_EXIT_D | x_R08_EXIT_B | x_R09_EXIT_H | x_R10_EXIT_A | x_R11_EXIT_D | x_R12_EXIT_STAIRWELL | x_R13_EXIT_G | x_R14_EXIT_B | x_R15_EXIT_G | x_R16_EXIT_STAIRWELL | x_R20_EXIT_H | x_R24_EXIT_F | x_R25_EXIT_STAIRWELL | x_R28_EXIT_B | x_R29_EXIT_H | x_R30_EXIT_E | x_R31_EXIT_E | x_R32_EXIT_D | x_R33_EXIT_H | x_R34_EXIT_E | x_R35_EXIT_F | x_R36_EXIT_A
179,0.7721449007945012,1,True,0,28,x_R01_EXIT_C | x_R02_EXIT_F | x_R03_EXIT_E | x_R04_EXIT_B | x_R05_EXIT_A | x_R06_EXIT_F | x_R07_EXIT_B | x_R08_EXIT_B | x_R09_EXIT_D | x_R10_EXIT_STAIRWELL | x_R11_EXIT_H | x_R12_EXIT_A | x_R13_EXIT_A | x_R14_EXIT_A | x_R15_EXIT_F | x_R16_EXIT_F | x_R20_EXIT_G | x_R24_EXIT_C | x_R25_EXIT_C | x_R28_EXIT_D | x_R29_EXIT_STAIRWELL | x_R30_EXIT_B | x_R31_EXIT_E | x_R32_EXIT_STAIRWELL | x_R33_EXIT_D | x_R34_EXIT_F | x_R35_EXIT_STAIRWELL | x_R36_EXIT_H
180,0.7723737829492734,1,True,0,28,x_R01_EXIT_D | x_R02_EXIT_C | x_R03_EXIT_B | x_R04_EXIT_C | x_R05_EXIT_D | x_R06_EXIT_G | x_R07_EXIT_E | x_R08_EXIT_B | x_R09_EXIT_G | x_R10_EXIT_E | x_R11_EXIT_E | x_R12_EXIT_H | x_R13_EXIT_B | x_R14_EXIT_E | x_R15_EXIT_D | x_R16_EXIT_D | x_R20_EXIT_F | x_R24_EXIT_E | x_R25_EXIT_STAIRWELL | x_R28_EXIT_F | x_R29_EXIT_STAIRWELL | x_R30_EXIT_H | x_R31_EXIT_H | x_R32_EXIT_F | x_R33_EXIT_D | x_R34_EXIT_D | x_R35_EXIT_C | x_R36_EXIT_STAIRWELL
181,0.7725505533398405,1,True,0,28,x_R01_EXIT_H | x_R02_EXIT_B | x_R03_EXIT_E | x_R04_EXIT_B | x_R05_EXIT_A | x_R06_EXIT_D | x_R07_EXIT_H | x_R08_EXIT_B | x_R09_EXIT_H | x_R10_EXIT_H | x_R11_EXIT_E | x_R12_EXIT_B | x_R13_EXIT_D | x_R14_EXIT_G | x_R15_EXIT_A | x_R16_EXIT_C | x_R20_EXIT_STAIRWELL | x_R24_EXIT_STAIRWELL | x_R25_EXIT_H | x_R28_EXIT_H | x_R29_EXIT_B | x_R30_EXIT_C | x_R31_EXIT_STAIRWELL | x_R32_EXIT_E | x_R33_EXIT_F | x_R34_EXIT_E | x_R35_EXIT_STAIRWELL | x_R36_EXIT_E
182,0.7725698768927032,1,True,0,28,x_R01_EXIT_H | x_R02_EXIT_A | x_R03_EXIT_C | x_R04_EXIT_G | x_R05_EXIT_D | x_R06_EXIT_C | x_R07_EXIT_H | x_R08_EXIT_A | x_R09_EXIT_C | x_R10_EXIT_A | x_R11_EXIT_C | x_R12_EXIT_D | x_R13_EXIT_H | x_R14_EXIT_F | x_R15_EXIT_B | x_R16_EXIT_G | x_R20_EXIT_STAIRWELL | x_R24_EXIT_A | x_R25_EXIT_H | x_R28_EXIT_D | x_R29_EXIT_E | x_R30_EXIT_A | x_R31_EXIT_A | x_R32_EXIT_E | x_R33_EXIT_G | x_R34_EXIT_STAIRWELL | x_R35_EXIT_G | x_R36_EXIT_STAIRWELL
183,0.7729117990116379,1,True,0,28,x_R01_EXIT_A | x_R02_EXIT_A | x_R03_EXIT_F | x_R04_EXIT_STAIRWELL | x_R05_EXIT_G | x_R06_EXIT_C | x_R07_EXIT_B | x_R08_EXIT_F | x_R09_EXIT_STAIRWELL | x_R10_EXIT_G | x_R11_EXIT_A | x_R12_EXIT_D | x_R13_EXIT_F | x_R14_EXIT_F | x_R15_EXIT_D | x_R16_EXIT_D | x_R20_EXIT_G | x_R24_EXIT_C | x_R25_EXIT_F | x_R28_EXIT_G | x_R29_EXIT_C | x_R30_EXIT_E | x_R31_EXIT_E | x_R32_EXIT_C | x_R33_EXIT_E | x_R34_EXIT_D | x_R35_EXIT_F | x_R36_EXIT_C
184,0.7729370070144341,1,True,0,28,x_R01_EXIT_G | x_R02_EXIT_B | x_R03_EXIT_C | x_R04_EXIT_B | x_R05_EXIT_F | x_R06_EXIT_E | x_R07_EXIT_B | x_R08_EXIT_E | x_R09_EXIT_D | x_R10_EXIT_D | x_R11_EXIT_G | x_R12_EXIT_H | x_R13_EXIT_D | x_R14_EXIT_C | x_R15_EXIT_D | x_R16_EXIT_E | x_R20_EXIT_E | x_R24_EXIT_F | x_R25_EXIT_H | x_R28_EXIT_G | x_R29_EXIT_D | x_R30_EXIT_G | x_R31_EXIT_H | x_R32_EXIT_F | x_R33_EXIT_F | x_R34_EXIT_B | x_R35_EXIT_D | x_R36_EXIT_STAIRWELL
185,0.7735298475853938,1,True,0,28,x_R01_EXIT_A | x_R02_EXIT_STAIRWELL | x_R03_EXIT_A | x_R04_EXIT_G | x_R05_EXIT_C | x_R06_EXIT_F | x_R07_EXIT_F | x_R08_EXIT_F | x_R09_EXIT_H | x_R10_EXIT_B | x_R11_EXIT_STAIRWELL | x_R12_EXIT_D | x_R13_EXIT_D | x_R14_EXIT_A | x_R15_EXIT_C | x_R16_EXIT_A | x_R20_EXIT_E | x_R24_EXIT_G | x_R25_EXIT_A | x_R28_EXIT_STAIRWELL | x_R29_EXIT_STAIRWELL | x_R30_EXIT_B | x_R31_EXIT_E | x_R32_EXIT_E | x_R33_EXIT_STAIRWELL | x_R34_EXIT_F | x_R35_EXIT_E | x_R36_EXIT_D
186,0.7735923923180508,1,True,0,28,x_R01_EXIT_H | x_R02_EXIT_H | x_R03_EXIT_C | x_R04_EXIT_STAIRWELL | x_R05_EXIT_STAIRWELL | x_R06_EXIT_F | x_R07_EXIT_D | x_R08_EXIT_H | x_R09_EXIT_D | x_R10_EXIT_A | x_R11_EXIT_STAIRWELL | x_R12_EXIT_H | x_R13_EXIT_F | x_R14_EXIT_D | x_R15_EXIT_G | x_R16_EXIT_C | x_R20_EXIT_STAIRWELL | x_R24_EXIT_F | x_R25_EXIT_E | x_R28_EXIT_A | x_R29_EXIT_G | x_R30_EXIT_A | x_R31_EXIT_E | x_R32_EXIT_STAIRWELL | x_R33_EXIT_E | x_R34_EXIT_H | x_R35_EXIT_G | x_R36_EXIT_H
187,0.7740745371880848,1,True,0,28,x_R01_EXIT_STAIRWELL | x_R02_EXIT_H | x_R03_EXIT_STAIRWELL | x_R04_EXIT_C | x_R05_EXIT_D | x_R06_EXIT_H | x_R07_EXIT_D | x_R08_EXIT_STAIRWELL | x_R09_EXIT_B | x_R10_EXIT_STAIRWELL | x_R11_EXIT_B | x_R12_EXIT_F | x_R13_EXIT_B | x_R14_EXIT_G | x_R15_EXIT_D | x_R16_EXIT_F | x_R20_EXIT_E | x_R24_EXIT_D | x_R25_EXIT_H | x_R28_EXIT_B | x_R29_EXIT_G | x_R30_EXIT_STAIRWELL | x_R31_EXIT_B | x_R32_EXIT_C | x_R33_EXIT_F | x_R34_EXIT_D | x_R35_EXIT_E | x_R36_EXIT_STAIRWELL
188,0.7745942278062898,1,True,0,28,x_R01_EXIT_A | x_R02_EXIT_H | x_R03_EXIT_B | x_R04_EXIT_C | x_R05_EXIT_G | x_R06_EXIT_E | x_R07_EXIT_C | x_R08_EXIT_C | x_R09_EXIT_STAIRWELL | x_R10_EXIT_G | x_R11_EXIT_A | x_R12_EXIT_C | x_R13_EXIT_B | x_R14_EXIT_A | x_R15_EXIT_F | x_R16_EXIT_G | x_R20_EXIT_H | x_R24_EXIT_STAIRWELL | x_R25_EXIT_E | x_R28_EXIT_STAIRWELL | x_R29_EXIT_G | x_R30_EXIT_H | x_R31_EXIT_C | x_R32_EXIT_STAIRWELL | x_R33_EXIT_D | x_R34_EXIT_D | x_R35_EXIT_G | x_R36_EXIT_STAIRWELL
189,0.7745946816438618,1,True,0,28,x_R01_EXIT_C | x_R02_EXIT_D | x_R03_EXIT_E | x_R04_EXIT_D | x_R05_EXIT_A | x_R06_EXIT_D | x_R07_EXIT_D | x_R08_EXIT_H | x_R09_EXIT_C | x_R10_EXIT_STAIRWELL | x_R11_EXIT_STAIRWELL | x_R12_EXIT_H | x_R13_EXIT_A | x_R14_EXIT_H | x_R15_EXIT_STAIRWELL | x_R16_EXIT_C | x_R20_EXIT_D | x_R24_EXIT_C | x_R25_EXIT_E | x_R28_EXIT_H | x_R29_EXIT_G | x_R30_EXIT_E | x_R31_EXIT_F | x_R32_EXIT_C | x_R33_EXIT_H | x_R34_EXIT_D | x_R35_EXIT_B | x_R36_EXIT_B
190,0.7751644417861598,1,True,0,28,x_R01_EXIT_H | x_R02_EXIT_C | x_R03_EXIT_B | x_R04_EXIT_A | x_R05_EXIT_STAIRWELL | x_R06_EXIT_H | x_R07_EXIT_H | x_R08_EXIT_C | x_R09_EXIT_D | x_R10_EXIT_D | x_R11_EXIT_A | x_R12_EXIT_G | x_R13_EXIT_A | x_R14_EXIT_H | x_R15_EXIT_G | x_R16_EXIT_E | x_R20_EXIT_E | x_R24_EXIT_F | x_R25_EXIT_E | x_R28_EXIT_STAIRWELL | x_R29_EXIT_F | x_R30_EXIT_F | x_R31_EXIT_C | x_R32_EXIT_H | x_R33_EXIT_E | x_R34_EXIT_STAIRWELL | x_R35_EXIT_C | x_R36_EXIT_E
191,0.7754919992578948,1,True,0,28,x_R01_EXIT_STAIRWELL | x_R02_EXIT_STAIRWELL | x_R03_EXIT_C | x_R04_EXIT_STAIRWELL | x_R05_EXIT_H | x_R06_EXIT_B | x_R07_EXIT_B | x_R08_EXIT_B | x_R09_EXIT_STAIRWELL | x_R10_EXIT_A | x_R11_EXIT_B | x_R12_EXIT_B | x_R13_EXIT_C | x_R14_EXIT_C | x_R15_EXIT_D | x_R16_EXIT_F | x_R20_EXIT_D | x_R24_EXIT_C | x_R25_EXIT_D | x_R28_EXIT_G | x_R29_EXIT_D | x_R30_EXIT_G | x_R31_EXIT_H | x_R32_EXIT_STAIRWELL | x_R33_EXIT_H | x_R34_EXIT_C | x_R35_EXIT_STAIRWELL | x_R36_EXIT_H
192,0.7756909628611197,1,True,0,28,x_R01_EXIT_H | x_R02_EXIT_A | x_R03_EXIT_B | x_R04_EXIT_STAIRWELL | x_R05_EXIT_B | x_R06_EXIT_B | x_R07_EXIT_D | x_R08_EXIT_E | x_R09_EXIT_G | x_R10_EXIT_G | x_R11_EXIT_STAIRWELL | x_R12_EXIT_B | x_R13_EXIT_E | x_R14_EXIT_F | x_R15_EXIT_STAIRWELL | x_R16_EXIT_G | x_R20_EXIT_H | x_R24_EXIT_STAIRWELL | x_R25_EXIT_B | x_R28_EXIT_C | x_R29_EXIT_G | x_R30_EXIT_STAIRWELL | x_R31_EXIT_F | x_R32_EXIT_G | x_R33_EXIT_E | x_R34_EXIT_H | x_R35_EXIT_B | x_R36_EXIT_E
193,0.7759236207729714,1,True,0,28,x_R01_EXIT_A | x_R02_EXIT_A | x_R03_EXIT_H | x_R04_EXIT_E | x_R05_EXIT_F | x_R06_EXIT_A | x_R07_EXIT_A | x_R08_EXIT_A | x_R09_EXIT_STAIRWELL | x_R10_EXIT_B | x_R11_EXIT_B | x_R12_EXIT_H | x_R13_EXIT_D | x_R14_EXIT_B | x_R15_EXIT_F | x_R16_EXIT_F | x_R20_EXIT_C | x_R24_EXIT_E | x_R25_EXIT_STAIRWELL | x_R28_EXIT_H | x_R29_EXIT_B | x_R30_EXIT_F | x_R31_EXIT_E | x_R32_EXIT_D | x_R33_EXIT_H | x_R34_EXIT_D | x_R35_EXIT_F | x_R36_EXIT_STAIRWELL
194,0.7760332851376575,1,True,0,28,x_R01_EXIT_E | x_R02_EXIT_A | x_R03_EXIT_A | x_R04_EXIT_F | x_R05_EXIT_F | x_R06_EXIT_E | x_R07_EXIT_A | x_R08_EXIT_F | x_R09_EXIT_H | x_R10_EXIT_D | x_R11_EXIT_H | x_R12_EXIT_H | x_R13_EXIT_H | x_R14_EXIT_STAIRWELL | x_R15_EXIT_D | x_R16_EXIT_A | x_R20_EXIT_G | x_R24_EXIT_D | x_R25_EXIT_C | x_R28_EXIT_C | x_R29_EXIT_E | x_R30_EXIT_STAIRWELL | x_R31_EXIT_C | x_R32_EXIT_H | x_R33_EXIT_F | x_R34_EXIT_C | x_R35_EXIT_A | x_R36_EXIT_D
195,0.7765086097839458,1,True,0,28,x_R01_EXIT_D | x_R02_EXIT_A | x_R03_EXIT_F | x_R04_EXIT_F | x_R05_EXIT_D | x_R06_EXIT_D | x_R07_EXIT_D | x_R08_EXIT_E | x_R09_EXIT_B | x_R10_EXIT_A | x_R11_EXIT_E | x_R12_EXIT_F | x_R13_EXIT_STAIRWELL | x_R14_EXIT_C | x_R15_EXIT_B | x_R16_EXIT_D | x_R20_EXIT_B | x_R24_EXIT_H | x_R25_EXIT_C | x_R28_EXIT_F | x_R29_EXIT_E | x_R30_EXIT_A | x_R31_EXIT_F | x_R32_EXIT_STAIRWELL | x_R33_EXIT_E | x_R34_EXIT_G | x_R35_EXIT_C | x_R36_EXIT_D
196,0.7769417573670125,1,True,0,28,x_R01_EXIT_A | x_R02_EXIT_B | x_R03_EXIT_B | x_R04_EXIT_H | x_R05_EXIT_H | x_R06_EXIT_D | x_R07_EXIT_D | x_R08_EXIT_G | x_R09_EXIT_A | x_R10_EXIT_STAIRWELL | x_R11_EXIT_STAIRWELL | x_R12_EXIT_C | x_R13_EXIT_STAIRWELL | x_R14_EXIT_C | x_R15_EXIT_D | x_R16_EXIT_A | x_R20_EXIT_STAIRWELL | x_R24_EXIT_H | x_R25_EXIT_D | x_R28_EXIT_E | x_R29_EXIT_A | x_R30_EXIT_C | x_R31_EXIT_H | x_R32_EXIT_STAIRWELL | x_R33_EXIT_D | x_R34_EXIT_A | x_R35_EXIT_STAIRWELL | x_R36_EXIT_D
197,0.7770218103244133,1,True,0,28,x_R01_EXIT_C | x_R02_EXIT_C | x_R03_EXIT_H | x_R04_EXIT_H | x_R05_EXIT_D | x_R06_EXIT_G | x_R07_EXIT_A | x_R08_EXIT_H | x_R09_EXIT_B | x_R10_EXIT_B | x_R11_EXIT_B | x_R12_EXIT_C | x_R13_EXIT_H | x_R14_EXIT_C | x_R15_EXIT_STAIRWELL | x_R16_EXIT_D | x_R20_EXIT_G | x_R24_EXIT_F | x_R25_EXIT_A | x_R28_EXIT_F | x_R29_EXIT_B | x_R30_EXIT_B | x_R31_EXIT_G | x_R32_EXIT_STAIRWELL | x_R33_EXIT_A | x_R34_EXIT_G | x_R35_EXIT_STAIRWELL | x_R36_EXIT_STAIRWELL
198,0.77756471016761,1,True,0,28,x_R01_EXIT_E | x_R02_EXIT_B | x_R03_EXIT_E | x_R04_EXIT_F | x_R05_EXIT_C | x_R06_EXIT_E | x_R07_EXIT_F | x_R08_EXIT_STAIRWELL | x_R09_EXIT_G | x_R10_EXIT_D | x_R11_EXIT_D | x_R12_EXIT_E | x_R13_EXIT_D | x_R14_EXIT_D | x_R15_EXIT_D | x_R16_EXIT_F | x_R20_EXIT_STAIRWELL | x_R24_EXIT_F | x_R25_EXIT_C | x_R28_EXIT_STAIRWELL | x_R29_EXIT_B | x_R30_EXIT_A | x_R31_EXIT_A | x_R32_EXIT_G | x_R33_EXIT_E | x_R34_EXIT_F | x_R35_EXIT_B | x_R36_EXIT_F
199,0.7776792531989258,1,True,0,28,x_R01_EXIT_A | x_R02_EXIT_C | x_R03_EXIT_B | x_R04_EXIT_G | x_R05_EXIT_C | x_R06_EXIT_C | x_R07_EXIT_F | x_R08_EXIT_G | x_R09_EXIT_B | x_R10_EXIT_D | x_R11_EXIT_STAIRWELL | x_R12_EXIT_F | x_R13_EXIT_B | x_R14_EXIT_E | x_R15_EXIT_G | x_R16_EXIT_C | x_R20_EXIT_E | x_R24_EXIT_G | x_R25_EXIT_C | x_R28_EXIT_H | x_R29_EXIT_E | x_R30_EXIT_STAIRWELL | x_R31_EXIT_B | x_R32_EXIT_D | x_R33_EXIT_E | x_R34_EXIT_B | x_R35_EXIT_E | x_R36_EXIT_D
200,0.778143464124355,1,True,0,28,x_R01_EXIT_A | x_R02_EXIT_STAIRWELL | x_R03_EXIT_B | x_R04_EXIT_H | x_R05_EXIT_B | x_R06_EXIT_B | x_R07_EXIT_H | x_R08_EXIT_E | x_R09_EXIT_C | x_R10_EXIT_B | x_R11_EXIT_C | x_R12_EXIT_A | x_R13_EXIT_H | x_R14_EXIT_D | x_R15_EXIT_H | x_R16_EXIT_G | x_R20_EXIT_A | x_R24_EXIT_E | x_R25_EXIT_G | x_R28_EXIT_E | x_R29_EXIT_F | x_R30_EXIT_STAIRWELL | x_R31_EXIT_F | x_R32_EXIT_C | x_R33_EXIT_G | x_R34_EXIT_E | x_R35_EXIT_H | x_R36_EXIT_E
201,0.7783075282810614,1,True,0,28,x_R01_EXIT_A | x_R02_EXIT_B | x_R03_EXIT_E | x_R04_EXIT_STAIRWELL | x_R05_EXIT_C | x_R06_EXIT_D | x_R07_EXIT_D | x_R08_EXIT_F | x_R09_EXIT_B | x_R10_EXIT_H | x_R11_EXIT_G | x_R12_EXIT_C | x_R13_EXIT_H | x_R14_EXIT_G | x_R15_EXIT_C | x_R16_EXIT_STAIRWELL | x_R20_EXIT_A | x_R24_EXIT_C | x_R25_EXIT_B | x_R28_EXIT_B | x_R29_EXIT_G | x_R30_EXIT_E | x_R31_EXIT_G | x_R32_EXIT_B | x_R33_EXIT_H | x_R34_EXIT_C | x_R35_EXIT_F | x_R36_EXIT_STAIRWELL
202,0.7785088898314712,1,True,0,28,x_R01_EXIT_F | x_R02_EXIT_G | x_R03_EXIT_H | x_R04_EXIT_C | x_R05_EXIT_F | x_R06_EXIT_A | x_R07_EXIT_STAIRWELL | x_R08_EXIT_H | x_R09_EXIT_STAIRWELL | x_R10_EXIT_D | x_R11_EXIT_G | x_R12_EXIT_B | x_R13_EXIT_B | x_R14_EXIT_H | x_R15_EXIT_C | x_R16_EXIT_E | x_R20_EXIT_E | x_R24_EXIT_G | x_R25_EXIT_D | x_R28_EXIT_E | x_R29_EXIT_G | x_R30_EXIT_G | x_R31_EXIT_B | x_R32_EXIT_H | x_R33_EXIT_G | x_R34_EXIT_G | x_R35_EXIT_H | x_R36_EXIT_H
203,0.7785367303508224,1,True,0,28,x_R01_EXIT_F | x_R02_EXIT_A | x_R03_EXIT_H | x_R04_EXIT_H | x_R05_EXIT_B | x_R06_EXIT_G | x_R07_EXIT_F | x_R08_EXIT_STAIRWELL | x_R09_EXIT_H | x_R10_EXIT_D | x_R11_EXIT_D | x_R12_EXIT_A | x_R13_EXIT_H | x_R14_EXIT_F | x_R15_EXIT_E | x_R16_EXIT_STAIRWELL | x_R20_EXIT_C | x_R24_EXIT_B | x_R25_EXIT_D | x_R28_EXIT_F | x_R29_EXIT_H | x_R30_EXIT_E | x_R31_EXIT_B | x_R32_EXIT_F | x_R33_EXIT_C | x_R34_EXIT_H | x_R35_EXIT_F | x_R36_EXIT_D
204,0.7785850903502478,1,True,0,28,x_R01_EXIT_G | x_R02_EXIT_H | x_R03_EXIT_H | x_R04_EXIT_STAIRWELL | x_R05_EXIT_D | x_R06_EXIT_C | x_R07_EXIT_G | x_R08_EXIT_F | x_R09_EXIT_F | x_R10_EXIT_B | x_R11_EXIT_D | x_R12_EXIT_B | x_R13_EXIT_H | x_R14_EXIT_H | x_R15_EXIT_D | x_R16_EXIT_H | x_R20_EXIT_G | x_R24_EXIT_E | x_R25_EXIT_B | x_R28_EXIT_STAIRWELL | x_R29_EXIT_STAIRWELL | x_R30_EXIT_H | x_R31_EXIT_F | x_R32_EXIT_A | x_R33_EXIT_D | x_R34_EXIT_H | x_R35_EXIT_G | x_R36_EXIT_B
205,0.7792106271128887,1,True,0,28,x_R01_EXIT_A | x_R02_EXIT_F | x_R03_EXIT_F | x_R04_EXIT_B | x_R05_EXIT_A | x_R06_EXIT_G | x_R07_EXIT_E | x_R08_EXIT_D | x_R09_EXIT_A | x_R10_EXIT_B | x_R11_EXIT_F | x_R12_EXIT_A | x_R13_EXIT_H | x_R14_EXIT_H | x_R15_EXIT_G | x_R16_EXIT_C | x_R20_EXIT_E | x_R24_EXIT_B | x_R25_EXIT_C | x_R28_EXIT_G | x_R29_EXIT_B | x_R30_EXIT_H | x_R31_EXIT_A | x_R32_EXIT_C | x_R33_EXIT_A | x_R34_EXIT_C | x_R35_EXIT_B | x_R36_EXIT_STAIRWELL
206,0.7793600184804745,1,True,0,28,x_R01_EXIT_D | x_R02_EXIT_F | x_R03_EXIT_A | x_R04_EXIT_E | x_R05_EXIT_B | x_R06_EXIT_H | x_R07_EXIT_C | x_R08_EXIT_B | x_R09_EXIT_A | x_R10_EXIT_G | x_R11_EXIT_G | x_R12_EXIT_F | x_R13_EXIT_H | x_R14_EXIT_D | x_R15_EXIT_C | x_R16_EXIT_STAIRWELL | x_R20_EXIT_H | x_R24_EXIT_B | x_R25_EXIT_E | x_R28_EXIT_F | x_R29_EXIT_G | x_R30_EXIT_STAIRWELL | x_R31_EXIT_G | x_R32_EXIT_H | x_R33_EXIT_STAIRWELL | x_R34_EXIT_E | x_R35_EXIT_H | x_R36_EXIT_C
207,0.7793769389732574,1,True,0,28,x_R01_EXIT_B | x_R02_EXIT_E | x_R03_EXIT_B | x_R04_EXIT_STAIRWELL | x_R05_EXIT_C | x_R06_EXIT_E | x_R07_EXIT_B | x_R08_EXIT_F | x_R09_EXIT_STAIRWELL | x_R10_EXIT_D | x_R11_EXIT_F | x_R12_EXIT_A | x_R13_EXIT_F | x_R14_EXIT_H | x_R15_EXIT_B | x_R16_EXIT_F | x_R20_EXIT_F | x_R24_EXIT_A | x_R25_EXIT_E | x_R28_EXIT_STAIRWELL | x_R29_EXIT_C | x_R30_EXIT_H | x_R31_EXIT_E | x_R32_EXIT_D | x_R33_EXIT_F | x_R34_EXIT_G | x_R35_EXIT_F | x_R36_EXIT_H
208,0.7795739329077378,1,True,0,28,x_R01_EXIT_H | x_R02_EXIT_STAIRWELL | x_R03_EXIT_F | x_R04_EXIT_F | x_R05_EXIT_B | x_R06_EXIT_STAIRWELL | x_R07_EXIT_STAIRWELL | x_R08_EXIT_G | x_R09_EXIT_C | x_R10_EXIT_STAIRWELL | x_R11_EXIT_D | x_R12_EXIT_C | x_R13_EXIT_B | x_R14_EXIT_STAIRWELL | x_R15_EXIT_E | x_R16_EXIT_G | x_R20_EXIT_F | x_R24_EXIT_H | x_R25_EXIT_B | x_R28_EXIT_C | x_R29_EXIT_STAIRWELL | x_R30_EXIT_H | x_R31_EXIT_F | x_R32_EXIT_F | x_R33_EXIT_E | x_R34_EXIT_G | x_R35_EXIT_H | x_R36_EXIT_F
209,0.7798125775133826,1,True,0,28,x_R01_EXIT_A | x_R02_EXIT_D | x_R03_EXIT_D | x_R04_EXIT_A | x_R05_EXIT_STAIRWELL | x_R06_EXIT_D | x_R07_EXIT_F | x_R08_EXIT_H | x_R09_EXIT_STAIRWELL | x_R10_EXIT_C | x_R11_EXIT_H | x_R12_EXIT_H | x_R13_EXIT_H | x_R14_EXIT_STAIRWELL | x_R15_EXIT_A | x_R16_EXIT_E | x_R20_EXIT_G | x_R24_EXIT_F | x_R25_EXIT_STAIRWELL | x_R28_EXIT_G | x_R29_EXIT_STAIRWELL | x_R30_EXIT_A | x_R31_EXIT_G | x_R32_EXIT_H | x_R33_EXIT_D | x_R34_EXIT_A | x_R35_EXIT_C | x_R36_EXIT_A
210,0.7800708655838093,1,True,0,28,x_R01_EXIT_H | x_R02_EXIT_A | x_R03_EXIT_F | x_R04_EXIT_A | x_R05_EXIT_A | x_R06_EXIT_A | x_R07_EXIT_B | x_R08_EXIT_D | x_R09_EXIT_H | x_R10_EXIT_F | x_R11_EXIT_F | x_R12_EXIT_STAIRWELL | x_R13_EXIT_A | x_R14_EXIT_B | x_R15_EXIT_G | x_R16_EXIT_C | x_R20_EXIT_G | x_R24_EXIT_F | x_R25_EXIT_G | x_R28_EXIT_A | x_R29_EXIT_G | x_R30_EXIT_A | x_R31_EXIT_G | x_R32_EXIT_B | x_R33_EXIT_G | x_R34_EXIT_B | x_R35_EXIT_B | x_R36_EXIT_F
211,0.7801150020948171,1,True,0,28,x_R01_EXIT_H | x_R02_EXIT_C | x_R03_EXIT_C | x_R04_EXIT_D | x_R05_EXIT_F | x_R06_EXIT_G | x_R07_EXIT_STAIRWELL | x_R08_EXIT_D | x_R09_EXIT_B | x_R10_EXIT_E | x_R11_EXIT_A | x_R12_EXIT_C | x_R13_EXIT_F | x_R14_EXIT_STAIRWELL | x_R15_EXIT_C | x_R16_EXIT_F | x_R20_EXIT_F | x_R24_EXIT_B | x_R25_EXIT_H | x_R28_EXIT_STAIRWELL | x_R29_EXIT_STAIRWELL | x_R30_EXIT_G | x_R31_EXIT_C | x_R32_EXIT_F | x_R33_EXIT_E | x_R34_EXIT_C | x_R35_EXIT_A | x_R36_EXIT_B
212,0.7802458257765466,1,True,0,28,x_R01_EXIT_D | x_R02_EXIT_B | x_R03_EXIT_B | x_R04_EXIT_F | x_R05_EXIT_STAIRWELL | x_R06_EXIT_D | x_R07_EXIT_H | x_R08_EXIT_STAIRWELL | x_R09_EXIT_B | x_R10_EXIT_B | x_R11_EXIT_G | x_R12_EXIT_F | x_R13_EXIT_G | x_R14_EXIT_D | x_R15_EXIT_D | x_R16_EXIT_E | x_R20_EXIT_F | x_R24_EXIT_A | x_R25_EXIT_F | x_R28_EXIT_G | x_R29_EXIT_H | x_R30_EXIT_C | x_R31_EXIT_F | x_R32_EXIT_STAIRWELL | x_R33_EXIT_G | x_R34_EXIT_STAIRWELL | x_R35_EXIT_H | x_R36_EXIT_E
213,0.7804500886497863,1,True,0,28,x_R01_EXIT_F | x_R02_EXIT_A | x_R03_EXIT_A | x_R04_EXIT_STAIRWELL | x_R05_EXIT_A | x_R06_EXIT_B | x_R07_EXIT_F | x_R08_EXIT_STAIRWELL | x_R09_EXIT_C | x_R10_EXIT_H | x_R11_EXIT_F | x_R12_EXIT_A | x_R13_EXIT_STAIRWELL | x_R14_EXIT_STAIRWELL | x_R15_EXIT_A | x_R16_EXIT_B | x_R20_EXIT_G | x_R24_EXIT_G | x_R25_EXIT_D | x_R28_EXIT_G | x_R29_EXIT_STAIRWELL | x_R30_EXIT_D | x_R31_EXIT_A | x_R32_EXIT_STAIRWELL | x_R33_EXIT_B | x_R34_EXIT_C | x_R35_EXIT_A | x_R36_EXIT_B
214,0.7808144078957753,1,True,0,28,x_R01_EXIT_A | x_R02_EXIT_STAIRWELL | x_R03_EXIT_F | x_R04_EXIT_A | x_R05_EXIT_STAIRWELL | x_R06_EXIT_G | x_R07_EXIT_H | x_R08_EXIT_B | x_R09_EXIT_H | x_R10_EXIT_C | x_R11_EXIT_A | x_R12_EXIT_F | x_R13_EXIT_H | x_R14_EXIT_F | x_R15_EXIT_D | x_R16_EXIT_B | x_R20_EXIT_C | x_R24_EXIT_G | x_R25_EXIT_E | x_R28_EXIT_E | x_R29_EXIT_E | x_R30_EXIT_C | x_R31_EXIT_F | x_R32_EXIT_D | x_R33_EXIT_G | x_R34_EXIT_STAIRWELL | x_R35_EXIT_E | x_R36_EXIT_F
215,0.7809771540085535,1,True,0,28,x_R01_EXIT_A | x_R02_EXIT_C | x_R03_EXIT_E | x_R04_EXIT_STAIRWELL | x_R05_EXIT_H | x_R06_EXIT_E | x_R07_EXIT_D | x_R08_EXIT_C | x_R09_EXIT_H | x_R10_EXIT_H | x_R11_EXIT_STAIRWELL | x_R12_EXIT_F | x_R13_EXIT_H | x_R14_EXIT_D | x_R15_EXIT_H | x_R16_EXIT_B | x_R20_EXIT_C | x_R24_EXIT_STAIRWELL | x_R25_EXIT_A | x_R28_EXIT_G | x_R29_EXIT_B | x_R30_EXIT_C | x_R31_EXIT_D | x_R32_EXIT_STAIRWELL | x_R33_EXIT_G | x_R34_EXIT_STAIRWELL | x_R35_EXIT_B | x_R36_EXIT_B
216,0.7812432108739813,1,True,0,28,x_R01_EXIT_F | x_R02_EXIT_C | x_R03_EXIT_STAIRWELL | x_R04_EXIT_B | x_R05_EXIT_B | x_R06_EXIT_E | x_R07_EXIT_F | x_R08_EXIT_C | x_R09_EXIT_A | x_R10_EXIT_G | x_R11_EXIT_A | x_R12_EXIT_E | x_R13_EXIT_H | x_R14_EXIT_B | x_R15_EXIT_B | x_R16_EXIT_B | x_R20_EXIT_C | x_R24_EXIT_H | x_R25_EXIT_E | x_R28_EXIT_G | x_R29_EXIT_B | x_R30_EXIT_H | x_R31_EXIT_D | x_R32_EXIT_F | x_R33_EXIT_E | x_R34_EXIT_D | x_R35_EXIT_A | x_R36_EXIT_B
217,0.7812993866425586,1,True,0,28,x_R01_EXIT_E | x_R02_EXIT_B | x_R03_EXIT_H | x_R04_EXIT_D | x_R05_EXIT_H | x_R06_EXIT_G | x_R07_EXIT_C | x_R08_EXIT_A | x_R09_EXIT_E | x_R10_EXIT_H | x_R11_EXIT_STAIRWELL | x_R12_EXIT_A | x_R13_EXIT_F | x_R14_EXIT_H | x_R15_EXIT_C | x_R16_EXIT_F | x_R20_EXIT_F | x_R24_EXIT_STAIRWELL | x_R25_EXIT_H | x_R28_EXIT_F | x_R29_EXIT_F | x_R30_EXIT_B | x_R31_EXIT_E | x_R32_EXIT_B | x_R33_EXIT_STAIRWELL | x_R34_EXIT_F | x_R35_EXIT_G | x_R36_EXIT_STAIRWELL
218,0.7813379816324755,1,True,0,28,x_R01_EXIT_A | x_R02_EXIT_C | x_R03_EXIT_STAIRWELL | x_R04_EXIT_B | x_R05_EXIT_C | x_R06_EXIT_G | x_R07_EXIT_D | x_R08_EXIT_G | x_R09_EXIT_STAIRWELL | x_R10_EXIT_F | x_R11_EXIT_C | x_R12_EXIT_E | x_R13_EXIT_STAIRWELL | x_R14_EXIT_F | x_R15_EXIT_G | x_R16_EXIT_A | x_R20_EXIT_B | x_R24_EXIT_H | x_R25_EXIT_STAIRWELL | x_R28_EXIT_D | x_R29_EXIT_G | x_R30_EXIT_H | x_R31_EXIT_D | x_R32_EXIT_E | x_R33_EXIT_F | x_R34_EXIT_E | x_R35_EXIT_C | x_R36_EXIT_C
219,0.7814163429588916,1,True,0,28,x_R01_EXIT_D | x_R02_EXIT_B | x_R03_EXIT_STAIRWELL | x_R04_EXIT_A | x_R05_EXIT_B | x_R06_EXIT_H | x_R07_EXIT_B | x_R08_EXIT_G | x_R09_EXIT_C | x_R10_EXIT_STAIRWELL | x_R11_EXIT_B | x_R12_EXIT_B | x_R13_EXIT_D | x_R14_EXIT_STAIRWELL | x_R15_EXIT_STAIRWELL | x_R16_EXIT_D | x_R20_EXIT_G | x_R24_EXIT_B | x_R25_EXIT_B | x_R28_EXIT_H | x_R29_EXIT_E | x_R30_EXIT_STAIRWELL | x_R31_EXIT_F | x_R32_EXIT_E | x_R33_EXIT_E | x_R34_EXIT_G | x_R35_EXIT_D | x_R36_EXIT_A
220,0.7817075199139936,1,True,0,28,x_R01_EXIT_H | x_R02_EXIT_STAIRWELL | x_R03_EXIT_STAIRWELL | x_R04_EXIT_E | x_R05_EXIT_B | x_R06_EXIT_B | x_R07_EXIT_B | x_R08_EXIT_B | x_R09_EXIT_F | x_R10_EXIT_B | x_R11_EXIT_D | x_R12_EXIT_A | x_R13_EXIT_B | x_R14_EXIT_STAIRWELL | x_R15_EXIT_STAIRWELL | x_R16_EXIT_G | x_R20_EXIT_F | x_R24_EXIT_H | x_R25_EXIT_E | x_R28_EXIT_STAIRWELL | x_R29_EXIT_H | x_R30_EXIT_H | x_R31_EXIT_F | x_R32_EXIT_STAIRWELL | x_R33_EXIT_F | x_R34_EXIT_H | x_R35_EXIT_H | x_R36_EXIT_C
221,0.7818715063956461,1,True,0,28,x_R01_EXIT_F | x_R02_EXIT_A | x_R03_EXIT_F | x_R04_EXIT_C | x_R05_EXIT_A | x_R06_EXIT_A | x_R07_EXIT_F | x_R08_EXIT_STAIRWELL | x_R09_EXIT_D | x_R10_EXIT_B | x_R11_EXIT_C | x_R12_EXIT_A | x_R13_EXIT_F | x_R14_EXIT_F | x_R15_EXIT_A | x_R16_EXIT_H | x_R20_EXIT_G | x_R24_EXIT_STAIRWELL | x_R25_EXIT_C | x_R28_EXIT_E | x_R29_EXIT_G | x_R30_EXIT_H | x_R31_EXIT_G | x_R32_EXIT_D | x_R33_EXIT_B | x_R34_EXIT_STAIRWELL | x_R35_EXIT_STAIRWELL | x_R36_EXIT_B
222,0.7822256016856954,1,True,0,28,x_R01_EXIT_G | x_R02_EXIT_F | x_R03_EXIT_G | x_R04_EXIT_E | x_R05_EXIT_F | x_R06_EXIT_D | x_R07_EXIT_F | x_R08_EXIT_B | x_R09_EXIT_B | x_R10_EXIT_C | x_R11_EXIT_F | x_R12_EXIT_STAIRWELL | x_R13_EXIT_E | x_R14_EXIT_E | x_R15_EXIT_F | x_R16_EXIT_F | x_R20_EXIT_STAIRWELL | x_R24_EXIT_STAIRWELL | x_R25_EXIT_F | x_R28_EXIT_G | x_R29_EXIT_STAIRWELL | x_R30_EXIT_H | x_R31_EXIT_H | x_R32_EXIT_E | x_R33_EXIT_STAIRWELL | x_R34_EXIT_STAIRWELL | x_R35_EXIT_C | x_R36_EXIT_STAIRWELL
223,0.7822432080423596,1,True,0,28,x_R01_EXIT_F | x_R02_EXIT_E | x_R03_EXIT_E | x_R04_EXIT_B | x_R05_EXIT_F | x_R06_EXIT_E | x_R07_EXIT_D | x_R08_EXIT_B | x_R09_EXIT_A | x_R10_EXIT_F | x_R11_EXIT_D | x_R12_EXIT_D | x_R13_EXIT_A | x_R14_EXIT_F | x_R15_EXIT_D | x_R16_EXIT_F | x_R20_EXIT_E | x_R24_EXIT_C | x_R25_EXIT_H | x_R28_EXIT_B | x_R29_EXIT_C | x_R30_EXIT_B | x_R31_EXIT_STAIRWELL | x_R32_EXIT_D | x_R33_EXIT_E | x_R34_EXIT_STAIRWELL | x_R35_EXIT_E | x_R36_EXIT_H
224,0.7824089449441658,1,True,0,28,x_R01_EXIT_A | x_R02_EXIT_G | x_R03_EXIT_H | x_R04_EXIT_B | x_R05_EXIT_C | x_R06_EXIT_F | x_R07_EXIT_A | x_R08_EXIT_B | x_R09_EXIT_H | x_R10_EXIT_F | x_R11_EXIT_B | x_R12_EXIT_F | x_R13_EXIT_G | x_R14_EXIT_B | x_R15_EXIT_H | x_R16_EXIT_STAIRWELL | x_R20_EXIT_STAIRWELL | x_R24_EXIT_G | x_R25_EXIT_F | x_R28_EXIT_H | x_R29_EXIT_D | x_R30_EXIT_C | x_R31_EXIT_A | x_R32_EXIT_B | x_R33_EXIT_F | x_R34_EXIT_H | x_R35_EXIT_STAIRWELL | x_R36_EXIT_STAIRWELL
225,0.7825090328810234,1,True,0,28,x_R01_EXIT_B | x_R02_EXIT_STAIRWELL | x_R03_EXIT_F | x_R04_EXIT_STAIRWELL | x_R05_EXIT_STAIRWELL | x_R06_EXIT_G | x_R07_EXIT_STAIRWELL | x_R08_EXIT_A | x_R09_EXIT_H | x_R10_EXIT_D | x_R11_EXIT_H | x_R12_EXIT_STAIRWELL | x_R13_EXIT_A | x_R14_EXIT_E | x_R15_EXIT_D | x_R16_EXIT_A | x_R20_EXIT_H | x_R24_EXIT_A | x_R25_EXIT_E | x_R28_EXIT_B | x_R29_EXIT_STAIRWELL | x_R30_EXIT_C | x_R31_EXIT_A | x_R32_EXIT_STAIRWELL | x_R33_EXIT_F | x_R34_EXIT_E | x_R35_EXIT_H | x_R36_EXIT_H
226,0.782888931568209,1,True,0,28,x_R01_EXIT_STAIRWELL | x_R02_EXIT_D | x_R03_EXIT_B | x_R04_EXIT_B | x_R05_EXIT_STAIRWELL | x_R06_EXIT_A | x_R07_EXIT_STAIRWELL | x_R08_EXIT_B | x_R09_EXIT_D | x_R10_EXIT_A | x_R11_EXIT_E | x_R12_EXIT_B | x_R13_EXIT_D | x_R14_EXIT_B | x_R15_EXIT_H | x_R16_EXIT_A | x_R20_EXIT_B | x_R24_EXIT_STAIRWELL | x_R25_EXIT_C | x_R28_EXIT_F | x_R29_EXIT_F | x_R30_EXIT_H | x_R31_EXIT_B | x_R32_EXIT_C | x_R33_EXIT_E | x_R34_EXIT_E | x_R35_EXIT_C | x_R36_EXIT_E
227,0.7832738837359443,1,True,0,28,x_R01_EXIT_E | x_R02_EXIT_E | x_R03_EXIT_D | x_R04_EXIT_H | x_R05_EXIT_F | x_R06_EXIT_A | x_R07_EXIT_STAIRWELL | x_R08_EXIT_E | x_R09_EXIT_H | x_R10_EXIT_C | x_R11_EXIT_E | x_R12_EXIT_A | x_R13_EXIT_A | x_R14_EXIT_H | x_R15_EXIT_D | x_R16_EXIT_D | x_R20_EXIT_F | x_R24_EXIT_G | x_R25_EXIT_F | x_R28_EXIT_G | x_R29_EXIT_F | x_R30_EXIT_F | x_R31_EXIT_G | x_R32_EXIT_D | x_R33_EXIT_STAIRWELL | x_R34_EXIT_B | x_R35_EXIT_A | x_R36_EXIT_E
228,0.7835180110829469,1,True,0,28,x_R01_EXIT_G | x_R02_EXIT_E | x_R03_EXIT_C | x_R04_EXIT_F | x_R05_EXIT_E | x_R06_EXIT_D | x_R07_EXIT_D | x_R08_EXIT_B | x_R09_EXIT_E | x_R10_EXIT_A | x_R11_EXIT_D | x_R12_EXIT_H | x_R13_EXIT_A | x_R14_EXIT_STAIRWELL | x_R15_EXIT_H | x_R16_EXIT_A | x_R20_EXIT_H | x_R24_EXIT_F | x_R25_EXIT_F | x_R28_EXIT_B | x_R29_EXIT_G | x_R30_EXIT_C | x_R31_EXIT_F | x_R32_EXIT_E | x_R33_EXIT_E | x_R34_EXIT_G | x_R35_EXIT_D | x_R36_EXIT_STAIRWELL
229,0.7836661262929852,1,True,0,28,x_R01_EXIT_C | x_R02_EXIT_H | x_R03_EXIT_STAIRWELL | x_R04_EXIT_B | x_R05_EXIT_H | x_R06_EXIT_C | x_R07_EXIT_C | x_R08_EXIT_A | x_R09_EXIT_H | x_R10_EXIT_E | x_R11_EXIT_STAIRWELL | x_R12_EXIT_H | x_R13_EXIT_E | x_R14_EXIT_D | x_R15_EXIT_A | x_R16_EXIT_D | x_R20_EXIT_E | x_R24_EXIT_B | x_R25_EXIT_B | x_R28_EXIT_D | x_R29_EXIT_E | x_R30_EXIT_A | x_R31_EXIT_E | x_R32_EXIT_E | x_R33_EXIT_H | x_R34_EXIT_C | x_R35_EXIT_STAIRWELL | x_R36_EXIT_H
230,0.7838194401044234,1,True,0,28,x_R01_EXIT_B | x_R02_EXIT_A | x_R03_EXIT_G | x_R04_EXIT_C | x_R05_EXIT_C | x_R06_EXIT_E | x_R07_EXIT_E | x_R08_EXIT_STAIRWELL | x_R09_EXIT_STAIRWELL | x_R10_EXIT_B | x_R11_EXIT_H | x_R12_EXIT_H | x_R13_EXIT_B | x_R14_EXIT_B | x_R15_EXIT_H | x_R16_EXIT_STAIRWELL | x_R20_EXIT_F | x_R24_EXIT_C | x_R25_EXIT_H | x_R28_EXIT_H | x_R29_EXIT_C | x_R30_EXIT_B | x_R31_EXIT_E | x_R32_EXIT_D | x_R33_EXIT_STAIRWELL | x_R34_EXIT_H | x_R35_EXIT_A | x_R36_EXIT_F
231,0.783841303170334,1,True,0,28,x_R01_EXIT_G | x_R02_EXIT_D | x_R03_EXIT_A | x_R04_EXIT_STAIRWELL | x_R05_EXIT_C | x_R06_EXIT_F | x_R07_EXIT_H | x_R08_EXIT_D | x_R09_EXIT_F | x_R10_EXIT_D | x_R11_EXIT_D | x_R12_EXIT_H | x_R13_EXIT_H | x_R14_EXIT_G | x_R15_EXIT_G | x_R16_EXIT_G | x_R20_EXIT_C | x_R24_EXIT_H | x_R25_EXIT_D | x_R28_EXIT_H | x_R29_EXIT_G | x_R30_EXIT_F | x_R31_EXIT_STAIRWELL | x_R32_EXIT_C | x_R33_EXIT_F | x_R34_EXIT_G | x_R35_EXIT_A | x_R36_EXIT_C
232,0.7839697135648862,1,True,0,28,x_R01_EXIT_A | x_R02_EXIT_H | x_R03_EXIT_G | x_R04_EXIT_C | x_R05_EXIT_D | x_R06_EXIT_A | x_R07_EXIT_H | x_R08_EXIT_D | x_R09_EXIT_STAIRWELL | x_R10_EXIT_C | x_R11_EXIT_B | x_R12_EXIT_D | x_R13_EXIT_B | x_R14_EXIT_C | x_R15_EXIT_E | x_R16_EXIT_D | x_R20_EXIT_STAIRWELL | x_R24_EXIT_STAIRWELL | x_R25_EXIT_F | x_R28_EXIT_H | x_R29_EXIT_E | x_R30_EXIT_H | x_R31_EXIT_E | x_R32_EXIT_C | x_R33_EXIT_STAIRWELL | x_R34_EXIT_D | x_R35_EXIT_F | x_R36_EXIT_D
233,0.7841427091919968,1,True,0,28,x_R01_EXIT_A | x_R02_EXIT_G | x_R03_EXIT_C | x_R04_EXIT_G | x_R05_EXIT_H | x_R06_EXIT_C | x_R07_EXIT_STAIRWELL | x_R08_EXIT_E | x_R09_EXIT_D | x_R10_EXIT_G | x_R11_EXIT_C | x_R12_EXIT_C | x_R13_EXIT_STAIRWELL | x_R14_EXIT_STAIRWELL | x_R15_EXIT_A | x_R16_EXIT_C | x_R20_EXIT_F | x_R24_EXIT_E | x_R25_EXIT_H | x_R28_EXIT_A | x_R29_EXIT_G | x_R30_EXIT_E | x_R31_EXIT_STAIRWELL | x_R32_EXIT_G | x_R33_EXIT_B | x_R34_EXIT_E | x_R35_EXIT_G | x_R36_EXIT_F
234,0.7842530236224547,1,True,0,28,x_R01_EXIT_A | x_R02_EXIT_G | x_R03_EXIT_C | x_R04_EXIT_STAIRWELL | x_R05_EXIT_E | x_R06_EXIT_STAIRWELL | x_R07_EXIT_D | x_R08_EXIT_D | x_R09_EXIT_F | x_R10_EXIT_D | x_R11_EXIT_STAIRWELL | x_R12_EXIT_C | x_R13_EXIT_D | x_R14_EXIT_STAIRWELL | x_R15_EXIT_D | x_R16_EXIT_STAIRWELL | x_R20_EXIT_G | x_R24_EXIT_H | x_R25_EXIT_D | x_R28_EXIT_STAIRWELL | x_R29_EXIT_B | x_R30_EXIT_D | x_R31_EXIT_D | x_R32_EXIT_G | x_R33_EXIT_B | x_R34_EXIT_D | x_R35_EXIT_C | x_R36_EXIT_H
235,0.7843241364544724,1,True,0,28,x_R01_EXIT_B | x_R02_EXIT_C | x_R03_EXIT_STAIRWELL | x_R04_EXIT_H | x_R05_EXIT_A | x_R06_EXIT_B | x_R07_EXIT_B | x_R08_EXIT_C | x_R09_EXIT_H | x_R10_EXIT_F | x_R11_EXIT_D | x_R12_EXIT_F | x_R13_EXIT_C | x_R14_EXIT_E | x_R15_EXIT_D | x_R16_EXIT_STAIRWELL | x_R20_EXIT_H | x_R24_EXIT_F | x_R25_EXIT_F | x_R28_EXIT_B | x_R29_EXIT_B | x_R30_EXIT_H | x_R31_EXIT_H | x_R32_EXIT_B | x_R33_EXIT_STAIRWELL | x_R34_EXIT_E | x_R35_EXIT_C | x_R36_EXIT_G
236,0.784562742716048,1,True,0,28,x_R01_EXIT_C | x_R02_EXIT_A | x_R03_EXIT_C | x_R04_EXIT_D | x_R05_EXIT_D | x_R06_EXIT_D | x_R07_EXIT_A | x_R08_EXIT_B | x_R09_EXIT_F | x_R10_EXIT_H | x_R11_EXIT_D | x_R12_EXIT_G | x_R13_EXIT_F | x_R14_EXIT_G | x_R15_EXIT_H | x_R16_EXIT_A | x_R20_EXIT_B | x_R24_EXIT_D | x_R25_EXIT_D | x_R28_EXIT_A | x_R29_EXIT_E | x_R30_EXIT_F | x_R31_EXIT_G | x_R32_EXIT_E | x_R33_EXIT_B | x_R34_EXIT_B | x_R35_EXIT_STAIRWELL | x_R36_EXIT_STAIRWELL
237,0.7845795906484909,1,True,0,28,x_R01_EXIT_E | x_R02_EXIT_H | x_R03_EXIT_E | x_R04_EXIT_B | x_R05_EXIT_H | x_R06_EXIT_E | x_R07_EXIT_A | x_R08_EXIT_STAIRWELL | x_R09_EXIT_C | x_R10_EXIT_D | x_R11_EXIT_C | x_R12_EXIT_E | x_R13_EXIT_H | x_R14_EXIT_A | x_R15_EXIT_STAIRWELL | x_R16_EXIT_C | x_R20_EXIT_B | x_R24_EXIT_H | x_R25_EXIT_F | x_R28_EXIT_E | x_R29_EXIT_F | x_R30_EXIT_D | x_R31_EXIT_F | x_R32_EXIT_E | x_R33_EXIT_D | x_R34_EXIT_STAIRWELL | x_R35_EXIT_D | x_R36_EXIT_F
238,0.7847366715601538,1,True,0,28,x_R01_EXIT_E | x_R02_EXIT_H | x_R03_EXIT_STAIRWELL | x_R04_EXIT_A | x_R05_EXIT_E | x_R06_EXIT_D | x_R07_EXIT_D | x_R08_EXIT_D | x_R09_EXIT_A | x_R10_EXIT_C | x_R11_EXIT_C | x_R12_EXIT_F | x_R13_EXIT_STAIRWELL | x_R14_EXIT_F | x_R15_EXIT_D | x_R16_EXIT_STAIRWELL | x_R20_EXIT_E | x_R24_EXIT_F | x_R25_EXIT_F | x_R28_EXIT_H | x_R29_EXIT_F | x_R30_EXIT_B | x_R31_EXIT_E | x_R32_EXIT_F | x_R33_EXIT_A | x_R34_EXIT_G | x_R35_EXIT_E | x_R36_EXIT_F
239,0.7849738079883082,1,True,0,28,x_R01_EXIT_D | x_R02_EXIT_G | x_R03_EXIT_H | x_R04_EXIT_C | x_R05_EXIT_STAIRWELL | x_R06_EXIT_B | x_R07_EXIT_D | x_R08_EXIT_F | x_R09_EXIT_C | x_R10_EXIT_E | x_R11_EXIT_H | x_R12_EXIT_B | x_R13_EXIT_A | x_R14_EXIT_G | x_R15_EXIT_STAIRWELL | x_R16_EXIT_D | x_R20_EXIT_D | x_R24_EXIT_H | x_R25_EXIT_B | x_R28_EXIT_F | x_R29_EXIT_E | x_R30_EXIT_STAIRWELL | x_R31_EXIT_H | x_R32_EXIT_F | x_R33_EXIT_F | x_R34_EXIT_B | x_R35_EXIT_A | x_R36_EXIT_D
240,0.7853959144163127,1,True,0,28,x_R01_EXIT_B | x_R02_EXIT_F | x_R03_EXIT_A | x_R04_EXIT_B | x_R05_EXIT_B | x_R06_EXIT_C | x_R07_EXIT_STAIRWELL | x_R08_EXIT_B | x_R09_EXIT_F | x_R10_EXIT_B | x_R11_EXIT_A | x_R12_EXIT_A | x_R13_EXIT_B | x_R14_EXIT_G | x_R15_EXIT_G | x_R16_EXIT_C | x_R20_EXIT_D | x_R24_EXIT_F | x_R25_EXIT_B | x_R28_EXIT_C | x_R29_EXIT_G | x_R30_EXIT_C | x_R31_EXIT_B | x_R32_EXIT_F | x_R33_EXIT_B | x_R34_EXIT_C | x_R35_EXIT_H | x_R36_EXIT_G
241,0.7855207948580869,1,True,0,28,x_R01_EXIT_D | x_R02_EXIT_D | x_R03_EXIT_G | x_R04_EXIT_B | x_R05_EXIT_C | x_R06_EXIT_C | x_R07_EXIT_D | x_R08_EXIT_E | x_R09_EXIT_H | x_R10_EXIT_F | x_R11_EXIT_B | x_R12_EXIT_D | x_R13_EXIT_A | x_R14_EXIT_F | x_R15_EXIT_G | x_R16_EXIT_E | x_R20_EXIT_F | x_R24_EXIT_F | x_R25_EXIT_E | x_R28_EXIT_F | x_R29_EXIT_B | x_R30_EXIT_B | x_R31_EXIT_A | x_R32_EXIT_E | x_R33_EXIT_H | x_R34_EXIT_B | x_R35_EXIT_B | x_R36_EXIT_F
242,0.7856296522343769,1,True,0,28,x_R01_EXIT_STAIRWELL | x_R02_EXIT_A | x_R03_EXIT_B | x_R04_EXIT_D | x_R05_EXIT_G | x_R06_EXIT_H | x_R07_EXIT_C | x_R08_EXIT_A | x_R09_EXIT_G | x_R10_EXIT_D | x_R11_EXIT_E | x_R12_EXIT_STAIRWELL | x_R13_EXIT_F | x_R14_EXIT_F | x_R15_EXIT_E | x_R16_EXIT_D | x_R20_EXIT_B | x_R24_EXIT_B | x_R25_EXIT_A | x_R28_EXIT_G | x_R29_EXIT_G | x_R30_EXIT_D | x_R31_EXIT_A | x_R32_EXIT_C | x_R33_EXIT_E | x_R34_EXIT_H | x_R35_EXIT_F | x_R36_EXIT_G
243,0.785697653142563,1,True,0,28,x_R01_EXIT_H | x_R02_EXIT_G | x_R03_EXIT_E | x_R04_EXIT_B | x_R05_EXIT_G | x_R06_EXIT_C | x_R07_EXIT_D | x_R08_EXIT_D | x_R09_EXIT_STAIRWELL | x_R10_EXIT_H | x_R11_EXIT_H | x_R12_EXIT_G | x_R13_EXIT_B | x_R14_EXIT_B | x_R15_EXIT_E | x_R16_EXIT_STAIRWELL | x_R20_EXIT_H | x_R24_EXIT_C | x_R25_EXIT_G | x_R28_EXIT_G | x_R29_EXIT_F | x_R30_EXIT_A | x_R31_EXIT_C | x_R32_EXIT_H | x_R33_EXIT_F | x_R34_EXIT_E | x_R35_EXIT_A | x_R36_EXIT_STAIRWELL
244,0.7860264090847977,1,True,0,28,x_R01_EXIT_E | x_R02_EXIT_D | x_R03_EXIT_STAIRWELL | x_R04_EXIT_B | x_R05_EXIT_D | x_R06_EXIT_STAIRWELL | x_R07_EXIT_B | x_R08_EXIT_H | x_R09_EXIT_A | x_R10_EXIT_F | x_R11_EXIT_C | x_R12_EXIT_STAIRWELL | x_R13_EXIT_G | x_R14_EXIT_F | x_R15_EXIT_STAIRWELL | x_R16_EXIT_H | x_R20_EXIT_STAIRWELL | x_R24_EXIT_STAIRWELL | x_R25_EXIT_C | x_R28_EXIT_F | x_R29_EXIT_F | x_R30_EXIT_F | x_R31_EXIT_C | x_R32_EXIT_G | x_R33_EXIT_A | x_R34_EXIT_G | x_R35_EXIT_C | x_R36_EXIT_G
245,0.7860436495074623,1,True,0,28,x_R01_EXIT_H | x_R02_EXIT_H | x_R03_EXIT_G | x_R04_EXIT_F | x_R05_EXIT_E | x_R06_EXIT_STAIRWELL | x_R07_EXIT_A | x_R08_EXIT_E | x_R09_EXIT_STAIRWELL | x_R10_EXIT_G | x_R11_EXIT_A | x_R12_EXIT_STAIRWELL | x_R13_EXIT_H | x_R14_EXIT_H | x_R15_EXIT_F | x_R16_EXIT_D | x_R20_EXIT_STAIRWELL | x_R24_EXIT_C | x_R25_EXIT_H | x_R28_EXIT_G | x_R29_EXIT_A | x_R30_EXIT_E | x_R31_EXIT_A | x_R32_EXIT_G | x_R33_EXIT_C | x_R34_EXIT_STAIRWELL | x_R35_EXIT_C | x_R36_EXIT_F
246,0.7862933352685104,1,True,0,28,x_R01_EXIT_F | x_R02_EXIT_G | x_R03_EXIT_B | x_R04_EXIT_G | x_R05_EXIT_E | x_R06_EXIT_C | x_R07_EXIT_B | x_R08_EXIT_A | x_R09_EXIT_B | x_R10_EXIT_B | x_R11_EXIT_B | x_R12_EXIT_E | x_R13_EXIT_B | x_R14_EXIT_A | x_R15_EXIT_E | x_R16_EXIT_F | x_R20_EXIT_G | x_R24_EXIT_E | x_R25_EXIT_H | x_R28_EXIT_D | x_R29_EXIT_A | x_R30_EXIT_H | x_R31_EXIT_F | x_R32_EXIT_G | x_R33_EXIT_F | x_R34_EXIT_H | x_R35_EXIT_H | x_R36_EXIT_F
247,0.786432647805043,1,True,0,28,x_R01_EXIT_H | x_R02_EXIT_E | x_R03_EXIT_G | x_R04_EXIT_STAIRWELL | x_R05_EXIT_A | x_R06_EXIT_D | x_R07_EXIT_E | x_R08_EXIT_B | x_R09_EXIT_STAIRWELL | x_R10_EXIT_E | x_R11_EXIT_D | x_R12_EXIT_H | x_R13_EXIT_H | x_R14_EXIT_D | x_R15_EXIT_B | x_R16_EXIT_E | x_R20_EXIT_H | x_R24_EXIT_STAIRWELL | x_R25_EXIT_STAIRWELL | x_R28_EXIT_C | x_R29_EXIT_D | x_R30_EXIT_H | x_R31_EXIT_STAIRWELL | x_R32_EXIT_E | x_R33_EXIT_F | x_R34_EXIT_F | x_R35_EXIT_H | x_R36_EXIT_STAIRWELL
248,0.7872972206691884,1,True,0,28,x_R01_EXIT_C | x_R02_EXIT_F | x_R03_EXIT_B | x_R04_EXIT_F | x_R05_EXIT_D | x_R06_EXIT_A | x_R07_EXIT_F | x_R08_EXIT_G | x_R09_EXIT_F | x_R10_EXIT_D | x_R11_EXIT_B | x_R12_EXIT_H | x_R13_EXIT_B | x_R14_EXIT_C | x_R15_EXIT_G | x_R16_EXIT_C | x_R20_EXIT_C | x_R24_EXIT_A | x_R25_EXIT_D | x_R28_EXIT_G | x_R29_EXIT_B | x_R30_EXIT_B | x_R31_EXIT_B | x_R32_EXIT_F | x_R33_EXIT_G | x_R34_EXIT_E | x_R35_EXIT_H | x_R36_EXIT_A
249,0.787410606118101,1,True,0,28,x_R01_EXIT_C | x_R02_EXIT_G | x_R03_EXIT_F | x_R04_EXIT_D | x_R05_EXIT_F | x_R06_EXIT_B | x_R07_EXIT_H | x_R08_EXIT_G | x_R09_EXIT_B | x_R10_EXIT_F | x_R11_EXIT_D | x_R12_EXIT_B | x_R13_EXIT_H | x_R14_EXIT_H | x_R15_EXIT_E | x_R16_EXIT_D | x_R20_EXIT_STAIRWELL | x_R24_EXIT_E | x_R25_EXIT_E | x_R28_EXIT_B | x_R29_EXIT_H | x_R30_EXIT_F | x_R31_EXIT_A | x_R32_EXIT_F | x_R33_EXIT_H | x_R34_EXIT_F | x_R35_EXIT_E | x_R36_EXIT_H
250,0.7874118464793014,1,True,0,28,x_R01_EXIT_B | x_R02_EXIT_D | x_R03_EXIT_H | x_R04_EXIT_A | x_R05_EXIT_F | x_R06_EXIT_F | x_R07_EXIT_B | x_R08_EXIT_D | x_R09_EXIT_G | x_R10_EXIT_G | x_R11_EXIT_C | x_R12_EXIT_B | x_R13_EXIT_STAIRWELL | x_R14_EXIT_F | x_R15_EXIT_D | x_R16_EXIT_G | x_R20_EXIT_C | x_R24_EXIT_F | x_R25_EXIT_D | x_R28_EXIT_F | x_R29_EXIT_H | x_R30_EXIT_STAIRWELL | x_R31_EXIT_D | x_R32_EXIT_C | x_R33_EXIT_D | x_R34_EXIT_E | x_R35_EXIT_E | x_R36_EXIT_F
251,0.78743245895987,1,True,0,28,x_R01_EXIT_G | x_R02_EXIT_B | x_R03_EXIT_B | x_R04_EXIT_H | x_R05_EXIT_D | x_R06_EXIT_E | x_R07_EXIT_A | x_R08_EXIT_STAIRWELL | x_R09_EXIT_E | x_R10_EXIT_A | x_R11_EXIT_D | x_R12_EXIT_C | x_R13_EXIT_H | x_R14_EXIT_STAIRWELL | x_R15_EXIT_STAIRWELL | x_R16_EXIT_STAIRWELL | x_R20_EXIT_C | x_R24_EXIT_H | x_R25_EXIT_F | x_R28_EXIT_G | x_R29_EXIT_D | x_R30_EXIT_STAIRWELL | x_R31_EXIT_D | x_R32_EXIT_STAIRWELL | x_R33_EXIT_H | x_R34_EXIT_E | x_R35_EXIT_D | x_R36_EXIT_D
252,0.7877331919082735,1,True,0,28,x_R01_EXIT_F | x_R02_EXIT_E | x_R03_EXIT_STAIRWELL | x_R04_EXIT_C | x_R05_EXIT_F | x_R06_EXIT_F | x_R07_EXIT_G | x_R08_EXIT_A | x_R09_EXIT_A | x_R10_EXIT_D | x_R11_EXIT_F | x_R12_EXIT_H | x_R13_EXIT_C | x_R14_EXIT_C | x_R15_EXIT_C | x_R16_EXIT_STAIRWELL | x_R20_EXIT_H | x_R24_EXIT_H | x_R25_EXIT_H | x_R28_EXIT_STAIRWELL | x_R29_EXIT_G | x_R30_EXIT_STAIRWELL | x_R31_EXIT_STAIRWELL | x_R32_EXIT_H | x_R33_EXIT_STAIRWELL | x_R34_EXIT_STAIRWELL | x_R35_EXIT_B | x_R36_EXIT_E
253,0.7879619069261139,1,True,0,28,x_R01_EXIT_F | x_R02_EXIT_F | x_R03_EXIT_F | x_R04_EXIT_F | x_R05_EXIT_D | x_R06_EXIT_B | x_R07_EXIT_C | x_R08_EXIT_E | x_R09_EXIT_STAIRWELL | x_R10_EXIT_C | x_R11_EXIT_D | x_R12_EXIT_H | x_R13_EXIT_A | x_R14_EXIT_G | x_R15_EXIT_B | x_R16_EXIT_B | x_R20_EXIT_B | x_R24_EXIT_STAIRWELL | x_R25_EXIT_B | x_R28_EXIT_E | x_R29_EXIT_F | x_R30_EXIT_G | x_R31_EXIT_H | x_R32_EXIT_E | x_R33_EXIT_D | x_R34_EXIT_STAIRWELL | x_R35_EXIT_G | x_R36_EXIT_F
254,0.7883377007010495,1,True,0,28,x_R01_EXIT_C | x_R02_EXIT_A | x_R03_EXIT_E | x_R04_EXIT_E | x_R05_EXIT_D | x_R06_EXIT_STAIRWELL | x_R07_EXIT_G | x_R08_EXIT_A | x_R09_EXIT_F | x_R10_EXIT_STAIRWELL | x_R11_EXIT_D | x_R12_EXIT_C | x_R13_EXIT_STAIRWELL | x_R14_EXIT_H | x_R15_EXIT_C | x_R16_EXIT_B | x_R20_EXIT_D | x_R24_EXIT_B | x_R25_EXIT_E | x_R28_EXIT_F | x_R29_EXIT_F | x_R30_EXIT_D | x_R31_EXIT_D | x_R32_EXIT_A | x_R33_EXIT_G | x_R34_EXIT_G | x_R35_EXIT_H | x_R36_EXIT_STAIRWELL
255,0.7886093195360786,1,True,0,28,x_R01_EXIT_STAIRWELL | x_R02_EXIT_H | x_R03_EXIT_STAIRWELL | x_R04_EXIT_B | x_R05_EXIT_B | x_R06_EXIT_STAIRWELL | x_R07_EXIT_D | x_R08_EXIT_G | x_R09_EXIT_G | x_R10_EXIT_F | x_R11_EXIT_A | x_R12_EXIT_C | x_R13_EXIT_C | x_R14_EXIT_H | x_R15_EXIT_H | x_R16_EXIT_C | x_R20_EXIT_STAIRWELL | x_R24_EXIT_A | x_R25_EXIT_STAIRWELL | x_R28_EXIT_H | x_R29_EXIT_STAIRWELL | x_R30_EXIT_B | x_R31_EXIT_A | x_R32_EXIT_B | x_R33_EXIT_STAIRWELL | x_R34_EXIT_F | x_R35_EXIT_D | x_R36_EXIT_H
256,0.78886731580468,1,True,0,28,x_R01_EXIT_STAIRWELL | x_R02_EXIT_F | x_R03_EXIT_G | x_R04_EXIT_F | x_R05_EXIT_H | x_R06_EXIT_F | x_R07_EXIT_D | x_R08_EXIT_H | x_R09_EXIT_H | x_R10_EXIT_C | x_R11_EXIT_D | x_R12_EXIT_D | x_R13_EXIT_B | x_R14_EXIT_A | x_R15_EXIT_C | x_R16_EXIT_STAIRWELL | x_R20_EXIT_E | x_R24_EXIT_D | x_R25_EXIT_STAIRWELL | x_R28_EXIT_STAIRWELL | x_R29_EXIT_E | x_R30_EXIT_G | x_R31_EXIT_A | x_R32_EXIT_G | x_R33_EXIT_B | x_R34_EXIT_E | x_R35_EXIT_G | x_R36_EXIT_E
257,0.7892510567131694,1,True,0,28,x_R01_EXIT_F | x_R02_EXIT_B | x_R03_EXIT_B | x_R04_EXIT_F | x_R05_EXIT_C | x_R06_EXIT_F | x_R07_EXIT_D | x_R08_EXIT_STAIRWELL | x_R09_EXIT_F | x_R10_EXIT_STAIRWELL | x_R11_EXIT_B | x_R12_EXIT_B | x_R13_EXIT_D | x_R14_EXIT_G | x_R15_EXIT_B | x_R16_EXIT_B | x_R20_EXIT_B | x_R24_EXIT_E | x_R25_EXIT_G | x_R28_EXIT_B | x_R29_EXIT_F | x_R30_EXIT_F | x_R31_EXIT_G | x_R32_EXIT_F | x_R33_EXIT_D | x_R34_EXIT_D | x_R35_EXIT_C | x_R36_EXIT_C
258,0.7895183718295016,1,True,0,28,x_R01_EXIT_E | x_R02_EXIT_F | x_R03_EXIT_B | x_R04_EXIT_F | x_R05_EXIT_D | x_R06_EXIT_C | x_R07_EXIT_G | x_R08_EXIT_H | x_R09_EXIT_H | x_R10_EXIT_B | x_R11_EXIT_C | x_R12_EXIT_C | x_R13_EXIT_B | x_R14_EXIT_A | x_R15_EXIT_H | x_R16_EXIT_C | x_R20_EXIT_E | x_R24_EXIT_E | x_R25_EXIT_STAIRWELL | x_R28_EXIT_F | x_R29_EXIT_B | x_R30_EXIT_D | x_R31_EXIT_B | x_R32_EXIT_STAIRWELL | x_R33_EXIT_D | x_R34_EXIT_A | x_R35_EXIT_A | x_R36_EXIT_C
259,0.789816358794269,1,True,0,28,x_R01_EXIT_B | x_R02_EXIT_A | x_R03_EXIT_D | x_R04_EXIT_E | x_R05_EXIT_C | x_R06_EXIT_STAIRWELL | x_R07_EXIT_H | x_R08_EXIT_STAIRWELL | x_R09_EXIT_E | x_R10_EXIT_STAIRWELL | x_R11_EXIT_G | x_R12_EXIT_F | x_R13_EXIT_C | x_R14_EXIT_B | x_R15_EXIT_E | x_R16_EXIT_F | x_R20_EXIT_STAIRWELL | x_R24_EXIT_D | x_R25_EXIT_D | x_R28_EXIT_H | x_R29_EXIT_A | x_R30_EXIT_F | x_R31_EXIT_H | x_R32_EXIT_G | x_R33_EXIT_E | x_R34_EXIT_F | x_R35_EXIT_STAIRWELL | x_R36_EXIT_A
260,0.7898361208387996,1,True,0,28,x_R01_EXIT_STAIRWELL | x_R02_EXIT_C | x_R03_EXIT_B | x_R04_EXIT_C | x_R05_EXIT_B | x_R06_EXIT_C | x_R07_EXIT_E | x_R08_EXIT_C | x_R09_EXIT_B | x_R10_EXIT_F | x_R11_EXIT_D | x_R12_EXIT_D | x_R13_EXIT_E | x_R14_EXIT_C | x_R15_EXIT_H | x_R16_EXIT_E | x_R20_EXIT_A | x_R24_EXIT_D | x_R25_EXIT_E | x_R28_EXIT_B | x_R29_EXIT_STAIRWELL | x_R30_EXIT_F | x_R31_EXIT_G | x_R32_EXIT_E | x_R33_EXIT_B | x_R34_EXIT_C | x_R35_EXIT_STAIRWELL | x_R36_EXIT_H
261,0.7900756858771274,1,True,0,28,x_R01_EXIT_F | x_R02_EXIT_B | x_R03_EXIT_A | x_R04_EXIT_C | x_R05_EXIT_C | x_R06_EXIT_B | x_R07_EXIT_B | x_R08_EXIT_G | x_R09_EXIT_F | x_R10_EXIT_H | x_R11_EXIT_E | x_R12_EXIT_A | x_R13_EXIT_G | x_R14_EXIT_B | x_R15_EXIT_E | x_R16_EXIT_D | x_R20_EXIT_STAIRWELL | x_R24_EXIT_A | x_R25_EXIT_D | x_R28_EXIT_F | x_R29_EXIT_B | x_R30_EXIT_A | x_R31_EXIT_E | x_R32_EXIT_C | x_R33_EXIT_H | x_R34_EXIT_STAIRWELL | x_R35_EXIT_F | x_R36_EXIT_STAIRWELL
262,0.7903160221235339,1,True,0,28,x_R01_EXIT_E | x_R02_EXIT_G | x_R03_EXIT_B | x_R04_EXIT_STAIRWELL | x_R05_EXIT_G | x_R06_EXIT_E | x_R07_EXIT_C | x_R08_EXIT_F | x_R09_EXIT_B | x_R10_EXIT_C | x_R11_EXIT_A | x_R12_EXIT_C | x_R13_EXIT_G | x_R14_EXIT_C | x_R15_EXIT_D | x_R16_EXIT_B | x_R20_EXIT_G | x_R24_EXIT_D | x_R25_EXIT_STAIRWELL | x_R28_EXIT_G | x_R29_EXIT_C | x_R30_EXIT_A | x_R31_EXIT_STAIRWELL | x_R32_EXIT_E | x_R33_EXIT_STAIRWELL | x_R34_EXIT_STAIRWELL | x_R35_EXIT_STAIRWELL | x_R36_EXIT_D
263,0.7903708185153846,1,True,0,28,x_R01_EXIT_H | x_R02_EXIT_D | x_R03_EXIT_C | x_R04_EXIT_D | x_R05_EXIT_B | x_R06_EXIT_G | x_R07_EXIT_A | x_R08_EXIT_STAIRWELL | x_R09_EXIT_A | x_R10_EXIT_F | x_R11_EXIT_B | x_R12_EXIT_STAIRWELL | x_R13_EXIT_B | x_R14_EXIT_G | x_R15_EXIT_STAIRWELL | x_R16_EXIT_C | x_R20_EXIT_C | x_R24_EXIT_E | x_R25_EXIT_G | x_R28_EXIT_B | x_R29_EXIT_F | x_R30_EXIT_A | x_R31_EXIT_B | x_R32_EXIT_C | x_R33_EXIT_F | x_R34_EXIT_E | x_R35_EXIT_A | x_R36_EXIT_F
264,0.7904961987970296,1,True,0,28,x_R01_EXIT_A | x_R02_EXIT_H | x_R03_EXIT_A | x_R04_EXIT_F | x_R05_EXIT_C | x_R06_EXIT_H | x_R07_EXIT_A | x_R08_EXIT_C | x_R09_EXIT_STAIRWELL | x_R10_EXIT_E | x_R11_EXIT_B | x_R12_EXIT_F | x_R13_EXIT_B | x_R14_EXIT_B | x_R15_EXIT_D | x_R16_EXIT_B | x_R20_EXIT_STAIRWELL | x_R24_EXIT_G | x_R25_EXIT_F | x_R28_EXIT_E | x_R29_EXIT_G | x_R30_EXIT_B | x_R31_EXIT_A | x_R32_EXIT_H | x_R33_EXIT_C | x_R34_EXIT_H | x_R35_EXIT_H | x_R36_EXIT_C
265,0.7909035327498373,1,True,0,28,x_R01_EXIT_B | x_R02_EXIT_STAIRWELL | x_R03_EXIT_A | x_R04_EXIT_STAIRWELL | x_R05_EXIT_F | x_R06_EXIT_B | x_R07_EXIT_D | x_R08_EXIT_B | x_R09_EXIT_STAIRWELL | x_R10_EXIT_D | x_R11_EXIT_D | x_R12_EXIT_STAIRWELL | x_R13_EXIT_STAIRWELL | x_R14_EXIT_G | x_R15_EXIT_C | x_R16_EXIT_A | x_R20_EXIT_STAIRWELL | x_R24_EXIT_E | x_R25_EXIT_B | x_R28_EXIT_D | x_R29_EXIT_E | x_R30_EXIT_G | x_R31_EXIT_D | x_R32_EXIT_STAIRWELL | x_R33_EXIT_H | x_R34_EXIT_STAIRWELL | x_R35_EXIT_D | x_R36_EXIT_E
266,0.7910376988053827,1,True,0,28,x_R01_EXIT_E | x_R02_EXIT_A | x_R03_EXIT_H | x_R04_EXIT_D | x_R05_EXIT_A | x_R06_EXIT_A | x_R07_EXIT_A | x_R08_EXIT_B | x_R09_EXIT_H | x_R10_EXIT_B | x_R11_EXIT_A | x_R12_EXIT_F | x_R13_EXIT_F | x_R14_EXIT_A | x_R15_EXIT_F | x_R16_EXIT_STAIRWELL | x_R20_EXIT_H | x_R24_EXIT_C | x_R25_EXIT_F | x_R28_EXIT_STAIRWELL | x_R29_EXIT_A | x_R30_EXIT_E | x_R31_EXIT_G | x_R32_EXIT_H | x_R33_EXIT_H | x_R34_EXIT_D | x_R35_EXIT_B | x_R36_EXIT_F
267,0.7911781791473231,1,True,0,28,x_R01_EXIT_A | x_R02_EXIT_A | x_R03_EXIT_H | x_R04_EXIT_G | x_R05_EXIT_C | x_R06_EXIT_B | x_R07_EXIT_B | x_R08_EXIT_STAIRWELL | x_R09_EXIT_F | x_R10_EXIT_B | x_R11_EXIT_B | x_R12_EXIT_H | x_R13_EXIT_F | x_R14_EXIT_STAIRWELL | x_R15_EXIT_C | x_R16_EXIT_B | x_R20_EXIT_D | x_R24_EXIT_E | x_R25_EXIT_B | x_R28_EXIT_E | x_R29_EXIT_C | x_R30_EXIT_F | x_R31_EXIT_B | x_R32_EXIT_H | x_R33_EXIT_C | x_R34_EXIT_D | x_R35_EXIT_D | x_R36_EXIT_D
268,0.7912027345209935,1,True,0,28,x_R01_EXIT_B | x_R02_EXIT_D | x_R03_EXIT_F | x_R04_EXIT_C | x_R05_EXIT_C | x_R06_EXIT_A | x_R07_EXIT_STAIRWELL | x_R08_EXIT_STAIRWELL | x_R09_EXIT_B | x_R10_EXIT_F | x_R11_EXIT_A | x_R12_EXIT_G | x_R13_EXIT_C | x_R14_EXIT_C | x_R15_EXIT_H | x_R16_EXIT_B | x_R20_EXIT_F | x_R24_EXIT_F | x_R25_EXIT_E | x_R28_EXIT_STAIRWELL | x_R29_EXIT_A | x_R30_EXIT_C | x_R31_EXIT_G | x_R32_EXIT_STAIRWELL | x_R33_EXIT_G | x_R34_EXIT_D | x_R35_EXIT_A | x_R36_EXIT_STAIRWELL
269,0.7913625384106808,1,True,0,28,x_R01_EXIT_G | x_R02_EXIT_A | x_R03_EXIT_F | x_R04_EXIT_A | x_R05_EXIT_E | x_R06_EXIT_C | x_R07_EXIT_H | x_R08_EXIT_F | x_R09_EXIT_E | x_R10_EXIT_C | x_R11_EXIT_H | x_R12_EXIT_H | x_R13_EXIT_H | x_R14_EXIT_F | x_R15_EXIT_G | x_R16_EXIT_D | x_R20_EXIT_C | x_R24_EXIT_G | x_R25_EXIT_D | x_R28_EXIT_B | x_R29_EXIT_A | x_R30_EXIT_H | x_R31_EXIT_C | x_R32_EXIT_D | x_R33_EXIT_F | x_R34_EXIT_G | x_R35_EXIT_H | x_R36_EXIT_STAIRWELL
270,0.7914170429943397,1,True,0,28,x_R01_EXIT_H | x_R02_EXIT_H | x_R03_EXIT_D | x_R04_EXIT_E | x_R05_EXIT_E | x_R06_EXIT_C | x_R07_EXIT_D | x_R08_EXIT_H | x_R09_EXIT_B | x_R10_EXIT_B | x_R11_EXIT_F | x_R12_EXIT_B | x_R13_EXIT_A | x_R14_EXIT_G | x_R15_EXIT_C | x_R16_EXIT_B | x_R20_EXIT_F | x_R24_EXIT_G | x_R25_EXIT_F | x_R28_EXIT_B | x_R29_EXIT_A | x_R30_EXIT_H | x_R31_EXIT_G | x_R32_EXIT_G | x_R33_EXIT_B | x_R34_EXIT_STAIRWELL | x_R35_EXIT_C | x_R36_EXIT_F
271,0.7917227910691054,1,True,0,28,x_R01_EXIT_G | x_R02_EXIT_C | x_R03_EXIT_A | x_R04_EXIT_C | x_R05_EXIT_B | x_R06_EXIT_B | x_R07_EXIT_A | x_R08_EXIT_A | x_R09_EXIT_F | x_R10_EXIT_C | x_R11_EXIT_B | x_R12_EXIT_B | x_R13_EXIT_F | x_R14_EXIT_G | x_R15_EXIT_F | x_R16_EXIT_H | x_R20_EXIT_E | x_R24_EXIT_STAIRWELL | x_R25_EXIT_A | x_R28_EXIT_D | x_R29_EXIT_F | x_R30_EXIT_A | x_R31_EXIT_STAIRWELL | x_R32_EXIT_STAIRWELL | x_R33_EXIT_C | x_R34_EXIT_H | x_R35_EXIT_H | x_R36_EXIT_G
272,0.7917397217985354,1,True,0,28,x_R01_EXIT_F | x_R02_EXIT_E | x_R03_EXIT_H | x_R04_EXIT_F | x_R05_EXIT_G | x_R06_EXIT_C | x_R07_EXIT_D | x_R08_EXIT_A | x_R09_EXIT_D | x_R10_EXIT_B | x_R11_EXIT_E | x_R12_EXIT_STAIRWELL | x_R13_EXIT_STAIRWELL | x_R14_EXIT_A | x_R15_EXIT_B | x_R16_EXIT_STAIRWELL | x_R20_EXIT_STAIRWELL | x_R24_EXIT_C | x_R25_EXIT_H | x_R28_EXIT_E | x_R29_EXIT_G | x_R30_EXIT_F | x_R31_EXIT_G | x_R32_EXIT_C | x_R33_EXIT_E | x_R34_EXIT_A | x_R35_EXIT_STAIRWELL | x_R36_EXIT_B
273,0.7917445876845477,1,True,0,28,x_R01_EXIT_G | x_R02_EXIT_H | x_R03_EXIT_A | x_R04_EXIT_STAIRWELL | x_R05_EXIT_B | x_R06_EXIT_H | x_R07_EXIT_C | x_R08_EXIT_STAIRWELL | x_R09_EXIT_B | x_R10_EXIT_A | x_R11_EXIT_C | x_R12_EXIT_C | x_R13_EXIT_C | x_R14_EXIT_A | x_R15_EXIT_B | x_R16_EXIT_STAIRWELL | x_R20_EXIT_A | x_R24_EXIT_D | x_R25_EXIT_E | x_R28_EXIT_H | x_R29_EXIT_STAIRWELL | x_R30_EXIT_B | x_R31_EXIT_B | x_R32_EXIT_STAIRWELL | x_R33_EXIT_B | x_R34_EXIT_F | x_R35_EXIT_STAIRWELL | x_R36_EXIT_F
274,0.7918764273644001,1,True,0,28,x_R01_EXIT_E | x_R02_EXIT_E | x_R03_EXIT_D | x_R04_EXIT_STAIRWELL | x_R05_EXIT_H | x_R06_EXIT_F | x_R07_EXIT_D | x_R08_EXIT_B | x_R09_EXIT_D | x_R10_EXIT_D | x_R11_EXIT_E | x_R12_EXIT_F | x_R13_EXIT_G | x_R14_EXIT_STAIRWELL | x_R15_EXIT_F | x_R16_EXIT_G | x_R20_EXIT_STAIRWELL | x_R24_EXIT_F | x_R25_EXIT_B | x_R28_EXIT_G | x_R29_EXIT_STAIRWELL | x_R30_EXIT_G | x_R31_EXIT_E | x_R32_EXIT_B | x_R33_EXIT_F | x_R34_EXIT_F | x_R35_EXIT_STAIRWELL | x_R36_EXIT_STAIRWELL
275,0.7919891499687992,1,True,0,28,x_R01_EXIT_G | x_R02_EXIT_B | x_R03_EXIT_F | x_R04_EXIT_H | x_R05_EXIT_C | x_R06_EXIT_G | x_R07_EXIT_D | x_R08_EXIT_G | x_R09_EXIT_F | x_R10_EXIT_A | x_R11_EXIT_D | x_R12_EXIT_STAIRWELL | x_R13_EXIT_G | x_R14_EXIT_G | x_R15_EXIT_A | x_R16_EXIT_H | x_R20_EXIT_C | x_R24_EXIT_D | x_R25_EXIT_D | x_R28_EXIT_B | x_R29_EXIT_F | x_R30_EXIT_H | x_R31_EXIT_H | x_R32_EXIT_D | x_R33_EXIT_C | x_R34_EXIT_E | x_R35_EXIT_A | x_R36_EXIT_STAIRWELL
276,0.7920092651651203,1,True,0,28,x_R01_EXIT_H | x_R02_EXIT_A | x_R03_EXIT_F | x_R04_EXIT_STAIRWELL | x_R05_EXIT_F | x_R06_EXIT_C | x_R07_EXIT_C | x_R08_EXIT_STAIRWELL | x_R09_EXIT_C | x_R10_EXIT_F | x_R11_EXIT_STAIRWELL | x_R12_EXIT_G | x_R13_EXIT_A | x_R14_EXIT_D | x_R15_EXIT_E | x_R16_EXIT_A | x_R20_EXIT_G | x_R24_EXIT_E | x_R25_EXIT_A | x_R28_EXIT_F | x_R29_EXIT_F | x_R30_EXIT_E | x_R31_EXIT_A | x_R32_EXIT_F | x_R33_EXIT_C | x_R34_EXIT_H | x_R35_EXIT_STAIRWELL | x_R36_EXIT_H
277,0.7923552845313679,1,True,0,28,x_R01_EXIT_A | x_R02_EXIT_STAIRWELL | x_R03_EXIT_B | x_R04_EXIT_C | x_R05_EXIT_D | x_R06_EXIT_H | x_R07_EXIT_STAIRWELL | x_R08_EXIT_E | x_R09_EXIT_C | x_R10_EXIT_C | x_R11_EXIT_B | x_R12_EXIT_G | x_R13_EXIT_STAIRWELL | x_R14_EXIT_D | x_R15_EXIT_D | x_R16_EXIT_STAIRWELL | x_R20_EXIT_C | x_R24_EXIT_H | x_R25_EXIT_D | x_R28_EXIT_C | x_R29_EXIT_H | x_R30_EXIT_E | x_R31_EXIT_G | x_R32_EXIT_A | x_R33_EXIT_C | x_R34_EXIT_H | x_R35_EXIT_H | x_R36_EXIT_F
278,0.7925271660283784,1,True,0,28,x_R01_EXIT_A | x_R02_EXIT_E | x_R03_EXIT_B | x_R04_EXIT_H | x_R05_EXIT_D | x_R06_EXIT_A | x_R07_EXIT_STAIRWELL | x_R08_EXIT_D | x_R09_EXIT_STAIRWELL | x_R10_EXIT_E | x_R11_EXIT_G | x_R12_EXIT_STAIRWELL | x_R13_EXIT_B | x_R14_EXIT_B | x_R15_EXIT_D | x_R16_EXIT_E | x_R20_EXIT_F | x_R24_EXIT_F | x_R25_EXIT_G | x_R28_EXIT_F | x_R29_EXIT_G | x_R30_EXIT_E | x_R31_EXIT_C | x_R32_EXIT_B | x_R33_EXIT_G | x_R34_EXIT_E | x_R35_EXIT_H | x_R36_EXIT_C
279,0.7925763902317158,1,True,0,28,x_R01_EXIT_A | x_R02_EXIT_H | x_R03_EXIT_C | x_R04_EXIT_B | x_R05_EXIT_G | x_R06_EXIT_G | x_R07_EXIT_D | x_R08_EXIT_C | x_R09_EXIT_C | x_R10_EXIT_F | x_R11_EXIT_H | x_R12_EXIT_H | x_R13_EXIT_C | x_R14_EXIT_B | x_R15_EXIT_A | x_R16_EXIT_B | x_R20_EXIT_C | x_R24_EXIT_H | x_R25_EXIT_H | x_R28_EXIT_F | x_R29_EXIT_E | x_R30_EXIT_A | x_R31_EXIT_F | x_R32_EXIT_F | x_R33_EXIT_H | x_R34_EXIT_H | x_R35_EXIT_A | x_R36_EXIT_STAIRWELL
280,0.7927243843222413,1,True,0,28,x_R01_EXIT_H | x_R02_EXIT_STAIRWELL | x_R03_EXIT_F | x_R04_EXIT_G | x_R05_EXIT_E | x_R06_EXIT_C | x_R07_EXIT_C | x_R08_EXIT_STAIRWELL | x_R09_EXIT_A | x_R10_EXIT_D | x_R11_EXIT_C | x_R12_EXIT_D | x_R13_EXIT_G | x_R14_EXIT_C | x_R15_EXIT_E | x_R16_EXIT_E | x_R20_EXIT_STAIRWELL | x_R24_EXIT_E | x_R25_EXIT_F | x_R28_EXIT_D | x_R29_EXIT_H | x_R30_EXIT_G | x_R31_EXIT_D | x_R32_EXIT_B | x_R33_EXIT_STAIRWELL | x_R34_EXIT_B | x_R35_EXIT_A | x_R36_EXIT_A
281,0.7927481378241623,1,True,0,28,x_R01_EXIT_STAIRWELL | x_R02_EXIT_C | x_R03_EXIT_E | x_R04_EXIT_B | x_R05_EXIT_F | x_R06_EXIT_D | x_R07_EXIT_A | x_R08_EXIT_E | x_R09_EXIT_G | x_R10_EXIT_D | x_R11_EXIT_B | x_R12_EXIT_STAIRWELL | x_R13_EXIT_D | x_R14_EXIT_H | x_R15_EXIT_E | x_R16_EXIT_E | x_R20_EXIT_H | x_R24_EXIT_STAIRWELL | x_R25_EXIT_H | x_R28_EXIT_B | x_R29_EXIT_STAIRWELL | x_R30_EXIT_F | x_R31_EXIT_H | x_R32_EXIT_STAIRWELL | x_R33_EXIT_E | x_R34_EXIT_B | x_R35_EXIT_D | x_R36_EXIT_A
282,0.793001467000181,1,True,0,28,x_R01_EXIT_STAIRWELL | x_R02_EXIT_G | x_R03_EXIT_STAIRWELL | x_R04_EXIT_G | x_R05_EXIT_C | x_R06_EXIT_F | x_R07_EXIT_C | x_R08_EXIT_H | x_R09_EXIT_F | x_R10_EXIT_B | x_R11_EXIT_D | x_R12_EXIT_STAIRWELL | x_R13_EXIT_STAIRWELL | x_R14_EXIT_H | x_R15_EXIT_A | x_R16_EXIT_H | x_R20_EXIT_STAIRWELL | x_R24_EXIT_A | x_R25_EXIT_C | x_R28_EXIT_F | x_R29_EXIT_STAIRWELL | x_R30_EXIT_D | x_R31_EXIT_H | x_R32_EXIT_E | x_R33_EXIT_B | x_R34_EXIT_D | x_R35_EXIT_C | x_R36_EXIT_E
283,0.793011600494026,1,True,0,28,x_R01_EXIT_STAIRWELL | x_R02_EXIT_C | x_R03_EXIT_H | x_R04_EXIT_A | x_R05_EXIT_C | x_R06_EXIT_E | x_R07_EXIT_A | x_R08_EXIT_E | x_R09_EXIT_G | x_R10_EXIT_F | x_R11_EXIT_D | x_R12_EXIT_G | x_R13_EXIT_D | x_R14_EXIT_G | x_R15_EXIT_D | x_R16_EXIT_F | x_R20_EXIT_STAIRWELL | x_R24_EXIT_STAIRWELL | x_R25_EXIT_E | x_R28_EXIT_F | x_R29_EXIT_H | x_R30_EXIT_D | x_R31_EXIT_E | x_R32_EXIT_F | x_R33_EXIT_D | x_R34_EXIT_STAIRWELL | x_R35_EXIT_A | x_R36_EXIT_C
284,0.7930793514889274,1,True,0,28,x_R01_EXIT_E | x_R02_EXIT_A | x_R03_EXIT_C | x_R04_EXIT_F | x_R05_EXIT_F | x_R06_EXIT_F | x_R07_EXIT_C | x_R08_EXIT_D | x_R09_EXIT_A | x_R10_EXIT_STAIRWELL | x_R11_EXIT_F | x_R12_EXIT_C | x_R13_EXIT_D | x_R14_EXIT_G | x_R15_EXIT_H | x_R16_EXIT_H | x_R20_EXIT_STAIRWELL | x_R24_EXIT_C | x_R25_EXIT_D | x_R28_EXIT_A | x_R29_EXIT_D | x_R30_EXIT_A | x_R31_EXIT_D | x_R32_EXIT_STAIRWELL | x_R33_EXIT_D | x_R34_EXIT_E | x_R35_EXIT_STAIRWELL | x_R36_EXIT_F
285,0.7931346196057802,1,True,0,28,x_R01_EXIT_A | x_R02_EXIT_STAIRWELL | x_R03_EXIT_F | x_R04_EXIT_E | x_R05_EXIT_H | x_R06_EXIT_F | x_R07_EXIT_D | x_R08_EXIT_B | x_R09_EXIT_C | x_R10_EXIT_G | x_R11_EXIT_D | x_R12_EXIT_A | x_R13_EXIT_STAIRWELL | x_R14_EXIT_G | x_R15_EXIT_A | x_R16_EXIT_G | x_R20_EXIT_STAIRWELL | x_R24_EXIT_C | x_R25_EXIT_C | x_R28_EXIT_G | x_R29_EXIT_C | x_R30_EXIT_A | x_R31_EXIT_D | x_R32_EXIT_F | x_R33_EXIT_A | x_R34_EXIT_F | x_R35_EXIT_H | x_R36_EXIT_H
286,0.7931727352024609,1,True,0,28,x_R01_EXIT_B | x_R02_EXIT_F | x_R03_EXIT_D | x_R04_EXIT_D | x_R05_EXIT_H | x_R06_EXIT_F | x_R07_EXIT_D | x_R08_EXIT_STAIRWELL | x_R09_EXIT_F | x_R10_EXIT_D | x_R11_EXIT_D | x_R12_EXIT_A | x_R13_EXIT_G | x_R14_EXIT_A | x_R15_EXIT_C | x_R16_EXIT_A | x_R20_EXIT_B | x_R24_EXIT_C | x_R25_EXIT_E | x_R28_EXIT_STAIRWELL | x_R29_EXIT_G | x_R30_EXIT_A | x_R31_EXIT_D | x_R32_EXIT_STAIRWELL | x_R33_EXIT_H | x_R34_EXIT_F | x_R35_EXIT_STAIRWELL | x_R36_EXIT_STAIRWELL
287,0.7932338126528293,1,True,0,28,x_R01_EXIT_E | x_R02_EXIT_H | x_R03_EXIT_G | x_R04_EXIT_H | x_R05_EXIT_B | x_R06_EXIT_B | x_R07_EXIT_C | x_R08_EXIT_STAIRWELL | x_R09_EXIT_B | x_R10_EXIT_H | x_R11_EXIT_STAIRWELL | x_R12_EXIT_C | x_R13_EXIT_H | x_R14_EXIT_C | x_R15_EXIT_STAIRWELL | x_R16_EXIT_B | x_R20_EXIT_STAIRWELL | x_R24_EXIT_STAIRWELL | x_R25_EXIT_A | x_R28_EXIT_F | x_R29_EXIT_H | x_R30_EXIT_E | x_R31_EXIT_F | x_R32_EXIT_A | x_R33_EXIT_F | x_R34_EXIT_C | x_R35_EXIT_STAIRWELL | x_R36_EXIT_D
288,0.7934488999965765,1,True,0,28,x_R01_EXIT_A | x_R02_EXIT_H | x_R03_EXIT_H | x_R04_EXIT_G | x_R05_EXIT_G | x_R06_EXIT_D | x_R07_EXIT_C | x_R08_EXIT_B | x_R09_EXIT_STAIRWELL | x_R10_EXIT_C | x_R11_EXIT_B | x_R12_EXIT_H | x_R13_EXIT_E | x_R14_EXIT_C | x_R15_EXIT_B | x_R16_EXIT_D | x_R20_EXIT_D | x_R24_EXIT_F | x_R25_EXIT_A | x_R28_EXIT_B | x_R29_EXIT_F | x_R30_EXIT_STAIRWELL | x_R31_EXIT_B | x_R32_EXIT_G | x_R33_EXIT_C | x_R34_EXIT_G | x_R35_EXIT_E | x_R36_EXIT_STAIRWELL
289,0.7936406799960878,1,True,0,28,x_R01_EXIT_F | x_R02_EXIT_A | x_R03_EXIT_G | x_R04_EXIT_C | x_R05_EXIT_STAIRWELL | x_R06_EXIT_STAIRWELL | x_R07_EXIT_B | x_R08_EXIT_E | x_R09_EXIT_D | x_R10_EXIT_G | x_R11_EXIT_D | x_R12_EXIT_E | x_R13_EXIT_D | x_R14_EXIT_D | x_R15_EXIT_STAIRWELL | x_R16_EXIT_C | x_R20_EXIT_STAIRWELL | x_R24_EXIT_E | x_R25_EXIT_C | x_R28_EXIT_F | x_R29_EXIT_STAIRWELL | x_R30_EXIT_STAIRWELL | x_R31_EXIT_A | x_R32_EXIT_G | x_R33_EXIT_D | x_R34_EXIT_B | x_R35_EXIT_H | x_R36_EXIT_STAIRWELL
290,0.7939379059949374,1,True,0,28,x_R01_EXIT_H | x_R02_EXIT_D | x_R03_EXIT_F | x_R04_EXIT_F | x_R05_EXIT_F | x_R06_EXIT_B | x_R07_EXIT_C | x_R08_EXIT_B | x_R09_EXIT_G | x_R10_EXIT_STAIRWELL | x_R11_EXIT_C | x_R12_EXIT_A | x_R13_EXIT_F | x_R14_EXIT_G | x_R15_EXIT_D | x_R16_EXIT_H | x_R20_EXIT_H | x_R24_EXIT_C | x_R25_EXIT_F | x_R28_EXIT_B | x_R29_EXIT_H | x_R30_EXIT_E | x_R31_EXIT_F | x_R32_EXIT_E | x_R33_EXIT_E | x_R34_EXIT_G | x_R35_EXIT_H | x_R36_EXIT_G
291,0.7941836754106362,1,True,0,28,x_R01_EXIT_E | x_R02_EXIT_C | x_R03_EXIT_STAIRWELL | x_R04_EXIT_A | x_R05_EXIT_D | x_R06_EXIT_F | x_R07_EXIT_E | x_R08_EXIT_A | x_R09_EXIT_D | x_R10_EXIT_D | x_R11_EXIT_B | x_R12_EXIT_D | x_R13_EXIT_STAIRWELL | x_R14_EXIT_E | x_R15_EXIT_STAIRWELL | x_R16_EXIT_STAIRWELL | x_R20_EXIT_F | x_R24_EXIT_F | x_R25_EXIT_C | x_R28_EXIT_H | x_R29_EXIT_H | x_R30_EXIT_F | x_R31_EXIT_F | x_R32_EXIT_G | x_R33_EXIT_F | x_R34_EXIT_B | x_R35_EXIT_G | x_R36_EXIT_A
292,0.7946375131488139,1,True,0,28,x_R01_EXIT_A | x_R02_EXIT_D | x_R03_EXIT_F | x_R04_EXIT_B | x_R05_EXIT_G | x_R06_EXIT_A | x_R07_EXIT_E | x_R08_EXIT_F | x_R09_EXIT_B | x_R10_EXIT_H | x_R11_EXIT_D | x_R12_EXIT_A | x_R13_EXIT_D | x_R14_EXIT_A | x_R15_EXIT_D | x_R16_EXIT_F | x_R20_EXIT_C | x_R24_EXIT_STAIRWELL | x_R25_EXIT_STAIRWELL | x_R28_EXIT_G | x_R29_EXIT_STAIRWELL | x_R30_EXIT_E | x_R31_EXIT_G | x_R32_EXIT_A | x_R33_EXIT_STAIRWELL | x_R34_EXIT_H | x_R35_EXIT_E | x_R36_EXIT_G
293,0.7946514684152248,1,True,0,28,x_R01_EXIT_F | x_R02_EXIT_D | x_R03_EXIT_G | x_R04_EXIT_D | x_R05_EXIT_F | x_R06_EXIT_H | x_R07_EXIT_C | x_R08_EXIT_D | x_R09_EXIT_G | x_R10_EXIT_D | x_R11_EXIT_H | x_R12_EXIT_STAIRWELL | x_R13_EXIT_H | x_R14_EXIT_F | x_R15_EXIT_B | x_R16_EXIT_F | x_R20_EXIT_A | x_R24_EXIT_E | x_R25_EXIT_STAIRWELL | x_R28_EXIT_D | x_R29_EXIT_H | x_R30_EXIT_F | x_R31_EXIT_D | x_R32_EXIT_F | x_R33_EXIT_F | x_R34_EXIT_F | x_R35_EXIT_H | x_R36_EXIT_STAIRWELL
294,0.7964182247815188,1,True,0,28,x_R01_EXIT_A | x_R02_EXIT_D | x_R03_EXIT_F | x_R04_EXIT_F | x_R05_EXIT_C | x_R06_EXIT_F | x_R07_EXIT_H | x_R08_EXIT_A | x_R09_EXIT_E | x_R10_EXIT_D | x_R11_EXIT_A | x_R12_EXIT_E | x_R13_EXIT_H | x_R14_EXIT_B | x_R15_EXIT_G | x_R16_EXIT_E | x_R20_EXIT_G | x_R24_EXIT_D | x_R25_EXIT_E | x_R28_EXIT_A | x_R29_EXIT_F | x_R30_EXIT_G | x_R31_EXIT_A | x_R32_EXIT_STAIRWELL | x_R33_EXIT_C | x_R34_EXIT_G | x_R35_EXIT_F | x_R36_EXIT_STAIRWELL
295,0.7964729562808657,1,True,0,28,x_R01_EXIT_H | x_R02_EXIT_B | x_R03_EXIT_D | x_R04_EXIT_B | x_R05_EXIT_G | x_R06_EXIT_B | x_R07_EXIT_H | x_R08_EXIT_STAIRWELL | x_R09_EXIT_H | x_R10_EXIT_G | x_R11_EXIT_C | x_R12_EXIT_B | x_R13_EXIT_E | x_R14_EXIT_G | x_R15_EXIT_B | x_R16_EXIT_G | x_R20_EXIT_E | x_R24_EXIT_A | x_R25_EXIT_B | x_R28_EXIT_E | x_R29_EXIT_F | x_R30_EXIT_A | x_R31_EXIT_G | x_R32_EXIT_D | x_R33_EXIT_E | x_R34_EXIT_E | x_R35_EXIT_STAIRWELL | x_R36_EXIT_H
296,0.7964740882998171,1,True,0,28,x_R01_EXIT_B | x_R02_EXIT_D | x_R03_EXIT_A | x_R04_EXIT_H | x_R05_EXIT_E | x_R06_EXIT_C | x_R07_EXIT_C | x_R08_EXIT_H | x_R09_EXIT_STAIRWELL | x_R10_EXIT_H | x_R11_EXIT_F | x_R12_EXIT_D | x_R13_EXIT_H | x_R14_EXIT_G | x_R15_EXIT_G | x_R16_EXIT_G | x_R20_EXIT_D | x_R24_EXIT_E | x_R25_EXIT_D | x_R28_EXIT_A | x_R29_EXIT_A | x_R30_EXIT_B | x_R31_EXIT_F | x_R32_EXIT_B | x_R33_EXIT_C | x_R34_EXIT_STAIRWELL | x_R35_EXIT_A | x_R36_EXIT_D
297,0.7965656490243873,1,True,0,28,x_R01_EXIT_STAIRWELL | x_R02_EXIT_H | x_R03_EXIT_A | x_R04_EXIT_G | x_R05_EXIT_D | x_R06_EXIT_H | x_R07_EXIT_B | x_R08_EXIT_E | x_R09_EXIT_C | x_R10_EXIT_H | x_R11_EXIT_F | x_R12_EXIT_B | x_R13_EXIT_G | x_R14_EXIT_D | x_R15_EXIT_H | x_R16_EXIT_STAIRWELL | x_R20_EXIT_F | x_R24_EXIT_C | x_R25_EXIT_H | x_R28_EXIT_G | x_R29_EXIT_F | x_R30_EXIT_H | x_R31_EXIT_C | x_R32_EXIT_STAIRWELL | x_R33_EXIT_G | x_R34_EXIT_E | x_R35_EXIT_A | x_R36_EXIT_D
298,0.7965796145175545,1,True,0,28,x_R01_EXIT_B | x_R02_EXIT_F | x_R03_EXIT_STAIRWELL | x_R04_EXIT_A | x_R05_EXIT_B | x_R06_EXIT_D | x_R07_EXIT_A | x_R08_EXIT_C | x_R09_EXIT_D | x_R10_EXIT_F | x_R11_EXIT_STAIRWELL | x_R12_EXIT_H | x_R13_EXIT_H | x_R14_EXIT_A | x_R15_EXIT_H | x_R16_EXIT_G | x_R20_EXIT_H | x_R24_EXIT_STAIRWELL | x_R25_EXIT_B | x_R28_EXIT_B | x_R29_EXIT_A | x_R30_EXIT_E | x_R31_EXIT_B | x_R32_EXIT_E | x_R33_EXIT_STAIRWELL | x_R34_EXIT_STAIRWELL | x_R35_EXIT_D | x_R36_EXIT_H
299,0.7970154953076758,1,True,0,28,x_R01_EXIT_C | x_R02_EXIT_D | x_R03_EXIT_H | x_R04_EXIT_H | x_R05_EXIT_STAIRWELL | x_R06_EXIT_STAIRWELL | x_R07_EXIT_C | x_R08_EXIT_A | x_R09_EXIT_STAIRWELL | x_R10_EXIT_A | x_R11_EXIT_C | x_R12_EXIT_H | x_R13_EXIT_B | x_R14_EXIT_G | x_R15_EXIT_D | x_R16_EXIT_A | x_R20_EXIT_D | x_R24_EXIT_C | x_R25_EXIT_H | x_R28_EXIT_F | x_R29_EXIT_B | x_R30_EXIT_B | x_R31_EXIT_STAIRWELL | x_R32_EXIT_B | x_R33_EXIT_H | x_R34_EXIT_E | x_R35_EXIT_C | x_R36_EXIT_D
300,0.7970673827070414,1,True,0,28,x_R01_EXIT_F | x_R02_EXIT_A | x_R03_EXIT_F | x_R04_EXIT_A | x_R05_EXIT_D | x_R06_EXIT_D | x_R07_EXIT_H | x_R08_EXIT_A | x_R09_EXIT_A | x_R10_EXIT_H | x_R11_EXIT_B | x_R12_EXIT_H | x_R13_EXIT_H | x_R14_EXIT_C | x_R15_EXIT_A | x_R16_EXIT_H | x_R20_EXIT_B | x_R24_EXIT_E | x_R25_EXIT_H | x_R28_EXIT_H | x_R29_EXIT_D | x_R30_EXIT_G | x_R31_EXIT_G | x_R32_EXIT_STAIRWELL | x_R33_EXIT_C | x_R34_EXIT_E | x_R35_EXIT_D | x_R36_EXIT_E
301,0.7971411929475494,1,True,0,28,x_R01_EXIT_G | x_R02_EXIT_C | x_R03_EXIT_G | x_R04_EXIT_A | x_R05_EXIT_C | x_R06_EXIT_C | x_R07_EXIT_C | x_R08_EXIT_G | x_R09_EXIT_G | x_R10_EXIT_F | x_R11_EXIT_F | x_R12_EXIT_C | x_R13_EXIT_STAIRWELL | x_R14_EXIT_A | x_R15_EXIT_D | x_R16_EXIT_E | x_R20_EXIT_G | x_R24_EXIT_C | x_R25_EXIT_STAIRWELL | x_R28_EXIT_A | x_R29_EXIT_F | x_R30_EXIT_D | x_R31_EXIT_STAIRWELL | x_R32_EXIT_F | x_R33_EXIT_F | x_R34_EXIT_B | x_R35_EXIT_E | x_R36_EXIT_A
302,0.7971475261194314,1,True,0,28,x_R01_EXIT_C | x_R02_EXIT_F | x_R03_EXIT_STAIRWELL | x_R04_EXIT_A | x_R05_EXIT_E | x_R06_EXIT_D | x_R07_EXIT_B | x_R08_EXIT_C | x_R09_EXIT_STAIRWELL | x_R10_EXIT_A | x_R11_EXIT_B | x_R12_EXIT_D | x_R13_EXIT_A | x_R14_EXIT_B | x_R15_EXIT_F | x_R16_EXIT_C | x_R20_EXIT_B | x_R24_EXIT_C | x_R25_EXIT_G | x_R28_EXIT_E | x_R29_EXIT_STAIRWELL | x_R30_EXIT_STAIRWELL | x_R31_EXIT_E | x_R32_EXIT_E | x_R33_EXIT_H | x_R34_EXIT_B | x_R35_EXIT_F | x_R36_EXIT_H
303,0.7974948037394256,1,True,0,28,x_R01_EXIT_STAIRWELL | x_R02_EXIT_C | x_R03_EXIT_H | x_R04_EXIT_C | x_R05_EXIT_G | x_R06_EXIT_STAIRWELL | x_R07_EXIT_B | x_R08_EXIT_H | x_R09_EXIT_G | x_R10_EXIT_B | x_R11_EXIT_C | x_R12_EXIT_F | x_R13_EXIT_C | x_R14_EXIT_C | x_R15_EXIT_D | x_R16_EXIT_C | x_R20_EXIT_E | x_R24_EXIT_C | x_R25_EXIT_A | x_R28_EXIT_STAIRWELL | x_R29_EXIT_A | x_R30_EXIT_A | x_R31_EXIT_F | x_R32_EXIT_STAIRWELL | x_R33_EXIT_C | x_R34_EXIT_F | x_R35_EXIT_F | x_R36_EXIT_H
304,0.7977098808593155,1,True,0,28,x_R01_EXIT_C | x_R02_EXIT_STAIRWELL | x_R03_EXIT_G | x_R04_EXIT_F | x_R05_EXIT_H | x_R06_EXIT_C | x_R07_EXIT_E | x_R08_EXIT_STAIRWELL | x_R09_EXIT_C | x_R10_EXIT_G | x_R11_EXIT_A | x_R12_EXIT_B | x_R13_EXIT_G | x_R14_EXIT_STAIRWELL | x_R15_EXIT_D | x_R16_EXIT_D | x_R20_EXIT_F | x_R24_EXIT_C | x_R25_EXIT_A | x_R28_EXIT_C | x_R29_EXIT_F | x_R30_EXIT_STAIRWELL | x_R31_EXIT_D | x_R32_EXIT_G | x_R33_EXIT_STAIRWELL | x_R34_EXIT_F | x_R35_EXIT_C | x_R36_EXIT_H
305,0.7980282457183989,1,True,0,28,x_R01_EXIT_H | x_R02_EXIT_E | x_R03_EXIT_G | x_R04_EXIT_B | x_R05_EXIT_E | x_R06_EXIT_A | x_R07_EXIT_D | x_R08_EXIT_A | x_R09_EXIT_G | x_R10_EXIT_E | x_R11_EXIT_G | x_R12_EXIT_STAIRWELL | x_R13_EXIT_H | x_R14_EXIT_G | x_R15_EXIT_E | x_R16_EXIT_C | x_R20_EXIT_E | x_R24_EXIT_STAIRWELL | x_R25_EXIT_C | x_R28_EXIT_H | x_R29_EXIT_H | x_R30_EXIT_E | x_R31_EXIT_STAIRWELL | x_R32_EXIT_A | x_R33_EXIT_STAIRWELL | x_R34_EXIT_C | x_R35_EXIT_H | x_R36_EXIT_F
306,0.7980555368516207,1,True,0,28,x_R01_EXIT_C | x_R02_EXIT_E | x_R03_EXIT_A | x_R04_EXIT_C | x_R05_EXIT_C | x_R06_EXIT_B | x_R07_EXIT_A | x_R08_EXIT_A | x_R09_EXIT_B | x_R10_EXIT_B | x_R11_EXIT_H | x_R12_EXIT_H | x_R13_EXIT_B | x_R14_EXIT_A | x_R15_EXIT_C | x_R16_EXIT_F | x_R20_EXIT_D | x_R24_EXIT_C | x_R25_EXIT_STAIRWELL | x_R28_EXIT_B | x_R29_EXIT_A | x_R30_EXIT_F | x_R31_EXIT_A | x_R32_EXIT_B | x_R33_EXIT_B | x_R34_EXIT_B | x_R35_EXIT_B | x_R36_EXIT_STAIRWELL
307,0.7981377812897108,1,True,0,28,x_R01_EXIT_STAIRWELL | x_R02_EXIT_B | x_R03_EXIT_D | x_R04_EXIT_C | x_R05_EXIT_E | x_R06_EXIT_STAIRWELL | x_R07_EXIT_A | x_R08_EXIT_F | x_R09_EXIT_F | x_R10_EXIT_A | x_R11_EXIT_B | x_R12_EXIT_F | x_R13_EXIT_STAIRWELL | x_R14_EXIT_C | x_R15_EXIT_G | x_R16_EXIT_C | x_R20_EXIT_STAIRWELL | x_R24_EXIT_D | x_R25_EXIT_D | x_R28_EXIT_H | x_R29_EXIT_G | x_R30_EXIT_B | x_R31_EXIT_F | x_R32_EXIT_STAIRWELL | x_R33_EXIT_H | x_R34_EXIT_B | x_R35_EXIT_D | x_R36_EXIT_D
308,0.7984351130693312,1,True,0,28,x_R01_EXIT_B | x_R02_EXIT_C | x_R03_EXIT_B | x_R04_EXIT_B | x_R05_EXIT_F | x_R06_EXIT_A | x_R07_EXIT_E | x_R08_EXIT_A | x_R09_EXIT_A | x_R10_EXIT_E | x_R11_EXIT_G | x_R12_EXIT_A | x_R13_EXIT_STAIRWELL | x_R14_EXIT_STAIRWELL | x_R15_EXIT_A | x_R16_EXIT_G | x_R20_EXIT_STAIRWELL | x_R24_EXIT_B | x_R25_EXIT_B | x_R28_EXIT_F | x_R29_EXIT_G | x_R30_EXIT_G | x_R31_EXIT_D | x_R32_EXIT_A | x_R33_EXIT_E | x_R34_EXIT_H | x_R35_EXIT_G | x_R36_EXIT_B
309,0.7984705884697405,1,True,0,28,x_R01_EXIT_B | x_R02_EXIT_F | x_R03_EXIT_E | x_R04_EXIT_F | x_R05_EXIT_STAIRWELL | x_R06_EXIT_B | x_R07_EXIT_STAIRWELL | x_R08_EXIT_C | x_R09_EXIT_C | x_R10_EXIT_B | x_R11_EXIT_D | x_R12_EXIT_C | x_R13_EXIT_B | x_R14_EXIT_A | x_R15_EXIT_B | x_R16_EXIT_E | x_R20_EXIT_G | x_R24_EXIT_B | x_R25_EXIT_D | x_R28_EXIT_F | x_R29_EXIT_A | x_R30_EXIT_H | x_R31_EXIT_STAIRWELL | x_R32_EXIT_B | x_R33_EXIT_G | x_R34_EXIT_E | x_R35_EXIT_STAIRWELL | x_R36_EXIT_D
310,0.7984860825826559,1,True,0,28,x_R01_EXIT_A | x_R02_EXIT_H | x_R03_EXIT_B | x_R04_EXIT_E | x_R05_EXIT_C | x_R06_EXIT_G | x_R07_EXIT_G | x_R08_EXIT_H | x_R09_EXIT_G | x_R10_EXIT_B | x_R11_EXIT_H | x_R12_EXIT_B | x_R13_EXIT_E | x_R14_EXIT_E | x_R15_EXIT_STAIRWELL | x_R16_EXIT_B | x_R20_EXIT_D | x_R24_EXIT_STAIRWELL | x_R25_EXIT_E | x_R28_EXIT_B | x_R29_EXIT_G | x_R30_EXIT_E | x_R31_EXIT_STAIRWELL | x_R32_EXIT_STAIRWELL | x_R33_EXIT_G | x_R34_EXIT_G | x_R35_EXIT_E | x_R36_EXIT_STAIRWELL
311,0.7986170948362314,1,True,0,28,x_R01_EXIT_H | x_R02_EXIT_D | x_R03_EXIT_B | x_R04_EXIT_H | x_R05_EXIT_B | x_R06_EXIT_A | x_R07_EXIT_E | x_R08_EXIT_STAIRWELL | x_R09_EXIT_F | x_R10_EXIT_F | x_R11_EXIT_H | x_R12_EXIT_E | x_R13_EXIT_B | x_R14_EXIT_H | x_R15_EXIT_F | x_R16_EXIT_B | x_R20_EXIT_STAIRWELL | x_R24_EXIT_H | x_R25_EXIT_STAIRWELL | x_R28_EXIT_G | x_R29_EXIT_B | x_R30_EXIT_B | x_R31_EXIT_A | x_R32_EXIT_H | x_R33_EXIT_E | x_R34_EXIT_E | x_R35_EXIT_E | x_R36_EXIT_G
312,0.7986593827949946,1,True,0,28,x_R01_EXIT_F | x_R02_EXIT_E | x_R03_EXIT_D | x_R04_EXIT_B | x_R05_EXIT_C | x_R06_EXIT_B | x_R07_EXIT_D | x_R08_EXIT_STAIRWELL | x_R09_EXIT_A | x_R10_EXIT_STAIRWELL | x_R11_EXIT_A | x_R12_EXIT_B | x_R13_EXIT_C | x_R14_EXIT_STAIRWELL | x_R15_EXIT_F | x_R16_EXIT_B | x_R20_EXIT_E | x_R24_EXIT_B | x_R25_EXIT_H | x_R28_EXIT_C | x_R29_EXIT_STAIRWELL | x_R30_EXIT_H | x_R31_EXIT_D | x_R32_EXIT_E | x_R33_EXIT_B | x_R34_EXIT_D | x_R35_EXIT_STAIRWELL | x_R36_EXIT_H
313,0.7986677914255438,1,True,0,28,x_R01_EXIT_STAIRWELL | x_R02_EXIT_B | x_R03_EXIT_C | x_R04_EXIT_H | x_R05_EXIT_E | x_R06_EXIT_C | x_R07_EXIT_A | x_R08_EXIT_B | x_R09_EXIT_G | x_R10_EXIT_D | x_R11_EXIT_F | x_R12_EXIT_C | x_R13_EXIT_C | x_R14_EXIT_F | x_R15_EXIT_D | x_R16_EXIT_F | x_R20_EXIT_C | x_R24_EXIT_H | x_R25_EXIT_D | x_R28_EXIT_C | x_R29_EXIT_B | x_R30_EXIT_G | x_R31_EXIT_C | x_R32_EXIT_F | x_R33_EXIT_B | x_R34_EXIT_C | x_R35_EXIT_G | x_R36_EXIT_STAIRWELL
314,0.7993315000213101,1,True,0,28,x_R01_EXIT_G | x_R02_EXIT_B | x_R03_EXIT_G | x_R04_EXIT_G | x_R05_EXIT_B | x_R06_EXIT_E | x_R07_EXIT_C | x_R08_EXIT_G | x_R09_EXIT_G | x_R10_EXIT_F | x_R11_EXIT_H | x_R12_EXIT_B | x_R13_EXIT_C | x_R14_EXIT_A | x_R15_EXIT_F | x_R16_EXIT_D | x_R20_EXIT_E | x_R24_EXIT_E | x_R25_EXIT_STAIRWELL | x_R28_EXIT_STAIRWELL | x_R29_EXIT_F | x_R30_EXIT_STAIRWELL | x_R31_EXIT_B | x_R32_EXIT_A | x_R33_EXIT_E | x_R34_EXIT_STAIRWELL | x_R35_EXIT_C | x_R36_EXIT_STAIRWELL
315,0.7993925774760555,1,True,0,28,x_R01_EXIT_E | x_R02_EXIT_G | x_R03_EXIT_E | x_R04_EXIT_B | x_R05_EXIT_A | x_R06_EXIT_F | x_R07_EXIT_C | x_R08_EXIT_B | x_R09_EXIT_B | x_R10_EXIT_D | x_R11_EXIT_G | x_R12_EXIT_H | x_R13_EXIT_C | x_R14_EXIT_D | x_R15_EXIT_B | x_R16_EXIT_STAIRWELL | x_R20_EXIT_G | x_R24_EXIT_A | x_R25_EXIT_D | x_R28_EXIT_H | x_R29_EXIT_STAIRWELL | x_R30_EXIT_A | x_R31_EXIT_H | x_R32_EXIT_G | x_R33_EXIT_A | x_R34_EXIT_E | x_R35_EXIT_A | x_R36_EXIT_STAIRWELL
316,0.7995485161380316,1,True,0,28,x_R01_EXIT_STAIRWELL | x_R02_EXIT_STAIRWELL | x_R03_EXIT_H | x_R04_EXIT_E | x_R05_EXIT_G | x_R06_EXIT_B | x_R07_EXIT_STAIRWELL | x_R08_EXIT_A | x_R09_EXIT_G | x_R10_EXIT_B | x_R11_EXIT_C | x_R12_EXIT_STAIRWELL | x_R13_EXIT_H | x_R14_EXIT_B | x_R15_EXIT_A | x_R16_EXIT_D | x_R20_EXIT_C | x_R24_EXIT_D | x_R25_EXIT_A | x_R28_EXIT_F | x_R29_EXIT_H | x_R30_EXIT_D | x_R31_EXIT_H | x_R32_EXIT_E | x_R33_EXIT_E | x_R34_EXIT_STAIRWELL | x_R35_EXIT_STAIRWELL | x_R36_EXIT_D
317,0.7996780687799401,1,True,0,28,x_R01_EXIT_B | x_R02_EXIT_D | x_R03_EXIT_STAIRWELL | x_R04_EXIT_D | x_R05_EXIT_A | x_R06_EXIT_F | x_R07_EXIT_H | x_R08_EXIT_C | x_R09_EXIT_C | x_R10_EXIT_D | x_R11_EXIT_E | x_R12_EXIT_F | x_R13_EXIT_F | x_R14_EXIT_D | x_R15_EXIT_D | x_R16_EXIT_C | x_R20_EXIT_B | x_R24_EXIT_D | x_R25_EXIT_H | x_R28_EXIT_G | x_R29_EXIT_G | x_R30_EXIT_B | x_R31_EXIT_G | x_R32_EXIT_E | x_R33_EXIT_D | x_R34_EXIT_F | x_R35_EXIT_G | x_R36_EXIT_G
318,0.7997859024902141,1,True,0,28,x_R01_EXIT_B | x_R02_EXIT_G | x_R03_EXIT_C | x_R04_EXIT_H | x_R05_EXIT_C | x_R06_EXIT_H | x_R07_EXIT_A | x_R08_EXIT_G | x_R09_EXIT_H | x_R10_EXIT_A | x_R11_EXIT_H | x_R12_EXIT_F | x_R13_EXIT_H | x_R14_EXIT_B | x_R15_EXIT_D | x_R16_EXIT_A | x_R20_EXIT_C | x_R24_EXIT_C | x_R25_EXIT_E | x_R28_EXIT_STAIRWELL | x_R29_EXIT_B | x_R30_EXIT_STAIRWELL | x_R31_EXIT_G | x_R32_EXIT_H | x_R33_EXIT_A | x_R34_EXIT_STAIRWELL | x_R35_EXIT_C | x_R36_EXIT_H
319,0.8001898173799873,1,True,0,28,x_R01_EXIT_D | x_R02_EXIT_H | x_R03_EXIT_STAIRWELL | x_R04_EXIT_A | x_R05_EXIT_B | x_R06_EXIT_C | x_R07_EXIT_E | x_R08_EXIT_F | x_R09_EXIT_A | x_R10_EXIT_C | x_R11_EXIT_A | x_R12_EXIT_D | x_R13_EXIT_A | x_R14_EXIT_G | x_R15_EXIT_F | x_R16_EXIT_G | x_R20_EXIT_G | x_R24_EXIT_B | x_R25_EXIT_G | x_R28_EXIT_F | x_R29_EXIT_C | x_R30_EXIT_H | x_R31_EXIT_STAIRWELL | x_R32_EXIT_C | x_R33_EXIT_STAIRWELL | x_R34_EXIT_F | x_R35_EXIT_A | x_R36_EXIT_G
320,0.8002970147921928,1,True,0,28,x_R01_EXIT_B | x_R02_EXIT_H | x_R03_EXIT_F | x_R04_EXIT_E | x_R05_EXIT_F | x_R06_EXIT_D | x_R07_EXIT_A | x_R08_EXIT_H | x_R09_EXIT_H | x_R10_EXIT_C | x_R11_EXIT_F | x_R12_EXIT_F | x_R13_EXIT_E | x_R14_EXIT_STAIRWELL | x_R15_EXIT_H | x_R16_EXIT_B | x_R20_EXIT_B | x_R24_EXIT_G | x_R25_EXIT_B | x_R28_EXIT_G | x_R29_EXIT_C | x_R30_EXIT_H | x_R31_EXIT_D | x_R32_EXIT_H | x_R33_EXIT_STAIRWELL | x_R34_EXIT_D | x_R35_EXIT_F | x_R36_EXIT_STAIRWELL
321,0.8004404654682276,1,True,0,28,x_R01_EXIT_F | x_R02_EXIT_A | x_R03_EXIT_B | x_R04_EXIT_C | x_R05_EXIT_STAIRWELL | x_R06_EXIT_H | x_R07_EXIT_A | x_R08_EXIT_D | x_R09_EXIT_F | x_R10_EXIT_F | x_R11_EXIT_STAIRWELL | x_R12_EXIT_E | x_R13_EXIT_C | x_R14_EXIT_D | x_R15_EXIT_D | x_R16_EXIT_STAIRWELL | x_R20_EXIT_F | x_R24_EXIT_STAIRWELL | x_R25_EXIT_STAIRWELL | x_R28_EXIT_D | x_R29_EXIT_B | x_R30_EXIT_G | x_R31_EXIT_A | x_R32_EXIT_STAIRWELL | x_R33_EXIT_D | x_R34_EXIT_G | x_R35_EXIT_STAIRWELL | x_R36_EXIT_F
322,0.8004477369736378,1,True,0,28,x_R01_EXIT_C | x_R02_EXIT_F | x_R03_EXIT_F | x_R04_EXIT_H | x_R05_EXIT_H | x_R06_EXIT_A | x_R07_EXIT_STAIRWELL | x_R08_EXIT_B | x_R09_EXIT_D | x_R10_EXIT_D | x_R11_EXIT_H | x_R12_EXIT_C | x_R13_EXIT_C | x_R14_EXIT_A | x_R15_EXIT_C | x_R16_EXIT_G | x_R20_EXIT_G | x_R24_EXIT_STAIRWELL | x_R25_EXIT_STAIRWELL | x_R28_EXIT_A | x_R29_EXIT_G | x_R30_EXIT_H | x_R31_EXIT_H | x_R32_EXIT_D | x_R33_EXIT_F | x_R34_EXIT_STAIRWELL | x_R35_EXIT_F | x_R36_EXIT_STAIRWELL
323,0.8006218978445077,1,True,0,28,x_R01_EXIT_C | x_R02_EXIT_A | x_R03_EXIT_B | x_R04_EXIT_F | x_R05_EXIT_E | x_R06_EXIT_B | x_R07_EXIT_B | x_R08_EXIT_B | x_R09_EXIT_E | x_R10_EXIT_H | x_R11_EXIT_C | x_R12_EXIT_H | x_R13_EXIT_D | x_R14_EXIT_C | x_R15_EXIT_C | x_R16_EXIT_STAIRWELL | x_R20_EXIT_C | x_R24_EXIT_C | x_R25_EXIT_H | x_R28_EXIT_E | x_R29_EXIT_E | x_R30_EXIT_A | x_R31_EXIT_G | x_R32_EXIT_F | x_R33_EXIT_D | x_R34_EXIT_F | x_R35_EXIT_F | x_R36_EXIT_C
324,0.8008149079856821,1,True,0,28,x_R01_EXIT_B | x_R02_EXIT_A | x_R03_EXIT_E | x_R04_EXIT_A | x_R05_EXIT_H | x_R06_EXIT_G | x_R07_EXIT_G | x_R08_EXIT_C | x_R09_EXIT_D | x_R10_EXIT_F | x_R11_EXIT_E | x_R12_EXIT_D | x_R13_EXIT_A | x_R14_EXIT_STAIRWELL | x_R15_EXIT_H | x_R16_EXIT_F | x_R20_EXIT_F | x_R24_EXIT_E | x_R25_EXIT_D | x_R28_EXIT_F | x_R29_EXIT_E | x_R30_EXIT_E | x_R31_EXIT_C | x_R32_EXIT_STAIRWELL | x_R33_EXIT_B | x_R34_EXIT_C | x_R35_EXIT_A | x_R36_EXIT_STAIRWELL
325,0.8014193212187593,1,True,0,28,x_R01_EXIT_D | x_R02_EXIT_B | x_R03_EXIT_STAIRWELL | x_R04_EXIT_C | x_R05_EXIT_C | x_R06_EXIT_STAIRWELL | x_R07_EXIT_F | x_R08_EXIT_F | x_R09_EXIT_D | x_R10_EXIT_E | x_R11_EXIT_B | x_R12_EXIT_B | x_R13_EXIT_D | x_R14_EXIT_C | x_R15_EXIT_F | x_R16_EXIT_B | x_R20_EXIT_E | x_R24_EXIT_E | x_R25_EXIT_STAIRWELL | x_R28_EXIT_STAIRWELL | x_R29_EXIT_STAIRWELL | x_R30_EXIT_D | x_R31_EXIT_D | x_R32_EXIT_STAIRWELL | x_R33_EXIT_H | x_R34_EXIT_G | x_R35_EXIT_STAIRWELL | x_R36_EXIT_STAIRWELL
326,0.8018234579202499,1,True,0,28,x_R01_EXIT_A | x_R02_EXIT_STAIRWELL | x_R03_EXIT_STAIRWELL | x_R04_EXIT_G | x_R05_EXIT_A | x_R06_EXIT_C | x_R07_EXIT_H | x_R08_EXIT_H | x_R09_EXIT_C | x_R10_EXIT_F | x_R11_EXIT_G | x_R12_EXIT_C | x_R13_EXIT_B | x_R14_EXIT_G | x_R15_EXIT_H | x_R16_EXIT_F | x_R20_EXIT_F | x_R24_EXIT_G | x_R25_EXIT_E | x_R28_EXIT_STAIRWELL | x_R29_EXIT_B | x_R30_EXIT_B | x_R31_EXIT_H | x_R32_EXIT_E | x_R33_EXIT_F | x_R34_EXIT_E | x_R35_EXIT_F | x_R36_EXIT_F
327,0.8019275373032997,1,True,0,28,x_R01_EXIT_B | x_R02_EXIT_A | x_R03_EXIT_A | x_R04_EXIT_F | x_R05_EXIT_C | x_R06_EXIT_E | x_R07_EXIT_D | x_R08_EXIT_H | x_R09_EXIT_F | x_R10_EXIT_F | x_R11_EXIT_E | x_R12_EXIT_B | x_R13_EXIT_C | x_R14_EXIT_STAIRWELL | x_R15_EXIT_G | x_R16_EXIT_STAIRWELL | x_R20_EXIT_D | x_R24_EXIT_G | x_R25_EXIT_D | x_R28_EXIT_B | x_R29_EXIT_B | x_R30_EXIT_D | x_R31_EXIT_E | x_R32_EXIT_STAIRWELL | x_R33_EXIT_B | x_R34_EXIT_STAIRWELL | x_R35_EXIT_F | x_R36_EXIT_D
328,0.8020632422133644,1,True,0,28,x_R01_EXIT_C | x_R02_EXIT_H | x_R03_EXIT_H | x_R04_EXIT_B | x_R05_EXIT_B | x_R06_EXIT_C | x_R07_EXIT_A | x_R08_EXIT_E | x_R09_EXIT_H | x_R10_EXIT_A | x_R11_EXIT_B | x_R12_EXIT_G | x_R13_EXIT_A | x_R14_EXIT_STAIRWELL | x_R15_EXIT_D | x_R16_EXIT_A | x_R20_EXIT_E | x_R24_EXIT_G | x_R25_EXIT_E | x_R28_EXIT_H | x_R29_EXIT_E | x_R30_EXIT_A | x_R31_EXIT_F | x_R32_EXIT_G | x_R33_EXIT_B | x_R34_EXIT_B | x_R35_EXIT_E | x_R36_EXIT_STAIRWELL
329,0.8022045893141581,1,True,0,28,x_R01_EXIT_E | x_R02_EXIT_G | x_R03_EXIT_STAIRWELL | x_R04_EXIT_A | x_R05_EXIT_A | x_R06_EXIT_F | x_R07_EXIT_B | x_R08_EXIT_D | x_R09_EXIT_H | x_R10_EXIT_G | x_R11_EXIT_STAIRWELL | x_R12_EXIT_STAIRWELL | x_R13_EXIT_STAIRWELL | x_R14_EXIT_D | x_R15_EXIT_A | x_R16_EXIT_D | x_R20_EXIT_D | x_R24_EXIT_D | x_R25_EXIT_B | x_R28_EXIT_A | x_R29_EXIT_H | x_R30_EXIT_H | x_R31_EXIT_STAIRWELL | x_R32_EXIT_G | x_R33_EXIT_E | x_R34_EXIT_STAIRWELL | x_R35_EXIT_H | x_R36_EXIT_STAIRWELL
330,0.8022414696595206,1,True,0,28,x_R01_EXIT_A | x_R02_EXIT_E | x_R03_EXIT_C | x_R04_EXIT_A | x_R05_EXIT_B | x_R06_EXIT_D | x_R07_EXIT_D | x_R08_EXIT_H | x_R09_EXIT_B | x_R10_EXIT_G | x_R11_EXIT_B | x_R12_EXIT_D | x_R13_EXIT_E | x_R14_EXIT_A | x_R15_EXIT_H | x_R16_EXIT_B | x_R20_EXIT_C | x_R24_EXIT_F | x_R25_EXIT_B | x_R28_EXIT_H | x_R29_EXIT_E | x_R30_EXIT_A | x_R31_EXIT_STAIRWELL | x_R32_EXIT_F | x_R33_EXIT_A | x_R34_EXIT_F | x_R35_EXIT_G | x_R36_EXIT_A
331,0.8022855003763425,1,True,0,28,x_R01_EXIT_A | x_R02_EXIT_STAIRWELL | x_R03_EXIT_STAIRWELL | x_R04_EXIT_STAIRWELL | x_R05_EXIT_C | x_R06_EXIT_C | x_R07_EXIT_G | x_R08_EXIT_E | x_R09_EXIT_D | x_R10_EXIT_A | x_R11_EXIT_F | x_R12_EXIT_STAIRWELL | x_R13_EXIT_F | x_R14_EXIT_H | x_R15_EXIT_C | x_R16_EXIT_H | x_R20_EXIT_D | x_R24_EXIT_C | x_R25_EXIT_C | x_R28_EXIT_H | x_R29_EXIT_F | x_R30_EXIT_G | x_R31_EXIT_G | x_R32_EXIT_E | x_R33_EXIT_B | x_R34_EXIT_STAIRWELL | x_R35_EXIT_D | x_R36_EXIT_E
332,0.8024030760844312,1,True,0,28,x_R01_EXIT_H | x_R02_EXIT_B | x_R03_EXIT_STAIRWELL | x_R04_EXIT_G | x_R05_EXIT_B | x_R06_EXIT_A | x_R07_EXIT_STAIRWELL | x_R08_EXIT_F | x_R09_EXIT_H | x_R10_EXIT_C | x_R11_EXIT_G | x_R12_EXIT_C | x_R13_EXIT_E | x_R14_EXIT_STAIRWELL | x_R15_EXIT_G | x_R16_EXIT_D | x_R20_EXIT_B | x_R24_EXIT_A | x_R25_EXIT_C | x_R28_EXIT_G | x_R29_EXIT_H | x_R30_EXIT_E | x_R31_EXIT_B | x_R32_EXIT_H | x_R33_EXIT_G | x_R34_EXIT_E | x_R35_EXIT_STAIRWELL | x_R36_EXIT_F
333,0.8025206099038087,1,True,0,28,x_R01_EXIT_D | x_R02_EXIT_A | x_R03_EXIT_C | x_R04_EXIT_B | x_R05_EXIT_H | x_R06_EXIT_G | x_R07_EXIT_G | x_R08_EXIT_D | x_R09_EXIT_F | x_R10_EXIT_E | x_R11_EXIT_B | x_R12_EXIT_STAIRWELL | x_R13_EXIT_H | x_R14_EXIT_D | x_R15_EXIT_H | x_R16_EXIT_C | x_R20_EXIT_STAIRWELL | x_R24_EXIT_G | x_R25_EXIT_E | x_R28_EXIT_STAIRWELL | x_R29_EXIT_A | x_R30_EXIT_D | x_R31_EXIT_H | x_R32_EXIT_STAIRWELL | x_R33_EXIT_STAIRWELL | x_R34_EXIT_STAIRWELL | x_R35_EXIT_A | x_R36_EXIT_C
334,0.8026019211234825,1,True,0,28,x_R01_EXIT_E | x_R02_EXIT_STAIRWELL | x_R03_EXIT_B | x_R04_EXIT_H | x_R05_EXIT_H | x_R06_EXIT_A | x_R07_EXIT_H | x_R08_EXIT_STAIRWELL | x_R09_EXIT_B | x_R10_EXIT_E | x_R11_EXIT_B | x_R12_EXIT_F | x_R13_EXIT_B | x_R14_EXIT_H | x_R15_EXIT_F | x_R16_EXIT_D | x_R20_EXIT_G | x_R24_EXIT_A | x_R25_EXIT_STAIRWELL | x_R28_EXIT_D | x_R29_EXIT_G | x_R30_EXIT_STAIRWELL | x_R31_EXIT_E | x_R32_EXIT_STAIRWELL | x_R33_EXIT_F | x_R34_EXIT_A | x_R35_EXIT_STAIRWELL | x_R36_EXIT_STAIRWELL
335,0.8026860432136118,1,True,0,28,x_R01_EXIT_F | x_R02_EXIT_E | x_R03_EXIT_G | x_R04_EXIT_H | x_R05_EXIT_H | x_R06_EXIT_C | x_R07_EXIT_STAIRWELL | x_R08_EXIT_D | x_R09_EXIT_D | x_R10_EXIT_STAIRWELL | x_R11_EXIT_H | x_R12_EXIT_C | x_R13_EXIT_H | x_R14_EXIT_H | x_R15_EXIT_A | x_R16_EXIT_C | x_R20_EXIT_B | x_R24_EXIT_C | x_R25_EXIT_STAIRWELL | x_R28_EXIT_B | x_R29_EXIT_D | x_R30_EXIT_STAIRWELL | x_R31_EXIT_D | x_R32_EXIT_E | x_R33_EXIT_STAIRWELL | x_R34_EXIT_D | x_R35_EXIT_A | x_R36_EXIT_H
336,0.8027226966471517,1,True,0,28,x_R01_EXIT_D | x_R02_EXIT_STAIRWELL | x_R03_EXIT_A | x_R04_EXIT_H | x_R05_EXIT_D | x_R06_EXIT_E | x_R07_EXIT_STAIRWELL | x_R08_EXIT_E | x_R09_EXIT_F | x_R10_EXIT_H | x_R11_EXIT_E | x_R12_EXIT_G | x_R13_EXIT_B | x_R14_EXIT_STAIRWELL | x_R15_EXIT_B | x_R16_EXIT_D | x_R20_EXIT_H | x_R24_EXIT_E | x_R25_EXIT_B | x_R28_EXIT_G | x_R29_EXIT_G | x_R30_EXIT_G | x_R31_EXIT_D | x_R32_EXIT_G | x_R33_EXIT_G | x_R34_EXIT_E | x_R35_EXIT_C | x_R36_EXIT_H
337,0.8030102429730164,1,True,0,28,x_R01_EXIT_STAIRWELL | x_R02_EXIT_B | x_R03_EXIT_F | x_R04_EXIT_A | x_R05_EXIT_D | x_R06_EXIT_STAIRWELL | x_R07_EXIT_C | x_R08_EXIT_E | x_R09_EXIT_G | x_R10_EXIT_G | x_R11_EXIT_A | x_R12_EXIT_STAIRWELL | x_R13_EXIT_D | x_R14_EXIT_STAIRWELL | x_R15_EXIT_B | x_R16_EXIT_STAIRWELL | x_R20_EXIT_D | x_R24_EXIT_STAIRWELL | x_R25_EXIT_E | x_R28_EXIT_H | x_R29_EXIT_G | x_R30_EXIT_H | x_R31_EXIT_F | x_R32_EXIT_G | x_R33_EXIT_F | x_R34_EXIT_E | x_R35_EXIT_F | x_R36_EXIT_C
338,0.8030712999765228,1,True,0,28,x_R01_EXIT_F | x_R02_EXIT_H | x_R03_EXIT_STAIRWELL | x_R04_EXIT_STAIRWELL | x_R05_EXIT_A | x_R06_EXIT_C | x_R07_EXIT_E | x_R08_EXIT_D | x_R09_EXIT_C | x_R10_EXIT_B | x_R11_EXIT_G | x_R12_EXIT_D | x_R13_EXIT_F | x_R14_EXIT_E | x_R15_EXIT_C | x_R16_EXIT_C | x_R20_EXIT_H | x_R24_EXIT_F | x_R25_EXIT_F | x_R28_EXIT_G | x_R29_EXIT_C | x_R30_EXIT_E | x_R31_EXIT_STAIRWELL | x_R32_EXIT_A | x_R33_EXIT_STAIRWELL | x_R34_EXIT_E | x_R35_EXIT_G | x_R36_EXIT_B
339,0.8030911984773184,1,True,0,28,x_R01_EXIT_E | x_R02_EXIT_C | x_R03_EXIT_G | x_R04_EXIT_F | x_R05_EXIT_F | x_R06_EXIT_B | x_R07_EXIT_D | x_R08_EXIT_STAIRWELL | x_R09_EXIT_C | x_R10_EXIT_B | x_R11_EXIT_F | x_R12_EXIT_A | x_R13_EXIT_B | x_R14_EXIT_F | x_R15_EXIT_STAIRWELL | x_R16_EXIT_F | x_R20_EXIT_F | x_R24_EXIT_B | x_R25_EXIT_H | x_R28_EXIT_D | x_R29_EXIT_STAIRWELL | x_R30_EXIT_C | x_R31_EXIT_E | x_R32_EXIT_STAIRWELL | x_R33_EXIT_B | x_R34_EXIT_E | x_R35_EXIT_A | x_R36_EXIT_H
340,0.8032457909926052,1,True,0,28,x_R01_EXIT_STAIRWELL | x_R02_EXIT_STAIRWELL | x_R03_EXIT_D | x_R04_EXIT_G | x_R05_EXIT_B | x_R06_EXIT_C | x_R07_EXIT_E | x_R08_EXIT_B | x_R09_EXIT_D | x_R10_EXIT_E | x_R11_EXIT_E | x_R12_EXIT_C | x_R13_EXIT_G | x_R14_EXIT_H | x_R15_EXIT_H | x_R16_EXIT_STAIRWELL | x_R20_EXIT_F | x_R24_EXIT_H | x_R25_EXIT_STAIRWELL | x_R28_EXIT_STAIRWELL | x_R29_EXIT_B | x_R30_EXIT_H | x_R31_EXIT_F | x_R32_EXIT_D | x_R33_EXIT_F | x_R34_EXIT_E | x_R35_EXIT_D | x_R36_EXIT_A
341,0.8033194877810388,1,True,0,28,x_R01_EXIT_D | x_R02_EXIT_C | x_R03_EXIT_C | x_R04_EXIT_D | x_R05_EXIT_F | x_R06_EXIT_C | x_R07_EXIT_E | x_R08_EXIT_B | x_R09_EXIT_STAIRWELL | x_R10_EXIT_G | x_R11_EXIT_B | x_R12_EXIT_C | x_R13_EXIT_H | x_R14_EXIT_F | x_R15_EXIT_B | x_R16_EXIT_B | x_R20_EXIT_H | x_R24_EXIT_E | x_R25_EXIT_H | x_R28_EXIT_E | x_R29_EXIT_E | x_R30_EXIT_STAIRWELL | x_R31_EXIT_STAIRWELL | x_R32_EXIT_B | x_R33_EXIT_F | x_R34_EXIT_H | x_R35_EXIT_F | x_R36_EXIT_A
342,0.8034602778217845,1,True,0,28,x_R01_EXIT_B | x_R02_EXIT_D | x_R03_EXIT_D | x_R04_EXIT_C | x_R05_EXIT_F | x_R06_EXIT_E | x_R07_EXIT_C | x_R08_EXIT_G | x_R09_EXIT_H | x_R10_EXIT_A | x_R11_EXIT_A | x_R12_EXIT_A | x_R13_EXIT_F | x_R14_EXIT_C | x_R15_EXIT_B | x_R16_EXIT_F | x_R20_EXIT_B | x_R24_EXIT_G | x_R25_EXIT_H | x_R28_EXIT_D | x_R29_EXIT_D | x_R30_EXIT_F | x_R31_EXIT_F | x_R32_EXIT_B | x_R33_EXIT_F | x_R34_EXIT_STAIRWELL | x_R35_EXIT_C | x_R36_EXIT_STAIRWELL
343,0.8037669514541221,1,True,0,28,x_R01_EXIT_A | x_R02_EXIT_H | x_R03_EXIT_F | x_R04_EXIT_B | x_R05_EXIT_STAIRWELL | x_R06_EXIT_STAIRWELL | x_R07_EXIT_F | x_R08_EXIT_F | x_R09_EXIT_A | x_R10_EXIT_A | x_R11_EXIT_C | x_R12_EXIT_D | x_R13_EXIT_F | x_R14_EXIT_B | x_R15_EXIT_G | x_R16_EXIT_F | x_R20_EXIT_D | x_R24_EXIT_E | x_R25_EXIT_H | x_R28_EXIT_B | x_R29_EXIT_STAIRWELL | x_R30_EXIT_E | x_R31_EXIT_A | x_R32_EXIT_STAIRWELL | x_R33_EXIT_H | x_R34_EXIT_STAIRWELL | x_R35_EXIT_D | x_R36_EXIT_D
344,0.8038974321992782,1,True,0,28,x_R01_EXIT_STAIRWELL | x_R02_EXIT_A | x_R03_EXIT_C | x_R04_EXIT_F | x_R05_EXIT_B | x_R06_EXIT_E | x_R07_EXIT_A | x_R08_EXIT_G | x_R09_EXIT_C | x_R10_EXIT_STAIRWELL | x_R11_EXIT_A | x_R12_EXIT_C | x_R13_EXIT_A | x_R14_EXIT_B | x_R15_EXIT_F | x_R16_EXIT_C | x_R20_EXIT_E | x_R24_EXIT_E | x_R25_EXIT_G | x_R28_EXIT_B | x_R29_EXIT_B | x_R30_EXIT_F | x_R31_EXIT_F | x_R32_EXIT_D | x_R33_EXIT_B | x_R34_EXIT_E | x_R35_EXIT_H | x_R36_EXIT_G
345,0.8040045366027471,1,True,0,28,x_R01_EXIT_E | x_R02_EXIT_STAIRWELL | x_R03_EXIT_STAIRWELL | x_R04_EXIT_H | x_R05_EXIT_B | x_R06_EXIT_E | x_R07_EXIT_C | x_R08_EXIT_A | x_R09_EXIT_A | x_R10_EXIT_G | x_R11_EXIT_A | x_R12_EXIT_STAIRWELL | x_R13_EXIT_A | x_R14_EXIT_D | x_R15_EXIT_C | x_R16_EXIT_C | x_R20_EXIT_C | x_R24_EXIT_D | x_R25_EXIT_D | x_R28_EXIT_B | x_R29_EXIT_C | x_R30_EXIT_B | x_R31_EXIT_D | x_R32_EXIT_B | x_R33_EXIT_H | x_R34_EXIT_E | x_R35_EXIT_D | x_R36_EXIT_F
346,0.8040499185834733,1,True,0,28,x_R01_EXIT_B | x_R02_EXIT_A | x_R03_EXIT_G | x_R04_EXIT_D | x_R05_EXIT_B | x_R06_EXIT_H | x_R07_EXIT_C | x_R08_EXIT_A | x_R09_EXIT_F | x_R10_EXIT_C | x_R11_EXIT_H | x_R12_EXIT_D | x_R13_EXIT_H | x_R14_EXIT_A | x_R15_EXIT_F | x_R16_EXIT_E | x_R20_EXIT_H | x_R24_EXIT_B | x_R25_EXIT_E | x_R28_EXIT_A | x_R29_EXIT_C | x_R30_EXIT_A | x_R31_EXIT_G | x_R32_EXIT_B | x_R33_EXIT_D | x_R34_EXIT_H | x_R35_EXIT_C | x_R36_EXIT_F
347,0.8046155763678939,1,True,0,28,x_R01_EXIT_F | x_R02_EXIT_G | x_R03_EXIT_E | x_R04_EXIT_B | x_R05_EXIT_C | x_R06_EXIT_E | x_R07_EXIT_H | x_R08_EXIT_D | x_R09_EXIT_G | x_R10_EXIT_STAIRWELL | x_R11_EXIT_B | x_R12_EXIT_E | x_R13_EXIT_H | x_R14_EXIT_STAIRWELL | x_R15_EXIT_H | x_R16_EXIT_F | x_R20_EXIT_C | x_R24_EXIT_C | x_R25_EXIT_STAIRWELL | x_R28_EXIT_STAIRWELL | x_R29_EXIT_F | x_R30_EXIT_C | x_R31_EXIT_STAIRWELL | x_R32_EXIT_E | x_R33_EXIT_STAIRWELL | x_R34_EXIT_F | x_R35_EXIT_E | x_R36_EXIT_STAIRWELL
348,0.8047062217695498,1,True,0,28,x_R01_EXIT_C | x_R02_EXIT_STAIRWELL | x_R03_EXIT_H | x_R04_EXIT_F | x_R05_EXIT_G | x_R06_EXIT_H | x_R07_EXIT_B | x_R08_EXIT_H | x_R09_EXIT_STAIRWELL | x_R10_EXIT_E | x_R11_EXIT_E | x_R12_EXIT_H | x_R13_EXIT_E | x_R14_EXIT_F | x_R15_EXIT_STAIRWELL | x_R16_EXIT_C | x_R20_EXIT_F | x_R24_EXIT_G | x_R25_EXIT_C | x_R28_EXIT_D | x_R29_EXIT_STAIRWELL | x_R30_EXIT_E | x_R31_EXIT_B | x_R32_EXIT_F | x_R33_EXIT_E | x_R34_EXIT_STAIRWELL | x_R35_EXIT_D | x_R36_EXIT_F
349,0.8048005131492459,1,True,0,28,x_R01_EXIT_C | x_R02_EXIT_E | x_R03_EXIT_C | x_R04_EXIT_C | x_R05_EXIT_C | x_R06_EXIT_C | x_R07_EXIT_E | x_R08_EXIT_A | x_R09_EXIT_STAIRWELL | x_R10_EXIT_E | x_R11_EXIT_A | x_R12_EXIT_G | x_R13_EXIT_H | x_R14_EXIT_E | x_R15_EXIT_F | x_R16_EXIT_B | x_R20_EXIT_C | x_R24_EXIT_A | x_R25_EXIT_A | x_R28_EXIT_D | x_R29_EXIT_G | x_R30_EXIT_E | x_R31_EXIT_D | x_R32_EXIT_G | x_R33_EXIT_B | x_R34_EXIT_E | x_R35_EXIT_D | x_R36_EXIT_H
350,0.8049788693782602,1,True,0,28,x_R01_EXIT_STAIRWELL | x_R02_EXIT_B | x_R03_EXIT_D | x_R04_EXIT_H | x_R05_EXIT_C | x_R06_EXIT_F | x_R07_EXIT_B | x_R08_EXIT_STAIRWELL | x_R09_EXIT_F | x_R10_EXIT_G | x_R11_EXIT_E | x_R12_EXIT_A | x_R13_EXIT_F | x_R14_EXIT_D | x_R15_EXIT_D | x_R16_EXIT_B | x_R20_EXIT_STAIRWELL | x_R24_EXIT_F | x_R25_EXIT_G | x_R28_EXIT_B | x_R29_EXIT_B | x_R30_EXIT_STAIRWELL | x_R31_EXIT_H | x_R32_EXIT_G | x_R33_EXIT_F | x_R34_EXIT_F | x_R35_EXIT_G | x_R36_EXIT_STAIRWELL
351,0.8053814902425529,1,True,0,28,x_R01_EXIT_C | x_R02_EXIT_H | x_R03_EXIT_F | x_R04_EXIT_C | x_R05_EXIT_E | x_R06_EXIT_STAIRWELL | x_R07_EXIT_C | x_R08_EXIT_STAIRWELL | x_R09_EXIT_B | x_R10_EXIT_A | x_R11_EXIT_F | x_R12_EXIT_B | x_R13_EXIT_A | x_R14_EXIT_F | x_R15_EXIT_C | x_R16_EXIT_F | x_R20_EXIT_H | x_R24_EXIT_A | x_R25_EXIT_STAIRWELL | x_R28_EXIT_C | x_R29_EXIT_D | x_R30_EXIT_STAIRWELL | x_R31_EXIT_B | x_R32_EXIT_E | x_R33_EXIT_F | x_R34_EXIT_C | x_R35_EXIT_H | x_R36_EXIT_H
352,0.8055561979502954,1,True,0,28,x_R01_EXIT_B | x_R02_EXIT_H | x_R03_EXIT_H | x_R04_EXIT_STAIRWELL | x_R05_EXIT_G | x_R06_EXIT_E | x_R07_EXIT_H | x_R08_EXIT_F | x_R09_EXIT_B | x_R10_EXIT_D | x_R11_EXIT_F | x_R12_EXIT_A | x_R13_EXIT_H | x_R14_EXIT_H | x_R15_EXIT_G | x_R16_EXIT_B | x_R20_EXIT_E | x_R24_EXIT_G | x_R25_EXIT_E | x_R28_EXIT_H | x_R29_EXIT_H | x_R30_EXIT_A | x_R31_EXIT_STAIRWELL | x_R32_EXIT_D | x_R33_EXIT_F | x_R34_EXIT_F | x_R35_EXIT_D | x_R36_EXIT_F
353,0.8056579979679555,1,True,0,28,x_R01_EXIT_A | x_R02_EXIT_STAIRWELL | x_R03_EXIT_A | x_R04_EXIT_F | x_R05_EXIT_C | x_R06_EXIT_C | x_R07_EXIT_A | x_R08_EXIT_C | x_R09_EXIT_C | x_R10_EXIT_D | x_R11_EXIT_F | x_R12_EXIT_C | x_R13_EXIT_E | x_R14_EXIT_B | x_R15_EXIT_F | x_R16_EXIT_B | x_R20_EXIT_H | x_R24_EXIT_F | x_R25_EXIT_H | x_R28_EXIT_B | x_R29_EXIT_C | x_R30_EXIT_H | x_R31_EXIT_A | x_R32_EXIT_F | x_R33_EXIT_A | x_R34_EXIT_A | x_R35_EXIT_C | x_R36_EXIT_H
354,0.8058802944737522,1,True,0,28,x_R01_EXIT_H | x_R02_EXIT_G | x_R03_EXIT_C | x_R04_EXIT_H | x_R05_EXIT_D | x_R06_EXIT_D | x_R07_EXIT_B | x_R08_EXIT_B | x_R09_EXIT_B | x_R10_EXIT_B | x_R11_EXIT_A | x_R12_EXIT_G | x_R13_EXIT_A | x_R14_EXIT_C | x_R15_EXIT_G | x_R16_EXIT_H | x_R20_EXIT_G | x_R24_EXIT_STAIRWELL | x_R25_EXIT_D | x_R28_EXIT_H | x_R29_EXIT_F | x_R30_EXIT_E | x_R31_EXIT_F | x_R32_EXIT_A | x_R33_EXIT_H | x_R34_EXIT_D | x_R35_EXIT_H | x_R36_EXIT_E
355,0.805913134793002,1,True,0,28,x_R01_EXIT_C | x_R02_EXIT_D | x_R03_EXIT_C | x_R04_EXIT_B | x_R05_EXIT_A | x_R06_EXIT_STAIRWELL | x_R07_EXIT_B | x_R08_EXIT_B | x_R09_EXIT_STAIRWELL | x_R10_EXIT_STAIRWELL | x_R11_EXIT_C | x_R12_EXIT_STAIRWELL | x_R13_EXIT_STAIRWELL | x_R14_EXIT_D | x_R15_EXIT_G | x_R16_EXIT_F | x_R20_EXIT_E | x_R24_EXIT_H | x_R25_EXIT_B | x_R28_EXIT_G | x_R29_EXIT_B | x_R30_EXIT_B | x_R31_EXIT_STAIRWELL | x_R32_EXIT_E | x_R33_EXIT_C | x_R34_EXIT_H | x_R35_EXIT_E | x_R36_EXIT_B
356,0.8059756923001373,1,True,0,28,x_R01_EXIT_A | x_R02_EXIT_A | x_R03_EXIT_F | x_R04_EXIT_D | x_R05_EXIT_B | x_R06_EXIT_STAIRWELL | x_R07_EXIT_A | x_R08_EXIT_B | x_R09_EXIT_STAIRWELL | x_R10_EXIT_STAIRWELL | x_R11_EXIT_F | x_R12_EXIT_B | x_R13_EXIT_D | x_R14_EXIT_STAIRWELL | x_R15_EXIT_C | x_R16_EXIT_STAIRWELL | x_R20_EXIT_E | x_R24_EXIT_STAIRWELL | x_R25_EXIT_STAIRWELL | x_R28_EXIT_F | x_R29_EXIT_B | x_R30_EXIT_E | x_R31_EXIT_H | x_R32_EXIT_C | x_R33_EXIT_C | x_R34_EXIT_B | x_R35_EXIT_E | x_R36_EXIT_B
357,0.8061535896029568,1,True,0,28,x_R01_EXIT_H | x_R02_EXIT_C | x_R03_EXIT_D | x_R04_EXIT_B | x_R05_EXIT_A | x_R06_EXIT_C | x_R07_EXIT_A | x_R08_EXIT_H | x_R09_EXIT_STAIRWELL | x_R10_EXIT_C | x_R11_EXIT_E | x_R12_EXIT_D | x_R13_EXIT_G | x_R14_EXIT_F | x_R15_EXIT_H | x_R16_EXIT_G | x_R20_EXIT_STAIRWELL | x_R24_EXIT_A | x_R25_EXIT_A | x_R28_EXIT_H | x_R29_EXIT_F | x_R30_EXIT_D | x_R31_EXIT_C | x_R32_EXIT_F | x_R33_EXIT_STAIRWELL | x_R34_EXIT_A | x_R35_EXIT_F | x_R36_EXIT_H
358,0.8061645949711647,1,True,0,28,x_R01_EXIT_STAIRWELL | x_R02_EXIT_H | x_R03_EXIT_C | x_R04_EXIT_E | x_R05_EXIT_F | x_R06_EXIT_B | x_R07_EXIT_A | x_R08_EXIT_E | x_R09_EXIT_A | x_R10_EXIT_STAIRWELL | x_R11_EXIT_B | x_R12_EXIT_B | x_R13_EXIT_B | x_R14_EXIT_D | x_R15_EXIT_F | x_R16_EXIT_D | x_R20_EXIT_B | x_R24_EXIT_C | x_R25_EXIT_B | x_R28_EXIT_C | x_R29_EXIT_E | x_R30_EXIT_D | x_R31_EXIT_D | x_R32_EXIT_STAIRWELL | x_R33_EXIT_G | x_R34_EXIT_G | x_R35_EXIT_B | x_R36_EXIT_F
359,0.8069000460220082,1,True,0,28,x_R01_EXIT_F | x_R02_EXIT_C | x_R03_EXIT_D | x_R04_EXIT_STAIRWELL | x_R05_EXIT_E | x_R06_EXIT_A | x_R07_EXIT_D | x_R08_EXIT_G | x_R09_EXIT_H | x_R10_EXIT_A | x_R11_EXIT_D | x_R12_EXIT_B | x_R13_EXIT_H | x_R14_EXIT_B | x_R15_EXIT_B | x_R16_EXIT_A | x_R20_EXIT_A | x_R24_EXIT_D | x_R25_EXIT_F | x_R28_EXIT_C | x_R29_EXIT_B | x_R30_EXIT_G | x_R31_EXIT_D | x_R32_EXIT_H | x_R33_EXIT_H | x_R34_EXIT_F | x_R35_EXIT_A | x_R36_EXIT_F
360,0.8069338987972401,1,True,0,28,x_R01_EXIT_D | x_R02_EXIT_B | x_R03_EXIT_B | x_R04_EXIT_A | x_R05_EXIT_C | x_R06_EXIT_F | x_R07_EXIT_F | x_R08_EXIT_H | x_R09_EXIT_B | x_R10_EXIT_H | x_R11_EXIT_C | x_R12_EXIT_G | x_R13_EXIT_G | x_R14_EXIT_H | x_R15_EXIT_STAIRWELL | x_R16_EXIT_A | x_R20_EXIT_H | x_R24_EXIT_B | x_R25_EXIT_G | x_R28_EXIT_E | x_R29_EXIT_STAIRWELL | x_R30_EXIT_H | x_R31_EXIT_B | x_R32_EXIT_C | x_R33_EXIT_H | x_R34_EXIT_E | x_R35_EXIT_H | x_R36_EXIT_G
361,0.8073185371458749,1,True,0,28,x_R01_EXIT_G | x_R02_EXIT_F | x_R03_EXIT_C | x_R04_EXIT_F | x_R05_EXIT_D | x_R06_EXIT_H | x_R07_EXIT_A | x_R08_EXIT_C | x_R09_EXIT_C | x_R10_EXIT_A | x_R11_EXIT_G | x_R12_EXIT_C | x_R13_EXIT_H | x_R14_EXIT_STAIRWELL | x_R15_EXIT_H | x_R16_EXIT_STAIRWELL | x_R20_EXIT_E | x_R24_EXIT_D | x_R25_EXIT_STAIRWELL | x_R28_EXIT_F | x_R29_EXIT_G | x_R30_EXIT_STAIRWELL | x_R31_EXIT_D | x_R32_EXIT_F | x_R33_EXIT_G | x_R34_EXIT_STAIRWELL | x_R35_EXIT_STAIRWELL | x_R36_EXIT_D
362,0.807466964620005,1,True,0,28,x_R01_EXIT_E | x_R02_EXIT_STAIRWELL | x_R03_EXIT_F | x_R04_EXIT_STAIRWELL | x_R05_EXIT_F | x_R06_EXIT_G | x_R07_EXIT_STAIRWELL | x_R08_EXIT_H | x_R09_EXIT_H | x_R10_EXIT_C | x_R11_EXIT_E | x_R12_EXIT_G | x_R13_EXIT_D | x_R14_EXIT_A | x_R15_EXIT_C | x_R16_EXIT_STAIRWELL | x_R20_EXIT_F | x_R24_EXIT_F | x_R25_EXIT_C | x_R28_EXIT_STAIRWELL | x_R29_EXIT_D | x_R30_EXIT_D | x_R31_EXIT_F | x_R32_EXIT_F | x_R33_EXIT_G | x_R34_EXIT_D | x_R35_EXIT_D | x_R36_EXIT_STAIRWELL
363,0.8075441836996333,1,True,0,28,x_R01_EXIT_G | x_R02_EXIT_A | x_R03_EXIT_C | x_R04_EXIT_G | x_R05_EXIT_F | x_R06_EXIT_B | x_R07_EXIT_A | x_R08_EXIT_C | x_R09_EXIT_F | x_R10_EXIT_D | x_R11_EXIT_H | x_R12_EXIT_STAIRWELL | x_R13_EXIT_C | x_R14_EXIT_D | x_R15_EXIT_F | x_R16_EXIT_STAIRWELL | x_R20_EXIT_C | x_R24_EXIT_F | x_R25_EXIT_C | x_R28_EXIT_E | x_R29_EXIT_STAIRWELL | x_R30_EXIT_STAIRWELL | x_R31_EXIT_E | x_R32_EXIT_D | x_R33_EXIT_D | x_R34_EXIT_A | x_R35_EXIT_A | x_R36_EXIT_A
364,0.8076512155374189,1,True,0,28,x_R01_EXIT_H | x_R02_EXIT_H | x_R03_EXIT_G | x_R04_EXIT_H | x_R05_EXIT_F | x_R06_EXIT_C | x_R07_EXIT_C | x_R08_EXIT_F | x_R09_EXIT_G | x_R10_EXIT_C | x_R11_EXIT_E | x_R12_EXIT_D | x_R13_EXIT_A | x_R14_EXIT_G | x_R15_EXIT_E | x_R16_EXIT_B | x_R20_EXIT_STAIRWELL | x_R24_EXIT_E | x_R25_EXIT_A | x_R28_EXIT_STAIRWELL | x_R29_EXIT_C | x_R30_EXIT_B | x_R31_EXIT_G | x_R32_EXIT_A | x_R33_EXIT_E | x_R34_EXIT_B | x_R35_EXIT_C | x_R36_EXIT_H
365,0.8079304564592462,1,True,0,28,x_R01_EXIT_H | x_R02_EXIT_H | x_R03_EXIT_C | x_R04_EXIT_E | x_R05_EXIT_B | x_R06_EXIT_A | x_R07_EXIT_A | x_R08_EXIT_B | x_R09_EXIT_H | x_R10_EXIT_E | x_R11_EXIT_B | x_R12_EXIT_B | x_R13_EXIT_E | x_R14_EXIT_D | x_R15_EXIT_F | x_R16_EXIT_H | x_R20_EXIT_C | x_R24_EXIT_B | x_R25_EXIT_E | x_R28_EXIT_G | x_R29_EXIT_D | x_R30_EXIT_H | x_R31_EXIT_F | x_R32_EXIT_C | x_R33_EXIT_STAIRWELL | x_R34_EXIT_STAIRWELL | x_R35_EXIT_G | x_R36_EXIT_B
366,0.8080192660969487,1,True,0,28,x_R01_EXIT_F | x_R02_EXIT_C | x_R03_EXIT_C | x_R04_EXIT_A | x_R05_EXIT_A | x_R06_EXIT_D | x_R07_EXIT_B | x_R08_EXIT_F | x_R09_EXIT_C | x_R10_EXIT_A | x_R11_EXIT_F | x_R12_EXIT_H | x_R13_EXIT_E | x_R14_EXIT_D | x_R15_EXIT_E | x_R16_EXIT_G | x_R20_EXIT_H | x_R24_EXIT_F | x_R25_EXIT_A | x_R28_EXIT_E | x_R29_EXIT_G | x_R30_EXIT_G | x_R31_EXIT_F | x_R32_EXIT_D | x_R33_EXIT_H | x_R34_EXIT_D | x_R35_EXIT_H | x_R36_EXIT_STAIRWELL
367,0.8081420317388961,1,True,0,28,x_R01_EXIT_E | x_R02_EXIT_F | x_R03_EXIT_H | x_R04_EXIT_H | x_R05_EXIT_STAIRWELL | x_R06_EXIT_B | x_R07_EXIT_C | x_R08_EXIT_A | x_R09_EXIT_E | x_R10_EXIT_E | x_R11_EXIT_A | x_R12_EXIT_H | x_R13_EXIT_G | x_R14_EXIT_C | x_R15_EXIT_D | x_R16_EXIT_STAIRWELL | x_R20_EXIT_F | x_R24_EXIT_F | x_R25_EXIT_A | x_R28_EXIT_F | x_R29_EXIT_F | x_R30_EXIT_F | x_R31_EXIT_C | x_R32_EXIT_F | x_R33_EXIT_F | x_R34_EXIT_A | x_R35_EXIT_B | x_R36_EXIT_G
368,0.8088144586623685,1,True,0,28,x_R01_EXIT_D | x_R02_EXIT_A | x_R03_EXIT_D | x_R04_EXIT_C | x_R05_EXIT_G | x_R06_EXIT_B | x_R07_EXIT_B | x_R08_EXIT_D | x_R09_EXIT_B | x_R10_EXIT_C | x_R11_EXIT_D | x_R12_EXIT_D | x_R13_EXIT_G | x_R14_EXIT_G | x_R15_EXIT_D | x_R16_EXIT_F | x_R20_EXIT_H | x_R24_EXIT_F | x_R25_EXIT_B | x_R28_EXIT_D | x_R29_EXIT_A | x_R30_EXIT_A | x_R31_EXIT_STAIRWELL | x_R32_EXIT_G | x_R33_EXIT_A | x_R34_EXIT_E | x_R35_EXIT_D | x_R36_EXIT_H
369,0.8089648072464115,1,True,0,28,x_R01_EXIT_D | x_R02_EXIT_G | x_R03_EXIT_H | x_R04_EXIT_B | x_R05_EXIT_G | x_R06_EXIT_C | x_R07_EXIT_F | x_R08_EXIT_H | x_R09_EXIT_B | x_R10_EXIT_B | x_R11_EXIT_A | x_R12_EXIT_E | x_R13_EXIT_C | x_R14_EXIT_STAIRWELL | x_R15_EXIT_D | x_R16_EXIT_B | x_R20_EXIT_B | x_R24_EXIT_E | x_R25_EXIT_C | x_R28_EXIT_E | x_R29_EXIT_D | x_R30_EXIT_H | x_R31_EXIT_C | x_R32_EXIT_F | x_R33_EXIT_D | x_R34_EXIT_G | x_R35_EXIT_D | x_R36_EXIT_STAIRWELL
370,0.8090851442676694,1,True,0,28,x_R01_EXIT_G | x_R02_EXIT_C | x_R03_EXIT_A | x_R04_EXIT_H | x_R05_EXIT_C | x_R06_EXIT_D | x_R07_EXIT_STAIRWELL | x_R08_EXIT_C | x_R09_EXIT_C | x_R10_EXIT_D | x_R11_EXIT_H | x_R12_EXIT_C | x_R13_EXIT_F | x_R14_EXIT_B | x_R15_EXIT_H | x_R16_EXIT_F | x_R20_EXIT_F | x_R24_EXIT_E | x_R25_EXIT_STAIRWELL | x_R28_EXIT_D | x_R29_EXIT_B | x_R30_EXIT_F | x_R31_EXIT_G | x_R32_EXIT_STAIRWELL | x_R33_EXIT_A | x_R34_EXIT_D | x_R35_EXIT_G | x_R36_EXIT_H
371,0.8092084848702257,1,True,0,28,x_R01_EXIT_A | x_R02_EXIT_A | x_R03_EXIT_B | x_R04_EXIT_STAIRWELL | x_R05_EXIT_G | x_R06_EXIT_F | x_R07_EXIT_E | x_R08_EXIT_C | x_R09_EXIT_D | x_R10_EXIT_E | x_R11_EXIT_B | x_R12_EXIT_G | x_R13_EXIT_F | x_R14_EXIT_A | x_R15_EXIT_F | x_R16_EXIT_A | x_R20_EXIT_F | x_R24_EXIT_B | x_R25_EXIT_B | x_R28_EXIT_D | x_R29_EXIT_G | x_R30_EXIT_F | x_R31_EXIT_STAIRWELL | x_R32_EXIT_D | x_R33_EXIT_H | x_R34_EXIT_G | x_R35_EXIT_H | x_R36_EXIT_E
372,0.8094973415638265,1,True,0,28,x_R01_EXIT_F | x_R02_EXIT_C | x_R03_EXIT_H | x_R04_EXIT_B | x_R05_EXIT_E | x_R06_EXIT_F | x_R07_EXIT_G | x_R08_EXIT_E | x_R09_EXIT_STAIRWELL | x_R10_EXIT_C | x_R11_EXIT_E | x_R12_EXIT_B | x_R13_EXIT_G | x_R14_EXIT_A | x_R15_EXIT_G | x_R16_EXIT_H | x_R20_EXIT_A | x_R24_EXIT_D | x_R25_EXIT_F | x_R28_EXIT_C | x_R29_EXIT_G | x_R30_EXIT_F | x_R31_EXIT_H | x_R32_EXIT_F | x_R33_EXIT_G | x_R34_EXIT_E | x_R35_EXIT_B | x_R36_EXIT_A
373,0.8095214431038471,1,True,0,28,x_R01_EXIT_F | x_R02_EXIT_D | x_R03_EXIT_B | x_R04_EXIT_D | x_R05_EXIT_F | x_R06_EXIT_E | x_R07_EXIT_STAIRWELL | x_R08_EXIT_A | x_R09_EXIT_STAIRWELL | x_R10_EXIT_E | x_R11_EXIT_F | x_R12_EXIT_C | x_R13_EXIT_B | x_R14_EXIT_STAIRWELL | x_R15_EXIT_STAIRWELL | x_R16_EXIT_H | x_R20_EXIT_C | x_R24_EXIT_G | x_R25_EXIT_B | x_R28_EXIT_STAIRWELL | x_R29_EXIT_STAIRWELL | x_R30_EXIT_D | x_R31_EXIT_E | x_R32_EXIT_B | x_R33_EXIT_A | x_R34_EXIT_E | x_R35_EXIT_A | x_R36_EXIT_H
374,0.8095248928390788,1,True,0,28,x_R01_EXIT_F | x_R02_EXIT_E | x_R03_EXIT_B | x_R04_EXIT_B | x_R05_EXIT_A | x_R06_EXIT_E | x_R07_EXIT_F | x_R08_EXIT_D | x_R09_EXIT_H | x_R10_EXIT_G | x_R11_EXIT_F | x_R12_EXIT_E | x_R13_EXIT_A | x_R14_EXIT_STAIRWELL | x_R15_EXIT_H | x_R16_EXIT_STAIRWELL | x_R20_EXIT_F | x_R24_EXIT_STAIRWELL | x_R25_EXIT_A | x_R28_EXIT_E | x_R29_EXIT_H | x_R30_EXIT_G | x_R31_EXIT_F | x_R32_EXIT_B | x_R33_EXIT_D | x_R34_EXIT_E | x_R35_EXIT_B | x_R36_EXIT_D
375,0.8096031662566361,1,True,0,28,x_R01_EXIT_B | x_R02_EXIT_H | x_R03_EXIT_D | x_R04_EXIT_B | x_R05_EXIT_G | x_R06_EXIT_A | x_R07_EXIT_D | x_R08_EXIT_STAIRWELL | x_R09_EXIT_H | x_R10_EXIT_D | x_R11_EXIT_G | x_R12_EXIT_C | x_R13_EXIT_G | x_R14_EXIT_H | x_R15_EXIT_H | x_R16_EXIT_B | x_R20_EXIT_H | x_R24_EXIT_STAIRWELL | x_R25_EXIT_STAIRWELL | x_R28_EXIT_C | x_R29_EXIT_STAIRWELL | x_R30_EXIT_C | x_R31_EXIT_F | x_R32_EXIT_STAIRWELL | x_R33_EXIT_C | x_R34_EXIT_C | x_R35_EXIT_STAIRWELL | x_R36_EXIT_G
376,0.8096212085513343,1,True,0,28,x_R01_EXIT_A | x_R02_EXIT_G | x_R03_EXIT_G | x_R04_EXIT_C | x_R05_EXIT_C | x_R06_EXIT_B | x_R07_EXIT_C | x_R08_EXIT_E | x_R09_EXIT_B | x_R10_EXIT_E | x_R11_EXIT_H | x_R12_EXIT_G | x_R13_EXIT_F | x_R14_EXIT_A | x_R15_EXIT_H | x_R16_EXIT_A | x_R20_EXIT_A | x_R24_EXIT_E | x_R25_EXIT_STAIRWELL | x_R28_EXIT_D | x_R29_EXIT_G | x_R30_EXIT_D | x_R31_EXIT_D | x_R32_EXIT_STAIRWELL | x_R33_EXIT_STAIRWELL | x_R34_EXIT_C | x_R35_EXIT_F | x_R36_EXIT_H
377,0.8097024344286865,1,True,0,28,x_R01_EXIT_STAIRWELL | x_R02_EXIT_B | x_R03_EXIT_H | x_R04_EXIT_B | x_R05_EXIT_F | x_R06_EXIT_A | x_R07_EXIT_STAIRWELL | x_R08_EXIT_H | x_R09_EXIT_D | x_R10_EXIT_F | x_R11_EXIT_G | x_R12_EXIT_E | x_R13_EXIT_H | x_R14_EXIT_C | x_R15_EXIT_A | x_R16_EXIT_F | x_R20_EXIT_E | x_R24_EXIT_H | x_R25_EXIT_G | x_R28_EXIT_D | x_R29_EXIT_A | x_R30_EXIT_STAIRWELL | x_R31_EXIT_D | x_R32_EXIT_F | x_R33_EXIT_F | x_R34_EXIT_E | x_R35_EXIT_H | x_R36_EXIT_A
378,0.8098150282372103,1,True,0,28,x_R01_EXIT_C | x_R02_EXIT_H | x_R03_EXIT_G | x_R04_EXIT_H | x_R05_EXIT_STAIRWELL | x_R06_EXIT_C | x_R07_EXIT_H | x_R08_EXIT_A | x_R09_EXIT_G | x_R10_EXIT_H | x_R11_EXIT_H | x_R12_EXIT_H | x_R13_EXIT_H | x_R14_EXIT_STAIRWELL | x_R15_EXIT_F | x_R16_EXIT_B | x_R20_EXIT_A | x_R24_EXIT_G | x_R25_EXIT_C | x_R28_EXIT_G | x_R29_EXIT_F | x_R30_EXIT_E | x_R31_EXIT_A | x_R32_EXIT_H | x_R33_EXIT_E | x_R34_EXIT_A | x_R35_EXIT_D | x_R36_EXIT_F
379,0.8099363761574523,1,True,0,28,x_R01_EXIT_F | x_R02_EXIT_B | x_R03_EXIT_D | x_R04_EXIT_G | x_R05_EXIT_D | x_R06_EXIT_STAIRWELL | x_R07_EXIT_A | x_R08_EXIT_G | x_R09_EXIT_A | x_R10_EXIT_B | x_R11_EXIT_E | x_R12_EXIT_B | x_R13_EXIT_C | x_R14_EXIT_A | x_R15_EXIT_H | x_R16_EXIT_H | x_R20_EXIT_C | x_R24_EXIT_C | x_R25_EXIT_E | x_R28_EXIT_E | x_R29_EXIT_B | x_R30_EXIT_STAIRWELL | x_R31_EXIT_G | x_R32_EXIT_C | x_R33_EXIT_E | x_R34_EXIT_E | x_R35_EXIT_F | x_R36_EXIT_STAIRWELL
380,0.8099964708358698,1,True,0,28,x_R01_EXIT_C | x_R02_EXIT_A | x_R03_EXIT_F | x_R04_EXIT_A | x_R05_EXIT_C | x_R06_EXIT_E | x_R07_EXIT_C | x_R08_EXIT_G | x_R09_EXIT_E | x_R10_EXIT_B | x_R11_EXIT_H | x_R12_EXIT_D | x_R13_EXIT_E | x_R14_EXIT_E | x_R15_EXIT_A | x_R16_EXIT_STAIRWELL | x_R20_EXIT_G | x_R24_EXIT_D | x_R25_EXIT_D | x_R28_EXIT_G | x_R29_EXIT_E | x_R30_EXIT_G | x_R31_EXIT_A | x_R32_EXIT_H | x_R33_EXIT_B | x_R34_EXIT_H | x_R35_EXIT_C | x_R36_EXIT_G
381,0.81003420005095,1,True,0,28,x_R01_EXIT_C | x_R02_EXIT_E | x_R03_EXIT_STAIRWELL | x_R04_EXIT_G | x_R05_EXIT_C | x_R06_EXIT_D | x_R07_EXIT_E | x_R08_EXIT_A | x_R09_EXIT_C | x_R10_EXIT_F | x_R11_EXIT_B | x_R12_EXIT_H | x_R13_EXIT_C | x_R14_EXIT_A | x_R15_EXIT_G | x_R16_EXIT_E | x_R20_EXIT_C | x_R24_EXIT_STAIRWELL | x_R25_EXIT_C | x_R28_EXIT_F | x_R29_EXIT_H | x_R30_EXIT_C | x_R31_EXIT_F | x_R32_EXIT_D | x_R33_EXIT_H | x_R34_EXIT_E | x_R35_EXIT_C | x_R36_EXIT_A
382,0.8101529691197129,1,True,0,28,x_R01_EXIT_B | x_R02_EXIT_H | x_R03_EXIT_H | x_R04_EXIT_G | x_R05_EXIT_H | x_R06_EXIT_C | x_R07_EXIT_C | x_R08_EXIT_H | x_R09_EXIT_C | x_R10_EXIT_D | x_R11_EXIT_D | x_R12_EXIT_D | x_R13_EXIT_C | x_R14_EXIT_C | x_R15_EXIT_F | x_R16_EXIT_H | x_R20_EXIT_B | x_R24_EXIT_B | x_R25_EXIT_D | x_R28_EXIT_STAIRWELL | x_R29_EXIT_H | x_R30_EXIT_E | x_R31_EXIT_C | x_R32_EXIT_A | x_R33_EXIT_B | x_R34_EXIT_STAIRWELL | x_R35_EXIT_STAIRWELL | x_R36_EXIT_A
383,0.8101728522884741,1,True,0,28,x_R01_EXIT_STAIRWELL | x_R02_EXIT_D | x_R03_EXIT_B | x_R04_EXIT_STAIRWELL | x_R05_EXIT_A | x_R06_EXIT_E | x_R07_EXIT_D | x_R08_EXIT_C | x_R09_EXIT_A | x_R10_EXIT_A | x_R11_EXIT_H | x_R12_EXIT_B | x_R13_EXIT_A | x_R14_EXIT_A | x_R15_EXIT_A | x_R16_EXIT_G | x_R20_EXIT_F | x_R24_EXIT_H | x_R25_EXIT_E | x_R28_EXIT_STAIRWELL | x_R29_EXIT_STAIRWELL | x_R30_EXIT_C | x_R31_EXIT_B | x_R32_EXIT_C | x_R33_EXIT_A | x_R34_EXIT_STAIRWELL | x_R35_EXIT_B | x_R36_EXIT_H
384,0.8101942487418228,1,True,0,28,x_R01_EXIT_STAIRWELL | x_R02_EXIT_A | x_R03_EXIT_A | x_R04_EXIT_D | x_R05_EXIT_E | x_R06_EXIT_D | x_R07_EXIT_A | x_R08_EXIT_A | x_R09_EXIT_A | x_R10_EXIT_H | x_R11_EXIT_A | x_R12_EXIT_STAIRWELL | x_R13_EXIT_E | x_R14_EXIT_G | x_R15_EXIT_E | x_R16_EXIT_D | x_R20_EXIT_A | x_R24_EXIT_G | x_R25_EXIT_B | x_R28_EXIT_F | x_R29_EXIT_E | x_R30_EXIT_STAIRWELL | x_R31_EXIT_A | x_R32_EXIT_D | x_R33_EXIT_E | x_R34_EXIT_B | x_R35_EXIT_STAIRWELL | x_R36_EXIT_B
385,0.8105885846533738,1,True,0,28,x_R01_EXIT_C | x_R02_EXIT_STAIRWELL | x_R03_EXIT_STAIRWELL | x_R04_EXIT_A | x_R05_EXIT_H | x_R06_EXIT_A | x_R07_EXIT_A | x_R08_EXIT_D | x_R09_EXIT_F | x_R10_EXIT_C | x_R11_EXIT_G | x_R12_EXIT_STAIRWELL | x_R13_EXIT_C | x_R14_EXIT_A | x_R15_EXIT_D | x_R16_EXIT_A | x_R20_EXIT_D | x_R24_EXIT_F | x_R25_EXIT_F | x_R28_EXIT_H | x_R29_EXIT_B | x_R30_EXIT_G | x_R31_EXIT_STAIRWELL | x_R32_EXIT_F | x_R33_EXIT_G | x_R34_EXIT_F | x_R35_EXIT_E | x_R36_EXIT_STAIRWELL
386,0.8106447476436642,1,True,0,28,x_R01_EXIT_B | x_R02_EXIT_F | x_R03_EXIT_E | x_R04_EXIT_B | x_R05_EXIT_C | x_R06_EXIT_F | x_R07_EXIT_H | x_R08_EXIT_C | x_R09_EXIT_D | x_R10_EXIT_F | x_R11_EXIT_STAIRWELL | x_R12_EXIT_D | x_R13_EXIT_F | x_R14_EXIT_E | x_R15_EXIT_E | x_R16_EXIT_G | x_R20_EXIT_C | x_R24_EXIT_G | x_R25_EXIT_STAIRWELL | x_R28_EXIT_G | x_R29_EXIT_C | x_R30_EXIT_D | x_R31_EXIT_H | x_R32_EXIT_C | x_R33_EXIT_F | x_R34_EXIT_F | x_R35_EXIT_H | x_R36_EXIT_STAIRWELL
387,0.8107304060303022,1,True,0,28,x_R01_EXIT_H | x_R02_EXIT_G | x_R03_EXIT_C | x_R04_EXIT_H | x_R05_EXIT_C | x_R06_EXIT_B | x_R07_EXIT_F | x_R08_EXIT_D | x_R09_EXIT_F | x_R10_EXIT_A | x_R11_EXIT_F | x_R12_EXIT_E | x_R13_EXIT_B | x_R14_EXIT_C | x_R15_EXIT_B | x_R16_EXIT_STAIRWELL | x_R20_EXIT_F | x_R24_EXIT_F | x_R25_EXIT_D | x_R28_EXIT_E | x_R29_EXIT_D | x_R30_EXIT_D | x_R31_EXIT_STAIRWELL | x_R32_EXIT_H | x_R33_EXIT_B | x_R34_EXIT_H | x_R35_EXIT_STAIRWELL | x_R36_EXIT_STAIRWELL
388,0.810801601644016,1,True,0,28,x_R01_EXIT_C | x_R02_EXIT_C | x_R03_EXIT_C | x_R04_EXIT_G | x_R05_EXIT_H | x_R06_EXIT_A | x_R07_EXIT_E | x_R08_EXIT_D | x_R09_EXIT_F | x_R10_EXIT_G | x_R11_EXIT_STAIRWELL | x_R12_EXIT_A | x_R13_EXIT_F | x_R14_EXIT_A | x_R15_EXIT_H | x_R16_EXIT_H | x_R20_EXIT_F | x_R24_EXIT_F | x_R25_EXIT_A | x_R28_EXIT_G | x_R29_EXIT_D | x_R30_EXIT_E | x_R31_EXIT_F | x_R32_EXIT_C | x_R33_EXIT_F | x_R34_EXIT_E | x_R35_EXIT_E | x_R36_EXIT_STAIRWELL
389,0.8109603067428566,1,True,0,28,x_R01_EXIT_G | x_R02_EXIT_A | x_R03_EXIT_C | x_R04_EXIT_D | x_R05_EXIT_F | x_R06_EXIT_F | x_R07_EXIT_B | x_R08_EXIT_H | x_R09_EXIT_G | x_R10_EXIT_B | x_R11_EXIT_H | x_R12_EXIT_E | x_R13_EXIT_STAIRWELL | x_R14_EXIT_B | x_R15_EXIT_B | x_R16_EXIT_G | x_R20_EXIT_A | x_R24_EXIT_B | x_R25_EXIT_D | x_R28_EXIT_H | x_R29_EXIT_STAIRWELL | x_R30_EXIT_H | x_R31_EXIT_G | x_R32_EXIT_E | x_R33_EXIT_D | x_R34_EXIT_F | x_R35_EXIT_H | x_R36_EXIT_D
390,0.8110628258414181,1,True,0,28,x_R01_EXIT_H | x_R02_EXIT_H | x_R03_EXIT_F | x_R04_EXIT_H | x_R05_EXIT_E | x_R06_EXIT_A | x_R07_EXIT_E | x_R08_EXIT_A | x_R09_EXIT_A | x_R10_EXIT_F | x_R11_EXIT_E | x_R12_EXIT_STAIRWELL | x_R13_EXIT_A | x_R14_EXIT_D | x_R15_EXIT_C | x_R16_EXIT_F | x_R20_EXIT_D | x_R24_EXIT_B | x_R25_EXIT_STAIRWELL | x_R28_EXIT_F | x_R29_EXIT_E | x_R30_EXIT_C | x_R31_EXIT_F | x_R32_EXIT_F | x_R33_EXIT_E | x_R34_EXIT_G | x_R35_EXIT_A | x_R36_EXIT_E
391,0.8110668821888112,1,True,0,28,x_R01_EXIT_D | x_R02_EXIT_STAIRWELL | x_R03_EXIT_H | x_R04_EXIT_E | x_R05_EXIT_E | x_R06_EXIT_C | x_R07_EXIT_B | x_R08_EXIT_F | x_R09_EXIT_F | x_R10_EXIT_C | x_R11_EXIT_STAIRWELL | x_R12_EXIT_E | x_R13_EXIT_B | x_R14_EXIT_D | x_R15_EXIT_D | x_R16_EXIT_STAIRWELL | x_R20_EXIT_H | x_R24_EXIT_G | x_R25_EXIT_D | x_R28_EXIT_F | x_R29_EXIT_STAIRWELL | x_R30_EXIT_STAIRWELL | x_R31_EXIT_C | x_R32_EXIT_D | x_R33_EXIT_D | x_R34_EXIT_STAIRWELL | x_R35_EXIT_F | x_R36_EXIT_B
392,0.811103829980766,1,True,0,28,x_R01_EXIT_B | x_R02_EXIT_D | x_R03_EXIT_D | x_R04_EXIT_C | x_R05_EXIT_H | x_R06_EXIT_STAIRWELL | x_R07_EXIT_F | x_R08_EXIT_G | x_R09_EXIT_E | x_R10_EXIT_C | x_R11_EXIT_D | x_R12_EXIT_A | x_R13_EXIT_H | x_R14_EXIT_STAIRWELL | x_R15_EXIT_B | x_R16_EXIT_G | x_R20_EXIT_D | x_R24_EXIT_B | x_R25_EXIT_F | x_R28_EXIT_C | x_R29_EXIT_F | x_R30_EXIT_F | x_R31_EXIT_F | x_R32_EXIT_STAIRWELL | x_R33_EXIT_STAIRWELL | x_R34_EXIT_C | x_R35_EXIT_C | x_R36_EXIT_D
393,0.8112375386608051,1,True,0,28,x_R01_EXIT_H | x_R02_EXIT_A | x_R03_EXIT_F | x_R04_EXIT_B | x_R05_EXIT_A | x_R06_EXIT_E | x_R07_EXIT_C | x_R08_EXIT_D | x_R09_EXIT_E | x_R10_EXIT_C | x_R11_EXIT_C | x_R12_EXIT_E | x_R13_EXIT_A | x_R14_EXIT_C | x_R15_EXIT_D | x_R16_EXIT_G | x_R20_EXIT_STAIRWELL | x_R24_EXIT_B | x_R25_EXIT_G | x_R28_EXIT_F | x_R29_EXIT_D | x_R30_EXIT_A | x_R31_EXIT_D | x_R32_EXIT_H | x_R33_EXIT_G | x_R34_EXIT_E | x_R35_EXIT_B | x_R36_EXIT_E
394,0.8114292675437582,1,True,0,28,x_R01_EXIT_STAIRWELL | x_R02_EXIT_A | x_R03_EXIT_B | x_R04_EXIT_A | x_R05_EXIT_D | x_R06_EXIT_STAIRWELL | x_R07_EXIT_STAIRWELL | x_R08_EXIT_C | x_R09_EXIT_C | x_R10_EXIT_D | x_R11_EXIT_E | x_R12_EXIT_B | x_R13_EXIT_B | x_R14_EXIT_F | x_R15_EXIT_H | x_R16_EXIT_D | x_R20_EXIT_C | x_R24_EXIT_A | x_R25_EXIT_A | x_R28_EXIT_D | x_R29_EXIT_C | x_R30_EXIT_G | x_R31_EXIT_A | x_R32_EXIT_G | x_R33_EXIT_C | x_R34_EXIT_E | x_R35_EXIT_A | x_R36_EXIT_G
395,0.8117567626745767,1,True,0,28,x_R01_EXIT_D | x_R02_EXIT_A | x_R03_EXIT_B | x_R04_EXIT_D | x_R05_EXIT_E | x_R06_EXIT_C | x_R07_EXIT_B | x_R08_EXIT_C | x_R09_EXIT_STAIRWELL | x_R10_EXIT_C | x_R11_EXIT_E | x_R12_EXIT_G | x_R13_EXIT_H | x_R14_EXIT_G | x_R15_EXIT_A | x_R16_EXIT_D | x_R20_EXIT_G | x_R24_EXIT_STAIRWELL | x_R25_EXIT_B | x_R28_EXIT_E | x_R29_EXIT_A | x_R30_EXIT_C | x_R31_EXIT_STAIRWELL | x_R32_EXIT_D | x_R33_EXIT_STAIRWELL | x_R34_EXIT_G | x_R35_EXIT_E | x_R36_EXIT_G
396,0.8119205017937929,1,True,0,28,x_R01_EXIT_G | x_R02_EXIT_C | x_R03_EXIT_B | x_R04_EXIT_B | x_R05_EXIT_E | x_R06_EXIT_C | x_R07_EXIT_G | x_R08_EXIT_C | x_R09_EXIT_B | x_R10_EXIT_B | x_R11_EXIT_A | x_R12_EXIT_B | x_R13_EXIT_H | x_R14_EXIT_STAIRWELL | x_R15_EXIT_STAIRWELL | x_R16_EXIT_F | x_R20_EXIT_C | x_R24_EXIT_STAIRWELL | x_R25_EXIT_G | x_R28_EXIT_C | x_R29_EXIT_B | x_R30_EXIT_E | x_R31_EXIT_F | x_R32_EXIT_B | x_R33_EXIT_D | x_R34_EXIT_B | x_R35_EXIT_C | x_R36_EXIT_B
397,0.8119765717793825,1,True,0,28,x_R01_EXIT_E | x_R02_EXIT_B | x_R03_EXIT_F | x_R04_EXIT_B | x_R05_EXIT_F | x_R06_EXIT_A | x_R07_EXIT_D | x_R08_EXIT_C | x_R09_EXIT_F | x_R10_EXIT_C | x_R11_EXIT_F | x_R12_EXIT_A | x_R13_EXIT_STAIRWELL | x_R14_EXIT_F | x_R15_EXIT_D | x_R16_EXIT_G | x_R20_EXIT_H | x_R24_EXIT_A | x_R25_EXIT_STAIRWELL | x_R28_EXIT_E | x_R29_EXIT_C | x_R30_EXIT_STAIRWELL | x_R31_EXIT_G | x_R32_EXIT_E | x_R33_EXIT_C | x_R34_EXIT_F | x_R35_EXIT_F | x_R36_EXIT_STAIRWELL
398,0.8120826106154482,1,True,0,28,x_R01_EXIT_F | x_R02_EXIT_B | x_R03_EXIT_A | x_R04_EXIT_D | x_R05_EXIT_STAIRWELL | x_R06_EXIT_G | x_R07_EXIT_F | x_R08_EXIT_G | x_R09_EXIT_A | x_R10_EXIT_B | x_R11_EXIT_A | x_R12_EXIT_D | x_R13_EXIT_E | x_R14_EXIT_A | x_R15_EXIT_G | x_R16_EXIT_F | x_R20_EXIT_STAIRWELL | x_R24_EXIT_STAIRWELL | x_R25_EXIT_H | x_R28_EXIT_C | x_R29_EXIT_F | x_R30_EXIT_STAIRWELL | x_R31_EXIT_G | x_R32_EXIT_STAIRWELL | x_R33_EXIT_G | x_R34_EXIT_STAIRWELL | x_R35_EXIT_A | x_R36_EXIT_C
399,0.81211453816843,1,True,0,28,x_R01_EXIT_A | x_R02_EXIT_H | x_R03_EXIT_F | x_R04_EXIT_H | x_R05_EXIT_F | x_R06_EXIT_B | x_R07_EXIT_G | x_R08_EXIT_F | x_R09_EXIT_F | x_R10_EXIT_A | x_R11_EXIT_D | x_R12_EXIT_D | x_R13_EXIT_F | x_R14_EXIT_F | x_R15_EXIT_STAIRWELL | x_R16_EXIT_F | x_R20_EXIT_B | x_R24_EXIT_STAIRWELL | x_R25_EXIT_F | x_R28_EXIT_G | x_R29_EXIT_E | x_R30_EXIT_E | x_R31_EXIT_H | x_R32_EXIT_H | x_R33_EXIT_A | x_R34_EXIT_STAIRWELL | x_R35_EXIT_C | x_R36_EXIT_A
400,0.8122981134509928,1,True,0,28,x_R01_EXIT_G | x_R02_EXIT_H | x_R03_EXIT_E | x_R04_EXIT_C | x_R05_EXIT_STAIRWELL | x_R06_EXIT_D | x_R07_EXIT_D | x_R08_EXIT_A | x_R09_EXIT_C | x_R10_EXIT_B | x_R11_EXIT_A | x_R12_EXIT_STAIRWELL | x_R13_EXIT_F | x_R14_EXIT_H | x_R15_EXIT_H | x_R16_EXIT_F | x_R20_EXIT_D | x_R24_EXIT_E | x_R25_EXIT_H | x_R28_EXIT_D | x_R29_EXIT_STAIRWELL | x_R30_EXIT_G | x_R31_EXIT_A | x_R32_EXIT_G | x_R33_EXIT_F | x_R34_EXIT_H | x_R35_EXIT_F | x_R36_EXIT_B
401,0.8123793290976664,1,True,0,28,x_R01_EXIT_H | x_R02_EXIT_H | x_R03_EXIT_A | x_R04_EXIT_D | x_R05_EXIT_E | x_R06_EXIT_D | x_R07_EXIT_A | x_R08_EXIT_STAIRWELL | x_R09_EXIT_A | x_R10_EXIT_F | x_R11_EXIT_F | x_R12_EXIT_C | x_R13_EXIT_STAIRWELL | x_R14_EXIT_H | x_R15_EXIT_B | x_R16_EXIT_F | x_R20_EXIT_A | x_R24_EXIT_E | x_R25_EXIT_H | x_R28_EXIT_STAIRWELL | x_R29_EXIT_A | x_R30_EXIT_F | x_R31_EXIT_A | x_R32_EXIT_H | x_R33_EXIT_C | x_R34_EXIT_E | x_R35_EXIT_B | x_R36_EXIT_D
402,0.8129035810263758,1,True,0,28,x_R01_EXIT_B | x_R02_EXIT_A | x_R03_EXIT_H | x_R04_EXIT_STAIRWELL | x_R05_EXIT_G | x_R06_EXIT_C | x_R07_EXIT_A | x_R08_EXIT_H | x_R09_EXIT_D | x_R10_EXIT_H | x_R11_EXIT_D | x_R12_EXIT_F | x_R13_EXIT_G | x_R14_EXIT_G | x_R15_EXIT_F | x_R16_EXIT_B | x_R20_EXIT_E | x_R24_EXIT_B | x_R25_EXIT_E | x_R28_EXIT_B | x_R29_EXIT_D | x_R30_EXIT_B | x_R31_EXIT_A | x_R32_EXIT_STAIRWELL | x_R33_EXIT_STAIRWELL | x_R34_EXIT_F | x_R35_EXIT_B | x_R36_EXIT_A
403,0.8130209349304209,1,True,0,28,x_R01_EXIT_H | x_R02_EXIT_A | x_R03_EXIT_D | x_R04_EXIT_E | x_R05_EXIT_B | x_R06_EXIT_B | x_R07_EXIT_B | x_R08_EXIT_B | x_R09_EXIT_STAIRWELL | x_R10_EXIT_C | x_R11_EXIT_D | x_R12_EXIT_H | x_R13_EXIT_B | x_R14_EXIT_G | x_R15_EXIT_G | x_R16_EXIT_A | x_R20_EXIT_C | x_R24_EXIT_C | x_R25_EXIT_STAIRWELL | x_R28_EXIT_F | x_R29_EXIT_E | x_R30_EXIT_C | x_R31_EXIT_E | x_R32_EXIT_STAIRWELL | x_R33_EXIT_A | x_R34_EXIT_C | x_R35_EXIT_D | x_R36_EXIT_A
404,0.8143001004732469,1,True,0,28,x_R01_EXIT_E | x_R02_EXIT_C | x_R03_EXIT_H | x_R04_EXIT_D | x_R05_EXIT_G | x_R06_EXIT_G | x_R07_EXIT_F | x_R08_EXIT_H | x_R09_EXIT_B | x_R10_EXIT_B | x_R11_EXIT_STAIRWELL | x_R12_EXIT_E | x_R13_EXIT_A | x_R14_EXIT_F | x_R15_EXIT_C | x_R16_EXIT_D | x_R20_EXIT_C | x_R24_EXIT_STAIRWELL | x_R25_EXIT_D | x_R28_EXIT_A | x_R29_EXIT_STAIRWELL | x_R30_EXIT_F | x_R31_EXIT_F | x_R32_EXIT_B | x_R33_EXIT_STAIRWELL | x_R34_EXIT_A | x_R35_EXIT_B | x_R36_EXIT_G
405,0.8143643598479571,1,True,0,28,x_R01_EXIT_F | x_R02_EXIT_F | x_R03_EXIT_A | x_R04_EXIT_STAIRWELL | x_R05_EXIT_B | x_R06_EXIT_F | x_R07_EXIT_C | x_R08_EXIT_A | x_R09_EXIT_H | x_R10_EXIT_C | x_R11_EXIT_A | x_R12_EXIT_C | x_R13_EXIT_B | x_R14_EXIT_C | x_R15_EXIT_A | x_R16_EXIT_H | x_R20_EXIT_B | x_R24_EXIT_F | x_R25_EXIT_A | x_R28_EXIT_E | x_R29_EXIT_H | x_R30_EXIT_B | x_R31_EXIT_STAIRWELL | x_R32_EXIT_E | x_R33_EXIT_E | x_R34_EXIT_F | x_R35_EXIT_E | x_R36_EXIT_C
406,0.8144789805430719,1,True,0,28,x_R01_EXIT_B | x_R02_EXIT_H | x_R03_EXIT_D | x_R04_EXIT_A | x_R05_EXIT_B | x_R06_EXIT_B | x_R07_EXIT_STAIRWELL | x_R08_EXIT_STAIRWELL | x_R09_EXIT_F | x_R10_EXIT_H | x_R11_EXIT_B | x_R12_EXIT_B | x_R13_EXIT_E | x_R14_EXIT_H | x_R15_EXIT_A | x_R16_EXIT_G | x_R20_EXIT_C | x_R24_EXIT_STAIRWELL | x_R25_EXIT_E | x_R28_EXIT_D | x_R29_EXIT_A | x_R30_EXIT_STAIRWELL | x_R31_EXIT_H | x_R32_EXIT_D | x_R33_EXIT_F | x_R34_EXIT_G | x_R35_EXIT_G | x_R36_EXIT_STAIRWELL
407,0.8145099508835756,1,True,0,28,x_R01_EXIT_F | x_R02_EXIT_H | x_R03_EXIT_C | x_R04_EXIT_A | x_R05_EXIT_G | x_R06_EXIT_D | x_R07_EXIT_B | x_R08_EXIT_H | x_R09_EXIT_E | x_R10_EXIT_STAIRWELL | x_R11_EXIT_G | x_R12_EXIT_A | x_R13_EXIT_STAIRWELL | x_R14_EXIT_E | x_R15_EXIT_E | x_R16_EXIT_H | x_R20_EXIT_E | x_R24_EXIT_H | x_R25_EXIT_H | x_R28_EXIT_E | x_R29_EXIT_G | x_R30_EXIT_H | x_R31_EXIT_F | x_R32_EXIT_C | x_R33_EXIT_STAIRWELL | x_R34_EXIT_STAIRWELL | x_R35_EXIT_H | x_R36_EXIT_H
408,0.8145577129178037,1,True,0,28,x_R01_EXIT_B | x_R02_EXIT_F | x_R03_EXIT_G | x_R04_EXIT_H | x_R05_EXIT_E | x_R06_EXIT_A | x_R07_EXIT_D | x_R08_EXIT_F | x_R09_EXIT_A | x_R10_EXIT_C | x_R11_EXIT_A | x_R12_EXIT_G | x_R13_EXIT_C | x_R14_EXIT_E | x_R15_EXIT_H | x_R16_EXIT_H | x_R20_EXIT_STAIRWELL | x_R24_EXIT_A | x_R25_EXIT_B | x_R28_EXIT_G | x_R29_EXIT_F | x_R30_EXIT_F | x_R31_EXIT_C | x_R32_EXIT_F | x_R33_EXIT_F | x_R34_EXIT_C | x_R35_EXIT_F | x_R36_EXIT_F
409,0.8148200829086818,1,True,0,28,x_R01_EXIT_G | x_R02_EXIT_B | x_R03_EXIT_F | x_R04_EXIT_H | x_R05_EXIT_H | x_R06_EXIT_D | x_R07_EXIT_B | x_R08_EXIT_A | x_R09_EXIT_A | x_R10_EXIT_B | x_R11_EXIT_B | x_R12_EXIT_H | x_R13_EXIT_STAIRWELL | x_R14_EXIT_C | x_R15_EXIT_G | x_R16_EXIT_E | x_R20_EXIT_H | x_R24_EXIT_STAIRWELL | x_R25_EXIT_D | x_R28_EXIT_C | x_R29_EXIT_C | x_R30_EXIT_F | x_R31_EXIT_B | x_R32_EXIT_B | x_R33_EXIT_A | x_R34_EXIT_F | x_R35_EXIT_D | x_R36_EXIT_F
410,0.8149129376722613,1,True,0,28,x_R01_EXIT_C | x_R02_EXIT_STAIRWELL | x_R03_EXIT_C | x_R04_EXIT_F | x_R05_EXIT_C | x_R06_EXIT_F | x_R07_EXIT_E | x_R08_EXIT_C | x_R09_EXIT_C | x_R10_EXIT_B | x_R11_EXIT_E | x_R12_EXIT_B | x_R13_EXIT_C | x_R14_EXIT_B | x_R15_EXIT_A | x_R16_EXIT_STAIRWELL | x_R20_EXIT_STAIRWELL | x_R24_EXIT_C | x_R25_EXIT_F | x_R28_EXIT_F | x_R29_EXIT_E | x_R30_EXIT_D | x_R31_EXIT_A | x_R32_EXIT_F | x_R33_EXIT_E | x_R34_EXIT_C | x_R35_EXIT_A | x_R36_EXIT_A
411,0.8150696552096406,1,True,0,28,x_R01_EXIT_G | x_R02_EXIT_D | x_R03_EXIT_G | x_R04_EXIT_B | x_R05_EXIT_G | x_R06_EXIT_E | x_R07_EXIT_D | x_R08_EXIT_H | x_R09_EXIT_A | x_R10_EXIT_H | x_R11_EXIT_B | x_R12_EXIT_F | x_R13_EXIT_STAIRWELL | x_R14_EXIT_F | x_R15_EXIT_H | x_R16_EXIT_STAIRWELL | x_R20_EXIT_B | x_R24_EXIT_STAIRWELL | x_R25_EXIT_D | x_R28_EXIT_D | x_R29_EXIT_C | x_R30_EXIT_A | x_R31_EXIT_F | x_R32_EXIT_F | x_R33_EXIT_G | x_R34_EXIT_B | x_R35_EXIT_H | x_R36_EXIT_A
412,0.815207624142829,1,True,0,28,x_R01_EXIT_B | x_R02_EXIT_H | x_R03_EXIT_H | x_R04_EXIT_D | x_R05_EXIT_C | x_R06_EXIT_G | x_R07_EXIT_H | x_R08_EXIT_E | x_R09_EXIT_G | x_R10_EXIT_D | x_R11_EXIT_G | x_R12_EXIT_STAIRWELL | x_R13_EXIT_STAIRWELL | x_R14_EXIT_B | x_R15_EXIT_H | x_R16_EXIT_D | x_R20_EXIT_H | x_R24_EXIT_STAIRWELL | x_R25_EXIT_D | x_R28_EXIT_C | x_R29_EXIT_F | x_R30_EXIT_E | x_R31_EXIT_A | x_R32_EXIT_STAIRWELL | x_R33_EXIT_B | x_R34_EXIT_STAIRWELL | x_R35_EXIT_D | x_R36_EXIT_D
413,0.8153859931636589,1,True,0,28,x_R01_EXIT_STAIRWELL | x_R02_EXIT_E | x_R03_EXIT_G | x_R04_EXIT_B | x_R05_EXIT_C | x_R06_EXIT_D | x_R07_EXIT_H | x_R08_EXIT_H | x_R09_EXIT_F | x_R10_EXIT_STAIRWELL | x_R11_EXIT_C | x_R12_EXIT_C | x_R13_EXIT_A | x_R14_EXIT_A | x_R15_EXIT_STAIRWELL | x_R16_EXIT_H | x_R20_EXIT_C | x_R24_EXIT_B | x_R25_EXIT_F | x_R28_EXIT_A | x_R29_EXIT_F | x_R30_EXIT_STAIRWELL | x_R31_EXIT_STAIRWELL | x_R32_EXIT_STAIRWELL | x_R33_EXIT_G | x_R34_EXIT_B | x_R35_EXIT_F | x_R36_EXIT_C
414,0.8164157749791343,1,True,0,28,x_R01_EXIT_H | x_R02_EXIT_F | x_R03_EXIT_F | x_R04_EXIT_G | x_R05_EXIT_B | x_R06_EXIT_A | x_R07_EXIT_D | x_R08_EXIT_F | x_R09_EXIT_G | x_R10_EXIT_B | x_R11_EXIT_C | x_R12_EXIT_STAIRWELL | x_R13_EXIT_B | x_R14_EXIT_B | x_R15_EXIT_H | x_R16_EXIT_A | x_R20_EXIT_STAIRWELL | x_R24_EXIT_B | x_R25_EXIT_E | x_R28_EXIT_F | x_R29_EXIT_H | x_R30_EXIT_D | x_R31_EXIT_D | x_R32_EXIT_F | x_R33_EXIT_D | x_R34_EXIT_A | x_R35_EXIT_B | x_R36_EXIT_STAIRWELL
415,0.8164980424216992,1,True,0,28,x_R01_EXIT_G | x_R02_EXIT_H | x_R03_EXIT_B | x_R04_EXIT_F | x_R05_EXIT_D | x_R06_EXIT_G | x_R07_EXIT_A | x_R08_EXIT_B | x_R09_EXIT_C | x_R10_EXIT_E | x_R11_EXIT_STAIRWELL | x_R12_EXIT_G | x_R13_EXIT_B | x_R14_EXIT_H | x_R15_EXIT_B | x_R16_EXIT_E | x_R20_EXIT_E | x_R24_EXIT_F | x_R25_EXIT_E | x_R28_EXIT_G | x_R29_EXIT_B | x_R30_EXIT_STAIRWELL | x_R31_EXIT_STAIRWELL | x_R32_EXIT_E | x_R33_EXIT_E | x_R34_EXIT_A | x_R35_EXIT_G | x_R36_EXIT_A
416,0.8165899384067075,1,True,0,28,x_R01_EXIT_B | x_R02_EXIT_C | x_R03_EXIT_STAIRWELL | x_R04_EXIT_G | x_R05_EXIT_C | x_R06_EXIT_G | x_R07_EXIT_C | x_R08_EXIT_H | x_R09_EXIT_G | x_R10_EXIT_D | x_R11_EXIT_H | x_R12_EXIT_A | x_R13_EXIT_STAIRWELL | x_R14_EXIT_C | x_R15_EXIT_F | x_R16_EXIT_C | x_R20_EXIT_G | x_R24_EXIT_F | x_R25_EXIT_E | x_R28_EXIT_D | x_R29_EXIT_D | x_R30_EXIT_F | x_R31_EXIT_B | x_R32_EXIT_F | x_R33_EXIT_F | x_R34_EXIT_H | x_R35_EXIT_C | x_R36_EXIT_C
417,0.8166048933439924,1,True,0,28,x_R01_EXIT_A | x_R02_EXIT_C | x_R03_EXIT_E | x_R04_EXIT_G | x_R05_EXIT_B | x_R06_EXIT_B | x_R07_EXIT_E | x_R08_EXIT_F | x_R09_EXIT_H | x_R10_EXIT_B | x_R11_EXIT_STAIRWELL | x_R12_EXIT_G | x_R13_EXIT_A | x_R14_EXIT_STAIRWELL | x_R15_EXIT_E | x_R16_EXIT_STAIRWELL | x_R20_EXIT_STAIRWELL | x_R24_EXIT_D | x_R25_EXIT_A | x_R28_EXIT_STAIRWELL | x_R29_EXIT_D | x_R30_EXIT_F | x_R31_EXIT_G | x_R32_EXIT_F | x_R33_EXIT_D | x_R34_EXIT_E | x_R35_EXIT_G | x_R36_EXIT_G
418,0.817103144064447,1,True,0,28,x_R01_EXIT_STAIRWELL | x_R02_EXIT_A | x_R03_EXIT_C | x_R04_EXIT_H | x_R05_EXIT_F | x_R06_EXIT_G | x_R07_EXIT_STAIRWELL | x_R08_EXIT_G | x_R09_EXIT_STAIRWELL | x_R10_EXIT_D | x_R11_EXIT_H | x_R12_EXIT_G | x_R13_EXIT_C | x_R14_EXIT_C | x_R15_EXIT_STAIRWELL | x_R16_EXIT_F | x_R20_EXIT_B | x_R24_EXIT_D | x_R25_EXIT_C | x_R28_EXIT_G | x_R29_EXIT_STAIRWELL | x_R30_EXIT_G | x_R31_EXIT_G | x_R32_EXIT_E | x_R33_EXIT_STAIRWELL | x_R34_EXIT_B | x_R35_EXIT_C | x_R36_EXIT_B
419,0.8171651266237632,1,True,0,28,x_R01_EXIT_H | x_R02_EXIT_F | x_R03_EXIT_D | x_R04_EXIT_F | x_R05_EXIT_STAIRWELL | x_R06_EXIT_G | x_R07_EXIT_F | x_R08_EXIT_H | x_R09_EXIT_A | x_R10_EXIT_A | x_R11_EXIT_D | x_R12_EXIT_H | x_R13_EXIT_D | x_R14_EXIT_C | x_R15_EXIT_D | x_R16_EXIT_B | x_R20_EXIT_E | x_R24_EXIT_G | x_R25_EXIT_B | x_R28_EXIT_G | x_R29_EXIT_H | x_R30_EXIT_E | x_R31_EXIT_F | x_R32_EXIT_D | x_R33_EXIT_STAIRWELL | x_R34_EXIT_C | x_R35_EXIT_D | x_R36_EXIT_G
420,0.8172872815268306,1,True,0,28,x_R01_EXIT_D | x_R02_EXIT_B | x_R03_EXIT_H | x_R04_EXIT_STAIRWELL | x_R05_EXIT_A | x_R06_EXIT_B | x_R07_EXIT_F | x_R08_EXIT_STAIRWELL | x_R09_EXIT_H | x_R10_EXIT_H | x_R11_EXIT_A | x_R12_EXIT_B | x_R13_EXIT_E | x_R14_EXIT_B | x_R15_EXIT_STAIRWELL | x_R16_EXIT_H | x_R20_EXIT_E | x_R24_EXIT_D | x_R25_EXIT_C | x_R28_EXIT_B | x_R29_EXIT_G | x_R30_EXIT_E | x_R31_EXIT_E | x_R32_EXIT_E | x_R33_EXIT_E | x_R34_EXIT_B | x_R35_EXIT_G | x_R36_EXIT_A
421,0.8173860002938795,1,True,0,28,x_R01_EXIT_G | x_R02_EXIT_H | x_R03_EXIT_G | x_R04_EXIT_STAIRWELL | x_R05_EXIT_B | x_R06_EXIT_E | x_R07_EXIT_C | x_R08_EXIT_B | x_R09_EXIT_STAIRWELL | x_R10_EXIT_H | x_R11_EXIT_B | x_R12_EXIT_STAIRWELL | x_R13_EXIT_A | x_R14_EXIT_D | x_R15_EXIT_D | x_R16_EXIT_D | x_R20_EXIT_B | x_R24_EXIT_B | x_R25_EXIT_F | x_R28_EXIT_C | x_R29_EXIT_C | x_R30_EXIT_D | x_R31_EXIT_F | x_R32_EXIT_E | x_R33_EXIT_C | x_R34_EXIT_G | x_R35_EXIT_A | x_R36_EXIT_B
422,0.8175447907375997,1,True,0,28,x_R01_EXIT_A | x_R02_EXIT_G | x_R03_EXIT_C | x_R04_EXIT_F | x_R05_EXIT_B | x_R06_EXIT_E | x_R07_EXIT_D | x_R08_EXIT_A | x_R09_EXIT_H | x_R10_EXIT_H | x_R11_EXIT_H | x_R12_EXIT_B | x_R13_EXIT_C | x_R14_EXIT_C | x_R15_EXIT_B | x_R16_EXIT_D | x_R20_EXIT_D | x_R24_EXIT_C | x_R25_EXIT_STAIRWELL | x_R28_EXIT_H | x_R29_EXIT_E | x_R30_EXIT_B | x_R31_EXIT_H | x_R32_EXIT_E | x_R33_EXIT_B | x_R34_EXIT_B | x_R35_EXIT_H | x_R36_EXIT_B
423,0.8175625488816536,1,True,0,28,x_R01_EXIT_STAIRWELL | x_R02_EXIT_E | x_R03_EXIT_C | x_R04_EXIT_B | x_R05_EXIT_STAIRWELL | x_R06_EXIT_STAIRWELL | x_R07_EXIT_C | x_R08_EXIT_B | x_R09_EXIT_C | x_R10_EXIT_H | x_R11_EXIT_A | x_R12_EXIT_G | x_R13_EXIT_E | x_R14_EXIT_E | x_R15_EXIT_D | x_R16_EXIT_F | x_R20_EXIT_F | x_R24_EXIT_F | x_R25_EXIT_E | x_R28_EXIT_F | x_R29_EXIT_F | x_R30_EXIT_STAIRWELL | x_R31_EXIT_A | x_R32_EXIT_G | x_R33_EXIT_STAIRWELL | x_R34_EXIT_H | x_R35_EXIT_G | x_R36_EXIT_STAIRWELL
424,0.81776522080429,1,True,0,28,x_R01_EXIT_STAIRWELL | x_R02_EXIT_B | x_R03_EXIT_C | x_R04_EXIT_STAIRWELL | x_R05_EXIT_B | x_R06_EXIT_B | x_R07_EXIT_B | x_R08_EXIT_E | x_R09_EXIT_E | x_R10_EXIT_C | x_R11_EXIT_C | x_R12_EXIT_STAIRWELL | x_R13_EXIT_A | x_R14_EXIT_C | x_R15_EXIT_B | x_R16_EXIT_A | x_R20_EXIT_STAIRWELL | x_R24_EXIT_A | x_R25_EXIT_H | x_R28_EXIT_A | x_R29_EXIT_STAIRWELL | x_R30_EXIT_G | x_R31_EXIT_D | x_R32_EXIT_B | x_R33_EXIT_A | x_R34_EXIT_E | x_R35_EXIT_G | x_R36_EXIT_F
425,0.8177929785373976,1,True,0,28,x_R01_EXIT_H | x_R02_EXIT_A | x_R03_EXIT_D | x_R04_EXIT_H | x_R05_EXIT_F | x_R06_EXIT_G | x_R07_EXIT_B | x_R08_EXIT_A | x_R09_EXIT_H | x_R10_EXIT_F | x_R11_EXIT_G | x_R12_EXIT_A | x_R13_EXIT_STAIRWELL | x_R14_EXIT_E | x_R15_EXIT_B | x_R16_EXIT_F | x_R20_EXIT_H | x_R24_EXIT_H | x_R25_EXIT_F | x_R28_EXIT_D | x_R29_EXIT_F | x_R30_EXIT_F | x_R31_EXIT_F | x_R32_EXIT_G | x_R33_EXIT_E | x_R34_EXIT_H | x_R35_EXIT_STAIRWELL | x_R36_EXIT_D
426,0.8182248448660516,1,True,0,28,x_R01_EXIT_G | x_R02_EXIT_A | x_R03_EXIT_E | x_R04_EXIT_A | x_R05_EXIT_B | x_R06_EXIT_A | x_R07_EXIT_F | x_R08_EXIT_A | x_R09_EXIT_G | x_R10_EXIT_B | x_R11_EXIT_A | x_R12_EXIT_H | x_R13_EXIT_F | x_R14_EXIT_A | x_R15_EXIT_C | x_R16_EXIT_C | x_R20_EXIT_G | x_R24_EXIT_STAIRWELL | x_R25_EXIT_C | x_R28_EXIT_C | x_R29_EXIT_A | x_R30_EXIT_D | x_R31_EXIT_D | x_R32_EXIT_A | x_R33_EXIT_F | x_R34_EXIT_D | x_R35_EXIT_H | x_R36_EXIT_A
427,0.8184182986158817,1,True,0,28,x_R01_EXIT_B | x_R02_EXIT_H | x_R03_EXIT_F | x_R04_EXIT_A | x_R05_EXIT_D | x_R06_EXIT_B | x_R07_EXIT_A | x_R08_EXIT_C | x_R09_EXIT_STAIRWELL | x_R10_EXIT_B | x_R11_EXIT_E | x_R12_EXIT_STAIRWELL | x_R13_EXIT_STAIRWELL | x_R14_EXIT_B | x_R15_EXIT_C | x_R16_EXIT_STAIRWELL | x_R20_EXIT_E | x_R24_EXIT_STAIRWELL | x_R25_EXIT_A | x_R28_EXIT_C | x_R29_EXIT_B | x_R30_EXIT_B | x_R31_EXIT_A | x_R32_EXIT_C | x_R33_EXIT_G | x_R34_EXIT_H | x_R35_EXIT_A | x_R36_EXIT_H
428,0.818568218929272,1,True,0,28,x_R01_EXIT_B | x_R02_EXIT_G | x_R03_EXIT_H | x_R04_EXIT_C | x_R05_EXIT_F | x_R06_EXIT_H | x_R07_EXIT_C | x_R08_EXIT_H | x_R09_EXIT_H | x_R10_EXIT_E | x_R11_EXIT_C | x_R12_EXIT_E | x_R13_EXIT_F | x_R14_EXIT_B | x_R15_EXIT_A | x_R16_EXIT_H | x_R20_EXIT_STAIRWELL | x_R24_EXIT_A | x_R25_EXIT_F | x_R28_EXIT_B | x_R29_EXIT_E | x_R30_EXIT_G | x_R31_EXIT_STAIRWELL | x_R32_EXIT_D | x_R33_EXIT_B | x_R34_EXIT_A | x_R35_EXIT_F | x_R36_EXIT_STAIRWELL
429,0.8190462895547626,1,True,0,28,x_R01_EXIT_A | x_R02_EXIT_C | x_R03_EXIT_E | x_R04_EXIT_STAIRWELL | x_R05_EXIT_H | x_R06_EXIT_D | x_R07_EXIT_B | x_R08_EXIT_B | x_R09_EXIT_H | x_R10_EXIT_A | x_R11_EXIT_F | x_R12_EXIT_F | x_R13_EXIT_STAIRWELL | x_R14_EXIT_G | x_R15_EXIT_E | x_R16_EXIT_STAIRWELL | x_R20_EXIT_F | x_R24_EXIT_F | x_R25_EXIT_H | x_R28_EXIT_STAIRWELL | x_R29_EXIT_D | x_R30_EXIT_B | x_R31_EXIT_H | x_R32_EXIT_B | x_R33_EXIT_E | x_R34_EXIT_H | x_R35_EXIT_F | x_R36_EXIT_G
430,0.8195408217359272,1,True,0,28,x_R01_EXIT_E | x_R02_EXIT_H | x_R03_EXIT_STAIRWELL | x_R04_EXIT_E | x_R05_EXIT_C | x_R06_EXIT_C | x_R07_EXIT_C | x_R08_EXIT_C | x_R09_EXIT_C | x_R10_EXIT_H | x_R11_EXIT_STAIRWELL | x_R12_EXIT_C | x_R13_EXIT_E | x_R14_EXIT_H | x_R15_EXIT_B | x_R16_EXIT_E | x_R20_EXIT_F | x_R24_EXIT_B | x_R25_EXIT_A | x_R28_EXIT_F | x_R29_EXIT_A | x_R30_EXIT_E | x_R31_EXIT_C | x_R32_EXIT_F | x_R33_EXIT_C | x_R34_EXIT_B | x_R35_EXIT_C | x_R36_EXIT_STAIRWELL
431,0.8203713532481061,1,True,0,28,x_R01_EXIT_STAIRWELL | x_R02_EXIT_D | x_R03_EXIT_H | x_R04_EXIT_A | x_R05_EXIT_E | x_R06_EXIT_A | x_R07_EXIT_C | x_R08_EXIT_D | x_R09_EXIT_A | x_R10_EXIT_B | x_R11_EXIT_D | x_R12_EXIT_F | x_R13_EXIT_A | x_R14_EXIT_H | x_R15_EXIT_C | x_R16_EXIT_D | x_R20_EXIT_A | x_R24_EXIT_STAIRWELL | x_R25_EXIT_C | x_R28_EXIT_E | x_R29_EXIT_H | x_R30_EXIT_A | x_R31_EXIT_C | x_R32_EXIT_A | x_R33_EXIT_A | x_R34_EXIT_H | x_R35_EXIT_F | x_R36_EXIT_STAIRWELL
432,0.8204057400828901,1,True,0,28,x_R01_EXIT_B | x_R02_EXIT_STAIRWELL | x_R03_EXIT_C | x_R04_EXIT_A | x_R05_EXIT_C | x_R06_EXIT_C | x_R07_EXIT_A | x_R08_EXIT_E | x_R09_EXIT_G | x_R10_EXIT_F | x_R11_EXIT_A | x_R12_EXIT_B | x_R13_EXIT_H | x_R14_EXIT_D | x_R15_EXIT_H | x_R16_EXIT_E | x_R20_EXIT_E | x_R24_EXIT_A | x_R25_EXIT_A | x_R28_EXIT_H | x_R29_EXIT_E | x_R30_EXIT_D | x_R31_EXIT_E | x_R32_EXIT_D | x_R33_EXIT_A | x_R34_EXIT_E | x_R35_EXIT_A | x_R36_EXIT_D
433,0.8204987501911205,1,True,0,28,x_R01_EXIT_G | x_R02_EXIT_A | x_R03_EXIT_B | x_R04_EXIT_G | x_R05_EXIT_B | x_R06_EXIT_G | x_R07_EXIT_G | x_R08_EXIT_B | x_R09_EXIT_H | x_R10_EXIT_F | x_R11_EXIT_C | x_R12_EXIT_F | x_R13_EXIT_C | x_R14_EXIT_H | x_R15_EXIT_E | x_R16_EXIT_E | x_R20_EXIT_D | x_R24_EXIT_D | x_R25_EXIT_STAIRWELL | x_R28_EXIT_D | x_R29_EXIT_B | x_R30_EXIT_B | x_R31_EXIT_STAIRWELL | x_R32_EXIT_A | x_R33_EXIT_F | x_R34_EXIT_C | x_R35_EXIT_F | x_R36_EXIT_STAIRWELL
434,0.8206339987120828,1,True,0,28,x_R01_EXIT_F | x_R02_EXIT_STAIRWELL | x_R03_EXIT_STAIRWELL | x_R04_EXIT_G | x_R05_EXIT_STAIRWELL | x_R06_EXIT_H | x_R07_EXIT_E | x_R08_EXIT_H | x_R09_EXIT_A | x_R10_EXIT_STAIRWELL | x_R11_EXIT_F | x_R12_EXIT_E | x_R13_EXIT_B | x_R14_EXIT_H | x_R15_EXIT_E | x_R16_EXIT_STAIRWELL | x_R20_EXIT_B | x_R24_EXIT_E | x_R25_EXIT_H | x_R28_EXIT_C | x_R29_EXIT_D | x_R30_EXIT_F | x_R31_EXIT_STAIRWELL | x_R32_EXIT_E | x_R33_EXIT_E | x_R34_EXIT_D | x_R35_EXIT_A | x_R36_EXIT_STAIRWELL
435,0.8206491090013515,1,True,0,28,x_R01_EXIT_H | x_R02_EXIT_D | x_R03_EXIT_C | x_R04_EXIT_STAIRWELL | x_R05_EXIT_B | x_R06_EXIT_E | x_R07_EXIT_F | x_R08_EXIT_STAIRWELL | x_R09_EXIT_F | x_R10_EXIT_H | x_R11_EXIT_G | x_R12_EXIT_B | x_R13_EXIT_A | x_R14_EXIT_A | x_R15_EXIT_C | x_R16_EXIT_A | x_R20_EXIT_E | x_R24_EXIT_C | x_R25_EXIT_G | x_R28_EXIT_A | x_R29_EXIT_F | x_R30_EXIT_F | x_R31_EXIT_STAIRWELL | x_R32_EXIT_F | x_R33_EXIT_G | x_R34_EXIT_H | x_R35_EXIT_D | x_R36_EXIT_STAIRWELL
436,0.8207583169740928,1,True,0,28,x_R01_EXIT_B | x_R02_EXIT_D | x_R03_EXIT_A | x_R04_EXIT_D | x_R05_EXIT_D | x_R06_EXIT_G | x_R07_EXIT_D | x_R08_EXIT_C | x_R09_EXIT_E | x_R10_EXIT_STAIRWELL | x_R11_EXIT_STAIRWELL | x_R12_EXIT_C | x_R13_EXIT_F | x_R14_EXIT_A | x_R15_EXIT_D | x_R16_EXIT_STAIRWELL | x_R20_EXIT_G | x_R24_EXIT_H | x_R25_EXIT_H | x_R28_EXIT_D | x_R29_EXIT_E | x_R30_EXIT_G | x_R31_EXIT_H | x_R32_EXIT_E | x_R33_EXIT_F | x_R34_EXIT_G | x_R35_EXIT_STAIRWELL | x_R36_EXIT_B
437,0.8207826709952997,1,True,0,28,x_R01_EXIT_A | x_R02_EXIT_D | x_R03_EXIT_G | x_R04_EXIT_H | x_R05_EXIT_C | x_R06_EXIT_B | x_R07_EXIT_C | x_R08_EXIT_A | x_R09_EXIT_B | x_R10_EXIT_C | x_R11_EXIT_H | x_R12_EXIT_B | x_R13_EXIT_A | x_R14_EXIT_C | x_R15_EXIT_A | x_R16_EXIT_A | x_R20_EXIT_B | x_R24_EXIT_G | x_R25_EXIT_A | x_R28_EXIT_F | x_R29_EXIT_C | x_R30_EXIT_H | x_R31_EXIT_STAIRWELL | x_R32_EXIT_STAIRWELL | x_R33_EXIT_D | x_R34_EXIT_B | x_R35_EXIT_E | x_R36_EXIT_B
438,0.8211889403792725,1,True,0,28,x_R01_EXIT_A | x_R02_EXIT_STAIRWELL | x_R03_EXIT_D | x_R04_EXIT_C | x_R05_EXIT_B | x_R06_EXIT_A | x_R07_EXIT_B | x_R08_EXIT_F | x_R09_EXIT_F | x_R10_EXIT_D | x_R11_EXIT_F | x_R12_EXIT_D | x_R13_EXIT_E | x_R14_EXIT_C | x_R15_EXIT_C | x_R16_EXIT_G | x_R20_EXIT_STAIRWELL | x_R24_EXIT_G | x_R25_EXIT_G | x_R28_EXIT_B | x_R29_EXIT_STAIRWELL | x_R30_EXIT_H | x_R31_EXIT_STAIRWELL | x_R32_EXIT_B | x_R33_EXIT_B | x_R34_EXIT_D | x_R35_EXIT_D | x_R36_EXIT_STAIRWELL
439,0.8213477717123396,1,True,0,28,x_R01_EXIT_A | x_R02_EXIT_H | x_R03_EXIT_B | x_R04_EXIT_A | x_R05_EXIT_F | x_R06_EXIT_G | x_R07_EXIT_H | x_R08_EXIT_C | x_R09_EXIT_F | x_R10_EXIT_STAIRWELL | x_R11_EXIT_STAIRWELL | x_R12_EXIT_G | x_R13_EXIT_E | x_R14_EXIT_H | x_R15_EXIT_STAIRWELL | x_R16_EXIT_E | x_R20_EXIT_H | x_R24_EXIT_F | x_R25_EXIT_D | x_R28_EXIT_F | x_R29_EXIT_F | x_R30_EXIT_C | x_R31_EXIT_STAIRWELL | x_R32_EXIT_E | x_R33_EXIT_C | x_R34_EXIT_STAIRWELL | x_R35_EXIT_E | x_R36_EXIT_E
440,0.8217529842009981,1,True,0,28,x_R01_EXIT_C | x_R02_EXIT_A | x_R03_EXIT_C | x_R04_EXIT_H | x_R05_EXIT_G | x_R06_EXIT_B | x_R07_EXIT_H | x_R08_EXIT_B | x_R09_EXIT_C | x_R10_EXIT_E | x_R11_EXIT_E | x_R12_EXIT_STAIRWELL | x_R13_EXIT_A | x_R14_EXIT_STAIRWELL | x_R15_EXIT_D | x_R16_EXIT_H | x_R20_EXIT_A | x_R24_EXIT_STAIRWELL | x_R25_EXIT_E | x_R28_EXIT_H | x_R29_EXIT_E | x_R30_EXIT_STAIRWELL | x_R31_EXIT_D | x_R32_EXIT_B | x_R33_EXIT_G | x_R34_EXIT_B | x_R35_EXIT_A | x_R36_EXIT_D
441,0.8218471442256146,1,True,0,28,x_R01_EXIT_E | x_R02_EXIT_H | x_R03_EXIT_B | x_R04_EXIT_A | x_R05_EXIT_D | x_R06_EXIT_F | x_R07_EXIT_H | x_R08_EXIT_STAIRWELL | x_R09_EXIT_H | x_R10_EXIT_D | x_R11_EXIT_F | x_R12_EXIT_A | x_R13_EXIT_F | x_R14_EXIT_A | x_R15_EXIT_H | x_R16_EXIT_E | x_R20_EXIT_H | x_R24_EXIT_D | x_R25_EXIT_G | x_R28_EXIT_B | x_R29_EXIT_B | x_R30_EXIT_F | x_R31_EXIT_H | x_R32_EXIT_STAIRWELL | x_R33_EXIT_F | x_R34_EXIT_A | x_R35_EXIT_E | x_R36_EXIT_STAIRWELL
442,0.8218529510069743,1,True,0,28,x_R01_EXIT_F | x_R02_EXIT_B | x_R03_EXIT_E | x_R04_EXIT_F | x_R05_EXIT_B | x_R06_EXIT_G | x_R07_EXIT_D | x_R08_EXIT_E | x_R09_EXIT_H | x_R10_EXIT_STAIRWELL | x_R11_EXIT_D | x_R12_EXIT_D | x_R13_EXIT_C | x_R14_EXIT_STAIRWELL | x_R15_EXIT_H | x_R16_EXIT_B | x_R20_EXIT_STAIRWELL | x_R24_EXIT_A | x_R25_EXIT_C | x_R28_EXIT_D | x_R29_EXIT_F | x_R30_EXIT_A | x_R31_EXIT_C | x_R32_EXIT_G | x_R33_EXIT_STAIRWELL | x_R34_EXIT_E | x_R35_EXIT_E | x_R36_EXIT_H
443,0.8219647659466887,1,True,0,28,x_R01_EXIT_STAIRWELL | x_R02_EXIT_F | x_R03_EXIT_E | x_R04_EXIT_A | x_R05_EXIT_H | x_R06_EXIT_D | x_R07_EXIT_E | x_R08_EXIT_F | x_R09_EXIT_STAIRWELL | x_R10_EXIT_A | x_R11_EXIT_D | x_R12_EXIT_B | x_R13_EXIT_A | x_R14_EXIT_H | x_R15_EXIT_E | x_R16_EXIT_B | x_R20_EXIT_C | x_R24_EXIT_H | x_R25_EXIT_C | x_R28_EXIT_C | x_R29_EXIT_STAIRWELL | x_R30_EXIT_F | x_R31_EXIT_H | x_R32_EXIT_H | x_R33_EXIT_C | x_R34_EXIT_E | x_R35_EXIT_H | x_R36_EXIT_G
444,0.8221691576171679,1,True,0,28,x_R01_EXIT_F | x_R02_EXIT_D | x_R03_EXIT_A | x_R04_EXIT_H | x_R05_EXIT_H | x_R06_EXIT_G | x_R07_EXIT_B | x_R08_EXIT_A | x_R09_EXIT_F | x_R10_EXIT_B | x_R11_EXIT_A | x_R12_EXIT_E | x_R13_EXIT_D | x_R14_EXIT_B | x_R15_EXIT_D | x_R16_EXIT_H | x_R20_EXIT_A | x_R24_EXIT_STAIRWELL | x_R25_EXIT_E | x_R28_EXIT_C | x_R29_EXIT_F | x_R30_EXIT_STAIRWELL | x_R31_EXIT_E | x_R32_EXIT_G | x_R33_EXIT_B | x_R34_EXIT_E | x_R35_EXIT_STAIRWELL | x_R36_EXIT_F
445,0.8224042543693031,1,True,0,28,x_R01_EXIT_STAIRWELL | x_R02_EXIT_B | x_R03_EXIT_STAIRWELL | x_R04_EXIT_B | x_R05_EXIT_F | x_R06_EXIT_B | x_R07_EXIT_STAIRWELL | x_R08_EXIT_E | x_R09_EXIT_F | x_R10_EXIT_STAIRWELL | x_R11_EXIT_B | x_R12_EXIT_H | x_R13_EXIT_G | x_R14_EXIT_STAIRWELL | x_R15_EXIT_A | x_R16_EXIT_B | x_R20_EXIT_G | x_R24_EXIT_D | x_R25_EXIT_G | x_R28_EXIT_H | x_R29_EXIT_F | x_R30_EXIT_C | x_R31_EXIT_A | x_R32_EXIT_D | x_R33_EXIT_E | x_R34_EXIT_H | x_R35_EXIT_B | x_R36_EXIT_F
446,0.8228272710147735,1,True,0,28,x_R01_EXIT_B | x_R02_EXIT_F | x_R03_EXIT_C | x_R04_EXIT_G | x_R05_EXIT_A | x_R06_EXIT_G | x_R07_EXIT_STAIRWELL | x_R08_EXIT_H | x_R09_EXIT_H | x_R10_EXIT_A | x_R11_EXIT_C | x_R12_EXIT_A | x_R13_EXIT_E | x_R14_EXIT_H | x_R15_EXIT_D | x_R16_EXIT_H | x_R20_EXIT_B | x_R24_EXIT_G | x_R25_EXIT_C | x_R28_EXIT_H | x_R29_EXIT_G | x_R30_EXIT_H | x_R31_EXIT_STAIRWELL | x_R32_EXIT_A | x_R33_EXIT_C | x_R34_EXIT_C | x_R35_EXIT_STAIRWELL | x_R36_EXIT_D
447,0.8229329362402495,1,True,0,28,x_R01_EXIT_C | x_R02_EXIT_A | x_R03_EXIT_G | x_R04_EXIT_G | x_R05_EXIT_D | x_R06_EXIT_A | x_R07_EXIT_H | x_R08_EXIT_C | x_R09_EXIT_F | x_R10_EXIT_C | x_R11_EXIT_E | x_R12_EXIT_H | x_R13_EXIT_G | x_R14_EXIT_C | x_R15_EXIT_E | x_R16_EXIT_D | x_R20_EXIT_STAIRWELL | x_R24_EXIT_C | x_R25_EXIT_B | x_R28_EXIT_F | x_R29_EXIT_A | x_R30_EXIT_D | x_R31_EXIT_E | x_R32_EXIT_STAIRWELL | x_R33_EXIT_STAIRWELL | x_R34_EXIT_A | x_R35_EXIT_STAIRWELL | x_R36_EXIT_F
448,0.8229568262136695,1,True,0,28,x_R01_EXIT_A | x_R02_EXIT_STAIRWELL | x_R03_EXIT_G | x_R04_EXIT_C | x_R05_EXIT_E | x_R06_EXIT_A | x_R07_EXIT_C | x_R08_EXIT_H | x_R09_EXIT_E | x_R10_EXIT_B | x_R11_EXIT_STAIRWELL | x_R12_EXIT_C | x_R13_EXIT_A | x_R14_EXIT_A | x_R15_EXIT_C | x_R16_EXIT_E | x_R20_EXIT_D | x_R24_EXIT_G | x_R25_EXIT_G | x_R28_EXIT_STAIRWELL | x_R29_EXIT_H | x_R30_EXIT_A | x_R31_EXIT_F | x_R32_EXIT_H | x_R33_EXIT_D | x_R34_EXIT_A | x_R35_EXIT_B | x_R36_EXIT_B
449,0.8230988693886161,1,True,0,28,x_R01_EXIT_C | x_R02_EXIT_E | x_R03_EXIT_H | x_R04_EXIT_H | x_R05_EXIT_C | x_R06_EXIT_D | x_R07_EXIT_D | x_R08_EXIT_F | x_R09_EXIT_G | x_R10_EXIT_G | x_R11_EXIT_STAIRWELL | x_R12_EXIT_C | x_R13_EXIT_F | x_R14_EXIT_F | x_R15_EXIT_F | x_R16_EXIT_G | x_R20_EXIT_D | x_R24_EXIT_C | x_R25_EXIT_C | x_R28_EXIT_G | x_R29_EXIT_A | x_R30_EXIT_A | x_R31_EXIT_B | x_R32_EXIT_F | x_R33_EXIT_C | x_R34_EXIT_F | x_R35_EXIT_C | x_R36_EXIT_STAIRWELL
450,0.8231770114703068,1,True,0,28,x_R01_EXIT_G | x_R02_EXIT_B | x_R03_EXIT_C | x_R04_EXIT_H | x_R05_EXIT_STAIRWELL | x_R06_EXIT_E | x_R07_EXIT_F | x_R08_EXIT_A | x_R09_EXIT_B | x_R10_EXIT_B | x_R11_EXIT_B | x_R12_EXIT_D | x_R13_EXIT_C | x_R14_EXIT_B | x_R15_EXIT_H | x_R16_EXIT_H | x_R20_EXIT_D | x_R24_EXIT_A | x_R25_EXIT_F | x_R28_EXIT_STAIRWELL | x_R29_EXIT_H | x_R30_EXIT_F | x_R31_EXIT_A | x_R32_EXIT_D | x_R33_EXIT_H | x_R34_EXIT_F | x_R35_EXIT_B | x_R36_EXIT_F
451,0.8232209261782373,1,True,0,28,x_R01_EXIT_F | x_R02_EXIT_A | x_R03_EXIT_STAIRWELL | x_R04_EXIT_STAIRWELL | x_R05_EXIT_A | x_R06_EXIT_E | x_R07_EXIT_B | x_R08_EXIT_H | x_R09_EXIT_D | x_R10_EXIT_G | x_R11_EXIT_A | x_R12_EXIT_F | x_R13_EXIT_A | x_R14_EXIT_STAIRWELL | x_R15_EXIT_G | x_R16_EXIT_H | x_R20_EXIT_A | x_R24_EXIT_G | x_R25_EXIT_H | x_R28_EXIT_F | x_R29_EXIT_F | x_R30_EXIT_F | x_R31_EXIT_F | x_R32_EXIT_A | x_R33_EXIT_F | x_R34_EXIT_D | x_R35_EXIT_H | x_R36_EXIT_A
452,0.8233321431573586,1,True,0,28,x_R01_EXIT_D | x_R02_EXIT_C | x_R03_EXIT_STAIRWELL | x_R04_EXIT_F | x_R05_EXIT_A | x_R06_EXIT_B | x_R07_EXIT_G | x_R08_EXIT_A | x_R09_EXIT_C | x_R10_EXIT_B | x_R11_EXIT_G | x_R12_EXIT_C | x_R13_EXIT_H | x_R14_EXIT_H | x_R15_EXIT_F | x_R16_EXIT_F | x_R20_EXIT_A | x_R24_EXIT_A | x_R25_EXIT_F | x_R28_EXIT_E | x_R29_EXIT_D | x_R30_EXIT_B | x_R31_EXIT_E | x_R32_EXIT_D | x_R33_EXIT_G | x_R34_EXIT_STAIRWELL | x_R35_EXIT_B | x_R36_EXIT_H
453,0.8233973229638991,1,True,0,28,x_R01_EXIT_STAIRWELL | x_R02_EXIT_G | x_R03_EXIT_D | x_R04_EXIT_C | x_R05_EXIT_STAIRWELL | x_R06_EXIT_D | x_R07_EXIT_F | x_R08_EXIT_D | x_R09_EXIT_STAIRWELL | x_R10_EXIT_B | x_R11_EXIT_B | x_R12_EXIT_H | x_R13_EXIT_G | x_R14_EXIT_B | x_R15_EXIT_B | x_R16_EXIT_C | x_R20_EXIT_D | x_R24_EXIT_E | x_R25_EXIT_C | x_R28_EXIT_D | x_R29_EXIT_H | x_R30_EXIT_B | x_R31_EXIT_C | x_R32_EXIT_E | x_R33_EXIT_E | x_R34_EXIT_F | x_R35_EXIT_STAIRWELL | x_R36_EXIT_F
454,0.8234018689359459,1,True,0,28,x_R01_EXIT_B | x_R02_EXIT_A | x_R03_EXIT_E | x_R04_EXIT_STAIRWELL | x_R05_EXIT_H | x_R06_EXIT_G | x_R07_EXIT_E | x_R08_EXIT_H | x_R09_EXIT_STAIRWELL | x_R10_EXIT_B | x_R11_EXIT_H | x_R12_EXIT_C | x_R13_EXIT_G | x_R14_EXIT_D | x_R15_EXIT_C | x_R16_EXIT_F | x_R20_EXIT_G | x_R24_EXIT_G | x_R25_EXIT_E | x_R28_EXIT_A | x_R29_EXIT_G | x_R30_EXIT_D | x_R31_EXIT_F | x_R32_EXIT_D | x_R33_EXIT_D | x_R34_EXIT_C | x_R35_EXIT_C | x_R36_EXIT_F
455,0.8239091773613723,1,True,0,28,x_R01_EXIT_E | x_R02_EXIT_F | x_R03_EXIT_A | x_R04_EXIT_F | x_R05_EXIT_G | x_R06_EXIT_B | x_R07_EXIT_F | x_R08_EXIT_G | x_R09_EXIT_G | x_R10_EXIT_C | x_R11_EXIT_H | x_R12_EXIT_B | x_R13_EXIT_A | x_R14_EXIT_B | x_R15_EXIT_H | x_R16_EXIT_STAIRWELL | x_R20_EXIT_F | x_R24_EXIT_D | x_R25_EXIT_STAIRWELL | x_R28_EXIT_G | x_R29_EXIT_E | x_R30_EXIT_E | x_R31_EXIT_G | x_R32_EXIT_C | x_R33_EXIT_STAIRWELL | x_R34_EXIT_H | x_R35_EXIT_H | x_R36_EXIT_D
456,0.824220817556693,1,True,0,28,x_R01_EXIT_A | x_R02_EXIT_C | x_R03_EXIT_A | x_R04_EXIT_E | x_R05_EXIT_H | x_R06_EXIT_A | x_R07_EXIT_C | x_R08_EXIT_F | x_R09_EXIT_E | x_R10_EXIT_A | x_R11_EXIT_E | x_R12_EXIT_H | x_R13_EXIT_E | x_R14_EXIT_F | x_R15_EXIT_E | x_R16_EXIT_B | x_R20_EXIT_H | x_R24_EXIT_STAIRWELL | x_R25_EXIT_D | x_R28_EXIT_B | x_R29_EXIT_H | x_R30_EXIT_D | x_R31_EXIT_B | x_R32_EXIT_D | x_R33_EXIT_D | x_R34_EXIT_F | x_R35_EXIT_B | x_R36_EXIT_F
457,0.8242804660734464,1,True,0,28,x_R01_EXIT_E | x_R02_EXIT_B | x_R03_EXIT_F | x_R04_EXIT_E | x_R05_EXIT_H | x_R06_EXIT_E | x_R07_EXIT_B | x_R08_EXIT_H | x_R09_EXIT_F | x_R10_EXIT_E | x_R11_EXIT_C | x_R12_EXIT_D | x_R13_EXIT_G | x_R14_EXIT_H | x_R15_EXIT_B | x_R16_EXIT_B | x_R20_EXIT_STAIRWELL | x_R24_EXIT_E | x_R25_EXIT_B | x_R28_EXIT_G | x_R29_EXIT_E | x_R30_EXIT_F | x_R31_EXIT_E | x_R32_EXIT_H | x_R33_EXIT_H | x_R34_EXIT_C | x_R35_EXIT_B | x_R36_EXIT_G
458,0.8244898268657153,1,True,0,28,x_R01_EXIT_C | x_R02_EXIT_B | x_R03_EXIT_D | x_R04_EXIT_F | x_R05_EXIT_A | x_R06_EXIT_B | x_R07_EXIT_B | x_R08_EXIT_STAIRWELL | x_R09_EXIT_F | x_R10_EXIT_H | x_R11_EXIT_C | x_R12_EXIT_B | x_R13_EXIT_G | x_R14_EXIT_A | x_R15_EXIT_D | x_R16_EXIT_G | x_R20_EXIT_C | x_R24_EXIT_E | x_R25_EXIT_STAIRWELL | x_R28_EXIT_H | x_R29_EXIT_STAIRWELL | x_R30_EXIT_STAIRWELL | x_R31_EXIT_H | x_R32_EXIT_C | x_R33_EXIT_A | x_R34_EXIT_C | x_R35_EXIT_B | x_R36_EXIT_C
459,0.8245935454372102,1,True,0,28,x_R01_EXIT_D | x_R02_EXIT_D | x_R03_EXIT_A | x_R04_EXIT_E | x_R05_EXIT_B | x_R06_EXIT_F | x_R07_EXIT_G | x_R08_EXIT_F | x_R09_EXIT_A | x_R10_EXIT_H | x_R11_EXIT_G | x_R12_EXIT_C | x_R13_EXIT_C | x_R14_EXIT_C | x_R15_EXIT_C | x_R16_EXIT_F | x_R20_EXIT_STAIRWELL | x_R24_EXIT_B | x_R25_EXIT_D | x_R28_EXIT_G | x_R29_EXIT_H | x_R30_EXIT_G | x_R31_EXIT_STAIRWELL | x_R32_EXIT_E | x_R33_EXIT_A | x_R34_EXIT_B | x_R35_EXIT_F | x_R36_EXIT_STAIRWELL
460,0.8248140991852893,1,True,0,28,x_R01_EXIT_H | x_R02_EXIT_F | x_R03_EXIT_STAIRWELL | x_R04_EXIT_B | x_R05_EXIT_A | x_R06_EXIT_H | x_R07_EXIT_H | x_R08_EXIT_H | x_R09_EXIT_H | x_R10_EXIT_A | x_R11_EXIT_B | x_R12_EXIT_STAIRWELL | x_R13_EXIT_H | x_R14_EXIT_B | x_R15_EXIT_F | x_R16_EXIT_F | x_R20_EXIT_B | x_R24_EXIT_A | x_R25_EXIT_A | x_R28_EXIT_H | x_R29_EXIT_F | x_R30_EXIT_B | x_R31_EXIT_C | x_R32_EXIT_F | x_R33_EXIT_H | x_R34_EXIT_A | x_R35_EXIT_B | x_R36_EXIT_F
461,0.8250727889763425,1,True,0,28,x_R01_EXIT_A | x_R02_EXIT_STAIRWELL | x_R03_EXIT_D | x_R04_EXIT_H | x_R05_EXIT_E | x_R06_EXIT_C | x_R07_EXIT_D | x_R08_EXIT_STAIRWELL | x_R09_EXIT_A | x_R10_EXIT_F | x_R11_EXIT_H | x_R12_EXIT_G | x_R13_EXIT_F | x_R14_EXIT_E | x_R15_EXIT_E | x_R16_EXIT_F | x_R20_EXIT_STAIRWELL | x_R24_EXIT_H | x_R25_EXIT_E | x_R28_EXIT_G | x_R29_EXIT_E | x_R30_EXIT_E | x_R31_EXIT_A | x_R32_EXIT_F | x_R33_EXIT_F | x_R34_EXIT_A | x_R35_EXIT_STAIRWELL | x_R36_EXIT_B
462,0.825078214484904,1,True,0,28,x_R01_EXIT_D | x_R02_EXIT_A | x_R03_EXIT_B | x_R04_EXIT_F | x_R05_EXIT_E | x_R06_EXIT_F | x_R07_EXIT_H | x_R08_EXIT_E | x_R09_EXIT_F | x_R10_EXIT_E | x_R11_EXIT_B | x_R12_EXIT_A | x_R13_EXIT_H | x_R14_EXIT_A | x_R15_EXIT_E | x_R16_EXIT_D | x_R20_EXIT_STAIRWELL | x_R24_EXIT_F | x_R25_EXIT_F | x_R28_EXIT_H | x_R29_EXIT_H | x_R30_EXIT_F | x_R31_EXIT_B | x_R32_EXIT_F | x_R33_EXIT_A | x_R34_EXIT_H | x_R35_EXIT_G | x_R36_EXIT_C
463,0.8252676921131297,1,True,0,28,x_R01_EXIT_C | x_R02_EXIT_C | x_R03_EXIT_C | x_R04_EXIT_D | x_R05_EXIT_G | x_R06_EXIT_C | x_R07_EXIT_E | x_R08_EXIT_A | x_R09_EXIT_A | x_R10_EXIT_A | x_R11_EXIT_STAIRWELL | x_R12_EXIT_F | x_R13_EXIT_STAIRWELL | x_R14_EXIT_H | x_R15_EXIT_STAIRWELL | x_R16_EXIT_STAIRWELL | x_R20_EXIT_G | x_R24_EXIT_F | x_R25_EXIT_STAIRWELL | x_R28_EXIT_H | x_R29_EXIT_D | x_R30_EXIT_A | x_R31_EXIT_H | x_R32_EXIT_A | x_R33_EXIT_C | x_R34_EXIT_G | x_R35_EXIT_G | x_R36_EXIT_H
464,0.8254707350756121,1,True,0,28,x_R01_EXIT_F | x_R02_EXIT_F | x_R03_EXIT_G | x_R04_EXIT_B | x_R05_EXIT_H | x_R06_EXIT_G | x_R07_EXIT_E | x_R08_EXIT_H | x_R09_EXIT_H | x_R10_EXIT_STAIRWELL | x_R11_EXIT_F | x_R12_EXIT_H | x_R13_EXIT_STAIRWELL | x_R14_EXIT_H | x_R15_EXIT_A | x_R16_EXIT_D | x_R20_EXIT_F | x_R24_EXIT_C | x_R25_EXIT_D | x_R28_EXIT_G | x_R29_EXIT_B | x_R30_EXIT_A | x_R31_EXIT_C | x_R32_EXIT_D | x_R33_EXIT_A | x_R34_EXIT_F | x_R35_EXIT_G | x_R36_EXIT_B
465,0.8257664733390584,1,True,0,28,x_R01_EXIT_H | x_R02_EXIT_E | x_R03_EXIT_STAIRWELL | x_R04_EXIT_D | x_R05_EXIT_STAIRWELL | x_R06_EXIT_C | x_R07_EXIT_B | x_R08_EXIT_G | x_R09_EXIT_F | x_R10_EXIT_B | x_R11_EXIT_D | x_R12_EXIT_G | x_R13_EXIT_F | x_R14_EXIT_A | x_R15_EXIT_F | x_R16_EXIT_B | x_R20_EXIT_H | x_R24_EXIT_B | x_R25_EXIT_F | x_R28_EXIT_G | x_R29_EXIT_G | x_R30_EXIT_A | x_R31_EXIT_G | x_R32_EXIT_A | x_R33_EXIT_STAIRWELL | x_R34_EXIT_B | x_R35_EXIT_C | x_R36_EXIT_B
466,0.8259461859590829,1,True,0,28,x_R01_EXIT_G | x_R02_EXIT_E | x_R03_EXIT_A | x_R04_EXIT_E | x_R05_EXIT_H | x_R06_EXIT_F | x_R07_EXIT_B | x_R08_EXIT_A | x_R09_EXIT_B | x_R10_EXIT_G | x_R11_EXIT_C | x_R12_EXIT_A | x_R13_EXIT_D | x_R14_EXIT_A | x_R15_EXIT_C | x_R16_EXIT_B | x_R20_EXIT_F | x_R24_EXIT_G | x_R25_EXIT_H | x_R28_EXIT_H | x_R29_EXIT_G | x_R30_EXIT_C | x_R31_EXIT_D | x_R32_EXIT_G | x_R33_EXIT_B | x_R34_EXIT_E | x_R35_EXIT_A | x_R36_EXIT_B
467,0.8259517300389234,1,True,0,28,x_R01_EXIT_F | x_R02_EXIT_A | x_R03_EXIT_B | x_R04_EXIT_STAIRWELL | x_R05_EXIT_E | x_R06_EXIT_A | x_R07_EXIT_F | x_R08_EXIT_H | x_R09_EXIT_D | x_R10_EXIT_F | x_R11_EXIT_D | x_R12_EXIT_F | x_R13_EXIT_G | x_R14_EXIT_D | x_R15_EXIT_B | x_R16_EXIT_E | x_R20_EXIT_B | x_R24_EXIT_B | x_R25_EXIT_H | x_R28_EXIT_G | x_R29_EXIT_H | x_R30_EXIT_E | x_R31_EXIT_E | x_R32_EXIT_A | x_R33_EXIT_A | x_R34_EXIT_STAIRWELL | x_R35_EXIT_D | x_R36_EXIT_H
468,0.8260665076491591,1,True,0,28,x_R01_EXIT_G | x_R02_EXIT_G | x_R03_EXIT_B | x_R04_EXIT_B | x_R05_EXIT_A | x_R06_EXIT_E | x_R07_EXIT_F | x_R08_EXIT_G | x_R09_EXIT_H | x_R10_EXIT_STAIRWELL | x_R11_EXIT_D | x_R12_EXIT_G | x_R13_EXIT_G | x_R14_EXIT_C | x_R15_EXIT_F | x_R16_EXIT_H | x_R20_EXIT_A | x_R24_EXIT_STAIRWELL | x_R25_EXIT_STAIRWELL | x_R28_EXIT_D | x_R29_EXIT_G | x_R30_EXIT_H | x_R31_EXIT_B | x_R32_EXIT_C | x_R33_EXIT_E | x_R34_EXIT_C | x_R35_EXIT_H | x_R36_EXIT_STAIRWELL
469,0.826263383012872,1,True,0,28,x_R01_EXIT_E | x_R02_EXIT_H | x_R03_EXIT_B | x_R04_EXIT_A | x_R05_EXIT_E | x_R06_EXIT_H | x_R07_EXIT_B | x_R08_EXIT_D | x_R09_EXIT_STAIRWELL | x_R10_EXIT_STAIRWELL | x_R11_EXIT_D | x_R12_EXIT_F | x_R13_EXIT_D | x_R14_EXIT_H | x_R15_EXIT_STAIRWELL | x_R16_EXIT_STAIRWELL | x_R20_EXIT_C | x_R24_EXIT_H | x_R25_EXIT_E | x_R28_EXIT_D | x_R29_EXIT_STAIRWELL | x_R30_EXIT_B | x_R31_EXIT_E | x_R32_EXIT_A | x_R33_EXIT_A | x_R34_EXIT_STAIRWELL | x_R35_EXIT_H | x_R36_EXIT_STAIRWELL
470,0.826393850983834,1,True,0,28,x_R01_EXIT_STAIRWELL | x_R02_EXIT_B | x_R03_EXIT_F | x_R04_EXIT_D | x_R05_EXIT_D | x_R06_EXIT_D | x_R07_EXIT_F | x_R08_EXIT_D | x_R09_EXIT_H | x_R10_EXIT_E | x_R11_EXIT_D | x_R12_EXIT_A | x_R13_EXIT_B | x_R14_EXIT_STAIRWELL | x_R15_EXIT_E | x_R16_EXIT_E | x_R20_EXIT_E | x_R24_EXIT_G | x_R25_EXIT_H | x_R28_EXIT_C | x_R29_EXIT_C | x_R30_EXIT_B | x_R31_EXIT_F | x_R32_EXIT_F | x_R33_EXIT_A | x_R34_EXIT_E | x_R35_EXIT_B | x_R36_EXIT_B
471,0.8264411438511274,1,True,0,28,x_R01_EXIT_H | x_R02_EXIT_E | x_R03_EXIT_B | x_R04_EXIT_F | x_R05_EXIT_E | x_R06_EXIT_F | x_R07_EXIT_D | x_R08_EXIT_C | x_R09_EXIT_H | x_R10_EXIT_B | x_R11_EXIT_C | x_R12_EXIT_D | x_R13_EXIT_E | x_R14_EXIT_F | x_R15_EXIT_A | x_R16_EXIT_H | x_R20_EXIT_B | x_R24_EXIT_STAIRWELL | x_R25_EXIT_F | x_R28_EXIT_D | x_R29_EXIT_A | x_R30_EXIT_B | x_R31_EXIT_D | x_R32_EXIT_B | x_R33_EXIT_F | x_R34_EXIT_H | x_R35_EXIT_H | x_R36_EXIT_H
472,0.8266002021052259,1,True,0,28,x_R01_EXIT_E | x_R02_EXIT_A | x_R03_EXIT_F | x_R04_EXIT_E | x_R05_EXIT_A | x_R06_EXIT_C | x_R07_EXIT_STAIRWELL | x_R08_EXIT_G | x_R09_EXIT_A | x_R10_EXIT_G | x_R11_EXIT_F | x_R12_EXIT_E | x_R13_EXIT_A | x_R14_EXIT_A | x_R15_EXIT_D | x_R16_EXIT_D | x_R20_EXIT_D | x_R24_EXIT_A | x_R25_EXIT_E | x_R28_EXIT_D | x_R29_EXIT_G | x_R30_EXIT_H | x_R31_EXIT_G | x_R32_EXIT_D | x_R33_EXIT_F | x_R34_EXIT_G | x_R35_EXIT_E | x_R36_EXIT_STAIRWELL
473,0.8266974229216544,1,True,0,28,x_R01_EXIT_STAIRWELL | x_R02_EXIT_C | x_R03_EXIT_STAIRWELL | x_R04_EXIT_G | x_R05_EXIT_A | x_R06_EXIT_STAIRWELL | x_R07_EXIT_C | x_R08_EXIT_B | x_R09_EXIT_H | x_R10_EXIT_H | x_R11_EXIT_E | x_R12_EXIT_D | x_R13_EXIT_G | x_R14_EXIT_F | x_R15_EXIT_H | x_R16_EXIT_H | x_R20_EXIT_G | x_R24_EXIT_F | x_R25_EXIT_A | x_R28_EXIT_F | x_R29_EXIT_B | x_R30_EXIT_G | x_R31_EXIT_D | x_R32_EXIT_STAIRWELL | x_R33_EXIT_E | x_R34_EXIT_G | x_R35_EXIT_E | x_R36_EXIT_F
474,0.8267315675042823,1,True,0,28,x_R01_EXIT_G | x_R02_EXIT_C | x_R03_EXIT_C | x_R04_EXIT_C | x_R05_EXIT_A | x_R06_EXIT_STAIRWELL | x_R07_EXIT_C | x_R08_EXIT_H | x_R09_EXIT_STAIRWELL | x_R10_EXIT_G | x_R11_EXIT_H | x_R12_EXIT_C | x_R13_EXIT_H | x_R14_EXIT_A | x_R15_EXIT_A | x_R16_EXIT_D | x_R20_EXIT_A | x_R24_EXIT_D | x_R25_EXIT_E | x_R28_EXIT_A | x_R29_EXIT_A | x_R30_EXIT_STAIRWELL | x_R31_EXIT_C | x_R32_EXIT_H | x_R33_EXIT_F | x_R34_EXIT_STAIRWELL | x_R35_EXIT_B | x_R36_EXIT_C
475,0.8270935997122706,1,True,0,28,x_R01_EXIT_B | x_R02_EXIT_D | x_R03_EXIT_STAIRWELL | x_R04_EXIT_E | x_R05_EXIT_G | x_R06_EXIT_F | x_R07_EXIT_A | x_R08_EXIT_D | x_R09_EXIT_F | x_R10_EXIT_STAIRWELL | x_R11_EXIT_E | x_R12_EXIT_E | x_R13_EXIT_H | x_R14_EXIT_H | x_R15_EXIT_C | x_R16_EXIT_STAIRWELL | x_R20_EXIT_C | x_R24_EXIT_F | x_R25_EXIT_D | x_R28_EXIT_F | x_R29_EXIT_G | x_R30_EXIT_F | x_R31_EXIT_E | x_R32_EXIT_H | x_R33_EXIT_D | x_R34_EXIT_A | x_R35_EXIT_C | x_R36_EXIT_G
476,0.8273539376879171,1,True,0,28,x_R01_EXIT_A | x_R02_EXIT_H | x_R03_EXIT_C | x_R04_EXIT_E | x_R05_EXIT_H | x_R06_EXIT_B | x_R07_EXIT_E | x_R08_EXIT_H | x_R09_EXIT_F | x_R10_EXIT_H | x_R11_EXIT_STAIRWELL | x_R12_EXIT_H | x_R13_EXIT_F | x_R14_EXIT_D | x_R15_EXIT_D | x_R16_EXIT_STAIRWELL | x_R20_EXIT_A | x_R24_EXIT_G | x_R25_EXIT_A | x_R28_EXIT_STAIRWELL | x_R29_EXIT_H | x_R30_EXIT_H | x_R31_EXIT_G | x_R32_EXIT_B | x_R33_EXIT_C | x_R34_EXIT_H | x_R35_EXIT_H | x_R36_EXIT_STAIRWELL
477,0.828191864372684,1,True,0,28,x_R01_EXIT_H | x_R02_EXIT_C | x_R03_EXIT_E | x_R04_EXIT_D | x_R05_EXIT_A | x_R06_EXIT_C | x_R07_EXIT_D | x_R08_EXIT_F | x_R09_EXIT_E | x_R10_EXIT_STAIRWELL | x_R11_EXIT_F | x_R12_EXIT_STAIRWELL | x_R13_EXIT_STAIRWELL | x_R14_EXIT_H | x_R15_EXIT_E | x_R16_EXIT_C | x_R20_EXIT_F | x_R24_EXIT_C | x_R25_EXIT_E | x_R28_EXIT_A | x_R29_EXIT_A | x_R30_EXIT_E | x_R31_EXIT_A | x_R32_EXIT_B | x_R33_EXIT_C | x_R34_EXIT_G | x_R35_EXIT_H | x_R36_EXIT_STAIRWELL
478,0.8282124487384408,1,True,0,28,x_R01_EXIT_STAIRWELL | x_R02_EXIT_STAIRWELL | x_R03_EXIT_E | x_R04_EXIT_A | x_R05_EXIT_A | x_R06_EXIT_H | x_R07_EXIT_G | x_R08_EXIT_C | x_R09_EXIT_A | x_R10_EXIT_B | x_R11_EXIT_F | x_R12_EXIT_STAIRWELL | x_R13_EXIT_A | x_R14_EXIT_H | x_R15_EXIT_H | x_R16_EXIT_D | x_R20_EXIT_H | x_R24_EXIT_H | x_R25_EXIT_A | x_R28_EXIT_E | x_R29_EXIT_D | x_R30_EXIT_E | x_R31_EXIT_H | x_R32_EXIT_STAIRWELL | x_R33_EXIT_C | x_R34_EXIT_STAIRWELL | x_R35_EXIT_D | x_R36_EXIT_F
479,0.8285982676688946,1,True,0,28,x_R01_EXIT_E | x_R02_EXIT_B | x_R03_EXIT_D | x_R04_EXIT_A | x_R05_EXIT_C | x_R06_EXIT_G | x_R07_EXIT_D | x_R08_EXIT_E | x_R09_EXIT_F | x_R10_EXIT_G | x_R11_EXIT_F | x_R12_EXIT_STAIRWELL | x_R13_EXIT_F | x_R14_EXIT_A | x_R15_EXIT_D | x_R16_EXIT_E | x_R20_EXIT_B | x_R24_EXIT_B | x_R25_EXIT_B | x_R28_EXIT_B | x_R29_EXIT_B | x_R30_EXIT_D | x_R31_EXIT_A | x_R32_EXIT_STAIRWELL | x_R33_EXIT_D | x_R34_EXIT_E | x_R35_EXIT_A | x_R36_EXIT_H
480,0.8291886045112165,1,True,0,28,x_R01_EXIT_STAIRWELL | x_R02_EXIT_C | x_R03_EXIT_A | x_R04_EXIT_A | x_R05_EXIT_STAIRWELL | x_R06_EXIT_G | x_R07_EXIT_B | x_R08_EXIT_H | x_R09_EXIT_G | x_R10_EXIT_STAIRWELL | x_R11_EXIT_B | x_R12_EXIT_STAIRWELL | x_R13_EXIT_STAIRWELL | x_R14_EXIT_D | x_R15_EXIT_G | x_R16_EXIT_E | x_R20_EXIT_STAIRWELL | x_R24_EXIT_B | x_R25_EXIT_E | x_R28_EXIT_STAIRWELL | x_R29_EXIT_H | x_R30_EXIT_D | x_R31_EXIT_F | x_R32_EXIT_C | x_R33_EXIT_STAIRWELL | x_R34_EXIT_A | x_R35_EXIT_B | x_R36_EXIT_B
481,0.8293595297849379,1,True,0,28,x_R01_EXIT_C | x_R02_EXIT_G | x_R03_EXIT_A | x_R04_EXIT_E | x_R05_EXIT_C | x_R06_EXIT_B | x_R07_EXIT_B | x_R08_EXIT_E | x_R09_EXIT_E | x_R10_EXIT_B | x_R11_EXIT_C | x_R12_EXIT_STAIRWELL | x_R13_EXIT_H | x_R14_EXIT_D | x_R15_EXIT_G | x_R16_EXIT_G | x_R20_EXIT_E | x_R24_EXIT_F | x_R25_EXIT_H | x_R28_EXIT_E | x_R29_EXIT_D | x_R30_EXIT_C | x_R31_EXIT_H | x_R32_EXIT_C | x_R33_EXIT_STAIRWELL | x_R34_EXIT_D | x_R35_EXIT_F | x_R36_EXIT_H
482,0.8294189283814148,1,True,0,28,x_R01_EXIT_B | x_R02_EXIT_A | x_R03_EXIT_G | x_R04_EXIT_F | x_R05_EXIT_B | x_R06_EXIT_E | x_R07_EXIT_STAIRWELL | x_R08_EXIT_E | x_R09_EXIT_C | x_R10_EXIT_F | x_R11_EXIT_C | x_R12_EXIT_D | x_R13_EXIT_A | x_R14_EXIT_E | x_R15_EXIT_F | x_R16_EXIT_D | x_R20_EXIT_C | x_R24_EXIT_G | x_R25_EXIT_E | x_R28_EXIT_H | x_R29_EXIT_E | x_R30_EXIT_G | x_R31_EXIT_C | x_R32_EXIT_E | x_R33_EXIT_G | x_R34_EXIT_STAIRWELL | x_R35_EXIT_F | x_R36_EXIT_STAIRWELL
483,0.8295134492284433,1,True,0,28,x_R01_EXIT_D | x_R02_EXIT_A | x_R03_EXIT_H | x_R04_EXIT_E | x_R05_EXIT_A | x_R06_EXIT_B | x_R07_EXIT_B | x_R08_EXIT_A | x_R09_EXIT_F | x_R10_EXIT_F | x_R11_EXIT_F | x_R12_EXIT_H | x_R13_EXIT_H | x_R14_EXIT_F | x_R15_EXIT_B | x_R16_EXIT_H | x_R20_EXIT_H | x_R24_EXIT_D | x_R25_EXIT_H | x_R28_EXIT_E | x_R29_EXIT_G | x_R30_EXIT_F | x_R31_EXIT_A | x_R32_EXIT_G | x_R33_EXIT_A | x_R34_EXIT_D | x_R35_EXIT_D | x_R36_EXIT_B
484,0.8295462042054282,1,True,0,28,x_R01_EXIT_STAIRWELL | x_R02_EXIT_STAIRWELL | x_R03_EXIT_H | x_R04_EXIT_STAIRWELL | x_R05_EXIT_B | x_R06_EXIT_B | x_R07_EXIT_D | x_R08_EXIT_B | x_R09_EXIT_B | x_R10_EXIT_E | x_R11_EXIT_A | x_R12_EXIT_G | x_R13_EXIT_A | x_R14_EXIT_D | x_R15_EXIT_C | x_R16_EXIT_G | x_R20_EXIT_G | x_R24_EXIT_B | x_R25_EXIT_H | x_R28_EXIT_A | x_R29_EXIT_C | x_R30_EXIT_E | x_R31_EXIT_G | x_R32_EXIT_STAIRWELL | x_R33_EXIT_C | x_R34_EXIT_E | x_R35_EXIT_F | x_R36_EXIT_STAIRWELL
485,0.82962684234775,1,True,0,28,x_R01_EXIT_STAIRWELL | x_R02_EXIT_E | x_R03_EXIT_C | x_R04_EXIT_STAIRWELL | x_R05_EXIT_D | x_R06_EXIT_C | x_R07_EXIT_A | x_R08_EXIT_B | x_R09_EXIT_STAIRWELL | x_R10_EXIT_A | x_R11_EXIT_D | x_R12_EXIT_A | x_R13_EXIT_A | x_R14_EXIT_G | x_R15_EXIT_E | x_R16_EXIT_F | x_R20_EXIT_B | x_R24_EXIT_E | x_R25_EXIT_B | x_R28_EXIT_G | x_R29_EXIT_A | x_R30_EXIT_G | x_R31_EXIT_H | x_R32_EXIT_C | x_R33_EXIT_STAIRWELL | x_R34_EXIT_A | x_R35_EXIT_C | x_R36_EXIT_D
486,0.8297833252964892,1,True,0,28,x_R01_EXIT_B | x_R02_EXIT_G | x_R03_EXIT_C | x_R04_EXIT_D | x_R05_EXIT_E | x_R06_EXIT_STAIRWELL | x_R07_EXIT_F | x_R08_EXIT_B | x_R09_EXIT_A | x_R10_EXIT_STAIRWELL | x_R11_EXIT_B | x_R12_EXIT_H | x_R13_EXIT_F | x_R14_EXIT_STAIRWELL | x_R15_EXIT_F | x_R16_EXIT_A | x_R20_EXIT_B | x_R24_EXIT_C | x_R25_EXIT_F | x_R28_EXIT_B | x_R29_EXIT_B | x_R30_EXIT_E | x_R31_EXIT_B | x_R32_EXIT_F | x_R33_EXIT_D | x_R34_EXIT_H | x_R35_EXIT_B | x_R36_EXIT_STAIRWELL
487,0.8298000725505972,1,True,0,28,x_R01_EXIT_B | x_R02_EXIT_H | x_R03_EXIT_B | x_R04_EXIT_H | x_R05_EXIT_G | x_R06_EXIT_F | x_R07_EXIT_A | x_R08_EXIT_A | x_R09_EXIT_H | x_R10_EXIT_B | x_R11_EXIT_C | x_R12_EXIT_E | x_R13_EXIT_G | x_R14_EXIT_D | x_R15_EXIT_A | x_R16_EXIT_STAIRWELL | x_R20_EXIT_E | x_R24_EXIT_F | x_R25_EXIT_F | x_R28_EXIT_STAIRWELL | x_R29_EXIT_B | x_R30_EXIT_B | x_R31_EXIT_A | x_R32_EXIT_D | x_R33_EXIT_G | x_R34_EXIT_G | x_R35_EXIT_E | x_R36_EXIT_D
488,0.8306075261908745,1,True,0,28,x_R01_EXIT_A | x_R02_EXIT_E | x_R03_EXIT_B | x_R04_EXIT_E | x_R05_EXIT_E | x_R06_EXIT_H | x_R07_EXIT_C | x_R08_EXIT_E | x_R09_EXIT_F | x_R10_EXIT_D | x_R11_EXIT_E | x_R12_EXIT_C | x_R13_EXIT_E | x_R14_EXIT_C | x_R15_EXIT_H | x_R16_EXIT_G | x_R20_EXIT_A | x_R24_EXIT_H | x_R25_EXIT_G | x_R28_EXIT_F | x_R29_EXIT_F | x_R30_EXIT_F | x_R31_EXIT_STAIRWELL | x_R32_EXIT_STAIRWELL | x_R33_EXIT_F | x_R34_EXIT_STAIRWELL | x_R35_EXIT_D | x_R36_EXIT_F
489,0.8306087870072361,1,True,0,28,x_R01_EXIT_C | x_R02_EXIT_B | x_R03_EXIT_F | x_R04_EXIT_H | x_R05_EXIT_D | x_R06_EXIT_F | x_R07_EXIT_G | x_R08_EXIT_A | x_R09_EXIT_H | x_R10_EXIT_B | x_R11_EXIT_E | x_R12_EXIT_G | x_R13_EXIT_G | x_R14_EXIT_A | x_R15_EXIT_A | x_R16_EXIT_STAIRWELL | x_R20_EXIT_STAIRWELL | x_R24_EXIT_G | x_R25_EXIT_B | x_R28_EXIT_A | x_R29_EXIT_C | x_R30_EXIT_G | x_R31_EXIT_C | x_R32_EXIT_STAIRWELL | x_R33_EXIT_STAIRWELL | x_R34_EXIT_H | x_R35_EXIT_H | x_R36_EXIT_STAIRWELL
490,0.8307195552700932,1,True,0,28,x_R01_EXIT_G | x_R02_EXIT_F | x_R03_EXIT_STAIRWELL | x_R04_EXIT_F | x_R05_EXIT_B | x_R06_EXIT_A | x_R07_EXIT_STAIRWELL | x_R08_EXIT_A | x_R09_EXIT_C | x_R10_EXIT_F | x_R11_EXIT_STAIRWELL | x_R12_EXIT_D | x_R13_EXIT_A | x_R14_EXIT_G | x_R15_EXIT_D | x_R16_EXIT_A | x_R20_EXIT_D | x_R24_EXIT_STAIRWELL | x_R25_EXIT_STAIRWELL | x_R28_EXIT_C | x_R29_EXIT_C | x_R30_EXIT_G | x_R31_EXIT_F | x_R32_EXIT_G | x_R33_EXIT_F | x_R34_EXIT_G | x_R35_EXIT_F | x_R36_EXIT_STAIRWELL
491,0.830780635276767,1,True,0,28,x_R01_EXIT_C | x_R02_EXIT_D | x_R03_EXIT_G | x_R04_EXIT_G | x_R05_EXIT_C | x_R06_EXIT_D | x_R07_EXIT_D | x_R08_EXIT_E | x_R09_EXIT_B | x_R10_EXIT_G | x_R11_EXIT_STAIRWELL | x_R12_EXIT_C | x_R13_EXIT_G | x_R14_EXIT_H | x_R15_EXIT_E | x_R16_EXIT_E | x_R20_EXIT_B | x_R24_EXIT_E | x_R25_EXIT_D | x_R28_EXIT_H | x_R29_EXIT_C | x_R30_EXIT_D | x_R31_EXIT_H | x_R32_EXIT_F | x_R33_EXIT_H | x_R34_EXIT_F | x_R35_EXIT_A | x_R36_EXIT_A
492,0.8310421206097658,1,True,0,28,x_R01_EXIT_STAIRWELL | x_R02_EXIT_H | x_R03_EXIT_A | x_R04_EXIT_B | x_R05_EXIT_D | x_R06_EXIT_A | x_R07_EXIT_F | x_R08_EXIT_C | x_R09_EXIT_A | x_R10_EXIT_STAIRWELL | x_R11_EXIT_G | x_R12_EXIT_G | x_R13_EXIT_A | x_R14_EXIT_E | x_R15_EXIT_D | x_R16_EXIT_F | x_R20_EXIT_E | x_R24_EXIT_A | x_R25_EXIT_E | x_R28_EXIT_H | x_R29_EXIT_B | x_R30_EXIT_C | x_R31_EXIT_D | x_R32_EXIT_STAIRWELL | x_R33_EXIT_F | x_R34_EXIT_C | x_R35_EXIT_C | x_R36_EXIT_H
493,0.8312565246513941,1,True,0,28,x_R01_EXIT_A | x_R02_EXIT_B | x_R03_EXIT_G | x_R04_EXIT_A | x_R05_EXIT_G | x_R06_EXIT_STAIRWELL | x_R07_EXIT_D | x_R08_EXIT_F | x_R09_EXIT_STAIRWELL | x_R10_EXIT_E | x_R11_EXIT_A | x_R12_EXIT_A | x_R13_EXIT_A | x_R14_EXIT_F | x_R15_EXIT_G | x_R16_EXIT_STAIRWELL | x_R20_EXIT_D | x_R24_EXIT_E | x_R25_EXIT_D | x_R28_EXIT_C | x_R29_EXIT_D | x_R30_EXIT_G | x_R31_EXIT_C | x_R32_EXIT_D | x_R33_EXIT_E | x_R34_EXIT_G | x_R35_EXIT_G | x_R36_EXIT_F
494,0.8312690612044094,1,True,0,28,x_R01_EXIT_H | x_R02_EXIT_D | x_R03_EXIT_F | x_R04_EXIT_G | x_R05_EXIT_A | x_R06_EXIT_A | x_R07_EXIT_F | x_R08_EXIT_C | x_R09_EXIT_H | x_R10_EXIT_B | x_R11_EXIT_D | x_R12_EXIT_E | x_R13_EXIT_C | x_R14_EXIT_C | x_R15_EXIT_C | x_R16_EXIT_D | x_R20_EXIT_H | x_R24_EXIT_D | x_R25_EXIT_A | x_R28_EXIT_D | x_R29_EXIT_STAIRWELL | x_R30_EXIT_E | x_R31_EXIT_B | x_R32_EXIT_F | x_R33_EXIT_F | x_R34_EXIT_G | x_R35_EXIT_A | x_R36_EXIT_C
495,0.8314288727621033,1,True,0,28,x_R01_EXIT_A | x_R02_EXIT_G | x_R03_EXIT_G | x_R04_EXIT_STAIRWELL | x_R05_EXIT_H | x_R06_EXIT_E | x_R07_EXIT_A | x_R08_EXIT_STAIRWELL | x_R09_EXIT_D | x_R10_EXIT_B | x_R11_EXIT_F | x_R12_EXIT_STAIRWELL | x_R13_EXIT_H | x_R14_EXIT_STAIRWELL | x_R15_EXIT_STAIRWELL | x_R16_EXIT_B | x_R20_EXIT_B | x_R24_EXIT_G | x_R25_EXIT_D | x_R28_EXIT_STAIRWELL | x_R29_EXIT_STAIRWELL | x_R30_EXIT_G | x_R31_EXIT_A | x_R32_EXIT_G | x_R33_EXIT_E | x_R34_EXIT_D | x_R35_EXIT_STAIRWELL | x_R36_EXIT_A
496,0.8316179997905806,1,True,0,28,x_R01_EXIT_D | x_R02_EXIT_D | x_R03_EXIT_H | x_R04_EXIT_C | x_R05_EXIT_B | x_R06_EXIT_D | x_R07_EXIT_D | x_R08_EXIT_H | x_R09_EXIT_G | x_R10_EXIT_D | x_R11_EXIT_H | x_R12_EXIT_D | x_R13_EXIT_C | x_R14_EXIT_E | x_R15_EXIT_B | x_R16_EXIT_F | x_R20_EXIT_F | x_R24_EXIT_G | x_R25_EXIT_STAIRWELL | x_R28_EXIT_A | x_R29_EXIT_D | x_R30_EXIT_A | x_R31_EXIT_G | x_R32_EXIT_D | x_R33_EXIT_D | x_R34_EXIT_F | x_R35_EXIT_B | x_R36_EXIT_F
497,0.8318535503696012,1,True,0,28,x_R01_EXIT_H | x_R02_EXIT_C | x_R03_EXIT_C | x_R04_EXIT_STAIRWELL | x_R05_EXIT_STAIRWELL | x_R06_EXIT_STAIRWELL | x_R07_EXIT_B | x_R08_EXIT_C | x_R09_EXIT_F | x_R10_EXIT_E | x_R11_EXIT_A | x_R12_EXIT_STAIRWELL | x_R13_EXIT_G | x_R14_EXIT_STAIRWELL | x_R15_EXIT_C | x_R16_EXIT_A | x_R20_EXIT_F | x_R24_EXIT_D | x_R25_EXIT_E | x_R28_EXIT_B | x_R29_EXIT_F | x_R30_EXIT_C | x_R31_EXIT_B | x_R32_EXIT_D | x_R33_EXIT_G | x_R34_EXIT_B | x_R35_EXIT_A | x_R36_EXIT_STAIRWELL
498,0.8318771255199522,1,True,0,28,x_R01_EXIT_A | x_R02_EXIT_STAIRWELL | x_R03_EXIT_D | x_R04_EXIT_C | x_R05_EXIT_H | x_R06_EXIT_D | x_R07_EXIT_B | x_R08_EXIT_B | x_R09_EXIT_E | x_R10_EXIT_F | x_R11_EXIT_STAIRWELL | x_R12_EXIT_A | x_R13_EXIT_G | x_R14_EXIT_C | x_R15_EXIT_D | x_R16_EXIT_F | x_R20_EXIT_STAIRWELL | x_R24_EXIT_A | x_R25_EXIT_B | x_R28_EXIT_G | x_R29_EXIT_STAIRWELL | x_R30_EXIT_G | x_R31_EXIT_C | x_R32_EXIT_A | x_R33_EXIT_F | x_R34_EXIT_B | x_R35_EXIT_STAIRWELL | x_R36_EXIT_E
499,0.8325323513591911,1,True,0,28,x_R01_EXIT_STAIRWELL | x_R02_EXIT_E | x_R03_EXIT_A | x_R04_EXIT_H | x_R05_EXIT_A | x_R06_EXIT_STAIRWELL | x_R07_EXIT_F | x_R08_EXIT_C | x_R09_EXIT_E | x_R10_EXIT_D | x_R11_EXIT_H | x_R12_EXIT_C | x_R13_EXIT_H | x_R14_EXIT_STAIRWELL | x_R15_EXIT_B | x_R16_EXIT_H | x_R20_EXIT_B | x_R24_EXIT_C | x_R25_EXIT_H | x_R28_EXIT_G | x_R29_EXIT_STAIRWELL | x_R30_EXIT_H | x_R31_EXIT_D | x_R32_EXIT_E | x_R33_EXIT_B | x_R34_EXIT_G | x_R35_EXIT_F | x_R36_EXIT_H
500,0.8326966961046196,1,True,0,28,x_R01_EXIT_F | x_R02_EXIT_B | x_R03_EXIT_D | x_R04_EXIT_E | x_R05_EXIT_E | x_R06_EXIT_STAIRWELL | x_R07_EXIT_F | x_R08_EXIT_H | x_R09_EXIT_G | x_R10_EXIT_STAIRWELL | x_R11_EXIT_F | x_R12_EXIT_C | x_R13_EXIT_F | x_R14_EXIT_D | x_R15_EXIT_H | x_R16_EXIT_A | x_R20_EXIT_C | x_R24_EXIT_G | x_R25_EXIT_C | x_R28_EXIT_H | x_R29_EXIT_E | x_R30_EXIT_F | x_R31_EXIT_STAIRWELL | x_R32_EXIT_E | x_R33_EXIT_E | x_R34_EXIT_A | x_R35_EXIT_B | x_R36_EXIT_STAIRWELL
501,0.8329286186022955,1,True,0,28,x_R01_EXIT_F | x_R02_EXIT_D | x_R03_EXIT_B | x_R04_EXIT_F | x_R05_EXIT_F | x_R06_EXIT_G | x_R07_EXIT_D | x_R08_EXIT_B | x_R09_EXIT_C | x_R10_EXIT_D | x_R11_EXIT_F | x_R12_EXIT_F | x_R13_EXIT_C | x_R14_EXIT_C | x_R15_EXIT_H | x_R16_EXIT_E | x_R20_EXIT_STAIRWELL | x_R24_EXIT_F | x_R25_EXIT_STAIRWELL | x_R28_EXIT_G | x_R29_EXIT_B | x_R30_EXIT_STAIRWELL | x_R31_EXIT_C | x_R32_EXIT_A | x_R33_EXIT_B | x_R34_EXIT_B | x_R35_EXIT_C | x_R36_EXIT_H
502,0.8329693462703744,1,True,0,28,x_R01_EXIT_E | x_R02_EXIT_F | x_R03_EXIT_C | x_R04_EXIT_E | x_R05_EXIT_H | x_R06_EXIT_F | x_R07_EXIT_B | x_R08_EXIT_D | x_R09_EXIT_A | x_R10_EXIT_STAIRWELL | x_R11_EXIT_STAIRWELL | x_R12_EXIT_C | x_R13_EXIT_B | x_R14_EXIT_G | x_R15_EXIT_D | x_R16_EXIT_C | x_R20_EXIT_A | x_R24_EXIT_STAIRWELL | x_R25_EXIT_C | x_R28_EXIT_G | x_R29_EXIT_D | x_R30_EXIT_F | x_R31_EXIT_STAIRWELL | x_R32_EXIT_H | x_R33_EXIT_B | x_R34_EXIT_D | x_R35_EXIT_STAIRWELL | x_R36_EXIT_D
503,0.8329768523578878,1,True,0,28,x_R01_EXIT_H | x_R02_EXIT_F | x_R03_EXIT_B | x_R04_EXIT_E | x_R05_EXIT_STAIRWELL | x_R06_EXIT_STAIRWELL | x_R07_EXIT_B | x_R08_EXIT_H | x_R09_EXIT_E | x_R10_EXIT_F | x_R11_EXIT_F | x_R12_EXIT_C | x_R13_EXIT_H | x_R14_EXIT_E | x_R15_EXIT_G | x_R16_EXIT_B | x_R20_EXIT_STAIRWELL | x_R24_EXIT_F | x_R25_EXIT_H | x_R28_EXIT_G | x_R29_EXIT_H | x_R30_EXIT_D | x_R31_EXIT_B | x_R32_EXIT_H | x_R33_EXIT_G | x_R34_EXIT_A | x_R35_EXIT_G | x_R36_EXIT_H
504,0.8332581431870949,1,True,0,28,x_R01_EXIT_E | x_R02_EXIT_STAIRWELL | x_R03_EXIT_H | x_R04_EXIT_C | x_R05_EXIT_E | x_R06_EXIT_D | x_R07_EXIT_A | x_R08_EXIT_H | x_R09_EXIT_H | x_R10_EXIT_B | x_R11_EXIT_H | x_R12_EXIT_A | x_R13_EXIT_A | x_R14_EXIT_E | x_R15_EXIT_B | x_R16_EXIT_G | x_R20_EXIT_G | x_R24_EXIT_B | x_R25_EXIT_H | x_R28_EXIT_G | x_R29_EXIT_STAIRWELL | x_R30_EXIT_A | x_R31_EXIT_G | x_R32_EXIT_G | x_R33_EXIT_D | x_R34_EXIT_G | x_R35_EXIT_E | x_R36_EXIT_STAIRWELL
505,0.8333414036230806,1,True,0,28,x_R01_EXIT_C | x_R02_EXIT_B | x_R03_EXIT_C | x_R04_EXIT_A | x_R05_EXIT_D | x_R06_EXIT_STAIRWELL | x_R07_EXIT_STAIRWELL | x_R08_EXIT_F | x_R09_EXIT_B | x_R10_EXIT_F | x_R11_EXIT_D | x_R12_EXIT_H | x_R13_EXIT_F | x_R14_EXIT_STAIRWELL | x_R15_EXIT_G | x_R16_EXIT_STAIRWELL | x_R20_EXIT_D | x_R24_EXIT_STAIRWELL | x_R25_EXIT_C | x_R28_EXIT_F | x_R29_EXIT_A | x_R30_EXIT_F | x_R31_EXIT_A | x_R32_EXIT_A | x_R33_EXIT_G | x_R34_EXIT_G | x_R35_EXIT_E | x_R36_EXIT_STAIRWELL
506,0.8336588403766427,1,True,0,28,x_R01_EXIT_C | x_R02_EXIT_H | x_R03_EXIT_H | x_R04_EXIT_STAIRWELL | x_R05_EXIT_G | x_R06_EXIT_F | x_R07_EXIT_STAIRWELL | x_R08_EXIT_B | x_R09_EXIT_B | x_R10_EXIT_A | x_R11_EXIT_C | x_R12_EXIT_E | x_R13_EXIT_B | x_R14_EXIT_D | x_R15_EXIT_F | x_R16_EXIT_C | x_R20_EXIT_B | x_R24_EXIT_C | x_R25_EXIT_F | x_R28_EXIT_H | x_R29_EXIT_B | x_R30_EXIT_G | x_R31_EXIT_F | x_R32_EXIT_H | x_R33_EXIT_STAIRWELL | x_R34_EXIT_H | x_R35_EXIT_G | x_R36_EXIT_F
507,0.8337616972894466,1,True,0,28,x_R01_EXIT_G | x_R02_EXIT_D | x_R03_EXIT_A | x_R04_EXIT_H | x_R05_EXIT_B | x_R06_EXIT_F | x_R07_EXIT_C | x_R08_EXIT_E | x_R09_EXIT_F | x_R10_EXIT_G | x_R11_EXIT_STAIRWELL | x_R12_EXIT_A | x_R13_EXIT_STAIRWELL | x_R14_EXIT_D | x_R15_EXIT_D | x_R16_EXIT_C | x_R20_EXIT_STAIRWELL | x_R24_EXIT_E | x_R25_EXIT_D | x_R28_EXIT_D | x_R29_EXIT_E | x_R30_EXIT_B | x_R31_EXIT_G | x_R32_EXIT_STAIRWELL | x_R33_EXIT_F | x_R34_EXIT_B | x_R35_EXIT_E | x_R36_EXIT_B
508,0.8340054065832874,1,True,0,28,x_R01_EXIT_F | x_R02_EXIT_G | x_R03_EXIT_G | x_R04_EXIT_B | x_R05_EXIT_C | x_R06_EXIT_STAIRWELL | x_R07_EXIT_A | x_R08_EXIT_C | x_R09_EXIT_B | x_R10_EXIT_H | x_R11_EXIT_C | x_R12_EXIT_B | x_R13_EXIT_B | x_R14_EXIT_C | x_R15_EXIT_G | x_R16_EXIT_B | x_R20_EXIT_C | x_R24_EXIT_D | x_R25_EXIT_F | x_R28_EXIT_H | x_R29_EXIT_E | x_R30_EXIT_H | x_R31_EXIT_B | x_R32_EXIT_G | x_R33_EXIT_H | x_R34_EXIT_D | x_R35_EXIT_C | x_R36_EXIT_STAIRWELL
509,0.8341832057618603,1,True,0,28,x_R01_EXIT_F | x_R02_EXIT_A | x_R03_EXIT_STAIRWELL | x_R04_EXIT_STAIRWELL | x_R05_EXIT_A | x_R06_EXIT_A | x_R07_EXIT_C | x_R08_EXIT_G | x_R09_EXIT_F | x_R10_EXIT_D | x_R11_EXIT_B | x_R12_EXIT_E | x_R13_EXIT_A | x_R14_EXIT_G | x_R15_EXIT_STAIRWELL | x_R16_EXIT_C | x_R20_EXIT_E | x_R24_EXIT_H | x_R25_EXIT_A | x_R28_EXIT_G | x_R29_EXIT_D | x_R30_EXIT_C | x_R31_EXIT_C | x_R32_EXIT_B | x_R33_EXIT_C | x_R34_EXIT_STAIRWELL | x_R35_EXIT_D | x_R36_EXIT_G
510,0.8348760310312286,1,True,0,28,x_R01_EXIT_E | x_R02_EXIT_B | x_R03_EXIT_F | x_R04_EXIT_H | x_R05_EXIT_H | x_R06_EXIT_H | x_R07_EXIT_D | x_R08_EXIT_F | x_R09_EXIT_H | x_R10_EXIT_B | x_R11_EXIT_H | x_R12_EXIT_C | x_R13_EXIT_E | x_R14_EXIT_B | x_R15_EXIT_D | x_R16_EXIT_G | x_R20_EXIT_E | x_R24_EXIT_F | x_R25_EXIT_B | x_R28_EXIT_B | x_R29_EXIT_F | x_R30_EXIT_F | x_R31_EXIT_F | x_R32_EXIT_E | x_R33_EXIT_STAIRWELL | x_R34_EXIT_G | x_R35_EXIT_STAIRWELL | x_R36_EXIT_C
511,0.8352950076471757,1,True,0,28,x_R01_EXIT_H | x_R02_EXIT_B | x_R03_EXIT_C | x_R04_EXIT_A | x_R05_EXIT_D | x_R06_EXIT_F | x_R07_EXIT_H | x_R08_EXIT_A | x_R09_EXIT_H | x_R10_EXIT_A | x_R11_EXIT_E | x_R12_EXIT_F | x_R13_EXIT_STAIRWELL | x_R14_EXIT_F | x_R15_EXIT_F | x_R16_EXIT_H | x_R20_EXIT_C | x_R24_EXIT_B | x_R25_EXIT_G | x_R28_EXIT_F | x_R29_EXIT_C | x_R30_EXIT_H | x_R31_EXIT_A | x_R32_EXIT_G | x_R33_EXIT_B | x_R34_EXIT_STAIRWELL | x_R35_EXIT_STAIRWELL | x_R36_EXIT_H
512,0.8355373135634068,1,True,0,28,x_R01_EXIT_H | x_R02_EXIT_F | x_R03_EXIT_H | x_R04_EXIT_STAIRWELL | x_R05_EXIT_B | x_R06_EXIT_C | x_R07_EXIT_B | x_R08_EXIT_STAIRWELL | x_R09_EXIT_A | x_R10_EXIT_STAIRWELL | x_R11_EXIT_H | x_R12_EXIT_G | x_R13_EXIT_H | x_R14_EXIT_F | x_R15_EXIT_A | x_R16_EXIT_B | x_R20_EXIT_C | x_R24_EXIT_STAIRWELL | x_R25_EXIT_B | x_R28_EXIT_D | x_R29_EXIT_A | x_R30_EXIT_STAIRWELL | x_R31_EXIT_G | x_R32_EXIT_E | x_R33_EXIT_H | x_R34_EXIT_B | x_R35_EXIT_C | x_R36_EXIT_E
513,0.8357448590364811,1,True,0,28,x_R01_EXIT_E | x_R02_EXIT_H | x_R03_EXIT_H | x_R04_EXIT_D | x_R05_EXIT_C | x_R06_EXIT_C | x_R07_EXIT_F | x_R08_EXIT_D | x_R09_EXIT_B | x_R10_EXIT_C | x_R11_EXIT_H | x_R12_EXIT_B | x_R13_EXIT_STAIRWELL | x_R14_EXIT_B | x_R15_EXIT_H | x_R16_EXIT_C | x_R20_EXIT_B | x_R24_EXIT_G | x_R25_EXIT_A | x_R28_EXIT_E | x_R29_EXIT_STAIRWELL | x_R30_EXIT_H | x_R31_EXIT_A | x_R32_EXIT_C | x_R33_EXIT_F | x_R34_EXIT_A | x_R35_EXIT_F | x_R36_EXIT_F
514,0.8361272665830484,1,True,0,28,x_R01_EXIT_C | x_R02_EXIT_B | x_R03_EXIT_C | x_R04_EXIT_C | x_R05_EXIT_F | x_R06_EXIT_STAIRWELL | x_R07_EXIT_G | x_R08_EXIT_STAIRWELL | x_R09_EXIT_F | x_R10_EXIT_F | x_R11_EXIT_E | x_R12_EXIT_H | x_R13_EXIT_A | x_R14_EXIT_D | x_R15_EXIT_A | x_R16_EXIT_E | x_R20_EXIT_B | x_R24_EXIT_G | x_R25_EXIT_D | x_R28_EXIT_A | x_R29_EXIT_E | x_R30_EXIT_E | x_R31_EXIT_F | x_R32_EXIT_G | x_R33_EXIT_A | x_R34_EXIT_STAIRWELL | x_R35_EXIT_A | x_R36_EXIT_B
515,0.8362227078608839,1,True,0,28,x_R01_EXIT_F | x_R02_EXIT_F | x_R03_EXIT_H | x_R04_EXIT_A | x_R05_EXIT_G | x_R06_EXIT_G | x_R07_EXIT_F | x_R08_EXIT_C | x_R09_EXIT_G | x_R10_EXIT_C | x_R11_EXIT_B | x_R12_EXIT_E | x_R13_EXIT_G | x_R14_EXIT_STAIRWELL | x_R15_EXIT_C | x_R16_EXIT_B | x_R20_EXIT_STAIRWELL | x_R24_EXIT_F | x_R25_EXIT_F | x_R28_EXIT_F | x_R29_EXIT_STAIRWELL | x_R30_EXIT_D | x_R31_EXIT_C | x_R32_EXIT_D | x_R33_EXIT_G | x_R34_EXIT_F | x_R35_EXIT_C | x_R36_EXIT_STAIRWELL
516,0.836304029307712,1,True,0,28,x_R01_EXIT_F | x_R02_EXIT_STAIRWELL | x_R03_EXIT_F | x_R04_EXIT_H | x_R05_EXIT_E | x_R06_EXIT_D | x_R07_EXIT_H | x_R08_EXIT_C | x_R09_EXIT_E | x_R10_EXIT_C | x_R11_EXIT_C | x_R12_EXIT_F | x_R13_EXIT_H | x_R14_EXIT_STAIRWELL | x_R15_EXIT_B | x_R16_EXIT_G | x_R20_EXIT_F | x_R24_EXIT_B | x_R25_EXIT_D | x_R28_EXIT_H | x_R29_EXIT_D | x_R30_EXIT_E | x_R31_EXIT_STAIRWELL | x_R32_EXIT_B | x_R33_EXIT_A | x_R34_EXIT_B | x_R35_EXIT_H | x_R36_EXIT_H
517,0.8364832855421014,1,True,0,28,x_R01_EXIT_G | x_R02_EXIT_C | x_R03_EXIT_G | x_R04_EXIT_E | x_R05_EXIT_STAIRWELL | x_R06_EXIT_E | x_R07_EXIT_G | x_R08_EXIT_C | x_R09_EXIT_H | x_R10_EXIT_C | x_R11_EXIT_H | x_R12_EXIT_C | x_R13_EXIT_A | x_R14_EXIT_STAIRWELL | x_R15_EXIT_C | x_R16_EXIT_STAIRWELL | x_R20_EXIT_D | x_R24_EXIT_G | x_R25_EXIT_D | x_R28_EXIT_G | x_R29_EXIT_F | x_R30_EXIT_C | x_R31_EXIT_F | x_R32_EXIT_STAIRWELL | x_R33_EXIT_C | x_R34_EXIT_A | x_R35_EXIT_F | x_R36_EXIT_B
518,0.8365867669641034,1,True,0,28,x_R01_EXIT_STAIRWELL | x_R02_EXIT_STAIRWELL | x_R03_EXIT_F | x_R04_EXIT_B | x_R05_EXIT_STAIRWELL | x_R06_EXIT_E | x_R07_EXIT_D | x_R08_EXIT_D | x_R09_EXIT_STAIRWELL | x_R10_EXIT_G | x_R11_EXIT_H | x_R12_EXIT_C | x_R13_EXIT_H | x_R14_EXIT_F | x_R15_EXIT_C | x_R16_EXIT_E | x_R20_EXIT_A | x_R24_EXIT_B | x_R25_EXIT_D | x_R28_EXIT_A | x_R29_EXIT_B | x_R30_EXIT_STAIRWELL | x_R31_EXIT_C | x_R32_EXIT_B | x_R33_EXIT_F | x_R34_EXIT_C | x_R35_EXIT_B | x_R36_EXIT_STAIRWELL
519,0.8366670545073589,1,True,0,28,x_R01_EXIT_F | x_R02_EXIT_H | x_R03_EXIT_F | x_R04_EXIT_A | x_R05_EXIT_F | x_R06_EXIT_H | x_R07_EXIT_B | x_R08_EXIT_B | x_R09_EXIT_G | x_R10_EXIT_G | x_R11_EXIT_A | x_R12_EXIT_D | x_R13_EXIT_D | x_R14_EXIT_B | x_R15_EXIT_STAIRWELL | x_R16_EXIT_C | x_R20_EXIT_C | x_R24_EXIT_STAIRWELL | x_R25_EXIT_H | x_R28_EXIT_C | x_R29_EXIT_F | x_R30_EXIT_STAIRWELL | x_R31_EXIT_G | x_R32_EXIT_C | x_R33_EXIT_A | x_R34_EXIT_B | x_R35_EXIT_H | x_R36_EXIT_STAIRWELL
520,0.8366983805479435,1,True,0,28,x_R01_EXIT_D | x_R02_EXIT_B | x_R03_EXIT_B | x_R04_EXIT_D | x_R05_EXIT_E | x_R06_EXIT_F | x_R07_EXIT_G | x_R08_EXIT_H | x_R09_EXIT_C | x_R10_EXIT_D | x_R11_EXIT_D | x_R12_EXIT_C | x_R13_EXIT_B | x_R14_EXIT_B | x_R15_EXIT_G | x_R16_EXIT_G | x_R20_EXIT_E | x_R24_EXIT_STAIRWELL | x_R25_EXIT_H | x_R28_EXIT_H | x_R29_EXIT_F | x_R30_EXIT_E | x_R31_EXIT_D | x_R32_EXIT_G | x_R33_EXIT_STAIRWELL | x_R34_EXIT_A | x_R35_EXIT_B | x_R36_EXIT_E
521,0.8370212658122114,1,True,0,28,x_R01_EXIT_STAIRWELL | x_R02_EXIT_STAIRWELL | x_R03_EXIT_F | x_R04_EXIT_D | x_R05_EXIT_STAIRWELL | x_R06_EXIT_B | x_R07_EXIT_STAIRWELL | x_R08_EXIT_STAIRWELL | x_R09_EXIT_G | x_R10_EXIT_C | x_R11_EXIT_D | x_R12_EXIT_B | x_R13_EXIT_C | x_R14_EXIT_B | x_R15_EXIT_C | x_R16_EXIT_F | x_R20_EXIT_F | x_R24_EXIT_B | x_R25_EXIT_A | x_R28_EXIT_D | x_R29_EXIT_A | x_R30_EXIT_B | x_R31_EXIT_E | x_R32_EXIT_D | x_R33_EXIT_F | x_R34_EXIT_G | x_R35_EXIT_H | x_R36_EXIT_H
522,0.837077500380758,1,True,0,28,x_R01_EXIT_G | x_R02_EXIT_H | x_R03_EXIT_H | x_R04_EXIT_C | x_R05_EXIT_G | x_R06_EXIT_C | x_R07_EXIT_C | x_R08_EXIT_STAIRWELL | x_R09_EXIT_C | x_R10_EXIT_B | x_R11_EXIT_C | x_R12_EXIT_STAIRWELL | x_R13_EXIT_STAIRWELL | x_R14_EXIT_STAIRWELL | x_R15_EXIT_H | x_R16_EXIT_D | x_R20_EXIT_E | x_R24_EXIT_STAIRWELL | x_R25_EXIT_H | x_R28_EXIT_A | x_R29_EXIT_A | x_R30_EXIT_F | x_R31_EXIT_H | x_R32_EXIT_F | x_R33_EXIT_B | x_R34_EXIT_H | x_R35_EXIT_E | x_R36_EXIT_E
523,0.8371195639869029,1,True,0,28,x_R01_EXIT_E | x_R02_EXIT_A | x_R03_EXIT_C | x_R04_EXIT_E | x_R05_EXIT_H | x_R06_EXIT_F | x_R07_EXIT_STAIRWELL | x_R08_EXIT_E | x_R09_EXIT_H | x_R10_EXIT_H | x_R11_EXIT_A | x_R12_EXIT_G | x_R13_EXIT_E | x_R14_EXIT_C | x_R15_EXIT_B | x_R16_EXIT_G | x_R20_EXIT_STAIRWELL | x_R24_EXIT_F | x_R25_EXIT_B | x_R28_EXIT_STAIRWELL | x_R29_EXIT_STAIRWELL | x_R30_EXIT_G | x_R31_EXIT_C | x_R32_EXIT_H | x_R33_EXIT_H | x_R34_EXIT_E | x_R35_EXIT_A | x_R36_EXIT_B
524,0.8371409476538929,1,True,0,28,x_R01_EXIT_A | x_R02_EXIT_E | x_R03_EXIT_E | x_R04_EXIT_D | x_R05_EXIT_F | x_R06_EXIT_H | x_R07_EXIT_B | x_R08_EXIT_D | x_R09_EXIT_H | x_R10_EXIT_C | x_R11_EXIT_C | x_R12_EXIT_D | x_R13_EXIT_B | x_R14_EXIT_F | x_R15_EXIT_STAIRWELL | x_R16_EXIT_STAIRWELL | x_R20_EXIT_E | x_R24_EXIT_B | x_R25_EXIT_C | x_R28_EXIT_STAIRWELL | x_R29_EXIT_H | x_R30_EXIT_A | x_R31_EXIT_D | x_R32_EXIT_C | x_R33_EXIT_F | x_R34_EXIT_G | x_R35_EXIT_STAIRWELL | x_R36_EXIT_E
525,0.8373199820852619,1,True,0,28,x_R01_EXIT_STAIRWELL | x_R02_EXIT_A | x_R03_EXIT_A | x_R04_EXIT_G | x_R05_EXIT_B | x_R06_EXIT_E | x_R07_EXIT_G | x_R08_EXIT_C | x_R09_EXIT_E | x_R10_EXIT_C | x_R11_EXIT_F | x_R12_EXIT_A | x_R13_EXIT_G | x_R14_EXIT_G | x_R15_EXIT_D | x_R16_EXIT_F | x_R20_EXIT_STAIRWELL | x_R24_EXIT_STAIRWELL | x_R25_EXIT_STAIRWELL | x_R28_EXIT_E | x_R29_EXIT_E | x_R30_EXIT_C | x_R31_EXIT_B | x_R32_EXIT_F | x_R33_EXIT_STAIRWELL | x_R34_EXIT_D | x_R35_EXIT_G | x_R36_EXIT_B
526,0.8373713977669581,1,True,0,28,x_R01_EXIT_G | x_R02_EXIT_E | x_R03_EXIT_E | x_R04_EXIT_C | x_R05_EXIT_C | x_R06_EXIT_E | x_R07_EXIT_H | x_R08_EXIT_B | x_R09_EXIT_H | x_R10_EXIT_D | x_R11_EXIT_A | x_R12_EXIT_B | x_R13_EXIT_STAIRWELL | x_R14_EXIT_C | x_R15_EXIT_C | x_R16_EXIT_B | x_R20_EXIT_F | x_R24_EXIT_D | x_R25_EXIT_B | x_R28_EXIT_H | x_R29_EXIT_E | x_R30_EXIT_C | x_R31_EXIT_STAIRWELL | x_R32_EXIT_B | x_R33_EXIT_H | x_R34_EXIT_G | x_R35_EXIT_A | x_R36_EXIT_C
527,0.8374461984558366,1,True,0,28,x_R01_EXIT_G | x_R02_EXIT_STAIRWELL | x_R03_EXIT_G | x_R04_EXIT_E | x_R05_EXIT_H | x_R06_EXIT_H | x_R07_EXIT_STAIRWELL | x_R08_EXIT_A | x_R09_EXIT_D | x_R10_EXIT_A | x_R11_EXIT_C | x_R12_EXIT_STAIRWELL | x_R13_EXIT_A | x_R14_EXIT_C | x_R15_EXIT_E | x_R16_EXIT_D | x_R20_EXIT_E | x_R24_EXIT_STAIRWELL | x_R25_EXIT_F | x_R28_EXIT_D | x_R29_EXIT_H | x_R30_EXIT_A | x_R31_EXIT_C | x_R32_EXIT_STAIRWELL | x_R33_EXIT_C | x_R34_EXIT_E | x_R35_EXIT_C | x_R36_EXIT_H
528,0.8374767977445003,1,True,0,28,x_R01_EXIT_B | x_R02_EXIT_STAIRWELL | x_R03_EXIT_A | x_R04_EXIT_A | x_R05_EXIT_D | x_R06_EXIT_A | x_R07_EXIT_F | x_R08_EXIT_G | x_R09_EXIT_STAIRWELL | x_R10_EXIT_A | x_R11_EXIT_D | x_R12_EXIT_E | x_R13_EXIT_B | x_R14_EXIT_D | x_R15_EXIT_H | x_R16_EXIT_B | x_R20_EXIT_B | x_R24_EXIT_C | x_R25_EXIT_H | x_R28_EXIT_E | x_R29_EXIT_H | x_R30_EXIT_F | x_R31_EXIT_D | x_R32_EXIT_A | x_R33_EXIT_G | x_R34_EXIT_G | x_R35_EXIT_H | x_R36_EXIT_STAIRWELL
529,0.8381746253692768,1,True,0,28,x_R01_EXIT_D | x_R02_EXIT_G | x_R03_EXIT_F | x_R04_EXIT_STAIRWELL | x_R05_EXIT_C | x_R06_EXIT_C | x_R07_EXIT_B | x_R08_EXIT_C | x_R09_EXIT_STAIRWELL | x_R10_EXIT_B | x_R11_EXIT_C | x_R12_EXIT_F | x_R13_EXIT_D | x_R14_EXIT_F | x_R15_EXIT_F | x_R16_EXIT_STAIRWELL | x_R20_EXIT_A | x_R24_EXIT_B | x_R25_EXIT_E | x_R28_EXIT_G | x_R29_EXIT_H | x_R30_EXIT_B | x_R31_EXIT_D | x_R32_EXIT_A | x_R33_EXIT_D | x_R34_EXIT_E | x_R35_EXIT_D | x_R36_EXIT_A
530,0.838373689649643,1,True,0,28,x_R01_EXIT_D | x_R02_EXIT_D | x_R03_EXIT_B | x_R04_EXIT_H | x_R05_EXIT_H | x_R06_EXIT_B | x_R07_EXIT_A | x_R08_EXIT_F | x_R09_EXIT_H | x_R10_EXIT_C | x_R11_EXIT_H | x_R12_EXIT_A | x_R13_EXIT_STAIRWELL | x_R14_EXIT_A | x_R15_EXIT_C | x_R16_EXIT_H | x_R20_EXIT_E | x_R24_EXIT_C | x_R25_EXIT_E | x_R28_EXIT_E | x_R29_EXIT_H | x_R30_EXIT_B | x_R31_EXIT_D | x_R32_EXIT_F | x_R33_EXIT_H | x_R34_EXIT_STAIRWELL | x_R35_EXIT_STAIRWELL | x_R36_EXIT_E
531,0.8384981188134475,1,True,0,28,x_R01_EXIT_B | x_R02_EXIT_E | x_R03_EXIT_F | x_R04_EXIT_B | x_R05_EXIT_G | x_R06_EXIT_B | x_R07_EXIT_D | x_R08_EXIT_C | x_R09_EXIT_C | x_R10_EXIT_C | x_R11_EXIT_A | x_R12_EXIT_E | x_R13_EXIT_D | x_R14_EXIT_E | x_R15_EXIT_F | x_R16_EXIT_F | x_R20_EXIT_D | x_R24_EXIT_F | x_R25_EXIT_H | x_R28_EXIT_H | x_R29_EXIT_H | x_R30_EXIT_A | x_R31_EXIT_F | x_R32_EXIT_E | x_R33_EXIT_G | x_R34_EXIT_D | x_R35_EXIT_A | x_R36_EXIT_G
532,0.8387030445409209,1,True,0,28,x_R01_EXIT_H | x_R02_EXIT_A | x_R03_EXIT_H | x_R04_EXIT_D | x_R05_EXIT_D | x_R06_EXIT_E | x_R07_EXIT_A | x_R08_EXIT_D | x_R09_EXIT_C | x_R10_EXIT_G | x_R11_EXIT_F | x_R12_EXIT_A | x_R13_EXIT_F | x_R14_EXIT_H | x_R15_EXIT_B | x_R16_EXIT_A | x_R20_EXIT_E | x_R24_EXIT_C | x_R25_EXIT_H | x_R28_EXIT_G | x_R29_EXIT_STAIRWELL | x_R30_EXIT_C | x_R31_EXIT_A | x_R32_EXIT_B | x_R33_EXIT_F | x_R34_EXIT_D | x_R35_EXIT_F | x_R36_EXIT_B
533,0.8387079308785701,1,True,0,28,x_R01_EXIT_D | x_R02_EXIT_E | x_R03_EXIT_H | x_R04_EXIT_A | x_R05_EXIT_STAIRWELL | x_R06_EXIT_STAIRWELL | x_R07_EXIT_A | x_R08_EXIT_H | x_R09_EXIT_E | x_R10_EXIT_E | x_R11_EXIT_D | x_R12_EXIT_D | x_R13_EXIT_E | x_R14_EXIT_STAIRWELL | x_R15_EXIT_E | x_R16_EXIT_STAIRWELL | x_R20_EXIT_D | x_R24_EXIT_STAIRWELL | x_R25_EXIT_B | x_R28_EXIT_STAIRWELL | x_R29_EXIT_B | x_R30_EXIT_C | x_R31_EXIT_A | x_R32_EXIT_F | x_R33_EXIT_STAIRWELL | x_R34_EXIT_G | x_R35_EXIT_C | x_R36_EXIT_F
534,0.8387418920029859,1,True,0,28,x_R01_EXIT_E | x_R02_EXIT_G | x_R03_EXIT_A | x_R04_EXIT_B | x_R05_EXIT_A | x_R06_EXIT_C | x_R07_EXIT_A | x_R08_EXIT_G | x_R09_EXIT_C | x_R10_EXIT_C | x_R11_EXIT_C | x_R12_EXIT_A | x_R13_EXIT_B | x_R14_EXIT_B | x_R15_EXIT_E | x_R16_EXIT_G | x_R20_EXIT_D | x_R24_EXIT_F | x_R25_EXIT_D | x_R28_EXIT_G | x_R29_EXIT_E | x_R30_EXIT_E | x_R31_EXIT_E | x_R32_EXIT_A | x_R33_EXIT_F | x_R34_EXIT_A | x_R35_EXIT_D | x_R36_EXIT_B
535,0.8387483335188222,1,True,0,28,x_R01_EXIT_A | x_R02_EXIT_G | x_R03_EXIT_G | x_R04_EXIT_STAIRWELL | x_R05_EXIT_D | x_R06_EXIT_F | x_R07_EXIT_B | x_R08_EXIT_B | x_R09_EXIT_C | x_R10_EXIT_E | x_R11_EXIT_E | x_R12_EXIT_C | x_R13_EXIT_C | x_R14_EXIT_F | x_R15_EXIT_B | x_R16_EXIT_D | x_R20_EXIT_A | x_R24_EXIT_E | x_R25_EXIT_D | x_R28_EXIT_STAIRWELL | x_R29_EXIT_B | x_R30_EXIT_E | x_R31_EXIT_F | x_R32_EXIT_F | x_R33_EXIT_D | x_R34_EXIT_A | x_R35_EXIT_E | x_R36_EXIT_D
536,0.8388372923868133,1,True,0,28,x_R01_EXIT_F | x_R02_EXIT_A | x_R03_EXIT_D | x_R04_EXIT_C | x_R05_EXIT_C | x_R06_EXIT_D | x_R07_EXIT_E | x_R08_EXIT_E | x_R09_EXIT_A | x_R10_EXIT_H | x_R11_EXIT_STAIRWELL | x_R12_EXIT_A | x_R13_EXIT_G | x_R14_EXIT_G | x_R15_EXIT_A | x_R16_EXIT_STAIRWELL | x_R20_EXIT_C | x_R24_EXIT_F | x_R25_EXIT_C | x_R28_EXIT_D | x_R29_EXIT_F | x_R30_EXIT_H | x_R31_EXIT_B | x_R32_EXIT_F | x_R33_EXIT_G | x_R34_EXIT_H | x_R35_EXIT_B | x_R36_EXIT_G
537,0.8389719148338486,1,True,0,28,x_R01_EXIT_F | x_R02_EXIT_H | x_R03_EXIT_H | x_R04_EXIT_D | x_R05_EXIT_B | x_R06_EXIT_D | x_R07_EXIT_STAIRWELL | x_R08_EXIT_C | x_R09_EXIT_H | x_R10_EXIT_A | x_R11_EXIT_A | x_R12_EXIT_STAIRWELL | x_R13_EXIT_G | x_R14_EXIT_E | x_R15_EXIT_STAIRWELL | x_R16_EXIT_D | x_R20_EXIT_C | x_R24_EXIT_F | x_R25_EXIT_STAIRWELL | x_R28_EXIT_D | x_R29_EXIT_H | x_R30_EXIT_E | x_R31_EXIT_D | x_R32_EXIT_B | x_R33_EXIT_G | x_R34_EXIT_B | x_R35_EXIT_D | x_R36_EXIT_F
538,0.8390292814137297,1,True,0,28,x_R01_EXIT_C | x_R02_EXIT_A | x_R03_EXIT_G | x_R04_EXIT_A | x_R05_EXIT_A | x_R06_EXIT_H | x_R07_EXIT_F | x_R08_EXIT_E | x_R09_EXIT_H | x_R10_EXIT_B | x_R11_EXIT_C | x_R12_EXIT_STAIRWELL | x_R13_EXIT_E | x_R14_EXIT_F | x_R15_EXIT_STAIRWELL | x_R16_EXIT_STAIRWELL | x_R20_EXIT_B | x_R24_EXIT_G | x_R25_EXIT_B | x_R28_EXIT_D | x_R29_EXIT_H | x_R30_EXIT_D | x_R31_EXIT_H | x_R32_EXIT_STAIRWELL | x_R33_EXIT_STAIRWELL | x_R34_EXIT_C | x_R35_EXIT_A | x_R36_EXIT_C
539,0.8390298333692954,1,True,0,28,x_R01_EXIT_C | x_R02_EXIT_D | x_R03_EXIT_STAIRWELL | x_R04_EXIT_B | x_R05_EXIT_G | x_R06_EXIT_STAIRWELL | x_R07_EXIT_A | x_R08_EXIT_STAIRWELL | x_R09_EXIT_E | x_R10_EXIT_F | x_R11_EXIT_A | x_R12_EXIT_A | x_R13_EXIT_D | x_R14_EXIT_E | x_R15_EXIT_D | x_R16_EXIT_C | x_R20_EXIT_A | x_R24_EXIT_F | x_R25_EXIT_G | x_R28_EXIT_H | x_R29_EXIT_E | x_R30_EXIT_F | x_R31_EXIT_H | x_R32_EXIT_G | x_R33_EXIT_H | x_R34_EXIT_F | x_R35_EXIT_A | x_R36_EXIT_F
540,0.8390369837479739,1,True,0,28,x_R01_EXIT_D | x_R02_EXIT_STAIRWELL | x_R03_EXIT_C | x_R04_EXIT_STAIRWELL | x_R05_EXIT_STAIRWELL | x_R06_EXIT_A | x_R07_EXIT_F | x_R08_EXIT_E | x_R09_EXIT_D | x_R10_EXIT_B | x_R11_EXIT_D | x_R12_EXIT_H | x_R13_EXIT_H | x_R14_EXIT_A | x_R15_EXIT_A | x_R16_EXIT_A | x_R20_EXIT_STAIRWELL | x_R24_EXIT_H | x_R25_EXIT_B | x_R28_EXIT_F | x_R29_EXIT_G | x_R30_EXIT_A | x_R31_EXIT_C | x_R32_EXIT_C | x_R33_EXIT_STAIRWELL | x_R34_EXIT_A | x_R35_EXIT_D | x_R36_EXIT_F
541,0.8390620185072635,1,True,0,28,x_R01_EXIT_F | x_R02_EXIT_D | x_R03_EXIT_STAIRWELL | x_R04_EXIT_B | x_R05_EXIT_B | x_R06_EXIT_STAIRWELL | x_R07_EXIT_D | x_R08_EXIT_F | x_R09_EXIT_H | x_R10_EXIT_A | x_R11_EXIT_STAIRWELL | x_R12_EXIT_STAIRWELL | x_R13_EXIT_STAIRWELL | x_R14_EXIT_E | x_R15_EXIT_STAIRWELL | x_R16_EXIT_E | x_R20_EXIT_D | x_R24_EXIT_H | x_R25_EXIT_STAIRWELL | x_R28_EXIT_B | x_R29_EXIT_C | x_R30_EXIT_F | x_R31_EXIT_H | x_R32_EXIT_STAIRWELL | x_R33_EXIT_D | x_R34_EXIT_D | x_R35_EXIT_D | x_R36_EXIT_STAIRWELL
542,0.8391018231851035,1,True,0,28,x_R01_EXIT_D | x_R02_EXIT_STAIRWELL | x_R03_EXIT_F | x_R04_EXIT_B | x_R05_EXIT_STAIRWELL | x_R06_EXIT_A | x_R07_EXIT_STAIRWELL | x_R08_EXIT_A | x_R09_EXIT_E | x_R10_EXIT_STAIRWELL | x_R11_EXIT_F | x_R12_EXIT_F | x_R13_EXIT_G | x_R14_EXIT_C | x_R15_EXIT_D | x_R16_EXIT_STAIRWELL | x_R20_EXIT_G | x_R24_EXIT_A | x_R25_EXIT_B | x_R28_EXIT_C | x_R29_EXIT_G | x_R30_EXIT_E | x_R31_EXIT_D | x_R32_EXIT_B | x_R33_EXIT_G | x_R34_EXIT_F | x_R35_EXIT_C | x_R36_EXIT_F
543,0.8391739903563575,1,True,0,28,x_R01_EXIT_H | x_R02_EXIT_C | x_R03_EXIT_H | x_R04_EXIT_G | x_R05_EXIT_H | x_R06_EXIT_D | x_R07_EXIT_H | x_R08_EXIT_E | x_R09_EXIT_G | x_R10_EXIT_E | x_R11_EXIT_C | x_R12_EXIT_E | x_R13_EXIT_B | x_R14_EXIT_G | x_R15_EXIT_C | x_R16_EXIT_D | x_R20_EXIT_G | x_R24_EXIT_H | x_R25_EXIT_D | x_R28_EXIT_A | x_R29_EXIT_H | x_R30_EXIT_G | x_R31_EXIT_STAIRWELL | x_R32_EXIT_G | x_R33_EXIT_STAIRWELL | x_R34_EXIT_D | x_R35_EXIT_A | x_R36_EXIT_B
544,0.8392954082836468,1,True,0,28,x_R01_EXIT_F | x_R02_EXIT_G | x_R03_EXIT_G | x_R04_EXIT_F | x_R05_EXIT_B | x_R06_EXIT_D | x_R07_EXIT_E | x_R08_EXIT_G | x_R09_EXIT_A | x_R10_EXIT_F | x_R11_EXIT_D | x_R12_EXIT_D | x_R13_EXIT_D | x_R14_EXIT_D | x_R15_EXIT_G | x_R16_EXIT_STAIRWELL | x_R20_EXIT_H | x_R24_EXIT_H | x_R25_EXIT_B | x_R28_EXIT_F | x_R29_EXIT_A | x_R30_EXIT_C | x_R31_EXIT_STAIRWELL | x_R32_EXIT_E | x_R33_EXIT_F | x_R34_EXIT_STAIRWELL | x_R35_EXIT_H | x_R36_EXIT_H
545,0.8395149255770207,1,True,0,28,x_R01_EXIT_F | x_R02_EXIT_STAIRWELL | x_R03_EXIT_D | x_R04_EXIT_H | x_R05_EXIT_F | x_R06_EXIT_F | x_R07_EXIT_D | x_R08_EXIT_E | x_R09_EXIT_H | x_R10_EXIT_E | x_R11_EXIT_A | x_R12_EXIT_F | x_R13_EXIT_E | x_R14_EXIT_F | x_R15_EXIT_E | x_R16_EXIT_D | x_R20_EXIT_D | x_R24_EXIT_G | x_R25_EXIT_H | x_R28_EXIT_F | x_R29_EXIT_STAIRWELL | x_R30_EXIT_STAIRWELL | x_R31_EXIT_D | x_R32_EXIT_F | x_R33_EXIT_B | x_R34_EXIT_C | x_R35_EXIT_D | x_R36_EXIT_STAIRWELL
546,0.8395190534998278,1,True,0,28,x_R01_EXIT_D | x_R02_EXIT_H | x_R03_EXIT_G | x_R04_EXIT_C | x_R05_EXIT_H | x_R06_EXIT_D | x_R07_EXIT_C | x_R08_EXIT_F | x_R09_EXIT_STAIRWELL | x_R10_EXIT_C | x_R11_EXIT_D | x_R12_EXIT_E | x_R13_EXIT_H | x_R14_EXIT_A | x_R15_EXIT_B | x_R16_EXIT_STAIRWELL | x_R20_EXIT_E | x_R24_EXIT_B | x_R25_EXIT_STAIRWELL | x_R28_EXIT_B | x_R29_EXIT_G | x_R30_EXIT_C | x_R31_EXIT_G | x_R32_EXIT_B | x_R33_EXIT_B | x_R34_EXIT_D | x_R35_EXIT_F | x_R36_EXIT_B
547,0.8395765882109458,1,True,0,28,x_R01_EXIT_G | x_R02_EXIT_D | x_R03_EXIT_C | x_R04_EXIT_C | x_R05_EXIT_STAIRWELL | x_R06_EXIT_D | x_R07_EXIT_C | x_R08_EXIT_H | x_R09_EXIT_D | x_R10_EXIT_D | x_R11_EXIT_E | x_R12_EXIT_H | x_R13_EXIT_STAIRWELL | x_R14_EXIT_E | x_R15_EXIT_G | x_R16_EXIT_G | x_R20_EXIT_F | x_R24_EXIT_A | x_R25_EXIT_STAIRWELL | x_R28_EXIT_B | x_R29_EXIT_C | x_R30_EXIT_E | x_R31_EXIT_E | x_R32_EXIT_H | x_R33_EXIT_E | x_R34_EXIT_H | x_R35_EXIT_H | x_R36_EXIT_STAIRWELL
548,0.8396828360680502,1,True,0,28,x_R01_EXIT_F | x_R02_EXIT_STAIRWELL | x_R03_EXIT_D | x_R04_EXIT_C | x_R05_EXIT_B | x_R06_EXIT_B | x_R07_EXIT_C | x_R08_EXIT_F | x_R09_EXIT_STAIRWELL | x_R10_EXIT_A | x_R11_EXIT_E | x_R12_EXIT_F | x_R13_EXIT_A | x_R14_EXIT_H | x_R15_EXIT_D | x_R16_EXIT_E | x_R20_EXIT_H | x_R24_EXIT_A | x_R25_EXIT_F | x_R28_EXIT_C | x_R29_EXIT_H | x_R30_EXIT_E | x_R31_EXIT_G | x_R32_EXIT_D | x_R33_EXIT_STAIRWELL | x_R34_EXIT_STAIRWELL | x_R35_EXIT_E | x_R36_EXIT_D
549,0.8397615454288143,1,True,0,28,x_R01_EXIT_C | x_R02_EXIT_F | x_R03_EXIT_STAIRWELL | x_R04_EXIT_C | x_R05_EXIT_A | x_R06_EXIT_STAIRWELL | x_R07_EXIT_E | x_R08_EXIT_E | x_R09_EXIT_F | x_R10_EXIT_C | x_R11_EXIT_C | x_R12_EXIT_G | x_R13_EXIT_G | x_R14_EXIT_A | x_R15_EXIT_B | x_R16_EXIT_STAIRWELL | x_R20_EXIT_F | x_R24_EXIT_STAIRWELL | x_R25_EXIT_F | x_R28_EXIT_G | x_R29_EXIT_B | x_R30_EXIT_C | x_R31_EXIT_G | x_R32_EXIT_F | x_R33_EXIT_D | x_R34_EXIT_A | x_R35_EXIT_STAIRWELL | x_R36_EXIT_D
550,0.8400151040754054,1,True,0,28,x_R01_EXIT_A | x_R02_EXIT_D | x_R03_EXIT_D | x_R04_EXIT_STAIRWELL | x_R05_EXIT_D | x_R06_EXIT_B | x_R07_EXIT_STAIRWELL | x_R08_EXIT_A | x_R09_EXIT_G | x_R10_EXIT_G | x_R11_EXIT_E | x_R12_EXIT_STAIRWELL | x_R13_EXIT_H | x_R14_EXIT_D | x_R15_EXIT_G | x_R16_EXIT_C | x_R20_EXIT_STAIRWELL | x_R24_EXIT_D | x_R25_EXIT_F | x_R28_EXIT_C | x_R29_EXIT_A | x_R30_EXIT_G | x_R31_EXIT_STAIRWELL | x_R32_EXIT_D | x_R33_EXIT_D | x_R34_EXIT_H | x_R35_EXIT_H | x_R36_EXIT_G
551,0.8402286576857705,1,True,0,28,x_R01_EXIT_H | x_R02_EXIT_H | x_R03_EXIT_H | x_R04_EXIT_F | x_R05_EXIT_STAIRWELL | x_R06_EXIT_G | x_R07_EXIT_A | x_R08_EXIT_C | x_R09_EXIT_G | x_R10_EXIT_A | x_R11_EXIT_F | x_R12_EXIT_C | x_R13_EXIT_B | x_R14_EXIT_G | x_R15_EXIT_D | x_R16_EXIT_E | x_R20_EXIT_STAIRWELL | x_R24_EXIT_C | x_R25_EXIT_H | x_R28_EXIT_E | x_R29_EXIT_H | x_R30_EXIT_A | x_R31_EXIT_B | x_R32_EXIT_STAIRWELL | x_R33_EXIT_C | x_R34_EXIT_H | x_R35_EXIT_A | x_R36_EXIT_STAIRWELL
552,0.840254731454138,1,True,0,28,x_R01_EXIT_H | x_R02_EXIT_B | x_R03_EXIT_B | x_R04_EXIT_H | x_R05_EXIT_G | x_R06_EXIT_F | x_R07_EXIT_C | x_R08_EXIT_D | x_R09_EXIT_G | x_R10_EXIT_G | x_R11_EXIT_C | x_R12_EXIT_E | x_R13_EXIT_G | x_R14_EXIT_STAIRWELL | x_R15_EXIT_F | x_R16_EXIT_H | x_R20_EXIT_STAIRWELL | x_R24_EXIT_B | x_R25_EXIT_A | x_R28_EXIT_D | x_R29_EXIT_E | x_R30_EXIT_B | x_R31_EXIT_E | x_R32_EXIT_STAIRWELL | x_R33_EXIT_F | x_R34_EXIT_H | x_R35_EXIT_H | x_R36_EXIT_A
553,0.8404703707538488,1,True,0,28,x_R01_EXIT_G | x_R02_EXIT_B | x_R03_EXIT_STAIRWELL | x_R04_EXIT_H | x_R05_EXIT_STAIRWELL | x_R06_EXIT_F | x_R07_EXIT_D | x_R08_EXIT_STAIRWELL | x_R09_EXIT_E | x_R10_EXIT_C | x_R11_EXIT_E | x_R12_EXIT_E | x_R13_EXIT_A | x_R14_EXIT_G | x_R15_EXIT_B | x_R16_EXIT_A | x_R20_EXIT_C | x_R24_EXIT_STAIRWELL | x_R25_EXIT_H | x_R28_EXIT_A | x_R29_EXIT_G | x_R30_EXIT_G | x_R31_EXIT_G | x_R32_EXIT_C | x_R33_EXIT_F | x_R34_EXIT_D | x_R35_EXIT_A | x_R36_EXIT_D
554,0.8410909613957074,1,True,0,28,x_R01_EXIT_E | x_R02_EXIT_A | x_R03_EXIT_H | x_R04_EXIT_H | x_R05_EXIT_B | x_R06_EXIT_H | x_R07_EXIT_F | x_R08_EXIT_G | x_R09_EXIT_F | x_R10_EXIT_C | x_R11_EXIT_B | x_R12_EXIT_H | x_R13_EXIT_C | x_R14_EXIT_F | x_R15_EXIT_B | x_R16_EXIT_H | x_R20_EXIT_H | x_R24_EXIT_D | x_R25_EXIT_B | x_R28_EXIT_STAIRWELL | x_R29_EXIT_H | x_R30_EXIT_STAIRWELL | x_R31_EXIT_STAIRWELL | x_R32_EXIT_STAIRWELL | x_R33_EXIT_D | x_R34_EXIT_H | x_R35_EXIT_G | x_R36_EXIT_D
555,0.8411021006749593,1,True,0,28,x_R01_EXIT_H | x_R02_EXIT_G | x_R03_EXIT_D | x_R04_EXIT_A | x_R05_EXIT_H | x_R06_EXIT_STAIRWELL | x_R07_EXIT_H | x_R08_EXIT_E | x_R09_EXIT_D | x_R10_EXIT_B | x_R11_EXIT_A | x_R12_EXIT_H | x_R13_EXIT_H | x_R14_EXIT_STAIRWELL | x_R15_EXIT_STAIRWELL | x_R16_EXIT_STAIRWELL | x_R20_EXIT_E | x_R24_EXIT_H | x_R25_EXIT_E | x_R28_EXIT_STAIRWELL | x_R29_EXIT_E | x_R30_EXIT_A | x_R31_EXIT_G | x_R32_EXIT_STAIRWELL | x_R33_EXIT_B | x_R34_EXIT_E | x_R35_EXIT_C | x_R36_EXIT_D
556,0.841115630226227,1,True,0,28,x_R01_EXIT_D | x_R02_EXIT_B | x_R03_EXIT_STAIRWELL | x_R04_EXIT_A | x_R05_EXIT_D | x_R06_EXIT_A | x_R07_EXIT_E | x_R08_EXIT_F | x_R09_EXIT_C | x_R10_EXIT_C | x_R11_EXIT_B | x_R12_EXIT_A | x_R13_EXIT_F | x_R14_EXIT_E | x_R15_EXIT_B | x_R16_EXIT_G | x_R20_EXIT_STAIRWELL | x_R24_EXIT_STAIRWELL | x_R25_EXIT_STAIRWELL | x_R28_EXIT_H | x_R29_EXIT_F | x_R30_EXIT_B | x_R31_EXIT_E | x_R32_EXIT_D | x_R33_EXIT_A | x_R34_EXIT_D | x_R35_EXIT_B | x_R36_EXIT_B
557,0.8411530599630623,1,True,0,28,x_R01_EXIT_STAIRWELL | x_R02_EXIT_A | x_R03_EXIT_C | x_R04_EXIT_E | x_R05_EXIT_D | x_R06_EXIT_F | x_R07_EXIT_F | x_R08_EXIT_D | x_R09_EXIT_B | x_R10_EXIT_H | x_R11_EXIT_B | x_R12_EXIT_B | x_R13_EXIT_F | x_R14_EXIT_D | x_R15_EXIT_B | x_R16_EXIT_D | x_R20_EXIT_B | x_R24_EXIT_B | x_R25_EXIT_C | x_R28_EXIT_A | x_R29_EXIT_D | x_R30_EXIT_F | x_R31_EXIT_E | x_R32_EXIT_D | x_R33_EXIT_F | x_R34_EXIT_D | x_R35_EXIT_B | x_R36_EXIT_D
558,0.8414341519953723,1,True,0,28,x_R01_EXIT_G | x_R02_EXIT_STAIRWELL | x_R03_EXIT_B | x_R04_EXIT_D | x_R05_EXIT_STAIRWELL | x_R06_EXIT_G | x_R07_EXIT_C | x_R08_EXIT_A | x_R09_EXIT_STAIRWELL | x_R10_EXIT_B | x_R11_EXIT_C | x_R12_EXIT_A | x_R13_EXIT_C | x_R14_EXIT_E | x_R15_EXIT_STAIRWELL | x_R16_EXIT_B | x_R20_EXIT_F | x_R24_EXIT_C | x_R25_EXIT_H | x_R28_EXIT_H | x_R29_EXIT_A | x_R30_EXIT_G | x_R31_EXIT_G | x_R32_EXIT_D | x_R33_EXIT_E | x_R34_EXIT_STAIRWELL | x_R35_EXIT_D | x_R36_EXIT_G
559,0.8415087181028298,1,True,0,28,x_R01_EXIT_A | x_R02_EXIT_F | x_R03_EXIT_A | x_R04_EXIT_H | x_R05_EXIT_F | x_R06_EXIT_STAIRWELL | x_R07_EXIT_F | x_R08_EXIT_F | x_R09_EXIT_C | x_R10_EXIT_F | x_R11_EXIT_B | x_R12_EXIT_H | x_R13_EXIT_G | x_R14_EXIT_F | x_R15_EXIT_D | x_R16_EXIT_G | x_R20_EXIT_F | x_R24_EXIT_D | x_R25_EXIT_E | x_R28_EXIT_F | x_R29_EXIT_E | x_R30_EXIT_C | x_R31_EXIT_C | x_R32_EXIT_F | x_R33_EXIT_F | x_R34_EXIT_C | x_R35_EXIT_G | x_R36_EXIT_B
560,0.8417342869807953,1,True,0,28,x_R01_EXIT_H | x_R02_EXIT_C | x_R03_EXIT_D | x_R04_EXIT_STAIRWELL | x_R05_EXIT_B | x_R06_EXIT_STAIRWELL | x_R07_EXIT_G | x_R08_EXIT_D | x_R09_EXIT_H | x_R10_EXIT_E | x_R11_EXIT_D | x_R12_EXIT_A | x_R13_EXIT_H | x_R14_EXIT_H | x_R15_EXIT_E | x_R16_EXIT_H | x_R20_EXIT_STAIRWELL | x_R24_EXIT_B | x_R25_EXIT_C | x_R28_EXIT_STAIRWELL | x_R29_EXIT_STAIRWELL | x_R30_EXIT_A | x_R31_EXIT_G | x_R32_EXIT_A | x_R33_EXIT_B | x_R34_EXIT_G | x_R35_EXIT_G | x_R36_EXIT_E
561,0.8427159117148904,1,True,0,28,x_R01_EXIT_D | x_R02_EXIT_H | x_R03_EXIT_B | x_R04_EXIT_G | x_R05_EXIT_C | x_R06_EXIT_C | x_R07_EXIT_H | x_R08_EXIT_E | x_R09_EXIT_H | x_R10_EXIT_D | x_R11_EXIT_G | x_R12_EXIT_G | x_R13_EXIT_STAIRWELL | x_R14_EXIT_STAIRWELL | x_R15_EXIT_B | x_R16_EXIT_STAIRWELL | x_R20_EXIT_D | x_R24_EXIT_C | x_R25_EXIT_STAIRWELL | x_R28_EXIT_F | x_R29_EXIT_F | x_R30_EXIT_STAIRWELL | x_R31_EXIT_H | x_R32_EXIT_G | x_R33_EXIT_D | x_R34_EXIT_G | x_R35_EXIT_E | x_R36_EXIT_E
562,0.8429137340764328,1,True,0,28,x_R01_EXIT_E | x_R02_EXIT_A | x_R03_EXIT_G | x_R04_EXIT_STAIRWELL | x_R05_EXIT_B | x_R06_EXIT_E | x_R07_EXIT_STAIRWELL | x_R08_EXIT_STAIRWELL | x_R09_EXIT_G | x_R10_EXIT_D | x_R11_EXIT_H | x_R12_EXIT_C | x_R13_EXIT_C | x_R14_EXIT_H | x_R15_EXIT_F | x_R16_EXIT_STAIRWELL | x_R20_EXIT_E | x_R24_EXIT_F | x_R25_EXIT_A | x_R28_EXIT_D | x_R29_EXIT_C | x_R30_EXIT_A | x_R31_EXIT_E | x_R32_EXIT_F | x_R33_EXIT_D | x_R34_EXIT_B | x_R35_EXIT_C | x_R36_EXIT_F
563,0.8430476543305758,1,True,0,28,x_R01_EXIT_STAIRWELL | x_R02_EXIT_B | x_R03_EXIT_C | x_R04_EXIT_C | x_R05_EXIT_STAIRWELL | x_R06_EXIT_E | x_R07_EXIT_C | x_R08_EXIT_H | x_R09_EXIT_C | x_R10_EXIT_G | x_R11_EXIT_B | x_R12_EXIT_C | x_R13_EXIT_STAIRWELL | x_R14_EXIT_A | x_R15_EXIT_C | x_R16_EXIT_F | x_R20_EXIT_A | x_R24_EXIT_F | x_R25_EXIT_F | x_R28_EXIT_C | x_R29_EXIT_G | x_R30_EXIT_G | x_R31_EXIT_D | x_R32_EXIT_D | x_R33_EXIT_D | x_R34_EXIT_B | x_R35_EXIT_G | x_R36_EXIT_G
564,0.8433061846633905,1,True,0,28,x_R01_EXIT_H | x_R02_EXIT_E | x_R03_EXIT_G | x_R04_EXIT_F | x_R05_EXIT_D | x_R06_EXIT_C | x_R07_EXIT_B | x_R08_EXIT_B | x_R09_EXIT_H | x_R10_EXIT_A | x_R11_EXIT_F | x_R12_EXIT_F | x_R13_EXIT_C | x_R14_EXIT_STAIRWELL | x_R15_EXIT_F | x_R16_EXIT_D | x_R20_EXIT_C | x_R24_EXIT_C | x_R25_EXIT_H | x_R28_EXIT_G | x_R29_EXIT_C | x_R30_EXIT_E | x_R31_EXIT_A | x_R32_EXIT_F | x_R33_EXIT_A | x_R34_EXIT_STAIRWELL | x_R35_EXIT_F | x_R36_EXIT_C
565,0.843308319902917,1,True,0,28,x_R01_EXIT_B | x_R02_EXIT_F | x_R03_EXIT_C | x_R04_EXIT_D | x_R05_EXIT_A | x_R06_EXIT_G | x_R07_EXIT_G | x_R08_EXIT_B | x_R09_EXIT_F | x_R10_EXIT_E | x_R11_EXIT_B | x_R12_EXIT_H | x_R13_EXIT_G | x_R14_EXIT_D | x_R15_EXIT_D | x_R16_EXIT_C | x_R20_EXIT_B | x_R24_EXIT_A | x_R25_EXIT_STAIRWELL | x_R28_EXIT_G | x_R29_EXIT_B | x_R30_EXIT_C | x_R31_EXIT_F | x_R32_EXIT_C | x_R33_EXIT_G | x_R34_EXIT_G | x_R35_EXIT_STAIRWELL | x_R36_EXIT_STAIRWELL
566,0.8433329085019636,1,True,0,28,x_R01_EXIT_B | x_R02_EXIT_A | x_R03_EXIT_H | x_R04_EXIT_B | x_R05_EXIT_D | x_R06_EXIT_E | x_R07_EXIT_A | x_R08_EXIT_D | x_R09_EXIT_B | x_R10_EXIT_G | x_R11_EXIT_F | x_R12_EXIT_STAIRWELL | x_R13_EXIT_F | x_R14_EXIT_STAIRWELL | x_R15_EXIT_H | x_R16_EXIT_B | x_R20_EXIT_G | x_R24_EXIT_A | x_R25_EXIT_C | x_R28_EXIT_H | x_R29_EXIT_F | x_R30_EXIT_B | x_R31_EXIT_G | x_R32_EXIT_A | x_R33_EXIT_B | x_R34_EXIT_F | x_R35_EXIT_B | x_R36_EXIT_C
567,0.8435457215877022,1,True,0,28,x_R01_EXIT_E | x_R02_EXIT_D | x_R03_EXIT_D | x_R04_EXIT_D | x_R05_EXIT_B | x_R06_EXIT_C | x_R07_EXIT_A | x_R08_EXIT_A | x_R09_EXIT_F | x_R10_EXIT_H | x_R11_EXIT_H | x_R12_EXIT_STAIRWELL | x_R13_EXIT_H | x_R14_EXIT_B | x_R15_EXIT_H | x_R16_EXIT_F | x_R20_EXIT_STAIRWELL | x_R24_EXIT_A | x_R25_EXIT_STAIRWELL | x_R28_EXIT_C | x_R29_EXIT_G | x_R30_EXIT_A | x_R31_EXIT_C | x_R32_EXIT_STAIRWELL | x_R33_EXIT_H | x_R34_EXIT_D | x_R35_EXIT_H | x_R36_EXIT_E
568,0.8438384665020067,1,True,0,28,x_R01_EXIT_A | x_R02_EXIT_A | x_R03_EXIT_B | x_R04_EXIT_B | x_R05_EXIT_STAIRWELL | x_R06_EXIT_E | x_R07_EXIT_F | x_R08_EXIT_G | x_R09_EXIT_D | x_R10_EXIT_F | x_R11_EXIT_STAIRWELL | x_R12_EXIT_F | x_R13_EXIT_D | x_R14_EXIT_STAIRWELL | x_R15_EXIT_H | x_R16_EXIT_C | x_R20_EXIT_G | x_R24_EXIT_C | x_R25_EXIT_H | x_R28_EXIT_B | x_R29_EXIT_A | x_R30_EXIT_E | x_R31_EXIT_C | x_R32_EXIT_B | x_R33_EXIT_C | x_R34_EXIT_G | x_R35_EXIT_E | x_R36_EXIT_H
569,0.8438401837010474,1,True,0,28,x_R01_EXIT_STAIRWELL | x_R02_EXIT_E | x_R03_EXIT_H | x_R04_EXIT_H | x_R05_EXIT_H | x_R06_EXIT_C | x_R07_EXIT_A | x_R08_EXIT_A | x_R09_EXIT_STAIRWELL | x_R10_EXIT_G | x_R11_EXIT_A | x_R12_EXIT_B | x_R13_EXIT_STAIRWELL | x_R14_EXIT_D | x_R15_EXIT_G | x_R16_EXIT_STAIRWELL | x_R20_EXIT_A | x_R24_EXIT_D | x_R25_EXIT_E | x_R28_EXIT_E | x_R29_EXIT_B | x_R30_EXIT_D | x_R31_EXIT_STAIRWELL | x_R32_EXIT_D | x_R33_EXIT_F | x_R34_EXIT_E | x_R35_EXIT_E | x_R36_EXIT_STAIRWELL
570,0.8438644191519415,1,True,0,28,x_R01_EXIT_STAIRWELL | x_R02_EXIT_D | x_R03_EXIT_B | x_R04_EXIT_C | x_R05_EXIT_STAIRWELL | x_R06_EXIT_F | x_R07_EXIT_D | x_R08_EXIT_D | x_R09_EXIT_C | x_R10_EXIT_D | x_R11_EXIT_C | x_R12_EXIT_C | x_R13_EXIT_G | x_R14_EXIT_B | x_R15_EXIT_A | x_R16_EXIT_H | x_R20_EXIT_STAIRWELL | x_R24_EXIT_C | x_R25_EXIT_G | x_R28_EXIT_E | x_R29_EXIT_G | x_R30_EXIT_E | x_R31_EXIT_D | x_R32_EXIT_A | x_R33_EXIT_H | x_R34_EXIT_D | x_R35_EXIT_D | x_R36_EXIT_B
571,0.8440170598902341,1,True,0,28,x_R01_EXIT_A | x_R02_EXIT_E | x_R03_EXIT_E | x_R04_EXIT_STAIRWELL | x_R05_EXIT_C | x_R06_EXIT_A | x_R07_EXIT_C | x_R08_EXIT_E | x_R09_EXIT_F | x_R10_EXIT_A | x_R11_EXIT_STAIRWELL | x_R12_EXIT_B | x_R13_EXIT_STAIRWELL | x_R14_EXIT_H | x_R15_EXIT_A | x_R16_EXIT_E | x_R20_EXIT_C | x_R24_EXIT_F | x_R25_EXIT_F | x_R28_EXIT_E | x_R29_EXIT_G | x_R30_EXIT_STAIRWELL | x_R31_EXIT_A | x_R32_EXIT_B | x_R33_EXIT_H | x_R34_EXIT_A | x_R35_EXIT_C | x_R36_EXIT_B
572,0.8441212859540883,1,True,0,28,x_R01_EXIT_B | x_R02_EXIT_H | x_R03_EXIT_B | x_R04_EXIT_C | x_R05_EXIT_B | x_R06_EXIT_B | x_R07_EXIT_G | x_R08_EXIT_F | x_R09_EXIT_H | x_R10_EXIT_B | x_R11_EXIT_STAIRWELL | x_R12_EXIT_E | x_R13_EXIT_E | x_R14_EXIT_STAIRWELL | x_R15_EXIT_H | x_R16_EXIT_E | x_R20_EXIT_B | x_R24_EXIT_B | x_R25_EXIT_B | x_R28_EXIT_D | x_R29_EXIT_F | x_R30_EXIT_C | x_R31_EXIT_H | x_R32_EXIT_G | x_R33_EXIT_E | x_R34_EXIT_E | x_R35_EXIT_STAIRWELL | x_R36_EXIT_E
573,0.8442780086036805,1,True,0,28,x_R01_EXIT_A | x_R02_EXIT_A | x_R03_EXIT_A | x_R04_EXIT_C | x_R05_EXIT_F | x_R06_EXIT_H | x_R07_EXIT_G | x_R08_EXIT_H | x_R09_EXIT_A | x_R10_EXIT_D | x_R11_EXIT_E | x_R12_EXIT_E | x_R13_EXIT_E | x_R14_EXIT_D | x_R15_EXIT_H | x_R16_EXIT_B | x_R20_EXIT_G | x_R24_EXIT_C | x_R25_EXIT_STAIRWELL | x_R28_EXIT_H | x_R29_EXIT_B | x_R30_EXIT_C | x_R31_EXIT_F | x_R32_EXIT_F | x_R33_EXIT_D | x_R34_EXIT_G | x_R35_EXIT_E | x_R36_EXIT_C
574,0.8450565290305008,1,True,0,28,x_R01_EXIT_H | x_R02_EXIT_STAIRWELL | x_R03_EXIT_G | x_R04_EXIT_D | x_R05_EXIT_G | x_R06_EXIT_B | x_R07_EXIT_H | x_R08_EXIT_F | x_R09_EXIT_B | x_R10_EXIT_G | x_R11_EXIT_C | x_R12_EXIT_H | x_R13_EXIT_D | x_R14_EXIT_F | x_R15_EXIT_C | x_R16_EXIT_STAIRWELL | x_R20_EXIT_D | x_R24_EXIT_E | x_R25_EXIT_F | x_R28_EXIT_C | x_R29_EXIT_STAIRWELL | x_R30_EXIT_A | x_R31_EXIT_B | x_R32_EXIT_C | x_R33_EXIT_F | x_R34_EXIT_E | x_R35_EXIT_A | x_R36_EXIT_A
575,0.8450655458491951,1,True,0,28,x_R01_EXIT_STAIRWELL | x_R02_EXIT_A | x_R03_EXIT_STAIRWELL | x_R04_EXIT_F | x_R05_EXIT_C | x_R06_EXIT_E | x_R07_EXIT_F | x_R08_EXIT_D | x_R09_EXIT_C | x_R10_EXIT_G | x_R11_EXIT_G | x_R12_EXIT_STAIRWELL | x_R13_EXIT_C | x_R14_EXIT_C | x_R15_EXIT_A | x_R16_EXIT_D | x_R20_EXIT_F | x_R24_EXIT_A | x_R25_EXIT_E | x_R28_EXIT_A | x_R29_EXIT_G | x_R30_EXIT_D | x_R31_EXIT_F | x_R32_EXIT_E | x_R33_EXIT_F | x_R34_EXIT_STAIRWELL | x_R35_EXIT_B | x_R36_EXIT_E
576,0.8451504749216383,1,True,0,28,x_R01_EXIT_C | x_R02_EXIT_D | x_R03_EXIT_F | x_R04_EXIT_STAIRWELL | x_R05_EXIT_D | x_R06_EXIT_G | x_R07_EXIT_C | x_R08_EXIT_C | x_R09_EXIT_B | x_R10_EXIT_F | x_R11_EXIT_F | x_R12_EXIT_B | x_R13_EXIT_H | x_R14_EXIT_E | x_R15_EXIT_A | x_R16_EXIT_F | x_R20_EXIT_A | x_R24_EXIT_C | x_R25_EXIT_C | x_R28_EXIT_H | x_R29_EXIT_STAIRWELL | x_R30_EXIT_E | x_R31_EXIT_A | x_R32_EXIT_H | x_R33_EXIT_G | x_R34_EXIT_F | x_R35_EXIT_B | x_R36_EXIT_B
577,0.8465382172485647,1,True,0,28,x_R01_EXIT_E | x_R02_EXIT_E | x_R03_EXIT_STAIRWELL | x_R04_EXIT_B | x_R05_EXIT_E | x_R06_EXIT_F | x_R07_EXIT_G | x_R08_EXIT_C | x_R09_EXIT_H | x_R10_EXIT_A | x_R11_EXIT_C | x_R12_EXIT_A | x_R13_EXIT_F | x_R14_EXIT_F | x_R15_EXIT_D | x_R16_EXIT_B | x_R20_EXIT_C | x_R24_EXIT_G | x_R25_EXIT_H | x_R28_EXIT_D | x_R29_EXIT_G | x_R30_EXIT_STAIRWELL | x_R31_EXIT_C | x_R32_EXIT_D | x_R33_EXIT_A | x_R34_EXIT_B | x_R35_EXIT_B | x_R36_EXIT_H
578,0.8471939582587424,1,True,0,28,x_R01_EXIT_D | x_R02_EXIT_G | x_R03_EXIT_D | x_R04_EXIT_B | x_R05_EXIT_A | x_R06_EXIT_F | x_R07_EXIT_A | x_R08_EXIT_G | x_R09_EXIT_H | x_R10_EXIT_STAIRWELL | x_R11_EXIT_C | x_R12_EXIT_A | x_R13_EXIT_E | x_R14_EXIT_C | x_R15_EXIT_D | x_R16_EXIT_G | x_R20_EXIT_D | x_R24_EXIT_C | x_R25_EXIT_D | x_R28_EXIT_STAIRWELL | x_R29_EXIT_H | x_R30_EXIT_H | x_R31_EXIT_E | x_R32_EXIT_B | x_R33_EXIT_H | x_R34_EXIT_B | x_R35_EXIT_G | x_R36_EXIT_H
579,0.8475382425373823,1,True,0,28,x_R01_EXIT_C | x_R02_EXIT_C | x_R03_EXIT_F | x_R04_EXIT_E | x_R05_EXIT_H | x_R06_EXIT_B | x_R07_EXIT_C | x_R08_EXIT_G | x_R09_EXIT_B | x_R10_EXIT_G | x_R11_EXIT_STAIRWELL | x_R12_EXIT_STAIRWELL | x_R13_EXIT_D | x_R14_EXIT_G | x_R15_EXIT_B | x_R16_EXIT_H | x_R20_EXIT_D | x_R24_EXIT_E | x_R25_EXIT_D | x_R28_EXIT_D | x_R29_EXIT_E | x_R30_EXIT_E | x_R31_EXIT_D | x_R32_EXIT_A | x_R33_EXIT_A | x_R34_EXIT_E | x_R35_EXIT_B | x_R36_EXIT_F
580,0.8476804272918912,1,True,0,28,x_R01_EXIT_H | x_R02_EXIT_STAIRWELL | x_R03_EXIT_H | x_R04_EXIT_F | x_R05_EXIT_G | x_R06_EXIT_C | x_R07_EXIT_D | x_R08_EXIT_F | x_R09_EXIT_A | x_R10_EXIT_H | x_R11_EXIT_A | x_R12_EXIT_F | x_R13_EXIT_STAIRWELL | x_R14_EXIT_A | x_R15_EXIT_F | x_R16_EXIT_H | x_R20_EXIT_B | x_R24_EXIT_E | x_R25_EXIT_B | x_R28_EXIT_D | x_R29_EXIT_D | x_R30_EXIT_STAIRWELL | x_R31_EXIT_E | x_R32_EXIT_D | x_R33_EXIT_D | x_R34_EXIT_F | x_R35_EXIT_E | x_R36_EXIT_B
581,0.848133354809363,1,True,0,28,x_R01_EXIT_F | x_R02_EXIT_STAIRWELL | x_R03_EXIT_B | x_R04_EXIT_H | x_R05_EXIT_F | x_R06_EXIT_A | x_R07_EXIT_C | x_R08_EXIT_A | x_R09_EXIT_E | x_R10_EXIT_H | x_R11_EXIT_A | x_R12_EXIT_A | x_R13_EXIT_F | x_R14_EXIT_A | x_R15_EXIT_E | x_R16_EXIT_G | x_R20_EXIT_STAIRWELL | x_R24_EXIT_E | x_R25_EXIT_G | x_R28_EXIT_STAIRWELL | x_R29_EXIT_C | x_R30_EXIT_F | x_R31_EXIT_C | x_R32_EXIT_H | x_R33_EXIT_B | x_R34_EXIT_F | x_R35_EXIT_G | x_R36_EXIT_F
582,0.8481514405555117,1,True,0,28,x_R01_EXIT_STAIRWELL | x_R02_EXIT_STAIRWELL | x_R03_EXIT_STAIRWELL | x_R04_EXIT_B | x_R05_EXIT_STAIRWELL | x_R06_EXIT_E | x_R07_EXIT_G | x_R08_EXIT_H | x_R09_EXIT_STAIRWELL | x_R10_EXIT_H | x_R11_EXIT_B | x_R12_EXIT_E | x_R13_EXIT_C | x_R14_EXIT_B | x_R15_EXIT_A | x_R16_EXIT_D | x_R20_EXIT_A | x_R24_EXIT_A | x_R25_EXIT_B | x_R28_EXIT_G | x_R29_EXIT_STAIRWELL | x_R30_EXIT_B | x_R31_EXIT_H | x_R32_EXIT_E | x_R33_EXIT_C | x_R34_EXIT_STAIRWELL | x_R35_EXIT_C | x_R36_EXIT_G
583,0.8485412535023329,1,True,0,28,x_R01_EXIT_E | x_R02_EXIT_E | x_R03_EXIT_C | x_R04_EXIT_F | x_R05_EXIT_D | x_R06_EXIT_F | x_R07_EXIT_B | x_R08_EXIT_B | x_R09_EXIT_E | x_R10_EXIT_C | x_R11_EXIT_D | x_R12_EXIT_E | x_R13_EXIT_G | x_R14_EXIT_F | x_R15_EXIT_H | x_R16_EXIT_D | x_R20_EXIT_H | x_R24_EXIT_F | x_R25_EXIT_E | x_R28_EXIT_E | x_R29_EXIT_G | x_R30_EXIT_E | x_R31_EXIT_G | x_R32_EXIT_G | x_R33_EXIT_A | x_R34_EXIT_STAIRWELL | x_R35_EXIT_F | x_R36_EXIT_H
584,0.8485594424702185,1,True,0,28,x_R01_EXIT_C | x_R02_EXIT_H | x_R03_EXIT_F | x_R04_EXIT_H | x_R05_EXIT_B | x_R06_EXIT_H | x_R07_EXIT_D | x_R08_EXIT_D | x_R09_EXIT_F | x_R10_EXIT_G | x_R11_EXIT_F | x_R12_EXIT_B | x_R13_EXIT_D | x_R14_EXIT_H | x_R15_EXIT_STAIRWELL | x_R16_EXIT_E | x_R20_EXIT_G | x_R24_EXIT_STAIRWELL | x_R25_EXIT_B | x_R28_EXIT_E | x_R29_EXIT_B | x_R30_EXIT_B | x_R31_EXIT_B | x_R32_EXIT_STAIRWELL | x_R33_EXIT_STAIRWELL | x_R34_EXIT_F | x_R35_EXIT_STAIRWELL | x_R36_EXIT_E
585,0.8486649916949887,1,True,0,28,x_R01_EXIT_F | x_R02_EXIT_A | x_R03_EXIT_H | x_R04_EXIT_H | x_R05_EXIT_D | x_R06_EXIT_D | x_R07_EXIT_C | x_R08_EXIT_F | x_R09_EXIT_E | x_R10_EXIT_E | x_R11_EXIT_E | x_R12_EXIT_STAIRWELL | x_R13_EXIT_C | x_R14_EXIT_STAIRWELL | x_R15_EXIT_G | x_R16_EXIT_F | x_R20_EXIT_C | x_R24_EXIT_H | x_R25_EXIT_D | x_R28_EXIT_STAIRWELL | x_R29_EXIT_B | x_R30_EXIT_D | x_R31_EXIT_STAIRWELL | x_R32_EXIT_C | x_R33_EXIT_G | x_R34_EXIT_D | x_R35_EXIT_A | x_R36_EXIT_C
586,0.8491830683555577,1,True,0,28,x_R01_EXIT_A | x_R02_EXIT_F | x_R03_EXIT_A | x_R04_EXIT_G | x_R05_EXIT_B | x_R06_EXIT_A | x_R07_EXIT_C | x_R08_EXIT_A | x_R09_EXIT_D | x_R10_EXIT_E | x_R11_EXIT_STAIRWELL | x_R12_EXIT_H | x_R13_EXIT_C | x_R14_EXIT_STAIRWELL | x_R15_EXIT_D | x_R16_EXIT_F | x_R20_EXIT_H | x_R24_EXIT_C | x_R25_EXIT_C | x_R28_EXIT_STAIRWELL | x_R29_EXIT_C | x_R30_EXIT_D | x_R31_EXIT_E | x_R32_EXIT_B | x_R33_EXIT_C | x_R34_EXIT_A | x_R35_EXIT_F | x_R36_EXIT_A
587,0.8493383492808562,1,True,0,28,x_R01_EXIT_E | x_R02_EXIT_C | x_R03_EXIT_H | x_R04_EXIT_C | x_R05_EXIT_A | x_R06_EXIT_A | x_R07_EXIT_H | x_R08_EXIT_C | x_R09_EXIT_A | x_R10_EXIT_E | x_R11_EXIT_D | x_R12_EXIT_F | x_R13_EXIT_C | x_R14_EXIT_G | x_R15_EXIT_E | x_R16_EXIT_H | x_R20_EXIT_F | x_R24_EXIT_B | x_R25_EXIT_H | x_R28_EXIT_G | x_R29_EXIT_F | x_R30_EXIT_A | x_R31_EXIT_E | x_R32_EXIT_D | x_R33_EXIT_H | x_R34_EXIT_STAIRWELL | x_R35_EXIT_A | x_R36_EXIT_C
588,0.8496791889411384,1,True,0,28,x_R01_EXIT_G | x_R02_EXIT_C | x_R03_EXIT_B | x_R04_EXIT_H | x_R05_EXIT_E | x_R06_EXIT_F | x_R07_EXIT_E | x_R08_EXIT_C | x_R09_EXIT_A | x_R10_EXIT_A | x_R11_EXIT_G | x_R12_EXIT_B | x_R13_EXIT_E | x_R14_EXIT_G | x_R15_EXIT_E | x_R16_EXIT_F | x_R20_EXIT_G | x_R24_EXIT_F | x_R25_EXIT_C | x_R28_EXIT_D | x_R29_EXIT_STAIRWELL | x_R30_EXIT_D | x_R31_EXIT_D | x_R32_EXIT_STAIRWELL | x_R33_EXIT_F | x_R34_EXIT_H | x_R35_EXIT_D | x_R36_EXIT_H
589,0.8503000116118642,1,True,0,28,x_R01_EXIT_C | x_R02_EXIT_C | x_R03_EXIT_F | x_R04_EXIT_B | x_R05_EXIT_A | x_R06_EXIT_F | x_R07_EXIT_A | x_R08_EXIT_F | x_R09_EXIT_C | x_R10_EXIT_B | x_R11_EXIT_B | x_R12_EXIT_C | x_R13_EXIT_B | x_R14_EXIT_E | x_R15_EXIT_E | x_R16_EXIT_C | x_R20_EXIT_B | x_R24_EXIT_A | x_R25_EXIT_B | x_R28_EXIT_G | x_R29_EXIT_H | x_R30_EXIT_A | x_R31_EXIT_B | x_R32_EXIT_C | x_R33_EXIT_H | x_R34_EXIT_STAIRWELL | x_R35_EXIT_B | x_R36_EXIT_G
590,0.8505406003295661,1,True,0,28,x_R01_EXIT_D | x_R02_EXIT_A | x_R03_EXIT_D | x_R04_EXIT_F | x_R05_EXIT_C | x_R06_EXIT_E | x_R07_EXIT_G | x_R08_EXIT_G | x_R09_EXIT_D | x_R10_EXIT_B | x_R11_EXIT_C | x_R12_EXIT_H | x_R13_EXIT_H | x_R14_EXIT_B | x_R15_EXIT_D | x_R16_EXIT_D | x_R20_EXIT_B | x_R24_EXIT_D | x_R25_EXIT_G | x_R28_EXIT_B | x_R29_EXIT_H | x_R30_EXIT_STAIRWELL | x_R31_EXIT_C | x_R32_EXIT_B | x_R33_EXIT_F | x_R34_EXIT_H | x_R35_EXIT_E | x_R36_EXIT_G
591,0.8508578980653283,1,True,0,28,x_R01_EXIT_E | x_R02_EXIT_A | x_R03_EXIT_STAIRWELL | x_R04_EXIT_H | x_R05_EXIT_B | x_R06_EXIT_STAIRWELL | x_R07_EXIT_E | x_R08_EXIT_E | x_R09_EXIT_H | x_R10_EXIT_F | x_R11_EXIT_B | x_R12_EXIT_D | x_R13_EXIT_E | x_R14_EXIT_C | x_R15_EXIT_A | x_R16_EXIT_A | x_R20_EXIT_G | x_R24_EXIT_A | x_R25_EXIT_C | x_R28_EXIT_STAIRWELL | x_R29_EXIT_D | x_R30_EXIT_G | x_R31_EXIT_H | x_R32_EXIT_E | x_R33_EXIT_C | x_R34_EXIT_G | x_R35_EXIT_C | x_R36_EXIT_F
592,0.8511055492596142,1,True,0,28,x_R01_EXIT_B | x_R02_EXIT_A | x_R03_EXIT_G | x_R04_EXIT_H | x_R05_EXIT_D | x_R06_EXIT_B | x_R07_EXIT_STAIRWELL | x_R08_EXIT_H | x_R09_EXIT_G | x_R10_EXIT_F | x_R11_EXIT_A | x_R12_EXIT_F | x_R13_EXIT_H | x_R14_EXIT_C | x_R15_EXIT_G | x_R16_EXIT_F | x_R20_EXIT_E | x_R24_EXIT_H | x_R25_EXIT_D | x_R28_EXIT_C | x_R29_EXIT_C | x_R30_EXIT_B | x_R31_EXIT_F | x_R32_EXIT_A | x_R33_EXIT_C | x_R34_EXIT_B | x_R35_EXIT_H | x_R36_EXIT_G
593,0.8511490101303139,1,True,0,28,x_R01_EXIT_A | x_R02_EXIT_B | x_R03_EXIT_C | x_R04_EXIT_G | x_R05_EXIT_STAIRWELL | x_R06_EXIT_H | x_R07_EXIT_A | x_R08_EXIT_STAIRWELL | x_R09_EXIT_B | x_R10_EXIT_C | x_R11_EXIT_C | x_R12_EXIT_G | x_R13_EXIT_E | x_R14_EXIT_C | x_R15_EXIT_STAIRWELL | x_R16_EXIT_STAIRWELL | x_R20_EXIT_E | x_R24_EXIT_F | x_R25_EXIT_E | x_R28_EXIT_H | x_R29_EXIT_B | x_R30_EXIT_F | x_R31_EXIT_C | x_R32_EXIT_A | x_R33_EXIT_H | x_R34_EXIT_STAIRWELL | x_R35_EXIT_B | x_R36_EXIT_G
594,0.8512489462651729,1,True,0,28,x_R01_EXIT_H | x_R02_EXIT_A | x_R03_EXIT_E | x_R04_EXIT_STAIRWELL | x_R05_EXIT_STAIRWELL | x_R06_EXIT_F | x_R07_EXIT_STAIRWELL | x_R08_EXIT_D | x_R09_EXIT_G | x_R10_EXIT_F | x_R11_EXIT_H | x_R12_EXIT_G | x_R13_EXIT_B | x_R14_EXIT_G | x_R15_EXIT_G | x_R16_EXIT_D | x_R20_EXIT_C | x_R24_EXIT_D | x_R25_EXIT_F | x_R28_EXIT_G | x_R29_EXIT_E | x_R30_EXIT_STAIRWELL | x_R31_EXIT_G | x_R32_EXIT_D | x_R33_EXIT_H | x_R34_EXIT_H | x_R35_EXIT_C | x_R36_EXIT_A
595,0.8514139017462412,1,True,0,28,x_R01_EXIT_E | x_R02_EXIT_STAIRWELL | x_R03_EXIT_D | x_R04_EXIT_F | x_R05_EXIT_F | x_R06_EXIT_B | x_R07_EXIT_STAIRWELL | x_R08_EXIT_G | x_R09_EXIT_B | x_R10_EXIT_B | x_R11_EXIT_B | x_R12_EXIT_C | x_R13_EXIT_STAIRWELL | x_R14_EXIT_F | x_R15_EXIT_D | x_R16_EXIT_G | x_R20_EXIT_STAIRWELL | x_R24_EXIT_F | x_R25_EXIT_B | x_R28_EXIT_STAIRWELL | x_R29_EXIT_B | x_R30_EXIT_A | x_R31_EXIT_F | x_R32_EXIT_A | x_R33_EXIT_STAIRWELL | x_R34_EXIT_A | x_R35_EXIT_A | x_R36_EXIT_B
596,0.8515010069572782,1,True,0,28,x_R01_EXIT_D | x_R02_EXIT_A | x_R03_EXIT_STAIRWELL | x_R04_EXIT_STAIRWELL | x_R05_EXIT_H | x_R06_EXIT_E | x_R07_EXIT_E | x_R08_EXIT_B | x_R09_EXIT_C | x_R10_EXIT_G | x_R11_EXIT_A | x_R12_EXIT_A | x_R13_EXIT_D | x_R14_EXIT_B | x_R15_EXIT_E | x_R16_EXIT_STAIRWELL | x_R20_EXIT_STAIRWELL | x_R24_EXIT_E | x_R25_EXIT_C | x_R28_EXIT_B | x_R29_EXIT_E | x_R30_EXIT_F | x_R31_EXIT_E | x_R32_EXIT_D | x_R33_EXIT_B | x_R34_EXIT_B | x_R35_EXIT_A | x_R36_EXIT_H
597,0.8516037555259004,1,True,0,28,x_R01_EXIT_E | x_R02_EXIT_STAIRWELL | x_R03_EXIT_D | x_R04_EXIT_A | x_R05_EXIT_STAIRWELL | x_R06_EXIT_STAIRWELL | x_R07_EXIT_B | x_R08_EXIT_H | x_R09_EXIT_D | x_R10_EXIT_STAIRWELL | x_R11_EXIT_B | x_R12_EXIT_G | x_R13_EXIT_H | x_R14_EXIT_B | x_R15_EXIT_C | x_R16_EXIT_B | x_R20_EXIT_F | x_R24_EXIT_D | x_R25_EXIT_A | x_R28_EXIT_F | x_R29_EXIT_STAIRWELL | x_R30_EXIT_G | x_R31_EXIT_B | x_R32_EXIT_E | x_R33_EXIT_A | x_R34_EXIT_F | x_R35_EXIT_E | x_R36_EXIT_E
598,0.8519195553131453,1,True,0,28,x_R01_EXIT_C | x_R02_EXIT_D | x_R03_EXIT_E | x_R04_EXIT_G | x_R05_EXIT_F | x_R06_EXIT_A | x_R07_EXIT_E | x_R08_EXIT_D | x_R09_EXIT_G | x_R10_EXIT_H | x_R11_EXIT_STAIRWELL | x_R12_EXIT_STAIRWELL | x_R13_EXIT_STAIRWELL | x_R14_EXIT_H | x_R15_EXIT_B | x_R16_EXIT_E | x_R20_EXIT_G | x_R24_EXIT_STAIRWELL | x_R25_EXIT_F | x_R28_EXIT_D | x_R29_EXIT_G | x_R30_EXIT_D | x_R31_EXIT_E | x_R32_EXIT_E | x_R33_EXIT_A | x_R34_EXIT_F | x_R35_EXIT_B | x_R36_EXIT_H
599,0.8524941992436084,1,True,0,28,x_R01_EXIT_C | x_R02_EXIT_H | x_R03_EXIT_F | x_R04_EXIT_G | x_R05_EXIT_D | x_R06_EXIT_STAIRWELL | x_R07_EXIT_STAIRWELL | x_R08_EXIT_H | x_R09_EXIT_D | x_R10_EXIT_E | x_R11_EXIT_C | x_R12_EXIT_E | x_R13_EXIT_D | x_R14_EXIT_H | x_R15_EXIT_H | x_R16_EXIT_B | x_R20_EXIT_STAIRWELL | x_R24_EXIT_C | x_R25_EXIT_STAIRWELL | x_R28_EXIT_STAIRWELL | x_R29_EXIT_E | x_R30_EXIT_F | x_R31_EXIT_B | x_R32_EXIT_A | x_R33_EXIT_B | x_R34_EXIT_G | x_R35_EXIT_E | x_R36_EXIT_A
600,0.853074294242333,1,True,0,28,x_R01_EXIT_D | x_R02_EXIT_G | x_R03_EXIT_B | x_R04_EXIT_F | x_R05_EXIT_B | x_R06_EXIT_H | x_R07_EXIT_B | x_R08_EXIT_D | x_R09_EXIT_F | x_R10_EXIT_E | x_R11_EXIT_A | x_R12_EXIT_A | x_R13_EXIT_F | x_R14_EXIT_STAIRWELL | x_R15_EXIT_F | x_R16_EXIT_G | x_R20_EXIT_H | x_R24_EXIT_STAIRWELL | x_R25_EXIT_H | x_R28_EXIT_STAIRWELL | x_R29_EXIT_F | x_R30_EXIT_G | x_R31_EXIT_C | x_R32_EXIT_F | x_R33_EXIT_B | x_R34_EXIT_E | x_R35_EXIT_D | x_R36_EXIT_G
601,0.8534070682010224,1,True,0,28,x_R01_EXIT_G | x_R02_EXIT_STAIRWELL | x_R03_EXIT_G | x_R04_EXIT_G | x_R05_EXIT_F | x_R06_EXIT_A | x_R07_EXIT_F | x_R08_EXIT_H | x_R09_EXIT_A | x_R10_EXIT_B | x_R11_EXIT_D | x_R12_EXIT_F | x_R13_EXIT_C | x_R14_EXIT_A | x_R15_EXIT_G | x_R16_EXIT_A | x_R20_EXIT_H | x_R24_EXIT_STAIRWELL | x_R25_EXIT_B | x_R28_EXIT_E | x_R29_EXIT_H | x_R30_EXIT_F | x_R31_EXIT_F | x_R32_EXIT_H | x_R33_EXIT_B | x_R34_EXIT_B | x_R35_EXIT_C | x_R36_EXIT_STAIRWELL
602,0.8535167146628737,1,True,0,28,x_R01_EXIT_C | x_R02_EXIT_B | x_R03_EXIT_H | x_R04_EXIT_A | x_R05_EXIT_B | x_R06_EXIT_STAIRWELL | x_R07_EXIT_C | x_R08_EXIT_E | x_R09_EXIT_G | x_R10_EXIT_H | x_R11_EXIT_STAIRWELL | x_R12_EXIT_G | x_R13_EXIT_C | x_R14_EXIT_G | x_R15_EXIT_STAIRWELL | x_R16_EXIT_H | x_R20_EXIT_B | x_R24_EXIT_F | x_R25_EXIT_F | x_R28_EXIT_STAIRWELL | x_R29_EXIT_G | x_R30_EXIT_H | x_R31_EXIT_C | x_R32_EXIT_B | x_R33_EXIT_H | x_R34_EXIT_D | x_R35_EXIT_STAIRWELL | x_R36_EXIT_F
603,0.8535555467865379,1,True,0,28,x_R01_EXIT_B | x_R02_EXIT_H | x_R03_EXIT_D | x_R04_EXIT_STAIRWELL | x_R05_EXIT_G | x_R06_EXIT_B | x_R07_EXIT_B | x_R08_EXIT_A | x_R09_EXIT_F | x_R10_EXIT_G | x_R11_EXIT_G | x_R12_EXIT_F | x_R13_EXIT_C | x_R14_EXIT_F | x_R15_EXIT_STAIRWELL | x_R16_EXIT_STAIRWELL | x_R20_EXIT_STAIRWELL | x_R24_EXIT_G | x_R25_EXIT_D | x_R28_EXIT_STAIRWELL | x_R29_EXIT_D | x_R30_EXIT_STAIRWELL | x_R31_EXIT_H | x_R32_EXIT_A | x_R33_EXIT_A | x_R34_EXIT_F | x_R35_EXIT_C | x_R36_EXIT_E
604,0.8536591518909518,1,True,0,28,x_R01_EXIT_STAIRWELL | x_R02_EXIT_E | x_R03_EXIT_C | x_R04_EXIT_C | x_R05_EXIT_STAIRWELL | x_R06_EXIT_E | x_R07_EXIT_G | x_R08_EXIT_C | x_R09_EXIT_F | x_R10_EXIT_STAIRWELL | x_R11_EXIT_E | x_R12_EXIT_C | x_R13_EXIT_STAIRWELL | x_R14_EXIT_F | x_R15_EXIT_F | x_R16_EXIT_G | x_R20_EXIT_G | x_R24_EXIT_F | x_R25_EXIT_F | x_R28_EXIT_F | x_R29_EXIT_H | x_R30_EXIT_STAIRWELL | x_R31_EXIT_G | x_R32_EXIT_STAIRWELL | x_R33_EXIT_STAIRWELL | x_R34_EXIT_E | x_R35_EXIT_F | x_R36_EXIT_D
605,0.854222481748252,1,True,0,28,x_R01_EXIT_B | x_R02_EXIT_F | x_R03_EXIT_A | x_R04_EXIT_F | x_R05_EXIT_H | x_R06_EXIT_F | x_R07_EXIT_A | x_R08_EXIT_G | x_R09_EXIT_A | x_R10_EXIT_E | x_R11_EXIT_F | x_R12_EXIT_B | x_R13_EXIT_F | x_R14_EXIT_E | x_R15_EXIT_E | x_R16_EXIT_D | x_R20_EXIT_A | x_R24_EXIT_D | x_R25_EXIT_A | x_R28_EXIT_G | x_R29_EXIT_STAIRWELL | x_R30_EXIT_H | x_R31_EXIT_STAIRWELL | x_R32_EXIT_A | x_R33_EXIT_C | x_R34_EXIT_H | x_R35_EXIT_H | x_R36_EXIT_C
606,0.854309060572291,1,True,0,28,x_R01_EXIT_F | x_R02_EXIT_C | x_R03_EXIT_F | x_R04_EXIT_D | x_R05_EXIT_F | x_R06_EXIT_F | x_R07_EXIT_G | x_R08_EXIT_STAIRWELL | x_R09_EXIT_F | x_R10_EXIT_F | x_R11_EXIT_STAIRWELL | x_R12_EXIT_C | x_R13_EXIT_H | x_R14_EXIT_STAIRWELL | x_R15_EXIT_STAIRWELL | x_R16_EXIT_A | x_R20_EXIT_STAIRWELL | x_R24_EXIT_H | x_R25_EXIT_H | x_R28_EXIT_H | x_R29_EXIT_G | x_R30_EXIT_F | x_R31_EXIT_E | x_R32_EXIT_G | x_R33_EXIT_H | x_R34_EXIT_C | x_R35_EXIT_H | x_R36_EXIT_H
607,0.8546086231622212,1,True,0,28,x_R01_EXIT_H | x_R02_EXIT_F | x_R03_EXIT_H | x_R04_EXIT_G | x_R05_EXIT_G | x_R06_EXIT_B | x_R07_EXIT_A | x_R08_EXIT_H | x_R09_EXIT_STAIRWELL | x_R10_EXIT_A | x_R11_EXIT_F | x_R12_EXIT_STAIRWELL | x_R13_EXIT_B | x_R14_EXIT_H | x_R15_EXIT_A | x_R16_EXIT_F | x_R20_EXIT_C | x_R24_EXIT_E | x_R25_EXIT_H | x_R28_EXIT_E | x_R29_EXIT_C | x_R30_EXIT_H | x_R31_EXIT_G | x_R32_EXIT_C | x_R33_EXIT_D | x_R34_EXIT_E | x_R35_EXIT_E | x_R36_EXIT_F
608,0.8547478682466476,1,True,0,28,x_R01_EXIT_A | x_R02_EXIT_H | x_R03_EXIT_H | x_R04_EXIT_STAIRWELL | x_R05_EXIT_F | x_R06_EXIT_H | x_R07_EXIT_H | x_R08_EXIT_H | x_R09_EXIT_C | x_R10_EXIT_F | x_R11_EXIT_D | x_R12_EXIT_D | x_R13_EXIT_STAIRWELL | x_R14_EXIT_A | x_R15_EXIT_E | x_R16_EXIT_G | x_R20_EXIT_D | x_R24_EXIT_STAIRWELL | x_R25_EXIT_H | x_R28_EXIT_A | x_R29_EXIT_A | x_R30_EXIT_C | x_R31_EXIT_STAIRWELL | x_R32_EXIT_A | x_R33_EXIT_G | x_R34_EXIT_E | x_R35_EXIT_F | x_R36_EXIT_E
609,0.854825664841087,1,True,0,28,x_R01_EXIT_D | x_R02_EXIT_H | x_R03_EXIT_C | x_R04_EXIT_STAIRWELL | x_R05_EXIT_C | x_R06_EXIT_F | x_R07_EXIT_B | x_R08_EXIT_A | x_R09_EXIT_D | x_R10_EXIT_STAIRWELL | x_R11_EXIT_F | x_R12_EXIT_D | x_R13_EXIT_D | x_R14_EXIT_C | x_R15_EXIT_A | x_R16_EXIT_H | x_R20_EXIT_E | x_R24_EXIT_H | x_R25_EXIT_F | x_R28_EXIT_E | x_R29_EXIT_F | x_R30_EXIT_B | x_R31_EXIT_G | x_R32_EXIT_D | x_R33_EXIT_F | x_R34_EXIT_D | x_R35_EXIT_E | x_R36_EXIT_A
610,0.8549295249799229,1,True,0,28,x_R01_EXIT_B | x_R02_EXIT_C | x_R03_EXIT_A | x_R04_EXIT_G | x_R05_EXIT_E | x_R06_EXIT_A | x_R07_EXIT_C | x_R08_EXIT_D | x_R09_EXIT_A | x_R10_EXIT_STAIRWELL | x_R11_EXIT_B | x_R12_EXIT_H | x_R13_EXIT_C | x_R14_EXIT_D | x_R15_EXIT_STAIRWELL | x_R16_EXIT_G | x_R20_EXIT_C | x_R24_EXIT_B | x_R25_EXIT_F | x_R28_EXIT_H | x_R29_EXIT_STAIRWELL | x_R30_EXIT_H | x_R31_EXIT_D | x_R32_EXIT_C | x_R33_EXIT_B | x_R34_EXIT_E | x_R35_EXIT_B | x_R36_EXIT_G
611,0.8550392823493098,1,True,0,28,x_R01_EXIT_H | x_R02_EXIT_C | x_R03_EXIT_F | x_R04_EXIT_G | x_R05_EXIT_D | x_R06_EXIT_F | x_R07_EXIT_D | x_R08_EXIT_H | x_R09_EXIT_E | x_R10_EXIT_G | x_R11_EXIT_C | x_R12_EXIT_E | x_R13_EXIT_B | x_R14_EXIT_E | x_R15_EXIT_C | x_R16_EXIT_H | x_R20_EXIT_G | x_R24_EXIT_F | x_R25_EXIT_E | x_R28_EXIT_B | x_R29_EXIT_F | x_R30_EXIT_STAIRWELL | x_R31_EXIT_G | x_R32_EXIT_STAIRWELL | x_R33_EXIT_C | x_R34_EXIT_G | x_R35_EXIT_E | x_R36_EXIT_B
612,0.8550946715892564,1,True,0,28,x_R01_EXIT_STAIRWELL | x_R02_EXIT_A | x_R03_EXIT_A | x_R04_EXIT_G | x_R05_EXIT_G | x_R06_EXIT_A | x_R07_EXIT_F | x_R08_EXIT_E | x_R09_EXIT_D | x_R10_EXIT_C | x_R11_EXIT_D | x_R12_EXIT_H | x_R13_EXIT_D | x_R14_EXIT_STAIRWELL | x_R15_EXIT_E | x_R16_EXIT_C | x_R20_EXIT_STAIRWELL | x_R24_EXIT_STAIRWELL | x_R25_EXIT_C | x_R28_EXIT_STAIRWELL | x_R29_EXIT_A | x_R30_EXIT_H | x_R31_EXIT_H | x_R32_EXIT_B | x_R33_EXIT_B | x_R34_EXIT_D | x_R35_EXIT_F | x_R36_EXIT_A
613,0.8553343168622405,1,True,0,28,x_R01_EXIT_B | x_R02_EXIT_C | x_R03_EXIT_H | x_R04_EXIT_A | x_R05_EXIT_F | x_R06_EXIT_B | x_R07_EXIT_D | x_R08_EXIT_D | x_R09_EXIT_STAIRWELL | x_R10_EXIT_E | x_R11_EXIT_H | x_R12_EXIT_D | x_R13_EXIT_B | x_R14_EXIT_B | x_R15_EXIT_G | x_R16_EXIT_B | x_R20_EXIT_G | x_R24_EXIT_STAIRWELL | x_R25_EXIT_G | x_R28_EXIT_D | x_R29_EXIT_C | x_R30_EXIT_F | x_R31_EXIT_F | x_R32_EXIT_B | x_R33_EXIT_D | x_R34_EXIT_G | x_R35_EXIT_C | x_R36_EXIT_E
614,0.8554108858705831,1,True,0,28,x_R01_EXIT_STAIRWELL | x_R02_EXIT_G | x_R03_EXIT_H | x_R04_EXIT_B | x_R05_EXIT_C | x_R06_EXIT_H | x_R07_EXIT_E | x_R08_EXIT_H | x_R09_EXIT_H | x_R10_EXIT_C | x_R11_EXIT_E | x_R12_EXIT_B | x_R13_EXIT_STAIRWELL | x_R14_EXIT_E | x_R15_EXIT_A | x_R16_EXIT_H | x_R20_EXIT_E | x_R24_EXIT_B | x_R25_EXIT_G | x_R28_EXIT_H | x_R29_EXIT_STAIRWELL | x_R30_EXIT_H | x_R31_EXIT_E | x_R32_EXIT_C | x_R33_EXIT_F | x_R34_EXIT_H | x_R35_EXIT_E | x_R36_EXIT_H
615,0.855476168916482,1,True,0,28,x_R01_EXIT_STAIRWELL | x_R02_EXIT_F | x_R03_EXIT_F | x_R04_EXIT_C | x_R05_EXIT_C | x_R06_EXIT_E | x_R07_EXIT_C | x_R08_EXIT_G | x_R09_EXIT_D | x_R10_EXIT_G | x_R11_EXIT_C | x_R12_EXIT_C | x_R13_EXIT_C | x_R14_EXIT_G | x_R15_EXIT_D | x_R16_EXIT_C | x_R20_EXIT_C | x_R24_EXIT_C | x_R25_EXIT_A | x_R28_EXIT_STAIRWELL | x_R29_EXIT_G | x_R30_EXIT_F | x_R31_EXIT_D | x_R32_EXIT_B | x_R33_EXIT_D | x_R34_EXIT_D | x_R35_EXIT_D | x_R36_EXIT_G
616,0.8556256072847077,1,True,0,28,x_R01_EXIT_A | x_R02_EXIT_A | x_R03_EXIT_B | x_R04_EXIT_G | x_R05_EXIT_STAIRWELL | x_R06_EXIT_B | x_R07_EXIT_H | x_R08_EXIT_B | x_R09_EXIT_D | x_R10_EXIT_G | x_R11_EXIT_H | x_R12_EXIT_H | x_R13_EXIT_A | x_R14_EXIT_E | x_R15_EXIT_F | x_R16_EXIT_G | x_R20_EXIT_H | x_R24_EXIT_A | x_R25_EXIT_H | x_R28_EXIT_G | x_R29_EXIT_D | x_R30_EXIT_H | x_R31_EXIT_C | x_R32_EXIT_C | x_R33_EXIT_B | x_R34_EXIT_B | x_R35_EXIT_A | x_R36_EXIT_B
617,0.8556713628719308,1,True,0,28,x_R01_EXIT_F | x_R02_EXIT_D | x_R03_EXIT_A | x_R04_EXIT_F | x_R05_EXIT_B | x_R06_EXIT_B | x_R07_EXIT_STAIRWELL | x_R08_EXIT_H | x_R09_EXIT_H | x_R10_EXIT_D | x_R11_EXIT_H | x_R12_EXIT_H | x_R13_EXIT_H | x_R14_EXIT_E | x_R15_EXIT_D | x_R16_EXIT_STAIRWELL | x_R20_EXIT_E | x_R24_EXIT_H | x_R25_EXIT_STAIRWELL | x_R28_EXIT_B | x_R29_EXIT_A | x_R30_EXIT_E | x_R31_EXIT_B | x_R32_EXIT_A | x_R33_EXIT_F | x_R34_EXIT_G | x_R35_EXIT_G | x_R36_EXIT_E
618,0.855967289707678,1,True,0,28,x_R01_EXIT_B | x_R02_EXIT_B | x_R03_EXIT_E | x_R04_EXIT_C | x_R05_EXIT_F | x_R06_EXIT_C | x_R07_EXIT_C | x_R08_EXIT_G | x_R09_EXIT_STAIRWELL | x_R10_EXIT_A | x_R11_EXIT_F | x_R12_EXIT_E | x_R13_EXIT_F | x_R14_EXIT_G | x_R15_EXIT_STAIRWELL | x_R16_EXIT_A | x_R20_EXIT_A | x_R24_EXIT_E | x_R25_EXIT_E | x_R28_EXIT_STAIRWELL | x_R29_EXIT_G | x_R30_EXIT_H | x_R31_EXIT_B | x_R32_EXIT_H | x_R33_EXIT_C | x_R34_EXIT_B | x_R35_EXIT_STAIRWELL | x_R36_EXIT_STAIRWELL
619,0.856533262308119,1,True,0,28,x_R01_EXIT_A | x_R02_EXIT_F | x_R03_EXIT_E | x_R04_EXIT_H | x_R05_EXIT_G | x_R06_EXIT_F | x_R07_EXIT_STAIRWELL | x_R08_EXIT_G | x_R09_EXIT_A | x_R10_EXIT_H | x_R11_EXIT_A | x_R12_EXIT_B | x_R13_EXIT_H | x_R14_EXIT_B | x_R15_EXIT_A | x_R16_EXIT_E | x_R20_EXIT_B | x_R24_EXIT_H | x_R25_EXIT_STAIRWELL | x_R28_EXIT_H | x_R29_EXIT_G | x_R30_EXIT_F | x_R31_EXIT_STAIRWELL | x_R32_EXIT_H | x_R33_EXIT_C | x_R34_EXIT_STAIRWELL | x_R35_EXIT_G | x_R36_EXIT_C
620,0.8568154710213776,1,True,0,28,x_R01_EXIT_STAIRWELL | x_R02_EXIT_E | x_R03_EXIT_A | x_R04_EXIT_H | x_R05_EXIT_E | x_R06_EXIT_C | x_R07_EXIT_F | x_R08_EXIT_F | x_R09_EXIT_F | x_R10_EXIT_STAIRWELL | x_R11_EXIT_F | x_R12_EXIT_G | x_R13_EXIT_STAIRWELL | x_R14_EXIT_D | x_R15_EXIT_C | x_R16_EXIT_B | x_R20_EXIT_E | x_R24_EXIT_H | x_R25_EXIT_H | x_R28_EXIT_E | x_R29_EXIT_STAIRWELL | x_R30_EXIT_F | x_R31_EXIT_A | x_R32_EXIT_STAIRWELL | x_R33_EXIT_B | x_R34_EXIT_F | x_R35_EXIT_H | x_R36_EXIT_A
621,0.8569641432972617,1,True,0,28,x_R01_EXIT_B | x_R02_EXIT_C | x_R03_EXIT_D | x_R04_EXIT_STAIRWELL | x_R05_EXIT_B | x_R06_EXIT_B | x_R07_EXIT_C | x_R08_EXIT_G | x_R09_EXIT_B | x_R10_EXIT_H | x_R11_EXIT_D | x_R12_EXIT_E | x_R13_EXIT_G | x_R14_EXIT_H | x_R15_EXIT_STAIRWELL | x_R16_EXIT_B | x_R20_EXIT_E | x_R24_EXIT_G | x_R25_EXIT_G | x_R28_EXIT_H | x_R29_EXIT_D | x_R30_EXIT_STAIRWELL | x_R31_EXIT_H | x_R32_EXIT_B | x_R33_EXIT_STAIRWELL | x_R34_EXIT_B | x_R35_EXIT_G | x_R36_EXIT_B
622,0.8570313781164032,1,True,0,28,x_R01_EXIT_H | x_R02_EXIT_H | x_R03_EXIT_E | x_R04_EXIT_D | x_R05_EXIT_F | x_R06_EXIT_C | x_R07_EXIT_H | x_R08_EXIT_STAIRWELL | x_R09_EXIT_STAIRWELL | x_R10_EXIT_C | x_R11_EXIT_B | x_R12_EXIT_G | x_R13_EXIT_H | x_R14_EXIT_STAIRWELL | x_R15_EXIT_E | x_R16_EXIT_G | x_R20_EXIT_A | x_R24_EXIT_H | x_R25_EXIT_C | x_R28_EXIT_F | x_R29_EXIT_D | x_R30_EXIT_F | x_R31_EXIT_F | x_R32_EXIT_B | x_R33_EXIT_G | x_R34_EXIT_C | x_R35_EXIT_B | x_R36_EXIT_G
623,0.8570835649952642,1,True,0,28,x_R01_EXIT_STAIRWELL | x_R02_EXIT_STAIRWELL | x_R03_EXIT_G | x_R04_EXIT_A | x_R05_EXIT_STAIRWELL | x_R06_EXIT_G | x_R07_EXIT_A | x_R08_EXIT_G | x_R09_EXIT_G | x_R10_EXIT_C | x_R11_EXIT_A | x_R12_EXIT_D | x_R13_EXIT_G | x_R14_EXIT_C | x_R15_EXIT_G | x_R16_EXIT_C | x_R20_EXIT_E | x_R24_EXIT_B | x_R25_EXIT_G | x_R28_EXIT_G | x_R29_EXIT_D | x_R30_EXIT_F | x_R31_EXIT_F | x_R32_EXIT_STAIRWELL | x_R33_EXIT_STAIRWELL | x_R34_EXIT_F | x_R35_EXIT_G | x_R36_EXIT_F
624,0.8574657021760004,1,True,0,28,x_R01_EXIT_F | x_R02_EXIT_F | x_R03_EXIT_B | x_R04_EXIT_E | x_R05_EXIT_E | x_R06_EXIT_B | x_R07_EXIT_E | x_R08_EXIT_STAIRWELL | x_R09_EXIT_G | x_R10_EXIT_C | x_R11_EXIT_D | x_R12_EXIT_D | x_R13_EXIT_G | x_R14_EXIT_G | x_R15_EXIT_F | x_R16_EXIT_H | x_R20_EXIT_E | x_R24_EXIT_F | x_R25_EXIT_STAIRWELL | x_R28_EXIT_F | x_R29_EXIT_F | x_R30_EXIT_A | x_R31_EXIT_STAIRWELL | x_R32_EXIT_C | x_R33_EXIT_B | x_R34_EXIT_A | x_R35_EXIT_D | x_R36_EXIT_STAIRWELL
625,0.8576733892241464,1,True,0,28,x_R01_EXIT_H | x_R02_EXIT_C | x_R03_EXIT_F | x_R04_EXIT_STAIRWELL | x_R05_EXIT_G | x_R06_EXIT_B | x_R07_EXIT_H | x_R08_EXIT_G | x_R09_EXIT_F | x_R10_EXIT_G | x_R11_EXIT_STAIRWELL | x_R12_EXIT_H | x_R13_EXIT_A | x_R14_EXIT_B | x_R15_EXIT_D | x_R16_EXIT_C | x_R20_EXIT_E | x_R24_EXIT_E | x_R25_EXIT_D | x_R28_EXIT_B | x_R29_EXIT_B | x_R30_EXIT_D | x_R31_EXIT_C | x_R32_EXIT_A | x_R33_EXIT_H | x_R34_EXIT_C | x_R35_EXIT_A | x_R36_EXIT_STAIRWELL
626,0.8577041428651455,1,True,0,28,x_R01_EXIT_C | x_R02_EXIT_H | x_R03_EXIT_B | x_R04_EXIT_F | x_R05_EXIT_STAIRWELL | x_R06_EXIT_D | x_R07_EXIT_G | x_R08_EXIT_D | x_R09_EXIT_STAIRWELL | x_R10_EXIT_D | x_R11_EXIT_C | x_R12_EXIT_G | x_R13_EXIT_A | x_R14_EXIT_D | x_R15_EXIT_F | x_R16_EXIT_G | x_R20_EXIT_E | x_R24_EXIT_STAIRWELL | x_R25_EXIT_G | x_R28_EXIT_G | x_R29_EXIT_A | x_R30_EXIT_H | x_R31_EXIT_A | x_R32_EXIT_A | x_R33_EXIT_STAIRWELL | x_R34_EXIT_F | x_R35_EXIT_G | x_R36_EXIT_E
627,0.8577749050962211,1,True,0,28,x_R01_EXIT_A | x_R02_EXIT_D | x_R03_EXIT_C | x_R04_EXIT_H | x_R05_EXIT_A | x_R06_EXIT_E | x_R07_EXIT_D | x_R08_EXIT_C | x_R09_EXIT_G | x_R10_EXIT_B | x_R11_EXIT_D | x_R12_EXIT_G | x_R13_EXIT_E | x_R14_EXIT_B | x_R15_EXIT_G | x_R16_EXIT_A | x_R20_EXIT_D | x_R24_EXIT_E | x_R25_EXIT_C | x_R28_EXIT_E | x_R29_EXIT_E | x_R30_EXIT_G | x_R31_EXIT_STAIRWELL | x_R32_EXIT_F | x_R33_EXIT_H | x_R34_EXIT_D | x_R35_EXIT_C | x_R36_EXIT_C
628,0.8579000201127656,1,True,0,28,x_R01_EXIT_D | x_R02_EXIT_A | x_R03_EXIT_D | x_R04_EXIT_D | x_R05_EXIT_E | x_R06_EXIT_STAIRWELL | x_R07_EXIT_C | x_R08_EXIT_D | x_R09_EXIT_F | x_R10_EXIT_C | x_R11_EXIT_G | x_R12_EXIT_G | x_R13_EXIT_E | x_R14_EXIT_H | x_R15_EXIT_E | x_R16_EXIT_STAIRWELL | x_R20_EXIT_B | x_R24_EXIT_C | x_R25_EXIT_G | x_R28_EXIT_STAIRWELL | x_R29_EXIT_A | x_R30_EXIT_STAIRWELL | x_R31_EXIT_F | x_R32_EXIT_STAIRWELL | x_R33_EXIT_D | x_R34_EXIT_G | x_R35_EXIT_A | x_R36_EXIT_C
629,0.8582475818805051,1,True,0,28,x_R01_EXIT_G | x_R02_EXIT_C | x_R03_EXIT_F | x_R04_EXIT_H | x_R05_EXIT_H | x_R06_EXIT_STAIRWELL | x_R07_EXIT_STAIRWELL | x_R08_EXIT_E | x_R09_EXIT_G | x_R10_EXIT_F | x_R11_EXIT_D | x_R12_EXIT_E | x_R13_EXIT_G | x_R14_EXIT_D | x_R15_EXIT_G | x_R16_EXIT_C | x_R20_EXIT_STAIRWELL | x_R24_EXIT_F | x_R25_EXIT_C | x_R28_EXIT_G | x_R29_EXIT_A | x_R30_EXIT_E | x_R31_EXIT_E | x_R32_EXIT_E | x_R33_EXIT_H | x_R34_EXIT_G | x_R35_EXIT_C | x_R36_EXIT_H
630,0.8583250815478891,1,True,0,28,x_R01_EXIT_F | x_R02_EXIT_G | x_R03_EXIT_B | x_R04_EXIT_G | x_R05_EXIT_STAIRWELL | x_R06_EXIT_STAIRWELL | x_R07_EXIT_A | x_R08_EXIT_A | x_R09_EXIT_C | x_R10_EXIT_C | x_R11_EXIT_C | x_R12_EXIT_D | x_R13_EXIT_D | x_R14_EXIT_D | x_R15_EXIT_G | x_R16_EXIT_H | x_R20_EXIT_H | x_R24_EXIT_G | x_R25_EXIT_D | x_R28_EXIT_E | x_R29_EXIT_STAIRWELL | x_R30_EXIT_STAIRWELL | x_R31_EXIT_E | x_R32_EXIT_B | x_R33_EXIT_C | x_R34_EXIT_F | x_R35_EXIT_D | x_R36_EXIT_G
631,0.8586232903213045,1,True,0,28,x_R01_EXIT_G | x_R02_EXIT_B | x_R03_EXIT_G | x_R04_EXIT_C | x_R05_EXIT_C | x_R06_EXIT_B | x_R07_EXIT_STAIRWELL | x_R08_EXIT_D | x_R09_EXIT_E | x_R10_EXIT_A | x_R11_EXIT_A | x_R12_EXIT_G | x_R13_EXIT_E | x_R14_EXIT_D | x_R15_EXIT_STAIRWELL | x_R16_EXIT_STAIRWELL | x_R20_EXIT_STAIRWELL | x_R24_EXIT_C | x_R25_EXIT_D | x_R28_EXIT_F | x_R29_EXIT_C | x_R30_EXIT_E | x_R31_EXIT_F | x_R32_EXIT_G | x_R33_EXIT_D | x_R34_EXIT_H | x_R35_EXIT_G | x_R36_EXIT_A
632,0.8587785226841902,1,True,0,28,x_R01_EXIT_C | x_R02_EXIT_A | x_R03_EXIT_STAIRWELL | x_R04_EXIT_A | x_R05_EXIT_D | x_R06_EXIT_F | x_R07_EXIT_E | x_R08_EXIT_A | x_R09_EXIT_E | x_R10_EXIT_H | x_R11_EXIT_H | x_R12_EXIT_F | x_R13_EXIT_G | x_R14_EXIT_D | x_R15_EXIT_B | x_R16_EXIT_B | x_R20_EXIT_C | x_R24_EXIT_E | x_R25_EXIT_G | x_R28_EXIT_F | x_R29_EXIT_E | x_R30_EXIT_E | x_R31_EXIT_D | x_R32_EXIT_F | x_R33_EXIT_STAIRWELL | x_R34_EXIT_C | x_R35_EXIT_F | x_R36_EXIT_D
633,0.8588566570888929,1,True,0,28,x_R01_EXIT_STAIRWELL | x_R02_EXIT_D | x_R03_EXIT_C | x_R04_EXIT_D | x_R05_EXIT_A | x_R06_EXIT_D | x_R07_EXIT_F | x_R08_EXIT_B | x_R09_EXIT_E | x_R10_EXIT_B | x_R11_EXIT_G | x_R12_EXIT_A | x_R13_EXIT_D | x_R14_EXIT_C | x_R15_EXIT_G | x_R16_EXIT_G | x_R20_EXIT_G | x_R24_EXIT_G | x_R25_EXIT_F | x_R28_EXIT_E | x_R29_EXIT_F | x_R30_EXIT_F | x_R31_EXIT_F | x_R32_EXIT_A | x_R33_EXIT_E | x_R34_EXIT_F | x_R35_EXIT_STAIRWELL | x_R36_EXIT_STAIRWELL
634,0.8591201948823368,1,True,0,28,x_R01_EXIT_E | x_R02_EXIT_G | x_R03_EXIT_D | x_R04_EXIT_E | x_R05_EXIT_C | x_R06_EXIT_F | x_R07_EXIT_A | x_R08_EXIT_E | x_R09_EXIT_D | x_R10_EXIT_STAIRWELL | x_R11_EXIT_STAIRWELL | x_R12_EXIT_F | x_R13_EXIT_D | x_R14_EXIT_STAIRWELL | x_R15_EXIT_G | x_R16_EXIT_C | x_R20_EXIT_STAIRWELL | x_R24_EXIT_E | x_R25_EXIT_F | x_R28_EXIT_G | x_R29_EXIT_H | x_R30_EXIT_STAIRWELL | x_R31_EXIT_D | x_R32_EXIT_B | x_R33_EXIT_STAIRWELL | x_R34_EXIT_A | x_R35_EXIT_B | x_R36_EXIT_B
635,0.8593695172674529,1,True,0,28,x_R01_EXIT_E | x_R02_EXIT_A | x_R03_EXIT_B | x_R04_EXIT_E | x_R05_EXIT_H | x_R06_EXIT_F | x_R07_EXIT_D | x_R08_EXIT_A | x_R09_EXIT_E | x_R10_EXIT_E | x_R11_EXIT_F | x_R12_EXIT_H | x_R13_EXIT_C | x_R14_EXIT_E | x_R15_EXIT_C | x_R16_EXIT_D | x_R20_EXIT_F | x_R24_EXIT_B | x_R25_EXIT_D | x_R28_EXIT_C | x_R29_EXIT_A | x_R30_EXIT_E | x_R31_EXIT_D | x_R32_EXIT_A | x_R33_EXIT_C | x_R34_EXIT_H | x_R35_EXIT_STAIRWELL | x_R36_EXIT_STAIRWELL
636,0.8595815412614911,1,True,0,28,x_R01_EXIT_H | x_R02_EXIT_D | x_R03_EXIT_H | x_R04_EXIT_STAIRWELL | x_R05_EXIT_STAIRWELL | x_R06_EXIT_STAIRWELL | x_R07_EXIT_STAIRWELL | x_R08_EXIT_H | x_R09_EXIT_D | x_R10_EXIT_D | x_R11_EXIT_H | x_R12_EXIT_A | x_R13_EXIT_A | x_R14_EXIT_H | x_R15_EXIT_A | x_R16_EXIT_STAIRWELL | x_R20_EXIT_E | x_R24_EXIT_G | x_R25_EXIT_F | x_R28_EXIT_A | x_R29_EXIT_G | x_R30_EXIT_H | x_R31_EXIT_H | x_R32_EXIT_D | x_R33_EXIT_D | x_R34_EXIT_B | x_R35_EXIT_C | x_R36_EXIT_D
637,0.8598670249004385,1,True,0,28,x_R01_EXIT_A | x_R02_EXIT_E | x_R03_EXIT_C | x_R04_EXIT_C | x_R05_EXIT_F | x_R06_EXIT_F | x_R07_EXIT_D | x_R08_EXIT_C | x_R09_EXIT_D | x_R10_EXIT_A | x_R11_EXIT_G | x_R12_EXIT_E | x_R13_EXIT_G | x_R14_EXIT_B | x_R15_EXIT_G | x_R16_EXIT_E | x_R20_EXIT_STAIRWELL | x_R24_EXIT_H | x_R25_EXIT_E | x_R28_EXIT_H | x_R29_EXIT_B | x_R30_EXIT_C | x_R31_EXIT_A | x_R32_EXIT_G | x_R33_EXIT_E | x_R34_EXIT_F | x_R35_EXIT_B | x_R36_EXIT_H
638,0.8600961160766474,1,True,0,28,x_R01_EXIT_B | x_R02_EXIT_C | x_R03_EXIT_G | x_R04_EXIT_E | x_R05_EXIT_E | x_R06_EXIT_F | x_R07_EXIT_G | x_R08_EXIT_D | x_R09_EXIT_C | x_R10_EXIT_C | x_R11_EXIT_E | x_R12_EXIT_B | x_R13_EXIT_A | x_R14_EXIT_H | x_R15_EXIT_C | x_R16_EXIT_STAIRWELL | x_R20_EXIT_B | x_R24_EXIT_STAIRWELL | x_R25_EXIT_D | x_R28_EXIT_STAIRWELL | x_R29_EXIT_C | x_R30_EXIT_G | x_R31_EXIT_STAIRWELL | x_R32_EXIT_H | x_R33_EXIT_H | x_R34_EXIT_A | x_R35_EXIT_B | x_R36_EXIT_C
639,0.8603477903891417,1,True,0,28,x_R01_EXIT_F | x_R02_EXIT_STAIRWELL | x_R03_EXIT_C | x_R04_EXIT_C | x_R05_EXIT_H | x_R06_EXIT_C | x_R07_EXIT_D | x_R08_EXIT_STAIRWELL | x_R09_EXIT_F | x_R10_EXIT_H | x_R11_EXIT_H | x_R12_EXIT_A | x_R13_EXIT_D | x_R14_EXIT_B | x_R15_EXIT_B | x_R16_EXIT_F | x_R20_EXIT_C | x_R24_EXIT_B | x_R25_EXIT_STAIRWELL | x_R28_EXIT_D | x_R29_EXIT_A | x_R30_EXIT_E | x_R31_EXIT_E | x_R32_EXIT_G | x_R33_EXIT_D | x_R34_EXIT_B | x_R35_EXIT_H | x_R36_EXIT_H
640,0.861123174912052,1,True,0,28,x_R01_EXIT_D | x_R02_EXIT_STAIRWELL | x_R03_EXIT_E | x_R04_EXIT_STAIRWELL | x_R05_EXIT_A | x_R06_EXIT_G | x_R07_EXIT_C | x_R08_EXIT_A | x_R09_EXIT_E | x_R10_EXIT_STAIRWELL | x_R11_EXIT_A | x_R12_EXIT_H | x_R13_EXIT_A | x_R14_EXIT_F | x_R15_EXIT_B | x_R16_EXIT_E | x_R20_EXIT_D | x_R24_EXIT_E | x_R25_EXIT_F | x_R28_EXIT_D | x_R29_EXIT_G | x_R30_EXIT_G | x_R31_EXIT_H | x_R32_EXIT_STAIRWELL | x_R33_EXIT_C | x_R34_EXIT_H | x_R35_EXIT_G | x_R36_EXIT_H
641,0.8612427305139363,1,True,0,28,x_R01_EXIT_B | x_R02_EXIT_C | x_R03_EXIT_F | x_R04_EXIT_H | x_R05_EXIT_STAIRWELL | x_R06_EXIT_B | x_R07_EXIT_D | x_R08_EXIT_G | x_R09_EXIT_F | x_R10_EXIT_B | x_R11_EXIT_E | x_R12_EXIT_B | x_R13_EXIT_C | x_R14_EXIT_E | x_R15_EXIT_F | x_R16_EXIT_B | x_R20_EXIT_H | x_R24_EXIT_STAIRWELL | x_R25_EXIT_C | x_R28_EXIT_B | x_R29_EXIT_E | x_R30_EXIT_G | x_R31_EXIT_A | x_R32_EXIT_F | x_R33_EXIT_A | x_R34_EXIT_E | x_R35_EXIT_G | x_R36_EXIT_C
642,0.8614216617166335,1,True,0,28,x_R01_EXIT_STAIRWELL | x_R02_EXIT_E | x_R03_EXIT_STAIRWELL | x_R04_EXIT_F | x_R05_EXIT_E | x_R06_EXIT_D | x_R07_EXIT_C | x_R08_EXIT_STAIRWELL | x_R09_EXIT_E | x_R10_EXIT_E | x_R11_EXIT_D | x_R12_EXIT_G | x_R13_EXIT_F | x_R14_EXIT_H | x_R15_EXIT_H | x_R16_EXIT_STAIRWELL | x_R20_EXIT_B | x_R24_EXIT_STAIRWELL | x_R25_EXIT_D | x_R28_EXIT_STAIRWELL | x_R29_EXIT_A | x_R30_EXIT_H | x_R31_EXIT_H | x_R32_EXIT_A | x_R33_EXIT_B | x_R34_EXIT_E | x_R35_EXIT_B | x_R36_EXIT_A
643,0.8616485588504474,1,True,0,28,x_R01_EXIT_STAIRWELL | x_R02_EXIT_G | x_R03_EXIT_H | x_R04_EXIT_C | x_R05_EXIT_D | x_R06_EXIT_D | x_R07_EXIT_E | x_R08_EXIT_H | x_R09_EXIT_B | x_R10_EXIT_A | x_R11_EXIT_A | x_R12_EXIT_C | x_R13_EXIT_B | x_R14_EXIT_H | x_R15_EXIT_G | x_R16_EXIT_H | x_R20_EXIT_H | x_R24_EXIT_C | x_R25_EXIT_H | x_R28_EXIT_F | x_R29_EXIT_H | x_R30_EXIT_B | x_R31_EXIT_G | x_R32_EXIT_C | x_R33_EXIT_C | x_R34_EXIT_G | x_R35_EXIT_H | x_R36_EXIT_B
644,0.8616842688325619,1,True,0,28,x_R01_EXIT_A | x_R02_EXIT_E | x_R03_EXIT_D | x_R04_EXIT_C | x_R05_EXIT_E | x_R06_EXIT_F | x_R07_EXIT_A | x_R08_EXIT_E | x_R09_EXIT_B | x_R10_EXIT_STAIRWELL | x_R11_EXIT_D | x_R12_EXIT_G | x_R13_EXIT_C | x_R14_EXIT_C | x_R15_EXIT_B | x_R16_EXIT_G | x_R20_EXIT_G | x_R24_EXIT_F | x_R25_EXIT_E | x_R28_EXIT_H | x_R29_EXIT_D | x_R30_EXIT_STAIRWELL | x_R31_EXIT_D | x_R32_EXIT_G | x_R33_EXIT_F | x_R34_EXIT_STAIRWELL | x_R35_EXIT_STAIRWELL | x_R36_EXIT_F
645,0.861712024021358,1,True,0,28,x_R01_EXIT_B | x_R02_EXIT_C | x_R03_EXIT_E | x_R04_EXIT_H | x_R05_EXIT_H | x_R06_EXIT_H | x_R07_EXIT_F | x_R08_EXIT_A | x_R09_EXIT_F | x_R10_EXIT_D | x_R11_EXIT_F | x_R12_EXIT_STAIRWELL | x_R13_EXIT_H | x_R14_EXIT_F | x_R15_EXIT_C | x_R16_EXIT_H | x_R20_EXIT_A | x_R24_EXIT_F | x_R25_EXIT_C | x_R28_EXIT_A | x_R29_EXIT_E | x_R30_EXIT_H | x_R31_EXIT_G | x_R32_EXIT_H | x_R33_EXIT_A | x_R34_EXIT_H | x_R35_EXIT_H | x_R36_EXIT_B
646,0.8617166834461045,1,True,0,28,x_R01_EXIT_STAIRWELL | x_R02_EXIT_H | x_R03_EXIT_C | x_R04_EXIT_STAIRWELL | x_R05_EXIT_E | x_R06_EXIT_F | x_R07_EXIT_E | x_R08_EXIT_D | x_R09_EXIT_D | x_R10_EXIT_STAIRWELL | x_R11_EXIT_E | x_R12_EXIT_F | x_R13_EXIT_STAIRWELL | x_R14_EXIT_D | x_R15_EXIT_D | x_R16_EXIT_C | x_R20_EXIT_E | x_R24_EXIT_H | x_R25_EXIT_G | x_R28_EXIT_B | x_R29_EXIT_A | x_R30_EXIT_H | x_R31_EXIT_H | x_R32_EXIT_E | x_R33_EXIT_F | x_R34_EXIT_E | x_R35_EXIT_B | x_R36_EXIT_A
647,0.8617524189849632,1,True,0,28,x_R01_EXIT_G | x_R02_EXIT_C | x_R03_EXIT_D | x_R04_EXIT_A | x_R05_EXIT_STAIRWELL | x_R06_EXIT_E | x_R07_EXIT_C | x_R08_EXIT_C | x_R09_EXIT_B | x_R10_EXIT_D | x_R11_EXIT_E | x_R12_EXIT_G | x_R13_EXIT_F | x_R14_EXIT_E | x_R15_EXIT_STAIRWELL | x_R16_EXIT_G | x_R20_EXIT_A | x_R24_EXIT_STAIRWELL | x_R25_EXIT_D | x_R28_EXIT_STAIRWELL | x_R29_EXIT_B | x_R30_EXIT_F | x_R31_EXIT_E | x_R32_EXIT_A | x_R33_EXIT_STAIRWELL | x_R34_EXIT_G | x_R35_EXIT_G | x_R36_EXIT_F
648,0.8621335554924485,1,True,0,28,x_R01_EXIT_E | x_R02_EXIT_F | x_R03_EXIT_G | x_R04_EXIT_H | x_R05_EXIT_C | x_R06_EXIT_STAIRWELL | x_R07_EXIT_A | x_R08_EXIT_STAIRWELL | x_R09_EXIT_C | x_R10_EXIT_D | x_R11_EXIT_C | x_R12_EXIT_F | x_R13_EXIT_G | x_R14_EXIT_G | x_R15_EXIT_A | x_R16_EXIT_A | x_R20_EXIT_F | x_R24_EXIT_B | x_R25_EXIT_H | x_R28_EXIT_E | x_R29_EXIT_F | x_R30_EXIT_B | x_R31_EXIT_B | x_R32_EXIT_G | x_R33_EXIT_C | x_R34_EXIT_F | x_R35_EXIT_H | x_R36_EXIT_F
649,0.8624742970243915,1,True,0,28,x_R01_EXIT_G | x_R02_EXIT_A | x_R03_EXIT_D | x_R04_EXIT_E | x_R05_EXIT_STAIRWELL | x_R06_EXIT_STAIRWELL | x_R07_EXIT_D | x_R08_EXIT_B | x_R09_EXIT_STAIRWELL | x_R10_EXIT_A | x_R11_EXIT_E | x_R12_EXIT_C | x_R13_EXIT_G | x_R14_EXIT_A | x_R15_EXIT_E | x_R16_EXIT_D | x_R20_EXIT_C | x_R24_EXIT_G | x_R25_EXIT_B | x_R28_EXIT_B | x_R29_EXIT_D | x_R30_EXIT_H | x_R31_EXIT_B | x_R32_EXIT_H | x_R33_EXIT_H | x_R34_EXIT_F | x_R35_EXIT_C | x_R36_EXIT_F
650,0.8625928519720105,1,True,0,28,x_R01_EXIT_D | x_R02_EXIT_C | x_R03_EXIT_C | x_R04_EXIT_E | x_R05_EXIT_E | x_R06_EXIT_C | x_R07_EXIT_STAIRWELL | x_R08_EXIT_D | x_R09_EXIT_H | x_R10_EXIT_D | x_R11_EXIT_H | x_R12_EXIT_D | x_R13_EXIT_STAIRWELL | x_R14_EXIT_G | x_R15_EXIT_A | x_R16_EXIT_E | x_R20_EXIT_H | x_R24_EXIT_D | x_R25_EXIT_A | x_R28_EXIT_STAIRWELL | x_R29_EXIT_F | x_R30_EXIT_H | x_R31_EXIT_STAIRWELL | x_R32_EXIT_D | x_R33_EXIT_A | x_R34_EXIT_E | x_R35_EXIT_E | x_R36_EXIT_D
651,0.8626794410142224,1,True,0,28,x_R01_EXIT_A | x_R02_EXIT_G | x_R03_EXIT_F | x_R04_EXIT_A | x_R05_EXIT_D | x_R06_EXIT_B | x_R07_EXIT_C | x_R08_EXIT_E | x_R09_EXIT_A | x_R10_EXIT_D | x_R11_EXIT_F | x_R12_EXIT_D | x_R13_EXIT_E | x_R14_EXIT_STAIRWELL | x_R15_EXIT_H | x_R16_EXIT_D | x_R20_EXIT_E | x_R24_EXIT_B | x_R25_EXIT_H | x_R28_EXIT_C | x_R29_EXIT_E | x_R30_EXIT_H | x_R31_EXIT_E | x_R32_EXIT_C | x_R33_EXIT_STAIRWELL | x_R34_EXIT_H | x_R35_EXIT_F | x_R36_EXIT_E
652,0.8626963206148162,1,True,0,28,x_R01_EXIT_F | x_R02_EXIT_G | x_R03_EXIT_D | x_R04_EXIT_H | x_R05_EXIT_STAIRWELL | x_R06_EXIT_G | x_R07_EXIT_A | x_R08_EXIT_D | x_R09_EXIT_C | x_R10_EXIT_H | x_R11_EXIT_C | x_R12_EXIT_D | x_R13_EXIT_E | x_R14_EXIT_A | x_R15_EXIT_B | x_R16_EXIT_A | x_R20_EXIT_B | x_R24_EXIT_A | x_R25_EXIT_D | x_R28_EXIT_G | x_R29_EXIT_D | x_R30_EXIT_F | x_R31_EXIT_C | x_R32_EXIT_F | x_R33_EXIT_B | x_R34_EXIT_F | x_R35_EXIT_G | x_R36_EXIT_F
653,0.8629658920999077,1,True,0,28,x_R01_EXIT_E | x_R02_EXIT_F | x_R03_EXIT_D | x_R04_EXIT_C | x_R05_EXIT_B | x_R06_EXIT_F | x_R07_EXIT_B | x_R08_EXIT_D | x_R09_EXIT_C | x_R10_EXIT_B | x_R11_EXIT_B | x_R12_EXIT_G | x_R13_EXIT_F | x_R14_EXIT_C | x_R15_EXIT_F | x_R16_EXIT_C | x_R20_EXIT_C | x_R24_EXIT_F | x_R25_EXIT_D | x_R28_EXIT_A | x_R29_EXIT_H | x_R30_EXIT_A | x_R31_EXIT_F | x_R32_EXIT_C | x_R33_EXIT_H | x_R34_EXIT_G | x_R35_EXIT_D | x_R36_EXIT_STAIRWELL
654,0.863749063285411,1,True,0,28,x_R01_EXIT_H | x_R02_EXIT_G | x_R03_EXIT_C | x_R04_EXIT_B | x_R05_EXIT_STAIRWELL | x_R06_EXIT_E | x_R07_EXIT_H | x_R08_EXIT_A | x_R09_EXIT_B | x_R10_EXIT_C | x_R11_EXIT_B | x_R12_EXIT_H | x_R13_EXIT_C | x_R14_EXIT_C | x_R15_EXIT_D | x_R16_EXIT_H | x_R20_EXIT_H | x_R24_EXIT_E | x_R25_EXIT_G | x_R28_EXIT_B | x_R29_EXIT_STAIRWELL | x_R30_EXIT_STAIRWELL | x_R31_EXIT_A | x_R32_EXIT_G | x_R33_EXIT_F | x_R34_EXIT_H | x_R35_EXIT_G | x_R36_EXIT_G
655,0.86396102593568,1,True,0,28,x_R01_EXIT_H | x_R02_EXIT_B | x_R03_EXIT_E | x_R04_EXIT_G | x_R05_EXIT_G | x_R06_EXIT_F | x_R07_EXIT_G | x_R08_EXIT_F | x_R09_EXIT_A | x_R10_EXIT_F | x_R11_EXIT_E | x_R12_EXIT_C | x_R13_EXIT_B | x_R14_EXIT_F | x_R15_EXIT_STAIRWELL | x_R16_EXIT_STAIRWELL | x_R20_EXIT_D | x_R24_EXIT_G | x_R25_EXIT_B | x_R28_EXIT_G | x_R29_EXIT_C | x_R30_EXIT_E | x_R31_EXIT_F | x_R32_EXIT_G | x_R33_EXIT_E | x_R34_EXIT_B | x_R35_EXIT_STAIRWELL | x_R36_EXIT_STAIRWELL
656,0.8640633727889622,1,True,0,28,x_R01_EXIT_H | x_R02_EXIT_B | x_R03_EXIT_G | x_R04_EXIT_G | x_R05_EXIT_A | x_R06_EXIT_H | x_R07_EXIT_C | x_R08_EXIT_A | x_R09_EXIT_B | x_R10_EXIT_C | x_R11_EXIT_F | x_R12_EXIT_F | x_R13_EXIT_B | x_R14_EXIT_E | x_R15_EXIT_G | x_R16_EXIT_A | x_R20_EXIT_G | x_R24_EXIT_STAIRWELL | x_R25_EXIT_B | x_R28_EXIT_C | x_R29_EXIT_D | x_R30_EXIT_E | x_R31_EXIT_STAIRWELL | x_R32_EXIT_A | x_R33_EXIT_H | x_R34_EXIT_C | x_R35_EXIT_D | x_R36_EXIT_F
657,0.8640701102278285,1,True,0,28,x_R01_EXIT_F | x_R02_EXIT_G | x_R03_EXIT_D | x_R04_EXIT_STAIRWELL | x_R05_EXIT_G | x_R06_EXIT_F | x_R07_EXIT_H | x_R08_EXIT_A | x_R09_EXIT_A | x_R10_EXIT_H | x_R11_EXIT_F | x_R12_EXIT_B | x_R13_EXIT_H | x_R14_EXIT_E | x_R15_EXIT_G | x_R16_EXIT_D | x_R20_EXIT_F | x_R24_EXIT_H | x_R25_EXIT_C | x_R28_EXIT_H | x_R29_EXIT_STAIRWELL | x_R30_EXIT_STAIRWELL | x_R31_EXIT_H | x_R32_EXIT_B | x_R33_EXIT_H | x_R34_EXIT_H | x_R35_EXIT_F | x_R36_EXIT_STAIRWELL
658,0.8641110418134303,1,True,0,28,x_R01_EXIT_F | x_R02_EXIT_STAIRWELL | x_R03_EXIT_E | x_R04_EXIT_C | x_R05_EXIT_F | x_R06_EXIT_B | x_R07_EXIT_A | x_R08_EXIT_A | x_R09_EXIT_D | x_R10_EXIT_A | x_R11_EXIT_H | x_R12_EXIT_B | x_R13_EXIT_F | x_R14_EXIT_C | x_R15_EXIT_B | x_R16_EXIT_H | x_R20_EXIT_D | x_R24_EXIT_STAIRWELL | x_R25_EXIT_B | x_R28_EXIT_F | x_R29_EXIT_D | x_R30_EXIT_B | x_R31_EXIT_F | x_R32_EXIT_D | x_R33_EXIT_C | x_R34_EXIT_D | x_R35_EXIT_H | x_R36_EXIT_A
659,0.8641573416831534,1,True,0,28,x_R01_EXIT_F | x_R02_EXIT_G | x_R03_EXIT_E | x_R04_EXIT_E | x_R05_EXIT_D | x_R06_EXIT_F | x_R07_EXIT_STAIRWELL | x_R08_EXIT_B | x_R09_EXIT_G | x_R10_EXIT_H | x_R11_EXIT_D | x_R12_EXIT_B | x_R13_EXIT_E | x_R14_EXIT_C | x_R15_EXIT_A | x_R16_EXIT_STAIRWELL | x_R20_EXIT_C | x_R24_EXIT_H | x_R25_EXIT_D | x_R28_EXIT_C | x_R29_EXIT_E | x_R30_EXIT_G | x_R31_EXIT_STAIRWELL | x_R32_EXIT_E | x_R33_EXIT_E | x_R34_EXIT_F | x_R35_EXIT_F | x_R36_EXIT_D
660,0.8641875980388818,1,True,0,28,x_R01_EXIT_B | x_R02_EXIT_H | x_R03_EXIT_C | x_R04_EXIT_B | x_R05_EXIT_E | x_R06_EXIT_G | x_R07_EXIT_C | x_R08_EXIT_H | x_R09_EXIT_E | x_R10_EXIT_H | x_R11_EXIT_F | x_R12_EXIT_H | x_R13_EXIT_E | x_R14_EXIT_D | x_R15_EXIT_E | x_R16_EXIT_G | x_R20_EXIT_STAIRWELL | x_R24_EXIT_G | x_R25_EXIT_STAIRWELL | x_R28_EXIT_E | x_R29_EXIT_B | x_R30_EXIT_D | x_R31_EXIT_D | x_R32_EXIT_B | x_R33_EXIT_A | x_R34_EXIT_F | x_R35_EXIT_C | x_R36_EXIT_F
661,0.8642814253653341,1,True,0,28,x_R01_EXIT_H | x_R02_EXIT_G | x_R03_EXIT_STAIRWELL | x_R04_EXIT_A | x_R05_EXIT_F | x_R06_EXIT_B | x_R07_EXIT_F | x_R08_EXIT_G | x_R09_EXIT_G | x_R10_EXIT_B | x_R11_EXIT_H | x_R12_EXIT_A | x_R13_EXIT_H | x_R14_EXIT_C | x_R15_EXIT_D | x_R16_EXIT_E | x_R20_EXIT_B | x_R24_EXIT_D | x_R25_EXIT_E | x_R28_EXIT_STAIRWELL | x_R29_EXIT_E | x_R30_EXIT_H | x_R31_EXIT_D | x_R32_EXIT_G | x_R33_EXIT_F | x_R34_EXIT_A | x_R35_EXIT_E | x_R36_EXIT_STAIRWELL
662,0.864438722962177,1,True,0,28,x_R01_EXIT_H | x_R02_EXIT_STAIRWELL | x_R03_EXIT_B | x_R04_EXIT_STAIRWELL | x_R05_EXIT_H | x_R06_EXIT_G | x_R07_EXIT_G | x_R08_EXIT_C | x_R09_EXIT_G | x_R10_EXIT_F | x_R11_EXIT_D | x_R12_EXIT_C | x_R13_EXIT_F | x_R14_EXIT_A | x_R15_EXIT_F | x_R16_EXIT_G | x_R20_EXIT_C | x_R24_EXIT_F | x_R25_EXIT_E | x_R28_EXIT_H | x_R29_EXIT_E | x_R30_EXIT_A | x_R31_EXIT_G | x_R32_EXIT_B | x_R33_EXIT_STAIRWELL | x_R34_EXIT_D | x_R35_EXIT_C | x_R36_EXIT_STAIRWELL
663,0.864540352291101,1,True,0,28,x_R01_EXIT_H | x_R02_EXIT_H | x_R03_EXIT_H | x_R04_EXIT_H | x_R05_EXIT_G | x_R06_EXIT_A | x_R07_EXIT_D | x_R08_EXIT_C | x_R09_EXIT_C | x_R10_EXIT_B | x_R11_EXIT_A | x_R12_EXIT_F | x_R13_EXIT_F | x_R14_EXIT_C | x_R15_EXIT_C | x_R16_EXIT_STAIRWELL | x_R20_EXIT_C | x_R24_EXIT_C | x_R25_EXIT_C | x_R28_EXIT_G | x_R29_EXIT_C | x_R30_EXIT_B | x_R31_EXIT_F | x_R32_EXIT_STAIRWELL | x_R33_EXIT_F | x_R34_EXIT_C | x_R35_EXIT_D | x_R36_EXIT_C
664,0.8649554611386066,1,True,0,28,x_R01_EXIT_F | x_R02_EXIT_G | x_R03_EXIT_E | x_R04_EXIT_A | x_R05_EXIT_D | x_R06_EXIT_D | x_R07_EXIT_E | x_R08_EXIT_F | x_R09_EXIT_H | x_R10_EXIT_D | x_R11_EXIT_G | x_R12_EXIT_B | x_R13_EXIT_A | x_R14_EXIT_C | x_R15_EXIT_E | x_R16_EXIT_STAIRWELL | x_R20_EXIT_H | x_R24_EXIT_D | x_R25_EXIT_A | x_R28_EXIT_G | x_R29_EXIT_F | x_R30_EXIT_B | x_R31_EXIT_D | x_R32_EXIT_E | x_R33_EXIT_H | x_R34_EXIT_C | x_R35_EXIT_STAIRWELL | x_R36_EXIT_B
665,0.86510547956766,1,True,0,28,x_R01_EXIT_F | x_R02_EXIT_B | x_R03_EXIT_STAIRWELL | x_R04_EXIT_G | x_R05_EXIT_A | x_R06_EXIT_G | x_R07_EXIT_F | x_R08_EXIT_B | x_R09_EXIT_D | x_R10_EXIT_H | x_R11_EXIT_D | x_R12_EXIT_F | x_R13_EXIT_D | x_R14_EXIT_A | x_R15_EXIT_E | x_R16_EXIT_STAIRWELL | x_R20_EXIT_H | x_R24_EXIT_STAIRWELL | x_R25_EXIT_STAIRWELL | x_R28_EXIT_D | x_R29_EXIT_E | x_R30_EXIT_F | x_R31_EXIT_B | x_R32_EXIT_C | x_R33_EXIT_G | x_R34_EXIT_B | x_R35_EXIT_H | x_R36_EXIT_STAIRWELL
666,0.8654210437794632,1,True,0,28,x_R01_EXIT_E | x_R02_EXIT_A | x_R03_EXIT_F | x_R04_EXIT_B | x_R05_EXIT_STAIRWELL | x_R06_EXIT_F | x_R07_EXIT_H | x_R08_EXIT_D | x_R09_EXIT_A | x_R10_EXIT_G | x_R11_EXIT_STAIRWELL | x_R12_EXIT_E | x_R13_EXIT_F | x_R14_EXIT_STAIRWELL | x_R15_EXIT_A | x_R16_EXIT_B | x_R20_EXIT_F | x_R24_EXIT_A | x_R25_EXIT_A | x_R28_EXIT_H | x_R29_EXIT_STAIRWELL | x_R30_EXIT_F | x_R31_EXIT_STAIRWELL | x_R32_EXIT_D | x_R33_EXIT_E | x_R34_EXIT_G | x_R35_EXIT_STAIRWELL | x_R36_EXIT_E
667,0.8654592268262604,1,True,0,28,x_R01_EXIT_H | x_R02_EXIT_F | x_R03_EXIT_STAIRWELL | x_R04_EXIT_STAIRWELL | x_R05_EXIT_G | x_R06_EXIT_C | x_R07_EXIT_E | x_R08_EXIT_E | x_R09_EXIT_H | x_R10_EXIT_B | x_R11_EXIT_D | x_R12_EXIT_D | x_R13_EXIT_F | x_R14_EXIT_F | x_R15_EXIT_A | x_R16_EXIT_A | x_R20_EXIT_STAIRWELL | x_R24_EXIT_C | x_R25_EXIT_A | x_R28_EXIT_C | x_R29_EXIT_G | x_R30_EXIT_F | x_R31_EXIT_H | x_R32_EXIT_G | x_R33_EXIT_B | x_R34_EXIT_B | x_R35_EXIT_F | x_R36_EXIT_D
668,0.8657889757660087,1,True,0,28,x_R01_EXIT_C | x_R02_EXIT_STAIRWELL | x_R03_EXIT_C | x_R04_EXIT_A | x_R05_EXIT_E | x_R06_EXIT_H | x_R07_EXIT_STAIRWELL | x_R08_EXIT_E | x_R09_EXIT_H | x_R10_EXIT_D | x_R11_EXIT_STAIRWELL | x_R12_EXIT_F | x_R13_EXIT_D | x_R14_EXIT_F | x_R15_EXIT_D | x_R16_EXIT_E | x_R20_EXIT_A | x_R24_EXIT_B | x_R25_EXIT_A | x_R28_EXIT_G | x_R29_EXIT_B | x_R30_EXIT_H | x_R31_EXIT_G | x_R32_EXIT_STAIRWELL | x_R33_EXIT_H | x_R34_EXIT_G | x_R35_EXIT_G | x_R36_EXIT_G
669,0.8661048343428774,1,True,0,28,x_R01_EXIT_A | x_R02_EXIT_G | x_R03_EXIT_G | x_R04_EXIT_A | x_R05_EXIT_STAIRWELL | x_R06_EXIT_B | x_R07_EXIT_H | x_R08_EXIT_A | x_R09_EXIT_STAIRWELL | x_R10_EXIT_C | x_R11_EXIT_G | x_R12_EXIT_D | x_R13_EXIT_A | x_R14_EXIT_C | x_R15_EXIT_H | x_R16_EXIT_F | x_R20_EXIT_STAIRWELL | x_R24_EXIT_F | x_R25_EXIT_A | x_R28_EXIT_STAIRWELL | x_R29_EXIT_G | x_R30_EXIT_A | x_R31_EXIT_H | x_R32_EXIT_A | x_R33_EXIT_A | x_R34_EXIT_B | x_R35_EXIT_D | x_R36_EXIT_D
670,0.866106809125597,1,True,0,28,x_R01_EXIT_G | x_R02_EXIT_C | x_R03_EXIT_G | x_R04_EXIT_B | x_R05_EXIT_STAIRWELL | x_R06_EXIT_E | x_R07_EXIT_E | x_R08_EXIT_F | x_R09_EXIT_A | x_R10_EXIT_A | x_R11_EXIT_STAIRWELL | x_R12_EXIT_E | x_R13_EXIT_G | x_R14_EXIT_H | x_R15_EXIT_G | x_R16_EXIT_F | x_R20_EXIT_D | x_R24_EXIT_H | x_R25_EXIT_B | x_R28_EXIT_C | x_R29_EXIT_STAIRWELL | x_R30_EXIT_F | x_R31_EXIT_STAIRWELL | x_R32_EXIT_F | x_R33_EXIT_G | x_R34_EXIT_E | x_R35_EXIT_C | x_R36_EXIT_G
671,0.8662860116790512,1,True,0,28,x_R01_EXIT_E | x_R02_EXIT_C | x_R03_EXIT_C | x_R04_EXIT_C | x_R05_EXIT_STAIRWELL | x_R06_EXIT_C | x_R07_EXIT_F | x_R08_EXIT_B | x_R09_EXIT_C | x_R10_EXIT_B | x_R11_EXIT_E | x_R12_EXIT_F | x_R13_EXIT_G | x_R14_EXIT_G | x_R15_EXIT_E | x_R16_EXIT_D | x_R20_EXIT_G | x_R24_EXIT_H | x_R25_EXIT_B | x_R28_EXIT_G | x_R29_EXIT_A | x_R30_EXIT_C | x_R31_EXIT_A | x_R32_EXIT_C | x_R33_EXIT_STAIRWELL | x_R34_EXIT_B | x_R35_EXIT_STAIRWELL | x_R36_EXIT_D
672,0.8663571347374273,1,True,0,28,x_R01_EXIT_E | x_R02_EXIT_B | x_R03_EXIT_STAIRWELL | x_R04_EXIT_B | x_R05_EXIT_F | x_R06_EXIT_H | x_R07_EXIT_A | x_R08_EXIT_A | x_R09_EXIT_G | x_R10_EXIT_C | x_R11_EXIT_F | x_R12_EXIT_H | x_R13_EXIT_E | x_R14_EXIT_B | x_R15_EXIT_D | x_R16_EXIT_C | x_R20_EXIT_C | x_R24_EXIT_H | x_R25_EXIT_G | x_R28_EXIT_H | x_R29_EXIT_H | x_R30_EXIT_B | x_R31_EXIT_F | x_R32_EXIT_A | x_R33_EXIT_A | x_R34_EXIT_E | x_R35_EXIT_B | x_R36_EXIT_A
673,0.8665599073304975,1,True,0,28,x_R01_EXIT_H | x_R02_EXIT_C | x_R03_EXIT_F | x_R04_EXIT_E | x_R05_EXIT_D | x_R06_EXIT_E | x_R07_EXIT_A | x_R08_EXIT_G | x_R09_EXIT_STAIRWELL | x_R10_EXIT_A | x_R11_EXIT_H | x_R12_EXIT_STAIRWELL | x_R13_EXIT_G | x_R14_EXIT_D | x_R15_EXIT_G | x_R16_EXIT_STAIRWELL | x_R20_EXIT_STAIRWELL | x_R24_EXIT_H | x_R25_EXIT_H | x_R28_EXIT_D | x_R29_EXIT_B | x_R30_EXIT_D | x_R31_EXIT_H | x_R32_EXIT_F | x_R33_EXIT_E | x_R34_EXIT_STAIRWELL | x_R35_EXIT_B | x_R36_EXIT_B
674,0.8672694415091655,1,True,0,28,x_R01_EXIT_B | x_R02_EXIT_G | x_R03_EXIT_B | x_R04_EXIT_E | x_R05_EXIT_F | x_R06_EXIT_F | x_R07_EXIT_A | x_R08_EXIT_STAIRWELL | x_R09_EXIT_F | x_R10_EXIT_E | x_R11_EXIT_A | x_R12_EXIT_F | x_R13_EXIT_STAIRWELL | x_R14_EXIT_F | x_R15_EXIT_B | x_R16_EXIT_E | x_R20_EXIT_D | x_R24_EXIT_B | x_R25_EXIT_A | x_R28_EXIT_STAIRWELL | x_R29_EXIT_F | x_R30_EXIT_STAIRWELL | x_R31_EXIT_E | x_R32_EXIT_G | x_R33_EXIT_G | x_R34_EXIT_G | x_R35_EXIT_B | x_R36_EXIT_A
675,0.867341532003536,1,True,0,28,x_R01_EXIT_B | x_R02_EXIT_B | x_R03_EXIT_B | x_R04_EXIT_F | x_R05_EXIT_C | x_R06_EXIT_H | x_R07_EXIT_G | x_R08_EXIT_G | x_R09_EXIT_D | x_R10_EXIT_F | x_R11_EXIT_STAIRWELL | x_R12_EXIT_E | x_R13_EXIT_D | x_R14_EXIT_C | x_R15_EXIT_F | x_R16_EXIT_STAIRWELL | x_R20_EXIT_A | x_R24_EXIT_STAIRWELL | x_R25_EXIT_F | x_R28_EXIT_STAIRWELL | x_R29_EXIT_F | x_R30_EXIT_STAIRWELL | x_R31_EXIT_A | x_R32_EXIT_A | x_R33_EXIT_H | x_R34_EXIT_F | x_R35_EXIT_E | x_R36_EXIT_B
676,0.8676576174921138,1,True,0,28,x_R01_EXIT_A | x_R02_EXIT_F | x_R03_EXIT_H | x_R04_EXIT_STAIRWELL | x_R05_EXIT_H | x_R06_EXIT_F | x_R07_EXIT_B | x_R08_EXIT_D | x_R09_EXIT_G | x_R10_EXIT_F | x_R11_EXIT_F | x_R12_EXIT_H | x_R13_EXIT_A | x_R14_EXIT_D | x_R15_EXIT_D | x_R16_EXIT_STAIRWELL | x_R20_EXIT_H | x_R24_EXIT_D | x_R25_EXIT_STAIRWELL | x_R28_EXIT_H | x_R29_EXIT_F | x_R30_EXIT_G | x_R31_EXIT_A | x_R32_EXIT_E | x_R33_EXIT_B | x_R34_EXIT_D | x_R35_EXIT_E | x_R36_EXIT_C
677,0.8677232536861652,1,True,0,28,x_R01_EXIT_H | x_R02_EXIT_F | x_R03_EXIT_E | x_R04_EXIT_STAIRWELL | x_R05_EXIT_E | x_R06_EXIT_H | x_R07_EXIT_STAIRWELL | x_R08_EXIT_H | x_R09_EXIT_A | x_R10_EXIT_F | x_R11_EXIT_E | x_R12_EXIT_G | x_R13_EXIT_STAIRWELL | x_R14_EXIT_B | x_R15_EXIT_A | x_R16_EXIT_D | x_R20_EXIT_D | x_R24_EXIT_H | x_R25_EXIT_STAIRWELL | x_R28_EXIT_F | x_R29_EXIT_B | x_R30_EXIT_B | x_R31_EXIT_B | x_R32_EXIT_H | x_R33_EXIT_STAIRWELL | x_R34_EXIT_E | x_R35_EXIT_STAIRWELL | x_R36_EXIT_F
678,0.867837690931367,1,True,0,28,x_R01_EXIT_F | x_R02_EXIT_H | x_R03_EXIT_STAIRWELL | x_R04_EXIT_H | x_R05_EXIT_F | x_R06_EXIT_G | x_R07_EXIT_G | x_R08_EXIT_H | x_R09_EXIT_B | x_R10_EXIT_B | x_R11_EXIT_E | x_R12_EXIT_E | x_R13_EXIT_H | x_R14_EXIT_A | x_R15_EXIT_H | x_R16_EXIT_E | x_R20_EXIT_B | x_R24_EXIT_G | x_R25_EXIT_D | x_R28_EXIT_H | x_R29_EXIT_D | x_R30_EXIT_F | x_R31_EXIT_F | x_R32_EXIT_F | x_R33_EXIT_A | x_R34_EXIT_STAIRWELL | x_R35_EXIT_E | x_R36_EXIT_D
679,0.8682212049301938,1,True,0,28,x_R01_EXIT_C | x_R02_EXIT_D | x_R03_EXIT_STAIRWELL | x_R04_EXIT_D | x_R05_EXIT_F | x_R06_EXIT_H | x_R07_EXIT_E | x_R08_EXIT_C | x_R09_EXIT_F | x_R10_EXIT_F | x_R11_EXIT_E | x_R12_EXIT_D | x_R13_EXIT_B | x_R14_EXIT_H | x_R15_EXIT_A | x_R16_EXIT_A | x_R20_EXIT_F | x_R24_EXIT_F | x_R25_EXIT_STAIRWELL | x_R28_EXIT_E | x_R29_EXIT_F | x_R30_EXIT_G | x_R31_EXIT_G | x_R32_EXIT_H | x_R33_EXIT_D | x_R34_EXIT_A | x_R35_EXIT_A | x_R36_EXIT_B
680,0.8683531938498277,1,True,0,28,x_R01_EXIT_STAIRWELL | x_R02_EXIT_G | x_R03_EXIT_H | x_R04_EXIT_G | x_R05_EXIT_STAIRWELL | x_R06_EXIT_D | x_R07_EXIT_C | x_R08_EXIT_A | x_R09_EXIT_C | x_R10_EXIT_G | x_R11_EXIT_D | x_R12_EXIT_H | x_R13_EXIT_D | x_R14_EXIT_G | x_R15_EXIT_B | x_R16_EXIT_G | x_R20_EXIT_H | x_R24_EXIT_E | x_R25_EXIT_H | x_R28_EXIT_G | x_R29_EXIT_A | x_R30_EXIT_F | x_R31_EXIT_B | x_R32_EXIT_F | x_R33_EXIT_E | x_R34_EXIT_D | x_R35_EXIT_STAIRWELL | x_R36_EXIT_G
681,0.8685011087059138,1,True,0,28,x_R01_EXIT_F | x_R02_EXIT_STAIRWELL | x_R03_EXIT_A | x_R04_EXIT_C | x_R05_EXIT_E | x_R06_EXIT_A | x_R07_EXIT_C | x_R08_EXIT_C | x_R09_EXIT_G | x_R10_EXIT_STAIRWELL | x_R11_EXIT_H | x_R12_EXIT_H | x_R13_EXIT_C | x_R14_EXIT_G | x_R15_EXIT_B | x_R16_EXIT_F | x_R20_EXIT_STAIRWELL | x_R24_EXIT_STAIRWELL | x_R25_EXIT_B | x_R28_EXIT_C | x_R29_EXIT_C | x_R30_EXIT_D | x_R31_EXIT_C | x_R32_EXIT_STAIRWELL | x_R33_EXIT_A | x_R34_EXIT_D | x_R35_EXIT_H | x_R36_EXIT_F
682,0.8685576248582834,1,True,0,28,x_R01_EXIT_C | x_R02_EXIT_B | x_R03_EXIT_G | x_R04_EXIT_B | x_R05_EXIT_STAIRWELL | x_R06_EXIT_A | x_R07_EXIT_B | x_R08_EXIT_STAIRWELL | x_R09_EXIT_STAIRWELL | x_R10_EXIT_F | x_R11_EXIT_H | x_R12_EXIT_D | x_R13_EXIT_D | x_R14_EXIT_C | x_R15_EXIT_F | x_R16_EXIT_E | x_R20_EXIT_C | x_R24_EXIT_C | x_R25_EXIT_C | x_R28_EXIT_C | x_R29_EXIT_F | x_R30_EXIT_STAIRWELL | x_R31_EXIT_D | x_R32_EXIT_B | x_R33_EXIT_A | x_R34_EXIT_A | x_R35_EXIT_C | x_R36_EXIT_H
683,0.8686674077834482,1,True,0,28,x_R01_EXIT_G | x_R02_EXIT_C | x_R03_EXIT_B | x_R04_EXIT_H | x_R05_EXIT_D | x_R06_EXIT_STAIRWELL | x_R07_EXIT_B | x_R08_EXIT_E | x_R09_EXIT_C | x_R10_EXIT_H | x_R11_EXIT_D | x_R12_EXIT_STAIRWELL | x_R13_EXIT_G | x_R14_EXIT_B | x_R15_EXIT_H | x_R16_EXIT_D | x_R20_EXIT_C | x_R24_EXIT_STAIRWELL | x_R25_EXIT_B | x_R28_EXIT_F | x_R29_EXIT_D | x_R30_EXIT_B | x_R31_EXIT_G | x_R32_EXIT_C | x_R33_EXIT_C | x_R34_EXIT_D | x_R35_EXIT_E | x_R36_EXIT_B
684,0.8686756099517083,1,True,0,28,x_R01_EXIT_D | x_R02_EXIT_F | x_R03_EXIT_D | x_R04_EXIT_F | x_R05_EXIT_STAIRWELL | x_R06_EXIT_B | x_R07_EXIT_STAIRWELL | x_R08_EXIT_STAIRWELL | x_R09_EXIT_A | x_R10_EXIT_F | x_R11_EXIT_F | x_R12_EXIT_H | x_R13_EXIT_D | x_R14_EXIT_D | x_R15_EXIT_C | x_R16_EXIT_E | x_R20_EXIT_E | x_R24_EXIT_H | x_R25_EXIT_A | x_R28_EXIT_G | x_R29_EXIT_H | x_R30_EXIT_D | x_R31_EXIT_STAIRWELL | x_R32_EXIT_G | x_R33_EXIT_D | x_R34_EXIT_G | x_R35_EXIT_H | x_R36_EXIT_C
685,0.8688703270683504,1,True,0,28,x_R01_EXIT_F | x_R02_EXIT_A | x_R03_EXIT_E | x_R04_EXIT_STAIRWELL | x_R05_EXIT_E | x_R06_EXIT_G | x_R07_EXIT_D | x_R08_EXIT_H | x_R09_EXIT_A | x_R10_EXIT_STAIRWELL | x_R11_EXIT_F | x_R12_EXIT_F | x_R13_EXIT_D | x_R14_EXIT_H | x_R15_EXIT_E | x_R16_EXIT_STAIRWELL | x_R20_EXIT_H | x_R24_EXIT_STAIRWELL | x_R25_EXIT_E | x_R28_EXIT_C | x_R29_EXIT_B | x_R30_EXIT_STAIRWELL | x_R31_EXIT_H | x_R32_EXIT_C | x_R33_EXIT_STAIRWELL | x_R34_EXIT_A | x_R35_EXIT_G | x_R36_EXIT_A
686,0.8689472211071916,1,True,0,28,x_R01_EXIT_H | x_R02_EXIT_G | x_R03_EXIT_H | x_R04_EXIT_STAIRWELL | x_R05_EXIT_H | x_R06_EXIT_STAIRWELL | x_R07_EXIT_D | x_R08_EXIT_D | x_R09_EXIT_F | x_R10_EXIT_C | x_R11_EXIT_STAIRWELL | x_R12_EXIT_H | x_R13_EXIT_D | x_R14_EXIT_A | x_R15_EXIT_E | x_R16_EXIT_C | x_R20_EXIT_G | x_R24_EXIT_D | x_R25_EXIT_A | x_R28_EXIT_F | x_R29_EXIT_H | x_R30_EXIT_E | x_R31_EXIT_D | x_R32_EXIT_G | x_R33_EXIT_STAIRWELL | x_R34_EXIT_D | x_R35_EXIT_G | x_R36_EXIT_C
687,0.8690316084571919,1,True,0,28,x_R01_EXIT_F | x_R02_EXIT_G | x_R03_EXIT_A | x_R04_EXIT_C | x_R05_EXIT_A | x_R06_EXIT_C | x_R07_EXIT_C | x_R08_EXIT_B | x_R09_EXIT_E | x_R10_EXIT_F | x_R11_EXIT_STAIRWELL | x_R12_EXIT_STAIRWELL | x_R13_EXIT_F | x_R14_EXIT_STAIRWELL | x_R15_EXIT_C | x_R16_EXIT_H | x_R20_EXIT_C | x_R24_EXIT_G | x_R25_EXIT_H | x_R28_EXIT_E | x_R29_EXIT_C | x_R30_EXIT_C | x_R31_EXIT_G | x_R32_EXIT_H | x_R33_EXIT_C | x_R34_EXIT_D | x_R35_EXIT_STAIRWELL | x_R36_EXIT_H
688,0.8690411797779802,1,True,0,28,x_R01_EXIT_D | x_R02_EXIT_H | x_R03_EXIT_D | x_R04_EXIT_F | x_R05_EXIT_D | x_R06_EXIT_C | x_R07_EXIT_D | x_R08_EXIT_D | x_R09_EXIT_C | x_R10_EXIT_E | x_R11_EXIT_E | x_R12_EXIT_H | x_R13_EXIT_C | x_R14_EXIT_F | x_R15_EXIT_G | x_R16_EXIT_C | x_R20_EXIT_B | x_R24_EXIT_D | x_R25_EXIT_C | x_R28_EXIT_H | x_R29_EXIT_D | x_R30_EXIT_C | x_R31_EXIT_B | x_R32_EXIT_D | x_R33_EXIT_F | x_R34_EXIT_F | x_R35_EXIT_A | x_R36_EXIT_E
689,0.8691753867329908,1,True,0,28,x_R01_EXIT_E | x_R02_EXIT_C | x_R03_EXIT_E | x_R04_EXIT_E | x_R05_EXIT_B | x_R06_EXIT_B | x_R07_EXIT_E | x_R08_EXIT_H | x_R09_EXIT_G | x_R10_EXIT_B | x_R11_EXIT_D | x_R12_EXIT_C | x_R13_EXIT_A | x_R14_EXIT_F | x_R15_EXIT_E | x_R16_EXIT_H | x_R20_EXIT_G | x_R24_EXIT_STAIRWELL | x_R25_EXIT_E | x_R28_EXIT_E | x_R29_EXIT_H | x_R30_EXIT_A | x_R31_EXIT_G | x_R32_EXIT_STAIRWELL | x_R33_EXIT_C | x_R34_EXIT_C | x_R35_EXIT_C | x_R36_EXIT_B
690,0.8692807371554068,1,True,0,28,x_R01_EXIT_A | x_R02_EXIT_B | x_R03_EXIT_A | x_R04_EXIT_H | x_R05_EXIT_E | x_R06_EXIT_D | x_R07_EXIT_C | x_R08_EXIT_G | x_R09_EXIT_E | x_R10_EXIT_H | x_R11_EXIT_B | x_R12_EXIT_E | x_R13_EXIT_B | x_R14_EXIT_D | x_R15_EXIT_E | x_R16_EXIT_B | x_R20_EXIT_F | x_R24_EXIT_A | x_R25_EXIT_H | x_R28_EXIT_G | x_R29_EXIT_A | x_R30_EXIT_A | x_R31_EXIT_G | x_R32_EXIT_D | x_R33_EXIT_H | x_R34_EXIT_F | x_R35_EXIT_D | x_R36_EXIT_D
691,0.8693664885486214,1,True,0,28,x_R01_EXIT_F | x_R02_EXIT_C | x_R03_EXIT_D | x_R04_EXIT_B | x_R05_EXIT_H | x_R06_EXIT_D | x_R07_EXIT_A | x_R08_EXIT_C | x_R09_EXIT_STAIRWELL | x_R10_EXIT_F | x_R11_EXIT_E | x_R12_EXIT_H | x_R13_EXIT_H | x_R14_EXIT_A | x_R15_EXIT_E | x_R16_EXIT_E | x_R20_EXIT_H | x_R24_EXIT_E | x_R25_EXIT_E | x_R28_EXIT_D | x_R29_EXIT_E | x_R30_EXIT_C | x_R31_EXIT_E | x_R32_EXIT_G | x_R33_EXIT_D | x_R34_EXIT_E | x_R35_EXIT_D | x_R36_EXIT_B
692,0.8695931715560619,1,True,0,28,x_R01_EXIT_C | x_R02_EXIT_E | x_R03_EXIT_B | x_R04_EXIT_F | x_R05_EXIT_E | x_R06_EXIT_D | x_R07_EXIT_E | x_R08_EXIT_D | x_R09_EXIT_G | x_R10_EXIT_C | x_R11_EXIT_B | x_R12_EXIT_E | x_R13_EXIT_G | x_R14_EXIT_G | x_R15_EXIT_D | x_R16_EXIT_E | x_R20_EXIT_STAIRWELL | x_R24_EXIT_B | x_R25_EXIT_A | x_R28_EXIT_STAIRWELL | x_R29_EXIT_C | x_R30_EXIT_F | x_R31_EXIT_D | x_R32_EXIT_H | x_R33_EXIT_B | x_R34_EXIT_B | x_R35_EXIT_A | x_R36_EXIT_STAIRWELL
693,0.8696515960335773,1,True,0,28,x_R01_EXIT_D | x_R02_EXIT_D | x_R03_EXIT_H | x_R04_EXIT_C | x_R05_EXIT_F | x_R06_EXIT_G | x_R07_EXIT_C | x_R08_EXIT_STAIRWELL | x_R09_EXIT_STAIRWELL | x_R10_EXIT_A | x_R11_EXIT_C | x_R12_EXIT_C | x_R13_EXIT_B | x_R14_EXIT_D | x_R15_EXIT_A | x_R16_EXIT_A | x_R20_EXIT_B | x_R24_EXIT_B | x_R25_EXIT_D | x_R28_EXIT_D | x_R29_EXIT_STAIRWELL | x_R30_EXIT_STAIRWELL | x_R31_EXIT_H | x_R32_EXIT_B | x_R33_EXIT_A | x_R34_EXIT_C | x_R35_EXIT_F | x_R36_EXIT_F
694,0.8699600722025593,1,True,0,28,x_R01_EXIT_E | x_R02_EXIT_STAIRWELL | x_R03_EXIT_H | x_R04_EXIT_G | x_R05_EXIT_D | x_R06_EXIT_D | x_R07_EXIT_H | x_R08_EXIT_G | x_R09_EXIT_C | x_R10_EXIT_STAIRWELL | x_R11_EXIT_E | x_R12_EXIT_E | x_R13_EXIT_C | x_R14_EXIT_D | x_R15_EXIT_C | x_R16_EXIT_STAIRWELL | x_R20_EXIT_H | x_R24_EXIT_STAIRWELL | x_R25_EXIT_C | x_R28_EXIT_H | x_R29_EXIT_F | x_R30_EXIT_B | x_R31_EXIT_B | x_R32_EXIT_D | x_R33_EXIT_F | x_R34_EXIT_D | x_R35_EXIT_A | x_R36_EXIT_STAIRWELL
695,0.8701383200976807,1,True,0,28,x_R01_EXIT_A | x_R02_EXIT_STAIRWELL | x_R03_EXIT_C | x_R04_EXIT_A | x_R05_EXIT_H | x_R06_EXIT_D | x_R07_EXIT_STAIRWELL | x_R08_EXIT_A | x_R09_EXIT_STAIRWELL | x_R10_EXIT_A | x_R11_EXIT_G | x_R12_EXIT_C | x_R13_EXIT_C | x_R14_EXIT_D | x_R15_EXIT_E | x_R16_EXIT_F | x_R20_EXIT_B | x_R24_EXIT_B | x_R25_EXIT_H | x_R28_EXIT_H | x_R29_EXIT_G | x_R30_EXIT_B | x_R31_EXIT_G | x_R32_EXIT_B | x_R33_EXIT_F | x_R34_EXIT_B | x_R35_EXIT_G | x_R36_EXIT_E
696,0.870184155910124,1,True,0,28,x_R01_EXIT_B | x_R02_EXIT_H | x_R03_EXIT_D | x_R04_EXIT_STAIRWELL | x_R05_EXIT_E | x_R06_EXIT_B | x_R07_EXIT_F | x_R08_EXIT_G | x_R09_EXIT_F | x_R10_EXIT_G | x_R11_EXIT_E | x_R12_EXIT_C | x_R13_EXIT_D | x_R14_EXIT_G | x_R15_EXIT_G | x_R16_EXIT_E | x_R20_EXIT_D | x_R24_EXIT_G | x_R25_EXIT_B | x_R28_EXIT_F | x_R29_EXIT_C | x_R30_EXIT_E | x_R31_EXIT_STAIRWELL | x_R32_EXIT_D | x_R33_EXIT_E | x_R34_EXIT_F | x_R35_EXIT_H | x_R36_EXIT_F
697,0.8706864210916478,1,True,0,28,x_R01_EXIT_G | x_R02_EXIT_F | x_R03_EXIT_B | x_R04_EXIT_C | x_R05_EXIT_E | x_R06_EXIT_D | x_R07_EXIT_H | x_R08_EXIT_F | x_R09_EXIT_C | x_R10_EXIT_A | x_R11_EXIT_STAIRWELL | x_R12_EXIT_STAIRWELL | x_R13_EXIT_STAIRWELL | x_R14_EXIT_C | x_R15_EXIT_G | x_R16_EXIT_B | x_R20_EXIT_A | x_R24_EXIT_C | x_R25_EXIT_H | x_R28_EXIT_F | x_R29_EXIT_E | x_R30_EXIT_A | x_R31_EXIT_A | x_R32_EXIT_E | x_R33_EXIT_C | x_R34_EXIT_STAIRWELL | x_R35_EXIT_H | x_R36_EXIT_STAIRWELL
698,0.8707857787220519,1,True,0,28,x_R01_EXIT_G | x_R02_EXIT_B | x_R03_EXIT_A | x_R04_EXIT_STAIRWELL | x_R05_EXIT_D | x_R06_EXIT_D | x_R07_EXIT_G | x_R08_EXIT_D | x_R09_EXIT_H | x_R10_EXIT_E | x_R11_EXIT_G | x_R12_EXIT_E | x_R13_EXIT_C | x_R14_EXIT_F | x_R15_EXIT_D | x_R16_EXIT_C | x_R20_EXIT_D | x_R24_EXIT_E | x_R25_EXIT_A | x_R28_EXIT_E | x_R29_EXIT_A | x_R30_EXIT_STAIRWELL | x_R31_EXIT_F | x_R32_EXIT_E | x_R33_EXIT_STAIRWELL | x_R34_EXIT_A | x_R35_EXIT_A | x_R36_EXIT_A
699,0.8708463512173239,1,True,0,28,x_R01_EXIT_B | x_R02_EXIT_D | x_R03_EXIT_E | x_R04_EXIT_STAIRWELL | x_R05_EXIT_F | x_R06_EXIT_B | x_R07_EXIT_G | x_R08_EXIT_F | x_R09_EXIT_G | x_R10_EXIT_H | x_R11_EXIT_F | x_R12_EXIT_C | x_R13_EXIT_F | x_R14_EXIT_E | x_R15_EXIT_F | x_R16_EXIT_D | x_R20_EXIT_H | x_R24_EXIT_A | x_R25_EXIT_F | x_R28_EXIT_G | x_R29_EXIT_STAIRWELL | x_R30_EXIT_STAIRWELL | x_R31_EXIT_H | x_R32_EXIT_C | x_R33_EXIT_G | x_R34_EXIT_F | x_R35_EXIT_F | x_R36_EXIT_B
700,0.8709437963965456,1,True,0,28,x_R01_EXIT_C | x_R02_EXIT_E | x_R03_EXIT_E | x_R04_EXIT_D | x_R05_EXIT_E | x_R06_EXIT_G | x_R07_EXIT_D | x_R08_EXIT_A | x_R09_EXIT_D | x_R10_EXIT_STAIRWELL | x_R11_EXIT_F | x_R12_EXIT_C | x_R13_EXIT_A | x_R14_EXIT_C | x_R15_EXIT_A | x_R16_EXIT_B | x_R20_EXIT_D | x_R24_EXIT_D | x_R25_EXIT_B | x_R28_EXIT_G | x_R29_EXIT_B | x_R30_EXIT_C | x_R31_EXIT_STAIRWELL | x_R32_EXIT_A | x_R33_EXIT_F | x_R34_EXIT_C | x_R35_EXIT_G | x_R36_EXIT_H
701,0.8710633826781873,1,True,0,28,x_R01_EXIT_A | x_R02_EXIT_E | x_R03_EXIT_G | x_R04_EXIT_F | x_R05_EXIT_B | x_R06_EXIT_A | x_R07_EXIT_H | x_R08_EXIT_STAIRWELL | x_R09_EXIT_E | x_R10_EXIT_F | x_R11_EXIT_B | x_R12_EXIT_D | x_R13_EXIT_E | x_R14_EXIT_STAIRWELL | x_R15_EXIT_D | x_R16_EXIT_STAIRWELL | x_R20_EXIT_D | x_R24_EXIT_D | x_R25_EXIT_A | x_R28_EXIT_H | x_R29_EXIT_STAIRWELL | x_R30_EXIT_C | x_R31_EXIT_F | x_R32_EXIT_H | x_R33_EXIT_F | x_R34_EXIT_A | x_R35_EXIT_F | x_R36_EXIT_F
702,0.871130589389054,1,True,0,28,x_R01_EXIT_F | x_R02_EXIT_STAIRWELL | x_R03_EXIT_F | x_R04_EXIT_C | x_R05_EXIT_H | x_R06_EXIT_H | x_R07_EXIT_B | x_R08_EXIT_F | x_R09_EXIT_C | x_R10_EXIT_E | x_R11_EXIT_A | x_R12_EXIT_E | x_R13_EXIT_D | x_R14_EXIT_A | x_R15_EXIT_E | x_R16_EXIT_STAIRWELL | x_R20_EXIT_B | x_R24_EXIT_C | x_R25_EXIT_A | x_R28_EXIT_E | x_R29_EXIT_F | x_R30_EXIT_A | x_R31_EXIT_B | x_R32_EXIT_STAIRWELL | x_R33_EXIT_H | x_R34_EXIT_E | x_R35_EXIT_B | x_R36_EXIT_H
703,0.8716241285643491,1,True,0,28,x_R01_EXIT_STAIRWELL | x_R02_EXIT_F | x_R03_EXIT_B | x_R04_EXIT_C | x_R05_EXIT_C | x_R06_EXIT_G | x_R07_EXIT_B | x_R08_EXIT_E | x_R09_EXIT_F | x_R10_EXIT_F | x_R11_EXIT_F | x_R12_EXIT_G | x_R13_EXIT_E | x_R14_EXIT_E | x_R15_EXIT_H | x_R16_EXIT_D | x_R20_EXIT_A | x_R24_EXIT_B | x_R25_EXIT_D | x_R28_EXIT_F | x_R29_EXIT_STAIRWELL | x_R30_EXIT_D | x_R31_EXIT_E | x_R32_EXIT_D | x_R33_EXIT_A | x_R34_EXIT_D | x_R35_EXIT_G | x_R36_EXIT_H
704,0.8718419516674771,1,True,0,28,x_R01_EXIT_D | x_R02_EXIT_E | x_R03_EXIT_B | x_R04_EXIT_B | x_R05_EXIT_D | x_R06_EXIT_STAIRWELL | x_R07_EXIT_H | x_R08_EXIT_C | x_R09_EXIT_C | x_R10_EXIT_STAIRWELL | x_R11_EXIT_STAIRWELL | x_R12_EXIT_F | x_R13_EXIT_C | x_R14_EXIT_F | x_R15_EXIT_H | x_R16_EXIT_H | x_R20_EXIT_F | x_R24_EXIT_D | x_R25_EXIT_G | x_R28_EXIT_A | x_R29_EXIT_STAIRWELL | x_R30_EXIT_G | x_R31_EXIT_F | x_R32_EXIT_B | x_R33_EXIT_A | x_R34_EXIT_F | x_R35_EXIT_F | x_R36_EXIT_E
705,0.8721657650382326,1,True,0,28,x_R01_EXIT_B | x_R02_EXIT_B | x_R03_EXIT_A | x_R04_EXIT_E | x_R05_EXIT_STAIRWELL | x_R06_EXIT_G | x_R07_EXIT_STAIRWELL | x_R08_EXIT_G | x_R09_EXIT_C | x_R10_EXIT_C | x_R11_EXIT_A | x_R12_EXIT_A | x_R13_EXIT_B | x_R14_EXIT_F | x_R15_EXIT_B | x_R16_EXIT_B | x_R20_EXIT_G | x_R24_EXIT_F | x_R25_EXIT_D | x_R28_EXIT_D | x_R29_EXIT_B | x_R30_EXIT_D | x_R31_EXIT_A | x_R32_EXIT_G | x_R33_EXIT_B | x_R34_EXIT_D | x_R35_EXIT_H | x_R36_EXIT_E
706,0.8722013820156462,1,True,0,28,x_R01_EXIT_F | x_R02_EXIT_H | x_R03_EXIT_H | x_R04_EXIT_A | x_R05_EXIT_H | x_R06_EXIT_D | x_R07_EXIT_E | x_R08_EXIT_A | x_R09_EXIT_F | x_R10_EXIT_A | x_R11_EXIT_D | x_R12_EXIT_E | x_R13_EXIT_C | x_R14_EXIT_H | x_R15_EXIT_STAIRWELL | x_R16_EXIT_H | x_R20_EXIT_F | x_R24_EXIT_G | x_R25_EXIT_E | x_R28_EXIT_C | x_R29_EXIT_D | x_R30_EXIT_F | x_R31_EXIT_A | x_R32_EXIT_STAIRWELL | x_R33_EXIT_G | x_R34_EXIT_F | x_R35_EXIT_D | x_R36_EXIT_C
707,0.8722955445932712,1,True,0,28,x_R01_EXIT_D | x_R02_EXIT_B | x_R03_EXIT_B | x_R04_EXIT_C | x_R05_EXIT_G | x_R06_EXIT_G | x_R07_EXIT_C | x_R08_EXIT_STAIRWELL | x_R09_EXIT_STAIRWELL | x_R10_EXIT_D | x_R11_EXIT_G | x_R12_EXIT_D | x_R13_EXIT_B | x_R14_EXIT_E | x_R15_EXIT_E | x_R16_EXIT_STAIRWELL | x_R20_EXIT_D | x_R24_EXIT_F | x_R25_EXIT_G | x_R28_EXIT_STAIRWELL | x_R29_EXIT_A | x_R30_EXIT_D | x_R31_EXIT_D | x_R32_EXIT_C | x_R33_EXIT_E | x_R34_EXIT_C | x_R35_EXIT_STAIRWELL | x_R36_EXIT_STAIRWELL
708,0.8723756001134575,1,True,0,28,x_R01_EXIT_G | x_R02_EXIT_G | x_R03_EXIT_H | x_R04_EXIT_A | x_R05_EXIT_STAIRWELL | x_R06_EXIT_E | x_R07_EXIT_STAIRWELL | x_R08_EXIT_A | x_R09_EXIT_C | x_R10_EXIT_STAIRWELL | x_R11_EXIT_A | x_R12_EXIT_D | x_R13_EXIT_F | x_R14_EXIT_D | x_R15_EXIT_G | x_R16_EXIT_F | x_R20_EXIT_E | x_R24_EXIT_F | x_R25_EXIT_C | x_R28_EXIT_C | x_R29_EXIT_H | x_R30_EXIT_F | x_R31_EXIT_C | x_R32_EXIT_C | x_R33_EXIT_STAIRWELL | x_R34_EXIT_H | x_R35_EXIT_A | x_R36_EXIT_B
709,0.8724063128586295,1,True,0,28,x_R01_EXIT_G | x_R02_EXIT_STAIRWELL | x_R03_EXIT_A | x_R04_EXIT_D | x_R05_EXIT_STAIRWELL | x_R06_EXIT_E | x_R07_EXIT_A | x_R08_EXIT_H | x_R09_EXIT_D | x_R10_EXIT_STAIRWELL | x_R11_EXIT_H | x_R12_EXIT_E | x_R13_EXIT_F | x_R14_EXIT_H | x_R15_EXIT_STAIRWELL | x_R16_EXIT_F | x_R20_EXIT_G | x_R24_EXIT_C | x_R25_EXIT_C | x_R28_EXIT_C | x_R29_EXIT_C | x_R30_EXIT_E | x_R31_EXIT_C | x_R32_EXIT_E | x_R33_EXIT_E | x_R34_EXIT_C | x_R35_EXIT_STAIRWELL | x_R36_EXIT_H
710,0.872419333915559,1,True,0,28,x_R01_EXIT_G | x_R02_EXIT_G | x_R03_EXIT_F | x_R04_EXIT_A | x_R05_EXIT_H | x_R06_EXIT_G | x_R07_EXIT_D | x_R08_EXIT_A | x_R09_EXIT_G | x_R10_EXIT_D | x_R11_EXIT_A | x_R12_EXIT_D | x_R13_EXIT_A | x_R14_EXIT_C | x_R15_EXIT_H | x_R16_EXIT_F | x_R20_EXIT_G | x_R24_EXIT_G | x_R25_EXIT_D | x_R28_EXIT_STAIRWELL | x_R29_EXIT_D | x_R30_EXIT_C | x_R31_EXIT_A | x_R32_EXIT_STAIRWELL | x_R33_EXIT_G | x_R34_EXIT_G | x_R35_EXIT_A | x_R36_EXIT_B
711,0.8724768277325552,1,True,0,28,x_R01_EXIT_D | x_R02_EXIT_G | x_R03_EXIT_E | x_R04_EXIT_F | x_R05_EXIT_G | x_R06_EXIT_G | x_R07_EXIT_C | x_R08_EXIT_F | x_R09_EXIT_B | x_R10_EXIT_B | x_R11_EXIT_H | x_R12_EXIT_H | x_R13_EXIT_E | x_R14_EXIT_H | x_R15_EXIT_A | x_R16_EXIT_G | x_R20_EXIT_E | x_R24_EXIT_H | x_R25_EXIT_E | x_R28_EXIT_C | x_R29_EXIT_STAIRWELL | x_R30_EXIT_B | x_R31_EXIT_F | x_R32_EXIT_F | x_R33_EXIT_D | x_R34_EXIT_C | x_R35_EXIT_A | x_R36_EXIT_STAIRWELL
712,0.8724942633943442,1,True,0,28,x_R01_EXIT_A | x_R02_EXIT_E | x_R03_EXIT_D | x_R04_EXIT_G | x_R05_EXIT_E | x_R06_EXIT_A | x_R07_EXIT_H | x_R08_EXIT_E | x_R09_EXIT_B | x_R10_EXIT_G | x_R11_EXIT_B | x_R12_EXIT_C | x_R13_EXIT_D | x_R14_EXIT_H | x_R15_EXIT_C | x_R16_EXIT_F | x_R20_EXIT_H | x_R24_EXIT_D | x_R25_EXIT_D | x_R28_EXIT_E | x_R29_EXIT_D | x_R30_EXIT_H | x_R31_EXIT_G | x_R32_EXIT_STAIRWELL | x_R33_EXIT_B | x_R34_EXIT_F | x_R35_EXIT_G | x_R36_EXIT_C
713,0.8727309383311308,1,True,0,28,x_R01_EXIT_E | x_R02_EXIT_C | x_R03_EXIT_B | x_R04_EXIT_A | x_R05_EXIT_E | x_R06_EXIT_B | x_R07_EXIT_G | x_R08_EXIT_F | x_R09_EXIT_C | x_R10_EXIT_E | x_R11_EXIT_B | x_R12_EXIT_A | x_R13_EXIT_C | x_R14_EXIT_H | x_R15_EXIT_G | x_R16_EXIT_H | x_R20_EXIT_H | x_R24_EXIT_D | x_R25_EXIT_F | x_R28_EXIT_C | x_R29_EXIT_G | x_R30_EXIT_C | x_R31_EXIT_A | x_R32_EXIT_STAIRWELL | x_R33_EXIT_H | x_R34_EXIT_E | x_R35_EXIT_G | x_R36_EXIT_B
714,0.8729730847740598,1,True,0,28,x_R01_EXIT_H | x_R02_EXIT_F | x_R03_EXIT_C | x_R04_EXIT_A | x_R05_EXIT_B | x_R06_EXIT_STAIRWELL | x_R07_EXIT_F | x_R08_EXIT_E | x_R09_EXIT_D | x_R10_EXIT_G | x_R11_EXIT_A | x_R12_EXIT_F | x_R13_EXIT_H | x_R14_EXIT_A | x_R15_EXIT_F | x_R16_EXIT_F | x_R20_EXIT_B | x_R24_EXIT_F | x_R25_EXIT_D | x_R28_EXIT_H | x_R29_EXIT_H | x_R30_EXIT_B | x_R31_EXIT_B | x_R32_EXIT_G | x_R33_EXIT_C | x_R34_EXIT_D | x_R35_EXIT_G | x_R36_EXIT_A
715,0.8734768555709707,1,True,0,28,x_R01_EXIT_H | x_R02_EXIT_F | x_R03_EXIT_A | x_R04_EXIT_A | x_R05_EXIT_G | x_R06_EXIT_B | x_R07_EXIT_A | x_R08_EXIT_G | x_R09_EXIT_F | x_R10_EXIT_A | x_R11_EXIT_A | x_R12_EXIT_C | x_R13_EXIT_H | x_R14_EXIT_A | x_R15_EXIT_C | x_R16_EXIT_F | x_R20_EXIT_H | x_R24_EXIT_G | x_R25_EXIT_STAIRWELL | x_R28_EXIT_C | x_R29_EXIT_D | x_R30_EXIT_H | x_R31_EXIT_A | x_R32_EXIT_C | x_R33_EXIT_G | x_R34_EXIT_C | x_R35_EXIT_H | x_R36_EXIT_F
716,0.8735284956075589,1,True,0,28,x_R01_EXIT_STAIRWELL | x_R02_EXIT_E | x_R03_EXIT_C | x_R04_EXIT_STAIRWELL | x_R05_EXIT_F | x_R06_EXIT_A | x_R07_EXIT_C | x_R08_EXIT_STAIRWELL | x_R09_EXIT_B | x_R10_EXIT_D | x_R11_EXIT_H | x_R12_EXIT_E | x_R13_EXIT_B | x_R14_EXIT_C | x_R15_EXIT_G | x_R16_EXIT_C | x_R20_EXIT_C | x_R24_EXIT_F | x_R25_EXIT_E | x_R28_EXIT_B | x_R29_EXIT_STAIRWELL | x_R30_EXIT_STAIRWELL | x_R31_EXIT_G | x_R32_EXIT_E | x_R33_EXIT_H | x_R34_EXIT_D | x_R35_EXIT_G | x_R36_EXIT_D
717,0.873871557412258,1,True,0,28,x_R01_EXIT_A | x_R02_EXIT_C | x_R03_EXIT_E | x_R04_EXIT_E | x_R05_EXIT_C | x_R06_EXIT_H | x_R07_EXIT_E | x_R08_EXIT_STAIRWELL | x_R09_EXIT_H | x_R10_EXIT_H | x_R11_EXIT_STAIRWELL | x_R12_EXIT_H | x_R13_EXIT_A | x_R14_EXIT_STAIRWELL | x_R15_EXIT_C | x_R16_EXIT_G | x_R20_EXIT_C | x_R24_EXIT_G | x_R25_EXIT_STAIRWELL | x_R28_EXIT_F | x_R29_EXIT_C | x_R30_EXIT_E | x_R31_EXIT_C | x_R32_EXIT_F | x_R33_EXIT_H | x_R34_EXIT_C | x_R35_EXIT_H | x_R36_EXIT_C
718,0.8740278287849037,1,True,0,28,x_R01_EXIT_STAIRWELL | x_R02_EXIT_H | x_R03_EXIT_E | x_R04_EXIT_STAIRWELL | x_R05_EXIT_A | x_R06_EXIT_D | x_R07_EXIT_STAIRWELL | x_R08_EXIT_STAIRWELL | x_R09_EXIT_D | x_R10_EXIT_A | x_R11_EXIT_C | x_R12_EXIT_E | x_R13_EXIT_D | x_R14_EXIT_B | x_R15_EXIT_STAIRWELL | x_R16_EXIT_F | x_R20_EXIT_D | x_R24_EXIT_H | x_R25_EXIT_G | x_R28_EXIT_A | x_R29_EXIT_G | x_R30_EXIT_B | x_R31_EXIT_F | x_R32_EXIT_STAIRWELL | x_R33_EXIT_H | x_R34_EXIT_F | x_R35_EXIT_C | x_R36_EXIT_C
719,0.8742815785677749,1,True,0,28,x_R01_EXIT_STAIRWELL | x_R02_EXIT_B | x_R03_EXIT_H | x_R04_EXIT_D | x_R05_EXIT_D | x_R06_EXIT_H | x_R07_EXIT_A | x_R08_EXIT_E | x_R09_EXIT_A | x_R10_EXIT_STAIRWELL | x_R11_EXIT_A | x_R12_EXIT_A | x_R13_EXIT_B | x_R14_EXIT_A | x_R15_EXIT_STAIRWELL | x_R16_EXIT_E | x_R20_EXIT_D | x_R24_EXIT_D | x_R25_EXIT_H | x_R28_EXIT_H | x_R29_EXIT_E | x_R30_EXIT_F | x_R31_EXIT_B | x_R32_EXIT_A | x_R33_EXIT_F | x_R34_EXIT_H | x_R35_EXIT_F | x_R36_EXIT_H
720,0.8744142977894285,1,True,0,28,x_R01_EXIT_A | x_R02_EXIT_F | x_R03_EXIT_G | x_R04_EXIT_STAIRWELL | x_R05_EXIT_STAIRWELL | x_R06_EXIT_G | x_R07_EXIT_B | x_R08_EXIT_C | x_R09_EXIT_C | x_R10_EXIT_F | x_R11_EXIT_G | x_R12_EXIT_A | x_R13_EXIT_G | x_R14_EXIT_STAIRWELL | x_R15_EXIT_B | x_R16_EXIT_D | x_R20_EXIT_A | x_R24_EXIT_STAIRWELL | x_R25_EXIT_E | x_R28_EXIT_A | x_R29_EXIT_D | x_R30_EXIT_F | x_R31_EXIT_F | x_R32_EXIT_H | x_R33_EXIT_F | x_R34_EXIT_B | x_R35_EXIT_G | x_R36_EXIT_H
721,0.87452645054708,1,True,0,28,x_R01_EXIT_C | x_R02_EXIT_C | x_R03_EXIT_B | x_R04_EXIT_E | x_R05_EXIT_D | x_R06_EXIT_D | x_R07_EXIT_B | x_R08_EXIT_B | x_R09_EXIT_D | x_R10_EXIT_F | x_R11_EXIT_C | x_R12_EXIT_A | x_R13_EXIT_A | x_R14_EXIT_G | x_R15_EXIT_D | x_R16_EXIT_B | x_R20_EXIT_C | x_R24_EXIT_F | x_R25_EXIT_G | x_R28_EXIT_H | x_R29_EXIT_A | x_R30_EXIT_C | x_R31_EXIT_D | x_R32_EXIT_C | x_R33_EXIT_H | x_R34_EXIT_B | x_R35_EXIT_E | x_R36_EXIT_D
722,0.8745912848726789,1,True,0,28,x_R01_EXIT_D | x_R02_EXIT_E | x_R03_EXIT_C | x_R04_EXIT_D | x_R05_EXIT_G | x_R06_EXIT_E | x_R07_EXIT_E | x_R08_EXIT_F | x_R09_EXIT_H | x_R10_EXIT_H | x_R11_EXIT_D | x_R12_EXIT_B | x_R13_EXIT_B | x_R14_EXIT_B | x_R15_EXIT_C | x_R16_EXIT_E | x_R20_EXIT_B | x_R24_EXIT_C | x_R25_EXIT_E | x_R28_EXIT_H | x_R29_EXIT_D | x_R30_EXIT_H | x_R31_EXIT_D | x_R32_EXIT_C | x_R33_EXIT_STAIRWELL | x_R34_EXIT_F | x_R35_EXIT_A | x_R36_EXIT_H
723,0.8746169876010867,1,True,0,28,x_R01_EXIT_STAIRWELL | x_R02_EXIT_B | x_R03_EXIT_F | x_R04_EXIT_G | x_R05_EXIT_C | x_R06_EXIT_STAIRWELL | x_R07_EXIT_H | x_R08_EXIT_H | x_R09_EXIT_D | x_R10_EXIT_E | x_R11_EXIT_STAIRWELL | x_R12_EXIT_C | x_R13_EXIT_G | x_R14_EXIT_H | x_R15_EXIT_C | x_R16_EXIT_C | x_R20_EXIT_H | x_R24_EXIT_C | x_R25_EXIT_B | x_R28_EXIT_B | x_R29_EXIT_H | x_R30_EXIT_H | x_R31_EXIT_C | x_R32_EXIT_B | x_R33_EXIT_G | x_R34_EXIT_D | x_R35_EXIT_D | x_R36_EXIT_B
724,0.8747642907251247,1,True,0,28,x_R01_EXIT_C | x_R02_EXIT_STAIRWELL | x_R03_EXIT_STAIRWELL | x_R04_EXIT_G | x_R05_EXIT_B | x_R06_EXIT_B | x_R07_EXIT_E | x_R08_EXIT_A | x_R09_EXIT_F | x_R10_EXIT_H | x_R11_EXIT_E | x_R12_EXIT_D | x_R13_EXIT_C | x_R14_EXIT_B | x_R15_EXIT_H | x_R16_EXIT_E | x_R20_EXIT_C | x_R24_EXIT_G | x_R25_EXIT_D | x_R28_EXIT_B | x_R29_EXIT_B | x_R30_EXIT_G | x_R31_EXIT_G | x_R32_EXIT_A | x_R33_EXIT_G | x_R34_EXIT_STAIRWELL | x_R35_EXIT_C | x_R36_EXIT_H
725,0.8748102578857129,1,True,0,28,x_R01_EXIT_H | x_R02_EXIT_D | x_R03_EXIT_STAIRWELL | x_R04_EXIT_E | x_R05_EXIT_E | x_R06_EXIT_C | x_R07_EXIT_STAIRWELL | x_R08_EXIT_E | x_R09_EXIT_B | x_R10_EXIT_B | x_R11_EXIT_G | x_R12_EXIT_C | x_R13_EXIT_H | x_R14_EXIT_B | x_R15_EXIT_STAIRWELL | x_R16_EXIT_B | x_R20_EXIT_D | x_R24_EXIT_G | x_R25_EXIT_STAIRWELL | x_R28_EXIT_H | x_R29_EXIT_G | x_R30_EXIT_D | x_R31_EXIT_D | x_R32_EXIT_H | x_R33_EXIT_C | x_R34_EXIT_F | x_R35_EXIT_C | x_R36_EXIT_G
726,0.8749465121840103,1,True,0,28,x_R01_EXIT_G | x_R02_EXIT_E | x_R03_EXIT_A | x_R04_EXIT_F | x_R05_EXIT_G | x_R06_EXIT_STAIRWELL | x_R07_EXIT_A | x_R08_EXIT_D | x_R09_EXIT_H | x_R10_EXIT_D | x_R11_EXIT_F | x_R12_EXIT_STAIRWELL | x_R13_EXIT_G | x_R14_EXIT_B | x_R15_EXIT_H | x_R16_EXIT_E | x_R20_EXIT_E | x_R24_EXIT_E | x_R25_EXIT_STAIRWELL | x_R28_EXIT_STAIRWELL | x_R29_EXIT_A | x_R30_EXIT_G | x_R31_EXIT_F | x_R32_EXIT_C | x_R33_EXIT_STAIRWELL | x_R34_EXIT_B | x_R35_EXIT_C | x_R36_EXIT_D
727,0.8749656088186271,1,True,0,28,x_R01_EXIT_A | x_R02_EXIT_G | x_R03_EXIT_E | x_R04_EXIT_B | x_R05_EXIT_D | x_R06_EXIT_G | x_R07_EXIT_D | x_R08_EXIT_F | x_R09_EXIT_C | x_R10_EXIT_H | x_R11_EXIT_H | x_R12_EXIT_B | x_R13_EXIT_STAIRWELL | x_R14_EXIT_C | x_R15_EXIT_G | x_R16_EXIT_STAIRWELL | x_R20_EXIT_STAIRWELL | x_R24_EXIT_A | x_R25_EXIT_A | x_R28_EXIT_H | x_R29_EXIT_D | x_R30_EXIT_F | x_R31_EXIT_D | x_R32_EXIT_STAIRWELL | x_R33_EXIT_G | x_R34_EXIT_C | x_R35_EXIT_E | x_R36_EXIT_H
728,0.8751441970909468,1,True,0,28,x_R01_EXIT_H | x_R02_EXIT_C | x_R03_EXIT_B | x_R04_EXIT_STAIRWELL | x_R05_EXIT_H | x_R06_EXIT_E | x_R07_EXIT_C | x_R08_EXIT_A | x_R09_EXIT_B | x_R10_EXIT_B | x_R11_EXIT_E | x_R12_EXIT_E | x_R13_EXIT_E | x_R14_EXIT_STAIRWELL | x_R15_EXIT_F | x_R16_EXIT_A | x_R20_EXIT_A | x_R24_EXIT_A | x_R25_EXIT_D | x_R28_EXIT_C | x_R29_EXIT_STAIRWELL | x_R30_EXIT_B | x_R31_EXIT_D | x_R32_EXIT_D | x_R33_EXIT_H | x_R34_EXIT_G | x_R35_EXIT_C | x_R36_EXIT_D
729,0.8752608830309327,1,True,0,28,x_R01_EXIT_STAIRWELL | x_R02_EXIT_H | x_R03_EXIT_B | x_R04_EXIT_G | x_R05_EXIT_D | x_R06_EXIT_H | x_R07_EXIT_STAIRWELL | x_R08_EXIT_STAIRWELL | x_R09_EXIT_F | x_R10_EXIT_A | x_R11_EXIT_F | x_R12_EXIT_STAIRWELL | x_R13_EXIT_E | x_R14_EXIT_B | x_R15_EXIT_H | x_R16_EXIT_E | x_R20_EXIT_A | x_R24_EXIT_F | x_R25_EXIT_H | x_R28_EXIT_G | x_R29_EXIT_B | x_R30_EXIT_H | x_R31_EXIT_C | x_R32_EXIT_E | x_R33_EXIT_STAIRWELL | x_R34_EXIT_D | x_R35_EXIT_C | x_R36_EXIT_C
730,0.8753812200594666,1,True,0,28,x_R01_EXIT_STAIRWELL | x_R02_EXIT_D | x_R03_EXIT_F | x_R04_EXIT_C | x_R05_EXIT_E | x_R06_EXIT_H | x_R07_EXIT_E | x_R08_EXIT_H | x_R09_EXIT_F | x_R10_EXIT_G | x_R11_EXIT_G | x_R12_EXIT_D | x_R13_EXIT_STAIRWELL | x_R14_EXIT_A | x_R15_EXIT_B | x_R16_EXIT_H | x_R20_EXIT_G | x_R24_EXIT_STAIRWELL | x_R25_EXIT_B | x_R28_EXIT_D | x_R29_EXIT_D | x_R30_EXIT_STAIRWELL | x_R31_EXIT_E | x_R32_EXIT_H | x_R33_EXIT_D | x_R34_EXIT_F | x_R35_EXIT_A | x_R36_EXIT_A
731,0.8756918519176793,1,True,0,28,x_R01_EXIT_E | x_R02_EXIT_G | x_R03_EXIT_B | x_R04_EXIT_STAIRWELL | x_R05_EXIT_H | x_R06_EXIT_A | x_R07_EXIT_F | x_R08_EXIT_A | x_R09_EXIT_B | x_R10_EXIT_STAIRWELL | x_R11_EXIT_STAIRWELL | x_R12_EXIT_D | x_R13_EXIT_STAIRWELL | x_R14_EXIT_G | x_R15_EXIT_B | x_R16_EXIT_G | x_R20_EXIT_C | x_R24_EXIT_F | x_R25_EXIT_F | x_R28_EXIT_G | x_R29_EXIT_D | x_R30_EXIT_B | x_R31_EXIT_F | x_R32_EXIT_C | x_R33_EXIT_A | x_R34_EXIT_STAIRWELL | x_R35_EXIT_STAIRWELL | x_R36_EXIT_C
732,0.8757061184533654,1,True,0,28,x_R01_EXIT_G | x_R02_EXIT_A | x_R03_EXIT_STAIRWELL | x_R04_EXIT_G | x_R05_EXIT_C | x_R06_EXIT_B | x_R07_EXIT_A | x_R08_EXIT_H | x_R09_EXIT_A | x_R10_EXIT_A | x_R11_EXIT_A | x_R12_EXIT_E | x_R13_EXIT_A | x_R14_EXIT_E | x_R15_EXIT_STAIRWELL | x_R16_EXIT_F | x_R20_EXIT_H | x_R24_EXIT_G | x_R25_EXIT_D | x_R28_EXIT_STAIRWELL | x_R29_EXIT_C | x_R30_EXIT_H | x_R31_EXIT_D | x_R32_EXIT_H | x_R33_EXIT_H | x_R34_EXIT_G | x_R35_EXIT_G | x_R36_EXIT_C
733,0.8762026851975975,1,True,0,28,x_R01_EXIT_H | x_R02_EXIT_C | x_R03_EXIT_B | x_R04_EXIT_H | x_R05_EXIT_F | x_R06_EXIT_C | x_R07_EXIT_A | x_R08_EXIT_D | x_R09_EXIT_D | x_R10_EXIT_E | x_R11_EXIT_B | x_R12_EXIT_D | x_R13_EXIT_STAIRWELL | x_R14_EXIT_E | x_R15_EXIT_B | x_R16_EXIT_F | x_R20_EXIT_E | x_R24_EXIT_D | x_R25_EXIT_B | x_R28_EXIT_C | x_R29_EXIT_C | x_R30_EXIT_D | x_R31_EXIT_F | x_R32_EXIT_A | x_R33_EXIT_A | x_R34_EXIT_E | x_R35_EXIT_D | x_R36_EXIT_E
734,0.8764305932344314,1,True,0,28,x_R01_EXIT_A | x_R02_EXIT_E | x_R03_EXIT_E | x_R04_EXIT_C | x_R05_EXIT_B | x_R06_EXIT_F | x_R07_EXIT_D | x_R08_EXIT_H | x_R09_EXIT_G | x_R10_EXIT_STAIRWELL | x_R11_EXIT_STAIRWELL | x_R12_EXIT_A | x_R13_EXIT_C | x_R14_EXIT_D | x_R15_EXIT_G | x_R16_EXIT_E | x_R20_EXIT_C | x_R24_EXIT_E | x_R25_EXIT_B | x_R28_EXIT_C | x_R29_EXIT_C | x_R30_EXIT_G | x_R31_EXIT_B | x_R32_EXIT_F | x_R33_EXIT_E | x_R34_EXIT_H | x_R35_EXIT_D | x_R36_EXIT_A
735,0.8764637371442632,1,True,0,28,x_R01_EXIT_C | x_R02_EXIT_G | x_R03_EXIT_C | x_R04_EXIT_B | x_R05_EXIT_D | x_R06_EXIT_C | x_R07_EXIT_G | x_R08_EXIT_STAIRWELL | x_R09_EXIT_G | x_R10_EXIT_G | x_R11_EXIT_H | x_R12_EXIT_B | x_R13_EXIT_D | x_R14_EXIT_G | x_R15_EXIT_B | x_R16_EXIT_G | x_R20_EXIT_C | x_R24_EXIT_D | x_R25_EXIT_B | x_R28_EXIT_E | x_R29_EXIT_B | x_R30_EXIT_STAIRWELL | x_R31_EXIT_STAIRWELL | x_R32_EXIT_D | x_R33_EXIT_STAIRWELL | x_R34_EXIT_H | x_R35_EXIT_B | x_R36_EXIT_D
736,0.8767253231556538,1,True,0,28,x_R01_EXIT_G | x_R02_EXIT_C | x_R03_EXIT_F | x_R04_EXIT_H | x_R05_EXIT_C | x_R06_EXIT_B | x_R07_EXIT_A | x_R08_EXIT_B | x_R09_EXIT_D | x_R10_EXIT_D | x_R11_EXIT_G | x_R12_EXIT_B | x_R13_EXIT_D | x_R14_EXIT_H | x_R15_EXIT_A | x_R16_EXIT_STAIRWELL | x_R20_EXIT_STAIRWELL | x_R24_EXIT_STAIRWELL | x_R25_EXIT_B | x_R28_EXIT_A | x_R29_EXIT_A | x_R30_EXIT_A | x_R31_EXIT_A | x_R32_EXIT_A | x_R33_EXIT_D | x_R34_EXIT_B | x_R35_EXIT_A | x_R36_EXIT_C
737,0.8767711512975893,1,True,0,28,x_R01_EXIT_STAIRWELL | x_R02_EXIT_STAIRWELL | x_R03_EXIT_G | x_R04_EXIT_C | x_R05_EXIT_A | x_R06_EXIT_A | x_R07_EXIT_STAIRWELL | x_R08_EXIT_E | x_R09_EXIT_F | x_R10_EXIT_STAIRWELL | x_R11_EXIT_STAIRWELL | x_R12_EXIT_B | x_R13_EXIT_H | x_R14_EXIT_F | x_R15_EXIT_STAIRWELL | x_R16_EXIT_STAIRWELL | x_R20_EXIT_B | x_R24_EXIT_D | x_R25_EXIT_G | x_R28_EXIT_G | x_R29_EXIT_B | x_R30_EXIT_A | x_R31_EXIT_C | x_R32_EXIT_B | x_R33_EXIT_STAIRWELL | x_R34_EXIT_F | x_R35_EXIT_B | x_R36_EXIT_C
738,0.8768886442218218,1,True,0,28,x_R01_EXIT_H | x_R02_EXIT_B | x_R03_EXIT_H | x_R04_EXIT_H | x_R05_EXIT_H | x_R06_EXIT_STAIRWELL | x_R07_EXIT_D | x_R08_EXIT_B | x_R09_EXIT_F | x_R10_EXIT_G | x_R11_EXIT_F | x_R12_EXIT_B | x_R13_EXIT_G | x_R14_EXIT_B | x_R15_EXIT_E | x_R16_EXIT_STAIRWELL | x_R20_EXIT_D | x_R24_EXIT_D | x_R25_EXIT_C | x_R28_EXIT_C | x_R29_EXIT_STAIRWELL | x_R30_EXIT_C | x_R31_EXIT_G | x_R32_EXIT_B | x_R33_EXIT_A | x_R34_EXIT_E | x_R35_EXIT_G | x_R36_EXIT_E
739,0.8769213189807488,1,True,0,28,x_R01_EXIT_STAIRWELL | x_R02_EXIT_H | x_R03_EXIT_E | x_R04_EXIT_A | x_R05_EXIT_STAIRWELL | x_R06_EXIT_G | x_R07_EXIT_H | x_R08_EXIT_D | x_R09_EXIT_F | x_R10_EXIT_B | x_R11_EXIT_D | x_R12_EXIT_D | x_R13_EXIT_D | x_R14_EXIT_A | x_R15_EXIT_C | x_R16_EXIT_B | x_R20_EXIT_STAIRWELL | x_R24_EXIT_D | x_R25_EXIT_H | x_R28_EXIT_A | x_R29_EXIT_STAIRWELL | x_R30_EXIT_A | x_R31_EXIT_F | x_R32_EXIT_D | x_R33_EXIT_E | x_R34_EXIT_A | x_R35_EXIT_G | x_R36_EXIT_G
740,0.8771233127035316,1,True,0,28,x_R01_EXIT_B | x_R02_EXIT_F | x_R03_EXIT_D | x_R04_EXIT_D | x_R05_EXIT_F | x_R06_EXIT_STAIRWELL | x_R07_EXIT_H | x_R08_EXIT_C | x_R09_EXIT_D | x_R10_EXIT_G | x_R11_EXIT_STAIRWELL | x_R12_EXIT_A | x_R13_EXIT_C | x_R14_EXIT_B | x_R15_EXIT_B | x_R16_EXIT_C | x_R20_EXIT_G | x_R24_EXIT_G | x_R25_EXIT_D | x_R28_EXIT_A | x_R29_EXIT_E | x_R30_EXIT_STAIRWELL | x_R31_EXIT_STAIRWELL | x_R32_EXIT_G | x_R33_EXIT_G | x_R34_EXIT_D | x_R35_EXIT_H | x_R36_EXIT_A
741,0.8773005941589531,1,True,0,28,x_R01_EXIT_G | x_R02_EXIT_C | x_R03_EXIT_C | x_R04_EXIT_H | x_R05_EXIT_E | x_R06_EXIT_G | x_R07_EXIT_E | x_R08_EXIT_E | x_R09_EXIT_E | x_R10_EXIT_G | x_R11_EXIT_A | x_R12_EXIT_B | x_R13_EXIT_A | x_R14_EXIT_C | x_R15_EXIT_F | x_R16_EXIT_D | x_R20_EXIT_A | x_R24_EXIT_C | x_R25_EXIT_D | x_R28_EXIT_A | x_R29_EXIT_G | x_R30_EXIT_G | x_R31_EXIT_D | x_R32_EXIT_A | x_R33_EXIT_E | x_R34_EXIT_D | x_R35_EXIT_F | x_R36_EXIT_STAIRWELL
742,0.8775226254089716,1,True,0,28,x_R01_EXIT_F | x_R02_EXIT_H | x_R03_EXIT_STAIRWELL | x_R04_EXIT_A | x_R05_EXIT_STAIRWELL | x_R06_EXIT_B | x_R07_EXIT_F | x_R08_EXIT_B | x_R09_EXIT_C | x_R10_EXIT_C | x_R11_EXIT_F | x_R12_EXIT_G | x_R13_EXIT_H | x_R14_EXIT_G | x_R15_EXIT_G | x_R16_EXIT_B | x_R20_EXIT_A | x_R24_EXIT_D | x_R25_EXIT_H | x_R28_EXIT_A | x_R29_EXIT_H | x_R30_EXIT_D | x_R31_EXIT_B | x_R32_EXIT_G | x_R33_EXIT_E | x_R34_EXIT_A | x_R35_EXIT_STAIRWELL | x_R36_EXIT_H
743,0.8776856316634962,1,True,0,28,x_R01_EXIT_G | x_R02_EXIT_H | x_R03_EXIT_H | x_R04_EXIT_STAIRWELL | x_R05_EXIT_E | x_R06_EXIT_H | x_R07_EXIT_F | x_R08_EXIT_C | x_R09_EXIT_STAIRWELL | x_R10_EXIT_STAIRWELL | x_R11_EXIT_C | x_R12_EXIT_C | x_R13_EXIT_C | x_R14_EXIT_H | x_R15_EXIT_G | x_R16_EXIT_H | x_R20_EXIT_H | x_R24_EXIT_F | x_R25_EXIT_A | x_R28_EXIT_H | x_R29_EXIT_F | x_R30_EXIT_STAIRWELL | x_R31_EXIT_F | x_R32_EXIT_H | x_R33_EXIT_D | x_R34_EXIT_D | x_R35_EXIT_C | x_R36_EXIT_C
744,0.8779240314630101,1,True,0,28,x_R01_EXIT_D | x_R02_EXIT_H | x_R03_EXIT_E | x_R04_EXIT_C | x_R05_EXIT_G | x_R06_EXIT_H | x_R07_EXIT_B | x_R08_EXIT_C | x_R09_EXIT_C | x_R10_EXIT_D | x_R11_EXIT_C | x_R12_EXIT_B | x_R13_EXIT_D | x_R14_EXIT_C | x_R15_EXIT_C | x_R16_EXIT_F | x_R20_EXIT_B | x_R24_EXIT_G | x_R25_EXIT_H | x_R28_EXIT_H | x_R29_EXIT_STAIRWELL | x_R30_EXIT_C | x_R31_EXIT_D | x_R32_EXIT_F | x_R33_EXIT_STAIRWELL | x_R34_EXIT_A | x_R35_EXIT_F | x_R36_EXIT_A
745,0.8782592391419257,1,True,0,28,x_R01_EXIT_H | x_R02_EXIT_F | x_R03_EXIT_A | x_R04_EXIT_H | x_R05_EXIT_E | x_R06_EXIT_C | x_R07_EXIT_H | x_R08_EXIT_G | x_R09_EXIT_F | x_R10_EXIT_STAIRWELL | x_R11_EXIT_STAIRWELL | x_R12_EXIT_H | x_R13_EXIT_E | x_R14_EXIT_STAIRWELL | x_R15_EXIT_F | x_R16_EXIT_B | x_R20_EXIT_E | x_R24_EXIT_STAIRWELL | x_R25_EXIT_B | x_R28_EXIT_E | x_R29_EXIT_H | x_R30_EXIT_C | x_R31_EXIT_F | x_R32_EXIT_A | x_R33_EXIT_H | x_R34_EXIT_STAIRWELL | x_R35_EXIT_H | x_R36_EXIT_C
746,0.8782840342097984,1,True,0,28,x_R01_EXIT_C | x_R02_EXIT_H | x_R03_EXIT_G | x_R04_EXIT_F | x_R05_EXIT_H | x_R06_EXIT_B | x_R07_EXIT_D | x_R08_EXIT_G | x_R09_EXIT_A | x_R10_EXIT_C | x_R11_EXIT_STAIRWELL | x_R12_EXIT_E | x_R13_EXIT_G | x_R14_EXIT_H | x_R15_EXIT_G | x_R16_EXIT_E | x_R20_EXIT_D | x_R24_EXIT_D | x_R25_EXIT_E | x_R28_EXIT_A | x_R29_EXIT_F | x_R30_EXIT_H | x_R31_EXIT_G | x_R32_EXIT_G | x_R33_EXIT_G | x_R34_EXIT_H | x_R35_EXIT_E | x_R36_EXIT_STAIRWELL
747,0.8784511096025085,1,True,0,28,x_R01_EXIT_D | x_R02_EXIT_B | x_R03_EXIT_C | x_R04_EXIT_A | x_R05_EXIT_F | x_R06_EXIT_F | x_R07_EXIT_H | x_R08_EXIT_A | x_R09_EXIT_D | x_R10_EXIT_E | x_R11_EXIT_G | x_R12_EXIT_H | x_R13_EXIT_E | x_R14_EXIT_A | x_R15_EXIT_G | x_R16_EXIT_C | x_R20_EXIT_A | x_R24_EXIT_H | x_R25_EXIT_D | x_R28_EXIT_B | x_R29_EXIT_F | x_R30_EXIT_B | x_R31_EXIT_A | x_R32_EXIT_F | x_R33_EXIT_D | x_R34_EXIT_H | x_R35_EXIT_H | x_R36_EXIT_E
748,0.8787398911741207,1,True,0,28,x_R01_EXIT_F | x_R02_EXIT_C | x_R03_EXIT_H | x_R04_EXIT_D | x_R05_EXIT_C | x_R06_EXIT_A | x_R07_EXIT_STAIRWELL | x_R08_EXIT_C | x_R09_EXIT_D | x_R10_EXIT_D | x_R11_EXIT_E | x_R12_EXIT_F | x_R13_EXIT_A | x_R14_EXIT_D | x_R15_EXIT_B | x_R16_EXIT_B | x_R20_EXIT_C | x_R24_EXIT_E | x_R25_EXIT_G | x_R28_EXIT_D | x_R29_EXIT_H | x_R30_EXIT_B | x_R31_EXIT_G | x_R32_EXIT_G | x_R33_EXIT_F | x_R34_EXIT_A | x_R35_EXIT_C | x_R36_EXIT_A
749,0.879141204218854,1,True,0,28,x_R01_EXIT_G | x_R02_EXIT_E | x_R03_EXIT_C | x_R04_EXIT_H | x_R05_EXIT_G | x_R06_EXIT_H | x_R07_EXIT_A | x_R08_EXIT_A | x_R09_EXIT_F | x_R10_EXIT_B | x_R11_EXIT_H | x_R12_EXIT_E | x_R13_EXIT_H | x_R14_EXIT_H | x_R15_EXIT_F | x_R16_EXIT_STAIRWELL | x_R20_EXIT_E | x_R24_EXIT_C | x_R25_EXIT_F | x_R28_EXIT_B | x_R29_EXIT_E | x_R30_EXIT_A | x_R31_EXIT_STAIRWELL | x_R32_EXIT_F | x_R33_EXIT_A | x_R34_EXIT_F | x_R35_EXIT_F | x_R36_EXIT_G
750,0.8793105334255529,1,True,0,28,x_R01_EXIT_A | x_R02_EXIT_C | x_R03_EXIT_STAIRWELL | x_R04_EXIT_STAIRWELL | x_R05_EXIT_F | x_R06_EXIT_H | x_R07_EXIT_C | x_R08_EXIT_G | x_R09_EXIT_A | x_R10_EXIT_E | x_R11_EXIT_STAIRWELL | x_R12_EXIT_B | x_R13_EXIT_A | x_R14_EXIT_STAIRWELL | x_R15_EXIT_F | x_R16_EXIT_B | x_R20_EXIT_D | x_R24_EXIT_D | x_R25_EXIT_STAIRWELL | x_R28_EXIT_D | x_R29_EXIT_E | x_R30_EXIT_G | x_R31_EXIT_D | x_R32_EXIT_A | x_R33_EXIT_C | x_R34_EXIT_B | x_R35_EXIT_D | x_R36_EXIT_C
751,0.8793972333727424,1,True,0,28,x_R01_EXIT_C | x_R02_EXIT_D | x_R03_EXIT_F | x_R04_EXIT_STAIRWELL | x_R05_EXIT_G | x_R06_EXIT_C | x_R07_EXIT_B | x_R08_EXIT_E | x_R09_EXIT_STAIRWELL | x_R10_EXIT_A | x_R11_EXIT_STAIRWELL | x_R12_EXIT_D | x_R13_EXIT_G | x_R14_EXIT_STAIRWELL | x_R15_EXIT_F | x_R16_EXIT_F | x_R20_EXIT_F | x_R24_EXIT_B | x_R25_EXIT_A | x_R28_EXIT_D | x_R29_EXIT_H | x_R30_EXIT_C | x_R31_EXIT_H | x_R32_EXIT_STAIRWELL | x_R33_EXIT_STAIRWELL | x_R34_EXIT_E | x_R35_EXIT_C | x_R36_EXIT_G
752,0.880079208609061,1,True,0,28,x_R01_EXIT_E | x_R02_EXIT_F | x_R03_EXIT_D | x_R04_EXIT_H | x_R05_EXIT_E | x_R06_EXIT_A | x_R07_EXIT_G | x_R08_EXIT_A | x_R09_EXIT_A | x_R10_EXIT_H | x_R11_EXIT_E | x_R12_EXIT_C | x_R13_EXIT_STAIRWELL | x_R14_EXIT_A | x_R15_EXIT_G | x_R16_EXIT_STAIRWELL | x_R20_EXIT_E | x_R24_EXIT_A | x_R25_EXIT_E | x_R28_EXIT_STAIRWELL | x_R29_EXIT_F | x_R30_EXIT_A | x_R31_EXIT_STAIRWELL | x_R32_EXIT_G | x_R33_EXIT_D | x_R34_EXIT_STAIRWELL | x_R35_EXIT_STAIRWELL | x_R36_EXIT_STAIRWELL
753,0.8801680540250914,1,True,0,28,x_R01_EXIT_C | x_R02_EXIT_STAIRWELL | x_R03_EXIT_C | x_R04_EXIT_C | x_R05_EXIT_G | x_R06_EXIT_F | x_R07_EXIT_C | x_R08_EXIT_A | x_R09_EXIT_D | x_R10_EXIT_STAIRWELL | x_R11_EXIT_B | x_R12_EXIT_D | x_R13_EXIT_H | x_R14_EXIT_H | x_R15_EXIT_G | x_R16_EXIT_H | x_R20_EXIT_B | x_R24_EXIT_E | x_R25_EXIT_G | x_R28_EXIT_STAIRWELL | x_R29_EXIT_F | x_R30_EXIT_D | x_R31_EXIT_B | x_R32_EXIT_B | x_R33_EXIT_B | x_R34_EXIT_D | x_R35_EXIT_E | x_R36_EXIT_E
754,0.8802026994466701,1,True,0,28,x_R01_EXIT_B | x_R02_EXIT_C | x_R03_EXIT_F | x_R04_EXIT_H | x_R05_EXIT_A | x_R06_EXIT_H | x_R07_EXIT_F | x_R08_EXIT_F | x_R09_EXIT_C | x_R10_EXIT_H | x_R11_EXIT_H | x_R12_EXIT_D | x_R13_EXIT_H | x_R14_EXIT_B | x_R15_EXIT_G | x_R16_EXIT_E | x_R20_EXIT_F | x_R24_EXIT_D | x_R25_EXIT_E | x_R28_EXIT_B | x_R29_EXIT_C | x_R30_EXIT_H | x_R31_EXIT_STAIRWELL | x_R32_EXIT_B | x_R33_EXIT_G | x_R34_EXIT_B | x_R35_EXIT_STAIRWELL | x_R36_EXIT_F
755,0.8802941773889756,1,True,0,28,x_R01_EXIT_B | x_R02_EXIT_F | x_R03_EXIT_G | x_R04_EXIT_C | x_R05_EXIT_H | x_R06_EXIT_STAIRWELL | x_R07_EXIT_H | x_R08_EXIT_STAIRWELL | x_R09_EXIT_A | x_R10_EXIT_D | x_R11_EXIT_B | x_R12_EXIT_F | x_R13_EXIT_C | x_R14_EXIT_F | x_R15_EXIT_H | x_R16_EXIT_STAIRWELL | x_R20_EXIT_E | x_R24_EXIT_D | x_R25_EXIT_F | x_R28_EXIT_H | x_R29_EXIT_B | x_R30_EXIT_D | x_R31_EXIT_H | x_R32_EXIT_C | x_R33_EXIT_STAIRWELL | x_R34_EXIT_A | x_R35_EXIT_B | x_R36_EXIT_D
756,0.8804213499782918,1,True,0,28,x_R01_EXIT_G | x_R02_EXIT_H | x_R03_EXIT_H | x_R04_EXIT_H | x_R05_EXIT_D | x_R06_EXIT_B | x_R07_EXIT_H | x_R08_EXIT_STAIRWELL | x_R09_EXIT_H | x_R10_EXIT_STAIRWELL | x_R11_EXIT_A | x_R12_EXIT_C | x_R13_EXIT_F | x_R14_EXIT_E | x_R15_EXIT_D | x_R16_EXIT_E | x_R20_EXIT_C | x_R24_EXIT_A | x_R25_EXIT_H | x_R28_EXIT_D | x_R29_EXIT_E | x_R30_EXIT_G | x_R31_EXIT_STAIRWELL | x_R32_EXIT_H | x_R33_EXIT_STAIRWELL | x_R34_EXIT_B | x_R35_EXIT_C | x_R36_EXIT_C
757,0.8805351713691607,1,True,0,28,x_R01_EXIT_C | x_R02_EXIT_F | x_R03_EXIT_G | x_R04_EXIT_E | x_R05_EXIT_D | x_R06_EXIT_STAIRWELL | x_R07_EXIT_STAIRWELL | x_R08_EXIT_H | x_R09_EXIT_H | x_R10_EXIT_F | x_R11_EXIT_G | x_R12_EXIT_STAIRWELL | x_R13_EXIT_STAIRWELL | x_R14_EXIT_C | x_R15_EXIT_B | x_R16_EXIT_H | x_R20_EXIT_B | x_R24_EXIT_STAIRWELL | x_R25_EXIT_STAIRWELL | x_R28_EXIT_STAIRWELL | x_R29_EXIT_D | x_R30_EXIT_D | x_R31_EXIT_B | x_R32_EXIT_D | x_R33_EXIT_E | x_R34_EXIT_B | x_R35_EXIT_E | x_R36_EXIT_F
758,0.8805452067433066,1,True,0,28,x_R01_EXIT_G | x_R02_EXIT_STAIRWELL | x_R03_EXIT_F | x_R04_EXIT_F | x_R05_EXIT_H | x_R06_EXIT_E | x_R07_EXIT_STAIRWELL | x_R08_EXIT_C | x_R09_EXIT_A | x_R10_EXIT_STAIRWELL | x_R11_EXIT_E | x_R12_EXIT_A | x_R13_EXIT_H | x_R14_EXIT_E | x_R15_EXIT_B | x_R16_EXIT_STAIRWELL | x_R20_EXIT_F | x_R24_EXIT_C | x_R25_EXIT_E | x_R28_EXIT_D | x_R29_EXIT_A | x_R30_EXIT_D | x_R31_EXIT_STAIRWELL | x_R32_EXIT_STAIRWELL | x_R33_EXIT_E | x_R34_EXIT_F | x_R35_EXIT_G | x_R36_EXIT_B
759,0.8805864659208851,1,True,0,28,x_R01_EXIT_F | x_R02_EXIT_D | x_R03_EXIT_D | x_R04_EXIT_C | x_R05_EXIT_H | x_R06_EXIT_G | x_R07_EXIT_A | x_R08_EXIT_H | x_R09_EXIT_A | x_R10_EXIT_C | x_R11_EXIT_H | x_R12_EXIT_E | x_R13_EXIT_STAIRWELL | x_R14_EXIT_C | x_R15_EXIT_F | x_R16_EXIT_H | x_R20_EXIT_E | x_R24_EXIT_STAIRWELL | x_R25_EXIT_A | x_R28_EXIT_D | x_R29_EXIT_B | x_R30_EXIT_C | x_R31_EXIT_G | x_R32_EXIT_B | x_R33_EXIT_D | x_R34_EXIT_C | x_R35_EXIT_A | x_R36_EXIT_H
760,0.8806293774002256,1,True,0,28,x_R01_EXIT_C | x_R02_EXIT_B | x_R03_EXIT_C | x_R04_EXIT_D | x_R05_EXIT_H | x_R06_EXIT_STAIRWELL | x_R07_EXIT_STAIRWELL | x_R08_EXIT_G | x_R09_EXIT_C | x_R10_EXIT_F | x_R11_EXIT_H | x_R12_EXIT_E | x_R13_EXIT_B | x_R14_EXIT_A | x_R15_EXIT_H | x_R16_EXIT_B | x_R20_EXIT_STAIRWELL | x_R24_EXIT_G | x_R25_EXIT_C | x_R28_EXIT_C | x_R29_EXIT_A | x_R30_EXIT_E | x_R31_EXIT_B | x_R32_EXIT_D | x_R33_EXIT_STAIRWELL | x_R34_EXIT_D | x_R35_EXIT_A | x_R36_EXIT_D
761,0.8807497272092064,1,True,0,28,x_R01_EXIT_E | x_R02_EXIT_STAIRWELL | x_R03_EXIT_STAIRWELL | x_R04_EXIT_STAIRWELL | x_R05_EXIT_C | x_R06_EXIT_STAIRWELL | x_R07_EXIT_B | x_R08_EXIT_H | x_R09_EXIT_B | x_R10_EXIT_E | x_R11_EXIT_G | x_R12_EXIT_D | x_R13_EXIT_A | x_R14_EXIT_G | x_R15_EXIT_STAIRWELL | x_R16_EXIT_B | x_R20_EXIT_B | x_R24_EXIT_C | x_R25_EXIT_G | x_R28_EXIT_C | x_R29_EXIT_STAIRWELL | x_R30_EXIT_D | x_R31_EXIT_G | x_R32_EXIT_B | x_R33_EXIT_E | x_R34_EXIT_STAIRWELL | x_R35_EXIT_F | x_R36_EXIT_E
762,0.8808700207852667,1,True,0,28,x_R01_EXIT_H | x_R02_EXIT_H | x_R03_EXIT_F | x_R04_EXIT_STAIRWELL | x_R05_EXIT_C | x_R06_EXIT_D | x_R07_EXIT_B | x_R08_EXIT_F | x_R09_EXIT_C | x_R10_EXIT_A | x_R11_EXIT_H | x_R12_EXIT_B | x_R13_EXIT_D | x_R14_EXIT_STAIRWELL | x_R15_EXIT_F | x_R16_EXIT_G | x_R20_EXIT_G | x_R24_EXIT_D | x_R25_EXIT_B | x_R28_EXIT_C | x_R29_EXIT_A | x_R30_EXIT_F | x_R31_EXIT_D | x_R32_EXIT_G | x_R33_EXIT_A | x_R34_EXIT_C | x_R35_EXIT_E | x_R36_EXIT_F
763,0.8811763617096631,1,True,0,28,x_R01_EXIT_B | x_R02_EXIT_A | x_R03_EXIT_A | x_R04_EXIT_G | x_R05_EXIT_F | x_R06_EXIT_E | x_R07_EXIT_G | x_R08_EXIT_F | x_R09_EXIT_H | x_R10_EXIT_B | x_R11_EXIT_STAIRWELL | x_R12_EXIT_D | x_R13_EXIT_G | x_R14_EXIT_A | x_R15_EXIT_E | x_R16_EXIT_E | x_R20_EXIT_STAIRWELL | x_R24_EXIT_E | x_R25_EXIT_A | x_R28_EXIT_F | x_R29_EXIT_B | x_R30_EXIT_F | x_R31_EXIT_C | x_R32_EXIT_D | x_R33_EXIT_B | x_R34_EXIT_G | x_R35_EXIT_G | x_R36_EXIT_A
764,0.8814400906292121,1,True,0,28,x_R01_EXIT_G | x_R02_EXIT_D | x_R03_EXIT_E | x_R04_EXIT_D | x_R05_EXIT_C | x_R06_EXIT_C | x_R07_EXIT_B | x_R08_EXIT_D | x_R09_EXIT_F | x_R10_EXIT_STAIRWELL | x_R11_EXIT_E | x_R12_EXIT_C | x_R13_EXIT_D | x_R14_EXIT_C | x_R15_EXIT_A | x_R16_EXIT_G | x_R20_EXIT_B | x_R24_EXIT_C | x_R25_EXIT_STAIRWELL | x_R28_EXIT_D | x_R29_EXIT_D | x_R30_EXIT_B | x_R31_EXIT_D | x_R32_EXIT_H | x_R33_EXIT_F | x_R34_EXIT_G | x_R35_EXIT_A | x_R36_EXIT_F
765,0.8815599917263626,1,True,0,28,x_R01_EXIT_STAIRWELL | x_R02_EXIT_D | x_R03_EXIT_F | x_R04_EXIT_H | x_R05_EXIT_B | x_R06_EXIT_D | x_R07_EXIT_E | x_R08_EXIT_STAIRWELL | x_R09_EXIT_H | x_R10_EXIT_A | x_R11_EXIT_D | x_R12_EXIT_H | x_R13_EXIT_G | x_R14_EXIT_F | x_R15_EXIT_F | x_R16_EXIT_F | x_R20_EXIT_D | x_R24_EXIT_G | x_R25_EXIT_STAIRWELL | x_R28_EXIT_A | x_R29_EXIT_H | x_R30_EXIT_C | x_R31_EXIT_F | x_R32_EXIT_B | x_R33_EXIT_G | x_R34_EXIT_C | x_R35_EXIT_H | x_R36_EXIT_D
766,0.8821707790221467,1,True,0,28,x_R01_EXIT_D | x_R02_EXIT_H | x_R03_EXIT_A | x_R04_EXIT_STAIRWELL | x_R05_EXIT_E | x_R06_EXIT_H | x_R07_EXIT_STAIRWELL | x_R08_EXIT_STAIRWELL | x_R09_EXIT_E | x_R10_EXIT_F | x_R11_EXIT_F | x_R12_EXIT_STAIRWELL | x_R13_EXIT_H | x_R14_EXIT_F | x_R15_EXIT_A | x_R16_EXIT_A | x_R20_EXIT_F | x_R24_EXIT_D | x_R25_EXIT_G | x_R28_EXIT_H | x_R29_EXIT_D | x_R30_EXIT_D | x_R31_EXIT_G | x_R32_EXIT_H | x_R33_EXIT_E | x_R34_EXIT_F | x_R35_EXIT_F | x_R36_EXIT_B
767,0.8825676493316337,1,True,0,28,x_R01_EXIT_H | x_R02_EXIT_C | x_R03_EXIT_A | x_R04_EXIT_C | x_R05_EXIT_A | x_R06_EXIT_B | x_R07_EXIT_D | x_R08_EXIT_H | x_R09_EXIT_E | x_R10_EXIT_A | x_R11_EXIT_E | x_R12_EXIT_STAIRWELL | x_R13_EXIT_G | x_R14_EXIT_H | x_R15_EXIT_H | x_R16_EXIT_E | x_R20_EXIT_H | x_R24_EXIT_B | x_R25_EXIT_D | x_R28_EXIT_E | x_R29_EXIT_E | x_R30_EXIT_D | x_R31_EXIT_C | x_R32_EXIT_C | x_R33_EXIT_B | x_R34_EXIT_D | x_R35_EXIT_G | x_R36_EXIT_C
768,0.8830642467543726,1,True,0,28,x_R01_EXIT_STAIRWELL | x_R02_EXIT_H | x_R03_EXIT_H | x_R04_EXIT_STAIRWELL | x_R05_EXIT_C | x_R06_EXIT_F | x_R07_EXIT_G | x_R08_EXIT_C | x_R09_EXIT_E | x_R10_EXIT_H | x_R11_EXIT_H | x_R12_EXIT_G | x_R13_EXIT_A | x_R14_EXIT_A | x_R15_EXIT_B | x_R16_EXIT_G | x_R20_EXIT_B | x_R24_EXIT_STAIRWELL | x_R25_EXIT_C | x_R28_EXIT_D | x_R29_EXIT_E | x_R30_EXIT_G | x_R31_EXIT_B | x_R32_EXIT_E | x_R33_EXIT_STAIRWELL | x_R34_EXIT_G | x_R35_EXIT_C | x_R36_EXIT_B
769,0.8833964840990234,1,True,0,28,x_R01_EXIT_C | x_R02_EXIT_H | x_R03_EXIT_C | x_R04_EXIT_STAIRWELL | x_R05_EXIT_G | x_R06_EXIT_C | x_R07_EXIT_F | x_R08_EXIT_F | x_R09_EXIT_A | x_R10_EXIT_F | x_R11_EXIT_G | x_R12_EXIT_C | x_R13_EXIT_A | x_R14_EXIT_B | x_R15_EXIT_STAIRWELL | x_R16_EXIT_C | x_R20_EXIT_E | x_R24_EXIT_A | x_R25_EXIT_D | x_R28_EXIT_H | x_R29_EXIT_C | x_R30_EXIT_C | x_R31_EXIT_A | x_R32_EXIT_E | x_R33_EXIT_E | x_R34_EXIT_A | x_R35_EXIT_E | x_R36_EXIT_B
770,0.8834855334212648,1,True,0,28,x_R01_EXIT_B | x_R02_EXIT_B | x_R03_EXIT_E | x_R04_EXIT_F | x_R05_EXIT_G | x_R06_EXIT_D | x_R07_EXIT_F | x_R08_EXIT_A | x_R09_EXIT_D | x_R10_EXIT_A | x_R11_EXIT_C | x_R12_EXIT_F | x_R13_EXIT_H | x_R14_EXIT_E | x_R15_EXIT_D | x_R16_EXIT_G | x_R20_EXIT_B | x_R24_EXIT_C | x_R25_EXIT_B | x_R28_EXIT_A | x_R29_EXIT_STAIRWELL | x_R30_EXIT_E | x_R31_EXIT_C | x_R32_EXIT_B | x_R33_EXIT_B | x_R34_EXIT_B | x_R35_EXIT_H | x_R36_EXIT_D
771,0.8843436136442051,1,True,0,28,x_R01_EXIT_STAIRWELL | x_R02_EXIT_A | x_R03_EXIT_D | x_R04_EXIT_STAIRWELL | x_R05_EXIT_D | x_R06_EXIT_D | x_R07_EXIT_F | x_R08_EXIT_D | x_R09_EXIT_H | x_R10_EXIT_C | x_R11_EXIT_E | x_R12_EXIT_STAIRWELL | x_R13_EXIT_C | x_R14_EXIT_H | x_R15_EXIT_C | x_R16_EXIT_G | x_R20_EXIT_E | x_R24_EXIT_B | x_R25_EXIT_G | x_R28_EXIT_A | x_R29_EXIT_B | x_R30_EXIT_G | x_R31_EXIT_STAIRWELL | x_R32_EXIT_H | x_R33_EXIT_B | x_R34_EXIT_B | x_R35_EXIT_F | x_R36_EXIT_E
772,0.8845293752904695,1,True,0,28,x_R01_EXIT_G | x_R02_EXIT_STAIRWELL | x_R03_EXIT_H | x_R04_EXIT_C | x_R05_EXIT_C | x_R06_EXIT_A | x_R07_EXIT_H | x_R08_EXIT_H | x_R09_EXIT_C | x_R10_EXIT_B | x_R11_EXIT_STAIRWELL | x_R12_EXIT_E | x_R13_EXIT_C | x_R14_EXIT_F | x_R15_EXIT_F | x_R16_EXIT_C | x_R20_EXIT_STAIRWELL | x_R24_EXIT_B | x_R25_EXIT_G | x_R28_EXIT_G | x_R29_EXIT_B | x_R30_EXIT_E | x_R31_EXIT_B | x_R32_EXIT_E | x_R33_EXIT_F | x_R34_EXIT_H | x_R35_EXIT_E | x_R36_EXIT_C
773,0.8847072546988102,1,True,0,28,x_R01_EXIT_STAIRWELL | x_R02_EXIT_E | x_R03_EXIT_A | x_R04_EXIT_G | x_R05_EXIT_H | x_R06_EXIT_G | x_R07_EXIT_D | x_R08_EXIT_E | x_R09_EXIT_STAIRWELL | x_R10_EXIT_F | x_R11_EXIT_C | x_R12_EXIT_E | x_R13_EXIT_G | x_R14_EXIT_H | x_R15_EXIT_F | x_R16_EXIT_F | x_R20_EXIT_E | x_R24_EXIT_STAIRWELL | x_R25_EXIT_E | x_R28_EXIT_E | x_R29_EXIT_STAIRWELL | x_R30_EXIT_H | x_R31_EXIT_G | x_R32_EXIT_D | x_R33_EXIT_E | x_R34_EXIT_B | x_R35_EXIT_B | x_R36_EXIT_C
774,0.8848076267658485,1,True,0,28,x_R01_EXIT_H | x_R02_EXIT_STAIRWELL | x_R03_EXIT_C | x_R04_EXIT_STAIRWELL | x_R05_EXIT_H | x_R06_EXIT_E | x_R07_EXIT_E | x_R08_EXIT_D | x_R09_EXIT_C | x_R10_EXIT_C | x_R11_EXIT_F | x_R12_EXIT_STAIRWELL | x_R13_EXIT_B | x_R14_EXIT_D | x_R15_EXIT_A | x_R16_EXIT_F | x_R20_EXIT_H | x_R24_EXIT_STAIRWELL | x_R25_EXIT_A | x_R28_EXIT_G | x_R29_EXIT_C | x_R30_EXIT_B | x_R31_EXIT_STAIRWELL | x_R32_EXIT_D | x_R33_EXIT_A | x_R34_EXIT_A | x_R35_EXIT_H | x_R36_EXIT_G
775,0.8848889609913044,1,True,0,28,x_R01_EXIT_D | x_R02_EXIT_D | x_R03_EXIT_E | x_R04_EXIT_STAIRWELL | x_R05_EXIT_A | x_R06_EXIT_D | x_R07_EXIT_STAIRWELL | x_R08_EXIT_D | x_R09_EXIT_E | x_R10_EXIT_A | x_R11_EXIT_A | x_R12_EXIT_C | x_R13_EXIT_F | x_R14_EXIT_F | x_R15_EXIT_E | x_R16_EXIT_STAIRWELL | x_R20_EXIT_C | x_R24_EXIT_F | x_R25_EXIT_G | x_R28_EXIT_H | x_R29_EXIT_STAIRWELL | x_R30_EXIT_D | x_R31_EXIT_F | x_R32_EXIT_H | x_R33_EXIT_F | x_R34_EXIT_E | x_R35_EXIT_E | x_R36_EXIT_B
776,0.8852662808365608,1,True,0,28,x_R01_EXIT_D | x_R02_EXIT_H | x_R03_EXIT_H | x_R04_EXIT_H | x_R05_EXIT_F | x_R06_EXIT_F | x_R07_EXIT_B | x_R08_EXIT_G | x_R09_EXIT_A | x_R10_EXIT_D | x_R11_EXIT_C | x_R12_EXIT_E | x_R13_EXIT_D | x_R14_EXIT_D | x_R15_EXIT_H | x_R16_EXIT_D | x_R20_EXIT_STAIRWELL | x_R24_EXIT_B | x_R25_EXIT_STAIRWELL | x_R28_EXIT_C | x_R29_EXIT_A | x_R30_EXIT_A | x_R31_EXIT_A | x_R32_EXIT_E | x_R33_EXIT_E | x_R34_EXIT_A | x_R35_EXIT_E | x_R36_EXIT_G
777,0.8854096778401299,1,True,0,28,x_R01_EXIT_H | x_R02_EXIT_A | x_R03_EXIT_H | x_R04_EXIT_C | x_R05_EXIT_F | x_R06_EXIT_D | x_R07_EXIT_F | x_R08_EXIT_C | x_R09_EXIT_STAIRWELL | x_R10_EXIT_F | x_R11_EXIT_G | x_R12_EXIT_C | x_R13_EXIT_STAIRWELL | x_R14_EXIT_E | x_R15_EXIT_H | x_R16_EXIT_F | x_R20_EXIT_C | x_R24_EXIT_D | x_R25_EXIT_H | x_R28_EXIT_H | x_R29_EXIT_STAIRWELL | x_R30_EXIT_C | x_R31_EXIT_STAIRWELL | x_R32_EXIT_H | x_R33_EXIT_D | x_R34_EXIT_A | x_R35_EXIT_F | x_R36_EXIT_A
778,0.8857418298348421,1,True,0,28,x_R01_EXIT_H | x_R02_EXIT_E | x_R03_EXIT_B | x_R04_EXIT_STAIRWELL | x_R05_EXIT_STAIRWELL | x_R06_EXIT_A | x_R07_EXIT_A | x_R08_EXIT_A | x_R09_EXIT_F | x_R10_EXIT_F | x_R11_EXIT_H | x_R12_EXIT_C | x_R13_EXIT_D | x_R14_EXIT_D | x_R15_EXIT_F | x_R16_EXIT_E | x_R20_EXIT_E | x_R24_EXIT_B | x_R25_EXIT_F | x_R28_EXIT_B | x_R29_EXIT_B | x_R30_EXIT_D | x_R31_EXIT_STAIRWELL | x_R32_EXIT_G | x_R33_EXIT_D | x_R34_EXIT_E | x_R35_EXIT_STAIRWELL | x_R36_EXIT_C
779,0.8862494428560126,1,True,0,28,x_R01_EXIT_H | x_R02_EXIT_F | x_R03_EXIT_H | x_R04_EXIT_F | x_R05_EXIT_F | x_R06_EXIT_F | x_R07_EXIT_STAIRWELL | x_R08_EXIT_G | x_R09_EXIT_E | x_R10_EXIT_B | x_R11_EXIT_F | x_R12_EXIT_H | x_R13_EXIT_G | x_R14_EXIT_STAIRWELL | x_R15_EXIT_A | x_R16_EXIT_D | x_R20_EXIT_F | x_R24_EXIT_D | x_R25_EXIT_C | x_R28_EXIT_F | x_R29_EXIT_E | x_R30_EXIT_H | x_R31_EXIT_F | x_R32_EXIT_G | x_R33_EXIT_B | x_R34_EXIT_A | x_R35_EXIT_E | x_R36_EXIT_H
780,0.8865273478528479,1,True,0,28,x_R01_EXIT_A | x_R02_EXIT_E | x_R03_EXIT_C | x_R04_EXIT_C | x_R05_EXIT_B | x_R06_EXIT_F | x_R07_EXIT_G | x_R08_EXIT_E | x_R09_EXIT_H | x_R10_EXIT_C | x_R11_EXIT_G | x_R12_EXIT_F | x_R13_EXIT_E | x_R14_EXIT_H | x_R15_EXIT_A | x_R16_EXIT_H | x_R20_EXIT_B | x_R24_EXIT_C | x_R25_EXIT_A | x_R28_EXIT_D | x_R29_EXIT_C | x_R30_EXIT_A | x_R31_EXIT_F | x_R32_EXIT_E | x_R33_EXIT_E | x_R34_EXIT_F | x_R35_EXIT_C | x_R36_EXIT_C
781,0.8868994649931778,1,True,0,28,x_R01_EXIT_D | x_R02_EXIT_D | x_R03_EXIT_G | x_R04_EXIT_H | x_R05_EXIT_F | x_R06_EXIT_G | x_R07_EXIT_B | x_R08_EXIT_D | x_R09_EXIT_A | x_R10_EXIT_E | x_R11_EXIT_G | x_R12_EXIT_F | x_R13_EXIT_H | x_R14_EXIT_A | x_R15_EXIT_C | x_R16_EXIT_B | x_R20_EXIT_F | x_R24_EXIT_D | x_R25_EXIT_A | x_R28_EXIT_STAIRWELL | x_R29_EXIT_E | x_R30_EXIT_C | x_R31_EXIT_D | x_R32_EXIT_G | x_R33_EXIT_STAIRWELL | x_R34_EXIT_A | x_R35_EXIT_D | x_R36_EXIT_H
782,0.8869953626571032,1,True,0,28,x_R01_EXIT_A | x_R02_EXIT_F | x_R03_EXIT_STAIRWELL | x_R04_EXIT_D | x_R05_EXIT_C | x_R06_EXIT_STAIRWELL | x_R07_EXIT_H | x_R08_EXIT_E | x_R09_EXIT_STAIRWELL | x_R10_EXIT_STAIRWELL | x_R11_EXIT_A | x_R12_EXIT_D | x_R13_EXIT_A | x_R14_EXIT_E | x_R15_EXIT_C | x_R16_EXIT_E | x_R20_EXIT_C | x_R24_EXIT_C | x_R25_EXIT_B | x_R28_EXIT_H | x_R29_EXIT_A | x_R30_EXIT_G | x_R31_EXIT_B | x_R32_EXIT_A | x_R33_EXIT_STAIRWELL | x_R34_EXIT_F | x_R35_EXIT_E | x_R36_EXIT_G
783,0.8871507417088651,1,True,0,28,x_R01_EXIT_E | x_R02_EXIT_C | x_R03_EXIT_B | x_R04_EXIT_G | x_R05_EXIT_C | x_R06_EXIT_B | x_R07_EXIT_H | x_R08_EXIT_A | x_R09_EXIT_STAIRWELL | x_R10_EXIT_B | x_R11_EXIT_F | x_R12_EXIT_E | x_R13_EXIT_G | x_R14_EXIT_C | x_R15_EXIT_G | x_R16_EXIT_D | x_R20_EXIT_D | x_R24_EXIT_D | x_R25_EXIT_E | x_R28_EXIT_H | x_R29_EXIT_E | x_R30_EXIT_C | x_R31_EXIT_A | x_R32_EXIT_G | x_R33_EXIT_E | x_R34_EXIT_A | x_R35_EXIT_F | x_R36_EXIT_D
784,0.8873863904091763,1,True,0,28,x_R01_EXIT_E | x_R02_EXIT_F | x_R03_EXIT_F | x_R04_EXIT_H | x_R05_EXIT_B | x_R06_EXIT_F | x_R07_EXIT_E | x_R08_EXIT_STAIRWELL | x_R09_EXIT_E | x_R10_EXIT_D | x_R11_EXIT_B | x_R12_EXIT_H | x_R13_EXIT_G | x_R14_EXIT_C | x_R15_EXIT_G | x_R16_EXIT_C | x_R20_EXIT_H | x_R24_EXIT_STAIRWELL | x_R25_EXIT_B | x_R28_EXIT_C | x_R29_EXIT_G | x_R30_EXIT_H | x_R31_EXIT_STAIRWELL | x_R32_EXIT_E | x_R33_EXIT_H | x_R34_EXIT_D | x_R35_EXIT_F | x_R36_EXIT_D
785,0.8877450265528068,1,True,0,28,x_R01_EXIT_F | x_R02_EXIT_STAIRWELL | x_R03_EXIT_A | x_R04_EXIT_E | x_R05_EXIT_A | x_R06_EXIT_E | x_R07_EXIT_A | x_R08_EXIT_STAIRWELL | x_R09_EXIT_F | x_R10_EXIT_E | x_R11_EXIT_STAIRWELL | x_R12_EXIT_G | x_R13_EXIT_E | x_R14_EXIT_A | x_R15_EXIT_STAIRWELL | x_R16_EXIT_C | x_R20_EXIT_A | x_R24_EXIT_G | x_R25_EXIT_A | x_R28_EXIT_H | x_R29_EXIT_F | x_R30_EXIT_E | x_R31_EXIT_G | x_R32_EXIT_B | x_R33_EXIT_F | x_R34_EXIT_F | x_R35_EXIT_B | x_R36_EXIT_H
786,0.8881919076009126,1,True,0,28,x_R01_EXIT_F | x_R02_EXIT_H | x_R03_EXIT_G | x_R04_EXIT_A | x_R05_EXIT_G | x_R06_EXIT_STAIRWELL | x_R07_EXIT_E | x_R08_EXIT_C | x_R09_EXIT_G | x_R10_EXIT_STAIRWELL | x_R11_EXIT_A | x_R12_EXIT_B | x_R13_EXIT_G | x_R14_EXIT_E | x_R15_EXIT_A | x_R16_EXIT_D | x_R20_EXIT_D | x_R24_EXIT_G | x_R25_EXIT_F | x_R28_EXIT_STAIRWELL | x_R29_EXIT_STAIRWELL | x_R30_EXIT_C | x_R31_EXIT_STAIRWELL | x_R32_EXIT_B | x_R33_EXIT_C | x_R34_EXIT_H | x_R35_EXIT_B | x_R36_EXIT_H
787,0.8882667926360455,1,True,0,28,x_R01_EXIT_B | x_R02_EXIT_A | x_R03_EXIT_H | x_R04_EXIT_E | x_R05_EXIT_D | x_R06_EXIT_D | x_R07_EXIT_G | x_R08_EXIT_D | x_R09_EXIT_STAIRWELL | x_R10_EXIT_B | x_R11_EXIT_A | x_R12_EXIT_E | x_R13_EXIT_H | x_R14_EXIT_F | x_R15_EXIT_E | x_R16_EXIT_B | x_R20_EXIT_C | x_R24_EXIT_C | x_R25_EXIT_G | x_R28_EXIT_A | x_R29_EXIT_B | x_R30_EXIT_F | x_R31_EXIT_G | x_R32_EXIT_F | x_R33_EXIT_C | x_R34_EXIT_G | x_R35_EXIT_STAIRWELL | x_R36_EXIT_G
788,0.8888559412293944,1,True,0,28,x_R01_EXIT_H | x_R02_EXIT_STAIRWELL | x_R03_EXIT_H | x_R04_EXIT_F | x_R05_EXIT_H | x_R06_EXIT_F | x_R07_EXIT_A | x_R08_EXIT_E | x_R09_EXIT_H | x_R10_EXIT_STAIRWELL | x_R11_EXIT_C | x_R12_EXIT_C | x_R13_EXIT_H | x_R14_EXIT_D | x_R15_EXIT_E | x_R16_EXIT_STAIRWELL | x_R20_EXIT_G | x_R24_EXIT_A | x_R25_EXIT_E | x_R28_EXIT_C | x_R29_EXIT_D | x_R30_EXIT_D | x_R31_EXIT_E | x_R32_EXIT_D | x_R33_EXIT_H | x_R34_EXIT_G | x_R35_EXIT_A | x_R36_EXIT_A
789,0.8889428578692673,1,True,0,28,x_R01_EXIT_H | x_R02_EXIT_STAIRWELL | x_R03_EXIT_A | x_R04_EXIT_G | x_R05_EXIT_H | x_R06_EXIT_E | x_R07_EXIT_A | x_R08_EXIT_D | x_R09_EXIT_B | x_R10_EXIT_B | x_R11_EXIT_C | x_R12_EXIT_D | x_R13_EXIT_F | x_R14_EXIT_H | x_R15_EXIT_G | x_R16_EXIT_G | x_R20_EXIT_B | x_R24_EXIT_H | x_R25_EXIT_C | x_R28_EXIT_F | x_R29_EXIT_G | x_R30_EXIT_C | x_R31_EXIT_B | x_R32_EXIT_E | x_R33_EXIT_G | x_R34_EXIT_D | x_R35_EXIT_D | x_R36_EXIT_G
790,0.8893093328038617,1,True,0,28,x_R01_EXIT_STAIRWELL | x_R02_EXIT_A | x_R03_EXIT_H | x_R04_EXIT_F | x_R05_EXIT_E | x_R06_EXIT_B | x_R07_EXIT_A | x_R08_EXIT_H | x_R09_EXIT_B | x_R10_EXIT_E | x_R11_EXIT_STAIRWELL | x_R12_EXIT_H | x_R13_EXIT_H | x_R14_EXIT_E | x_R15_EXIT_A | x_R16_EXIT_C | x_R20_EXIT_F | x_R24_EXIT_STAIRWELL | x_R25_EXIT_G | x_R28_EXIT_B | x_R29_EXIT_B | x_R30_EXIT_C | x_R31_EXIT_B | x_R32_EXIT_H | x_R33_EXIT_STAIRWELL | x_R34_EXIT_H | x_R35_EXIT_STAIRWELL | x_R36_EXIT_C
791,0.8897682454554001,1,True,0,28,x_R01_EXIT_STAIRWELL | x_R02_EXIT_A | x_R03_EXIT_STAIRWELL | x_R04_EXIT_C | x_R05_EXIT_G | x_R06_EXIT_D | x_R07_EXIT_F | x_R08_EXIT_C | x_R09_EXIT_C | x_R10_EXIT_STAIRWELL | x_R11_EXIT_B | x_R12_EXIT_STAIRWELL | x_R13_EXIT_G | x_R14_EXIT_F | x_R15_EXIT_H | x_R16_EXIT_A | x_R20_EXIT_F | x_R24_EXIT_F | x_R25_EXIT_B | x_R28_EXIT_H | x_R29_EXIT_A | x_R30_EXIT_C | x_R31_EXIT_D | x_R32_EXIT_D | x_R33_EXIT_STAIRWELL | x_R34_EXIT_C | x_R35_EXIT_E | x_R36_EXIT_B
792,0.8900318062489418,1,True,0,28,x_R01_EXIT_B | x_R02_EXIT_G | x_R03_EXIT_C | x_R04_EXIT_C | x_R05_EXIT_A | x_R06_EXIT_E | x_R07_EXIT_STAIRWELL | x_R08_EXIT_A | x_R09_EXIT_D | x_R10_EXIT_G | x_R11_EXIT_A | x_R12_EXIT_C | x_R13_EXIT_D | x_R14_EXIT_H | x_R15_EXIT_F | x_R16_EXIT_G | x_R20_EXIT_G | x_R24_EXIT_A | x_R25_EXIT_C | x_R28_EXIT_C | x_R29_EXIT_G | x_R30_EXIT_E | x_R31_EXIT_E | x_R32_EXIT_A | x_R33_EXIT_G | x_R34_EXIT_C | x_R35_EXIT_C | x_R36_EXIT_B
793,0.8907447288189019,1,True,0,28,x_R01_EXIT_A | x_R02_EXIT_STAIRWELL | x_R03_EXIT_H | x_R04_EXIT_G | x_R05_EXIT_B | x_R06_EXIT_E | x_R07_EXIT_A | x_R08_EXIT_D | x_R09_EXIT_C | x_R10_EXIT_E | x_R11_EXIT_D | x_R12_EXIT_STAIRWELL | x_R13_EXIT_B | x_R14_EXIT_H | x_R15_EXIT_H | x_R16_EXIT_G | x_R20_EXIT_E | x_R24_EXIT_E | x_R25_EXIT_STAIRWELL | x_R28_EXIT_H | x_R29_EXIT_H | x_R30_EXIT_D | x_R31_EXIT_E | x_R32_EXIT_H | x_R33_EXIT_C | x_R34_EXIT_D | x_R35_EXIT_D | x_R36_EXIT_A
794,0.8912234392944924,1,True,0,28,x_R01_EXIT_H | x_R02_EXIT_C | x_R03_EXIT_E | x_R04_EXIT_D | x_R05_EXIT_B | x_R06_EXIT_B | x_R07_EXIT_G | x_R08_EXIT_D | x_R09_EXIT_B | x_R10_EXIT_E | x_R11_EXIT_G | x_R12_EXIT_E | x_R13_EXIT_B | x_R14_EXIT_A | x_R15_EXIT_B | x_R16_EXIT_F | x_R20_EXIT_B | x_R24_EXIT_F | x_R25_EXIT_F | x_R28_EXIT_C | x_R29_EXIT_A | x_R30_EXIT_A | x_R31_EXIT_STAIRWELL | x_R32_EXIT_H | x_R33_EXIT_E | x_R34_EXIT_B | x_R35_EXIT_STAIRWELL | x_R36_EXIT_STAIRWELL
795,0.8912757575181445,1,True,0,28,x_R01_EXIT_G | x_R02_EXIT_H | x_R03_EXIT_F | x_R04_EXIT_E | x_R05_EXIT_H | x_R06_EXIT_H | x_R07_EXIT_F | x_R08_EXIT_F | x_R09_EXIT_E | x_R10_EXIT_C | x_R11_EXIT_C | x_R12_EXIT_STAIRWELL | x_R13_EXIT_A | x_R14_EXIT_D | x_R15_EXIT_STAIRWELL | x_R16_EXIT_C | x_R20_EXIT_C | x_R24_EXIT_STAIRWELL | x_R25_EXIT_A | x_R28_EXIT_D | x_R29_EXIT_D | x_R30_EXIT_D | x_R31_EXIT_A | x_R32_EXIT_A | x_R33_EXIT_G | x_R34_EXIT_G | x_R35_EXIT_A | x_R36_EXIT_H
796,0.8915665266648034,1,True,0,28,x_R01_EXIT_G | x_R02_EXIT_STAIRWELL | x_R03_EXIT_G | x_R04_EXIT_G | x_R05_EXIT_B | x_R06_EXIT_G | x_R07_EXIT_A | x_R08_EXIT_STAIRWELL | x_R09_EXIT_A | x_R10_EXIT_STAIRWELL | x_R11_EXIT_D | x_R12_EXIT_A | x_R13_EXIT_A | x_R14_EXIT_G | x_R15_EXIT_C | x_R16_EXIT_H | x_R20_EXIT_H | x_R24_EXIT_A | x_R25_EXIT_STAIRWELL | x_R28_EXIT_A | x_R29_EXIT_C | x_R30_EXIT_STAIRWELL | x_R31_EXIT_C | x_R32_EXIT_E | x_R33_EXIT_E | x_R34_EXIT_E | x_R35_EXIT_G | x_R36_EXIT_F
797,0.8917183706319634,1,True,0,28,x_R01_EXIT_F | x_R02_EXIT_E | x_R03_EXIT_C | x_R04_EXIT_B | x_R05_EXIT_A | x_R06_EXIT_E | x_R07_EXIT_E | x_R08_EXIT_C | x_R09_EXIT_B | x_R10_EXIT_STAIRWELL | x_R11_EXIT_STAIRWELL | x_R12_EXIT_G | x_R13_EXIT_H | x_R14_EXIT_B | x_R15_EXIT_E | x_R16_EXIT_B | x_R20_EXIT_H | x_R24_EXIT_B | x_R25_EXIT_A | x_R28_EXIT_F | x_R29_EXIT_B | x_R30_EXIT_E | x_R31_EXIT_G | x_R32_EXIT_H | x_R33_EXIT_STAIRWELL | x_R34_EXIT_F | x_R35_EXIT_F | x_R36_EXIT_B
798,0.8921256509149202,1,True,0,28,x_R01_EXIT_E | x_R02_EXIT_E | x_R03_EXIT_B | x_R04_EXIT_D | x_R05_EXIT_H | x_R06_EXIT_STAIRWELL | x_R07_EXIT_H | x_R08_EXIT_C | x_R09_EXIT_B | x_R10_EXIT_H | x_R11_EXIT_E | x_R12_EXIT_F | x_R13_EXIT_E | x_R14_EXIT_H | x_R15_EXIT_F | x_R16_EXIT_E | x_R20_EXIT_H | x_R24_EXIT_F | x_R25_EXIT_B | x_R28_EXIT_STAIRWELL | x_R29_EXIT_H | x_R30_EXIT_D | x_R31_EXIT_E | x_R32_EXIT_B | x_R33_EXIT_D | x_R34_EXIT_F | x_R35_EXIT_STAIRWELL | x_R36_EXIT_F
799,0.8922405496560941,1,True,0,28,x_R01_EXIT_STAIRWELL | x_R02_EXIT_E | x_R03_EXIT_B | x_R04_EXIT_C | x_R05_EXIT_STAIRWELL | x_R06_EXIT_D | x_R07_EXIT_H | x_R08_EXIT_B | x_R09_EXIT_F | x_R10_EXIT_C | x_R11_EXIT_C | x_R12_EXIT_STAIRWELL | x_R13_EXIT_B | x_R14_EXIT_C | x_R15_EXIT_H | x_R16_EXIT_H | x_R20_EXIT_G | x_R24_EXIT_D | x_R25_EXIT_E | x_R28_EXIT_A | x_R29_EXIT_F | x_R30_EXIT_H | x_R31_EXIT_STAIRWELL | x_R32_EXIT_B | x_R33_EXIT_A | x_R34_EXIT_B | x_R35_EXIT_E | x_R36_EXIT_C
800,0.8924111626743638,1,True,0,28,x_R01_EXIT_B | x_R02_EXIT_C | x_R03_EXIT_A | x_R04_EXIT_E | x_R05_EXIT_F | x_R06_EXIT_B | x_R07_EXIT_F | x_R08_EXIT_E | x_R09_EXIT_STAIRWELL | x_R10_EXIT_B | x_R11_EXIT_F | x_R12_EXIT_D | x_R13_EXIT_D | x_R14_EXIT_E | x_R15_EXIT_STAIRWELL | x_R16_EXIT_A | x_R20_EXIT_H | x_R24_EXIT_C | x_R25_EXIT_A | x_R28_EXIT_G | x_R29_EXIT_F | x_R30_EXIT_D | x_R31_EXIT_F | x_R32_EXIT_D | x_R33_EXIT_STAIRWELL | x_R34_EXIT_C | x_R35_EXIT_E | x_R36_EXIT_D
801,0.8924988377356726,1,True,0,28,x_R01_EXIT_STAIRWELL | x_R02_EXIT_A | x_R03_EXIT_G | x_R04_EXIT_G | x_R05_EXIT_E | x_R06_EXIT_A | x_R07_EXIT_F | x_R08_EXIT_G | x_R09_EXIT_D | x_R10_EXIT_STAIRWELL | x_R11_EXIT_D | x_R12_EXIT_E | x_R13_EXIT_F | x_R14_EXIT_F | x_R15_EXIT_E | x_R16_EXIT_D | x_R20_EXIT_A | x_R24_EXIT_E | x_R25_EXIT_B | x_R28_EXIT_G | x_R29_EXIT_C | x_R30_EXIT_E | x_R31_EXIT_F | x_R32_EXIT_H | x_R33_EXIT_C | x_R34_EXIT_A | x_R35_EXIT_F | x_R36_EXIT_H
802,0.8925411410286301,1,True,0,28,x_R01_EXIT_B | x_R02_EXIT_B | x_R03_EXIT_STAIRWELL | x_R04_EXIT_G | x_R05_EXIT_G | x_R06_EXIT_B | x_R07_EXIT_A | x_R08_EXIT_C | x_R09_EXIT_E | x_R10_EXIT_H | x_R11_EXIT_STAIRWELL | x_R12_EXIT_A | x_R13_EXIT_E | x_R14_EXIT_C | x_R15_EXIT_G | x_R16_EXIT_E | x_R20_EXIT_B | x_R24_EXIT_C | x_R25_EXIT_D | x_R28_EXIT_A | x_R29_EXIT_A | x_R30_EXIT_D | x_R31_EXIT_F | x_R32_EXIT_G | x_R33_EXIT_G | x_R34_EXIT_F | x_R35_EXIT_STAIRWELL | x_R36_EXIT_H
803,0.8931906418819153,1,True,0,28,x_R01_EXIT_A | x_R02_EXIT_G | x_R03_EXIT_H | x_R04_EXIT_H | x_R05_EXIT_STAIRWELL | x_R06_EXIT_F | x_R07_EXIT_G | x_R08_EXIT_C | x_R09_EXIT_H | x_R10_EXIT_B | x_R11_EXIT_B | x_R12_EXIT_G | x_R13_EXIT_E | x_R14_EXIT_STAIRWELL | x_R15_EXIT_C | x_R16_EXIT_G | x_R20_EXIT_H | x_R24_EXIT_A | x_R25_EXIT_B | x_R28_EXIT_A | x_R29_EXIT_F | x_R30_EXIT_E | x_R31_EXIT_C | x_R32_EXIT_STAIRWELL | x_R33_EXIT_G | x_R34_EXIT_STAIRWELL | x_R35_EXIT_E | x_R36_EXIT_STAIRWELL
804,0.8938483193347224,1,True,0,28,x_R01_EXIT_G | x_R02_EXIT_A | x_R03_EXIT_H | x_R04_EXIT_B | x_R05_EXIT_B | x_R06_EXIT_G | x_R07_EXIT_B | x_R08_EXIT_H | x_R09_EXIT_D | x_R10_EXIT_H | x_R11_EXIT_E | x_R12_EXIT_B | x_R13_EXIT_A | x_R14_EXIT_B | x_R15_EXIT_C | x_R16_EXIT_H | x_R20_EXIT_H | x_R24_EXIT_G | x_R25_EXIT_C | x_R28_EXIT_C | x_R29_EXIT_E | x_R30_EXIT_A | x_R31_EXIT_D | x_R32_EXIT_G | x_R33_EXIT_B | x_R34_EXIT_F | x_R35_EXIT_D | x_R36_EXIT_G
805,0.8941400329199496,1,True,0,28,x_R01_EXIT_E | x_R02_EXIT_STAIRWELL | x_R03_EXIT_G | x_R04_EXIT_F | x_R05_EXIT_B | x_R06_EXIT_C | x_R07_EXIT_D | x_R08_EXIT_STAIRWELL | x_R09_EXIT_G | x_R10_EXIT_A | x_R11_EXIT_A | x_R12_EXIT_C | x_R13_EXIT_D | x_R14_EXIT_F | x_R15_EXIT_G | x_R16_EXIT_F | x_R20_EXIT_E | x_R24_EXIT_C | x_R25_EXIT_E | x_R28_EXIT_H | x_R29_EXIT_E | x_R30_EXIT_G | x_R31_EXIT_E | x_R32_EXIT_G | x_R33_EXIT_A | x_R34_EXIT_F | x_R35_EXIT_C | x_R36_EXIT_A
806,0.8942870707842872,1,True,0,28,x_R01_EXIT_E | x_R02_EXIT_H | x_R03_EXIT_C | x_R04_EXIT_E | x_R05_EXIT_H | x_R06_EXIT_E | x_R07_EXIT_D | x_R08_EXIT_F | x_R09_EXIT_E | x_R10_EXIT_D | x_R11_EXIT_F | x_R12_EXIT_E | x_R13_EXIT_C | x_R14_EXIT_H | x_R15_EXIT_H | x_R16_EXIT_F | x_R20_EXIT_B | x_R24_EXIT_D | x_R25_EXIT_A | x_R28_EXIT_A | x_R29_EXIT_F | x_R30_EXIT_F | x_R31_EXIT_G | x_R32_EXIT_STAIRWELL | x_R33_EXIT_B | x_R34_EXIT_B | x_R35_EXIT_G | x_R36_EXIT_H
807,0.8947886858891252,1,True,0,28,x_R01_EXIT_H | x_R02_EXIT_E | x_R03_EXIT_D | x_R04_EXIT_STAIRWELL | x_R05_EXIT_STAIRWELL | x_R06_EXIT_G | x_R07_EXIT_F | x_R08_EXIT_G | x_R09_EXIT_F | x_R10_EXIT_C | x_R11_EXIT_H | x_R12_EXIT_H | x_R13_EXIT_B | x_R14_EXIT_B | x_R15_EXIT_H | x_R16_EXIT_E | x_R20_EXIT_D | x_R24_EXIT_F | x_R25_EXIT_F | x_R28_EXIT_C | x_R29_EXIT_F | x_R30_EXIT_STAIRWELL | x_R31_EXIT_C | x_R32_EXIT_STAIRWELL | x_R33_EXIT_B | x_R34_EXIT_E | x_R35_EXIT_STAIRWELL | x_R36_EXIT_G
808,0.8951554133016089,1,True,0,28,x_R01_EXIT_H | x_R02_EXIT_STAIRWELL | x_R03_EXIT_H | x_R04_EXIT_H | x_R05_EXIT_F | x_R06_EXIT_D | x_R07_EXIT_H | x_R08_EXIT_F | x_R09_EXIT_H | x_R10_EXIT_C | x_R11_EXIT_A | x_R12_EXIT_G | x_R13_EXIT_H | x_R14_EXIT_C | x_R15_EXIT_H | x_R16_EXIT_H | x_R20_EXIT_B | x_R24_EXIT_G | x_R25_EXIT_E | x_R28_EXIT_A | x_R29_EXIT_B | x_R30_EXIT_F | x_R31_EXIT_B | x_R32_EXIT_H | x_R33_EXIT_STAIRWELL | x_R34_EXIT_G | x_R35_EXIT_B | x_R36_EXIT_B
809,0.8953438416967856,1,True,0,28,x_R01_EXIT_B | x_R02_EXIT_STAIRWELL | x_R03_EXIT_E | x_R04_EXIT_A | x_R05_EXIT_E | x_R06_EXIT_F | x_R07_EXIT_G | x_R08_EXIT_C | x_R09_EXIT_STAIRWELL | x_R10_EXIT_E | x_R11_EXIT_F | x_R12_EXIT_B | x_R13_EXIT_D | x_R14_EXIT_E | x_R15_EXIT_H | x_R16_EXIT_B | x_R20_EXIT_A | x_R24_EXIT_STAIRWELL | x_R25_EXIT_E | x_R28_EXIT_E | x_R29_EXIT_A | x_R30_EXIT_G | x_R31_EXIT_D | x_R32_EXIT_E | x_R33_EXIT_G | x_R34_EXIT_E | x_R35_EXIT_D | x_R36_EXIT_H
810,0.8970432830062691,1,True,0,28,x_R01_EXIT_D | x_R02_EXIT_E | x_R03_EXIT_STAIRWELL | x_R04_EXIT_STAIRWELL | x_R05_EXIT_E | x_R06_EXIT_E | x_R07_EXIT_STAIRWELL | x_R08_EXIT_A | x_R09_EXIT_H | x_R10_EXIT_H | x_R11_EXIT_E | x_R12_EXIT_B | x_R13_EXIT_D | x_R14_EXIT_C | x_R15_EXIT_H | x_R16_EXIT_E | x_R20_EXIT_G | x_R24_EXIT_D | x_R25_EXIT_D | x_R28_EXIT_STAIRWELL | x_R29_EXIT_A | x_R30_EXIT_E | x_R31_EXIT_E | x_R32_EXIT_B | x_R33_EXIT_D | x_R34_EXIT_STAIRWELL | x_R35_EXIT_STAIRWELL | x_R36_EXIT_G
811,0.8973535412628735,1,True,0,28,x_R01_EXIT_H | x_R02_EXIT_E | x_R03_EXIT_D | x_R04_EXIT_STAIRWELL | x_R05_EXIT_A | x_R06_EXIT_D | x_R07_EXIT_STAIRWELL | x_R08_EXIT_H | x_R09_EXIT_G | x_R10_EXIT_STAIRWELL | x_R11_EXIT_STAIRWELL | x_R12_EXIT_A | x_R13_EXIT_B | x_R14_EXIT_G | x_R15_EXIT_E | x_R16_EXIT_C | x_R20_EXIT_B | x_R24_EXIT_F | x_R25_EXIT_F | x_R28_EXIT_F | x_R29_EXIT_D | x_R30_EXIT_E | x_R31_EXIT_B | x_R32_EXIT_C | x_R33_EXIT_F | x_R34_EXIT_H | x_R35_EXIT_G | x_R36_EXIT_A
812,0.8974342877526738,1,True,0,28,x_R01_EXIT_F | x_R02_EXIT_D | x_R03_EXIT_STAIRWELL | x_R04_EXIT_C | x_R05_EXIT_H | x_R06_EXIT_B | x_R07_EXIT_C | x_R08_EXIT_B | x_R09_EXIT_E | x_R10_EXIT_H | x_R11_EXIT_F | x_R12_EXIT_STAIRWELL | x_R13_EXIT_G | x_R14_EXIT_B | x_R15_EXIT_G | x_R16_EXIT_H | x_R20_EXIT_C | x_R24_EXIT_B | x_R25_EXIT_A | x_R28_EXIT_G | x_R29_EXIT_C | x_R30_EXIT_E | x_R31_EXIT_E | x_R32_EXIT_B | x_R33_EXIT_A | x_R34_EXIT_F | x_R35_EXIT_F | x_R36_EXIT_STAIRWELL
813,0.8976602046744233,1,True,0,28,x_R01_EXIT_H | x_R02_EXIT_C | x_R03_EXIT_STAIRWELL | x_R04_EXIT_F | x_R05_EXIT_C | x_R06_EXIT_STAIRWELL | x_R07_EXIT_G | x_R08_EXIT_A | x_R09_EXIT_B | x_R10_EXIT_H | x_R11_EXIT_C | x_R12_EXIT_B | x_R13_EXIT_B | x_R14_EXIT_D | x_R15_EXIT_STAIRWELL | x_R16_EXIT_A | x_R20_EXIT_G | x_R24_EXIT_H | x_R25_EXIT_E | x_R28_EXIT_A | x_R29_EXIT_H | x_R30_EXIT_H | x_R31_EXIT_B | x_R32_EXIT_D | x_R33_EXIT_G | x_R34_EXIT_C | x_R35_EXIT_F | x_R36_EXIT_C
814,0.8981502113348938,1,True,0,28,x_R01_EXIT_STAIRWELL | x_R02_EXIT_E | x_R03_EXIT_A | x_R04_EXIT_H | x_R05_EXIT_A | x_R06_EXIT_C | x_R07_EXIT_H | x_R08_EXIT_A | x_R09_EXIT_C | x_R10_EXIT_F | x_R11_EXIT_G | x_R12_EXIT_A | x_R13_EXIT_C | x_R14_EXIT_F | x_R15_EXIT_G | x_R16_EXIT_STAIRWELL | x_R20_EXIT_H | x_R24_EXIT_C | x_R25_EXIT_G | x_R28_EXIT_G | x_R29_EXIT_D | x_R30_EXIT_G | x_R31_EXIT_A | x_R32_EXIT_H | x_R33_EXIT_F | x_R34_EXIT_B | x_R35_EXIT_B | x_R36_EXIT_B
815,0.8983956684976988,1,True,0,28,x_R01_EXIT_G | x_R02_EXIT_F | x_R03_EXIT_B | x_R04_EXIT_E | x_R05_EXIT_B | x_R06_EXIT_H | x_R07_EXIT_F | x_R08_EXIT_E | x_R09_EXIT_C | x_R10_EXIT_B | x_R11_EXIT_C | x_R12_EXIT_B | x_R13_EXIT_B | x_R14_EXIT_A | x_R15_EXIT_D | x_R16_EXIT_H | x_R20_EXIT_H | x_R24_EXIT_F | x_R25_EXIT_F | x_R28_EXIT_A | x_R29_EXIT_A | x_R30_EXIT_F | x_R31_EXIT_B | x_R32_EXIT_G | x_R33_EXIT_D | x_R34_EXIT_H | x_R35_EXIT_STAIRWELL | x_R36_EXIT_A
816,0.8985138651735269,1,True,0,28,x_R01_EXIT_STAIRWELL | x_R02_EXIT_D | x_R03_EXIT_B | x_R04_EXIT_F | x_R05_EXIT_STAIRWELL | x_R06_EXIT_E | x_R07_EXIT_G | x_R08_EXIT_D | x_R09_EXIT_STAIRWELL | x_R10_EXIT_E | x_R11_EXIT_C | x_R12_EXIT_STAIRWELL | x_R13_EXIT_F | x_R14_EXIT_D | x_R15_EXIT_F | x_R16_EXIT_G | x_R20_EXIT_STAIRWELL | x_R24_EXIT_F | x_R25_EXIT_F | x_R28_EXIT_C | x_R29_EXIT_G | x_R30_EXIT_E | x_R31_EXIT_F | x_R32_EXIT_H | x_R33_EXIT_D | x_R34_EXIT_G | x_R35_EXIT_D | x_R36_EXIT_G
817,0.898976101310609,1,True,0,28,x_R01_EXIT_C | x_R02_EXIT_D | x_R03_EXIT_E | x_R04_EXIT_C | x_R05_EXIT_A | x_R06_EXIT_B | x_R07_EXIT_B | x_R08_EXIT_STAIRWELL | x_R09_EXIT_G | x_R10_EXIT_C | x_R11_EXIT_G | x_R12_EXIT_A | x_R13_EXIT_G | x_R14_EXIT_E | x_R15_EXIT_G | x_R16_EXIT_C | x_R20_EXIT_F | x_R24_EXIT_G | x_R25_EXIT_C | x_R28_EXIT_E | x_R29_EXIT_D | x_R30_EXIT_E | x_R31_EXIT_G | x_R32_EXIT_E | x_R33_EXIT_G | x_R34_EXIT_B | x_R35_EXIT_D | x_R36_EXIT_STAIRWELL
818,0.8989963274116235,1,True,0,28,x_R01_EXIT_B | x_R02_EXIT_D | x_R03_EXIT_E | x_R04_EXIT_F | x_R05_EXIT_H | x_R06_EXIT_F | x_R07_EXIT_E | x_R08_EXIT_STAIRWELL | x_R09_EXIT_G | x_R10_EXIT_D | x_R11_EXIT_C | x_R12_EXIT_F | x_R13_EXIT_B | x_R14_EXIT_B | x_R15_EXIT_F | x_R16_EXIT_F | x_R20_EXIT_E | x_R24_EXIT_H | x_R25_EXIT_H | x_R28_EXIT_G | x_R29_EXIT_H | x_R30_EXIT_A | x_R31_EXIT_B | x_R32_EXIT_G | x_R33_EXIT_C | x_R34_EXIT_G | x_R35_EXIT_B | x_R36_EXIT_C
819,0.8990818748865763,1,True,0,28,x_R01_EXIT_STAIRWELL | x_R02_EXIT_A | x_R03_EXIT_H | x_R04_EXIT_H | x_R05_EXIT_B | x_R06_EXIT_H | x_R07_EXIT_G | x_R08_EXIT_C | x_R09_EXIT_A | x_R10_EXIT_G | x_R11_EXIT_F | x_R12_EXIT_C | x_R13_EXIT_B | x_R14_EXIT_F | x_R15_EXIT_H | x_R16_EXIT_STAIRWELL | x_R20_EXIT_H | x_R24_EXIT_STAIRWELL | x_R25_EXIT_E | x_R28_EXIT_F | x_R29_EXIT_STAIRWELL | x_R30_EXIT_C | x_R31_EXIT_E | x_R32_EXIT_D | x_R33_EXIT_G | x_R34_EXIT_D | x_R35_EXIT_G | x_R36_EXIT_C
820,0.899152492993494,1,True,0,28,x_R01_EXIT_E | x_R02_EXIT_F | x_R03_EXIT_F | x_R04_EXIT_F | x_R05_EXIT_G | x_R06_EXIT_B | x_R07_EXIT_H | x_R08_EXIT_C | x_R09_EXIT_H | x_R10_EXIT_H | x_R11_EXIT_C | x_R12_EXIT_A | x_R13_EXIT_F | x_R14_EXIT_G | x_R15_EXIT_D | x_R16_EXIT_G | x_R20_EXIT_F | x_R24_EXIT_H | x_R25_EXIT_A | x_R28_EXIT_F | x_R29_EXIT_B | x_R30_EXIT_A | x_R31_EXIT_B | x_R32_EXIT_D | x_R33_EXIT_STAIRWELL | x_R34_EXIT_STAIRWELL | x_R35_EXIT_F | x_R36_EXIT_F
821,0.8991854697767394,1,True,0,28,x_R01_EXIT_B | x_R02_EXIT_C | x_R03_EXIT_H | x_R04_EXIT_B | x_R05_EXIT_G | x_R06_EXIT_B | x_R07_EXIT_G | x_R08_EXIT_F | x_R09_EXIT_STAIRWELL | x_R10_EXIT_STAIRWELL | x_R11_EXIT_STAIRWELL | x_R12_EXIT_C | x_R13_EXIT_C | x_R14_EXIT_F | x_R15_EXIT_D | x_R16_EXIT_D | x_R20_EXIT_H | x_R24_EXIT_A | x_R25_EXIT_G | x_R28_EXIT_B | x_R29_EXIT_H | x_R30_EXIT_D | x_R31_EXIT_D | x_R32_EXIT_A | x_R33_EXIT_E | x_R34_EXIT_H | x_R35_EXIT_E | x_R36_EXIT_F
822,0.8994797816546338,1,True,0,28,x_R01_EXIT_STAIRWELL | x_R02_EXIT_H | x_R03_EXIT_B | x_R04_EXIT_F | x_R05_EXIT_C | x_R06_EXIT_E | x_R07_EXIT_D | x_R08_EXIT_F | x_R09_EXIT_B | x_R10_EXIT_G | x_R11_EXIT_G | x_R12_EXIT_G | x_R13_EXIT_STAIRWELL | x_R14_EXIT_C | x_R15_EXIT_E | x_R16_EXIT_C | x_R20_EXIT_STAIRWELL | x_R24_EXIT_STAIRWELL | x_R25_EXIT_C | x_R28_EXIT_B | x_R29_EXIT_A | x_R30_EXIT_STAIRWELL | x_R31_EXIT_STAIRWELL | x_R32_EXIT_C | x_R33_EXIT_G | x_R34_EXIT_A | x_R35_EXIT_D | x_R36_EXIT_G
823,0.8995336192775767,1,True,0,28,x_R01_EXIT_E | x_R02_EXIT_E | x_R03_EXIT_A | x_R04_EXIT_F | x_R05_EXIT_E | x_R06_EXIT_G | x_R07_EXIT_F | x_R08_EXIT_C | x_R09_EXIT_F | x_R10_EXIT_B | x_R11_EXIT_A | x_R12_EXIT_F | x_R13_EXIT_A | x_R14_EXIT_A | x_R15_EXIT_D | x_R16_EXIT_G | x_R20_EXIT_H | x_R24_EXIT_STAIRWELL | x_R25_EXIT_E | x_R28_EXIT_B | x_R29_EXIT_A | x_R30_EXIT_H | x_R31_EXIT_STAIRWELL | x_R32_EXIT_C | x_R33_EXIT_C | x_R34_EXIT_B | x_R35_EXIT_A | x_R36_EXIT_F
824,0.8998764618310133,1,True,0,28,x_R01_EXIT_E | x_R02_EXIT_B | x_R03_EXIT_STAIRWELL | x_R04_EXIT_B | x_R05_EXIT_STAIRWELL | x_R06_EXIT_STAIRWELL | x_R07_EXIT_STAIRWELL | x_R08_EXIT_G | x_R09_EXIT_G | x_R10_EXIT_D | x_R11_EXIT_F | x_R12_EXIT_C | x_R13_EXIT_A | x_R14_EXIT_C | x_R15_EXIT_E | x_R16_EXIT_G | x_R20_EXIT_H | x_R24_EXIT_D | x_R25_EXIT_F | x_R28_EXIT_H | x_R29_EXIT_E | x_R30_EXIT_C | x_R31_EXIT_STAIRWELL | x_R32_EXIT_H | x_R33_EXIT_G | x_R34_EXIT_C | x_R35_EXIT_H | x_R36_EXIT_D
825,0.9000759697203762,1,True,0,28,x_R01_EXIT_D | x_R02_EXIT_E | x_R03_EXIT_D | x_R04_EXIT_STAIRWELL | x_R05_EXIT_G | x_R06_EXIT_A | x_R07_EXIT_A | x_R08_EXIT_C | x_R09_EXIT_D | x_R10_EXIT_C | x_R11_EXIT_E | x_R12_EXIT_G | x_R13_EXIT_B | x_R14_EXIT_STAIRWELL | x_R15_EXIT_STAIRWELL | x_R16_EXIT_A | x_R20_EXIT_C | x_R24_EXIT_STAIRWELL | x_R25_EXIT_D | x_R28_EXIT_STAIRWELL | x_R29_EXIT_F | x_R30_EXIT_H | x_R31_EXIT_E | x_R32_EXIT_G | x_R33_EXIT_STAIRWELL | x_R34_EXIT_D | x_R35_EXIT_E | x_R36_EXIT_A
826,0.9004831442148316,1,True,0,28,x_R01_EXIT_A | x_R02_EXIT_STAIRWELL | x_R03_EXIT_F | x_R04_EXIT_H | x_R05_EXIT_B | x_R06_EXIT_A | x_R07_EXIT_STAIRWELL | x_R08_EXIT_E | x_R09_EXIT_STAIRWELL | x_R10_EXIT_A | x_R11_EXIT_E | x_R12_EXIT_D | x_R13_EXIT_A | x_R14_EXIT_H | x_R15_EXIT_D | x_R16_EXIT_STAIRWELL | x_R20_EXIT_B | x_R24_EXIT_G | x_R25_EXIT_A | x_R28_EXIT_D | x_R29_EXIT_C | x_R30_EXIT_F | x_R31_EXIT_H | x_R32_EXIT_B | x_R33_EXIT_D | x_R34_EXIT_D | x_R35_EXIT_E | x_R36_EXIT_C
827,0.9006963206739442,1,True,0,28,x_R01_EXIT_E | x_R02_EXIT_B | x_R03_EXIT_STAIRWELL | x_R04_EXIT_F | x_R05_EXIT_F | x_R06_EXIT_G | x_R07_EXIT_B | x_R08_EXIT_F | x_R09_EXIT_E | x_R10_EXIT_E | x_R11_EXIT_C | x_R12_EXIT_STAIRWELL | x_R13_EXIT_G | x_R14_EXIT_C | x_R15_EXIT_STAIRWELL | x_R16_EXIT_D | x_R20_EXIT_A | x_R24_EXIT_C | x_R25_EXIT_E | x_R28_EXIT_STAIRWELL | x_R29_EXIT_STAIRWELL | x_R30_EXIT_E | x_R31_EXIT_B | x_R32_EXIT_C | x_R33_EXIT_E | x_R34_EXIT_D | x_R35_EXIT_H | x_R36_EXIT_C
828,0.9008627280981614,1,True,0,28,x_R01_EXIT_F | x_R02_EXIT_STAIRWELL | x_R03_EXIT_E | x_R04_EXIT_STAIRWELL | x_R05_EXIT_B | x_R06_EXIT_C | x_R07_EXIT_B | x_R08_EXIT_G | x_R09_EXIT_C | x_R10_EXIT_A | x_R11_EXIT_B | x_R12_EXIT_B | x_R13_EXIT_STAIRWELL | x_R14_EXIT_G | x_R15_EXIT_STAIRWELL | x_R16_EXIT_D | x_R20_EXIT_H | x_R24_EXIT_STAIRWELL | x_R25_EXIT_E | x_R28_EXIT_A | x_R29_EXIT_C | x_R30_EXIT_C | x_R31_EXIT_H | x_R32_EXIT_G | x_R33_EXIT_STAIRWELL | x_R34_EXIT_B | x_R35_EXIT_D | x_R36_EXIT_G
829,0.9008980517032228,1,True,0,28,x_R01_EXIT_E | x_R02_EXIT_D | x_R03_EXIT_G | x_R04_EXIT_C | x_R05_EXIT_D | x_R06_EXIT_STAIRWELL | x_R07_EXIT_H | x_R08_EXIT_B | x_R09_EXIT_B | x_R10_EXIT_G | x_R11_EXIT_STAIRWELL | x_R12_EXIT_H | x_R13_EXIT_F | x_R14_EXIT_B | x_R15_EXIT_H | x_R16_EXIT_E | x_R20_EXIT_C | x_R24_EXIT_E | x_R25_EXIT_D | x_R28_EXIT_D | x_R29_EXIT_B | x_R30_EXIT_H | x_R31_EXIT_B | x_R32_EXIT_C | x_R33_EXIT_H | x_R34_EXIT_B | x_R35_EXIT_A | x_R36_EXIT_STAIRWELL
830,0.9015696272015248,1,True,0,28,x_R01_EXIT_H | x_R02_EXIT_H | x_R03_EXIT_STAIRWELL | x_R04_EXIT_G | x_R05_EXIT_B | x_R06_EXIT_H | x_R07_EXIT_F | x_R08_EXIT_E | x_R09_EXIT_F | x_R10_EXIT_STAIRWELL | x_R11_EXIT_C | x_R12_EXIT_G | x_R13_EXIT_C | x_R14_EXIT_B | x_R15_EXIT_A | x_R16_EXIT_H | x_R20_EXIT_STAIRWELL | x_R24_EXIT_B | x_R25_EXIT_H | x_R28_EXIT_G | x_R29_EXIT_E | x_R30_EXIT_H | x_R31_EXIT_A | x_R32_EXIT_D | x_R33_EXIT_H | x_R34_EXIT_D | x_R35_EXIT_A | x_R36_EXIT_C
831,0.9017024880005806,1,True,0,28,x_R01_EXIT_STAIRWELL | x_R02_EXIT_G | x_R03_EXIT_H | x_R04_EXIT_A | x_R05_EXIT_H | x_R06_EXIT_C | x_R07_EXIT_E | x_R08_EXIT_F | x_R09_EXIT_C | x_R10_EXIT_D | x_R11_EXIT_E | x_R12_EXIT_E | x_R13_EXIT_H | x_R14_EXIT_STAIRWELL | x_R15_EXIT_B | x_R16_EXIT_E | x_R20_EXIT_C | x_R24_EXIT_G | x_R25_EXIT_E | x_R28_EXIT_C | x_R29_EXIT_STAIRWELL | x_R30_EXIT_A | x_R31_EXIT_STAIRWELL | x_R32_EXIT_F | x_R33_EXIT_STAIRWELL | x_R34_EXIT_A | x_R35_EXIT_STAIRWELL | x_R36_EXIT_B
832,0.9022253298800251,1,True,0,28,x_R01_EXIT_STAIRWELL | x_R02_EXIT_H | x_R03_EXIT_F | x_R04_EXIT_F | x_R05_EXIT_G | x_R06_EXIT_H | x_R07_EXIT_D | x_R08_EXIT_G | x_R09_EXIT_STAIRWELL | x_R10_EXIT_H | x_R11_EXIT_H | x_R12_EXIT_H | x_R13_EXIT_D | x_R14_EXIT_A | x_R15_EXIT_C | x_R16_EXIT_D | x_R20_EXIT_A | x_R24_EXIT_F | x_R25_EXIT_G | x_R28_EXIT_STAIRWELL | x_R29_EXIT_G | x_R30_EXIT_B | x_R31_EXIT_F | x_R32_EXIT_H | x_R33_EXIT_A | x_R34_EXIT_A | x_R35_EXIT_F | x_R36_EXIT_H
833,0.9022328257254344,1,True,0,28,x_R01_EXIT_H | x_R02_EXIT_C | x_R03_EXIT_H | x_R04_EXIT_H | x_R05_EXIT_A | x_R06_EXIT_C | x_R07_EXIT_G | x_R08_EXIT_STAIRWELL | x_R09_EXIT_A | x_R10_EXIT_F | x_R11_EXIT_G | x_R12_EXIT_E | x_R13_EXIT_E | x_R14_EXIT_H | x_R15_EXIT_G | x_R16_EXIT_G | x_R20_EXIT_H | x_R24_EXIT_D | x_R25_EXIT_H | x_R28_EXIT_D | x_R29_EXIT_C | x_R30_EXIT_STAIRWELL | x_R31_EXIT_D | x_R32_EXIT_G | x_R33_EXIT_D | x_R34_EXIT_C | x_R35_EXIT_STAIRWELL | x_R36_EXIT_H
834,0.9030274944661869,1,True,0,28,x_R01_EXIT_D | x_R02_EXIT_D | x_R03_EXIT_E | x_R04_EXIT_E | x_R05_EXIT_G | x_R06_EXIT_C | x_R07_EXIT_B | x_R08_EXIT_STAIRWELL | x_R09_EXIT_F | x_R10_EXIT_B | x_R11_EXIT_F | x_R12_EXIT_E | x_R13_EXIT_A | x_R14_EXIT_B | x_R15_EXIT_E | x_R16_EXIT_D | x_R20_EXIT_E | x_R24_EXIT_H | x_R25_EXIT_E | x_R28_EXIT_F | x_R29_EXIT_E | x_R30_EXIT_G | x_R31_EXIT_A | x_R32_EXIT_D | x_R33_EXIT_D | x_R34_EXIT_E | x_R35_EXIT_A | x_R36_EXIT_E
835,0.9037956468122275,1,True,0,28,x_R01_EXIT_B | x_R02_EXIT_C | x_R03_EXIT_C | x_R04_EXIT_H | x_R05_EXIT_E | x_R06_EXIT_D | x_R07_EXIT_C | x_R08_EXIT_C | x_R09_EXIT_G | x_R10_EXIT_B | x_R11_EXIT_C | x_R12_EXIT_C | x_R13_EXIT_A | x_R14_EXIT_STAIRWELL | x_R15_EXIT_G | x_R16_EXIT_B | x_R20_EXIT_E | x_R24_EXIT_H | x_R25_EXIT_STAIRWELL | x_R28_EXIT_A | x_R29_EXIT_C | x_R30_EXIT_A | x_R31_EXIT_D | x_R32_EXIT_C | x_R33_EXIT_G | x_R34_EXIT_A | x_R35_EXIT_F | x_R36_EXIT_E
836,0.9038800494923862,1,True,0,28,x_R01_EXIT_E | x_R02_EXIT_A | x_R03_EXIT_D | x_R04_EXIT_A | x_R05_EXIT_STAIRWELL | x_R06_EXIT_STAIRWELL | x_R07_EXIT_D | x_R08_EXIT_G | x_R09_EXIT_F | x_R10_EXIT_G | x_R11_EXIT_C | x_R12_EXIT_G | x_R13_EXIT_STAIRWELL | x_R14_EXIT_C | x_R15_EXIT_D | x_R16_EXIT_G | x_R20_EXIT_F | x_R24_EXIT_B | x_R25_EXIT_B | x_R28_EXIT_A | x_R29_EXIT_E | x_R30_EXIT_C | x_R31_EXIT_STAIRWELL | x_R32_EXIT_C | x_R33_EXIT_D | x_R34_EXIT_B | x_R35_EXIT_C | x_R36_EXIT_A
837,0.9040437058263819,1,True,0,28,x_R01_EXIT_B | x_R02_EXIT_F | x_R03_EXIT_A | x_R04_EXIT_C | x_R05_EXIT_F | x_R06_EXIT_E | x_R07_EXIT_D | x_R08_EXIT_E | x_R09_EXIT_C | x_R10_EXIT_F | x_R11_EXIT_D | x_R12_EXIT_D | x_R13_EXIT_E | x_R14_EXIT_G | x_R15_EXIT_A | x_R16_EXIT_F | x_R20_EXIT_F | x_R24_EXIT_STAIRWELL | x_R25_EXIT_G | x_R28_EXIT_B | x_R29_EXIT_A | x_R30_EXIT_A | x_R31_EXIT_H | x_R32_EXIT_F | x_R33_EXIT_B | x_R34_EXIT_G | x_R35_EXIT_STAIRWELL | x_R36_EXIT_B
838,0.9041967901683847,1,True,0,28,x_R01_EXIT_C | x_R02_EXIT_F | x_R03_EXIT_D | x_R04_EXIT_C | x_R05_EXIT_B | x_R06_EXIT_STAIRWELL | x_R07_EXIT_C | x_R08_EXIT_G | x_R09_EXIT_G | x_R10_EXIT_G | x_R11_EXIT_H | x_R12_EXIT_B | x_R13_EXIT_C | x_R14_EXIT_H | x_R15_EXIT_STAIRWELL | x_R16_EXIT_A | x_R20_EXIT_C | x_R24_EXIT_B | x_R25_EXIT_H | x_R28_EXIT_C | x_R29_EXIT_C | x_R30_EXIT_B | x_R31_EXIT_E | x_R32_EXIT_E | x_R33_EXIT_G | x_R34_EXIT_STAIRWELL | x_R35_EXIT_E | x_R36_EXIT_H
839,0.9042043090355492,1,True,0,28,x_R01_EXIT_STAIRWELL | x_R02_EXIT_G | x_R03_EXIT_A | x_R04_EXIT_E | x_R05_EXIT_D | x_R06_EXIT_D | x_R07_EXIT_G | x_R08_EXIT_E | x_R09_EXIT_G | x_R10_EXIT_D | x_R11_EXIT_C | x_R12_EXIT_F | x_R13_EXIT_C | x_R14_EXIT_E | x_R15_EXIT_F | x_R16_EXIT_H | x_R20_EXIT_F | x_R24_EXIT_A | x_R25_EXIT_H | x_R28_EXIT_C | x_R29_EXIT_G | x_R30_EXIT_G | x_R31_EXIT_D | x_R32_EXIT_C | x_R33_EXIT_H | x_R34_EXIT_D | x_R35_EXIT_H | x_R36_EXIT_H
840,0.9043296918644046,1,True,0,28,x_R01_EXIT_H | x_R02_EXIT_H | x_R03_EXIT_STAIRWELL | x_R04_EXIT_C | x_R05_EXIT_D | x_R06_EXIT_F | x_R07_EXIT_C | x_R08_EXIT_F | x_R09_EXIT_G | x_R10_EXIT_A | x_R11_EXIT_F | x_R12_EXIT_E | x_R13_EXIT_G | x_R14_EXIT_C | x_R15_EXIT_H | x_R16_EXIT_E | x_R20_EXIT_C | x_R24_EXIT_A | x_R25_EXIT_E | x_R28_EXIT_STAIRWELL | x_R29_EXIT_F | x_R30_EXIT_F | x_R31_EXIT_STAIRWELL | x_R32_EXIT_E | x_R33_EXIT_B | x_R34_EXIT_G | x_R35_EXIT_C | x_R36_EXIT_E
841,0.9046618985287864,1,True,0,28,x_R01_EXIT_G | x_R02_EXIT_D | x_R03_EXIT_C | x_R04_EXIT_D | x_R05_EXIT_G | x_R06_EXIT_C | x_R07_EXIT_B | x_R08_EXIT_STAIRWELL | x_R09_EXIT_D | x_R10_EXIT_A | x_R11_EXIT_A | x_R12_EXIT_E | x_R13_EXIT_STAIRWELL | x_R14_EXIT_C | x_R15_EXIT_D | x_R16_EXIT_G | x_R20_EXIT_STAIRWELL | x_R24_EXIT_H | x_R25_EXIT_STAIRWELL | x_R28_EXIT_D | x_R29_EXIT_B | x_R30_EXIT_C | x_R31_EXIT_G | x_R32_EXIT_H | x_R33_EXIT_D | x_R34_EXIT_G | x_R35_EXIT_STAIRWELL | x_R36_EXIT_F
842,0.9047900794628276,1,True,0,28,x_R01_EXIT_H | x_R02_EXIT_F | x_R03_EXIT_G | x_R04_EXIT_D | x_R05_EXIT_F | x_R06_EXIT_E | x_R07_EXIT_G | x_R08_EXIT_C | x_R09_EXIT_F | x_R10_EXIT_F | x_R11_EXIT_A | x_R12_EXIT_B | x_R13_EXIT_A | x_R14_EXIT_E | x_R15_EXIT_C | x_R16_EXIT_B | x_R20_EXIT_D | x_R24_EXIT_H | x_R25_EXIT_D | x_R28_EXIT_STAIRWELL | x_R29_EXIT_H | x_R30_EXIT_H | x_R31_EXIT_B | x_R32_EXIT_F | x_R33_EXIT_A | x_R34_EXIT_F | x_R35_EXIT_D | x_R36_EXIT_C
843,0.9054838900605091,1,True,0,28,x_R01_EXIT_G | x_R02_EXIT_D | x_R03_EXIT_H | x_R04_EXIT_E | x_R05_EXIT_C | x_R06_EXIT_F | x_R07_EXIT_A | x_R08_EXIT_C | x_R09_EXIT_STAIRWELL | x_R10_EXIT_G | x_R11_EXIT_F | x_R12_EXIT_STAIRWELL | x_R13_EXIT_A | x_R14_EXIT_F | x_R15_EXIT_C | x_R16_EXIT_H | x_R20_EXIT_B | x_R24_EXIT_E | x_R25_EXIT_A | x_R28_EXIT_STAIRWELL | x_R29_EXIT_E | x_R30_EXIT_H | x_R31_EXIT_B | x_R32_EXIT_A | x_R33_EXIT_E | x_R34_EXIT_D | x_R35_EXIT_F | x_R36_EXIT_B
844,0.9060520413532345,1,True,0,28,x_R01_EXIT_STAIRWELL | x_R02_EXIT_A | x_R03_EXIT_A | x_R04_EXIT_A | x_R05_EXIT_G | x_R06_EXIT_H | x_R07_EXIT_F | x_R08_EXIT_G | x_R09_EXIT_C | x_R10_EXIT_E | x_R11_EXIT_G | x_R12_EXIT_F | x_R13_EXIT_B | x_R14_EXIT_A | x_R15_EXIT_E | x_R16_EXIT_B | x_R20_EXIT_STAIRWELL | x_R24_EXIT_D | x_R25_EXIT_H | x_R28_EXIT_D | x_R29_EXIT_A | x_R30_EXIT_F | x_R31_EXIT_C | x_R32_EXIT_C | x_R33_EXIT_E | x_R34_EXIT_A | x_R35_EXIT_C | x_R36_EXIT_D
845,0.9061673709190359,1,True,0,28,x_R01_EXIT_C | x_R02_EXIT_D | x_R03_EXIT_STAIRWELL | x_R04_EXIT_D | x_R05_EXIT_F | x_R06_EXIT_H | x_R07_EXIT_H | x_R08_EXIT_F | x_R09_EXIT_A | x_R10_EXIT_B | x_R11_EXIT_C | x_R12_EXIT_D | x_R13_EXIT_E | x_R14_EXIT_F | x_R15_EXIT_E | x_R16_EXIT_G | x_R20_EXIT_F | x_R24_EXIT_A | x_R25_EXIT_E | x_R28_EXIT_F | x_R29_EXIT_B | x_R30_EXIT_B | x_R31_EXIT_A | x_R32_EXIT_C | x_R33_EXIT_D | x_R34_EXIT_STAIRWELL | x_R35_EXIT_A | x_R36_EXIT_B
846,0.9066496420268777,1,True,0,28,x_R01_EXIT_A | x_R02_EXIT_E | x_R03_EXIT_D | x_R04_EXIT_C | x_R05_EXIT_C | x_R06_EXIT_E | x_R07_EXIT_E | x_R08_EXIT_E | x_R09_EXIT_F | x_R10_EXIT_H | x_R11_EXIT_B | x_R12_EXIT_E | x_R13_EXIT_H | x_R14_EXIT_E | x_R15_EXIT_B | x_R16_EXIT_H | x_R20_EXIT_E | x_R24_EXIT_D | x_R25_EXIT_A | x_R28_EXIT_H | x_R29_EXIT_D | x_R30_EXIT_A | x_R31_EXIT_D | x_R32_EXIT_D | x_R33_EXIT_D | x_R34_EXIT_G | x_R35_EXIT_STAIRWELL | x_R36_EXIT_STAIRWELL
847,0.9066522719982117,1,True,0,28,x_R01_EXIT_F | x_R02_EXIT_G | x_R03_EXIT_G | x_R04_EXIT_F | x_R05_EXIT_G | x_R06_EXIT_C | x_R07_EXIT_G | x_R08_EXIT_G | x_R09_EXIT_D | x_R10_EXIT_G | x_R11_EXIT_C | x_R12_EXIT_D | x_R13_EXIT_E | x_R14_EXIT_H | x_R15_EXIT_B | x_R16_EXIT_F | x_R20_EXIT_C | x_R24_EXIT_STAIRWELL | x_R25_EXIT_E | x_R28_EXIT_F | x_R29_EXIT_G | x_R30_EXIT_STAIRWELL | x_R31_EXIT_A | x_R32_EXIT_G | x_R33_EXIT_H | x_R34_EXIT_STAIRWELL | x_R35_EXIT_E | x_R36_EXIT_STAIRWELL
848,0.9067955734346924,1,True,0,28,x_R01_EXIT_B | x_R02_EXIT_C | x_R03_EXIT_E | x_R04_EXIT_A | x_R05_EXIT_E | x_R06_EXIT_E | x_R07_EXIT_D | x_R08_EXIT_E | x_R09_EXIT_F | x_R10_EXIT_G | x_R11_EXIT_B | x_R12_EXIT_G | x_R13_EXIT_D | x_R14_EXIT_D | x_R15_EXIT_H | x_R16_EXIT_G | x_R20_EXIT_C | x_R24_EXIT_G | x_R25_EXIT_STAIRWELL | x_R28_EXIT_E | x_R29_EXIT_STAIRWELL | x_R30_EXIT_D | x_R31_EXIT_F | x_R32_EXIT_H | x_R33_EXIT_C | x_R34_EXIT_D | x_R35_EXIT_A | x_R36_EXIT_STAIRWELL
849,0.9080870102693552,1,True,0,28,x_R01_EXIT_B | x_R02_EXIT_C | x_R03_EXIT_D | x_R04_EXIT_A | x_R05_EXIT_B | x_R06_EXIT_C | x_R07_EXIT_H | x_R08_EXIT_G | x_R09_EXIT_F | x_R10_EXIT_C | x_R11_EXIT_E | x_R12_EXIT_C | x_R13_EXIT_E | x_R14_EXIT_D | x_R15_EXIT_C | x_R16_EXIT_E | x_R20_EXIT_F | x_R24_EXIT_D | x_R25_EXIT_STAIRWELL | x_R28_EXIT_B | x_R29_EXIT_C | x_R30_EXIT_A | x_R31_EXIT_H | x_R32_EXIT_A | x_R33_EXIT_F | x_R34_EXIT_G | x_R35_EXIT_G | x_R36_EXIT_C
850,0.9081286430437103,1,True,0,28,x_R01_EXIT_F | x_R02_EXIT_F | x_R03_EXIT_C | x_R04_EXIT_H | x_R05_EXIT_F | x_R06_EXIT_B | x_R07_EXIT_G | x_R08_EXIT_B | x_R09_EXIT_G | x_R10_EXIT_STAIRWELL | x_R11_EXIT_D | x_R12_EXIT_STAIRWELL | x_R13_EXIT_A | x_R14_EXIT_H | x_R15_EXIT_STAIRWELL | x_R16_EXIT_G | x_R20_EXIT_F | x_R24_EXIT_A | x_R25_EXIT_C | x_R28_EXIT_B | x_R29_EXIT_STAIRWELL | x_R30_EXIT_H | x_R31_EXIT_C | x_R32_EXIT_H | x_R33_EXIT_H | x_R34_EXIT_B | x_R35_EXIT_C | x_R36_EXIT_G
851,0.9084568863700611,1,True,0,28,x_R01_EXIT_E | x_R02_EXIT_C | x_R03_EXIT_A | x_R04_EXIT_G | x_R05_EXIT_D | x_R06_EXIT_G | x_R07_EXIT_STAIRWELL | x_R08_EXIT_E | x_R09_EXIT_D | x_R10_EXIT_D | x_R11_EXIT_D | x_R12_EXIT_STAIRWELL | x_R13_EXIT_H | x_R14_EXIT_B | x_R15_EXIT_B | x_R16_EXIT_STAIRWELL | x_R20_EXIT_STAIRWELL | x_R24_EXIT_C | x_R25_EXIT_C | x_R28_EXIT_C | x_R29_EXIT_B | x_R30_EXIT_D | x_R31_EXIT_F | x_R32_EXIT_A | x_R33_EXIT_G | x_R34_EXIT_A | x_R35_EXIT_F | x_R36_EXIT_A
852,0.908560932527962,1,True,0,28,x_R01_EXIT_B | x_R02_EXIT_G | x_R03_EXIT_D | x_R04_EXIT_E | x_R05_EXIT_C | x_R06_EXIT_STAIRWELL | x_R07_EXIT_F | x_R08_EXIT_E | x_R09_EXIT_G | x_R10_EXIT_F | x_R11_EXIT_C | x_R12_EXIT_F | x_R13_EXIT_B | x_R14_EXIT_B | x_R15_EXIT_C | x_R16_EXIT_B | x_R20_EXIT_F | x_R24_EXIT_G | x_R25_EXIT_A | x_R28_EXIT_A | x_R29_EXIT_D | x_R30_EXIT_B | x_R31_EXIT_C | x_R32_EXIT_STAIRWELL | x_R33_EXIT_B | x_R34_EXIT_H | x_R35_EXIT_F | x_R36_EXIT_F
853,0.9093449883746985,1,True,0,28,x_R01_EXIT_E | x_R02_EXIT_A | x_R03_EXIT_G | x_R04_EXIT_A | x_R05_EXIT_H | x_R06_EXIT_D | x_R07_EXIT_H | x_R08_EXIT_G | x_R09_EXIT_C | x_R10_EXIT_F | x_R11_EXIT_E | x_R12_EXIT_A | x_R13_EXIT_D | x_R14_EXIT_G | x_R15_EXIT_B | x_R16_EXIT_C | x_R20_EXIT_STAIRWELL | x_R24_EXIT_G | x_R25_EXIT_F | x_R28_EXIT_A | x_R29_EXIT_STAIRWELL | x_R30_EXIT_G | x_R31_EXIT_G | x_R32_EXIT_H | x_R33_EXIT_C | x_R34_EXIT_B | x_R35_EXIT_A | x_R36_EXIT_C
854,0.9098722704238753,1,True,0,28,x_R01_EXIT_E | x_R02_EXIT_D | x_R03_EXIT_A | x_R04_EXIT_C | x_R05_EXIT_B | x_R06_EXIT_F | x_R07_EXIT_A | x_R08_EXIT_A | x_R09_EXIT_STAIRWELL | x_R10_EXIT_F | x_R11_EXIT_STAIRWELL | x_R12_EXIT_STAIRWELL | x_R13_EXIT_C | x_R14_EXIT_H | x_R15_EXIT_G | x_R16_EXIT_A | x_R20_EXIT_B | x_R24_EXIT_H | x_R25_EXIT_A | x_R28_EXIT_A | x_R29_EXIT_F | x_R30_EXIT_B | x_R31_EXIT_B | x_R32_EXIT_STAIRWELL | x_R33_EXIT_STAIRWELL | x_R34_EXIT_H | x_R35_EXIT_F | x_R36_EXIT_E
855,0.9100853129788788,1,True,0,28,x_R01_EXIT_C | x_R02_EXIT_E | x_R03_EXIT_STAIRWELL | x_R04_EXIT_C | x_R05_EXIT_D | x_R06_EXIT_F | x_R07_EXIT_G | x_R08_EXIT_F | x_R09_EXIT_C | x_R10_EXIT_G | x_R11_EXIT_F | x_R12_EXIT_STAIRWELL | x_R13_EXIT_B | x_R14_EXIT_STAIRWELL | x_R15_EXIT_B | x_R16_EXIT_E | x_R20_EXIT_E | x_R24_EXIT_D | x_R25_EXIT_D | x_R28_EXIT_B | x_R29_EXIT_B | x_R30_EXIT_B | x_R31_EXIT_E | x_R32_EXIT_G | x_R33_EXIT_E | x_R34_EXIT_G | x_R35_EXIT_G | x_R36_EXIT_A
856,0.91031470618816,1,True,0,28,x_R01_EXIT_G | x_R02_EXIT_D | x_R03_EXIT_E | x_R04_EXIT_F | x_R05_EXIT_STAIRWELL | x_R06_EXIT_STAIRWELL | x_R07_EXIT_B | x_R08_EXIT_C | x_R09_EXIT_F | x_R10_EXIT_B | x_R11_EXIT_A | x_R12_EXIT_STAIRWELL | x_R13_EXIT_C | x_R14_EXIT_H | x_R15_EXIT_C | x_R16_EXIT_C | x_R20_EXIT_G | x_R24_EXIT_STAIRWELL | x_R25_EXIT_G | x_R28_EXIT_C | x_R29_EXIT_B | x_R30_EXIT_G | x_R31_EXIT_A | x_R32_EXIT_A | x_R33_EXIT_H | x_R34_EXIT_H | x_R35_EXIT_STAIRWELL | x_R36_EXIT_H
857,0.9104964089219152,1,True,0,28,x_R01_EXIT_H | x_R02_EXIT_A | x_R03_EXIT_G | x_R04_EXIT_E | x_R05_EXIT_E | x_R06_EXIT_G | x_R07_EXIT_B | x_R08_EXIT_C | x_R09_EXIT_C | x_R10_EXIT_H | x_R11_EXIT_H | x_R12_EXIT_B | x_R13_EXIT_A | x_R14_EXIT_A | x_R15_EXIT_E | x_R16_EXIT_H | x_R20_EXIT_B | x_R24_EXIT_G | x_R25_EXIT_STAIRWELL | x_R28_EXIT_E | x_R29_EXIT_STAIRWELL | x_R30_EXIT_H | x_R31_EXIT_G | x_R32_EXIT_H | x_R33_EXIT_E | x_R34_EXIT_C | x_R35_EXIT_C | x_R36_EXIT_E
858,0.9111829045738205,1,True,0,28,x_R01_EXIT_E | x_R02_EXIT_F | x_R03_EXIT_F | x_R04_EXIT_C | x_R05_EXIT_A | x_R06_EXIT_C | x_R07_EXIT_F | x_R08_EXIT_E | x_R09_EXIT_STAIRWELL | x_R10_EXIT_F | x_R11_EXIT_B | x_R12_EXIT_D | x_R13_EXIT_F | x_R14_EXIT_D | x_R15_EXIT_H | x_R16_EXIT_E | x_R20_EXIT_C | x_R24_EXIT_A | x_R25_EXIT_H | x_R28_EXIT_A | x_R29_EXIT_D | x_R30_EXIT_STAIRWELL | x_R31_EXIT_STAIRWELL | x_R32_EXIT_B | x_R33_EXIT_E | x_R34_EXIT_B | x_R35_EXIT_H | x_R36_EXIT_C
859,0.9111913259810649,1,True,0,28,x_R01_EXIT_E | x_R02_EXIT_A | x_R03_EXIT_C | x_R04_EXIT_E | x_R05_EXIT_C | x_R06_EXIT_F | x_R07_EXIT_F | x_R08_EXIT_C | x_R09_EXIT_E | x_R10_EXIT_A | x_R11_EXIT_STAIRWELL | x_R12_EXIT_C | x_R13_EXIT_B | x_R14_EXIT_D | x_R15_EXIT_A | x_R16_EXIT_C | x_R20_EXIT_F | x_R24_EXIT_H | x_R25_EXIT_E | x_R28_EXIT_C | x_R29_EXIT_F | x_R30_EXIT_B | x_R31_EXIT_H | x_R32_EXIT_E | x_R33_EXIT_A | x_R34_EXIT_G | x_R35_EXIT_E | x_R36_EXIT_D
860,0.9114112015413411,1,True,0,28,x_R01_EXIT_A | x_R02_EXIT_H | x_R03_EXIT_E | x_R04_EXIT_E | x_R05_EXIT_A | x_R06_EXIT_E | x_R07_EXIT_G | x_R08_EXIT_H | x_R09_EXIT_STAIRWELL | x_R10_EXIT_D | x_R11_EXIT_H | x_R12_EXIT_STAIRWELL | x_R13_EXIT_E | x_R14_EXIT_B | x_R15_EXIT_A | x_R16_EXIT_G | x_R20_EXIT_STAIRWELL | x_R24_EXIT_D | x_R25_EXIT_A | x_R28_EXIT_F | x_R29_EXIT_A | x_R30_EXIT_F | x_R31_EXIT_A | x_R32_EXIT_A | x_R33_EXIT_B | x_R34_EXIT_STAIRWELL | x_R35_EXIT_D | x_R36_EXIT_G
861,0.9123002290954787,1,True,0,28,x_R01_EXIT_C | x_R02_EXIT_F | x_R03_EXIT_H | x_R04_EXIT_B | x_R05_EXIT_F | x_R06_EXIT_A | x_R07_EXIT_G | x_R08_EXIT_F | x_R09_EXIT_D | x_R10_EXIT_G | x_R11_EXIT_H | x_R12_EXIT_G | x_R13_EXIT_A | x_R14_EXIT_E | x_R15_EXIT_D | x_R16_EXIT_F | x_R20_EXIT_STAIRWELL | x_R24_EXIT_D | x_R25_EXIT_B | x_R28_EXIT_D | x_R29_EXIT_STAIRWELL | x_R30_EXIT_F | x_R31_EXIT_F | x_R32_EXIT_D | x_R33_EXIT_H | x_R34_EXIT_C | x_R35_EXIT_E | x_R36_EXIT_E
862,0.9123826953347134,1,True,0,28,x_R01_EXIT_G | x_R02_EXIT_F | x_R03_EXIT_H | x_R04_EXIT_G | x_R05_EXIT_B | x_R06_EXIT_D | x_R07_EXIT_D | x_R08_EXIT_STAIRWELL | x_R09_EXIT_STAIRWELL | x_R10_EXIT_STAIRWELL | x_R11_EXIT_E | x_R12_EXIT_H | x_R13_EXIT_G | x_R14_EXIT_D | x_R15_EXIT_B | x_R16_EXIT_D | x_R20_EXIT_F | x_R24_EXIT_STAIRWELL | x_R25_EXIT_G | x_R28_EXIT_B | x_R29_EXIT_C | x_R30_EXIT_D | x_R31_EXIT_F | x_R32_EXIT_B | x_R33_EXIT_B | x_R34_EXIT_E | x_R35_EXIT_F | x_R36_EXIT_G
863,0.9124054021602319,1,True,0,28,x_R01_EXIT_H | x_R02_EXIT_E | x_R03_EXIT_F | x_R04_EXIT_D | x_R05_EXIT_H | x_R06_EXIT_B | x_R07_EXIT_H | x_R08_EXIT_E | x_R09_EXIT_C | x_R10_EXIT_STAIRWELL | x_R11_EXIT_H | x_R12_EXIT_C | x_R13_EXIT_D | x_R14_EXIT_A | x_R15_EXIT_H | x_R16_EXIT_STAIRWELL | x_R20_EXIT_D | x_R24_EXIT_C | x_R25_EXIT_C | x_R28_EXIT_D | x_R29_EXIT_D | x_R30_EXIT_G | x_R31_EXIT_A | x_R32_EXIT_STAIRWELL | x_R33_EXIT_A | x_R34_EXIT_E | x_R35_EXIT_B | x_R36_EXIT_D
864,0.9125061836149371,1,True,0,28,x_R01_EXIT_F | x_R02_EXIT_STAIRWELL | x_R03_EXIT_STAIRWELL | x_R04_EXIT_G | x_R05_EXIT_A | x_R06_EXIT_A | x_R07_EXIT_F | x_R08_EXIT_E | x_R09_EXIT_STAIRWELL | x_R10_EXIT_H | x_R11_EXIT_E | x_R12_EXIT_D | x_R13_EXIT_G | x_R14_EXIT_D | x_R15_EXIT_D | x_R16_EXIT_STAIRWELL | x_R20_EXIT_A | x_R24_EXIT_STAIRWELL | x_R25_EXIT_STAIRWELL | x_R28_EXIT_G | x_R29_EXIT_B | x_R30_EXIT_C | x_R31_EXIT_G | x_R32_EXIT_H | x_R33_EXIT_E | x_R34_EXIT_G | x_R35_EXIT_C | x_R36_EXIT_C
865,0.9125245039413699,1,True,0,28,x_R01_EXIT_D | x_R02_EXIT_F | x_R03_EXIT_F | x_R04_EXIT_F | x_R05_EXIT_G | x_R06_EXIT_STAIRWELL | x_R07_EXIT_B | x_R08_EXIT_G | x_R09_EXIT_B | x_R10_EXIT_A | x_R11_EXIT_D | x_R12_EXIT_G | x_R13_EXIT_H | x_R14_EXIT_F | x_R15_EXIT_STAIRWELL | x_R16_EXIT_F | x_R20_EXIT_B | x_R24_EXIT_G | x_R25_EXIT_G | x_R28_EXIT_B | x_R29_EXIT_C | x_R30_EXIT_C | x_R31_EXIT_H | x_R32_EXIT_F | x_R33_EXIT_D | x_R34_EXIT_E | x_R35_EXIT_C | x_R36_EXIT_STAIRWELL
866,0.9126193958239242,1,True,0,28,x_R01_EXIT_F | x_R02_EXIT_G | x_R03_EXIT_C | x_R04_EXIT_C | x_R05_EXIT_B | x_R06_EXIT_F | x_R07_EXIT_G | x_R08_EXIT_B | x_R09_EXIT_A | x_R10_EXIT_G | x_R11_EXIT_D | x_R12_EXIT_F | x_R13_EXIT_A | x_R14_EXIT_F | x_R15_EXIT_F | x_R16_EXIT_C | x_R20_EXIT_G | x_R24_EXIT_A | x_R25_EXIT_A | x_R28_EXIT_STAIRWELL | x_R29_EXIT_H | x_R30_EXIT_C | x_R31_EXIT_C | x_R32_EXIT_A | x_R33_EXIT_G | x_R34_EXIT_F | x_R35_EXIT_A | x_R36_EXIT_G
867,0.9131691782349094,1,True,0,28,x_R01_EXIT_F | x_R02_EXIT_STAIRWELL | x_R03_EXIT_B | x_R04_EXIT_F | x_R05_EXIT_D | x_R06_EXIT_E | x_R07_EXIT_STAIRWELL | x_R08_EXIT_STAIRWELL | x_R09_EXIT_C | x_R10_EXIT_B | x_R11_EXIT_H | x_R12_EXIT_A | x_R13_EXIT_D | x_R14_EXIT_G | x_R15_EXIT_F | x_R16_EXIT_D | x_R20_EXIT_G | x_R24_EXIT_A | x_R25_EXIT_H | x_R28_EXIT_A | x_R29_EXIT_STAIRWELL | x_R30_EXIT_E | x_R31_EXIT_C | x_R32_EXIT_C | x_R33_EXIT_G | x_R34_EXIT_C | x_R35_EXIT_B | x_R36_EXIT_B
868,0.9133570434543117,1,True,0,28,x_R01_EXIT_C | x_R02_EXIT_A | x_R03_EXIT_C | x_R04_EXIT_A | x_R05_EXIT_G | x_R06_EXIT_C | x_R07_EXIT_STAIRWELL | x_R08_EXIT_E | x_R09_EXIT_G | x_R10_EXIT_G | x_R11_EXIT_G | x_R12_EXIT_G | x_R13_EXIT_G | x_R14_EXIT_STAIRWELL | x_R15_EXIT_D | x_R16_EXIT_G | x_R20_EXIT_D | x_R24_EXIT_A | x_R25_EXIT_C | x_R28_EXIT_D | x_R29_EXIT_B | x_R30_EXIT_STAIRWELL | x_R31_EXIT_H | x_R32_EXIT_E | x_R33_EXIT_E | x_R34_EXIT_F | x_R35_EXIT_B | x_R36_EXIT_E
869,0.9135579342768096,1,True,0,28,x_R01_EXIT_STAIRWELL | x_R02_EXIT_A | x_R03_EXIT_B | x_R04_EXIT_G | x_R05_EXIT_A | x_R06_EXIT_E | x_R07_EXIT_G | x_R08_EXIT_B | x_R09_EXIT_G | x_R10_EXIT_STAIRWELL | x_R11_EXIT_D | x_R12_EXIT_C | x_R13_EXIT_C | x_R14_EXIT_F | x_R15_EXIT_A | x_R16_EXIT_STAIRWELL | x_R20_EXIT_A | x_R24_EXIT_F | x_R25_EXIT_E | x_R28_EXIT_C | x_R29_EXIT_C | x_R30_EXIT_B | x_R31_EXIT_STAIRWELL | x_R32_EXIT_G | x_R33_EXIT_B | x_R34_EXIT_H | x_R35_EXIT_STAIRWELL | x_R36_EXIT_D
870,0.9135610334087687,1,True,0,28,x_R01_EXIT_G | x_R02_EXIT_STAIRWELL | x_R03_EXIT_D | x_R04_EXIT_F | x_R05_EXIT_B | x_R06_EXIT_E | x_R07_EXIT_E | x_R08_EXIT_F | x_R09_EXIT_G | x_R10_EXIT_D | x_R11_EXIT_STAIRWELL | x_R12_EXIT_D | x_R13_EXIT_H | x_R14_EXIT_B | x_R15_EXIT_G | x_R16_EXIT_E | x_R20_EXIT_F | x_R24_EXIT_C | x_R25_EXIT_F | x_R28_EXIT_B | x_R29_EXIT_STAIRWELL | x_R30_EXIT_G | x_R31_EXIT_C | x_R32_EXIT_G | x_R33_EXIT_D | x_R34_EXIT_C | x_R35_EXIT_A | x_R36_EXIT_C
871,0.914700840401963,1,True,0,28,x_R01_EXIT_A | x_R02_EXIT_G | x_R03_EXIT_H | x_R04_EXIT_C | x_R05_EXIT_D | x_R06_EXIT_B | x_R07_EXIT_H | x_R08_EXIT_A | x_R09_EXIT_D | x_R10_EXIT_E | x_R11_EXIT_G | x_R12_EXIT_STAIRWELL | x_R13_EXIT_H | x_R14_EXIT_STAIRWELL | x_R15_EXIT_G | x_R16_EXIT_H | x_R20_EXIT_D | x_R24_EXIT_F | x_R25_EXIT_C | x_R28_EXIT_B | x_R29_EXIT_C | x_R30_EXIT_B | x_R31_EXIT_B | x_R32_EXIT_H | x_R33_EXIT_D | x_R34_EXIT_STAIRWELL | x_R35_EXIT_D | x_R36_EXIT_C
872,0.9150384025799667,1,True,0,28,x_R01_EXIT_E | x_R02_EXIT_STAIRWELL | x_R03_EXIT_H | x_R04_EXIT_F | x_R05_EXIT_E | x_R06_EXIT_E | x_R07_EXIT_H | x_R08_EXIT_D | x_R09_EXIT_G | x_R10_EXIT_C | x_R11_EXIT_D | x_R12_EXIT_D | x_R13_EXIT_G | x_R14_EXIT_D | x_R15_EXIT_F | x_R16_EXIT_C | x_R20_EXIT_C | x_R24_EXIT_B | x_R25_EXIT_E | x_R28_EXIT_A | x_R29_EXIT_C | x_R30_EXIT_G | x_R31_EXIT_F | x_R32_EXIT_E | x_R33_EXIT_D | x_R34_EXIT_F | x_R35_EXIT_B | x_R36_EXIT_A
873,0.915120432879803,1,True,0,28,x_R01_EXIT_D | x_R02_EXIT_G | x_R03_EXIT_STAIRWELL | x_R04_EXIT_F | x_R05_EXIT_C | x_R06_EXIT_B | x_R07_EXIT_C | x_R08_EXIT_STAIRWELL | x_R09_EXIT_G | x_R10_EXIT_G | x_R11_EXIT_STAIRWELL | x_R12_EXIT_G | x_R13_EXIT_C | x_R14_EXIT_D | x_R15_EXIT_C | x_R16_EXIT_B | x_R20_EXIT_A | x_R24_EXIT_B | x_R25_EXIT_STAIRWELL | x_R28_EXIT_E | x_R29_EXIT_D | x_R30_EXIT_E | x_R31_EXIT_B | x_R32_EXIT_H | x_R33_EXIT_F | x_R34_EXIT_STAIRWELL | x_R35_EXIT_B | x_R36_EXIT_D
874,0.9151329310877259,1,True,0,28,x_R01_EXIT_E | x_R02_EXIT_A | x_R03_EXIT_A | x_R04_EXIT_B | x_R05_EXIT_D | x_R06_EXIT_G | x_R07_EXIT_STAIRWELL | x_R08_EXIT_B | x_R09_EXIT_A | x_R10_EXIT_G | x_R11_EXIT_E | x_R12_EXIT_C | x_R13_EXIT_D | x_R14_EXIT_STAIRWELL | x_R15_EXIT_G | x_R16_EXIT_G | x_R20_EXIT_A | x_R24_EXIT_G | x_R25_EXIT_B | x_R28_EXIT_H | x_R29_EXIT_C | x_R30_EXIT_C | x_R31_EXIT_B | x_R32_EXIT_STAIRWELL | x_R33_EXIT_D | x_R34_EXIT_E | x_R35_EXIT_G | x_R36_EXIT_B
875,0.9155381067996586,1,True,0,28,x_R01_EXIT_F | x_R02_EXIT_STAIRWELL | x_R03_EXIT_E | x_R04_EXIT_F | x_R05_EXIT_D | x_R06_EXIT_C | x_R07_EXIT_E | x_R08_EXIT_B | x_R09_EXIT_F | x_R10_EXIT_E | x_R11_EXIT_B | x_R12_EXIT_F | x_R13_EXIT_B | x_R14_EXIT_D | x_R15_EXIT_F | x_R16_EXIT_C | x_R20_EXIT_B | x_R24_EXIT_C | x_R25_EXIT_G | x_R28_EXIT_G | x_R29_EXIT_G | x_R30_EXIT_E | x_R31_EXIT_G | x_R32_EXIT_G | x_R33_EXIT_C | x_R34_EXIT_A | x_R35_EXIT_E | x_R36_EXIT_E
876,0.9155870110795945,1,True,0,28,x_R01_EXIT_STAIRWELL | x_R02_EXIT_STAIRWELL | x_R03_EXIT_STAIRWELL | x_R04_EXIT_D | x_R05_EXIT_C | x_R06_EXIT_H | x_R07_EXIT_A | x_R08_EXIT_C | x_R09_EXIT_A | x_R10_EXIT_D | x_R11_EXIT_STAIRWELL | x_R12_EXIT_E | x_R13_EXIT_E | x_R14_EXIT_STAIRWELL | x_R15_EXIT_D | x_R16_EXIT_E | x_R20_EXIT_D | x_R24_EXIT_E | x_R25_EXIT_A | x_R28_EXIT_D | x_R29_EXIT_G | x_R30_EXIT_E | x_R31_EXIT_A | x_R32_EXIT_H | x_R33_EXIT_G | x_R34_EXIT_A | x_R35_EXIT_E | x_R36_EXIT_STAIRWELL
877,0.9162996811760991,1,True,0,28,x_R01_EXIT_B | x_R02_EXIT_E | x_R03_EXIT_F | x_R04_EXIT_F | x_R05_EXIT_G | x_R06_EXIT_E | x_R07_EXIT_A | x_R08_EXIT_H | x_R09_EXIT_B | x_R10_EXIT_H | x_R11_EXIT_G | x_R12_EXIT_F | x_R13_EXIT_H | x_R14_EXIT_B | x_R15_EXIT_E | x_R16_EXIT_G | x_R20_EXIT_STAIRWELL | x_R24_EXIT_A | x_R25_EXIT_H | x_R28_EXIT_E | x_R29_EXIT_D | x_R30_EXIT_H | x_R31_EXIT_F | x_R32_EXIT_STAIRWELL | x_R33_EXIT_A | x_R34_EXIT_G | x_R35_EXIT_E | x_R36_EXIT_STAIRWELL
878,0.9167107515580142,1,True,0,28,x_R01_EXIT_G | x_R02_EXIT_D | x_R03_EXIT_STAIRWELL | x_R04_EXIT_H | x_R05_EXIT_G | x_R06_EXIT_D | x_R07_EXIT_C | x_R08_EXIT_F | x_R09_EXIT_C | x_R10_EXIT_STAIRWELL | x_R11_EXIT_B | x_R12_EXIT_STAIRWELL | x_R13_EXIT_G | x_R14_EXIT_B | x_R15_EXIT_B | x_R16_EXIT_H | x_R20_EXIT_STAIRWELL | x_R24_EXIT_E | x_R25_EXIT_D | x_R28_EXIT_D | x_R29_EXIT_C | x_R30_EXIT_D | x_R31_EXIT_C | x_R32_EXIT_A | x_R33_EXIT_A | x_R34_EXIT_D | x_R35_EXIT_A | x_R36_EXIT_E
879,0.917389207059216,1,True,0,28,x_R01_EXIT_C | x_R02_EXIT_STAIRWELL | x_R03_EXIT_STAIRWELL | x_R04_EXIT_H | x_R05_EXIT_E | x_R06_EXIT_G | x_R07_EXIT_STAIRWELL | x_R08_EXIT_F | x_R09_EXIT_C | x_R10_EXIT_STAIRWELL | x_R11_EXIT_B | x_R12_EXIT_E | x_R13_EXIT_F | x_R14_EXIT_F | x_R15_EXIT_G | x_R16_EXIT_D | x_R20_EXIT_G | x_R24_EXIT_G | x_R25_EXIT_C | x_R28_EXIT_C | x_R29_EXIT_STAIRWELL | x_R30_EXIT_B | x_R31_EXIT_H | x_R32_EXIT_C | x_R33_EXIT_G | x_R34_EXIT_F | x_R35_EXIT_E | x_R36_EXIT_STAIRWELL
880,0.9177084821411086,1,True,0,28,x_R01_EXIT_G | x_R02_EXIT_D | x_R03_EXIT_A | x_R04_EXIT_H | x_R05_EXIT_E | x_R06_EXIT_G | x_R07_EXIT_A | x_R08_EXIT_STAIRWELL | x_R09_EXIT_A | x_R10_EXIT_C | x_R11_EXIT_B | x_R12_EXIT_A | x_R13_EXIT_C | x_R14_EXIT_A | x_R15_EXIT_H | x_R16_EXIT_G | x_R20_EXIT_STAIRWELL | x_R24_EXIT_F | x_R25_EXIT_A | x_R28_EXIT_E | x_R29_EXIT_C | x_R30_EXIT_H | x_R31_EXIT_C | x_R32_EXIT_E | x_R33_EXIT_A | x_R34_EXIT_B | x_R35_EXIT_H | x_R36_EXIT_B
881,0.9185750767870218,1,True,0,28,x_R01_EXIT_D | x_R02_EXIT_B | x_R03_EXIT_STAIRWELL | x_R04_EXIT_F | x_R05_EXIT_G | x_R06_EXIT_F | x_R07_EXIT_STAIRWELL | x_R08_EXIT_B | x_R09_EXIT_A | x_R10_EXIT_STAIRWELL | x_R11_EXIT_A | x_R12_EXIT_C | x_R13_EXIT_A | x_R14_EXIT_G | x_R15_EXIT_STAIRWELL | x_R16_EXIT_H | x_R20_EXIT_STAIRWELL | x_R24_EXIT_A | x_R25_EXIT_C | x_R28_EXIT_A | x_R29_EXIT_E | x_R30_EXIT_STAIRWELL | x_R31_EXIT_C | x_R32_EXIT_B | x_R33_EXIT_D | x_R34_EXIT_H | x_R35_EXIT_E | x_R36_EXIT_B
882,0.9185783772735476,1,True,0,28,x_R01_EXIT_D | x_R02_EXIT_E | x_R03_EXIT_STAIRWELL | x_R04_EXIT_C | x_R05_EXIT_STAIRWELL | x_R06_EXIT_C | x_R07_EXIT_E | x_R08_EXIT_STAIRWELL | x_R09_EXIT_H | x_R10_EXIT_STAIRWELL | x_R11_EXIT_D | x_R12_EXIT_B | x_R13_EXIT_STAIRWELL | x_R14_EXIT_C | x_R15_EXIT_A | x_R16_EXIT_G | x_R20_EXIT_A | x_R24_EXIT_D | x_R25_EXIT_E | x_R28_EXIT_C | x_R29_EXIT_B | x_R30_EXIT_F | x_R31_EXIT_A | x_R32_EXIT_A | x_R33_EXIT_H | x_R34_EXIT_F | x_R35_EXIT_H | x_R36_EXIT_E
883,0.9187417034509622,1,True,0,28,x_R01_EXIT_E | x_R02_EXIT_STAIRWELL | x_R03_EXIT_D | x_R04_EXIT_STAIRWELL | x_R05_EXIT_D | x_R06_EXIT_A | x_R07_EXIT_H | x_R08_EXIT_D | x_R09_EXIT_E | x_R10_EXIT_G | x_R11_EXIT_E | x_R12_EXIT_C | x_R13_EXIT_D | x_R14_EXIT_H | x_R15_EXIT_STAIRWELL | x_R16_EXIT_F | x_R20_EXIT_A | x_R24_EXIT_H | x_R25_EXIT_F | x_R28_EXIT_F | x_R29_EXIT_F | x_R30_EXIT_D | x_R31_EXIT_STAIRWELL | x_R32_EXIT_D | x_R33_EXIT_F | x_R34_EXIT_F | x_R35_EXIT_F | x_R36_EXIT_C
884,0.9187713720813804,1,True,0,28,x_R01_EXIT_STAIRWELL | x_R02_EXIT_H | x_R03_EXIT_E | x_R04_EXIT_D | x_R05_EXIT_D | x_R06_EXIT_G | x_R07_EXIT_F | x_R08_EXIT_H | x_R09_EXIT_C | x_R10_EXIT_F | x_R11_EXIT_H | x_R12_EXIT_C | x_R13_EXIT_D | x_R14_EXIT_STAIRWELL | x_R15_EXIT_E | x_R16_EXIT_H | x_R20_EXIT_H | x_R24_EXIT_H | x_R25_EXIT_A | x_R28_EXIT_H | x_R29_EXIT_B | x_R30_EXIT_STAIRWELL | x_R31_EXIT_F | x_R32_EXIT_A | x_R33_EXIT_F | x_R34_EXIT_D | x_R35_EXIT_F | x_R36_EXIT_B
885,0.9188901283735618,1,True,0,28,x_R01_EXIT_D | x_R02_EXIT_G | x_R03_EXIT_E | x_R04_EXIT_E | x_R05_EXIT_F | x_R06_EXIT_G | x_R07_EXIT_F | x_R08_EXIT_B | x_R09_EXIT_C | x_R10_EXIT_C | x_R11_EXIT_D | x_R12_EXIT_D | x_R13_EXIT_E | x_R14_EXIT_C | x_R15_EXIT_E | x_R16_EXIT_E | x_R20_EXIT_G | x_R24_EXIT_B | x_R25_EXIT_E | x_R28_EXIT_C | x_R29_EXIT_STAIRWELL | x_R30_EXIT_B | x_R31_EXIT_A | x_R32_EXIT_G | x_R33_EXIT_B | x_R34_EXIT_E | x_R35_EXIT_A | x_R36_EXIT_H
886,0.9191831283217198,1,True,0,28,x_R01_EXIT_E | x_R02_EXIT_B | x_R03_EXIT_A | x_R04_EXIT_F | x_R05_EXIT_G | x_R06_EXIT_E | x_R07_EXIT_F | x_R08_EXIT_B | x_R09_EXIT_STAIRWELL | x_R10_EXIT_D | x_R11_EXIT_B | x_R12_EXIT_F | x_R13_EXIT_G | x_R14_EXIT_STAIRWELL | x_R15_EXIT_D | x_R16_EXIT_H | x_R20_EXIT_D | x_R24_EXIT_H | x_R25_EXIT_G | x_R28_EXIT_D | x_R29_EXIT_E | x_R30_EXIT_D | x_R31_EXIT_C | x_R32_EXIT_STAIRWELL | x_R33_EXIT_B | x_R34_EXIT_A | x_R35_EXIT_C | x_R36_EXIT_B
887,0.9193738667627258,1,True,0,28,x_R01_EXIT_F | x_R02_EXIT_F | x_R03_EXIT_E | x_R04_EXIT_D | x_R05_EXIT_H | x_R06_EXIT_STAIRWELL | x_R07_EXIT_C | x_R08_EXIT_H | x_R09_EXIT_F | x_R10_EXIT_C | x_R11_EXIT_F | x_R12_EXIT_F | x_R13_EXIT_D | x_R14_EXIT_STAIRWELL | x_R15_EXIT_G | x_R16_EXIT_A | x_R20_EXIT_C | x_R24_EXIT_A | x_R25_EXIT_H | x_R28_EXIT_STAIRWELL | x_R29_EXIT_D | x_R30_EXIT_F | x_R31_EXIT_C | x_R32_EXIT_B | x_R33_EXIT_E | x_R34_EXIT_G | x_R35_EXIT_G | x_R36_EXIT_B
888,0.9202725765414925,1,True,0,28,x_R01_EXIT_F | x_R02_EXIT_E | x_R03_EXIT_STAIRWELL | x_R04_EXIT_G | x_R05_EXIT_E | x_R06_EXIT_F | x_R07_EXIT_STAIRWELL | x_R08_EXIT_STAIRWELL | x_R09_EXIT_STAIRWELL | x_R10_EXIT_A | x_R11_EXIT_B | x_R12_EXIT_D | x_R13_EXIT_D | x_R14_EXIT_B | x_R15_EXIT_D | x_R16_EXIT_G | x_R20_EXIT_F | x_R24_EXIT_D | x_R25_EXIT_A | x_R28_EXIT_D | x_R29_EXIT_E | x_R30_EXIT_H | x_R31_EXIT_STAIRWELL | x_R32_EXIT_B | x_R33_EXIT_E | x_R34_EXIT_F | x_R35_EXIT_F | x_R36_EXIT_E
889,0.920501288998139,1,True,0,28,x_R01_EXIT_C | x_R02_EXIT_E | x_R03_EXIT_H | x_R04_EXIT_D | x_R05_EXIT_G | x_R06_EXIT_E | x_R07_EXIT_E | x_R08_EXIT_STAIRWELL | x_R09_EXIT_H | x_R10_EXIT_D | x_R11_EXIT_A | x_R12_EXIT_E | x_R13_EXIT_STAIRWELL | x_R14_EXIT_E | x_R15_EXIT_F | x_R16_EXIT_C | x_R20_EXIT_F | x_R24_EXIT_D | x_R25_EXIT_F | x_R28_EXIT_C | x_R29_EXIT_C | x_R30_EXIT_D | x_R31_EXIT_F | x_R32_EXIT_C | x_R33_EXIT_G | x_R34_EXIT_G | x_R35_EXIT_STAIRWELL | x_R36_EXIT_B
890,0.9212670066287387,1,True,0,28,x_R01_EXIT_F | x_R02_EXIT_H | x_R03_EXIT_G | x_R04_EXIT_E | x_R05_EXIT_E | x_R06_EXIT_D | x_R07_EXIT_C | x_R08_EXIT_H | x_R09_EXIT_E | x_R10_EXIT_F | x_R11_EXIT_STAIRWELL | x_R12_EXIT_G | x_R13_EXIT_B | x_R14_EXIT_D | x_R15_EXIT_E | x_R16_EXIT_E | x_R20_EXIT_A | x_R24_EXIT_H | x_R25_EXIT_C | x_R28_EXIT_STAIRWELL | x_R29_EXIT_G | x_R30_EXIT_C | x_R31_EXIT_C | x_R32_EXIT_F | x_R33_EXIT_D | x_R34_EXIT_A | x_R35_EXIT_B | x_R36_EXIT_G
891,0.9214015411712353,1,True,0,28,x_R01_EXIT_D | x_R02_EXIT_F | x_R03_EXIT_A | x_R04_EXIT_G | x_R05_EXIT_B | x_R06_EXIT_H | x_R07_EXIT_F | x_R08_EXIT_A | x_R09_EXIT_STAIRWELL | x_R10_EXIT_STAIRWELL | x_R11_EXIT_G | x_R12_EXIT_E | x_R13_EXIT_G | x_R14_EXIT_E | x_R15_EXIT_G | x_R16_EXIT_F | x_R20_EXIT_G | x_R24_EXIT_F | x_R25_EXIT_H | x_R28_EXIT_F | x_R29_EXIT_F | x_R30_EXIT_A | x_R31_EXIT_C | x_R32_EXIT_D | x_R33_EXIT_D | x_R34_EXIT_STAIRWELL | x_R35_EXIT_C | x_R36_EXIT_A
892,0.9219182093411291,1,True,0,28,x_R01_EXIT_STAIRWELL | x_R02_EXIT_E | x_R03_EXIT_E | x_R04_EXIT_STAIRWELL | x_R05_EXIT_C | x_R06_EXIT_D | x_R07_EXIT_H | x_R08_EXIT_H | x_R09_EXIT_STAIRWELL | x_R10_EXIT_G | x_R11_EXIT_G | x_R12_EXIT_D | x_R13_EXIT_STAIRWELL | x_R14_EXIT_G | x_R15_EXIT_E | x_R16_EXIT_STAIRWELL | x_R20_EXIT_STAIRWELL | x_R24_EXIT_A | x_R25_EXIT_A | x_R28_EXIT_B | x_R29_EXIT_D | x_R30_EXIT_G | x_R31_EXIT_G | x_R32_EXIT_G | x_R33_EXIT_C | x_R34_EXIT_E | x_R35_EXIT_A | x_R36_EXIT_E
893,0.9220513389462326,1,True,0,28,x_R01_EXIT_E | x_R02_EXIT_C | x_R03_EXIT_D | x_R04_EXIT_F | x_R05_EXIT_B | x_R06_EXIT_G | x_R07_EXIT_C | x_R08_EXIT_A | x_R09_EXIT_E | x_R10_EXIT_G | x_R11_EXIT_E | x_R12_EXIT_C | x_R13_EXIT_C | x_R14_EXIT_E | x_R15_EXIT_F | x_R16_EXIT_F | x_R20_EXIT_B | x_R24_EXIT_A | x_R25_EXIT_STAIRWELL | x_R28_EXIT_B | x_R29_EXIT_STAIRWELL | x_R30_EXIT_G | x_R31_EXIT_H | x_R32_EXIT_STAIRWELL | x_R33_EXIT_B | x_R34_EXIT_G | x_R35_EXIT_F | x_R36_EXIT_F
894,0.9221762296079419,1,True,0,28,x_R01_EXIT_G | x_R02_EXIT_STAIRWELL | x_R03_EXIT_D | x_R04_EXIT_E | x_R05_EXIT_F | x_R06_EXIT_B | x_R07_EXIT_F | x_R08_EXIT_D | x_R09_EXIT_B | x_R10_EXIT_C | x_R11_EXIT_STAIRWELL | x_R12_EXIT_A | x_R13_EXIT_D | x_R14_EXIT_B | x_R15_EXIT_A | x_R16_EXIT_A | x_R20_EXIT_B | x_R24_EXIT_D | x_R25_EXIT_E | x_R28_EXIT_H | x_R29_EXIT_G | x_R30_EXIT_B | x_R31_EXIT_E | x_R32_EXIT_D | x_R33_EXIT_A | x_R34_EXIT_F | x_R35_EXIT_C | x_R36_EXIT_D
895,0.9224095212653083,1,True,0,28,x_R01_EXIT_G | x_R02_EXIT_C | x_R03_EXIT_F | x_R04_EXIT_A | x_R05_EXIT_D | x_R06_EXIT_G | x_R07_EXIT_B | x_R08_EXIT_H | x_R09_EXIT_F | x_R10_EXIT_F | x_R11_EXIT_F | x_R12_EXIT_A | x_R13_EXIT_C | x_R14_EXIT_F | x_R15_EXIT_C | x_R16_EXIT_G | x_R20_EXIT_C | x_R24_EXIT_E | x_R25_EXIT_G | x_R28_EXIT_F | x_R29_EXIT_C | x_R30_EXIT_E | x_R31_EXIT_H | x_R32_EXIT_A | x_R33_EXIT_H | x_R34_EXIT_G | x_R35_EXIT_B | x_R36_EXIT_F
896,0.9224512598273122,1,True,0,28,x_R01_EXIT_H | x_R02_EXIT_C | x_R03_EXIT_G | x_R04_EXIT_F | x_R05_EXIT_H | x_R06_EXIT_A | x_R07_EXIT_A | x_R08_EXIT_G | x_R09_EXIT_STAIRWELL | x_R10_EXIT_STAIRWELL | x_R11_EXIT_B | x_R12_EXIT_A | x_R13_EXIT_D | x_R14_EXIT_G | x_R15_EXIT_E | x_R16_EXIT_A | x_R20_EXIT_C | x_R24_EXIT_STAIRWELL | x_R25_EXIT_C | x_R28_EXIT_A | x_R29_EXIT_G | x_R30_EXIT_A | x_R31_EXIT_E | x_R32_EXIT_E | x_R33_EXIT_C | x_R34_EXIT_F | x_R35_EXIT_E | x_R36_EXIT_C
897,0.9232405321596957,1,True,0,28,x_R01_EXIT_B | x_R02_EXIT_H | x_R03_EXIT_F | x_R04_EXIT_G | x_R05_EXIT_H | x_R06_EXIT_A | x_R07_EXIT_D | x_R08_EXIT_F | x_R09_EXIT_C | x_R10_EXIT_E | x_R11_EXIT_B | x_R12_EXIT_G | x_R13_EXIT_D | x_R14_EXIT_C | x_R15_EXIT_A | x_R16_EXIT_C | x_R20_EXIT_G | x_R24_EXIT_STAIRWELL | x_R25_EXIT_H | x_R28_EXIT_B | x_R29_EXIT_E | x_R30_EXIT_C | x_R31_EXIT_H | x_R32_EXIT_D | x_R33_EXIT_D | x_R34_EXIT_F | x_R35_EXIT_F | x_R36_EXIT_G
898,0.9234350198090624,1,True,0,28,x_R01_EXIT_G | x_R02_EXIT_B | x_R03_EXIT_G | x_R04_EXIT_F | x_R05_EXIT_STAIRWELL | x_R06_EXIT_G | x_R07_EXIT_B | x_R08_EXIT_G | x_R09_EXIT_H | x_R10_EXIT_B | x_R11_EXIT_C | x_R12_EXIT_STAIRWELL | x_R13_EXIT_STAIRWELL | x_R14_EXIT_E | x_R15_EXIT_H | x_R16_EXIT_C | x_R20_EXIT_D | x_R24_EXIT_G | x_R25_EXIT_H | x_R28_EXIT_A | x_R29_EXIT_H | x_R30_EXIT_B | x_R31_EXIT_C | x_R32_EXIT_C | x_R33_EXIT_E | x_R34_EXIT_C | x_R35_EXIT_C | x_R36_EXIT_A
899,0.9245788310437888,1,True,0,28,x_R01_EXIT_D | x_R02_EXIT_E | x_R03_EXIT_STAIRWELL | x_R04_EXIT_F | x_R05_EXIT_A | x_R06_EXIT_G | x_R07_EXIT_G | x_R08_EXIT_G | x_R09_EXIT_B | x_R10_EXIT_E | x_R11_EXIT_STAIRWELL | x_R12_EXIT_E | x_R13_EXIT_A | x_R14_EXIT_G | x_R15_EXIT_C | x_R16_EXIT_C | x_R20_EXIT_F | x_R24_EXIT_A | x_R25_EXIT_H | x_R28_EXIT_D | x_R29_EXIT_A | x_R30_EXIT_A | x_R31_EXIT_E | x_R32_EXIT_F | x_R33_EXIT_E | x_R34_EXIT_E | x_R35_EXIT_A | x_R36_EXIT_D
900,0.9248769391248857,1,True,0,28,x_R01_EXIT_C | x_R02_EXIT_D | x_R03_EXIT_STAIRWELL | x_R04_EXIT_B | x_R05_EXIT_H | x_R06_EXIT_D | x_R07_EXIT_H | x_R08_EXIT_C | x_R09_EXIT_D | x_R10_EXIT_E | x_R11_EXIT_STAIRWELL | x_R12_EXIT_G | x_R13_EXIT_D | x_R14_EXIT_STAIRWELL | x_R15_EXIT_B | x_R16_EXIT_G | x_R20_EXIT_D | x_R24_EXIT_F | x_R25_EXIT_C | x_R28_EXIT_E | x_R29_EXIT_F | x_R30_EXIT_A | x_R31_EXIT_C | x_R32_EXIT_E | x_R33_EXIT_D | x_R34_EXIT_G | x_R35_EXIT_C | x_R36_EXIT_G
901,0.9252972951290985,1,True,0,28,x_R01_EXIT_B | x_R02_EXIT_B | x_R03_EXIT_A | x_R04_EXIT_E | x_R05_EXIT_C | x_R06_EXIT_G | x_R07_EXIT_H | x_R08_EXIT_D | x_R09_EXIT_G | x_R10_EXIT_G | x_R11_EXIT_D | x_R12_EXIT_B | x_R13_EXIT_C | x_R14_EXIT_A | x_R15_EXIT_G | x_R16_EXIT_H | x_R20_EXIT_A | x_R24_EXIT_H | x_R25_EXIT_STAIRWELL | x_R28_EXIT_D | x_R29_EXIT_A | x_R30_EXIT_F | x_R31_EXIT_STAIRWELL | x_R32_EXIT_E | x_R33_EXIT_B | x_R34_EXIT_A | x_R35_EXIT_F | x_R36_EXIT_C
902,0.9264100455802122,1,True,0,28,x_R01_EXIT_A | x_R02_EXIT_D | x_R03_EXIT_G | x_R04_EXIT_STAIRWELL | x_R05_EXIT_G | x_R06_EXIT_B | x_R07_EXIT_D | x_R08_EXIT_F | x_R09_EXIT_D | x_R10_EXIT_G | x_R11_EXIT_H | x_R12_EXIT_G | x_R13_EXIT_F | x_R14_EXIT_STAIRWELL | x_R15_EXIT_D | x_R16_EXIT_F | x_R20_EXIT_H | x_R24_EXIT_B | x_R25_EXIT_H | x_R28_EXIT_A | x_R29_EXIT_G | x_R30_EXIT_E | x_R31_EXIT_C | x_R32_EXIT_E | x_R33_EXIT_B | x_R34_EXIT_H | x_R35_EXIT_D | x_R36_EXIT_H
903,0.9267378146207079,1,True,0,28,x_R01_EXIT_C | x_R02_EXIT_D | x_R03_EXIT_E | x_R04_EXIT_D | x_R05_EXIT_G | x_R06_EXIT_F | x_R07_EXIT_H | x_R08_EXIT_F | x_R09_EXIT_D | x_R10_EXIT_G | x_R11_EXIT_STAIRWELL | x_R12_EXIT_F | x_R13_EXIT_F | x_R14_EXIT_E | x_R15_EXIT_G | x_R16_EXIT_A | x_R20_EXIT_D | x_R24_EXIT_C | x_R25_EXIT_D | x_R28_EXIT_E | x_R29_EXIT_D | x_R30_EXIT_STAIRWELL | x_R31_EXIT_H | x_R32_EXIT_STAIRWELL | x_R33_EXIT_A | x_R34_EXIT_F | x_R35_EXIT_C | x_R36_EXIT_F
904,0.9272852885495695,1,True,0,28,x_R01_EXIT_C | x_R02_EXIT_G | x_R03_EXIT_A | x_R04_EXIT_D | x_R05_EXIT_A | x_R06_EXIT_STAIRWELL | x_R07_EXIT_D | x_R08_EXIT_C | x_R09_EXIT_G | x_R10_EXIT_C | x_R11_EXIT_B | x_R12_EXIT_D | x_R13_EXIT_C | x_R14_EXIT_E | x_R15_EXIT_B | x_R16_EXIT_B | x_R20_EXIT_E | x_R24_EXIT_A | x_R25_EXIT_E | x_R28_EXIT_E | x_R29_EXIT_C | x_R30_EXIT_H | x_R31_EXIT_B | x_R32_EXIT_E | x_R33_EXIT_D | x_R34_EXIT_G | x_R35_EXIT_D | x_R36_EXIT_B
905,0.9274376844714425,1,True,0,28,x_R01_EXIT_STAIRWELL | x_R02_EXIT_H | x_R03_EXIT_H | x_R04_EXIT_E | x_R05_EXIT_A | x_R06_EXIT_A | x_R07_EXIT_F | x_R08_EXIT_C | x_R09_EXIT_F | x_R10_EXIT_C | x_R11_EXIT_STAIRWELL | x_R12_EXIT_D | x_R13_EXIT_G | x_R14_EXIT_B | x_R15_EXIT_F | x_R16_EXIT_C | x_R20_EXIT_G | x_R24_EXIT_D | x_R25_EXIT_F | x_R28_EXIT_D | x_R29_EXIT_H | x_R30_EXIT_C | x_R31_EXIT_H | x_R32_EXIT_H | x_R33_EXIT_C | x_R34_EXIT_A | x_R35_EXIT_H | x_R36_EXIT_C
906,0.9279556809067344,1,True,0,28,x_R01_EXIT_H | x_R02_EXIT_D | x_R03_EXIT_STAIRWELL | x_R04_EXIT_E | x_R05_EXIT_H | x_R06_EXIT_F | x_R07_EXIT_G | x_R08_EXIT_STAIRWELL | x_R09_EXIT_F | x_R10_EXIT_G | x_R11_EXIT_STAIRWELL | x_R12_EXIT_G | x_R13_EXIT_H | x_R14_EXIT_STAIRWELL | x_R15_EXIT_D | x_R16_EXIT_F | x_R20_EXIT_B | x_R24_EXIT_G | x_R25_EXIT_STAIRWELL | x_R28_EXIT_G | x_R29_EXIT_H | x_R30_EXIT_A | x_R31_EXIT_B | x_R32_EXIT_G | x_R33_EXIT_A | x_R34_EXIT_STAIRWELL | x_R35_EXIT_B | x_R36_EXIT_B
907,0.9282317092429366,1,True,0,28,x_R01_EXIT_H | x_R02_EXIT_STAIRWELL | x_R03_EXIT_F | x_R04_EXIT_F | x_R05_EXIT_E | x_R06_EXIT_G | x_R07_EXIT_B | x_R08_EXIT_B | x_R09_EXIT_STAIRWELL | x_R10_EXIT_C | x_R11_EXIT_H | x_R12_EXIT_STAIRWELL | x_R13_EXIT_STAIRWELL | x_R14_EXIT_STAIRWELL | x_R15_EXIT_H | x_R16_EXIT_E | x_R20_EXIT_F | x_R24_EXIT_H | x_R25_EXIT_STAIRWELL | x_R28_EXIT_E | x_R29_EXIT_C | x_R30_EXIT_E | x_R31_EXIT_D | x_R32_EXIT_C | x_R33_EXIT_B | x_R34_EXIT_A | x_R35_EXIT_C | x_R36_EXIT_B
908,0.9282331867440803,1,True,0,28,x_R01_EXIT_H | x_R02_EXIT_E | x_R03_EXIT_D | x_R04_EXIT_H | x_R05_EXIT_F | x_R06_EXIT_F | x_R07_EXIT_F | x_R08_EXIT_A | x_R09_EXIT_E | x_R10_EXIT_B | x_R11_EXIT_A | x_R12_EXIT_A | x_R13_EXIT_A | x_R14_EXIT_D | x_R15_EXIT_A | x_R16_EXIT_G | x_R20_EXIT_E | x_R24_EXIT_C | x_R25_EXIT_H | x_R28_EXIT_B | x_R29_EXIT_B | x_R30_EXIT_G | x_R31_EXIT_D | x_R32_EXIT_F | x_R33_EXIT_G | x_R34_EXIT_H | x_R35_EXIT_D | x_R36_EXIT_A
909,0.9287487903411034,1,True,0,28,x_R01_EXIT_G | x_R02_EXIT_B | x_R03_EXIT_D | x_R04_EXIT_C | x_R05_EXIT_A | x_R06_EXIT_G | x_R07_EXIT_F | x_R08_EXIT_STAIRWELL | x_R09_EXIT_D | x_R10_EXIT_F | x_R11_EXIT_D | x_R12_EXIT_STAIRWELL | x_R13_EXIT_B | x_R14_EXIT_F | x_R15_EXIT_A | x_R16_EXIT_H | x_R20_EXIT_H | x_R24_EXIT_E | x_R25_EXIT_A | x_R28_EXIT_D | x_R29_EXIT_STAIRWELL | x_R30_EXIT_H | x_R31_EXIT_F | x_R32_EXIT_STAIRWELL | x_R33_EXIT_A | x_R34_EXIT_H | x_R35_EXIT_G | x_R36_EXIT_E
910,0.9288007528589901,1,True,0,28,x_R01_EXIT_STAIRWELL | x_R02_EXIT_E | x_R03_EXIT_G | x_R04_EXIT_F | x_R05_EXIT_STAIRWELL | x_R06_EXIT_B | x_R07_EXIT_H | x_R08_EXIT_D | x_R09_EXIT_D | x_R10_EXIT_B | x_R11_EXIT_D | x_R12_EXIT_A | x_R13_EXIT_E | x_R14_EXIT_A | x_R15_EXIT_STAIRWELL | x_R16_EXIT_E | x_R20_EXIT_B | x_R24_EXIT_H | x_R25_EXIT_G | x_R28_EXIT_F | x_R29_EXIT_F | x_R30_EXIT_C | x_R31_EXIT_C | x_R32_EXIT_A | x_R33_EXIT_E | x_R34_EXIT_D | x_R35_EXIT_H | x_R36_EXIT_G
911,0.9297119531776161,1,True,0,28,x_R01_EXIT_C | x_R02_EXIT_E | x_R03_EXIT_E | x_R04_EXIT_D | x_R05_EXIT_H | x_R06_EXIT_D | x_R07_EXIT_F | x_R08_EXIT_A | x_R09_EXIT_F | x_R10_EXIT_H | x_R11_EXIT_A | x_R12_EXIT_A | x_R13_EXIT_A | x_R14_EXIT_C | x_R15_EXIT_G | x_R16_EXIT_G | x_R20_EXIT_STAIRWELL | x_R24_EXIT_E | x_R25_EXIT_G | x_R28_EXIT_B | x_R29_EXIT_D | x_R30_EXIT_H | x_R31_EXIT_B | x_R32_EXIT_STAIRWELL | x_R33_EXIT_H | x_R34_EXIT_F | x_R35_EXIT_B | x_R36_EXIT_D
912,0.9297813513596793,1,True,0,28,x_R01_EXIT_STAIRWELL | x_R02_EXIT_C | x_R03_EXIT_B | x_R04_EXIT_A | x_R05_EXIT_G | x_R06_EXIT_H | x_R07_EXIT_G | x_R08_EXIT_A | x_R09_EXIT_F | x_R10_EXIT_H | x_R11_EXIT_F | x_R12_EXIT_G | x_R13_EXIT_F | x_R14_EXIT_F | x_R15_EXIT_STAIRWELL | x_R16_EXIT_E | x_R20_EXIT_F | x_R24_EXIT_G | x_R25_EXIT_H | x_R28_EXIT_STAIRWELL | x_R29_EXIT_B | x_R30_EXIT_D | x_R31_EXIT_H | x_R32_EXIT_D | x_R33_EXIT_G | x_R34_EXIT_C | x_R35_EXIT_F | x_R36_EXIT_STAIRWELL
913,0.9299628716314601,1,True,0,28,x_R01_EXIT_H | x_R02_EXIT_STAIRWELL | x_R03_EXIT_A | x_R04_EXIT_STAIRWELL | x_R05_EXIT_STAIRWELL | x_R06_EXIT_B | x_R07_EXIT_C | x_R08_EXIT_F | x_R09_EXIT_H | x_R10_EXIT_G | x_R11_EXIT_F | x_R12_EXIT_E | x_R13_EXIT_G | x_R14_EXIT_B | x_R15_EXIT_G | x_R16_EXIT_STAIRWELL | x_R20_EXIT_F | x_R24_EXIT_G | x_R25_EXIT_B | x_R28_EXIT_STAIRWELL | x_R29_EXIT_D | x_R30_EXIT_H | x_R31_EXIT_B | x_R32_EXIT_H | x_R33_EXIT_D | x_R34_EXIT_A | x_R35_EXIT_G | x_R36_EXIT_B
914,0.9316560523345174,1,True,0,28,x_R01_EXIT_B | x_R02_EXIT_STAIRWELL | x_R03_EXIT_H | x_R04_EXIT_H | x_R05_EXIT_G | x_R06_EXIT_C | x_R07_EXIT_E | x_R08_EXIT_D | x_R09_EXIT_E | x_R10_EXIT_C | x_R11_EXIT_D | x_R12_EXIT_G | x_R13_EXIT_D | x_R14_EXIT_C | x_R15_EXIT_STAIRWELL | x_R16_EXIT_STAIRWELL | x_R20_EXIT_B | x_R24_EXIT_E | x_R25_EXIT_F | x_R28_EXIT_D | x_R29_EXIT_E | x_R30_EXIT_B | x_R31_EXIT_C | x_R32_EXIT_C | x_R33_EXIT_D | x_R34_EXIT_F | x_R35_EXIT_A | x_R36_EXIT_E
915,0.9320020205922788,1,True,0,28,x_R01_EXIT_F | x_R02_EXIT_H | x_R03_EXIT_F | x_R04_EXIT_F | x_R05_EXIT_A | x_R06_EXIT_G | x_R07_EXIT_C | x_R08_EXIT_H | x_R09_EXIT_B | x_R10_EXIT_B | x_R11_EXIT_A | x_R12_EXIT_F | x_R13_EXIT_F | x_R14_EXIT_A | x_R15_EXIT_H | x_R16_EXIT_A | x_R20_EXIT_C | x_R24_EXIT_D | x_R25_EXIT_H | x_R28_EXIT_C | x_R29_EXIT_A | x_R30_EXIT_F | x_R31_EXIT_A | x_R32_EXIT_STAIRWELL | x_R33_EXIT_A | x_R34_EXIT_H | x_R35_EXIT_F | x_R36_EXIT_E
916,0.932028764876975,1,True,0,28,x_R01_EXIT_E | x_R02_EXIT_H | x_R03_EXIT_H | x_R04_EXIT_D | x_R05_EXIT_F | x_R06_EXIT_C | x_R07_EXIT_E | x_R08_EXIT_H | x_R09_EXIT_D | x_R10_EXIT_B | x_R11_EXIT_D | x_R12_EXIT_STAIRWELL | x_R13_EXIT_E | x_R14_EXIT_E | x_R15_EXIT_H | x_R16_EXIT_E | x_R20_EXIT_D | x_R24_EXIT_G | x_R25_EXIT_E | x_R28_EXIT_D | x_R29_EXIT_G | x_R30_EXIT_A | x_R31_EXIT_G | x_R32_EXIT_H | x_R33_EXIT_D | x_R34_EXIT_A | x_R35_EXIT_C | x_R36_EXIT_G
917,0.9321534030616476,1,True,0,28,x_R01_EXIT_E | x_R02_EXIT_D | x_R03_EXIT_H | x_R04_EXIT_A | x_R05_EXIT_H | x_R06_EXIT_H | x_R07_EXIT_A | x_R08_EXIT_F | x_R09_EXIT_STAIRWELL | x_R10_EXIT_F | x_R11_EXIT_C | x_R12_EXIT_B | x_R13_EXIT_E | x_R14_EXIT_H | x_R15_EXIT_C | x_R16_EXIT_F | x_R20_EXIT_A | x_R24_EXIT_B | x_R25_EXIT_E | x_R28_EXIT_A | x_R29_EXIT_A | x_R30_EXIT_D | x_R31_EXIT_G | x_R32_EXIT_D | x_R33_EXIT_D | x_R34_EXIT_A | x_R35_EXIT_A | x_R36_EXIT_G
918,0.9326161007072642,1,True,0,28,x_R01_EXIT_B | x_R02_EXIT_G | x_R03_EXIT_F | x_R04_EXIT_A | x_R05_EXIT_C | x_R06_EXIT_A | x_R07_EXIT_F | x_R08_EXIT_H | x_R09_EXIT_G | x_R10_EXIT_A | x_R11_EXIT_H | x_R12_EXIT_B | x_R13_EXIT_F | x_R14_EXIT_D | x_R15_EXIT_F | x_R16_EXIT_E | x_R20_EXIT_C | x_R24_EXIT_H | x_R25_EXIT_B | x_R28_EXIT_E | x_R29_EXIT_B | x_R30_EXIT_D | x_R31_EXIT_E | x_R32_EXIT_E | x_R33_EXIT_A | x_R34_EXIT_C | x_R35_EXIT_E | x_R36_EXIT_B
919,0.9332161325519337,1,True,0,28,x_R01_EXIT_STAIRWELL | x_R02_EXIT_B | x_R03_EXIT_F | x_R04_EXIT_A | x_R05_EXIT_G | x_R06_EXIT_H | x_R07_EXIT_C | x_R08_EXIT_B | x_R09_EXIT_G | x_R10_EXIT_A | x_R11_EXIT_E | x_R12_EXIT_G | x_R13_EXIT_E | x_R14_EXIT_C | x_R15_EXIT_E | x_R16_EXIT_D | x_R20_EXIT_D | x_R24_EXIT_B | x_R25_EXIT_H | x_R28_EXIT_C | x_R29_EXIT_STAIRWELL | x_R30_EXIT_A | x_R31_EXIT_H | x_R32_EXIT_H | x_R33_EXIT_E | x_R34_EXIT_E | x_R35_EXIT_C | x_R36_EXIT_C
920,0.9338736786539243,1,True,0,28,x_R01_EXIT_E | x_R02_EXIT_STAIRWELL | x_R03_EXIT_A | x_R04_EXIT_F | x_R05_EXIT_B | x_R06_EXIT_B | x_R07_EXIT_C | x_R08_EXIT_B | x_R09_EXIT_E | x_R10_EXIT_E | x_R11_EXIT_C | x_R12_EXIT_E | x_R13_EXIT_A | x_R14_EXIT_E | x_R15_EXIT_E | x_R16_EXIT_F | x_R20_EXIT_STAIRWELL | x_R24_EXIT_A | x_R25_EXIT_E | x_R28_EXIT_F | x_R29_EXIT_E | x_R30_EXIT_F | x_R31_EXIT_D | x_R32_EXIT_B | x_R33_EXIT_B | x_R34_EXIT_D | x_R35_EXIT_D | x_R36_EXIT_D
921,0.9339394855354044,1,True,0,28,x_R01_EXIT_E | x_R02_EXIT_F | x_R03_EXIT_F | x_R04_EXIT_E | x_R05_EXIT_F | x_R06_EXIT_STAIRWELL | x_R07_EXIT_STAIRWELL | x_R08_EXIT_H | x_R09_EXIT_D | x_R10_EXIT_F | x_R11_EXIT_D | x_R12_EXIT_E | x_R13_EXIT_G | x_R14_EXIT_C | x_R15_EXIT_B | x_R16_EXIT_F | x_R20_EXIT_STAIRWELL | x_R24_EXIT_STAIRWELL | x_R25_EXIT_H | x_R28_EXIT_B | x_R29_EXIT_E | x_R30_EXIT_D | x_R31_EXIT_E | x_R32_EXIT_A | x_R33_EXIT_G | x_R34_EXIT_G | x_R35_EXIT_STAIRWELL | x_R36_EXIT_F
922,0.9343252063479781,1,True,0,28,x_R01_EXIT_A | x_R02_EXIT_F | x_R03_EXIT_G | x_R04_EXIT_STAIRWELL | x_R05_EXIT_E | x_R06_EXIT_F | x_R07_EXIT_C | x_R08_EXIT_F | x_R09_EXIT_B | x_R10_EXIT_H | x_R11_EXIT_E | x_R12_EXIT_D | x_R13_EXIT_C | x_R14_EXIT_F | x_R15_EXIT_E | x_R16_EXIT_A | x_R20_EXIT_STAIRWELL | x_R24_EXIT_E | x_R25_EXIT_B | x_R28_EXIT_F | x_R29_EXIT_C | x_R30_EXIT_A | x_R31_EXIT_F | x_R32_EXIT_D | x_R33_EXIT_A | x_R34_EXIT_D | x_R35_EXIT_C | x_R36_EXIT_E
923,0.9349150561321835,1,True,0,28,x_R01_EXIT_G | x_R02_EXIT_E | x_R03_EXIT_F | x_R04_EXIT_STAIRWELL | x_R05_EXIT_E | x_R06_EXIT_A | x_R07_EXIT_G | x_R08_EXIT_G | x_R09_EXIT_B | x_R10_EXIT_H | x_R11_EXIT_H | x_R12_EXIT_F | x_R13_EXIT_F | x_R14_EXIT_A | x_R15_EXIT_G | x_R16_EXIT_D | x_R20_EXIT_STAIRWELL | x_R24_EXIT_E | x_R25_EXIT_A | x_R28_EXIT_STAIRWELL | x_R29_EXIT_E | x_R30_EXIT_C | x_R31_EXIT_F | x_R32_EXIT_G | x_R33_EXIT_B | x_R34_EXIT_B | x_R35_EXIT_H | x_R36_EXIT_B
924,0.9349825802095779,1,True,0,28,x_R01_EXIT_G | x_R02_EXIT_A | x_R03_EXIT_G | x_R04_EXIT_STAIRWELL | x_R05_EXIT_E | x_R06_EXIT_STAIRWELL | x_R07_EXIT_STAIRWELL | x_R08_EXIT_E | x_R09_EXIT_D | x_R10_EXIT_A | x_R11_EXIT_E | x_R12_EXIT_C | x_R13_EXIT_STAIRWELL | x_R14_EXIT_E | x_R15_EXIT_A | x_R16_EXIT_F | x_R20_EXIT_F | x_R24_EXIT_A | x_R25_EXIT_H | x_R28_EXIT_C | x_R29_EXIT_B | x_R30_EXIT_E | x_R31_EXIT_A | x_R32_EXIT_D | x_R33_EXIT_E | x_R34_EXIT_B | x_R35_EXIT_H | x_R36_EXIT_F
925,0.9352765363796038,1,True,0,28,x_R01_EXIT_STAIRWELL | x_R02_EXIT_E | x_R03_EXIT_G | x_R04_EXIT_A | x_R05_EXIT_D | x_R06_EXIT_B | x_R07_EXIT_G | x_R08_EXIT_A | x_R09_EXIT_E | x_R10_EXIT_B | x_R11_EXIT_D | x_R12_EXIT_E | x_R13_EXIT_D | x_R14_EXIT_A | x_R15_EXIT_F | x_R16_EXIT_C | x_R20_EXIT_E | x_R24_EXIT_G | x_R25_EXIT_STAIRWELL | x_R28_EXIT_A | x_R29_EXIT_B | x_R30_EXIT_STAIRWELL | x_R31_EXIT_G | x_R32_EXIT_C | x_R33_EXIT_B | x_R34_EXIT_B | x_R35_EXIT_G | x_R36_EXIT_B
926,0.9359518176282222,1,True,0,28,x_R01_EXIT_E | x_R02_EXIT_STAIRWELL | x_R03_EXIT_H | x_R04_EXIT_G | x_R05_EXIT_G | x_R06_EXIT_G | x_R07_EXIT_D | x_R08_EXIT_E | x_R09_EXIT_C | x_R10_EXIT_STAIRWELL | x_R11_EXIT_D | x_R12_EXIT_A | x_R13_EXIT_G | x_R14_EXIT_STAIRWELL | x_R15_EXIT_G | x_R16_EXIT_B | x_R20_EXIT_STAIRWELL | x_R24_EXIT_H | x_R25_EXIT_STAIRWELL | x_R28_EXIT_STAIRWELL | x_R29_EXIT_D | x_R30_EXIT_G | x_R31_EXIT_E | x_R32_EXIT_STAIRWELL | x_R33_EXIT_D | x_R34_EXIT_H | x_R35_EXIT_G | x_R36_EXIT_F
927,0.9359971919508325,1,True,0,28,x_R01_EXIT_B | x_R02_EXIT_H | x_R03_EXIT_E | x_R04_EXIT_H | x_R05_EXIT_A | x_R06_EXIT_C | x_R07_EXIT_H | x_R08_EXIT_F | x_R09_EXIT_G | x_R10_EXIT_G | x_R11_EXIT_B | x_R12_EXIT_G | x_R13_EXIT_H | x_R14_EXIT_C | x_R15_EXIT_E | x_R16_EXIT_D | x_R20_EXIT_C | x_R24_EXIT_A | x_R25_EXIT_E | x_R28_EXIT_E | x_R29_EXIT_H | x_R30_EXIT_E | x_R31_EXIT_A | x_R32_EXIT_E | x_R33_EXIT_B | x_R34_EXIT_A | x_R35_EXIT_E | x_R36_EXIT_STAIRWELL
928,0.9376683159043182,1,True,0,28,x_R01_EXIT_STAIRWELL | x_R02_EXIT_F | x_R03_EXIT_E | x_R04_EXIT_STAIRWELL | x_R05_EXIT_C | x_R06_EXIT_F | x_R07_EXIT_G | x_R08_EXIT_D | x_R09_EXIT_E | x_R10_EXIT_A | x_R11_EXIT_B | x_R12_EXIT_F | x_R13_EXIT_F | x_R14_EXIT_F | x_R15_EXIT_B | x_R16_EXIT_B | x_R20_EXIT_F | x_R24_EXIT_B | x_R25_EXIT_C | x_R28_EXIT_E | x_R29_EXIT_B | x_R30_EXIT_B | x_R31_EXIT_H | x_R32_EXIT_G | x_R33_EXIT_E | x_R34_EXIT_E | x_R35_EXIT_F | x_R36_EXIT_C
929,0.9377910125310791,1,True,0,28,x_R01_EXIT_B | x_R02_EXIT_STAIRWELL | x_R03_EXIT_D | x_R04_EXIT_D | x_R05_EXIT_H | x_R06_EXIT_STAIRWELL | x_R07_EXIT_H | x_R08_EXIT_STAIRWELL | x_R09_EXIT_STAIRWELL | x_R10_EXIT_STAIRWELL | x_R11_EXIT_E | x_R12_EXIT_A | x_R13_EXIT_H | x_R14_EXIT_E | x_R15_EXIT_A | x_R16_EXIT_E | x_R20_EXIT_F | x_R24_EXIT_A | x_R25_EXIT_STAIRWELL | x_R28_EXIT_D | x_R29_EXIT_H | x_R30_EXIT_G | x_R31_EXIT_A | x_R32_EXIT_E | x_R33_EXIT_D | x_R34_EXIT_H | x_R35_EXIT_H | x_R36_EXIT_G
930,0.9378285225013769,1,True,0,28,x_R01_EXIT_D | x_R02_EXIT_E | x_R03_EXIT_G | x_R04_EXIT_STAIRWELL | x_R05_EXIT_A | x_R06_EXIT_STAIRWELL | x_R07_EXIT_D | x_R08_EXIT_STAIRWELL | x_R09_EXIT_F | x_R10_EXIT_STAIRWELL | x_R11_EXIT_H | x_R12_EXIT_F | x_R13_EXIT_F | x_R14_EXIT_H | x_R15_EXIT_H | x_R16_EXIT_F | x_R20_EXIT_C | x_R24_EXIT_F | x_R25_EXIT_STAIRWELL | x_R28_EXIT_A | x_R29_EXIT_F | x_R30_EXIT_C | x_R31_EXIT_B | x_R32_EXIT_F | x_R33_EXIT_B | x_R34_EXIT_B | x_R35_EXIT_STAIRWELL | x_R36_EXIT_B
931,0.9389828827127076,1,True,0,28,x_R01_EXIT_H | x_R02_EXIT_C | x_R03_EXIT_F | x_R04_EXIT_G | x_R05_EXIT_H | x_R06_EXIT_A | x_R07_EXIT_F | x_R08_EXIT_C | x_R09_EXIT_STAIRWELL | x_R10_EXIT_D | x_R11_EXIT_D | x_R12_EXIT_G | x_R13_EXIT_STAIRWELL | x_R14_EXIT_F | x_R15_EXIT_G | x_R16_EXIT_C | x_R20_EXIT_C | x_R24_EXIT_E | x_R25_EXIT_E | x_R28_EXIT_C | x_R29_EXIT_B | x_R30_EXIT_A | x_R31_EXIT_C | x_R32_EXIT_STAIRWELL | x_R33_EXIT_H | x_R34_EXIT_H | x_R35_EXIT_C | x_R36_EXIT_D
932,0.9392894505543268,1,True,0,28,x_R01_EXIT_G | x_R02_EXIT_E | x_R03_EXIT_B | x_R04_EXIT_H | x_R05_EXIT_D | x_R06_EXIT_F | x_R07_EXIT_H | x_R08_EXIT_D | x_R09_EXIT_A | x_R10_EXIT_STAIRWELL | x_R11_EXIT_STAIRWELL | x_R12_EXIT_D | x_R13_EXIT_E | x_R14_EXIT_D | x_R15_EXIT_H | x_R16_EXIT_G | x_R20_EXIT_STAIRWELL | x_R24_EXIT_B | x_R25_EXIT_A | x_R28_EXIT_D | x_R29_EXIT_H | x_R30_EXIT_B | x_R31_EXIT_H | x_R32_EXIT_G | x_R33_EXIT_D | x_R34_EXIT_F | x_R35_EXIT_H | x_R36_EXIT_G
933,0.9392931195340566,1,True,0,28,x_R01_EXIT_A | x_R02_EXIT_F | x_R03_EXIT_A | x_R04_EXIT_G | x_R05_EXIT_STAIRWELL | x_R06_EXIT_H | x_R07_EXIT_G | x_R08_EXIT_E | x_R09_EXIT_A | x_R10_EXIT_E | x_R11_EXIT_STAIRWELL | x_R12_EXIT_G | x_R13_EXIT_D | x_R14_EXIT_B | x_R15_EXIT_E | x_R16_EXIT_D | x_R20_EXIT_STAIRWELL | x_R24_EXIT_B | x_R25_EXIT_A | x_R28_EXIT_E | x_R29_EXIT_E | x_R30_EXIT_C | x_R31_EXIT_C | x_R32_EXIT_F | x_R33_EXIT_G | x_R34_EXIT_G | x_R35_EXIT_A | x_R36_EXIT_C
934,0.9395209013338786,1,True,0,28,x_R01_EXIT_E | x_R02_EXIT_G | x_R03_EXIT_E | x_R04_EXIT_E | x_R05_EXIT_D | x_R06_EXIT_A | x_R07_EXIT_A | x_R08_EXIT_STAIRWELL | x_R09_EXIT_C | x_R10_EXIT_B | x_R11_EXIT_C | x_R12_EXIT_A | x_R13_EXIT_C | x_R14_EXIT_B | x_R15_EXIT_A | x_R16_EXIT_F | x_R20_EXIT_F | x_R24_EXIT_C | x_R25_EXIT_F | x_R28_EXIT_E | x_R29_EXIT_STAIRWELL | x_R30_EXIT_B | x_R31_EXIT_B | x_R32_EXIT_D | x_R33_EXIT_E | x_R34_EXIT_A | x_R35_EXIT_C | x_R36_EXIT_C
935,0.9401874463630406,1,True,0,28,x_R01_EXIT_E | x_R02_EXIT_A | x_R03_EXIT_G | x_R04_EXIT_D | x_R05_EXIT_D | x_R06_EXIT_G | x_R07_EXIT_STAIRWELL | x_R08_EXIT_H | x_R09_EXIT_A | x_R10_EXIT_STAIRWELL | x_R11_EXIT_F | x_R12_EXIT_E | x_R13_EXIT_E | x_R14_EXIT_E | x_R15_EXIT_B | x_R16_EXIT_F | x_R20_EXIT_F | x_R24_EXIT_C | x_R25_EXIT_H | x_R28_EXIT_H | x_R29_EXIT_H | x_R30_EXIT_E | x_R31_EXIT_F | x_R32_EXIT_C | x_R33_EXIT_G | x_R34_EXIT_H | x_R35_EXIT_STAIRWELL | x_R36_EXIT_C
936,0.9408202801951688,1,True,0,28,x_R01_EXIT_E | x_R02_EXIT_E | x_R03_EXIT_E | x_R04_EXIT_STAIRWELL | x_R05_EXIT_F | x_R06_EXIT_F | x_R07_EXIT_E | x_R08_EXIT_G | x_R09_EXIT_B | x_R10_EXIT_H | x_R11_EXIT_G | x_R12_EXIT_STAIRWELL | x_R13_EXIT_E | x_R14_EXIT_E | x_R15_EXIT_STAIRWELL | x_R16_EXIT_G | x_R20_EXIT_C | x_R24_EXIT_F | x_R25_EXIT_D | x_R28_EXIT_STAIRWELL | x_R29_EXIT_G | x_R30_EXIT_F | x_R31_EXIT_F | x_R32_EXIT_F | x_R33_EXIT_G | x_R34_EXIT_A | x_R35_EXIT_D | x_R36_EXIT_A
937,0.9410491827850933,1,True,0,28,x_R01_EXIT_STAIRWELL | x_R02_EXIT_E | x_R03_EXIT_E | x_R04_EXIT_H | x_R05_EXIT_B | x_R06_EXIT_STAIRWELL | x_R07_EXIT_C | x_R08_EXIT_F | x_R09_EXIT_B | x_R10_EXIT_F | x_R11_EXIT_A | x_R12_EXIT_E | x_R13_EXIT_C | x_R14_EXIT_B | x_R15_EXIT_F | x_R16_EXIT_C | x_R20_EXIT_STAIRWELL | x_R24_EXIT_F | x_R25_EXIT_STAIRWELL | x_R28_EXIT_E | x_R29_EXIT_F | x_R30_EXIT_F | x_R31_EXIT_A | x_R32_EXIT_STAIRWELL | x_R33_EXIT_B | x_R34_EXIT_B | x_R35_EXIT_E | x_R36_EXIT_E
938,0.9415344354553667,1,True,0,28,x_R01_EXIT_H | x_R02_EXIT_B | x_R03_EXIT_H | x_R04_EXIT_STAIRWELL | x_R05_EXIT_A | x_R06_EXIT_D | x_R07_EXIT_STAIRWELL | x_R08_EXIT_F | x_R09_EXIT_D | x_R10_EXIT_A | x_R11_EXIT_E | x_R12_EXIT_F | x_R13_EXIT_C | x_R14_EXIT_C | x_R15_EXIT_B | x_R16_EXIT_G | x_R20_EXIT_D | x_R24_EXIT_STAIRWELL | x_R25_EXIT_H | x_R28_EXIT_D | x_R29_EXIT_D | x_R30_EXIT_D | x_R31_EXIT_F | x_R32_EXIT_A | x_R33_EXIT_F | x_R34_EXIT_A | x_R35_EXIT_F | x_R36_EXIT_E
939,0.9416431921573007,1,True,0,28,x_R01_EXIT_G | x_R02_EXIT_STAIRWELL | x_R03_EXIT_B | x_R04_EXIT_E | x_R05_EXIT_H | x_R06_EXIT_H | x_R07_EXIT_F | x_R08_EXIT_E | x_R09_EXIT_C | x_R10_EXIT_F | x_R11_EXIT_A | x_R12_EXIT_C | x_R13_EXIT_C | x_R14_EXIT_STAIRWELL | x_R15_EXIT_F | x_R16_EXIT_E | x_R20_EXIT_B | x_R24_EXIT_B | x_R25_EXIT_C | x_R28_EXIT_STAIRWELL | x_R29_EXIT_B | x_R30_EXIT_F | x_R31_EXIT_B | x_R32_EXIT_E | x_R33_EXIT_H | x_R34_EXIT_E | x_R35_EXIT_E | x_R36_EXIT_A
940,0.9439950765473668,1,True,0,28,x_R01_EXIT_G | x_R02_EXIT_A | x_R03_EXIT_D | x_R04_EXIT_E | x_R05_EXIT_E | x_R06_EXIT_H | x_R07_EXIT_STAIRWELL | x_R08_EXIT_G | x_R09_EXIT_H | x_R10_EXIT_B | x_R11_EXIT_G | x_R12_EXIT_G | x_R13_EXIT_E | x_R14_EXIT_B | x_R15_EXIT_D | x_R16_EXIT_F | x_R20_EXIT_H | x_R24_EXIT_E | x_R25_EXIT_STAIRWELL | x_R28_EXIT_B | x_R29_EXIT_STAIRWELL | x_R30_EXIT_B | x_R31_EXIT_STAIRWELL | x_R32_EXIT_H | x_R33_EXIT_H | x_R34_EXIT_E | x_R35_EXIT_D | x_R36_EXIT_E
941,0.9445919121297948,1,True,0,28,x_R01_EXIT_G | x_R02_EXIT_E | x_R03_EXIT_G | x_R04_EXIT_E | x_R05_EXIT_B | x_R06_EXIT_H | x_R07_EXIT_A | x_R08_EXIT_G | x_R09_EXIT_F | x_R10_EXIT_E | x_R11_EXIT_C | x_R12_EXIT_B | x_R13_EXIT_A | x_R14_EXIT_H | x_R15_EXIT_B | x_R16_EXIT_B | x_R20_EXIT_B | x_R24_EXIT_STAIRWELL | x_R25_EXIT_STAIRWELL | x_R28_EXIT_B | x_R29_EXIT_B | x_R30_EXIT_E | x_R31_EXIT_B | x_R32_EXIT_A | x_R33_EXIT_B | x_R34_EXIT_C | x_R35_EXIT_D | x_R36_EXIT_H
942,0.94461980377082,1,True,0,28,x_R01_EXIT_STAIRWELL | x_R02_EXIT_E | x_R03_EXIT_H | x_R04_EXIT_E | x_R05_EXIT_A | x_R06_EXIT_D | x_R07_EXIT_A | x_R08_EXIT_B | x_R09_EXIT_STAIRWELL | x_R10_EXIT_G | x_R11_EXIT_E | x_R12_EXIT_B | x_R13_EXIT_F | x_R14_EXIT_D | x_R15_EXIT_STAIRWELL | x_R16_EXIT_F | x_R20_EXIT_E | x_R24_EXIT_STAIRWELL | x_R25_EXIT_G | x_R28_EXIT_G | x_R29_EXIT_H | x_R30_EXIT_A | x_R31_EXIT_B | x_R32_EXIT_B | x_R33_EXIT_H | x_R34_EXIT_G | x_R35_EXIT_STAIRWELL | x_R36_EXIT_A
943,0.9449222641395068,1,True,0,28,x_R01_EXIT_H | x_R02_EXIT_A | x_R03_EXIT_E | x_R04_EXIT_E | x_R05_EXIT_A | x_R06_EXIT_D | x_R07_EXIT_F | x_R08_EXIT_E | x_R09_EXIT_C | x_R10_EXIT_C | x_R11_EXIT_A | x_R12_EXIT_STAIRWELL | x_R13_EXIT_A | x_R14_EXIT_D | x_R15_EXIT_A | x_R16_EXIT_G | x_R20_EXIT_A | x_R24_EXIT_G | x_R25_EXIT_G | x_R28_EXIT_F | x_R29_EXIT_E | x_R30_EXIT_C | x_R31_EXIT_F | x_R32_EXIT_H | x_R33_EXIT_B | x_R34_EXIT_STAIRWELL | x_R35_EXIT_E | x_R36_EXIT_G
944,0.9450467709841064,1,True,0,28,x_R01_EXIT_STAIRWELL | x_R02_EXIT_E | x_R03_EXIT_F | x_R04_EXIT_G | x_R05_EXIT_G | x_R06_EXIT_C | x_R07_EXIT_A | x_R08_EXIT_B | x_R09_EXIT_E | x_R10_EXIT_C | x_R11_EXIT_E | x_R12_EXIT_C | x_R13_EXIT_C | x_R14_EXIT_D | x_R15_EXIT_D | x_R16_EXIT_C | x_R20_EXIT_B | x_R24_EXIT_F | x_R25_EXIT_E | x_R28_EXIT_G | x_R29_EXIT_H | x_R30_EXIT_C | x_R31_EXIT_H | x_R32_EXIT_A | x_R33_EXIT_C | x_R34_EXIT_A | x_R35_EXIT_E | x_R36_EXIT_D
945,0.9452005376286365,1,True,0,28,x_R01_EXIT_E | x_R02_EXIT_F | x_R03_EXIT_A | x_R04_EXIT_C | x_R05_EXIT_B | x_R06_EXIT_A | x_R07_EXIT_E | x_R08_EXIT_A | x_R09_EXIT_A | x_R10_EXIT_B | x_R11_EXIT_G | x_R12_EXIT_G | x_R13_EXIT_G | x_R14_EXIT_H | x_R15_EXIT_B | x_R16_EXIT_G | x_R20_EXIT_H | x_R24_EXIT_G | x_R25_EXIT_F | x_R28_EXIT_F | x_R29_EXIT_B | x_R30_EXIT_H | x_R31_EXIT_A | x_R32_EXIT_F | x_R33_EXIT_H | x_R34_EXIT_E | x_R35_EXIT_D | x_R36_EXIT_G
946,0.945582151961105,1,True,0,28,x_R01_EXIT_E | x_R02_EXIT_F | x_R03_EXIT_A | x_R04_EXIT_C | x_R05_EXIT_G | x_R06_EXIT_E | x_R07_EXIT_F | x_R08_EXIT_C | x_R09_EXIT_C | x_R10_EXIT_E | x_R11_EXIT_H | x_R12_EXIT_H | x_R13_EXIT_E | x_R14_EXIT_H | x_R15_EXIT_STAIRWELL | x_R16_EXIT_H | x_R20_EXIT_H | x_R24_EXIT_D | x_R25_EXIT_H | x_R28_EXIT_D | x_R29_EXIT_G | x_R30_EXIT_D | x_R31_EXIT_B | x_R32_EXIT_B | x_R33_EXIT_B | x_R34_EXIT_A | x_R35_EXIT_A | x_R36_EXIT_G
947,0.9460220993232724,1,True,0,28,x_R01_EXIT_C | x_R02_EXIT_STAIRWELL | x_R03_EXIT_H | x_R04_EXIT_F | x_R05_EXIT_H | x_R06_EXIT_G | x_R07_EXIT_B | x_R08_EXIT_A | x_R09_EXIT_H | x_R10_EXIT_H | x_R11_EXIT_F | x_R12_EXIT_C | x_R13_EXIT_G | x_R14_EXIT_STAIRWELL | x_R15_EXIT_G | x_R16_EXIT_H | x_R20_EXIT_B | x_R24_EXIT_A | x_R25_EXIT_A | x_R28_EXIT_STAIRWELL | x_R29_EXIT_A | x_R30_EXIT_C | x_R31_EXIT_B | x_R32_EXIT_F | x_R33_EXIT_H | x_R34_EXIT_B | x_R35_EXIT_C | x_R36_EXIT_D
948,0.9466500672577354,1,True,0,28,x_R01_EXIT_D | x_R02_EXIT_B | x_R03_EXIT_STAIRWELL | x_R04_EXIT_G | x_R05_EXIT_G | x_R06_EXIT_D | x_R07_EXIT_E | x_R08_EXIT_STAIRWELL | x_R09_EXIT_E | x_R10_EXIT_STAIRWELL | x_R11_EXIT_H | x_R12_EXIT_A | x_R13_EXIT_STAIRWELL | x_R14_EXIT_E | x_R15_EXIT_E | x_R16_EXIT_A | x_R20_EXIT_B | x_R24_EXIT_C | x_R25_EXIT_H | x_R28_EXIT_F | x_R29_EXIT_F | x_R30_EXIT_B | x_R31_EXIT_E | x_R32_EXIT_STAIRWELL | x_R33_EXIT_B | x_R34_EXIT_B | x_R35_EXIT_B | x_R36_EXIT_D
949,0.9472655165330934,1,True,0,28,x_R01_EXIT_E | x_R02_EXIT_D | x_R03_EXIT_D | x_R04_EXIT_H | x_R05_EXIT_H | x_R06_EXIT_D | x_R07_EXIT_A | x_R08_EXIT_C | x_R09_EXIT_G | x_R10_EXIT_F | x_R11_EXIT_F | x_R12_EXIT_C | x_R13_EXIT_C | x_R14_EXIT_G | x_R15_EXIT_E | x_R16_EXIT_STAIRWELL | x_R20_EXIT_STAIRWELL | x_R24_EXIT_A | x_R25_EXIT_G | x_R28_EXIT_H | x_R29_EXIT_D | x_R30_EXIT_E | x_R31_EXIT_G | x_R32_EXIT_C | x_R33_EXIT_H | x_R34_EXIT_B | x_R35_EXIT_B | x_R36_EXIT_F
950,0.9488009458098077,1,True,0,28,x_R01_EXIT_E | x_R02_EXIT_B | x_R03_EXIT_E | x_R04_EXIT_STAIRWELL | x_R05_EXIT_A | x_R06_EXIT_H | x_R07_EXIT_B | x_R08_EXIT_C | x_R09_EXIT_F | x_R10_EXIT_C | x_R11_EXIT_E | x_R12_EXIT_D | x_R13_EXIT_A | x_R14_EXIT_B | x_R15_EXIT_B | x_R16_EXIT_STAIRWELL | x_R20_EXIT_D | x_R24_EXIT_A | x_R25_EXIT_B | x_R28_EXIT_A | x_R29_EXIT_C | x_R30_EXIT_F | x_R31_EXIT_E | x_R32_EXIT_A | x_R33_EXIT_A | x_R34_EXIT_F | x_R35_EXIT_H | x_R36_EXIT_B
951,0.9493446884173977,1,True,0,28,x_R01_EXIT_G | x_R02_EXIT_STAIRWELL | x_R03_EXIT_E | x_R04_EXIT_A | x_R05_EXIT_H | x_R06_EXIT_D | x_R07_EXIT_E | x_R08_EXIT_D | x_R09_EXIT_B | x_R10_EXIT_H | x_R11_EXIT_D | x_R12_EXIT_E | x_R13_EXIT_F | x_R14_EXIT_G | x_R15_EXIT_F | x_R16_EXIT_E | x_R20_EXIT_STAIRWELL | x_R24_EXIT_E | x_R25_EXIT_D | x_R28_EXIT_D | x_R29_EXIT_B | x_R30_EXIT_STAIRWELL | x_R31_EXIT_H | x_R32_EXIT_A | x_R33_EXIT_E | x_R34_EXIT_STAIRWELL | x_R35_EXIT_D | x_R36_EXIT_E
952,0.9497603313175773,1,True,0,28,x_R01_EXIT_C | x_R02_EXIT_D | x_R03_EXIT_E | x_R04_EXIT_A | x_R05_EXIT_E | x_R06_EXIT_H | x_R07_EXIT_H | x_R08_EXIT_F | x_R09_EXIT_E | x_R10_EXIT_H | x_R11_EXIT_E | x_R12_EXIT_A | x_R13_EXIT_F | x_R14_EXIT_STAIRWELL | x_R15_EXIT_E | x_R16_EXIT_F | x_R20_EXIT_C | x_R24_EXIT_E | x_R25_EXIT_G | x_R28_EXIT_G | x_R29_EXIT_B | x_R30_EXIT_STAIRWELL | x_R31_EXIT_C | x_R32_EXIT_B | x_R33_EXIT_F | x_R34_EXIT_STAIRWELL | x_R35_EXIT_C | x_R36_EXIT_C
953,0.950062355752209,1,True,0,28,x_R01_EXIT_F | x_R02_EXIT_G | x_R03_EXIT_C | x_R04_EXIT_G | x_R05_EXIT_STAIRWELL | x_R06_EXIT_G | x_R07_EXIT_C | x_R08_EXIT_STAIRWELL | x_R09_EXIT_D | x_R10_EXIT_C | x_R11_EXIT_G | x_R12_EXIT_G | x_R13_EXIT_STAIRWELL | x_R14_EXIT_A | x_R15_EXIT_H | x_R16_EXIT_H | x_R20_EXIT_F | x_R24_EXIT_E | x_R25_EXIT_H | x_R28_EXIT_A | x_R29_EXIT_H | x_R30_EXIT_STAIRWELL | x_R31_EXIT_STAIRWELL | x_R32_EXIT_D | x_R33_EXIT_G | x_R34_EXIT_B | x_R35_EXIT_F | x_R36_EXIT_B
954,0.9503052938447354,1,True,0,28,x_R01_EXIT_E | x_R02_EXIT_D | x_R03_EXIT_F | x_R04_EXIT_E | x_R05_EXIT_E | x_R06_EXIT_B | x_R07_EXIT_H | x_R08_EXIT_C | x_R09_EXIT_STAIRWELL | x_R10_EXIT_A | x_R11_EXIT_E | x_R12_EXIT_C | x_R13_EXIT_STAIRWELL | x_R14_EXIT_G | x_R15_EXIT_C | x_R16_EXIT_D | x_R20_EXIT_B | x_R24_EXIT_F | x_R25_EXIT_C | x_R28_EXIT_B | x_R29_EXIT_F | x_R30_EXIT_F | x_R31_EXIT_G | x_R32_EXIT_A | x_R33_EXIT_G | x_R34_EXIT_D | x_R35_EXIT_F | x_R36_EXIT_E
955,0.9503591585859681,1,True,0,28,x_R01_EXIT_C | x_R02_EXIT_B | x_R03_EXIT_G | x_R04_EXIT_STAIRWELL | x_R05_EXIT_G | x_R06_EXIT_C | x_R07_EXIT_C | x_R08_EXIT_E | x_R09_EXIT_E | x_R10_EXIT_A | x_R11_EXIT_E | x_R12_EXIT_G | x_R13_EXIT_D | x_R14_EXIT_D | x_R15_EXIT_B | x_R16_EXIT_H | x_R20_EXIT_F | x_R24_EXIT_D | x_R25_EXIT_H | x_R28_EXIT_E | x_R29_EXIT_STAIRWELL | x_R30_EXIT_A | x_R31_EXIT_E | x_R32_EXIT_E | x_R33_EXIT_F | x_R34_EXIT_STAIRWELL | x_R35_EXIT_G | x_R36_EXIT_E
956,0.950717021968785,1,True,0,28,x_R01_EXIT_E | x_R02_EXIT_H | x_R03_EXIT_A | x_R04_EXIT_B | x_R05_EXIT_B | x_R06_EXIT_D | x_R07_EXIT_A | x_R08_EXIT_G | x_R09_EXIT_G | x_R10_EXIT_G | x_R11_EXIT_G | x_R12_EXIT_A | x_R13_EXIT_D | x_R14_EXIT_C | x_R15_EXIT_D | x_R16_EXIT_G | x_R20_EXIT_G | x_R24_EXIT_A | x_R25_EXIT_B | x_R28_EXIT_F | x_R29_EXIT_C | x_R30_EXIT_E | x_R31_EXIT_B | x_R32_EXIT_D | x_R33_EXIT_G | x_R34_EXIT_C | x_R35_EXIT_G | x_R36_EXIT_F
957,0.9510478952628318,1,True,0,28,x_R01_EXIT_STAIRWELL | x_R02_EXIT_A | x_R03_EXIT_A | x_R04_EXIT_D | x_R05_EXIT_STAIRWELL | x_R06_EXIT_E | x_R07_EXIT_G | x_R08_EXIT_D | x_R09_EXIT_H | x_R10_EXIT_H | x_R11_EXIT_STAIRWELL | x_R12_EXIT_C | x_R13_EXIT_E | x_R14_EXIT_STAIRWELL | x_R15_EXIT_A | x_R16_EXIT_E | x_R20_EXIT_F | x_R24_EXIT_B | x_R25_EXIT_STAIRWELL | x_R28_EXIT_C | x_R29_EXIT_E | x_R30_EXIT_G | x_R31_EXIT_D | x_R32_EXIT_D | x_R33_EXIT_D | x_R34_EXIT_A | x_R35_EXIT_F | x_R36_EXIT_D
958,0.9523816532849878,1,True,0,28,x_R01_EXIT_F | x_R02_EXIT_G | x_R03_EXIT_C | x_R04_EXIT_STAIRWELL | x_R05_EXIT_E | x_R06_EXIT_STAIRWELL | x_R07_EXIT_B | x_R08_EXIT_D | x_R09_EXIT_STAIRWELL | x_R10_EXIT_A | x_R11_EXIT_E | x_R12_EXIT_G | x_R13_EXIT_A | x_R14_EXIT_H | x_R15_EXIT_E | x_R16_EXIT_H | x_R20_EXIT_H | x_R24_EXIT_C | x_R25_EXIT_F | x_R28_EXIT_F | x_R29_EXIT_B | x_R30_EXIT_G | x_R31_EXIT_C | x_R32_EXIT_E | x_R33_EXIT_B | x_R34_EXIT_F | x_R35_EXIT_G | x_R36_EXIT_G
959,0.9538170441899183,1,True,0,28,x_R01_EXIT_F | x_R02_EXIT_C | x_R03_EXIT_A | x_R04_EXIT_D | x_R05_EXIT_STAIRWELL | x_R06_EXIT_C | x_R07_EXIT_H | x_R08_EXIT_F | x_R09_EXIT_STAIRWELL | x_R10_EXIT_G | x_R11_EXIT_H | x_R12_EXIT_B | x_R13_EXIT_F | x_R14_EXIT_B | x_R15_EXIT_F | x_R16_EXIT_A | x_R20_EXIT_STAIRWELL | x_R24_EXIT_B | x_R25_EXIT_B | x_R28_EXIT_A | x_R29_EXIT_H | x_R30_EXIT_H | x_R31_EXIT_E | x_R32_EXIT_H | x_R33_EXIT_A | x_R34_EXIT_A | x_R35_EXIT_G | x_R36_EXIT_STAIRWELL
960,0.9553011277890278,1,True,0,28,x_R01_EXIT_H | x_R02_EXIT_D | x_R03_EXIT_A | x_R04_EXIT_H | x_R05_EXIT_H | x_R06_EXIT_C | x_R07_EXIT_A | x_R08_EXIT_D | x_R09_EXIT_B | x_R10_EXIT_D | x_R11_EXIT_F | x_R12_EXIT_C | x_R13_EXIT_C | x_R14_EXIT_E | x_R15_EXIT_G | x_R16_EXIT_B | x_R20_EXIT_H | x_R24_EXIT_H | x_R25_EXIT_H | x_R28_EXIT_F | x_R29_EXIT_H | x_R30_EXIT_D | x_R31_EXIT_C | x_R32_EXIT_H | x_R33_EXIT_B | x_R34_EXIT_B | x_R35_EXIT_G | x_R36_EXIT_C
961,0.955527367193838,1,True,0,28,x_R01_EXIT_A | x_R02_EXIT_H | x_R03_EXIT_F | x_R04_EXIT_G | x_R05_EXIT_STAIRWELL | x_R06_EXIT_D | x_R07_EXIT_G | x_R08_EXIT_F | x_R09_EXIT_B | x_R10_EXIT_A | x_R11_EXIT_F | x_R12_EXIT_G | x_R13_EXIT_B | x_R14_EXIT_D | x_R15_EXIT_G | x_R16_EXIT_B | x_R20_EXIT_A | x_R24_EXIT_C | x_R25_EXIT_D | x_R28_EXIT_E | x_R29_EXIT_H | x_R30_EXIT_A | x_R31_EXIT_A | x_R32_EXIT_B | x_R33_EXIT_G | x_R34_EXIT_C | x_R35_EXIT_STAIRWELL | x_R36_EXIT_A
962,0.9563861358300301,1,True,0,28,x_R01_EXIT_F | x_R02_EXIT_C | x_R03_EXIT_H | x_R04_EXIT_E | x_R05_EXIT_STAIRWELL | x_R06_EXIT_F | x_R07_EXIT_F | x_R08_EXIT_B | x_R09_EXIT_F | x_R10_EXIT_G | x_R11_EXIT_C | x_R12_EXIT_G | x_R13_EXIT_STAIRWELL | x_R14_EXIT_E | x_R15_EXIT_G | x_R16_EXIT_F | x_R20_EXIT_F | x_R24_EXIT_G | x_R25_EXIT_C | x_R28_EXIT_C | x_R29_EXIT_E | x_R30_EXIT_G | x_R31_EXIT_F | x_R32_EXIT_B | x_R33_EXIT_A | x_R34_EXIT_A | x_R35_EXIT_A | x_R36_EXIT_D
963,0.9565681952739169,1,True,0,28,x_R01_EXIT_G | x_R02_EXIT_H | x_R03_EXIT_F | x_R04_EXIT_STAIRWELL | x_R05_EXIT_E | x_R06_EXIT_F | x_R07_EXIT_H | x_R08_EXIT_C | x_R09_EXIT_H | x_R10_EXIT_E | x_R11_EXIT_STAIRWELL | x_R12_EXIT_H | x_R13_EXIT_G | x_R14_EXIT_B | x_R15_EXIT_H | x_R16_EXIT_A | x_R20_EXIT_E | x_R24_EXIT_H | x_R25_EXIT_B | x_R28_EXIT_B | x_R29_EXIT_H | x_R30_EXIT_C | x_R31_EXIT_C | x_R32_EXIT_B | x_R33_EXIT_STAIRWELL | x_R34_EXIT_F | x_R35_EXIT_F | x_R36_EXIT_B
964,0.9578978637163686,1,True,0,28,x_R01_EXIT_A | x_R02_EXIT_E | x_R03_EXIT_C | x_R04_EXIT_G | x_R05_EXIT_H | x_R06_EXIT_C | x_R07_EXIT_G | x_R08_EXIT_C | x_R09_EXIT_C | x_R10_EXIT_E | x_R11_EXIT_A | x_R12_EXIT_E | x_R13_EXIT_D | x_R14_EXIT_G | x_R15_EXIT_F | x_R16_EXIT_B | x_R20_EXIT_H | x_R24_EXIT_B | x_R25_EXIT_G | x_R28_EXIT_STAIRWELL | x_R29_EXIT_H | x_R30_EXIT_C | x_R31_EXIT_H | x_R32_EXIT_E | x_R33_EXIT_B | x_R34_EXIT_B | x_R35_EXIT_C | x_R36_EXIT_A
965,0.9579714444917613,1,True,0,28,x_R01_EXIT_A | x_R02_EXIT_F | x_R03_EXIT_E | x_R04_EXIT_E | x_R05_EXIT_G | x_R06_EXIT_E | x_R07_EXIT_H | x_R08_EXIT_A | x_R09_EXIT_E | x_R10_EXIT_E | x_R11_EXIT_G | x_R12_EXIT_STAIRWELL | x_R13_EXIT_B | x_R14_EXIT_F | x_R15_EXIT_D | x_R16_EXIT_F | x_R20_EXIT_F | x_R24_EXIT_C | x_R25_EXIT_A | x_R28_EXIT_C | x_R29_EXIT_C | x_R30_EXIT_E | x_R31_EXIT_D | x_R32_EXIT_B | x_R33_EXIT_E | x_R34_EXIT_B | x_R35_EXIT_C | x_R36_EXIT_A
966,0.9579716637363163,1,True,0,28,x_R01_EXIT_G | x_R02_EXIT_H | x_R03_EXIT_B | x_R04_EXIT_D | x_R05_EXIT_H | x_R06_EXIT_G | x_R07_EXIT_E | x_R08_EXIT_STAIRWELL | x_R09_EXIT_STAIRWELL | x_R10_EXIT_H | x_R11_EXIT_H | x_R12_EXIT_C | x_R13_EXIT_C | x_R14_EXIT_A | x_R15_EXIT_C | x_R16_EXIT_A | x_R20_EXIT_STAIRWELL | x_R24_EXIT_C | x_R25_EXIT_E | x_R28_EXIT_C | x_R29_EXIT_C | x_R30_EXIT_D | x_R31_EXIT_D | x_R32_EXIT_D | x_R33_EXIT_C | x_R34_EXIT_F | x_R35_EXIT_G | x_R36_EXIT_B
967,0.9585471846514793,1,True,0,28,x_R01_EXIT_STAIRWELL | x_R02_EXIT_D | x_R03_EXIT_D | x_R04_EXIT_D | x_R05_EXIT_G | x_R06_EXIT_STAIRWELL | x_R07_EXIT_A | x_R08_EXIT_E | x_R09_EXIT_G | x_R10_EXIT_B | x_R11_EXIT_STAIRWELL | x_R12_EXIT_C | x_R13_EXIT_H | x_R14_EXIT_B | x_R15_EXIT_STAIRWELL | x_R16_EXIT_G | x_R20_EXIT_D | x_R24_EXIT_G | x_R25_EXIT_C | x_R28_EXIT_E | x_R29_EXIT_H | x_R30_EXIT_C | x_R31_EXIT_D | x_R32_EXIT_B | x_R33_EXIT_H | x_R34_EXIT_G | x_R35_EXIT_STAIRWELL | x_R36_EXIT_H
968,0.9606599261615543,1,True,0,28,x_R01_EXIT_STAIRWELL | x_R02_EXIT_C | x_R03_EXIT_H | x_R04_EXIT_A | x_R05_EXIT_C | x_R06_EXIT_H | x_R07_EXIT_D | x_R08_EXIT_C | x_R09_EXIT_D | x_R10_EXIT_F | x_R11_EXIT_C | x_R12_EXIT_G | x_R13_EXIT_G | x_R14_EXIT_G | x_R15_EXIT_E | x_R16_EXIT_E | x_R20_EXIT_G | x_R24_EXIT_G | x_R25_EXIT_E | x_R28_EXIT_C | x_R29_EXIT_C | x_R30_EXIT_G | x_R31_EXIT_STAIRWELL | x_R32_EXIT_G | x_R33_EXIT_H | x_R34_EXIT_D | x_R35_EXIT_H | x_R36_EXIT_G
969,0.9615446254366589,1,True,0,28,x_R01_EXIT_B | x_R02_EXIT_E | x_R03_EXIT_G | x_R04_EXIT_STAIRWELL | x_R05_EXIT_D | x_R06_EXIT_STAIRWELL | x_R07_EXIT_E | x_R08_EXIT_E | x_R09_EXIT_H | x_R10_EXIT_G | x_R11_EXIT_E | x_R12_EXIT_C | x_R13_EXIT_A | x_R14_EXIT_E | x_R15_EXIT_E | x_R16_EXIT_D | x_R20_EXIT_G | x_R24_EXIT_E | x_R25_EXIT_A | x_R28_EXIT_D | x_R29_EXIT_A | x_R30_EXIT_STAIRWELL | x_R31_EXIT_B | x_R32_EXIT_G | x_R33_EXIT_H | x_R34_EXIT_C | x_R35_EXIT_F | x_R36_EXIT_F
970,0.9642312876808887,1,True,0,28,x_R01_EXIT_STAIRWELL | x_R02_EXIT_E | x_R03_EXIT_STAIRWELL | x_R04_EXIT_G | x_R05_EXIT_H | x_R06_EXIT_E | x_R07_EXIT_H | x_R08_EXIT_STAIRWELL | x_R09_EXIT_D | x_R10_EXIT_F | x_R11_EXIT_E | x_R12_EXIT_C | x_R13_EXIT_A | x_R14_EXIT_E | x_R15_EXIT_G | x_R16_EXIT_A | x_R20_EXIT_B | x_R24_EXIT_D | x_R25_EXIT_STAIRWELL | x_R28_EXIT_D | x_R29_EXIT_D | x_R30_EXIT_C | x_R31_EXIT_STAIRWELL | x_R32_EXIT_E | x_R33_EXIT_G | x_R34_EXIT_E | x_R35_EXIT_D | x_R36_EXIT_B
971,0.964502591697908,1,True,0,28,x_R01_EXIT_H | x_R02_EXIT_F | x_R03_EXIT_STAIRWELL | x_R04_EXIT_D | x_R05_EXIT_G | x_R06_EXIT_A | x_R07_EXIT_C | x_R08_EXIT_D | x_R09_EXIT_B | x_R10_EXIT_A | x_R11_EXIT_G | x_R12_EXIT_B | x_R13_EXIT_STAIRWELL | x_R14_EXIT_C | x_R15_EXIT_F | x_R16_EXIT_E | x_R20_EXIT_D | x_R24_EXIT_H | x_R25_EXIT_A | x_R28_EXIT_H | x_R29_EXIT_H | x_R30_EXIT_C | x_R31_EXIT_D | x_R32_EXIT_H | x_R33_EXIT_G | x_R34_EXIT_E | x_R35_EXIT_F | x_R36_EXIT_G
972,0.9649855358774175,1,True,0,28,x_R01_EXIT_C | x_R02_EXIT_D | x_R03_EXIT_B | x_R04_EXIT_C | x_R05_EXIT_C | x_R06_EXIT_G | x_R07_EXIT_G | x_R08_EXIT_D | x_R09_EXIT_F | x_R10_EXIT_STAIRWELL | x_R11_EXIT_E | x_R12_EXIT_G | x_R13_EXIT_G | x_R14_EXIT_B | x_R15_EXIT_STAIRWELL | x_R16_EXIT_F | x_R20_EXIT_B | x_R24_EXIT_STAIRWELL | x_R25_EXIT_B | x_R28_EXIT_B | x_R29_EXIT_D | x_R30_EXIT_D | x_R31_EXIT_D | x_R32_EXIT_A | x_R33_EXIT_D | x_R34_EXIT_B | x_R35_EXIT_B | x_R36_EXIT_E
973,0.9653349334086556,1,True,0,28,x_R01_EXIT_G | x_R02_EXIT_H | x_R03_EXIT_STAIRWELL | x_R04_EXIT_D | x_R05_EXIT_H | x_R06_EXIT_E | x_R07_EXIT_B | x_R08_EXIT_G | x_R09_EXIT_B | x_R10_EXIT_G | x_R11_EXIT_F | x_R12_EXIT_STAIRWELL | x_R13_EXIT_E | x_R14_EXIT_C | x_R15_EXIT_B | x_R16_EXIT_G | x_R20_EXIT_C | x_R24_EXIT_D | x_R25_EXIT_A | x_R28_EXIT_F | x_R29_EXIT_F | x_R30_EXIT_H | x_R31_EXIT_D | x_R32_EXIT_STAIRWELL | x_R33_EXIT_STAIRWELL | x_R34_EXIT_A | x_R35_EXIT_G | x_R36_EXIT_B
974,0.9690935330806951,1,True,0,28,x_R01_EXIT_C | x_R02_EXIT_D | x_R03_EXIT_E | x_R04_EXIT_G | x_R05_EXIT_B | x_R06_EXIT_H | x_R07_EXIT_H | x_R08_EXIT_H | x_R09_EXIT_G | x_R10_EXIT_E | x_R11_EXIT_F | x_R12_EXIT_E | x_R13_EXIT_G | x_R14_EXIT_E | x_R15_EXIT_STAIRWELL | x_R16_EXIT_E | x_R20_EXIT_E | x_R24_EXIT_STAIRWELL | x_R25_EXIT_A | x_R28_EXIT_G | x_R29_EXIT_A | x_R30_EXIT_B | x_R31_EXIT_D | x_R32_EXIT_F | x_R33_EXIT_H | x_R34_EXIT_G | x_R35_EXIT_G | x_R36_EXIT_A
975,0.9704155017483913,1,True,0,28,x_R01_EXIT_B | x_R02_EXIT_F | x_R03_EXIT_H | x_R04_EXIT_H | x_R05_EXIT_F | x_R06_EXIT_F | x_R07_EXIT_D | x_R08_EXIT_G | x_R09_EXIT_E | x_R10_EXIT_G | x_R11_EXIT_G | x_R12_EXIT_G | x_R13_EXIT_STAIRWELL | x_R14_EXIT_A | x_R15_EXIT_C | x_R16_EXIT_C | x_R20_EXIT_G | x_R24_EXIT_A | x_R25_EXIT_C | x_R28_EXIT_A | x_R29_EXIT_B | x_R30_EXIT_F | x_R31_EXIT_G | x_R32_EXIT_F | x_R33_EXIT_B | x_R34_EXIT_STAIRWELL | x_R35_EXIT_STAIRWELL | x_R36_EXIT_G
976,0.9708536654593445,1,True,0,28,x_R01_EXIT_C | x_R02_EXIT_F | x_R03_EXIT_G | x_R04_EXIT_H | x_R05_EXIT_STAIRWELL | x_R06_EXIT_F | x_R07_EXIT_STAIRWELL | x_R08_EXIT_D | x_R09_EXIT_H | x_R10_EXIT_B | x_R11_EXIT_E | x_R12_EXIT_A | x_R13_EXIT_G | x_R14_EXIT_F | x_R15_EXIT_G | x_R16_EXIT_STAIRWELL | x_R20_EXIT_B | x_R24_EXIT_B | x_R25_EXIT_G | x_R28_EXIT_C | x_R29_EXIT_A | x_R30_EXIT_B | x_R31_EXIT_STAIRWELL | x_R32_EXIT_F | x_R33_EXIT_A | x_R34_EXIT_F | x_R35_EXIT_F | x_R36_EXIT_E
977,0.9709355301907863,1,True,0,28,x_R01_EXIT_STAIRWELL | x_R02_EXIT_D | x_R03_EXIT_E | x_R04_EXIT_G | x_R05_EXIT_C | x_R06_EXIT_H | x_R07_EXIT_A | x_R08_EXIT_E | x_R09_EXIT_STAIRWELL | x_R10_EXIT_C | x_R11_EXIT_G | x_R12_EXIT_G | x_R13_EXIT_F | x_R14_EXIT_STAIRWELL | x_R15_EXIT_B | x_R16_EXIT_G | x_R20_EXIT_F | x_R24_EXIT_E | x_R25_EXIT_H | x_R28_EXIT_STAIRWELL | x_R29_EXIT_H | x_R30_EXIT_H | x_R31_EXIT_G | x_R32_EXIT_C | x_R33_EXIT_F | x_R34_EXIT_G | x_R35_EXIT_H | x_R36_EXIT_E
978,0.9713204756902769,1,True,0,28,x_R01_EXIT_G | x_R02_EXIT_F | x_R03_EXIT_STAIRWELL | x_R04_EXIT_STAIRWELL | x_R05_EXIT_G | x_R06_EXIT_H | x_R07_EXIT_B | x_R08_EXIT_D | x_R09_EXIT_F | x_R10_EXIT_A | x_R11_EXIT_D | x_R12_EXIT_C | x_R13_EXIT_C | x_R14_EXIT_E | x_R15_EXIT_B | x_R16_EXIT_E | x_R20_EXIT_C | x_R24_EXIT_D | x_R25_EXIT_H | x_R28_EXIT_H | x_R29_EXIT_A | x_R30_EXIT_STAIRWELL | x_R31_EXIT_D | x_R32_EXIT_F | x_R33_EXIT_STAIRWELL | x_R34_EXIT_H | x_R35_EXIT_E | x_R36_EXIT_E
979,0.9713338815553243,1,True,0,28,x_R01_EXIT_H | x_R02_EXIT_H | x_R03_EXIT_E | x_R04_EXIT_F | x_R05_EXIT_D | x_R06_EXIT_D | x_R07_EXIT_C | x_R08_EXIT_D | x_R09_EXIT_G | x_R10_EXIT_STAIRWELL | x_R11_EXIT_STAIRWELL | x_R12_EXIT_A | x_R13_EXIT_F | x_R14_EXIT_G | x_R15_EXIT_E | x_R16_EXIT_E | x_R20_EXIT_B | x_R24_EXIT_STAIRWELL | x_R25_EXIT_C | x_R28_EXIT_A | x_R29_EXIT_C | x_R30_EXIT_D | x_R31_EXIT_B | x_R32_EXIT_B | x_R33_EXIT_A | x_R34_EXIT_A | x_R35_EXIT_B | x_R36_EXIT_E
980,0.9718242720423973,1,True,0,28,x_R01_EXIT_F | x_R02_EXIT_E | x_R03_EXIT_F | x_R04_EXIT_F | x_R05_EXIT_E | x_R06_EXIT_E | x_R07_EXIT_G | x_R08_EXIT_B | x_R09_EXIT_A | x_R10_EXIT_E | x_R11_EXIT_F | x_R12_EXIT_B | x_R13_EXIT_G | x_R14_EXIT_A | x_R15_EXIT_H | x_R16_EXIT_D | x_R20_EXIT_B | x_R24_EXIT_B | x_R25_EXIT_C | x_R28_EXIT_B | x_R29_EXIT_STAIRWELL | x_R30_EXIT_G | x_R31_EXIT_D | x_R32_EXIT_F | x_R33_EXIT_C | x_R34_EXIT_STAIRWELL | x_R35_EXIT_E | x_R36_EXIT_E
981,0.9744192498739608,1,True,0,28,x_R01_EXIT_C | x_R02_EXIT_E | x_R03_EXIT_G | x_R04_EXIT_C | x_R05_EXIT_G | x_R06_EXIT_G | x_R07_EXIT_C | x_R08_EXIT_D | x_R09_EXIT_A | x_R10_EXIT_C | x_R11_EXIT_G | x_R12_EXIT_B | x_R13_EXIT_STAIRWELL | x_R14_EXIT_A | x_R15_EXIT_B | x_R16_EXIT_C | x_R20_EXIT_D | x_R24_EXIT_A | x_R25_EXIT_STAIRWELL | x_R28_EXIT_D | x_R29_EXIT_B | x_R30_EXIT_H | x_R31_EXIT_STAIRWELL | x_R32_EXIT_H | x_R33_EXIT_A | x_R34_EXIT_C | x_R35_EXIT_G | x_R36_EXIT_D
982,0.9770400515528195,1,True,0,28,x_R01_EXIT_E | x_R02_EXIT_G | x_R03_EXIT_C | x_R04_EXIT_F | x_R05_EXIT_E | x_R06_EXIT_B | x_R07_EXIT_F | x_R08_EXIT_G | x_R09_EXIT_C | x_R10_EXIT_G | x_R11_EXIT_H | x_R12_EXIT_D | x_R13_EXIT_STAIRWELL | x_R14_EXIT_C | x_R15_EXIT_G | x_R16_EXIT_F | x_R20_EXIT_H | x_R24_EXIT_F | x_R25_EXIT_A | x_R28_EXIT_H | x_R29_EXIT_F | x_R30_EXIT_A | x_R31_EXIT_E | x_R32_EXIT_D | x_R33_EXIT_STAIRWELL | x_R34_EXIT_STAIRWELL | x_R35_EXIT_G | x_R36_EXIT_C
983,0.9785963544439369,1,True,0,28,x_R01_EXIT_C | x_R02_EXIT_F | x_R03_EXIT_STAIRWELL | x_R04_EXIT_F | x_R05_EXIT_H | x_R06_EXIT_A | x_R07_EXIT_H | x_R08_EXIT_STAIRWELL | x_R09_EXIT_D | x_R10_EXIT_G | x_R11_EXIT_G | x_R12_EXIT_F | x_R13_EXIT_C | x_R14_EXIT_G | x_R15_EXIT_STAIRWELL | x_R16_EXIT_C | x_R20_EXIT_A | x_R24_EXIT_C | x_R25_EXIT_A | x_R28_EXIT_B | x_R29_EXIT_STAIRWELL | x_R30_EXIT_D | x_R31_EXIT_A | x_R32_EXIT_A | x_R33_EXIT_C | x_R34_EXIT_E | x_R35_EXIT_D | x_R36_EXIT_H
984,0.9791043563977837,1,True,0,28,x_R01_EXIT_STAIRWELL | x_R02_EXIT_H | x_R03_EXIT_E | x_R04_EXIT_H | x_R05_EXIT_E | x_R06_EXIT_D | x_R07_EXIT_A | x_R08_EXIT_G | x_R09_EXIT_STAIRWELL | x_R10_EXIT_H | x_R11_EXIT_D | x_R12_EXIT_D | x_R13_EXIT_STAIRWELL | x_R14_EXIT_D | x_R15_EXIT_D | x_R16_EXIT_A | x_R20_EXIT_C | x_R24_EXIT_A | x_R25_EXIT_E | x_R28_EXIT_H | x_R29_EXIT_C | x_R30_EXIT_H | x_R31_EXIT_B | x_R32_EXIT_A | x_R33_EXIT_E | x_R34_EXIT_B | x_R35_EXIT_D | x_R36_EXIT_D
985,0.9800843518301576,1,True,0,28,x_R01_EXIT_STAIRWELL | x_R02_EXIT_F | x_R03_EXIT_G | x_R04_EXIT_STAIRWELL | x_R05_EXIT_F | x_R06_EXIT_STAIRWELL | x_R07_EXIT_STAIRWELL | x_R08_EXIT_C | x_R09_EXIT_B | x_R10_EXIT_A | x_R11_EXIT_H | x_R12_EXIT_H | x_R13_EXIT_F | x_R14_EXIT_STAIRWELL | x_R15_EXIT_C | x_R16_EXIT_A | x_R20_EXIT_B | x_R24_EXIT_A | x_R25_EXIT_A | x_R28_EXIT_F | x_R29_EXIT_D | x_R30_EXIT_STAIRWELL | x_R31_EXIT_B | x_R32_EXIT_D | x_R33_EXIT_A | x_R34_EXIT_D | x_R35_EXIT_B | x_R36_EXIT_D
986,0.9801636182543803,1,True,0,28,x_R01_EXIT_F | x_R02_EXIT_F | x_R03_EXIT_D | x_R04_EXIT_STAIRWELL | x_R05_EXIT_F | x_R06_EXIT_G | x_R07_EXIT_D | x_R08_EXIT_D | x_R09_EXIT_E | x_R10_EXIT_C | x_R11_EXIT_B | x_R12_EXIT_A | x_R13_EXIT_C | x_R14_EXIT_B | x_R15_EXIT_B | x_R16_EXIT_C | x_R20_EXIT_B | x_R24_EXIT_B | x_R25_EXIT_STAIRWELL | x_R28_EXIT_C | x_R29_EXIT_F | x_R30_EXIT_E | x_R31_EXIT_D | x_R32_EXIT_B | x_R33_EXIT_A | x_R34_EXIT_B | x_R35_EXIT_D | x_R36_EXIT_B
987,0.9801751132378627,1,True,0,28,x_R01_EXIT_G | x_R02_EXIT_G | x_R03_EXIT_H | x_R04_EXIT_STAIRWELL | x_R05_EXIT_B | x_R06_EXIT_E | x_R07_EXIT_STAIRWELL | x_R08_EXIT_E | x_R09_EXIT_B | x_R10_EXIT_G | x_R11_EXIT_E | x_R12_EXIT_C | x_R13_EXIT_C | x_R14_EXIT_F | x_R15_EXIT_E | x_R16_EXIT_C | x_R20_EXIT_H | x_R24_EXIT_E | x_R25_EXIT_C | x_R28_EXIT_H | x_R29_EXIT_STAIRWELL | x_R30_EXIT_C | x_R31_EXIT_D | x_R32_EXIT_A | x_R33_EXIT_C | x_R34_EXIT_H | x_R35_EXIT_A | x_R36_EXIT_A
988,0.9810088394522154,1,True,0,28,x_R01_EXIT_G | x_R02_EXIT_STAIRWELL | x_R03_EXIT_F | x_R04_EXIT_F | x_R05_EXIT_E | x_R06_EXIT_F | x_R07_EXIT_C | x_R08_EXIT_B | x_R09_EXIT_H | x_R10_EXIT_H | x_R11_EXIT_G | x_R12_EXIT_E | x_R13_EXIT_E | x_R14_EXIT_E | x_R15_EXIT_G | x_R16_EXIT_A | x_R20_EXIT_C | x_R24_EXIT_C | x_R25_EXIT_H | x_R28_EXIT_G | x_R29_EXIT_B | x_R30_EXIT_A | x_R31_EXIT_A | x_R32_EXIT_H | x_R33_EXIT_STAIRWELL | x_R34_EXIT_B | x_R35_EXIT_C | x_R36_EXIT_G
989,0.9873038381140873,1,True,0,28,x_R01_EXIT_C | x_R02_EXIT_F | x_R03_EXIT_G | x_R04_EXIT_E | x_R05_EXIT_STAIRWELL | x_R06_EXIT_F | x_R07_EXIT_G | x_R08_EXIT_C | x_R09_EXIT_D | x_R10_EXIT_A | x_R11_EXIT_E | x_R12_EXIT_D | x_R13_EXIT_E | x_R14_EXIT_E | x_R15_EXIT_E | x_R16_EXIT_F | x_R20_EXIT_H | x_R24_EXIT_C | x_R25_EXIT_B | x_R28_EXIT_STAIRWELL | x_R29_EXIT_E | x_R30_EXIT_F | x_R31_EXIT_A | x_R32_EXIT_STAIRWELL | x_R33_EXIT_B | x_R34_EXIT_D | x_R35_EXIT_G | x_R36_EXIT_B
990,0.9904120880559049,1,True,0,28,x_R01_EXIT_STAIRWELL | x_R02_EXIT_STAIRWELL | x_R03_EXIT_A | x_R04_EXIT_B | x_R05_EXIT_F | x_R06_EXIT_G | x_R07_EXIT_G | x_R08_EXIT_B | x_R09_EXIT_G | x_R10_EXIT_F | x_R11_EXIT_STAIRWELL | x_R12_EXIT_A | x_R13_EXIT_A | x_R14_EXIT_G | x_R15_EXIT_A | x_R16_EXIT_C | x_R20_EXIT_C | x_R24_EXIT_A | x_R25_EXIT_STAIRWELL | x_R28_EXIT_F | x_R29_EXIT_C | x_R30_EXIT_H | x_R31_EXIT_G | x_R32_EXIT_D | x_R33_EXIT_H | x_R34_EXIT_B | x_R35_EXIT_STAIRWELL | x_R36_EXIT_C
991,0.9909757736209599,1,True,0,28,x_R01_EXIT_D | x_R02_EXIT_C | x_R03_EXIT_G | x_R04_EXIT_G | x_R05_EXIT_E | x_R06_EXIT_F | x_R07_EXIT_C | x_R08_EXIT_F | x_R09_EXIT_C | x_R10_EXIT_F | x_R11_EXIT_E | x_R12_EXIT_E | x_R13_EXIT_A | x_R14_EXIT_A | x_R15_EXIT_G | x_R16_EXIT_H | x_R20_EXIT_G | x_R24_EXIT_E | x_R25_EXIT_B | x_R28_EXIT_H | x_R29_EXIT_H | x_R30_EXIT_C | x_R31_EXIT_C | x_R32_EXIT_B | x_R33_EXIT_G | x_R34_EXIT_G | x_R35_EXIT_B | x_R36_EXIT_D
992,0.9910751782459783,1,True,0,28,x_R01_EXIT_C | x_R02_EXIT_C | x_R03_EXIT_STAIRWELL | x_R04_EXIT_E | x_R05_EXIT_B | x_R06_EXIT_H | x_R07_EXIT_H | x_R08_EXIT_F | x_R09_EXIT_G | x_R10_EXIT_D | x_R11_EXIT_B | x_R12_EXIT_C | x_R13_EXIT_E | x_R14_EXIT_E | x_R15_EXIT_B | x_R16_EXIT_E | x_R20_EXIT_A | x_R24_EXIT_D | x_R25_EXIT_H | x_R28_EXIT_E | x_R29_EXIT_B | x_R30_EXIT_A | x_R31_EXIT_A | x_R32_EXIT_C | x_R33_EXIT_B | x_R34_EXIT_F | x_R35_EXIT_F | x_R36_EXIT_C
993,0.9916726005653231,1,True,0,28,x_R01_EXIT_D | x_R02_EXIT_B | x_R03_EXIT_G | x_R04_EXIT_H | x_R05_EXIT_G | x_R06_EXIT_A | x_R07_EXIT_A | x_R08_EXIT_B | x_R09_EXIT_D | x_R10_EXIT_STAIRWELL | x_R11_EXIT_H | x_R12_EXIT_G | x_R13_EXIT_G | x_R14_EXIT_G | x_R15_EXIT_STAIRWELL | x_R16_EXIT_STAIRWELL | x_R20_EXIT_D | x_R24_EXIT_D | x_R25_EXIT_B | x_R28_EXIT_F | x_R29_EXIT_D | x_R30_EXIT_D | x_R31_EXIT_E | x_R32_EXIT_B | x_R33_EXIT_G | x_R34_EXIT_E | x_R35_EXIT_G | x_R36_EXIT_D
994,0.9920831455539201,1,True,0,28,x_R01_EXIT_C | x_R02_EXIT_D | x_R03_EXIT_B | x_R04_EXIT_E | x_R05_EXIT_B | x_R06_EXIT_D | x_R07_EXIT_G | x_R08_EXIT_STAIRWELL | x_R09_EXIT_G | x_R10_EXIT_B | x_R11_EXIT_G | x_R12_EXIT_B | x_R13_EXIT_F | x_R14_EXIT_B | x_R15_EXIT_STAIRWELL | x_R16_EXIT_F | x_R20_EXIT_A | x_R24_EXIT_E | x_R25_EXIT_A | x_R28_EXIT_A | x_R29_EXIT_A | x_R30_EXIT_A | x_R31_EXIT_B | x_R32_EXIT_A | x_R33_EXIT_F | x_R34_EXIT_D | x_R35_EXIT_G | x_R36_EXIT_D
995,0.9969173960784588,1,True,0,28,x_R01_EXIT_D | x_R02_EXIT_C | x_R03_EXIT_D | x_R04_EXIT_H | x_R05_EXIT_D | x_R06_EXIT_A | x_R07_EXIT_STAIRWELL | x_R08_EXIT_C | x_R09_EXIT_E | x_R10_EXIT_G | x_R11_EXIT_STAIRWELL | x_R12_EXIT_E | x_R13_EXIT_C | x_R14_EXIT_C | x_R15_EXIT_A | x_R16_EXIT_A | x_R20_EXIT_C | x_R24_EXIT_A | x_R25_EXIT_G | x_R28_EXIT_D | x_R29_EXIT_E | x_R30_EXIT_C | x_R31_EXIT_C | x_R32_EXIT_F | x_R33_EXIT_E | x_R34_EXIT_E | x_R35_EXIT_F | x_R36_EXIT_D
996,1.0000221911771519,1,True,0,28,x_R01_EXIT_E | x_R02_EXIT_D | x_R03_EXIT_H | x_R04_EXIT_F | x_R05_EXIT_F | x_R06_EXIT_B | x_R07_EXIT_E | x_R08_EXIT_B | x_R09_EXIT_B | x_R10_EXIT_H | x_R11_EXIT_E | x_R12_EXIT_A | x_R13_EXIT_B | x_R14_EXIT_STAIRWELL | x_R15_EXIT_E | x_R16_EXIT_F | x_R20_EXIT_C | x_R24_EXIT_C | x_R25_EXIT_B | x_R28_EXIT_G | x_R29_EXIT_H | x_R30_EXIT_E | x_R31_EXIT_A | x_R32_EXIT_C | x_R33_EXIT_A | x_R34_EXIT_D | x_R35_EXIT_E | x_R36_EXIT_B
997,1.0160895842515174,1,True,0,28,x_R01_EXIT_B | x_R02_EXIT_F | x_R03_EXIT_STAIRWELL | x_R04_EXIT_A | x_R05_EXIT_G | x_R06_EXIT_G | x_R07_EXIT_STAIRWELL | x_R08_EXIT_C | x_R09_EXIT_C | x_R10_EXIT_B | x_R11_EXIT_B | x_R12_EXIT_E | x_R13_EXIT_STAIRWELL | x_R14_EXIT_E | x_R15_EXIT_G | x_R16_EXIT_STAIRWELL | x_R20_EXIT_STAIRWELL | x_R24_EXIT_E | x_R25_EXIT_G | x_R28_EXIT_B | x_R29_EXIT_D | x_R30_EXIT_F | x_R31_EXIT_G | x_R32_EXIT_F | x_R33_EXIT_A | x_R34_EXIT_A | x_R35_EXIT_G | x_R36_EXIT_E
998,1.027912858176478,1,True,0,28,x_R01_EXIT_F | x_R02_EXIT_D | x_R03_EXIT_D | x_R04_EXIT_D | x_R05_EXIT_H | x_R06_EXIT_E | x_R07_EXIT_C | x_R08_EXIT_G | x_R09_EXIT_G | x_R10_EXIT_G | x_R11_EXIT_G | x_R12_EXIT_E | x_R13_EXIT_G | x_R14_EXIT_H | x_R15_EXIT_H | x_R16_EXIT_H | x_R20_EXIT_F | x_R24_EXIT_D | x_R25_EXIT_F | x_R28_EXIT_A | x_R29_EXIT_B | x_R30_EXIT_B | x_R31_EXIT_A | x_R32_EXIT_D | x_R33_EXIT_E | x_R34_EXIT_A | x_R35_EXIT_H | x_R36_EXIT_G
999,1.03613613429701,1,True,0,28,x_R01_EXIT_F | x_R02_EXIT_D | x_R03_EXIT_A | x_R04_EXIT_E | x_R05_EXIT_D | x_R06_EXIT_G | x_R07_EXIT_H | x_R08_EXIT_D | x_R09_EXIT_A | x_R10_EXIT_H | x_R11_EXIT_F | x_R12_EXIT_A | x_R13_EXIT_D | x_R14_EXIT_A | x_R15_EXIT_F | x_R16_EXIT_H | x_R20_EXIT_F | x_R24_EXIT_A | x_R25_EXIT_A | x_R28_EXIT_H | x_R29_EXIT_B | x_R30_EXIT_H | x_R31_EXIT_A | x_R32_EXIT_F | x_R33_EXIT_F | x_R34_EXIT_H | x_R35_EXIT_E | x_R36_EXIT_A
1000,1.0410423465120857,1,True,0,28,x_R01_EXIT_STAIRWELL | x_R02_EXIT_G | x_R03_EXIT_G | x_R04_EXIT_STAIRWELL | x_R05_EXIT_D | x_R06_EXIT_B | x_R07_EXIT_H | x_R08_EXIT_C | x_R09_EXIT_H | x_R10_EXIT_E | x_R11_EXIT_E | x_R12_EXIT_G | x_R13_EXIT_F | x_R14_EXIT_F | x_R15_EXIT_G | x_R16_EXIT_G | x_R20_EXIT_D | x_R24_EXIT_A | x_R25_EXIT_B | x_R28_EXIT_C | x_R29_EXIT_B | x_R30_EXIT_E | x_R31_EXIT_D | x_R32_EXIT_C | x_R33_EXIT_STAIRWELL | x_R34_EXIT_STAIRWELL | x_R35_EXIT_D | x_R36_EXIT_C
