rank,energy,num_occurrences,valid_exactly_one_exit_per_room,constraint_violation_count,chain_break_fraction,selected_variable_count,selected_variables
1,1.5026583666328959,4,True,0,0.0,8,x_R01_EXIT_A | x_R02_EXIT_A | x_R03_EXIT_A | x_R04_EXIT_A | x_R05_EXIT_A | x_R06_EXIT_B | x_R07_EXIT_B | x_R08_EXIT_B
2,1.5026583666328959,6,True,0,0.0,8,x_R01_EXIT_A | x_R02_EXIT_A | x_R03_EXIT_A | x_R04_EXIT_A | x_R05_EXIT_A | x_R06_EXIT_B | x_R07_EXIT_B | x_R08_EXIT_B
3,1.5026583666328959,4,True,0,0.0,8,x_R01_EXIT_A | x_R02_EXIT_A | x_R03_EXIT_A | x_R04_EXIT_A | x_R05_EXIT_A | x_R06_EXIT_B | x_R07_EXIT_B | x_R08_EXIT_B
4,1.5026583666328959,3,True,0,0.0,8,x_R01_EXIT_A | x_R02_EXIT_A | x_R03_EXIT_A | x_R04_EXIT_A | x_R05_EXIT_A | x_R06_EXIT_B | x_R07_EXIT_B | x_R08_EXIT_B
5,1.5074346018775509,6,True,0,0.0,8,x_R01_EXIT_A | x_R02_EXIT_A | x_R03_EXIT_A | x_R04_EXIT_B | x_R05_EXIT_A | x_R06_EXIT_B | x_R07_EXIT_B | x_R08_EXIT_B
6,1.5074346018775509,3,True,0,0.0,8,x_R01_EXIT_A | x_R02_EXIT_A | x_R03_EXIT_A | x_R04_EXIT_B | x_R05_EXIT_A | x_R06_EXIT_B | x_R07_EXIT_B | x_R08_EXIT_B
7,1.5074346018775509,2,True,0,0.0,8,x_R01_EXIT_A | x_R02_EXIT_A | x_R03_EXIT_A | x_R04_EXIT_B | x_R05_EXIT_A | x_R06_EXIT_B | x_R07_EXIT_B | x_R08_EXIT_B
8,1.5074346018775509,5,True,0,0.0,8,x_R01_EXIT_A | x_R02_EXIT_A | x_R03_EXIT_A | x_R04_EXIT_B | x_R05_EXIT_A | x_R06_EXIT_B | x_R07_EXIT_B | x_R08_EXIT_B
9,1.5105519802393388,1,True,0,0.0625,8,x_R01_EXIT_A | x_R02_EXIT_A | x_R03_EXIT_A | x_R04_EXIT_A | x_R05_EXIT_B | x_R06_EXIT_B | x_R07_EXIT_B | x_R08_EXIT_B
10,1.5105519802393388,1,True,0,0.0625,8,x_R01_EXIT_A | x_R02_EXIT_A | x_R03_EXIT_A | x_R04_EXIT_A | x_R05_EXIT_B | x_R06_EXIT_B | x_R07_EXIT_B | x_R08_EXIT_B
11,1.5105519802393388,2,True,0,0.0,8,x_R01_EXIT_A | x_R02_EXIT_A | x_R03_EXIT_A | x_R04_EXIT_A | x_R05_EXIT_B | x_R06_EXIT_B | x_R07_EXIT_B | x_R08_EXIT_B
12,1.5105519802393388,2,True,0,0.0,8,x_R01_EXIT_A | x_R02_EXIT_A | x_R03_EXIT_A | x_R04_EXIT_A | x_R05_EXIT_B | x_R06_EXIT_B | x_R07_EXIT_B | x_R08_EXIT_B
13,1.5105519802393388,2,True,0,0.0,8,x_R01_EXIT_A | x_R02_EXIT_A | x_R03_EXIT_A | x_R04_EXIT_A | x_R05_EXIT_B | x_R06_EXIT_B | x_R07_EXIT_B | x_R08_EXIT_B
14,1.5105519802393388,5,True,0,0.0,8,x_R01_EXIT_A | x_R02_EXIT_A | x_R03_EXIT_A | x_R04_EXIT_A | x_R05_EXIT_B | x_R06_EXIT_B | x_R07_EXIT_B | x_R08_EXIT_B
15,1.5382090000752504,3,True,0,0.0,8,x_R01_EXIT_A | x_R02_EXIT_A | x_R03_EXIT_A | x_R04_EXIT_B | x_R05_EXIT_B | x_R06_EXIT_B | x_R07_EXIT_B | x_R08_EXIT_B
16,1.5382090000752504,4,True,0,0.0,8,x_R01_EXIT_A | x_R02_EXIT_A | x_R03_EXIT_A | x_R04_EXIT_B | x_R05_EXIT_B | x_R06_EXIT_B | x_R07_EXIT_B | x_R08_EXIT_B
17,1.5382090000752504,4,True,0,0.0,8,x_R01_EXIT_A | x_R02_EXIT_A | x_R03_EXIT_A | x_R04_EXIT_B | x_R05_EXIT_B | x_R06_EXIT_B | x_R07_EXIT_B | x_R08_EXIT_B
18,1.5382090000752504,4,True,0,0.0,8,x_R01_EXIT_A | x_R02_EXIT_A | x_R03_EXIT_A | x_R04_EXIT_B | x_R05_EXIT_B | x_R06_EXIT_B | x_R07_EXIT_B | x_R08_EXIT_B
19,1.6206875829397744,3,True,0,0.0,8,x_R01_EXIT_A | x_R02_EXIT_B | x_R03_EXIT_A | x_R04_EXIT_A | x_R05_EXIT_A | x_R06_EXIT_B | x_R07_EXIT_B | x_R08_EXIT_B
20,1.6206875829397744,3,True,0,0.0,8,x_R01_EXIT_A | x_R02_EXIT_B | x_R03_EXIT_A | x_R04_EXIT_A | x_R05_EXIT_A | x_R06_EXIT_B | x_R07_EXIT_B | x_R08_EXIT_B
21,1.6206875829397744,3,True,0,0.0,8,x_R01_EXIT_A | x_R02_EXIT_B | x_R03_EXIT_A | x_R04_EXIT_A | x_R05_EXIT_A | x_R06_EXIT_B | x_R07_EXIT_B | x_R08_EXIT_B
22,1.6206875829397744,4,True,0,0.0,8,x_R01_EXIT_A | x_R02_EXIT_B | x_R03_EXIT_A | x_R04_EXIT_A | x_R05_EXIT_A | x_R06_EXIT_B | x_R07_EXIT_B | x_R08_EXIT_B
23,1.6322421220808174,3,True,0,0.0,8,x_R01_EXIT_A | x_R02_EXIT_B | x_R03_EXIT_A | x_R04_EXIT_A | x_R05_EXIT_B | x_R06_EXIT_B | x_R07_EXIT_B | x_R08_EXIT_B
24,1.6322421220808174,1,True,0,0.0625,8,x_R01_EXIT_A | x_R02_EXIT_B | x_R03_EXIT_A | x_R04_EXIT_A | x_R05_EXIT_B | x_R06_EXIT_B | x_R07_EXIT_B | x_R08_EXIT_B
25,1.6322421220808174,3,True,0,0.0,8,x_R01_EXIT_A | x_R02_EXIT_B | x_R03_EXIT_A | x_R04_EXIT_A | x_R05_EXIT_B | x_R06_EXIT_B | x_R07_EXIT_B | x_R08_EXIT_B
26,1.6322421220808174,1,True,0,0.0,8,x_R01_EXIT_A | x_R02_EXIT_B | x_R03_EXIT_A | x_R04_EXIT_A | x_R05_EXIT_B | x_R06_EXIT_B | x_R07_EXIT_B | x_R08_EXIT_B
27,1.6322421220808174,1,True,0,0.0,8,x_R01_EXIT_A | x_R02_EXIT_B | x_R03_EXIT_A | x_R04_EXIT_A | x_R05_EXIT_B | x_R06_EXIT_B | x_R07_EXIT_B | x_R08_EXIT_B
28,1.6401075203228315,7,True,0,0.0,8,x_R01_EXIT_A | x_R02_EXIT_B | x_R03_EXIT_A | x_R04_EXIT_B | x_R05_EXIT_A | x_R06_EXIT_B | x_R07_EXIT_B | x_R08_EXIT_B
29,1.6401075203228315,3,True,0,0.0,8,x_R01_EXIT_A | x_R02_EXIT_B | x_R03_EXIT_A | x_R04_EXIT_B | x_R05_EXIT_A | x_R06_EXIT_B | x_R07_EXIT_B | x_R08_EXIT_B
30,1.6401075203228315,2,True,0,0.0,8,x_R01_EXIT_A | x_R02_EXIT_B | x_R03_EXIT_A | x_R04_EXIT_B | x_R05_EXIT_A | x_R06_EXIT_B | x_R07_EXIT_B | x_R08_EXIT_B
31,1.674542844055131,1,True,0,0.0,8,x_R01_EXIT_A | x_R02_EXIT_B | x_R03_EXIT_A | x_R04_EXIT_B | x_R05_EXIT_B | x_R06_EXIT_B | x_R07_EXIT_B | x_R08_EXIT_B
32,1.674542844055131,2,True,0,0.0,8,x_R01_EXIT_A | x_R02_EXIT_B | x_R03_EXIT_A | x_R04_EXIT_B | x_R05_EXIT_B | x_R06_EXIT_B | x_R07_EXIT_B | x_R08_EXIT_B
33,1.674542844055131,2,True,0,0.0,8,x_R01_EXIT_A | x_R02_EXIT_B | x_R03_EXIT_A | x_R04_EXIT_B | x_R05_EXIT_B | x_R06_EXIT_B | x_R07_EXIT_B | x_R08_EXIT_B
34,1.6814159746688024,3,True,0,0.0,8,x_R01_EXIT_A | x_R02_EXIT_A | x_R03_EXIT_A | x_R04_EXIT_B | x_R05_EXIT_A | x_R06_EXIT_B | x_R07_EXIT_A | x_R08_EXIT_B
35,1.6814159746688024,5,True,0,0.0,8,x_R01_EXIT_A | x_R02_EXIT_A | x_R03_EXIT_A | x_R04_EXIT_B | x_R05_EXIT_A | x_R06_EXIT_B | x_R07_EXIT_A | x_R08_EXIT_B
36,1.6814159746688024,1,True,0,0.0,8,x_R01_EXIT_A | x_R02_EXIT_A | x_R03_EXIT_A | x_R04_EXIT_B | x_R05_EXIT_A | x_R06_EXIT_B | x_R07_EXIT_A | x_R08_EXIT_B
37,1.6995205240154032,3,True,0,0.0,8,x_R01_EXIT_A | x_R02_EXIT_A | x_R03_EXIT_A | x_R04_EXIT_A | x_R05_EXIT_A | x_R06_EXIT_B | x_R07_EXIT_A | x_R08_EXIT_B
38,1.6995205240154032,2,True,0,0.0,8,x_R01_EXIT_A | x_R02_EXIT_A | x_R03_EXIT_A | x_R04_EXIT_A | x_R05_EXIT_A | x_R06_EXIT_B | x_R07_EXIT_A | x_R08_EXIT_B
39,1.6995205240154032,1,True,0,0.0,8,x_R01_EXIT_A | x_R02_EXIT_A | x_R03_EXIT_A | x_R04_EXIT_A | x_R05_EXIT_A | x_R06_EXIT_B | x_R07_EXIT_A | x_R08_EXIT_B
40,1.6995205240154032,1,True,0,0.0,8,x_R01_EXIT_A | x_R02_EXIT_A | x_R03_EXIT_A | x_R04_EXIT_A | x_R05_EXIT_A | x_R06_EXIT_B | x_R07_EXIT_A | x_R08_EXIT_B
41,1.7028379807035952,1,True,0,0.0,8,x_R01_EXIT_A | x_R02_EXIT_A | x_R03_EXIT_A | x_R04_EXIT_A | x_R05_EXIT_B | x_R06_EXIT_B | x_R07_EXIT_A | x_R08_EXIT_B
42,1.7028379807035952,4,True,0,0.0,8,x_R01_EXIT_A | x_R02_EXIT_A | x_R03_EXIT_A | x_R04_EXIT_A | x_R05_EXIT_B | x_R06_EXIT_B | x_R07_EXIT_A | x_R08_EXIT_B
43,1.7028379807035952,3,True,0,0.0,8,x_R01_EXIT_A | x_R02_EXIT_A | x_R03_EXIT_A | x_R04_EXIT_A | x_R05_EXIT_B | x_R06_EXIT_B | x_R07_EXIT_A | x_R08_EXIT_B
44,1.7028379807035952,4,True,0,0.0,8,x_R01_EXIT_A | x_R02_EXIT_A | x_R03_EXIT_A | x_R04_EXIT_A | x_R05_EXIT_B | x_R06_EXIT_B | x_R07_EXIT_A | x_R08_EXIT_B
45,1.707614215948251,3,True,0,0.0,8,x_R01_EXIT_A | x_R02_EXIT_A | x_R03_EXIT_A | x_R04_EXIT_B | x_R05_EXIT_B | x_R06_EXIT_B | x_R07_EXIT_A | x_R08_EXIT_B
46,1.707614215948251,7,True,0,0.0,8,x_R01_EXIT_A | x_R02_EXIT_A | x_R03_EXIT_A | x_R04_EXIT_B | x_R05_EXIT_B | x_R06_EXIT_B | x_R07_EXIT_A | x_R08_EXIT_B
47,1.707614215948251,2,True,0,0.0,8,x_R01_EXIT_A | x_R02_EXIT_A | x_R03_EXIT_A | x_R04_EXIT_B | x_R05_EXIT_B | x_R06_EXIT_B | x_R07_EXIT_A | x_R08_EXIT_B
48,1.707614215948251,2,True,0,0.0,8,x_R01_EXIT_A | x_R02_EXIT_A | x_R03_EXIT_A | x_R04_EXIT_B | x_R05_EXIT_B | x_R06_EXIT_B | x_R07_EXIT_A | x_R08_EXIT_B
49,1.745678457736132,1,True,0,0.0625,8,x_R01_EXIT_B | x_R02_EXIT_A | x_R03_EXIT_A | x_R04_EXIT_A | x_R05_EXIT_A | x_R06_EXIT_B | x_R07_EXIT_B | x_R08_EXIT_B
50,1.745678457736132,4,True,0,0.0,8,x_R01_EXIT_B | x_R02_EXIT_A | x_R03_EXIT_A | x_R04_EXIT_A | x_R05_EXIT_A | x_R06_EXIT_B | x_R07_EXIT_B | x_R08_EXIT_B
51,1.745678457736132,1,True,0,0.0,8,x_R01_EXIT_B | x_R02_EXIT_A | x_R03_EXIT_A | x_R04_EXIT_A | x_R05_EXIT_A | x_R06_EXIT_B | x_R07_EXIT_B | x_R08_EXIT_B
52,1.7764528559338315,2,True,0,0.0,8,x_R01_EXIT_B | x_R02_EXIT_A | x_R03_EXIT_A | x_R04_EXIT_A | x_R05_EXIT_B | x_R06_EXIT_B | x_R07_EXIT_B | x_R08_EXIT_B
53,1.7764528559338315,6,True,0,0.0,8,x_R01_EXIT_B | x_R02_EXIT_A | x_R03_EXIT_A | x_R04_EXIT_A | x_R05_EXIT_B | x_R06_EXIT_B | x_R07_EXIT_B | x_R08_EXIT_B
54,1.8228751143971254,3,True,0,0.0,8,x_R01_EXIT_A | x_R02_EXIT_B | x_R03_EXIT_A | x_R04_EXIT_B | x_R05_EXIT_A | x_R06_EXIT_B | x_R07_EXIT_A | x_R08_EXIT_B
55,1.8228751143971254,1,True,0,0.0,8,x_R01_EXIT_A | x_R02_EXIT_B | x_R03_EXIT_A | x_R04_EXIT_B | x_R05_EXIT_A | x_R06_EXIT_B | x_R07_EXIT_A | x_R08_EXIT_B
56,1.8228751143971254,1,True,0,0.0,8,x_R01_EXIT_A | x_R02_EXIT_B | x_R03_EXIT_A | x_R04_EXIT_B | x_R05_EXIT_A | x_R06_EXIT_B | x_R07_EXIT_A | x_R08_EXIT_B
57,1.826335961605324,1,True,0,0.0,8,x_R01_EXIT_A | x_R02_EXIT_B | x_R03_EXIT_A | x_R04_EXIT_A | x_R05_EXIT_A | x_R06_EXIT_B | x_R07_EXIT_A | x_R08_EXIT_B
58,1.826335961605324,3,True,0,0.0,8,x_R01_EXIT_A | x_R02_EXIT_B | x_R03_EXIT_A | x_R04_EXIT_A | x_R05_EXIT_A | x_R06_EXIT_B | x_R07_EXIT_A | x_R08_EXIT_B
59,1.826335961605324,3,True,0,0.0,8,x_R01_EXIT_A | x_R02_EXIT_B | x_R03_EXIT_A | x_R04_EXIT_A | x_R05_EXIT_A | x_R06_EXIT_B | x_R07_EXIT_A | x_R08_EXIT_B
60,1.826335961605324,1,True,0,0.0625,8,x_R01_EXIT_A | x_R02_EXIT_B | x_R03_EXIT_A | x_R04_EXIT_A | x_R05_EXIT_A | x_R06_EXIT_B | x_R07_EXIT_A | x_R08_EXIT_B
61,1.826335961605324,2,True,0,0.0,8,x_R01_EXIT_A | x_R02_EXIT_B | x_R03_EXIT_A | x_R04_EXIT_A | x_R05_EXIT_A | x_R06_EXIT_B | x_R07_EXIT_A | x_R08_EXIT_B
62,1.833314343828116,1,True,0,0.0625,8,x_R01_EXIT_A | x_R02_EXIT_B | x_R03_EXIT_A | x_R04_EXIT_A | x_R05_EXIT_B | x_R06_EXIT_B | x_R07_EXIT_A | x_R08_EXIT_B
63,1.833314343828116,2,True,0,0.0,8,x_R01_EXIT_A | x_R02_EXIT_B | x_R03_EXIT_A | x_R04_EXIT_A | x_R05_EXIT_B | x_R06_EXIT_B | x_R07_EXIT_A | x_R08_EXIT_B
64,1.833314343828116,6,True,0,0.0,8,x_R01_EXIT_A | x_R02_EXIT_B | x_R03_EXIT_A | x_R04_EXIT_A | x_R05_EXIT_B | x_R06_EXIT_B | x_R07_EXIT_A | x_R08_EXIT_B
65,1.833314343828116,3,True,0,0.0,8,x_R01_EXIT_A | x_R02_EXIT_B | x_R03_EXIT_A | x_R04_EXIT_A | x_R05_EXIT_B | x_R06_EXIT_B | x_R07_EXIT_A | x_R08_EXIT_B
66,1.852734281211174,1,True,0,0.0,8,x_R01_EXIT_A | x_R02_EXIT_B | x_R03_EXIT_A | x_R04_EXIT_B | x_R05_EXIT_B | x_R06_EXIT_B | x_R07_EXIT_A | x_R08_EXIT_B
67,1.852734281211174,1,True,0,0.0,8,x_R01_EXIT_A | x_R02_EXIT_B | x_R03_EXIT_A | x_R04_EXIT_B | x_R05_EXIT_B | x_R06_EXIT_B | x_R07_EXIT_A | x_R08_EXIT_B
68,1.852734281211174,1,True,0,0.0,8,x_R01_EXIT_A | x_R02_EXIT_B | x_R03_EXIT_A | x_R04_EXIT_B | x_R05_EXIT_B | x_R06_EXIT_B | x_R07_EXIT_A | x_R08_EXIT_B
69,1.8775859238271828,2,True,0,0.0,8,x_R01_EXIT_A | x_R02_EXIT_A | x_R03_EXIT_A | x_R04_EXIT_A | x_R05_EXIT_B | x_R06_EXIT_A | x_R07_EXIT_B | x_R08_EXIT_B
70,1.8775859238271828,4,True,0,0.0,8,x_R01_EXIT_A | x_R02_EXIT_A | x_R03_EXIT_A | x_R04_EXIT_A | x_R05_EXIT_B | x_R06_EXIT_A | x_R07_EXIT_B | x_R08_EXIT_B
71,1.8775859238271828,1,True,0,0.0,8,x_R01_EXIT_A | x_R02_EXIT_A | x_R03_EXIT_A | x_R04_EXIT_A | x_R05_EXIT_B | x_R06_EXIT_A | x_R07_EXIT_B | x_R08_EXIT_B
72,1.8884189214015654,1,True,0,0.0,8,x_R01_EXIT_B | x_R02_EXIT_B | x_R03_EXIT_A | x_R04_EXIT_A | x_R05_EXIT_A | x_R06_EXIT_B | x_R07_EXIT_B | x_R08_EXIT_B
73,1.8884189214015654,2,True,0,0.0,8,x_R01_EXIT_B | x_R02_EXIT_B | x_R03_EXIT_A | x_R04_EXIT_A | x_R05_EXIT_A | x_R06_EXIT_B | x_R07_EXIT_B | x_R08_EXIT_B
74,1.8884189214015654,3,True,0,0.0,8,x_R01_EXIT_B | x_R02_EXIT_B | x_R03_EXIT_A | x_R04_EXIT_A | x_R05_EXIT_A | x_R06_EXIT_B | x_R07_EXIT_B | x_R08_EXIT_B
75,1.8884189214015654,1,True,0,0.0,8,x_R01_EXIT_B | x_R02_EXIT_B | x_R03_EXIT_A | x_R04_EXIT_A | x_R05_EXIT_A | x_R06_EXIT_B | x_R07_EXIT_B | x_R08_EXIT_B
76,1.8884189214015654,1,True,0,0.125,8,x_R01_EXIT_B | x_R02_EXIT_B | x_R03_EXIT_A | x_R04_EXIT_A | x_R05_EXIT_A | x_R06_EXIT_B | x_R07_EXIT_B | x_R08_EXIT_B
77,1.8925730948119965,1,True,0,0.0,8,x_R01_EXIT_A | x_R02_EXIT_A | x_R03_EXIT_A | x_R04_EXIT_A | x_R05_EXIT_A | x_R06_EXIT_A | x_R07_EXIT_B | x_R08_EXIT_B
78,1.8925730948119965,3,True,0,0.0,8,x_R01_EXIT_A | x_R02_EXIT_A | x_R03_EXIT_A | x_R04_EXIT_A | x_R05_EXIT_A | x_R06_EXIT_A | x_R07_EXIT_B | x_R08_EXIT_B
79,1.8925730948119965,2,True,0,0.0,8,x_R01_EXIT_A | x_R02_EXIT_A | x_R03_EXIT_A | x_R04_EXIT_A | x_R05_EXIT_A | x_R06_EXIT_A | x_R07_EXIT_B | x_R08_EXIT_B
80,1.8995230045928198,1,True,0,0.0,8,x_R01_EXIT_A | x_R02_EXIT_A | x_R03_EXIT_A | x_R04_EXIT_B | x_R05_EXIT_A | x_R06_EXIT_B | x_R07_EXIT_B | x_R08_EXIT_A
81,1.8995230045928198,1,True,0,0.0,8,x_R01_EXIT_A | x_R02_EXIT_A | x_R03_EXIT_A | x_R04_EXIT_B | x_R05_EXIT_A | x_R06_EXIT_B | x_R07_EXIT_B | x_R08_EXIT_A
82,1.9176275539394205,1,True,0,0.0,8,x_R01_EXIT_A | x_R02_EXIT_A | x_R03_EXIT_A | x_R04_EXIT_A | x_R05_EXIT_A | x_R06_EXIT_B | x_R07_EXIT_B | x_R08_EXIT_A
83,1.9176275539394205,2,True,0,0.0,8,x_R01_EXIT_A | x_R02_EXIT_A | x_R03_EXIT_A | x_R04_EXIT_A | x_R05_EXIT_A | x_R06_EXIT_B | x_R07_EXIT_B | x_R08_EXIT_A
84,1.9176275539394205,1,True,0,0.0,8,x_R01_EXIT_A | x_R02_EXIT_A | x_R03_EXIT_A | x_R04_EXIT_A | x_R05_EXIT_A | x_R06_EXIT_B | x_R07_EXIT_B | x_R08_EXIT_A
85,1.9176275539394205,2,True,0,0.0,8,x_R01_EXIT_A | x_R02_EXIT_A | x_R03_EXIT_A | x_R04_EXIT_A | x_R05_EXIT_A | x_R06_EXIT_B | x_R07_EXIT_B | x_R08_EXIT_A
86,1.922854245133865,4,True,0,0.0,8,x_R01_EXIT_B | x_R02_EXIT_B | x_R03_EXIT_A | x_R04_EXIT_A | x_R05_EXIT_B | x_R06_EXIT_B | x_R07_EXIT_B | x_R08_EXIT_B
87,1.922854245133865,2,True,0,0.0,8,x_R01_EXIT_B | x_R02_EXIT_B | x_R03_EXIT_A | x_R04_EXIT_A | x_R05_EXIT_B | x_R06_EXIT_B | x_R07_EXIT_B | x_R08_EXIT_B
88,1.9387348206473152,3,True,0,0.0,8,x_R01_EXIT_A | x_R02_EXIT_A | x_R03_EXIT_B | x_R04_EXIT_A | x_R05_EXIT_B | x_R06_EXIT_B | x_R07_EXIT_B | x_R08_EXIT_B
89,1.9387348206473152,2,True,0,0.0,8,x_R01_EXIT_A | x_R02_EXIT_A | x_R03_EXIT_B | x_R04_EXIT_A | x_R05_EXIT_B | x_R06_EXIT_B | x_R07_EXIT_B | x_R08_EXIT_B
90,1.9387348206473152,2,True,0,0.0,8,x_R01_EXIT_A | x_R02_EXIT_A | x_R03_EXIT_B | x_R04_EXIT_A | x_R05_EXIT_B | x_R06_EXIT_B | x_R07_EXIT_B | x_R08_EXIT_B
91,1.9494048504960166,2,True,0,0.0,8,x_R01_EXIT_B | x_R02_EXIT_A | x_R03_EXIT_A | x_R04_EXIT_A | x_R05_EXIT_A | x_R06_EXIT_B | x_R07_EXIT_A | x_R08_EXIT_B
92,1.9494048504960166,2,True,0,0.0,8,x_R01_EXIT_B | x_R02_EXIT_A | x_R03_EXIT_A | x_R04_EXIT_A | x_R05_EXIT_A | x_R06_EXIT_B | x_R07_EXIT_A | x_R08_EXIT_B
93,1.9494048504960166,1,True,0,0.0,8,x_R01_EXIT_B | x_R02_EXIT_A | x_R03_EXIT_A | x_R04_EXIT_A | x_R05_EXIT_A | x_R06_EXIT_B | x_R07_EXIT_A | x_R08_EXIT_B
94,1.9717118799782334,1,True,0,0.0,8,x_R01_EXIT_A | x_R02_EXIT_A | x_R03_EXIT_A | x_R04_EXIT_B | x_R05_EXIT_A | x_R06_EXIT_A | x_R07_EXIT_B | x_R08_EXIT_B
95,1.9717118799782334,2,True,0,0.0,8,x_R01_EXIT_A | x_R02_EXIT_A | x_R03_EXIT_A | x_R04_EXIT_B | x_R05_EXIT_A | x_R06_EXIT_A | x_R07_EXIT_B | x_R08_EXIT_B
96,1.9717118799782334,3,True,0,0.0,8,x_R01_EXIT_A | x_R02_EXIT_A | x_R03_EXIT_A | x_R04_EXIT_B | x_R05_EXIT_A | x_R06_EXIT_A | x_R07_EXIT_B | x_R08_EXIT_B
97,1.9717118799782334,1,True,0,0.0,8,x_R01_EXIT_A | x_R02_EXIT_A | x_R03_EXIT_A | x_R04_EXIT_B | x_R05_EXIT_A | x_R06_EXIT_A | x_R07_EXIT_B | x_R08_EXIT_B
98,1.9756030917754652,1,True,0,0.0,8,x_R01_EXIT_B | x_R02_EXIT_A | x_R03_EXIT_A | x_R04_EXIT_A | x_R05_EXIT_B | x_R06_EXIT_B | x_R07_EXIT_A | x_R08_EXIT_B
99,1.9756030917754652,2,True,0,0.0,8,x_R01_EXIT_B | x_R02_EXIT_A | x_R03_EXIT_A | x_R04_EXIT_A | x_R05_EXIT_B | x_R06_EXIT_B | x_R07_EXIT_A | x_R08_EXIT_B
100,1.9756030917754652,1,True,0,0.0,8,x_R01_EXIT_B | x_R02_EXIT_A | x_R03_EXIT_A | x_R04_EXIT_A | x_R05_EXIT_B | x_R06_EXIT_B | x_R07_EXIT_A | x_R08_EXIT_B
101,1.9756030917754652,2,True,0,0.0,8,x_R01_EXIT_B | x_R02_EXIT_A | x_R03_EXIT_A | x_R04_EXIT_A | x_R05_EXIT_B | x_R06_EXIT_B | x_R07_EXIT_A | x_R08_EXIT_B
102,1.9796054935846763,1,True,0,0.0,8,x_R01_EXIT_A | x_R02_EXIT_A | x_R03_EXIT_A | x_R04_EXIT_B | x_R05_EXIT_B | x_R06_EXIT_A | x_R07_EXIT_B | x_R08_EXIT_B
103,1.9796054935846763,2,True,0,0.0,8,x_R01_EXIT_A | x_R02_EXIT_A | x_R03_EXIT_A | x_R04_EXIT_B | x_R05_EXIT_B | x_R06_EXIT_A | x_R07_EXIT_B | x_R08_EXIT_B
104,1.9796054935846763,3,True,0,0.0,8,x_R01_EXIT_A | x_R02_EXIT_A | x_R03_EXIT_A | x_R04_EXIT_B | x_R05_EXIT_B | x_R06_EXIT_A | x_R07_EXIT_B | x_R08_EXIT_B
105,1.9823229723711984,5,True,0,0.0,8,x_R01_EXIT_A | x_R02_EXIT_A | x_R03_EXIT_B | x_R04_EXIT_A | x_R05_EXIT_A | x_R06_EXIT_B | x_R07_EXIT_B | x_R08_EXIT_B
106,1.9823229723711984,2,True,0,0.0,8,x_R01_EXIT_A | x_R02_EXIT_A | x_R03_EXIT_B | x_R04_EXIT_A | x_R05_EXIT_A | x_R06_EXIT_B | x_R07_EXIT_B | x_R08_EXIT_B
107,1.9892726250744817,1,True,0,0.0,8,x_R01_EXIT_A | x_R02_EXIT_A | x_R03_EXIT_B | x_R04_EXIT_B | x_R05_EXIT_B | x_R06_EXIT_B | x_R07_EXIT_B | x_R08_EXIT_B
108,1.9892726250744817,2,True,0,0.0,8,x_R01_EXIT_A | x_R02_EXIT_A | x_R03_EXIT_B | x_R04_EXIT_B | x_R05_EXIT_B | x_R06_EXIT_B | x_R07_EXIT_B | x_R08_EXIT_B
109,1.9892726250744817,2,True,0,0.0,8,x_R01_EXIT_A | x_R02_EXIT_A | x_R03_EXIT_B | x_R04_EXIT_B | x_R05_EXIT_B | x_R06_EXIT_B | x_R07_EXIT_B | x_R08_EXIT_B
110,1.9998837174674453,7,True,0,0.0,8,x_R01_EXIT_A | x_R02_EXIT_A | x_R03_EXIT_A | x_R04_EXIT_A | x_R05_EXIT_B | x_R06_EXIT_B | x_R07_EXIT_B | x_R08_EXIT_A
111,1.9998837174674453,1,True,0,0.0,8,x_R01_EXIT_A | x_R02_EXIT_A | x_R03_EXIT_A | x_R04_EXIT_A | x_R05_EXIT_B | x_R06_EXIT_B | x_R07_EXIT_B | x_R08_EXIT_A
112,2.004659952712101,3,True,0,0.0,8,x_R01_EXIT_A | x_R02_EXIT_A | x_R03_EXIT_A | x_R04_EXIT_B | x_R05_EXIT_B | x_R06_EXIT_B | x_R07_EXIT_B | x_R08_EXIT_A
113,2.004659952712101,1,True,0,0.0,8,x_R01_EXIT_A | x_R02_EXIT_A | x_R03_EXIT_A | x_R04_EXIT_B | x_R05_EXIT_B | x_R06_EXIT_B | x_R07_EXIT_B | x_R08_EXIT_A
114,2.004659952712101,2,True,0,0.0,8,x_R01_EXIT_A | x_R02_EXIT_A | x_R03_EXIT_A | x_R04_EXIT_B | x_R05_EXIT_B | x_R06_EXIT_B | x_R07_EXIT_B | x_R08_EXIT_A
115,2.004659952712101,1,True,0,0.0,8,x_R01_EXIT_A | x_R02_EXIT_A | x_R03_EXIT_A | x_R04_EXIT_B | x_R05_EXIT_B | x_R06_EXIT_B | x_R07_EXIT_B | x_R08_EXIT_A
116,2.007513148121514,1,True,0,0.0,8,x_R01_EXIT_A | x_R02_EXIT_B | x_R03_EXIT_A | x_R04_EXIT_A | x_R05_EXIT_B | x_R06_EXIT_A | x_R07_EXIT_B | x_R08_EXIT_B
117,2.007513148121514,2,True,0,0.0,8,x_R01_EXIT_A | x_R02_EXIT_B | x_R03_EXIT_A | x_R04_EXIT_A | x_R05_EXIT_B | x_R06_EXIT_A | x_R07_EXIT_B | x_R08_EXIT_B
118,2.007513148121514,1,True,0,0.0,8,x_R01_EXIT_A | x_R02_EXIT_B | x_R03_EXIT_A | x_R04_EXIT_A | x_R05_EXIT_B | x_R06_EXIT_A | x_R07_EXIT_B | x_R08_EXIT_B
119,2.007513148121514,3,True,0,0.0,8,x_R01_EXIT_A | x_R02_EXIT_B | x_R03_EXIT_A | x_R04_EXIT_A | x_R05_EXIT_B | x_R06_EXIT_A | x_R07_EXIT_B | x_R08_EXIT_B
120,2.0099799922071084,2,True,0,0.0,8,x_R01_EXIT_A | x_R02_EXIT_A | x_R03_EXIT_B | x_R04_EXIT_B | x_R05_EXIT_A | x_R06_EXIT_B | x_R07_EXIT_B | x_R08_EXIT_B
121,2.0099799922071084,1,True,0,0.0,8,x_R01_EXIT_A | x_R02_EXIT_A | x_R03_EXIT_B | x_R04_EXIT_B | x_R05_EXIT_A | x_R06_EXIT_B | x_R07_EXIT_B | x_R08_EXIT_B
122,2.0099799922071084,1,True,0,0.0,8,x_R01_EXIT_A | x_R02_EXIT_A | x_R03_EXIT_B | x_R04_EXIT_B | x_R05_EXIT_A | x_R06_EXIT_B | x_R07_EXIT_B | x_R08_EXIT_B
123,2.018839393571728,1,True,0,0.0,8,x_R01_EXIT_A | x_R02_EXIT_B | x_R03_EXIT_A | x_R04_EXIT_A | x_R05_EXIT_A | x_R06_EXIT_A | x_R07_EXIT_B | x_R08_EXIT_B
124,2.018839393571728,1,True,0,0.0,8,x_R01_EXIT_A | x_R02_EXIT_B | x_R03_EXIT_A | x_R04_EXIT_A | x_R05_EXIT_A | x_R06_EXIT_A | x_R07_EXIT_B | x_R08_EXIT_B
125,2.0285349975034994,1,True,0,0.0,8,x_R01_EXIT_A | x_R02_EXIT_B | x_R03_EXIT_A | x_R04_EXIT_B | x_R05_EXIT_A | x_R06_EXIT_B | x_R07_EXIT_B | x_R08_EXIT_A
126,2.0285349975034994,2,True,0,0.0,8,x_R01_EXIT_A | x_R02_EXIT_B | x_R03_EXIT_A | x_R04_EXIT_B | x_R05_EXIT_A | x_R06_EXIT_B | x_R07_EXIT_B | x_R08_EXIT_A
127,2.0285349975034994,2,True,0,0.0,8,x_R01_EXIT_A | x_R02_EXIT_B | x_R03_EXIT_A | x_R04_EXIT_B | x_R05_EXIT_A | x_R06_EXIT_B | x_R07_EXIT_B | x_R08_EXIT_A
128,2.0285349975034994,1,True,0,0.0,8,x_R01_EXIT_A | x_R02_EXIT_B | x_R03_EXIT_A | x_R04_EXIT_B | x_R05_EXIT_A | x_R06_EXIT_B | x_R07_EXIT_B | x_R08_EXIT_A
129,2.031995844711698,2,True,0,0.0,8,x_R01_EXIT_A | x_R02_EXIT_B | x_R03_EXIT_A | x_R04_EXIT_A | x_R05_EXIT_A | x_R06_EXIT_B | x_R07_EXIT_B | x_R08_EXIT_A
130,2.031995844711698,1,True,0,0.0,8,x_R01_EXIT_A | x_R02_EXIT_B | x_R03_EXIT_A | x_R04_EXIT_A | x_R05_EXIT_A | x_R06_EXIT_B | x_R07_EXIT_B | x_R08_EXIT_A
131,2.031995844711698,1,True,0,0.0,8,x_R01_EXIT_A | x_R02_EXIT_B | x_R03_EXIT_A | x_R04_EXIT_A | x_R05_EXIT_A | x_R06_EXIT_B | x_R07_EXIT_B | x_R08_EXIT_A
132,2.0640858880233934,2,True,0,0.0,8,x_R01_EXIT_A | x_R02_EXIT_B | x_R03_EXIT_B | x_R04_EXIT_A | x_R05_EXIT_B | x_R06_EXIT_B | x_R07_EXIT_B | x_R08_EXIT_B
133,2.0872328481388247,2,True,0,0.0,8,x_R01_EXIT_A | x_R02_EXIT_A | x_R03_EXIT_A | x_R04_EXIT_B | x_R05_EXIT_A | x_R06_EXIT_B | x_R07_EXIT_A | x_R08_EXIT_A
134,2.0872328481388247,2,True,0,0.0,8,x_R01_EXIT_A | x_R02_EXIT_A | x_R03_EXIT_A | x_R04_EXIT_B | x_R05_EXIT_A | x_R06_EXIT_B | x_R07_EXIT_A | x_R08_EXIT_A
135,2.0872328481388247,1,True,0,0.0,8,x_R01_EXIT_A | x_R02_EXIT_A | x_R03_EXIT_A | x_R04_EXIT_B | x_R05_EXIT_A | x_R06_EXIT_B | x_R07_EXIT_A | x_R08_EXIT_A
136,2.0872328481388247,4,True,0,0.0,8,x_R01_EXIT_A | x_R02_EXIT_A | x_R03_EXIT_A | x_R04_EXIT_B | x_R05_EXIT_A | x_R06_EXIT_B | x_R07_EXIT_A | x_R08_EXIT_A
137,2.1009315354444924,1,True,0,0.0,8,x_R01_EXIT_B | x_R02_EXIT_B | x_R03_EXIT_A | x_R04_EXIT_A | x_R05_EXIT_A | x_R06_EXIT_B | x_R07_EXIT_A | x_R08_EXIT_B
138,2.1009315354444924,3,True,0,0.0,8,x_R01_EXIT_B | x_R02_EXIT_B | x_R03_EXIT_A | x_R04_EXIT_A | x_R05_EXIT_A | x_R06_EXIT_B | x_R07_EXIT_A | x_R08_EXIT_B
139,2.1009315354444924,1,True,0,0.0625,8,x_R01_EXIT_B | x_R02_EXIT_B | x_R03_EXIT_A | x_R04_EXIT_A | x_R05_EXIT_A | x_R06_EXIT_B | x_R07_EXIT_A | x_R08_EXIT_B
140,2.104013114212677,1,True,0,0.0,8,x_R01_EXIT_A | x_R02_EXIT_B | x_R03_EXIT_B | x_R04_EXIT_A | x_R05_EXIT_A | x_R06_EXIT_B | x_R07_EXIT_B | x_R08_EXIT_B
141,2.104013114212677,2,True,0,0.0,8,x_R01_EXIT_A | x_R02_EXIT_B | x_R03_EXIT_B | x_R04_EXIT_A | x_R05_EXIT_A | x_R06_EXIT_B | x_R07_EXIT_B | x_R08_EXIT_B
142,2.104013114212677,3,True,0,0.0,8,x_R01_EXIT_A | x_R02_EXIT_B | x_R03_EXIT_B | x_R04_EXIT_A | x_R05_EXIT_A | x_R06_EXIT_B | x_R07_EXIT_B | x_R08_EXIT_B
143,2.110827050293068,1,True,0,0.0,8,x_R01_EXIT_B | x_R02_EXIT_A | x_R03_EXIT_A | x_R04_EXIT_B | x_R05_EXIT_A | x_R06_EXIT_B | x_R07_EXIT_B | x_R08_EXIT_B
144,2.110827050293068,1,True,0,0.0,8,x_R01_EXIT_B | x_R02_EXIT_A | x_R03_EXIT_A | x_R04_EXIT_B | x_R05_EXIT_A | x_R06_EXIT_B | x_R07_EXIT_B | x_R08_EXIT_B
145,2.110827050293068,3,True,0,0.0,8,x_R01_EXIT_B | x_R02_EXIT_A | x_R03_EXIT_A | x_R04_EXIT_B | x_R05_EXIT_A | x_R06_EXIT_B | x_R07_EXIT_B | x_R08_EXIT_B
146,2.110827050293068,2,True,0,0.0,8,x_R01_EXIT_B | x_R02_EXIT_A | x_R03_EXIT_A | x_R04_EXIT_B | x_R05_EXIT_A | x_R06_EXIT_B | x_R07_EXIT_B | x_R08_EXIT_B
147,2.112621880876367,4,True,0,0.0,8,x_R01_EXIT_A | x_R02_EXIT_B | x_R03_EXIT_A | x_R04_EXIT_B | x_R05_EXIT_A | x_R06_EXIT_A | x_R07_EXIT_B | x_R08_EXIT_B
148,2.112621880876367,2,True,0,0.0,8,x_R01_EXIT_A | x_R02_EXIT_B | x_R03_EXIT_A | x_R04_EXIT_B | x_R05_EXIT_A | x_R06_EXIT_A | x_R07_EXIT_B | x_R08_EXIT_B
149,2.112621880876367,2,True,0,0.0,8,x_R01_EXIT_A | x_R02_EXIT_B | x_R03_EXIT_A | x_R04_EXIT_B | x_R05_EXIT_A | x_R06_EXIT_A | x_R07_EXIT_B | x_R08_EXIT_B
150,2.1179129337743228,2,True,0,0.0,8,x_R01_EXIT_A | x_R02_EXIT_B | x_R03_EXIT_A | x_R04_EXIT_A | x_R05_EXIT_B | x_R06_EXIT_B | x_R07_EXIT_B | x_R08_EXIT_A
151,2.1179129337743228,1,True,0,0.0,8,x_R01_EXIT_A | x_R02_EXIT_B | x_R03_EXIT_A | x_R04_EXIT_A | x_R05_EXIT_B | x_R06_EXIT_B | x_R07_EXIT_B | x_R08_EXIT_A
152,2.1179129337743228,1,True,0,0.0,8,x_R01_EXIT_A | x_R02_EXIT_B | x_R03_EXIT_A | x_R04_EXIT_A | x_R05_EXIT_B | x_R06_EXIT_B | x_R07_EXIT_B | x_R08_EXIT_A
153,2.1241764200174096,4,True,0,0.0,8,x_R01_EXIT_A | x_R02_EXIT_B | x_R03_EXIT_A | x_R04_EXIT_B | x_R05_EXIT_B | x_R06_EXIT_A | x_R07_EXIT_B | x_R08_EXIT_B
154,2.1241764200174096,1,True,0,0.0,8,x_R01_EXIT_A | x_R02_EXIT_B | x_R03_EXIT_A | x_R04_EXIT_B | x_R05_EXIT_B | x_R06_EXIT_A | x_R07_EXIT_B | x_R08_EXIT_B
155,2.1241764200174096,3,True,0,0.0,8,x_R01_EXIT_A | x_R02_EXIT_B | x_R03_EXIT_A | x_R04_EXIT_B | x_R05_EXIT_B | x_R06_EXIT_A | x_R07_EXIT_B | x_R08_EXIT_B
156,2.1241764200174096,1,True,0,0.0,8,x_R01_EXIT_A | x_R02_EXIT_B | x_R03_EXIT_A | x_R04_EXIT_B | x_R05_EXIT_B | x_R06_EXIT_A | x_R07_EXIT_B | x_R08_EXIT_B
157,2.12644466419332,2,True,0,0.0,8,x_R01_EXIT_A | x_R02_EXIT_A | x_R03_EXIT_B | x_R04_EXIT_A | x_R05_EXIT_B | x_R06_EXIT_B | x_R07_EXIT_A | x_R08_EXIT_B
158,2.12644466419332,1,True,0,0.0,8,x_R01_EXIT_A | x_R02_EXIT_A | x_R03_EXIT_B | x_R04_EXIT_A | x_R05_EXIT_B | x_R06_EXIT_B | x_R07_EXIT_A | x_R08_EXIT_B
159,2.12644466419332,2,True,0,0.0,8,x_R01_EXIT_A | x_R02_EXIT_A | x_R03_EXIT_B | x_R04_EXIT_A | x_R05_EXIT_B | x_R06_EXIT_B | x_R07_EXIT_A | x_R08_EXIT_B
160,2.12644466419332,2,True,0,0.0,8,x_R01_EXIT_A | x_R02_EXIT_A | x_R03_EXIT_B | x_R04_EXIT_A | x_R05_EXIT_B | x_R06_EXIT_B | x_R07_EXIT_A | x_R08_EXIT_B
161,2.129267394588962,1,True,0,0.0,8,x_R01_EXIT_A | x_R02_EXIT_B | x_R03_EXIT_B | x_R04_EXIT_B | x_R05_EXIT_B | x_R06_EXIT_B | x_R07_EXIT_B | x_R08_EXIT_B
162,2.130790702258541,1,True,0,0.0,8,x_R01_EXIT_B | x_R02_EXIT_B | x_R03_EXIT_A | x_R04_EXIT_A | x_R05_EXIT_B | x_R06_EXIT_B | x_R07_EXIT_A | x_R08_EXIT_B
163,2.130790702258541,2,True,0,0.0,8,x_R01_EXIT_B | x_R02_EXIT_B | x_R03_EXIT_A | x_R04_EXIT_A | x_R05_EXIT_B | x_R06_EXIT_B | x_R07_EXIT_A | x_R08_EXIT_B
164,2.130790702258541,1,True,0,0.0,8,x_R01_EXIT_B | x_R02_EXIT_B | x_R03_EXIT_A | x_R04_EXIT_A | x_R05_EXIT_B | x_R06_EXIT_B | x_R07_EXIT_A | x_R08_EXIT_B
165,2.136226199606081,2,True,0,0.0,8,x_R01_EXIT_A | x_R02_EXIT_A | x_R03_EXIT_A | x_R04_EXIT_A | x_R05_EXIT_B | x_R06_EXIT_A | x_R07_EXIT_A | x_R08_EXIT_B
166,2.136226199606081,1,True,0,0.0,8,x_R01_EXIT_A | x_R02_EXIT_A | x_R03_EXIT_A | x_R04_EXIT_A | x_R05_EXIT_B | x_R06_EXIT_A | x_R07_EXIT_A | x_R08_EXIT_B
167,2.136226199606081,4,True,0,0.0,8,x_R01_EXIT_A | x_R02_EXIT_A | x_R03_EXIT_A | x_R04_EXIT_A | x_R05_EXIT_B | x_R06_EXIT_A | x_R07_EXIT_A | x_R08_EXIT_B
168,2.136226199606081,4,True,0,0.0,8,x_R01_EXIT_A | x_R02_EXIT_A | x_R03_EXIT_A | x_R04_EXIT_A | x_R05_EXIT_B | x_R06_EXIT_A | x_R07_EXIT_A | x_R08_EXIT_B
169,2.1373328711573807,2,True,0,0.0,8,x_R01_EXIT_A | x_R02_EXIT_B | x_R03_EXIT_A | x_R04_EXIT_B | x_R05_EXIT_B | x_R06_EXIT_B | x_R07_EXIT_B | x_R08_EXIT_A
170,2.1373328711573807,2,True,0,0.0,8,x_R01_EXIT_A | x_R02_EXIT_B | x_R03_EXIT_A | x_R04_EXIT_B | x_R05_EXIT_B | x_R06_EXIT_B | x_R07_EXIT_B | x_R08_EXIT_A
171,2.1373328711573807,2,True,0,0.0,8,x_R01_EXIT_A | x_R02_EXIT_B | x_R03_EXIT_A | x_R04_EXIT_B | x_R05_EXIT_B | x_R06_EXIT_B | x_R07_EXIT_B | x_R08_EXIT_A
172,2.137766860451401,1,True,0,0.0,8,x_R01_EXIT_B | x_R02_EXIT_A | x_R03_EXIT_A | x_R04_EXIT_A | x_R05_EXIT_A | x_R06_EXIT_B | x_R07_EXIT_B | x_R08_EXIT_A
173,2.1463138361869887,1,True,0,0.0,8,x_R01_EXIT_A | x_R02_EXIT_B | x_R03_EXIT_B | x_R04_EXIT_B | x_R05_EXIT_A | x_R06_EXIT_B | x_R07_EXIT_B | x_R08_EXIT_B
174,2.154101684029231,3,True,0,0.0,8,x_R01_EXIT_A | x_R02_EXIT_A | x_R03_EXIT_B | x_R04_EXIT_B | x_R05_EXIT_B | x_R06_EXIT_B | x_R07_EXIT_A | x_R08_EXIT_B
175,2.154101684029231,1,True,0,0.0,8,x_R01_EXIT_A | x_R02_EXIT_A | x_R03_EXIT_B | x_R04_EXIT_B | x_R05_EXIT_B | x_R06_EXIT_B | x_R07_EXIT_A | x_R08_EXIT_B
176,2.154101684029231,1,True,0,0.0,8,x_R01_EXIT_A | x_R02_EXIT_A | x_R03_EXIT_B | x_R04_EXIT_B | x_R05_EXIT_B | x_R06_EXIT_B | x_R07_EXIT_A | x_R08_EXIT_B
177,2.155789527509146,3,True,0,0.0,8,x_R01_EXIT_A | x_R02_EXIT_A | x_R03_EXIT_A | x_R04_EXIT_A | x_R05_EXIT_A | x_R06_EXIT_A | x_R07_EXIT_A | x_R08_EXIT_B
178,2.155789527509146,2,True,0,0.0,8,x_R01_EXIT_A | x_R02_EXIT_A | x_R03_EXIT_A | x_R04_EXIT_A | x_R05_EXIT_A | x_R06_EXIT_A | x_R07_EXIT_A | x_R08_EXIT_B
179,2.155789527509146,2,True,0,0.0,8,x_R01_EXIT_A | x_R02_EXIT_A | x_R03_EXIT_A | x_R04_EXIT_A | x_R05_EXIT_A | x_R06_EXIT_A | x_R07_EXIT_A | x_R08_EXIT_B
180,2.164482233082024,1,True,0,0.0,8,x_R01_EXIT_B | x_R02_EXIT_A | x_R03_EXIT_A | x_R04_EXIT_B | x_R05_EXIT_B | x_R06_EXIT_B | x_R07_EXIT_B | x_R08_EXIT_B
181,2.164482233082024,2,True,0,0.0,8,x_R01_EXIT_B | x_R02_EXIT_A | x_R03_EXIT_A | x_R04_EXIT_B | x_R05_EXIT_B | x_R06_EXIT_B | x_R07_EXIT_B | x_R08_EXIT_B
182,2.164482233082024,1,True,0,0.0,8,x_R01_EXIT_B | x_R02_EXIT_A | x_R03_EXIT_A | x_R04_EXIT_B | x_R05_EXIT_B | x_R06_EXIT_B | x_R07_EXIT_B | x_R08_EXIT_B
183,2.1746089728354545,2,True,0,0.0,8,x_R01_EXIT_A | x_R02_EXIT_A | x_R03_EXIT_B | x_R04_EXIT_A | x_R05_EXIT_A | x_R06_EXIT_B | x_R07_EXIT_A | x_R08_EXIT_B
184,2.1746089728354545,1,True,0,0.0,8,x_R01_EXIT_A | x_R02_EXIT_A | x_R03_EXIT_B | x_R04_EXIT_A | x_R05_EXIT_A | x_R06_EXIT_B | x_R07_EXIT_A | x_R08_EXIT_B
185,2.1746089728354545,1,True,0,0.0625,8,x_R01_EXIT_A | x_R02_EXIT_A | x_R03_EXIT_B | x_R04_EXIT_A | x_R05_EXIT_A | x_R06_EXIT_B | x_R07_EXIT_A | x_R08_EXIT_B
186,2.1793852080801086,1,True,0,0.0,8,x_R01_EXIT_A | x_R02_EXIT_A | x_R03_EXIT_B | x_R04_EXIT_B | x_R05_EXIT_A | x_R06_EXIT_B | x_R07_EXIT_A | x_R08_EXIT_B
187,2.1793852080801086,1,True,0,0.0,8,x_R01_EXIT_A | x_R02_EXIT_A | x_R03_EXIT_B | x_R04_EXIT_B | x_R05_EXIT_A | x_R06_EXIT_B | x_R07_EXIT_A | x_R08_EXIT_B
188,2.187793639339855,2,True,0,0.0,8,x_R01_EXIT_A | x_R02_EXIT_A | x_R03_EXIT_A | x_R04_EXIT_B | x_R05_EXIT_B | x_R06_EXIT_B | x_R07_EXIT_A | x_R08_EXIT_A
189,2.187793639339855,3,True,0,0.0,8,x_R01_EXIT_A | x_R02_EXIT_A | x_R03_EXIT_A | x_R04_EXIT_B | x_R05_EXIT_B | x_R06_EXIT_B | x_R07_EXIT_A | x_R08_EXIT_A
190,2.205898188686455,1,True,0,0.0,8,x_R01_EXIT_A | x_R02_EXIT_A | x_R03_EXIT_A | x_R04_EXIT_A | x_R05_EXIT_B | x_R06_EXIT_B | x_R07_EXIT_A | x_R08_EXIT_A
191,2.205898188686455,1,True,0,0.0625,8,x_R01_EXIT_A | x_R02_EXIT_A | x_R03_EXIT_A | x_R04_EXIT_A | x_R05_EXIT_B | x_R06_EXIT_B | x_R07_EXIT_A | x_R08_EXIT_A
192,2.205898188686455,3,True,0,0.0,8,x_R01_EXIT_A | x_R02_EXIT_A | x_R03_EXIT_A | x_R04_EXIT_A | x_R05_EXIT_B | x_R06_EXIT_B | x_R07_EXIT_A | x_R08_EXIT_A
193,2.212047528084127,1,True,0,0.0,8,x_R01_EXIT_A | x_R02_EXIT_A | x_R03_EXIT_A | x_R04_EXIT_B | x_R05_EXIT_A | x_R06_EXIT_A | x_R07_EXIT_A | x_R08_EXIT_B
194,2.212047528084127,1,True,0,0.0,8,x_R01_EXIT_A | x_R02_EXIT_A | x_R03_EXIT_A | x_R04_EXIT_B | x_R05_EXIT_A | x_R06_EXIT_A | x_R07_EXIT_A | x_R08_EXIT_B
195,2.215364984772319,1,True,0,0.0,8,x_R01_EXIT_A | x_R02_EXIT_A | x_R03_EXIT_A | x_R04_EXIT_B | x_R05_EXIT_B | x_R06_EXIT_A | x_R07_EXIT_A | x_R08_EXIT_B
196,2.215364984772319,2,True,0,0.0,8,x_R01_EXIT_A | x_R02_EXIT_A | x_R03_EXIT_A | x_R04_EXIT_B | x_R05_EXIT_B | x_R06_EXIT_A | x_R07_EXIT_A | x_R08_EXIT_B
197,2.215364984772319,3,True,0,0.0,8,x_R01_EXIT_A | x_R02_EXIT_A | x_R03_EXIT_A | x_R04_EXIT_B | x_R05_EXIT_B | x_R06_EXIT_A | x_R07_EXIT_A | x_R08_EXIT_B
198,2.2250310623325467,2,True,0,0.0,8,x_R01_EXIT_A | x_R02_EXIT_B | x_R03_EXIT_A | x_R04_EXIT_B | x_R05_EXIT_A | x_R06_EXIT_B | x_R07_EXIT_A | x_R08_EXIT_A
199,2.2250310623325467,3,True,0,0.0,8,x_R01_EXIT_A | x_R02_EXIT_B | x_R03_EXIT_A | x_R04_EXIT_B | x_R05_EXIT_A | x_R06_EXIT_B | x_R07_EXIT_A | x_R08_EXIT_A
200,2.2250310623325467,1,True,0,0.0,8,x_R01_EXIT_A | x_R02_EXIT_B | x_R03_EXIT_A | x_R04_EXIT_B | x_R05_EXIT_A | x_R06_EXIT_B | x_R07_EXIT_A | x_R08_EXIT_A
201,2.2250310623325467,2,True,0,0.0,8,x_R01_EXIT_A | x_R02_EXIT_B | x_R03_EXIT_A | x_R04_EXIT_B | x_R05_EXIT_A | x_R06_EXIT_B | x_R07_EXIT_A | x_R08_EXIT_A
202,2.2275164809330623,1,True,0,0.0,8,x_R01_EXIT_B | x_R02_EXIT_A | x_R03_EXIT_B | x_R04_EXIT_A | x_R05_EXIT_B | x_R06_EXIT_B | x_R07_EXIT_B | x_R08_EXIT_B
203,2.2275164809330623,1,True,0,0.0,8,x_R01_EXIT_B | x_R02_EXIT_A | x_R03_EXIT_B | x_R04_EXIT_A | x_R05_EXIT_B | x_R06_EXIT_B | x_R07_EXIT_B | x_R08_EXIT_B
204,2.2275164809330623,1,True,0,0.0,8,x_R01_EXIT_B | x_R02_EXIT_A | x_R03_EXIT_B | x_R04_EXIT_A | x_R05_EXIT_B | x_R06_EXIT_B | x_R07_EXIT_B | x_R08_EXIT_B
205,2.242903808570682,3,True,0,0.0,8,x_R01_EXIT_B | x_R02_EXIT_A | x_R03_EXIT_A | x_R04_EXIT_A | x_R05_EXIT_B | x_R06_EXIT_B | x_R07_EXIT_B | x_R08_EXIT_A
206,2.242903808570682,1,True,0,0.0,8,x_R01_EXIT_B | x_R02_EXIT_A | x_R03_EXIT_A | x_R04_EXIT_A | x_R05_EXIT_B | x_R06_EXIT_B | x_R07_EXIT_B | x_R08_EXIT_A
207,2.242903808570682,1,True,0,0.0,8,x_R01_EXIT_B | x_R02_EXIT_A | x_R03_EXIT_A | x_R04_EXIT_A | x_R05_EXIT_B | x_R06_EXIT_B | x_R07_EXIT_B | x_R08_EXIT_A
208,2.242903808570682,3,True,0,0.0,8,x_R01_EXIT_B | x_R02_EXIT_A | x_R03_EXIT_A | x_R04_EXIT_A | x_R05_EXIT_B | x_R06_EXIT_B | x_R07_EXIT_B | x_R08_EXIT_A
209,2.248223848065689,2,True,0,0.0,8,x_R01_EXIT_B | x_R02_EXIT_A | x_R03_EXIT_B | x_R04_EXIT_A | x_R05_EXIT_A | x_R06_EXIT_B | x_R07_EXIT_B | x_R08_EXIT_B
210,2.248223848065689,1,True,0,0.0,8,x_R01_EXIT_B | x_R02_EXIT_A | x_R03_EXIT_B | x_R04_EXIT_A | x_R05_EXIT_A | x_R06_EXIT_B | x_R07_EXIT_B | x_R08_EXIT_B
211,2.248223848065689,1,True,0,0.0,8,x_R01_EXIT_B | x_R02_EXIT_A | x_R03_EXIT_B | x_R04_EXIT_A | x_R05_EXIT_A | x_R06_EXIT_B | x_R07_EXIT_B | x_R08_EXIT_B
212,2.251372694132001,1,True,0,0.0,8,x_R01_EXIT_A | x_R02_EXIT_B | x_R03_EXIT_A | x_R04_EXIT_A | x_R05_EXIT_A | x_R06_EXIT_B | x_R07_EXIT_A | x_R08_EXIT_A
213,2.260581952852441,2,True,0,0.0,8,x_R01_EXIT_A | x_R02_EXIT_B | x_R03_EXIT_B | x_R04_EXIT_A | x_R05_EXIT_B | x_R06_EXIT_B | x_R07_EXIT_A | x_R08_EXIT_B
214,2.260581952852441,2,True,0,0.0,8,x_R01_EXIT_A | x_R02_EXIT_B | x_R03_EXIT_B | x_R04_EXIT_A | x_R05_EXIT_B | x_R06_EXIT_B | x_R07_EXIT_A | x_R08_EXIT_B
215,2.260581952852441,1,True,0,0.0,8,x_R01_EXIT_A | x_R02_EXIT_B | x_R03_EXIT_B | x_R04_EXIT_A | x_R05_EXIT_B | x_R06_EXIT_B | x_R07_EXIT_A | x_R08_EXIT_B
216,2.2682112160969035,1,True,0,0.0625,8,x_R01_EXIT_B | x_R02_EXIT_B | x_R03_EXIT_A | x_R04_EXIT_B | x_R05_EXIT_A | x_R06_EXIT_B | x_R07_EXIT_B | x_R08_EXIT_B
217,2.272877893462768,1,True,0,0.0,8,x_R01_EXIT_B | x_R02_EXIT_A | x_R03_EXIT_A | x_R04_EXIT_A | x_R05_EXIT_A | x_R06_EXIT_A | x_R07_EXIT_B | x_R08_EXIT_B
218,2.272877893462768,1,True,0,0.0,8,x_R01_EXIT_B | x_R02_EXIT_A | x_R03_EXIT_A | x_R04_EXIT_A | x_R05_EXIT_A | x_R06_EXIT_A | x_R07_EXIT_B | x_R08_EXIT_B
219,2.272877893462768,2,True,0,0.0,8,x_R01_EXIT_B | x_R02_EXIT_A | x_R03_EXIT_A | x_R04_EXIT_A | x_R05_EXIT_A | x_R06_EXIT_A | x_R07_EXIT_B | x_R08_EXIT_B
220,2.2749396451834545,1,True,0,0.0,8,x_R01_EXIT_A | x_R02_EXIT_B | x_R03_EXIT_A | x_R04_EXIT_A | x_R05_EXIT_B | x_R06_EXIT_A | x_R07_EXIT_A | x_R08_EXIT_B
221,2.2749396451834545,3,True,0,0.0,8,x_R01_EXIT_A | x_R02_EXIT_B | x_R03_EXIT_A | x_R04_EXIT_A | x_R05_EXIT_B | x_R06_EXIT_A | x_R07_EXIT_A | x_R08_EXIT_B
222,2.2768463985822334,2,True,0,0.0,8,x_R01_EXIT_B | x_R02_EXIT_B | x_R03_EXIT_A | x_R04_EXIT_A | x_R05_EXIT_A | x_R06_EXIT_B | x_R07_EXIT_B | x_R08_EXIT_A
223,2.2768463985822334,2,True,0,0.0,8,x_R01_EXIT_B | x_R02_EXIT_B | x_R03_EXIT_A | x_R04_EXIT_A | x_R05_EXIT_A | x_R06_EXIT_B | x_R07_EXIT_B | x_R08_EXIT_A
224,2.2768463985822334,1,True,0,0.0,8,x_R01_EXIT_B | x_R02_EXIT_B | x_R03_EXIT_A | x_R04_EXIT_A | x_R05_EXIT_A | x_R06_EXIT_B | x_R07_EXIT_B | x_R08_EXIT_A
225,2.282887979643902,1,True,0,0.0,8,x_R01_EXIT_A | x_R02_EXIT_A | x_R03_EXIT_B | x_R04_EXIT_A | x_R05_EXIT_B | x_R06_EXIT_A | x_R07_EXIT_B | x_R08_EXIT_B
226,2.282887979643902,2,True,0,0.0,8,x_R01_EXIT_A | x_R02_EXIT_A | x_R03_EXIT_B | x_R04_EXIT_A | x_R05_EXIT_B | x_R06_EXIT_A | x_R07_EXIT_B | x_R08_EXIT_B
227,2.282887979643902,1,True,0,0.0625,8,x_R01_EXIT_A | x_R02_EXIT_A | x_R03_EXIT_B | x_R04_EXIT_A | x_R05_EXIT_B | x_R06_EXIT_A | x_R07_EXIT_B | x_R08_EXIT_B
228,2.282887979643902,2,True,0,0.0,8,x_R01_EXIT_A | x_R02_EXIT_A | x_R03_EXIT_B | x_R04_EXIT_A | x_R05_EXIT_B | x_R06_EXIT_A | x_R07_EXIT_B | x_R08_EXIT_B
229,2.29084204755192,1,True,0,0.0,8,x_R01_EXIT_A | x_R02_EXIT_B | x_R03_EXIT_A | x_R04_EXIT_A | x_R05_EXIT_A | x_R06_EXIT_A | x_R07_EXIT_A | x_R08_EXIT_B
230,2.29084204755192,1,True,0,0.0,8,x_R01_EXIT_A | x_R02_EXIT_B | x_R03_EXIT_A | x_R04_EXIT_A | x_R05_EXIT_A | x_R06_EXIT_A | x_R07_EXIT_A | x_R08_EXIT_B
231,2.29084204755192,1,True,0,0.0,8,x_R01_EXIT_A | x_R02_EXIT_B | x_R03_EXIT_A | x_R04_EXIT_A | x_R05_EXIT_A | x_R06_EXIT_A | x_R07_EXIT_A | x_R08_EXIT_B
232,2.3028826748267535,2,True,0,0.0,8,x_R01_EXIT_A | x_R02_EXIT_B | x_R03_EXIT_B | x_R04_EXIT_B | x_R05_EXIT_B | x_R06_EXIT_B | x_R07_EXIT_A | x_R08_EXIT_B
233,2.3050853359599754,3,True,0,0.0,8,x_R01_EXIT_A | x_R02_EXIT_B | x_R03_EXIT_B | x_R04_EXIT_A | x_R05_EXIT_A | x_R06_EXIT_B | x_R07_EXIT_A | x_R08_EXIT_B
234,2.3050853359599754,1,True,0,0.0,8,x_R01_EXIT_A | x_R02_EXIT_B | x_R03_EXIT_B | x_R04_EXIT_A | x_R05_EXIT_A | x_R06_EXIT_B | x_R07_EXIT_A | x_R08_EXIT_B
235,2.3245052733430307,3,True,0,0.0,8,x_R01_EXIT_A | x_R02_EXIT_B | x_R03_EXIT_B | x_R04_EXIT_B | x_R05_EXIT_A | x_R06_EXIT_B | x_R07_EXIT_A | x_R08_EXIT_B
236,2.325527324420459,2,True,0,0.0,8,x_R01_EXIT_B | x_R02_EXIT_B | x_R03_EXIT_A | x_R04_EXIT_B | x_R05_EXIT_B | x_R06_EXIT_B | x_R07_EXIT_B | x_R08_EXIT_B
237,2.325527324420459,1,True,0,0.0,8,x_R01_EXIT_B | x_R02_EXIT_B | x_R03_EXIT_A | x_R04_EXIT_B | x_R05_EXIT_B | x_R06_EXIT_B | x_R07_EXIT_B | x_R08_EXIT_B
238,2.325527324420459,2,True,0,0.0,8,x_R01_EXIT_B | x_R02_EXIT_B | x_R03_EXIT_A | x_R04_EXIT_B | x_R05_EXIT_B | x_R06_EXIT_B | x_R07_EXIT_B | x_R08_EXIT_B
239,2.329252779068177,1,True,0,0.0,8,x_R01_EXIT_A | x_R02_EXIT_B | x_R03_EXIT_A | x_R04_EXIT_B | x_R05_EXIT_B | x_R06_EXIT_B | x_R07_EXIT_A | x_R08_EXIT_A
240,2.330423066709777,1,True,0,0.0,8,x_R01_EXIT_A | x_R02_EXIT_A | x_R03_EXIT_A | x_R04_EXIT_A | x_R05_EXIT_A | x_R06_EXIT_A | x_R07_EXIT_B | x_R08_EXIT_A
241,2.330423066709777,1,True,0,0.0,8,x_R01_EXIT_A | x_R02_EXIT_A | x_R03_EXIT_A | x_R04_EXIT_A | x_R05_EXIT_A | x_R06_EXIT_A | x_R07_EXIT_B | x_R08_EXIT_A
242,2.330423066709777,1,True,0,0.0,8,x_R01_EXIT_A | x_R02_EXIT_A | x_R03_EXIT_A | x_R04_EXIT_A | x_R05_EXIT_A | x_R06_EXIT_A | x_R07_EXIT_B | x_R08_EXIT_A
243,2.332713626276375,1,True,0,0.0,8,x_R01_EXIT_A | x_R02_EXIT_B | x_R03_EXIT_A | x_R04_EXIT_A | x_R05_EXIT_B | x_R06_EXIT_B | x_R07_EXIT_A | x_R08_EXIT_A
244,2.340751684332401,2,True,0,0.0,8,x_R01_EXIT_B | x_R02_EXIT_A | x_R03_EXIT_A | x_R04_EXIT_B | x_R05_EXIT_B | x_R06_EXIT_B | x_R07_EXIT_A | x_R08_EXIT_B
245,2.340751684332401,1,True,0,0.0,8,x_R01_EXIT_B | x_R02_EXIT_A | x_R03_EXIT_A | x_R04_EXIT_B | x_R05_EXIT_B | x_R06_EXIT_B | x_R07_EXIT_A | x_R08_EXIT_B
246,2.340751684332401,3,True,0,0.0,8,x_R01_EXIT_B | x_R02_EXIT_A | x_R03_EXIT_A | x_R04_EXIT_B | x_R05_EXIT_B | x_R06_EXIT_B | x_R07_EXIT_A | x_R08_EXIT_B
247,2.3493569159590417,2,True,0,0.0,8,x_R01_EXIT_A | x_R02_EXIT_A | x_R03_EXIT_B | x_R04_EXIT_A | x_R05_EXIT_A | x_R06_EXIT_A | x_R07_EXIT_B | x_R08_EXIT_B
248,2.3493569159590417,1,True,0,0.0,8,x_R01_EXIT_A | x_R02_EXIT_A | x_R03_EXIT_B | x_R04_EXIT_A | x_R05_EXIT_A | x_R06_EXIT_A | x_R07_EXIT_B | x_R08_EXIT_B
249,2.361743750265302,3,True,0,0.0,8,x_R01_EXIT_A | x_R02_EXIT_B | x_R03_EXIT_A | x_R04_EXIT_B | x_R05_EXIT_A | x_R06_EXIT_A | x_R07_EXIT_A | x_R08_EXIT_B
250,2.3687221324880934,3,True,0,0.0,8,x_R01_EXIT_A | x_R02_EXIT_B | x_R03_EXIT_A | x_R04_EXIT_B | x_R05_EXIT_B | x_R06_EXIT_A | x_R07_EXIT_A | x_R08_EXIT_B
251,2.377578795667695,2,True,0,0.0,8,x_R01_EXIT_B | x_R02_EXIT_B | x_R03_EXIT_B | x_R04_EXIT_A | x_R05_EXIT_B | x_R06_EXIT_B | x_R07_EXIT_B | x_R08_EXIT_B
252,2.377578795667695,1,True,0,0.0,8,x_R01_EXIT_B | x_R02_EXIT_B | x_R03_EXIT_B | x_R04_EXIT_A | x_R05_EXIT_B | x_R06_EXIT_B | x_R07_EXIT_B | x_R08_EXIT_B
253,2.377578795667695,1,True,0,0.0,8,x_R01_EXIT_B | x_R02_EXIT_B | x_R03_EXIT_B | x_R04_EXIT_A | x_R05_EXIT_B | x_R06_EXIT_B | x_R07_EXIT_B | x_R08_EXIT_B
254,2.377578795667695,3,True,0,0.0,8,x_R01_EXIT_B | x_R02_EXIT_B | x_R03_EXIT_B | x_R04_EXIT_A | x_R05_EXIT_B | x_R06_EXIT_B | x_R07_EXIT_B | x_R08_EXIT_B
255,2.3856442722361146,1,True,0,0.0,8,x_R01_EXIT_B | x_R02_EXIT_B | x_R03_EXIT_A | x_R04_EXIT_A | x_R05_EXIT_B | x_R06_EXIT_B | x_R07_EXIT_B | x_R08_EXIT_A
256,2.3856442722361146,1,True,0,0.0,8,x_R01_EXIT_B | x_R02_EXIT_B | x_R03_EXIT_A | x_R04_EXIT_A | x_R05_EXIT_B | x_R06_EXIT_B | x_R07_EXIT_B | x_R08_EXIT_A
257,2.3856442722361146,2,True,0,0.0,8,x_R01_EXIT_B | x_R02_EXIT_B | x_R03_EXIT_A | x_R04_EXIT_A | x_R05_EXIT_B | x_R06_EXIT_B | x_R07_EXIT_B | x_R08_EXIT_A
258,2.386681067284758,1,True,0,0.0,8,x_R01_EXIT_A | x_R02_EXIT_A | x_R03_EXIT_A | x_R04_EXIT_B | x_R05_EXIT_A | x_R06_EXIT_A | x_R07_EXIT_B | x_R08_EXIT_A
259,2.386681067284758,1,True,0,0.0,8,x_R01_EXIT_A | x_R02_EXIT_A | x_R03_EXIT_A | x_R04_EXIT_B | x_R05_EXIT_A | x_R06_EXIT_A | x_R07_EXIT_B | x_R08_EXIT_A
260,2.389798445646545,1,True,0,0.0,8,x_R01_EXIT_A | x_R02_EXIT_A | x_R03_EXIT_A | x_R04_EXIT_A | x_R05_EXIT_B | x_R06_EXIT_A | x_R07_EXIT_B | x_R08_EXIT_A
261,2.389798445646545,2,True,0,0.0,8,x_R01_EXIT_A | x_R02_EXIT_A | x_R03_EXIT_A | x_R04_EXIT_A | x_R05_EXIT_B | x_R06_EXIT_A | x_R07_EXIT_B | x_R08_EXIT_A
262,2.394625237265722,1,True,0,0.0,8,x_R01_EXIT_B | x_R02_EXIT_B | x_R03_EXIT_B | x_R04_EXIT_A | x_R05_EXIT_A | x_R06_EXIT_B | x_R07_EXIT_B | x_R08_EXIT_B
263,2.394625237265722,1,True,0,0.0,8,x_R01_EXIT_B | x_R02_EXIT_B | x_R03_EXIT_B | x_R04_EXIT_A | x_R05_EXIT_A | x_R06_EXIT_B | x_R07_EXIT_B | x_R08_EXIT_B
264,2.394625237265722,4,True,0,0.0,8,x_R01_EXIT_B | x_R02_EXIT_B | x_R03_EXIT_B | x_R04_EXIT_A | x_R05_EXIT_A | x_R06_EXIT_B | x_R07_EXIT_B | x_R08_EXIT_B
265,2.4077883339926496,3,True,0,0.0,8,x_R01_EXIT_A | x_R02_EXIT_A | x_R03_EXIT_B | x_R04_EXIT_B | x_R05_EXIT_B | x_R06_EXIT_A | x_R07_EXIT_B | x_R08_EXIT_B
266,2.4077883339926496,1,True,0,0.0,8,x_R01_EXIT_A | x_R02_EXIT_A | x_R03_EXIT_B | x_R04_EXIT_B | x_R05_EXIT_B | x_R06_EXIT_A | x_R07_EXIT_B | x_R08_EXIT_B
267,2.4077883339926496,1,True,0,0.0,8,x_R01_EXIT_A | x_R02_EXIT_A | x_R03_EXIT_B | x_R04_EXIT_B | x_R05_EXIT_B | x_R06_EXIT_A | x_R07_EXIT_B | x_R08_EXIT_B
268,2.422090559856443,2,True,0,0.0,8,x_R01_EXIT_B | x_R02_EXIT_A | x_R03_EXIT_B | x_R04_EXIT_A | x_R05_EXIT_B | x_R06_EXIT_B | x_R07_EXIT_A | x_R08_EXIT_B
269,2.4238554395810543,1,True,0,0.0,8,x_R01_EXIT_B | x_R02_EXIT_B | x_R03_EXIT_A | x_R04_EXIT_A | x_R05_EXIT_A | x_R06_EXIT_A | x_R07_EXIT_B | x_R08_EXIT_B
270,2.4238554395810543,2,True,0,0.0,8,x_R01_EXIT_B | x_R02_EXIT_B | x_R03_EXIT_A | x_R04_EXIT_A | x_R05_EXIT_A | x_R06_EXIT_A | x_R07_EXIT_B | x_R08_EXIT_B
271,2.4354099787220966,1,True,0,0.0,8,x_R01_EXIT_B | x_R02_EXIT_B | x_R03_EXIT_A | x_R04_EXIT_A | x_R05_EXIT_B | x_R06_EXIT_A | x_R07_EXIT_B | x_R08_EXIT_B
272,2.447374083907321,1,True,0,0.0,8,x_R01_EXIT_B | x_R02_EXIT_A | x_R03_EXIT_B | x_R04_EXIT_A | x_R05_EXIT_A | x_R06_EXIT_B | x_R07_EXIT_A | x_R08_EXIT_B
273,2.447374083907321,1,True,0,0.0,8,x_R01_EXIT_B | x_R02_EXIT_A | x_R03_EXIT_B | x_R04_EXIT_A | x_R05_EXIT_A | x_R06_EXIT_B | x_R07_EXIT_A | x_R08_EXIT_B
274,2.447374083907321,1,True,0,0.0625,8,x_R01_EXIT_B | x_R02_EXIT_A | x_R03_EXIT_B | x_R04_EXIT_A | x_R05_EXIT_A | x_R06_EXIT_B | x_R07_EXIT_A | x_R08_EXIT_B
275,2.4513764857165334,1,True,0,0.0,8,x_R01_EXIT_A | x_R02_EXIT_A | x_R03_EXIT_B | x_R04_EXIT_B | x_R05_EXIT_A | x_R06_EXIT_A | x_R07_EXIT_B | x_R08_EXIT_B
276,2.4530284399349074,1,True,0,0.0,8,x_R01_EXIT_A | x_R02_EXIT_B | x_R03_EXIT_A | x_R04_EXIT_A | x_R05_EXIT_A | x_R06_EXIT_A | x_R07_EXIT_B | x_R08_EXIT_A
277,2.454494121155863,1,True,0,0.0,8,x_R01_EXIT_A | x_R02_EXIT_A | x_R03_EXIT_B | x_R04_EXIT_A | x_R05_EXIT_A | x_R06_EXIT_B | x_R07_EXIT_B | x_R08_EXIT_A
278,2.455782515167069,3,True,0,0.0,8,x_R01_EXIT_B | x_R02_EXIT_A | x_R03_EXIT_A | x_R04_EXIT_A | x_R05_EXIT_B | x_R06_EXIT_B | x_R07_EXIT_A | x_R08_EXIT_A
279,2.455782515167069,2,True,0,0.0,8,x_R01_EXIT_B | x_R02_EXIT_A | x_R03_EXIT_A | x_R04_EXIT_A | x_R05_EXIT_B | x_R06_EXIT_B | x_R07_EXIT_A | x_R08_EXIT_A
280,2.455782515167069,3,True,0,0.0,8,x_R01_EXIT_B | x_R02_EXIT_A | x_R03_EXIT_A | x_R04_EXIT_A | x_R05_EXIT_B | x_R06_EXIT_B | x_R07_EXIT_A | x_R08_EXIT_A
281,2.455782515167069,1,True,0,0.0,8,x_R01_EXIT_B | x_R02_EXIT_A | x_R03_EXIT_A | x_R04_EXIT_A | x_R05_EXIT_B | x_R06_EXIT_B | x_R07_EXIT_A | x_R08_EXIT_A
282,2.459270356400517,1,True,0,0.0,8,x_R01_EXIT_A | x_R02_EXIT_A | x_R03_EXIT_B | x_R04_EXIT_B | x_R05_EXIT_A | x_R06_EXIT_B | x_R07_EXIT_B | x_R08_EXIT_A
283,2.4689372308127826,1,True,0,0.0,8,x_R01_EXIT_A | x_R02_EXIT_A | x_R03_EXIT_A | x_R04_EXIT_B | x_R05_EXIT_B | x_R06_EXIT_A | x_R07_EXIT_B | x_R08_EXIT_A
284,2.4689372308127826,1,True,0,0.0,8,x_R01_EXIT_A | x_R02_EXIT_A | x_R03_EXIT_A | x_R04_EXIT_B | x_R05_EXIT_B | x_R06_EXIT_A | x_R07_EXIT_B | x_R08_EXIT_A
285,2.479284140253373,1,True,0,0.0,8,x_R01_EXIT_A | x_R02_EXIT_B | x_R03_EXIT_B | x_R04_EXIT_A | x_R05_EXIT_A | x_R06_EXIT_A | x_R07_EXIT_B | x_R08_EXIT_B
286,2.480034668417081,1,True,0,0.0,8,x_R01_EXIT_B | x_R02_EXIT_A | x_R03_EXIT_A | x_R04_EXIT_B | x_R05_EXIT_A | x_R06_EXIT_B | x_R07_EXIT_B | x_R08_EXIT_A
287,2.480034668417081,2,True,0,0.0,8,x_R01_EXIT_B | x_R02_EXIT_A | x_R03_EXIT_A | x_R04_EXIT_B | x_R05_EXIT_A | x_R06_EXIT_B | x_R07_EXIT_B | x_R08_EXIT_A
288,2.4852685193535615,1,True,0,0.0,8,x_R01_EXIT_A | x_R02_EXIT_A | x_R03_EXIT_B | x_R04_EXIT_A | x_R05_EXIT_B | x_R06_EXIT_B | x_R07_EXIT_B | x_R08_EXIT_A
289,2.4852685193535615,1,True,0,0.0,8,x_R01_EXIT_A | x_R02_EXIT_A | x_R03_EXIT_B | x_R04_EXIT_A | x_R05_EXIT_B | x_R06_EXIT_B | x_R07_EXIT_B | x_R08_EXIT_A
290,2.5030874833799137,1,True,0,0.0,8,x_R01_EXIT_B | x_R02_EXIT_B | x_R03_EXIT_A | x_R04_EXIT_A | x_R05_EXIT_A | x_R06_EXIT_B | x_R07_EXIT_A | x_R08_EXIT_A
291,2.510582996953879,2,True,0,0.0,8,x_R01_EXIT_B | x_R02_EXIT_B | x_R03_EXIT_A | x_R04_EXIT_B | x_R05_EXIT_B | x_R06_EXIT_B | x_R07_EXIT_A | x_R08_EXIT_B
292,2.5129255391894723,1,True,0,0.0,8,x_R01_EXIT_A | x_R02_EXIT_A | x_R03_EXIT_B | x_R04_EXIT_B | x_R05_EXIT_B | x_R06_EXIT_B | x_R07_EXIT_B | x_R08_EXIT_A
293,2.5129255391894723,3,True,0,0.0,8,x_R01_EXIT_A | x_R02_EXIT_A | x_R03_EXIT_B | x_R04_EXIT_B | x_R05_EXIT_B | x_R06_EXIT_B | x_R07_EXIT_B | x_R08_EXIT_A
294,2.5160647444062754,1,True,0,0.0625,8,x_R01_EXIT_A | x_R02_EXIT_B | x_R03_EXIT_A | x_R04_EXIT_A | x_R05_EXIT_B | x_R06_EXIT_A | x_R07_EXIT_B | x_R08_EXIT_A
295,2.5160647444062754,1,True,0,0.0,8,x_R01_EXIT_A | x_R02_EXIT_B | x_R03_EXIT_A | x_R04_EXIT_A | x_R05_EXIT_B | x_R06_EXIT_A | x_R07_EXIT_B | x_R08_EXIT_A
296,2.5160647444062754,1,True,0,0.0,8,x_R01_EXIT_A | x_R02_EXIT_B | x_R03_EXIT_A | x_R04_EXIT_A | x_R05_EXIT_B | x_R06_EXIT_A | x_R07_EXIT_B | x_R08_EXIT_A
297,2.5160647444062754,2,True,0,0.0,8,x_R01_EXIT_A | x_R02_EXIT_B | x_R03_EXIT_A | x_R04_EXIT_A | x_R05_EXIT_B | x_R06_EXIT_A | x_R07_EXIT_B | x_R08_EXIT_A
298,2.5239301426482905,3,True,0,0.0,8,x_R01_EXIT_A | x_R02_EXIT_B | x_R03_EXIT_A | x_R04_EXIT_B | x_R05_EXIT_A | x_R06_EXIT_A | x_R07_EXIT_B | x_R08_EXIT_A
299,2.5239301426482905,2,True,0,0.0,8,x_R01_EXIT_A | x_R02_EXIT_B | x_R03_EXIT_A | x_R04_EXIT_B | x_R05_EXIT_A | x_R06_EXIT_A | x_R07_EXIT_B | x_R08_EXIT_A
300,2.5239301426482905,2,True,0,0.0,8,x_R01_EXIT_A | x_R02_EXIT_B | x_R03_EXIT_A | x_R04_EXIT_B | x_R05_EXIT_A | x_R06_EXIT_A | x_R07_EXIT_B | x_R08_EXIT_A
301,2.5239301426482905,1,True,0,0.0,8,x_R01_EXIT_A | x_R02_EXIT_B | x_R03_EXIT_A | x_R04_EXIT_B | x_R05_EXIT_A | x_R06_EXIT_A | x_R07_EXIT_B | x_R08_EXIT_A
302,2.536952098504548,1,True,0,0.0,8,x_R01_EXIT_A | x_R02_EXIT_A | x_R03_EXIT_B | x_R04_EXIT_A | x_R05_EXIT_B | x_R06_EXIT_A | x_R07_EXIT_A | x_R08_EXIT_B
303,2.536952098504548,1,True,0,0.0,8,x_R01_EXIT_A | x_R02_EXIT_A | x_R03_EXIT_B | x_R04_EXIT_A | x_R05_EXIT_B | x_R06_EXIT_A | x_R07_EXIT_A | x_R08_EXIT_B
304,2.542958561537294,1,True,0,0.0,8,x_R01_EXIT_B | x_R02_EXIT_A | x_R03_EXIT_A | x_R04_EXIT_A | x_R05_EXIT_A | x_R06_EXIT_A | x_R07_EXIT_A | x_R08_EXIT_B
305,2.5462760182254853,1,True,0,0.0,8,x_R01_EXIT_B | x_R02_EXIT_A | x_R03_EXIT_A | x_R04_EXIT_A | x_R05_EXIT_B | x_R06_EXIT_A | x_R07_EXIT_A | x_R08_EXIT_B
306,2.5462760182254853,1,True,0,0.0,8,x_R01_EXIT_B | x_R02_EXIT_A | x_R03_EXIT_A | x_R04_EXIT_A | x_R05_EXIT_B | x_R06_EXIT_A | x_R07_EXIT_A | x_R08_EXIT_B
307,2.556020185959983,1,True,0,0.0,8,x_R01_EXIT_A | x_R02_EXIT_B | x_R03_EXIT_B | x_R04_EXIT_B | x_R05_EXIT_B | x_R06_EXIT_A | x_R07_EXIT_B | x_R08_EXIT_B
308,2.556020185959983,1,True,0,0.0,8,x_R01_EXIT_A | x_R02_EXIT_B | x_R03_EXIT_B | x_R04_EXIT_B | x_R05_EXIT_B | x_R06_EXIT_A | x_R07_EXIT_B | x_R08_EXIT_B
309,2.5725233374627408,1,True,0,0.0,8,x_R01_EXIT_A | x_R02_EXIT_B | x_R03_EXIT_B | x_R04_EXIT_A | x_R05_EXIT_A | x_R06_EXIT_B | x_R07_EXIT_B | x_R08_EXIT_A
310,2.5725233374627408,1,True,0,0.0,8,x_R01_EXIT_A | x_R02_EXIT_B | x_R03_EXIT_B | x_R04_EXIT_A | x_R05_EXIT_A | x_R06_EXIT_B | x_R07_EXIT_B | x_R08_EXIT_A
311,2.5809390958741196,2,True,0,0.0,8,x_R01_EXIT_B | x_R02_EXIT_B | x_R03_EXIT_B | x_R04_EXIT_A | x_R05_EXIT_B | x_R06_EXIT_B | x_R07_EXIT_A | x_R08_EXIT_B
312,2.5809390958741196,2,True,0,0.0,8,x_R01_EXIT_B | x_R02_EXIT_B | x_R03_EXIT_B | x_R04_EXIT_A | x_R05_EXIT_B | x_R06_EXIT_B | x_R07_EXIT_A | x_R08_EXIT_B
313,2.595947412149267,1,True,0,0.0,8,x_R01_EXIT_A | x_R02_EXIT_B | x_R03_EXIT_B | x_R04_EXIT_B | x_R05_EXIT_A | x_R06_EXIT_A | x_R07_EXIT_B | x_R08_EXIT_B
314,2.6025616943903978,1,True,0,0.0,8,x_R01_EXIT_B | x_R02_EXIT_B | x_R03_EXIT_B | x_R04_EXIT_A | x_R05_EXIT_A | x_R06_EXIT_B | x_R07_EXIT_A | x_R08_EXIT_B
315,2.607309200115544,2,True,0,0.0,8,x_R01_EXIT_B | x_R02_EXIT_B | x_R03_EXIT_A | x_R04_EXIT_A | x_R05_EXIT_B | x_R06_EXIT_B | x_R07_EXIT_A | x_R08_EXIT_A
316,2.607309200115544,1,True,0,0.0,8,x_R01_EXIT_B | x_R02_EXIT_B | x_R03_EXIT_A | x_R04_EXIT_A | x_R05_EXIT_B | x_R06_EXIT_B | x_R07_EXIT_A | x_R08_EXIT_A
317,2.60736797016168,1,True,0,0.0,8,x_R01_EXIT_A | x_R02_EXIT_A | x_R03_EXIT_A | x_R04_EXIT_A | x_R05_EXIT_A | x_R06_EXIT_A | x_R07_EXIT_A | x_R08_EXIT_A
318,2.60736797016168,2,True,0,0.0,8,x_R01_EXIT_A | x_R02_EXIT_A | x_R03_EXIT_A | x_R04_EXIT_A | x_R05_EXIT_A | x_R06_EXIT_A | x_R07_EXIT_A | x_R08_EXIT_A
319,2.6079971917379394,1,True,0,0.0,8,x_R01_EXIT_A | x_R02_EXIT_A | x_R03_EXIT_B | x_R04_EXIT_A | x_R05_EXIT_A | x_R06_EXIT_A | x_R07_EXIT_A | x_R08_EXIT_B
320,2.6079971917379394,2,True,0,0.0,8,x_R01_EXIT_A | x_R02_EXIT_A | x_R03_EXIT_B | x_R04_EXIT_A | x_R05_EXIT_A | x_R06_EXIT_A | x_R07_EXIT_A | x_R08_EXIT_B
321,2.6079971917379394,1,True,0,0.0,8,x_R01_EXIT_A | x_R02_EXIT_A | x_R03_EXIT_B | x_R04_EXIT_A | x_R05_EXIT_A | x_R06_EXIT_A | x_R07_EXIT_A | x_R08_EXIT_B
322,2.608052401127619,3,True,0,0.0,8,x_R01_EXIT_B | x_R02_EXIT_A | x_R03_EXIT_A | x_R04_EXIT_B | x_R05_EXIT_B | x_R06_EXIT_B | x_R07_EXIT_B | x_R08_EXIT_A
323,2.608052401127619,1,True,0,0.0,8,x_R01_EXIT_B | x_R02_EXIT_A | x_R03_EXIT_A | x_R04_EXIT_B | x_R05_EXIT_B | x_R06_EXIT_B | x_R07_EXIT_B | x_R08_EXIT_A
324,2.608052401127619,1,True,0,0.0,8,x_R01_EXIT_B | x_R02_EXIT_A | x_R03_EXIT_A | x_R04_EXIT_B | x_R05_EXIT_B | x_R06_EXIT_B | x_R07_EXIT_B | x_R08_EXIT_A
325,2.609847231710915,2,True,0,0.0,8,x_R01_EXIT_A | x_R02_EXIT_B | x_R03_EXIT_A | x_R04_EXIT_B | x_R05_EXIT_B | x_R06_EXIT_A | x_R07_EXIT_B | x_R08_EXIT_A
326,2.609847231710915,2,True,0,0.0,8,x_R01_EXIT_A | x_R02_EXIT_B | x_R03_EXIT_A | x_R04_EXIT_B | x_R05_EXIT_B | x_R06_EXIT_A | x_R07_EXIT_B | x_R08_EXIT_A
327,2.6337579086863157,1,True,0,0.0,8,x_R01_EXIT_B | x_R02_EXIT_B | x_R03_EXIT_A | x_R04_EXIT_B | x_R05_EXIT_A | x_R06_EXIT_B | x_R07_EXIT_B | x_R08_EXIT_A
328,2.6337579086863157,2,True,0,0.0,8,x_R01_EXIT_B | x_R02_EXIT_B | x_R03_EXIT_A | x_R04_EXIT_B | x_R05_EXIT_A | x_R06_EXIT_B | x_R07_EXIT_B | x_R08_EXIT_A
329,2.6362532252138795,1,True,0,0.0,8,x_R01_EXIT_B | x_R02_EXIT_A | x_R03_EXIT_B | x_R04_EXIT_B | x_R05_EXIT_A | x_R06_EXIT_B | x_R07_EXIT_B | x_R08_EXIT_B
330,2.6362532252138795,2,True,0,0.0,8,x_R01_EXIT_B | x_R02_EXIT_A | x_R03_EXIT_B | x_R04_EXIT_B | x_R05_EXIT_A | x_R06_EXIT_B | x_R07_EXIT_B | x_R08_EXIT_B
331,2.6362532252138795,1,True,0,0.0,8,x_R01_EXIT_B | x_R02_EXIT_A | x_R03_EXIT_B | x_R04_EXIT_B | x_R05_EXIT_A | x_R06_EXIT_B | x_R07_EXIT_B | x_R08_EXIT_B
332,2.638426642672509,1,True,0,0.0,8,x_R01_EXIT_B | x_R02_EXIT_A | x_R03_EXIT_B | x_R04_EXIT_B | x_R05_EXIT_B | x_R06_EXIT_B | x_R07_EXIT_B | x_R08_EXIT_B
333,2.638426642672509,2,True,0,0.0,8,x_R01_EXIT_B | x_R02_EXIT_A | x_R03_EXIT_B | x_R04_EXIT_B | x_R05_EXIT_B | x_R06_EXIT_B | x_R07_EXIT_B | x_R08_EXIT_B
334,2.6389716682620405,1,True,0,0.0,8,x_R01_EXIT_A | x_R02_EXIT_A | x_R03_EXIT_B | x_R04_EXIT_B | x_R05_EXIT_B | x_R06_EXIT_A | x_R07_EXIT_A | x_R08_EXIT_B
335,2.6389716682620405,1,True,0,0.0,8,x_R01_EXIT_A | x_R02_EXIT_A | x_R03_EXIT_B | x_R04_EXIT_B | x_R05_EXIT_B | x_R06_EXIT_A | x_R07_EXIT_A | x_R08_EXIT_B
336,2.640745186145405,2,True,0,0.0,8,x_R01_EXIT_A | x_R02_EXIT_A | x_R03_EXIT_A | x_R04_EXIT_B | x_R05_EXIT_A | x_R06_EXIT_A | x_R07_EXIT_A | x_R08_EXIT_A
337,2.640745186145405,2,True,0,0.0,8,x_R01_EXIT_A | x_R02_EXIT_A | x_R03_EXIT_A | x_R04_EXIT_B | x_R05_EXIT_A | x_R06_EXIT_A | x_R07_EXIT_A | x_R08_EXIT_A
338,2.649259383169352,1,True,0,0.0,8,x_R01_EXIT_A | x_R02_EXIT_B | x_R03_EXIT_B | x_R04_EXIT_B | x_R05_EXIT_B | x_R06_EXIT_B | x_R07_EXIT_B | x_R08_EXIT_A
339,2.649259383169352,1,True,0,0.0,8,x_R01_EXIT_A | x_R02_EXIT_B | x_R03_EXIT_B | x_R04_EXIT_B | x_R05_EXIT_B | x_R06_EXIT_B | x_R07_EXIT_B | x_R08_EXIT_A
340,2.662167192180197,2,True,0,0.0,8,x_R01_EXIT_A | x_R02_EXIT_A | x_R03_EXIT_A | x_R04_EXIT_A | x_R05_EXIT_B | x_R06_EXIT_A | x_R07_EXIT_A | x_R08_EXIT_A
341,2.662167192180197,1,True,0,0.0,8,x_R01_EXIT_A | x_R02_EXIT_A | x_R03_EXIT_A | x_R04_EXIT_A | x_R05_EXIT_B | x_R06_EXIT_A | x_R07_EXIT_A | x_R08_EXIT_A
342,2.674608747340463,1,True,0,0.0,8,x_R01_EXIT_B | x_R02_EXIT_A | x_R03_EXIT_A | x_R04_EXIT_B | x_R05_EXIT_A | x_R06_EXIT_B | x_R07_EXIT_A | x_R08_EXIT_A
343,2.6793264696165227,1,True,0,0.0,8,x_R01_EXIT_A | x_R02_EXIT_B | x_R03_EXIT_B | x_R04_EXIT_A | x_R05_EXIT_B | x_R06_EXIT_A | x_R07_EXIT_A | x_R08_EXIT_B
344,2.6867068336543203,1,True,0,0.0,8,x_R01_EXIT_A | x_R02_EXIT_A | x_R03_EXIT_B | x_R04_EXIT_A | x_R05_EXIT_B | x_R06_EXIT_B | x_R07_EXIT_A | x_R08_EXIT_A
345,2.6871359769041754,2,True,0,0.0,8,x_R01_EXIT_A | x_R02_EXIT_A | x_R03_EXIT_B | x_R04_EXIT_B | x_R05_EXIT_A | x_R06_EXIT_A | x_R07_EXIT_A | x_R08_EXIT_B
346,2.6878470807692927,1,True,0,0.0,8,x_R01_EXIT_B | x_R02_EXIT_A | x_R03_EXIT_A | x_R04_EXIT_A | x_R05_EXIT_A | x_R06_EXIT_A | x_R07_EXIT_B | x_R08_EXIT_A
347,2.6914830688989753,1,True,0,0.0,8,x_R01_EXIT_A | x_R02_EXIT_A | x_R03_EXIT_B | x_R04_EXIT_B | x_R05_EXIT_B | x_R06_EXIT_B | x_R07_EXIT_A | x_R08_EXIT_A
348,2.6914830688989753,1,True,0,0.0,8,x_R01_EXIT_A | x_R02_EXIT_A | x_R03_EXIT_B | x_R04_EXIT_B | x_R05_EXIT_B | x_R06_EXIT_B | x_R07_EXIT_A | x_R08_EXIT_A
349,2.6975142122590983,1,True,0,0.0,8,x_R01_EXIT_B | x_R02_EXIT_A | x_R03_EXIT_B | x_R04_EXIT_A | x_R05_EXIT_A | x_R06_EXIT_B | x_R07_EXIT_B | x_R08_EXIT_A
350,2.6975142122590983,1,True,0,0.0,8,x_R01_EXIT_B | x_R02_EXIT_A | x_R03_EXIT_B | x_R04_EXIT_A | x_R05_EXIT_A | x_R06_EXIT_B | x_R07_EXIT_B | x_R08_EXIT_A
351,2.6975142122590983,1,True,0,0.0,8,x_R01_EXIT_B | x_R02_EXIT_A | x_R03_EXIT_B | x_R04_EXIT_A | x_R05_EXIT_A | x_R06_EXIT_B | x_R07_EXIT_B | x_R08_EXIT_A
352,2.708954347477184,2,True,0,0.0,8,x_R01_EXIT_B | x_R02_EXIT_A | x_R03_EXIT_B | x_R04_EXIT_A | x_R05_EXIT_B | x_R06_EXIT_A | x_R07_EXIT_B | x_R08_EXIT_B
353,2.708954347477184,4,True,0,0.0,8,x_R01_EXIT_B | x_R02_EXIT_A | x_R03_EXIT_B | x_R04_EXIT_A | x_R05_EXIT_B | x_R06_EXIT_A | x_R07_EXIT_B | x_R08_EXIT_B
354,2.708954347477184,1,True,0,0.0,8,x_R01_EXIT_B | x_R02_EXIT_A | x_R03_EXIT_B | x_R04_EXIT_A | x_R05_EXIT_B | x_R06_EXIT_A | x_R07_EXIT_B | x_R08_EXIT_B
355,2.708954347477184,1,True,0,0.0,8,x_R01_EXIT_B | x_R02_EXIT_A | x_R03_EXIT_B | x_R04_EXIT_A | x_R05_EXIT_B | x_R06_EXIT_A | x_R07_EXIT_B | x_R08_EXIT_B
356,2.709700711161413,1,True,0,0.0,8,x_R01_EXIT_B | x_R02_EXIT_B | x_R03_EXIT_A | x_R04_EXIT_A | x_R05_EXIT_B | x_R06_EXIT_A | x_R07_EXIT_A | x_R08_EXIT_B
357,2.712389035941286,1,True,0,0.0,8,x_R01_EXIT_B | x_R02_EXIT_A | x_R03_EXIT_A | x_R04_EXIT_B | x_R05_EXIT_A | x_R06_EXIT_A | x_R07_EXIT_B | x_R08_EXIT_B
358,2.712389035941286,2,True,0,0.0,8,x_R01_EXIT_B | x_R02_EXIT_A | x_R03_EXIT_A | x_R04_EXIT_B | x_R05_EXIT_A | x_R06_EXIT_A | x_R07_EXIT_B | x_R08_EXIT_B
359,2.718425192755179,1,True,0,0.0,8,x_R01_EXIT_A | x_R02_EXIT_A | x_R03_EXIT_A | x_R04_EXIT_B | x_R05_EXIT_B | x_R06_EXIT_A | x_R07_EXIT_A | x_R08_EXIT_A
360,2.718425192755179,2,True,0,0.0,8,x_R01_EXIT_A | x_R02_EXIT_A | x_R03_EXIT_A | x_R04_EXIT_B | x_R05_EXIT_B | x_R06_EXIT_A | x_R07_EXIT_A | x_R08_EXIT_A
361,2.7387595646698526,1,True,0,0.0,8,x_R01_EXIT_A | x_R02_EXIT_B | x_R03_EXIT_A | x_R04_EXIT_A | x_R05_EXIT_A | x_R06_EXIT_A | x_R07_EXIT_A | x_R08_EXIT_A
362,2.7387595646698526,3,True,0,0.0,8,x_R01_EXIT_A | x_R02_EXIT_B | x_R03_EXIT_A | x_R04_EXIT_A | x_R05_EXIT_A | x_R06_EXIT_A | x_R07_EXIT_A | x_R08_EXIT_A
363,2.7387595646698526,1,True,0,0.0,8,x_R01_EXIT_A | x_R02_EXIT_B | x_R03_EXIT_A | x_R04_EXIT_A | x_R05_EXIT_A | x_R06_EXIT_A | x_R07_EXIT_A | x_R08_EXIT_A
364,2.746710637315314,1,True,0,0.0,8,x_R01_EXIT_A | x_R02_EXIT_B | x_R03_EXIT_B | x_R04_EXIT_A | x_R05_EXIT_A | x_R06_EXIT_A | x_R07_EXIT_A | x_R08_EXIT_B
365,2.746710637315314,1,True,0,0.0,8,x_R01_EXIT_A | x_R02_EXIT_B | x_R03_EXIT_B | x_R04_EXIT_A | x_R05_EXIT_A | x_R06_EXIT_A | x_R07_EXIT_A | x_R08_EXIT_B
366,2.765436566931453,1,True,0,0.0,8,x_R01_EXIT_B | x_R02_EXIT_B | x_R03_EXIT_A | x_R04_EXIT_B | x_R05_EXIT_B | x_R06_EXIT_B | x_R07_EXIT_B | x_R08_EXIT_A
367,2.765436566931453,1,True,0,0.0,8,x_R01_EXIT_B | x_R02_EXIT_B | x_R03_EXIT_A | x_R04_EXIT_B | x_R05_EXIT_B | x_R06_EXIT_B | x_R07_EXIT_B | x_R08_EXIT_A
368,2.770103244297317,1,True,0,0.0,8,x_R01_EXIT_B | x_R02_EXIT_A | x_R03_EXIT_A | x_R04_EXIT_A | x_R05_EXIT_B | x_R06_EXIT_A | x_R07_EXIT_B | x_R08_EXIT_A
369,2.770103244297317,1,True,0,0.0625,8,x_R01_EXIT_B | x_R02_EXIT_A | x_R03_EXIT_A | x_R04_EXIT_A | x_R05_EXIT_B | x_R06_EXIT_A | x_R07_EXIT_B | x_R08_EXIT_A
370,2.770103244297317,1,True,0,0.0,8,x_R01_EXIT_B | x_R02_EXIT_A | x_R03_EXIT_A | x_R04_EXIT_A | x_R05_EXIT_B | x_R06_EXIT_A | x_R07_EXIT_B | x_R08_EXIT_A
371,2.7838631827565923,1,True,0,0.0,8,x_R01_EXIT_A | x_R02_EXIT_B | x_R03_EXIT_B | x_R04_EXIT_B | x_R05_EXIT_A | x_R06_EXIT_B | x_R07_EXIT_A | x_R08_EXIT_A
372,2.7838631827565923,1,True,0,0.0,8,x_R01_EXIT_A | x_R02_EXIT_B | x_R03_EXIT_B | x_R04_EXIT_B | x_R05_EXIT_A | x_R06_EXIT_B | x_R07_EXIT_A | x_R08_EXIT_A
373,2.786780482791979,2,True,0,0.0,8,x_R01_EXIT_A | x_R02_EXIT_B | x_R03_EXIT_A | x_R04_EXIT_B | x_R05_EXIT_A | x_R06_EXIT_A | x_R07_EXIT_A | x_R08_EXIT_A
374,2.787324029964793,1,True,0,0.0,8,x_R01_EXIT_A | x_R02_EXIT_B | x_R03_EXIT_B | x_R04_EXIT_A | x_R05_EXIT_A | x_R06_EXIT_B | x_R07_EXIT_A | x_R08_EXIT_A
375,2.797219712222969,1,True,0,0.0,8,x_R01_EXIT_A | x_R02_EXIT_B | x_R03_EXIT_A | x_R04_EXIT_A | x_R05_EXIT_B | x_R06_EXIT_A | x_R07_EXIT_A | x_R08_EXIT_A
376,2.797298316552314,1,True,0,0.0,8,x_R01_EXIT_B | x_R02_EXIT_B | x_R03_EXIT_B | x_R04_EXIT_B | x_R05_EXIT_A | x_R06_EXIT_B | x_R07_EXIT_B | x_R08_EXIT_B
377,2.8031326595455446,2,True,0,0.0,8,x_R01_EXIT_B | x_R02_EXIT_B | x_R03_EXIT_B | x_R04_EXIT_B | x_R05_EXIT_B | x_R06_EXIT_B | x_R07_EXIT_B | x_R08_EXIT_B
378,2.8101199370046355,1,True,0,0.0,8,x_R01_EXIT_B | x_R02_EXIT_A | x_R03_EXIT_B | x_R04_EXIT_B | x_R05_EXIT_B | x_R06_EXIT_B | x_R07_EXIT_A | x_R08_EXIT_B
379,2.812522676464257,1,True,0,0.0,8,x_R01_EXIT_B | x_R02_EXIT_A | x_R03_EXIT_B | x_R04_EXIT_B | x_R05_EXIT_A | x_R06_EXIT_B | x_R07_EXIT_A | x_R08_EXIT_B
380,2.812522676464257,1,True,0,0.0,8,x_R01_EXIT_B | x_R02_EXIT_A | x_R03_EXIT_B | x_R04_EXIT_B | x_R05_EXIT_A | x_R06_EXIT_B | x_R07_EXIT_A | x_R08_EXIT_B
381,2.835163701352978,1,True,0,0.0,8,x_R01_EXIT_B | x_R02_EXIT_B | x_R03_EXIT_A | x_R04_EXIT_A | x_R05_EXIT_A | x_R06_EXIT_A | x_R07_EXIT_B | x_R08_EXIT_A
382,2.836603134161897,1,True,0,0.0,8,x_R01_EXIT_A | x_R02_EXIT_B | x_R03_EXIT_B | x_R04_EXIT_B | x_R05_EXIT_B | x_R06_EXIT_B | x_R07_EXIT_A | x_R08_EXIT_A
383,2.8402546759245304,2,True,0,0.0,8,x_R01_EXIT_B | x_R02_EXIT_B | x_R03_EXIT_B | x_R04_EXIT_A | x_R05_EXIT_A | x_R06_EXIT_B | x_R07_EXIT_B | x_R08_EXIT_A
384,2.8402546759245304,1,True,0,0.0,8,x_R01_EXIT_B | x_R02_EXIT_B | x_R03_EXIT_B | x_R04_EXIT_A | x_R05_EXIT_A | x_R06_EXIT_B | x_R07_EXIT_B | x_R08_EXIT_A
385,2.840493124619952,1,True,0,0.0,8,x_R01_EXIT_A | x_R02_EXIT_B | x_R03_EXIT_B | x_R04_EXIT_B | x_R05_EXIT_A | x_R06_EXIT_A | x_R07_EXIT_A | x_R08_EXIT_B
386,2.840493124619952,1,True,0,0.0,8,x_R01_EXIT_A | x_R02_EXIT_B | x_R03_EXIT_B | x_R04_EXIT_B | x_R05_EXIT_A | x_R06_EXIT_A | x_R07_EXIT_A | x_R08_EXIT_B
387,2.8444088493349624,1,True,0,0.0,8,x_R01_EXIT_A | x_R02_EXIT_A | x_R03_EXIT_B | x_R04_EXIT_A | x_R05_EXIT_A | x_R06_EXIT_A | x_R07_EXIT_B | x_R08_EXIT_A
388,2.8444088493349624,1,True,0,0.0625,8,x_R01_EXIT_A | x_R02_EXIT_A | x_R03_EXIT_B | x_R04_EXIT_A | x_R05_EXIT_A | x_R06_EXIT_A | x_R07_EXIT_B | x_R08_EXIT_A
389,2.8444088493349624,1,True,0,0.0,8,x_R01_EXIT_A | x_R02_EXIT_A | x_R03_EXIT_B | x_R04_EXIT_A | x_R05_EXIT_A | x_R06_EXIT_A | x_R07_EXIT_B | x_R08_EXIT_A
390,2.8523024629414047,2,True,0,0.0,8,x_R01_EXIT_A | x_R02_EXIT_A | x_R03_EXIT_B | x_R04_EXIT_A | x_R05_EXIT_B | x_R06_EXIT_A | x_R07_EXIT_B | x_R08_EXIT_A
391,2.8681214149363523,1,True,0,0.0,8,x_R01_EXIT_A | x_R02_EXIT_B | x_R03_EXIT_A | x_R04_EXIT_B | x_R05_EXIT_B | x_R06_EXIT_A | x_R07_EXIT_A | x_R08_EXIT_A
392,2.8681214149363523,1,True,0,0.0,8,x_R01_EXIT_A | x_R02_EXIT_B | x_R03_EXIT_A | x_R04_EXIT_B | x_R05_EXIT_B | x_R06_EXIT_A | x_R07_EXIT_A | x_R08_EXIT_A
393,2.8780102841979742,1,True,0,0.0,8,x_R01_EXIT_B | x_R02_EXIT_B | x_R03_EXIT_A | x_R04_EXIT_B | x_R05_EXIT_A | x_R06_EXIT_A | x_R07_EXIT_B | x_R08_EXIT_B
394,2.8780102841979742,1,True,0,0.0,8,x_R01_EXIT_B | x_R02_EXIT_B | x_R03_EXIT_A | x_R04_EXIT_B | x_R05_EXIT_A | x_R06_EXIT_A | x_R07_EXIT_B | x_R08_EXIT_B
395,2.8780102841979742,2,True,0,0.0,8,x_R01_EXIT_B | x_R02_EXIT_B | x_R03_EXIT_A | x_R04_EXIT_B | x_R05_EXIT_A | x_R06_EXIT_A | x_R07_EXIT_B | x_R08_EXIT_B
396,2.897570784248085,2,True,0,0.0,8,x_R01_EXIT_B | x_R02_EXIT_B | x_R03_EXIT_B | x_R04_EXIT_A | x_R05_EXIT_B | x_R06_EXIT_B | x_R07_EXIT_B | x_R08_EXIT_A
397,2.9071809708539544,1,True,0,0.0,8,x_R01_EXIT_B | x_R02_EXIT_B | x_R03_EXIT_B | x_R04_EXIT_A | x_R05_EXIT_A | x_R06_EXIT_A | x_R07_EXIT_B | x_R08_EXIT_B
398,2.9071809708539544,1,True,0,0.0,8,x_R01_EXIT_B | x_R02_EXIT_B | x_R03_EXIT_B | x_R04_EXIT_A | x_R05_EXIT_A | x_R06_EXIT_A | x_R07_EXIT_B | x_R08_EXIT_B
399,2.9071809708539544,1,True,0,0.0,8,x_R01_EXIT_B | x_R02_EXIT_B | x_R03_EXIT_B | x_R04_EXIT_A | x_R05_EXIT_A | x_R06_EXIT_A | x_R07_EXIT_B | x_R08_EXIT_B
400,2.9103929188554836,1,True,0,0.0,8,x_R01_EXIT_B | x_R02_EXIT_A | x_R03_EXIT_B | x_R04_EXIT_A | x_R05_EXIT_A | x_R06_EXIT_B | x_R07_EXIT_A | x_R08_EXIT_A
401,2.9103929188554836,1,True,0,0.0,8,x_R01_EXIT_B | x_R02_EXIT_A | x_R03_EXIT_B | x_R04_EXIT_A | x_R05_EXIT_A | x_R06_EXIT_B | x_R07_EXIT_A | x_R08_EXIT_A
402,2.9103929188554836,1,True,0,0.0,8,x_R01_EXIT_B | x_R02_EXIT_A | x_R03_EXIT_B | x_R04_EXIT_A | x_R05_EXIT_A | x_R06_EXIT_B | x_R07_EXIT_A | x_R08_EXIT_A
403,2.912445607930273,1,True,0,0.0,8,x_R01_EXIT_B | x_R02_EXIT_B | x_R03_EXIT_A | x_R04_EXIT_B | x_R05_EXIT_B | x_R06_EXIT_A | x_R07_EXIT_B | x_R08_EXIT_B
404,2.921080790415602,1,True,0,0.0,8,x_R01_EXIT_B | x_R02_EXIT_B | x_R03_EXIT_A | x_R04_EXIT_A | x_R05_EXIT_B | x_R06_EXIT_A | x_R07_EXIT_B | x_R08_EXIT_A
405,2.9235476345011984,2,True,0,0.0,8,x_R01_EXIT_A | x_R02_EXIT_A | x_R03_EXIT_B | x_R04_EXIT_B | x_R05_EXIT_A | x_R06_EXIT_A | x_R07_EXIT_B | x_R08_EXIT_A
406,2.9543220326988964,1,True,0,0.0625,8,x_R01_EXIT_A | x_R02_EXIT_A | x_R03_EXIT_B | x_R04_EXIT_B | x_R05_EXIT_B | x_R06_EXIT_A | x_R07_EXIT_B | x_R08_EXIT_A
407,2.9543220326988964,1,True,0,0.0,8,x_R01_EXIT_A | x_R02_EXIT_A | x_R03_EXIT_B | x_R04_EXIT_B | x_R05_EXIT_B | x_R06_EXIT_A | x_R07_EXIT_B | x_R08_EXIT_A
408,2.9594719447261872,2,True,0,0.0,8,x_R01_EXIT_B | x_R02_EXIT_A | x_R03_EXIT_B | x_R04_EXIT_A | x_R05_EXIT_B | x_R06_EXIT_B | x_R07_EXIT_A | x_R08_EXIT_A
409,2.959588919424556,2,True,0,0.0,8,x_R01_EXIT_B | x_R02_EXIT_A | x_R03_EXIT_A | x_R04_EXIT_B | x_R05_EXIT_A | x_R06_EXIT_A | x_R07_EXIT_A | x_R08_EXIT_B
410,2.9698827017152074,1,True,0,0.0625,8,x_R01_EXIT_B | x_R02_EXIT_A | x_R03_EXIT_B | x_R04_EXIT_A | x_R05_EXIT_B | x_R06_EXIT_A | x_R07_EXIT_A | x_R08_EXIT_B
411,2.970675148094693,1,True,0,0.0,8,x_R01_EXIT_A | x_R02_EXIT_B | x_R03_EXIT_B | x_R04_EXIT_A | x_R05_EXIT_A | x_R06_EXIT_A | x_R07_EXIT_B | x_R08_EXIT_A
412,2.970675148094693,1,True,0,0.0,8,x_R01_EXIT_A | x_R02_EXIT_B | x_R03_EXIT_B | x_R04_EXIT_A | x_R05_EXIT_A | x_R06_EXIT_A | x_R07_EXIT_B | x_R08_EXIT_A
413,2.971656219598572,1,True,0,0.0,8,x_R01_EXIT_B | x_R02_EXIT_A | x_R03_EXIT_A | x_R04_EXIT_A | x_R05_EXIT_A | x_R06_EXIT_A | x_R07_EXIT_A | x_R08_EXIT_A
414,2.971656219598572,1,True,0,0.0,8,x_R01_EXIT_B | x_R02_EXIT_A | x_R03_EXIT_A | x_R04_EXIT_A | x_R05_EXIT_A | x_R06_EXIT_A | x_R07_EXIT_A | x_R08_EXIT_A
415,2.9822296872357343,1,True,0,0.0,8,x_R01_EXIT_A | x_R02_EXIT_B | x_R03_EXIT_B | x_R04_EXIT_A | x_R05_EXIT_B | x_R06_EXIT_A | x_R07_EXIT_B | x_R08_EXIT_A
416,2.982353989085734,1,True,0,0.0,8,x_R01_EXIT_B | x_R02_EXIT_B | x_R03_EXIT_B | x_R04_EXIT_B | x_R05_EXIT_A | x_R06_EXIT_B | x_R07_EXIT_A | x_R08_EXIT_B
417,2.985787160704004,1,True,0,0.0,8,x_R01_EXIT_B | x_R02_EXIT_A | x_R03_EXIT_A | x_R04_EXIT_B | x_R05_EXIT_B | x_R06_EXIT_A | x_R07_EXIT_A | x_R08_EXIT_B
418,2.985787160704004,1,True,0,0.0,8,x_R01_EXIT_B | x_R02_EXIT_A | x_R03_EXIT_A | x_R04_EXIT_B | x_R05_EXIT_B | x_R06_EXIT_A | x_R07_EXIT_A | x_R08_EXIT_B
419,3.0619196038039593,1,True,0,0.0,8,x_R01_EXIT_B | x_R02_EXIT_B | x_R03_EXIT_B | x_R04_EXIT_A | x_R05_EXIT_A | x_R06_EXIT_B | x_R07_EXIT_A | x_R08_EXIT_A
420,3.062662804816033,1,True,0,0.0,8,x_R01_EXIT_B | x_R02_EXIT_A | x_R03_EXIT_B | x_R04_EXIT_B | x_R05_EXIT_A | x_R06_EXIT_B | x_R07_EXIT_B | x_R08_EXIT_A
421,3.064457635399331,1,True,0,0.0,8,x_R01_EXIT_A | x_R02_EXIT_B | x_R03_EXIT_B | x_R04_EXIT_B | x_R05_EXIT_A | x_R06_EXIT_A | x_R07_EXIT_B | x_R08_EXIT_A
422,3.064457635399331,2,True,0,0.0,8,x_R01_EXIT_A | x_R02_EXIT_B | x_R03_EXIT_B | x_R04_EXIT_B | x_R05_EXIT_A | x_R06_EXIT_A | x_R07_EXIT_B | x_R08_EXIT_A
423,3.114659555209263,1,True,0,0.0,8,x_R01_EXIT_B | x_R02_EXIT_B | x_R03_EXIT_B | x_R04_EXIT_A | x_R05_EXIT_B | x_R06_EXIT_B | x_R07_EXIT_A | x_R08_EXIT_A
424,3.120095052556804,2,True,0,0.0,8,x_R01_EXIT_A | x_R02_EXIT_A | x_R03_EXIT_B | x_R04_EXIT_A | x_R05_EXIT_B | x_R06_EXIT_A | x_R07_EXIT_A | x_R08_EXIT_A
425,3.120095052556804,2,True,0,0.0,8,x_R01_EXIT_A | x_R02_EXIT_A | x_R03_EXIT_B | x_R04_EXIT_A | x_R05_EXIT_B | x_R06_EXIT_A | x_R07_EXIT_A | x_R08_EXIT_A
426,3.127759061465299,1,True,0,0.0,8,x_R01_EXIT_B | x_R02_EXIT_B | x_R03_EXIT_A | x_R04_EXIT_A | x_R05_EXIT_A | x_R06_EXIT_A | x_R07_EXIT_A | x_R08_EXIT_A
427,3.139198772196244,1,True,0,0.0,8,x_R01_EXIT_B | x_R02_EXIT_A | x_R03_EXIT_B | x_R04_EXIT_B | x_R05_EXIT_B | x_R06_EXIT_B | x_R07_EXIT_B | x_R08_EXIT_A
428,3.139198772196244,1,True,0,0.0,8,x_R01_EXIT_B | x_R02_EXIT_A | x_R03_EXIT_B | x_R04_EXIT_B | x_R05_EXIT_B | x_R06_EXIT_B | x_R07_EXIT_B | x_R08_EXIT_A
429,3.1403095430189953,1,False,1,0.0,7,x_R01_EXIT_A | x_R02_EXIT_A | x_R03_EXIT_A | x_R05_EXIT_A | x_R06_EXIT_B | x_R07_EXIT_B | x_R08_EXIT_B
430,3.1403095430189953,2,False,1,0.0,7,x_R01_EXIT_A | x_R02_EXIT_A | x_R03_EXIT_A | x_R05_EXIT_A | x_R06_EXIT_B | x_R07_EXIT_B | x_R08_EXIT_B
431,3.163855555778334,1,True,0,0.0,8,x_R01_EXIT_B | x_R02_EXIT_B | x_R03_EXIT_A | x_R04_EXIT_B | x_R05_EXIT_B | x_R06_EXIT_A | x_R07_EXIT_A | x_R08_EXIT_B
432,3.163855555778334,2,True,0,0.0,8,x_R01_EXIT_B | x_R02_EXIT_B | x_R03_EXIT_A | x_R04_EXIT_B | x_R05_EXIT_B | x_R06_EXIT_A | x_R07_EXIT_A | x_R08_EXIT_B
433,3.1730355964435937,1,True,0,0.0,8,x_R01_EXIT_A | x_R02_EXIT_A | x_R03_EXIT_B | x_R04_EXIT_B | x_R05_EXIT_A | x_R06_EXIT_A | x_R07_EXIT_A | x_R08_EXIT_A
434,3.1730355964435937,1,True,0,0.0,8,x_R01_EXIT_A | x_R02_EXIT_A | x_R03_EXIT_B | x_R04_EXIT_B | x_R05_EXIT_A | x_R06_EXIT_A | x_R07_EXIT_A | x_R08_EXIT_A
435,3.181471703293272,1,True,0,0.0,8,x_R01_EXIT_B | x_R02_EXIT_B | x_R03_EXIT_B | x_R04_EXIT_A | x_R05_EXIT_A | x_R06_EXIT_A | x_R07_EXIT_A | x_R08_EXIT_B
436,3.1942270591382136,1,True,0,0.0,8,x_R01_EXIT_B | x_R02_EXIT_A | x_R03_EXIT_B | x_R04_EXIT_B | x_R05_EXIT_B | x_R06_EXIT_A | x_R07_EXIT_B | x_R08_EXIT_B
437,3.209099993609672,1,True,0,0.0,8,x_R01_EXIT_B | x_R02_EXIT_B | x_R03_EXIT_A | x_R04_EXIT_A | x_R05_EXIT_B | x_R06_EXIT_A | x_R07_EXIT_A | x_R08_EXIT_A
438,3.209099993609672,1,True,0,0.0,8,x_R01_EXIT_B | x_R02_EXIT_B | x_R03_EXIT_A | x_R04_EXIT_A | x_R05_EXIT_B | x_R06_EXIT_A | x_R07_EXIT_A | x_R08_EXIT_A
439,3.2096143867758355,1,True,0,0.0,8,x_R01_EXIT_B | x_R02_EXIT_A | x_R03_EXIT_A | x_R04_EXIT_B | x_R05_EXIT_B | x_R06_EXIT_A | x_R07_EXIT_B | x_R08_EXIT_A
440,3.2096143867758355,1,True,0,0.0,8,x_R01_EXIT_B | x_R02_EXIT_A | x_R03_EXIT_A | x_R04_EXIT_B | x_R05_EXIT_B | x_R06_EXIT_A | x_R07_EXIT_B | x_R08_EXIT_A
441,3.214934426270841,1,True,0,0.0,8,x_R01_EXIT_B | x_R02_EXIT_A | x_R03_EXIT_B | x_R04_EXIT_B | x_R05_EXIT_A | x_R06_EXIT_A | x_R07_EXIT_B | x_R08_EXIT_B
442,3.2203910037006853,1,False,1,0.0,7,x_R01_EXIT_A | x_R02_EXIT_A | x_R03_EXIT_A | x_R04_EXIT_B | x_R05_EXIT_A | x_R07_EXIT_B | x_R08_EXIT_B
443,3.239725009602756,1,False,1,0.0,7,x_R01_EXIT_A | x_R02_EXIT_A | x_R03_EXIT_A | x_R04_EXIT_B | x_R05_EXIT_B | x_R07_EXIT_B | x_R08_EXIT_B
444,3.239725009602756,1,False,1,0.0,7,x_R01_EXIT_A | x_R02_EXIT_A | x_R03_EXIT_A | x_R04_EXIT_B | x_R05_EXIT_B | x_R07_EXIT_B | x_R08_EXIT_B
445,3.255488046183431,2,True,0,0.0,8,x_R01_EXIT_B | x_R02_EXIT_A | x_R03_EXIT_B | x_R04_EXIT_A | x_R05_EXIT_B | x_R06_EXIT_A | x_R07_EXIT_B | x_R08_EXIT_A
446,3.270150835832338,1,False,1,0.0,7,x_R01_EXIT_A | x_R02_EXIT_B | x_R03_EXIT_A | x_R04_EXIT_A | x_R06_EXIT_B | x_R07_EXIT_B | x_R08_EXIT_B
447,3.3227318186247694,2,True,0,0.0,8,x_R01_EXIT_A | x_R02_EXIT_B | x_R03_EXIT_B | x_R04_EXIT_B | x_R05_EXIT_A | x_R06_EXIT_A | x_R07_EXIT_A | x_R08_EXIT_A
448,3.3339299945703,1,False,1,0.0,7,x_R02_EXIT_B | x_R03_EXIT_A | x_R04_EXIT_A | x_R05_EXIT_A | x_R06_EXIT_B | x_R07_EXIT_B | x_R08_EXIT_B
449,3.335913000171444,1,False,1,0.0,7,x_R01_EXIT_A | x_R02_EXIT_A | x_R03_EXIT_A | x_R04_EXIT_B | x_R06_EXIT_B | x_R07_EXIT_A | x_R08_EXIT_B
450,3.3425771572224163,1,False,1,0.0,7,x_R01_EXIT_A | x_R02_EXIT_A | x_R03_EXIT_A | x_R04_EXIT_A | x_R06_EXIT_B | x_R07_EXIT_A | x_R08_EXIT_B
451,3.347572533844065,1,False,1,0.0,7,x_R01_EXIT_A | x_R02_EXIT_B | x_R03_EXIT_A | x_R04_EXIT_B | x_R05_EXIT_A | x_R07_EXIT_B | x_R08_EXIT_B
452,3.3569249260069705,1,False,1,0.0,7,x_R02_EXIT_B | x_R03_EXIT_A | x_R04_EXIT_A | x_R05_EXIT_B | x_R06_EXIT_B | x_R07_EXIT_B | x_R08_EXIT_B
453,3.3654057928945784,1,True,0,0.0,8,x_R01_EXIT_B | x_R02_EXIT_A | x_R03_EXIT_A | x_R04_EXIT_B | x_R05_EXIT_A | x_R06_EXIT_A | x_R07_EXIT_A | x_R08_EXIT_A
454,3.367170158464102,1,True,0,0.0,8,x_R01_EXIT_B | x_R02_EXIT_B | x_R03_EXIT_B | x_R04_EXIT_B | x_R05_EXIT_B | x_R06_EXIT_A | x_R07_EXIT_B | x_R08_EXIT_B
455,3.368708787149009,1,False,1,0.0,7,x_R01_EXIT_A | x_R02_EXIT_B | x_R03_EXIT_A | x_R04_EXIT_A | x_R05_EXIT_A | x_R06_EXIT_B | x_R07_EXIT_B
456,3.368708787149009,1,False,1,0.0,7,x_R01_EXIT_A | x_R02_EXIT_B | x_R03_EXIT_A | x_R04_EXIT_A | x_R05_EXIT_A | x_R06_EXIT_B | x_R07_EXIT_B
457,3.3705674652807356,1,False,1,0.0,7,x_R01_EXIT_A | x_R02_EXIT_B | x_R03_EXIT_A | x_R04_EXIT_B | x_R05_EXIT_B | x_R07_EXIT_B | x_R08_EXIT_B
458,3.3705674652807356,1,False,1,0.0,7,x_R01_EXIT_A | x_R02_EXIT_B | x_R03_EXIT_A | x_R04_EXIT_B | x_R05_EXIT_B | x_R07_EXIT_B | x_R08_EXIT_B
459,3.3705674652807356,1,False,1,0.0,7,x_R01_EXIT_A | x_R02_EXIT_B | x_R03_EXIT_A | x_R04_EXIT_B | x_R05_EXIT_B | x_R07_EXIT_B | x_R08_EXIT_B
460,3.375235635032523,1,True,0,0.0,8,x_R01_EXIT_B | x_R02_EXIT_B | x_R03_EXIT_A | x_R04_EXIT_B | x_R05_EXIT_B | x_R06_EXIT_A | x_R07_EXIT_B | x_R08_EXIT_A
461,3.3756911941040184,2,True,0,0.0,8,x_R01_EXIT_B | x_R02_EXIT_B | x_R03_EXIT_B | x_R04_EXIT_A | x_R05_EXIT_A | x_R06_EXIT_A | x_R07_EXIT_B | x_R08_EXIT_A
462,3.3756911941040184,1,True,0,0.0,8,x_R01_EXIT_B | x_R02_EXIT_B | x_R03_EXIT_B | x_R04_EXIT_A | x_R05_EXIT_A | x_R06_EXIT_A | x_R07_EXIT_B | x_R08_EXIT_A
463,3.3842166000621283,1,True,0,0.0,8,x_R01_EXIT_B | x_R02_EXIT_B | x_R03_EXIT_B | x_R04_EXIT_B | x_R05_EXIT_A | x_R06_EXIT_A | x_R07_EXIT_B | x_R08_EXIT_B
464,3.3882428713774817,1,False,1,0.0,7,x_R01_EXIT_A | x_R02_EXIT_B | x_R03_EXIT_A | x_R04_EXIT_B | x_R05_EXIT_B | x_R06_EXIT_B | x_R07_EXIT_B
465,3.395373539356575,1,False,1,0.0,7,x_R02_EXIT_A | x_R03_EXIT_A | x_R04_EXIT_A | x_R05_EXIT_A | x_R06_EXIT_B | x_R07_EXIT_A | x_R08_EXIT_B
466,3.406210418713489,1,False,1,0.0,7,x_R01_EXIT_B | x_R02_EXIT_A | x_R03_EXIT_A | x_R05_EXIT_A | x_R06_EXIT_B | x_R07_EXIT_B | x_R08_EXIT_B
467,3.417993765700444,1,False,1,0.0,7,x_R01_EXIT_A | x_R02_EXIT_A | x_R03_EXIT_A | x_R05_EXIT_B | x_R06_EXIT_A | x_R07_EXIT_B | x_R08_EXIT_B
468,3.42154054438963,1,False,1,0.0,7,x_R01_EXIT_A | x_R02_EXIT_A | x_R03_EXIT_A | x_R05_EXIT_A | x_R06_EXIT_A | x_R07_EXIT_B | x_R08_EXIT_B
469,3.42154054438963,1,False,1,0.0,7,x_R01_EXIT_A | x_R02_EXIT_A | x_R03_EXIT_A | x_R05_EXIT_A | x_R06_EXIT_A | x_R07_EXIT_B | x_R08_EXIT_B
470,3.4304211489091094,1,False,1,0.0,7,x_R01_EXIT_A | x_R02_EXIT_A | x_R03_EXIT_A | x_R04_EXIT_A | x_R05_EXIT_A | x_R06_EXIT_B | x_R08_EXIT_B
471,3.4335468248681673,1,False,1,0.0,7,x_R02_EXIT_B | x_R03_EXIT_A | x_R04_EXIT_B | x_R05_EXIT_B | x_R06_EXIT_B | x_R07_EXIT_B | x_R08_EXIT_B
472,3.4439949495354534,1,False,1,0.0,7,x_R01_EXIT_A | x_R02_EXIT_A | x_R04_EXIT_A | x_R05_EXIT_B | x_R06_EXIT_B | x_R07_EXIT_A | x_R08_EXIT_B
473,3.449228800471933,1,False,1,0.0,7,x_R02_EXIT_A | x_R03_EXIT_A | x_R04_EXIT_B | x_R05_EXIT_B | x_R06_EXIT_B | x_R07_EXIT_A | x_R08_EXIT_B
474,3.4522433115967104,1,False,1,0.0,7,x_R01_EXIT_A | x_R02_EXIT_A | x_R03_EXIT_A | x_R04_EXIT_B | x_R05_EXIT_B | x_R06_EXIT_B | x_R08_EXIT_B
475,3.4585245048284405,1,False,1,0.0,7,x_R01_EXIT_A | x_R02_EXIT_A | x_R03_EXIT_A | x_R04_EXIT_A | x_R05_EXIT_A | x_R06_EXIT_B | x_R07_EXIT_A
476,3.465966584095608,1,True,0,0.0,8,x_R01_EXIT_B | x_R02_EXIT_A | x_R03_EXIT_A | x_R04_EXIT_B | x_R05_EXIT_B | x_R06_EXIT_A | x_R07_EXIT_A | x_R08_EXIT_A
477,3.477968865461337,1,False,1,0.0,7,x_R01_EXIT_B | x_R02_EXIT_A | x_R03_EXIT_A | x_R04_EXIT_A | x_R05_EXIT_B | x_R07_EXIT_B | x_R08_EXIT_B
478,3.4919833460234826,1,False,1,0.0,7,x_R01_EXIT_B | x_R02_EXIT_A | x_R03_EXIT_A | x_R04_EXIT_A | x_R05_EXIT_B | x_R06_EXIT_B | x_R07_EXIT_B
479,3.4919833460234826,1,False,1,0.0,7,x_R01_EXIT_B | x_R02_EXIT_A | x_R03_EXIT_A | x_R04_EXIT_A | x_R05_EXIT_B | x_R06_EXIT_B | x_R07_EXIT_B
480,3.4944518499046002,1,True,0,0.0,8,x_R01_EXIT_B | x_R02_EXIT_B | x_R03_EXIT_B | x_R04_EXIT_B | x_R05_EXIT_B | x_R06_EXIT_B | x_R07_EXIT_A | x_R08_EXIT_A
481,3.528765492641632,1,False,1,0.0,7,x_R01_EXIT_A | x_R02_EXIT_A | x_R03_EXIT_A | x_R04_EXIT_A | x_R06_EXIT_A | x_R07_EXIT_B | x_R08_EXIT_B
482,3.5349162848366102,1,False,1,0.0,7,x_R01_EXIT_A | x_R02_EXIT_B | x_R03_EXIT_A | x_R04_EXIT_B | x_R05_EXIT_A | x_R07_EXIT_A | x_R08_EXIT_B
483,3.536152336899707,1,True,0,0.0,8,x_R01_EXIT_B | x_R02_EXIT_B | x_R03_EXIT_A | x_R04_EXIT_B | x_R05_EXIT_A | x_R06_EXIT_A | x_R07_EXIT_A | x_R08_EXIT_A
484,3.536152336899707,1,True,0,0.0,8,x_R01_EXIT_B | x_R02_EXIT_B | x_R03_EXIT_A | x_R04_EXIT_B | x_R05_EXIT_A | x_R06_EXIT_A | x_R07_EXIT_A | x_R08_EXIT_A
485,3.5442686769995158,1,False,1,0.0,7,x_R02_EXIT_B | x_R03_EXIT_A | x_R04_EXIT_A | x_R05_EXIT_B | x_R06_EXIT_B | x_R07_EXIT_A | x_R08_EXIT_B
486,3.550120405413608,1,False,1,0.0,7,x_R01_EXIT_A | x_R02_EXIT_B | x_R03_EXIT_A | x_R04_EXIT_A | x_R05_EXIT_B | x_R06_EXIT_B | x_R08_EXIT_B
487,3.5567102321597814,1,False,1,0.0,7,x_R02_EXIT_B | x_R03_EXIT_A | x_R04_EXIT_B | x_R05_EXIT_A | x_R06_EXIT_B | x_R07_EXIT_A | x_R08_EXIT_B
488,3.5642866253318517,1,False,1,0.0,7,x_R02_EXIT_A | x_R03_EXIT_A | x_R04_EXIT_A | x_R05_EXIT_B | x_R06_EXIT_A | x_R07_EXIT_B | x_R08_EXIT_B
489,3.572698308931692,1,False,1,0.0,7,x_R01_EXIT_A | x_R02_EXIT_B | x_R03_EXIT_A | x_R04_EXIT_A | x_R05_EXIT_A | x_R07_EXIT_A | x_R08_EXIT_B
490,3.604361593365641,1,False,1,0.0,7,x_R01_EXIT_A | x_R03_EXIT_A | x_R04_EXIT_B | x_R05_EXIT_A | x_R06_EXIT_B | x_R07_EXIT_A | x_R08_EXIT_B
491,3.6140039493939127,1,True,0,0.0,8,x_R01_EXIT_B | x_R02_EXIT_B | x_R03_EXIT_B | x_R04_EXIT_B | x_R05_EXIT_B | x_R06_EXIT_A | x_R07_EXIT_A | x_R08_EXIT_B
492,3.615768647739718,3,False,1,0.0,7,x_R02_EXIT_A | x_R03_EXIT_A | x_R04_EXIT_A | x_R05_EXIT_A | x_R06_EXIT_B | x_R07_EXIT_B | x_R08_EXIT_A
493,3.619344670103497,1,False,1,0.0,7,x_R01_EXIT_A | x_R02_EXIT_A | x_R03_EXIT_A | x_R04_EXIT_B | x_R06_EXIT_A | x_R07_EXIT_B | x_R08_EXIT_B
494,3.623919798711582,1,False,1,0.0,7,x_R01_EXIT_A | x_R02_EXIT_A | x_R03_EXIT_A | x_R04_EXIT_B | x_R05_EXIT_A | x_R07_EXIT_B | x_R08_EXIT_A
495,3.6245421176233465,1,False,1,0.0,7,x_R01_EXIT_B | x_R02_EXIT_B | x_R04_EXIT_A | x_R05_EXIT_A | x_R06_EXIT_B | x_R07_EXIT_B | x_R08_EXIT_B
496,3.632390297412387,1,False,1,0.0,7,x_R01_EXIT_A | x_R03_EXIT_A | x_R04_EXIT_B | x_R05_EXIT_B | x_R06_EXIT_B | x_R07_EXIT_A | x_R08_EXIT_B
497,3.6346193293124185,1,False,1,0.0,7,x_R01_EXIT_A | x_R02_EXIT_A | x_R03_EXIT_B | x_R04_EXIT_A | x_R06_EXIT_B | x_R07_EXIT_A | x_R08_EXIT_B
498,3.64214537857439,1,False,1,0.0,9,x_R01_EXIT_A | x_R02_EXIT_A | x_R02_EXIT_B | x_R03_EXIT_A | x_R04_EXIT_B | x_R05_EXIT_A | x_R06_EXIT_B | x_R07_EXIT_B | x_R08_EXIT_B
499,3.6631316147660757,1,False,1,0.0,7,x_R01_EXIT_A | x_R02_EXIT_A | x_R03_EXIT_B | x_R04_EXIT_A | x_R05_EXIT_B | x_R07_EXIT_B | x_R08_EXIT_B
500,3.663710397298089,1,True,0,0.0625,8,x_R01_EXIT_B | x_R02_EXIT_B | x_R03_EXIT_B | x_R04_EXIT_A | x_R05_EXIT_A | x_R06_EXIT_A | x_R07_EXIT_A | x_R08_EXIT_A
501,3.6700884466468104,1,False,1,0.0,7,x_R01_EXIT_B | x_R03_EXIT_A | x_R04_EXIT_A | x_R05_EXIT_A | x_R06_EXIT_B | x_R07_EXIT_B | x_R08_EXIT_B
502,3.6791214270322463,1,False,1,0.0,7,x_R01_EXIT_B | x_R02_EXIT_A | x_R04_EXIT_A | x_R05_EXIT_A | x_R06_EXIT_B | x_R07_EXIT_A | x_R08_EXIT_B
503,3.679348242306358,1,False,1,0.0,7,x_R01_EXIT_A | x_R02_EXIT_A | x_R03_EXIT_B | x_R04_EXIT_B | x_R05_EXIT_B | x_R07_EXIT_B | x_R08_EXIT_B
504,3.6818582259469013,1,False,1,0.0,7,x_R01_EXIT_B | x_R02_EXIT_B | x_R04_EXIT_A | x_R05_EXIT_B | x_R06_EXIT_B | x_R07_EXIT_B | x_R08_EXIT_B
505,3.685542090130627,1,False,1,0.0,9,x_R01_EXIT_A | x_R02_EXIT_A | x_R03_EXIT_A | x_R04_EXIT_B | x_R05_EXIT_A | x_R06_EXIT_B | x_R07_EXIT_A | x_R07_EXIT_B | x_R08_EXIT_B
506,3.688156316063827,1,False,1,0.0,7,x_R01_EXIT_B | x_R02_EXIT_A | x_R03_EXIT_A | x_R04_EXIT_A | x_R06_EXIT_B | x_R07_EXIT_B | x_R08_EXIT_A
507,3.6904871674552915,1,False,1,0.0,7,x_R01_EXIT_B | x_R02_EXIT_A | x_R03_EXIT_A | x_R04_EXIT_A | x_R05_EXIT_B | x_R06_EXIT_B | x_R08_EXIT_B
508,3.6978747751607832,1,False,1,0.0,7,x_R02_EXIT_B | x_R03_EXIT_A | x_R04_EXIT_A | x_R05_EXIT_B | x_R06_EXIT_A | x_R07_EXIT_B | x_R08_EXIT_B
509,3.6990704825589757,2,False,1,0.0,9,x_R01_EXIT_A | x_R02_EXIT_A | x_R03_EXIT_A | x_R04_EXIT_A | x_R05_EXIT_A | x_R06_EXIT_B | x_R07_EXIT_A | x_R07_EXIT_B | x_R08_EXIT_B
510,3.7006273719762284,1,False,1,0.0,7,x_R02_EXIT_A | x_R03_EXIT_A | x_R04_EXIT_B | x_R05_EXIT_B | x_R06_EXIT_A | x_R07_EXIT_B | x_R08_EXIT_B
511,3.7065763759699553,1,False,1,0.0,7,x_R01_EXIT_A | x_R02_EXIT_A | x_R03_EXIT_A | x_R04_EXIT_B | x_R05_EXIT_B | x_R06_EXIT_A | x_R07_EXIT_B
512,3.7094652035633704,1,False,1,0.0,7,x_R02_EXIT_A | x_R03_EXIT_A | x_R04_EXIT_A | x_R05_EXIT_B | x_R06_EXIT_B | x_R07_EXIT_B | x_R08_EXIT_A
513,3.7115402530836707,1,False,1,0.0,9,x_R01_EXIT_A | x_R02_EXIT_A | x_R03_EXIT_A | x_R04_EXIT_A | x_R05_EXIT_B | x_R06_EXIT_B | x_R07_EXIT_A | x_R07_EXIT_B | x_R08_EXIT_B
514,3.718160158785588,1,False,1,0.0,7,x_R01_EXIT_A | x_R02_EXIT_A | x_R03_EXIT_B | x_R04_EXIT_A | x_R05_EXIT_A | x_R07_EXIT_B | x_R08_EXIT_B
515,3.7491574904748695,1,False,1,0.0,7,x_R01_EXIT_A | x_R02_EXIT_B | x_R03_EXIT_A | x_R05_EXIT_B | x_R06_EXIT_B | x_R07_EXIT_B | x_R08_EXIT_A
516,3.7699293867206136,1,False,1,0.0,7,x_R01_EXIT_A | x_R02_EXIT_B | x_R03_EXIT_A | x_R05_EXIT_A | x_R06_EXIT_A | x_R07_EXIT_A | x_R08_EXIT_B
517,3.7783009900765903,1,False,1,0.0,7,x_R01_EXIT_A | x_R02_EXIT_B | x_R03_EXIT_A | x_R04_EXIT_A | x_R05_EXIT_A | x_R06_EXIT_A | x_R07_EXIT_B
518,3.78685842913313,1,False,1,0.0,7,x_R01_EXIT_B | x_R02_EXIT_A | x_R03_EXIT_A | x_R05_EXIT_A | x_R06_EXIT_B | x_R07_EXIT_B | x_R08_EXIT_A
519,3.7960665310046307,1,False,1,0.0,9,x_R01_EXIT_A | x_R02_EXIT_A | x_R03_EXIT_A | x_R04_EXIT_A | x_R04_EXIT_B | x_R05_EXIT_A | x_R06_EXIT_B | x_R07_EXIT_B | x_R08_EXIT_B
520,3.809661232653473,1,False,1,0.0,7,x_R01_EXIT_A | x_R03_EXIT_A | x_R04_EXIT_A | x_R05_EXIT_A | x_R06_EXIT_A | x_R07_EXIT_B | x_R08_EXIT_B
521,3.8129727058839764,2,False,1,0.0,7,x_R01_EXIT_B | x_R02_EXIT_B | x_R03_EXIT_A | x_R04_EXIT_A | x_R05_EXIT_A | x_R07_EXIT_A | x_R08_EXIT_B
522,3.8154005369067012,1,False,1,0.0,9,x_R01_EXIT_A | x_R02_EXIT_A | x_R03_EXIT_A | x_R04_EXIT_A | x_R04_EXIT_B | x_R05_EXIT_B | x_R06_EXIT_B | x_R07_EXIT_B | x_R08_EXIT_B
523,3.8162057991758385,1,False,1,0.0,7,x_R01_EXIT_A | x_R02_EXIT_A | x_R03_EXIT_A | x_R04_EXIT_B | x_R05_EXIT_A | x_R07_EXIT_A | x_R08_EXIT_A
524,3.826613535282895,1,False,1,0.0,7,x_R01_EXIT_A | x_R02_EXIT_A | x_R03_EXIT_B | x_R04_EXIT_B | x_R06_EXIT_B | x_R07_EXIT_B | x_R08_EXIT_A
525,3.8286959181388274,1,False,1,0.0,7,x_R02_EXIT_B | x_R03_EXIT_B | x_R04_EXIT_A | x_R05_EXIT_A | x_R06_EXIT_B | x_R07_EXIT_B | x_R08_EXIT_B
526,3.8290663169619594,1,False,1,0.0,7,x_R01_EXIT_B | x_R02_EXIT_B | x_R03_EXIT_A | x_R04_EXIT_A | x_R06_EXIT_B | x_R07_EXIT_B | x_R08_EXIT_A
527,3.8316770657226455,1,False,1,0.0,7,x_R01_EXIT_B | x_R02_EXIT_A | x_R03_EXIT_A | x_R04_EXIT_B | x_R05_EXIT_B | x_R07_EXIT_B | x_R08_EXIT_B
528,3.8487534581793583,1,False,1,0.0,7,x_R01_EXIT_A | x_R02_EXIT_A | x_R03_EXIT_B | x_R04_EXIT_B | x_R05_EXIT_B | x_R07_EXIT_A | x_R08_EXIT_B
529,3.8545426500521365,1,False,1,0.0,7,x_R01_EXIT_A | x_R02_EXIT_A | x_R03_EXIT_A | x_R04_EXIT_A | x_R05_EXIT_A | x_R06_EXIT_B | x_R08_EXIT_A
530,3.855903703364129,1,False,1,0.0,7,x_R01_EXIT_A | x_R02_EXIT_A | x_R03_EXIT_B | x_R04_EXIT_B | x_R05_EXIT_B | x_R06_EXIT_B | x_R07_EXIT_A
531,3.8600138635093395,1,False,1,0.0,7,x_R01_EXIT_A | x_R02_EXIT_B | x_R03_EXIT_B | x_R04_EXIT_B | x_R05_EXIT_A | x_R06_EXIT_B | x_R07_EXIT_B
532,3.8724826057238664,1,False,1,0.0,7,x_R01_EXIT_B | x_R02_EXIT_B | x_R03_EXIT_B | x_R04_EXIT_A | x_R06_EXIT_B | x_R07_EXIT_B | x_R08_EXIT_B
533,3.881902380472251,1,False,1,0.0,7,x_R02_EXIT_A | x_R03_EXIT_B | x_R04_EXIT_A | x_R05_EXIT_A | x_R06_EXIT_B | x_R07_EXIT_A | x_R08_EXIT_B
534,3.8848964596747892,1,False,1,0.0,7,x_R02_EXIT_B | x_R03_EXIT_A | x_R04_EXIT_B | x_R05_EXIT_B | x_R06_EXIT_B | x_R07_EXIT_B | x_R08_EXIT_A
535,3.8854773745258657,1,False,1,0.0,7,x_R01_EXIT_A | x_R02_EXIT_A | x_R03_EXIT_B | x_R04_EXIT_B | x_R05_EXIT_A | x_R07_EXIT_A | x_R08_EXIT_B
536,3.891512310000578,1,False,1,0.0,7,x_R01_EXIT_A | x_R02_EXIT_A | x_R03_EXIT_A | x_R04_EXIT_A | x_R05_EXIT_A | x_R07_EXIT_A | x_R08_EXIT_A
537,3.9009334408109093,1,False,1,0.0,7,x_R01_EXIT_A | x_R02_EXIT_A | x_R03_EXIT_B | x_R04_EXIT_A | x_R05_EXIT_A | x_R06_EXIT_B | x_R08_EXIT_B
538,3.9053178170000242,2,False,1,0.0,7,x_R02_EXIT_B | x_R03_EXIT_B | x_R04_EXIT_B | x_R05_EXIT_A | x_R06_EXIT_B | x_R07_EXIT_B | x_R08_EXIT_B
539,3.9154971953677244,1,False,1,0.0,9,x_R01_EXIT_A | x_R02_EXIT_B | x_R03_EXIT_A | x_R04_EXIT_A | x_R05_EXIT_A | x_R05_EXIT_B | x_R06_EXIT_B | x_R07_EXIT_B | x_R08_EXIT_B
540,3.9175920981649393,1,False,1,0.0,7,x_R01_EXIT_B | x_R02_EXIT_A | x_R03_EXIT_B | x_R04_EXIT_A | x_R05_EXIT_B | x_R07_EXIT_B | x_R08_EXIT_B
541,3.9205106835880317,1,False,1,0.0,7,x_R01_EXIT_B | x_R02_EXIT_A | x_R03_EXIT_A | x_R04_EXIT_A | x_R06_EXIT_A | x_R07_EXIT_B | x_R08_EXIT_B
542,3.9205106835880317,1,False,1,0.0,7,x_R01_EXIT_B | x_R02_EXIT_A | x_R03_EXIT_A | x_R04_EXIT_A | x_R06_EXIT_A | x_R07_EXIT_B | x_R08_EXIT_B
543,3.933096143423387,1,False,1,0.0,7,x_R01_EXIT_B | x_R02_EXIT_A | x_R04_EXIT_B | x_R05_EXIT_B | x_R06_EXIT_B | x_R07_EXIT_B | x_R08_EXIT_B
544,3.947425787799575,1,False,1,0.0,7,x_R02_EXIT_B | x_R03_EXIT_A | x_R04_EXIT_B | x_R05_EXIT_A | x_R06_EXIT_B | x_R07_EXIT_A | x_R08_EXIT_A
545,3.9558602103938156,1,False,1,0.0,7,x_R01_EXIT_B | x_R02_EXIT_A | x_R03_EXIT_A | x_R04_EXIT_A | x_R05_EXIT_B | x_R07_EXIT_B | x_R08_EXIT_A
546,3.960141751591044,1,False,1,0.0,7,x_R01_EXIT_A | x_R02_EXIT_B | x_R03_EXIT_A | x_R04_EXIT_B | x_R05_EXIT_A | x_R06_EXIT_B | x_R08_EXIT_A
547,3.960141751591044,1,False,1,0.0,7,x_R01_EXIT_A | x_R02_EXIT_B | x_R03_EXIT_A | x_R04_EXIT_B | x_R05_EXIT_A | x_R06_EXIT_B | x_R08_EXIT_A
548,3.9608398019243816,1,False,1,0.0,7,x_R01_EXIT_B | x_R02_EXIT_A | x_R03_EXIT_A | x_R05_EXIT_A | x_R06_EXIT_B | x_R07_EXIT_A | x_R08_EXIT_A
549,3.9696560136547254,1,True,0,0.0,8,x_R01_EXIT_B | x_R02_EXIT_A | x_R03_EXIT_B | x_R04_EXIT_B | x_R05_EXIT_B | x_R06_EXIT_A | x_R07_EXIT_A | x_R08_EXIT_A
550,3.9696560136547254,1,True,0,0.0,8,x_R01_EXIT_B | x_R02_EXIT_A | x_R03_EXIT_B | x_R04_EXIT_B | x_R05_EXIT_B | x_R06_EXIT_A | x_R07_EXIT_A | x_R08_EXIT_A
551,3.9719939017156665,1,False,1,0.0,7,x_R01_EXIT_A | x_R02_EXIT_B | x_R03_EXIT_B | x_R04_EXIT_A | x_R05_EXIT_B | x_R06_EXIT_B | x_R07_EXIT_A
552,3.9771965420251627,1,False,1,0.0,7,x_R01_EXIT_B | x_R02_EXIT_A | x_R04_EXIT_A | x_R05_EXIT_B | x_R06_EXIT_B | x_R07_EXIT_B | x_R08_EXIT_A
553,3.9817140830554583,1,False,1,0.0,9,x_R01_EXIT_A | x_R01_EXIT_B | x_R02_EXIT_A | x_R03_EXIT_A | x_R04_EXIT_A | x_R05_EXIT_B | x_R06_EXIT_B | x_R07_EXIT_B | x_R08_EXIT_B
554,3.988881521073792,1,False,1,0.0,9,x_R01_EXIT_B | x_R02_EXIT_A | x_R03_EXIT_A | x_R04_EXIT_A | x_R05_EXIT_B | x_R06_EXIT_B | x_R07_EXIT_A | x_R07_EXIT_B | x_R08_EXIT_B
555,4.005171064992397,1,False,1,0.0,7,x_R01_EXIT_A | x_R02_EXIT_A | x_R03_EXIT_B | x_R04_EXIT_B | x_R06_EXIT_B | x_R07_EXIT_A | x_R08_EXIT_A
556,4.012522673891274,1,False,1,0.0,7,x_R01_EXIT_B | x_R02_EXIT_A | x_R03_EXIT_A | x_R04_EXIT_B | x_R05_EXIT_B | x_R07_EXIT_A | x_R08_EXIT_B
557,4.039769613527917,1,False,1,0.0,7,x_R01_EXIT_B | x_R02_EXIT_B | x_R03_EXIT_A | x_R05_EXIT_B | x_R06_EXIT_B | x_R07_EXIT_B | x_R08_EXIT_A
558,4.039769613527917,1,False,1,0.0,7,x_R01_EXIT_B | x_R02_EXIT_B | x_R03_EXIT_A | x_R05_EXIT_B | x_R06_EXIT_B | x_R07_EXIT_B | x_R08_EXIT_A
559,4.045326841950052,1,False,1,0.0,7,x_R01_EXIT_A | x_R02_EXIT_A | x_R03_EXIT_B | x_R05_EXIT_B | x_R06_EXIT_A | x_R07_EXIT_A | x_R08_EXIT_B
560,4.047357614501884,1,False,1,0.0,7,x_R01_EXIT_A | x_R02_EXIT_B | x_R03_EXIT_B | x_R04_EXIT_B | x_R05_EXIT_A | x_R06_EXIT_B | x_R07_EXIT_A
561,4.054584921550753,1,False,1,0.0,7,x_R01_EXIT_B | x_R02_EXIT_B | x_R03_EXIT_B | x_R05_EXIT_B | x_R06_EXIT_B | x_R07_EXIT_B | x_R08_EXIT_B
562,4.062163024597671,1,False,1,0.0,7,x_R01_EXIT_B | x_R02_EXIT_B | x_R03_EXIT_B | x_R04_EXIT_A | x_R05_EXIT_B | x_R07_EXIT_B | x_R08_EXIT_B
563,4.062163024597671,1,False,1,0.0,7,x_R01_EXIT_B | x_R02_EXIT_B | x_R03_EXIT_B | x_R04_EXIT_A | x_R05_EXIT_B | x_R07_EXIT_B | x_R08_EXIT_B
564,4.070105799645866,1,False,1,0.0,7,x_R01_EXIT_B | x_R02_EXIT_A | x_R03_EXIT_A | x_R04_EXIT_A | x_R05_EXIT_A | x_R06_EXIT_B | x_R08_EXIT_A
565,4.070105799645866,1,False,1,0.0,7,x_R01_EXIT_B | x_R02_EXIT_A | x_R03_EXIT_A | x_R04_EXIT_A | x_R05_EXIT_A | x_R06_EXIT_B | x_R08_EXIT_A
566,4.084194675003052,1,False,1,0.0,7,x_R01_EXIT_B | x_R02_EXIT_A | x_R03_EXIT_A | x_R04_EXIT_A | x_R05_EXIT_A | x_R07_EXIT_A | x_R08_EXIT_A
567,4.084822161085056,1,False,1,0.0,7,x_R02_EXIT_A | x_R03_EXIT_A | x_R04_EXIT_B | x_R05_EXIT_A | x_R06_EXIT_A | x_R07_EXIT_B | x_R08_EXIT_A
568,4.087768190639949,1,False,1,0.0,7,x_R01_EXIT_A | x_R02_EXIT_A | x_R03_EXIT_B | x_R04_EXIT_A | x_R05_EXIT_A | x_R06_EXIT_A | x_R07_EXIT_B
569,4.090649858491327,1,False,1,0.0,7,x_R01_EXIT_B | x_R02_EXIT_B | x_R03_EXIT_B | x_R04_EXIT_A | x_R05_EXIT_A | x_R07_EXIT_B | x_R08_EXIT_B
570,4.108325264588073,1,False,1,0.0,7,x_R01_EXIT_B | x_R02_EXIT_B | x_R03_EXIT_B | x_R04_EXIT_A | x_R05_EXIT_A | x_R06_EXIT_B | x_R07_EXIT_B
571,4.119284800410384,1,False,1,0.0,9,x_R01_EXIT_A | x_R02_EXIT_A | x_R03_EXIT_A | x_R03_EXIT_B | x_R04_EXIT_A | x_R05_EXIT_B | x_R06_EXIT_B | x_R07_EXIT_B | x_R08_EXIT_B
572,4.139370729408938,1,False,1,0.0,9,x_R01_EXIT_A | x_R02_EXIT_A | x_R02_EXIT_B | x_R03_EXIT_A | x_R04_EXIT_B | x_R05_EXIT_B | x_R06_EXIT_B | x_R07_EXIT_B | x_R08_EXIT_A
573,4.144801316663788,1,False,1,0.0,9,x_R01_EXIT_B | x_R02_EXIT_B | x_R03_EXIT_A | x_R04_EXIT_A | x_R05_EXIT_B | x_R06_EXIT_B | x_R07_EXIT_A | x_R07_EXIT_B | x_R08_EXIT_B
574,4.147661151034444,1,False,1,0.0,7,x_R01_EXIT_A | x_R02_EXIT_A | x_R03_EXIT_A | x_R05_EXIT_B | x_R06_EXIT_A | x_R07_EXIT_A | x_R08_EXIT_A
575,4.147661151034444,1,False,1,0.0,7,x_R01_EXIT_A | x_R02_EXIT_A | x_R03_EXIT_A | x_R05_EXIT_B | x_R06_EXIT_A | x_R07_EXIT_A | x_R08_EXIT_A
576,4.147724408729056,1,True,0,0.0,8,x_R01_EXIT_B | x_R02_EXIT_B | x_R03_EXIT_B | x_R04_EXIT_B | x_R05_EXIT_B | x_R06_EXIT_A | x_R07_EXIT_A | x_R08_EXIT_A
577,4.150763329134468,1,False,1,0.0,9,x_R01_EXIT_A | x_R02_EXIT_A | x_R03_EXIT_A | x_R04_EXIT_A | x_R05_EXIT_A | x_R06_EXIT_A | x_R07_EXIT_A | x_R07_EXIT_B | x_R08_EXIT_B
578,4.1534662503530795,1,False,1,0.0,7,x_R01_EXIT_B | x_R02_EXIT_A | x_R03_EXIT_B | x_R04_EXIT_A | x_R05_EXIT_A | x_R07_EXIT_A | x_R08_EXIT_B
579,4.1751180925439515,1,False,1,0.0,7,x_R01_EXIT_A | x_R02_EXIT_A | x_R03_EXIT_A | x_R04_EXIT_B | x_R06_EXIT_A | x_R07_EXIT_A | x_R08_EXIT_A
580,4.1751180925439515,1,False,1,0.0,7,x_R01_EXIT_A | x_R02_EXIT_A | x_R03_EXIT_A | x_R04_EXIT_B | x_R06_EXIT_A | x_R07_EXIT_A | x_R08_EXIT_A
581,4.179805928451566,1,False,1,0.0625,9,x_R01_EXIT_A | x_R02_EXIT_B | x_R03_EXIT_A | x_R04_EXIT_A | x_R04_EXIT_B | x_R05_EXIT_B | x_R06_EXIT_B | x_R07_EXIT_A | x_R08_EXIT_B
582,4.179834940668027,1,False,1,0.0,9,x_R01_EXIT_A | x_R01_EXIT_B | x_R02_EXIT_A | x_R03_EXIT_A | x_R04_EXIT_A | x_R05_EXIT_A | x_R06_EXIT_B | x_R07_EXIT_A | x_R08_EXIT_B
583,4.183311245215529,1,False,1,0.0625,9,x_R01_EXIT_A | x_R02_EXIT_A | x_R03_EXIT_B | x_R04_EXIT_A | x_R05_EXIT_A | x_R06_EXIT_B | x_R07_EXIT_A | x_R07_EXIT_B | x_R08_EXIT_B
584,4.191919754801679,1,False,1,0.0625,9,x_R01_EXIT_A | x_R02_EXIT_A | x_R03_EXIT_A | x_R04_EXIT_B | x_R05_EXIT_B | x_R06_EXIT_B | x_R07_EXIT_A | x_R07_EXIT_B | x_R08_EXIT_A
585,4.194592789651845,1,False,1,0.0,9,x_R01_EXIT_A | x_R01_EXIT_B | x_R02_EXIT_A | x_R03_EXIT_A | x_R04_EXIT_A | x_R05_EXIT_B | x_R06_EXIT_B | x_R07_EXIT_A | x_R08_EXIT_B
586,4.196922291165362,1,False,1,0.0,7,x_R01_EXIT_A | x_R02_EXIT_A | x_R03_EXIT_B | x_R04_EXIT_A | x_R05_EXIT_B | x_R06_EXIT_A | x_R08_EXIT_B
587,4.208453152669779,1,False,1,0.0,7,x_R01_EXIT_B | x_R02_EXIT_B | x_R03_EXIT_A | x_R04_EXIT_A | x_R05_EXIT_A | x_R06_EXIT_B | x_R08_EXIT_A
588,4.228254922642556,1,False,1,0.0,7,x_R01_EXIT_B | x_R02_EXIT_A | x_R03_EXIT_A | x_R05_EXIT_A | x_R06_EXIT_A | x_R07_EXIT_B | x_R08_EXIT_A
589,4.254686278037583,1,False,1,0.0,7,x_R01_EXIT_A | x_R02_EXIT_A | x_R03_EXIT_B | x_R05_EXIT_A | x_R06_EXIT_B | x_R07_EXIT_A | x_R08_EXIT_A
590,4.257459416320339,1,False,1,0.0,7,x_R02_EXIT_A | x_R03_EXIT_A | x_R04_EXIT_A | x_R05_EXIT_A | x_R06_EXIT_A | x_R07_EXIT_A | x_R08_EXIT_A
591,4.266588148813863,1,False,1,0.0,9,x_R01_EXIT_B | x_R02_EXIT_A | x_R02_EXIT_B | x_R03_EXIT_A | x_R04_EXIT_B | x_R05_EXIT_A | x_R06_EXIT_B | x_R07_EXIT_B | x_R08_EXIT_B
592,4.2913229775153985,1,False,1,0.0,7,x_R01_EXIT_A | x_R02_EXIT_A | x_R04_EXIT_A | x_R05_EXIT_A | x_R06_EXIT_A | x_R07_EXIT_A | x_R08_EXIT_A
593,4.293207492823441,1,False,1,0.0,9,x_R01_EXIT_A | x_R01_EXIT_B | x_R02_EXIT_A | x_R03_EXIT_A | x_R04_EXIT_B | x_R05_EXIT_A | x_R06_EXIT_B | x_R07_EXIT_B | x_R08_EXIT_B
594,4.293207492823441,1,False,1,0.0625,9,x_R01_EXIT_A | x_R01_EXIT_B | x_R02_EXIT_A | x_R03_EXIT_A | x_R04_EXIT_B | x_R05_EXIT_A | x_R06_EXIT_B | x_R07_EXIT_B | x_R08_EXIT_B
595,4.296546519289103,1,False,1,0.0625,9,x_R01_EXIT_A | x_R02_EXIT_B | x_R03_EXIT_A | x_R03_EXIT_B | x_R04_EXIT_B | x_R05_EXIT_B | x_R06_EXIT_B | x_R07_EXIT_B | x_R08_EXIT_B
596,4.31724648859586,1,False,1,0.0,7,x_R01_EXIT_A | x_R02_EXIT_A | x_R03_EXIT_B | x_R04_EXIT_B | x_R05_EXIT_B | x_R06_EXIT_A | x_R08_EXIT_B
597,4.338515887748277,1,False,1,0.0,9,x_R01_EXIT_A | x_R02_EXIT_B | x_R03_EXIT_B | x_R04_EXIT_B | x_R05_EXIT_A | x_R06_EXIT_B | x_R07_EXIT_A | x_R07_EXIT_B | x_R08_EXIT_B
598,4.340343323007903,1,False,1,0.0,7,x_R01_EXIT_B | x_R02_EXIT_A | x_R03_EXIT_B | x_R04_EXIT_B | x_R05_EXIT_A | x_R06_EXIT_B | x_R07_EXIT_B
599,4.352214079892566,1,False,1,0.0,7,x_R01_EXIT_A | x_R02_EXIT_A | x_R03_EXIT_B | x_R04_EXIT_B | x_R05_EXIT_B | x_R06_EXIT_A | x_R07_EXIT_A
600,4.365480757224593,1,False,1,0.0,9,x_R01_EXIT_A | x_R02_EXIT_A | x_R03_EXIT_A | x_R04_EXIT_A | x_R04_EXIT_B | x_R05_EXIT_B | x_R06_EXIT_A | x_R07_EXIT_B | x_R08_EXIT_B
601,4.365480757224593,1,False,1,0.0625,9,x_R01_EXIT_A | x_R02_EXIT_A | x_R03_EXIT_A | x_R04_EXIT_A | x_R04_EXIT_B | x_R05_EXIT_B | x_R06_EXIT_A | x_R07_EXIT_B | x_R08_EXIT_B
602,4.392884931581065,1,False,1,0.0,7,x_R01_EXIT_B | x_R02_EXIT_A | x_R04_EXIT_B | x_R05_EXIT_A | x_R06_EXIT_B | x_R07_EXIT_A | x_R08_EXIT_A
603,4.401738580504415,1,False,1,0.0,7,x_R01_EXIT_A | x_R02_EXIT_B | x_R03_EXIT_B | x_R04_EXIT_A | x_R05_EXIT_A | x_R06_EXIT_A | x_R08_EXIT_B
604,4.410470614082231,1,False,1,0.0,7,x_R01_EXIT_B | x_R02_EXIT_A | x_R03_EXIT_B | x_R04_EXIT_A | x_R05_EXIT_A | x_R07_EXIT_B | x_R08_EXIT_A
605,4.413044445271208,1,False,1,0.0,7,x_R01_EXIT_B | x_R02_EXIT_A | x_R03_EXIT_B | x_R04_EXIT_A | x_R05_EXIT_B | x_R06_EXIT_A | x_R07_EXIT_B
606,4.438580403565802,1,False,1,0.0,7,x_R01_EXIT_B | x_R02_EXIT_B | x_R03_EXIT_A | x_R04_EXIT_B | x_R05_EXIT_B | x_R07_EXIT_B | x_R08_EXIT_A
607,4.441446375994039,1,False,1,0.0,7,x_R01_EXIT_B | x_R02_EXIT_A | x_R03_EXIT_B | x_R04_EXIT_B | x_R06_EXIT_B | x_R07_EXIT_B | x_R08_EXIT_A
608,4.464218612022967,1,False,1,0.0,9,x_R01_EXIT_A | x_R02_EXIT_A | x_R02_EXIT_B | x_R03_EXIT_A | x_R04_EXIT_A | x_R05_EXIT_A | x_R06_EXIT_A | x_R07_EXIT_B | x_R08_EXIT_A
609,4.46652240489894,1,False,1,0.0,7,x_R01_EXIT_B | x_R02_EXIT_B | x_R03_EXIT_A | x_R05_EXIT_B | x_R06_EXIT_A | x_R07_EXIT_B | x_R08_EXIT_A
610,4.466548692181807,1,False,1,0.0625,9,x_R01_EXIT_B | x_R02_EXIT_B | x_R03_EXIT_A | x_R04_EXIT_A | x_R05_EXIT_A | x_R06_EXIT_B | x_R07_EXIT_B | x_R08_EXIT_A | x_R08_EXIT_B
611,4.537862146098474,1,False,1,0.0,7,x_R01_EXIT_B | x_R02_EXIT_A | x_R03_EXIT_B | x_R05_EXIT_A | x_R06_EXIT_A | x_R07_EXIT_A | x_R08_EXIT_B
612,4.5607885058556095,1,False,1,0.0,7,x_R01_EXIT_B | x_R02_EXIT_B | x_R03_EXIT_A | x_R04_EXIT_B | x_R05_EXIT_A | x_R06_EXIT_B | x_R08_EXIT_A
613,4.566154602426457,1,False,1,0.0,7,x_R01_EXIT_B | x_R03_EXIT_B | x_R04_EXIT_B | x_R05_EXIT_A | x_R06_EXIT_B | x_R07_EXIT_B | x_R08_EXIT_B
614,4.574983494164195,1,False,1,0.0,9,x_R01_EXIT_A | x_R02_EXIT_B | x_R03_EXIT_A | x_R04_EXIT_A | x_R04_EXIT_B | x_R05_EXIT_A | x_R06_EXIT_B | x_R07_EXIT_A | x_R08_EXIT_A
615,4.60089729372091,1,False,1,0.0,9,x_R01_EXIT_B | x_R02_EXIT_A | x_R03_EXIT_A | x_R04_EXIT_A | x_R04_EXIT_B | x_R05_EXIT_A | x_R06_EXIT_B | x_R07_EXIT_A | x_R08_EXIT_B
616,4.614085944927198,1,False,1,0.0,7,x_R01_EXIT_B | x_R02_EXIT_A | x_R03_EXIT_A | x_R04_EXIT_B | x_R06_EXIT_A | x_R07_EXIT_A | x_R08_EXIT_B
617,4.657197745660446,1,False,1,0.0,7,x_R01_EXIT_B | x_R02_EXIT_A | x_R03_EXIT_A | x_R04_EXIT_B | x_R05_EXIT_B | x_R06_EXIT_A | x_R08_EXIT_B
618,4.715033402394112,1,False,1,0.0625,9,x_R01_EXIT_B | x_R02_EXIT_A | x_R02_EXIT_B | x_R03_EXIT_A | x_R04_EXIT_A | x_R05_EXIT_B | x_R06_EXIT_A | x_R07_EXIT_A | x_R08_EXIT_B
619,4.773474300493341,1,False,1,0.0,9,x_R01_EXIT_B | x_R02_EXIT_B | x_R03_EXIT_A | x_R04_EXIT_A | x_R04_EXIT_B | x_R05_EXIT_A | x_R06_EXIT_B | x_R07_EXIT_A | x_R08_EXIT_B
620,4.8089395166097875,1,False,1,0.0,9,x_R01_EXIT_A | x_R02_EXIT_B | x_R03_EXIT_A | x_R04_EXIT_A | x_R04_EXIT_B | x_R05_EXIT_A | x_R06_EXIT_A | x_R07_EXIT_A | x_R08_EXIT_B
621,4.826205896436842,1,False,1,0.0,9,x_R01_EXIT_A | x_R02_EXIT_B | x_R03_EXIT_B | x_R04_EXIT_B | x_R05_EXIT_A | x_R06_EXIT_A | x_R06_EXIT_B | x_R07_EXIT_B | x_R08_EXIT_B
622,4.8302454088467766,1,False,1,0.0625,9,x_R01_EXIT_B | x_R02_EXIT_A | x_R03_EXIT_A | x_R04_EXIT_B | x_R05_EXIT_B | x_R06_EXIT_B | x_R07_EXIT_B | x_R08_EXIT_A | x_R08_EXIT_B
623,4.864278519305938,1,False,1,0.0,9,x_R01_EXIT_B | x_R02_EXIT_A | x_R03_EXIT_A | x_R04_EXIT_A | x_R05_EXIT_A | x_R06_EXIT_A | x_R07_EXIT_B | x_R08_EXIT_A | x_R08_EXIT_B
624,4.884212206001806,1,False,2,0.0,6,x_R02_EXIT_A | x_R03_EXIT_A | x_R05_EXIT_A | x_R06_EXIT_B | x_R07_EXIT_B | x_R08_EXIT_B
625,4.89016120999553,1,False,2,0.0,6,x_R01_EXIT_A | x_R02_EXIT_A | x_R03_EXIT_A | x_R05_EXIT_A | x_R06_EXIT_B | x_R07_EXIT_B
626,4.917022879900272,1,False,1,0.0,7,x_R02_EXIT_B | x_R03_EXIT_B | x_R04_EXIT_A | x_R05_EXIT_A | x_R06_EXIT_A | x_R07_EXIT_A | x_R08_EXIT_A
627,4.919443936797278,1,False,1,0.0,9,x_R01_EXIT_A | x_R02_EXIT_B | x_R03_EXIT_A | x_R04_EXIT_A | x_R05_EXIT_A | x_R05_EXIT_B | x_R06_EXIT_A | x_R07_EXIT_B | x_R08_EXIT_A
628,4.935872108675663,1,False,1,0.0,7,x_R01_EXIT_B | x_R02_EXIT_A | x_R03_EXIT_B | x_R04_EXIT_B | x_R05_EXIT_A | x_R07_EXIT_A | x_R08_EXIT_A
629,4.935872108675663,1,False,1,0.0,7,x_R01_EXIT_B | x_R02_EXIT_A | x_R03_EXIT_B | x_R04_EXIT_B | x_R05_EXIT_A | x_R07_EXIT_A | x_R08_EXIT_A
630,4.987737287931785,1,False,1,0.0625,9,x_R01_EXIT_B | x_R02_EXIT_A | x_R03_EXIT_B | x_R04_EXIT_A | x_R05_EXIT_B | x_R06_EXIT_A | x_R07_EXIT_A | x_R07_EXIT_B | x_R08_EXIT_B
631,4.995273774895303,1,False,1,0.0,9,x_R01_EXIT_B | x_R02_EXIT_A | x_R03_EXIT_A | x_R04_EXIT_A | x_R04_EXIT_B | x_R05_EXIT_A | x_R06_EXIT_B | x_R07_EXIT_A | x_R08_EXIT_A
632,4.997648813145579,1,False,1,0.0,9,x_R01_EXIT_B | x_R02_EXIT_A | x_R03_EXIT_A | x_R03_EXIT_B | x_R04_EXIT_B | x_R05_EXIT_A | x_R06_EXIT_B | x_R07_EXIT_A | x_R08_EXIT_B
633,5.053295369807185,1,False,1,0.0625,9,x_R01_EXIT_A | x_R01_EXIT_B | x_R02_EXIT_B | x_R03_EXIT_B | x_R04_EXIT_A | x_R05_EXIT_A | x_R06_EXIT_B | x_R07_EXIT_B | x_R08_EXIT_A
634,5.066777904372703,1,False,1,0.0,9,x_R01_EXIT_B | x_R02_EXIT_B | x_R03_EXIT_B | x_R04_EXIT_A | x_R05_EXIT_A | x_R06_EXIT_B | x_R07_EXIT_A | x_R07_EXIT_B | x_R08_EXIT_A
635,5.066777904372703,1,False,1,0.0,9,x_R01_EXIT_B | x_R02_EXIT_B | x_R03_EXIT_B | x_R04_EXIT_A | x_R05_EXIT_A | x_R06_EXIT_B | x_R07_EXIT_A | x_R07_EXIT_B | x_R08_EXIT_A
636,5.083796098361183,1,False,1,0.0,7,x_R01_EXIT_B | x_R02_EXIT_B | x_R03_EXIT_A | x_R04_EXIT_B | x_R06_EXIT_A | x_R07_EXIT_A | x_R08_EXIT_A
637,5.1748955744291605,1,False,2,0.0,6,x_R01_EXIT_A | x_R02_EXIT_A | x_R04_EXIT_A | x_R05_EXIT_B | x_R06_EXIT_B | x_R08_EXIT_B
638,5.181943738020459,1,False,1,0.0,9,x_R01_EXIT_A | x_R02_EXIT_B | x_R03_EXIT_B | x_R04_EXIT_A | x_R05_EXIT_A | x_R05_EXIT_B | x_R06_EXIT_B | x_R07_EXIT_B | x_R08_EXIT_A
639,5.186804394525965,1,False,1,0.0,9,x_R01_EXIT_B | x_R02_EXIT_A | x_R02_EXIT_B | x_R03_EXIT_B | x_R04_EXIT_A | x_R05_EXIT_A | x_R06_EXIT_A | x_R07_EXIT_A | x_R08_EXIT_B
640,5.2218186327523375,1,False,2,0.0,6,x_R01_EXIT_A | x_R02_EXIT_A | x_R03_EXIT_A | x_R04_EXIT_A | x_R05_EXIT_A | x_R07_EXIT_A
641,5.239496135499744,1,False,1,0.0625,9,x_R01_EXIT_B | x_R02_EXIT_A | x_R03_EXIT_A | x_R04_EXIT_A | x_R05_EXIT_B | x_R06_EXIT_A | x_R07_EXIT_A | x_R08_EXIT_A | x_R08_EXIT_B
642,5.2567875801109905,1,False,2,0.0,6,x_R01_EXIT_B | x_R02_EXIT_B | x_R03_EXIT_A | x_R04_EXIT_A | x_R07_EXIT_B | x_R08_EXIT_B
643,5.276300608717074,1,False,2,0.0,6,x_R02_EXIT_A | x_R03_EXIT_A | x_R05_EXIT_A | x_R06_EXIT_B | x_R07_EXIT_B | x_R08_EXIT_A
644,5.278561410453997,1,False,2,0.0,6,x_R02_EXIT_B | x_R03_EXIT_A | x_R04_EXIT_A | x_R05_EXIT_B | x_R06_EXIT_B | x_R07_EXIT_A
645,5.2791906320302555,1,False,2,0.0,6,x_R02_EXIT_B | x_R03_EXIT_A | x_R04_EXIT_A | x_R05_EXIT_B | x_R07_EXIT_A | x_R08_EXIT_B
646,5.366940568232292,1,False,2,0.0,6,x_R01_EXIT_A | x_R04_EXIT_A | x_R05_EXIT_B | x_R06_EXIT_B | x_R07_EXIT_A | x_R08_EXIT_B
647,5.387648161798544,1,False,1,0.0,9,x_R01_EXIT_B | x_R02_EXIT_B | x_R03_EXIT_A | x_R03_EXIT_B | x_R04_EXIT_A | x_R05_EXIT_A | x_R06_EXIT_A | x_R07_EXIT_A | x_R08_EXIT_B
648,5.423341928683369,1,False,1,0.0625,9,x_R01_EXIT_B | x_R02_EXIT_B | x_R03_EXIT_A | x_R04_EXIT_A | x_R05_EXIT_B | x_R06_EXIT_A | x_R06_EXIT_B | x_R07_EXIT_A | x_R08_EXIT_A
649,5.425941390050439,1,False,2,0.0,6,x_R01_EXIT_B | x_R02_EXIT_A | x_R03_EXIT_A | x_R04_EXIT_A | x_R05_EXIT_A | x_R07_EXIT_A
650,5.4594884764243385,1,False,2,0.0,6,x_R01_EXIT_A | x_R02_EXIT_A | x_R03_EXIT_B | x_R06_EXIT_B | x_R07_EXIT_B | x_R08_EXIT_A
651,5.597037124257629,1,False,1,0.0,9,x_R01_EXIT_B | x_R02_EXIT_A | x_R03_EXIT_A | x_R04_EXIT_B | x_R05_EXIT_A | x_R06_EXIT_A | x_R06_EXIT_B | x_R07_EXIT_A | x_R08_EXIT_A
652,5.613699090215073,1,False,2,0.0625,6,x_R01_EXIT_B | x_R02_EXIT_B | x_R03_EXIT_A | x_R04_EXIT_B | x_R07_EXIT_B | x_R08_EXIT_B
653,5.652031731557067,1,False,2,0.0,6,x_R01_EXIT_A | x_R02_EXIT_B | x_R05_EXIT_B | x_R06_EXIT_B | x_R07_EXIT_A | x_R08_EXIT_A
654,5.713098880811108,1,False,2,0.0,6,x_R01_EXIT_B | x_R03_EXIT_A | x_R05_EXIT_A | x_R06_EXIT_B | x_R07_EXIT_B | x_R08_EXIT_A
655,5.852348155768841,1,False,1,0.0625,9,x_R01_EXIT_B | x_R02_EXIT_B | x_R03_EXIT_B | x_R04_EXIT_B | x_R05_EXIT_A | x_R05_EXIT_B | x_R06_EXIT_B | x_R07_EXIT_B | x_R08_EXIT_A
656,5.8993692464933645,1,False,2,0.0,6,x_R02_EXIT_A | x_R03_EXIT_B | x_R04_EXIT_B | x_R05_EXIT_A | x_R06_EXIT_A | x_R07_EXIT_B
657,5.972188796252346,1,False,2,0.0,6,x_R01_EXIT_A | x_R02_EXIT_B | x_R04_EXIT_A | x_R06_EXIT_A | x_R07_EXIT_A | x_R08_EXIT_A
658,6.058605271248378,1,False,2,0.0,8,x_R01_EXIT_A | x_R02_EXIT_A | x_R03_EXIT_B | x_R05_EXIT_B | x_R06_EXIT_A | x_R07_EXIT_A | x_R07_EXIT_B | x_R08_EXIT_B
659,6.126592733237462,1,False,2,0.0,6,x_R02_EXIT_B | x_R03_EXIT_A | x_R04_EXIT_A | x_R05_EXIT_B | x_R06_EXIT_A | x_R08_EXIT_A
660,6.1286357364079125,1,False,2,0.0,6,x_R01_EXIT_B | x_R02_EXIT_A | x_R04_EXIT_B | x_R06_EXIT_A | x_R07_EXIT_B | x_R08_EXIT_B
661,6.24857475924066,1,False,2,0.0,6,x_R01_EXIT_A | x_R02_EXIT_B | x_R03_EXIT_B | x_R04_EXIT_A | x_R06_EXIT_A | x_R08_EXIT_A
662,6.290428078392266,1,False,2,0.0,8,x_R01_EXIT_B | x_R02_EXIT_A | x_R03_EXIT_A | x_R03_EXIT_B | x_R04_EXIT_A | x_R05_EXIT_B | x_R07_EXIT_A | x_R08_EXIT_B
663,6.497796468358929,1,False,2,0.0625,8,x_R01_EXIT_A | x_R02_EXIT_A | x_R03_EXIT_A | x_R03_EXIT_B | x_R04_EXIT_B | x_R05_EXIT_B | x_R06_EXIT_A | x_R08_EXIT_B
664,6.550096511061055,1,False,2,0.0,8,x_R01_EXIT_A | x_R02_EXIT_A | x_R03_EXIT_B | x_R04_EXIT_B | x_R05_EXIT_A | x_R07_EXIT_A | x_R08_EXIT_A | x_R08_EXIT_B
665,6.726437246114856,1,False,2,0.0,8,x_R01_EXIT_A | x_R02_EXIT_B | x_R03_EXIT_A | x_R03_EXIT_B | x_R04_EXIT_A | x_R05_EXIT_B | x_R06_EXIT_B | x_R08_EXIT_A
666,6.779745386591235,1,False,2,0.0,10,x_R01_EXIT_B | x_R02_EXIT_A | x_R03_EXIT_A | x_R04_EXIT_A | x_R05_EXIT_B | x_R06_EXIT_A | x_R06_EXIT_B | x_R07_EXIT_A | x_R07_EXIT_B | x_R08_EXIT_B
667,7.040525746931708,1,False,3,0.0,7,x_R01_EXIT_A | x_R02_EXIT_A | x_R03_EXIT_A | x_R05_EXIT_A | x_R07_EXIT_A | x_R07_EXIT_B | x_R08_EXIT_B
668,7.185032987759402,1,False,2,0.0625,10,x_R01_EXIT_A | x_R01_EXIT_B | x_R02_EXIT_B | x_R03_EXIT_A | x_R04_EXIT_A | x_R05_EXIT_B | x_R06_EXIT_A | x_R06_EXIT_B | x_R07_EXIT_A | x_R08_EXIT_B
669,7.555796709657122,1,False,3,0.0,5,x_R01_EXIT_B | x_R02_EXIT_A | x_R04_EXIT_B | x_R05_EXIT_B | x_R06_EXIT_B
