i,j,variable_i,variable_j,coefficient
0,1,x_R01_EXIT_C,x_R01_EXIT_D,1.8452482726066823
0,2,x_R01_EXIT_C,x_R01_EXIT_E,1.8452482726066823
0,3,x_R01_EXIT_C,x_R01_EXIT_G,1.8452482726066823
0,4,x_R01_EXIT_C,x_R01_EXIT_H,1.8452482726066823
0,5,x_R01_EXIT_C,x_R01_EXIT_A,1.8452482726066823
0,6,x_R01_EXIT_C,x_R01_EXIT_F,1.8452482726066823
0,7,x_R01_EXIT_C,x_R01_EXIT_B,1.8452482726066823
0,8,x_R01_EXIT_C,x_R02_EXIT_C,0.00015873747159854894
0,16,x_R01_EXIT_C,x_R03_EXIT_C,0.00015873747159854894
0,24,x_R01_EXIT_C,x_R04_EXIT_C,0.00015873747159854894
0,32,x_R01_EXIT_C,x_R05_EXIT_C,0.0007936873579927447
0,40,x_R01_EXIT_C,x_R06_EXIT_C,0.0001190531036989117
0,48,x_R01_EXIT_C,x_R07_EXIT_C,0.00015873747159854894
0,56,x_R01_EXIT_C,x_R08_EXIT_C,0.00015873747159854894
0,64,x_R01_EXIT_C,x_R09_EXIT_C,0.00015873747159854894
0,72,x_R01_EXIT_C,x_R10_EXIT_C,0.00015873747159854894
0,80,x_R01_EXIT_C,x_R11_EXIT_C,0.00015873747159854894
0,88,x_R01_EXIT_C,x_R12_EXIT_C,0.00015873747159854894
0,96,x_R01_EXIT_C,x_R13_EXIT_C,0.00015873747159854894
0,104,x_R01_EXIT_C,x_R14_EXIT_C,0.00015873747159854894
0,112,x_R01_EXIT_C,x_R15_EXIT_C,0.00015873747159854894
0,120,x_R01_EXIT_C,x_R16_EXIT_C,0.00015873747159854894
0,128,x_R01_EXIT_C,x_R17_EXIT_C,0.00015873747159854894
0,136,x_R01_EXIT_C,x_R18_EXIT_C,0.00015873747159854894
0,144,x_R01_EXIT_C,x_R19_EXIT_C,0.0001190531036989117
0,152,x_R01_EXIT_C,x_R22_EXIT_C,0.00039684367899637233
0,160,x_R01_EXIT_C,x_R23_EXIT_C,0.00039684367899637233
0,168,x_R01_EXIT_C,x_R20_EXIT_C,0.0001190531036989117
0,176,x_R01_EXIT_C,x_R21_EXIT_C,0.00039684367899637233
0,184,x_R01_EXIT_C,x_R24_EXIT_C,0.00039684367899637233
0,192,x_R01_EXIT_C,x_R25_EXIT_C,0.00039684367899637233
0,200,x_R01_EXIT_C,x_R26_EXIT_C,0.0002381062073978234
0,224,x_R01_EXIT_C,x_R29_EXIT_C,0.00015873747159854894
0,232,x_R01_EXIT_C,x_R30_EXIT_C,0.00015873747159854894
0,248,x_R01_EXIT_C,x_R32_EXIT_C,0.00015873747159854894
0,256,x_R01_EXIT_C,x_R33_EXIT_C,0.00015873747159854894
1,2,x_R01_EXIT_D,x_R01_EXIT_E,1.8614990212615838
1,3,x_R01_EXIT_D,x_R01_EXIT_G,1.8550701536618426
1,4,x_R01_EXIT_D,x_R01_EXIT_H,1.8550701536618426
1,5,x_R01_EXIT_D,x_R01_EXIT_A,1.8550701536618426
1,6,x_R01_EXIT_D,x_R01_EXIT_F,1.8550701536618426
1,7,x_R01_EXIT_D,x_R01_EXIT_B,1.8550701536618426
1,9,x_R01_EXIT_D,x_R02_EXIT_D,0.004524017940558645
1,10,x_R01_EXIT_D,x_R02_EXIT_E,0.003611277478866989
1,11,x_R01_EXIT_D,x_R02_EXIT_G,0.0021826402344800487
1,12,x_R01_EXIT_D,x_R02_EXIT_H,0.0021826402344800487
1,13,x_R01_EXIT_D,x_R02_EXIT_A,0.0021826402344800487
1,14,x_R01_EXIT_D,x_R02_EXIT_F,0.0021826402344800487
1,15,x_R01_EXIT_D,x_R02_EXIT_B,0.0021826402344800487
1,16,x_R01_EXIT_D,x_R03_EXIT_C,0.003611277478866989
1,17,x_R01_EXIT_D,x_R03_EXIT_D,0.0009127404616916564
1,24,x_R01_EXIT_D,x_R04_EXIT_C,0.003611277478866989
1,25,x_R01_EXIT_D,x_R04_EXIT_D,0.0009127404616916564
1,32,x_R01_EXIT_D,x_R05_EXIT_C,0.019742973030069527
1,33,x_R01_EXIT_D,x_R05_EXIT_D,0.00039684367899637233
1,34,x_R01_EXIT_D,x_R05_EXIT_E,0.0016865856357345824
1,35,x_R01_EXIT_D,x_R05_EXIT_G,0.0016865856357345824
1,36,x_R01_EXIT_D,x_R05_EXIT_H,0.0016865856357345824
1,37,x_R01_EXIT_D,x_R05_EXIT_A,0.0016865856357345824
1,38,x_R01_EXIT_D,x_R05_EXIT_F,0.0016865856357345824
1,39,x_R01_EXIT_D,x_R05_EXIT_B,0.0016865856357345824
1,40,x_R01_EXIT_D,x_R06_EXIT_C,0.00038692258702146306
1,41,x_R01_EXIT_D,x_R06_EXIT_D,0.002678694833225514
1,42,x_R01_EXIT_D,x_R06_EXIT_E,0.001994139486956771
1,43,x_R01_EXIT_D,x_R06_EXIT_G,0.0009226615536665658
1,44,x_R01_EXIT_D,x_R06_EXIT_H,0.0009226615536665658
1,45,x_R01_EXIT_D,x_R06_EXIT_A,0.0009226615536665658
1,46,x_R01_EXIT_D,x_R06_EXIT_F,0.0009226615536665658
1,47,x_R01_EXIT_D,x_R06_EXIT_B,0.0009226615536665658
1,49,x_R01_EXIT_D,x_R07_EXIT_D,0.004008121157863361
1,50,x_R01_EXIT_D,x_R07_EXIT_E,0.0030953806961717045
1,51,x_R01_EXIT_D,x_R07_EXIT_G,0.001666743451784764
1,52,x_R01_EXIT_D,x_R07_EXIT_H,0.001666743451784764
1,53,x_R01_EXIT_D,x_R07_EXIT_A,0.001666743451784764
1,54,x_R01_EXIT_D,x_R07_EXIT_F,0.001666743451784764
1,55,x_R01_EXIT_D,x_R07_EXIT_B,0.001666743451784764
1,56,x_R01_EXIT_D,x_R08_EXIT_C,0.003611277478866989
1,57,x_R01_EXIT_D,x_R08_EXIT_D,0.0009127404616916564
1,64,x_R01_EXIT_D,x_R09_EXIT_C,0.003611277478866989
1,65,x_R01_EXIT_D,x_R09_EXIT_D,0.0009127404616916564
1,72,x_R01_EXIT_D,x_R10_EXIT_C,0.003611277478866989
1,73,x_R01_EXIT_D,x_R10_EXIT_D,0.0009127404616916564
1,80,x_R01_EXIT_D,x_R11_EXIT_C,0.0009524248295912936
1,81,x_R01_EXIT_D,x_R11_EXIT_D,0.0035715931109673517
1,82,x_R01_EXIT_D,x_R11_EXIT_E,0.002658852649275695
1,83,x_R01_EXIT_D,x_R11_EXIT_G,0.0012302154048887542
1,84,x_R01_EXIT_D,x_R11_EXIT_H,0.0012302154048887542
1,85,x_R01_EXIT_D,x_R11_EXIT_A,0.0012302154048887542
1,86,x_R01_EXIT_D,x_R11_EXIT_F,0.0012302154048887542
1,87,x_R01_EXIT_D,x_R11_EXIT_B,0.0012302154048887542
1,88,x_R01_EXIT_D,x_R12_EXIT_C,0.0009524248295912936
1,89,x_R01_EXIT_D,x_R12_EXIT_D,0.0035715931109673517
1,90,x_R01_EXIT_D,x_R12_EXIT_E,0.002658852649275695
1,91,x_R01_EXIT_D,x_R12_EXIT_G,0.0012302154048887542
1,92,x_R01_EXIT_D,x_R12_EXIT_H,0.0012302154048887542
1,93,x_R01_EXIT_D,x_R12_EXIT_A,0.0012302154048887542
1,94,x_R01_EXIT_D,x_R12_EXIT_F,0.0012302154048887542
1,95,x_R01_EXIT_D,x_R12_EXIT_B,0.0012302154048887542
1,96,x_R01_EXIT_D,x_R13_EXIT_C,0.0013889528764873032
1,97,x_R01_EXIT_D,x_R13_EXIT_D,0.0031350650640713422
1,98,x_R01_EXIT_D,x_R13_EXIT_E,0.0022223246023796855
1,99,x_R01_EXIT_D,x_R13_EXIT_G,0.0007936873579927448
1,100,x_R01_EXIT_D,x_R13_EXIT_H,0.0007936873579927448
1,101,x_R01_EXIT_D,x_R13_EXIT_A,0.0007936873579927448
1,102,x_R01_EXIT_D,x_R13_EXIT_F,0.0007936873579927448
1,103,x_R01_EXIT_D,x_R13_EXIT_B,0.0007936873579927448
1,104,x_R01_EXIT_D,x_R14_EXIT_C,0.0018254809233833132
1,105,x_R01_EXIT_D,x_R14_EXIT_D,0.0026985370171753328
1,106,x_R01_EXIT_D,x_R14_EXIT_E,0.0017857965554836756
1,107,x_R01_EXIT_D,x_R14_EXIT_G,0.00035715931109673514
1,108,x_R01_EXIT_D,x_R14_EXIT_H,0.00035715931109673514
1,109,x_R01_EXIT_D,x_R14_EXIT_A,0.00035715931109673514
1,110,x_R01_EXIT_D,x_R14_EXIT_F,0.00035715931109673514
1,111,x_R01_EXIT_D,x_R14_EXIT_B,0.00035715931109673514
1,112,x_R01_EXIT_D,x_R15_EXIT_C,0.003611277478866989
1,113,x_R01_EXIT_D,x_R15_EXIT_D,0.0009127404616916564
1,120,x_R01_EXIT_D,x_R16_EXIT_C,0.003611277478866989
1,121,x_R01_EXIT_D,x_R16_EXIT_D,0.0009127404616916564
1,128,x_R01_EXIT_D,x_R17_EXIT_C,0.003611277478866989
1,129,x_R01_EXIT_D,x_R17_EXIT_D,0.0009127404616916564
1,136,x_R01_EXIT_D,x_R18_EXIT_C,0.003611277478866989
1,137,x_R01_EXIT_D,x_R18_EXIT_D,0.0009127404616916564
1,144,x_R01_EXIT_D,x_R19_EXIT_C,0.0027084581091502418
1,145,x_R01_EXIT_D,x_R19_EXIT_D,0.0006845553462687425
1,152,x_R01_EXIT_D,x_R22_EXIT_C,0.00545660058620012
1,153,x_R01_EXIT_D,x_R22_EXIT_D,0.0022818511542291413
1,160,x_R01_EXIT_D,x_R23_EXIT_C,0.00545660058620012
1,161,x_R01_EXIT_D,x_R23_EXIT_D,0.0022818511542291413
1,168,x_R01_EXIT_D,x_R20_EXIT_C,0.001636980175860036
1,169,x_R01_EXIT_D,x_R20_EXIT_D,0.0006845553462687425
1,176,x_R01_EXIT_D,x_R21_EXIT_C,0.00545660058620012
1,177,x_R01_EXIT_D,x_R21_EXIT_D,0.0022818511542291413
1,184,x_R01_EXIT_D,x_R24_EXIT_C,0.00545660058620012
1,185,x_R01_EXIT_D,x_R24_EXIT_D,0.0022818511542291413
1,192,x_R01_EXIT_D,x_R25_EXIT_C,0.00545660058620012
1,193,x_R01_EXIT_D,x_R25_EXIT_D,0.0022818511542291413
1,200,x_R01_EXIT_D,x_R26_EXIT_C,0.003273960351720072
1,201,x_R01_EXIT_D,x_R26_EXIT_D,0.001369110692537485
1,208,x_R01_EXIT_D,x_R27_EXIT_C,0.0005456600586200122
1,209,x_R01_EXIT_D,x_R27_EXIT_D,0.0002281851154229141
1,216,x_R01_EXIT_D,x_R28_EXIT_C,0.0010913201172400243
1,217,x_R01_EXIT_D,x_R28_EXIT_D,0.0004563702308458282
1,224,x_R01_EXIT_D,x_R29_EXIT_C,0.0021826402344800487
1,225,x_R01_EXIT_D,x_R29_EXIT_D,0.0009127404616916564
1,232,x_R01_EXIT_D,x_R30_EXIT_C,0.0021826402344800487
1,233,x_R01_EXIT_D,x_R30_EXIT_D,0.0009127404616916564
1,240,x_R01_EXIT_D,x_R31_EXIT_C,0.0005456600586200122
1,241,x_R01_EXIT_D,x_R31_EXIT_D,0.0002281851154229141
1,248,x_R01_EXIT_D,x_R32_EXIT_C,0.0021826402344800487
1,249,x_R01_EXIT_D,x_R32_EXIT_D,0.0009127404616916564
1,256,x_R01_EXIT_D,x_R33_EXIT_C,0.0021826402344800487
1,257,x_R01_EXIT_D,x_R33_EXIT_D,0.0009127404616916564
2,3,x_R01_EXIT_E,x_R01_EXIT_G,1.8550701536618426
2,4,x_R01_EXIT_E,x_R01_EXIT_H,1.8550701536618426
2,5,x_R01_EXIT_E,x_R01_EXIT_A,1.8550701536618426
2,6,x_R01_EXIT_E,x_R01_EXIT_F,1.8550701536618426
2,7,x_R01_EXIT_E,x_R01_EXIT_B,1.8550701536618426
2,9,x_R01_EXIT_E,x_R02_EXIT_D,0.003611277478866989
2,10,x_R01_EXIT_E,x_R02_EXIT_E,0.006389183231841596
2,11,x_R01_EXIT_E,x_R02_EXIT_G,0.0021826402344800487
2,12,x_R01_EXIT_E,x_R02_EXIT_H,0.0021826402344800487
2,13,x_R01_EXIT_E,x_R02_EXIT_A,0.0021826402344800487
2,14,x_R01_EXIT_E,x_R02_EXIT_F,0.0021826402344800487
2,15,x_R01_EXIT_E,x_R02_EXIT_B,0.0021826402344800487
2,16,x_R01_EXIT_E,x_R03_EXIT_C,0.006230445760243047
2,17,x_R01_EXIT_E,x_R03_EXIT_D,0.0026191682813760577
2,18,x_R01_EXIT_E,x_R03_EXIT_E,0.00015873747159854894
2,19,x_R01_EXIT_E,x_R03_EXIT_G,0.0026191682813760577
2,20,x_R01_EXIT_E,x_R03_EXIT_H,0.001190531036989117
2,21,x_R01_EXIT_E,x_R03_EXIT_A,0.0026191682813760577
2,22,x_R01_EXIT_E,x_R03_EXIT_F,0.0026191682813760577
2,23,x_R01_EXIT_E,x_R03_EXIT_B,0.001190531036989117
2,24,x_R01_EXIT_E,x_R04_EXIT_C,0.006230445760243047
2,25,x_R01_EXIT_E,x_R04_EXIT_D,0.0026191682813760577
2,26,x_R01_EXIT_E,x_R04_EXIT_E,0.00015873747159854894
2,27,x_R01_EXIT_E,x_R04_EXIT_G,0.0026191682813760577
2,28,x_R01_EXIT_E,x_R04_EXIT_H,0.001190531036989117
2,29,x_R01_EXIT_E,x_R04_EXIT_A,0.0026191682813760577
2,30,x_R01_EXIT_E,x_R04_EXIT_F,0.0026191682813760577
2,31,x_R01_EXIT_E,x_R04_EXIT_B,0.001190531036989117
2,32,x_R01_EXIT_E,x_R05_EXIT_C,0.018056387394334943
2,34,x_R01_EXIT_E,x_R05_EXIT_E,0.013889528764873031
2,36,x_R01_EXIT_E,x_R05_EXIT_H,0.0071431862219347025
2,39,x_R01_EXIT_E,x_R05_EXIT_B,0.0071431862219347025
2,40,x_R01_EXIT_E,x_R06_EXIT_C,0.00038692258702146306
2,41,x_R01_EXIT_E,x_R06_EXIT_D,0.001994139486956771
2,42,x_R01_EXIT_E,x_R06_EXIT_E,0.004077568801687726
2,43,x_R01_EXIT_E,x_R06_EXIT_G,0.0009226615536665658
2,44,x_R01_EXIT_E,x_R06_EXIT_H,0.0009226615536665658
2,45,x_R01_EXIT_E,x_R06_EXIT_A,0.0009226615536665658
2,46,x_R01_EXIT_E,x_R06_EXIT_F,0.0009226615536665658
2,47,x_R01_EXIT_E,x_R06_EXIT_B,0.0009226615536665658
2,49,x_R01_EXIT_E,x_R07_EXIT_D,0.0030953806961717045
2,50,x_R01_EXIT_E,x_R07_EXIT_E,0.005873286449146311
2,51,x_R01_EXIT_E,x_R07_EXIT_G,0.001666743451784764
2,52,x_R01_EXIT_E,x_R07_EXIT_H,0.001666743451784764
2,53,x_R01_EXIT_E,x_R07_EXIT_A,0.001666743451784764
2,54,x_R01_EXIT_E,x_R07_EXIT_F,0.001666743451784764
2,55,x_R01_EXIT_E,x_R07_EXIT_B,0.001666743451784764
2,56,x_R01_EXIT_E,x_R08_EXIT_C,0.00591297081704595
2,57,x_R01_EXIT_E,x_R08_EXIT_D,0.0023016933381789597
2,58,x_R01_EXIT_E,x_R08_EXIT_E,0.00047621241479564683
2,59,x_R01_EXIT_E,x_R08_EXIT_G,0.0023016933381789597
2,60,x_R01_EXIT_E,x_R08_EXIT_H,0.0008730560937920192
2,61,x_R01_EXIT_E,x_R08_EXIT_A,0.0023016933381789597
2,62,x_R01_EXIT_E,x_R08_EXIT_F,0.0023016933381789597
2,63,x_R01_EXIT_E,x_R08_EXIT_B,0.0008730560937920192
2,64,x_R01_EXIT_E,x_R09_EXIT_C,0.00591297081704595
2,65,x_R01_EXIT_E,x_R09_EXIT_D,0.0023016933381789597
2,66,x_R01_EXIT_E,x_R09_EXIT_E,0.00015873747159854894
2,67,x_R01_EXIT_E,x_R09_EXIT_G,0.0023016933381789597
2,68,x_R01_EXIT_E,x_R09_EXIT_H,0.0008730560937920192
2,69,x_R01_EXIT_E,x_R09_EXIT_A,0.0023016933381789597
2,70,x_R01_EXIT_E,x_R09_EXIT_F,0.0023016933381789597
2,71,x_R01_EXIT_E,x_R09_EXIT_B,0.0008730560937920192
2,72,x_R01_EXIT_E,x_R10_EXIT_C,0.005674864609648126
2,73,x_R01_EXIT_E,x_R10_EXIT_D,0.0020635871307811363
2,74,x_R01_EXIT_E,x_R10_EXIT_E,0.00015873747159854894
2,75,x_R01_EXIT_E,x_R10_EXIT_G,0.0020635871307811363
2,76,x_R01_EXIT_E,x_R10_EXIT_H,0.0006349498863941958
2,77,x_R01_EXIT_E,x_R10_EXIT_A,0.0020635871307811363
2,78,x_R01_EXIT_E,x_R10_EXIT_F,0.0020635871307811363
2,79,x_R01_EXIT_E,x_R10_EXIT_B,0.0006349498863941958
2,80,x_R01_EXIT_E,x_R11_EXIT_C,0.0009524248295912936
2,81,x_R01_EXIT_E,x_R11_EXIT_D,0.002658852649275695
2,82,x_R01_EXIT_E,x_R11_EXIT_E,0.005436758402250302
2,83,x_R01_EXIT_E,x_R11_EXIT_G,0.0012302154048887542
2,84,x_R01_EXIT_E,x_R11_EXIT_H,0.0012302154048887542
2,85,x_R01_EXIT_E,x_R11_EXIT_A,0.0012302154048887542
2,86,x_R01_EXIT_E,x_R11_EXIT_F,0.0012302154048887542
2,87,x_R01_EXIT_E,x_R11_EXIT_B,0.0012302154048887542
2,88,x_R01_EXIT_E,x_R12_EXIT_C,0.0009524248295912936
2,89,x_R01_EXIT_E,x_R12_EXIT_D,0.002658852649275695
2,90,x_R01_EXIT_E,x_R12_EXIT_E,0.005436758402250302
2,91,x_R01_EXIT_E,x_R12_EXIT_G,0.0012302154048887542
2,92,x_R01_EXIT_E,x_R12_EXIT_H,0.0012302154048887542
2,93,x_R01_EXIT_E,x_R12_EXIT_A,0.0012302154048887542
2,94,x_R01_EXIT_E,x_R12_EXIT_F,0.0012302154048887542
2,95,x_R01_EXIT_E,x_R12_EXIT_B,0.0012302154048887542
2,96,x_R01_EXIT_E,x_R13_EXIT_C,0.0013889528764873032
2,97,x_R01_EXIT_E,x_R13_EXIT_D,0.0022223246023796855
2,98,x_R01_EXIT_E,x_R13_EXIT_E,0.0050002303553542925
2,99,x_R01_EXIT_E,x_R13_EXIT_G,0.0007936873579927448
2,100,x_R01_EXIT_E,x_R13_EXIT_H,0.0007936873579927448
2,101,x_R01_EXIT_E,x_R13_EXIT_A,0.0007936873579927448
2,102,x_R01_EXIT_E,x_R13_EXIT_F,0.0007936873579927448
2,103,x_R01_EXIT_E,x_R13_EXIT_B,0.0007936873579927448
2,104,x_R01_EXIT_E,x_R14_EXIT_C,0.0018254809233833132
2,105,x_R01_EXIT_E,x_R14_EXIT_D,0.0017857965554836756
2,106,x_R01_EXIT_E,x_R14_EXIT_E,0.0045637023084582826
2,107,x_R01_EXIT_E,x_R14_EXIT_G,0.00035715931109673514
2,108,x_R01_EXIT_E,x_R14_EXIT_H,0.00035715931109673514
2,109,x_R01_EXIT_E,x_R14_EXIT_A,0.00035715931109673514
2,110,x_R01_EXIT_E,x_R14_EXIT_F,0.00035715931109673514
2,111,x_R01_EXIT_E,x_R14_EXIT_B,0.00035715931109673514
2,112,x_R01_EXIT_E,x_R15_EXIT_C,0.0051986521948524786
2,113,x_R01_EXIT_E,x_R15_EXIT_D,0.0015873747159854895
2,114,x_R01_EXIT_E,x_R15_EXIT_E,0.001190531036989117
2,115,x_R01_EXIT_E,x_R15_EXIT_G,0.0015873747159854895
2,116,x_R01_EXIT_E,x_R15_EXIT_H,0.00015873747159854894
2,117,x_R01_EXIT_E,x_R15_EXIT_A,0.0015873747159854895
2,118,x_R01_EXIT_E,x_R15_EXIT_F,0.0015873747159854895
2,119,x_R01_EXIT_E,x_R15_EXIT_B,0.00015873747159854894
2,120,x_R01_EXIT_E,x_R16_EXIT_C,0.005436758402250302
2,121,x_R01_EXIT_E,x_R16_EXIT_D,0.001825480923383313
2,122,x_R01_EXIT_E,x_R16_EXIT_E,0.0009524248295912934
2,123,x_R01_EXIT_E,x_R16_EXIT_G,0.001825480923383313
2,124,x_R01_EXIT_E,x_R16_EXIT_H,0.0003968436789963724
2,125,x_R01_EXIT_E,x_R16_EXIT_A,0.001825480923383313
2,126,x_R01_EXIT_E,x_R16_EXIT_F,0.001825480923383313
2,127,x_R01_EXIT_E,x_R16_EXIT_B,0.0003968436789963724
2,128,x_R01_EXIT_E,x_R17_EXIT_C,0.005674864609648126
2,129,x_R01_EXIT_E,x_R17_EXIT_D,0.0020635871307811363
2,130,x_R01_EXIT_E,x_R17_EXIT_E,0.0007143186221934702
2,131,x_R01_EXIT_E,x_R17_EXIT_G,0.0020635871307811363
2,132,x_R01_EXIT_E,x_R17_EXIT_H,0.0006349498863941958
2,133,x_R01_EXIT_E,x_R17_EXIT_A,0.0020635871307811363
2,134,x_R01_EXIT_E,x_R17_EXIT_F,0.0020635871307811363
2,135,x_R01_EXIT_E,x_R17_EXIT_B,0.0006349498863941958
2,136,x_R01_EXIT_E,x_R18_EXIT_C,0.005674864609648126
2,137,x_R01_EXIT_E,x_R18_EXIT_D,0.0020635871307811363
2,138,x_R01_EXIT_E,x_R18_EXIT_E,0.0007143186221934702
2,139,x_R01_EXIT_E,x_R18_EXIT_G,0.0020635871307811363
2,140,x_R01_EXIT_E,x_R18_EXIT_H,0.0006349498863941958
2,141,x_R01_EXIT_E,x_R18_EXIT_A,0.0020635871307811363
2,142,x_R01_EXIT_E,x_R18_EXIT_F,0.0020635871307811363
2,143,x_R01_EXIT_E,x_R18_EXIT_B,0.0006349498863941958
2,144,x_R01_EXIT_E,x_R19_EXIT_C,0.004256148457236093
2,145,x_R01_EXIT_E,x_R19_EXIT_D,0.0015476903480858522
2,146,x_R01_EXIT_E,x_R19_EXIT_E,0.0005357389666451027
2,147,x_R01_EXIT_E,x_R19_EXIT_G,0.0015476903480858522
2,148,x_R01_EXIT_E,x_R19_EXIT_H,0.0004762124147956468
2,149,x_R01_EXIT_E,x_R19_EXIT_A,0.0015476903480858522
2,150,x_R01_EXIT_E,x_R19_EXIT_F,0.0015476903480858522
2,151,x_R01_EXIT_E,x_R19_EXIT_B,0.0004762124147956468
2,152,x_R01_EXIT_E,x_R22_EXIT_C,0.00545660058620012
2,154,x_R01_EXIT_E,x_R22_EXIT_E,0.0033731712714691643
2,160,x_R01_EXIT_E,x_R23_EXIT_C,0.00545660058620012
2,162,x_R01_EXIT_E,x_R23_EXIT_E,0.0033731712714691643
2,168,x_R01_EXIT_E,x_R20_EXIT_C,0.001636980175860036
2,170,x_R01_EXIT_E,x_R20_EXIT_E,0.0010119513814407495
2,176,x_R01_EXIT_E,x_R21_EXIT_C,0.00545660058620012
2,178,x_R01_EXIT_E,x_R21_EXIT_E,0.0033731712714691643
2,184,x_R01_EXIT_E,x_R24_EXIT_C,0.00545660058620012
2,186,x_R01_EXIT_E,x_R24_EXIT_E,0.0033731712714691643
2,192,x_R01_EXIT_E,x_R25_EXIT_C,0.00545660058620012
2,194,x_R01_EXIT_E,x_R25_EXIT_E,0.0033731712714691643
2,200,x_R01_EXIT_E,x_R26_EXIT_C,0.003273960351720072
2,202,x_R01_EXIT_E,x_R26_EXIT_E,0.002023902762881499
2,208,x_R01_EXIT_E,x_R27_EXIT_C,0.0005456600586200122
2,210,x_R01_EXIT_E,x_R27_EXIT_E,0.0003373171271469165
2,216,x_R01_EXIT_E,x_R28_EXIT_C,0.0010913201172400243
2,218,x_R01_EXIT_E,x_R28_EXIT_E,0.000674634254293833
2,224,x_R01_EXIT_E,x_R29_EXIT_C,0.0021826402344800487
2,226,x_R01_EXIT_E,x_R29_EXIT_E,0.001349268508587666
2,232,x_R01_EXIT_E,x_R30_EXIT_C,0.0021826402344800487
2,234,x_R01_EXIT_E,x_R30_EXIT_E,0.001349268508587666
2,240,x_R01_EXIT_E,x_R31_EXIT_C,0.0005456600586200122
2,242,x_R01_EXIT_E,x_R31_EXIT_E,0.0003373171271469165
2,248,x_R01_EXIT_E,x_R32_EXIT_C,0.0021826402344800487
2,250,x_R01_EXIT_E,x_R32_EXIT_E,0.001349268508587666
2,256,x_R01_EXIT_E,x_R33_EXIT_C,0.0021826402344800487
2,258,x_R01_EXIT_E,x_R33_EXIT_E,0.001349268508587666
3,4,x_R01_EXIT_G,x_R01_EXIT_H,1.8582845874617133
3,5,x_R01_EXIT_G,x_R01_EXIT_A,1.8655170635114222
3,6,x_R01_EXIT_G,x_R01_EXIT_F,1.8582845874617133
3,7,x_R01_EXIT_G,x_R01_EXIT_B,1.8582845874617133
3,9,x_R01_EXIT_G,x_R02_EXIT_D,0.0021826402344800487
3,10,x_R01_EXIT_G,x_R02_EXIT_E,0.0021826402344800487
3,11,x_R01_EXIT_G,x_R02_EXIT_G,0.005119283459053203
3,12,x_R01_EXIT_G,x_R02_EXIT_H,0.002896958856673519
3,13,x_R01_EXIT_G,x_R02_EXIT_A,0.004504175756608826
3,14,x_R01_EXIT_G,x_R02_EXIT_F,0.002896958856673519
3,15,x_R01_EXIT_G,x_R02_EXIT_B,0.002896958856673519
3,16,x_R01_EXIT_G,x_R03_EXIT_C,0.0021826402344800487
3,19,x_R01_EXIT_G,x_R03_EXIT_G,0.0022223246023796855
3,24,x_R01_EXIT_G,x_R04_EXIT_C,0.0021826402344800487
3,27,x_R01_EXIT_G,x_R04_EXIT_G,0.0022223246023796855
3,32,x_R01_EXIT_G,x_R05_EXIT_C,0.01091320117240024
3,35,x_R01_EXIT_G,x_R05_EXIT_G,0.011111623011898426
3,40,x_R01_EXIT_G,x_R06_EXIT_C,0.00038692258702146306
3,41,x_R01_EXIT_G,x_R06_EXIT_D,0.0009226615536665658
3,42,x_R01_EXIT_G,x_R06_EXIT_E,0.0009226615536665658
3,43,x_R01_EXIT_G,x_R06_EXIT_G,0.003125143972096432
3,44,x_R01_EXIT_G,x_R06_EXIT_H,0.0014584005203116686
3,45,x_R01_EXIT_G,x_R06_EXIT_A,0.0026638131952631495
3,46,x_R01_EXIT_G,x_R06_EXIT_F,0.0014584005203116686
3,47,x_R01_EXIT_G,x_R06_EXIT_B,0.0014584005203116686
3,49,x_R01_EXIT_G,x_R07_EXIT_D,0.001666743451784764
3,50,x_R01_EXIT_G,x_R07_EXIT_E,0.001666743451784764
3,51,x_R01_EXIT_G,x_R07_EXIT_G,0.004603386676357919
3,52,x_R01_EXIT_G,x_R07_EXIT_H,0.0023810620739782343
3,53,x_R01_EXIT_G,x_R07_EXIT_A,0.0039882789739135414
3,54,x_R01_EXIT_G,x_R07_EXIT_F,0.0023810620739782343
3,55,x_R01_EXIT_G,x_R07_EXIT_B,0.0023810620739782343
3,56,x_R01_EXIT_G,x_R08_EXIT_C,0.0021826402344800487
3,59,x_R01_EXIT_G,x_R08_EXIT_G,0.0022223246023796855
3,64,x_R01_EXIT_G,x_R09_EXIT_C,0.0021826402344800487
3,67,x_R01_EXIT_G,x_R09_EXIT_G,0.0022223246023796855
3,72,x_R01_EXIT_G,x_R10_EXIT_C,0.0021826402344800487
3,75,x_R01_EXIT_G,x_R10_EXIT_G,0.0022223246023796855
3,80,x_R01_EXIT_G,x_R11_EXIT_C,0.0009524248295912936
3,81,x_R01_EXIT_G,x_R11_EXIT_D,0.0012302154048887542
3,82,x_R01_EXIT_G,x_R11_EXIT_E,0.0012302154048887542
3,83,x_R01_EXIT_G,x_R11_EXIT_G,0.0041668586294619095
3,84,x_R01_EXIT_G,x_R11_EXIT_H,0.0019445340270822246
3,85,x_R01_EXIT_G,x_R11_EXIT_A,0.0035517509270175324
3,86,x_R01_EXIT_G,x_R11_EXIT_F,0.0019445340270822246
3,87,x_R01_EXIT_G,x_R11_EXIT_B,0.0019445340270822246
3,88,x_R01_EXIT_G,x_R12_EXIT_C,0.0009524248295912936
3,89,x_R01_EXIT_G,x_R12_EXIT_D,0.0012302154048887542
3,90,x_R01_EXIT_G,x_R12_EXIT_E,0.0012302154048887542
3,91,x_R01_EXIT_G,x_R12_EXIT_G,0.0041668586294619095
3,92,x_R01_EXIT_G,x_R12_EXIT_H,0.0019445340270822246
3,93,x_R01_EXIT_G,x_R12_EXIT_A,0.0035517509270175324
3,94,x_R01_EXIT_G,x_R12_EXIT_F,0.0019445340270822246
3,95,x_R01_EXIT_G,x_R12_EXIT_B,0.0019445340270822246
3,96,x_R01_EXIT_G,x_R13_EXIT_C,0.0013889528764873032
3,97,x_R01_EXIT_G,x_R13_EXIT_D,0.0007936873579927448
3,98,x_R01_EXIT_G,x_R13_EXIT_E,0.0007936873579927448
3,99,x_R01_EXIT_G,x_R13_EXIT_G,0.0037303305825659
3,100,x_R01_EXIT_G,x_R13_EXIT_H,0.001508005980186215
3,101,x_R01_EXIT_G,x_R13_EXIT_A,0.003115222880121523
3,102,x_R01_EXIT_G,x_R13_EXIT_F,0.001508005980186215
3,103,x_R01_EXIT_G,x_R13_EXIT_B,0.001508005980186215
3,104,x_R01_EXIT_G,x_R14_EXIT_C,0.0018254809233833132
3,105,x_R01_EXIT_G,x_R14_EXIT_D,0.00035715931109673514
3,106,x_R01_EXIT_G,x_R14_EXIT_E,0.00035715931109673514
3,107,x_R01_EXIT_G,x_R14_EXIT_G,0.0032938025356698906
3,108,x_R01_EXIT_G,x_R14_EXIT_H,0.0010714779332902055
3,109,x_R01_EXIT_G,x_R14_EXIT_A,0.0026786948332255135
3,110,x_R01_EXIT_G,x_R14_EXIT_F,0.0010714779332902055
3,111,x_R01_EXIT_G,x_R14_EXIT_B,0.0010714779332902055
3,112,x_R01_EXIT_G,x_R15_EXIT_C,0.0021826402344800487
3,115,x_R01_EXIT_G,x_R15_EXIT_G,0.0022223246023796855
3,120,x_R01_EXIT_G,x_R16_EXIT_C,0.0021826402344800487
3,123,x_R01_EXIT_G,x_R16_EXIT_G,0.0022223246023796855
3,128,x_R01_EXIT_G,x_R17_EXIT_C,0.0021826402344800487
3,131,x_R01_EXIT_G,x_R17_EXIT_G,0.0022223246023796855
3,136,x_R01_EXIT_G,x_R18_EXIT_C,0.0021826402344800487
3,139,x_R01_EXIT_G,x_R18_EXIT_G,0.0022223246023796855
3,144,x_R01_EXIT_G,x_R19_EXIT_C,0.001636980175860036
3,147,x_R01_EXIT_G,x_R19_EXIT_G,0.001666743451784764
3,152,x_R01_EXIT_G,x_R22_EXIT_C,0.007242397141683796
3,155,x_R01_EXIT_G,x_R22_EXIT_G,0.005555811505949213
3,160,x_R01_EXIT_G,x_R23_EXIT_C,0.007242397141683796
3,163,x_R01_EXIT_G,x_R23_EXIT_G,0.005555811505949213
3,168,x_R01_EXIT_G,x_R20_EXIT_C,0.0033781318174566197
3,169,x_R01_EXIT_G,x_R20_EXIT_D,0.001205412674951481
3,170,x_R01_EXIT_G,x_R20_EXIT_E,0.001205412674951481
3,171,x_R01_EXIT_G,x_R20_EXIT_G,0.0004613307768332829
3,172,x_R01_EXIT_G,x_R20_EXIT_H,0.001205412674951481
3,176,x_R01_EXIT_G,x_R21_EXIT_C,0.00947464283603839
3,177,x_R01_EXIT_G,x_R21_EXIT_D,0.0022322456943545945
3,178,x_R01_EXIT_G,x_R21_EXIT_E,0.0022322456943545945
3,179,x_R01_EXIT_G,x_R21_EXIT_G,0.0033235658115946184
3,180,x_R01_EXIT_G,x_R21_EXIT_H,0.0022322456943545945
3,184,x_R01_EXIT_G,x_R24_EXIT_C,0.007242397141683796
3,187,x_R01_EXIT_G,x_R24_EXIT_G,0.005555811505949213
3,192,x_R01_EXIT_G,x_R25_EXIT_C,0.007242397141683796
3,195,x_R01_EXIT_G,x_R25_EXIT_G,0.005555811505949213
3,200,x_R01_EXIT_G,x_R26_EXIT_C,0.004345438285010278
3,203,x_R01_EXIT_G,x_R26_EXIT_G,0.001994139486956771
3,208,x_R01_EXIT_G,x_R27_EXIT_C,0.0007242397141683797
3,211,x_R01_EXIT_G,x_R27_EXIT_G,0.0005555811505949214
3,216,x_R01_EXIT_G,x_R28_EXIT_C,0.0018949285672076781
3,219,x_R01_EXIT_G,x_R28_EXIT_G,0.0003075538512221886
3,224,x_R01_EXIT_G,x_R29_EXIT_C,0.0037898571344153562
3,227,x_R01_EXIT_G,x_R29_EXIT_G,0.0013294263246378475
3,232,x_R01_EXIT_G,x_R30_EXIT_C,0.002896958856673519
3,235,x_R01_EXIT_G,x_R30_EXIT_G,0.0013294263246378475
3,240,x_R01_EXIT_G,x_R31_EXIT_C,0.0007242397141683797
3,243,x_R01_EXIT_G,x_R31_EXIT_G,0.0003323565811594619
3,248,x_R01_EXIT_G,x_R32_EXIT_C,0.002896958856673519
3,251,x_R01_EXIT_G,x_R32_EXIT_G,0.0022223246023796855
3,256,x_R01_EXIT_G,x_R33_EXIT_C,0.002896958856673519
3,259,x_R01_EXIT_G,x_R33_EXIT_G,0.0022223246023796855
4,5,x_R01_EXIT_H,x_R01_EXIT_A,1.8582845874617133
4,6,x_R01_EXIT_H,x_R01_EXIT_F,1.859088195911681
4,7,x_R01_EXIT_H,x_R01_EXIT_B,1.8680171786890993
4,9,x_R01_EXIT_H,x_R02_EXIT_D,0.0021826402344800487
4,10,x_R01_EXIT_H,x_R02_EXIT_E,0.0021826402344800487
4,11,x_R01_EXIT_H,x_R02_EXIT_G,0.002896958856673519
4,12,x_R01_EXIT_H,x_R02_EXIT_H,0.005774075529397218
4,13,x_R01_EXIT_H,x_R02_EXIT_A,0.002896958856673519
4,14,x_R01_EXIT_H,x_R02_EXIT_F,0.003075538512221886
4,15,x_R01_EXIT_H,x_R02_EXIT_B,0.005059756907203748
4,16,x_R01_EXIT_H,x_R03_EXIT_C,0.0021826402344800487
4,19,x_R01_EXIT_H,x_R03_EXIT_G,0.00017857965554836757
4,20,x_R01_EXIT_H,x_R03_EXIT_H,0.0012698997727883916
4,23,x_R01_EXIT_H,x_R03_EXIT_B,0.0005555811505949213
4,24,x_R01_EXIT_H,x_R04_EXIT_C,0.0021826402344800487
4,27,x_R01_EXIT_H,x_R04_EXIT_G,0.00017857965554836757
4,28,x_R01_EXIT_H,x_R04_EXIT_H,0.0012698997727883916
4,31,x_R01_EXIT_H,x_R04_EXIT_B,0.0005555811505949213
4,32,x_R01_EXIT_H,x_R05_EXIT_C,0.01091320117240024
4,35,x_R01_EXIT_H,x_R05_EXIT_G,0.0008928982777418378
4,36,x_R01_EXIT_H,x_R05_EXIT_H,0.006349498863941958
4,39,x_R01_EXIT_H,x_R05_EXIT_B,0.002777905752974606
4,40,x_R01_EXIT_H,x_R06_EXIT_C,0.00038692258702146306
4,41,x_R01_EXIT_H,x_R06_EXIT_D,0.0009226615536665658
4,42,x_R01_EXIT_H,x_R06_EXIT_E,0.0009226615536665658
4,43,x_R01_EXIT_H,x_R06_EXIT_G,0.0014584005203116686
4,44,x_R01_EXIT_H,x_R06_EXIT_H,0.0036162380248544435
4,45,x_R01_EXIT_H,x_R06_EXIT_A,0.0014584005203116686
4,46,x_R01_EXIT_H,x_R06_EXIT_F,0.001592335261972944
4,47,x_R01_EXIT_H,x_R06_EXIT_B,0.0030804990582093406
4,49,x_R01_EXIT_H,x_R07_EXIT_D,0.001666743451784764
4,50,x_R01_EXIT_H,x_R07_EXIT_E,0.001666743451784764
4,51,x_R01_EXIT_H,x_R07_EXIT_G,0.0023810620739782343
4,52,x_R01_EXIT_H,x_R07_EXIT_H,0.005258178746701934
4,53,x_R01_EXIT_H,x_R07_EXIT_A,0.0023810620739782343
4,54,x_R01_EXIT_H,x_R07_EXIT_F,0.0025596417295266015
4,55,x_R01_EXIT_H,x_R07_EXIT_B,0.004543860124508464
4,56,x_R01_EXIT_H,x_R08_EXIT_C,0.0021826402344800487
4,59,x_R01_EXIT_H,x_R08_EXIT_G,0.00017857965554836757
4,60,x_R01_EXIT_H,x_R08_EXIT_H,0.0012698997727883916
4,63,x_R01_EXIT_H,x_R08_EXIT_B,0.0005555811505949213
4,64,x_R01_EXIT_H,x_R09_EXIT_C,0.0021826402344800487
4,67,x_R01_EXIT_H,x_R09_EXIT_G,0.00017857965554836757
4,68,x_R01_EXIT_H,x_R09_EXIT_H,0.0012698997727883916
4,71,x_R01_EXIT_H,x_R09_EXIT_B,0.0005555811505949213
4,72,x_R01_EXIT_H,x_R10_EXIT_C,0.0021826402344800487
4,75,x_R01_EXIT_H,x_R10_EXIT_G,0.00017857965554836757
4,76,x_R01_EXIT_H,x_R10_EXIT_H,0.0012698997727883916
4,79,x_R01_EXIT_H,x_R10_EXIT_B,0.0005555811505949213
4,80,x_R01_EXIT_H,x_R11_EXIT_C,0.0009524248295912936
4,81,x_R01_EXIT_H,x_R11_EXIT_D,0.0012302154048887542
4,82,x_R01_EXIT_H,x_R11_EXIT_E,0.0012302154048887542
4,83,x_R01_EXIT_H,x_R11_EXIT_G,0.0019445340270822246
4,84,x_R01_EXIT_H,x_R11_EXIT_H,0.004821650699805924
4,85,x_R01_EXIT_H,x_R11_EXIT_A,0.0019445340270822246
4,86,x_R01_EXIT_H,x_R11_EXIT_F,0.002123113682630592
4,87,x_R01_EXIT_H,x_R11_EXIT_B,0.004107332077612455
4,88,x_R01_EXIT_H,x_R12_EXIT_C,0.0009524248295912936
4,89,x_R01_EXIT_H,x_R12_EXIT_D,0.0012302154048887542
4,90,x_R01_EXIT_H,x_R12_EXIT_E,0.0012302154048887542
4,91,x_R01_EXIT_H,x_R12_EXIT_G,0.0019445340270822246
4,92,x_R01_EXIT_H,x_R12_EXIT_H,0.004821650699805924
4,93,x_R01_EXIT_H,x_R12_EXIT_A,0.0019445340270822246
4,94,x_R01_EXIT_H,x_R12_EXIT_F,0.002123113682630592
4,95,x_R01_EXIT_H,x_R12_EXIT_B,0.004107332077612455
4,96,x_R01_EXIT_H,x_R13_EXIT_C,0.0013889528764873032
4,97,x_R01_EXIT_H,x_R13_EXIT_D,0.0007936873579927448
4,98,x_R01_EXIT_H,x_R13_EXIT_E,0.0007936873579927448
4,99,x_R01_EXIT_H,x_R13_EXIT_G,0.001508005980186215
4,100,x_R01_EXIT_H,x_R13_EXIT_H,0.004385122652909915
4,101,x_R01_EXIT_H,x_R13_EXIT_A,0.001508005980186215
4,102,x_R01_EXIT_H,x_R13_EXIT_F,0.0016865856357345826
4,103,x_R01_EXIT_H,x_R13_EXIT_B,0.0036708040307164443
4,104,x_R01_EXIT_H,x_R14_EXIT_C,0.0018254809233833132
4,105,x_R01_EXIT_H,x_R14_EXIT_D,0.00035715931109673514
4,106,x_R01_EXIT_H,x_R14_EXIT_E,0.00035715931109673514
4,107,x_R01_EXIT_H,x_R14_EXIT_G,0.0010714779332902055
4,108,x_R01_EXIT_H,x_R14_EXIT_H,0.0039485946060139054
4,109,x_R01_EXIT_H,x_R14_EXIT_A,0.0010714779332902055
4,110,x_R01_EXIT_H,x_R14_EXIT_F,0.001250057588838573
4,111,x_R01_EXIT_H,x_R14_EXIT_B,0.0032342759838204344
4,112,x_R01_EXIT_H,x_R15_EXIT_C,0.0021826402344800487
4,115,x_R01_EXIT_H,x_R15_EXIT_G,0.00017857965554836757
4,116,x_R01_EXIT_H,x_R15_EXIT_H,0.0012698997727883916
4,119,x_R01_EXIT_H,x_R15_EXIT_B,0.0005555811505949213
4,120,x_R01_EXIT_H,x_R16_EXIT_C,0.0021826402344800487
4,123,x_R01_EXIT_H,x_R16_EXIT_G,0.00017857965554836757
4,124,x_R01_EXIT_H,x_R16_EXIT_H,0.0012698997727883916
4,127,x_R01_EXIT_H,x_R16_EXIT_B,0.0005555811505949213
4,128,x_R01_EXIT_H,x_R17_EXIT_C,0.0021826402344800487
4,131,x_R01_EXIT_H,x_R17_EXIT_G,0.00017857965554836757
4,132,x_R01_EXIT_H,x_R17_EXIT_H,0.0012698997727883916
4,135,x_R01_EXIT_H,x_R17_EXIT_B,0.0005555811505949213
4,136,x_R01_EXIT_H,x_R18_EXIT_C,0.0021826402344800487
4,139,x_R01_EXIT_H,x_R18_EXIT_G,0.00017857965554836757
4,140,x_R01_EXIT_H,x_R18_EXIT_H,0.0012698997727883916
4,143,x_R01_EXIT_H,x_R18_EXIT_B,0.0005555811505949213
4,144,x_R01_EXIT_H,x_R19_EXIT_C,0.001636980175860036
4,147,x_R01_EXIT_H,x_R19_EXIT_G,0.00013393474166127568
4,148,x_R01_EXIT_H,x_R19_EXIT_H,0.0009524248295912936
4,151,x_R01_EXIT_H,x_R19_EXIT_B,0.00041668586294619093
4,152,x_R01_EXIT_H,x_R22_EXIT_C,0.007688846280554715
4,154,x_R01_EXIT_H,x_R22_EXIT_E,0.0035715931109673513
4,155,x_R01_EXIT_H,x_R22_EXIT_G,0.0004464491388709189
4,156,x_R01_EXIT_H,x_R22_EXIT_H,0.0067463425429383295
4,160,x_R01_EXIT_H,x_R23_EXIT_C,0.007688846280554715
4,162,x_R01_EXIT_H,x_R23_EXIT_E,0.0007936873579927447
4,163,x_R01_EXIT_H,x_R23_EXIT_G,0.0004464491388709189
4,164,x_R01_EXIT_H,x_R23_EXIT_H,0.002381062073978234
4,168,x_R01_EXIT_H,x_R20_EXIT_C,0.002172719142505139
4,169,x_R01_EXIT_H,x_R20_EXIT_D,0.00013393474166127568
4,170,x_R01_EXIT_H,x_R20_EXIT_E,0.001205412674951481
4,172,x_R01_EXIT_H,x_R20_EXIT_H,0.002157837504542775
4,176,x_R01_EXIT_H,x_R21_EXIT_C,0.007242397141683796
4,177,x_R01_EXIT_H,x_R21_EXIT_D,0.0004464491388709189
4,178,x_R01_EXIT_H,x_R21_EXIT_E,0.00401804224983827
4,180,x_R01_EXIT_H,x_R21_EXIT_H,0.007192791681809248
4,184,x_R01_EXIT_H,x_R24_EXIT_C,0.012649392268009369
4,185,x_R01_EXIT_H,x_R24_EXIT_D,0.004960545987454655
4,186,x_R01_EXIT_H,x_R24_EXIT_E,0.001388952876487303
4,187,x_R01_EXIT_H,x_R24_EXIT_G,0.005406995126325574
4,188,x_R01_EXIT_H,x_R24_EXIT_H,0.0017857965554836754
4,192,x_R01_EXIT_H,x_R25_EXIT_C,0.013839923304998487
4,193,x_R01_EXIT_H,x_R25_EXIT_D,0.00615107702444377
4,194,x_R01_EXIT_H,x_R25_EXIT_E,0.0025794839134764204
4,195,x_R01_EXIT_H,x_R25_EXIT_G,0.006597526163314689
4,196,x_R01_EXIT_H,x_R25_EXIT_H,0.0005952655184945585
4,200,x_R01_EXIT_H,x_R26_EXIT_C,0.0046133077683328284
4,202,x_R01_EXIT_H,x_R26_EXIT_E,0.002142955866580411
4,204,x_R01_EXIT_H,x_R26_EXIT_H,0.0014286372443869403
4,208,x_R01_EXIT_H,x_R27_EXIT_C,0.0007688846280554715
4,212,x_R01_EXIT_H,x_R27_EXIT_H,0.00023810620739782342
4,216,x_R01_EXIT_H,x_R28_EXIT_C,0.0014484794283367594
4,218,x_R01_EXIT_H,x_R28_EXIT_E,0.0007143186221934703
4,220,x_R01_EXIT_H,x_R28_EXIT_H,0.0013492685085876664
4,224,x_R01_EXIT_H,x_R29_EXIT_C,0.002896958856673519
4,226,x_R01_EXIT_H,x_R29_EXIT_E,0.0014286372443869406
4,228,x_R01_EXIT_H,x_R29_EXIT_H,0.0026985370171753328
4,232,x_R01_EXIT_H,x_R30_EXIT_C,0.003075538512221886
4,234,x_R01_EXIT_H,x_R30_EXIT_E,0.0014286372443869406
4,236,x_R01_EXIT_H,x_R30_EXIT_H,0.0002381062073978234
4,240,x_R01_EXIT_H,x_R31_EXIT_C,0.001205412674951481
4,241,x_R01_EXIT_H,x_R31_EXIT_D,0.00043652804689600964
4,248,x_R01_EXIT_H,x_R32_EXIT_C,0.004821650699805924
4,249,x_R01_EXIT_H,x_R32_EXIT_D,0.0017461121875840385
4,250,x_R01_EXIT_H,x_R32_EXIT_E,0.0003174749431970979
4,251,x_R01_EXIT_H,x_R32_EXIT_G,0.001924691843132406
4,252,x_R01_EXIT_H,x_R32_EXIT_H,0.0002381062073978234
4,256,x_R01_EXIT_H,x_R33_EXIT_C,0.004821650699805924
4,257,x_R01_EXIT_H,x_R33_EXIT_D,0.0017461121875840385
4,258,x_R01_EXIT_H,x_R33_EXIT_E,0.0003174749431970979
4,259,x_R01_EXIT_H,x_R33_EXIT_G,0.001924691843132406
4,260,x_R01_EXIT_H,x_R33_EXIT_H,0.0002381062073978234
5,6,x_R01_EXIT_A,x_R01_EXIT_F,1.8582845874617133
5,7,x_R01_EXIT_A,x_R01_EXIT_B,1.8582845874617133
5,9,x_R01_EXIT_A,x_R02_EXIT_D,0.0021826402344800487
5,10,x_R01_EXIT_A,x_R02_EXIT_E,0.0021826402344800487
5,11,x_R01_EXIT_A,x_R02_EXIT_G,0.004504175756608826
5,12,x_R01_EXIT_A,x_R02_EXIT_H,0.002896958856673519
5,13,x_R01_EXIT_A,x_R02_EXIT_A,0.009127404616916563
5,14,x_R01_EXIT_A,x_R02_EXIT_F,0.002896958856673519
5,15,x_R01_EXIT_A,x_R02_EXIT_B,0.002896958856673519
5,16,x_R01_EXIT_A,x_R03_EXIT_C,0.0021826402344800487
5,19,x_R01_EXIT_A,x_R03_EXIT_G,0.0016072168999353082
5,21,x_R01_EXIT_A,x_R03_EXIT_A,0.001597295807960399
5,24,x_R01_EXIT_A,x_R04_EXIT_C,0.0021826402344800487
5,27,x_R01_EXIT_A,x_R04_EXIT_G,0.0016072168999353082
5,29,x_R01_EXIT_A,x_R04_EXIT_A,0.001597295807960399
5,32,x_R01_EXIT_A,x_R05_EXIT_C,0.01091320117240024
5,35,x_R01_EXIT_A,x_R05_EXIT_G,0.00803608449967654
5,37,x_R01_EXIT_A,x_R05_EXIT_A,0.007986479039801994
5,40,x_R01_EXIT_A,x_R06_EXIT_C,0.00038692258702146306
5,41,x_R01_EXIT_A,x_R06_EXIT_D,0.0009226615536665658
5,42,x_R01_EXIT_A,x_R06_EXIT_E,0.0009226615536665658
5,43,x_R01_EXIT_A,x_R06_EXIT_G,0.0026638131952631495
5,44,x_R01_EXIT_A,x_R06_EXIT_H,0.0014584005203116686
5,45,x_R01_EXIT_A,x_R06_EXIT_A,0.006131234840493952
5,46,x_R01_EXIT_A,x_R06_EXIT_F,0.0014584005203116686
5,47,x_R01_EXIT_A,x_R06_EXIT_B,0.0014584005203116686
5,49,x_R01_EXIT_A,x_R07_EXIT_D,0.001666743451784764
5,50,x_R01_EXIT_A,x_R07_EXIT_E,0.001666743451784764
5,51,x_R01_EXIT_A,x_R07_EXIT_G,0.0039882789739135414
5,52,x_R01_EXIT_A,x_R07_EXIT_H,0.0023810620739782343
5,53,x_R01_EXIT_A,x_R07_EXIT_A,0.00861150783422128
5,54,x_R01_EXIT_A,x_R07_EXIT_F,0.0023810620739782343
5,55,x_R01_EXIT_A,x_R07_EXIT_B,0.0023810620739782343
5,56,x_R01_EXIT_A,x_R08_EXIT_C,0.0021826402344800487
5,59,x_R01_EXIT_A,x_R08_EXIT_G,0.0016072168999353082
5,61,x_R01_EXIT_A,x_R08_EXIT_A,0.001597295807960399
5,64,x_R01_EXIT_A,x_R09_EXIT_C,0.0021826402344800487
5,67,x_R01_EXIT_A,x_R09_EXIT_G,0.0016072168999353082
5,69,x_R01_EXIT_A,x_R09_EXIT_A,0.001597295807960399
5,72,x_R01_EXIT_A,x_R10_EXIT_C,0.0021826402344800487
5,75,x_R01_EXIT_A,x_R10_EXIT_G,0.0016072168999353082
5,77,x_R01_EXIT_A,x_R10_EXIT_A,0.001597295807960399
5,80,x_R01_EXIT_A,x_R11_EXIT_C,0.0009524248295912936
5,81,x_R01_EXIT_A,x_R11_EXIT_D,0.0012302154048887542
5,82,x_R01_EXIT_A,x_R11_EXIT_E,0.0012302154048887542
5,83,x_R01_EXIT_A,x_R11_EXIT_G,0.0035517509270175324
5,84,x_R01_EXIT_A,x_R11_EXIT_H,0.0019445340270822246
5,85,x_R01_EXIT_A,x_R11_EXIT_A,0.00817497978732527
5,86,x_R01_EXIT_A,x_R11_EXIT_F,0.0019445340270822246
5,87,x_R01_EXIT_A,x_R11_EXIT_B,0.0019445340270822246
5,88,x_R01_EXIT_A,x_R12_EXIT_C,0.0009524248295912936
5,89,x_R01_EXIT_A,x_R12_EXIT_D,0.0012302154048887542
5,90,x_R01_EXIT_A,x_R12_EXIT_E,0.0012302154048887542
5,91,x_R01_EXIT_A,x_R12_EXIT_G,0.0035517509270175324
5,92,x_R01_EXIT_A,x_R12_EXIT_H,0.0019445340270822246
5,93,x_R01_EXIT_A,x_R12_EXIT_A,0.00817497978732527
5,94,x_R01_EXIT_A,x_R12_EXIT_F,0.0019445340270822246
5,95,x_R01_EXIT_A,x_R12_EXIT_B,0.0019445340270822246
5,96,x_R01_EXIT_A,x_R13_EXIT_C,0.0013889528764873032
5,97,x_R01_EXIT_A,x_R13_EXIT_D,0.0007936873579927448
5,98,x_R01_EXIT_A,x_R13_EXIT_E,0.0007936873579927448
5,99,x_R01_EXIT_A,x_R13_EXIT_G,0.003115222880121523
5,100,x_R01_EXIT_A,x_R13_EXIT_H,0.001508005980186215
5,101,x_R01_EXIT_A,x_R13_EXIT_A,0.007738451740429262
5,102,x_R01_EXIT_A,x_R13_EXIT_F,0.001508005980186215
5,103,x_R01_EXIT_A,x_R13_EXIT_B,0.001508005980186215
5,104,x_R01_EXIT_A,x_R14_EXIT_C,0.0018254809233833132
5,105,x_R01_EXIT_A,x_R14_EXIT_D,0.00035715931109673514
5,106,x_R01_EXIT_A,x_R14_EXIT_E,0.00035715931109673514
5,107,x_R01_EXIT_A,x_R14_EXIT_G,0.0026786948332255135
5,108,x_R01_EXIT_A,x_R14_EXIT_H,0.0010714779332902055
5,109,x_R01_EXIT_A,x_R14_EXIT_A,0.007301923693533252
5,110,x_R01_EXIT_A,x_R14_EXIT_F,0.0010714779332902055
5,111,x_R01_EXIT_A,x_R14_EXIT_B,0.0010714779332902055
5,112,x_R01_EXIT_A,x_R15_EXIT_C,0.0021826402344800487
5,115,x_R01_EXIT_A,x_R15_EXIT_G,0.0016072168999353082
5,117,x_R01_EXIT_A,x_R15_EXIT_A,0.001597295807960399
5,120,x_R01_EXIT_A,x_R16_EXIT_C,0.0021826402344800487
5,123,x_R01_EXIT_A,x_R16_EXIT_G,0.0016072168999353082
5,125,x_R01_EXIT_A,x_R16_EXIT_A,0.001597295807960399
5,128,x_R01_EXIT_A,x_R17_EXIT_C,0.0021826402344800487
5,131,x_R01_EXIT_A,x_R17_EXIT_G,0.0016072168999353082
5,133,x_R01_EXIT_A,x_R17_EXIT_A,0.001597295807960399
5,136,x_R01_EXIT_A,x_R18_EXIT_C,0.0021826402344800487
5,139,x_R01_EXIT_A,x_R18_EXIT_G,0.0016072168999353082
5,141,x_R01_EXIT_A,x_R18_EXIT_A,0.001597295807960399
5,144,x_R01_EXIT_A,x_R19_EXIT_C,0.001636980175860036
5,147,x_R01_EXIT_A,x_R19_EXIT_G,0.001205412674951481
5,149,x_R01_EXIT_A,x_R19_EXIT_A,0.0011979718559702991
5,152,x_R01_EXIT_A,x_R22_EXIT_C,0.007242397141683796
5,155,x_R01_EXIT_A,x_R22_EXIT_G,0.00401804224983827
5,157,x_R01_EXIT_A,x_R22_EXIT_A,0.003993239519900997
5,160,x_R01_EXIT_A,x_R23_EXIT_C,0.007242397141683796
5,163,x_R01_EXIT_A,x_R23_EXIT_G,0.00401804224983827
5,165,x_R01_EXIT_A,x_R23_EXIT_A,0.003993239519900997
5,168,x_R01_EXIT_A,x_R20_EXIT_C,0.004542619988011599
5,169,x_R01_EXIT_A,x_R20_EXIT_D,0.002369900845506461
5,170,x_R01_EXIT_A,x_R20_EXIT_E,0.002369900845506461
5,171,x_R01_EXIT_A,x_R20_EXIT_G,0.00116448817055498
5,172,x_R01_EXIT_A,x_R20_EXIT_H,0.002369900845506461
5,173,x_R01_EXIT_A,x_R20_EXIT_A,0.0023029334746758235
5,174,x_R01_EXIT_A,x_R20_EXIT_F,0.0011049616187055243
5,175,x_R01_EXIT_A,x_R20_EXIT_B,0.0011049616187055243
5,176,x_R01_EXIT_A,x_R21_EXIT_C,0.00947464283603839
5,177,x_R01_EXIT_A,x_R21_EXIT_D,0.0022322456943545945
5,178,x_R01_EXIT_A,x_R21_EXIT_E,0.0022322456943545945
5,179,x_R01_EXIT_A,x_R21_EXIT_G,0.0017857965554836756
5,180,x_R01_EXIT_A,x_R21_EXIT_H,0.0022322456943545945
5,181,x_R01_EXIT_A,x_R21_EXIT_A,0.003993239519900997
5,184,x_R01_EXIT_A,x_R24_EXIT_C,0.007242397141683796
5,187,x_R01_EXIT_A,x_R24_EXIT_G,0.00401804224983827
5,189,x_R01_EXIT_A,x_R24_EXIT_A,0.003993239519900997
5,192,x_R01_EXIT_A,x_R25_EXIT_C,0.007242397141683796
5,195,x_R01_EXIT_A,x_R25_EXIT_G,0.00401804224983827
5,197,x_R01_EXIT_A,x_R25_EXIT_A,0.003993239519900997
5,200,x_R01_EXIT_A,x_R26_EXIT_C,0.004345438285010278
5,203,x_R01_EXIT_A,x_R26_EXIT_G,0.0010714779332902055
5,205,x_R01_EXIT_A,x_R26_EXIT_A,0.0023959437119405983
5,208,x_R01_EXIT_A,x_R27_EXIT_C,0.0007242397141683797
5,211,x_R01_EXIT_A,x_R27_EXIT_G,0.00040180422498382705
5,213,x_R01_EXIT_A,x_R27_EXIT_A,0.00039932395199009975
5,216,x_R01_EXIT_A,x_R28_EXIT_C,0.0026315696463446946
5,217,x_R01_EXIT_A,x_R28_EXIT_D,0.0007366410791370162
5,218,x_R01_EXIT_A,x_R28_EXIT_E,0.0007366410791370162
5,219,x_R01_EXIT_A,x_R28_EXIT_G,0.002165278323523957
5,220,x_R01_EXIT_A,x_R28_EXIT_H,0.0007366410791370162
5,222,x_R01_EXIT_A,x_R28_EXIT_F,0.0007366410791370162
5,223,x_R01_EXIT_A,x_R28_EXIT_B,0.0007366410791370162
5,224,x_R01_EXIT_A,x_R29_EXIT_C,0.0037898571344153562
5,227,x_R01_EXIT_A,x_R29_EXIT_G,0.0007143186221934703
5,232,x_R01_EXIT_A,x_R30_EXIT_C,0.002896958856673519
5,235,x_R01_EXIT_A,x_R30_EXIT_G,0.0007143186221934703
5,237,x_R01_EXIT_A,x_R30_EXIT_A,0.001597295807960399
5,240,x_R01_EXIT_A,x_R31_EXIT_C,0.0007242397141683797
5,243,x_R01_EXIT_A,x_R31_EXIT_G,0.00017857965554836757
5,245,x_R01_EXIT_A,x_R31_EXIT_A,0.00039932395199009975
5,248,x_R01_EXIT_A,x_R32_EXIT_C,0.002896958856673519
5,251,x_R01_EXIT_A,x_R32_EXIT_G,0.0016072168999353082
5,253,x_R01_EXIT_A,x_R32_EXIT_A,0.001597295807960399
5,256,x_R01_EXIT_A,x_R33_EXIT_C,0.002896958856673519
5,259,x_R01_EXIT_A,x_R33_EXIT_G,0.0016072168999353082
5,261,x_R01_EXIT_A,x_R33_EXIT_A,0.001597295807960399
6,7,x_R01_EXIT_F,x_R01_EXIT_B,1.859088195911681
6,9,x_R01_EXIT_F,x_R02_EXIT_D,0.0021826402344800487
6,10,x_R01_EXIT_F,x_R02_EXIT_E,0.0021826402344800487
6,11,x_R01_EXIT_F,x_R02_EXIT_G,0.002896958856673519
6,12,x_R01_EXIT_F,x_R02_EXIT_H,0.003075538512221886
6,13,x_R01_EXIT_F,x_R02_EXIT_A,0.002896958856673519
6,14,x_R01_EXIT_F,x_R02_EXIT_F,0.007599556452780532
6,15,x_R01_EXIT_F,x_R02_EXIT_B,0.003075538512221886
6,16,x_R01_EXIT_F,x_R03_EXIT_C,0.0021826402344800487
6,19,x_R01_EXIT_F,x_R03_EXIT_G,0.00017857965554836757
6,21,x_R01_EXIT_F,x_R03_EXIT_A,0.001508005980186215
6,22,x_R01_EXIT_F,x_R03_EXIT_F,0.004524017940558646
6,24,x_R01_EXIT_F,x_R04_EXIT_C,0.0021826402344800487
6,27,x_R01_EXIT_F,x_R04_EXIT_G,0.00017857965554836757
6,29,x_R01_EXIT_F,x_R04_EXIT_A,0.001508005980186215
6,30,x_R01_EXIT_F,x_R04_EXIT_F,0.004524017940558646
6,32,x_R01_EXIT_F,x_R05_EXIT_C,0.01091320117240024
6,35,x_R01_EXIT_F,x_R05_EXIT_G,0.0008928982777418378
6,37,x_R01_EXIT_F,x_R05_EXIT_A,0.007540029900931074
6,38,x_R01_EXIT_F,x_R05_EXIT_F,0.02262008970279323
6,40,x_R01_EXIT_F,x_R06_EXIT_C,0.00038692258702146306
6,41,x_R01_EXIT_F,x_R06_EXIT_D,0.0009226615536665658
6,42,x_R01_EXIT_F,x_R06_EXIT_E,0.0009226615536665658
6,43,x_R01_EXIT_F,x_R06_EXIT_G,0.0014584005203116686
6,44,x_R01_EXIT_F,x_R06_EXIT_H,0.001592335261972944
6,45,x_R01_EXIT_F,x_R06_EXIT_A,0.0014584005203116686
6,46,x_R01_EXIT_F,x_R06_EXIT_F,0.004985348717391926
6,47,x_R01_EXIT_F,x_R06_EXIT_B,0.001592335261972944
6,49,x_R01_EXIT_F,x_R07_EXIT_D,0.001666743451784764
6,50,x_R01_EXIT_F,x_R07_EXIT_E,0.001666743451784764
6,51,x_R01_EXIT_F,x_R07_EXIT_G,0.0023810620739782343
6,52,x_R01_EXIT_F,x_R07_EXIT_H,0.0025596417295266015
6,53,x_R01_EXIT_F,x_R07_EXIT_A,0.0023810620739782343
6,54,x_R01_EXIT_F,x_R07_EXIT_F,0.007083659670085248
6,55,x_R01_EXIT_F,x_R07_EXIT_B,0.0025596417295266015
6,56,x_R01_EXIT_F,x_R08_EXIT_C,0.0021826402344800487
6,59,x_R01_EXIT_F,x_R08_EXIT_G,0.00017857965554836757
6,61,x_R01_EXIT_F,x_R08_EXIT_A,0.001508005980186215
6,62,x_R01_EXIT_F,x_R08_EXIT_F,0.004524017940558646
6,64,x_R01_EXIT_F,x_R09_EXIT_C,0.0021826402344800487
6,67,x_R01_EXIT_F,x_R09_EXIT_G,0.00017857965554836757
6,69,x_R01_EXIT_F,x_R09_EXIT_A,0.001508005980186215
6,70,x_R01_EXIT_F,x_R09_EXIT_F,0.004524017940558646
6,72,x_R01_EXIT_F,x_R10_EXIT_C,0.0021826402344800487
6,75,x_R01_EXIT_F,x_R10_EXIT_G,0.00017857965554836757
6,77,x_R01_EXIT_F,x_R10_EXIT_A,0.001508005980186215
6,78,x_R01_EXIT_F,x_R10_EXIT_F,0.004524017940558646
6,80,x_R01_EXIT_F,x_R11_EXIT_C,0.0009524248295912936
6,81,x_R01_EXIT_F,x_R11_EXIT_D,0.0012302154048887542
6,82,x_R01_EXIT_F,x_R11_EXIT_E,0.0012302154048887542
6,83,x_R01_EXIT_F,x_R11_EXIT_G,0.0019445340270822246
6,84,x_R01_EXIT_F,x_R11_EXIT_H,0.002123113682630592
6,85,x_R01_EXIT_F,x_R11_EXIT_A,0.0019445340270822246
6,86,x_R01_EXIT_F,x_R11_EXIT_F,0.006647131623189238
6,87,x_R01_EXIT_F,x_R11_EXIT_B,0.002123113682630592
6,88,x_R01_EXIT_F,x_R12_EXIT_C,0.0009524248295912936
6,89,x_R01_EXIT_F,x_R12_EXIT_D,0.0012302154048887542
6,90,x_R01_EXIT_F,x_R12_EXIT_E,0.0012302154048887542
6,91,x_R01_EXIT_F,x_R12_EXIT_G,0.0019445340270822246
6,92,x_R01_EXIT_F,x_R12_EXIT_H,0.002123113682630592
6,93,x_R01_EXIT_F,x_R12_EXIT_A,0.0019445340270822246
6,94,x_R01_EXIT_F,x_R12_EXIT_F,0.006647131623189238
6,95,x_R01_EXIT_F,x_R12_EXIT_B,0.002123113682630592
6,96,x_R01_EXIT_F,x_R13_EXIT_C,0.0013889528764873032
6,97,x_R01_EXIT_F,x_R13_EXIT_D,0.0007936873579927448
6,98,x_R01_EXIT_F,x_R13_EXIT_E,0.0007936873579927448
6,99,x_R01_EXIT_F,x_R13_EXIT_G,0.001508005980186215
6,100,x_R01_EXIT_F,x_R13_EXIT_H,0.0016865856357345826
6,101,x_R01_EXIT_F,x_R13_EXIT_A,0.001508005980186215
6,102,x_R01_EXIT_F,x_R13_EXIT_F,0.006210603576293229
6,103,x_R01_EXIT_F,x_R13_EXIT_B,0.0016865856357345826
6,104,x_R01_EXIT_F,x_R14_EXIT_C,0.0018254809233833132
6,105,x_R01_EXIT_F,x_R14_EXIT_D,0.00035715931109673514
6,106,x_R01_EXIT_F,x_R14_EXIT_E,0.00035715931109673514
6,107,x_R01_EXIT_F,x_R14_EXIT_G,0.0010714779332902055
6,108,x_R01_EXIT_F,x_R14_EXIT_H,0.001250057588838573
6,109,x_R01_EXIT_F,x_R14_EXIT_A,0.0010714779332902055
6,110,x_R01_EXIT_F,x_R14_EXIT_F,0.005774075529397219
6,111,x_R01_EXIT_F,x_R14_EXIT_B,0.001250057588838573
6,112,x_R01_EXIT_F,x_R15_EXIT_C,0.0021826402344800487
6,115,x_R01_EXIT_F,x_R15_EXIT_G,0.00017857965554836757
6,117,x_R01_EXIT_F,x_R15_EXIT_A,0.001508005980186215
6,118,x_R01_EXIT_F,x_R15_EXIT_F,0.004524017940558646
6,120,x_R01_EXIT_F,x_R16_EXIT_C,0.0021826402344800487
6,123,x_R01_EXIT_F,x_R16_EXIT_G,0.00017857965554836757
6,125,x_R01_EXIT_F,x_R16_EXIT_A,0.001508005980186215
6,126,x_R01_EXIT_F,x_R16_EXIT_F,0.004524017940558646
6,128,x_R01_EXIT_F,x_R17_EXIT_C,0.0021826402344800487
6,131,x_R01_EXIT_F,x_R17_EXIT_G,0.00017857965554836757
6,133,x_R01_EXIT_F,x_R17_EXIT_A,0.001508005980186215
6,134,x_R01_EXIT_F,x_R17_EXIT_F,0.004524017940558646
6,136,x_R01_EXIT_F,x_R18_EXIT_C,0.0021826402344800487
6,139,x_R01_EXIT_F,x_R18_EXIT_G,0.00017857965554836757
6,141,x_R01_EXIT_F,x_R18_EXIT_A,0.001508005980186215
6,142,x_R01_EXIT_F,x_R18_EXIT_F,0.004524017940558646
6,144,x_R01_EXIT_F,x_R19_EXIT_C,0.001636980175860036
6,147,x_R01_EXIT_F,x_R19_EXIT_G,0.00013393474166127568
6,149,x_R01_EXIT_F,x_R19_EXIT_A,0.0011310044851396612
6,150,x_R01_EXIT_F,x_R19_EXIT_F,0.003393013455418983
6,152,x_R01_EXIT_F,x_R22_EXIT_C,0.011458861231020252
6,153,x_R01_EXIT_F,x_R22_EXIT_D,0.003770014950465537
6,154,x_R01_EXIT_F,x_R22_EXIT_E,0.003770014950465537
6,155,x_R01_EXIT_F,x_R22_EXIT_G,0.004216464089336456
6,156,x_R01_EXIT_F,x_R22_EXIT_H,0.003770014950465537
6,158,x_R01_EXIT_F,x_R22_EXIT_F,0.007540029900931076
6,159,x_R01_EXIT_F,x_R22_EXIT_B,0.003770014950465537
6,160,x_R01_EXIT_F,x_R23_EXIT_C,0.014832032502489418
6,161,x_R01_EXIT_F,x_R23_EXIT_D,0.0071431862219347025
6,163,x_R01_EXIT_F,x_R23_EXIT_G,0.0075896353608056214
6,165,x_R01_EXIT_F,x_R23_EXIT_A,0.003770014950465537
6,166,x_R01_EXIT_F,x_R23_EXIT_F,0.003770014950465538
6,168,x_R01_EXIT_F,x_R20_EXIT_C,0.002172719142505139
6,169,x_R01_EXIT_F,x_R20_EXIT_D,0.00013393474166127568
6,170,x_R01_EXIT_F,x_R20_EXIT_E,0.00013393474166127568
6,172,x_R01_EXIT_F,x_R20_EXIT_H,0.00013393474166127568
6,174,x_R01_EXIT_F,x_R20_EXIT_F,0.0004613307768332829
6,176,x_R01_EXIT_F,x_R21_EXIT_C,0.007242397141683796
6,177,x_R01_EXIT_F,x_R21_EXIT_D,0.0004464491388709189
6,178,x_R01_EXIT_F,x_R21_EXIT_E,0.0004464491388709189
6,180,x_R01_EXIT_F,x_R21_EXIT_H,0.0004464491388709189
6,182,x_R01_EXIT_F,x_R21_EXIT_F,0.0015377692561109428
6,184,x_R01_EXIT_F,x_R24_EXIT_C,0.007688846280554715
6,187,x_R01_EXIT_F,x_R24_EXIT_G,0.0004464491388709189
6,190,x_R01_EXIT_F,x_R24_EXIT_F,0.0015377692561109428
6,192,x_R01_EXIT_F,x_R25_EXIT_C,0.007688846280554715
6,195,x_R01_EXIT_F,x_R25_EXIT_G,0.0004464491388709189
6,198,x_R01_EXIT_F,x_R25_EXIT_F,0.0015377692561109428
6,200,x_R01_EXIT_F,x_R26_EXIT_C,0.006756263634913239
6,201,x_R01_EXIT_F,x_R26_EXIT_D,0.002142955866580411
6,202,x_R01_EXIT_F,x_R26_EXIT_E,0.002142955866580411
6,204,x_R01_EXIT_F,x_R26_EXIT_H,0.0008036084499676541
6,206,x_R01_EXIT_F,x_R26_EXIT_F,0.0014584005203116686
6,208,x_R01_EXIT_F,x_R27_EXIT_C,0.0016171379919102176
6,209,x_R01_EXIT_F,x_R27_EXIT_D,0.0008482533638547459
6,211,x_R01_EXIT_F,x_R27_EXIT_G,0.0008928982777418379
6,214,x_R01_EXIT_F,x_R27_EXIT_F,0.00024306675338527808
6,216,x_R01_EXIT_F,x_R28_EXIT_C,0.0014484794283367594
6,217,x_R01_EXIT_F,x_R28_EXIT_D,0.0007143186221934703
6,218,x_R01_EXIT_F,x_R28_EXIT_E,0.0007143186221934703
6,220,x_R01_EXIT_F,x_R28_EXIT_H,0.0007143186221934703
6,222,x_R01_EXIT_F,x_R28_EXIT_F,0.00030755385122218856
6,224,x_R01_EXIT_F,x_R29_EXIT_C,0.002896958856673519
6,225,x_R01_EXIT_F,x_R29_EXIT_D,0.0014286372443869406
6,226,x_R01_EXIT_F,x_R29_EXIT_E,0.0014286372443869406
6,228,x_R01_EXIT_F,x_R29_EXIT_H,0.0014286372443869406
6,230,x_R01_EXIT_F,x_R29_EXIT_F,0.0006151077024443771
6,232,x_R01_EXIT_F,x_R30_EXIT_C,0.004504175756608826
6,233,x_R01_EXIT_F,x_R30_EXIT_D,0.0014286372443869406
6,234,x_R01_EXIT_F,x_R30_EXIT_E,0.0014286372443869406
6,236,x_R01_EXIT_F,x_R30_EXIT_H,0.00035715931109673514
6,238,x_R01_EXIT_F,x_R30_EXIT_F,0.00025794839134764204
6,239,x_R01_EXIT_F,x_R30_EXIT_B,0.00035715931109673514
6,240,x_R01_EXIT_F,x_R31_EXIT_C,0.0007688846280554715
6,248,x_R01_EXIT_F,x_R32_EXIT_C,0.003075538512221886
6,251,x_R01_EXIT_F,x_R32_EXIT_G,0.00017857965554836757
6,254,x_R01_EXIT_F,x_R32_EXIT_F,0.0006151077024443771
6,256,x_R01_EXIT_F,x_R33_EXIT_C,0.003075538512221886
6,259,x_R01_EXIT_F,x_R33_EXIT_G,0.00017857965554836757
6,262,x_R01_EXIT_F,x_R33_EXIT_F,0.0006151077024443771
7,9,x_R01_EXIT_B,x_R02_EXIT_D,0.0021826402344800487
7,10,x_R01_EXIT_B,x_R02_EXIT_E,0.0021826402344800487
7,11,x_R01_EXIT_B,x_R02_EXIT_G,0.002896958856673519
7,12,x_R01_EXIT_B,x_R02_EXIT_H,0.005059756907203748
7,13,x_R01_EXIT_B,x_R02_EXIT_A,0.002896958856673519
7,14,x_R01_EXIT_B,x_R02_EXIT_F,0.003075538512221886
7,15,x_R01_EXIT_B,x_R02_EXIT_B,0.012540260256285367
7,16,x_R01_EXIT_B,x_R03_EXIT_C,0.0021826402344800487
7,19,x_R01_EXIT_B,x_R03_EXIT_G,0.00017857965554836757
7,20,x_R01_EXIT_B,x_R03_EXIT_H,0.0005555811505949213
7,23,x_R01_EXIT_B,x_R03_EXIT_B,0.008036084499676542
7,24,x_R01_EXIT_B,x_R04_EXIT_C,0.0021826402344800487
7,27,x_R01_EXIT_B,x_R04_EXIT_G,0.00017857965554836757
7,28,x_R01_EXIT_B,x_R04_EXIT_H,0.0005555811505949213
7,31,x_R01_EXIT_B,x_R04_EXIT_B,0.008036084499676542
7,32,x_R01_EXIT_B,x_R05_EXIT_C,0.01091320117240024
7,35,x_R01_EXIT_B,x_R05_EXIT_G,0.0008928982777418378
7,36,x_R01_EXIT_B,x_R05_EXIT_H,0.002777905752974606
7,39,x_R01_EXIT_B,x_R05_EXIT_B,0.0401804224983827
7,40,x_R01_EXIT_B,x_R06_EXIT_C,0.00038692258702146306
7,41,x_R01_EXIT_B,x_R06_EXIT_D,0.0009226615536665658
7,42,x_R01_EXIT_B,x_R06_EXIT_E,0.0009226615536665658
7,43,x_R01_EXIT_B,x_R06_EXIT_G,0.0014584005203116686
7,44,x_R01_EXIT_B,x_R06_EXIT_H,0.0030804990582093406
7,45,x_R01_EXIT_B,x_R06_EXIT_A,0.0014584005203116686
7,46,x_R01_EXIT_B,x_R06_EXIT_F,0.001592335261972944
7,47,x_R01_EXIT_B,x_R06_EXIT_B,0.008690876570020555
7,49,x_R01_EXIT_B,x_R07_EXIT_D,0.001666743451784764
7,50,x_R01_EXIT_B,x_R07_EXIT_E,0.001666743451784764
7,51,x_R01_EXIT_B,x_R07_EXIT_G,0.0023810620739782343
7,52,x_R01_EXIT_B,x_R07_EXIT_H,0.004543860124508464
7,53,x_R01_EXIT_B,x_R07_EXIT_A,0.0023810620739782343
7,54,x_R01_EXIT_B,x_R07_EXIT_F,0.0025596417295266015
7,55,x_R01_EXIT_B,x_R07_EXIT_B,0.012024363473590084
7,56,x_R01_EXIT_B,x_R08_EXIT_C,0.0021826402344800487
7,59,x_R01_EXIT_B,x_R08_EXIT_G,0.00017857965554836757
7,60,x_R01_EXIT_B,x_R08_EXIT_H,0.0005555811505949213
7,63,x_R01_EXIT_B,x_R08_EXIT_B,0.008036084499676542
7,64,x_R01_EXIT_B,x_R09_EXIT_C,0.0021826402344800487
7,67,x_R01_EXIT_B,x_R09_EXIT_G,0.00017857965554836757
7,68,x_R01_EXIT_B,x_R09_EXIT_H,0.0005555811505949213
7,71,x_R01_EXIT_B,x_R09_EXIT_B,0.008036084499676542
7,72,x_R01_EXIT_B,x_R10_EXIT_C,0.0021826402344800487
7,75,x_R01_EXIT_B,x_R10_EXIT_G,0.00017857965554836757
7,76,x_R01_EXIT_B,x_R10_EXIT_H,0.0005555811505949213
7,79,x_R01_EXIT_B,x_R10_EXIT_B,0.008036084499676542
7,80,x_R01_EXIT_B,x_R11_EXIT_C,0.0009524248295912936
7,81,x_R01_EXIT_B,x_R11_EXIT_D,0.0012302154048887542
7,82,x_R01_EXIT_B,x_R11_EXIT_E,0.0012302154048887542
7,83,x_R01_EXIT_B,x_R11_EXIT_G,0.0019445340270822246
7,84,x_R01_EXIT_B,x_R11_EXIT_H,0.004107332077612455
7,85,x_R01_EXIT_B,x_R11_EXIT_A,0.0019445340270822246
7,86,x_R01_EXIT_B,x_R11_EXIT_F,0.002123113682630592
7,87,x_R01_EXIT_B,x_R11_EXIT_B,0.011587835426694072
7,88,x_R01_EXIT_B,x_R12_EXIT_C,0.0009524248295912936
7,89,x_R01_EXIT_B,x_R12_EXIT_D,0.0012302154048887542
7,90,x_R01_EXIT_B,x_R12_EXIT_E,0.0012302154048887542
7,91,x_R01_EXIT_B,x_R12_EXIT_G,0.0019445340270822246
7,92,x_R01_EXIT_B,x_R12_EXIT_H,0.004107332077612455
7,93,x_R01_EXIT_B,x_R12_EXIT_A,0.0019445340270822246
7,94,x_R01_EXIT_B,x_R12_EXIT_F,0.002123113682630592
7,95,x_R01_EXIT_B,x_R12_EXIT_B,0.011587835426694072
7,96,x_R01_EXIT_B,x_R13_EXIT_C,0.0013889528764873032
7,97,x_R01_EXIT_B,x_R13_EXIT_D,0.0007936873579927448
7,98,x_R01_EXIT_B,x_R13_EXIT_E,0.0007936873579927448
7,99,x_R01_EXIT_B,x_R13_EXIT_G,0.001508005980186215
7,100,x_R01_EXIT_B,x_R13_EXIT_H,0.0036708040307164443
7,101,x_R01_EXIT_B,x_R13_EXIT_A,0.001508005980186215
7,102,x_R01_EXIT_B,x_R13_EXIT_F,0.0016865856357345826
7,103,x_R01_EXIT_B,x_R13_EXIT_B,0.011151307379798065
7,104,x_R01_EXIT_B,x_R14_EXIT_C,0.0018254809233833132
7,105,x_R01_EXIT_B,x_R14_EXIT_D,0.00035715931109673514
7,106,x_R01_EXIT_B,x_R14_EXIT_E,0.00035715931109673514
7,107,x_R01_EXIT_B,x_R14_EXIT_G,0.0010714779332902055
7,108,x_R01_EXIT_B,x_R14_EXIT_H,0.0032342759838204344
7,109,x_R01_EXIT_B,x_R14_EXIT_A,0.0010714779332902055
7,110,x_R01_EXIT_B,x_R14_EXIT_F,0.001250057588838573
7,111,x_R01_EXIT_B,x_R14_EXIT_B,0.010714779332902054
7,112,x_R01_EXIT_B,x_R15_EXIT_C,0.0021826402344800487
7,115,x_R01_EXIT_B,x_R15_EXIT_G,0.00017857965554836757
7,116,x_R01_EXIT_B,x_R15_EXIT_H,0.0005555811505949213
7,119,x_R01_EXIT_B,x_R15_EXIT_B,0.008036084499676542
7,120,x_R01_EXIT_B,x_R16_EXIT_C,0.0021826402344800487
7,123,x_R01_EXIT_B,x_R16_EXIT_G,0.00017857965554836757
7,124,x_R01_EXIT_B,x_R16_EXIT_H,0.0005555811505949213
7,127,x_R01_EXIT_B,x_R16_EXIT_B,0.008036084499676542
7,128,x_R01_EXIT_B,x_R17_EXIT_C,0.0021826402344800487
7,131,x_R01_EXIT_B,x_R17_EXIT_G,0.00017857965554836757
7,132,x_R01_EXIT_B,x_R17_EXIT_H,0.0005555811505949213
7,135,x_R01_EXIT_B,x_R17_EXIT_B,0.008036084499676542
7,136,x_R01_EXIT_B,x_R18_EXIT_C,0.0021826402344800487
7,139,x_R01_EXIT_B,x_R18_EXIT_G,0.00017857965554836757
7,140,x_R01_EXIT_B,x_R18_EXIT_H,0.0005555811505949213
7,143,x_R01_EXIT_B,x_R18_EXIT_B,0.008036084499676542
7,144,x_R01_EXIT_B,x_R19_EXIT_C,0.001636980175860036
7,147,x_R01_EXIT_B,x_R19_EXIT_G,0.00013393474166127568
7,148,x_R01_EXIT_B,x_R19_EXIT_H,0.00041668586294619093
7,151,x_R01_EXIT_B,x_R19_EXIT_B,0.006027063374757405
7,152,x_R01_EXIT_B,x_R22_EXIT_C,0.007688846280554715
7,154,x_R01_EXIT_B,x_R22_EXIT_E,0.0035715931109673513
7,155,x_R01_EXIT_B,x_R22_EXIT_G,0.0004464491388709189
7,156,x_R01_EXIT_B,x_R22_EXIT_H,0.004960545987454655
7,159,x_R01_EXIT_B,x_R22_EXIT_B,0.011334847581333886
7,160,x_R01_EXIT_B,x_R23_EXIT_C,0.007688846280554715
7,162,x_R01_EXIT_B,x_R23_EXIT_E,0.0007936873579927447
7,163,x_R01_EXIT_B,x_R23_EXIT_G,0.0004464491388709189
7,164,x_R01_EXIT_B,x_R23_EXIT_H,0.0005952655184945585
7,167,x_R01_EXIT_B,x_R23_EXIT_B,0.011334847581333886
7,168,x_R01_EXIT_B,x_R20_EXIT_C,0.002172719142505139
7,169,x_R01_EXIT_B,x_R20_EXIT_D,0.00013393474166127568
7,170,x_R01_EXIT_B,x_R20_EXIT_E,0.001205412674951481
7,172,x_R01_EXIT_B,x_R20_EXIT_H,0.0016220985378976721
7,175,x_R01_EXIT_B,x_R20_EXIT_B,0.0034004542744001656
7,176,x_R01_EXIT_B,x_R21_EXIT_C,0.007242397141683796
7,177,x_R01_EXIT_B,x_R21_EXIT_D,0.0004464491388709189
7,178,x_R01_EXIT_B,x_R21_EXIT_E,0.00401804224983827
7,180,x_R01_EXIT_B,x_R21_EXIT_H,0.005406995126325574
7,183,x_R01_EXIT_B,x_R21_EXIT_B,0.011334847581333886
7,184,x_R01_EXIT_B,x_R24_EXIT_C,0.01633259766369445
7,185,x_R01_EXIT_B,x_R24_EXIT_D,0.008643751383139733
7,186,x_R01_EXIT_B,x_R24_EXIT_E,0.005072158272172384
7,187,x_R01_EXIT_B,x_R24_EXIT_G,0.009090200522010655
7,188,x_R01_EXIT_B,x_R24_EXIT_H,0.0036832053956850808
7,189,x_R01_EXIT_B,x_R24_EXIT_A,0.003683205395685081
7,190,x_R01_EXIT_B,x_R24_EXIT_F,0.003683205395685081
7,191,x_R01_EXIT_B,x_R24_EXIT_B,0.015018052977018966
7,192,x_R01_EXIT_B,x_R25_EXIT_C,0.012649392268009369
7,193,x_R01_EXIT_B,x_R25_EXIT_D,0.004960545987454655
7,194,x_R01_EXIT_B,x_R25_EXIT_E,0.001388952876487303
7,195,x_R01_EXIT_B,x_R25_EXIT_G,0.005406995126325574
7,199,x_R01_EXIT_B,x_R25_EXIT_B,0.00039684367899637233
7,200,x_R01_EXIT_B,x_R26_EXIT_C,0.0046133077683328284
7,202,x_R01_EXIT_B,x_R26_EXIT_E,0.002142955866580411
7,204,x_R01_EXIT_B,x_R26_EXIT_H,0.0003571593110967351
7,207,x_R01_EXIT_B,x_R26_EXIT_B,0.006800908548800331
7,208,x_R01_EXIT_B,x_R27_EXIT_C,0.0007688846280554715
7,215,x_R01_EXIT_B,x_R27_EXIT_B,0.0011334847581333887
7,216,x_R01_EXIT_B,x_R28_EXIT_C,0.0014484794283367594
7,218,x_R01_EXIT_B,x_R28_EXIT_E,0.0007143186221934703
7,220,x_R01_EXIT_B,x_R28_EXIT_H,0.0009921091974909309
7,223,x_R01_EXIT_B,x_R28_EXIT_B,0.0022669695162667773
7,224,x_R01_EXIT_B,x_R29_EXIT_C,0.002896958856673519
7,226,x_R01_EXIT_B,x_R29_EXIT_E,0.0014286372443869406
7,228,x_R01_EXIT_B,x_R29_EXIT_H,0.0019842183949818617
7,231,x_R01_EXIT_B,x_R29_EXIT_B,0.004533939032533555
7,232,x_R01_EXIT_B,x_R30_EXIT_C,0.003075538512221886
7,234,x_R01_EXIT_B,x_R30_EXIT_E,0.0014286372443869406
7,239,x_R01_EXIT_B,x_R30_EXIT_B,0.004533939032533555
7,240,x_R01_EXIT_B,x_R31_EXIT_C,0.001205412674951481
7,241,x_R01_EXIT_B,x_R31_EXIT_D,0.00043652804689600964
7,247,x_R01_EXIT_B,x_R31_EXIT_B,0.0011334847581333887
7,248,x_R01_EXIT_B,x_R32_EXIT_C,0.0062949328580799565
7,249,x_R01_EXIT_B,x_R32_EXIT_D,0.003219394345858071
7,250,x_R01_EXIT_B,x_R32_EXIT_E,0.0017907571014711304
7,251,x_R01_EXIT_B,x_R32_EXIT_G,0.0033979740014064386
7,252,x_R01_EXIT_B,x_R32_EXIT_H,0.0014732821582740324
7,253,x_R01_EXIT_B,x_R32_EXIT_A,0.0014732821582740324
7,254,x_R01_EXIT_B,x_R32_EXIT_F,0.0014732821582740324
7,255,x_R01_EXIT_B,x_R32_EXIT_B,0.003060656874259522
7,256,x_R01_EXIT_B,x_R33_EXIT_C,0.004821650699805924
7,257,x_R01_EXIT_B,x_R33_EXIT_D,0.0017461121875840385
7,258,x_R01_EXIT_B,x_R33_EXIT_E,0.0003174749431970979
7,259,x_R01_EXIT_B,x_R33_EXIT_G,0.001924691843132406
7,263,x_R01_EXIT_B,x_R33_EXIT_B,0.00015873747159854894
8,9,x_R02_EXIT_C,x_R02_EXIT_D,1.8389458989296212
8,10,x_R02_EXIT_C,x_R02_EXIT_E,1.8389458989296212
8,11,x_R02_EXIT_C,x_R02_EXIT_G,1.8389458989296212
8,12,x_R02_EXIT_C,x_R02_EXIT_H,1.8389458989296212
8,13,x_R02_EXIT_C,x_R02_EXIT_A,1.8389458989296212
8,14,x_R02_EXIT_C,x_R02_EXIT_F,1.8389458989296212
8,15,x_R02_EXIT_C,x_R02_EXIT_B,1.8389458989296212
8,32,x_R02_EXIT_C,x_R05_EXIT_C,0.00017637496844283214
8,48,x_R02_EXIT_C,x_R07_EXIT_C,0.0003527499368856644
9,10,x_R02_EXIT_D,x_R02_EXIT_E,1.8397484050360362
9,11,x_R02_EXIT_D,x_R02_EXIT_G,1.839430930092839
9,12,x_R02_EXIT_D,x_R02_EXIT_H,1.839430930092839
9,13,x_R02_EXIT_D,x_R02_EXIT_A,1.839430930092839
9,14,x_R02_EXIT_D,x_R02_EXIT_F,1.839430930092839
9,15,x_R02_EXIT_D,x_R02_EXIT_B,1.839430930092839
9,16,x_R02_EXIT_D,x_R03_EXIT_C,0.0008025061064148864
9,17,x_R02_EXIT_D,x_R03_EXIT_D,0.000202831213709257
9,24,x_R02_EXIT_D,x_R04_EXIT_C,0.0008025061064148864
9,25,x_R02_EXIT_D,x_R04_EXIT_D,0.000202831213709257
9,32,x_R02_EXIT_D,x_R05_EXIT_C,0.00438732734001545
9,34,x_R02_EXIT_D,x_R05_EXIT_E,0.0003747968079410184
9,35,x_R02_EXIT_D,x_R05_EXIT_G,0.0003747968079410184
9,36,x_R02_EXIT_D,x_R05_EXIT_H,0.0003747968079410184
9,37,x_R02_EXIT_D,x_R05_EXIT_A,0.0003747968079410184
9,38,x_R02_EXIT_D,x_R05_EXIT_F,0.0003747968079410184
9,39,x_R02_EXIT_D,x_R05_EXIT_B,0.0003747968079410184
9,41,x_R02_EXIT_D,x_R06_EXIT_D,0.0005952655184945584
9,42,x_R02_EXIT_D,x_R06_EXIT_E,0.0004431421082126158
9,43,x_R02_EXIT_D,x_R06_EXIT_G,0.00020503590081479237
9,44,x_R02_EXIT_D,x_R06_EXIT_H,0.00020503590081479237
9,45,x_R02_EXIT_D,x_R06_EXIT_A,0.00020503590081479237
9,46,x_R02_EXIT_D,x_R06_EXIT_F,0.00020503590081479237
9,47,x_R02_EXIT_D,x_R06_EXIT_B,0.00020503590081479237
9,48,x_R02_EXIT_D,x_R07_EXIT_C,0.00031747494319709794
9,49,x_R02_EXIT_D,x_R07_EXIT_D,0.0008906935906363025
9,50,x_R02_EXIT_D,x_R07_EXIT_E,0.0006878623769270454
9,51,x_R02_EXIT_D,x_R07_EXIT_G,0.0003703874337299476
9,52,x_R02_EXIT_D,x_R07_EXIT_H,0.0003703874337299476
9,53,x_R02_EXIT_D,x_R07_EXIT_A,0.0003703874337299476
9,54,x_R02_EXIT_D,x_R07_EXIT_F,0.0003703874337299476
9,55,x_R02_EXIT_D,x_R07_EXIT_B,0.0003703874337299476
9,56,x_R02_EXIT_D,x_R08_EXIT_C,0.0008025061064148864
9,57,x_R02_EXIT_D,x_R08_EXIT_D,0.000202831213709257
9,64,x_R02_EXIT_D,x_R09_EXIT_C,0.0008025061064148864
9,65,x_R02_EXIT_D,x_R09_EXIT_D,0.000202831213709257
9,72,x_R02_EXIT_D,x_R10_EXIT_C,0.0008025061064148864
9,73,x_R02_EXIT_D,x_R10_EXIT_D,0.000202831213709257
9,80,x_R02_EXIT_D,x_R11_EXIT_C,0.0002116499621313986
9,81,x_R02_EXIT_D,x_R11_EXIT_D,0.0007936873579927448
9,82,x_R02_EXIT_D,x_R11_EXIT_E,0.0005908561442834878
9,83,x_R02_EXIT_D,x_R11_EXIT_G,0.00027338120108638984
9,84,x_R02_EXIT_D,x_R11_EXIT_H,0.00027338120108638984
9,85,x_R02_EXIT_D,x_R11_EXIT_A,0.00027338120108638984
9,86,x_R02_EXIT_D,x_R11_EXIT_F,0.00027338120108638984
9,87,x_R02_EXIT_D,x_R11_EXIT_B,0.00027338120108638984
9,88,x_R02_EXIT_D,x_R12_EXIT_C,0.0002116499621313986
9,89,x_R02_EXIT_D,x_R12_EXIT_D,0.0007936873579927448
9,90,x_R02_EXIT_D,x_R12_EXIT_E,0.0005908561442834878
9,91,x_R02_EXIT_D,x_R12_EXIT_G,0.00027338120108638984
9,92,x_R02_EXIT_D,x_R12_EXIT_H,0.00027338120108638984
9,93,x_R02_EXIT_D,x_R12_EXIT_A,0.00027338120108638984
9,94,x_R02_EXIT_D,x_R12_EXIT_F,0.00027338120108638984
9,95,x_R02_EXIT_D,x_R12_EXIT_B,0.00027338120108638984
9,96,x_R02_EXIT_D,x_R13_EXIT_C,0.0003086561947749563
9,97,x_R02_EXIT_D,x_R13_EXIT_D,0.0006966811253491871
9,98,x_R02_EXIT_D,x_R13_EXIT_E,0.0004938499116399301
9,99,x_R02_EXIT_D,x_R13_EXIT_G,0.00017637496844283217
9,100,x_R02_EXIT_D,x_R13_EXIT_H,0.00017637496844283217
9,101,x_R02_EXIT_D,x_R13_EXIT_A,0.00017637496844283217
9,102,x_R02_EXIT_D,x_R13_EXIT_F,0.00017637496844283217
9,103,x_R02_EXIT_D,x_R13_EXIT_B,0.00017637496844283217
9,104,x_R02_EXIT_D,x_R14_EXIT_C,0.000405662427418514
9,105,x_R02_EXIT_D,x_R14_EXIT_D,0.0005996748927056295
9,106,x_R02_EXIT_D,x_R14_EXIT_E,0.0003968436789963724
9,112,x_R02_EXIT_D,x_R15_EXIT_C,0.0008025061064148864
9,113,x_R02_EXIT_D,x_R15_EXIT_D,0.000202831213709257
9,120,x_R02_EXIT_D,x_R16_EXIT_C,0.0008025061064148864
9,121,x_R02_EXIT_D,x_R16_EXIT_D,0.000202831213709257
9,128,x_R02_EXIT_D,x_R17_EXIT_C,0.0008025061064148864
9,129,x_R02_EXIT_D,x_R17_EXIT_D,0.000202831213709257
9,136,x_R02_EXIT_D,x_R18_EXIT_C,0.0008025061064148864
9,137,x_R02_EXIT_D,x_R18_EXIT_D,0.000202831213709257
9,144,x_R02_EXIT_D,x_R19_EXIT_C,0.0006018795798111647
9,145,x_R02_EXIT_D,x_R19_EXIT_D,0.00015212341028194274
9,152,x_R02_EXIT_D,x_R22_EXIT_C,0.001212577908044471
9,153,x_R02_EXIT_D,x_R22_EXIT_D,0.0005070780342731424
9,160,x_R02_EXIT_D,x_R23_EXIT_C,0.001212577908044471
9,161,x_R02_EXIT_D,x_R23_EXIT_D,0.0005070780342731424
9,168,x_R02_EXIT_D,x_R20_EXIT_C,0.00036377337241334134
9,169,x_R02_EXIT_D,x_R20_EXIT_D,0.00015212341028194274
9,176,x_R02_EXIT_D,x_R21_EXIT_C,0.001212577908044471
9,177,x_R02_EXIT_D,x_R21_EXIT_D,0.0005070780342731424
9,184,x_R02_EXIT_D,x_R24_EXIT_C,0.001212577908044471
9,185,x_R02_EXIT_D,x_R24_EXIT_D,0.0005070780342731424
9,192,x_R02_EXIT_D,x_R25_EXIT_C,0.001212577908044471
9,193,x_R02_EXIT_D,x_R25_EXIT_D,0.0005070780342731424
9,200,x_R02_EXIT_D,x_R26_EXIT_C,0.0007275467448266827
9,201,x_R02_EXIT_D,x_R26_EXIT_D,0.0003042468205638855
9,208,x_R02_EXIT_D,x_R27_EXIT_C,0.00012125779080444712
9,216,x_R02_EXIT_D,x_R28_EXIT_C,0.00024251558160889424
9,217,x_R02_EXIT_D,x_R28_EXIT_D,0.0001014156068546285
9,224,x_R02_EXIT_D,x_R29_EXIT_C,0.0004850311632177885
9,225,x_R02_EXIT_D,x_R29_EXIT_D,0.000202831213709257
9,232,x_R02_EXIT_D,x_R30_EXIT_C,0.0004850311632177885
9,233,x_R02_EXIT_D,x_R30_EXIT_D,0.000202831213709257
9,240,x_R02_EXIT_D,x_R31_EXIT_C,0.00012125779080444712
9,248,x_R02_EXIT_D,x_R32_EXIT_C,0.0004850311632177885
9,249,x_R02_EXIT_D,x_R32_EXIT_D,0.000202831213709257
9,256,x_R02_EXIT_D,x_R33_EXIT_C,0.0004850311632177885
9,257,x_R02_EXIT_D,x_R33_EXIT_D,0.000202831213709257
10,11,x_R02_EXIT_E,x_R02_EXIT_G,1.839430930092839
10,12,x_R02_EXIT_E,x_R02_EXIT_H,1.839430930092839
10,13,x_R02_EXIT_E,x_R02_EXIT_A,1.839430930092839
10,14,x_R02_EXIT_E,x_R02_EXIT_F,1.839430930092839
10,15,x_R02_EXIT_E,x_R02_EXIT_B,1.839430930092839
10,16,x_R02_EXIT_E,x_R03_EXIT_C,0.0013845435022762323
10,17,x_R02_EXIT_E,x_R03_EXIT_D,0.0005820373958613462
10,19,x_R02_EXIT_E,x_R03_EXIT_G,0.0005820373958613462
10,20,x_R02_EXIT_E,x_R03_EXIT_H,0.00026456245266424824
10,21,x_R02_EXIT_E,x_R03_EXIT_A,0.0005820373958613462
10,22,x_R02_EXIT_E,x_R03_EXIT_F,0.0005820373958613462
10,23,x_R02_EXIT_E,x_R03_EXIT_B,0.00026456245266424824
10,24,x_R02_EXIT_E,x_R04_EXIT_C,0.0013845435022762323
10,25,x_R02_EXIT_E,x_R04_EXIT_D,0.0005820373958613462
10,27,x_R02_EXIT_E,x_R04_EXIT_G,0.0005820373958613462
10,28,x_R02_EXIT_E,x_R04_EXIT_H,0.00026456245266424824
10,29,x_R02_EXIT_E,x_R04_EXIT_A,0.0005820373958613462
10,30,x_R02_EXIT_E,x_R04_EXIT_F,0.0005820373958613462
10,31,x_R02_EXIT_E,x_R04_EXIT_B,0.00026456245266424824
10,32,x_R02_EXIT_E,x_R05_EXIT_C,0.004012530532074432
10,34,x_R02_EXIT_E,x_R05_EXIT_E,0.0030865619477495627
10,36,x_R02_EXIT_E,x_R05_EXIT_H,0.0015873747159854895
10,39,x_R02_EXIT_E,x_R05_EXIT_B,0.0015873747159854895
10,41,x_R02_EXIT_E,x_R06_EXIT_D,0.0004431421082126158
10,42,x_R02_EXIT_E,x_R06_EXIT_E,0.0009061264003750502
10,43,x_R02_EXIT_E,x_R06_EXIT_G,0.00020503590081479237
10,44,x_R02_EXIT_E,x_R06_EXIT_H,0.00020503590081479237
10,45,x_R02_EXIT_E,x_R06_EXIT_A,0.00020503590081479237
10,46,x_R02_EXIT_E,x_R06_EXIT_F,0.00020503590081479237
10,47,x_R02_EXIT_E,x_R06_EXIT_B,0.00020503590081479237
10,48,x_R02_EXIT_E,x_R07_EXIT_C,0.00031747494319709794
10,49,x_R02_EXIT_E,x_R07_EXIT_D,0.0006878623769270454
10,50,x_R02_EXIT_E,x_R07_EXIT_E,0.0013051747664769577
10,51,x_R02_EXIT_E,x_R07_EXIT_G,0.0003703874337299476
10,52,x_R02_EXIT_E,x_R07_EXIT_H,0.0003703874337299476
10,53,x_R02_EXIT_E,x_R07_EXIT_A,0.0003703874337299476
10,54,x_R02_EXIT_E,x_R07_EXIT_F,0.0003703874337299476
10,55,x_R02_EXIT_E,x_R07_EXIT_B,0.0003703874337299476
10,56,x_R02_EXIT_E,x_R08_EXIT_C,0.0013139935148990993
10,57,x_R02_EXIT_E,x_R08_EXIT_D,0.0005114874084842134
10,58,x_R02_EXIT_E,x_R08_EXIT_E,0.0001058249810656993
10,59,x_R02_EXIT_E,x_R08_EXIT_G,0.0005114874084842134
10,60,x_R02_EXIT_E,x_R08_EXIT_H,0.00019401246528711534
10,61,x_R02_EXIT_E,x_R08_EXIT_A,0.0005114874084842134
10,62,x_R02_EXIT_E,x_R08_EXIT_F,0.0005114874084842134
10,63,x_R02_EXIT_E,x_R08_EXIT_B,0.00019401246528711534
10,64,x_R02_EXIT_E,x_R09_EXIT_C,0.0013139935148990993
10,65,x_R02_EXIT_E,x_R09_EXIT_D,0.0005114874084842134
10,67,x_R02_EXIT_E,x_R09_EXIT_G,0.0005114874084842134
10,68,x_R02_EXIT_E,x_R09_EXIT_H,0.00019401246528711534
10,69,x_R02_EXIT_E,x_R09_EXIT_A,0.0005114874084842134
10,70,x_R02_EXIT_E,x_R09_EXIT_F,0.0005114874084842134
10,71,x_R02_EXIT_E,x_R09_EXIT_B,0.00019401246528711534
10,72,x_R02_EXIT_E,x_R10_EXIT_C,0.00126108102436625
10,73,x_R02_EXIT_E,x_R10_EXIT_D,0.0004585749179513637
10,75,x_R02_EXIT_E,x_R10_EXIT_G,0.0004585749179513637
10,76,x_R02_EXIT_E,x_R10_EXIT_H,0.00014109997475426572
10,77,x_R02_EXIT_E,x_R10_EXIT_A,0.0004585749179513637
10,78,x_R02_EXIT_E,x_R10_EXIT_F,0.0004585749179513637
10,79,x_R02_EXIT_E,x_R10_EXIT_B,0.00014109997475426572
10,80,x_R02_EXIT_E,x_R11_EXIT_C,0.0002116499621313986
10,81,x_R02_EXIT_E,x_R11_EXIT_D,0.0005908561442834878
10,82,x_R02_EXIT_E,x_R11_EXIT_E,0.0012081685338334004
10,83,x_R02_EXIT_E,x_R11_EXIT_G,0.00027338120108638984
10,84,x_R02_EXIT_E,x_R11_EXIT_H,0.00027338120108638984
10,85,x_R02_EXIT_E,x_R11_EXIT_A,0.00027338120108638984
10,86,x_R02_EXIT_E,x_R11_EXIT_F,0.00027338120108638984
10,87,x_R02_EXIT_E,x_R11_EXIT_B,0.00027338120108638984
10,88,x_R02_EXIT_E,x_R12_EXIT_C,0.0002116499621313986
10,89,x_R02_EXIT_E,x_R12_EXIT_D,0.0005908561442834878
10,90,x_R02_EXIT_E,x_R12_EXIT_E,0.0012081685338334004
10,91,x_R02_EXIT_E,x_R12_EXIT_G,0.00027338120108638984
10,92,x_R02_EXIT_E,x_R12_EXIT_H,0.00027338120108638984
10,93,x_R02_EXIT_E,x_R12_EXIT_A,0.00027338120108638984
10,94,x_R02_EXIT_E,x_R12_EXIT_F,0.00027338120108638984
10,95,x_R02_EXIT_E,x_R12_EXIT_B,0.00027338120108638984
10,96,x_R02_EXIT_E,x_R13_EXIT_C,0.0003086561947749563
10,97,x_R02_EXIT_E,x_R13_EXIT_D,0.0004938499116399301
10,98,x_R02_EXIT_E,x_R13_EXIT_E,0.0011111623011898428
10,99,x_R02_EXIT_E,x_R13_EXIT_G,0.00017637496844283217
10,100,x_R02_EXIT_E,x_R13_EXIT_H,0.00017637496844283217
10,101,x_R02_EXIT_E,x_R13_EXIT_A,0.00017637496844283217
10,102,x_R02_EXIT_E,x_R13_EXIT_F,0.00017637496844283217
10,103,x_R02_EXIT_E,x_R13_EXIT_B,0.00017637496844283217
10,104,x_R02_EXIT_E,x_R14_EXIT_C,0.000405662427418514
10,105,x_R02_EXIT_E,x_R14_EXIT_D,0.0003968436789963724
10,106,x_R02_EXIT_E,x_R14_EXIT_E,0.001014156068546285
10,112,x_R02_EXIT_E,x_R15_EXIT_C,0.0011552560433005508
10,113,x_R02_EXIT_E,x_R15_EXIT_D,0.0003527499368856644
10,114,x_R02_EXIT_E,x_R15_EXIT_E,0.00026456245266424824
10,115,x_R02_EXIT_E,x_R15_EXIT_G,0.0003527499368856644
10,117,x_R02_EXIT_E,x_R15_EXIT_A,0.0003527499368856644
10,118,x_R02_EXIT_E,x_R15_EXIT_F,0.0003527499368856644
10,120,x_R02_EXIT_E,x_R16_EXIT_C,0.0012081685338334004
10,121,x_R02_EXIT_E,x_R16_EXIT_D,0.00040566242741851404
10,122,x_R02_EXIT_E,x_R16_EXIT_E,0.0002116499621313986
10,123,x_R02_EXIT_E,x_R16_EXIT_G,0.00040566242741851404
10,125,x_R02_EXIT_E,x_R16_EXIT_A,0.00040566242741851404
10,126,x_R02_EXIT_E,x_R16_EXIT_F,0.00040566242741851404
10,128,x_R02_EXIT_E,x_R17_EXIT_C,0.00126108102436625
10,129,x_R02_EXIT_E,x_R17_EXIT_D,0.0004585749179513637
10,130,x_R02_EXIT_E,x_R17_EXIT_E,0.00015873747159854894
10,131,x_R02_EXIT_E,x_R17_EXIT_G,0.0004585749179513637
10,132,x_R02_EXIT_E,x_R17_EXIT_H,0.00014109997475426572
10,133,x_R02_EXIT_E,x_R17_EXIT_A,0.0004585749179513637
10,134,x_R02_EXIT_E,x_R17_EXIT_F,0.0004585749179513637
10,135,x_R02_EXIT_E,x_R17_EXIT_B,0.00014109997475426572
10,136,x_R02_EXIT_E,x_R18_EXIT_C,0.00126108102436625
10,137,x_R02_EXIT_E,x_R18_EXIT_D,0.0004585749179513637
10,138,x_R02_EXIT_E,x_R18_EXIT_E,0.00015873747159854894
10,139,x_R02_EXIT_E,x_R18_EXIT_G,0.0004585749179513637
10,140,x_R02_EXIT_E,x_R18_EXIT_H,0.00014109997475426572
10,141,x_R02_EXIT_E,x_R18_EXIT_A,0.0004585749179513637
10,142,x_R02_EXIT_E,x_R18_EXIT_F,0.0004585749179513637
10,143,x_R02_EXIT_E,x_R18_EXIT_B,0.00014109997475426572
10,144,x_R02_EXIT_E,x_R19_EXIT_C,0.0009458107682746874
10,145,x_R02_EXIT_E,x_R19_EXIT_D,0.00034393118846352263
10,146,x_R02_EXIT_E,x_R19_EXIT_E,0.00011905310369891171
10,147,x_R02_EXIT_E,x_R19_EXIT_G,0.00034393118846352263
10,148,x_R02_EXIT_E,x_R19_EXIT_H,0.0001058249810656993
10,149,x_R02_EXIT_E,x_R19_EXIT_A,0.00034393118846352263
10,150,x_R02_EXIT_E,x_R19_EXIT_F,0.00034393118846352263
10,151,x_R02_EXIT_E,x_R19_EXIT_B,0.0001058249810656993
10,152,x_R02_EXIT_E,x_R22_EXIT_C,0.001212577908044471
10,154,x_R02_EXIT_E,x_R22_EXIT_E,0.0007495936158820367
10,160,x_R02_EXIT_E,x_R23_EXIT_C,0.001212577908044471
10,162,x_R02_EXIT_E,x_R23_EXIT_E,0.0007495936158820367
10,168,x_R02_EXIT_E,x_R20_EXIT_C,0.00036377337241334134
10,170,x_R02_EXIT_E,x_R20_EXIT_E,0.00022487808476461102
10,176,x_R02_EXIT_E,x_R21_EXIT_C,0.001212577908044471
10,178,x_R02_EXIT_E,x_R21_EXIT_E,0.0007495936158820367
10,184,x_R02_EXIT_E,x_R24_EXIT_C,0.001212577908044471
10,186,x_R02_EXIT_E,x_R24_EXIT_E,0.0007495936158820367
10,192,x_R02_EXIT_E,x_R25_EXIT_C,0.001212577908044471
10,194,x_R02_EXIT_E,x_R25_EXIT_E,0.0007495936158820367
10,200,x_R02_EXIT_E,x_R26_EXIT_C,0.0007275467448266827
10,202,x_R02_EXIT_E,x_R26_EXIT_E,0.00044975616952922204
10,208,x_R02_EXIT_E,x_R27_EXIT_C,0.00012125779080444712
10,216,x_R02_EXIT_E,x_R28_EXIT_C,0.00024251558160889424
10,218,x_R02_EXIT_E,x_R28_EXIT_E,0.00014991872317640732
10,224,x_R02_EXIT_E,x_R29_EXIT_C,0.0004850311632177885
10,226,x_R02_EXIT_E,x_R29_EXIT_E,0.00029983744635281464
10,232,x_R02_EXIT_E,x_R30_EXIT_C,0.0004850311632177885
10,234,x_R02_EXIT_E,x_R30_EXIT_E,0.00029983744635281464
10,240,x_R02_EXIT_E,x_R31_EXIT_C,0.00012125779080444712
10,248,x_R02_EXIT_E,x_R32_EXIT_C,0.0004850311632177885
10,250,x_R02_EXIT_E,x_R32_EXIT_E,0.00029983744635281464
10,256,x_R02_EXIT_E,x_R33_EXIT_C,0.0004850311632177885
10,258,x_R02_EXIT_E,x_R33_EXIT_E,0.00029983744635281464
11,12,x_R02_EXIT_G,x_R02_EXIT_H,1.8395896675644376
11,13,x_R02_EXIT_G,x_R02_EXIT_A,1.8399468268755343
11,14,x_R02_EXIT_G,x_R02_EXIT_F,1.8395896675644376
11,15,x_R02_EXIT_G,x_R02_EXIT_B,1.8395896675644376
11,16,x_R02_EXIT_G,x_R03_EXIT_C,0.0004850311632177885
11,19,x_R02_EXIT_G,x_R03_EXIT_G,0.0004938499116399301
11,24,x_R02_EXIT_G,x_R04_EXIT_C,0.0004850311632177885
11,27,x_R02_EXIT_G,x_R04_EXIT_G,0.0004938499116399301
11,32,x_R02_EXIT_G,x_R05_EXIT_C,0.002425155816088942
11,35,x_R02_EXIT_G,x_R05_EXIT_G,0.0024692495581996503
11,41,x_R02_EXIT_G,x_R06_EXIT_D,0.00020503590081479237
11,42,x_R02_EXIT_G,x_R06_EXIT_E,0.00020503590081479237
11,43,x_R02_EXIT_G,x_R06_EXIT_G,0.0006944764382436515
11,44,x_R02_EXIT_G,x_R06_EXIT_H,0.0003240890045137041
11,45,x_R02_EXIT_G,x_R06_EXIT_A,0.0005919584878362554
11,46,x_R02_EXIT_G,x_R06_EXIT_F,0.0003240890045137041
11,47,x_R02_EXIT_G,x_R06_EXIT_B,0.0003240890045137041
11,48,x_R02_EXIT_G,x_R07_EXIT_C,0.00031747494319709794
11,49,x_R02_EXIT_G,x_R07_EXIT_D,0.0003703874337299476
11,50,x_R02_EXIT_G,x_R07_EXIT_E,0.0003703874337299476
11,51,x_R02_EXIT_G,x_R07_EXIT_G,0.0010229748169684266
11,52,x_R02_EXIT_G,x_R07_EXIT_H,0.0005291249053284966
11,53,x_R02_EXIT_G,x_R07_EXIT_A,0.0008862842164252316
11,54,x_R02_EXIT_G,x_R07_EXIT_F,0.0005291249053284966
11,55,x_R02_EXIT_G,x_R07_EXIT_B,0.0005291249053284966
11,56,x_R02_EXIT_G,x_R08_EXIT_C,0.0004850311632177885
11,59,x_R02_EXIT_G,x_R08_EXIT_G,0.0004938499116399301
11,64,x_R02_EXIT_G,x_R09_EXIT_C,0.0004850311632177885
11,67,x_R02_EXIT_G,x_R09_EXIT_G,0.0004938499116399301
11,72,x_R02_EXIT_G,x_R10_EXIT_C,0.0004850311632177885
11,75,x_R02_EXIT_G,x_R10_EXIT_G,0.0004938499116399301
11,80,x_R02_EXIT_G,x_R11_EXIT_C,0.0002116499621313986
11,81,x_R02_EXIT_G,x_R11_EXIT_D,0.00027338120108638984
11,82,x_R02_EXIT_G,x_R11_EXIT_E,0.00027338120108638984
11,83,x_R02_EXIT_G,x_R11_EXIT_G,0.0009259685843248689
11,84,x_R02_EXIT_G,x_R11_EXIT_H,0.0004321186726849388
11,85,x_R02_EXIT_G,x_R11_EXIT_A,0.0007892779837816739
11,86,x_R02_EXIT_G,x_R11_EXIT_F,0.0004321186726849388
11,87,x_R02_EXIT_G,x_R11_EXIT_B,0.0004321186726849388
11,88,x_R02_EXIT_G,x_R12_EXIT_C,0.0002116499621313986
11,89,x_R02_EXIT_G,x_R12_EXIT_D,0.00027338120108638984
11,90,x_R02_EXIT_G,x_R12_EXIT_E,0.00027338120108638984
11,91,x_R02_EXIT_G,x_R12_EXIT_G,0.0009259685843248689
11,92,x_R02_EXIT_G,x_R12_EXIT_H,0.0004321186726849388
11,93,x_R02_EXIT_G,x_R12_EXIT_A,0.0007892779837816739
11,94,x_R02_EXIT_G,x_R12_EXIT_F,0.0004321186726849388
11,95,x_R02_EXIT_G,x_R12_EXIT_B,0.0004321186726849388
11,96,x_R02_EXIT_G,x_R13_EXIT_C,0.0003086561947749563
11,97,x_R02_EXIT_G,x_R13_EXIT_D,0.00017637496844283217
11,98,x_R02_EXIT_G,x_R13_EXIT_E,0.00017637496844283217
11,99,x_R02_EXIT_G,x_R13_EXIT_G,0.0008289623516813112
11,100,x_R02_EXIT_G,x_R13_EXIT_H,0.00033511244004138114
11,101,x_R02_EXIT_G,x_R13_EXIT_A,0.0006922717511381163
11,102,x_R02_EXIT_G,x_R13_EXIT_F,0.00033511244004138114
11,103,x_R02_EXIT_G,x_R13_EXIT_B,0.00033511244004138114
11,104,x_R02_EXIT_G,x_R14_EXIT_C,0.000405662427418514
11,107,x_R02_EXIT_G,x_R14_EXIT_G,0.0007319561190377535
11,108,x_R02_EXIT_G,x_R14_EXIT_H,0.00023810620739782344
11,109,x_R02_EXIT_G,x_R14_EXIT_A,0.0005952655184945586
11,110,x_R02_EXIT_G,x_R14_EXIT_F,0.00023810620739782344
11,111,x_R02_EXIT_G,x_R14_EXIT_B,0.00023810620739782344
11,112,x_R02_EXIT_G,x_R15_EXIT_C,0.0004850311632177885
11,115,x_R02_EXIT_G,x_R15_EXIT_G,0.0004938499116399301
11,120,x_R02_EXIT_G,x_R16_EXIT_C,0.0004850311632177885
11,123,x_R02_EXIT_G,x_R16_EXIT_G,0.0004938499116399301
11,128,x_R02_EXIT_G,x_R17_EXIT_C,0.0004850311632177885
11,131,x_R02_EXIT_G,x_R17_EXIT_G,0.0004938499116399301
11,136,x_R02_EXIT_G,x_R18_EXIT_C,0.0004850311632177885
11,139,x_R02_EXIT_G,x_R18_EXIT_G,0.0004938499116399301
11,144,x_R02_EXIT_G,x_R19_EXIT_C,0.00036377337241334134
11,147,x_R02_EXIT_G,x_R19_EXIT_G,0.0003703874337299475
11,152,x_R02_EXIT_G,x_R22_EXIT_C,0.0016094215870408434
11,155,x_R02_EXIT_G,x_R22_EXIT_G,0.0012346247790998252
11,160,x_R02_EXIT_G,x_R23_EXIT_C,0.0016094215870408434
11,163,x_R02_EXIT_G,x_R23_EXIT_G,0.0012346247790998252
11,168,x_R02_EXIT_G,x_R20_EXIT_C,0.0007506959594348043
11,169,x_R02_EXIT_G,x_R20_EXIT_D,0.00026786948332255137
11,170,x_R02_EXIT_G,x_R20_EXIT_E,0.00026786948332255137
11,171,x_R02_EXIT_G,x_R20_EXIT_G,0.00010251795040739618
11,172,x_R02_EXIT_G,x_R20_EXIT_H,0.00026786948332255137
11,176,x_R02_EXIT_G,x_R21_EXIT_C,0.002105476185786309
11,177,x_R02_EXIT_G,x_R21_EXIT_D,0.0004960545987454654
11,178,x_R02_EXIT_G,x_R21_EXIT_E,0.0004960545987454654
11,179,x_R02_EXIT_G,x_R21_EXIT_G,0.0007385701803543596
11,180,x_R02_EXIT_G,x_R21_EXIT_H,0.0004960545987454654
11,184,x_R02_EXIT_G,x_R24_EXIT_C,0.0016094215870408434
11,187,x_R02_EXIT_G,x_R24_EXIT_G,0.0012346247790998252
11,192,x_R02_EXIT_G,x_R25_EXIT_C,0.0016094215870408434
11,195,x_R02_EXIT_G,x_R25_EXIT_G,0.0012346247790998252
11,200,x_R02_EXIT_G,x_R26_EXIT_C,0.0009656529522245061
11,203,x_R02_EXIT_G,x_R26_EXIT_G,0.0004431421082126158
11,208,x_R02_EXIT_G,x_R27_EXIT_C,0.00016094215870408434
11,211,x_R02_EXIT_G,x_R27_EXIT_G,0.00012346247790998252
11,216,x_R02_EXIT_G,x_R28_EXIT_C,0.00042109523715726173
11,224,x_R02_EXIT_G,x_R29_EXIT_C,0.0008421904743145235
11,227,x_R02_EXIT_G,x_R29_EXIT_G,0.0002954280721417439
11,232,x_R02_EXIT_G,x_R30_EXIT_C,0.0006437686348163374
11,235,x_R02_EXIT_G,x_R30_EXIT_G,0.0002954280721417439
11,240,x_R02_EXIT_G,x_R31_EXIT_C,0.00016094215870408434
11,248,x_R02_EXIT_G,x_R32_EXIT_C,0.0006437686348163374
11,251,x_R02_EXIT_G,x_R32_EXIT_G,0.0004938499116399301
11,256,x_R02_EXIT_G,x_R33_EXIT_C,0.0006437686348163374
11,259,x_R02_EXIT_G,x_R33_EXIT_G,0.0004938499116399301
12,13,x_R02_EXIT_H,x_R02_EXIT_A,1.8395896675644376
12,14,x_R02_EXIT_H,x_R02_EXIT_F,1.8396293519323372
12,15,x_R02_EXIT_H,x_R02_EXIT_B,1.8400702893534444
12,16,x_R02_EXIT_H,x_R03_EXIT_C,0.0004850311632177885
12,20,x_R02_EXIT_H,x_R03_EXIT_H,0.00028219994950853144
12,23,x_R02_EXIT_H,x_R03_EXIT_B,0.0001234624779099825
12,24,x_R02_EXIT_H,x_R04_EXIT_C,0.0004850311632177885
12,28,x_R02_EXIT_H,x_R04_EXIT_H,0.00028219994950853144
12,31,x_R02_EXIT_H,x_R04_EXIT_B,0.0001234624779099825
12,32,x_R02_EXIT_H,x_R05_EXIT_C,0.002425155816088942
12,35,x_R02_EXIT_H,x_R05_EXIT_G,0.0001984218394981862
12,36,x_R02_EXIT_H,x_R05_EXIT_H,0.0014109997475426571
12,39,x_R02_EXIT_H,x_R05_EXIT_B,0.0006173123895499126
12,41,x_R02_EXIT_H,x_R06_EXIT_D,0.00020503590081479237
12,42,x_R02_EXIT_H,x_R06_EXIT_E,0.00020503590081479237
12,43,x_R02_EXIT_H,x_R06_EXIT_G,0.0003240890045137041
12,44,x_R02_EXIT_H,x_R06_EXIT_H,0.0008036084499676542
12,45,x_R02_EXIT_H,x_R06_EXIT_A,0.0003240890045137041
12,46,x_R02_EXIT_H,x_R06_EXIT_F,0.000353852280438432
12,47,x_R02_EXIT_H,x_R06_EXIT_B,0.0006845553462687423
12,48,x_R02_EXIT_H,x_R07_EXIT_C,0.00031747494319709794
12,49,x_R02_EXIT_H,x_R07_EXIT_D,0.0003703874337299476
12,50,x_R02_EXIT_H,x_R07_EXIT_E,0.0003703874337299476
12,51,x_R02_EXIT_H,x_R07_EXIT_G,0.0005291249053284966
12,52,x_R02_EXIT_H,x_R07_EXIT_H,0.001168484165933763
12,53,x_R02_EXIT_H,x_R07_EXIT_A,0.0005291249053284966
12,54,x_R02_EXIT_H,x_R07_EXIT_F,0.0005688092732281338
12,55,x_R02_EXIT_H,x_R07_EXIT_B,0.001009746694335214
12,56,x_R02_EXIT_H,x_R08_EXIT_C,0.0004850311632177885
12,60,x_R02_EXIT_H,x_R08_EXIT_H,0.00028219994950853144
12,63,x_R02_EXIT_H,x_R08_EXIT_B,0.0001234624779099825
12,64,x_R02_EXIT_H,x_R09_EXIT_C,0.0004850311632177885
12,68,x_R02_EXIT_H,x_R09_EXIT_H,0.00028219994950853144
12,71,x_R02_EXIT_H,x_R09_EXIT_B,0.0001234624779099825
12,72,x_R02_EXIT_H,x_R10_EXIT_C,0.0004850311632177885
12,76,x_R02_EXIT_H,x_R10_EXIT_H,0.00028219994950853144
12,79,x_R02_EXIT_H,x_R10_EXIT_B,0.0001234624779099825
12,80,x_R02_EXIT_H,x_R11_EXIT_C,0.0002116499621313986
12,81,x_R02_EXIT_H,x_R11_EXIT_D,0.00027338120108638984
12,82,x_R02_EXIT_H,x_R11_EXIT_E,0.00027338120108638984
12,83,x_R02_EXIT_H,x_R11_EXIT_G,0.0004321186726849388
12,84,x_R02_EXIT_H,x_R11_EXIT_H,0.0010714779332902053
12,85,x_R02_EXIT_H,x_R11_EXIT_A,0.0004321186726849388
12,86,x_R02_EXIT_H,x_R11_EXIT_F,0.0004718030405845761
12,87,x_R02_EXIT_H,x_R11_EXIT_B,0.0009127404616916566
12,88,x_R02_EXIT_H,x_R12_EXIT_C,0.0002116499621313986
12,89,x_R02_EXIT_H,x_R12_EXIT_D,0.00027338120108638984
12,90,x_R02_EXIT_H,x_R12_EXIT_E,0.00027338120108638984
12,91,x_R02_EXIT_H,x_R12_EXIT_G,0.0004321186726849388
12,92,x_R02_EXIT_H,x_R12_EXIT_H,0.0010714779332902053
12,93,x_R02_EXIT_H,x_R12_EXIT_A,0.0004321186726849388
12,94,x_R02_EXIT_H,x_R12_EXIT_F,0.0004718030405845761
12,95,x_R02_EXIT_H,x_R12_EXIT_B,0.0009127404616916566
12,96,x_R02_EXIT_H,x_R13_EXIT_C,0.0003086561947749563
12,97,x_R02_EXIT_H,x_R13_EXIT_D,0.00017637496844283217
12,98,x_R02_EXIT_H,x_R13_EXIT_E,0.00017637496844283217
12,99,x_R02_EXIT_H,x_R13_EXIT_G,0.00033511244004138114
12,100,x_R02_EXIT_H,x_R13_EXIT_H,0.0009744717006466478
12,101,x_R02_EXIT_H,x_R13_EXIT_A,0.00033511244004138114
12,102,x_R02_EXIT_H,x_R13_EXIT_F,0.0003747968079410184
12,103,x_R02_EXIT_H,x_R13_EXIT_B,0.0008157342290480989
12,104,x_R02_EXIT_H,x_R14_EXIT_C,0.000405662427418514
12,107,x_R02_EXIT_H,x_R14_EXIT_G,0.00023810620739782344
12,108,x_R02_EXIT_H,x_R14_EXIT_H,0.0008774654680030901
12,109,x_R02_EXIT_H,x_R14_EXIT_A,0.00023810620739782344
12,110,x_R02_EXIT_H,x_R14_EXIT_F,0.0002777905752974607
12,111,x_R02_EXIT_H,x_R14_EXIT_B,0.0007187279964045412
12,112,x_R02_EXIT_H,x_R15_EXIT_C,0.0004850311632177885
12,116,x_R02_EXIT_H,x_R15_EXIT_H,0.00028219994950853144
12,119,x_R02_EXIT_H,x_R15_EXIT_B,0.0001234624779099825
12,120,x_R02_EXIT_H,x_R16_EXIT_C,0.0004850311632177885
12,124,x_R02_EXIT_H,x_R16_EXIT_H,0.00028219994950853144
12,127,x_R02_EXIT_H,x_R16_EXIT_B,0.0001234624779099825
12,128,x_R02_EXIT_H,x_R17_EXIT_C,0.0004850311632177885
12,132,x_R02_EXIT_H,x_R17_EXIT_H,0.00028219994950853144
12,135,x_R02_EXIT_H,x_R17_EXIT_B,0.0001234624779099825
12,136,x_R02_EXIT_H,x_R18_EXIT_C,0.0004850311632177885
12,140,x_R02_EXIT_H,x_R18_EXIT_H,0.00028219994950853144
12,143,x_R02_EXIT_H,x_R18_EXIT_B,0.0001234624779099825
12,144,x_R02_EXIT_H,x_R19_EXIT_C,0.00036377337241334134
12,148,x_R02_EXIT_H,x_R19_EXIT_H,0.0002116499621313986
12,152,x_R02_EXIT_H,x_R22_EXIT_C,0.0017086325067899365
12,154,x_R02_EXIT_H,x_R22_EXIT_E,0.0007936873579927448
12,156,x_R02_EXIT_H,x_R22_EXIT_H,0.0014991872317640733
12,160,x_R02_EXIT_H,x_R23_EXIT_C,0.0017086325067899365
12,162,x_R02_EXIT_H,x_R23_EXIT_E,0.00017637496844283214
12,164,x_R02_EXIT_H,x_R23_EXIT_H,0.0005291249053284965
12,168,x_R02_EXIT_H,x_R20_EXIT_C,0.00048282647611225303
12,170,x_R02_EXIT_H,x_R20_EXIT_E,0.00026786948332255137
12,172,x_R02_EXIT_H,x_R20_EXIT_H,0.00047951944545394985
12,176,x_R02_EXIT_H,x_R21_EXIT_C,0.0016094215870408434
12,178,x_R02_EXIT_H,x_R21_EXIT_E,0.0008928982777418378
12,180,x_R02_EXIT_H,x_R21_EXIT_H,0.0015983981515131664
12,184,x_R02_EXIT_H,x_R24_EXIT_C,0.0028109760595576372
12,185,x_R02_EXIT_H,x_R24_EXIT_D,0.001102343552767701
12,186,x_R02_EXIT_H,x_R24_EXIT_E,0.0003086561947749563
12,187,x_R02_EXIT_H,x_R24_EXIT_G,0.001201554472516794
12,188,x_R02_EXIT_H,x_R24_EXIT_H,0.0003968436789963724
12,192,x_R02_EXIT_H,x_R25_EXIT_C,0.003075538512221885
12,193,x_R02_EXIT_H,x_R25_EXIT_D,0.0013669060054319491
12,194,x_R02_EXIT_H,x_R25_EXIT_E,0.0005732186474392045
12,195,x_R02_EXIT_H,x_R25_EXIT_G,0.0014661169251810424
12,196,x_R02_EXIT_H,x_R25_EXIT_H,0.0001322812263321241
12,200,x_R02_EXIT_H,x_R26_EXIT_C,0.0010251795040739618
12,202,x_R02_EXIT_H,x_R26_EXIT_E,0.0004762124147956468
12,204,x_R02_EXIT_H,x_R26_EXIT_H,0.0003174749431970979
12,208,x_R02_EXIT_H,x_R27_EXIT_C,0.00017086325067899364
12,216,x_R02_EXIT_H,x_R28_EXIT_C,0.0003218843174081687
12,218,x_R02_EXIT_H,x_R28_EXIT_E,0.00015873747159854897
12,220,x_R02_EXIT_H,x_R28_EXIT_H,0.00029983744635281474
12,224,x_R02_EXIT_H,x_R29_EXIT_C,0.0006437686348163374
12,226,x_R02_EXIT_H,x_R29_EXIT_E,0.00031747494319709794
12,228,x_R02_EXIT_H,x_R29_EXIT_H,0.0005996748927056295
12,232,x_R02_EXIT_H,x_R30_EXIT_C,0.0006834530027159746
12,234,x_R02_EXIT_H,x_R30_EXIT_E,0.00031747494319709794
12,240,x_R02_EXIT_H,x_R31_EXIT_C,0.00026786948332255137
12,248,x_R02_EXIT_H,x_R32_EXIT_C,0.0010714779332902055
12,249,x_R02_EXIT_H,x_R32_EXIT_D,0.0003880249305742308
12,251,x_R02_EXIT_H,x_R32_EXIT_G,0.0004277092984738681
12,256,x_R02_EXIT_H,x_R33_EXIT_C,0.0010714779332902055
12,257,x_R02_EXIT_H,x_R33_EXIT_D,0.0003880249305742308
12,259,x_R02_EXIT_H,x_R33_EXIT_G,0.0004277092984738681
13,14,x_R02_EXIT_A,x_R02_EXIT_F,1.8395896675644376
13,15,x_R02_EXIT_A,x_R02_EXIT_B,1.8395896675644376
13,16,x_R02_EXIT_A,x_R03_EXIT_C,0.0004850311632177885
13,19,x_R02_EXIT_A,x_R03_EXIT_G,0.0003571593110967352
13,21,x_R02_EXIT_A,x_R03_EXIT_A,0.0003549546239911998
13,24,x_R02_EXIT_A,x_R04_EXIT_C,0.0004850311632177885
13,27,x_R02_EXIT_A,x_R04_EXIT_G,0.0003571593110967352
13,29,x_R02_EXIT_A,x_R04_EXIT_A,0.0003549546239911998
13,32,x_R02_EXIT_A,x_R05_EXIT_C,0.002425155816088942
13,35,x_R02_EXIT_A,x_R05_EXIT_G,0.0017857965554836756
13,37,x_R02_EXIT_A,x_R05_EXIT_A,0.0017747731199559986
13,41,x_R02_EXIT_A,x_R06_EXIT_D,0.00020503590081479237
13,42,x_R02_EXIT_A,x_R06_EXIT_E,0.00020503590081479237
13,43,x_R02_EXIT_A,x_R06_EXIT_G,0.0005919584878362554
13,44,x_R02_EXIT_A,x_R06_EXIT_H,0.0003240890045137041
13,45,x_R02_EXIT_A,x_R06_EXIT_A,0.0013624966312208785
13,46,x_R02_EXIT_A,x_R06_EXIT_F,0.0003240890045137041
13,47,x_R02_EXIT_A,x_R06_EXIT_B,0.0003240890045137041
13,48,x_R02_EXIT_A,x_R07_EXIT_C,0.00031747494319709794
13,49,x_R02_EXIT_A,x_R07_EXIT_D,0.0003703874337299476
13,50,x_R02_EXIT_A,x_R07_EXIT_E,0.0003703874337299476
13,51,x_R02_EXIT_A,x_R07_EXIT_G,0.0008862842164252316
13,52,x_R02_EXIT_A,x_R07_EXIT_H,0.0005291249053284966
13,53,x_R02_EXIT_A,x_R07_EXIT_A,0.001913668407604729
13,54,x_R02_EXIT_A,x_R07_EXIT_F,0.0005291249053284966
13,55,x_R02_EXIT_A,x_R07_EXIT_B,0.0005291249053284966
13,56,x_R02_EXIT_A,x_R08_EXIT_C,0.0004850311632177885
13,59,x_R02_EXIT_A,x_R08_EXIT_G,0.0003571593110967352
13,61,x_R02_EXIT_A,x_R08_EXIT_A,0.0003549546239911998
13,64,x_R02_EXIT_A,x_R09_EXIT_C,0.0004850311632177885
13,67,x_R02_EXIT_A,x_R09_EXIT_G,0.0003571593110967352
13,69,x_R02_EXIT_A,x_R09_EXIT_A,0.0003549546239911998
13,72,x_R02_EXIT_A,x_R10_EXIT_C,0.0004850311632177885
13,75,x_R02_EXIT_A,x_R10_EXIT_G,0.0003571593110967352
13,77,x_R02_EXIT_A,x_R10_EXIT_A,0.0003549546239911998
13,80,x_R02_EXIT_A,x_R11_EXIT_C,0.0002116499621313986
13,81,x_R02_EXIT_A,x_R11_EXIT_D,0.00027338120108638984
13,82,x_R02_EXIT_A,x_R11_EXIT_E,0.00027338120108638984
13,83,x_R02_EXIT_A,x_R11_EXIT_G,0.0007892779837816739
13,84,x_R02_EXIT_A,x_R11_EXIT_H,0.0004321186726849388
13,85,x_R02_EXIT_A,x_R11_EXIT_A,0.0018166621749611711
13,86,x_R02_EXIT_A,x_R11_EXIT_F,0.0004321186726849388
13,87,x_R02_EXIT_A,x_R11_EXIT_B,0.0004321186726849388
13,88,x_R02_EXIT_A,x_R12_EXIT_C,0.0002116499621313986
13,89,x_R02_EXIT_A,x_R12_EXIT_D,0.00027338120108638984
13,90,x_R02_EXIT_A,x_R12_EXIT_E,0.00027338120108638984
13,91,x_R02_EXIT_A,x_R12_EXIT_G,0.0007892779837816739
13,92,x_R02_EXIT_A,x_R12_EXIT_H,0.0004321186726849388
13,93,x_R02_EXIT_A,x_R12_EXIT_A,0.0018166621749611711
13,94,x_R02_EXIT_A,x_R12_EXIT_F,0.0004321186726849388
13,95,x_R02_EXIT_A,x_R12_EXIT_B,0.0004321186726849388
13,96,x_R02_EXIT_A,x_R13_EXIT_C,0.0003086561947749563
13,97,x_R02_EXIT_A,x_R13_EXIT_D,0.00017637496844283217
13,98,x_R02_EXIT_A,x_R13_EXIT_E,0.00017637496844283217
13,99,x_R02_EXIT_A,x_R13_EXIT_G,0.0006922717511381163
13,100,x_R02_EXIT_A,x_R13_EXIT_H,0.00033511244004138114
13,101,x_R02_EXIT_A,x_R13_EXIT_A,0.0017196559423176135
13,102,x_R02_EXIT_A,x_R13_EXIT_F,0.00033511244004138114
13,103,x_R02_EXIT_A,x_R13_EXIT_B,0.00033511244004138114
13,104,x_R02_EXIT_A,x_R14_EXIT_C,0.000405662427418514
13,107,x_R02_EXIT_A,x_R14_EXIT_G,0.0005952655184945586
13,108,x_R02_EXIT_A,x_R14_EXIT_H,0.00023810620739782344
13,109,x_R02_EXIT_A,x_R14_EXIT_A,0.001622649709674056
13,110,x_R02_EXIT_A,x_R14_EXIT_F,0.00023810620739782344
13,111,x_R02_EXIT_A,x_R14_EXIT_B,0.00023810620739782344
13,112,x_R02_EXIT_A,x_R15_EXIT_C,0.0004850311632177885
13,115,x_R02_EXIT_A,x_R15_EXIT_G,0.0003571593110967352
13,117,x_R02_EXIT_A,x_R15_EXIT_A,0.0003549546239911998
13,120,x_R02_EXIT_A,x_R16_EXIT_C,0.0004850311632177885
13,123,x_R02_EXIT_A,x_R16_EXIT_G,0.0003571593110967352
13,125,x_R02_EXIT_A,x_R16_EXIT_A,0.0003549546239911998
13,128,x_R02_EXIT_A,x_R17_EXIT_C,0.0004850311632177885
13,131,x_R02_EXIT_A,x_R17_EXIT_G,0.0003571593110967352
13,133,x_R02_EXIT_A,x_R17_EXIT_A,0.0003549546239911998
13,136,x_R02_EXIT_A,x_R18_EXIT_C,0.0004850311632177885
13,139,x_R02_EXIT_A,x_R18_EXIT_G,0.0003571593110967352
13,141,x_R02_EXIT_A,x_R18_EXIT_A,0.0003549546239911998
13,144,x_R02_EXIT_A,x_R19_EXIT_C,0.00036377337241334134
13,147,x_R02_EXIT_A,x_R19_EXIT_G,0.00026786948332255137
13,149,x_R02_EXIT_A,x_R19_EXIT_A,0.0002662159679933998
13,152,x_R02_EXIT_A,x_R22_EXIT_C,0.0016094215870408434
13,155,x_R02_EXIT_A,x_R22_EXIT_G,0.0008928982777418378
13,157,x_R02_EXIT_A,x_R22_EXIT_A,0.0008873865599779993
13,160,x_R02_EXIT_A,x_R23_EXIT_C,0.0016094215870408434
13,163,x_R02_EXIT_A,x_R23_EXIT_G,0.0008928982777418378
13,165,x_R02_EXIT_A,x_R23_EXIT_A,0.0008873865599779993
13,168,x_R02_EXIT_A,x_R20_EXIT_C,0.0010094711084470223
13,169,x_R02_EXIT_A,x_R20_EXIT_D,0.0005266446323347692
13,170,x_R02_EXIT_A,x_R20_EXIT_E,0.0005266446323347692
13,171,x_R02_EXIT_A,x_R20_EXIT_G,0.0002587751490122178
13,172,x_R02_EXIT_A,x_R20_EXIT_H,0.0005266446323347692
13,173,x_R02_EXIT_A,x_R20_EXIT_A,0.0005117629943724051
13,174,x_R02_EXIT_A,x_R20_EXIT_F,0.0002455470263790054
13,175,x_R02_EXIT_A,x_R20_EXIT_B,0.0002455470263790054
13,176,x_R02_EXIT_A,x_R21_EXIT_C,0.002105476185786309
13,177,x_R02_EXIT_A,x_R21_EXIT_D,0.0004960545987454654
13,178,x_R02_EXIT_A,x_R21_EXIT_E,0.0004960545987454654
13,179,x_R02_EXIT_A,x_R21_EXIT_G,0.0003968436789963724
13,180,x_R02_EXIT_A,x_R21_EXIT_H,0.0004960545987454654
13,181,x_R02_EXIT_A,x_R21_EXIT_A,0.0008873865599779993
13,184,x_R02_EXIT_A,x_R24_EXIT_C,0.0016094215870408434
13,187,x_R02_EXIT_A,x_R24_EXIT_G,0.0008928982777418378
13,189,x_R02_EXIT_A,x_R24_EXIT_A,0.0008873865599779993
13,192,x_R02_EXIT_A,x_R25_EXIT_C,0.0016094215870408434
13,195,x_R02_EXIT_A,x_R25_EXIT_G,0.0008928982777418378
13,197,x_R02_EXIT_A,x_R25_EXIT_A,0.0008873865599779993
13,200,x_R02_EXIT_A,x_R26_EXIT_C,0.0009656529522245061
13,203,x_R02_EXIT_A,x_R26_EXIT_G,0.0002381062073978234
13,205,x_R02_EXIT_A,x_R26_EXIT_A,0.0005324319359867996
13,208,x_R02_EXIT_A,x_R27_EXIT_C,0.00016094215870408434
13,216,x_R02_EXIT_A,x_R28_EXIT_C,0.0005847932547432653
13,217,x_R02_EXIT_A,x_R28_EXIT_D,0.00016369801758600363
13,218,x_R02_EXIT_A,x_R28_EXIT_E,0.00016369801758600363
13,219,x_R02_EXIT_A,x_R28_EXIT_G,0.00048117296078310155
13,220,x_R02_EXIT_A,x_R28_EXIT_H,0.00016369801758600363
13,222,x_R02_EXIT_A,x_R28_EXIT_F,0.00016369801758600363
13,223,x_R02_EXIT_A,x_R28_EXIT_B,0.00016369801758600363
13,224,x_R02_EXIT_A,x_R29_EXIT_C,0.0008421904743145235
13,227,x_R02_EXIT_A,x_R29_EXIT_G,0.00015873747159854897
13,232,x_R02_EXIT_A,x_R30_EXIT_C,0.0006437686348163374
13,235,x_R02_EXIT_A,x_R30_EXIT_G,0.00015873747159854897
13,237,x_R02_EXIT_A,x_R30_EXIT_A,0.0003549546239911998
13,240,x_R02_EXIT_A,x_R31_EXIT_C,0.00016094215870408434
13,248,x_R02_EXIT_A,x_R32_EXIT_C,0.0006437686348163374
13,251,x_R02_EXIT_A,x_R32_EXIT_G,0.0003571593110967352
13,253,x_R02_EXIT_A,x_R32_EXIT_A,0.0003549546239911998
13,256,x_R02_EXIT_A,x_R33_EXIT_C,0.0006437686348163374
13,259,x_R02_EXIT_A,x_R33_EXIT_G,0.0003571593110967352
13,261,x_R02_EXIT_A,x_R33_EXIT_A,0.0003549546239911998
14,15,x_R02_EXIT_F,x_R02_EXIT_B,1.8396293519323372
14,16,x_R02_EXIT_F,x_R03_EXIT_C,0.0004850311632177885
14,21,x_R02_EXIT_F,x_R03_EXIT_A,0.00033511244004138114
14,22,x_R02_EXIT_F,x_R03_EXIT_F,0.0010053373201241436
14,24,x_R02_EXIT_F,x_R04_EXIT_C,0.0004850311632177885
14,29,x_R02_EXIT_F,x_R04_EXIT_A,0.00033511244004138114
14,30,x_R02_EXIT_F,x_R04_EXIT_F,0.0010053373201241436
14,32,x_R02_EXIT_F,x_R05_EXIT_C,0.002425155816088942
14,35,x_R02_EXIT_F,x_R05_EXIT_G,0.0001984218394981862
14,37,x_R02_EXIT_F,x_R05_EXIT_A,0.0016755622002069058
14,38,x_R02_EXIT_F,x_R05_EXIT_F,0.005026686600620718
14,41,x_R02_EXIT_F,x_R06_EXIT_D,0.00020503590081479237
14,42,x_R02_EXIT_F,x_R06_EXIT_E,0.00020503590081479237
14,43,x_R02_EXIT_F,x_R06_EXIT_G,0.0003240890045137041
14,44,x_R02_EXIT_F,x_R06_EXIT_H,0.000353852280438432
14,45,x_R02_EXIT_F,x_R06_EXIT_A,0.0003240890045137041
14,46,x_R02_EXIT_F,x_R06_EXIT_F,0.0011078552705315397
14,47,x_R02_EXIT_F,x_R06_EXIT_B,0.000353852280438432
14,48,x_R02_EXIT_F,x_R07_EXIT_C,0.00031747494319709794
14,49,x_R02_EXIT_F,x_R07_EXIT_D,0.0003703874337299476
14,50,x_R02_EXIT_F,x_R07_EXIT_E,0.0003703874337299476
14,51,x_R02_EXIT_F,x_R07_EXIT_G,0.0005291249053284966
14,52,x_R02_EXIT_F,x_R07_EXIT_H,0.0005688092732281338
14,53,x_R02_EXIT_F,x_R07_EXIT_A,0.0005291249053284966
14,54,x_R02_EXIT_F,x_R07_EXIT_F,0.0015741465933522773
14,55,x_R02_EXIT_F,x_R07_EXIT_B,0.0005688092732281338
14,56,x_R02_EXIT_F,x_R08_EXIT_C,0.0004850311632177885
14,61,x_R02_EXIT_F,x_R08_EXIT_A,0.00033511244004138114
14,62,x_R02_EXIT_F,x_R08_EXIT_F,0.0010053373201241436
14,64,x_R02_EXIT_F,x_R09_EXIT_C,0.0004850311632177885
14,69,x_R02_EXIT_F,x_R09_EXIT_A,0.00033511244004138114
14,70,x_R02_EXIT_F,x_R09_EXIT_F,0.0010053373201241436
14,72,x_R02_EXIT_F,x_R10_EXIT_C,0.0004850311632177885
14,77,x_R02_EXIT_F,x_R10_EXIT_A,0.00033511244004138114
14,78,x_R02_EXIT_F,x_R10_EXIT_F,0.0010053373201241436
14,80,x_R02_EXIT_F,x_R11_EXIT_C,0.0002116499621313986
14,81,x_R02_EXIT_F,x_R11_EXIT_D,0.00027338120108638984
14,82,x_R02_EXIT_F,x_R11_EXIT_E,0.00027338120108638984
14,83,x_R02_EXIT_F,x_R11_EXIT_G,0.0004321186726849388
14,84,x_R02_EXIT_F,x_R11_EXIT_H,0.0004718030405845761
14,85,x_R02_EXIT_F,x_R11_EXIT_A,0.0004321186726849388
14,86,x_R02_EXIT_F,x_R11_EXIT_F,0.0014771403607087197
14,87,x_R02_EXIT_F,x_R11_EXIT_B,0.0004718030405845761
14,88,x_R02_EXIT_F,x_R12_EXIT_C,0.0002116499621313986
14,89,x_R02_EXIT_F,x_R12_EXIT_D,0.00027338120108638984
14,90,x_R02_EXIT_F,x_R12_EXIT_E,0.00027338120108638984
14,91,x_R02_EXIT_F,x_R12_EXIT_G,0.0004321186726849388
14,92,x_R02_EXIT_F,x_R12_EXIT_H,0.0004718030405845761
14,93,x_R02_EXIT_F,x_R12_EXIT_A,0.0004321186726849388
14,94,x_R02_EXIT_F,x_R12_EXIT_F,0.0014771403607087197
14,95,x_R02_EXIT_F,x_R12_EXIT_B,0.0004718030405845761
14,96,x_R02_EXIT_F,x_R13_EXIT_C,0.0003086561947749563
14,97,x_R02_EXIT_F,x_R13_EXIT_D,0.00017637496844283217
14,98,x_R02_EXIT_F,x_R13_EXIT_E,0.00017637496844283217
14,99,x_R02_EXIT_F,x_R13_EXIT_G,0.00033511244004138114
14,100,x_R02_EXIT_F,x_R13_EXIT_H,0.0003747968079410184
14,101,x_R02_EXIT_F,x_R13_EXIT_A,0.00033511244004138114
14,102,x_R02_EXIT_F,x_R13_EXIT_F,0.0013801341280651619
14,103,x_R02_EXIT_F,x_R13_EXIT_B,0.0003747968079410184
14,104,x_R02_EXIT_F,x_R14_EXIT_C,0.000405662427418514
14,107,x_R02_EXIT_F,x_R14_EXIT_G,0.00023810620739782344
14,108,x_R02_EXIT_F,x_R14_EXIT_H,0.0002777905752974607
14,109,x_R02_EXIT_F,x_R14_EXIT_A,0.00023810620739782344
14,110,x_R02_EXIT_F,x_R14_EXIT_F,0.0012831278954216045
14,111,x_R02_EXIT_F,x_R14_EXIT_B,0.0002777905752974607
14,112,x_R02_EXIT_F,x_R15_EXIT_C,0.0004850311632177885
14,117,x_R02_EXIT_F,x_R15_EXIT_A,0.00033511244004138114
14,118,x_R02_EXIT_F,x_R15_EXIT_F,0.0010053373201241436
14,120,x_R02_EXIT_F,x_R16_EXIT_C,0.0004850311632177885
14,125,x_R02_EXIT_F,x_R16_EXIT_A,0.00033511244004138114
14,126,x_R02_EXIT_F,x_R16_EXIT_F,0.0010053373201241436
14,128,x_R02_EXIT_F,x_R17_EXIT_C,0.0004850311632177885
14,133,x_R02_EXIT_F,x_R17_EXIT_A,0.00033511244004138114
14,134,x_R02_EXIT_F,x_R17_EXIT_F,0.0010053373201241436
14,136,x_R02_EXIT_F,x_R18_EXIT_C,0.0004850311632177885
14,141,x_R02_EXIT_F,x_R18_EXIT_A,0.00033511244004138114
14,142,x_R02_EXIT_F,x_R18_EXIT_F,0.0010053373201241436
14,144,x_R02_EXIT_F,x_R19_EXIT_C,0.00036377337241334134
14,149,x_R02_EXIT_F,x_R19_EXIT_A,0.0002513343300310358
14,150,x_R02_EXIT_F,x_R19_EXIT_F,0.0007540029900931076
14,152,x_R02_EXIT_F,x_R22_EXIT_C,0.002546413606893389
14,153,x_R02_EXIT_F,x_R22_EXIT_D,0.0008377811001034529
14,154,x_R02_EXIT_F,x_R22_EXIT_E,0.0008377811001034529
14,155,x_R02_EXIT_F,x_R22_EXIT_G,0.0009369920198525459
14,156,x_R02_EXIT_F,x_R22_EXIT_H,0.0008377811001034529
14,158,x_R02_EXIT_F,x_R22_EXIT_F,0.0016755622002069058
14,159,x_R02_EXIT_F,x_R22_EXIT_B,0.0008377811001034529
14,160,x_R02_EXIT_F,x_R23_EXIT_C,0.0032960072227754267
14,161,x_R02_EXIT_F,x_R23_EXIT_D,0.0015873747159854895
14,163,x_R02_EXIT_F,x_R23_EXIT_G,0.0016865856357345826
14,165,x_R02_EXIT_F,x_R23_EXIT_A,0.0008377811001034529
14,166,x_R02_EXIT_F,x_R23_EXIT_F,0.0008377811001034527
14,168,x_R02_EXIT_F,x_R20_EXIT_C,0.00048282647611225303
14,174,x_R02_EXIT_F,x_R20_EXIT_F,0.00010251795040739618
14,176,x_R02_EXIT_F,x_R21_EXIT_C,0.0016094215870408434
14,182,x_R02_EXIT_F,x_R21_EXIT_F,0.00034172650135798734
14,184,x_R02_EXIT_F,x_R24_EXIT_C,0.0017086325067899365
14,190,x_R02_EXIT_F,x_R24_EXIT_F,0.00034172650135798734
14,192,x_R02_EXIT_F,x_R25_EXIT_C,0.0017086325067899365
14,198,x_R02_EXIT_F,x_R25_EXIT_F,0.00034172650135798734
14,200,x_R02_EXIT_F,x_R26_EXIT_C,0.0015013919188696086
14,201,x_R02_EXIT_F,x_R26_EXIT_D,0.0004762124147956468
14,202,x_R02_EXIT_F,x_R26_EXIT_E,0.0004762124147956468
14,204,x_R02_EXIT_F,x_R26_EXIT_H,0.00017857965554836754
14,206,x_R02_EXIT_F,x_R26_EXIT_F,0.0003240890045137041
14,208,x_R02_EXIT_F,x_R27_EXIT_C,0.0003593639982022706
14,209,x_R02_EXIT_F,x_R27_EXIT_D,0.00018850074752327687
14,211,x_R02_EXIT_F,x_R27_EXIT_G,0.0001984218394981862
14,216,x_R02_EXIT_F,x_R28_EXIT_C,0.0003218843174081687
14,217,x_R02_EXIT_F,x_R28_EXIT_D,0.00015873747159854897
14,218,x_R02_EXIT_F,x_R28_EXIT_E,0.00015873747159854897
14,220,x_R02_EXIT_F,x_R28_EXIT_H,0.00015873747159854897
14,224,x_R02_EXIT_F,x_R29_EXIT_C,0.0006437686348163374
14,225,x_R02_EXIT_F,x_R29_EXIT_D,0.00031747494319709794
14,226,x_R02_EXIT_F,x_R29_EXIT_E,0.00031747494319709794
14,228,x_R02_EXIT_F,x_R29_EXIT_H,0.00031747494319709794
14,230,x_R02_EXIT_F,x_R29_EXIT_F,0.00013669060054319495
14,232,x_R02_EXIT_F,x_R30_EXIT_C,0.0010009279459130725
14,233,x_R02_EXIT_F,x_R30_EXIT_D,0.00031747494319709794
14,234,x_R02_EXIT_F,x_R30_EXIT_E,0.00031747494319709794
14,240,x_R02_EXIT_F,x_R31_EXIT_C,0.00017086325067899364
14,248,x_R02_EXIT_F,x_R32_EXIT_C,0.0006834530027159746
14,254,x_R02_EXIT_F,x_R32_EXIT_F,0.00013669060054319495
14,256,x_R02_EXIT_F,x_R33_EXIT_C,0.0006834530027159746
14,262,x_R02_EXIT_F,x_R33_EXIT_F,0.00013669060054319495
15,16,x_R02_EXIT_B,x_R03_EXIT_C,0.0004850311632177885
15,20,x_R02_EXIT_B,x_R03_EXIT_H,0.0001234624779099825
15,23,x_R02_EXIT_B,x_R03_EXIT_B,0.0017857965554836759
15,24,x_R02_EXIT_B,x_R04_EXIT_C,0.0004850311632177885
15,28,x_R02_EXIT_B,x_R04_EXIT_H,0.0001234624779099825
15,31,x_R02_EXIT_B,x_R04_EXIT_B,0.0017857965554836759
15,32,x_R02_EXIT_B,x_R05_EXIT_C,0.002425155816088942
15,35,x_R02_EXIT_B,x_R05_EXIT_G,0.0001984218394981862
15,36,x_R02_EXIT_B,x_R05_EXIT_H,0.0006173123895499126
15,39,x_R02_EXIT_B,x_R05_EXIT_B,0.008928982777418378
15,41,x_R02_EXIT_B,x_R06_EXIT_D,0.00020503590081479237
15,42,x_R02_EXIT_B,x_R06_EXIT_E,0.00020503590081479237
15,43,x_R02_EXIT_B,x_R06_EXIT_G,0.0003240890045137041
15,44,x_R02_EXIT_B,x_R06_EXIT_H,0.0006845553462687423
15,45,x_R02_EXIT_B,x_R06_EXIT_A,0.0003240890045137041
15,46,x_R02_EXIT_B,x_R06_EXIT_F,0.000353852280438432
15,47,x_R02_EXIT_B,x_R06_EXIT_B,0.0019313059044490121
15,48,x_R02_EXIT_B,x_R07_EXIT_C,0.00031747494319709794
15,49,x_R02_EXIT_B,x_R07_EXIT_D,0.0003703874337299476
15,50,x_R02_EXIT_B,x_R07_EXIT_E,0.0003703874337299476
15,51,x_R02_EXIT_B,x_R07_EXIT_G,0.0005291249053284966
15,52,x_R02_EXIT_B,x_R07_EXIT_H,0.001009746694335214
15,53,x_R02_EXIT_B,x_R07_EXIT_A,0.0005291249053284966
15,54,x_R02_EXIT_B,x_R07_EXIT_F,0.0005688092732281338
15,55,x_R02_EXIT_B,x_R07_EXIT_B,0.0026720807719089073
15,56,x_R02_EXIT_B,x_R08_EXIT_C,0.0004850311632177885
15,60,x_R02_EXIT_B,x_R08_EXIT_H,0.0001234624779099825
15,63,x_R02_EXIT_B,x_R08_EXIT_B,0.0017857965554836759
15,64,x_R02_EXIT_B,x_R09_EXIT_C,0.0004850311632177885
15,68,x_R02_EXIT_B,x_R09_EXIT_H,0.0001234624779099825
15,71,x_R02_EXIT_B,x_R09_EXIT_B,0.0017857965554836759
15,72,x_R02_EXIT_B,x_R10_EXIT_C,0.0004850311632177885
15,76,x_R02_EXIT_B,x_R10_EXIT_H,0.0001234624779099825
15,79,x_R02_EXIT_B,x_R10_EXIT_B,0.0017857965554836759
15,80,x_R02_EXIT_B,x_R11_EXIT_C,0.0002116499621313986
15,81,x_R02_EXIT_B,x_R11_EXIT_D,0.00027338120108638984
15,82,x_R02_EXIT_B,x_R11_EXIT_E,0.00027338120108638984
15,83,x_R02_EXIT_B,x_R11_EXIT_G,0.0004321186726849388
15,84,x_R02_EXIT_B,x_R11_EXIT_H,0.0009127404616916566
15,85,x_R02_EXIT_B,x_R11_EXIT_A,0.0004321186726849388
15,86,x_R02_EXIT_B,x_R11_EXIT_F,0.0004718030405845761
15,87,x_R02_EXIT_B,x_R11_EXIT_B,0.0025750745392653495
15,88,x_R02_EXIT_B,x_R12_EXIT_C,0.0002116499621313986
15,89,x_R02_EXIT_B,x_R12_EXIT_D,0.00027338120108638984
15,90,x_R02_EXIT_B,x_R12_EXIT_E,0.00027338120108638984
15,91,x_R02_EXIT_B,x_R12_EXIT_G,0.0004321186726849388
15,92,x_R02_EXIT_B,x_R12_EXIT_H,0.0009127404616916566
15,93,x_R02_EXIT_B,x_R12_EXIT_A,0.0004321186726849388
15,94,x_R02_EXIT_B,x_R12_EXIT_F,0.0004718030405845761
15,95,x_R02_EXIT_B,x_R12_EXIT_B,0.0025750745392653495
15,96,x_R02_EXIT_B,x_R13_EXIT_C,0.0003086561947749563
15,97,x_R02_EXIT_B,x_R13_EXIT_D,0.00017637496844283217
15,98,x_R02_EXIT_B,x_R13_EXIT_E,0.00017637496844283217
15,99,x_R02_EXIT_B,x_R13_EXIT_G,0.00033511244004138114
15,100,x_R02_EXIT_B,x_R13_EXIT_H,0.0008157342290480989
15,101,x_R02_EXIT_B,x_R13_EXIT_A,0.00033511244004138114
15,102,x_R02_EXIT_B,x_R13_EXIT_F,0.0003747968079410184
15,103,x_R02_EXIT_B,x_R13_EXIT_B,0.002478068306621792
15,104,x_R02_EXIT_B,x_R14_EXIT_C,0.000405662427418514
15,107,x_R02_EXIT_B,x_R14_EXIT_G,0.00023810620739782344
15,108,x_R02_EXIT_B,x_R14_EXIT_H,0.0007187279964045412
15,109,x_R02_EXIT_B,x_R14_EXIT_A,0.00023810620739782344
15,110,x_R02_EXIT_B,x_R14_EXIT_F,0.0002777905752974607
15,111,x_R02_EXIT_B,x_R14_EXIT_B,0.0023810620739782343
15,112,x_R02_EXIT_B,x_R15_EXIT_C,0.0004850311632177885
15,116,x_R02_EXIT_B,x_R15_EXIT_H,0.0001234624779099825
15,119,x_R02_EXIT_B,x_R15_EXIT_B,0.0017857965554836759
15,120,x_R02_EXIT_B,x_R16_EXIT_C,0.0004850311632177885
15,124,x_R02_EXIT_B,x_R16_EXIT_H,0.0001234624779099825
15,127,x_R02_EXIT_B,x_R16_EXIT_B,0.0017857965554836759
15,128,x_R02_EXIT_B,x_R17_EXIT_C,0.0004850311632177885
15,132,x_R02_EXIT_B,x_R17_EXIT_H,0.0001234624779099825
15,135,x_R02_EXIT_B,x_R17_EXIT_B,0.0017857965554836759
15,136,x_R02_EXIT_B,x_R18_EXIT_C,0.0004850311632177885
15,140,x_R02_EXIT_B,x_R18_EXIT_H,0.0001234624779099825
15,143,x_R02_EXIT_B,x_R18_EXIT_B,0.0017857965554836759
15,144,x_R02_EXIT_B,x_R19_EXIT_C,0.00036377337241334134
15,151,x_R02_EXIT_B,x_R19_EXIT_B,0.0013393474166127567
15,152,x_R02_EXIT_B,x_R22_EXIT_C,0.0017086325067899365
15,154,x_R02_EXIT_B,x_R22_EXIT_E,0.0007936873579927448
15,156,x_R02_EXIT_B,x_R22_EXIT_H,0.001102343552767701
15,159,x_R02_EXIT_B,x_R22_EXIT_B,0.002518855018074197
15,160,x_R02_EXIT_B,x_R23_EXIT_C,0.0017086325067899365
15,162,x_R02_EXIT_B,x_R23_EXIT_E,0.00017637496844283214
15,164,x_R02_EXIT_B,x_R23_EXIT_H,0.0001322812263321241
15,167,x_R02_EXIT_B,x_R23_EXIT_B,0.002518855018074197
15,168,x_R02_EXIT_B,x_R20_EXIT_C,0.00048282647611225303
15,170,x_R02_EXIT_B,x_R20_EXIT_E,0.00026786948332255137
15,172,x_R02_EXIT_B,x_R20_EXIT_H,0.00036046634175503816
15,175,x_R02_EXIT_B,x_R20_EXIT_B,0.0007556565054222589
15,176,x_R02_EXIT_B,x_R21_EXIT_C,0.0016094215870408434
15,178,x_R02_EXIT_B,x_R21_EXIT_E,0.0008928982777418378
15,180,x_R02_EXIT_B,x_R21_EXIT_H,0.001201554472516794
15,183,x_R02_EXIT_B,x_R21_EXIT_B,0.002518855018074197
15,184,x_R02_EXIT_B,x_R24_EXIT_C,0.0036294661474876554
15,185,x_R02_EXIT_B,x_R24_EXIT_D,0.001920833640697719
15,186,x_R02_EXIT_B,x_R24_EXIT_E,0.001127146282704974
15,187,x_R02_EXIT_B,x_R24_EXIT_G,0.0020200445604468117
15,188,x_R02_EXIT_B,x_R24_EXIT_H,0.000818490087930018
15,189,x_R02_EXIT_B,x_R24_EXIT_A,0.000818490087930018
15,190,x_R02_EXIT_B,x_R24_EXIT_F,0.000818490087930018
15,191,x_R02_EXIT_B,x_R24_EXIT_B,0.0033373451060042148
15,192,x_R02_EXIT_B,x_R25_EXIT_C,0.0028109760595576372
15,193,x_R02_EXIT_B,x_R25_EXIT_D,0.001102343552767701
15,194,x_R02_EXIT_B,x_R25_EXIT_E,0.0003086561947749563
15,195,x_R02_EXIT_B,x_R25_EXIT_G,0.001201554472516794
15,200,x_R02_EXIT_B,x_R26_EXIT_C,0.0010251795040739618
15,202,x_R02_EXIT_B,x_R26_EXIT_E,0.0004762124147956468
15,207,x_R02_EXIT_B,x_R26_EXIT_B,0.0015113130108445178
15,208,x_R02_EXIT_B,x_R27_EXIT_C,0.00017086325067899364
15,215,x_R02_EXIT_B,x_R27_EXIT_B,0.0002518855018074197
15,216,x_R02_EXIT_B,x_R28_EXIT_C,0.0003218843174081687
15,218,x_R02_EXIT_B,x_R28_EXIT_E,0.00015873747159854897
15,220,x_R02_EXIT_B,x_R28_EXIT_H,0.00022046871055354025
15,223,x_R02_EXIT_B,x_R28_EXIT_B,0.0005037710036148394
15,224,x_R02_EXIT_B,x_R29_EXIT_C,0.0006437686348163374
15,226,x_R02_EXIT_B,x_R29_EXIT_E,0.00031747494319709794
15,228,x_R02_EXIT_B,x_R29_EXIT_H,0.0004409374211070805
15,231,x_R02_EXIT_B,x_R29_EXIT_B,0.0010075420072296788
15,232,x_R02_EXIT_B,x_R30_EXIT_C,0.0006834530027159746
15,234,x_R02_EXIT_B,x_R30_EXIT_E,0.00031747494319709794
15,239,x_R02_EXIT_B,x_R30_EXIT_B,0.0010075420072296788
15,240,x_R02_EXIT_B,x_R31_EXIT_C,0.00026786948332255137
15,247,x_R02_EXIT_B,x_R31_EXIT_B,0.0002518855018074197
15,248,x_R02_EXIT_B,x_R32_EXIT_C,0.0013988739684622127
15,249,x_R02_EXIT_B,x_R32_EXIT_D,0.0007154209657462381
15,250,x_R02_EXIT_B,x_R32_EXIT_E,0.0003979460225491401
15,251,x_R02_EXIT_B,x_R32_EXIT_G,0.0007551053336458753
15,252,x_R02_EXIT_B,x_R32_EXIT_H,0.00032739603517200727
15,253,x_R02_EXIT_B,x_R32_EXIT_A,0.00032739603517200727
15,254,x_R02_EXIT_B,x_R32_EXIT_F,0.00032739603517200727
15,255,x_R02_EXIT_B,x_R32_EXIT_B,0.0006801459720576716
15,256,x_R02_EXIT_B,x_R33_EXIT_C,0.0010714779332902055
15,257,x_R02_EXIT_B,x_R33_EXIT_D,0.0003880249305742308
15,259,x_R02_EXIT_B,x_R33_EXIT_G,0.0004277092984738681
16,17,x_R03_EXIT_C,x_R03_EXIT_D,1.839369198853884
16,18,x_R03_EXIT_C,x_R03_EXIT_E,1.8387871614580227
16,19,x_R03_EXIT_C,x_R03_EXIT_G,1.839369198853884
16,20,x_R03_EXIT_C,x_R03_EXIT_H,1.839051723910687
16,21,x_R03_EXIT_C,x_R03_EXIT_A,1.839369198853884
16,22,x_R03_EXIT_C,x_R03_EXIT_F,1.839369198853884
16,23,x_R03_EXIT_C,x_R03_EXIT_B,1.839051723910687
16,24,x_R03_EXIT_C,x_R04_EXIT_C,0.0014198184959647985
16,25,x_R03_EXIT_C,x_R04_EXIT_D,0.0005820373958613462
16,27,x_R03_EXIT_C,x_R04_EXIT_G,0.0005820373958613462
16,28,x_R03_EXIT_C,x_R04_EXIT_H,0.00026456245266424824
16,29,x_R03_EXIT_C,x_R04_EXIT_A,0.0005820373958613462
16,30,x_R03_EXIT_C,x_R04_EXIT_F,0.0005820373958613462
16,31,x_R03_EXIT_C,x_R04_EXIT_B,0.00026456245266424824
16,32,x_R03_EXIT_C,x_R05_EXIT_C,0.004188905500517264
16,34,x_R03_EXIT_C,x_R05_EXIT_E,0.0029101869793067307
16,36,x_R03_EXIT_C,x_R05_EXIT_H,0.0015873747159854895
16,39,x_R03_EXIT_C,x_R05_EXIT_B,0.0015873747159854895
16,40,x_R03_EXIT_C,x_R06_EXIT_C,0.00011243904238230551
16,41,x_R03_EXIT_C,x_R06_EXIT_D,0.0004431421082126158
16,42,x_R03_EXIT_C,x_R06_EXIT_E,0.0008796701551086254
16,43,x_R03_EXIT_C,x_R06_EXIT_G,0.00020503590081479237
16,44,x_R03_EXIT_C,x_R06_EXIT_H,0.00020503590081479237
16,45,x_R03_EXIT_C,x_R06_EXIT_A,0.00020503590081479237
16,46,x_R03_EXIT_C,x_R06_EXIT_F,0.00020503590081479237
16,47,x_R03_EXIT_C,x_R06_EXIT_B,0.00020503590081479237
16,49,x_R03_EXIT_C,x_R07_EXIT_D,0.0006878623769270454
16,50,x_R03_EXIT_C,x_R07_EXIT_E,0.0012698997727883913
16,51,x_R03_EXIT_C,x_R07_EXIT_G,0.0003703874337299476
16,52,x_R03_EXIT_C,x_R07_EXIT_H,0.0003703874337299476
16,53,x_R03_EXIT_C,x_R07_EXIT_A,0.0003703874337299476
16,54,x_R03_EXIT_C,x_R07_EXIT_F,0.0003703874337299476
16,55,x_R03_EXIT_C,x_R07_EXIT_B,0.0003703874337299476
16,56,x_R03_EXIT_C,x_R08_EXIT_C,0.0013492685085876657
16,57,x_R03_EXIT_C,x_R08_EXIT_D,0.0005114874084842134
16,59,x_R03_EXIT_C,x_R08_EXIT_G,0.0005114874084842134
16,60,x_R03_EXIT_C,x_R08_EXIT_H,0.00019401246528711534
16,61,x_R03_EXIT_C,x_R08_EXIT_A,0.0005114874084842134
16,62,x_R03_EXIT_C,x_R08_EXIT_F,0.0005114874084842134
16,63,x_R03_EXIT_C,x_R08_EXIT_B,0.00019401246528711534
16,64,x_R03_EXIT_C,x_R09_EXIT_C,0.0013492685085876657
16,65,x_R03_EXIT_C,x_R09_EXIT_D,0.0005114874084842134
16,67,x_R03_EXIT_C,x_R09_EXIT_G,0.0005114874084842134
16,68,x_R03_EXIT_C,x_R09_EXIT_H,0.00019401246528711534
16,69,x_R03_EXIT_C,x_R09_EXIT_A,0.0005114874084842134
16,70,x_R03_EXIT_C,x_R09_EXIT_F,0.0005114874084842134
16,71,x_R03_EXIT_C,x_R09_EXIT_B,0.00019401246528711534
16,72,x_R03_EXIT_C,x_R10_EXIT_C,0.0012963560180548161
16,73,x_R03_EXIT_C,x_R10_EXIT_D,0.0004585749179513637
16,75,x_R03_EXIT_C,x_R10_EXIT_G,0.0004585749179513637
16,76,x_R03_EXIT_C,x_R10_EXIT_H,0.00014109997475426572
16,77,x_R03_EXIT_C,x_R10_EXIT_A,0.0004585749179513637
16,78,x_R03_EXIT_C,x_R10_EXIT_F,0.0004585749179513637
16,79,x_R03_EXIT_C,x_R10_EXIT_B,0.00014109997475426572
16,80,x_R03_EXIT_C,x_R11_EXIT_C,0.00024692495581996504
16,81,x_R03_EXIT_C,x_R11_EXIT_D,0.0005908561442834878
16,82,x_R03_EXIT_C,x_R11_EXIT_E,0.001172893540144834
16,83,x_R03_EXIT_C,x_R11_EXIT_G,0.00027338120108638984
16,84,x_R03_EXIT_C,x_R11_EXIT_H,0.00027338120108638984
16,85,x_R03_EXIT_C,x_R11_EXIT_A,0.00027338120108638984
16,86,x_R03_EXIT_C,x_R11_EXIT_F,0.00027338120108638984
16,87,x_R03_EXIT_C,x_R11_EXIT_B,0.00027338120108638984
16,88,x_R03_EXIT_C,x_R12_EXIT_C,0.00024692495581996504
16,89,x_R03_EXIT_C,x_R12_EXIT_D,0.0005908561442834878
16,90,x_R03_EXIT_C,x_R12_EXIT_E,0.001172893540144834
16,91,x_R03_EXIT_C,x_R12_EXIT_G,0.00027338120108638984
16,92,x_R03_EXIT_C,x_R12_EXIT_H,0.00027338120108638984
16,93,x_R03_EXIT_C,x_R12_EXIT_A,0.00027338120108638984
16,94,x_R03_EXIT_C,x_R12_EXIT_F,0.00027338120108638984
16,95,x_R03_EXIT_C,x_R12_EXIT_B,0.00027338120108638984
16,96,x_R03_EXIT_C,x_R13_EXIT_C,0.0003439311884635227
16,97,x_R03_EXIT_C,x_R13_EXIT_D,0.0004938499116399301
16,98,x_R03_EXIT_C,x_R13_EXIT_E,0.0010758873075012762
16,99,x_R03_EXIT_C,x_R13_EXIT_G,0.00017637496844283217
16,100,x_R03_EXIT_C,x_R13_EXIT_H,0.00017637496844283217
16,101,x_R03_EXIT_C,x_R13_EXIT_A,0.00017637496844283217
16,102,x_R03_EXIT_C,x_R13_EXIT_F,0.00017637496844283217
16,103,x_R03_EXIT_C,x_R13_EXIT_B,0.00017637496844283217
16,104,x_R03_EXIT_C,x_R14_EXIT_C,0.00044093742110708044
16,105,x_R03_EXIT_C,x_R14_EXIT_D,0.0003968436789963724
16,106,x_R03_EXIT_C,x_R14_EXIT_E,0.0009788810748577186
16,112,x_R03_EXIT_C,x_R15_EXIT_C,0.001190531036989117
16,113,x_R03_EXIT_C,x_R15_EXIT_D,0.0003527499368856644
16,114,x_R03_EXIT_C,x_R15_EXIT_E,0.0002292874589756818
16,115,x_R03_EXIT_C,x_R15_EXIT_G,0.0003527499368856644
16,117,x_R03_EXIT_C,x_R15_EXIT_A,0.0003527499368856644
16,118,x_R03_EXIT_C,x_R15_EXIT_F,0.0003527499368856644
16,120,x_R03_EXIT_C,x_R16_EXIT_C,0.0012434435275219665
16,121,x_R03_EXIT_C,x_R16_EXIT_D,0.00040566242741851404
16,122,x_R03_EXIT_C,x_R16_EXIT_E,0.00017637496844283217
16,123,x_R03_EXIT_C,x_R16_EXIT_G,0.00040566242741851404
16,125,x_R03_EXIT_C,x_R16_EXIT_A,0.00040566242741851404
16,126,x_R03_EXIT_C,x_R16_EXIT_F,0.00040566242741851404
16,128,x_R03_EXIT_C,x_R17_EXIT_C,0.0012963560180548161
16,129,x_R03_EXIT_C,x_R17_EXIT_D,0.0004585749179513637
16,130,x_R03_EXIT_C,x_R17_EXIT_E,0.00012346247790998252
16,131,x_R03_EXIT_C,x_R17_EXIT_G,0.0004585749179513637
16,132,x_R03_EXIT_C,x_R17_EXIT_H,0.00014109997475426572
16,133,x_R03_EXIT_C,x_R17_EXIT_A,0.0004585749179513637
16,134,x_R03_EXIT_C,x_R17_EXIT_F,0.0004585749179513637
16,135,x_R03_EXIT_C,x_R17_EXIT_B,0.00014109997475426572
16,136,x_R03_EXIT_C,x_R18_EXIT_C,0.0012963560180548161
16,137,x_R03_EXIT_C,x_R18_EXIT_D,0.0004585749179513637
16,138,x_R03_EXIT_C,x_R18_EXIT_E,0.00012346247790998252
16,139,x_R03_EXIT_C,x_R18_EXIT_G,0.0004585749179513637
16,140,x_R03_EXIT_C,x_R18_EXIT_H,0.00014109997475426572
16,141,x_R03_EXIT_C,x_R18_EXIT_A,0.0004585749179513637
16,142,x_R03_EXIT_C,x_R18_EXIT_F,0.0004585749179513637
16,143,x_R03_EXIT_C,x_R18_EXIT_B,0.00014109997475426572
16,144,x_R03_EXIT_C,x_R19_EXIT_C,0.0009722670135411122
16,145,x_R03_EXIT_C,x_R19_EXIT_D,0.00034393118846352263
16,147,x_R03_EXIT_C,x_R19_EXIT_G,0.00034393118846352263
16,148,x_R03_EXIT_C,x_R19_EXIT_H,0.0001058249810656993
16,149,x_R03_EXIT_C,x_R19_EXIT_A,0.00034393118846352263
16,150,x_R03_EXIT_C,x_R19_EXIT_F,0.00034393118846352263
16,151,x_R03_EXIT_C,x_R19_EXIT_B,0.0001058249810656993
16,152,x_R03_EXIT_C,x_R22_EXIT_C,0.001300765392265887
16,154,x_R03_EXIT_C,x_R22_EXIT_E,0.0006614061316606207
16,160,x_R03_EXIT_C,x_R23_EXIT_C,0.001300765392265887
16,162,x_R03_EXIT_C,x_R23_EXIT_E,0.0006614061316606207
16,168,x_R03_EXIT_C,x_R20_EXIT_C,0.00039022961767976613
16,170,x_R03_EXIT_C,x_R20_EXIT_E,0.0001984218394981862
16,176,x_R03_EXIT_C,x_R21_EXIT_C,0.001300765392265887
16,178,x_R03_EXIT_C,x_R21_EXIT_E,0.0006614061316606207
16,184,x_R03_EXIT_C,x_R24_EXIT_C,0.001300765392265887
16,186,x_R03_EXIT_C,x_R24_EXIT_E,0.0006614061316606207
16,192,x_R03_EXIT_C,x_R25_EXIT_C,0.001300765392265887
16,194,x_R03_EXIT_C,x_R25_EXIT_E,0.0006614061316606207
16,200,x_R03_EXIT_C,x_R26_EXIT_C,0.0007804592353595323
16,202,x_R03_EXIT_C,x_R26_EXIT_E,0.0003968436789963724
16,208,x_R03_EXIT_C,x_R27_EXIT_C,0.00013007653922658872
16,216,x_R03_EXIT_C,x_R28_EXIT_C,0.00026015307845317744
16,218,x_R03_EXIT_C,x_R28_EXIT_E,0.00013228122633212412
16,224,x_R03_EXIT_C,x_R29_EXIT_C,0.0005203061569063549
16,226,x_R03_EXIT_C,x_R29_EXIT_E,0.00026456245266424824
16,232,x_R03_EXIT_C,x_R30_EXIT_C,0.0005203061569063549
16,234,x_R03_EXIT_C,x_R30_EXIT_E,0.00026456245266424824
16,240,x_R03_EXIT_C,x_R31_EXIT_C,0.00013007653922658872
16,248,x_R03_EXIT_C,x_R32_EXIT_C,0.0005203061569063549
16,250,x_R03_EXIT_C,x_R32_EXIT_E,0.00026456245266424824
16,256,x_R03_EXIT_C,x_R33_EXIT_C,0.0005203061569063549
16,258,x_R03_EXIT_C,x_R33_EXIT_E,0.00026456245266424824
17,18,x_R03_EXIT_D,x_R03_EXIT_E,1.8387871614580227
17,19,x_R03_EXIT_D,x_R03_EXIT_G,1.839369198853884
17,20,x_R03_EXIT_D,x_R03_EXIT_H,1.839051723910687
17,21,x_R03_EXIT_D,x_R03_EXIT_A,1.839369198853884
17,22,x_R03_EXIT_D,x_R03_EXIT_F,1.839369198853884
17,23,x_R03_EXIT_D,x_R03_EXIT_B,1.839051723910687
17,24,x_R03_EXIT_D,x_R04_EXIT_C,0.0005820373958613462
17,25,x_R03_EXIT_D,x_R04_EXIT_D,0.0007848686095706032
17,27,x_R03_EXIT_D,x_R04_EXIT_G,0.0005820373958613462
17,28,x_R03_EXIT_D,x_R04_EXIT_H,0.00026456245266424824
17,29,x_R03_EXIT_D,x_R04_EXIT_A,0.0005820373958613462
17,30,x_R03_EXIT_D,x_R04_EXIT_F,0.0005820373958613462
17,31,x_R03_EXIT_D,x_R04_EXIT_B,0.00026456245266424824
17,32,x_R03_EXIT_D,x_R05_EXIT_C,0.0003747968079410184
17,34,x_R03_EXIT_D,x_R05_EXIT_E,0.0032849837872477488
17,35,x_R03_EXIT_D,x_R05_EXIT_G,0.0003747968079410184
17,36,x_R03_EXIT_D,x_R05_EXIT_H,0.0019621715239265076
17,37,x_R03_EXIT_D,x_R05_EXIT_A,0.0003747968079410184
17,38,x_R03_EXIT_D,x_R05_EXIT_F,0.0003747968079410184
17,39,x_R03_EXIT_D,x_R05_EXIT_B,0.0019621715239265076
17,41,x_R03_EXIT_D,x_R06_EXIT_D,0.00015212341028194274
17,42,x_R03_EXIT_D,x_R06_EXIT_E,0.00043652804689600953
17,49,x_R03_EXIT_D,x_R07_EXIT_D,0.000202831213709257
17,50,x_R03_EXIT_D,x_R07_EXIT_E,0.0005820373958613462
17,56,x_R03_EXIT_D,x_R08_EXIT_C,0.0005114874084842134
17,57,x_R03_EXIT_D,x_R08_EXIT_D,0.0007143186221934703
17,59,x_R03_EXIT_D,x_R08_EXIT_G,0.0005114874084842134
17,60,x_R03_EXIT_D,x_R08_EXIT_H,0.00019401246528711534
17,61,x_R03_EXIT_D,x_R08_EXIT_A,0.0005114874084842134
17,62,x_R03_EXIT_D,x_R08_EXIT_F,0.0005114874084842134
17,63,x_R03_EXIT_D,x_R08_EXIT_B,0.00019401246528711534
17,64,x_R03_EXIT_D,x_R09_EXIT_C,0.0005114874084842134
17,65,x_R03_EXIT_D,x_R09_EXIT_D,0.0007143186221934703
17,67,x_R03_EXIT_D,x_R09_EXIT_G,0.0005114874084842134
17,68,x_R03_EXIT_D,x_R09_EXIT_H,0.00019401246528711534
17,69,x_R03_EXIT_D,x_R09_EXIT_A,0.0005114874084842134
17,70,x_R03_EXIT_D,x_R09_EXIT_F,0.0005114874084842134
17,71,x_R03_EXIT_D,x_R09_EXIT_B,0.00019401246528711534
17,72,x_R03_EXIT_D,x_R10_EXIT_C,0.0004585749179513637
17,73,x_R03_EXIT_D,x_R10_EXIT_D,0.0006614061316606207
17,75,x_R03_EXIT_D,x_R10_EXIT_G,0.0004585749179513637
17,76,x_R03_EXIT_D,x_R10_EXIT_H,0.00014109997475426572
17,77,x_R03_EXIT_D,x_R10_EXIT_A,0.0004585749179513637
17,78,x_R03_EXIT_D,x_R10_EXIT_F,0.0004585749179513637
17,79,x_R03_EXIT_D,x_R10_EXIT_B,0.00014109997475426572
17,81,x_R03_EXIT_D,x_R11_EXIT_D,0.000202831213709257
17,82,x_R03_EXIT_D,x_R11_EXIT_E,0.0005820373958613462
17,89,x_R03_EXIT_D,x_R12_EXIT_D,0.000202831213709257
17,90,x_R03_EXIT_D,x_R12_EXIT_E,0.0005820373958613462
17,97,x_R03_EXIT_D,x_R13_EXIT_D,0.000202831213709257
17,98,x_R03_EXIT_D,x_R13_EXIT_E,0.0005820373958613462
17,105,x_R03_EXIT_D,x_R14_EXIT_D,0.000202831213709257
17,106,x_R03_EXIT_D,x_R14_EXIT_E,0.0005820373958613462
17,112,x_R03_EXIT_D,x_R15_EXIT_C,0.0003527499368856644
17,113,x_R03_EXIT_D,x_R15_EXIT_D,0.0005555811505949214
17,114,x_R03_EXIT_D,x_R15_EXIT_E,0.0002292874589756818
17,115,x_R03_EXIT_D,x_R15_EXIT_G,0.0003527499368856644
17,117,x_R03_EXIT_D,x_R15_EXIT_A,0.0003527499368856644
17,118,x_R03_EXIT_D,x_R15_EXIT_F,0.0003527499368856644
17,120,x_R03_EXIT_D,x_R16_EXIT_C,0.00040566242741851404
17,121,x_R03_EXIT_D,x_R16_EXIT_D,0.000608493641127771
17,122,x_R03_EXIT_D,x_R16_EXIT_E,0.00017637496844283217
17,123,x_R03_EXIT_D,x_R16_EXIT_G,0.00040566242741851404
17,125,x_R03_EXIT_D,x_R16_EXIT_A,0.00040566242741851404
17,126,x_R03_EXIT_D,x_R16_EXIT_F,0.00040566242741851404
17,128,x_R03_EXIT_D,x_R17_EXIT_C,0.0004585749179513637
17,129,x_R03_EXIT_D,x_R17_EXIT_D,0.0006614061316606207
17,130,x_R03_EXIT_D,x_R17_EXIT_E,0.00012346247790998252
17,131,x_R03_EXIT_D,x_R17_EXIT_G,0.0004585749179513637
17,132,x_R03_EXIT_D,x_R17_EXIT_H,0.00014109997475426572
17,133,x_R03_EXIT_D,x_R17_EXIT_A,0.0004585749179513637
17,134,x_R03_EXIT_D,x_R17_EXIT_F,0.0004585749179513637
17,135,x_R03_EXIT_D,x_R17_EXIT_B,0.00014109997475426572
17,136,x_R03_EXIT_D,x_R18_EXIT_C,0.0004585749179513637
17,137,x_R03_EXIT_D,x_R18_EXIT_D,0.0006614061316606207
17,138,x_R03_EXIT_D,x_R18_EXIT_E,0.00012346247790998252
17,139,x_R03_EXIT_D,x_R18_EXIT_G,0.0004585749179513637
17,140,x_R03_EXIT_D,x_R18_EXIT_H,0.00014109997475426572
17,141,x_R03_EXIT_D,x_R18_EXIT_A,0.0004585749179513637
17,142,x_R03_EXIT_D,x_R18_EXIT_F,0.0004585749179513637
17,143,x_R03_EXIT_D,x_R18_EXIT_B,0.00014109997475426572
17,144,x_R03_EXIT_D,x_R19_EXIT_C,0.00034393118846352263
17,145,x_R03_EXIT_D,x_R19_EXIT_D,0.0004960545987454653
17,147,x_R03_EXIT_D,x_R19_EXIT_G,0.00034393118846352263
17,148,x_R03_EXIT_D,x_R19_EXIT_H,0.0001058249810656993
17,149,x_R03_EXIT_D,x_R19_EXIT_A,0.00034393118846352263
17,150,x_R03_EXIT_D,x_R19_EXIT_F,0.00034393118846352263
17,151,x_R03_EXIT_D,x_R19_EXIT_B,0.0001058249810656993
17,153,x_R03_EXIT_D,x_R22_EXIT_D,0.0005070780342731424
17,154,x_R03_EXIT_D,x_R22_EXIT_E,0.0006614061316606207
17,161,x_R03_EXIT_D,x_R23_EXIT_D,0.0005070780342731424
17,162,x_R03_EXIT_D,x_R23_EXIT_E,0.0006614061316606207
17,169,x_R03_EXIT_D,x_R20_EXIT_D,0.00015212341028194274
17,170,x_R03_EXIT_D,x_R20_EXIT_E,0.0001984218394981862
17,177,x_R03_EXIT_D,x_R21_EXIT_D,0.0005070780342731424
17,178,x_R03_EXIT_D,x_R21_EXIT_E,0.0006614061316606207
17,185,x_R03_EXIT_D,x_R24_EXIT_D,0.0005070780342731424
17,186,x_R03_EXIT_D,x_R24_EXIT_E,0.0006614061316606207
17,193,x_R03_EXIT_D,x_R25_EXIT_D,0.0005070780342731424
17,194,x_R03_EXIT_D,x_R25_EXIT_E,0.0006614061316606207
17,201,x_R03_EXIT_D,x_R26_EXIT_D,0.0003042468205638855
17,202,x_R03_EXIT_D,x_R26_EXIT_E,0.0003968436789963724
17,217,x_R03_EXIT_D,x_R28_EXIT_D,0.0001014156068546285
17,218,x_R03_EXIT_D,x_R28_EXIT_E,0.00013228122633212412
17,225,x_R03_EXIT_D,x_R29_EXIT_D,0.000202831213709257
17,226,x_R03_EXIT_D,x_R29_EXIT_E,0.00026456245266424824
17,233,x_R03_EXIT_D,x_R30_EXIT_D,0.000202831213709257
17,234,x_R03_EXIT_D,x_R30_EXIT_E,0.00026456245266424824
17,249,x_R03_EXIT_D,x_R32_EXIT_D,0.000202831213709257
17,250,x_R03_EXIT_D,x_R32_EXIT_E,0.00026456245266424824
17,257,x_R03_EXIT_D,x_R33_EXIT_D,0.000202831213709257
17,258,x_R03_EXIT_D,x_R33_EXIT_E,0.00026456245266424824
18,19,x_R03_EXIT_E,x_R03_EXIT_G,1.8387871614580227
18,20,x_R03_EXIT_E,x_R03_EXIT_H,1.8387871614580227
18,21,x_R03_EXIT_E,x_R03_EXIT_A,1.8387871614580227
18,22,x_R03_EXIT_E,x_R03_EXIT_F,1.8387871614580227
18,23,x_R03_EXIT_E,x_R03_EXIT_B,1.8387871614580227
18,34,x_R03_EXIT_E,x_R05_EXIT_E,0.00017637496844283214
19,20,x_R03_EXIT_G,x_R03_EXIT_H,1.839051723910687
19,21,x_R03_EXIT_G,x_R03_EXIT_A,1.8395279363254826
19,22,x_R03_EXIT_G,x_R03_EXIT_F,1.8395279363254826
19,23,x_R03_EXIT_G,x_R03_EXIT_B,1.839051723910687
19,24,x_R03_EXIT_G,x_R04_EXIT_C,0.0005820373958613462
19,25,x_R03_EXIT_G,x_R04_EXIT_D,0.0005820373958613462
19,27,x_R03_EXIT_G,x_R04_EXIT_G,0.0012743091469994622
19,28,x_R03_EXIT_G,x_R04_EXIT_H,0.00026456245266424824
19,29,x_R03_EXIT_G,x_R04_EXIT_A,0.0007407748674598951
19,30,x_R03_EXIT_G,x_R04_EXIT_F,0.0007407748674598951
19,31,x_R03_EXIT_G,x_R04_EXIT_B,0.00026456245266424824
19,34,x_R03_EXIT_G,x_R05_EXIT_E,0.0029101869793067307
19,35,x_R03_EXIT_G,x_R05_EXIT_G,0.003461358755690581
19,36,x_R03_EXIT_G,x_R05_EXIT_H,0.0015873747159854895
19,37,x_R03_EXIT_G,x_R05_EXIT_A,0.0007936873579927448
19,38,x_R03_EXIT_G,x_R05_EXIT_F,0.0007936873579927448
19,39,x_R03_EXIT_G,x_R05_EXIT_B,0.0015873747159854895
19,42,x_R03_EXIT_G,x_R06_EXIT_E,0.00043652804689600953
19,43,x_R03_EXIT_G,x_R06_EXIT_G,0.0003703874337299475
19,45,x_R03_EXIT_G,x_R06_EXIT_A,0.00026786948332255137
19,50,x_R03_EXIT_G,x_R07_EXIT_E,0.0005820373958613462
19,51,x_R03_EXIT_G,x_R07_EXIT_G,0.0004938499116399301
19,53,x_R03_EXIT_G,x_R07_EXIT_A,0.0003571593110967352
19,56,x_R03_EXIT_G,x_R08_EXIT_C,0.0005114874084842134
19,57,x_R03_EXIT_G,x_R08_EXIT_D,0.0005114874084842134
19,59,x_R03_EXIT_G,x_R08_EXIT_G,0.0012037591596223292
19,60,x_R03_EXIT_G,x_R08_EXIT_H,0.00019401246528711534
19,61,x_R03_EXIT_G,x_R08_EXIT_A,0.0006702248800827622
19,62,x_R03_EXIT_G,x_R08_EXIT_F,0.0006702248800827622
19,63,x_R03_EXIT_G,x_R08_EXIT_B,0.00019401246528711534
19,64,x_R03_EXIT_G,x_R09_EXIT_C,0.0005114874084842134
19,65,x_R03_EXIT_G,x_R09_EXIT_D,0.0005114874084842134
19,67,x_R03_EXIT_G,x_R09_EXIT_G,0.0012037591596223292
19,68,x_R03_EXIT_G,x_R09_EXIT_H,0.00019401246528711534
19,69,x_R03_EXIT_G,x_R09_EXIT_A,0.0006702248800827622
19,70,x_R03_EXIT_G,x_R09_EXIT_F,0.0006702248800827622
19,71,x_R03_EXIT_G,x_R09_EXIT_B,0.00019401246528711534
19,72,x_R03_EXIT_G,x_R10_EXIT_C,0.0004585749179513637
19,73,x_R03_EXIT_G,x_R10_EXIT_D,0.0004585749179513637
19,75,x_R03_EXIT_G,x_R10_EXIT_G,0.0011508466690894796
19,76,x_R03_EXIT_G,x_R10_EXIT_H,0.00014109997475426572
19,77,x_R03_EXIT_G,x_R10_EXIT_A,0.0006173123895499126
19,78,x_R03_EXIT_G,x_R10_EXIT_F,0.0006173123895499126
19,79,x_R03_EXIT_G,x_R10_EXIT_B,0.00014109997475426572
19,82,x_R03_EXIT_G,x_R11_EXIT_E,0.0005820373958613462
19,83,x_R03_EXIT_G,x_R11_EXIT_G,0.0004938499116399301
19,85,x_R03_EXIT_G,x_R11_EXIT_A,0.0003571593110967352
19,90,x_R03_EXIT_G,x_R12_EXIT_E,0.0005820373958613462
19,91,x_R03_EXIT_G,x_R12_EXIT_G,0.0004938499116399301
19,93,x_R03_EXIT_G,x_R12_EXIT_A,0.0003571593110967352
19,98,x_R03_EXIT_G,x_R13_EXIT_E,0.0005820373958613462
19,99,x_R03_EXIT_G,x_R13_EXIT_G,0.0004938499116399301
19,101,x_R03_EXIT_G,x_R13_EXIT_A,0.0003571593110967352
19,106,x_R03_EXIT_G,x_R14_EXIT_E,0.0005820373958613462
19,107,x_R03_EXIT_G,x_R14_EXIT_G,0.0004938499116399301
19,109,x_R03_EXIT_G,x_R14_EXIT_A,0.0003571593110967352
19,112,x_R03_EXIT_G,x_R15_EXIT_C,0.0003527499368856644
19,113,x_R03_EXIT_G,x_R15_EXIT_D,0.0003527499368856644
19,114,x_R03_EXIT_G,x_R15_EXIT_E,0.0002292874589756818
19,115,x_R03_EXIT_G,x_R15_EXIT_G,0.0010450216880237807
19,117,x_R03_EXIT_G,x_R15_EXIT_A,0.0005114874084842133
19,118,x_R03_EXIT_G,x_R15_EXIT_F,0.0005114874084842133
19,120,x_R03_EXIT_G,x_R16_EXIT_C,0.00040566242741851404
19,121,x_R03_EXIT_G,x_R16_EXIT_D,0.00040566242741851404
19,122,x_R03_EXIT_G,x_R16_EXIT_E,0.00017637496844283217
19,123,x_R03_EXIT_G,x_R16_EXIT_G,0.0010979341785566303
19,125,x_R03_EXIT_G,x_R16_EXIT_A,0.0005643998990170629
19,126,x_R03_EXIT_G,x_R16_EXIT_F,0.0005643998990170629
19,128,x_R03_EXIT_G,x_R17_EXIT_C,0.0004585749179513637
19,129,x_R03_EXIT_G,x_R17_EXIT_D,0.0004585749179513637
19,130,x_R03_EXIT_G,x_R17_EXIT_E,0.00012346247790998252
19,131,x_R03_EXIT_G,x_R17_EXIT_G,0.0011508466690894796
19,132,x_R03_EXIT_G,x_R17_EXIT_H,0.00014109997475426572
19,133,x_R03_EXIT_G,x_R17_EXIT_A,0.0006173123895499126
19,134,x_R03_EXIT_G,x_R17_EXIT_F,0.0006173123895499126
19,135,x_R03_EXIT_G,x_R17_EXIT_B,0.00014109997475426572
19,136,x_R03_EXIT_G,x_R18_EXIT_C,0.0004585749179513637
19,137,x_R03_EXIT_G,x_R18_EXIT_D,0.0004585749179513637
19,138,x_R03_EXIT_G,x_R18_EXIT_E,0.00012346247790998252
19,139,x_R03_EXIT_G,x_R18_EXIT_G,0.0011508466690894796
19,140,x_R03_EXIT_G,x_R18_EXIT_H,0.00014109997475426572
19,141,x_R03_EXIT_G,x_R18_EXIT_A,0.0006173123895499126
19,142,x_R03_EXIT_G,x_R18_EXIT_F,0.0006173123895499126
19,143,x_R03_EXIT_G,x_R18_EXIT_B,0.00014109997475426572
19,144,x_R03_EXIT_G,x_R19_EXIT_C,0.00034393118846352263
19,145,x_R03_EXIT_G,x_R19_EXIT_D,0.00034393118846352263
19,147,x_R03_EXIT_G,x_R19_EXIT_G,0.00086313500181711
19,148,x_R03_EXIT_G,x_R19_EXIT_H,0.0001058249810656993
19,149,x_R03_EXIT_G,x_R19_EXIT_A,0.0004629842921624344
19,150,x_R03_EXIT_G,x_R19_EXIT_F,0.0004629842921624344
19,151,x_R03_EXIT_G,x_R19_EXIT_B,0.0001058249810656993
19,153,x_R03_EXIT_G,x_R22_EXIT_D,0.0003968436789963724
19,154,x_R03_EXIT_G,x_R22_EXIT_E,0.0006614061316606207
19,155,x_R03_EXIT_G,x_R22_EXIT_G,0.001333835698848918
19,161,x_R03_EXIT_G,x_R23_EXIT_D,0.0003968436789963724
19,162,x_R03_EXIT_G,x_R23_EXIT_E,0.0006614061316606207
19,163,x_R03_EXIT_G,x_R23_EXIT_G,0.001333835698848918
19,168,x_R03_EXIT_G,x_R20_EXIT_C,0.00026786948332255137
19,169,x_R03_EXIT_G,x_R20_EXIT_D,0.00041668586294619093
19,170,x_R03_EXIT_G,x_R20_EXIT_E,0.0004960545987454653
19,171,x_R03_EXIT_G,x_R20_EXIT_G,0.00010251795040739618
19,172,x_R03_EXIT_G,x_R20_EXIT_H,0.00029763275924727924
19,176,x_R03_EXIT_G,x_R21_EXIT_C,0.0004960545987454654
19,177,x_R03_EXIT_G,x_R21_EXIT_D,0.0009921091974909309
19,178,x_R03_EXIT_G,x_R21_EXIT_E,0.001256671650155179
19,179,x_R03_EXIT_G,x_R21_EXIT_G,0.0007385701803543596
19,180,x_R03_EXIT_G,x_R21_EXIT_H,0.0005952655184945586
19,185,x_R03_EXIT_G,x_R24_EXIT_D,0.0003968436789963724
19,186,x_R03_EXIT_G,x_R24_EXIT_E,0.0006614061316606207
19,187,x_R03_EXIT_G,x_R24_EXIT_G,0.001333835698848918
19,193,x_R03_EXIT_G,x_R25_EXIT_D,0.0003968436789963724
19,194,x_R03_EXIT_G,x_R25_EXIT_E,0.0006614061316606207
19,195,x_R03_EXIT_G,x_R25_EXIT_G,0.001333835698848918
19,201,x_R03_EXIT_G,x_R26_EXIT_D,0.0002381062073978234
19,202,x_R03_EXIT_G,x_R26_EXIT_E,0.0003968436789963724
19,203,x_R03_EXIT_G,x_R26_EXIT_G,0.0004431421082126158
19,211,x_R03_EXIT_G,x_R27_EXIT_G,0.00013338356988489185
19,218,x_R03_EXIT_G,x_R28_EXIT_E,0.00013228122633212412
19,224,x_R03_EXIT_G,x_R29_EXIT_C,0.00019842183949818622
19,225,x_R03_EXIT_G,x_R29_EXIT_D,0.00015873747159854897
19,226,x_R03_EXIT_G,x_R29_EXIT_E,0.00026456245266424824
19,227,x_R03_EXIT_G,x_R29_EXIT_G,0.0002954280721417439
19,233,x_R03_EXIT_G,x_R30_EXIT_D,0.00015873747159854897
19,234,x_R03_EXIT_G,x_R30_EXIT_E,0.00026456245266424824
19,235,x_R03_EXIT_G,x_R30_EXIT_G,0.0002954280721417439
19,249,x_R03_EXIT_G,x_R32_EXIT_D,0.00015873747159854897
19,250,x_R03_EXIT_G,x_R32_EXIT_E,0.00026456245266424824
19,251,x_R03_EXIT_G,x_R32_EXIT_G,0.0005335342795395674
19,257,x_R03_EXIT_G,x_R33_EXIT_D,0.00015873747159854897
19,258,x_R03_EXIT_G,x_R33_EXIT_E,0.00026456245266424824
19,259,x_R03_EXIT_G,x_R33_EXIT_G,0.0005335342795395674
20,21,x_R03_EXIT_H,x_R03_EXIT_A,1.839051723910687
20,22,x_R03_EXIT_H,x_R03_EXIT_F,1.839051723910687
20,23,x_R03_EXIT_H,x_R03_EXIT_B,1.839245736375974
20,24,x_R03_EXIT_H,x_R04_EXIT_C,0.00026456245266424824
20,25,x_R03_EXIT_H,x_R04_EXIT_D,0.00026456245266424824
20,27,x_R03_EXIT_H,x_R04_EXIT_G,0.00026456245266424824
20,28,x_R03_EXIT_H,x_R04_EXIT_H,0.0006173123895499126
20,29,x_R03_EXIT_H,x_R04_EXIT_A,0.00026456245266424824
20,30,x_R03_EXIT_H,x_R04_EXIT_F,0.00026456245266424824
20,31,x_R03_EXIT_H,x_R04_EXIT_B,0.0004585749179513636
20,34,x_R03_EXIT_H,x_R05_EXIT_E,0.0013228122633212414
20,36,x_R03_EXIT_H,x_R05_EXIT_H,0.0017637496844283215
20,39,x_R03_EXIT_H,x_R05_EXIT_B,0.0009700623264355769
20,42,x_R03_EXIT_H,x_R06_EXIT_E,0.0001984218394981862
20,44,x_R03_EXIT_H,x_R06_EXIT_H,0.0002116499621313986
20,50,x_R03_EXIT_H,x_R07_EXIT_E,0.00026456245266424824
20,52,x_R03_EXIT_H,x_R07_EXIT_H,0.00028219994950853144
20,55,x_R03_EXIT_H,x_R07_EXIT_B,0.0001234624779099825
20,56,x_R03_EXIT_H,x_R08_EXIT_C,0.00019401246528711534
20,57,x_R03_EXIT_H,x_R08_EXIT_D,0.00019401246528711534
20,59,x_R03_EXIT_H,x_R08_EXIT_G,0.00019401246528711534
20,60,x_R03_EXIT_H,x_R08_EXIT_H,0.0005467624021727797
20,61,x_R03_EXIT_H,x_R08_EXIT_A,0.00019401246528711534
20,62,x_R03_EXIT_H,x_R08_EXIT_F,0.00019401246528711534
20,63,x_R03_EXIT_H,x_R08_EXIT_B,0.00038802493057423073
20,64,x_R03_EXIT_H,x_R09_EXIT_C,0.00019401246528711534
20,65,x_R03_EXIT_H,x_R09_EXIT_D,0.00019401246528711534
20,67,x_R03_EXIT_H,x_R09_EXIT_G,0.00019401246528711534
20,68,x_R03_EXIT_H,x_R09_EXIT_H,0.0005467624021727797
20,69,x_R03_EXIT_H,x_R09_EXIT_A,0.00019401246528711534
20,70,x_R03_EXIT_H,x_R09_EXIT_F,0.00019401246528711534
20,71,x_R03_EXIT_H,x_R09_EXIT_B,0.00038802493057423073
20,72,x_R03_EXIT_H,x_R10_EXIT_C,0.00014109997475426572
20,73,x_R03_EXIT_H,x_R10_EXIT_D,0.00014109997475426572
20,75,x_R03_EXIT_H,x_R10_EXIT_G,0.00014109997475426572
20,76,x_R03_EXIT_H,x_R10_EXIT_H,0.0004938499116399301
20,77,x_R03_EXIT_H,x_R10_EXIT_A,0.00014109997475426572
20,78,x_R03_EXIT_H,x_R10_EXIT_F,0.00014109997475426572
20,79,x_R03_EXIT_H,x_R10_EXIT_B,0.0003351124400413811
20,82,x_R03_EXIT_H,x_R11_EXIT_E,0.00026456245266424824
20,84,x_R03_EXIT_H,x_R11_EXIT_H,0.00028219994950853144
20,87,x_R03_EXIT_H,x_R11_EXIT_B,0.0001234624779099825
20,90,x_R03_EXIT_H,x_R12_EXIT_E,0.00026456245266424824
20,92,x_R03_EXIT_H,x_R12_EXIT_H,0.00028219994950853144
20,95,x_R03_EXIT_H,x_R12_EXIT_B,0.0001234624779099825
20,98,x_R03_EXIT_H,x_R13_EXIT_E,0.00026456245266424824
20,100,x_R03_EXIT_H,x_R13_EXIT_H,0.00028219994950853144
20,103,x_R03_EXIT_H,x_R13_EXIT_B,0.0001234624779099825
20,106,x_R03_EXIT_H,x_R14_EXIT_E,0.00026456245266424824
20,108,x_R03_EXIT_H,x_R14_EXIT_H,0.00028219994950853144
20,111,x_R03_EXIT_H,x_R14_EXIT_B,0.0001234624779099825
20,114,x_R03_EXIT_H,x_R15_EXIT_E,0.0002292874589756818
20,116,x_R03_EXIT_H,x_R15_EXIT_H,0.00038802493057423073
20,119,x_R03_EXIT_H,x_R15_EXIT_B,0.0002292874589756818
20,122,x_R03_EXIT_H,x_R16_EXIT_E,0.00017637496844283217
20,124,x_R03_EXIT_H,x_R16_EXIT_H,0.00044093742110708044
20,127,x_R03_EXIT_H,x_R16_EXIT_B,0.00028219994950853144
20,128,x_R03_EXIT_H,x_R17_EXIT_C,0.00014109997475426572
20,129,x_R03_EXIT_H,x_R17_EXIT_D,0.00014109997475426572
20,130,x_R03_EXIT_H,x_R17_EXIT_E,0.00012346247790998252
20,131,x_R03_EXIT_H,x_R17_EXIT_G,0.00014109997475426572
20,132,x_R03_EXIT_H,x_R17_EXIT_H,0.0004938499116399301
20,133,x_R03_EXIT_H,x_R17_EXIT_A,0.00014109997475426572
20,134,x_R03_EXIT_H,x_R17_EXIT_F,0.00014109997475426572
20,135,x_R03_EXIT_H,x_R17_EXIT_B,0.0003351124400413811
20,136,x_R03_EXIT_H,x_R18_EXIT_C,0.00014109997475426572
20,137,x_R03_EXIT_H,x_R18_EXIT_D,0.00014109997475426572
20,138,x_R03_EXIT_H,x_R18_EXIT_E,0.00012346247790998252
20,139,x_R03_EXIT_H,x_R18_EXIT_G,0.00014109997475426572
20,140,x_R03_EXIT_H,x_R18_EXIT_H,0.0004938499116399301
20,141,x_R03_EXIT_H,x_R18_EXIT_A,0.00014109997475426572
20,142,x_R03_EXIT_H,x_R18_EXIT_F,0.00014109997475426572
20,143,x_R03_EXIT_H,x_R18_EXIT_B,0.0003351124400413811
20,144,x_R03_EXIT_H,x_R19_EXIT_C,0.0001058249810656993
20,145,x_R03_EXIT_H,x_R19_EXIT_D,0.0001058249810656993
20,147,x_R03_EXIT_H,x_R19_EXIT_G,0.0001058249810656993
20,148,x_R03_EXIT_H,x_R19_EXIT_H,0.00037038743372994754
20,149,x_R03_EXIT_H,x_R19_EXIT_A,0.0001058249810656993
20,150,x_R03_EXIT_H,x_R19_EXIT_F,0.0001058249810656993
20,151,x_R03_EXIT_H,x_R19_EXIT_B,0.0002513343300310358
20,154,x_R03_EXIT_H,x_R22_EXIT_E,0.0008377811001034528
20,156,x_R03_EXIT_H,x_R22_EXIT_H,0.0007054998737713286
20,162,x_R03_EXIT_H,x_R23_EXIT_E,0.0010141560685462847
20,164,x_R03_EXIT_H,x_R23_EXIT_H,0.0005291249053284965
20,170,x_R03_EXIT_H,x_R20_EXIT_E,0.00025133433003103584
20,172,x_R03_EXIT_H,x_R20_EXIT_H,0.0002116499621313986
20,178,x_R03_EXIT_H,x_R21_EXIT_E,0.0008377811001034528
20,180,x_R03_EXIT_H,x_R21_EXIT_H,0.0007054998737713286
20,184,x_R03_EXIT_H,x_R24_EXIT_C,0.0003086561947749563
20,185,x_R03_EXIT_H,x_R24_EXIT_D,0.0003086561947749563
20,186,x_R03_EXIT_H,x_R24_EXIT_E,0.0011464372948784092
20,187,x_R03_EXIT_H,x_R24_EXIT_G,0.0003086561947749563
20,188,x_R03_EXIT_H,x_R24_EXIT_H,0.0003968436789963724
20,192,x_R03_EXIT_H,x_R25_EXIT_C,0.0005732186474392045
20,193,x_R03_EXIT_H,x_R25_EXIT_D,0.0005732186474392045
20,194,x_R03_EXIT_H,x_R25_EXIT_E,0.0014109997475426571
20,195,x_R03_EXIT_H,x_R25_EXIT_G,0.0005732186474392045
20,196,x_R03_EXIT_H,x_R25_EXIT_H,0.0001322812263321241
20,202,x_R03_EXIT_H,x_R26_EXIT_E,0.0005026686600620717
20,204,x_R03_EXIT_H,x_R26_EXIT_H,0.0003174749431970979
20,210,x_R03_EXIT_H,x_R27_EXIT_E,0.00010141560685462848
20,218,x_R03_EXIT_H,x_R28_EXIT_E,0.00016755622002069054
20,220,x_R03_EXIT_H,x_R28_EXIT_H,0.00014109997475426572
20,226,x_R03_EXIT_H,x_R29_EXIT_E,0.0003351124400413811
20,228,x_R03_EXIT_H,x_R29_EXIT_H,0.00028219994950853144
20,234,x_R03_EXIT_H,x_R30_EXIT_E,0.0003351124400413811
20,242,x_R03_EXIT_H,x_R31_EXIT_E,0.00010141560685462848
20,250,x_R03_EXIT_H,x_R32_EXIT_E,0.00040566242741851393
20,258,x_R03_EXIT_H,x_R33_EXIT_E,0.00040566242741851393
21,22,x_R03_EXIT_A,x_R03_EXIT_F,1.839863048765524
21,23,x_R03_EXIT_A,x_R03_EXIT_B,1.839051723910687
21,24,x_R03_EXIT_A,x_R04_EXIT_C,0.0005820373958613462
21,25,x_R03_EXIT_A,x_R04_EXIT_D,0.0005820373958613462
21,27,x_R03_EXIT_A,x_R04_EXIT_G,0.0007407748674598951
21,28,x_R03_EXIT_A,x_R04_EXIT_H,0.00026456245266424824
21,29,x_R03_EXIT_A,x_R04_EXIT_A,0.002242166786329504
21,30,x_R03_EXIT_A,x_R04_EXIT_F,0.0010758873075012762
21,31,x_R03_EXIT_A,x_R04_EXIT_B,0.00026456245266424824
21,34,x_R03_EXIT_A,x_R05_EXIT_E,0.0029101869793067307
21,35,x_R03_EXIT_A,x_R05_EXIT_G,0.0007936873579927448
21,36,x_R03_EXIT_A,x_R05_EXIT_H,0.0015873747159854895
21,37,x_R03_EXIT_A,x_R05_EXIT_A,0.008300646952340788
21,38,x_R03_EXIT_A,x_R05_EXIT_F,0.0024692495581996503
21,39,x_R03_EXIT_A,x_R05_EXIT_B,0.0015873747159854895
21,42,x_R03_EXIT_A,x_R06_EXIT_E,0.00043652804689600953
21,45,x_R03_EXIT_A,x_R06_EXIT_A,0.0002662159679933998
21,46,x_R03_EXIT_A,x_R06_EXIT_F,0.0002513343300310358
21,50,x_R03_EXIT_A,x_R07_EXIT_E,0.0005820373958613462
21,53,x_R03_EXIT_A,x_R07_EXIT_A,0.0003549546239911998
21,54,x_R03_EXIT_A,x_R07_EXIT_F,0.00033511244004138114
21,56,x_R03_EXIT_A,x_R08_EXIT_C,0.0005114874084842134
21,57,x_R03_EXIT_A,x_R08_EXIT_D,0.0005114874084842134
21,59,x_R03_EXIT_A,x_R08_EXIT_G,0.0006702248800827622
21,60,x_R03_EXIT_A,x_R08_EXIT_H,0.00019401246528711534
21,61,x_R03_EXIT_A,x_R08_EXIT_A,0.002171616798952371
21,62,x_R03_EXIT_A,x_R08_EXIT_F,0.0010053373201241434
21,63,x_R03_EXIT_A,x_R08_EXIT_B,0.00019401246528711534
21,64,x_R03_EXIT_A,x_R09_EXIT_C,0.0005114874084842134
21,65,x_R03_EXIT_A,x_R09_EXIT_D,0.0005114874084842134
21,67,x_R03_EXIT_A,x_R09_EXIT_G,0.0006702248800827622
21,68,x_R03_EXIT_A,x_R09_EXIT_H,0.00019401246528711534
21,69,x_R03_EXIT_A,x_R09_EXIT_A,0.002171616798952371
21,70,x_R03_EXIT_A,x_R09_EXIT_F,0.0010053373201241434
21,71,x_R03_EXIT_A,x_R09_EXIT_B,0.00019401246528711534
21,72,x_R03_EXIT_A,x_R10_EXIT_C,0.0004585749179513637
21,73,x_R03_EXIT_A,x_R10_EXIT_D,0.0004585749179513637
21,75,x_R03_EXIT_A,x_R10_EXIT_G,0.0006173123895499126
21,76,x_R03_EXIT_A,x_R10_EXIT_H,0.00014109997475426572
21,77,x_R03_EXIT_A,x_R10_EXIT_A,0.002118704308419521
21,78,x_R03_EXIT_A,x_R10_EXIT_F,0.0009524248295912937
21,79,x_R03_EXIT_A,x_R10_EXIT_B,0.00014109997475426572
21,82,x_R03_EXIT_A,x_R11_EXIT_E,0.0005820373958613462
21,85,x_R03_EXIT_A,x_R11_EXIT_A,0.0003549546239911998
21,86,x_R03_EXIT_A,x_R11_EXIT_F,0.00033511244004138114
21,90,x_R03_EXIT_A,x_R12_EXIT_E,0.0005820373958613462
21,93,x_R03_EXIT_A,x_R12_EXIT_A,0.0003549546239911998
21,94,x_R03_EXIT_A,x_R12_EXIT_F,0.00033511244004138114
21,98,x_R03_EXIT_A,x_R13_EXIT_E,0.0005820373958613462
21,101,x_R03_EXIT_A,x_R13_EXIT_A,0.0003549546239911998
21,102,x_R03_EXIT_A,x_R13_EXIT_F,0.00033511244004138114
21,106,x_R03_EXIT_A,x_R14_EXIT_E,0.0005820373958613462
21,109,x_R03_EXIT_A,x_R14_EXIT_A,0.0003549546239911998
21,110,x_R03_EXIT_A,x_R14_EXIT_F,0.00033511244004138114
21,112,x_R03_EXIT_A,x_R15_EXIT_C,0.0003527499368856644
21,113,x_R03_EXIT_A,x_R15_EXIT_D,0.0003527499368856644
21,114,x_R03_EXIT_A,x_R15_EXIT_E,0.0002292874589756818
21,115,x_R03_EXIT_A,x_R15_EXIT_G,0.0005114874084842133
21,117,x_R03_EXIT_A,x_R15_EXIT_A,0.002012879327353822
21,118,x_R03_EXIT_A,x_R15_EXIT_F,0.0008465998485255944
21,120,x_R03_EXIT_A,x_R16_EXIT_C,0.00040566242741851404
21,121,x_R03_EXIT_A,x_R16_EXIT_D,0.00040566242741851404
21,122,x_R03_EXIT_A,x_R16_EXIT_E,0.00017637496844283217
21,123,x_R03_EXIT_A,x_R16_EXIT_G,0.0005643998990170629
21,125,x_R03_EXIT_A,x_R16_EXIT_A,0.0020657918178866716
21,126,x_R03_EXIT_A,x_R16_EXIT_F,0.0008995123390584441
21,128,x_R03_EXIT_A,x_R17_EXIT_C,0.0004585749179513637
21,129,x_R03_EXIT_A,x_R17_EXIT_D,0.0004585749179513637
21,130,x_R03_EXIT_A,x_R17_EXIT_E,0.00012346247790998252
21,131,x_R03_EXIT_A,x_R17_EXIT_G,0.0006173123895499126
21,132,x_R03_EXIT_A,x_R17_EXIT_H,0.00014109997475426572
21,133,x_R03_EXIT_A,x_R17_EXIT_A,0.002118704308419521
21,134,x_R03_EXIT_A,x_R17_EXIT_F,0.0009524248295912937
21,135,x_R03_EXIT_A,x_R17_EXIT_B,0.00014109997475426572
21,136,x_R03_EXIT_A,x_R18_EXIT_C,0.0004585749179513637
21,137,x_R03_EXIT_A,x_R18_EXIT_D,0.0004585749179513637
21,138,x_R03_EXIT_A,x_R18_EXIT_E,0.00012346247790998252
21,139,x_R03_EXIT_A,x_R18_EXIT_G,0.0006173123895499126
21,140,x_R03_EXIT_A,x_R18_EXIT_H,0.00014109997475426572
21,141,x_R03_EXIT_A,x_R18_EXIT_A,0.002118704308419521
21,142,x_R03_EXIT_A,x_R18_EXIT_F,0.0009524248295912937
21,143,x_R03_EXIT_A,x_R18_EXIT_B,0.00014109997475426572
21,144,x_R03_EXIT_A,x_R19_EXIT_C,0.00034393118846352263
21,145,x_R03_EXIT_A,x_R19_EXIT_D,0.00034393118846352263
21,147,x_R03_EXIT_A,x_R19_EXIT_G,0.0004629842921624344
21,148,x_R03_EXIT_A,x_R19_EXIT_H,0.0001058249810656993
21,149,x_R03_EXIT_A,x_R19_EXIT_A,0.001589028231314641
21,150,x_R03_EXIT_A,x_R19_EXIT_F,0.0007143186221934702
21,151,x_R03_EXIT_A,x_R19_EXIT_B,0.0001058249810656993
21,152,x_R03_EXIT_A,x_R22_EXIT_C,0.0008377811001034529
21,153,x_R03_EXIT_A,x_R22_EXIT_D,0.0012346247790998252
21,154,x_R03_EXIT_A,x_R22_EXIT_E,0.0014991872317640733
21,155,x_R03_EXIT_A,x_R22_EXIT_G,0.0008377811001034529
21,156,x_R03_EXIT_A,x_R22_EXIT_H,0.0008377811001034529
21,157,x_R03_EXIT_A,x_R22_EXIT_A,0.0029156986970705692
21,160,x_R03_EXIT_A,x_R23_EXIT_C,0.0007936873579927448
21,161,x_R03_EXIT_A,x_R23_EXIT_D,0.0011905310369891172
21,162,x_R03_EXIT_A,x_R23_EXIT_E,0.0006614061316606207
21,163,x_R03_EXIT_A,x_R23_EXIT_G,0.0007936873579927448
21,165,x_R03_EXIT_A,x_R23_EXIT_A,0.0029156986970705692
21,169,x_R03_EXIT_A,x_R20_EXIT_D,0.0001190531036989117
21,170,x_R03_EXIT_A,x_R20_EXIT_E,0.0001984218394981862
21,173,x_R03_EXIT_A,x_R20_EXIT_A,0.0002662159679933998
21,174,x_R03_EXIT_A,x_R20_EXIT_F,0.0002381062073978234
21,175,x_R03_EXIT_A,x_R20_EXIT_B,0.0002381062073978234
21,177,x_R03_EXIT_A,x_R21_EXIT_D,0.0003968436789963724
21,178,x_R03_EXIT_A,x_R21_EXIT_E,0.0006614061316606207
21,181,x_R03_EXIT_A,x_R21_EXIT_A,0.001383441158723465
21,182,x_R03_EXIT_A,x_R21_EXIT_F,0.0002976327592472793
21,183,x_R03_EXIT_A,x_R21_EXIT_B,0.0002976327592472793
21,185,x_R03_EXIT_A,x_R24_EXIT_D,0.0003968436789963724
21,186,x_R03_EXIT_A,x_R24_EXIT_E,0.0006614061316606207
21,189,x_R03_EXIT_A,x_R24_EXIT_A,0.001681073917970744
21,193,x_R03_EXIT_A,x_R25_EXIT_D,0.0003968436789963724
21,194,x_R03_EXIT_A,x_R25_EXIT_E,0.0006614061316606207
21,197,x_R03_EXIT_A,x_R25_EXIT_A,0.001681073917970744
21,200,x_R03_EXIT_A,x_R26_EXIT_C,0.001131004485139661
21,201,x_R03_EXIT_A,x_R26_EXIT_D,0.0013691106925374844
21,202,x_R03_EXIT_A,x_R26_EXIT_E,0.0015278481641360336
21,203,x_R03_EXIT_A,x_R26_EXIT_G,0.0002381062073978234
21,205,x_R03_EXIT_A,x_R26_EXIT_A,0.0010681709026319024
21,209,x_R03_EXIT_A,x_R27_EXIT_D,0.00011905310369891172
21,213,x_R03_EXIT_A,x_R27_EXIT_A,0.00017802848377198373
21,216,x_R03_EXIT_A,x_R28_EXIT_C,0.0002629089373350967
21,217,x_R03_EXIT_A,x_R28_EXIT_D,0.0007986479039801995
21,218,x_R03_EXIT_A,x_R28_EXIT_E,0.0008515603945130491
21,219,x_R03_EXIT_A,x_R28_EXIT_G,0.00016369801758600363
21,220,x_R03_EXIT_A,x_R28_EXIT_H,0.0007192791681809251
21,222,x_R03_EXIT_A,x_R28_EXIT_F,0.00032243548918455255
21,223,x_R03_EXIT_A,x_R28_EXIT_B,0.00032243548918455255
21,225,x_R03_EXIT_A,x_R29_EXIT_D,0.0010714779332902055
21,226,x_R03_EXIT_A,x_R29_EXIT_E,0.0011773029143559044
21,228,x_R03_EXIT_A,x_R29_EXIT_H,0.0009127404616916565
21,230,x_R03_EXIT_A,x_R29_EXIT_F,0.00011905310369891172
21,231,x_R03_EXIT_A,x_R29_EXIT_B,0.00011905310369891172
21,232,x_R03_EXIT_A,x_R30_EXIT_C,0.0007936873579927449
21,233,x_R03_EXIT_A,x_R30_EXIT_D,0.0009524248295912938
21,234,x_R03_EXIT_A,x_R30_EXIT_E,0.0010582498106569932
21,235,x_R03_EXIT_A,x_R30_EXIT_G,0.00011905310369891172
21,237,x_R03_EXIT_A,x_R30_EXIT_A,0.0006724295671882976
21,245,x_R03_EXIT_A,x_R31_EXIT_A,0.0001681073917970744
21,249,x_R03_EXIT_A,x_R32_EXIT_D,0.00015873747159854897
21,250,x_R03_EXIT_A,x_R32_EXIT_E,0.00026456245266424824
21,253,x_R03_EXIT_A,x_R32_EXIT_A,0.0006724295671882976
21,257,x_R03_EXIT_A,x_R33_EXIT_D,0.00015873747159854897
21,258,x_R03_EXIT_A,x_R33_EXIT_E,0.00026456245266424824
21,261,x_R03_EXIT_A,x_R33_EXIT_A,0.0006724295671882976
22,23,x_R03_EXIT_F,x_R03_EXIT_B,1.839051723910687
22,24,x_R03_EXIT_F,x_R04_EXIT_C,0.0005820373958613462
22,25,x_R03_EXIT_F,x_R04_EXIT_D,0.0005820373958613462
22,27,x_R03_EXIT_F,x_R04_EXIT_G,0.0007407748674598951
22,28,x_R03_EXIT_F,x_R04_EXIT_H,0.00026456245266424824
22,29,x_R03_EXIT_F,x_R04_EXIT_A,0.0010758873075012762
22,30,x_R03_EXIT_F,x_R04_EXIT_F,0.0017461121875840383
22,31,x_R03_EXIT_F,x_R04_EXIT_B,0.00026456245266424824
22,34,x_R03_EXIT_F,x_R05_EXIT_E,0.0029101869793067307
22,35,x_R03_EXIT_F,x_R05_EXIT_G,0.0007936873579927448
22,36,x_R03_EXIT_F,x_R05_EXIT_H,0.0015873747159854895
22,37,x_R03_EXIT_F,x_R05_EXIT_A,0.0024692495581996503
22,38,x_R03_EXIT_F,x_R05_EXIT_F,0.005820373958613461
22,39,x_R03_EXIT_F,x_R05_EXIT_B,0.0015873747159854895
22,42,x_R03_EXIT_F,x_R06_EXIT_E,0.00043652804689600953
22,46,x_R03_EXIT_F,x_R06_EXIT_F,0.0007540029900931076
22,50,x_R03_EXIT_F,x_R07_EXIT_E,0.0005820373958613462
22,54,x_R03_EXIT_F,x_R07_EXIT_F,0.0010053373201241436
22,56,x_R03_EXIT_F,x_R08_EXIT_C,0.0005114874084842134
22,57,x_R03_EXIT_F,x_R08_EXIT_D,0.0005114874084842134
22,59,x_R03_EXIT_F,x_R08_EXIT_G,0.0006702248800827622
22,60,x_R03_EXIT_F,x_R08_EXIT_H,0.00019401246528711534
22,61,x_R03_EXIT_F,x_R08_EXIT_A,0.0010053373201241434
22,62,x_R03_EXIT_F,x_R08_EXIT_F,0.0016755622002069055
22,63,x_R03_EXIT_F,x_R08_EXIT_B,0.00019401246528711534
22,64,x_R03_EXIT_F,x_R09_EXIT_C,0.0005114874084842134
22,65,x_R03_EXIT_F,x_R09_EXIT_D,0.0005114874084842134
22,67,x_R03_EXIT_F,x_R09_EXIT_G,0.0006702248800827622
22,68,x_R03_EXIT_F,x_R09_EXIT_H,0.00019401246528711534
22,69,x_R03_EXIT_F,x_R09_EXIT_A,0.0010053373201241434
22,70,x_R03_EXIT_F,x_R09_EXIT_F,0.0016755622002069055
22,71,x_R03_EXIT_F,x_R09_EXIT_B,0.00019401246528711534
22,72,x_R03_EXIT_F,x_R10_EXIT_C,0.0004585749179513637
22,73,x_R03_EXIT_F,x_R10_EXIT_D,0.0004585749179513637
22,75,x_R03_EXIT_F,x_R10_EXIT_G,0.0006173123895499126
22,76,x_R03_EXIT_F,x_R10_EXIT_H,0.00014109997475426572
22,77,x_R03_EXIT_F,x_R10_EXIT_A,0.0009524248295912937
22,78,x_R03_EXIT_F,x_R10_EXIT_F,0.001622649709674056
22,79,x_R03_EXIT_F,x_R10_EXIT_B,0.00014109997475426572
22,82,x_R03_EXIT_F,x_R11_EXIT_E,0.0005820373958613462
22,86,x_R03_EXIT_F,x_R11_EXIT_F,0.0010053373201241436
22,90,x_R03_EXIT_F,x_R12_EXIT_E,0.0005820373958613462
22,94,x_R03_EXIT_F,x_R12_EXIT_F,0.0010053373201241436
22,98,x_R03_EXIT_F,x_R13_EXIT_E,0.0005820373958613462
22,102,x_R03_EXIT_F,x_R13_EXIT_F,0.0010053373201241436
22,106,x_R03_EXIT_F,x_R14_EXIT_E,0.0005820373958613462
22,110,x_R03_EXIT_F,x_R14_EXIT_F,0.0010053373201241436
22,112,x_R03_EXIT_F,x_R15_EXIT_C,0.0003527499368856644
22,113,x_R03_EXIT_F,x_R15_EXIT_D,0.0003527499368856644
22,114,x_R03_EXIT_F,x_R15_EXIT_E,0.0002292874589756818
22,115,x_R03_EXIT_F,x_R15_EXIT_G,0.0005114874084842133
22,117,x_R03_EXIT_F,x_R15_EXIT_A,0.0008465998485255944
22,118,x_R03_EXIT_F,x_R15_EXIT_F,0.0015168247286083568
22,120,x_R03_EXIT_F,x_R16_EXIT_C,0.00040566242741851404
22,121,x_R03_EXIT_F,x_R16_EXIT_D,0.00040566242741851404
22,122,x_R03_EXIT_F,x_R16_EXIT_E,0.00017637496844283217
22,123,x_R03_EXIT_F,x_R16_EXIT_G,0.0005643998990170629
22,125,x_R03_EXIT_F,x_R16_EXIT_A,0.0008995123390584441
22,126,x_R03_EXIT_F,x_R16_EXIT_F,0.0015697372191412064
22,128,x_R03_EXIT_F,x_R17_EXIT_C,0.0004585749179513637
22,129,x_R03_EXIT_F,x_R17_EXIT_D,0.0004585749179513637
22,130,x_R03_EXIT_F,x_R17_EXIT_E,0.00012346247790998252
22,131,x_R03_EXIT_F,x_R17_EXIT_G,0.0006173123895499126
22,132,x_R03_EXIT_F,x_R17_EXIT_H,0.00014109997475426572
22,133,x_R03_EXIT_F,x_R17_EXIT_A,0.0009524248295912937
22,134,x_R03_EXIT_F,x_R17_EXIT_F,0.001622649709674056
22,135,x_R03_EXIT_F,x_R17_EXIT_B,0.00014109997475426572
22,136,x_R03_EXIT_F,x_R18_EXIT_C,0.0004585749179513637
22,137,x_R03_EXIT_F,x_R18_EXIT_D,0.0004585749179513637
22,138,x_R03_EXIT_F,x_R18_EXIT_E,0.00012346247790998252
22,139,x_R03_EXIT_F,x_R18_EXIT_G,0.0006173123895499126
22,140,x_R03_EXIT_F,x_R18_EXIT_H,0.00014109997475426572
22,141,x_R03_EXIT_F,x_R18_EXIT_A,0.0009524248295912937
22,142,x_R03_EXIT_F,x_R18_EXIT_F,0.001622649709674056
22,143,x_R03_EXIT_F,x_R18_EXIT_B,0.00014109997475426572
22,144,x_R03_EXIT_F,x_R19_EXIT_C,0.00034393118846352263
22,145,x_R03_EXIT_F,x_R19_EXIT_D,0.00034393118846352263
22,147,x_R03_EXIT_F,x_R19_EXIT_G,0.0004629842921624344
22,148,x_R03_EXIT_F,x_R19_EXIT_H,0.0001058249810656993
22,149,x_R03_EXIT_F,x_R19_EXIT_A,0.0007143186221934702
22,150,x_R03_EXIT_F,x_R19_EXIT_F,0.001216987282255542
22,151,x_R03_EXIT_F,x_R19_EXIT_B,0.0001058249810656993
22,152,x_R03_EXIT_F,x_R22_EXIT_C,0.0008377811001034529
22,153,x_R03_EXIT_F,x_R22_EXIT_D,0.0012346247790998252
22,154,x_R03_EXIT_F,x_R22_EXIT_E,0.0014991872317640733
22,155,x_R03_EXIT_F,x_R22_EXIT_G,0.0008377811001034529
22,156,x_R03_EXIT_F,x_R22_EXIT_H,0.0008377811001034529
22,158,x_R03_EXIT_F,x_R22_EXIT_F,0.0016755622002069058
22,159,x_R03_EXIT_F,x_R22_EXIT_B,0.0008377811001034529
22,160,x_R03_EXIT_F,x_R23_EXIT_C,0.0015873747159854895
22,161,x_R03_EXIT_F,x_R23_EXIT_D,0.0019842183949818617
22,162,x_R03_EXIT_F,x_R23_EXIT_E,0.0006614061316606207
22,163,x_R03_EXIT_F,x_R23_EXIT_G,0.0015873747159854895
22,165,x_R03_EXIT_F,x_R23_EXIT_A,0.0008377811001034529
22,166,x_R03_EXIT_F,x_R23_EXIT_F,0.0008377811001034527
22,169,x_R03_EXIT_F,x_R20_EXIT_D,0.0001190531036989117
22,170,x_R03_EXIT_F,x_R20_EXIT_E,0.0001984218394981862
22,174,x_R03_EXIT_F,x_R20_EXIT_F,0.00010251795040739618
22,177,x_R03_EXIT_F,x_R21_EXIT_D,0.0003968436789963724
22,178,x_R03_EXIT_F,x_R21_EXIT_E,0.0006614061316606207
22,182,x_R03_EXIT_F,x_R21_EXIT_F,0.00034172650135798734
22,185,x_R03_EXIT_F,x_R24_EXIT_D,0.0003968436789963724
22,186,x_R03_EXIT_F,x_R24_EXIT_E,0.0006614061316606207
22,190,x_R03_EXIT_F,x_R24_EXIT_F,0.00034172650135798734
22,193,x_R03_EXIT_F,x_R25_EXIT_D,0.0003968436789963724
22,194,x_R03_EXIT_F,x_R25_EXIT_E,0.0006614061316606207
22,198,x_R03_EXIT_F,x_R25_EXIT_F,0.00034172650135798734
22,200,x_R03_EXIT_F,x_R26_EXIT_C,0.0004762124147956468
22,201,x_R03_EXIT_F,x_R26_EXIT_D,0.0007143186221934702
22,202,x_R03_EXIT_F,x_R26_EXIT_E,0.0008730560937920191
22,204,x_R03_EXIT_F,x_R26_EXIT_H,0.00017857965554836754
22,206,x_R03_EXIT_F,x_R26_EXIT_F,0.0003240890045137041
22,208,x_R03_EXIT_F,x_R27_EXIT_C,0.00018850074752327687
22,209,x_R03_EXIT_F,x_R27_EXIT_D,0.00022818511542291417
22,211,x_R03_EXIT_F,x_R27_EXIT_G,0.00018850074752327687
22,217,x_R03_EXIT_F,x_R28_EXIT_D,0.00023810620739782344
22,218,x_R03_EXIT_F,x_R28_EXIT_E,0.0002910186979306731
22,220,x_R03_EXIT_F,x_R28_EXIT_H,0.00015873747159854897
22,225,x_R03_EXIT_F,x_R29_EXIT_D,0.0004762124147956469
22,226,x_R03_EXIT_F,x_R29_EXIT_E,0.0005820373958613462
22,228,x_R03_EXIT_F,x_R29_EXIT_H,0.00031747494319709794
22,230,x_R03_EXIT_F,x_R29_EXIT_F,0.00013669060054319495
22,232,x_R03_EXIT_F,x_R30_EXIT_C,0.00031747494319709794
22,233,x_R03_EXIT_F,x_R30_EXIT_D,0.0004762124147956469
22,234,x_R03_EXIT_F,x_R30_EXIT_E,0.0005820373958613462
22,249,x_R03_EXIT_F,x_R32_EXIT_D,0.00015873747159854897
22,250,x_R03_EXIT_F,x_R32_EXIT_E,0.00026456245266424824
22,254,x_R03_EXIT_F,x_R32_EXIT_F,0.00013669060054319495
22,257,x_R03_EXIT_F,x_R33_EXIT_D,0.00015873747159854897
22,258,x_R03_EXIT_F,x_R33_EXIT_E,0.00026456245266424824
22,262,x_R03_EXIT_F,x_R33_EXIT_F,0.00013669060054319495
23,24,x_R03_EXIT_B,x_R04_EXIT_C,0.00026456245266424824
23,25,x_R03_EXIT_B,x_R04_EXIT_D,0.00026456245266424824
23,27,x_R03_EXIT_B,x_R04_EXIT_G,0.00026456245266424824
23,28,x_R03_EXIT_B,x_R04_EXIT_H,0.0004585749179513636
23,29,x_R03_EXIT_B,x_R04_EXIT_A,0.00026456245266424824
23,30,x_R03_EXIT_B,x_R04_EXIT_F,0.00026456245266424824
23,31,x_R03_EXIT_B,x_R04_EXIT_B,0.002120908995525056
23,34,x_R03_EXIT_B,x_R05_EXIT_E,0.0013228122633212414
23,36,x_R03_EXIT_B,x_R05_EXIT_H,0.0009700623264355769
23,39,x_R03_EXIT_B,x_R05_EXIT_B,0.00928173271430404
23,42,x_R03_EXIT_B,x_R06_EXIT_E,0.0001984218394981862
23,47,x_R03_EXIT_B,x_R06_EXIT_B,0.0013393474166127567
23,50,x_R03_EXIT_B,x_R07_EXIT_E,0.00026456245266424824
23,52,x_R03_EXIT_B,x_R07_EXIT_H,0.0001234624779099825
23,55,x_R03_EXIT_B,x_R07_EXIT_B,0.0017857965554836759
23,56,x_R03_EXIT_B,x_R08_EXIT_C,0.00019401246528711534
23,57,x_R03_EXIT_B,x_R08_EXIT_D,0.00019401246528711534
23,59,x_R03_EXIT_B,x_R08_EXIT_G,0.00019401246528711534
23,60,x_R03_EXIT_B,x_R08_EXIT_H,0.00038802493057423073
23,61,x_R03_EXIT_B,x_R08_EXIT_A,0.00019401246528711534
23,62,x_R03_EXIT_B,x_R08_EXIT_F,0.00019401246528711534
23,63,x_R03_EXIT_B,x_R08_EXIT_B,0.0020503590081479236
23,64,x_R03_EXIT_B,x_R09_EXIT_C,0.00019401246528711534
23,65,x_R03_EXIT_B,x_R09_EXIT_D,0.00019401246528711534
23,67,x_R03_EXIT_B,x_R09_EXIT_G,0.00019401246528711534
23,68,x_R03_EXIT_B,x_R09_EXIT_H,0.00038802493057423073
23,69,x_R03_EXIT_B,x_R09_EXIT_A,0.00019401246528711534
23,70,x_R03_EXIT_B,x_R09_EXIT_F,0.00019401246528711534
23,71,x_R03_EXIT_B,x_R09_EXIT_B,0.0020503590081479236
23,72,x_R03_EXIT_B,x_R10_EXIT_C,0.00014109997475426572
23,73,x_R03_EXIT_B,x_R10_EXIT_D,0.00014109997475426572
23,75,x_R03_EXIT_B,x_R10_EXIT_G,0.00014109997475426572
23,76,x_R03_EXIT_B,x_R10_EXIT_H,0.0003351124400413811
23,77,x_R03_EXIT_B,x_R10_EXIT_A,0.00014109997475426572
23,78,x_R03_EXIT_B,x_R10_EXIT_F,0.00014109997475426572
23,79,x_R03_EXIT_B,x_R10_EXIT_B,0.0019974465176150744
23,82,x_R03_EXIT_B,x_R11_EXIT_E,0.00026456245266424824
23,84,x_R03_EXIT_B,x_R11_EXIT_H,0.0001234624779099825
23,87,x_R03_EXIT_B,x_R11_EXIT_B,0.0017857965554836759
23,90,x_R03_EXIT_B,x_R12_EXIT_E,0.00026456245266424824
23,92,x_R03_EXIT_B,x_R12_EXIT_H,0.0001234624779099825
23,95,x_R03_EXIT_B,x_R12_EXIT_B,0.0017857965554836759
23,98,x_R03_EXIT_B,x_R13_EXIT_E,0.00026456245266424824
23,100,x_R03_EXIT_B,x_R13_EXIT_H,0.0001234624779099825
23,103,x_R03_EXIT_B,x_R13_EXIT_B,0.0017857965554836759
23,106,x_R03_EXIT_B,x_R14_EXIT_E,0.00026456245266424824
23,108,x_R03_EXIT_B,x_R14_EXIT_H,0.0001234624779099825
23,111,x_R03_EXIT_B,x_R14_EXIT_B,0.0017857965554836759
23,114,x_R03_EXIT_B,x_R15_EXIT_E,0.0002292874589756818
23,116,x_R03_EXIT_B,x_R15_EXIT_H,0.0002292874589756818
23,119,x_R03_EXIT_B,x_R15_EXIT_B,0.001891621536549375
23,122,x_R03_EXIT_B,x_R16_EXIT_E,0.00017637496844283217
23,124,x_R03_EXIT_B,x_R16_EXIT_H,0.00028219994950853144
23,127,x_R03_EXIT_B,x_R16_EXIT_B,0.0019445340270822246
23,128,x_R03_EXIT_B,x_R17_EXIT_C,0.00014109997475426572
23,129,x_R03_EXIT_B,x_R17_EXIT_D,0.00014109997475426572
23,130,x_R03_EXIT_B,x_R17_EXIT_E,0.00012346247790998252
23,131,x_R03_EXIT_B,x_R17_EXIT_G,0.00014109997475426572
23,132,x_R03_EXIT_B,x_R17_EXIT_H,0.0003351124400413811
23,133,x_R03_EXIT_B,x_R17_EXIT_A,0.00014109997475426572
23,134,x_R03_EXIT_B,x_R17_EXIT_F,0.00014109997475426572
23,135,x_R03_EXIT_B,x_R17_EXIT_B,0.0019974465176150744
23,136,x_R03_EXIT_B,x_R18_EXIT_C,0.00014109997475426572
23,137,x_R03_EXIT_B,x_R18_EXIT_D,0.00014109997475426572
23,138,x_R03_EXIT_B,x_R18_EXIT_E,0.00012346247790998252
23,139,x_R03_EXIT_B,x_R18_EXIT_G,0.00014109997475426572
23,140,x_R03_EXIT_B,x_R18_EXIT_H,0.0003351124400413811
23,141,x_R03_EXIT_B,x_R18_EXIT_A,0.00014109997475426572
23,142,x_R03_EXIT_B,x_R18_EXIT_F,0.00014109997475426572
23,143,x_R03_EXIT_B,x_R18_EXIT_B,0.0019974465176150744
23,144,x_R03_EXIT_B,x_R19_EXIT_C,0.0001058249810656993
23,145,x_R03_EXIT_B,x_R19_EXIT_D,0.0001058249810656993
23,147,x_R03_EXIT_B,x_R19_EXIT_G,0.0001058249810656993
23,148,x_R03_EXIT_B,x_R19_EXIT_H,0.0002513343300310358
23,149,x_R03_EXIT_B,x_R19_EXIT_A,0.0001058249810656993
23,150,x_R03_EXIT_B,x_R19_EXIT_F,0.0001058249810656993
23,151,x_R03_EXIT_B,x_R19_EXIT_B,0.0014980848882113053
23,154,x_R03_EXIT_B,x_R22_EXIT_E,0.0008377811001034528
23,156,x_R03_EXIT_B,x_R22_EXIT_H,0.0003086561947749563
23,159,x_R03_EXIT_B,x_R22_EXIT_B,0.002518855018074197
23,162,x_R03_EXIT_B,x_R23_EXIT_E,0.0010141560685462847
23,164,x_R03_EXIT_B,x_R23_EXIT_H,0.0001322812263321241
23,167,x_R03_EXIT_B,x_R23_EXIT_B,0.002518855018074197
23,170,x_R03_EXIT_B,x_R20_EXIT_E,0.00025133433003103584
23,175,x_R03_EXIT_B,x_R20_EXIT_B,0.0007556565054222589
23,178,x_R03_EXIT_B,x_R21_EXIT_E,0.0008377811001034528
23,180,x_R03_EXIT_B,x_R21_EXIT_H,0.0003086561947749563
23,183,x_R03_EXIT_B,x_R21_EXIT_B,0.002518855018074197
23,184,x_R03_EXIT_B,x_R24_EXIT_C,0.001127146282704974
23,185,x_R03_EXIT_B,x_R24_EXIT_D,0.001127146282704974
23,186,x_R03_EXIT_B,x_R24_EXIT_E,0.0019649273828084273
23,187,x_R03_EXIT_B,x_R24_EXIT_G,0.001127146282704974
23,188,x_R03_EXIT_B,x_R24_EXIT_H,0.000818490087930018
23,189,x_R03_EXIT_B,x_R24_EXIT_A,0.000818490087930018
23,190,x_R03_EXIT_B,x_R24_EXIT_F,0.000818490087930018
23,191,x_R03_EXIT_B,x_R24_EXIT_B,0.0033373451060042148
23,192,x_R03_EXIT_B,x_R25_EXIT_C,0.0003086561947749563
23,193,x_R03_EXIT_B,x_R25_EXIT_D,0.0003086561947749563
23,194,x_R03_EXIT_B,x_R25_EXIT_E,0.0011464372948784092
23,195,x_R03_EXIT_B,x_R25_EXIT_G,0.0003086561947749563
23,202,x_R03_EXIT_B,x_R26_EXIT_E,0.0005026686600620717
23,207,x_R03_EXIT_B,x_R26_EXIT_B,0.0015113130108445178
23,210,x_R03_EXIT_B,x_R27_EXIT_E,0.00010141560685462848
23,215,x_R03_EXIT_B,x_R27_EXIT_B,0.0002518855018074197
23,218,x_R03_EXIT_B,x_R28_EXIT_E,0.00016755622002069054
23,223,x_R03_EXIT_B,x_R28_EXIT_B,0.0005037710036148394
23,226,x_R03_EXIT_B,x_R29_EXIT_E,0.0003351124400413811
23,228,x_R03_EXIT_B,x_R29_EXIT_H,0.0001234624779099825
23,231,x_R03_EXIT_B,x_R29_EXIT_B,0.0010075420072296788
23,234,x_R03_EXIT_B,x_R30_EXIT_E,0.0003351124400413811
23,239,x_R03_EXIT_B,x_R30_EXIT_B,0.0010075420072296788
23,242,x_R03_EXIT_B,x_R31_EXIT_E,0.00010141560685462848
23,247,x_R03_EXIT_B,x_R31_EXIT_B,0.0002518855018074197
23,248,x_R03_EXIT_B,x_R32_EXIT_C,0.0003979460225491401
23,249,x_R03_EXIT_B,x_R32_EXIT_D,0.0003979460225491401
23,250,x_R03_EXIT_B,x_R32_EXIT_E,0.0007330584625905212
23,251,x_R03_EXIT_B,x_R32_EXIT_G,0.0003979460225491401
23,252,x_R03_EXIT_B,x_R32_EXIT_H,0.00032739603517200727
23,253,x_R03_EXIT_B,x_R32_EXIT_A,0.00032739603517200727
23,254,x_R03_EXIT_B,x_R32_EXIT_F,0.00032739603517200727
23,255,x_R03_EXIT_B,x_R32_EXIT_B,0.0006801459720576716
23,258,x_R03_EXIT_B,x_R33_EXIT_E,0.00040566242741851393
24,25,x_R04_EXIT_C,x_R04_EXIT_D,1.839545573822327
24,26,x_R04_EXIT_C,x_R04_EXIT_E,1.8389635364264656
24,27,x_R04_EXIT_C,x_R04_EXIT_G,1.839545573822327
24,28,x_R04_EXIT_C,x_R04_EXIT_H,1.8392280988791299
24,29,x_R04_EXIT_C,x_R04_EXIT_A,1.839545573822327
24,30,x_R04_EXIT_C,x_R04_EXIT_F,1.839545573822327
24,31,x_R04_EXIT_C,x_R04_EXIT_B,1.8392280988791299
24,32,x_R04_EXIT_C,x_R05_EXIT_C,0.004188905500517264
24,34,x_R04_EXIT_C,x_R05_EXIT_E,0.0029101869793067307
24,36,x_R04_EXIT_C,x_R05_EXIT_H,0.0015873747159854895
24,39,x_R04_EXIT_C,x_R05_EXIT_B,0.0015873747159854895
24,40,x_R04_EXIT_C,x_R06_EXIT_C,0.00011243904238230551
24,41,x_R04_EXIT_C,x_R06_EXIT_D,0.0004431421082126158
24,42,x_R04_EXIT_C,x_R06_EXIT_E,0.0008796701551086254
24,43,x_R04_EXIT_C,x_R06_EXIT_G,0.00020503590081479237
24,44,x_R04_EXIT_C,x_R06_EXIT_H,0.00020503590081479237
24,45,x_R04_EXIT_C,x_R06_EXIT_A,0.00020503590081479237
24,46,x_R04_EXIT_C,x_R06_EXIT_F,0.00020503590081479237
24,47,x_R04_EXIT_C,x_R06_EXIT_B,0.00020503590081479237
24,49,x_R04_EXIT_C,x_R07_EXIT_D,0.0006878623769270454
24,50,x_R04_EXIT_C,x_R07_EXIT_E,0.0012698997727883913
24,51,x_R04_EXIT_C,x_R07_EXIT_G,0.0003703874337299476
24,52,x_R04_EXIT_C,x_R07_EXIT_H,0.0003703874337299476
24,53,x_R04_EXIT_C,x_R07_EXIT_A,0.0003703874337299476
24,54,x_R04_EXIT_C,x_R07_EXIT_F,0.0003703874337299476
24,55,x_R04_EXIT_C,x_R07_EXIT_B,0.0003703874337299476
24,56,x_R04_EXIT_C,x_R08_EXIT_C,0.0013492685085876657
24,57,x_R04_EXIT_C,x_R08_EXIT_D,0.0005114874084842134
24,59,x_R04_EXIT_C,x_R08_EXIT_G,0.0005114874084842134
24,60,x_R04_EXIT_C,x_R08_EXIT_H,0.00019401246528711534
24,61,x_R04_EXIT_C,x_R08_EXIT_A,0.0005114874084842134
24,62,x_R04_EXIT_C,x_R08_EXIT_F,0.0005114874084842134
24,63,x_R04_EXIT_C,x_R08_EXIT_B,0.00019401246528711534
24,64,x_R04_EXIT_C,x_R09_EXIT_C,0.0013492685085876657
24,65,x_R04_EXIT_C,x_R09_EXIT_D,0.0005114874084842134
24,66,x_R04_EXIT_C,x_R09_EXIT_E,0.00031747494319709794
24,67,x_R04_EXIT_C,x_R09_EXIT_G,0.0005114874084842134
24,68,x_R04_EXIT_C,x_R09_EXIT_H,0.00019401246528711534
24,69,x_R04_EXIT_C,x_R09_EXIT_A,0.0005114874084842134
24,70,x_R04_EXIT_C,x_R09_EXIT_F,0.0005114874084842134
24,71,x_R04_EXIT_C,x_R09_EXIT_B,0.00019401246528711534
24,72,x_R04_EXIT_C,x_R10_EXIT_C,0.0012963560180548161
24,73,x_R04_EXIT_C,x_R10_EXIT_D,0.0004585749179513637
24,74,x_R04_EXIT_C,x_R10_EXIT_E,0.00031747494319709794
24,75,x_R04_EXIT_C,x_R10_EXIT_G,0.0004585749179513637
24,76,x_R04_EXIT_C,x_R10_EXIT_H,0.00014109997475426572
24,77,x_R04_EXIT_C,x_R10_EXIT_A,0.0004585749179513637
24,78,x_R04_EXIT_C,x_R10_EXIT_F,0.0004585749179513637
24,79,x_R04_EXIT_C,x_R10_EXIT_B,0.00014109997475426572
24,80,x_R04_EXIT_C,x_R11_EXIT_C,0.00024692495581996504
24,81,x_R04_EXIT_C,x_R11_EXIT_D,0.0005908561442834878
24,82,x_R04_EXIT_C,x_R11_EXIT_E,0.001172893540144834
24,83,x_R04_EXIT_C,x_R11_EXIT_G,0.00027338120108638984
24,84,x_R04_EXIT_C,x_R11_EXIT_H,0.00027338120108638984
24,85,x_R04_EXIT_C,x_R11_EXIT_A,0.00027338120108638984
24,86,x_R04_EXIT_C,x_R11_EXIT_F,0.00027338120108638984
24,87,x_R04_EXIT_C,x_R11_EXIT_B,0.00027338120108638984
24,88,x_R04_EXIT_C,x_R12_EXIT_C,0.00024692495581996504
24,89,x_R04_EXIT_C,x_R12_EXIT_D,0.0005908561442834878
24,90,x_R04_EXIT_C,x_R12_EXIT_E,0.001172893540144834
24,91,x_R04_EXIT_C,x_R12_EXIT_G,0.00027338120108638984
24,92,x_R04_EXIT_C,x_R12_EXIT_H,0.00027338120108638984
24,93,x_R04_EXIT_C,x_R12_EXIT_A,0.00027338120108638984
24,94,x_R04_EXIT_C,x_R12_EXIT_F,0.00027338120108638984
24,95,x_R04_EXIT_C,x_R12_EXIT_B,0.00027338120108638984
24,96,x_R04_EXIT_C,x_R13_EXIT_C,0.0003439311884635227
24,97,x_R04_EXIT_C,x_R13_EXIT_D,0.0004938499116399301
24,98,x_R04_EXIT_C,x_R13_EXIT_E,0.0010758873075012762
24,99,x_R04_EXIT_C,x_R13_EXIT_G,0.00017637496844283217
24,100,x_R04_EXIT_C,x_R13_EXIT_H,0.00017637496844283217
24,101,x_R04_EXIT_C,x_R13_EXIT_A,0.00017637496844283217
24,102,x_R04_EXIT_C,x_R13_EXIT_F,0.00017637496844283217
24,103,x_R04_EXIT_C,x_R13_EXIT_B,0.00017637496844283217
24,104,x_R04_EXIT_C,x_R14_EXIT_C,0.00044093742110708044
24,105,x_R04_EXIT_C,x_R14_EXIT_D,0.0003968436789963724
24,106,x_R04_EXIT_C,x_R14_EXIT_E,0.0009788810748577186
24,112,x_R04_EXIT_C,x_R15_EXIT_C,0.001190531036989117
24,113,x_R04_EXIT_C,x_R15_EXIT_D,0.0003527499368856644
24,114,x_R04_EXIT_C,x_R15_EXIT_E,0.0002292874589756818
24,115,x_R04_EXIT_C,x_R15_EXIT_G,0.0003527499368856644
24,117,x_R04_EXIT_C,x_R15_EXIT_A,0.0003527499368856644
24,118,x_R04_EXIT_C,x_R15_EXIT_F,0.0003527499368856644
24,120,x_R04_EXIT_C,x_R16_EXIT_C,0.0012434435275219665
24,121,x_R04_EXIT_C,x_R16_EXIT_D,0.00040566242741851404
24,122,x_R04_EXIT_C,x_R16_EXIT_E,0.00017637496844283217
24,123,x_R04_EXIT_C,x_R16_EXIT_G,0.00040566242741851404
24,125,x_R04_EXIT_C,x_R16_EXIT_A,0.00040566242741851404
24,126,x_R04_EXIT_C,x_R16_EXIT_F,0.00040566242741851404
24,128,x_R04_EXIT_C,x_R17_EXIT_C,0.0012963560180548161
24,129,x_R04_EXIT_C,x_R17_EXIT_D,0.0004585749179513637
24,130,x_R04_EXIT_C,x_R17_EXIT_E,0.00012346247790998252
24,131,x_R04_EXIT_C,x_R17_EXIT_G,0.0004585749179513637
24,132,x_R04_EXIT_C,x_R17_EXIT_H,0.00014109997475426572
24,133,x_R04_EXIT_C,x_R17_EXIT_A,0.0004585749179513637
24,134,x_R04_EXIT_C,x_R17_EXIT_F,0.0004585749179513637
24,135,x_R04_EXIT_C,x_R17_EXIT_B,0.00014109997475426572
24,136,x_R04_EXIT_C,x_R18_EXIT_C,0.0012963560180548161
24,137,x_R04_EXIT_C,x_R18_EXIT_D,0.0004585749179513637
24,138,x_R04_EXIT_C,x_R18_EXIT_E,0.00012346247790998252
24,139,x_R04_EXIT_C,x_R18_EXIT_G,0.0004585749179513637
24,140,x_R04_EXIT_C,x_R18_EXIT_H,0.00014109997475426572
24,141,x_R04_EXIT_C,x_R18_EXIT_A,0.0004585749179513637
24,142,x_R04_EXIT_C,x_R18_EXIT_F,0.0004585749179513637
24,143,x_R04_EXIT_C,x_R18_EXIT_B,0.00014109997475426572
24,144,x_R04_EXIT_C,x_R19_EXIT_C,0.0009722670135411122
24,145,x_R04_EXIT_C,x_R19_EXIT_D,0.00034393118846352263
24,147,x_R04_EXIT_C,x_R19_EXIT_G,0.00034393118846352263
24,148,x_R04_EXIT_C,x_R19_EXIT_H,0.0001058249810656993
24,149,x_R04_EXIT_C,x_R19_EXIT_A,0.00034393118846352263
24,150,x_R04_EXIT_C,x_R19_EXIT_F,0.00034393118846352263
24,151,x_R04_EXIT_C,x_R19_EXIT_B,0.0001058249810656993
24,152,x_R04_EXIT_C,x_R22_EXIT_C,0.001300765392265887
24,154,x_R04_EXIT_C,x_R22_EXIT_E,0.0006614061316606207
24,160,x_R04_EXIT_C,x_R23_EXIT_C,0.001300765392265887
24,162,x_R04_EXIT_C,x_R23_EXIT_E,0.0006614061316606207
24,168,x_R04_EXIT_C,x_R20_EXIT_C,0.00039022961767976613
24,170,x_R04_EXIT_C,x_R20_EXIT_E,0.0001984218394981862
24,176,x_R04_EXIT_C,x_R21_EXIT_C,0.001300765392265887
24,178,x_R04_EXIT_C,x_R21_EXIT_E,0.0006614061316606207
24,184,x_R04_EXIT_C,x_R24_EXIT_C,0.001300765392265887
24,186,x_R04_EXIT_C,x_R24_EXIT_E,0.0006614061316606207
24,192,x_R04_EXIT_C,x_R25_EXIT_C,0.001300765392265887
24,194,x_R04_EXIT_C,x_R25_EXIT_E,0.0006614061316606207
24,200,x_R04_EXIT_C,x_R26_EXIT_C,0.0007804592353595323
24,202,x_R04_EXIT_C,x_R26_EXIT_E,0.0003968436789963724
24,208,x_R04_EXIT_C,x_R27_EXIT_C,0.00013007653922658872
24,216,x_R04_EXIT_C,x_R28_EXIT_C,0.00026015307845317744
24,218,x_R04_EXIT_C,x_R28_EXIT_E,0.00013228122633212412
24,224,x_R04_EXIT_C,x_R29_EXIT_C,0.0005203061569063549
24,226,x_R04_EXIT_C,x_R29_EXIT_E,0.00026456245266424824
24,232,x_R04_EXIT_C,x_R30_EXIT_C,0.0005203061569063549
24,234,x_R04_EXIT_C,x_R30_EXIT_E,0.00026456245266424824
24,240,x_R04_EXIT_C,x_R31_EXIT_C,0.00013007653922658872
24,248,x_R04_EXIT_C,x_R32_EXIT_C,0.0005203061569063549
24,250,x_R04_EXIT_C,x_R32_EXIT_E,0.00026456245266424824
24,256,x_R04_EXIT_C,x_R33_EXIT_C,0.0005203061569063549
24,258,x_R04_EXIT_C,x_R33_EXIT_E,0.00026456245266424824
25,26,x_R04_EXIT_D,x_R04_EXIT_E,1.8389635364264656
25,27,x_R04_EXIT_D,x_R04_EXIT_G,1.839545573822327
25,28,x_R04_EXIT_D,x_R04_EXIT_H,1.8392280988791299
25,29,x_R04_EXIT_D,x_R04_EXIT_A,1.839545573822327
25,30,x_R04_EXIT_D,x_R04_EXIT_F,1.839545573822327
25,31,x_R04_EXIT_D,x_R04_EXIT_B,1.8392280988791299
25,32,x_R04_EXIT_D,x_R05_EXIT_C,0.0003747968079410184
25,34,x_R04_EXIT_D,x_R05_EXIT_E,0.0032849837872477488
25,35,x_R04_EXIT_D,x_R05_EXIT_G,0.0003747968079410184
25,36,x_R04_EXIT_D,x_R05_EXIT_H,0.0019621715239265076
25,37,x_R04_EXIT_D,x_R05_EXIT_A,0.0003747968079410184
25,38,x_R04_EXIT_D,x_R05_EXIT_F,0.0003747968079410184
25,39,x_R04_EXIT_D,x_R05_EXIT_B,0.0019621715239265076
25,41,x_R04_EXIT_D,x_R06_EXIT_D,0.00015212341028194274
25,42,x_R04_EXIT_D,x_R06_EXIT_E,0.00043652804689600953
25,49,x_R04_EXIT_D,x_R07_EXIT_D,0.000202831213709257
25,50,x_R04_EXIT_D,x_R07_EXIT_E,0.0005820373958613462
25,56,x_R04_EXIT_D,x_R08_EXIT_C,0.0005114874084842134
25,57,x_R04_EXIT_D,x_R08_EXIT_D,0.0007143186221934703
25,59,x_R04_EXIT_D,x_R08_EXIT_G,0.0005114874084842134
25,60,x_R04_EXIT_D,x_R08_EXIT_H,0.00019401246528711534
25,61,x_R04_EXIT_D,x_R08_EXIT_A,0.0005114874084842134
25,62,x_R04_EXIT_D,x_R08_EXIT_F,0.0005114874084842134
25,63,x_R04_EXIT_D,x_R08_EXIT_B,0.00019401246528711534
25,64,x_R04_EXIT_D,x_R09_EXIT_C,0.0005114874084842134
25,65,x_R04_EXIT_D,x_R09_EXIT_D,0.0007143186221934703
25,66,x_R04_EXIT_D,x_R09_EXIT_E,0.00031747494319709794
25,67,x_R04_EXIT_D,x_R09_EXIT_G,0.0005114874084842134
25,68,x_R04_EXIT_D,x_R09_EXIT_H,0.00019401246528711534
25,69,x_R04_EXIT_D,x_R09_EXIT_A,0.0005114874084842134
25,70,x_R04_EXIT_D,x_R09_EXIT_F,0.0005114874084842134
25,71,x_R04_EXIT_D,x_R09_EXIT_B,0.00019401246528711534
25,72,x_R04_EXIT_D,x_R10_EXIT_C,0.0004585749179513637
25,73,x_R04_EXIT_D,x_R10_EXIT_D,0.0006614061316606207
25,74,x_R04_EXIT_D,x_R10_EXIT_E,0.00031747494319709794
25,75,x_R04_EXIT_D,x_R10_EXIT_G,0.0004585749179513637
25,76,x_R04_EXIT_D,x_R10_EXIT_H,0.00014109997475426572
25,77,x_R04_EXIT_D,x_R10_EXIT_A,0.0004585749179513637
25,78,x_R04_EXIT_D,x_R10_EXIT_F,0.0004585749179513637
25,79,x_R04_EXIT_D,x_R10_EXIT_B,0.00014109997475426572
25,81,x_R04_EXIT_D,x_R11_EXIT_D,0.000202831213709257
25,82,x_R04_EXIT_D,x_R11_EXIT_E,0.0005820373958613462
25,89,x_R04_EXIT_D,x_R12_EXIT_D,0.000202831213709257
25,90,x_R04_EXIT_D,x_R12_EXIT_E,0.0005820373958613462
25,97,x_R04_EXIT_D,x_R13_EXIT_D,0.000202831213709257
25,98,x_R04_EXIT_D,x_R13_EXIT_E,0.0005820373958613462
25,105,x_R04_EXIT_D,x_R14_EXIT_D,0.000202831213709257
25,106,x_R04_EXIT_D,x_R14_EXIT_E,0.0005820373958613462
25,112,x_R04_EXIT_D,x_R15_EXIT_C,0.0003527499368856644
25,113,x_R04_EXIT_D,x_R15_EXIT_D,0.0005555811505949214
25,114,x_R04_EXIT_D,x_R15_EXIT_E,0.0002292874589756818
25,115,x_R04_EXIT_D,x_R15_EXIT_G,0.0003527499368856644
25,117,x_R04_EXIT_D,x_R15_EXIT_A,0.0003527499368856644
25,118,x_R04_EXIT_D,x_R15_EXIT_F,0.0003527499368856644
25,120,x_R04_EXIT_D,x_R16_EXIT_C,0.00040566242741851404
25,121,x_R04_EXIT_D,x_R16_EXIT_D,0.000608493641127771
25,122,x_R04_EXIT_D,x_R16_EXIT_E,0.00017637496844283217
25,123,x_R04_EXIT_D,x_R16_EXIT_G,0.00040566242741851404
25,125,x_R04_EXIT_D,x_R16_EXIT_A,0.00040566242741851404
25,126,x_R04_EXIT_D,x_R16_EXIT_F,0.00040566242741851404
25,128,x_R04_EXIT_D,x_R17_EXIT_C,0.0004585749179513637
25,129,x_R04_EXIT_D,x_R17_EXIT_D,0.0006614061316606207
25,130,x_R04_EXIT_D,x_R17_EXIT_E,0.00012346247790998252
25,131,x_R04_EXIT_D,x_R17_EXIT_G,0.0004585749179513637
25,132,x_R04_EXIT_D,x_R17_EXIT_H,0.00014109997475426572
25,133,x_R04_EXIT_D,x_R17_EXIT_A,0.0004585749179513637
25,134,x_R04_EXIT_D,x_R17_EXIT_F,0.0004585749179513637
25,135,x_R04_EXIT_D,x_R17_EXIT_B,0.00014109997475426572
25,136,x_R04_EXIT_D,x_R18_EXIT_C,0.0004585749179513637
25,137,x_R04_EXIT_D,x_R18_EXIT_D,0.0006614061316606207
25,138,x_R04_EXIT_D,x_R18_EXIT_E,0.00012346247790998252
25,139,x_R04_EXIT_D,x_R18_EXIT_G,0.0004585749179513637
25,140,x_R04_EXIT_D,x_R18_EXIT_H,0.00014109997475426572
25,141,x_R04_EXIT_D,x_R18_EXIT_A,0.0004585749179513637
25,142,x_R04_EXIT_D,x_R18_EXIT_F,0.0004585749179513637
25,143,x_R04_EXIT_D,x_R18_EXIT_B,0.00014109997475426572
25,144,x_R04_EXIT_D,x_R19_EXIT_C,0.00034393118846352263
25,145,x_R04_EXIT_D,x_R19_EXIT_D,0.0004960545987454653
25,147,x_R04_EXIT_D,x_R19_EXIT_G,0.00034393118846352263
25,148,x_R04_EXIT_D,x_R19_EXIT_H,0.0001058249810656993
25,149,x_R04_EXIT_D,x_R19_EXIT_A,0.00034393118846352263
25,150,x_R04_EXIT_D,x_R19_EXIT_F,0.00034393118846352263
25,151,x_R04_EXIT_D,x_R19_EXIT_B,0.0001058249810656993
25,153,x_R04_EXIT_D,x_R22_EXIT_D,0.0005070780342731424
25,154,x_R04_EXIT_D,x_R22_EXIT_E,0.0006614061316606207
25,161,x_R04_EXIT_D,x_R23_EXIT_D,0.0005070780342731424
25,162,x_R04_EXIT_D,x_R23_EXIT_E,0.0006614061316606207
25,169,x_R04_EXIT_D,x_R20_EXIT_D,0.00015212341028194274
25,170,x_R04_EXIT_D,x_R20_EXIT_E,0.0001984218394981862
25,177,x_R04_EXIT_D,x_R21_EXIT_D,0.0005070780342731424
25,178,x_R04_EXIT_D,x_R21_EXIT_E,0.0006614061316606207
25,185,x_R04_EXIT_D,x_R24_EXIT_D,0.0005070780342731424
25,186,x_R04_EXIT_D,x_R24_EXIT_E,0.0006614061316606207
25,193,x_R04_EXIT_D,x_R25_EXIT_D,0.0005070780342731424
25,194,x_R04_EXIT_D,x_R25_EXIT_E,0.0006614061316606207
25,201,x_R04_EXIT_D,x_R26_EXIT_D,0.0003042468205638855
25,202,x_R04_EXIT_D,x_R26_EXIT_E,0.0003968436789963724
25,217,x_R04_EXIT_D,x_R28_EXIT_D,0.0001014156068546285
25,218,x_R04_EXIT_D,x_R28_EXIT_E,0.00013228122633212412
25,225,x_R04_EXIT_D,x_R29_EXIT_D,0.000202831213709257
25,226,x_R04_EXIT_D,x_R29_EXIT_E,0.00026456245266424824
25,233,x_R04_EXIT_D,x_R30_EXIT_D,0.000202831213709257
25,234,x_R04_EXIT_D,x_R30_EXIT_E,0.00026456245266424824
25,249,x_R04_EXIT_D,x_R32_EXIT_D,0.000202831213709257
25,250,x_R04_EXIT_D,x_R32_EXIT_E,0.00026456245266424824
25,257,x_R04_EXIT_D,x_R33_EXIT_D,0.000202831213709257
25,258,x_R04_EXIT_D,x_R33_EXIT_E,0.00026456245266424824
26,27,x_R04_EXIT_E,x_R04_EXIT_G,1.8389635364264656
26,28,x_R04_EXIT_E,x_R04_EXIT_H,1.8389635364264656
26,29,x_R04_EXIT_E,x_R04_EXIT_A,1.8389635364264656
26,30,x_R04_EXIT_E,x_R04_EXIT_F,1.8389635364264656
26,31,x_R04_EXIT_E,x_R04_EXIT_B,1.8389635364264656
26,34,x_R04_EXIT_E,x_R05_EXIT_E,0.00017637496844283214
26,66,x_R04_EXIT_E,x_R09_EXIT_E,0.0003527499368856644
26,74,x_R04_EXIT_E,x_R10_EXIT_E,0.0003527499368856644
27,28,x_R04_EXIT_G,x_R04_EXIT_H,1.8392280988791299
27,29,x_R04_EXIT_G,x_R04_EXIT_A,1.8397043112939255
27,30,x_R04_EXIT_G,x_R04_EXIT_F,1.8397043112939255
27,31,x_R04_EXIT_G,x_R04_EXIT_B,1.8392280988791299
27,34,x_R04_EXIT_G,x_R05_EXIT_E,0.0029101869793067307
27,35,x_R04_EXIT_G,x_R05_EXIT_G,0.003461358755690581
27,36,x_R04_EXIT_G,x_R05_EXIT_H,0.0015873747159854895
27,37,x_R04_EXIT_G,x_R05_EXIT_A,0.0007936873579927448
27,38,x_R04_EXIT_G,x_R05_EXIT_F,0.0007936873579927448
27,39,x_R04_EXIT_G,x_R05_EXIT_B,0.0015873747159854895
27,42,x_R04_EXIT_G,x_R06_EXIT_E,0.00043652804689600953
27,43,x_R04_EXIT_G,x_R06_EXIT_G,0.0003703874337299475
27,45,x_R04_EXIT_G,x_R06_EXIT_A,0.00026786948332255137
27,50,x_R04_EXIT_G,x_R07_EXIT_E,0.0005820373958613462
27,51,x_R04_EXIT_G,x_R07_EXIT_G,0.0004938499116399301
27,53,x_R04_EXIT_G,x_R07_EXIT_A,0.0003571593110967352
27,56,x_R04_EXIT_G,x_R08_EXIT_C,0.0005114874084842134
27,57,x_R04_EXIT_G,x_R08_EXIT_D,0.0005114874084842134
27,59,x_R04_EXIT_G,x_R08_EXIT_G,0.0012037591596223292
27,60,x_R04_EXIT_G,x_R08_EXIT_H,0.00019401246528711534
27,61,x_R04_EXIT_G,x_R08_EXIT_A,0.0006702248800827622
27,62,x_R04_EXIT_G,x_R08_EXIT_F,0.0006702248800827622
27,63,x_R04_EXIT_G,x_R08_EXIT_B,0.00019401246528711534
27,64,x_R04_EXIT_G,x_R09_EXIT_C,0.0005114874084842134
27,65,x_R04_EXIT_G,x_R09_EXIT_D,0.0005114874084842134
27,66,x_R04_EXIT_G,x_R09_EXIT_E,0.00031747494319709794
27,67,x_R04_EXIT_G,x_R09_EXIT_G,0.0012037591596223292
27,68,x_R04_EXIT_G,x_R09_EXIT_H,0.00019401246528711534
27,69,x_R04_EXIT_G,x_R09_EXIT_A,0.0006702248800827622
27,70,x_R04_EXIT_G,x_R09_EXIT_F,0.0006702248800827622
27,71,x_R04_EXIT_G,x_R09_EXIT_B,0.00019401246528711534
27,72,x_R04_EXIT_G,x_R10_EXIT_C,0.0004585749179513637
27,73,x_R04_EXIT_G,x_R10_EXIT_D,0.0004585749179513637
27,74,x_R04_EXIT_G,x_R10_EXIT_E,0.00031747494319709794
27,75,x_R04_EXIT_G,x_R10_EXIT_G,0.0011508466690894796
27,76,x_R04_EXIT_G,x_R10_EXIT_H,0.00014109997475426572
27,77,x_R04_EXIT_G,x_R10_EXIT_A,0.0006173123895499126
27,78,x_R04_EXIT_G,x_R10_EXIT_F,0.0006173123895499126
27,79,x_R04_EXIT_G,x_R10_EXIT_B,0.00014109997475426572
27,82,x_R04_EXIT_G,x_R11_EXIT_E,0.0005820373958613462
27,83,x_R04_EXIT_G,x_R11_EXIT_G,0.0004938499116399301
27,85,x_R04_EXIT_G,x_R11_EXIT_A,0.0003571593110967352
27,90,x_R04_EXIT_G,x_R12_EXIT_E,0.0005820373958613462
27,91,x_R04_EXIT_G,x_R12_EXIT_G,0.0004938499116399301
27,93,x_R04_EXIT_G,x_R12_EXIT_A,0.0003571593110967352
27,98,x_R04_EXIT_G,x_R13_EXIT_E,0.0005820373958613462
27,99,x_R04_EXIT_G,x_R13_EXIT_G,0.0004938499116399301
27,101,x_R04_EXIT_G,x_R13_EXIT_A,0.0003571593110967352
27,106,x_R04_EXIT_G,x_R14_EXIT_E,0.0005820373958613462
27,107,x_R04_EXIT_G,x_R14_EXIT_G,0.0004938499116399301
27,109,x_R04_EXIT_G,x_R14_EXIT_A,0.0003571593110967352
27,112,x_R04_EXIT_G,x_R15_EXIT_C,0.0003527499368856644
27,113,x_R04_EXIT_G,x_R15_EXIT_D,0.0003527499368856644
27,114,x_R04_EXIT_G,x_R15_EXIT_E,0.0002292874589756818
27,115,x_R04_EXIT_G,x_R15_EXIT_G,0.0010450216880237807
27,117,x_R04_EXIT_G,x_R15_EXIT_A,0.0005114874084842133
27,118,x_R04_EXIT_G,x_R15_EXIT_F,0.0005114874084842133
27,120,x_R04_EXIT_G,x_R16_EXIT_C,0.00040566242741851404
27,121,x_R04_EXIT_G,x_R16_EXIT_D,0.00040566242741851404
27,122,x_R04_EXIT_G,x_R16_EXIT_E,0.00017637496844283217
27,123,x_R04_EXIT_G,x_R16_EXIT_G,0.0010979341785566303
27,125,x_R04_EXIT_G,x_R16_EXIT_A,0.0005643998990170629
27,126,x_R04_EXIT_G,x_R16_EXIT_F,0.0005643998990170629
27,128,x_R04_EXIT_G,x_R17_EXIT_C,0.0004585749179513637
27,129,x_R04_EXIT_G,x_R17_EXIT_D,0.0004585749179513637
27,130,x_R04_EXIT_G,x_R17_EXIT_E,0.00012346247790998252
27,131,x_R04_EXIT_G,x_R17_EXIT_G,0.0011508466690894796
27,132,x_R04_EXIT_G,x_R17_EXIT_H,0.00014109997475426572
27,133,x_R04_EXIT_G,x_R17_EXIT_A,0.0006173123895499126
27,134,x_R04_EXIT_G,x_R17_EXIT_F,0.0006173123895499126
27,135,x_R04_EXIT_G,x_R17_EXIT_B,0.00014109997475426572
27,136,x_R04_EXIT_G,x_R18_EXIT_C,0.0004585749179513637
27,137,x_R04_EXIT_G,x_R18_EXIT_D,0.0004585749179513637
27,138,x_R04_EXIT_G,x_R18_EXIT_E,0.00012346247790998252
27,139,x_R04_EXIT_G,x_R18_EXIT_G,0.0011508466690894796
27,140,x_R04_EXIT_G,x_R18_EXIT_H,0.00014109997475426572
27,141,x_R04_EXIT_G,x_R18_EXIT_A,0.0006173123895499126
27,142,x_R04_EXIT_G,x_R18_EXIT_F,0.0006173123895499126
27,143,x_R04_EXIT_G,x_R18_EXIT_B,0.00014109997475426572
27,144,x_R04_EXIT_G,x_R19_EXIT_C,0.00034393118846352263
27,145,x_R04_EXIT_G,x_R19_EXIT_D,0.00034393118846352263
27,147,x_R04_EXIT_G,x_R19_EXIT_G,0.00086313500181711
27,148,x_R04_EXIT_G,x_R19_EXIT_H,0.0001058249810656993
27,149,x_R04_EXIT_G,x_R19_EXIT_A,0.0004629842921624344
27,150,x_R04_EXIT_G,x_R19_EXIT_F,0.0004629842921624344
27,151,x_R04_EXIT_G,x_R19_EXIT_B,0.0001058249810656993
27,153,x_R04_EXIT_G,x_R22_EXIT_D,0.0003968436789963724
27,154,x_R04_EXIT_G,x_R22_EXIT_E,0.0006614061316606207
27,155,x_R04_EXIT_G,x_R22_EXIT_G,0.001333835698848918
27,161,x_R04_EXIT_G,x_R23_EXIT_D,0.0003968436789963724
27,162,x_R04_EXIT_G,x_R23_EXIT_E,0.0006614061316606207
27,163,x_R04_EXIT_G,x_R23_EXIT_G,0.001333835698848918
27,168,x_R04_EXIT_G,x_R20_EXIT_C,0.00026786948332255137
27,169,x_R04_EXIT_G,x_R20_EXIT_D,0.00041668586294619093
27,170,x_R04_EXIT_G,x_R20_EXIT_E,0.0004960545987454653
27,171,x_R04_EXIT_G,x_R20_EXIT_G,0.00010251795040739618
27,172,x_R04_EXIT_G,x_R20_EXIT_H,0.00029763275924727924
27,176,x_R04_EXIT_G,x_R21_EXIT_C,0.0004960545987454654
27,177,x_R04_EXIT_G,x_R21_EXIT_D,0.0009921091974909309
27,178,x_R04_EXIT_G,x_R21_EXIT_E,0.001256671650155179
27,179,x_R04_EXIT_G,x_R21_EXIT_G,0.0007385701803543596
27,180,x_R04_EXIT_G,x_R21_EXIT_H,0.0005952655184945586
27,185,x_R04_EXIT_G,x_R24_EXIT_D,0.0003968436789963724
27,186,x_R04_EXIT_G,x_R24_EXIT_E,0.0006614061316606207
27,187,x_R04_EXIT_G,x_R24_EXIT_G,0.001333835698848918
27,193,x_R04_EXIT_G,x_R25_EXIT_D,0.0003968436789963724
27,194,x_R04_EXIT_G,x_R25_EXIT_E,0.0006614061316606207
27,195,x_R04_EXIT_G,x_R25_EXIT_G,0.001333835698848918
27,201,x_R04_EXIT_G,x_R26_EXIT_D,0.0002381062073978234
27,202,x_R04_EXIT_G,x_R26_EXIT_E,0.0003968436789963724
27,203,x_R04_EXIT_G,x_R26_EXIT_G,0.0004431421082126158
27,211,x_R04_EXIT_G,x_R27_EXIT_G,0.00013338356988489185
27,218,x_R04_EXIT_G,x_R28_EXIT_E,0.00013228122633212412
27,224,x_R04_EXIT_G,x_R29_EXIT_C,0.00019842183949818622
27,225,x_R04_EXIT_G,x_R29_EXIT_D,0.00015873747159854897
27,226,x_R04_EXIT_G,x_R29_EXIT_E,0.00026456245266424824
27,227,x_R04_EXIT_G,x_R29_EXIT_G,0.0002954280721417439
27,233,x_R04_EXIT_G,x_R30_EXIT_D,0.00015873747159854897
27,234,x_R04_EXIT_G,x_R30_EXIT_E,0.00026456245266424824
27,235,x_R04_EXIT_G,x_R30_EXIT_G,0.0002954280721417439
27,249,x_R04_EXIT_G,x_R32_EXIT_D,0.00015873747159854897
27,250,x_R04_EXIT_G,x_R32_EXIT_E,0.00026456245266424824
27,251,x_R04_EXIT_G,x_R32_EXIT_G,0.0005335342795395674
27,257,x_R04_EXIT_G,x_R33_EXIT_D,0.00015873747159854897
27,258,x_R04_EXIT_G,x_R33_EXIT_E,0.00026456245266424824
27,259,x_R04_EXIT_G,x_R33_EXIT_G,0.0005335342795395674
28,29,x_R04_EXIT_H,x_R04_EXIT_A,1.8392280988791299
28,30,x_R04_EXIT_H,x_R04_EXIT_F,1.8392280988791299
28,31,x_R04_EXIT_H,x_R04_EXIT_B,1.839422111344417
28,34,x_R04_EXIT_H,x_R05_EXIT_E,0.0013228122633212414
28,36,x_R04_EXIT_H,x_R05_EXIT_H,0.0017637496844283215
28,39,x_R04_EXIT_H,x_R05_EXIT_B,0.0009700623264355769
28,42,x_R04_EXIT_H,x_R06_EXIT_E,0.0001984218394981862
28,44,x_R04_EXIT_H,x_R06_EXIT_H,0.0002116499621313986
28,50,x_R04_EXIT_H,x_R07_EXIT_E,0.00026456245266424824
28,52,x_R04_EXIT_H,x_R07_EXIT_H,0.00028219994950853144
28,55,x_R04_EXIT_H,x_R07_EXIT_B,0.0001234624779099825
28,56,x_R04_EXIT_H,x_R08_EXIT_C,0.00019401246528711534
28,57,x_R04_EXIT_H,x_R08_EXIT_D,0.00019401246528711534
28,59,x_R04_EXIT_H,x_R08_EXIT_G,0.00019401246528711534
28,60,x_R04_EXIT_H,x_R08_EXIT_H,0.0005467624021727797
28,61,x_R04_EXIT_H,x_R08_EXIT_A,0.00019401246528711534
28,62,x_R04_EXIT_H,x_R08_EXIT_F,0.00019401246528711534
28,63,x_R04_EXIT_H,x_R08_EXIT_B,0.00038802493057423073
28,64,x_R04_EXIT_H,x_R09_EXIT_C,0.00019401246528711534
28,65,x_R04_EXIT_H,x_R09_EXIT_D,0.00019401246528711534
28,66,x_R04_EXIT_H,x_R09_EXIT_E,0.00031747494319709794
28,67,x_R04_EXIT_H,x_R09_EXIT_G,0.00019401246528711534
28,68,x_R04_EXIT_H,x_R09_EXIT_H,0.0005467624021727797
28,69,x_R04_EXIT_H,x_R09_EXIT_A,0.00019401246528711534
28,70,x_R04_EXIT_H,x_R09_EXIT_F,0.00019401246528711534
28,71,x_R04_EXIT_H,x_R09_EXIT_B,0.00038802493057423073
28,72,x_R04_EXIT_H,x_R10_EXIT_C,0.00014109997475426572
28,73,x_R04_EXIT_H,x_R10_EXIT_D,0.00014109997475426572
28,74,x_R04_EXIT_H,x_R10_EXIT_E,0.00031747494319709794
28,75,x_R04_EXIT_H,x_R10_EXIT_G,0.00014109997475426572
28,76,x_R04_EXIT_H,x_R10_EXIT_H,0.0004938499116399301
28,77,x_R04_EXIT_H,x_R10_EXIT_A,0.00014109997475426572
28,78,x_R04_EXIT_H,x_R10_EXIT_F,0.00014109997475426572
28,79,x_R04_EXIT_H,x_R10_EXIT_B,0.0003351124400413811
28,82,x_R04_EXIT_H,x_R11_EXIT_E,0.00026456245266424824
28,84,x_R04_EXIT_H,x_R11_EXIT_H,0.00028219994950853144
28,87,x_R04_EXIT_H,x_R11_EXIT_B,0.0001234624779099825
28,90,x_R04_EXIT_H,x_R12_EXIT_E,0.00026456245266424824
28,92,x_R04_EXIT_H,x_R12_EXIT_H,0.00028219994950853144
28,95,x_R04_EXIT_H,x_R12_EXIT_B,0.0001234624779099825
28,98,x_R04_EXIT_H,x_R13_EXIT_E,0.00026456245266424824
28,100,x_R04_EXIT_H,x_R13_EXIT_H,0.00028219994950853144
28,103,x_R04_EXIT_H,x_R13_EXIT_B,0.0001234624779099825
28,106,x_R04_EXIT_H,x_R14_EXIT_E,0.00026456245266424824
28,108,x_R04_EXIT_H,x_R14_EXIT_H,0.00028219994950853144
28,111,x_R04_EXIT_H,x_R14_EXIT_B,0.0001234624779099825
28,114,x_R04_EXIT_H,x_R15_EXIT_E,0.0002292874589756818
28,116,x_R04_EXIT_H,x_R15_EXIT_H,0.00038802493057423073
28,119,x_R04_EXIT_H,x_R15_EXIT_B,0.0002292874589756818
28,122,x_R04_EXIT_H,x_R16_EXIT_E,0.00017637496844283217
28,124,x_R04_EXIT_H,x_R16_EXIT_H,0.00044093742110708044
28,127,x_R04_EXIT_H,x_R16_EXIT_B,0.00028219994950853144
28,128,x_R04_EXIT_H,x_R17_EXIT_C,0.00014109997475426572
28,129,x_R04_EXIT_H,x_R17_EXIT_D,0.00014109997475426572
28,130,x_R04_EXIT_H,x_R17_EXIT_E,0.00012346247790998252
28,131,x_R04_EXIT_H,x_R17_EXIT_G,0.00014109997475426572
28,132,x_R04_EXIT_H,x_R17_EXIT_H,0.0004938499116399301
28,133,x_R04_EXIT_H,x_R17_EXIT_A,0.00014109997475426572
28,134,x_R04_EXIT_H,x_R17_EXIT_F,0.00014109997475426572
28,135,x_R04_EXIT_H,x_R17_EXIT_B,0.0003351124400413811
28,136,x_R04_EXIT_H,x_R18_EXIT_C,0.00014109997475426572
28,137,x_R04_EXIT_H,x_R18_EXIT_D,0.00014109997475426572
28,138,x_R04_EXIT_H,x_R18_EXIT_E,0.00012346247790998252
28,139,x_R04_EXIT_H,x_R18_EXIT_G,0.00014109997475426572
28,140,x_R04_EXIT_H,x_R18_EXIT_H,0.0004938499116399301
28,141,x_R04_EXIT_H,x_R18_EXIT_A,0.00014109997475426572
28,142,x_R04_EXIT_H,x_R18_EXIT_F,0.00014109997475426572
28,143,x_R04_EXIT_H,x_R18_EXIT_B,0.0003351124400413811
28,144,x_R04_EXIT_H,x_R19_EXIT_C,0.0001058249810656993
28,145,x_R04_EXIT_H,x_R19_EXIT_D,0.0001058249810656993
28,147,x_R04_EXIT_H,x_R19_EXIT_G,0.0001058249810656993
28,148,x_R04_EXIT_H,x_R19_EXIT_H,0.00037038743372994754
28,149,x_R04_EXIT_H,x_R19_EXIT_A,0.0001058249810656993
28,150,x_R04_EXIT_H,x_R19_EXIT_F,0.0001058249810656993
28,151,x_R04_EXIT_H,x_R19_EXIT_B,0.0002513343300310358
28,154,x_R04_EXIT_H,x_R22_EXIT_E,0.0008377811001034528
28,156,x_R04_EXIT_H,x_R22_EXIT_H,0.0007054998737713286
28,162,x_R04_EXIT_H,x_R23_EXIT_E,0.0010141560685462847
28,164,x_R04_EXIT_H,x_R23_EXIT_H,0.0005291249053284965
28,170,x_R04_EXIT_H,x_R20_EXIT_E,0.00025133433003103584
28,172,x_R04_EXIT_H,x_R20_EXIT_H,0.0002116499621313986
28,178,x_R04_EXIT_H,x_R21_EXIT_E,0.0008377811001034528
28,180,x_R04_EXIT_H,x_R21_EXIT_H,0.0007054998737713286
28,184,x_R04_EXIT_H,x_R24_EXIT_C,0.0003086561947749563
28,185,x_R04_EXIT_H,x_R24_EXIT_D,0.0003086561947749563
28,186,x_R04_EXIT_H,x_R24_EXIT_E,0.0011464372948784092
28,187,x_R04_EXIT_H,x_R24_EXIT_G,0.0003086561947749563
28,188,x_R04_EXIT_H,x_R24_EXIT_H,0.0003968436789963724
28,192,x_R04_EXIT_H,x_R25_EXIT_C,0.0005732186474392045
28,193,x_R04_EXIT_H,x_R25_EXIT_D,0.0005732186474392045
28,194,x_R04_EXIT_H,x_R25_EXIT_E,0.0014109997475426571
28,195,x_R04_EXIT_H,x_R25_EXIT_G,0.0005732186474392045
28,196,x_R04_EXIT_H,x_R25_EXIT_H,0.0001322812263321241
28,202,x_R04_EXIT_H,x_R26_EXIT_E,0.0005026686600620717
28,204,x_R04_EXIT_H,x_R26_EXIT_H,0.0003174749431970979
28,210,x_R04_EXIT_H,x_R27_EXIT_E,0.00010141560685462848
28,218,x_R04_EXIT_H,x_R28_EXIT_E,0.00016755622002069054
28,220,x_R04_EXIT_H,x_R28_EXIT_H,0.00014109997475426572
28,226,x_R04_EXIT_H,x_R29_EXIT_E,0.0003351124400413811
28,228,x_R04_EXIT_H,x_R29_EXIT_H,0.00028219994950853144
28,234,x_R04_EXIT_H,x_R30_EXIT_E,0.0003351124400413811
28,242,x_R04_EXIT_H,x_R31_EXIT_E,0.00010141560685462848
28,250,x_R04_EXIT_H,x_R32_EXIT_E,0.00040566242741851393
28,258,x_R04_EXIT_H,x_R33_EXIT_E,0.00040566242741851393
29,30,x_R04_EXIT_A,x_R04_EXIT_F,1.8400394237339668
29,31,x_R04_EXIT_A,x_R04_EXIT_B,1.8392280988791299
29,34,x_R04_EXIT_A,x_R05_EXIT_E,0.0029101869793067307
29,35,x_R04_EXIT_A,x_R05_EXIT_G,0.0007936873579927448
29,36,x_R04_EXIT_A,x_R05_EXIT_H,0.0015873747159854895
29,37,x_R04_EXIT_A,x_R05_EXIT_A,0.008300646952340788
29,38,x_R04_EXIT_A,x_R05_EXIT_F,0.0024692495581996503
29,39,x_R04_EXIT_A,x_R05_EXIT_B,0.0015873747159854895
29,42,x_R04_EXIT_A,x_R06_EXIT_E,0.00043652804689600953
29,45,x_R04_EXIT_A,x_R06_EXIT_A,0.0002662159679933998
29,46,x_R04_EXIT_A,x_R06_EXIT_F,0.0002513343300310358
29,50,x_R04_EXIT_A,x_R07_EXIT_E,0.0005820373958613462
29,53,x_R04_EXIT_A,x_R07_EXIT_A,0.0003549546239911998
29,54,x_R04_EXIT_A,x_R07_EXIT_F,0.00033511244004138114
29,56,x_R04_EXIT_A,x_R08_EXIT_C,0.0005114874084842134
29,57,x_R04_EXIT_A,x_R08_EXIT_D,0.0005114874084842134
29,59,x_R04_EXIT_A,x_R08_EXIT_G,0.0006702248800827622
29,60,x_R04_EXIT_A,x_R08_EXIT_H,0.00019401246528711534
29,61,x_R04_EXIT_A,x_R08_EXIT_A,0.002171616798952371
29,62,x_R04_EXIT_A,x_R08_EXIT_F,0.0010053373201241434
29,63,x_R04_EXIT_A,x_R08_EXIT_B,0.00019401246528711534
29,64,x_R04_EXIT_A,x_R09_EXIT_C,0.0005114874084842134
29,65,x_R04_EXIT_A,x_R09_EXIT_D,0.0005114874084842134
29,66,x_R04_EXIT_A,x_R09_EXIT_E,0.00031747494319709794
29,67,x_R04_EXIT_A,x_R09_EXIT_G,0.0006702248800827622
29,68,x_R04_EXIT_A,x_R09_EXIT_H,0.00019401246528711534
29,69,x_R04_EXIT_A,x_R09_EXIT_A,0.002171616798952371
29,70,x_R04_EXIT_A,x_R09_EXIT_F,0.0010053373201241434
29,71,x_R04_EXIT_A,x_R09_EXIT_B,0.00019401246528711534
29,72,x_R04_EXIT_A,x_R10_EXIT_C,0.0004585749179513637
29,73,x_R04_EXIT_A,x_R10_EXIT_D,0.0004585749179513637
29,74,x_R04_EXIT_A,x_R10_EXIT_E,0.00031747494319709794
29,75,x_R04_EXIT_A,x_R10_EXIT_G,0.0006173123895499126
29,76,x_R04_EXIT_A,x_R10_EXIT_H,0.00014109997475426572
29,77,x_R04_EXIT_A,x_R10_EXIT_A,0.002118704308419521
29,78,x_R04_EXIT_A,x_R10_EXIT_F,0.0009524248295912937
29,79,x_R04_EXIT_A,x_R10_EXIT_B,0.00014109997475426572
29,82,x_R04_EXIT_A,x_R11_EXIT_E,0.0005820373958613462
29,85,x_R04_EXIT_A,x_R11_EXIT_A,0.0003549546239911998
29,86,x_R04_EXIT_A,x_R11_EXIT_F,0.00033511244004138114
29,90,x_R04_EXIT_A,x_R12_EXIT_E,0.0005820373958613462
29,93,x_R04_EXIT_A,x_R12_EXIT_A,0.0003549546239911998
29,94,x_R04_EXIT_A,x_R12_EXIT_F,0.00033511244004138114
29,98,x_R04_EXIT_A,x_R13_EXIT_E,0.0005820373958613462
29,101,x_R04_EXIT_A,x_R13_EXIT_A,0.0003549546239911998
29,102,x_R04_EXIT_A,x_R13_EXIT_F,0.00033511244004138114
29,106,x_R04_EXIT_A,x_R14_EXIT_E,0.0005820373958613462
29,109,x_R04_EXIT_A,x_R14_EXIT_A,0.0003549546239911998
29,110,x_R04_EXIT_A,x_R14_EXIT_F,0.00033511244004138114
29,112,x_R04_EXIT_A,x_R15_EXIT_C,0.0003527499368856644
29,113,x_R04_EXIT_A,x_R15_EXIT_D,0.0003527499368856644
29,114,x_R04_EXIT_A,x_R15_EXIT_E,0.0002292874589756818
29,115,x_R04_EXIT_A,x_R15_EXIT_G,0.0005114874084842133
29,117,x_R04_EXIT_A,x_R15_EXIT_A,0.002012879327353822
29,118,x_R04_EXIT_A,x_R15_EXIT_F,0.0008465998485255944
29,120,x_R04_EXIT_A,x_R16_EXIT_C,0.00040566242741851404
29,121,x_R04_EXIT_A,x_R16_EXIT_D,0.00040566242741851404
29,122,x_R04_EXIT_A,x_R16_EXIT_E,0.00017637496844283217
29,123,x_R04_EXIT_A,x_R16_EXIT_G,0.0005643998990170629
29,125,x_R04_EXIT_A,x_R16_EXIT_A,0.0020657918178866716
29,126,x_R04_EXIT_A,x_R16_EXIT_F,0.0008995123390584441
29,128,x_R04_EXIT_A,x_R17_EXIT_C,0.0004585749179513637
29,129,x_R04_EXIT_A,x_R17_EXIT_D,0.0004585749179513637
29,130,x_R04_EXIT_A,x_R17_EXIT_E,0.00012346247790998252
29,131,x_R04_EXIT_A,x_R17_EXIT_G,0.0006173123895499126
29,132,x_R04_EXIT_A,x_R17_EXIT_H,0.00014109997475426572
29,133,x_R04_EXIT_A,x_R17_EXIT_A,0.002118704308419521
29,134,x_R04_EXIT_A,x_R17_EXIT_F,0.0009524248295912937
29,135,x_R04_EXIT_A,x_R17_EXIT_B,0.00014109997475426572
29,136,x_R04_EXIT_A,x_R18_EXIT_C,0.0004585749179513637
29,137,x_R04_EXIT_A,x_R18_EXIT_D,0.0004585749179513637
29,138,x_R04_EXIT_A,x_R18_EXIT_E,0.00012346247790998252
29,139,x_R04_EXIT_A,x_R18_EXIT_G,0.0006173123895499126
29,140,x_R04_EXIT_A,x_R18_EXIT_H,0.00014109997475426572
29,141,x_R04_EXIT_A,x_R18_EXIT_A,0.002118704308419521
29,142,x_R04_EXIT_A,x_R18_EXIT_F,0.0009524248295912937
29,143,x_R04_EXIT_A,x_R18_EXIT_B,0.00014109997475426572
29,144,x_R04_EXIT_A,x_R19_EXIT_C,0.00034393118846352263
29,145,x_R04_EXIT_A,x_R19_EXIT_D,0.00034393118846352263
29,147,x_R04_EXIT_A,x_R19_EXIT_G,0.0004629842921624344
29,148,x_R04_EXIT_A,x_R19_EXIT_H,0.0001058249810656993
29,149,x_R04_EXIT_A,x_R19_EXIT_A,0.001589028231314641
29,150,x_R04_EXIT_A,x_R19_EXIT_F,0.0007143186221934702
29,151,x_R04_EXIT_A,x_R19_EXIT_B,0.0001058249810656993
29,152,x_R04_EXIT_A,x_R22_EXIT_C,0.0008377811001034529
29,153,x_R04_EXIT_A,x_R22_EXIT_D,0.0012346247790998252
29,154,x_R04_EXIT_A,x_R22_EXIT_E,0.0014991872317640733
29,155,x_R04_EXIT_A,x_R22_EXIT_G,0.0008377811001034529
29,156,x_R04_EXIT_A,x_R22_EXIT_H,0.0008377811001034529
29,157,x_R04_EXIT_A,x_R22_EXIT_A,0.0029156986970705692
29,160,x_R04_EXIT_A,x_R23_EXIT_C,0.0007936873579927448
29,161,x_R04_EXIT_A,x_R23_EXIT_D,0.0011905310369891172
29,162,x_R04_EXIT_A,x_R23_EXIT_E,0.0006614061316606207
29,163,x_R04_EXIT_A,x_R23_EXIT_G,0.0007936873579927448
29,165,x_R04_EXIT_A,x_R23_EXIT_A,0.0029156986970705692
29,169,x_R04_EXIT_A,x_R20_EXIT_D,0.0001190531036989117
29,170,x_R04_EXIT_A,x_R20_EXIT_E,0.0001984218394981862
29,173,x_R04_EXIT_A,x_R20_EXIT_A,0.0002662159679933998
29,174,x_R04_EXIT_A,x_R20_EXIT_F,0.0002381062073978234
29,175,x_R04_EXIT_A,x_R20_EXIT_B,0.0002381062073978234
29,177,x_R04_EXIT_A,x_R21_EXIT_D,0.0003968436789963724
29,178,x_R04_EXIT_A,x_R21_EXIT_E,0.0006614061316606207
29,181,x_R04_EXIT_A,x_R21_EXIT_A,0.001383441158723465
29,182,x_R04_EXIT_A,x_R21_EXIT_F,0.0002976327592472793
29,183,x_R04_EXIT_A,x_R21_EXIT_B,0.0002976327592472793
29,185,x_R04_EXIT_A,x_R24_EXIT_D,0.0003968436789963724
29,186,x_R04_EXIT_A,x_R24_EXIT_E,0.0006614061316606207
29,189,x_R04_EXIT_A,x_R24_EXIT_A,0.001681073917970744
29,193,x_R04_EXIT_A,x_R25_EXIT_D,0.0003968436789963724
29,194,x_R04_EXIT_A,x_R25_EXIT_E,0.0006614061316606207
29,197,x_R04_EXIT_A,x_R25_EXIT_A,0.001681073917970744
29,200,x_R04_EXIT_A,x_R26_EXIT_C,0.001131004485139661
29,201,x_R04_EXIT_A,x_R26_EXIT_D,0.0013691106925374844
29,202,x_R04_EXIT_A,x_R26_EXIT_E,0.0015278481641360336
29,203,x_R04_EXIT_A,x_R26_EXIT_G,0.0002381062073978234
29,205,x_R04_EXIT_A,x_R26_EXIT_A,0.0010681709026319024
29,209,x_R04_EXIT_A,x_R27_EXIT_D,0.00011905310369891172
29,213,x_R04_EXIT_A,x_R27_EXIT_A,0.00017802848377198373
29,216,x_R04_EXIT_A,x_R28_EXIT_C,0.0002629089373350967
29,217,x_R04_EXIT_A,x_R28_EXIT_D,0.0007986479039801995
29,218,x_R04_EXIT_A,x_R28_EXIT_E,0.0008515603945130491
29,219,x_R04_EXIT_A,x_R28_EXIT_G,0.00016369801758600363
29,220,x_R04_EXIT_A,x_R28_EXIT_H,0.0007192791681809251
29,222,x_R04_EXIT_A,x_R28_EXIT_F,0.00032243548918455255
29,223,x_R04_EXIT_A,x_R28_EXIT_B,0.00032243548918455255
29,225,x_R04_EXIT_A,x_R29_EXIT_D,0.0010714779332902055
29,226,x_R04_EXIT_A,x_R29_EXIT_E,0.0011773029143559044
29,228,x_R04_EXIT_A,x_R29_EXIT_H,0.0009127404616916565
29,230,x_R04_EXIT_A,x_R29_EXIT_F,0.00011905310369891172
29,231,x_R04_EXIT_A,x_R29_EXIT_B,0.00011905310369891172
29,232,x_R04_EXIT_A,x_R30_EXIT_C,0.0007936873579927449
29,233,x_R04_EXIT_A,x_R30_EXIT_D,0.0009524248295912938
29,234,x_R04_EXIT_A,x_R30_EXIT_E,0.0010582498106569932
29,235,x_R04_EXIT_A,x_R30_EXIT_G,0.00011905310369891172
29,237,x_R04_EXIT_A,x_R30_EXIT_A,0.0006724295671882976
29,245,x_R04_EXIT_A,x_R31_EXIT_A,0.0001681073917970744
29,249,x_R04_EXIT_A,x_R32_EXIT_D,0.00015873747159854897
29,250,x_R04_EXIT_A,x_R32_EXIT_E,0.00026456245266424824
29,253,x_R04_EXIT_A,x_R32_EXIT_A,0.0006724295671882976
29,257,x_R04_EXIT_A,x_R33_EXIT_D,0.00015873747159854897
29,258,x_R04_EXIT_A,x_R33_EXIT_E,0.00026456245266424824
29,261,x_R04_EXIT_A,x_R33_EXIT_A,0.0006724295671882976
30,31,x_R04_EXIT_F,x_R04_EXIT_B,1.8392280988791299
30,34,x_R04_EXIT_F,x_R05_EXIT_E,0.0029101869793067307
30,35,x_R04_EXIT_F,x_R05_EXIT_G,0.0007936873579927448
30,36,x_R04_EXIT_F,x_R05_EXIT_H,0.0015873747159854895
30,37,x_R04_EXIT_F,x_R05_EXIT_A,0.0024692495581996503
30,38,x_R04_EXIT_F,x_R05_EXIT_F,0.005820373958613461
30,39,x_R04_EXIT_F,x_R05_EXIT_B,0.0015873747159854895
30,42,x_R04_EXIT_F,x_R06_EXIT_E,0.00043652804689600953
30,46,x_R04_EXIT_F,x_R06_EXIT_F,0.0007540029900931076
30,50,x_R04_EXIT_F,x_R07_EXIT_E,0.0005820373958613462
30,54,x_R04_EXIT_F,x_R07_EXIT_F,0.0010053373201241436
30,56,x_R04_EXIT_F,x_R08_EXIT_C,0.0005114874084842134
30,57,x_R04_EXIT_F,x_R08_EXIT_D,0.0005114874084842134
30,59,x_R04_EXIT_F,x_R08_EXIT_G,0.0006702248800827622
30,60,x_R04_EXIT_F,x_R08_EXIT_H,0.00019401246528711534
30,61,x_R04_EXIT_F,x_R08_EXIT_A,0.0010053373201241434
30,62,x_R04_EXIT_F,x_R08_EXIT_F,0.0016755622002069055
30,63,x_R04_EXIT_F,x_R08_EXIT_B,0.00019401246528711534
30,64,x_R04_EXIT_F,x_R09_EXIT_C,0.0005114874084842134
30,65,x_R04_EXIT_F,x_R09_EXIT_D,0.0005114874084842134
30,66,x_R04_EXIT_F,x_R09_EXIT_E,0.00031747494319709794
30,67,x_R04_EXIT_F,x_R09_EXIT_G,0.0006702248800827622
30,68,x_R04_EXIT_F,x_R09_EXIT_H,0.00019401246528711534
30,69,x_R04_EXIT_F,x_R09_EXIT_A,0.0010053373201241434
30,70,x_R04_EXIT_F,x_R09_EXIT_F,0.0016755622002069055
30,71,x_R04_EXIT_F,x_R09_EXIT_B,0.00019401246528711534
30,72,x_R04_EXIT_F,x_R10_EXIT_C,0.0004585749179513637
30,73,x_R04_EXIT_F,x_R10_EXIT_D,0.0004585749179513637
30,74,x_R04_EXIT_F,x_R10_EXIT_E,0.00031747494319709794
30,75,x_R04_EXIT_F,x_R10_EXIT_G,0.0006173123895499126
30,76,x_R04_EXIT_F,x_R10_EXIT_H,0.00014109997475426572
30,77,x_R04_EXIT_F,x_R10_EXIT_A,0.0009524248295912937
30,78,x_R04_EXIT_F,x_R10_EXIT_F,0.001622649709674056
30,79,x_R04_EXIT_F,x_R10_EXIT_B,0.00014109997475426572
30,82,x_R04_EXIT_F,x_R11_EXIT_E,0.0005820373958613462
30,86,x_R04_EXIT_F,x_R11_EXIT_F,0.0010053373201241436
30,90,x_R04_EXIT_F,x_R12_EXIT_E,0.0005820373958613462
30,94,x_R04_EXIT_F,x_R12_EXIT_F,0.0010053373201241436
30,98,x_R04_EXIT_F,x_R13_EXIT_E,0.0005820373958613462
30,102,x_R04_EXIT_F,x_R13_EXIT_F,0.0010053373201241436
30,106,x_R04_EXIT_F,x_R14_EXIT_E,0.0005820373958613462
30,110,x_R04_EXIT_F,x_R14_EXIT_F,0.0010053373201241436
30,112,x_R04_EXIT_F,x_R15_EXIT_C,0.0003527499368856644
30,113,x_R04_EXIT_F,x_R15_EXIT_D,0.0003527499368856644
30,114,x_R04_EXIT_F,x_R15_EXIT_E,0.0002292874589756818
30,115,x_R04_EXIT_F,x_R15_EXIT_G,0.0005114874084842133
30,117,x_R04_EXIT_F,x_R15_EXIT_A,0.0008465998485255944
30,118,x_R04_EXIT_F,x_R15_EXIT_F,0.0015168247286083568
30,120,x_R04_EXIT_F,x_R16_EXIT_C,0.00040566242741851404
30,121,x_R04_EXIT_F,x_R16_EXIT_D,0.00040566242741851404
30,122,x_R04_EXIT_F,x_R16_EXIT_E,0.00017637496844283217
30,123,x_R04_EXIT_F,x_R16_EXIT_G,0.0005643998990170629
30,125,x_R04_EXIT_F,x_R16_EXIT_A,0.0008995123390584441
30,126,x_R04_EXIT_F,x_R16_EXIT_F,0.0015697372191412064
30,128,x_R04_EXIT_F,x_R17_EXIT_C,0.0004585749179513637
30,129,x_R04_EXIT_F,x_R17_EXIT_D,0.0004585749179513637
30,130,x_R04_EXIT_F,x_R17_EXIT_E,0.00012346247790998252
30,131,x_R04_EXIT_F,x_R17_EXIT_G,0.0006173123895499126
30,132,x_R04_EXIT_F,x_R17_EXIT_H,0.00014109997475426572
30,133,x_R04_EXIT_F,x_R17_EXIT_A,0.0009524248295912937
30,134,x_R04_EXIT_F,x_R17_EXIT_F,0.001622649709674056
30,135,x_R04_EXIT_F,x_R17_EXIT_B,0.00014109997475426572
30,136,x_R04_EXIT_F,x_R18_EXIT_C,0.0004585749179513637
30,137,x_R04_EXIT_F,x_R18_EXIT_D,0.0004585749179513637
30,138,x_R04_EXIT_F,x_R18_EXIT_E,0.00012346247790998252
30,139,x_R04_EXIT_F,x_R18_EXIT_G,0.0006173123895499126
30,140,x_R04_EXIT_F,x_R18_EXIT_H,0.00014109997475426572
30,141,x_R04_EXIT_F,x_R18_EXIT_A,0.0009524248295912937
30,142,x_R04_EXIT_F,x_R18_EXIT_F,0.001622649709674056
30,143,x_R04_EXIT_F,x_R18_EXIT_B,0.00014109997475426572
30,144,x_R04_EXIT_F,x_R19_EXIT_C,0.00034393118846352263
30,145,x_R04_EXIT_F,x_R19_EXIT_D,0.00034393118846352263
30,147,x_R04_EXIT_F,x_R19_EXIT_G,0.0004629842921624344
30,148,x_R04_EXIT_F,x_R19_EXIT_H,0.0001058249810656993
30,149,x_R04_EXIT_F,x_R19_EXIT_A,0.0007143186221934702
30,150,x_R04_EXIT_F,x_R19_EXIT_F,0.001216987282255542
30,151,x_R04_EXIT_F,x_R19_EXIT_B,0.0001058249810656993
30,152,x_R04_EXIT_F,x_R22_EXIT_C,0.0008377811001034529
30,153,x_R04_EXIT_F,x_R22_EXIT_D,0.0012346247790998252
30,154,x_R04_EXIT_F,x_R22_EXIT_E,0.0014991872317640733
30,155,x_R04_EXIT_F,x_R22_EXIT_G,0.0008377811001034529
30,156,x_R04_EXIT_F,x_R22_EXIT_H,0.0008377811001034529
30,158,x_R04_EXIT_F,x_R22_EXIT_F,0.0016755622002069058
30,159,x_R04_EXIT_F,x_R22_EXIT_B,0.0008377811001034529
30,160,x_R04_EXIT_F,x_R23_EXIT_C,0.0015873747159854895
30,161,x_R04_EXIT_F,x_R23_EXIT_D,0.0019842183949818617
30,162,x_R04_EXIT_F,x_R23_EXIT_E,0.0006614061316606207
30,163,x_R04_EXIT_F,x_R23_EXIT_G,0.0015873747159854895
30,165,x_R04_EXIT_F,x_R23_EXIT_A,0.0008377811001034529
30,166,x_R04_EXIT_F,x_R23_EXIT_F,0.0008377811001034527
30,169,x_R04_EXIT_F,x_R20_EXIT_D,0.0001190531036989117
30,170,x_R04_EXIT_F,x_R20_EXIT_E,0.0001984218394981862
30,174,x_R04_EXIT_F,x_R20_EXIT_F,0.00010251795040739618
30,177,x_R04_EXIT_F,x_R21_EXIT_D,0.0003968436789963724
30,178,x_R04_EXIT_F,x_R21_EXIT_E,0.0006614061316606207
30,182,x_R04_EXIT_F,x_R21_EXIT_F,0.00034172650135798734
30,185,x_R04_EXIT_F,x_R24_EXIT_D,0.0003968436789963724
30,186,x_R04_EXIT_F,x_R24_EXIT_E,0.0006614061316606207
30,190,x_R04_EXIT_F,x_R24_EXIT_F,0.00034172650135798734
30,193,x_R04_EXIT_F,x_R25_EXIT_D,0.0003968436789963724
30,194,x_R04_EXIT_F,x_R25_EXIT_E,0.0006614061316606207
30,198,x_R04_EXIT_F,x_R25_EXIT_F,0.00034172650135798734
30,200,x_R04_EXIT_F,x_R26_EXIT_C,0.0004762124147956468
30,201,x_R04_EXIT_F,x_R26_EXIT_D,0.0007143186221934702
30,202,x_R04_EXIT_F,x_R26_EXIT_E,0.0008730560937920191
30,204,x_R04_EXIT_F,x_R26_EXIT_H,0.00017857965554836754
30,206,x_R04_EXIT_F,x_R26_EXIT_F,0.0003240890045137041
30,208,x_R04_EXIT_F,x_R27_EXIT_C,0.00018850074752327687
30,209,x_R04_EXIT_F,x_R27_EXIT_D,0.00022818511542291417
30,211,x_R04_EXIT_F,x_R27_EXIT_G,0.00018850074752327687
30,217,x_R04_EXIT_F,x_R28_EXIT_D,0.00023810620739782344
30,218,x_R04_EXIT_F,x_R28_EXIT_E,0.0002910186979306731
30,220,x_R04_EXIT_F,x_R28_EXIT_H,0.00015873747159854897
30,225,x_R04_EXIT_F,x_R29_EXIT_D,0.0004762124147956469
30,226,x_R04_EXIT_F,x_R29_EXIT_E,0.0005820373958613462
30,228,x_R04_EXIT_F,x_R29_EXIT_H,0.00031747494319709794
30,230,x_R04_EXIT_F,x_R29_EXIT_F,0.00013669060054319495
30,232,x_R04_EXIT_F,x_R30_EXIT_C,0.00031747494319709794
30,233,x_R04_EXIT_F,x_R30_EXIT_D,0.0004762124147956469
30,234,x_R04_EXIT_F,x_R30_EXIT_E,0.0005820373958613462
30,249,x_R04_EXIT_F,x_R32_EXIT_D,0.00015873747159854897
30,250,x_R04_EXIT_F,x_R32_EXIT_E,0.00026456245266424824
30,254,x_R04_EXIT_F,x_R32_EXIT_F,0.00013669060054319495
30,257,x_R04_EXIT_F,x_R33_EXIT_D,0.00015873747159854897
30,258,x_R04_EXIT_F,x_R33_EXIT_E,0.00026456245266424824
30,262,x_R04_EXIT_F,x_R33_EXIT_F,0.00013669060054319495
31,34,x_R04_EXIT_B,x_R05_EXIT_E,0.0013228122633212414
31,36,x_R04_EXIT_B,x_R05_EXIT_H,0.0009700623264355769
31,39,x_R04_EXIT_B,x_R05_EXIT_B,0.00928173271430404
31,42,x_R04_EXIT_B,x_R06_EXIT_E,0.0001984218394981862
31,47,x_R04_EXIT_B,x_R06_EXIT_B,0.0013393474166127567
31,50,x_R04_EXIT_B,x_R07_EXIT_E,0.00026456245266424824
31,52,x_R04_EXIT_B,x_R07_EXIT_H,0.0001234624779099825
31,55,x_R04_EXIT_B,x_R07_EXIT_B,0.0017857965554836759
31,56,x_R04_EXIT_B,x_R08_EXIT_C,0.00019401246528711534
31,57,x_R04_EXIT_B,x_R08_EXIT_D,0.00019401246528711534
31,59,x_R04_EXIT_B,x_R08_EXIT_G,0.00019401246528711534
31,60,x_R04_EXIT_B,x_R08_EXIT_H,0.00038802493057423073
31,61,x_R04_EXIT_B,x_R08_EXIT_A,0.00019401246528711534
31,62,x_R04_EXIT_B,x_R08_EXIT_F,0.00019401246528711534
31,63,x_R04_EXIT_B,x_R08_EXIT_B,0.0020503590081479236
31,64,x_R04_EXIT_B,x_R09_EXIT_C,0.00019401246528711534
31,65,x_R04_EXIT_B,x_R09_EXIT_D,0.00019401246528711534
31,66,x_R04_EXIT_B,x_R09_EXIT_E,0.00031747494319709794
31,67,x_R04_EXIT_B,x_R09_EXIT_G,0.00019401246528711534
31,68,x_R04_EXIT_B,x_R09_EXIT_H,0.00038802493057423073
31,69,x_R04_EXIT_B,x_R09_EXIT_A,0.00019401246528711534
31,70,x_R04_EXIT_B,x_R09_EXIT_F,0.00019401246528711534
31,71,x_R04_EXIT_B,x_R09_EXIT_B,0.0020503590081479236
31,72,x_R04_EXIT_B,x_R10_EXIT_C,0.00014109997475426572
31,73,x_R04_EXIT_B,x_R10_EXIT_D,0.00014109997475426572
31,74,x_R04_EXIT_B,x_R10_EXIT_E,0.00031747494319709794
31,75,x_R04_EXIT_B,x_R10_EXIT_G,0.00014109997475426572
31,76,x_R04_EXIT_B,x_R10_EXIT_H,0.0003351124400413811
31,77,x_R04_EXIT_B,x_R10_EXIT_A,0.00014109997475426572
31,78,x_R04_EXIT_B,x_R10_EXIT_F,0.00014109997475426572
31,79,x_R04_EXIT_B,x_R10_EXIT_B,0.0019974465176150744
31,82,x_R04_EXIT_B,x_R11_EXIT_E,0.00026456245266424824
31,84,x_R04_EXIT_B,x_R11_EXIT_H,0.0001234624779099825
31,87,x_R04_EXIT_B,x_R11_EXIT_B,0.0017857965554836759
31,90,x_R04_EXIT_B,x_R12_EXIT_E,0.00026456245266424824
31,92,x_R04_EXIT_B,x_R12_EXIT_H,0.0001234624779099825
31,95,x_R04_EXIT_B,x_R12_EXIT_B,0.0017857965554836759
31,98,x_R04_EXIT_B,x_R13_EXIT_E,0.00026456245266424824
31,100,x_R04_EXIT_B,x_R13_EXIT_H,0.0001234624779099825
31,103,x_R04_EXIT_B,x_R13_EXIT_B,0.0017857965554836759
31,106,x_R04_EXIT_B,x_R14_EXIT_E,0.00026456245266424824
31,108,x_R04_EXIT_B,x_R14_EXIT_H,0.0001234624779099825
31,111,x_R04_EXIT_B,x_R14_EXIT_B,0.0017857965554836759
31,114,x_R04_EXIT_B,x_R15_EXIT_E,0.0002292874589756818
31,116,x_R04_EXIT_B,x_R15_EXIT_H,0.0002292874589756818
31,119,x_R04_EXIT_B,x_R15_EXIT_B,0.001891621536549375
31,122,x_R04_EXIT_B,x_R16_EXIT_E,0.00017637496844283217
31,124,x_R04_EXIT_B,x_R16_EXIT_H,0.00028219994950853144
31,127,x_R04_EXIT_B,x_R16_EXIT_B,0.0019445340270822246
31,128,x_R04_EXIT_B,x_R17_EXIT_C,0.00014109997475426572
31,129,x_R04_EXIT_B,x_R17_EXIT_D,0.00014109997475426572
31,130,x_R04_EXIT_B,x_R17_EXIT_E,0.00012346247790998252
31,131,x_R04_EXIT_B,x_R17_EXIT_G,0.00014109997475426572
31,132,x_R04_EXIT_B,x_R17_EXIT_H,0.0003351124400413811
31,133,x_R04_EXIT_B,x_R17_EXIT_A,0.00014109997475426572
31,134,x_R04_EXIT_B,x_R17_EXIT_F,0.00014109997475426572
31,135,x_R04_EXIT_B,x_R17_EXIT_B,0.0019974465176150744
31,136,x_R04_EXIT_B,x_R18_EXIT_C,0.00014109997475426572
31,137,x_R04_EXIT_B,x_R18_EXIT_D,0.00014109997475426572
31,138,x_R04_EXIT_B,x_R18_EXIT_E,0.00012346247790998252
31,139,x_R04_EXIT_B,x_R18_EXIT_G,0.00014109997475426572
31,140,x_R04_EXIT_B,x_R18_EXIT_H,0.0003351124400413811
31,141,x_R04_EXIT_B,x_R18_EXIT_A,0.00014109997475426572
31,142,x_R04_EXIT_B,x_R18_EXIT_F,0.00014109997475426572
31,143,x_R04_EXIT_B,x_R18_EXIT_B,0.0019974465176150744
31,144,x_R04_EXIT_B,x_R19_EXIT_C,0.0001058249810656993
31,145,x_R04_EXIT_B,x_R19_EXIT_D,0.0001058249810656993
31,147,x_R04_EXIT_B,x_R19_EXIT_G,0.0001058249810656993
31,148,x_R04_EXIT_B,x_R19_EXIT_H,0.0002513343300310358
31,149,x_R04_EXIT_B,x_R19_EXIT_A,0.0001058249810656993
31,150,x_R04_EXIT_B,x_R19_EXIT_F,0.0001058249810656993
31,151,x_R04_EXIT_B,x_R19_EXIT_B,0.0014980848882113053
31,154,x_R04_EXIT_B,x_R22_EXIT_E,0.0008377811001034528
31,156,x_R04_EXIT_B,x_R22_EXIT_H,0.0003086561947749563
31,159,x_R04_EXIT_B,x_R22_EXIT_B,0.002518855018074197
31,162,x_R04_EXIT_B,x_R23_EXIT_E,0.0010141560685462847
31,164,x_R04_EXIT_B,x_R23_EXIT_H,0.0001322812263321241
31,167,x_R04_EXIT_B,x_R23_EXIT_B,0.002518855018074197
31,170,x_R04_EXIT_B,x_R20_EXIT_E,0.00025133433003103584
31,175,x_R04_EXIT_B,x_R20_EXIT_B,0.0007556565054222589
31,178,x_R04_EXIT_B,x_R21_EXIT_E,0.0008377811001034528
31,180,x_R04_EXIT_B,x_R21_EXIT_H,0.0003086561947749563
31,183,x_R04_EXIT_B,x_R21_EXIT_B,0.002518855018074197
31,184,x_R04_EXIT_B,x_R24_EXIT_C,0.001127146282704974
31,185,x_R04_EXIT_B,x_R24_EXIT_D,0.001127146282704974
31,186,x_R04_EXIT_B,x_R24_EXIT_E,0.0019649273828084273
31,187,x_R04_EXIT_B,x_R24_EXIT_G,0.001127146282704974
31,188,x_R04_EXIT_B,x_R24_EXIT_H,0.000818490087930018
31,189,x_R04_EXIT_B,x_R24_EXIT_A,0.000818490087930018
31,190,x_R04_EXIT_B,x_R24_EXIT_F,0.000818490087930018
31,191,x_R04_EXIT_B,x_R24_EXIT_B,0.0033373451060042148
31,192,x_R04_EXIT_B,x_R25_EXIT_C,0.0003086561947749563
31,193,x_R04_EXIT_B,x_R25_EXIT_D,0.0003086561947749563
31,194,x_R04_EXIT_B,x_R25_EXIT_E,0.0011464372948784092
31,195,x_R04_EXIT_B,x_R25_EXIT_G,0.0003086561947749563
31,202,x_R04_EXIT_B,x_R26_EXIT_E,0.0005026686600620717
31,207,x_R04_EXIT_B,x_R26_EXIT_B,0.0015113130108445178
31,210,x_R04_EXIT_B,x_R27_EXIT_E,0.00010141560685462848
31,215,x_R04_EXIT_B,x_R27_EXIT_B,0.0002518855018074197
31,218,x_R04_EXIT_B,x_R28_EXIT_E,0.00016755622002069054
31,223,x_R04_EXIT_B,x_R28_EXIT_B,0.0005037710036148394
31,226,x_R04_EXIT_B,x_R29_EXIT_E,0.0003351124400413811
31,228,x_R04_EXIT_B,x_R29_EXIT_H,0.0001234624779099825
31,231,x_R04_EXIT_B,x_R29_EXIT_B,0.0010075420072296788
31,234,x_R04_EXIT_B,x_R30_EXIT_E,0.0003351124400413811
31,239,x_R04_EXIT_B,x_R30_EXIT_B,0.0010075420072296788
31,242,x_R04_EXIT_B,x_R31_EXIT_E,0.00010141560685462848
31,247,x_R04_EXIT_B,x_R31_EXIT_B,0.0002518855018074197
31,248,x_R04_EXIT_B,x_R32_EXIT_C,0.0003979460225491401
31,249,x_R04_EXIT_B,x_R32_EXIT_D,0.0003979460225491401
31,250,x_R04_EXIT_B,x_R32_EXIT_E,0.0007330584625905212
31,251,x_R04_EXIT_B,x_R32_EXIT_G,0.0003979460225491401
31,252,x_R04_EXIT_B,x_R32_EXIT_H,0.00032739603517200727
31,253,x_R04_EXIT_B,x_R32_EXIT_A,0.00032739603517200727
31,254,x_R04_EXIT_B,x_R32_EXIT_F,0.00032739603517200727
31,255,x_R04_EXIT_B,x_R32_EXIT_B,0.0006801459720576716
31,258,x_R04_EXIT_B,x_R33_EXIT_E,0.00040566242741851393
32,33,x_R05_EXIT_C,x_R05_EXIT_D,1.8386185028944493
32,34,x_R05_EXIT_C,x_R05_EXIT_E,1.8407405142335271
32,35,x_R05_EXIT_C,x_R05_EXIT_G,1.8407405142335271
32,36,x_R05_EXIT_C,x_R05_EXIT_H,1.8407405142335271
32,37,x_R05_EXIT_C,x_R05_EXIT_A,1.8407405142335271
32,38,x_R05_EXIT_C,x_R05_EXIT_F,1.8407405142335271
32,39,x_R05_EXIT_C,x_R05_EXIT_B,1.8407405142335271
32,40,x_R05_EXIT_C,x_R06_EXIT_C,0.0005621952119115274
32,41,x_R05_EXIT_C,x_R06_EXIT_D,0.0024968081470188425
32,42,x_R05_EXIT_C,x_R06_EXIT_E,0.002215710541063079
32,43,x_R05_EXIT_C,x_R06_EXIT_G,0.001025179504073962
32,44,x_R05_EXIT_C,x_R06_EXIT_H,0.001025179504073962
32,45,x_R05_EXIT_C,x_R06_EXIT_A,0.001025179504073962
32,46,x_R05_EXIT_C,x_R06_EXIT_F,0.001025179504073962
32,47,x_R05_EXIT_C,x_R06_EXIT_B,0.001025179504073962
32,48,x_R05_EXIT_C,x_R07_EXIT_C,0.00017637496844283214
32,49,x_R05_EXIT_C,x_R07_EXIT_D,0.003814108692576246
32,50,x_R05_EXIT_C,x_R07_EXIT_E,0.003439311884635227
32,51,x_R05_EXIT_C,x_R07_EXIT_G,0.0018519371686497377
32,52,x_R05_EXIT_C,x_R07_EXIT_H,0.0018519371686497377
32,53,x_R05_EXIT_C,x_R07_EXIT_A,0.0018519371686497377
32,54,x_R05_EXIT_C,x_R07_EXIT_F,0.0018519371686497377
32,55,x_R05_EXIT_C,x_R07_EXIT_B,0.0018519371686497377
32,56,x_R05_EXIT_C,x_R08_EXIT_C,0.004188905500517264
32,57,x_R05_EXIT_C,x_R08_EXIT_D,0.0003747968079410184
32,64,x_R05_EXIT_C,x_R09_EXIT_C,0.004188905500517264
32,65,x_R05_EXIT_C,x_R09_EXIT_D,0.0003747968079410184
32,72,x_R05_EXIT_C,x_R10_EXIT_C,0.004188905500517264
32,73,x_R05_EXIT_C,x_R10_EXIT_D,0.0003747968079410184
32,80,x_R05_EXIT_C,x_R11_EXIT_C,0.0012346247790998252
32,81,x_R05_EXIT_C,x_R11_EXIT_D,0.0033290775293584574
32,82,x_R05_EXIT_C,x_R11_EXIT_E,0.0029542807214174385
32,83,x_R05_EXIT_C,x_R11_EXIT_G,0.0013669060054319491
32,84,x_R05_EXIT_C,x_R11_EXIT_H,0.0013669060054319491
32,85,x_R05_EXIT_C,x_R11_EXIT_A,0.0013669060054319491
32,86,x_R05_EXIT_C,x_R11_EXIT_F,0.0013669060054319491
32,87,x_R05_EXIT_C,x_R11_EXIT_B,0.0013669060054319491
32,88,x_R05_EXIT_C,x_R12_EXIT_C,0.0012346247790998252
32,89,x_R05_EXIT_C,x_R12_EXIT_D,0.0033290775293584574
32,90,x_R05_EXIT_C,x_R12_EXIT_E,0.0029542807214174385
32,91,x_R05_EXIT_C,x_R12_EXIT_G,0.0013669060054319491
32,92,x_R05_EXIT_C,x_R12_EXIT_H,0.0013669060054319491
32,93,x_R05_EXIT_C,x_R12_EXIT_A,0.0013669060054319491
32,94,x_R05_EXIT_C,x_R12_EXIT_F,0.0013669060054319491
32,95,x_R05_EXIT_C,x_R12_EXIT_B,0.0013669060054319491
32,96,x_R05_EXIT_C,x_R13_EXIT_C,0.0017196559423176133
32,97,x_R05_EXIT_C,x_R13_EXIT_D,0.002844046366140669
32,98,x_R05_EXIT_C,x_R13_EXIT_E,0.0024692495581996503
32,99,x_R05_EXIT_C,x_R13_EXIT_G,0.0008818748422141608
32,100,x_R05_EXIT_C,x_R13_EXIT_H,0.0008818748422141608
32,101,x_R05_EXIT_C,x_R13_EXIT_A,0.0008818748422141608
32,102,x_R05_EXIT_C,x_R13_EXIT_F,0.0008818748422141608
32,103,x_R05_EXIT_C,x_R13_EXIT_B,0.0008818748422141608
32,104,x_R05_EXIT_C,x_R14_EXIT_C,0.002204687105535402
32,105,x_R05_EXIT_C,x_R14_EXIT_D,0.0023590152029228807
32,106,x_R05_EXIT_C,x_R14_EXIT_E,0.0019842183949818617
32,107,x_R05_EXIT_C,x_R14_EXIT_G,0.0003968436789963724
32,108,x_R05_EXIT_C,x_R14_EXIT_H,0.0003968436789963724
32,109,x_R05_EXIT_C,x_R14_EXIT_A,0.0003968436789963724
32,110,x_R05_EXIT_C,x_R14_EXIT_F,0.0003968436789963724
32,111,x_R05_EXIT_C,x_R14_EXIT_B,0.0003968436789963724
32,112,x_R05_EXIT_C,x_R15_EXIT_C,0.004188905500517264
32,113,x_R05_EXIT_C,x_R15_EXIT_D,0.0003747968079410184
32,120,x_R05_EXIT_C,x_R16_EXIT_C,0.004188905500517264
32,121,x_R05_EXIT_C,x_R16_EXIT_D,0.0003747968079410184
32,128,x_R05_EXIT_C,x_R17_EXIT_C,0.004188905500517264
32,129,x_R05_EXIT_C,x_R17_EXIT_D,0.0003747968079410184
32,136,x_R05_EXIT_C,x_R18_EXIT_C,0.004188905500517264
32,137,x_R05_EXIT_C,x_R18_EXIT_D,0.0003747968079410184
32,144,x_R05_EXIT_C,x_R19_EXIT_C,0.003141679125387948
32,145,x_R05_EXIT_C,x_R19_EXIT_D,0.0002810976059557637
32,152,x_R05_EXIT_C,x_R22_EXIT_C,0.006503826961329435
32,153,x_R05_EXIT_C,x_R22_EXIT_D,0.0009369920198525458
32,160,x_R05_EXIT_C,x_R23_EXIT_C,0.006503826961329435
32,161,x_R05_EXIT_C,x_R23_EXIT_D,0.0009369920198525458
32,168,x_R05_EXIT_C,x_R20_EXIT_C,0.0019511480883988306
32,169,x_R05_EXIT_C,x_R20_EXIT_D,0.0002810976059557637
32,176,x_R05_EXIT_C,x_R21_EXIT_C,0.006503826961329435
32,177,x_R05_EXIT_C,x_R21_EXIT_D,0.0009369920198525458
32,184,x_R05_EXIT_C,x_R24_EXIT_C,0.006503826961329435
32,185,x_R05_EXIT_C,x_R24_EXIT_D,0.0009369920198525458
32,192,x_R05_EXIT_C,x_R25_EXIT_C,0.006503826961329435
32,193,x_R05_EXIT_C,x_R25_EXIT_D,0.0009369920198525458
32,200,x_R05_EXIT_C,x_R26_EXIT_C,0.003902296176797661
32,201,x_R05_EXIT_C,x_R26_EXIT_D,0.0005621952119115274
32,208,x_R05_EXIT_C,x_R27_EXIT_C,0.0006503826961329435
32,216,x_R05_EXIT_C,x_R28_EXIT_C,0.001300765392265887
32,217,x_R05_EXIT_C,x_R28_EXIT_D,0.0001873984039705092
32,224,x_R05_EXIT_C,x_R29_EXIT_C,0.002601530784531774
32,225,x_R05_EXIT_C,x_R29_EXIT_D,0.0003747968079410184
32,232,x_R05_EXIT_C,x_R30_EXIT_C,0.002601530784531774
32,233,x_R05_EXIT_C,x_R30_EXIT_D,0.0003747968079410184
32,240,x_R05_EXIT_C,x_R31_EXIT_C,0.0006503826961329435
32,248,x_R05_EXIT_C,x_R32_EXIT_C,0.002601530784531774
32,249,x_R05_EXIT_C,x_R32_EXIT_D,0.0003747968079410184
32,256,x_R05_EXIT_C,x_R33_EXIT_C,0.002601530784531774
32,257,x_R05_EXIT_C,x_R33_EXIT_D,0.0003747968079410184
33,34,x_R05_EXIT_D,x_R05_EXIT_E,1.8386185028944493
33,35,x_R05_EXIT_D,x_R05_EXIT_G,1.8386185028944493
33,36,x_R05_EXIT_D,x_R05_EXIT_H,1.8386185028944493
33,37,x_R05_EXIT_D,x_R05_EXIT_A,1.8386185028944493
33,38,x_R05_EXIT_D,x_R05_EXIT_F,1.8386185028944493
33,39,x_R05_EXIT_D,x_R05_EXIT_B,1.8386185028944493
33,153,x_R05_EXIT_D,x_R22_EXIT_D,0.0002204687105535402
33,161,x_R05_EXIT_D,x_R23_EXIT_D,0.0002204687105535402
33,177,x_R05_EXIT_D,x_R21_EXIT_D,0.0002204687105535402
33,185,x_R05_EXIT_D,x_R24_EXIT_D,0.0002204687105535402
33,193,x_R05_EXIT_D,x_R25_EXIT_D,0.0002204687105535402
33,201,x_R05_EXIT_D,x_R26_EXIT_D,0.00013228122633212412
34,35,x_R05_EXIT_E,x_R05_EXIT_G,1.8407405142335271
34,36,x_R05_EXIT_E,x_R05_EXIT_H,1.8486773878134546
34,37,x_R05_EXIT_E,x_R05_EXIT_A,1.8407405142335271
34,38,x_R05_EXIT_E,x_R05_EXIT_F,1.8407405142335271
34,39,x_R05_EXIT_E,x_R05_EXIT_B,1.8486773878134546
34,41,x_R05_EXIT_E,x_R06_EXIT_D,0.0002810976059557637
34,42,x_R05_EXIT_E,x_R06_EXIT_E,0.0023149214608121716
34,49,x_R05_EXIT_E,x_R07_EXIT_D,0.0003747968079410184
34,50,x_R05_EXIT_E,x_R07_EXIT_E,0.0030865619477495627
34,56,x_R05_EXIT_E,x_R08_EXIT_C,0.0025574370424210663
34,57,x_R05_EXIT_E,x_R08_EXIT_D,0.002932233850362085
34,58,x_R05_EXIT_E,x_R08_EXIT_E,0.0005291249053284965
34,59,x_R05_EXIT_E,x_R08_EXIT_G,0.0025574370424210663
34,60,x_R05_EXIT_E,x_R08_EXIT_H,0.000970062326435577
34,61,x_R05_EXIT_E,x_R08_EXIT_A,0.0025574370424210663
34,62,x_R05_EXIT_E,x_R08_EXIT_F,0.0025574370424210663
34,63,x_R05_EXIT_E,x_R08_EXIT_B,0.000970062326435577
34,64,x_R05_EXIT_E,x_R09_EXIT_C,0.0025574370424210663
34,65,x_R05_EXIT_E,x_R09_EXIT_D,0.002932233850362085
34,66,x_R05_EXIT_E,x_R09_EXIT_E,0.00017637496844283214
34,67,x_R05_EXIT_E,x_R09_EXIT_G,0.0025574370424210663
34,68,x_R05_EXIT_E,x_R09_EXIT_H,0.000970062326435577
34,69,x_R05_EXIT_E,x_R09_EXIT_A,0.0025574370424210663
34,70,x_R05_EXIT_E,x_R09_EXIT_F,0.0025574370424210663
34,71,x_R05_EXIT_E,x_R09_EXIT_B,0.000970062326435577
34,72,x_R05_EXIT_E,x_R10_EXIT_C,0.002292874589756818
34,73,x_R05_EXIT_E,x_R10_EXIT_D,0.002667671397697836
34,74,x_R05_EXIT_E,x_R10_EXIT_E,0.00017637496844283214
34,75,x_R05_EXIT_E,x_R10_EXIT_G,0.002292874589756818
34,76,x_R05_EXIT_E,x_R10_EXIT_H,0.0007054998737713286
34,77,x_R05_EXIT_E,x_R10_EXIT_A,0.002292874589756818
34,78,x_R05_EXIT_E,x_R10_EXIT_F,0.002292874589756818
34,79,x_R05_EXIT_E,x_R10_EXIT_B,0.0007054998737713286
34,81,x_R05_EXIT_E,x_R11_EXIT_D,0.0003747968079410184
34,82,x_R05_EXIT_E,x_R11_EXIT_E,0.0030865619477495627
34,89,x_R05_EXIT_E,x_R12_EXIT_D,0.0003747968079410184
34,90,x_R05_EXIT_E,x_R12_EXIT_E,0.0030865619477495627
34,97,x_R05_EXIT_E,x_R13_EXIT_D,0.0003747968079410184
34,98,x_R05_EXIT_E,x_R13_EXIT_E,0.0030865619477495627
34,105,x_R05_EXIT_E,x_R14_EXIT_D,0.0003747968079410184
34,106,x_R05_EXIT_E,x_R14_EXIT_E,0.0030865619477495627
34,112,x_R05_EXIT_E,x_R15_EXIT_C,0.0017637496844283217
34,113,x_R05_EXIT_E,x_R15_EXIT_D,0.0021385464923693396
34,114,x_R05_EXIT_E,x_R15_EXIT_E,0.0013228122633212414
34,115,x_R05_EXIT_E,x_R15_EXIT_G,0.0017637496844283217
34,116,x_R05_EXIT_E,x_R15_EXIT_H,0.00017637496844283214
34,117,x_R05_EXIT_E,x_R15_EXIT_A,0.0017637496844283217
34,118,x_R05_EXIT_E,x_R15_EXIT_F,0.0017637496844283217
34,119,x_R05_EXIT_E,x_R15_EXIT_B,0.00017637496844283214
34,120,x_R05_EXIT_E,x_R16_EXIT_C,0.0020283121370925695
34,121,x_R05_EXIT_E,x_R16_EXIT_D,0.002403108945033588
34,122,x_R05_EXIT_E,x_R16_EXIT_E,0.001058249810656993
34,123,x_R05_EXIT_E,x_R16_EXIT_G,0.0020283121370925695
34,124,x_R05_EXIT_E,x_R16_EXIT_H,0.0004409374211070804
34,125,x_R05_EXIT_E,x_R16_EXIT_A,0.0020283121370925695
34,126,x_R05_EXIT_E,x_R16_EXIT_F,0.0020283121370925695
34,127,x_R05_EXIT_E,x_R16_EXIT_B,0.0004409374211070804
34,128,x_R05_EXIT_E,x_R17_EXIT_C,0.002292874589756818
34,129,x_R05_EXIT_E,x_R17_EXIT_D,0.002667671397697836
34,130,x_R05_EXIT_E,x_R17_EXIT_E,0.0007936873579927448
34,131,x_R05_EXIT_E,x_R17_EXIT_G,0.002292874589756818
34,132,x_R05_EXIT_E,x_R17_EXIT_H,0.0007054998737713286
34,133,x_R05_EXIT_E,x_R17_EXIT_A,0.002292874589756818
34,134,x_R05_EXIT_E,x_R17_EXIT_F,0.002292874589756818
34,135,x_R05_EXIT_E,x_R17_EXIT_B,0.0007054998737713286
34,136,x_R05_EXIT_E,x_R18_EXIT_C,0.002292874589756818
34,137,x_R05_EXIT_E,x_R18_EXIT_D,0.002667671397697836
34,138,x_R05_EXIT_E,x_R18_EXIT_E,0.0007936873579927448
34,139,x_R05_EXIT_E,x_R18_EXIT_G,0.002292874589756818
34,140,x_R05_EXIT_E,x_R18_EXIT_H,0.0007054998737713286
34,141,x_R05_EXIT_E,x_R18_EXIT_A,0.002292874589756818
34,142,x_R05_EXIT_E,x_R18_EXIT_F,0.002292874589756818
34,143,x_R05_EXIT_E,x_R18_EXIT_B,0.0007054998737713286
34,144,x_R05_EXIT_E,x_R19_EXIT_C,0.0017196559423176133
34,145,x_R05_EXIT_E,x_R19_EXIT_D,0.0020007535482733773
34,146,x_R05_EXIT_E,x_R19_EXIT_E,0.0005952655184945585
34,147,x_R05_EXIT_E,x_R19_EXIT_G,0.0017196559423176133
34,148,x_R05_EXIT_E,x_R19_EXIT_H,0.0005291249053284965
34,149,x_R05_EXIT_E,x_R19_EXIT_A,0.0017196559423176133
34,150,x_R05_EXIT_E,x_R19_EXIT_F,0.0017196559423176133
34,151,x_R05_EXIT_E,x_R19_EXIT_B,0.0005291249053284965
34,153,x_R05_EXIT_E,x_R22_EXIT_D,0.0009369920198525458
34,154,x_R05_EXIT_E,x_R22_EXIT_E,0.0037479680794101824
34,161,x_R05_EXIT_E,x_R23_EXIT_D,0.0009369920198525458
34,162,x_R05_EXIT_E,x_R23_EXIT_E,0.0037479680794101824
34,169,x_R05_EXIT_E,x_R20_EXIT_D,0.0002810976059557637
34,170,x_R05_EXIT_E,x_R20_EXIT_E,0.0011243904238230548
34,177,x_R05_EXIT_E,x_R21_EXIT_D,0.0009369920198525458
34,178,x_R05_EXIT_E,x_R21_EXIT_E,0.0037479680794101824
34,185,x_R05_EXIT_E,x_R24_EXIT_D,0.0009369920198525458
34,186,x_R05_EXIT_E,x_R24_EXIT_E,0.0037479680794101824
34,193,x_R05_EXIT_E,x_R25_EXIT_D,0.0009369920198525458
34,194,x_R05_EXIT_E,x_R25_EXIT_E,0.0037479680794101824
34,201,x_R05_EXIT_E,x_R26_EXIT_D,0.0005621952119115274
34,202,x_R05_EXIT_E,x_R26_EXIT_E,0.0022487808476461097
34,210,x_R05_EXIT_E,x_R27_EXIT_E,0.00037479680794101834
34,217,x_R05_EXIT_E,x_R28_EXIT_D,0.0001873984039705092
34,218,x_R05_EXIT_E,x_R28_EXIT_E,0.0007495936158820367
34,225,x_R05_EXIT_E,x_R29_EXIT_D,0.0003747968079410184
34,226,x_R05_EXIT_E,x_R29_EXIT_E,0.0014991872317640733
34,233,x_R05_EXIT_E,x_R30_EXIT_D,0.0003747968079410184
34,234,x_R05_EXIT_E,x_R30_EXIT_E,0.0014991872317640733
34,242,x_R05_EXIT_E,x_R31_EXIT_E,0.00037479680794101834
34,249,x_R05_EXIT_E,x_R32_EXIT_D,0.0003747968079410184
34,250,x_R05_EXIT_E,x_R32_EXIT_E,0.0014991872317640733
34,257,x_R05_EXIT_E,x_R33_EXIT_D,0.0003747968079410184
34,258,x_R05_EXIT_E,x_R33_EXIT_E,0.0014991872317640733
35,36,x_R05_EXIT_G,x_R05_EXIT_H,1.8407405142335271
35,37,x_R05_EXIT_G,x_R05_EXIT_A,1.8447089510234909
35,38,x_R05_EXIT_G,x_R05_EXIT_F,1.8447089510234909
35,39,x_R05_EXIT_G,x_R05_EXIT_B,1.8407405142335271
35,41,x_R05_EXIT_G,x_R06_EXIT_D,0.0002810976059557637
35,43,x_R05_EXIT_G,x_R06_EXIT_G,0.0018519371686497377
35,44,x_R05_EXIT_G,x_R06_EXIT_H,0.00014881637962363962
35,45,x_R05_EXIT_G,x_R06_EXIT_A,0.0013393474166127565
35,46,x_R05_EXIT_G,x_R06_EXIT_F,0.00014881637962363962
35,47,x_R05_EXIT_G,x_R06_EXIT_B,0.00014881637962363962
35,49,x_R05_EXIT_G,x_R07_EXIT_D,0.0003747968079410184
35,51,x_R05_EXIT_G,x_R07_EXIT_G,0.0024692495581996503
35,52,x_R05_EXIT_G,x_R07_EXIT_H,0.0001984218394981862
35,53,x_R05_EXIT_G,x_R07_EXIT_A,0.0017857965554836756
35,54,x_R05_EXIT_G,x_R07_EXIT_F,0.0001984218394981862
35,55,x_R05_EXIT_G,x_R07_EXIT_B,0.0001984218394981862
35,57,x_R05_EXIT_G,x_R08_EXIT_D,0.0003747968079410184
35,59,x_R05_EXIT_G,x_R08_EXIT_G,0.003461358755690581
35,61,x_R05_EXIT_G,x_R08_EXIT_A,0.0007936873579927448
35,62,x_R05_EXIT_G,x_R08_EXIT_F,0.0007936873579927448
35,65,x_R05_EXIT_G,x_R09_EXIT_D,0.0003747968079410184
35,67,x_R05_EXIT_G,x_R09_EXIT_G,0.003461358755690581
35,69,x_R05_EXIT_G,x_R09_EXIT_A,0.0007936873579927448
35,70,x_R05_EXIT_G,x_R09_EXIT_F,0.0007936873579927448
35,73,x_R05_EXIT_G,x_R10_EXIT_D,0.0003747968079410184
35,75,x_R05_EXIT_G,x_R10_EXIT_G,0.003461358755690581
35,77,x_R05_EXIT_G,x_R10_EXIT_A,0.0007936873579927448
35,78,x_R05_EXIT_G,x_R10_EXIT_F,0.0007936873579927448
35,81,x_R05_EXIT_G,x_R11_EXIT_D,0.0003747968079410184
35,83,x_R05_EXIT_G,x_R11_EXIT_G,0.0024692495581996503
35,84,x_R05_EXIT_G,x_R11_EXIT_H,0.0001984218394981862
35,85,x_R05_EXIT_G,x_R11_EXIT_A,0.0017857965554836756
35,86,x_R05_EXIT_G,x_R11_EXIT_F,0.0001984218394981862
35,87,x_R05_EXIT_G,x_R11_EXIT_B,0.0001984218394981862
35,89,x_R05_EXIT_G,x_R12_EXIT_D,0.0003747968079410184
35,91,x_R05_EXIT_G,x_R12_EXIT_G,0.0024692495581996503
35,92,x_R05_EXIT_G,x_R12_EXIT_H,0.0001984218394981862
35,93,x_R05_EXIT_G,x_R12_EXIT_A,0.0017857965554836756
35,94,x_R05_EXIT_G,x_R12_EXIT_F,0.0001984218394981862
35,95,x_R05_EXIT_G,x_R12_EXIT_B,0.0001984218394981862
35,97,x_R05_EXIT_G,x_R13_EXIT_D,0.0003747968079410184
35,99,x_R05_EXIT_G,x_R13_EXIT_G,0.0024692495581996503
35,100,x_R05_EXIT_G,x_R13_EXIT_H,0.0001984218394981862
35,101,x_R05_EXIT_G,x_R13_EXIT_A,0.0017857965554836756
35,102,x_R05_EXIT_G,x_R13_EXIT_F,0.0001984218394981862
35,103,x_R05_EXIT_G,x_R13_EXIT_B,0.0001984218394981862
35,105,x_R05_EXIT_G,x_R14_EXIT_D,0.0003747968079410184
35,107,x_R05_EXIT_G,x_R14_EXIT_G,0.0024692495581996503
35,108,x_R05_EXIT_G,x_R14_EXIT_H,0.0001984218394981862
35,109,x_R05_EXIT_G,x_R14_EXIT_A,0.0017857965554836756
35,110,x_R05_EXIT_G,x_R14_EXIT_F,0.0001984218394981862
35,111,x_R05_EXIT_G,x_R14_EXIT_B,0.0001984218394981862
35,113,x_R05_EXIT_G,x_R15_EXIT_D,0.0003747968079410184
35,115,x_R05_EXIT_G,x_R15_EXIT_G,0.003461358755690581
35,117,x_R05_EXIT_G,x_R15_EXIT_A,0.0007936873579927448
35,118,x_R05_EXIT_G,x_R15_EXIT_F,0.0007936873579927448
35,121,x_R05_EXIT_G,x_R16_EXIT_D,0.0003747968079410184
35,123,x_R05_EXIT_G,x_R16_EXIT_G,0.003461358755690581
35,125,x_R05_EXIT_G,x_R16_EXIT_A,0.0007936873579927448
35,126,x_R05_EXIT_G,x_R16_EXIT_F,0.0007936873579927448
35,129,x_R05_EXIT_G,x_R17_EXIT_D,0.0003747968079410184
35,131,x_R05_EXIT_G,x_R17_EXIT_G,0.003461358755690581
35,133,x_R05_EXIT_G,x_R17_EXIT_A,0.0007936873579927448
35,134,x_R05_EXIT_G,x_R17_EXIT_F,0.0007936873579927448
35,137,x_R05_EXIT_G,x_R18_EXIT_D,0.0003747968079410184
35,139,x_R05_EXIT_G,x_R18_EXIT_G,0.003461358755690581
35,141,x_R05_EXIT_G,x_R18_EXIT_A,0.0007936873579927448
35,142,x_R05_EXIT_G,x_R18_EXIT_F,0.0007936873579927448
35,145,x_R05_EXIT_G,x_R19_EXIT_D,0.0002810976059557637
35,147,x_R05_EXIT_G,x_R19_EXIT_G,0.002596019066767936
35,149,x_R05_EXIT_G,x_R19_EXIT_A,0.0005952655184945585
35,150,x_R05_EXIT_G,x_R19_EXIT_F,0.0005952655184945585
35,152,x_R05_EXIT_G,x_R22_EXIT_C,0.0004960545987454654
35,153,x_R05_EXIT_G,x_R22_EXIT_D,0.0029212104148344077
35,155,x_R05_EXIT_G,x_R22_EXIT_G,0.006669178494244591
35,160,x_R05_EXIT_G,x_R23_EXIT_C,0.0004960545987454654
35,161,x_R05_EXIT_G,x_R23_EXIT_D,0.0029212104148344077
35,163,x_R05_EXIT_G,x_R23_EXIT_G,0.006669178494244591
35,168,x_R05_EXIT_G,x_R20_EXIT_C,0.0013393474166127565
35,169,x_R05_EXIT_G,x_R20_EXIT_D,0.0023645269206867183
35,170,x_R05_EXIT_G,x_R20_EXIT_E,0.0014881637962363963
35,171,x_R05_EXIT_G,x_R20_EXIT_G,0.0005125897520369809
35,172,x_R05_EXIT_G,x_R20_EXIT_H,0.0014881637962363963
35,176,x_R05_EXIT_G,x_R21_EXIT_C,0.0024802729937273274
35,177,x_R05_EXIT_G,x_R21_EXIT_D,0.0058975380073072
35,178,x_R05_EXIT_G,x_R21_EXIT_E,0.0029763275924727926
35,179,x_R05_EXIT_G,x_R21_EXIT_G,0.0036928509017717984
35,180,x_R05_EXIT_G,x_R21_EXIT_H,0.0029763275924727926
35,184,x_R05_EXIT_G,x_R24_EXIT_C,0.0004960545987454654
35,185,x_R05_EXIT_G,x_R24_EXIT_D,0.0029212104148344077
35,187,x_R05_EXIT_G,x_R24_EXIT_G,0.006669178494244591
35,192,x_R05_EXIT_G,x_R25_EXIT_C,0.0004960545987454654
35,193,x_R05_EXIT_G,x_R25_EXIT_D,0.0029212104148344077
35,195,x_R05_EXIT_G,x_R25_EXIT_G,0.006669178494244591
35,200,x_R05_EXIT_G,x_R26_EXIT_C,0.00029763275924727924
35,201,x_R05_EXIT_G,x_R26_EXIT_D,0.0017527262489006445
35,203,x_R05_EXIT_G,x_R26_EXIT_G,0.002215710541063079
35,209,x_R05_EXIT_G,x_R27_EXIT_D,0.0002921210414834407
35,211,x_R05_EXIT_G,x_R27_EXIT_G,0.000666917849424459
35,216,x_R05_EXIT_G,x_R28_EXIT_C,0.0004960545987454654
35,217,x_R05_EXIT_G,x_R28_EXIT_D,0.0005842420829668814
35,219,x_R05_EXIT_G,x_R28_EXIT_G,0.0003417265013579873
35,224,x_R05_EXIT_G,x_R29_EXIT_C,0.0009921091974909309
35,225,x_R05_EXIT_G,x_R29_EXIT_D,0.0011684841659337628
35,227,x_R05_EXIT_G,x_R29_EXIT_G,0.0014771403607087192
35,232,x_R05_EXIT_G,x_R30_EXIT_C,0.0001984218394981862
35,233,x_R05_EXIT_G,x_R30_EXIT_D,0.0011684841659337628
35,235,x_R05_EXIT_G,x_R30_EXIT_G,0.0014771403607087192
35,241,x_R05_EXIT_G,x_R31_EXIT_D,0.0002921210414834407
35,243,x_R05_EXIT_G,x_R31_EXIT_G,0.0003692850901771798
35,248,x_R05_EXIT_G,x_R32_EXIT_C,0.0001984218394981862
35,249,x_R05_EXIT_G,x_R32_EXIT_D,0.0011684841659337628
35,251,x_R05_EXIT_G,x_R32_EXIT_G,0.002667671397697836
35,256,x_R05_EXIT_G,x_R33_EXIT_C,0.0001984218394981862
35,257,x_R05_EXIT_G,x_R33_EXIT_D,0.0011684841659337628
35,259,x_R05_EXIT_G,x_R33_EXIT_G,0.002667671397697836
36,37,x_R05_EXIT_H,x_R05_EXIT_A,1.8407405142335271
36,38,x_R05_EXIT_H,x_R05_EXIT_F,1.8407405142335271
36,39,x_R05_EXIT_H,x_R05_EXIT_B,1.8535276994456324
36,41,x_R05_EXIT_H,x_R06_EXIT_D,0.0002810976059557637
36,42,x_R05_EXIT_H,x_R06_EXIT_E,0.001190531036989117
36,44,x_R05_EXIT_H,x_R06_EXIT_H,0.001058249810656993
36,47,x_R05_EXIT_H,x_R06_EXIT_B,0.00046298429216243443
36,49,x_R05_EXIT_H,x_R07_EXIT_D,0.0003747968079410184
36,50,x_R05_EXIT_H,x_R07_EXIT_E,0.0015873747159854895
36,52,x_R05_EXIT_H,x_R07_EXIT_H,0.0014109997475426571
36,55,x_R05_EXIT_H,x_R07_EXIT_B,0.0006173123895499126
36,56,x_R05_EXIT_H,x_R08_EXIT_C,0.0015873747159854895
36,57,x_R05_EXIT_H,x_R08_EXIT_D,0.0019621715239265076
36,59,x_R05_EXIT_H,x_R08_EXIT_G,0.0015873747159854895
36,60,x_R05_EXIT_H,x_R08_EXIT_H,0.0017637496844283215
36,61,x_R05_EXIT_H,x_R08_EXIT_A,0.0015873747159854895
36,62,x_R05_EXIT_H,x_R08_EXIT_F,0.0015873747159854895
36,63,x_R05_EXIT_H,x_R08_EXIT_B,0.0009700623264355769
36,64,x_R05_EXIT_H,x_R09_EXIT_C,0.0015873747159854895
36,65,x_R05_EXIT_H,x_R09_EXIT_D,0.0019621715239265076
36,67,x_R05_EXIT_H,x_R09_EXIT_G,0.0015873747159854895
36,68,x_R05_EXIT_H,x_R09_EXIT_H,0.0017637496844283215
36,69,x_R05_EXIT_H,x_R09_EXIT_A,0.0015873747159854895
36,70,x_R05_EXIT_H,x_R09_EXIT_F,0.0015873747159854895
36,71,x_R05_EXIT_H,x_R09_EXIT_B,0.0009700623264355769
36,72,x_R05_EXIT_H,x_R10_EXIT_C,0.0015873747159854895
36,73,x_R05_EXIT_H,x_R10_EXIT_D,0.0019621715239265076
36,75,x_R05_EXIT_H,x_R10_EXIT_G,0.0015873747159854895
36,76,x_R05_EXIT_H,x_R10_EXIT_H,0.0017637496844283215
36,77,x_R05_EXIT_H,x_R10_EXIT_A,0.0015873747159854895
36,78,x_R05_EXIT_H,x_R10_EXIT_F,0.0015873747159854895
36,79,x_R05_EXIT_H,x_R10_EXIT_B,0.0009700623264355769
36,81,x_R05_EXIT_H,x_R11_EXIT_D,0.0003747968079410184
36,82,x_R05_EXIT_H,x_R11_EXIT_E,0.0015873747159854895
36,84,x_R05_EXIT_H,x_R11_EXIT_H,0.0014109997475426571
36,87,x_R05_EXIT_H,x_R11_EXIT_B,0.0006173123895499126
36,89,x_R05_EXIT_H,x_R12_EXIT_D,0.0003747968079410184
36,90,x_R05_EXIT_H,x_R12_EXIT_E,0.0015873747159854895
36,92,x_R05_EXIT_H,x_R12_EXIT_H,0.0014109997475426571
36,95,x_R05_EXIT_H,x_R12_EXIT_B,0.0006173123895499126
36,97,x_R05_EXIT_H,x_R13_EXIT_D,0.0003747968079410184
36,98,x_R05_EXIT_H,x_R13_EXIT_E,0.0015873747159854895
36,100,x_R05_EXIT_H,x_R13_EXIT_H,0.0014109997475426571
36,103,x_R05_EXIT_H,x_R13_EXIT_B,0.0006173123895499126
36,105,x_R05_EXIT_H,x_R14_EXIT_D,0.0003747968079410184
36,106,x_R05_EXIT_H,x_R14_EXIT_E,0.0015873747159854895
36,108,x_R05_EXIT_H,x_R14_EXIT_H,0.0014109997475426571
36,111,x_R05_EXIT_H,x_R14_EXIT_B,0.0006173123895499126
36,112,x_R05_EXIT_H,x_R15_EXIT_C,0.0015873747159854895
36,113,x_R05_EXIT_H,x_R15_EXIT_D,0.0019621715239265076
36,115,x_R05_EXIT_H,x_R15_EXIT_G,0.0015873747159854895
36,116,x_R05_EXIT_H,x_R15_EXIT_H,0.0017637496844283215
36,117,x_R05_EXIT_H,x_R15_EXIT_A,0.0015873747159854895
36,118,x_R05_EXIT_H,x_R15_EXIT_F,0.0015873747159854895
36,119,x_R05_EXIT_H,x_R15_EXIT_B,0.0009700623264355769
36,120,x_R05_EXIT_H,x_R16_EXIT_C,0.0015873747159854895
36,121,x_R05_EXIT_H,x_R16_EXIT_D,0.0019621715239265076
36,123,x_R05_EXIT_H,x_R16_EXIT_G,0.0015873747159854895
36,124,x_R05_EXIT_H,x_R16_EXIT_H,0.0017637496844283215
36,125,x_R05_EXIT_H,x_R16_EXIT_A,0.0015873747159854895
36,126,x_R05_EXIT_H,x_R16_EXIT_F,0.0015873747159854895
36,127,x_R05_EXIT_H,x_R16_EXIT_B,0.0009700623264355769
36,128,x_R05_EXIT_H,x_R17_EXIT_C,0.0015873747159854895
36,129,x_R05_EXIT_H,x_R17_EXIT_D,0.0019621715239265076
36,131,x_R05_EXIT_H,x_R17_EXIT_G,0.0015873747159854895
36,132,x_R05_EXIT_H,x_R17_EXIT_H,0.0017637496844283215
36,133,x_R05_EXIT_H,x_R17_EXIT_A,0.0015873747159854895
36,134,x_R05_EXIT_H,x_R17_EXIT_F,0.0015873747159854895
36,135,x_R05_EXIT_H,x_R17_EXIT_B,0.0009700623264355769
36,136,x_R05_EXIT_H,x_R18_EXIT_C,0.0015873747159854895
36,137,x_R05_EXIT_H,x_R18_EXIT_D,0.0019621715239265076
36,139,x_R05_EXIT_H,x_R18_EXIT_G,0.0015873747159854895
36,140,x_R05_EXIT_H,x_R18_EXIT_H,0.0017637496844283215
36,141,x_R05_EXIT_H,x_R18_EXIT_A,0.0015873747159854895
36,142,x_R05_EXIT_H,x_R18_EXIT_F,0.0015873747159854895
36,143,x_R05_EXIT_H,x_R18_EXIT_B,0.0009700623264355769
36,144,x_R05_EXIT_H,x_R19_EXIT_C,0.001190531036989117
36,145,x_R05_EXIT_H,x_R19_EXIT_D,0.001471628642944881
36,147,x_R05_EXIT_H,x_R19_EXIT_G,0.001190531036989117
36,148,x_R05_EXIT_H,x_R19_EXIT_H,0.0013228122633212411
36,149,x_R05_EXIT_H,x_R19_EXIT_A,0.001190531036989117
36,150,x_R05_EXIT_H,x_R19_EXIT_F,0.001190531036989117
36,151,x_R05_EXIT_H,x_R19_EXIT_B,0.0007275467448266826
36,153,x_R05_EXIT_H,x_R22_EXIT_D,0.0009369920198525458
36,154,x_R05_EXIT_H,x_R22_EXIT_E,0.0008818748422141608
36,156,x_R05_EXIT_H,x_R22_EXIT_H,0.0035274993688566426
36,161,x_R05_EXIT_H,x_R23_EXIT_D,0.0009369920198525458
36,162,x_R05_EXIT_H,x_R23_EXIT_E,0.001763749684428321
36,164,x_R05_EXIT_H,x_R23_EXIT_H,0.0026456245266424823
36,169,x_R05_EXIT_H,x_R20_EXIT_D,0.0002810976059557637
36,170,x_R05_EXIT_H,x_R20_EXIT_E,0.00026456245266424824
36,172,x_R05_EXIT_H,x_R20_EXIT_H,0.001058249810656993
36,177,x_R05_EXIT_H,x_R21_EXIT_D,0.0009369920198525458
36,178,x_R05_EXIT_H,x_R21_EXIT_E,0.0008818748422141608
36,180,x_R05_EXIT_H,x_R21_EXIT_H,0.0035274993688566426
36,184,x_R05_EXIT_H,x_R24_EXIT_C,0.0015432809738747811
36,185,x_R05_EXIT_H,x_R24_EXIT_D,0.0024802729937273274
36,186,x_R05_EXIT_H,x_R24_EXIT_E,0.0024251558160889417
36,187,x_R05_EXIT_H,x_R24_EXIT_G,0.0015432809738747811
36,188,x_R05_EXIT_H,x_R24_EXIT_H,0.0019842183949818613
36,192,x_R05_EXIT_H,x_R25_EXIT_C,0.002866093237196022
36,193,x_R05_EXIT_H,x_R25_EXIT_D,0.003803085257048568
36,194,x_R05_EXIT_H,x_R25_EXIT_E,0.0037479680794101824
36,195,x_R05_EXIT_H,x_R25_EXIT_G,0.002866093237196022
36,196,x_R05_EXIT_H,x_R25_EXIT_H,0.0006614061316606206
36,201,x_R05_EXIT_H,x_R26_EXIT_D,0.0005621952119115274
36,202,x_R05_EXIT_H,x_R26_EXIT_E,0.0005291249053284965
36,204,x_R05_EXIT_H,x_R26_EXIT_H,0.0015873747159854895
36,210,x_R05_EXIT_H,x_R27_EXIT_E,0.00017637496844283217
36,212,x_R05_EXIT_H,x_R27_EXIT_H,0.00026456245266424824
36,217,x_R05_EXIT_H,x_R28_EXIT_D,0.0001873984039705092
36,218,x_R05_EXIT_H,x_R28_EXIT_E,0.00017637496844283217
36,220,x_R05_EXIT_H,x_R28_EXIT_H,0.0007054998737713286
36,225,x_R05_EXIT_H,x_R29_EXIT_D,0.0003747968079410184
36,226,x_R05_EXIT_H,x_R29_EXIT_E,0.00035274993688566434
36,228,x_R05_EXIT_H,x_R29_EXIT_H,0.0014109997475426571
36,233,x_R05_EXIT_H,x_R30_EXIT_D,0.0003747968079410184
36,234,x_R05_EXIT_H,x_R30_EXIT_E,0.00035274993688566434
36,236,x_R05_EXIT_H,x_R30_EXIT_H,0.0002645624526642482
36,241,x_R05_EXIT_H,x_R31_EXIT_D,0.00018188668620667067
36,242,x_R05_EXIT_H,x_R31_EXIT_E,0.00017637496844283217
36,248,x_R05_EXIT_H,x_R32_EXIT_C,0.0003527499368856643
36,249,x_R05_EXIT_H,x_R32_EXIT_D,0.0007275467448266827
36,250,x_R05_EXIT_H,x_R32_EXIT_E,0.0007054998737713287
36,251,x_R05_EXIT_H,x_R32_EXIT_G,0.0003527499368856643
36,252,x_R05_EXIT_H,x_R32_EXIT_H,0.0002645624526642482
36,256,x_R05_EXIT_H,x_R33_EXIT_C,0.0003527499368856643
36,257,x_R05_EXIT_H,x_R33_EXIT_D,0.0007275467448266827
36,258,x_R05_EXIT_H,x_R33_EXIT_E,0.0007054998737713287
36,259,x_R05_EXIT_H,x_R33_EXIT_G,0.0003527499368856643
36,260,x_R05_EXIT_H,x_R33_EXIT_H,0.0002645624526642482
37,38,x_R05_EXIT_A,x_R05_EXIT_F,1.8530867620245253
37,39,x_R05_EXIT_A,x_R05_EXIT_B,1.8407405142335271
37,41,x_R05_EXIT_A,x_R06_EXIT_D,0.0002810976059557637
37,45,x_R05_EXIT_A,x_R06_EXIT_A,0.0013310798399669987
37,46,x_R05_EXIT_A,x_R06_EXIT_F,0.001256671650155179
37,49,x_R05_EXIT_A,x_R07_EXIT_D,0.0003747968079410184
37,53,x_R05_EXIT_A,x_R07_EXIT_A,0.0017747731199559986
37,54,x_R05_EXIT_A,x_R07_EXIT_F,0.0016755622002069058
37,57,x_R05_EXIT_A,x_R08_EXIT_D,0.0003747968079410184
37,59,x_R05_EXIT_A,x_R08_EXIT_G,0.0007936873579927448
37,61,x_R05_EXIT_A,x_R08_EXIT_A,0.008300646952340788
37,62,x_R05_EXIT_A,x_R08_EXIT_F,0.0024692495581996503
37,65,x_R05_EXIT_A,x_R09_EXIT_D,0.0003747968079410184
37,67,x_R05_EXIT_A,x_R09_EXIT_G,0.0007936873579927448
37,69,x_R05_EXIT_A,x_R09_EXIT_A,0.008300646952340788
37,70,x_R05_EXIT_A,x_R09_EXIT_F,0.0024692495581996503
37,73,x_R05_EXIT_A,x_R10_EXIT_D,0.0003747968079410184
37,75,x_R05_EXIT_A,x_R10_EXIT_G,0.0007936873579927448
37,77,x_R05_EXIT_A,x_R10_EXIT_A,0.008300646952340788
37,78,x_R05_EXIT_A,x_R10_EXIT_F,0.0024692495581996503
37,81,x_R05_EXIT_A,x_R11_EXIT_D,0.0003747968079410184
37,85,x_R05_EXIT_A,x_R11_EXIT_A,0.0017747731199559986
37,86,x_R05_EXIT_A,x_R11_EXIT_F,0.0016755622002069058
37,89,x_R05_EXIT_A,x_R12_EXIT_D,0.0003747968079410184
37,93,x_R05_EXIT_A,x_R12_EXIT_A,0.0017747731199559986
37,94,x_R05_EXIT_A,x_R12_EXIT_F,0.0016755622002069058
37,97,x_R05_EXIT_A,x_R13_EXIT_D,0.0003747968079410184
37,101,x_R05_EXIT_A,x_R13_EXIT_A,0.0017747731199559986
37,102,x_R05_EXIT_A,x_R13_EXIT_F,0.0016755622002069058
37,105,x_R05_EXIT_A,x_R14_EXIT_D,0.0003747968079410184
37,109,x_R05_EXIT_A,x_R14_EXIT_A,0.0017747731199559986
37,110,x_R05_EXIT_A,x_R14_EXIT_F,0.0016755622002069058
37,113,x_R05_EXIT_A,x_R15_EXIT_D,0.0003747968079410184
37,115,x_R05_EXIT_A,x_R15_EXIT_G,0.0007936873579927448
37,117,x_R05_EXIT_A,x_R15_EXIT_A,0.008300646952340788
37,118,x_R05_EXIT_A,x_R15_EXIT_F,0.0024692495581996503
37,121,x_R05_EXIT_A,x_R16_EXIT_D,0.0003747968079410184
37,123,x_R05_EXIT_A,x_R16_EXIT_G,0.0007936873579927448
37,125,x_R05_EXIT_A,x_R16_EXIT_A,0.008300646952340788
37,126,x_R05_EXIT_A,x_R16_EXIT_F,0.0024692495581996503
37,129,x_R05_EXIT_A,x_R17_EXIT_D,0.0003747968079410184
37,131,x_R05_EXIT_A,x_R17_EXIT_G,0.0007936873579927448
37,133,x_R05_EXIT_A,x_R17_EXIT_A,0.008300646952340788
37,134,x_R05_EXIT_A,x_R17_EXIT_F,0.0024692495581996503
37,137,x_R05_EXIT_A,x_R18_EXIT_D,0.0003747968079410184
37,139,x_R05_EXIT_A,x_R18_EXIT_G,0.0007936873579927448
37,141,x_R05_EXIT_A,x_R18_EXIT_A,0.008300646952340788
37,142,x_R05_EXIT_A,x_R18_EXIT_F,0.0024692495581996503
37,145,x_R05_EXIT_A,x_R19_EXIT_D,0.0002810976059557637
37,147,x_R05_EXIT_A,x_R19_EXIT_G,0.0005952655184945585
37,149,x_R05_EXIT_A,x_R19_EXIT_A,0.006225485214255591
37,150,x_R05_EXIT_A,x_R19_EXIT_F,0.0018519371686497377
37,152,x_R05_EXIT_A,x_R22_EXIT_C,0.004188905500517264
37,153,x_R05_EXIT_A,x_R22_EXIT_D,0.007110115915351671
37,154,x_R05_EXIT_A,x_R22_EXIT_E,0.004188905500517264
37,155,x_R05_EXIT_A,x_R22_EXIT_G,0.004188905500517264
37,156,x_R05_EXIT_A,x_R22_EXIT_H,0.004188905500517264
37,157,x_R05_EXIT_A,x_R22_EXIT_A,0.014578493485352844
37,160,x_R05_EXIT_A,x_R23_EXIT_C,0.0039684367899637234
37,161,x_R05_EXIT_A,x_R23_EXIT_D,0.006889647204798131
37,163,x_R05_EXIT_A,x_R23_EXIT_G,0.0039684367899637234
37,165,x_R05_EXIT_A,x_R23_EXIT_A,0.014578493485352844
37,169,x_R05_EXIT_A,x_R20_EXIT_D,0.0008763631244503222
37,173,x_R05_EXIT_A,x_R20_EXIT_A,0.0013310798399669987
37,174,x_R05_EXIT_A,x_R20_EXIT_F,0.001190531036989117
37,175,x_R05_EXIT_A,x_R20_EXIT_B,0.001190531036989117
37,177,x_R05_EXIT_A,x_R21_EXIT_D,0.0029212104148344077
37,181,x_R05_EXIT_A,x_R21_EXIT_A,0.006917205793617324
37,182,x_R05_EXIT_A,x_R21_EXIT_F,0.0014881637962363963
37,183,x_R05_EXIT_A,x_R21_EXIT_B,0.0014881637962363963
37,185,x_R05_EXIT_A,x_R24_EXIT_D,0.0029212104148344077
37,189,x_R05_EXIT_A,x_R24_EXIT_A,0.008405369589853719
37,193,x_R05_EXIT_A,x_R25_EXIT_D,0.0029212104148344077
37,197,x_R05_EXIT_A,x_R25_EXIT_A,0.008405369589853719
37,200,x_R05_EXIT_A,x_R26_EXIT_C,0.0056550224256983065
37,201,x_R05_EXIT_A,x_R26_EXIT_D,0.007407748674598951
37,202,x_R05_EXIT_A,x_R26_EXIT_E,0.0056550224256983065
37,203,x_R05_EXIT_A,x_R26_EXIT_G,0.001190531036989117
37,205,x_R05_EXIT_A,x_R26_EXIT_A,0.005340854513159511
37,208,x_R05_EXIT_A,x_R27_EXIT_C,0.0003968436789963724
37,209,x_R05_EXIT_A,x_R27_EXIT_D,0.0006889647204798131
37,211,x_R05_EXIT_A,x_R27_EXIT_G,0.0003968436789963724
37,213,x_R05_EXIT_A,x_R27_EXIT_A,0.0008901424188599186
37,216,x_R05_EXIT_A,x_R28_EXIT_C,0.0013145446866754834
37,217,x_R05_EXIT_A,x_R28_EXIT_D,0.004180637923871506
37,218,x_R05_EXIT_A,x_R28_EXIT_E,0.003596395840904624
37,219,x_R05_EXIT_A,x_R28_EXIT_G,0.000818490087930018
37,220,x_R05_EXIT_A,x_R28_EXIT_H,0.003596395840904624
37,222,x_R05_EXIT_A,x_R28_EXIT_F,0.0016121774459227627
37,223,x_R05_EXIT_A,x_R28_EXIT_B,0.0016121774459227627
37,225,x_R05_EXIT_A,x_R29_EXIT_D,0.005732186474392045
37,226,x_R05_EXIT_A,x_R29_EXIT_E,0.0045637023084582826
37,228,x_R05_EXIT_A,x_R29_EXIT_H,0.0045637023084582826
37,230,x_R05_EXIT_A,x_R29_EXIT_F,0.0005952655184945586
37,231,x_R05_EXIT_A,x_R29_EXIT_B,0.0005952655184945586
37,232,x_R05_EXIT_A,x_R30_EXIT_C,0.0039684367899637234
37,233,x_R05_EXIT_A,x_R30_EXIT_D,0.005136920955897487
37,234,x_R05_EXIT_A,x_R30_EXIT_E,0.0039684367899637234
37,235,x_R05_EXIT_A,x_R30_EXIT_G,0.0005952655184945586
37,237,x_R05_EXIT_A,x_R30_EXIT_A,0.003362147835941488
37,241,x_R05_EXIT_A,x_R31_EXIT_D,0.0002921210414834407
37,243,x_R05_EXIT_A,x_R31_EXIT_G,0.00014881637962363965
37,245,x_R05_EXIT_A,x_R31_EXIT_A,0.000840536958985372
37,249,x_R05_EXIT_A,x_R32_EXIT_D,0.0011684841659337628
37,253,x_R05_EXIT_A,x_R32_EXIT_A,0.003362147835941488
37,257,x_R05_EXIT_A,x_R33_EXIT_D,0.0011684841659337628
37,261,x_R05_EXIT_A,x_R33_EXIT_A,0.003362147835941488
38,39,x_R05_EXIT_F,x_R05_EXIT_B,1.8407405142335271
38,41,x_R05_EXIT_F,x_R06_EXIT_D,0.0002810976059557637
38,46,x_R05_EXIT_F,x_R06_EXIT_F,0.003770014950465537
38,49,x_R05_EXIT_F,x_R07_EXIT_D,0.0003747968079410184
38,54,x_R05_EXIT_F,x_R07_EXIT_F,0.005026686600620718
38,57,x_R05_EXIT_F,x_R08_EXIT_D,0.0003747968079410184
38,59,x_R05_EXIT_F,x_R08_EXIT_G,0.0007936873579927448
38,61,x_R05_EXIT_F,x_R08_EXIT_A,0.0024692495581996503
38,62,x_R05_EXIT_F,x_R08_EXIT_F,0.005820373958613461
38,65,x_R05_EXIT_F,x_R09_EXIT_D,0.0003747968079410184
38,67,x_R05_EXIT_F,x_R09_EXIT_G,0.0007936873579927448
38,69,x_R05_EXIT_F,x_R09_EXIT_A,0.0024692495581996503
38,70,x_R05_EXIT_F,x_R09_EXIT_F,0.005820373958613461
38,73,x_R05_EXIT_F,x_R10_EXIT_D,0.0003747968079410184
38,75,x_R05_EXIT_F,x_R10_EXIT_G,0.0007936873579927448
38,77,x_R05_EXIT_F,x_R10_EXIT_A,0.0024692495581996503
38,78,x_R05_EXIT_F,x_R10_EXIT_F,0.005820373958613461
38,81,x_R05_EXIT_F,x_R11_EXIT_D,0.0003747968079410184
38,86,x_R05_EXIT_F,x_R11_EXIT_F,0.005026686600620718
38,89,x_R05_EXIT_F,x_R12_EXIT_D,0.0003747968079410184
38,94,x_R05_EXIT_F,x_R12_EXIT_F,0.005026686600620718
38,97,x_R05_EXIT_F,x_R13_EXIT_D,0.0003747968079410184
38,102,x_R05_EXIT_F,x_R13_EXIT_F,0.005026686600620718
38,105,x_R05_EXIT_F,x_R14_EXIT_D,0.0003747968079410184
38,110,x_R05_EXIT_F,x_R14_EXIT_F,0.005026686600620718
38,113,x_R05_EXIT_F,x_R15_EXIT_D,0.0003747968079410184
38,115,x_R05_EXIT_F,x_R15_EXIT_G,0.0007936873579927448
38,117,x_R05_EXIT_F,x_R15_EXIT_A,0.0024692495581996503
38,118,x_R05_EXIT_F,x_R15_EXIT_F,0.005820373958613461
38,121,x_R05_EXIT_F,x_R16_EXIT_D,0.0003747968079410184
38,123,x_R05_EXIT_F,x_R16_EXIT_G,0.0007936873579927448
38,125,x_R05_EXIT_F,x_R16_EXIT_A,0.0024692495581996503
38,126,x_R05_EXIT_F,x_R16_EXIT_F,0.005820373958613461
38,129,x_R05_EXIT_F,x_R17_EXIT_D,0.0003747968079410184
38,131,x_R05_EXIT_F,x_R17_EXIT_G,0.0007936873579927448
38,133,x_R05_EXIT_F,x_R17_EXIT_A,0.0024692495581996503
38,134,x_R05_EXIT_F,x_R17_EXIT_F,0.005820373958613461
38,137,x_R05_EXIT_F,x_R18_EXIT_D,0.0003747968079410184
38,139,x_R05_EXIT_F,x_R18_EXIT_G,0.0007936873579927448
38,141,x_R05_EXIT_F,x_R18_EXIT_A,0.0024692495581996503
38,142,x_R05_EXIT_F,x_R18_EXIT_F,0.005820373958613461
38,145,x_R05_EXIT_F,x_R19_EXIT_D,0.0002810976059557637
38,147,x_R05_EXIT_F,x_R19_EXIT_G,0.0005952655184945585
38,149,x_R05_EXIT_F,x_R19_EXIT_A,0.0018519371686497377
38,150,x_R05_EXIT_F,x_R19_EXIT_F,0.004365280468960096
38,152,x_R05_EXIT_F,x_R22_EXIT_C,0.004188905500517264
38,153,x_R05_EXIT_F,x_R22_EXIT_D,0.007110115915351671
38,154,x_R05_EXIT_F,x_R22_EXIT_E,0.004188905500517264
38,155,x_R05_EXIT_F,x_R22_EXIT_G,0.004188905500517264
38,156,x_R05_EXIT_F,x_R22_EXIT_H,0.004188905500517264
38,158,x_R05_EXIT_F,x_R22_EXIT_F,0.008377811001034527
38,159,x_R05_EXIT_F,x_R22_EXIT_B,0.004188905500517264
38,160,x_R05_EXIT_F,x_R23_EXIT_C,0.007936873579927447
38,161,x_R05_EXIT_F,x_R23_EXIT_D,0.010858083994761854
38,163,x_R05_EXIT_F,x_R23_EXIT_G,0.007936873579927447
38,165,x_R05_EXIT_F,x_R23_EXIT_A,0.004188905500517264
38,166,x_R05_EXIT_F,x_R23_EXIT_F,0.004188905500517264
38,169,x_R05_EXIT_F,x_R20_EXIT_D,0.0008763631244503222
38,174,x_R05_EXIT_F,x_R20_EXIT_F,0.0005125897520369809
38,177,x_R05_EXIT_F,x_R21_EXIT_D,0.0029212104148344077
38,182,x_R05_EXIT_F,x_R21_EXIT_F,0.0017086325067899363
38,185,x_R05_EXIT_F,x_R24_EXIT_D,0.0029212104148344077
38,190,x_R05_EXIT_F,x_R24_EXIT_F,0.0017086325067899363
38,193,x_R05_EXIT_F,x_R25_EXIT_D,0.0029212104148344077
38,198,x_R05_EXIT_F,x_R25_EXIT_F,0.0017086325067899363
38,200,x_R05_EXIT_F,x_R26_EXIT_C,0.002381062073978234
38,201,x_R05_EXIT_F,x_R26_EXIT_D,0.004133788322878879
38,202,x_R05_EXIT_F,x_R26_EXIT_E,0.002381062073978234
38,204,x_R05_EXIT_F,x_R26_EXIT_H,0.0008928982777418377
38,206,x_R05_EXIT_F,x_R26_EXIT_F,0.0016204450225685203
38,208,x_R05_EXIT_F,x_R27_EXIT_C,0.0009425037376163843
38,209,x_R05_EXIT_F,x_R27_EXIT_D,0.0012346247790998254
38,211,x_R05_EXIT_F,x_R27_EXIT_G,0.0009425037376163843
38,214,x_R05_EXIT_F,x_R27_EXIT_F,0.0002700741704280867
38,217,x_R05_EXIT_F,x_R28_EXIT_D,0.0013779294409596262
38,218,x_R05_EXIT_F,x_R28_EXIT_E,0.0007936873579927448
38,220,x_R05_EXIT_F,x_R28_EXIT_H,0.0007936873579927448
38,222,x_R05_EXIT_F,x_R28_EXIT_F,0.00034172650135798734
38,225,x_R05_EXIT_F,x_R29_EXIT_D,0.0027558588819192524
38,226,x_R05_EXIT_F,x_R29_EXIT_E,0.0015873747159854895
38,228,x_R05_EXIT_F,x_R29_EXIT_H,0.0015873747159854895
38,230,x_R05_EXIT_F,x_R29_EXIT_F,0.0006834530027159747
38,232,x_R05_EXIT_F,x_R30_EXIT_C,0.0015873747159854895
38,233,x_R05_EXIT_F,x_R30_EXIT_D,0.0027558588819192524
38,234,x_R05_EXIT_F,x_R30_EXIT_E,0.0015873747159854895
38,236,x_R05_EXIT_F,x_R30_EXIT_H,0.0003968436789963724
38,238,x_R05_EXIT_F,x_R30_EXIT_F,0.0002866093237196023
38,239,x_R05_EXIT_F,x_R30_EXIT_B,0.0003968436789963724
38,241,x_R05_EXIT_F,x_R31_EXIT_D,0.0002921210414834407
38,249,x_R05_EXIT_F,x_R32_EXIT_D,0.0011684841659337628
38,254,x_R05_EXIT_F,x_R32_EXIT_F,0.0006834530027159747
38,257,x_R05_EXIT_F,x_R33_EXIT_D,0.0011684841659337628
38,262,x_R05_EXIT_F,x_R33_EXIT_F,0.0006834530027159747
39,41,x_R05_EXIT_B,x_R06_EXIT_D,0.0002810976059557637
39,42,x_R05_EXIT_B,x_R06_EXIT_E,0.001190531036989117
39,44,x_R05_EXIT_B,x_R06_EXIT_H,0.00046298429216243443
39,47,x_R05_EXIT_B,x_R06_EXIT_B,0.006696737083063784
39,49,x_R05_EXIT_B,x_R07_EXIT_D,0.0003747968079410184
39,50,x_R05_EXIT_B,x_R07_EXIT_E,0.0015873747159854895
39,52,x_R05_EXIT_B,x_R07_EXIT_H,0.0006173123895499126
39,55,x_R05_EXIT_B,x_R07_EXIT_B,0.008928982777418378
39,56,x_R05_EXIT_B,x_R08_EXIT_C,0.0015873747159854895
39,57,x_R05_EXIT_B,x_R08_EXIT_D,0.0019621715239265076
39,59,x_R05_EXIT_B,x_R08_EXIT_G,0.0015873747159854895
39,60,x_R05_EXIT_B,x_R08_EXIT_H,0.0009700623264355769
39,61,x_R05_EXIT_B,x_R08_EXIT_A,0.0015873747159854895
39,62,x_R05_EXIT_B,x_R08_EXIT_F,0.0015873747159854895
39,63,x_R05_EXIT_B,x_R08_EXIT_B,0.00928173271430404
39,64,x_R05_EXIT_B,x_R09_EXIT_C,0.0015873747159854895
39,65,x_R05_EXIT_B,x_R09_EXIT_D,0.0019621715239265076
39,67,x_R05_EXIT_B,x_R09_EXIT_G,0.0015873747159854895
39,68,x_R05_EXIT_B,x_R09_EXIT_H,0.0009700623264355769
39,69,x_R05_EXIT_B,x_R09_EXIT_A,0.0015873747159854895
39,70,x_R05_EXIT_B,x_R09_EXIT_F,0.0015873747159854895
39,71,x_R05_EXIT_B,x_R09_EXIT_B,0.00928173271430404
39,72,x_R05_EXIT_B,x_R10_EXIT_C,0.0015873747159854895
39,73,x_R05_EXIT_B,x_R10_EXIT_D,0.0019621715239265076
39,75,x_R05_EXIT_B,x_R10_EXIT_G,0.0015873747159854895
39,76,x_R05_EXIT_B,x_R10_EXIT_H,0.0009700623264355769
39,77,x_R05_EXIT_B,x_R10_EXIT_A,0.0015873747159854895
39,78,x_R05_EXIT_B,x_R10_EXIT_F,0.0015873747159854895
39,79,x_R05_EXIT_B,x_R10_EXIT_B,0.00928173271430404
39,81,x_R05_EXIT_B,x_R11_EXIT_D,0.0003747968079410184
39,82,x_R05_EXIT_B,x_R11_EXIT_E,0.0015873747159854895
39,84,x_R05_EXIT_B,x_R11_EXIT_H,0.0006173123895499126
39,87,x_R05_EXIT_B,x_R11_EXIT_B,0.008928982777418378
39,89,x_R05_EXIT_B,x_R12_EXIT_D,0.0003747968079410184
39,90,x_R05_EXIT_B,x_R12_EXIT_E,0.0015873747159854895
39,92,x_R05_EXIT_B,x_R12_EXIT_H,0.0006173123895499126
39,95,x_R05_EXIT_B,x_R12_EXIT_B,0.008928982777418378
39,97,x_R05_EXIT_B,x_R13_EXIT_D,0.0003747968079410184
39,98,x_R05_EXIT_B,x_R13_EXIT_E,0.0015873747159854895
39,100,x_R05_EXIT_B,x_R13_EXIT_H,0.0006173123895499126
39,103,x_R05_EXIT_B,x_R13_EXIT_B,0.008928982777418378
39,105,x_R05_EXIT_B,x_R14_EXIT_D,0.0003747968079410184
39,106,x_R05_EXIT_B,x_R14_EXIT_E,0.0015873747159854895
39,108,x_R05_EXIT_B,x_R14_EXIT_H,0.0006173123895499126
39,111,x_R05_EXIT_B,x_R14_EXIT_B,0.008928982777418378
39,112,x_R05_EXIT_B,x_R15_EXIT_C,0.0015873747159854895
39,113,x_R05_EXIT_B,x_R15_EXIT_D,0.0019621715239265076
39,115,x_R05_EXIT_B,x_R15_EXIT_G,0.0015873747159854895
39,116,x_R05_EXIT_B,x_R15_EXIT_H,0.0009700623264355769
39,117,x_R05_EXIT_B,x_R15_EXIT_A,0.0015873747159854895
39,118,x_R05_EXIT_B,x_R15_EXIT_F,0.0015873747159854895
39,119,x_R05_EXIT_B,x_R15_EXIT_B,0.00928173271430404
39,120,x_R05_EXIT_B,x_R16_EXIT_C,0.0015873747159854895
39,121,x_R05_EXIT_B,x_R16_EXIT_D,0.0019621715239265076
39,123,x_R05_EXIT_B,x_R16_EXIT_G,0.0015873747159854895
39,124,x_R05_EXIT_B,x_R16_EXIT_H,0.0009700623264355769
39,125,x_R05_EXIT_B,x_R16_EXIT_A,0.0015873747159854895
39,126,x_R05_EXIT_B,x_R16_EXIT_F,0.0015873747159854895
39,127,x_R05_EXIT_B,x_R16_EXIT_B,0.00928173271430404
39,128,x_R05_EXIT_B,x_R17_EXIT_C,0.0015873747159854895
39,129,x_R05_EXIT_B,x_R17_EXIT_D,0.0019621715239265076
39,131,x_R05_EXIT_B,x_R17_EXIT_G,0.0015873747159854895
39,132,x_R05_EXIT_B,x_R17_EXIT_H,0.0009700623264355769
39,133,x_R05_EXIT_B,x_R17_EXIT_A,0.0015873747159854895
39,134,x_R05_EXIT_B,x_R17_EXIT_F,0.0015873747159854895
39,135,x_R05_EXIT_B,x_R17_EXIT_B,0.00928173271430404
39,136,x_R05_EXIT_B,x_R18_EXIT_C,0.0015873747159854895
39,137,x_R05_EXIT_B,x_R18_EXIT_D,0.0019621715239265076
39,139,x_R05_EXIT_B,x_R18_EXIT_G,0.0015873747159854895
39,140,x_R05_EXIT_B,x_R18_EXIT_H,0.0009700623264355769
39,141,x_R05_EXIT_B,x_R18_EXIT_A,0.0015873747159854895
39,142,x_R05_EXIT_B,x_R18_EXIT_F,0.0015873747159854895
39,143,x_R05_EXIT_B,x_R18_EXIT_B,0.00928173271430404
39,144,x_R05_EXIT_B,x_R19_EXIT_C,0.001190531036989117
39,145,x_R05_EXIT_B,x_R19_EXIT_D,0.001471628642944881
39,147,x_R05_EXIT_B,x_R19_EXIT_G,0.001190531036989117
39,148,x_R05_EXIT_B,x_R19_EXIT_H,0.0007275467448266826
39,149,x_R05_EXIT_B,x_R19_EXIT_A,0.001190531036989117
39,150,x_R05_EXIT_B,x_R19_EXIT_F,0.001190531036989117
39,151,x_R05_EXIT_B,x_R19_EXIT_B,0.006961299535728032
39,153,x_R05_EXIT_B,x_R22_EXIT_D,0.0009369920198525458
39,154,x_R05_EXIT_B,x_R22_EXIT_E,0.0008818748422141608
39,156,x_R05_EXIT_B,x_R22_EXIT_H,0.0015432809738747811
39,159,x_R05_EXIT_B,x_R22_EXIT_B,0.012594275090370984
39,161,x_R05_EXIT_B,x_R23_EXIT_D,0.0009369920198525458
39,162,x_R05_EXIT_B,x_R23_EXIT_E,0.001763749684428321
39,164,x_R05_EXIT_B,x_R23_EXIT_H,0.0006614061316606206
39,167,x_R05_EXIT_B,x_R23_EXIT_B,0.012594275090370984
39,169,x_R05_EXIT_B,x_R20_EXIT_D,0.0002810976059557637
39,170,x_R05_EXIT_B,x_R20_EXIT_E,0.00026456245266424824
39,172,x_R05_EXIT_B,x_R20_EXIT_H,0.00046298429216243443
39,175,x_R05_EXIT_B,x_R20_EXIT_B,0.0037782825271112947
39,177,x_R05_EXIT_B,x_R21_EXIT_D,0.0009369920198525458
39,178,x_R05_EXIT_B,x_R21_EXIT_E,0.0008818748422141608
39,180,x_R05_EXIT_B,x_R21_EXIT_H,0.0015432809738747811
39,183,x_R05_EXIT_B,x_R21_EXIT_B,0.012594275090370984
39,184,x_R05_EXIT_B,x_R24_EXIT_C,0.005635731413524871
39,185,x_R05_EXIT_B,x_R24_EXIT_D,0.006572723433377417
39,186,x_R05_EXIT_B,x_R24_EXIT_E,0.006517606255739032
39,187,x_R05_EXIT_B,x_R24_EXIT_G,0.005635731413524871
39,188,x_R05_EXIT_B,x_R24_EXIT_H,0.00409245043965009
39,189,x_R05_EXIT_B,x_R24_EXIT_A,0.00409245043965009
39,190,x_R05_EXIT_B,x_R24_EXIT_F,0.00409245043965009
39,191,x_R05_EXIT_B,x_R24_EXIT_B,0.01668672553002107
39,192,x_R05_EXIT_B,x_R25_EXIT_C,0.0015432809738747811
39,193,x_R05_EXIT_B,x_R25_EXIT_D,0.0024802729937273274
39,194,x_R05_EXIT_B,x_R25_EXIT_E,0.0024251558160889417
39,195,x_R05_EXIT_B,x_R25_EXIT_G,0.0015432809738747811
39,199,x_R05_EXIT_B,x_R25_EXIT_B,0.0004409374211070804
39,201,x_R05_EXIT_B,x_R26_EXIT_D,0.0005621952119115274
39,202,x_R05_EXIT_B,x_R26_EXIT_E,0.0005291249053284965
39,204,x_R05_EXIT_B,x_R26_EXIT_H,0.0003968436789963724
39,207,x_R05_EXIT_B,x_R26_EXIT_B,0.007556565054222589
39,210,x_R05_EXIT_B,x_R27_EXIT_E,0.00017637496844283217
39,215,x_R05_EXIT_B,x_R27_EXIT_B,0.0012594275090370985
39,217,x_R05_EXIT_B,x_R28_EXIT_D,0.0001873984039705092
39,218,x_R05_EXIT_B,x_R28_EXIT_E,0.00017637496844283217
39,220,x_R05_EXIT_B,x_R28_EXIT_H,0.0003086561947749563
39,223,x_R05_EXIT_B,x_R28_EXIT_B,0.002518855018074197
39,225,x_R05_EXIT_B,x_R29_EXIT_D,0.0003747968079410184
39,226,x_R05_EXIT_B,x_R29_EXIT_E,0.00035274993688566434
39,228,x_R05_EXIT_B,x_R29_EXIT_H,0.0006173123895499126
39,231,x_R05_EXIT_B,x_R29_EXIT_B,0.005037710036148394
39,233,x_R05_EXIT_B,x_R30_EXIT_D,0.0003747968079410184
39,234,x_R05_EXIT_B,x_R30_EXIT_E,0.00035274993688566434
39,239,x_R05_EXIT_B,x_R30_EXIT_B,0.005037710036148394
39,241,x_R05_EXIT_B,x_R31_EXIT_D,0.00018188668620667067
39,242,x_R05_EXIT_B,x_R31_EXIT_E,0.00017637496844283217
39,247,x_R05_EXIT_B,x_R31_EXIT_B,0.0012594275090370985
39,248,x_R05_EXIT_B,x_R32_EXIT_C,0.0019897301127457002
39,249,x_R05_EXIT_B,x_R32_EXIT_D,0.0023645269206867187
39,250,x_R05_EXIT_B,x_R32_EXIT_E,0.0023424800496313646
39,251,x_R05_EXIT_B,x_R32_EXIT_G,0.0019897301127457002
39,252,x_R05_EXIT_B,x_R32_EXIT_H,0.001636980175860036
39,253,x_R05_EXIT_B,x_R32_EXIT_A,0.001636980175860036
39,254,x_R05_EXIT_B,x_R32_EXIT_F,0.001636980175860036
39,255,x_R05_EXIT_B,x_R32_EXIT_B,0.003400729860288358
39,256,x_R05_EXIT_B,x_R33_EXIT_C,0.0003527499368856643
39,257,x_R05_EXIT_B,x_R33_EXIT_D,0.0007275467448266827
39,258,x_R05_EXIT_B,x_R33_EXIT_E,0.0007054998737713287
39,259,x_R05_EXIT_B,x_R33_EXIT_G,0.0003527499368856643
39,263,x_R05_EXIT_B,x_R33_EXIT_B,0.00017637496844283214
40,41,x_R06_EXIT_C,x_R06_EXIT_D,1.8386185028944493
40,42,x_R06_EXIT_C,x_R06_EXIT_E,1.8386185028944493
40,43,x_R06_EXIT_C,x_R06_EXIT_G,1.8386185028944493
40,44,x_R06_EXIT_C,x_R06_EXIT_H,1.8386185028944493
40,45,x_R06_EXIT_C,x_R06_EXIT_A,1.8386185028944493
40,46,x_R06_EXIT_C,x_R06_EXIT_F,1.8386185028944493
40,47,x_R06_EXIT_C,x_R06_EXIT_B,1.8386185028944493
40,56,x_R06_EXIT_C,x_R08_EXIT_C,0.00011243904238230551
40,64,x_R06_EXIT_C,x_R09_EXIT_C,0.00011243904238230551
40,72,x_R06_EXIT_C,x_R10_EXIT_C,0.00011243904238230551
40,80,x_R06_EXIT_C,x_R11_EXIT_C,0.00011243904238230551
40,88,x_R06_EXIT_C,x_R12_EXIT_C,0.00011243904238230551
40,96,x_R06_EXIT_C,x_R13_EXIT_C,0.00011243904238230551
40,104,x_R06_EXIT_C,x_R14_EXIT_C,0.00011243904238230551
40,112,x_R06_EXIT_C,x_R15_EXIT_C,0.00011243904238230551
40,120,x_R06_EXIT_C,x_R16_EXIT_C,0.00011243904238230551
40,128,x_R06_EXIT_C,x_R17_EXIT_C,0.00011243904238230551
40,136,x_R06_EXIT_C,x_R18_EXIT_C,0.00011243904238230551
40,152,x_R06_EXIT_C,x_R22_EXIT_C,0.0002810976059557637
40,160,x_R06_EXIT_C,x_R23_EXIT_C,0.0002810976059557637
40,176,x_R06_EXIT_C,x_R21_EXIT_C,0.0002810976059557637
40,184,x_R06_EXIT_C,x_R24_EXIT_C,0.0002810976059557637
40,192,x_R06_EXIT_C,x_R25_EXIT_C,0.0002810976059557637
40,200,x_R06_EXIT_C,x_R26_EXIT_C,0.00016865856357345824
40,224,x_R06_EXIT_C,x_R29_EXIT_C,0.00011243904238230551
40,232,x_R06_EXIT_C,x_R30_EXIT_C,0.00011243904238230551
40,248,x_R06_EXIT_C,x_R32_EXIT_C,0.00011243904238230551
40,256,x_R06_EXIT_C,x_R33_EXIT_C,0.00011243904238230551
41,42,x_R06_EXIT_D,x_R06_EXIT_E,1.8392019871162237
41,43,x_R06_EXIT_D,x_R06_EXIT_G,1.8390234074606753
41,44,x_R06_EXIT_D,x_R06_EXIT_H,1.8390234074606753
41,45,x_R06_EXIT_D,x_R06_EXIT_A,1.8390234074606753
41,46,x_R06_EXIT_D,x_R06_EXIT_F,1.8390234074606753
41,47,x_R06_EXIT_D,x_R06_EXIT_B,1.8390234074606753
41,49,x_R06_EXIT_D,x_R07_EXIT_D,0.0005952655184945584
41,50,x_R06_EXIT_D,x_R07_EXIT_E,0.0004431421082126158
41,51,x_R06_EXIT_D,x_R07_EXIT_G,0.00020503590081479237
41,52,x_R06_EXIT_D,x_R07_EXIT_H,0.00020503590081479237
41,53,x_R06_EXIT_D,x_R07_EXIT_A,0.00020503590081479237
41,54,x_R06_EXIT_D,x_R07_EXIT_F,0.00020503590081479237
41,55,x_R06_EXIT_D,x_R07_EXIT_B,0.00020503590081479237
41,56,x_R06_EXIT_D,x_R08_EXIT_C,0.0004431421082126158
41,57,x_R06_EXIT_D,x_R08_EXIT_D,0.00015212341028194274
41,64,x_R06_EXIT_D,x_R09_EXIT_C,0.0004431421082126158
41,65,x_R06_EXIT_D,x_R09_EXIT_D,0.00015212341028194274
41,72,x_R06_EXIT_D,x_R10_EXIT_C,0.0004431421082126158
41,73,x_R06_EXIT_D,x_R10_EXIT_D,0.00015212341028194274
41,81,x_R06_EXIT_D,x_R11_EXIT_D,0.0006845553462687422
41,82,x_R06_EXIT_D,x_R11_EXIT_E,0.0005324319359867996
41,83,x_R06_EXIT_D,x_R11_EXIT_G,0.0002943257285889761
41,84,x_R06_EXIT_D,x_R11_EXIT_H,0.0002943257285889761
41,85,x_R06_EXIT_D,x_R11_EXIT_A,0.0002943257285889761
41,86,x_R06_EXIT_D,x_R11_EXIT_F,0.0002943257285889761
41,87,x_R06_EXIT_D,x_R11_EXIT_B,0.0002943257285889761
41,89,x_R06_EXIT_D,x_R12_EXIT_D,0.0005952655184945584
41,90,x_R06_EXIT_D,x_R12_EXIT_E,0.0004431421082126158
41,91,x_R06_EXIT_D,x_R12_EXIT_G,0.00020503590081479237
41,92,x_R06_EXIT_D,x_R12_EXIT_H,0.00020503590081479237
41,93,x_R06_EXIT_D,x_R12_EXIT_A,0.00020503590081479237
41,94,x_R06_EXIT_D,x_R12_EXIT_F,0.00020503590081479237
41,95,x_R06_EXIT_D,x_R12_EXIT_B,0.00020503590081479237
41,97,x_R06_EXIT_D,x_R13_EXIT_D,0.0005225108440118902
41,98,x_R06_EXIT_D,x_R13_EXIT_E,0.00037038743372994754
41,99,x_R06_EXIT_D,x_R13_EXIT_G,0.00013228122633212412
41,100,x_R06_EXIT_D,x_R13_EXIT_H,0.00013228122633212412
41,101,x_R06_EXIT_D,x_R13_EXIT_A,0.00013228122633212412
41,102,x_R06_EXIT_D,x_R13_EXIT_F,0.00013228122633212412
41,103,x_R06_EXIT_D,x_R13_EXIT_B,0.00013228122633212412
41,104,x_R06_EXIT_D,x_R14_EXIT_C,0.00014550934896533652
41,105,x_R06_EXIT_D,x_R14_EXIT_D,0.0004497561695292219
41,106,x_R06_EXIT_D,x_R14_EXIT_E,0.0002976327592472793
41,112,x_R06_EXIT_D,x_R15_EXIT_C,0.0004431421082126158
41,113,x_R06_EXIT_D,x_R15_EXIT_D,0.00015212341028194274
41,120,x_R06_EXIT_D,x_R16_EXIT_C,0.0004431421082126158
41,121,x_R06_EXIT_D,x_R16_EXIT_D,0.00015212341028194274
41,128,x_R06_EXIT_D,x_R17_EXIT_C,0.0004431421082126158
41,129,x_R06_EXIT_D,x_R17_EXIT_D,0.00015212341028194274
41,136,x_R06_EXIT_D,x_R18_EXIT_C,0.0004431421082126158
41,137,x_R06_EXIT_D,x_R18_EXIT_D,0.00015212341028194274
41,144,x_R06_EXIT_D,x_R19_EXIT_C,0.0003323565811594618
41,145,x_R06_EXIT_D,x_R19_EXIT_D,0.00011409255771145703
41,152,x_R06_EXIT_D,x_R22_EXIT_C,0.000512589752036981
41,153,x_R06_EXIT_D,x_R22_EXIT_D,0.0003803085257048568
41,160,x_R06_EXIT_D,x_R23_EXIT_C,0.000512589752036981
41,161,x_R06_EXIT_D,x_R23_EXIT_D,0.0003803085257048568
41,168,x_R06_EXIT_D,x_R20_EXIT_C,0.00015377692561109425
41,169,x_R06_EXIT_D,x_R20_EXIT_D,0.00011409255771145703
41,176,x_R06_EXIT_D,x_R21_EXIT_C,0.000512589752036981
41,177,x_R06_EXIT_D,x_R21_EXIT_D,0.0003803085257048568
41,184,x_R06_EXIT_D,x_R24_EXIT_C,0.000512589752036981
41,185,x_R06_EXIT_D,x_R24_EXIT_D,0.0003803085257048568
41,192,x_R06_EXIT_D,x_R25_EXIT_C,0.000512589752036981
41,193,x_R06_EXIT_D,x_R25_EXIT_D,0.0003803085257048568
41,200,x_R06_EXIT_D,x_R26_EXIT_C,0.0003075538512221885
41,201,x_R06_EXIT_D,x_R26_EXIT_D,0.00022818511542291406
41,216,x_R06_EXIT_D,x_R28_EXIT_C,0.00010251795040739618
41,224,x_R06_EXIT_D,x_R29_EXIT_C,0.00020503590081479237
41,225,x_R06_EXIT_D,x_R29_EXIT_D,0.00015212341028194274
41,232,x_R06_EXIT_D,x_R30_EXIT_C,0.00020503590081479237
41,233,x_R06_EXIT_D,x_R30_EXIT_D,0.00015212341028194274
41,248,x_R06_EXIT_D,x_R32_EXIT_C,0.00020503590081479237
41,249,x_R06_EXIT_D,x_R32_EXIT_D,0.00015212341028194274
41,256,x_R06_EXIT_D,x_R33_EXIT_C,0.00020503590081479237
41,257,x_R06_EXIT_D,x_R33_EXIT_D,0.00015212341028194274
42,43,x_R06_EXIT_E,x_R06_EXIT_G,1.8390234074606753
42,44,x_R06_EXIT_E,x_R06_EXIT_H,1.8390234074606753
42,45,x_R06_EXIT_E,x_R06_EXIT_A,1.8390234074606753
42,46,x_R06_EXIT_E,x_R06_EXIT_F,1.8390234074606753
42,47,x_R06_EXIT_E,x_R06_EXIT_B,1.8390234074606753
42,49,x_R06_EXIT_E,x_R07_EXIT_D,0.0004431421082126158
42,50,x_R06_EXIT_E,x_R07_EXIT_E,0.0009061264003750502
42,51,x_R06_EXIT_E,x_R07_EXIT_G,0.00020503590081479237
42,52,x_R06_EXIT_E,x_R07_EXIT_H,0.00020503590081479237
42,53,x_R06_EXIT_E,x_R07_EXIT_A,0.00020503590081479237
42,54,x_R06_EXIT_E,x_R07_EXIT_F,0.00020503590081479237
42,55,x_R06_EXIT_E,x_R07_EXIT_B,0.00020503590081479237
42,56,x_R06_EXIT_E,x_R08_EXIT_C,0.0008267576645757757
42,57,x_R06_EXIT_E,x_R08_EXIT_D,0.0003836155563631599
42,59,x_R06_EXIT_E,x_R08_EXIT_G,0.0003836155563631599
42,60,x_R06_EXIT_E,x_R08_EXIT_H,0.00014550934896533652
42,61,x_R06_EXIT_E,x_R08_EXIT_A,0.0003836155563631599
42,62,x_R06_EXIT_E,x_R08_EXIT_F,0.0003836155563631599
42,63,x_R06_EXIT_E,x_R08_EXIT_B,0.00014550934896533652
42,64,x_R06_EXIT_E,x_R09_EXIT_C,0.0008267576645757757
42,65,x_R06_EXIT_E,x_R09_EXIT_D,0.0003836155563631599
42,67,x_R06_EXIT_E,x_R09_EXIT_G,0.0003836155563631599
42,68,x_R06_EXIT_E,x_R09_EXIT_H,0.00014550934896533652
42,69,x_R06_EXIT_E,x_R09_EXIT_A,0.0003836155563631599
42,70,x_R06_EXIT_E,x_R09_EXIT_F,0.0003836155563631599
42,71,x_R06_EXIT_E,x_R09_EXIT_B,0.00014550934896533652
42,72,x_R06_EXIT_E,x_R10_EXIT_C,0.0007870732966761385
42,73,x_R06_EXIT_E,x_R10_EXIT_D,0.00034393118846352263
42,75,x_R06_EXIT_E,x_R10_EXIT_G,0.00034393118846352263
42,76,x_R06_EXIT_E,x_R10_EXIT_H,0.0001058249810656993
42,77,x_R06_EXIT_E,x_R10_EXIT_A,0.00034393118846352263
42,78,x_R06_EXIT_E,x_R10_EXIT_F,0.00034393118846352263
42,79,x_R06_EXIT_E,x_R10_EXIT_B,0.0001058249810656993
42,81,x_R06_EXIT_E,x_R11_EXIT_D,0.0005324319359867996
42,82,x_R06_EXIT_E,x_R11_EXIT_E,0.000995416228149234
42,83,x_R06_EXIT_E,x_R11_EXIT_G,0.0002943257285889761
42,84,x_R06_EXIT_E,x_R11_EXIT_H,0.0002943257285889761
42,85,x_R06_EXIT_E,x_R11_EXIT_A,0.0002943257285889761
42,86,x_R06_EXIT_E,x_R11_EXIT_F,0.0002943257285889761
42,87,x_R06_EXIT_E,x_R11_EXIT_B,0.0002943257285889761
42,89,x_R06_EXIT_E,x_R12_EXIT_D,0.0004431421082126158
42,90,x_R06_EXIT_E,x_R12_EXIT_E,0.0009061264003750502
42,91,x_R06_EXIT_E,x_R12_EXIT_G,0.00020503590081479237
42,92,x_R06_EXIT_E,x_R12_EXIT_H,0.00020503590081479237
42,93,x_R06_EXIT_E,x_R12_EXIT_A,0.00020503590081479237
42,94,x_R06_EXIT_E,x_R12_EXIT_F,0.00020503590081479237
42,95,x_R06_EXIT_E,x_R12_EXIT_B,0.00020503590081479237
42,97,x_R06_EXIT_E,x_R13_EXIT_D,0.00037038743372994754
42,98,x_R06_EXIT_E,x_R13_EXIT_E,0.000833371725892382
42,99,x_R06_EXIT_E,x_R13_EXIT_G,0.00013228122633212412
42,100,x_R06_EXIT_E,x_R13_EXIT_H,0.00013228122633212412
42,101,x_R06_EXIT_E,x_R13_EXIT_A,0.00013228122633212412
42,102,x_R06_EXIT_E,x_R13_EXIT_F,0.00013228122633212412
42,103,x_R06_EXIT_E,x_R13_EXIT_B,0.00013228122633212412
42,104,x_R06_EXIT_E,x_R14_EXIT_C,0.00014550934896533652
42,105,x_R06_EXIT_E,x_R14_EXIT_D,0.0002976327592472793
42,106,x_R06_EXIT_E,x_R14_EXIT_E,0.0007606170514097138
42,112,x_R06_EXIT_E,x_R15_EXIT_C,0.0007077045608768639
42,113,x_R06_EXIT_E,x_R15_EXIT_D,0.00026456245266424824
42,114,x_R06_EXIT_E,x_R15_EXIT_E,0.0001984218394981862
42,115,x_R06_EXIT_E,x_R15_EXIT_G,0.00026456245266424824
42,117,x_R06_EXIT_E,x_R15_EXIT_A,0.00026456245266424824
42,118,x_R06_EXIT_E,x_R15_EXIT_F,0.00026456245266424824
42,120,x_R06_EXIT_E,x_R16_EXIT_C,0.0007473889287765012
42,121,x_R06_EXIT_E,x_R16_EXIT_D,0.00030424682056388544
42,122,x_R06_EXIT_E,x_R16_EXIT_E,0.00015873747159854894
42,123,x_R06_EXIT_E,x_R16_EXIT_G,0.00030424682056388544
42,125,x_R06_EXIT_E,x_R16_EXIT_A,0.00030424682056388544
42,126,x_R06_EXIT_E,x_R16_EXIT_F,0.00030424682056388544
42,128,x_R06_EXIT_E,x_R17_EXIT_C,0.0007870732966761385
42,129,x_R06_EXIT_E,x_R17_EXIT_D,0.00034393118846352263
42,130,x_R06_EXIT_E,x_R17_EXIT_E,0.00011905310369891171
42,131,x_R06_EXIT_E,x_R17_EXIT_G,0.00034393118846352263
42,132,x_R06_EXIT_E,x_R17_EXIT_H,0.0001058249810656993
42,133,x_R06_EXIT_E,x_R17_EXIT_A,0.00034393118846352263
42,134,x_R06_EXIT_E,x_R17_EXIT_F,0.00034393118846352263
42,135,x_R06_EXIT_E,x_R17_EXIT_B,0.0001058249810656993
42,136,x_R06_EXIT_E,x_R18_EXIT_C,0.0007870732966761385
42,137,x_R06_EXIT_E,x_R18_EXIT_D,0.00034393118846352263
42,138,x_R06_EXIT_E,x_R18_EXIT_E,0.00011905310369891171
42,139,x_R06_EXIT_E,x_R18_EXIT_G,0.00034393118846352263
42,140,x_R06_EXIT_E,x_R18_EXIT_H,0.0001058249810656993
42,141,x_R06_EXIT_E,x_R18_EXIT_A,0.00034393118846352263
42,142,x_R06_EXIT_E,x_R18_EXIT_F,0.00034393118846352263
42,143,x_R06_EXIT_E,x_R18_EXIT_B,0.0001058249810656993
42,144,x_R06_EXIT_E,x_R19_EXIT_C,0.0005903049725071039
42,145,x_R06_EXIT_E,x_R19_EXIT_D,0.00025794839134764204
42,147,x_R06_EXIT_E,x_R19_EXIT_G,0.00025794839134764204
42,149,x_R06_EXIT_E,x_R19_EXIT_A,0.00025794839134764204
42,150,x_R06_EXIT_E,x_R19_EXIT_F,0.00025794839134764204
42,152,x_R06_EXIT_E,x_R22_EXIT_C,0.000512589752036981
42,154,x_R06_EXIT_E,x_R22_EXIT_E,0.0005621952119115274
42,160,x_R06_EXIT_E,x_R23_EXIT_C,0.000512589752036981
42,162,x_R06_EXIT_E,x_R23_EXIT_E,0.0005621952119115274
42,168,x_R06_EXIT_E,x_R20_EXIT_C,0.00015377692561109425
42,170,x_R06_EXIT_E,x_R20_EXIT_E,0.00016865856357345824
42,176,x_R06_EXIT_E,x_R21_EXIT_C,0.000512589752036981
42,178,x_R06_EXIT_E,x_R21_EXIT_E,0.0005621952119115274
42,184,x_R06_EXIT_E,x_R24_EXIT_C,0.000512589752036981
42,186,x_R06_EXIT_E,x_R24_EXIT_E,0.0005621952119115274
42,192,x_R06_EXIT_E,x_R25_EXIT_C,0.000512589752036981
42,194,x_R06_EXIT_E,x_R25_EXIT_E,0.0005621952119115274
42,200,x_R06_EXIT_E,x_R26_EXIT_C,0.0003075538512221885
42,202,x_R06_EXIT_E,x_R26_EXIT_E,0.0003373171271469165
42,216,x_R06_EXIT_E,x_R28_EXIT_C,0.00010251795040739618
42,218,x_R06_EXIT_E,x_R28_EXIT_E,0.00011243904238230551
42,224,x_R06_EXIT_E,x_R29_EXIT_C,0.00020503590081479237
42,226,x_R06_EXIT_E,x_R29_EXIT_E,0.00022487808476461102
42,232,x_R06_EXIT_E,x_R30_EXIT_C,0.00020503590081479237
42,234,x_R06_EXIT_E,x_R30_EXIT_E,0.00022487808476461102
42,248,x_R06_EXIT_E,x_R32_EXIT_C,0.00020503590081479237
42,250,x_R06_EXIT_E,x_R32_EXIT_E,0.00022487808476461102
42,256,x_R06_EXIT_E,x_R33_EXIT_C,0.00020503590081479237
42,258,x_R06_EXIT_E,x_R33_EXIT_E,0.00022487808476461102
43,44,x_R06_EXIT_G,x_R06_EXIT_H,1.8391126972884495
43,45,x_R06_EXIT_G,x_R06_EXIT_A,1.8393135994009413
43,46,x_R06_EXIT_G,x_R06_EXIT_F,1.8391126972884495
43,47,x_R06_EXIT_G,x_R06_EXIT_B,1.8391126972884495
43,49,x_R06_EXIT_G,x_R07_EXIT_D,0.00020503590081479237
43,50,x_R06_EXIT_G,x_R07_EXIT_E,0.00020503590081479237
43,51,x_R06_EXIT_G,x_R07_EXIT_G,0.0006944764382436515
43,52,x_R06_EXIT_G,x_R07_EXIT_H,0.0003240890045137041
43,53,x_R06_EXIT_G,x_R07_EXIT_A,0.0005919584878362554
43,54,x_R06_EXIT_G,x_R07_EXIT_F,0.0003240890045137041
43,55,x_R06_EXIT_G,x_R07_EXIT_B,0.0003240890045137041
43,56,x_R06_EXIT_G,x_R08_EXIT_C,0.00020503590081479237
43,59,x_R06_EXIT_G,x_R08_EXIT_G,0.0003703874337299475
43,64,x_R06_EXIT_G,x_R09_EXIT_C,0.00020503590081479237
43,67,x_R06_EXIT_G,x_R09_EXIT_G,0.0003703874337299475
43,72,x_R06_EXIT_G,x_R10_EXIT_C,0.00020503590081479237
43,75,x_R06_EXIT_G,x_R10_EXIT_G,0.0003703874337299475
43,81,x_R06_EXIT_G,x_R11_EXIT_D,0.0002943257285889761
43,82,x_R06_EXIT_G,x_R11_EXIT_E,0.0002943257285889761
43,83,x_R06_EXIT_G,x_R11_EXIT_G,0.0007837662660178354
43,84,x_R06_EXIT_G,x_R11_EXIT_H,0.0004133788322878878
43,85,x_R06_EXIT_G,x_R11_EXIT_A,0.0006812483156104393
43,86,x_R06_EXIT_G,x_R11_EXIT_F,0.0004133788322878878
43,87,x_R06_EXIT_G,x_R11_EXIT_B,0.0004133788322878878
43,89,x_R06_EXIT_G,x_R12_EXIT_D,0.00020503590081479237
43,90,x_R06_EXIT_G,x_R12_EXIT_E,0.00020503590081479237
43,91,x_R06_EXIT_G,x_R12_EXIT_G,0.0006944764382436515
43,92,x_R06_EXIT_G,x_R12_EXIT_H,0.0003240890045137041
43,93,x_R06_EXIT_G,x_R12_EXIT_A,0.0005919584878362554
43,94,x_R06_EXIT_G,x_R12_EXIT_F,0.0003240890045137041
43,95,x_R06_EXIT_G,x_R12_EXIT_B,0.0003240890045137041
43,97,x_R06_EXIT_G,x_R13_EXIT_D,0.00013228122633212412
43,98,x_R06_EXIT_G,x_R13_EXIT_E,0.00013228122633212412
43,99,x_R06_EXIT_G,x_R13_EXIT_G,0.0006217217637609834
43,100,x_R06_EXIT_G,x_R13_EXIT_H,0.0002513343300310358
43,101,x_R06_EXIT_G,x_R13_EXIT_A,0.0005192038133535873
43,102,x_R06_EXIT_G,x_R13_EXIT_F,0.0002513343300310358
43,103,x_R06_EXIT_G,x_R13_EXIT_B,0.0002513343300310358
43,104,x_R06_EXIT_G,x_R14_EXIT_C,0.00014550934896533652
43,107,x_R06_EXIT_G,x_R14_EXIT_G,0.000548967089278315
43,108,x_R06_EXIT_G,x_R14_EXIT_H,0.00017857965554836754
43,109,x_R06_EXIT_G,x_R14_EXIT_A,0.0004464491388709189
43,110,x_R06_EXIT_G,x_R14_EXIT_F,0.00017857965554836754
43,111,x_R06_EXIT_G,x_R14_EXIT_B,0.00017857965554836754
43,112,x_R06_EXIT_G,x_R15_EXIT_C,0.00020503590081479237
43,115,x_R06_EXIT_G,x_R15_EXIT_G,0.0003703874337299475
43,120,x_R06_EXIT_G,x_R16_EXIT_C,0.00020503590081479237
43,123,x_R06_EXIT_G,x_R16_EXIT_G,0.0003703874337299475
43,128,x_R06_EXIT_G,x_R17_EXIT_C,0.00020503590081479237
43,131,x_R06_EXIT_G,x_R17_EXIT_G,0.0003703874337299475
43,136,x_R06_EXIT_G,x_R18_EXIT_C,0.00020503590081479237
43,139,x_R06_EXIT_G,x_R18_EXIT_G,0.0003703874337299475
43,144,x_R06_EXIT_G,x_R19_EXIT_C,0.00015377692561109425
43,147,x_R06_EXIT_G,x_R19_EXIT_G,0.00027779057529746064
43,152,x_R06_EXIT_G,x_R22_EXIT_C,0.0008102225112842601
43,155,x_R06_EXIT_G,x_R22_EXIT_G,0.0009259685843248689
43,160,x_R06_EXIT_G,x_R23_EXIT_C,0.0008102225112842601
43,163,x_R06_EXIT_G,x_R23_EXIT_G,0.0009259685843248689
43,168,x_R06_EXIT_G,x_R20_EXIT_C,0.00044396886587719144
43,169,x_R06_EXIT_G,x_R20_EXIT_D,0.0002009021124919135
43,170,x_R06_EXIT_G,x_R20_EXIT_E,0.0002009021124919135
43,172,x_R06_EXIT_G,x_R20_EXIT_H,0.0002009021124919135
43,176,x_R06_EXIT_G,x_R21_EXIT_C,0.0011822634603433592
43,177,x_R06_EXIT_G,x_R21_EXIT_D,0.00037204094905909907
43,178,x_R06_EXIT_G,x_R21_EXIT_E,0.00037204094905909907
43,179,x_R06_EXIT_G,x_R21_EXIT_G,0.0005539276352657697
43,180,x_R06_EXIT_G,x_R21_EXIT_H,0.00037204094905909907
43,184,x_R06_EXIT_G,x_R24_EXIT_C,0.0008102225112842601
43,187,x_R06_EXIT_G,x_R24_EXIT_G,0.0009259685843248689
43,192,x_R06_EXIT_G,x_R25_EXIT_C,0.0008102225112842601
43,195,x_R06_EXIT_G,x_R25_EXIT_G,0.0009259685843248689
43,200,x_R06_EXIT_G,x_R26_EXIT_C,0.000486133506770556
43,203,x_R06_EXIT_G,x_R26_EXIT_G,0.0003323565811594618
43,216,x_R06_EXIT_G,x_R28_EXIT_C,0.00023645269206867183
43,224,x_R06_EXIT_G,x_R29_EXIT_C,0.00047290538413734365
43,227,x_R06_EXIT_G,x_R29_EXIT_G,0.0002215710541063079
43,232,x_R06_EXIT_G,x_R30_EXIT_C,0.0003240890045137041
43,235,x_R06_EXIT_G,x_R30_EXIT_G,0.0002215710541063079
43,248,x_R06_EXIT_G,x_R32_EXIT_C,0.0003240890045137041
43,251,x_R06_EXIT_G,x_R32_EXIT_G,0.0003703874337299475
43,256,x_R06_EXIT_G,x_R33_EXIT_C,0.0003240890045137041
43,259,x_R06_EXIT_G,x_R33_EXIT_G,0.0003703874337299475
44,45,x_R06_EXIT_H,x_R06_EXIT_A,1.8391126972884495
44,46,x_R06_EXIT_H,x_R06_EXIT_F,1.839135019745393
44,47,x_R06_EXIT_H,x_R06_EXIT_B,1.8393830470447656
44,49,x_R06_EXIT_H,x_R07_EXIT_D,0.00020503590081479237
44,50,x_R06_EXIT_H,x_R07_EXIT_E,0.00020503590081479237
44,51,x_R06_EXIT_H,x_R07_EXIT_G,0.0003240890045137041
44,52,x_R06_EXIT_H,x_R07_EXIT_H,0.0008036084499676542
44,53,x_R06_EXIT_H,x_R07_EXIT_A,0.0003240890045137041
44,54,x_R06_EXIT_H,x_R07_EXIT_F,0.000353852280438432
44,55,x_R06_EXIT_H,x_R07_EXIT_B,0.0006845553462687423
44,56,x_R06_EXIT_H,x_R08_EXIT_C,0.00020503590081479237
44,60,x_R06_EXIT_H,x_R08_EXIT_H,0.0002116499621313986
44,64,x_R06_EXIT_H,x_R09_EXIT_C,0.00020503590081479237
44,68,x_R06_EXIT_H,x_R09_EXIT_H,0.0002116499621313986
44,72,x_R06_EXIT_H,x_R10_EXIT_C,0.00020503590081479237
44,76,x_R06_EXIT_H,x_R10_EXIT_H,0.0002116499621313986
44,81,x_R06_EXIT_H,x_R11_EXIT_D,0.0002943257285889761
44,82,x_R06_EXIT_H,x_R11_EXIT_E,0.0002943257285889761
44,83,x_R06_EXIT_H,x_R11_EXIT_G,0.0004133788322878878
44,84,x_R06_EXIT_H,x_R11_EXIT_H,0.0008928982777418378
44,85,x_R06_EXIT_H,x_R11_EXIT_A,0.0004133788322878878
44,86,x_R06_EXIT_H,x_R11_EXIT_F,0.0004431421082126158
44,87,x_R06_EXIT_H,x_R11_EXIT_B,0.0007738451740429261
44,89,x_R06_EXIT_H,x_R12_EXIT_D,0.00020503590081479237
44,90,x_R06_EXIT_H,x_R12_EXIT_E,0.00020503590081479237
44,91,x_R06_EXIT_H,x_R12_EXIT_G,0.0003240890045137041
44,92,x_R06_EXIT_H,x_R12_EXIT_H,0.0008036084499676542
44,93,x_R06_EXIT_H,x_R12_EXIT_A,0.0003240890045137041
44,94,x_R06_EXIT_H,x_R12_EXIT_F,0.000353852280438432
44,95,x_R06_EXIT_H,x_R12_EXIT_B,0.0006845553462687423
44,97,x_R06_EXIT_H,x_R13_EXIT_D,0.00013228122633212412
44,98,x_R06_EXIT_H,x_R13_EXIT_E,0.00013228122633212412
44,99,x_R06_EXIT_H,x_R13_EXIT_G,0.0002513343300310358
44,100,x_R06_EXIT_H,x_R13_EXIT_H,0.0007308537754849857
44,101,x_R06_EXIT_H,x_R13_EXIT_A,0.0002513343300310358
44,102,x_R06_EXIT_H,x_R13_EXIT_F,0.0002810976059557637
44,103,x_R06_EXIT_H,x_R13_EXIT_B,0.000611800671786074
44,104,x_R06_EXIT_H,x_R14_EXIT_C,0.00014550934896533652
44,107,x_R06_EXIT_H,x_R14_EXIT_G,0.00017857965554836754
44,108,x_R06_EXIT_H,x_R14_EXIT_H,0.0006580991010023176
44,109,x_R06_EXIT_H,x_R14_EXIT_A,0.00017857965554836754
44,110,x_R06_EXIT_H,x_R14_EXIT_F,0.00020834293147309547
44,111,x_R06_EXIT_H,x_R14_EXIT_B,0.0005390459973034058
44,112,x_R06_EXIT_H,x_R15_EXIT_C,0.00020503590081479237
44,116,x_R06_EXIT_H,x_R15_EXIT_H,0.0002116499621313986
44,120,x_R06_EXIT_H,x_R16_EXIT_C,0.00020503590081479237
44,124,x_R06_EXIT_H,x_R16_EXIT_H,0.0002116499621313986
44,128,x_R06_EXIT_H,x_R17_EXIT_C,0.00020503590081479237
44,132,x_R06_EXIT_H,x_R17_EXIT_H,0.0002116499621313986
44,136,x_R06_EXIT_H,x_R18_EXIT_C,0.00020503590081479237
44,140,x_R06_EXIT_H,x_R18_EXIT_H,0.0002116499621313986
44,144,x_R06_EXIT_H,x_R19_EXIT_C,0.00015377692561109425
44,148,x_R06_EXIT_H,x_R19_EXIT_H,0.00015873747159854894
44,152,x_R06_EXIT_H,x_R22_EXIT_C,0.00088463070109608
44,154,x_R06_EXIT_H,x_R22_EXIT_E,0.0005952655184945585
44,156,x_R06_EXIT_H,x_R22_EXIT_H,0.001124390423823055
44,160,x_R06_EXIT_H,x_R23_EXIT_C,0.00088463070109608
44,162,x_R06_EXIT_H,x_R23_EXIT_E,0.00013228122633212412
44,164,x_R06_EXIT_H,x_R23_EXIT_H,0.0003968436789963724
44,168,x_R06_EXIT_H,x_R20_EXIT_C,0.000243066753385278
44,170,x_R06_EXIT_H,x_R20_EXIT_E,0.0002009021124919135
44,172,x_R06_EXIT_H,x_R20_EXIT_H,0.0003596395840904625
44,176,x_R06_EXIT_H,x_R21_EXIT_C,0.0008102225112842601
44,178,x_R06_EXIT_H,x_R21_EXIT_E,0.0006696737083063784
44,180,x_R06_EXIT_H,x_R21_EXIT_H,0.001198798613634875
44,184,x_R06_EXIT_H,x_R24_EXIT_C,0.0017113883656718557
44,185,x_R06_EXIT_H,x_R24_EXIT_D,0.0008267576645757756
44,186,x_R06_EXIT_H,x_R24_EXIT_E,0.00023149214608121722
44,187,x_R06_EXIT_H,x_R24_EXIT_G,0.0009011658543875954
44,188,x_R06_EXIT_H,x_R24_EXIT_H,0.00029763275924727924
44,192,x_R06_EXIT_H,x_R25_EXIT_C,0.001909810205170042
44,193,x_R06_EXIT_H,x_R25_EXIT_D,0.0010251795040739618
44,194,x_R06_EXIT_H,x_R25_EXIT_E,0.0004299139855794034
44,195,x_R06_EXIT_H,x_R25_EXIT_G,0.0010995876938857817
44,200,x_R06_EXIT_H,x_R26_EXIT_C,0.0005307784206576479
44,202,x_R06_EXIT_H,x_R26_EXIT_E,0.0003571593110967351
44,204,x_R06_EXIT_H,x_R26_EXIT_H,0.00023810620739782344
44,216,x_R06_EXIT_H,x_R28_EXIT_C,0.00016204450225685204
44,218,x_R06_EXIT_H,x_R28_EXIT_E,0.0001190531036989117
44,220,x_R06_EXIT_H,x_R28_EXIT_H,0.00022487808476461096
44,224,x_R06_EXIT_H,x_R29_EXIT_C,0.0003240890045137041
44,226,x_R06_EXIT_H,x_R29_EXIT_E,0.0002381062073978234
44,228,x_R06_EXIT_H,x_R29_EXIT_H,0.0004497561695292219
44,232,x_R06_EXIT_H,x_R30_EXIT_C,0.000353852280438432
44,234,x_R06_EXIT_H,x_R30_EXIT_E,0.0002381062073978234
44,240,x_R06_EXIT_H,x_R31_EXIT_C,0.00016121774459227628
44,248,x_R06_EXIT_H,x_R32_EXIT_C,0.0006448709783691051
44,249,x_R06_EXIT_H,x_R32_EXIT_D,0.00029101869793067304
44,251,x_R06_EXIT_H,x_R32_EXIT_G,0.00032078197385540096
44,256,x_R06_EXIT_H,x_R33_EXIT_C,0.0006448709783691051
44,257,x_R06_EXIT_H,x_R33_EXIT_D,0.00029101869793067304
44,259,x_R06_EXIT_H,x_R33_EXIT_G,0.00032078197385540096
45,46,x_R06_EXIT_A,x_R06_EXIT_F,1.8391126972884495
45,47,x_R06_EXIT_A,x_R06_EXIT_B,1.8391126972884495
45,49,x_R06_EXIT_A,x_R07_EXIT_D,0.00020503590081479237
45,50,x_R06_EXIT_A,x_R07_EXIT_E,0.00020503590081479237
45,51,x_R06_EXIT_A,x_R07_EXIT_G,0.0005919584878362554
45,52,x_R06_EXIT_A,x_R07_EXIT_H,0.0003240890045137041
45,53,x_R06_EXIT_A,x_R07_EXIT_A,0.0013624966312208785
45,54,x_R06_EXIT_A,x_R07_EXIT_F,0.0003240890045137041
45,55,x_R06_EXIT_A,x_R07_EXIT_B,0.0003240890045137041
45,56,x_R06_EXIT_A,x_R08_EXIT_C,0.00020503590081479237
45,59,x_R06_EXIT_A,x_R08_EXIT_G,0.00026786948332255137
45,61,x_R06_EXIT_A,x_R08_EXIT_A,0.0002662159679933998
45,64,x_R06_EXIT_A,x_R09_EXIT_C,0.00020503590081479237
45,67,x_R06_EXIT_A,x_R09_EXIT_G,0.00026786948332255137
45,69,x_R06_EXIT_A,x_R09_EXIT_A,0.0002662159679933998
45,72,x_R06_EXIT_A,x_R10_EXIT_C,0.00020503590081479237
45,75,x_R06_EXIT_A,x_R10_EXIT_G,0.00026786948332255137
45,77,x_R06_EXIT_A,x_R10_EXIT_A,0.0002662159679933998
45,81,x_R06_EXIT_A,x_R11_EXIT_D,0.0002943257285889761
45,82,x_R06_EXIT_A,x_R11_EXIT_E,0.0002943257285889761
45,83,x_R06_EXIT_A,x_R11_EXIT_G,0.0006812483156104393
45,84,x_R06_EXIT_A,x_R11_EXIT_H,0.0004133788322878878
45,85,x_R06_EXIT_A,x_R11_EXIT_A,0.0014517864589950623
45,86,x_R06_EXIT_A,x_R11_EXIT_F,0.0004133788322878878
45,87,x_R06_EXIT_A,x_R11_EXIT_B,0.0004133788322878878
45,89,x_R06_EXIT_A,x_R12_EXIT_D,0.00020503590081479237
45,90,x_R06_EXIT_A,x_R12_EXIT_E,0.00020503590081479237
45,91,x_R06_EXIT_A,x_R12_EXIT_G,0.0005919584878362554
45,92,x_R06_EXIT_A,x_R12_EXIT_H,0.0003240890045137041
45,93,x_R06_EXIT_A,x_R12_EXIT_A,0.0013624966312208785
45,94,x_R06_EXIT_A,x_R12_EXIT_F,0.0003240890045137041
45,95,x_R06_EXIT_A,x_R12_EXIT_B,0.0003240890045137041
45,97,x_R06_EXIT_A,x_R13_EXIT_D,0.00013228122633212412
45,98,x_R06_EXIT_A,x_R13_EXIT_E,0.00013228122633212412
45,99,x_R06_EXIT_A,x_R13_EXIT_G,0.0005192038133535873
45,100,x_R06_EXIT_A,x_R13_EXIT_H,0.0002513343300310358
45,101,x_R06_EXIT_A,x_R13_EXIT_A,0.0012897419567382102
45,102,x_R06_EXIT_A,x_R13_EXIT_F,0.0002513343300310358
45,103,x_R06_EXIT_A,x_R13_EXIT_B,0.0002513343300310358
45,104,x_R06_EXIT_A,x_R14_EXIT_C,0.00014550934896533652
45,107,x_R06_EXIT_A,x_R14_EXIT_G,0.0004464491388709189
45,108,x_R06_EXIT_A,x_R14_EXIT_H,0.00017857965554836754
45,109,x_R06_EXIT_A,x_R14_EXIT_A,0.0012169872822555417
45,110,x_R06_EXIT_A,x_R14_EXIT_F,0.00017857965554836754
45,111,x_R06_EXIT_A,x_R14_EXIT_B,0.00017857965554836754
45,112,x_R06_EXIT_A,x_R15_EXIT_C,0.00020503590081479237
45,115,x_R06_EXIT_A,x_R15_EXIT_G,0.00026786948332255137
45,117,x_R06_EXIT_A,x_R15_EXIT_A,0.0002662159679933998
45,120,x_R06_EXIT_A,x_R16_EXIT_C,0.00020503590081479237
45,123,x_R06_EXIT_A,x_R16_EXIT_G,0.00026786948332255137
45,125,x_R06_EXIT_A,x_R16_EXIT_A,0.0002662159679933998
45,128,x_R06_EXIT_A,x_R17_EXIT_C,0.00020503590081479237
45,131,x_R06_EXIT_A,x_R17_EXIT_G,0.00026786948332255137
45,133,x_R06_EXIT_A,x_R17_EXIT_A,0.0002662159679933998
45,136,x_R06_EXIT_A,x_R18_EXIT_C,0.00020503590081479237
45,139,x_R06_EXIT_A,x_R18_EXIT_G,0.00026786948332255137
45,141,x_R06_EXIT_A,x_R18_EXIT_A,0.0002662159679933998
45,144,x_R06_EXIT_A,x_R19_EXIT_C,0.00015377692561109425
45,147,x_R06_EXIT_A,x_R19_EXIT_G,0.0002009021124919135
45,149,x_R06_EXIT_A,x_R19_EXIT_A,0.00019966197599504985
45,152,x_R06_EXIT_A,x_R22_EXIT_C,0.0008102225112842601
45,155,x_R06_EXIT_A,x_R22_EXIT_G,0.0006696737083063783
45,157,x_R06_EXIT_A,x_R22_EXIT_A,0.0006655399199834994
45,160,x_R06_EXIT_A,x_R23_EXIT_C,0.0008102225112842601
45,163,x_R06_EXIT_A,x_R23_EXIT_G,0.0006696737083063783
45,165,x_R06_EXIT_A,x_R23_EXIT_A,0.0006655399199834994
45,168,x_R06_EXIT_A,x_R20_EXIT_C,0.0006380502276363549
45,169,x_R06_EXIT_A,x_R20_EXIT_D,0.00039498347425107684
45,170,x_R06_EXIT_A,x_R20_EXIT_E,0.00039498347425107684
45,171,x_R06_EXIT_A,x_R20_EXIT_G,0.00019408136175916334
45,172,x_R06_EXIT_A,x_R20_EXIT_H,0.00039498347425107684
45,173,x_R06_EXIT_A,x_R20_EXIT_A,0.0003838222457793038
45,174,x_R06_EXIT_A,x_R20_EXIT_F,0.00018416026978425402
45,175,x_R06_EXIT_A,x_R20_EXIT_B,0.00018416026978425402
45,176,x_R06_EXIT_A,x_R21_EXIT_C,0.0011822634603433592
45,177,x_R06_EXIT_A,x_R21_EXIT_D,0.00037204094905909907
45,178,x_R06_EXIT_A,x_R21_EXIT_E,0.00037204094905909907
45,179,x_R06_EXIT_A,x_R21_EXIT_G,0.00029763275924727924
45,180,x_R06_EXIT_A,x_R21_EXIT_H,0.00037204094905909907
45,181,x_R06_EXIT_A,x_R21_EXIT_A,0.0006655399199834994
45,184,x_R06_EXIT_A,x_R24_EXIT_C,0.0008102225112842601
45,187,x_R06_EXIT_A,x_R24_EXIT_G,0.0006696737083063783
45,189,x_R06_EXIT_A,x_R24_EXIT_A,0.0006655399199834994
45,192,x_R06_EXIT_A,x_R25_EXIT_C,0.0008102225112842601
45,195,x_R06_EXIT_A,x_R25_EXIT_G,0.0006696737083063783
45,197,x_R06_EXIT_A,x_R25_EXIT_A,0.0006655399199834994
45,200,x_R06_EXIT_A,x_R26_EXIT_C,0.000486133506770556
45,203,x_R06_EXIT_A,x_R26_EXIT_G,0.00017857965554836754
45,205,x_R06_EXIT_A,x_R26_EXIT_A,0.0003993239519900997
45,216,x_R06_EXIT_A,x_R28_EXIT_C,0.0003592262052581745
45,217,x_R06_EXIT_A,x_R28_EXIT_D,0.0001227735131895027
45,218,x_R06_EXIT_A,x_R28_EXIT_E,0.0001227735131895027
45,219,x_R06_EXIT_A,x_R28_EXIT_G,0.00036087972058732607
45,220,x_R06_EXIT_A,x_R28_EXIT_H,0.0001227735131895027
45,222,x_R06_EXIT_A,x_R28_EXIT_F,0.0001227735131895027
45,223,x_R06_EXIT_A,x_R28_EXIT_B,0.0001227735131895027
45,224,x_R06_EXIT_A,x_R29_EXIT_C,0.00047290538413734365
45,227,x_R06_EXIT_A,x_R29_EXIT_G,0.0001190531036989117
45,232,x_R06_EXIT_A,x_R30_EXIT_C,0.0003240890045137041
45,235,x_R06_EXIT_A,x_R30_EXIT_G,0.0001190531036989117
45,237,x_R06_EXIT_A,x_R30_EXIT_A,0.0002662159679933998
45,248,x_R06_EXIT_A,x_R32_EXIT_C,0.0003240890045137041
45,251,x_R06_EXIT_A,x_R32_EXIT_G,0.00026786948332255137
45,253,x_R06_EXIT_A,x_R32_EXIT_A,0.0002662159679933998
45,256,x_R06_EXIT_A,x_R33_EXIT_C,0.0003240890045137041
45,259,x_R06_EXIT_A,x_R33_EXIT_G,0.00026786948332255137
45,261,x_R06_EXIT_A,x_R33_EXIT_A,0.0002662159679933998
46,47,x_R06_EXIT_F,x_R06_EXIT_B,1.839135019745393
46,49,x_R06_EXIT_F,x_R07_EXIT_D,0.00020503590081479237
46,50,x_R06_EXIT_F,x_R07_EXIT_E,0.00020503590081479237
46,51,x_R06_EXIT_F,x_R07_EXIT_G,0.0003240890045137041
46,52,x_R06_EXIT_F,x_R07_EXIT_H,0.000353852280438432
46,53,x_R06_EXIT_F,x_R07_EXIT_A,0.0003240890045137041
46,54,x_R06_EXIT_F,x_R07_EXIT_F,0.0011078552705315397
46,55,x_R06_EXIT_F,x_R07_EXIT_B,0.000353852280438432
46,56,x_R06_EXIT_F,x_R08_EXIT_C,0.00020503590081479237
46,61,x_R06_EXIT_F,x_R08_EXIT_A,0.0002513343300310358
46,62,x_R06_EXIT_F,x_R08_EXIT_F,0.0007540029900931076
46,64,x_R06_EXIT_F,x_R09_EXIT_C,0.00020503590081479237
46,69,x_R06_EXIT_F,x_R09_EXIT_A,0.0002513343300310358
46,70,x_R06_EXIT_F,x_R09_EXIT_F,0.0007540029900931076
46,72,x_R06_EXIT_F,x_R10_EXIT_C,0.00020503590081479237
46,77,x_R06_EXIT_F,x_R10_EXIT_A,0.0002513343300310358
46,78,x_R06_EXIT_F,x_R10_EXIT_F,0.0007540029900931076
46,81,x_R06_EXIT_F,x_R11_EXIT_D,0.0002943257285889761
46,82,x_R06_EXIT_F,x_R11_EXIT_E,0.0002943257285889761
46,83,x_R06_EXIT_F,x_R11_EXIT_G,0.0004133788322878878
46,84,x_R06_EXIT_F,x_R11_EXIT_H,0.0004431421082126158
46,85,x_R06_EXIT_F,x_R11_EXIT_A,0.0004133788322878878
46,86,x_R06_EXIT_F,x_R11_EXIT_F,0.0011971450983057235
46,87,x_R06_EXIT_F,x_R11_EXIT_B,0.0004431421082126158
46,89,x_R06_EXIT_F,x_R12_EXIT_D,0.00020503590081479237
46,90,x_R06_EXIT_F,x_R12_EXIT_E,0.00020503590081479237
46,91,x_R06_EXIT_F,x_R12_EXIT_G,0.0003240890045137041
46,92,x_R06_EXIT_F,x_R12_EXIT_H,0.000353852280438432
46,93,x_R06_EXIT_F,x_R12_EXIT_A,0.0003240890045137041
46,94,x_R06_EXIT_F,x_R12_EXIT_F,0.0011078552705315397
46,95,x_R06_EXIT_F,x_R12_EXIT_B,0.000353852280438432
46,97,x_R06_EXIT_F,x_R13_EXIT_D,0.00013228122633212412
46,98,x_R06_EXIT_F,x_R13_EXIT_E,0.00013228122633212412
46,99,x_R06_EXIT_F,x_R13_EXIT_G,0.0002513343300310358
46,100,x_R06_EXIT_F,x_R13_EXIT_H,0.0002810976059557637
46,101,x_R06_EXIT_F,x_R13_EXIT_A,0.0002513343300310358
46,102,x_R06_EXIT_F,x_R13_EXIT_F,0.0010351005960488712
46,103,x_R06_EXIT_F,x_R13_EXIT_B,0.0002810976059557637
46,104,x_R06_EXIT_F,x_R14_EXIT_C,0.00014550934896533652
46,107,x_R06_EXIT_F,x_R14_EXIT_G,0.00017857965554836754
46,108,x_R06_EXIT_F,x_R14_EXIT_H,0.00020834293147309547
46,109,x_R06_EXIT_F,x_R14_EXIT_A,0.00017857965554836754
46,110,x_R06_EXIT_F,x_R14_EXIT_F,0.0009623459215662031
46,111,x_R06_EXIT_F,x_R14_EXIT_B,0.00020834293147309547
46,112,x_R06_EXIT_F,x_R15_EXIT_C,0.00020503590081479237
46,117,x_R06_EXIT_F,x_R15_EXIT_A,0.0002513343300310358
46,118,x_R06_EXIT_F,x_R15_EXIT_F,0.0007540029900931076
46,120,x_R06_EXIT_F,x_R16_EXIT_C,0.00020503590081479237
46,125,x_R06_EXIT_F,x_R16_EXIT_A,0.0002513343300310358
46,126,x_R06_EXIT_F,x_R16_EXIT_F,0.0007540029900931076
46,128,x_R06_EXIT_F,x_R17_EXIT_C,0.00020503590081479237
46,133,x_R06_EXIT_F,x_R17_EXIT_A,0.0002513343300310358
46,134,x_R06_EXIT_F,x_R17_EXIT_F,0.0007540029900931076
46,136,x_R06_EXIT_F,x_R18_EXIT_C,0.00020503590081479237
46,141,x_R06_EXIT_F,x_R18_EXIT_A,0.0002513343300310358
46,142,x_R06_EXIT_F,x_R18_EXIT_F,0.0007540029900931076
46,144,x_R06_EXIT_F,x_R19_EXIT_C,0.00015377692561109425
46,149,x_R06_EXIT_F,x_R19_EXIT_A,0.00018850074752327687
46,150,x_R06_EXIT_F,x_R19_EXIT_F,0.0005655022425698306
46,152,x_R06_EXIT_F,x_R22_EXIT_C,0.0015129665261736694
46,153,x_R06_EXIT_F,x_R22_EXIT_D,0.0006283358250775895
46,154,x_R06_EXIT_F,x_R22_EXIT_E,0.0006283358250775895
46,155,x_R06_EXIT_F,x_R22_EXIT_G,0.0007027440148894093
46,156,x_R06_EXIT_F,x_R22_EXIT_H,0.0006283358250775895
46,158,x_R06_EXIT_F,x_R22_EXIT_F,0.0012566716501551788
46,159,x_R06_EXIT_F,x_R22_EXIT_B,0.0006283358250775895
46,160,x_R06_EXIT_F,x_R23_EXIT_C,0.002075161738085197
46,161,x_R06_EXIT_F,x_R23_EXIT_D,0.001190531036989117
46,163,x_R06_EXIT_F,x_R23_EXIT_G,0.0012649392268009368
46,165,x_R06_EXIT_F,x_R23_EXIT_A,0.0006283358250775895
46,166,x_R06_EXIT_F,x_R23_EXIT_F,0.0006283358250775895
46,168,x_R06_EXIT_F,x_R20_EXIT_C,0.000243066753385278
46,176,x_R06_EXIT_F,x_R21_EXIT_C,0.0008102225112842601
46,182,x_R06_EXIT_F,x_R21_EXIT_F,0.00025629487601849045
46,184,x_R06_EXIT_F,x_R24_EXIT_C,0.00088463070109608
46,190,x_R06_EXIT_F,x_R24_EXIT_F,0.00025629487601849045
46,192,x_R06_EXIT_F,x_R25_EXIT_C,0.00088463070109608
46,198,x_R06_EXIT_F,x_R25_EXIT_F,0.00025629487601849045
46,200,x_R06_EXIT_F,x_R26_EXIT_C,0.000887937731754383
46,201,x_R06_EXIT_F,x_R26_EXIT_D,0.0003571593110967351
46,202,x_R06_EXIT_F,x_R26_EXIT_E,0.0003571593110967351
46,204,x_R06_EXIT_F,x_R26_EXIT_H,0.00013393474166127566
46,206,x_R06_EXIT_F,x_R26_EXIT_F,0.000243066753385278
46,208,x_R06_EXIT_F,x_R27_EXIT_C,0.00022983863075206568
46,209,x_R06_EXIT_F,x_R27_EXIT_D,0.00014137556064245765
46,211,x_R06_EXIT_F,x_R27_EXIT_G,0.00014881637962363965
46,216,x_R06_EXIT_F,x_R28_EXIT_C,0.00016204450225685204
46,217,x_R06_EXIT_F,x_R28_EXIT_D,0.0001190531036989117
46,218,x_R06_EXIT_F,x_R28_EXIT_E,0.0001190531036989117
46,220,x_R06_EXIT_F,x_R28_EXIT_H,0.0001190531036989117
46,224,x_R06_EXIT_F,x_R29_EXIT_C,0.0003240890045137041
46,225,x_R06_EXIT_F,x_R29_EXIT_D,0.0002381062073978234
46,226,x_R06_EXIT_F,x_R29_EXIT_E,0.0002381062073978234
46,228,x_R06_EXIT_F,x_R29_EXIT_H,0.0002381062073978234
46,230,x_R06_EXIT_F,x_R29_EXIT_F,0.00010251795040739618
46,232,x_R06_EXIT_F,x_R30_EXIT_C,0.0005919584878362554
46,233,x_R06_EXIT_F,x_R30_EXIT_D,0.0002381062073978234
46,234,x_R06_EXIT_F,x_R30_EXIT_E,0.0002381062073978234
46,248,x_R06_EXIT_F,x_R32_EXIT_C,0.000353852280438432
46,254,x_R06_EXIT_F,x_R32_EXIT_F,0.00010251795040739618
46,256,x_R06_EXIT_F,x_R33_EXIT_C,0.000353852280438432
46,262,x_R06_EXIT_F,x_R33_EXIT_F,0.00010251795040739618
47,49,x_R06_EXIT_B,x_R07_EXIT_D,0.00020503590081479237
47,50,x_R06_EXIT_B,x_R07_EXIT_E,0.00020503590081479237
47,51,x_R06_EXIT_B,x_R07_EXIT_G,0.0003240890045137041
47,52,x_R06_EXIT_B,x_R07_EXIT_H,0.0006845553462687423
47,53,x_R06_EXIT_B,x_R07_EXIT_A,0.0003240890045137041
47,54,x_R06_EXIT_B,x_R07_EXIT_F,0.000353852280438432
47,55,x_R06_EXIT_B,x_R07_EXIT_B,0.0019313059044490121
47,56,x_R06_EXIT_B,x_R08_EXIT_C,0.00020503590081479237
47,63,x_R06_EXIT_B,x_R08_EXIT_B,0.0013393474166127567
47,64,x_R06_EXIT_B,x_R09_EXIT_C,0.00020503590081479237
47,71,x_R06_EXIT_B,x_R09_EXIT_B,0.0013393474166127567
47,72,x_R06_EXIT_B,x_R10_EXIT_C,0.00020503590081479237
47,79,x_R06_EXIT_B,x_R10_EXIT_B,0.0013393474166127567
47,81,x_R06_EXIT_B,x_R11_EXIT_D,0.0002943257285889761
47,82,x_R06_EXIT_B,x_R11_EXIT_E,0.0002943257285889761
47,83,x_R06_EXIT_B,x_R11_EXIT_G,0.0004133788322878878
47,84,x_R06_EXIT_B,x_R11_EXIT_H,0.0007738451740429261
47,85,x_R06_EXIT_B,x_R11_EXIT_A,0.0004133788322878878
47,86,x_R06_EXIT_B,x_R11_EXIT_F,0.0004431421082126158
47,87,x_R06_EXIT_B,x_R11_EXIT_B,0.0020205957322231957
47,89,x_R06_EXIT_B,x_R12_EXIT_D,0.00020503590081479237
47,90,x_R06_EXIT_B,x_R12_EXIT_E,0.00020503590081479237
47,91,x_R06_EXIT_B,x_R12_EXIT_G,0.0003240890045137041
47,92,x_R06_EXIT_B,x_R12_EXIT_H,0.0006845553462687423
47,93,x_R06_EXIT_B,x_R12_EXIT_A,0.0003240890045137041
47,94,x_R06_EXIT_B,x_R12_EXIT_F,0.000353852280438432
47,95,x_R06_EXIT_B,x_R12_EXIT_B,0.0019313059044490121
47,97,x_R06_EXIT_B,x_R13_EXIT_D,0.00013228122633212412
47,98,x_R06_EXIT_B,x_R13_EXIT_E,0.00013228122633212412
47,99,x_R06_EXIT_B,x_R13_EXIT_G,0.0002513343300310358
47,100,x_R06_EXIT_B,x_R13_EXIT_H,0.000611800671786074
47,101,x_R06_EXIT_B,x_R13_EXIT_A,0.0002513343300310358
47,102,x_R06_EXIT_B,x_R13_EXIT_F,0.0002810976059557637
47,103,x_R06_EXIT_B,x_R13_EXIT_B,0.0018585512299663439
47,104,x_R06_EXIT_B,x_R14_EXIT_C,0.00014550934896533652
47,107,x_R06_EXIT_B,x_R14_EXIT_G,0.00017857965554836754
47,108,x_R06_EXIT_B,x_R14_EXIT_H,0.0005390459973034058
47,109,x_R06_EXIT_B,x_R14_EXIT_A,0.00017857965554836754
47,110,x_R06_EXIT_B,x_R14_EXIT_F,0.00020834293147309547
47,111,x_R06_EXIT_B,x_R14_EXIT_B,0.0017857965554836756
47,112,x_R06_EXIT_B,x_R15_EXIT_C,0.00020503590081479237
47,119,x_R06_EXIT_B,x_R15_EXIT_B,0.0013393474166127567
47,120,x_R06_EXIT_B,x_R16_EXIT_C,0.00020503590081479237
47,127,x_R06_EXIT_B,x_R16_EXIT_B,0.0013393474166127567
47,128,x_R06_EXIT_B,x_R17_EXIT_C,0.00020503590081479237
47,135,x_R06_EXIT_B,x_R17_EXIT_B,0.0013393474166127567
47,136,x_R06_EXIT_B,x_R18_EXIT_C,0.00020503590081479237
47,143,x_R06_EXIT_B,x_R18_EXIT_B,0.0013393474166127567
47,144,x_R06_EXIT_B,x_R19_EXIT_C,0.00015377692561109425
47,151,x_R06_EXIT_B,x_R19_EXIT_B,0.0010045105624595675
47,152,x_R06_EXIT_B,x_R22_EXIT_C,0.00088463070109608
47,154,x_R06_EXIT_B,x_R22_EXIT_E,0.0005952655184945585
47,156,x_R06_EXIT_B,x_R22_EXIT_H,0.0008267576645757756
47,159,x_R06_EXIT_B,x_R22_EXIT_B,0.0018891412635556474
47,160,x_R06_EXIT_B,x_R23_EXIT_C,0.00088463070109608
47,162,x_R06_EXIT_B,x_R23_EXIT_E,0.00013228122633212412
47,167,x_R06_EXIT_B,x_R23_EXIT_B,0.0018891412635556474
47,168,x_R06_EXIT_B,x_R20_EXIT_C,0.000243066753385278
47,170,x_R06_EXIT_B,x_R20_EXIT_E,0.0002009021124919135
47,172,x_R06_EXIT_B,x_R20_EXIT_H,0.00027034975631627867
47,175,x_R06_EXIT_B,x_R20_EXIT_B,0.0005667423790666942
47,176,x_R06_EXIT_B,x_R21_EXIT_C,0.0008102225112842601
47,178,x_R06_EXIT_B,x_R21_EXIT_E,0.0006696737083063784
47,180,x_R06_EXIT_B,x_R21_EXIT_H,0.0009011658543875954
47,183,x_R06_EXIT_B,x_R21_EXIT_B,0.0018891412635556474
47,184,x_R06_EXIT_B,x_R24_EXIT_C,0.0023252559316193694
47,185,x_R06_EXIT_B,x_R24_EXIT_D,0.0014406252305232893
47,186,x_R06_EXIT_B,x_R24_EXIT_E,0.0008453597120287306
47,187,x_R06_EXIT_B,x_R24_EXIT_G,0.0015150334203351088
47,188,x_R06_EXIT_B,x_R24_EXIT_H,0.0006138675659475135
47,189,x_R06_EXIT_B,x_R24_EXIT_A,0.0006138675659475134
47,190,x_R06_EXIT_B,x_R24_EXIT_F,0.0006138675659475134
47,191,x_R06_EXIT_B,x_R24_EXIT_B,0.0025030088295031607
47,192,x_R06_EXIT_B,x_R25_EXIT_C,0.0017113883656718557
47,193,x_R06_EXIT_B,x_R25_EXIT_D,0.0008267576645757756
47,194,x_R06_EXIT_B,x_R25_EXIT_E,0.00023149214608121722
47,195,x_R06_EXIT_B,x_R25_EXIT_G,0.0009011658543875954
47,200,x_R06_EXIT_B,x_R26_EXIT_C,0.0005307784206576479
47,202,x_R06_EXIT_B,x_R26_EXIT_E,0.0003571593110967351
47,207,x_R06_EXIT_B,x_R26_EXIT_B,0.0011334847581333885
47,215,x_R06_EXIT_B,x_R27_EXIT_B,0.00018891412635556472
47,216,x_R06_EXIT_B,x_R28_EXIT_C,0.00016204450225685204
47,218,x_R06_EXIT_B,x_R28_EXIT_E,0.0001190531036989117
47,220,x_R06_EXIT_B,x_R28_EXIT_H,0.00016535153291515514
47,223,x_R06_EXIT_B,x_R28_EXIT_B,0.00037782825271112945
47,224,x_R06_EXIT_B,x_R29_EXIT_C,0.0003240890045137041
47,226,x_R06_EXIT_B,x_R29_EXIT_E,0.0002381062073978234
47,228,x_R06_EXIT_B,x_R29_EXIT_H,0.0003307030658303103
47,231,x_R06_EXIT_B,x_R29_EXIT_B,0.0007556565054222589
47,232,x_R06_EXIT_B,x_R30_EXIT_C,0.000353852280438432
47,234,x_R06_EXIT_B,x_R30_EXIT_E,0.0002381062073978234
47,239,x_R06_EXIT_B,x_R30_EXIT_B,0.0007556565054222589
47,240,x_R06_EXIT_B,x_R31_EXIT_C,0.00016121774459227628
47,247,x_R06_EXIT_B,x_R31_EXIT_B,0.00018891412635556472
47,248,x_R06_EXIT_B,x_R32_EXIT_C,0.0008904180047481106
47,249,x_R06_EXIT_B,x_R32_EXIT_D,0.0005365657243096783
47,250,x_R06_EXIT_B,x_R32_EXIT_E,0.00029845951691185506
47,251,x_R06_EXIT_B,x_R32_EXIT_G,0.0005663290002344063
47,252,x_R06_EXIT_B,x_R32_EXIT_H,0.0002455470263790054
47,253,x_R06_EXIT_B,x_R32_EXIT_A,0.0002455470263790054
47,254,x_R06_EXIT_B,x_R32_EXIT_F,0.0002455470263790054
47,255,x_R06_EXIT_B,x_R32_EXIT_B,0.0005101094790432537
47,256,x_R06_EXIT_B,x_R33_EXIT_C,0.0006448709783691051
47,257,x_R06_EXIT_B,x_R33_EXIT_D,0.00029101869793067304
47,259,x_R06_EXIT_B,x_R33_EXIT_G,0.00032078197385540096
48,49,x_R07_EXIT_C,x_R07_EXIT_D,1.8386185028944493
48,50,x_R07_EXIT_C,x_R07_EXIT_E,1.8386185028944493
48,51,x_R07_EXIT_C,x_R07_EXIT_G,1.8386185028944493
48,52,x_R07_EXIT_C,x_R07_EXIT_H,1.8386185028944493
48,53,x_R07_EXIT_C,x_R07_EXIT_A,1.8386185028944493
48,54,x_R07_EXIT_C,x_R07_EXIT_F,1.8386185028944493
48,55,x_R07_EXIT_C,x_R07_EXIT_B,1.8386185028944493
49,50,x_R07_EXIT_D,x_R07_EXIT_E,1.8396337613065483
49,51,x_R07_EXIT_D,x_R07_EXIT_G,1.8393162863633512
49,52,x_R07_EXIT_D,x_R07_EXIT_H,1.8393162863633512
49,53,x_R07_EXIT_D,x_R07_EXIT_A,1.8393162863633512
49,54,x_R07_EXIT_D,x_R07_EXIT_F,1.8393162863633512
49,55,x_R07_EXIT_D,x_R07_EXIT_B,1.8393162863633512
49,56,x_R07_EXIT_D,x_R08_EXIT_C,0.0006878623769270454
49,57,x_R07_EXIT_D,x_R08_EXIT_D,0.000202831213709257
49,64,x_R07_EXIT_D,x_R09_EXIT_C,0.0006878623769270454
49,65,x_R07_EXIT_D,x_R09_EXIT_D,0.000202831213709257
49,72,x_R07_EXIT_D,x_R10_EXIT_C,0.0006878623769270454
49,73,x_R07_EXIT_D,x_R10_EXIT_D,0.000202831213709257
49,81,x_R07_EXIT_D,x_R11_EXIT_D,0.0007936873579927448
49,82,x_R07_EXIT_D,x_R11_EXIT_E,0.0005908561442834878
49,83,x_R07_EXIT_D,x_R11_EXIT_G,0.00027338120108638984
49,84,x_R07_EXIT_D,x_R11_EXIT_H,0.00027338120108638984
49,85,x_R07_EXIT_D,x_R11_EXIT_A,0.00027338120108638984
49,86,x_R07_EXIT_D,x_R11_EXIT_F,0.00027338120108638984
49,87,x_R07_EXIT_D,x_R11_EXIT_B,0.00027338120108638984
49,89,x_R07_EXIT_D,x_R12_EXIT_D,0.0007936873579927448
49,90,x_R07_EXIT_D,x_R12_EXIT_E,0.0005908561442834878
49,91,x_R07_EXIT_D,x_R12_EXIT_G,0.00027338120108638984
49,92,x_R07_EXIT_D,x_R12_EXIT_H,0.00027338120108638984
49,93,x_R07_EXIT_D,x_R12_EXIT_A,0.00027338120108638984
49,94,x_R07_EXIT_D,x_R12_EXIT_F,0.00027338120108638984
49,95,x_R07_EXIT_D,x_R12_EXIT_B,0.00027338120108638984
49,96,x_R07_EXIT_D,x_R13_EXIT_C,0.0001940124652871154
49,97,x_R07_EXIT_D,x_R13_EXIT_D,0.0006966811253491871
49,98,x_R07_EXIT_D,x_R13_EXIT_E,0.0004938499116399301
49,99,x_R07_EXIT_D,x_R13_EXIT_G,0.00017637496844283217
49,100,x_R07_EXIT_D,x_R13_EXIT_H,0.00017637496844283217
49,101,x_R07_EXIT_D,x_R13_EXIT_A,0.00017637496844283217
49,102,x_R07_EXIT_D,x_R13_EXIT_F,0.00017637496844283217
49,103,x_R07_EXIT_D,x_R13_EXIT_B,0.00017637496844283217
49,104,x_R07_EXIT_D,x_R14_EXIT_C,0.00029101869793067304
49,105,x_R07_EXIT_D,x_R14_EXIT_D,0.0005996748927056295
49,106,x_R07_EXIT_D,x_R14_EXIT_E,0.0003968436789963724
49,112,x_R07_EXIT_D,x_R15_EXIT_C,0.0006878623769270454
49,113,x_R07_EXIT_D,x_R15_EXIT_D,0.000202831213709257
49,120,x_R07_EXIT_D,x_R16_EXIT_C,0.0006878623769270454
49,121,x_R07_EXIT_D,x_R16_EXIT_D,0.000202831213709257
49,128,x_R07_EXIT_D,x_R17_EXIT_C,0.0006878623769270454
49,129,x_R07_EXIT_D,x_R17_EXIT_D,0.000202831213709257
49,136,x_R07_EXIT_D,x_R18_EXIT_C,0.0006878623769270454
49,137,x_R07_EXIT_D,x_R18_EXIT_D,0.000202831213709257
49,144,x_R07_EXIT_D,x_R19_EXIT_C,0.0005158967826952841
49,145,x_R07_EXIT_D,x_R19_EXIT_D,0.00015212341028194274
49,152,x_R07_EXIT_D,x_R22_EXIT_C,0.0009259685843248689
49,153,x_R07_EXIT_D,x_R22_EXIT_D,0.0005070780342731424
49,160,x_R07_EXIT_D,x_R23_EXIT_C,0.0009259685843248689
49,161,x_R07_EXIT_D,x_R23_EXIT_D,0.0005070780342731424
49,168,x_R07_EXIT_D,x_R20_EXIT_C,0.0002777905752974607
49,169,x_R07_EXIT_D,x_R20_EXIT_D,0.00015212341028194274
49,176,x_R07_EXIT_D,x_R21_EXIT_C,0.0009259685843248689
49,177,x_R07_EXIT_D,x_R21_EXIT_D,0.0005070780342731424
49,184,x_R07_EXIT_D,x_R24_EXIT_C,0.0009259685843248689
49,185,x_R07_EXIT_D,x_R24_EXIT_D,0.0005070780342731424
49,192,x_R07_EXIT_D,x_R25_EXIT_C,0.0009259685843248689
49,193,x_R07_EXIT_D,x_R25_EXIT_D,0.0005070780342731424
49,200,x_R07_EXIT_D,x_R26_EXIT_C,0.0005555811505949214
49,201,x_R07_EXIT_D,x_R26_EXIT_D,0.0003042468205638855
49,216,x_R07_EXIT_D,x_R28_EXIT_C,0.0001851937168649738
49,217,x_R07_EXIT_D,x_R28_EXIT_D,0.0001014156068546285
49,224,x_R07_EXIT_D,x_R29_EXIT_C,0.0003703874337299476
49,225,x_R07_EXIT_D,x_R29_EXIT_D,0.000202831213709257
49,232,x_R07_EXIT_D,x_R30_EXIT_C,0.0003703874337299476
49,233,x_R07_EXIT_D,x_R30_EXIT_D,0.000202831213709257
49,248,x_R07_EXIT_D,x_R32_EXIT_C,0.0003703874337299476
49,249,x_R07_EXIT_D,x_R32_EXIT_D,0.000202831213709257
49,256,x_R07_EXIT_D,x_R33_EXIT_C,0.0003703874337299476
49,257,x_R07_EXIT_D,x_R33_EXIT_D,0.000202831213709257
50,51,x_R07_EXIT_E,x_R07_EXIT_G,1.8393162863633512
50,52,x_R07_EXIT_E,x_R07_EXIT_H,1.8393162863633512
50,53,x_R07_EXIT_E,x_R07_EXIT_A,1.8393162863633512
50,54,x_R07_EXIT_E,x_R07_EXIT_F,1.8393162863633512
50,55,x_R07_EXIT_E,x_R07_EXIT_B,1.8393162863633512
50,56,x_R07_EXIT_E,x_R08_EXIT_C,0.0011993497854112583
50,57,x_R07_EXIT_E,x_R08_EXIT_D,0.0005114874084842134
50,58,x_R07_EXIT_E,x_R08_EXIT_E,0.0001058249810656993
50,59,x_R07_EXIT_E,x_R08_EXIT_G,0.0005114874084842134
50,60,x_R07_EXIT_E,x_R08_EXIT_H,0.00019401246528711534
50,61,x_R07_EXIT_E,x_R08_EXIT_A,0.0005114874084842134
50,62,x_R07_EXIT_E,x_R08_EXIT_F,0.0005114874084842134
50,63,x_R07_EXIT_E,x_R08_EXIT_B,0.00019401246528711534
50,64,x_R07_EXIT_E,x_R09_EXIT_C,0.0011993497854112583
50,65,x_R07_EXIT_E,x_R09_EXIT_D,0.0005114874084842134
50,67,x_R07_EXIT_E,x_R09_EXIT_G,0.0005114874084842134
50,68,x_R07_EXIT_E,x_R09_EXIT_H,0.00019401246528711534
50,69,x_R07_EXIT_E,x_R09_EXIT_A,0.0005114874084842134
50,70,x_R07_EXIT_E,x_R09_EXIT_F,0.0005114874084842134
50,71,x_R07_EXIT_E,x_R09_EXIT_B,0.00019401246528711534
50,72,x_R07_EXIT_E,x_R10_EXIT_C,0.001146437294878409
50,73,x_R07_EXIT_E,x_R10_EXIT_D,0.0004585749179513637
50,75,x_R07_EXIT_E,x_R10_EXIT_G,0.0004585749179513637
50,76,x_R07_EXIT_E,x_R10_EXIT_H,0.00014109997475426572
50,77,x_R07_EXIT_E,x_R10_EXIT_A,0.0004585749179513637
50,78,x_R07_EXIT_E,x_R10_EXIT_F,0.0004585749179513637
50,79,x_R07_EXIT_E,x_R10_EXIT_B,0.00014109997475426572
50,81,x_R07_EXIT_E,x_R11_EXIT_D,0.0005908561442834878
50,82,x_R07_EXIT_E,x_R11_EXIT_E,0.0012081685338334004
50,83,x_R07_EXIT_E,x_R11_EXIT_G,0.00027338120108638984
50,84,x_R07_EXIT_E,x_R11_EXIT_H,0.00027338120108638984
50,85,x_R07_EXIT_E,x_R11_EXIT_A,0.00027338120108638984
50,86,x_R07_EXIT_E,x_R11_EXIT_F,0.00027338120108638984
50,87,x_R07_EXIT_E,x_R11_EXIT_B,0.00027338120108638984
50,89,x_R07_EXIT_E,x_R12_EXIT_D,0.0005908561442834878
50,90,x_R07_EXIT_E,x_R12_EXIT_E,0.0012081685338334004
50,91,x_R07_EXIT_E,x_R12_EXIT_G,0.00027338120108638984
50,92,x_R07_EXIT_E,x_R12_EXIT_H,0.00027338120108638984
50,93,x_R07_EXIT_E,x_R12_EXIT_A,0.00027338120108638984
50,94,x_R07_EXIT_E,x_R12_EXIT_F,0.00027338120108638984
50,95,x_R07_EXIT_E,x_R12_EXIT_B,0.00027338120108638984
50,96,x_R07_EXIT_E,x_R13_EXIT_C,0.0001940124652871154
50,97,x_R07_EXIT_E,x_R13_EXIT_D,0.0004938499116399301
50,98,x_R07_EXIT_E,x_R13_EXIT_E,0.0011111623011898428
50,99,x_R07_EXIT_E,x_R13_EXIT_G,0.00017637496844283217
50,100,x_R07_EXIT_E,x_R13_EXIT_H,0.00017637496844283217
50,101,x_R07_EXIT_E,x_R13_EXIT_A,0.00017637496844283217
50,102,x_R07_EXIT_E,x_R13_EXIT_F,0.00017637496844283217
50,103,x_R07_EXIT_E,x_R13_EXIT_B,0.00017637496844283217
50,104,x_R07_EXIT_E,x_R14_EXIT_C,0.00029101869793067304
50,105,x_R07_EXIT_E,x_R14_EXIT_D,0.0003968436789963724
50,106,x_R07_EXIT_E,x_R14_EXIT_E,0.001014156068546285
50,112,x_R07_EXIT_E,x_R15_EXIT_C,0.0010406123138127098
50,113,x_R07_EXIT_E,x_R15_EXIT_D,0.0003527499368856644
50,114,x_R07_EXIT_E,x_R15_EXIT_E,0.00026456245266424824
50,115,x_R07_EXIT_E,x_R15_EXIT_G,0.0003527499368856644
50,117,x_R07_EXIT_E,x_R15_EXIT_A,0.0003527499368856644
50,118,x_R07_EXIT_E,x_R15_EXIT_F,0.0003527499368856644
50,120,x_R07_EXIT_E,x_R16_EXIT_C,0.0010935248043455594
50,121,x_R07_EXIT_E,x_R16_EXIT_D,0.00040566242741851404
50,122,x_R07_EXIT_E,x_R16_EXIT_E,0.0002116499621313986
50,123,x_R07_EXIT_E,x_R16_EXIT_G,0.00040566242741851404
50,125,x_R07_EXIT_E,x_R16_EXIT_A,0.00040566242741851404
50,126,x_R07_EXIT_E,x_R16_EXIT_F,0.00040566242741851404
50,128,x_R07_EXIT_E,x_R17_EXIT_C,0.001146437294878409
50,129,x_R07_EXIT_E,x_R17_EXIT_D,0.0004585749179513637
50,130,x_R07_EXIT_E,x_R17_EXIT_E,0.00015873747159854894
50,131,x_R07_EXIT_E,x_R17_EXIT_G,0.0004585749179513637
50,132,x_R07_EXIT_E,x_R17_EXIT_H,0.00014109997475426572
50,133,x_R07_EXIT_E,x_R17_EXIT_A,0.0004585749179513637
50,134,x_R07_EXIT_E,x_R17_EXIT_F,0.0004585749179513637
50,135,x_R07_EXIT_E,x_R17_EXIT_B,0.00014109997475426572
50,136,x_R07_EXIT_E,x_R18_EXIT_C,0.001146437294878409
50,137,x_R07_EXIT_E,x_R18_EXIT_D,0.0004585749179513637
50,138,x_R07_EXIT_E,x_R18_EXIT_E,0.00015873747159854894
50,139,x_R07_EXIT_E,x_R18_EXIT_G,0.0004585749179513637
50,140,x_R07_EXIT_E,x_R18_EXIT_H,0.00014109997475426572
50,141,x_R07_EXIT_E,x_R18_EXIT_A,0.0004585749179513637
50,142,x_R07_EXIT_E,x_R18_EXIT_F,0.0004585749179513637
50,143,x_R07_EXIT_E,x_R18_EXIT_B,0.00014109997475426572
50,144,x_R07_EXIT_E,x_R19_EXIT_C,0.0008598279711588068
50,145,x_R07_EXIT_E,x_R19_EXIT_D,0.00034393118846352263
50,146,x_R07_EXIT_E,x_R19_EXIT_E,0.00011905310369891171
50,147,x_R07_EXIT_E,x_R19_EXIT_G,0.00034393118846352263
50,148,x_R07_EXIT_E,x_R19_EXIT_H,0.0001058249810656993
50,149,x_R07_EXIT_E,x_R19_EXIT_A,0.00034393118846352263
50,150,x_R07_EXIT_E,x_R19_EXIT_F,0.00034393118846352263
50,151,x_R07_EXIT_E,x_R19_EXIT_B,0.0001058249810656993
50,152,x_R07_EXIT_E,x_R22_EXIT_C,0.0009259685843248689
50,154,x_R07_EXIT_E,x_R22_EXIT_E,0.0007495936158820367
50,160,x_R07_EXIT_E,x_R23_EXIT_C,0.0009259685843248689
50,162,x_R07_EXIT_E,x_R23_EXIT_E,0.0007495936158820367
50,168,x_R07_EXIT_E,x_R20_EXIT_C,0.0002777905752974607
50,170,x_R07_EXIT_E,x_R20_EXIT_E,0.00022487808476461102
50,176,x_R07_EXIT_E,x_R21_EXIT_C,0.0009259685843248689
50,178,x_R07_EXIT_E,x_R21_EXIT_E,0.0007495936158820367
50,184,x_R07_EXIT_E,x_R24_EXIT_C,0.0009259685843248689
50,186,x_R07_EXIT_E,x_R24_EXIT_E,0.0007495936158820367
50,192,x_R07_EXIT_E,x_R25_EXIT_C,0.0009259685843248689
50,194,x_R07_EXIT_E,x_R25_EXIT_E,0.0007495936158820367
50,200,x_R07_EXIT_E,x_R26_EXIT_C,0.0005555811505949214
50,202,x_R07_EXIT_E,x_R26_EXIT_E,0.00044975616952922204
50,216,x_R07_EXIT_E,x_R28_EXIT_C,0.0001851937168649738
50,218,x_R07_EXIT_E,x_R28_EXIT_E,0.00014991872317640732
50,224,x_R07_EXIT_E,x_R29_EXIT_C,0.0003703874337299476
50,226,x_R07_EXIT_E,x_R29_EXIT_E,0.00029983744635281464
50,232,x_R07_EXIT_E,x_R30_EXIT_C,0.0003703874337299476
50,234,x_R07_EXIT_E,x_R30_EXIT_E,0.00029983744635281464
50,248,x_R07_EXIT_E,x_R32_EXIT_C,0.0003703874337299476
50,250,x_R07_EXIT_E,x_R32_EXIT_E,0.00029983744635281464
50,256,x_R07_EXIT_E,x_R33_EXIT_C,0.0003703874337299476
50,258,x_R07_EXIT_E,x_R33_EXIT_E,0.00029983744635281464
51,52,x_R07_EXIT_G,x_R07_EXIT_H,1.8394750238349498
51,53,x_R07_EXIT_G,x_R07_EXIT_A,1.8398321831460465
51,54,x_R07_EXIT_G,x_R07_EXIT_F,1.8394750238349498
51,55,x_R07_EXIT_G,x_R07_EXIT_B,1.8394750238349498
51,56,x_R07_EXIT_G,x_R08_EXIT_C,0.0003703874337299476
51,59,x_R07_EXIT_G,x_R08_EXIT_G,0.0004938499116399301
51,64,x_R07_EXIT_G,x_R09_EXIT_C,0.0003703874337299476
51,67,x_R07_EXIT_G,x_R09_EXIT_G,0.0004938499116399301
51,72,x_R07_EXIT_G,x_R10_EXIT_C,0.0003703874337299476
51,75,x_R07_EXIT_G,x_R10_EXIT_G,0.0004938499116399301
51,81,x_R07_EXIT_G,x_R11_EXIT_D,0.00027338120108638984
51,82,x_R07_EXIT_G,x_R11_EXIT_E,0.00027338120108638984
51,83,x_R07_EXIT_G,x_R11_EXIT_G,0.0009259685843248689
51,84,x_R07_EXIT_G,x_R11_EXIT_H,0.0004321186726849388
51,85,x_R07_EXIT_G,x_R11_EXIT_A,0.0007892779837816739
51,86,x_R07_EXIT_G,x_R11_EXIT_F,0.0004321186726849388
51,87,x_R07_EXIT_G,x_R11_EXIT_B,0.0004321186726849388
51,89,x_R07_EXIT_G,x_R12_EXIT_D,0.00027338120108638984
51,90,x_R07_EXIT_G,x_R12_EXIT_E,0.00027338120108638984
51,91,x_R07_EXIT_G,x_R12_EXIT_G,0.0009259685843248689
51,92,x_R07_EXIT_G,x_R12_EXIT_H,0.0004321186726849388
51,93,x_R07_EXIT_G,x_R12_EXIT_A,0.0007892779837816739
51,94,x_R07_EXIT_G,x_R12_EXIT_F,0.0004321186726849388
51,95,x_R07_EXIT_G,x_R12_EXIT_B,0.0004321186726849388
51,96,x_R07_EXIT_G,x_R13_EXIT_C,0.0001940124652871154
51,97,x_R07_EXIT_G,x_R13_EXIT_D,0.00017637496844283217
51,98,x_R07_EXIT_G,x_R13_EXIT_E,0.00017637496844283217
51,99,x_R07_EXIT_G,x_R13_EXIT_G,0.0008289623516813112
51,100,x_R07_EXIT_G,x_R13_EXIT_H,0.00033511244004138114
51,101,x_R07_EXIT_G,x_R13_EXIT_A,0.0006922717511381163
51,102,x_R07_EXIT_G,x_R13_EXIT_F,0.00033511244004138114
51,103,x_R07_EXIT_G,x_R13_EXIT_B,0.00033511244004138114
51,104,x_R07_EXIT_G,x_R14_EXIT_C,0.00029101869793067304
51,107,x_R07_EXIT_G,x_R14_EXIT_G,0.0007319561190377535
51,108,x_R07_EXIT_G,x_R14_EXIT_H,0.00023810620739782344
51,109,x_R07_EXIT_G,x_R14_EXIT_A,0.0005952655184945586
51,110,x_R07_EXIT_G,x_R14_EXIT_F,0.00023810620739782344
51,111,x_R07_EXIT_G,x_R14_EXIT_B,0.00023810620739782344
51,112,x_R07_EXIT_G,x_R15_EXIT_C,0.0003703874337299476
51,115,x_R07_EXIT_G,x_R15_EXIT_G,0.0004938499116399301
51,120,x_R07_EXIT_G,x_R16_EXIT_C,0.0003703874337299476
51,123,x_R07_EXIT_G,x_R16_EXIT_G,0.0004938499116399301
51,128,x_R07_EXIT_G,x_R17_EXIT_C,0.0003703874337299476
51,131,x_R07_EXIT_G,x_R17_EXIT_G,0.0004938499116399301
51,136,x_R07_EXIT_G,x_R18_EXIT_C,0.0003703874337299476
51,139,x_R07_EXIT_G,x_R18_EXIT_G,0.0004938499116399301
51,144,x_R07_EXIT_G,x_R19_EXIT_C,0.0002777905752974607
51,147,x_R07_EXIT_G,x_R19_EXIT_G,0.0003703874337299475
51,152,x_R07_EXIT_G,x_R22_EXIT_C,0.0013228122633212414
51,155,x_R07_EXIT_G,x_R22_EXIT_G,0.0012346247790998252
51,160,x_R07_EXIT_G,x_R23_EXIT_C,0.0013228122633212414
51,163,x_R07_EXIT_G,x_R23_EXIT_G,0.0012346247790998252
51,168,x_R07_EXIT_G,x_R20_EXIT_C,0.0006647131623189238
51,169,x_R07_EXIT_G,x_R20_EXIT_D,0.00026786948332255137
51,170,x_R07_EXIT_G,x_R20_EXIT_E,0.00026786948332255137
51,171,x_R07_EXIT_G,x_R20_EXIT_G,0.00010251795040739618
51,172,x_R07_EXIT_G,x_R20_EXIT_H,0.00026786948332255137
51,176,x_R07_EXIT_G,x_R21_EXIT_C,0.0018188668620667068
51,177,x_R07_EXIT_G,x_R21_EXIT_D,0.0004960545987454654
51,178,x_R07_EXIT_G,x_R21_EXIT_E,0.0004960545987454654
51,179,x_R07_EXIT_G,x_R21_EXIT_G,0.0007385701803543596
51,180,x_R07_EXIT_G,x_R21_EXIT_H,0.0004960545987454654
51,184,x_R07_EXIT_G,x_R24_EXIT_C,0.0013228122633212414
51,187,x_R07_EXIT_G,x_R24_EXIT_G,0.0012346247790998252
51,192,x_R07_EXIT_G,x_R25_EXIT_C,0.0013228122633212414
51,195,x_R07_EXIT_G,x_R25_EXIT_G,0.0012346247790998252
51,200,x_R07_EXIT_G,x_R26_EXIT_C,0.0007936873579927448
51,203,x_R07_EXIT_G,x_R26_EXIT_G,0.0004431421082126158
51,208,x_R07_EXIT_G,x_R27_EXIT_C,0.00013228122633212415
51,211,x_R07_EXIT_G,x_R27_EXIT_G,0.00012346247790998252
51,216,x_R07_EXIT_G,x_R28_EXIT_C,0.00036377337241334134
51,224,x_R07_EXIT_G,x_R29_EXIT_C,0.0007275467448266827
51,227,x_R07_EXIT_G,x_R29_EXIT_G,0.0002954280721417439
51,232,x_R07_EXIT_G,x_R30_EXIT_C,0.0005291249053284966
51,235,x_R07_EXIT_G,x_R30_EXIT_G,0.0002954280721417439
51,240,x_R07_EXIT_G,x_R31_EXIT_C,0.00013228122633212415
51,248,x_R07_EXIT_G,x_R32_EXIT_C,0.0005291249053284966
51,251,x_R07_EXIT_G,x_R32_EXIT_G,0.0004938499116399301
51,256,x_R07_EXIT_G,x_R33_EXIT_C,0.0005291249053284966
51,259,x_R07_EXIT_G,x_R33_EXIT_G,0.0004938499116399301
52,53,x_R07_EXIT_H,x_R07_EXIT_A,1.8394750238349498
52,54,x_R07_EXIT_H,x_R07_EXIT_F,1.8395147082028493
52,55,x_R07_EXIT_H,x_R07_EXIT_B,1.8399556456239565
52,56,x_R07_EXIT_H,x_R08_EXIT_C,0.0003703874337299476
52,60,x_R07_EXIT_H,x_R08_EXIT_H,0.00028219994950853144
52,63,x_R07_EXIT_H,x_R08_EXIT_B,0.0001234624779099825
52,64,x_R07_EXIT_H,x_R09_EXIT_C,0.0003703874337299476
52,68,x_R07_EXIT_H,x_R09_EXIT_H,0.00028219994950853144
52,71,x_R07_EXIT_H,x_R09_EXIT_B,0.0001234624779099825
52,72,x_R07_EXIT_H,x_R10_EXIT_C,0.0003703874337299476
52,76,x_R07_EXIT_H,x_R10_EXIT_H,0.00028219994950853144
52,79,x_R07_EXIT_H,x_R10_EXIT_B,0.0001234624779099825
52,81,x_R07_EXIT_H,x_R11_EXIT_D,0.00027338120108638984
52,82,x_R07_EXIT_H,x_R11_EXIT_E,0.00027338120108638984
52,83,x_R07_EXIT_H,x_R11_EXIT_G,0.0004321186726849388
52,84,x_R07_EXIT_H,x_R11_EXIT_H,0.0010714779332902053
52,85,x_R07_EXIT_H,x_R11_EXIT_A,0.0004321186726849388
52,86,x_R07_EXIT_H,x_R11_EXIT_F,0.0004718030405845761
52,87,x_R07_EXIT_H,x_R11_EXIT_B,0.0009127404616916566
52,89,x_R07_EXIT_H,x_R12_EXIT_D,0.00027338120108638984
52,90,x_R07_EXIT_H,x_R12_EXIT_E,0.00027338120108638984
52,91,x_R07_EXIT_H,x_R12_EXIT_G,0.0004321186726849388
52,92,x_R07_EXIT_H,x_R12_EXIT_H,0.0010714779332902053
52,93,x_R07_EXIT_H,x_R12_EXIT_A,0.0004321186726849388
52,94,x_R07_EXIT_H,x_R12_EXIT_F,0.0004718030405845761
52,95,x_R07_EXIT_H,x_R12_EXIT_B,0.0009127404616916566
52,96,x_R07_EXIT_H,x_R13_EXIT_C,0.0001940124652871154
52,97,x_R07_EXIT_H,x_R13_EXIT_D,0.00017637496844283217
52,98,x_R07_EXIT_H,x_R13_EXIT_E,0.00017637496844283217
52,99,x_R07_EXIT_H,x_R13_EXIT_G,0.00033511244004138114
52,100,x_R07_EXIT_H,x_R13_EXIT_H,0.0009744717006466478
52,101,x_R07_EXIT_H,x_R13_EXIT_A,0.00033511244004138114
52,102,x_R07_EXIT_H,x_R13_EXIT_F,0.0003747968079410184
52,103,x_R07_EXIT_H,x_R13_EXIT_B,0.0008157342290480989
52,104,x_R07_EXIT_H,x_R14_EXIT_C,0.00029101869793067304
52,107,x_R07_EXIT_H,x_R14_EXIT_G,0.00023810620739782344
52,108,x_R07_EXIT_H,x_R14_EXIT_H,0.0008774654680030901
52,109,x_R07_EXIT_H,x_R14_EXIT_A,0.00023810620739782344
52,110,x_R07_EXIT_H,x_R14_EXIT_F,0.0002777905752974607
52,111,x_R07_EXIT_H,x_R14_EXIT_B,0.0007187279964045412
52,112,x_R07_EXIT_H,x_R15_EXIT_C,0.0003703874337299476
52,116,x_R07_EXIT_H,x_R15_EXIT_H,0.00028219994950853144
52,119,x_R07_EXIT_H,x_R15_EXIT_B,0.0001234624779099825
52,120,x_R07_EXIT_H,x_R16_EXIT_C,0.0003703874337299476
52,124,x_R07_EXIT_H,x_R16_EXIT_H,0.00028219994950853144
52,127,x_R07_EXIT_H,x_R16_EXIT_B,0.0001234624779099825
52,128,x_R07_EXIT_H,x_R17_EXIT_C,0.0003703874337299476
52,132,x_R07_EXIT_H,x_R17_EXIT_H,0.00028219994950853144
52,135,x_R07_EXIT_H,x_R17_EXIT_B,0.0001234624779099825
52,136,x_R07_EXIT_H,x_R18_EXIT_C,0.0003703874337299476
52,140,x_R07_EXIT_H,x_R18_EXIT_H,0.00028219994950853144
52,143,x_R07_EXIT_H,x_R18_EXIT_B,0.0001234624779099825
52,144,x_R07_EXIT_H,x_R19_EXIT_C,0.0002777905752974607
52,148,x_R07_EXIT_H,x_R19_EXIT_H,0.0002116499621313986
52,152,x_R07_EXIT_H,x_R22_EXIT_C,0.0014220231830703342
52,154,x_R07_EXIT_H,x_R22_EXIT_E,0.0007936873579927448
52,156,x_R07_EXIT_H,x_R22_EXIT_H,0.0014991872317640733
52,160,x_R07_EXIT_H,x_R23_EXIT_C,0.0014220231830703342
52,162,x_R07_EXIT_H,x_R23_EXIT_E,0.00017637496844283214
52,164,x_R07_EXIT_H,x_R23_EXIT_H,0.0005291249053284965
52,168,x_R07_EXIT_H,x_R20_EXIT_C,0.0003968436789963724
52,170,x_R07_EXIT_H,x_R20_EXIT_E,0.00026786948332255137
52,172,x_R07_EXIT_H,x_R20_EXIT_H,0.00047951944545394985
52,176,x_R07_EXIT_H,x_R21_EXIT_C,0.0013228122633212414
52,178,x_R07_EXIT_H,x_R21_EXIT_E,0.0008928982777418378
52,180,x_R07_EXIT_H,x_R21_EXIT_H,0.0015983981515131664
52,184,x_R07_EXIT_H,x_R24_EXIT_C,0.002524366735838035
52,185,x_R07_EXIT_H,x_R24_EXIT_D,0.001102343552767701
52,186,x_R07_EXIT_H,x_R24_EXIT_E,0.0003086561947749563
52,187,x_R07_EXIT_H,x_R24_EXIT_G,0.001201554472516794
52,188,x_R07_EXIT_H,x_R24_EXIT_H,0.0003968436789963724
52,192,x_R07_EXIT_H,x_R25_EXIT_C,0.002788929188502283
52,193,x_R07_EXIT_H,x_R25_EXIT_D,0.0013669060054319491
52,194,x_R07_EXIT_H,x_R25_EXIT_E,0.0005732186474392045
52,195,x_R07_EXIT_H,x_R25_EXIT_G,0.0014661169251810424
52,196,x_R07_EXIT_H,x_R25_EXIT_H,0.0001322812263321241
52,200,x_R07_EXIT_H,x_R26_EXIT_C,0.0008532139098422005
52,202,x_R07_EXIT_H,x_R26_EXIT_E,0.0004762124147956468
52,204,x_R07_EXIT_H,x_R26_EXIT_H,0.0003174749431970979
52,208,x_R07_EXIT_H,x_R27_EXIT_C,0.00014220231830703345
52,216,x_R07_EXIT_H,x_R28_EXIT_C,0.0002645624526642483
52,218,x_R07_EXIT_H,x_R28_EXIT_E,0.00015873747159854897
52,220,x_R07_EXIT_H,x_R28_EXIT_H,0.00029983744635281474
52,224,x_R07_EXIT_H,x_R29_EXIT_C,0.0005291249053284966
52,226,x_R07_EXIT_H,x_R29_EXIT_E,0.00031747494319709794
52,228,x_R07_EXIT_H,x_R29_EXIT_H,0.0005996748927056295
52,232,x_R07_EXIT_H,x_R30_EXIT_C,0.0005688092732281338
52,234,x_R07_EXIT_H,x_R30_EXIT_E,0.00031747494319709794
52,240,x_R07_EXIT_H,x_R31_EXIT_C,0.00023920855095059114
52,248,x_R07_EXIT_H,x_R32_EXIT_C,0.0009568342038023646
52,249,x_R07_EXIT_H,x_R32_EXIT_D,0.0003880249305742308
52,251,x_R07_EXIT_H,x_R32_EXIT_G,0.0004277092984738681
52,256,x_R07_EXIT_H,x_R33_EXIT_C,0.0009568342038023646
52,257,x_R07_EXIT_H,x_R33_EXIT_D,0.0003880249305742308
52,259,x_R07_EXIT_H,x_R33_EXIT_G,0.0004277092984738681
53,54,x_R07_EXIT_A,x_R07_EXIT_F,1.8394750238349498
53,55,x_R07_EXIT_A,x_R07_EXIT_B,1.8394750238349498
53,56,x_R07_EXIT_A,x_R08_EXIT_C,0.0003703874337299476
53,59,x_R07_EXIT_A,x_R08_EXIT_G,0.0003571593110967352
53,61,x_R07_EXIT_A,x_R08_EXIT_A,0.0003549546239911998
53,64,x_R07_EXIT_A,x_R09_EXIT_C,0.0003703874337299476
53,67,x_R07_EXIT_A,x_R09_EXIT_G,0.0003571593110967352
53,69,x_R07_EXIT_A,x_R09_EXIT_A,0.0003549546239911998
53,72,x_R07_EXIT_A,x_R10_EXIT_C,0.0003703874337299476
53,75,x_R07_EXIT_A,x_R10_EXIT_G,0.0003571593110967352
53,77,x_R07_EXIT_A,x_R10_EXIT_A,0.0003549546239911998
53,81,x_R07_EXIT_A,x_R11_EXIT_D,0.00027338120108638984
53,82,x_R07_EXIT_A,x_R11_EXIT_E,0.00027338120108638984
53,83,x_R07_EXIT_A,x_R11_EXIT_G,0.0007892779837816739
53,84,x_R07_EXIT_A,x_R11_EXIT_H,0.0004321186726849388
53,85,x_R07_EXIT_A,x_R11_EXIT_A,0.0018166621749611711
53,86,x_R07_EXIT_A,x_R11_EXIT_F,0.0004321186726849388
53,87,x_R07_EXIT_A,x_R11_EXIT_B,0.0004321186726849388
53,89,x_R07_EXIT_A,x_R12_EXIT_D,0.00027338120108638984
53,90,x_R07_EXIT_A,x_R12_EXIT_E,0.00027338120108638984
53,91,x_R07_EXIT_A,x_R12_EXIT_G,0.0007892779837816739
53,92,x_R07_EXIT_A,x_R12_EXIT_H,0.0004321186726849388
53,93,x_R07_EXIT_A,x_R12_EXIT_A,0.0018166621749611711
53,94,x_R07_EXIT_A,x_R12_EXIT_F,0.0004321186726849388
53,95,x_R07_EXIT_A,x_R12_EXIT_B,0.0004321186726849388
53,96,x_R07_EXIT_A,x_R13_EXIT_C,0.0001940124652871154
53,97,x_R07_EXIT_A,x_R13_EXIT_D,0.00017637496844283217
53,98,x_R07_EXIT_A,x_R13_EXIT_E,0.00017637496844283217
53,99,x_R07_EXIT_A,x_R13_EXIT_G,0.0006922717511381163
53,100,x_R07_EXIT_A,x_R13_EXIT_H,0.00033511244004138114
53,101,x_R07_EXIT_A,x_R13_EXIT_A,0.0017196559423176135
53,102,x_R07_EXIT_A,x_R13_EXIT_F,0.00033511244004138114
53,103,x_R07_EXIT_A,x_R13_EXIT_B,0.00033511244004138114
53,104,x_R07_EXIT_A,x_R14_EXIT_C,0.00029101869793067304
53,107,x_R07_EXIT_A,x_R14_EXIT_G,0.0005952655184945586
53,108,x_R07_EXIT_A,x_R14_EXIT_H,0.00023810620739782344
53,109,x_R07_EXIT_A,x_R14_EXIT_A,0.001622649709674056
53,110,x_R07_EXIT_A,x_R14_EXIT_F,0.00023810620739782344
53,111,x_R07_EXIT_A,x_R14_EXIT_B,0.00023810620739782344
53,112,x_R07_EXIT_A,x_R15_EXIT_C,0.0003703874337299476
53,115,x_R07_EXIT_A,x_R15_EXIT_G,0.0003571593110967352
53,117,x_R07_EXIT_A,x_R15_EXIT_A,0.0003549546239911998
53,120,x_R07_EXIT_A,x_R16_EXIT_C,0.0003703874337299476
53,123,x_R07_EXIT_A,x_R16_EXIT_G,0.0003571593110967352
53,125,x_R07_EXIT_A,x_R16_EXIT_A,0.0003549546239911998
53,128,x_R07_EXIT_A,x_R17_EXIT_C,0.0003703874337299476
53,131,x_R07_EXIT_A,x_R17_EXIT_G,0.0003571593110967352
53,133,x_R07_EXIT_A,x_R17_EXIT_A,0.0003549546239911998
53,136,x_R07_EXIT_A,x_R18_EXIT_C,0.0003703874337299476
53,139,x_R07_EXIT_A,x_R18_EXIT_G,0.0003571593110967352
53,141,x_R07_EXIT_A,x_R18_EXIT_A,0.0003549546239911998
53,144,x_R07_EXIT_A,x_R19_EXIT_C,0.0002777905752974607
53,147,x_R07_EXIT_A,x_R19_EXIT_G,0.00026786948332255137
53,149,x_R07_EXIT_A,x_R19_EXIT_A,0.0002662159679933998
53,152,x_R07_EXIT_A,x_R22_EXIT_C,0.0013228122633212414
53,155,x_R07_EXIT_A,x_R22_EXIT_G,0.0008928982777418378
53,157,x_R07_EXIT_A,x_R22_EXIT_A,0.0008873865599779993
53,160,x_R07_EXIT_A,x_R23_EXIT_C,0.0013228122633212414
53,163,x_R07_EXIT_A,x_R23_EXIT_G,0.0008928982777418378
53,165,x_R07_EXIT_A,x_R23_EXIT_A,0.0008873865599779993
53,168,x_R07_EXIT_A,x_R20_EXIT_C,0.0009234883113311415
53,169,x_R07_EXIT_A,x_R20_EXIT_D,0.0005266446323347692
53,170,x_R07_EXIT_A,x_R20_EXIT_E,0.0005266446323347692
53,171,x_R07_EXIT_A,x_R20_EXIT_G,0.0002587751490122178
53,172,x_R07_EXIT_A,x_R20_EXIT_H,0.0005266446323347692
53,173,x_R07_EXIT_A,x_R20_EXIT_A,0.0005117629943724051
53,174,x_R07_EXIT_A,x_R20_EXIT_F,0.0002455470263790054
53,175,x_R07_EXIT_A,x_R20_EXIT_B,0.0002455470263790054
53,176,x_R07_EXIT_A,x_R21_EXIT_C,0.0018188668620667068
53,177,x_R07_EXIT_A,x_R21_EXIT_D,0.0004960545987454654
53,178,x_R07_EXIT_A,x_R21_EXIT_E,0.0004960545987454654
53,179,x_R07_EXIT_A,x_R21_EXIT_G,0.0003968436789963724
53,180,x_R07_EXIT_A,x_R21_EXIT_H,0.0004960545987454654
53,181,x_R07_EXIT_A,x_R21_EXIT_A,0.0008873865599779993
53,184,x_R07_EXIT_A,x_R24_EXIT_C,0.0013228122633212414
53,187,x_R07_EXIT_A,x_R24_EXIT_G,0.0008928982777418378
53,189,x_R07_EXIT_A,x_R24_EXIT_A,0.0008873865599779993
53,192,x_R07_EXIT_A,x_R25_EXIT_C,0.0013228122633212414
53,195,x_R07_EXIT_A,x_R25_EXIT_G,0.0008928982777418378
53,197,x_R07_EXIT_A,x_R25_EXIT_A,0.0008873865599779993
53,200,x_R07_EXIT_A,x_R26_EXIT_C,0.0007936873579927448
53,203,x_R07_EXIT_A,x_R26_EXIT_G,0.0002381062073978234
53,205,x_R07_EXIT_A,x_R26_EXIT_A,0.0005324319359867996
53,208,x_R07_EXIT_A,x_R27_EXIT_C,0.00013228122633212415
53,216,x_R07_EXIT_A,x_R28_EXIT_C,0.0005274713899993448
53,217,x_R07_EXIT_A,x_R28_EXIT_D,0.00016369801758600363
53,218,x_R07_EXIT_A,x_R28_EXIT_E,0.00016369801758600363
53,219,x_R07_EXIT_A,x_R28_EXIT_G,0.00048117296078310155
53,220,x_R07_EXIT_A,x_R28_EXIT_H,0.00016369801758600363
53,222,x_R07_EXIT_A,x_R28_EXIT_F,0.00016369801758600363
53,223,x_R07_EXIT_A,x_R28_EXIT_B,0.00016369801758600363
53,224,x_R07_EXIT_A,x_R29_EXIT_C,0.0007275467448266827
53,227,x_R07_EXIT_A,x_R29_EXIT_G,0.00015873747159854897
53,232,x_R07_EXIT_A,x_R30_EXIT_C,0.0005291249053284966
53,235,x_R07_EXIT_A,x_R30_EXIT_G,0.00015873747159854897
53,237,x_R07_EXIT_A,x_R30_EXIT_A,0.0003549546239911998
53,240,x_R07_EXIT_A,x_R31_EXIT_C,0.00013228122633212415
53,248,x_R07_EXIT_A,x_R32_EXIT_C,0.0005291249053284966
53,251,x_R07_EXIT_A,x_R32_EXIT_G,0.0003571593110967352
53,253,x_R07_EXIT_A,x_R32_EXIT_A,0.0003549546239911998
53,256,x_R07_EXIT_A,x_R33_EXIT_C,0.0005291249053284966
53,259,x_R07_EXIT_A,x_R33_EXIT_G,0.0003571593110967352
53,261,x_R07_EXIT_A,x_R33_EXIT_A,0.0003549546239911998
54,55,x_R07_EXIT_F,x_R07_EXIT_B,1.8395147082028493
54,56,x_R07_EXIT_F,x_R08_EXIT_C,0.0003703874337299476
54,61,x_R07_EXIT_F,x_R08_EXIT_A,0.00033511244004138114
54,62,x_R07_EXIT_F,x_R08_EXIT_F,0.0010053373201241436
54,64,x_R07_EXIT_F,x_R09_EXIT_C,0.0003703874337299476
54,69,x_R07_EXIT_F,x_R09_EXIT_A,0.00033511244004138114
54,70,x_R07_EXIT_F,x_R09_EXIT_F,0.0010053373201241436
54,72,x_R07_EXIT_F,x_R10_EXIT_C,0.0003703874337299476
54,77,x_R07_EXIT_F,x_R10_EXIT_A,0.00033511244004138114
54,78,x_R07_EXIT_F,x_R10_EXIT_F,0.0010053373201241436
54,81,x_R07_EXIT_F,x_R11_EXIT_D,0.00027338120108638984
54,82,x_R07_EXIT_F,x_R11_EXIT_E,0.00027338120108638984
54,83,x_R07_EXIT_F,x_R11_EXIT_G,0.0004321186726849388
54,84,x_R07_EXIT_F,x_R11_EXIT_H,0.0004718030405845761
54,85,x_R07_EXIT_F,x_R11_EXIT_A,0.0004321186726849388
54,86,x_R07_EXIT_F,x_R11_EXIT_F,0.0014771403607087197
54,87,x_R07_EXIT_F,x_R11_EXIT_B,0.0004718030405845761
54,89,x_R07_EXIT_F,x_R12_EXIT_D,0.00027338120108638984
54,90,x_R07_EXIT_F,x_R12_EXIT_E,0.00027338120108638984
54,91,x_R07_EXIT_F,x_R12_EXIT_G,0.0004321186726849388
54,92,x_R07_EXIT_F,x_R12_EXIT_H,0.0004718030405845761
54,93,x_R07_EXIT_F,x_R12_EXIT_A,0.0004321186726849388
54,94,x_R07_EXIT_F,x_R12_EXIT_F,0.0014771403607087197
54,95,x_R07_EXIT_F,x_R12_EXIT_B,0.0004718030405845761
54,96,x_R07_EXIT_F,x_R13_EXIT_C,0.0001940124652871154
54,97,x_R07_EXIT_F,x_R13_EXIT_D,0.00017637496844283217
54,98,x_R07_EXIT_F,x_R13_EXIT_E,0.00017637496844283217
54,99,x_R07_EXIT_F,x_R13_EXIT_G,0.00033511244004138114
54,100,x_R07_EXIT_F,x_R13_EXIT_H,0.0003747968079410184
54,101,x_R07_EXIT_F,x_R13_EXIT_A,0.00033511244004138114
54,102,x_R07_EXIT_F,x_R13_EXIT_F,0.0013801341280651619
54,103,x_R07_EXIT_F,x_R13_EXIT_B,0.0003747968079410184
54,104,x_R07_EXIT_F,x_R14_EXIT_C,0.00029101869793067304
54,107,x_R07_EXIT_F,x_R14_EXIT_G,0.00023810620739782344
54,108,x_R07_EXIT_F,x_R14_EXIT_H,0.0002777905752974607
54,109,x_R07_EXIT_F,x_R14_EXIT_A,0.00023810620739782344
54,110,x_R07_EXIT_F,x_R14_EXIT_F,0.0012831278954216045
54,111,x_R07_EXIT_F,x_R14_EXIT_B,0.0002777905752974607
54,112,x_R07_EXIT_F,x_R15_EXIT_C,0.0003703874337299476
54,117,x_R07_EXIT_F,x_R15_EXIT_A,0.00033511244004138114
54,118,x_R07_EXIT_F,x_R15_EXIT_F,0.0010053373201241436
54,120,x_R07_EXIT_F,x_R16_EXIT_C,0.0003703874337299476
54,125,x_R07_EXIT_F,x_R16_EXIT_A,0.00033511244004138114
54,126,x_R07_EXIT_F,x_R16_EXIT_F,0.0010053373201241436
54,128,x_R07_EXIT_F,x_R17_EXIT_C,0.0003703874337299476
54,133,x_R07_EXIT_F,x_R17_EXIT_A,0.00033511244004138114
54,134,x_R07_EXIT_F,x_R17_EXIT_F,0.0010053373201241436
54,136,x_R07_EXIT_F,x_R18_EXIT_C,0.0003703874337299476
54,141,x_R07_EXIT_F,x_R18_EXIT_A,0.00033511244004138114
54,142,x_R07_EXIT_F,x_R18_EXIT_F,0.0010053373201241436
54,144,x_R07_EXIT_F,x_R19_EXIT_C,0.0002777905752974607
54,149,x_R07_EXIT_F,x_R19_EXIT_A,0.0002513343300310358
54,150,x_R07_EXIT_F,x_R19_EXIT_F,0.0007540029900931076
54,152,x_R07_EXIT_F,x_R22_EXIT_C,0.0022598042831737867
54,153,x_R07_EXIT_F,x_R22_EXIT_D,0.0008377811001034529
54,154,x_R07_EXIT_F,x_R22_EXIT_E,0.0008377811001034529
54,155,x_R07_EXIT_F,x_R22_EXIT_G,0.0009369920198525459
54,156,x_R07_EXIT_F,x_R22_EXIT_H,0.0008377811001034529
54,158,x_R07_EXIT_F,x_R22_EXIT_F,0.0016755622002069058
54,159,x_R07_EXIT_F,x_R22_EXIT_B,0.0008377811001034529
54,160,x_R07_EXIT_F,x_R23_EXIT_C,0.0030093978990558233
54,161,x_R07_EXIT_F,x_R23_EXIT_D,0.0015873747159854895
54,163,x_R07_EXIT_F,x_R23_EXIT_G,0.0016865856357345826
54,165,x_R07_EXIT_F,x_R23_EXIT_A,0.0008377811001034529
54,166,x_R07_EXIT_F,x_R23_EXIT_F,0.0008377811001034527
54,168,x_R07_EXIT_F,x_R20_EXIT_C,0.0003968436789963724
54,174,x_R07_EXIT_F,x_R20_EXIT_F,0.00010251795040739618
54,176,x_R07_EXIT_F,x_R21_EXIT_C,0.0013228122633212414
54,182,x_R07_EXIT_F,x_R21_EXIT_F,0.00034172650135798734
54,184,x_R07_EXIT_F,x_R24_EXIT_C,0.0014220231830703342
54,190,x_R07_EXIT_F,x_R24_EXIT_F,0.00034172650135798734
54,192,x_R07_EXIT_F,x_R25_EXIT_C,0.0014220231830703342
54,198,x_R07_EXIT_F,x_R25_EXIT_F,0.00034172650135798734
54,200,x_R07_EXIT_F,x_R26_EXIT_C,0.0013294263246378473
54,201,x_R07_EXIT_F,x_R26_EXIT_D,0.0004762124147956468
54,202,x_R07_EXIT_F,x_R26_EXIT_E,0.0004762124147956468
54,204,x_R07_EXIT_F,x_R26_EXIT_H,0.00017857965554836754
54,206,x_R07_EXIT_F,x_R26_EXIT_F,0.0003240890045137041
54,208,x_R07_EXIT_F,x_R27_EXIT_C,0.00033070306583031034
54,209,x_R07_EXIT_F,x_R27_EXIT_D,0.00018850074752327687
54,211,x_R07_EXIT_F,x_R27_EXIT_G,0.0001984218394981862
54,216,x_R07_EXIT_F,x_R28_EXIT_C,0.0002645624526642483
54,217,x_R07_EXIT_F,x_R28_EXIT_D,0.00015873747159854897
54,218,x_R07_EXIT_F,x_R28_EXIT_E,0.00015873747159854897
54,220,x_R07_EXIT_F,x_R28_EXIT_H,0.00015873747159854897
54,224,x_R07_EXIT_F,x_R29_EXIT_C,0.0005291249053284966
54,225,x_R07_EXIT_F,x_R29_EXIT_D,0.00031747494319709794
54,226,x_R07_EXIT_F,x_R29_EXIT_E,0.00031747494319709794
54,228,x_R07_EXIT_F,x_R29_EXIT_H,0.00031747494319709794
54,230,x_R07_EXIT_F,x_R29_EXIT_F,0.00013669060054319495
54,232,x_R07_EXIT_F,x_R30_EXIT_C,0.0008862842164252318
54,233,x_R07_EXIT_F,x_R30_EXIT_D,0.00031747494319709794
54,234,x_R07_EXIT_F,x_R30_EXIT_E,0.00031747494319709794
54,240,x_R07_EXIT_F,x_R31_EXIT_C,0.00014220231830703345
54,248,x_R07_EXIT_F,x_R32_EXIT_C,0.0005688092732281338
54,254,x_R07_EXIT_F,x_R32_EXIT_F,0.00013669060054319495
54,256,x_R07_EXIT_F,x_R33_EXIT_C,0.0005688092732281338
54,262,x_R07_EXIT_F,x_R33_EXIT_F,0.00013669060054319495
55,56,x_R07_EXIT_B,x_R08_EXIT_C,0.0003703874337299476
55,60,x_R07_EXIT_B,x_R08_EXIT_H,0.0001234624779099825
55,63,x_R07_EXIT_B,x_R08_EXIT_B,0.0017857965554836759
55,64,x_R07_EXIT_B,x_R09_EXIT_C,0.0003703874337299476
55,68,x_R07_EXIT_B,x_R09_EXIT_H,0.0001234624779099825
55,71,x_R07_EXIT_B,x_R09_EXIT_B,0.0017857965554836759
55,72,x_R07_EXIT_B,x_R10_EXIT_C,0.0003703874337299476
55,76,x_R07_EXIT_B,x_R10_EXIT_H,0.0001234624779099825
55,79,x_R07_EXIT_B,x_R10_EXIT_B,0.0017857965554836759
55,81,x_R07_EXIT_B,x_R11_EXIT_D,0.00027338120108638984
55,82,x_R07_EXIT_B,x_R11_EXIT_E,0.00027338120108638984
55,83,x_R07_EXIT_B,x_R11_EXIT_G,0.0004321186726849388
55,84,x_R07_EXIT_B,x_R11_EXIT_H,0.0009127404616916566
55,85,x_R07_EXIT_B,x_R11_EXIT_A,0.0004321186726849388
55,86,x_R07_EXIT_B,x_R11_EXIT_F,0.0004718030405845761
55,87,x_R07_EXIT_B,x_R11_EXIT_B,0.0025750745392653495
55,89,x_R07_EXIT_B,x_R12_EXIT_D,0.00027338120108638984
55,90,x_R07_EXIT_B,x_R12_EXIT_E,0.00027338120108638984
55,91,x_R07_EXIT_B,x_R12_EXIT_G,0.0004321186726849388
55,92,x_R07_EXIT_B,x_R12_EXIT_H,0.0009127404616916566
55,93,x_R07_EXIT_B,x_R12_EXIT_A,0.0004321186726849388
55,94,x_R07_EXIT_B,x_R12_EXIT_F,0.0004718030405845761
55,95,x_R07_EXIT_B,x_R12_EXIT_B,0.0025750745392653495
55,96,x_R07_EXIT_B,x_R13_EXIT_C,0.0001940124652871154
55,97,x_R07_EXIT_B,x_R13_EXIT_D,0.00017637496844283217
55,98,x_R07_EXIT_B,x_R13_EXIT_E,0.00017637496844283217
55,99,x_R07_EXIT_B,x_R13_EXIT_G,0.00033511244004138114
55,100,x_R07_EXIT_B,x_R13_EXIT_H,0.0008157342290480989
55,101,x_R07_EXIT_B,x_R13_EXIT_A,0.00033511244004138114
55,102,x_R07_EXIT_B,x_R13_EXIT_F,0.0003747968079410184
55,103,x_R07_EXIT_B,x_R13_EXIT_B,0.002478068306621792
55,104,x_R07_EXIT_B,x_R14_EXIT_C,0.00029101869793067304
55,107,x_R07_EXIT_B,x_R14_EXIT_G,0.00023810620739782344
55,108,x_R07_EXIT_B,x_R14_EXIT_H,0.0007187279964045412
55,109,x_R07_EXIT_B,x_R14_EXIT_A,0.00023810620739782344
55,110,x_R07_EXIT_B,x_R14_EXIT_F,0.0002777905752974607
55,111,x_R07_EXIT_B,x_R14_EXIT_B,0.0023810620739782343
55,112,x_R07_EXIT_B,x_R15_EXIT_C,0.0003703874337299476
55,116,x_R07_EXIT_B,x_R15_EXIT_H,0.0001234624779099825
55,119,x_R07_EXIT_B,x_R15_EXIT_B,0.0017857965554836759
55,120,x_R07_EXIT_B,x_R16_EXIT_C,0.0003703874337299476
55,124,x_R07_EXIT_B,x_R16_EXIT_H,0.0001234624779099825
55,127,x_R07_EXIT_B,x_R16_EXIT_B,0.0017857965554836759
55,128,x_R07_EXIT_B,x_R17_EXIT_C,0.0003703874337299476
55,132,x_R07_EXIT_B,x_R17_EXIT_H,0.0001234624779099825
55,135,x_R07_EXIT_B,x_R17_EXIT_B,0.0017857965554836759
55,136,x_R07_EXIT_B,x_R18_EXIT_C,0.0003703874337299476
55,140,x_R07_EXIT_B,x_R18_EXIT_H,0.0001234624779099825
55,143,x_R07_EXIT_B,x_R18_EXIT_B,0.0017857965554836759
55,144,x_R07_EXIT_B,x_R19_EXIT_C,0.0002777905752974607
55,151,x_R07_EXIT_B,x_R19_EXIT_B,0.0013393474166127567
55,152,x_R07_EXIT_B,x_R22_EXIT_C,0.0014220231830703342
55,154,x_R07_EXIT_B,x_R22_EXIT_E,0.0007936873579927448
55,156,x_R07_EXIT_B,x_R22_EXIT_H,0.001102343552767701
55,159,x_R07_EXIT_B,x_R22_EXIT_B,0.002518855018074197
55,160,x_R07_EXIT_B,x_R23_EXIT_C,0.0014220231830703342
55,162,x_R07_EXIT_B,x_R23_EXIT_E,0.00017637496844283214
55,164,x_R07_EXIT_B,x_R23_EXIT_H,0.0001322812263321241
55,167,x_R07_EXIT_B,x_R23_EXIT_B,0.002518855018074197
55,168,x_R07_EXIT_B,x_R20_EXIT_C,0.0003968436789963724
55,170,x_R07_EXIT_B,x_R20_EXIT_E,0.00026786948332255137
55,172,x_R07_EXIT_B,x_R20_EXIT_H,0.00036046634175503816
55,175,x_R07_EXIT_B,x_R20_EXIT_B,0.0007556565054222589
55,176,x_R07_EXIT_B,x_R21_EXIT_C,0.0013228122633212414
55,178,x_R07_EXIT_B,x_R21_EXIT_E,0.0008928982777418378
55,180,x_R07_EXIT_B,x_R21_EXIT_H,0.001201554472516794
55,183,x_R07_EXIT_B,x_R21_EXIT_B,0.002518855018074197
55,184,x_R07_EXIT_B,x_R24_EXIT_C,0.0033428568237680533
55,185,x_R07_EXIT_B,x_R24_EXIT_D,0.001920833640697719
55,186,x_R07_EXIT_B,x_R24_EXIT_E,0.001127146282704974
55,187,x_R07_EXIT_B,x_R24_EXIT_G,0.0020200445604468117
55,188,x_R07_EXIT_B,x_R24_EXIT_H,0.000818490087930018
55,189,x_R07_EXIT_B,x_R24_EXIT_A,0.000818490087930018
55,190,x_R07_EXIT_B,x_R24_EXIT_F,0.000818490087930018
55,191,x_R07_EXIT_B,x_R24_EXIT_B,0.0033373451060042148
55,192,x_R07_EXIT_B,x_R25_EXIT_C,0.002524366735838035
55,193,x_R07_EXIT_B,x_R25_EXIT_D,0.001102343552767701
55,194,x_R07_EXIT_B,x_R25_EXIT_E,0.0003086561947749563
55,195,x_R07_EXIT_B,x_R25_EXIT_G,0.001201554472516794
55,200,x_R07_EXIT_B,x_R26_EXIT_C,0.0008532139098422005
55,202,x_R07_EXIT_B,x_R26_EXIT_E,0.0004762124147956468
55,207,x_R07_EXIT_B,x_R26_EXIT_B,0.0015113130108445178
55,208,x_R07_EXIT_B,x_R27_EXIT_C,0.00014220231830703345
55,215,x_R07_EXIT_B,x_R27_EXIT_B,0.0002518855018074197
55,216,x_R07_EXIT_B,x_R28_EXIT_C,0.0002645624526642483
55,218,x_R07_EXIT_B,x_R28_EXIT_E,0.00015873747159854897
55,220,x_R07_EXIT_B,x_R28_EXIT_H,0.00022046871055354025
55,223,x_R07_EXIT_B,x_R28_EXIT_B,0.0005037710036148394
55,224,x_R07_EXIT_B,x_R29_EXIT_C,0.0005291249053284966
55,226,x_R07_EXIT_B,x_R29_EXIT_E,0.00031747494319709794
55,228,x_R07_EXIT_B,x_R29_EXIT_H,0.0004409374211070805
55,231,x_R07_EXIT_B,x_R29_EXIT_B,0.0010075420072296788
55,232,x_R07_EXIT_B,x_R30_EXIT_C,0.0005688092732281338
55,234,x_R07_EXIT_B,x_R30_EXIT_E,0.00031747494319709794
55,239,x_R07_EXIT_B,x_R30_EXIT_B,0.0010075420072296788
55,240,x_R07_EXIT_B,x_R31_EXIT_C,0.00023920855095059114
55,247,x_R07_EXIT_B,x_R31_EXIT_B,0.0002518855018074197
55,248,x_R07_EXIT_B,x_R32_EXIT_C,0.001284230238974372
55,249,x_R07_EXIT_B,x_R32_EXIT_D,0.0007154209657462381
55,250,x_R07_EXIT_B,x_R32_EXIT_E,0.0003979460225491401
55,251,x_R07_EXIT_B,x_R32_EXIT_G,0.0007551053336458753
55,252,x_R07_EXIT_B,x_R32_EXIT_H,0.00032739603517200727
55,253,x_R07_EXIT_B,x_R32_EXIT_A,0.00032739603517200727
55,254,x_R07_EXIT_B,x_R32_EXIT_F,0.00032739603517200727
55,255,x_R07_EXIT_B,x_R32_EXIT_B,0.0006801459720576716
55,256,x_R07_EXIT_B,x_R33_EXIT_C,0.0009568342038023646
55,257,x_R07_EXIT_B,x_R33_EXIT_D,0.0003880249305742308
55,259,x_R07_EXIT_B,x_R33_EXIT_G,0.0004277092984738681
56,57,x_R08_EXIT_C,x_R08_EXIT_D,1.8392986488665068
56,58,x_R08_EXIT_C,x_R08_EXIT_E,1.8387871614580227
56,59,x_R08_EXIT_C,x_R08_EXIT_G,1.8392986488665068
56,60,x_R08_EXIT_C,x_R08_EXIT_H,1.83898117392331
56,61,x_R08_EXIT_C,x_R08_EXIT_A,1.8392986488665068
56,62,x_R08_EXIT_C,x_R08_EXIT_F,1.8392986488665068
56,63,x_R08_EXIT_C,x_R08_EXIT_B,1.83898117392331
56,64,x_R08_EXIT_C,x_R09_EXIT_C,0.0013492685085876657
56,65,x_R08_EXIT_C,x_R09_EXIT_D,0.0005114874084842134
56,67,x_R08_EXIT_C,x_R09_EXIT_G,0.0005114874084842134
56,68,x_R08_EXIT_C,x_R09_EXIT_H,0.00019401246528711534
56,69,x_R08_EXIT_C,x_R09_EXIT_A,0.0005114874084842134
56,70,x_R08_EXIT_C,x_R09_EXIT_F,0.0005114874084842134
56,71,x_R08_EXIT_C,x_R09_EXIT_B,0.00019401246528711534
56,72,x_R08_EXIT_C,x_R10_EXIT_C,0.0012963560180548161
56,73,x_R08_EXIT_C,x_R10_EXIT_D,0.0004585749179513637
56,75,x_R08_EXIT_C,x_R10_EXIT_G,0.0004585749179513637
56,76,x_R08_EXIT_C,x_R10_EXIT_H,0.00014109997475426572
56,77,x_R08_EXIT_C,x_R10_EXIT_A,0.0004585749179513637
56,78,x_R08_EXIT_C,x_R10_EXIT_F,0.0004585749179513637
56,79,x_R08_EXIT_C,x_R10_EXIT_B,0.00014109997475426572
56,80,x_R08_EXIT_C,x_R11_EXIT_C,0.00024692495581996504
56,81,x_R08_EXIT_C,x_R11_EXIT_D,0.0005908561442834878
56,82,x_R08_EXIT_C,x_R11_EXIT_E,0.001102343552767701
56,83,x_R08_EXIT_C,x_R11_EXIT_G,0.00027338120108638984
56,84,x_R08_EXIT_C,x_R11_EXIT_H,0.00027338120108638984
56,85,x_R08_EXIT_C,x_R11_EXIT_A,0.00027338120108638984
56,86,x_R08_EXIT_C,x_R11_EXIT_F,0.00027338120108638984
56,87,x_R08_EXIT_C,x_R11_EXIT_B,0.00027338120108638984
56,88,x_R08_EXIT_C,x_R12_EXIT_C,0.00024692495581996504
56,89,x_R08_EXIT_C,x_R12_EXIT_D,0.0005908561442834878
56,90,x_R08_EXIT_C,x_R12_EXIT_E,0.001102343552767701
56,91,x_R08_EXIT_C,x_R12_EXIT_G,0.00027338120108638984
56,92,x_R08_EXIT_C,x_R12_EXIT_H,0.00027338120108638984
56,93,x_R08_EXIT_C,x_R12_EXIT_A,0.00027338120108638984
56,94,x_R08_EXIT_C,x_R12_EXIT_F,0.00027338120108638984
56,95,x_R08_EXIT_C,x_R12_EXIT_B,0.00027338120108638984
56,96,x_R08_EXIT_C,x_R13_EXIT_C,0.0003439311884635227
56,97,x_R08_EXIT_C,x_R13_EXIT_D,0.0004938499116399301
56,98,x_R08_EXIT_C,x_R13_EXIT_E,0.0010053373201241434
56,99,x_R08_EXIT_C,x_R13_EXIT_G,0.00017637496844283217
56,100,x_R08_EXIT_C,x_R13_EXIT_H,0.00017637496844283217
56,101,x_R08_EXIT_C,x_R13_EXIT_A,0.00017637496844283217
56,102,x_R08_EXIT_C,x_R13_EXIT_F,0.00017637496844283217
56,103,x_R08_EXIT_C,x_R13_EXIT_B,0.00017637496844283217
56,104,x_R08_EXIT_C,x_R14_EXIT_C,0.00044093742110708044
56,105,x_R08_EXIT_C,x_R14_EXIT_D,0.0003968436789963724
56,106,x_R08_EXIT_C,x_R14_EXIT_E,0.0009083310874805857
56,112,x_R08_EXIT_C,x_R15_EXIT_C,0.001190531036989117
56,113,x_R08_EXIT_C,x_R15_EXIT_D,0.0003527499368856644
56,114,x_R08_EXIT_C,x_R15_EXIT_E,0.00015873747159854894
56,115,x_R08_EXIT_C,x_R15_EXIT_G,0.0003527499368856644
56,117,x_R08_EXIT_C,x_R15_EXIT_A,0.0003527499368856644
56,118,x_R08_EXIT_C,x_R15_EXIT_F,0.0003527499368856644
56,120,x_R08_EXIT_C,x_R16_EXIT_C,0.0012434435275219665
56,121,x_R08_EXIT_C,x_R16_EXIT_D,0.00040566242741851404
56,122,x_R08_EXIT_C,x_R16_EXIT_E,0.0001058249810656993
56,123,x_R08_EXIT_C,x_R16_EXIT_G,0.00040566242741851404
56,125,x_R08_EXIT_C,x_R16_EXIT_A,0.00040566242741851404
56,126,x_R08_EXIT_C,x_R16_EXIT_F,0.00040566242741851404
56,128,x_R08_EXIT_C,x_R17_EXIT_C,0.0012963560180548161
56,129,x_R08_EXIT_C,x_R17_EXIT_D,0.0004585749179513637
56,131,x_R08_EXIT_C,x_R17_EXIT_G,0.0004585749179513637
56,132,x_R08_EXIT_C,x_R17_EXIT_H,0.00014109997475426572
56,133,x_R08_EXIT_C,x_R17_EXIT_A,0.0004585749179513637
56,134,x_R08_EXIT_C,x_R17_EXIT_F,0.0004585749179513637
56,135,x_R08_EXIT_C,x_R17_EXIT_B,0.00014109997475426572
56,136,x_R08_EXIT_C,x_R18_EXIT_C,0.0012963560180548161
56,137,x_R08_EXIT_C,x_R18_EXIT_D,0.0004585749179513637
56,139,x_R08_EXIT_C,x_R18_EXIT_G,0.0004585749179513637
56,140,x_R08_EXIT_C,x_R18_EXIT_H,0.00014109997475426572
56,141,x_R08_EXIT_C,x_R18_EXIT_A,0.0004585749179513637
56,142,x_R08_EXIT_C,x_R18_EXIT_F,0.0004585749179513637
56,143,x_R08_EXIT_C,x_R18_EXIT_B,0.00014109997475426572
56,144,x_R08_EXIT_C,x_R19_EXIT_C,0.0009722670135411122
56,145,x_R08_EXIT_C,x_R19_EXIT_D,0.00034393118846352263
56,147,x_R08_EXIT_C,x_R19_EXIT_G,0.00034393118846352263
56,148,x_R08_EXIT_C,x_R19_EXIT_H,0.0001058249810656993
56,149,x_R08_EXIT_C,x_R19_EXIT_A,0.00034393118846352263
56,150,x_R08_EXIT_C,x_R19_EXIT_F,0.00034393118846352263
56,151,x_R08_EXIT_C,x_R19_EXIT_B,0.0001058249810656993
56,152,x_R08_EXIT_C,x_R22_EXIT_C,0.001300765392265887
56,154,x_R08_EXIT_C,x_R22_EXIT_E,0.0004850311632177885
56,160,x_R08_EXIT_C,x_R23_EXIT_C,0.001300765392265887
56,162,x_R08_EXIT_C,x_R23_EXIT_E,0.0004850311632177885
56,168,x_R08_EXIT_C,x_R20_EXIT_C,0.00039022961767976613
56,170,x_R08_EXIT_C,x_R20_EXIT_E,0.00014550934896533652
56,176,x_R08_EXIT_C,x_R21_EXIT_C,0.001300765392265887
56,178,x_R08_EXIT_C,x_R21_EXIT_E,0.0004850311632177885
56,184,x_R08_EXIT_C,x_R24_EXIT_C,0.001300765392265887
56,186,x_R08_EXIT_C,x_R24_EXIT_E,0.0004850311632177885
56,192,x_R08_EXIT_C,x_R25_EXIT_C,0.001300765392265887
56,194,x_R08_EXIT_C,x_R25_EXIT_E,0.0004850311632177885
56,200,x_R08_EXIT_C,x_R26_EXIT_C,0.0007804592353595323
56,202,x_R08_EXIT_C,x_R26_EXIT_E,0.00029101869793067304
56,208,x_R08_EXIT_C,x_R27_EXIT_C,0.00013007653922658872
56,216,x_R08_EXIT_C,x_R28_EXIT_C,0.00026015307845317744
56,224,x_R08_EXIT_C,x_R29_EXIT_C,0.0005203061569063549
56,226,x_R08_EXIT_C,x_R29_EXIT_E,0.00019401246528711534
56,232,x_R08_EXIT_C,x_R30_EXIT_C,0.0005203061569063549
56,234,x_R08_EXIT_C,x_R30_EXIT_E,0.00019401246528711534
56,240,x_R08_EXIT_C,x_R31_EXIT_C,0.00013007653922658872
56,248,x_R08_EXIT_C,x_R32_EXIT_C,0.0005203061569063549
56,250,x_R08_EXIT_C,x_R32_EXIT_E,0.00019401246528711534
56,256,x_R08_EXIT_C,x_R33_EXIT_C,0.0005203061569063549
56,258,x_R08_EXIT_C,x_R33_EXIT_E,0.00019401246528711534
57,58,x_R08_EXIT_D,x_R08_EXIT_E,1.8387871614580227
57,59,x_R08_EXIT_D,x_R08_EXIT_G,1.8392986488665068
57,60,x_R08_EXIT_D,x_R08_EXIT_H,1.83898117392331
57,61,x_R08_EXIT_D,x_R08_EXIT_A,1.8392986488665068
57,62,x_R08_EXIT_D,x_R08_EXIT_F,1.8392986488665068
57,63,x_R08_EXIT_D,x_R08_EXIT_B,1.83898117392331
57,64,x_R08_EXIT_D,x_R09_EXIT_C,0.0005114874084842134
57,65,x_R08_EXIT_D,x_R09_EXIT_D,0.0007143186221934703
57,67,x_R08_EXIT_D,x_R09_EXIT_G,0.0005114874084842134
57,68,x_R08_EXIT_D,x_R09_EXIT_H,0.00019401246528711534
57,69,x_R08_EXIT_D,x_R09_EXIT_A,0.0005114874084842134
57,70,x_R08_EXIT_D,x_R09_EXIT_F,0.0005114874084842134
57,71,x_R08_EXIT_D,x_R09_EXIT_B,0.00019401246528711534
57,72,x_R08_EXIT_D,x_R10_EXIT_C,0.0004585749179513637
57,73,x_R08_EXIT_D,x_R10_EXIT_D,0.0006614061316606207
57,75,x_R08_EXIT_D,x_R10_EXIT_G,0.0004585749179513637
57,76,x_R08_EXIT_D,x_R10_EXIT_H,0.00014109997475426572
57,77,x_R08_EXIT_D,x_R10_EXIT_A,0.0004585749179513637
57,78,x_R08_EXIT_D,x_R10_EXIT_F,0.0004585749179513637
57,79,x_R08_EXIT_D,x_R10_EXIT_B,0.00014109997475426572
57,81,x_R08_EXIT_D,x_R11_EXIT_D,0.000202831213709257
57,82,x_R08_EXIT_D,x_R11_EXIT_E,0.0005114874084842134
57,89,x_R08_EXIT_D,x_R12_EXIT_D,0.000202831213709257
57,90,x_R08_EXIT_D,x_R12_EXIT_E,0.0005114874084842134
57,97,x_R08_EXIT_D,x_R13_EXIT_D,0.000202831213709257
57,98,x_R08_EXIT_D,x_R13_EXIT_E,0.0005114874084842134
57,105,x_R08_EXIT_D,x_R14_EXIT_D,0.000202831213709257
57,106,x_R08_EXIT_D,x_R14_EXIT_E,0.0005114874084842134
57,112,x_R08_EXIT_D,x_R15_EXIT_C,0.0003527499368856644
57,113,x_R08_EXIT_D,x_R15_EXIT_D,0.0005555811505949214
57,114,x_R08_EXIT_D,x_R15_EXIT_E,0.00015873747159854894
57,115,x_R08_EXIT_D,x_R15_EXIT_G,0.0003527499368856644
57,117,x_R08_EXIT_D,x_R15_EXIT_A,0.0003527499368856644
57,118,x_R08_EXIT_D,x_R15_EXIT_F,0.0003527499368856644
57,120,x_R08_EXIT_D,x_R16_EXIT_C,0.00040566242741851404
57,121,x_R08_EXIT_D,x_R16_EXIT_D,0.000608493641127771
57,122,x_R08_EXIT_D,x_R16_EXIT_E,0.0001058249810656993
57,123,x_R08_EXIT_D,x_R16_EXIT_G,0.00040566242741851404
57,125,x_R08_EXIT_D,x_R16_EXIT_A,0.00040566242741851404
57,126,x_R08_EXIT_D,x_R16_EXIT_F,0.00040566242741851404
57,128,x_R08_EXIT_D,x_R17_EXIT_C,0.0004585749179513637
57,129,x_R08_EXIT_D,x_R17_EXIT_D,0.0006614061316606207
57,131,x_R08_EXIT_D,x_R17_EXIT_G,0.0004585749179513637
57,132,x_R08_EXIT_D,x_R17_EXIT_H,0.00014109997475426572
57,133,x_R08_EXIT_D,x_R17_EXIT_A,0.0004585749179513637
57,134,x_R08_EXIT_D,x_R17_EXIT_F,0.0004585749179513637
57,135,x_R08_EXIT_D,x_R17_EXIT_B,0.00014109997475426572
57,136,x_R08_EXIT_D,x_R18_EXIT_C,0.0004585749179513637
57,137,x_R08_EXIT_D,x_R18_EXIT_D,0.0006614061316606207
57,139,x_R08_EXIT_D,x_R18_EXIT_G,0.0004585749179513637
57,140,x_R08_EXIT_D,x_R18_EXIT_H,0.00014109997475426572
57,141,x_R08_EXIT_D,x_R18_EXIT_A,0.0004585749179513637
57,142,x_R08_EXIT_D,x_R18_EXIT_F,0.0004585749179513637
57,143,x_R08_EXIT_D,x_R18_EXIT_B,0.00014109997475426572
57,144,x_R08_EXIT_D,x_R19_EXIT_C,0.00034393118846352263
57,145,x_R08_EXIT_D,x_R19_EXIT_D,0.0004960545987454653
57,147,x_R08_EXIT_D,x_R19_EXIT_G,0.00034393118846352263
57,148,x_R08_EXIT_D,x_R19_EXIT_H,0.0001058249810656993
57,149,x_R08_EXIT_D,x_R19_EXIT_A,0.00034393118846352263
57,150,x_R08_EXIT_D,x_R19_EXIT_F,0.00034393118846352263
57,151,x_R08_EXIT_D,x_R19_EXIT_B,0.0001058249810656993
57,153,x_R08_EXIT_D,x_R22_EXIT_D,0.0005070780342731424
57,154,x_R08_EXIT_D,x_R22_EXIT_E,0.0004850311632177885
57,161,x_R08_EXIT_D,x_R23_EXIT_D,0.0005070780342731424
57,162,x_R08_EXIT_D,x_R23_EXIT_E,0.0004850311632177885
57,169,x_R08_EXIT_D,x_R20_EXIT_D,0.00015212341028194274
57,170,x_R08_EXIT_D,x_R20_EXIT_E,0.00014550934896533652
57,177,x_R08_EXIT_D,x_R21_EXIT_D,0.0005070780342731424
57,178,x_R08_EXIT_D,x_R21_EXIT_E,0.0004850311632177885
57,185,x_R08_EXIT_D,x_R24_EXIT_D,0.0005070780342731424
57,186,x_R08_EXIT_D,x_R24_EXIT_E,0.0004850311632177885
57,193,x_R08_EXIT_D,x_R25_EXIT_D,0.0005070780342731424
57,194,x_R08_EXIT_D,x_R25_EXIT_E,0.0004850311632177885
57,201,x_R08_EXIT_D,x_R26_EXIT_D,0.0003042468205638855
57,202,x_R08_EXIT_D,x_R26_EXIT_E,0.00029101869793067304
57,217,x_R08_EXIT_D,x_R28_EXIT_D,0.0001014156068546285
57,225,x_R08_EXIT_D,x_R29_EXIT_D,0.000202831213709257
57,226,x_R08_EXIT_D,x_R29_EXIT_E,0.00019401246528711534
57,233,x_R08_EXIT_D,x_R30_EXIT_D,0.000202831213709257
57,234,x_R08_EXIT_D,x_R30_EXIT_E,0.00019401246528711534
57,249,x_R08_EXIT_D,x_R32_EXIT_D,0.000202831213709257
57,250,x_R08_EXIT_D,x_R32_EXIT_E,0.00019401246528711534
57,257,x_R08_EXIT_D,x_R33_EXIT_D,0.000202831213709257
57,258,x_R08_EXIT_D,x_R33_EXIT_E,0.00019401246528711534
58,59,x_R08_EXIT_E,x_R08_EXIT_G,1.8387871614580227
58,60,x_R08_EXIT_E,x_R08_EXIT_H,1.8387871614580227
58,61,x_R08_EXIT_E,x_R08_EXIT_A,1.8387871614580227
58,62,x_R08_EXIT_E,x_R08_EXIT_F,1.8387871614580227
58,63,x_R08_EXIT_E,x_R08_EXIT_B,1.8387871614580227
58,82,x_R08_EXIT_E,x_R11_EXIT_E,0.0001058249810656993
58,90,x_R08_EXIT_E,x_R12_EXIT_E,0.0001058249810656993
58,98,x_R08_EXIT_E,x_R13_EXIT_E,0.0001058249810656993
58,106,x_R08_EXIT_E,x_R14_EXIT_E,0.0001058249810656993
58,114,x_R08_EXIT_E,x_R15_EXIT_E,0.0001058249810656993
58,122,x_R08_EXIT_E,x_R16_EXIT_E,0.0001058249810656993
58,130,x_R08_EXIT_E,x_R17_EXIT_E,0.0001058249810656993
58,138,x_R08_EXIT_E,x_R18_EXIT_E,0.0001058249810656993
58,154,x_R08_EXIT_E,x_R22_EXIT_E,0.00026456245266424824
58,162,x_R08_EXIT_E,x_R23_EXIT_E,0.00026456245266424824
58,178,x_R08_EXIT_E,x_R21_EXIT_E,0.00026456245266424824
58,186,x_R08_EXIT_E,x_R24_EXIT_E,0.00026456245266424824
58,194,x_R08_EXIT_E,x_R25_EXIT_E,0.00026456245266424824
58,202,x_R08_EXIT_E,x_R26_EXIT_E,0.00015873747159854894
58,226,x_R08_EXIT_E,x_R29_EXIT_E,0.0001058249810656993
58,234,x_R08_EXIT_E,x_R30_EXIT_E,0.0001058249810656993
58,250,x_R08_EXIT_E,x_R32_EXIT_E,0.0001058249810656993
58,258,x_R08_EXIT_E,x_R33_EXIT_E,0.0001058249810656993
59,60,x_R08_EXIT_G,x_R08_EXIT_H,1.83898117392331
59,61,x_R08_EXIT_G,x_R08_EXIT_A,1.8394573863381054
59,62,x_R08_EXIT_G,x_R08_EXIT_F,1.8394573863381054
59,63,x_R08_EXIT_G,x_R08_EXIT_B,1.83898117392331
59,64,x_R08_EXIT_G,x_R09_EXIT_C,0.0005114874084842134
59,65,x_R08_EXIT_G,x_R09_EXIT_D,0.0005114874084842134
59,67,x_R08_EXIT_G,x_R09_EXIT_G,0.0012037591596223292
59,68,x_R08_EXIT_G,x_R09_EXIT_H,0.00019401246528711534
59,69,x_R08_EXIT_G,x_R09_EXIT_A,0.0006702248800827622
59,70,x_R08_EXIT_G,x_R09_EXIT_F,0.0006702248800827622
59,71,x_R08_EXIT_G,x_R09_EXIT_B,0.00019401246528711534
59,72,x_R08_EXIT_G,x_R10_EXIT_C,0.0004585749179513637
59,73,x_R08_EXIT_G,x_R10_EXIT_D,0.0004585749179513637
59,75,x_R08_EXIT_G,x_R10_EXIT_G,0.0011508466690894796
59,76,x_R08_EXIT_G,x_R10_EXIT_H,0.00014109997475426572
59,77,x_R08_EXIT_G,x_R10_EXIT_A,0.0006173123895499126
59,78,x_R08_EXIT_G,x_R10_EXIT_F,0.0006173123895499126
59,79,x_R08_EXIT_G,x_R10_EXIT_B,0.00014109997475426572
59,82,x_R08_EXIT_G,x_R11_EXIT_E,0.0005114874084842134
59,83,x_R08_EXIT_G,x_R11_EXIT_G,0.0004938499116399301
59,85,x_R08_EXIT_G,x_R11_EXIT_A,0.0003571593110967352
59,90,x_R08_EXIT_G,x_R12_EXIT_E,0.0005114874084842134
59,91,x_R08_EXIT_G,x_R12_EXIT_G,0.0004938499116399301
59,93,x_R08_EXIT_G,x_R12_EXIT_A,0.0003571593110967352
59,98,x_R08_EXIT_G,x_R13_EXIT_E,0.0005114874084842134
59,99,x_R08_EXIT_G,x_R13_EXIT_G,0.0004938499116399301
59,101,x_R08_EXIT_G,x_R13_EXIT_A,0.0003571593110967352
59,106,x_R08_EXIT_G,x_R14_EXIT_E,0.0005114874084842134
59,107,x_R08_EXIT_G,x_R14_EXIT_G,0.0004938499116399301
59,109,x_R08_EXIT_G,x_R14_EXIT_A,0.0003571593110967352
59,112,x_R08_EXIT_G,x_R15_EXIT_C,0.0003527499368856644
59,113,x_R08_EXIT_G,x_R15_EXIT_D,0.0003527499368856644
59,114,x_R08_EXIT_G,x_R15_EXIT_E,0.00015873747159854894
59,115,x_R08_EXIT_G,x_R15_EXIT_G,0.0010450216880237807
59,117,x_R08_EXIT_G,x_R15_EXIT_A,0.0005114874084842133
59,118,x_R08_EXIT_G,x_R15_EXIT_F,0.0005114874084842133
59,120,x_R08_EXIT_G,x_R16_EXIT_C,0.00040566242741851404
59,121,x_R08_EXIT_G,x_R16_EXIT_D,0.00040566242741851404
59,122,x_R08_EXIT_G,x_R16_EXIT_E,0.0001058249810656993
59,123,x_R08_EXIT_G,x_R16_EXIT_G,0.0010979341785566303
59,125,x_R08_EXIT_G,x_R16_EXIT_A,0.0005643998990170629
59,126,x_R08_EXIT_G,x_R16_EXIT_F,0.0005643998990170629
59,128,x_R08_EXIT_G,x_R17_EXIT_C,0.0004585749179513637
59,129,x_R08_EXIT_G,x_R17_EXIT_D,0.0004585749179513637
59,131,x_R08_EXIT_G,x_R17_EXIT_G,0.0011508466690894796
59,132,x_R08_EXIT_G,x_R17_EXIT_H,0.00014109997475426572
59,133,x_R08_EXIT_G,x_R17_EXIT_A,0.0006173123895499126
59,134,x_R08_EXIT_G,x_R17_EXIT_F,0.0006173123895499126
59,135,x_R08_EXIT_G,x_R17_EXIT_B,0.00014109997475426572
59,136,x_R08_EXIT_G,x_R18_EXIT_C,0.0004585749179513637
59,137,x_R08_EXIT_G,x_R18_EXIT_D,0.0004585749179513637
59,139,x_R08_EXIT_G,x_R18_EXIT_G,0.0011508466690894796
59,140,x_R08_EXIT_G,x_R18_EXIT_H,0.00014109997475426572
59,141,x_R08_EXIT_G,x_R18_EXIT_A,0.0006173123895499126
59,142,x_R08_EXIT_G,x_R18_EXIT_F,0.0006173123895499126
59,143,x_R08_EXIT_G,x_R18_EXIT_B,0.00014109997475426572
59,144,x_R08_EXIT_G,x_R19_EXIT_C,0.00034393118846352263
59,145,x_R08_EXIT_G,x_R19_EXIT_D,0.00034393118846352263
59,147,x_R08_EXIT_G,x_R19_EXIT_G,0.00086313500181711
59,148,x_R08_EXIT_G,x_R19_EXIT_H,0.0001058249810656993
59,149,x_R08_EXIT_G,x_R19_EXIT_A,0.0004629842921624344
59,150,x_R08_EXIT_G,x_R19_EXIT_F,0.0004629842921624344
59,151,x_R08_EXIT_G,x_R19_EXIT_B,0.0001058249810656993
59,153,x_R08_EXIT_G,x_R22_EXIT_D,0.0003968436789963724
59,154,x_R08_EXIT_G,x_R22_EXIT_E,0.0004850311632177885
59,155,x_R08_EXIT_G,x_R22_EXIT_G,0.001333835698848918
59,161,x_R08_EXIT_G,x_R23_EXIT_D,0.0003968436789963724
59,162,x_R08_EXIT_G,x_R23_EXIT_E,0.0004850311632177885
59,163,x_R08_EXIT_G,x_R23_EXIT_G,0.001333835698848918
59,168,x_R08_EXIT_G,x_R20_EXIT_C,0.00026786948332255137
59,169,x_R08_EXIT_G,x_R20_EXIT_D,0.00041668586294619093
59,170,x_R08_EXIT_G,x_R20_EXIT_E,0.00044314210821261573
59,171,x_R08_EXIT_G,x_R20_EXIT_G,0.00010251795040739618
59,172,x_R08_EXIT_G,x_R20_EXIT_H,0.00029763275924727924
59,176,x_R08_EXIT_G,x_R21_EXIT_C,0.0004960545987454654
59,177,x_R08_EXIT_G,x_R21_EXIT_D,0.0009921091974909309
59,178,x_R08_EXIT_G,x_R21_EXIT_E,0.001080296681712347
59,179,x_R08_EXIT_G,x_R21_EXIT_G,0.0007385701803543596
59,180,x_R08_EXIT_G,x_R21_EXIT_H,0.0005952655184945586
59,185,x_R08_EXIT_G,x_R24_EXIT_D,0.0003968436789963724
59,186,x_R08_EXIT_G,x_R24_EXIT_E,0.0004850311632177885
59,187,x_R08_EXIT_G,x_R24_EXIT_G,0.001333835698848918
59,193,x_R08_EXIT_G,x_R25_EXIT_D,0.0003968436789963724
59,194,x_R08_EXIT_G,x_R25_EXIT_E,0.0004850311632177885
59,195,x_R08_EXIT_G,x_R25_EXIT_G,0.001333835698848918
59,201,x_R08_EXIT_G,x_R26_EXIT_D,0.0002381062073978234
59,202,x_R08_EXIT_G,x_R26_EXIT_E,0.00029101869793067304
59,203,x_R08_EXIT_G,x_R26_EXIT_G,0.0004431421082126158
59,211,x_R08_EXIT_G,x_R27_EXIT_G,0.00013338356988489185
59,224,x_R08_EXIT_G,x_R29_EXIT_C,0.00019842183949818622
59,225,x_R08_EXIT_G,x_R29_EXIT_D,0.00015873747159854897
59,226,x_R08_EXIT_G,x_R29_EXIT_E,0.00019401246528711534
59,227,x_R08_EXIT_G,x_R29_EXIT_G,0.0002954280721417439
59,233,x_R08_EXIT_G,x_R30_EXIT_D,0.00015873747159854897
59,234,x_R08_EXIT_G,x_R30_EXIT_E,0.00019401246528711534
59,235,x_R08_EXIT_G,x_R30_EXIT_G,0.0002954280721417439
59,249,x_R08_EXIT_G,x_R32_EXIT_D,0.00015873747159854897
59,250,x_R08_EXIT_G,x_R32_EXIT_E,0.00019401246528711534
59,251,x_R08_EXIT_G,x_R32_EXIT_G,0.0005335342795395674
59,257,x_R08_EXIT_G,x_R33_EXIT_D,0.00015873747159854897
59,258,x_R08_EXIT_G,x_R33_EXIT_E,0.00019401246528711534
59,259,x_R08_EXIT_G,x_R33_EXIT_G,0.0005335342795395674
60,61,x_R08_EXIT_H,x_R08_EXIT_A,1.83898117392331
60,62,x_R08_EXIT_H,x_R08_EXIT_F,1.83898117392331
60,63,x_R08_EXIT_H,x_R08_EXIT_B,1.839175186388597
60,64,x_R08_EXIT_H,x_R09_EXIT_C,0.00019401246528711534
60,65,x_R08_EXIT_H,x_R09_EXIT_D,0.00019401246528711534
60,67,x_R08_EXIT_H,x_R09_EXIT_G,0.00019401246528711534
60,68,x_R08_EXIT_H,x_R09_EXIT_H,0.0005467624021727797
60,69,x_R08_EXIT_H,x_R09_EXIT_A,0.00019401246528711534
60,70,x_R08_EXIT_H,x_R09_EXIT_F,0.00019401246528711534
60,71,x_R08_EXIT_H,x_R09_EXIT_B,0.00038802493057423073
60,72,x_R08_EXIT_H,x_R10_EXIT_C,0.00014109997475426572
60,73,x_R08_EXIT_H,x_R10_EXIT_D,0.00014109997475426572
60,75,x_R08_EXIT_H,x_R10_EXIT_G,0.00014109997475426572
60,76,x_R08_EXIT_H,x_R10_EXIT_H,0.0004938499116399301
60,77,x_R08_EXIT_H,x_R10_EXIT_A,0.00014109997475426572
60,78,x_R08_EXIT_H,x_R10_EXIT_F,0.00014109997475426572
60,79,x_R08_EXIT_H,x_R10_EXIT_B,0.0003351124400413811
60,82,x_R08_EXIT_H,x_R11_EXIT_E,0.00019401246528711534
60,84,x_R08_EXIT_H,x_R11_EXIT_H,0.00028219994950853144
60,87,x_R08_EXIT_H,x_R11_EXIT_B,0.0001234624779099825
60,90,x_R08_EXIT_H,x_R12_EXIT_E,0.00019401246528711534
60,92,x_R08_EXIT_H,x_R12_EXIT_H,0.00028219994950853144
60,95,x_R08_EXIT_H,x_R12_EXIT_B,0.0001234624779099825
60,98,x_R08_EXIT_H,x_R13_EXIT_E,0.00019401246528711534
60,100,x_R08_EXIT_H,x_R13_EXIT_H,0.00028219994950853144
60,103,x_R08_EXIT_H,x_R13_EXIT_B,0.0001234624779099825
60,106,x_R08_EXIT_H,x_R14_EXIT_E,0.00019401246528711534
60,108,x_R08_EXIT_H,x_R14_EXIT_H,0.00028219994950853144
60,111,x_R08_EXIT_H,x_R14_EXIT_B,0.0001234624779099825
60,114,x_R08_EXIT_H,x_R15_EXIT_E,0.00015873747159854894
60,116,x_R08_EXIT_H,x_R15_EXIT_H,0.00038802493057423073
60,119,x_R08_EXIT_H,x_R15_EXIT_B,0.0002292874589756818
60,122,x_R08_EXIT_H,x_R16_EXIT_E,0.0001058249810656993
60,124,x_R08_EXIT_H,x_R16_EXIT_H,0.00044093742110708044
60,127,x_R08_EXIT_H,x_R16_EXIT_B,0.00028219994950853144
60,128,x_R08_EXIT_H,x_R17_EXIT_C,0.00014109997475426572
60,129,x_R08_EXIT_H,x_R17_EXIT_D,0.00014109997475426572
60,131,x_R08_EXIT_H,x_R17_EXIT_G,0.00014109997475426572
60,132,x_R08_EXIT_H,x_R17_EXIT_H,0.0004938499116399301
60,133,x_R08_EXIT_H,x_R17_EXIT_A,0.00014109997475426572
60,134,x_R08_EXIT_H,x_R17_EXIT_F,0.00014109997475426572
60,135,x_R08_EXIT_H,x_R17_EXIT_B,0.0003351124400413811
60,136,x_R08_EXIT_H,x_R18_EXIT_C,0.00014109997475426572
60,137,x_R08_EXIT_H,x_R18_EXIT_D,0.00014109997475426572
60,139,x_R08_EXIT_H,x_R18_EXIT_G,0.00014109997475426572
60,140,x_R08_EXIT_H,x_R18_EXIT_H,0.0004938499116399301
60,141,x_R08_EXIT_H,x_R18_EXIT_A,0.00014109997475426572
60,142,x_R08_EXIT_H,x_R18_EXIT_F,0.00014109997475426572
60,143,x_R08_EXIT_H,x_R18_EXIT_B,0.0003351124400413811
60,144,x_R08_EXIT_H,x_R19_EXIT_C,0.0001058249810656993
60,145,x_R08_EXIT_H,x_R19_EXIT_D,0.0001058249810656993
60,147,x_R08_EXIT_H,x_R19_EXIT_G,0.0001058249810656993
60,148,x_R08_EXIT_H,x_R19_EXIT_H,0.00037038743372994754
60,149,x_R08_EXIT_H,x_R19_EXIT_A,0.0001058249810656993
60,150,x_R08_EXIT_H,x_R19_EXIT_F,0.0001058249810656993
60,151,x_R08_EXIT_H,x_R19_EXIT_B,0.0002513343300310358
60,154,x_R08_EXIT_H,x_R22_EXIT_E,0.0006614061316606206
60,156,x_R08_EXIT_H,x_R22_EXIT_H,0.0007054998737713286
60,162,x_R08_EXIT_H,x_R23_EXIT_E,0.0008377811001034528
60,164,x_R08_EXIT_H,x_R23_EXIT_H,0.0005291249053284965
60,170,x_R08_EXIT_H,x_R20_EXIT_E,0.0001984218394981862
60,172,x_R08_EXIT_H,x_R20_EXIT_H,0.0002116499621313986
60,178,x_R08_EXIT_H,x_R21_EXIT_E,0.0006614061316606206
60,180,x_R08_EXIT_H,x_R21_EXIT_H,0.0007054998737713286
60,184,x_R08_EXIT_H,x_R24_EXIT_C,0.0003086561947749563
60,185,x_R08_EXIT_H,x_R24_EXIT_D,0.0003086561947749563
60,186,x_R08_EXIT_H,x_R24_EXIT_E,0.000970062326435577
60,187,x_R08_EXIT_H,x_R24_EXIT_G,0.0003086561947749563
60,188,x_R08_EXIT_H,x_R24_EXIT_H,0.0003968436789963724
60,192,x_R08_EXIT_H,x_R25_EXIT_C,0.0005732186474392045
60,193,x_R08_EXIT_H,x_R25_EXIT_D,0.0005732186474392045
60,194,x_R08_EXIT_H,x_R25_EXIT_E,0.0012346247790998252
60,195,x_R08_EXIT_H,x_R25_EXIT_G,0.0005732186474392045
60,196,x_R08_EXIT_H,x_R25_EXIT_H,0.0001322812263321241
60,202,x_R08_EXIT_H,x_R26_EXIT_E,0.0003968436789963724
60,204,x_R08_EXIT_H,x_R26_EXIT_H,0.0003174749431970979
60,218,x_R08_EXIT_H,x_R28_EXIT_E,0.00013228122633212412
60,220,x_R08_EXIT_H,x_R28_EXIT_H,0.00014109997475426572
60,226,x_R08_EXIT_H,x_R29_EXIT_E,0.00026456245266424824
60,228,x_R08_EXIT_H,x_R29_EXIT_H,0.00028219994950853144
60,234,x_R08_EXIT_H,x_R30_EXIT_E,0.00026456245266424824
60,250,x_R08_EXIT_H,x_R32_EXIT_E,0.0003351124400413811
60,258,x_R08_EXIT_H,x_R33_EXIT_E,0.0003351124400413811
61,62,x_R08_EXIT_A,x_R08_EXIT_F,1.8397924987781469
61,63,x_R08_EXIT_A,x_R08_EXIT_B,1.83898117392331
61,64,x_R08_EXIT_A,x_R09_EXIT_C,0.0005114874084842134
61,65,x_R08_EXIT_A,x_R09_EXIT_D,0.0005114874084842134
61,67,x_R08_EXIT_A,x_R09_EXIT_G,0.0006702248800827622
61,68,x_R08_EXIT_A,x_R09_EXIT_H,0.00019401246528711534
61,69,x_R08_EXIT_A,x_R09_EXIT_A,0.002171616798952371
61,70,x_R08_EXIT_A,x_R09_EXIT_F,0.0010053373201241434
61,71,x_R08_EXIT_A,x_R09_EXIT_B,0.00019401246528711534
61,72,x_R08_EXIT_A,x_R10_EXIT_C,0.0004585749179513637
61,73,x_R08_EXIT_A,x_R10_EXIT_D,0.0004585749179513637
61,75,x_R08_EXIT_A,x_R10_EXIT_G,0.0006173123895499126
61,76,x_R08_EXIT_A,x_R10_EXIT_H,0.00014109997475426572
61,77,x_R08_EXIT_A,x_R10_EXIT_A,0.002118704308419521
61,78,x_R08_EXIT_A,x_R10_EXIT_F,0.0009524248295912937
61,79,x_R08_EXIT_A,x_R10_EXIT_B,0.00014109997475426572
61,82,x_R08_EXIT_A,x_R11_EXIT_E,0.0005114874084842134
61,85,x_R08_EXIT_A,x_R11_EXIT_A,0.0003549546239911998
61,86,x_R08_EXIT_A,x_R11_EXIT_F,0.00033511244004138114
61,90,x_R08_EXIT_A,x_R12_EXIT_E,0.0005114874084842134
61,93,x_R08_EXIT_A,x_R12_EXIT_A,0.0003549546239911998
61,94,x_R08_EXIT_A,x_R12_EXIT_F,0.00033511244004138114
61,98,x_R08_EXIT_A,x_R13_EXIT_E,0.0005114874084842134
61,101,x_R08_EXIT_A,x_R13_EXIT_A,0.0003549546239911998
61,102,x_R08_EXIT_A,x_R13_EXIT_F,0.00033511244004138114
61,106,x_R08_EXIT_A,x_R14_EXIT_E,0.0005114874084842134
61,109,x_R08_EXIT_A,x_R14_EXIT_A,0.0003549546239911998
61,110,x_R08_EXIT_A,x_R14_EXIT_F,0.00033511244004138114
61,112,x_R08_EXIT_A,x_R15_EXIT_C,0.0003527499368856644
61,113,x_R08_EXIT_A,x_R15_EXIT_D,0.0003527499368856644
61,114,x_R08_EXIT_A,x_R15_EXIT_E,0.00015873747159854894
61,115,x_R08_EXIT_A,x_R15_EXIT_G,0.0005114874084842133
61,117,x_R08_EXIT_A,x_R15_EXIT_A,0.002012879327353822
61,118,x_R08_EXIT_A,x_R15_EXIT_F,0.0008465998485255944
61,120,x_R08_EXIT_A,x_R16_EXIT_C,0.00040566242741851404
61,121,x_R08_EXIT_A,x_R16_EXIT_D,0.00040566242741851404
61,122,x_R08_EXIT_A,x_R16_EXIT_E,0.0001058249810656993
61,123,x_R08_EXIT_A,x_R16_EXIT_G,0.0005643998990170629
61,125,x_R08_EXIT_A,x_R16_EXIT_A,0.0020657918178866716
61,126,x_R08_EXIT_A,x_R16_EXIT_F,0.0008995123390584441
61,128,x_R08_EXIT_A,x_R17_EXIT_C,0.0004585749179513637
61,129,x_R08_EXIT_A,x_R17_EXIT_D,0.0004585749179513637
61,131,x_R08_EXIT_A,x_R17_EXIT_G,0.0006173123895499126
61,132,x_R08_EXIT_A,x_R17_EXIT_H,0.00014109997475426572
61,133,x_R08_EXIT_A,x_R17_EXIT_A,0.002118704308419521
61,134,x_R08_EXIT_A,x_R17_EXIT_F,0.0009524248295912937
61,135,x_R08_EXIT_A,x_R17_EXIT_B,0.00014109997475426572
61,136,x_R08_EXIT_A,x_R18_EXIT_C,0.0004585749179513637
61,137,x_R08_EXIT_A,x_R18_EXIT_D,0.0004585749179513637
61,139,x_R08_EXIT_A,x_R18_EXIT_G,0.0006173123895499126
61,140,x_R08_EXIT_A,x_R18_EXIT_H,0.00014109997475426572
61,141,x_R08_EXIT_A,x_R18_EXIT_A,0.002118704308419521
61,142,x_R08_EXIT_A,x_R18_EXIT_F,0.0009524248295912937
61,143,x_R08_EXIT_A,x_R18_EXIT_B,0.00014109997475426572
61,144,x_R08_EXIT_A,x_R19_EXIT_C,0.00034393118846352263
61,145,x_R08_EXIT_A,x_R19_EXIT_D,0.00034393118846352263
61,147,x_R08_EXIT_A,x_R19_EXIT_G,0.0004629842921624344
61,148,x_R08_EXIT_A,x_R19_EXIT_H,0.0001058249810656993
61,149,x_R08_EXIT_A,x_R19_EXIT_A,0.001589028231314641
61,150,x_R08_EXIT_A,x_R19_EXIT_F,0.0007143186221934702
61,151,x_R08_EXIT_A,x_R19_EXIT_B,0.0001058249810656993
61,152,x_R08_EXIT_A,x_R22_EXIT_C,0.0008377811001034529
61,153,x_R08_EXIT_A,x_R22_EXIT_D,0.0012346247790998252
61,154,x_R08_EXIT_A,x_R22_EXIT_E,0.0013228122633212414
61,155,x_R08_EXIT_A,x_R22_EXIT_G,0.0008377811001034529
61,156,x_R08_EXIT_A,x_R22_EXIT_H,0.0008377811001034529
61,157,x_R08_EXIT_A,x_R22_EXIT_A,0.0029156986970705692
61,160,x_R08_EXIT_A,x_R23_EXIT_C,0.0007936873579927448
61,161,x_R08_EXIT_A,x_R23_EXIT_D,0.0011905310369891172
61,162,x_R08_EXIT_A,x_R23_EXIT_E,0.0004850311632177885
61,163,x_R08_EXIT_A,x_R23_EXIT_G,0.0007936873579927448
61,165,x_R08_EXIT_A,x_R23_EXIT_A,0.0029156986970705692
61,169,x_R08_EXIT_A,x_R20_EXIT_D,0.0001190531036989117
61,170,x_R08_EXIT_A,x_R20_EXIT_E,0.00014550934896533652
61,173,x_R08_EXIT_A,x_R20_EXIT_A,0.0002662159679933998
61,174,x_R08_EXIT_A,x_R20_EXIT_F,0.0002381062073978234
61,175,x_R08_EXIT_A,x_R20_EXIT_B,0.0002381062073978234
61,177,x_R08_EXIT_A,x_R21_EXIT_D,0.0003968436789963724
61,178,x_R08_EXIT_A,x_R21_EXIT_E,0.0004850311632177885
61,181,x_R08_EXIT_A,x_R21_EXIT_A,0.001383441158723465
61,182,x_R08_EXIT_A,x_R21_EXIT_F,0.0002976327592472793
61,183,x_R08_EXIT_A,x_R21_EXIT_B,0.0002976327592472793
61,185,x_R08_EXIT_A,x_R24_EXIT_D,0.0003968436789963724
61,186,x_R08_EXIT_A,x_R24_EXIT_E,0.0004850311632177885
61,189,x_R08_EXIT_A,x_R24_EXIT_A,0.001681073917970744
61,193,x_R08_EXIT_A,x_R25_EXIT_D,0.0003968436789963724
61,194,x_R08_EXIT_A,x_R25_EXIT_E,0.0004850311632177885
61,197,x_R08_EXIT_A,x_R25_EXIT_A,0.001681073917970744
61,200,x_R08_EXIT_A,x_R26_EXIT_C,0.001131004485139661
61,201,x_R08_EXIT_A,x_R26_EXIT_D,0.0013691106925374844
61,202,x_R08_EXIT_A,x_R26_EXIT_E,0.0014220231830703342
61,203,x_R08_EXIT_A,x_R26_EXIT_G,0.0002381062073978234
61,205,x_R08_EXIT_A,x_R26_EXIT_A,0.0010681709026319024
61,209,x_R08_EXIT_A,x_R27_EXIT_D,0.00011905310369891172
61,213,x_R08_EXIT_A,x_R27_EXIT_A,0.00017802848377198373
61,216,x_R08_EXIT_A,x_R28_EXIT_C,0.0002629089373350967
61,217,x_R08_EXIT_A,x_R28_EXIT_D,0.0007986479039801995
61,218,x_R08_EXIT_A,x_R28_EXIT_E,0.0008162854008244826
61,219,x_R08_EXIT_A,x_R28_EXIT_G,0.00016369801758600363
61,220,x_R08_EXIT_A,x_R28_EXIT_H,0.0007192791681809251
61,222,x_R08_EXIT_A,x_R28_EXIT_F,0.00032243548918455255
61,223,x_R08_EXIT_A,x_R28_EXIT_B,0.00032243548918455255
61,225,x_R08_EXIT_A,x_R29_EXIT_D,0.0010714779332902055
61,226,x_R08_EXIT_A,x_R29_EXIT_E,0.0011067529269787716
61,228,x_R08_EXIT_A,x_R29_EXIT_H,0.0009127404616916565
61,230,x_R08_EXIT_A,x_R29_EXIT_F,0.00011905310369891172
61,231,x_R08_EXIT_A,x_R29_EXIT_B,0.00011905310369891172
61,232,x_R08_EXIT_A,x_R30_EXIT_C,0.0007936873579927449
61,233,x_R08_EXIT_A,x_R30_EXIT_D,0.0009524248295912938
61,234,x_R08_EXIT_A,x_R30_EXIT_E,0.0009876998232798602
61,235,x_R08_EXIT_A,x_R30_EXIT_G,0.00011905310369891172
61,237,x_R08_EXIT_A,x_R30_EXIT_A,0.0006724295671882976
61,245,x_R08_EXIT_A,x_R31_EXIT_A,0.0001681073917970744
61,249,x_R08_EXIT_A,x_R32_EXIT_D,0.00015873747159854897
61,250,x_R08_EXIT_A,x_R32_EXIT_E,0.00019401246528711534
61,253,x_R08_EXIT_A,x_R32_EXIT_A,0.0006724295671882976
61,257,x_R08_EXIT_A,x_R33_EXIT_D,0.00015873747159854897
61,258,x_R08_EXIT_A,x_R33_EXIT_E,0.00019401246528711534
61,261,x_R08_EXIT_A,x_R33_EXIT_A,0.0006724295671882976
62,63,x_R08_EXIT_F,x_R08_EXIT_B,1.83898117392331
62,64,x_R08_EXIT_F,x_R09_EXIT_C,0.0005114874084842134
62,65,x_R08_EXIT_F,x_R09_EXIT_D,0.0005114874084842134
62,67,x_R08_EXIT_F,x_R09_EXIT_G,0.0006702248800827622
62,68,x_R08_EXIT_F,x_R09_EXIT_H,0.00019401246528711534
62,69,x_R08_EXIT_F,x_R09_EXIT_A,0.0010053373201241434
62,70,x_R08_EXIT_F,x_R09_EXIT_F,0.0016755622002069055
62,71,x_R08_EXIT_F,x_R09_EXIT_B,0.00019401246528711534
62,72,x_R08_EXIT_F,x_R10_EXIT_C,0.0004585749179513637
62,73,x_R08_EXIT_F,x_R10_EXIT_D,0.0004585749179513637
62,75,x_R08_EXIT_F,x_R10_EXIT_G,0.0006173123895499126
62,76,x_R08_EXIT_F,x_R10_EXIT_H,0.00014109997475426572
62,77,x_R08_EXIT_F,x_R10_EXIT_A,0.0009524248295912937
62,78,x_R08_EXIT_F,x_R10_EXIT_F,0.001622649709674056
62,79,x_R08_EXIT_F,x_R10_EXIT_B,0.00014109997475426572
62,82,x_R08_EXIT_F,x_R11_EXIT_E,0.0005114874084842134
62,86,x_R08_EXIT_F,x_R11_EXIT_F,0.0010053373201241436
62,90,x_R08_EXIT_F,x_R12_EXIT_E,0.0005114874084842134
62,94,x_R08_EXIT_F,x_R12_EXIT_F,0.0010053373201241436
62,98,x_R08_EXIT_F,x_R13_EXIT_E,0.0005114874084842134
62,102,x_R08_EXIT_F,x_R13_EXIT_F,0.0010053373201241436
62,106,x_R08_EXIT_F,x_R14_EXIT_E,0.0005114874084842134
62,110,x_R08_EXIT_F,x_R14_EXIT_F,0.0010053373201241436
62,112,x_R08_EXIT_F,x_R15_EXIT_C,0.0003527499368856644
62,113,x_R08_EXIT_F,x_R15_EXIT_D,0.0003527499368856644
62,114,x_R08_EXIT_F,x_R15_EXIT_E,0.00015873747159854894
62,115,x_R08_EXIT_F,x_R15_EXIT_G,0.0005114874084842133
62,117,x_R08_EXIT_F,x_R15_EXIT_A,0.0008465998485255944
62,118,x_R08_EXIT_F,x_R15_EXIT_F,0.0015168247286083568
62,120,x_R08_EXIT_F,x_R16_EXIT_C,0.00040566242741851404
62,121,x_R08_EXIT_F,x_R16_EXIT_D,0.00040566242741851404
62,122,x_R08_EXIT_F,x_R16_EXIT_E,0.0001058249810656993
62,123,x_R08_EXIT_F,x_R16_EXIT_G,0.0005643998990170629
62,125,x_R08_EXIT_F,x_R16_EXIT_A,0.0008995123390584441
62,126,x_R08_EXIT_F,x_R16_EXIT_F,0.0015697372191412064
62,128,x_R08_EXIT_F,x_R17_EXIT_C,0.0004585749179513637
62,129,x_R08_EXIT_F,x_R17_EXIT_D,0.0004585749179513637
62,131,x_R08_EXIT_F,x_R17_EXIT_G,0.0006173123895499126
62,132,x_R08_EXIT_F,x_R17_EXIT_H,0.00014109997475426572
62,133,x_R08_EXIT_F,x_R17_EXIT_A,0.0009524248295912937
62,134,x_R08_EXIT_F,x_R17_EXIT_F,0.001622649709674056
62,135,x_R08_EXIT_F,x_R17_EXIT_B,0.00014109997475426572
62,136,x_R08_EXIT_F,x_R18_EXIT_C,0.0004585749179513637
62,137,x_R08_EXIT_F,x_R18_EXIT_D,0.0004585749179513637
62,139,x_R08_EXIT_F,x_R18_EXIT_G,0.0006173123895499126
62,140,x_R08_EXIT_F,x_R18_EXIT_H,0.00014109997475426572
62,141,x_R08_EXIT_F,x_R18_EXIT_A,0.0009524248295912937
62,142,x_R08_EXIT_F,x_R18_EXIT_F,0.001622649709674056
62,143,x_R08_EXIT_F,x_R18_EXIT_B,0.00014109997475426572
62,144,x_R08_EXIT_F,x_R19_EXIT_C,0.00034393118846352263
62,145,x_R08_EXIT_F,x_R19_EXIT_D,0.00034393118846352263
62,147,x_R08_EXIT_F,x_R19_EXIT_G,0.0004629842921624344
62,148,x_R08_EXIT_F,x_R19_EXIT_H,0.0001058249810656993
62,149,x_R08_EXIT_F,x_R19_EXIT_A,0.0007143186221934702
62,150,x_R08_EXIT_F,x_R19_EXIT_F,0.001216987282255542
62,151,x_R08_EXIT_F,x_R19_EXIT_B,0.0001058249810656993
62,152,x_R08_EXIT_F,x_R22_EXIT_C,0.0008377811001034529
62,153,x_R08_EXIT_F,x_R22_EXIT_D,0.0012346247790998252
62,154,x_R08_EXIT_F,x_R22_EXIT_E,0.0013228122633212414
62,155,x_R08_EXIT_F,x_R22_EXIT_G,0.0008377811001034529
62,156,x_R08_EXIT_F,x_R22_EXIT_H,0.0008377811001034529
62,158,x_R08_EXIT_F,x_R22_EXIT_F,0.0016755622002069058
62,159,x_R08_EXIT_F,x_R22_EXIT_B,0.0008377811001034529
62,160,x_R08_EXIT_F,x_R23_EXIT_C,0.0015873747159854895
62,161,x_R08_EXIT_F,x_R23_EXIT_D,0.0019842183949818617
62,162,x_R08_EXIT_F,x_R23_EXIT_E,0.0004850311632177885
62,163,x_R08_EXIT_F,x_R23_EXIT_G,0.0015873747159854895
62,165,x_R08_EXIT_F,x_R23_EXIT_A,0.0008377811001034529
62,166,x_R08_EXIT_F,x_R23_EXIT_F,0.0008377811001034527
62,169,x_R08_EXIT_F,x_R20_EXIT_D,0.0001190531036989117
62,170,x_R08_EXIT_F,x_R20_EXIT_E,0.00014550934896533652
62,174,x_R08_EXIT_F,x_R20_EXIT_F,0.00010251795040739618
62,177,x_R08_EXIT_F,x_R21_EXIT_D,0.0003968436789963724
62,178,x_R08_EXIT_F,x_R21_EXIT_E,0.0004850311632177885
62,182,x_R08_EXIT_F,x_R21_EXIT_F,0.00034172650135798734
62,185,x_R08_EXIT_F,x_R24_EXIT_D,0.0003968436789963724
62,186,x_R08_EXIT_F,x_R24_EXIT_E,0.0004850311632177885
62,190,x_R08_EXIT_F,x_R24_EXIT_F,0.00034172650135798734
62,193,x_R08_EXIT_F,x_R25_EXIT_D,0.0003968436789963724
62,194,x_R08_EXIT_F,x_R25_EXIT_E,0.0004850311632177885
62,198,x_R08_EXIT_F,x_R25_EXIT_F,0.00034172650135798734
62,200,x_R08_EXIT_F,x_R26_EXIT_C,0.0004762124147956468
62,201,x_R08_EXIT_F,x_R26_EXIT_D,0.0007143186221934702
62,202,x_R08_EXIT_F,x_R26_EXIT_E,0.0007672311127263198
62,204,x_R08_EXIT_F,x_R26_EXIT_H,0.00017857965554836754
62,206,x_R08_EXIT_F,x_R26_EXIT_F,0.0003240890045137041
62,208,x_R08_EXIT_F,x_R27_EXIT_C,0.00018850074752327687
62,209,x_R08_EXIT_F,x_R27_EXIT_D,0.00022818511542291417
62,211,x_R08_EXIT_F,x_R27_EXIT_G,0.00018850074752327687
62,217,x_R08_EXIT_F,x_R28_EXIT_D,0.00023810620739782344
62,218,x_R08_EXIT_F,x_R28_EXIT_E,0.0002557437042421067
62,220,x_R08_EXIT_F,x_R28_EXIT_H,0.00015873747159854897
62,225,x_R08_EXIT_F,x_R29_EXIT_D,0.0004762124147956469
62,226,x_R08_EXIT_F,x_R29_EXIT_E,0.0005114874084842134
62,228,x_R08_EXIT_F,x_R29_EXIT_H,0.00031747494319709794
62,230,x_R08_EXIT_F,x_R29_EXIT_F,0.00013669060054319495
62,232,x_R08_EXIT_F,x_R30_EXIT_C,0.00031747494319709794
62,233,x_R08_EXIT_F,x_R30_EXIT_D,0.0004762124147956469
62,234,x_R08_EXIT_F,x_R30_EXIT_E,0.0005114874084842134
62,249,x_R08_EXIT_F,x_R32_EXIT_D,0.00015873747159854897
62,250,x_R08_EXIT_F,x_R32_EXIT_E,0.00019401246528711534
62,254,x_R08_EXIT_F,x_R32_EXIT_F,0.00013669060054319495
62,257,x_R08_EXIT_F,x_R33_EXIT_D,0.00015873747159854897
62,258,x_R08_EXIT_F,x_R33_EXIT_E,0.00019401246528711534
62,262,x_R08_EXIT_F,x_R33_EXIT_F,0.00013669060054319495
63,64,x_R08_EXIT_B,x_R09_EXIT_C,0.00019401246528711534
63,65,x_R08_EXIT_B,x_R09_EXIT_D,0.00019401246528711534
63,67,x_R08_EXIT_B,x_R09_EXIT_G,0.00019401246528711534
63,68,x_R08_EXIT_B,x_R09_EXIT_H,0.00038802493057423073
63,69,x_R08_EXIT_B,x_R09_EXIT_A,0.00019401246528711534
63,70,x_R08_EXIT_B,x_R09_EXIT_F,0.00019401246528711534
63,71,x_R08_EXIT_B,x_R09_EXIT_B,0.0020503590081479236
63,72,x_R08_EXIT_B,x_R10_EXIT_C,0.00014109997475426572
63,73,x_R08_EXIT_B,x_R10_EXIT_D,0.00014109997475426572
63,75,x_R08_EXIT_B,x_R10_EXIT_G,0.00014109997475426572
63,76,x_R08_EXIT_B,x_R10_EXIT_H,0.0003351124400413811
63,77,x_R08_EXIT_B,x_R10_EXIT_A,0.00014109997475426572
63,78,x_R08_EXIT_B,x_R10_EXIT_F,0.00014109997475426572
63,79,x_R08_EXIT_B,x_R10_EXIT_B,0.0019974465176150744
63,82,x_R08_EXIT_B,x_R11_EXIT_E,0.00019401246528711534
63,84,x_R08_EXIT_B,x_R11_EXIT_H,0.0001234624779099825
63,87,x_R08_EXIT_B,x_R11_EXIT_B,0.0017857965554836759
63,90,x_R08_EXIT_B,x_R12_EXIT_E,0.00019401246528711534
63,92,x_R08_EXIT_B,x_R12_EXIT_H,0.0001234624779099825
63,95,x_R08_EXIT_B,x_R12_EXIT_B,0.0017857965554836759
63,98,x_R08_EXIT_B,x_R13_EXIT_E,0.00019401246528711534
63,100,x_R08_EXIT_B,x_R13_EXIT_H,0.0001234624779099825
63,103,x_R08_EXIT_B,x_R13_EXIT_B,0.0017857965554836759
63,106,x_R08_EXIT_B,x_R14_EXIT_E,0.00019401246528711534
63,108,x_R08_EXIT_B,x_R14_EXIT_H,0.0001234624779099825
63,111,x_R08_EXIT_B,x_R14_EXIT_B,0.0017857965554836759
63,114,x_R08_EXIT_B,x_R15_EXIT_E,0.00015873747159854894
63,116,x_R08_EXIT_B,x_R15_EXIT_H,0.0002292874589756818
63,119,x_R08_EXIT_B,x_R15_EXIT_B,0.001891621536549375
63,122,x_R08_EXIT_B,x_R16_EXIT_E,0.0001058249810656993
63,124,x_R08_EXIT_B,x_R16_EXIT_H,0.00028219994950853144
63,127,x_R08_EXIT_B,x_R16_EXIT_B,0.0019445340270822246
63,128,x_R08_EXIT_B,x_R17_EXIT_C,0.00014109997475426572
63,129,x_R08_EXIT_B,x_R17_EXIT_D,0.00014109997475426572
63,131,x_R08_EXIT_B,x_R17_EXIT_G,0.00014109997475426572
63,132,x_R08_EXIT_B,x_R17_EXIT_H,0.0003351124400413811
63,133,x_R08_EXIT_B,x_R17_EXIT_A,0.00014109997475426572
63,134,x_R08_EXIT_B,x_R17_EXIT_F,0.00014109997475426572
63,135,x_R08_EXIT_B,x_R17_EXIT_B,0.0019974465176150744
63,136,x_R08_EXIT_B,x_R18_EXIT_C,0.00014109997475426572
63,137,x_R08_EXIT_B,x_R18_EXIT_D,0.00014109997475426572
63,139,x_R08_EXIT_B,x_R18_EXIT_G,0.00014109997475426572
63,140,x_R08_EXIT_B,x_R18_EXIT_H,0.0003351124400413811
63,141,x_R08_EXIT_B,x_R18_EXIT_A,0.00014109997475426572
63,142,x_R08_EXIT_B,x_R18_EXIT_F,0.00014109997475426572
63,143,x_R08_EXIT_B,x_R18_EXIT_B,0.0019974465176150744
63,144,x_R08_EXIT_B,x_R19_EXIT_C,0.0001058249810656993
63,145,x_R08_EXIT_B,x_R19_EXIT_D,0.0001058249810656993
63,147,x_R08_EXIT_B,x_R19_EXIT_G,0.0001058249810656993
63,148,x_R08_EXIT_B,x_R19_EXIT_H,0.0002513343300310358
63,149,x_R08_EXIT_B,x_R19_EXIT_A,0.0001058249810656993
63,150,x_R08_EXIT_B,x_R19_EXIT_F,0.0001058249810656993
63,151,x_R08_EXIT_B,x_R19_EXIT_B,0.0014980848882113053
63,154,x_R08_EXIT_B,x_R22_EXIT_E,0.0006614061316606206
63,156,x_R08_EXIT_B,x_R22_EXIT_H,0.0003086561947749563
63,159,x_R08_EXIT_B,x_R22_EXIT_B,0.002518855018074197
63,162,x_R08_EXIT_B,x_R23_EXIT_E,0.0008377811001034528
63,164,x_R08_EXIT_B,x_R23_EXIT_H,0.0001322812263321241
63,167,x_R08_EXIT_B,x_R23_EXIT_B,0.002518855018074197
63,170,x_R08_EXIT_B,x_R20_EXIT_E,0.0001984218394981862
63,175,x_R08_EXIT_B,x_R20_EXIT_B,0.0007556565054222589
63,178,x_R08_EXIT_B,x_R21_EXIT_E,0.0006614061316606206
63,180,x_R08_EXIT_B,x_R21_EXIT_H,0.0003086561947749563
63,183,x_R08_EXIT_B,x_R21_EXIT_B,0.002518855018074197
63,184,x_R08_EXIT_B,x_R24_EXIT_C,0.001127146282704974
63,185,x_R08_EXIT_B,x_R24_EXIT_D,0.001127146282704974
63,186,x_R08_EXIT_B,x_R24_EXIT_E,0.001788552414365595
63,187,x_R08_EXIT_B,x_R24_EXIT_G,0.001127146282704974
63,188,x_R08_EXIT_B,x_R24_EXIT_H,0.000818490087930018
63,189,x_R08_EXIT_B,x_R24_EXIT_A,0.000818490087930018
63,190,x_R08_EXIT_B,x_R24_EXIT_F,0.000818490087930018
63,191,x_R08_EXIT_B,x_R24_EXIT_B,0.0033373451060042148
63,192,x_R08_EXIT_B,x_R25_EXIT_C,0.0003086561947749563
63,193,x_R08_EXIT_B,x_R25_EXIT_D,0.0003086561947749563
63,194,x_R08_EXIT_B,x_R25_EXIT_E,0.000970062326435577
63,195,x_R08_EXIT_B,x_R25_EXIT_G,0.0003086561947749563
63,202,x_R08_EXIT_B,x_R26_EXIT_E,0.0003968436789963724
63,207,x_R08_EXIT_B,x_R26_EXIT_B,0.0015113130108445178
63,215,x_R08_EXIT_B,x_R27_EXIT_B,0.0002518855018074197
63,218,x_R08_EXIT_B,x_R28_EXIT_E,0.00013228122633212412
63,223,x_R08_EXIT_B,x_R28_EXIT_B,0.0005037710036148394
63,226,x_R08_EXIT_B,x_R29_EXIT_E,0.00026456245266424824
63,228,x_R08_EXIT_B,x_R29_EXIT_H,0.0001234624779099825
63,231,x_R08_EXIT_B,x_R29_EXIT_B,0.0010075420072296788
63,234,x_R08_EXIT_B,x_R30_EXIT_E,0.00026456245266424824
63,239,x_R08_EXIT_B,x_R30_EXIT_B,0.0010075420072296788
63,247,x_R08_EXIT_B,x_R31_EXIT_B,0.0002518855018074197
63,248,x_R08_EXIT_B,x_R32_EXIT_C,0.0003979460225491401
63,249,x_R08_EXIT_B,x_R32_EXIT_D,0.0003979460225491401
63,250,x_R08_EXIT_B,x_R32_EXIT_E,0.0006625084752133883
63,251,x_R08_EXIT_B,x_R32_EXIT_G,0.0003979460225491401
63,252,x_R08_EXIT_B,x_R32_EXIT_H,0.00032739603517200727
63,253,x_R08_EXIT_B,x_R32_EXIT_A,0.00032739603517200727
63,254,x_R08_EXIT_B,x_R32_EXIT_F,0.00032739603517200727
63,255,x_R08_EXIT_B,x_R32_EXIT_B,0.0006801459720576716
63,258,x_R08_EXIT_B,x_R33_EXIT_E,0.0003351124400413811
64,65,x_R09_EXIT_C,x_R09_EXIT_D,1.8394573863381054
64,66,x_R09_EXIT_C,x_R09_EXIT_E,1.8386185028944493
64,67,x_R09_EXIT_C,x_R09_EXIT_G,1.8394573863381054
64,68,x_R09_EXIT_C,x_R09_EXIT_H,1.8391399113949085
64,69,x_R09_EXIT_C,x_R09_EXIT_A,1.8394573863381054
64,70,x_R09_EXIT_C,x_R09_EXIT_F,1.8394573863381054
64,71,x_R09_EXIT_C,x_R09_EXIT_B,1.8391399113949085
64,72,x_R09_EXIT_C,x_R10_EXIT_C,0.0012963560180548161
64,73,x_R09_EXIT_C,x_R10_EXIT_D,0.0004585749179513637
64,75,x_R09_EXIT_C,x_R10_EXIT_G,0.0004585749179513637
64,76,x_R09_EXIT_C,x_R10_EXIT_H,0.00014109997475426572
64,77,x_R09_EXIT_C,x_R10_EXIT_A,0.0004585749179513637
64,78,x_R09_EXIT_C,x_R10_EXIT_F,0.0004585749179513637
64,79,x_R09_EXIT_C,x_R10_EXIT_B,0.00014109997475426572
64,80,x_R09_EXIT_C,x_R11_EXIT_C,0.00024692495581996504
64,81,x_R09_EXIT_C,x_R11_EXIT_D,0.0005908561442834878
64,82,x_R09_EXIT_C,x_R11_EXIT_E,0.001102343552767701
64,83,x_R09_EXIT_C,x_R11_EXIT_G,0.00027338120108638984
64,84,x_R09_EXIT_C,x_R11_EXIT_H,0.00027338120108638984
64,85,x_R09_EXIT_C,x_R11_EXIT_A,0.00027338120108638984
64,86,x_R09_EXIT_C,x_R11_EXIT_F,0.00027338120108638984
64,87,x_R09_EXIT_C,x_R11_EXIT_B,0.00027338120108638984
64,88,x_R09_EXIT_C,x_R12_EXIT_C,0.00024692495581996504
64,89,x_R09_EXIT_C,x_R12_EXIT_D,0.0005908561442834878
64,90,x_R09_EXIT_C,x_R12_EXIT_E,0.001102343552767701
64,91,x_R09_EXIT_C,x_R12_EXIT_G,0.00027338120108638984
64,92,x_R09_EXIT_C,x_R12_EXIT_H,0.00027338120108638984
64,93,x_R09_EXIT_C,x_R12_EXIT_A,0.00027338120108638984
64,94,x_R09_EXIT_C,x_R12_EXIT_F,0.00027338120108638984
64,95,x_R09_EXIT_C,x_R12_EXIT_B,0.00027338120108638984
64,96,x_R09_EXIT_C,x_R13_EXIT_C,0.0003439311884635227
64,97,x_R09_EXIT_C,x_R13_EXIT_D,0.0004938499116399301
64,98,x_R09_EXIT_C,x_R13_EXIT_E,0.0010053373201241434
64,99,x_R09_EXIT_C,x_R13_EXIT_G,0.00017637496844283217
64,100,x_R09_EXIT_C,x_R13_EXIT_H,0.00017637496844283217
64,101,x_R09_EXIT_C,x_R13_EXIT_A,0.00017637496844283217
64,102,x_R09_EXIT_C,x_R13_EXIT_F,0.00017637496844283217
64,103,x_R09_EXIT_C,x_R13_EXIT_B,0.00017637496844283217
64,104,x_R09_EXIT_C,x_R14_EXIT_C,0.00044093742110708044
64,105,x_R09_EXIT_C,x_R14_EXIT_D,0.0003968436789963724
64,106,x_R09_EXIT_C,x_R14_EXIT_E,0.0009083310874805857
64,112,x_R09_EXIT_C,x_R15_EXIT_C,0.001190531036989117
64,113,x_R09_EXIT_C,x_R15_EXIT_D,0.0003527499368856644
64,114,x_R09_EXIT_C,x_R15_EXIT_E,0.00015873747159854894
64,115,x_R09_EXIT_C,x_R15_EXIT_G,0.0003527499368856644
64,117,x_R09_EXIT_C,x_R15_EXIT_A,0.0003527499368856644
64,118,x_R09_EXIT_C,x_R15_EXIT_F,0.0003527499368856644
64,120,x_R09_EXIT_C,x_R16_EXIT_C,0.0012434435275219665
64,121,x_R09_EXIT_C,x_R16_EXIT_D,0.00040566242741851404
64,122,x_R09_EXIT_C,x_R16_EXIT_E,0.0001058249810656993
64,123,x_R09_EXIT_C,x_R16_EXIT_G,0.00040566242741851404
64,125,x_R09_EXIT_C,x_R16_EXIT_A,0.00040566242741851404
64,126,x_R09_EXIT_C,x_R16_EXIT_F,0.00040566242741851404
64,128,x_R09_EXIT_C,x_R17_EXIT_C,0.0012963560180548161
64,129,x_R09_EXIT_C,x_R17_EXIT_D,0.0004585749179513637
64,131,x_R09_EXIT_C,x_R17_EXIT_G,0.0004585749179513637
64,132,x_R09_EXIT_C,x_R17_EXIT_H,0.00014109997475426572
64,133,x_R09_EXIT_C,x_R17_EXIT_A,0.0004585749179513637
64,134,x_R09_EXIT_C,x_R17_EXIT_F,0.0004585749179513637
64,135,x_R09_EXIT_C,x_R17_EXIT_B,0.00014109997475426572
64,136,x_R09_EXIT_C,x_R18_EXIT_C,0.0012963560180548161
64,137,x_R09_EXIT_C,x_R18_EXIT_D,0.0004585749179513637
64,139,x_R09_EXIT_C,x_R18_EXIT_G,0.0004585749179513637
64,140,x_R09_EXIT_C,x_R18_EXIT_H,0.00014109997475426572
64,141,x_R09_EXIT_C,x_R18_EXIT_A,0.0004585749179513637
64,142,x_R09_EXIT_C,x_R18_EXIT_F,0.0004585749179513637
64,143,x_R09_EXIT_C,x_R18_EXIT_B,0.00014109997475426572
64,144,x_R09_EXIT_C,x_R19_EXIT_C,0.0009722670135411122
64,145,x_R09_EXIT_C,x_R19_EXIT_D,0.00034393118846352263
64,147,x_R09_EXIT_C,x_R19_EXIT_G,0.00034393118846352263
64,148,x_R09_EXIT_C,x_R19_EXIT_H,0.0001058249810656993
64,149,x_R09_EXIT_C,x_R19_EXIT_A,0.00034393118846352263
64,150,x_R09_EXIT_C,x_R19_EXIT_F,0.00034393118846352263
64,151,x_R09_EXIT_C,x_R19_EXIT_B,0.0001058249810656993
64,152,x_R09_EXIT_C,x_R22_EXIT_C,0.001300765392265887
64,154,x_R09_EXIT_C,x_R22_EXIT_E,0.0004850311632177885
64,160,x_R09_EXIT_C,x_R23_EXIT_C,0.001300765392265887
64,162,x_R09_EXIT_C,x_R23_EXIT_E,0.0004850311632177885
64,168,x_R09_EXIT_C,x_R20_EXIT_C,0.00039022961767976613
64,170,x_R09_EXIT_C,x_R20_EXIT_E,0.00014550934896533652
64,176,x_R09_EXIT_C,x_R21_EXIT_C,0.001300765392265887
64,178,x_R09_EXIT_C,x_R21_EXIT_E,0.0004850311632177885
64,184,x_R09_EXIT_C,x_R24_EXIT_C,0.001300765392265887
64,186,x_R09_EXIT_C,x_R24_EXIT_E,0.0004850311632177885
64,192,x_R09_EXIT_C,x_R25_EXIT_C,0.001300765392265887
64,194,x_R09_EXIT_C,x_R25_EXIT_E,0.0004850311632177885
64,200,x_R09_EXIT_C,x_R26_EXIT_C,0.0007804592353595323
64,202,x_R09_EXIT_C,x_R26_EXIT_E,0.00029101869793067304
64,208,x_R09_EXIT_C,x_R27_EXIT_C,0.00013007653922658872
64,216,x_R09_EXIT_C,x_R28_EXIT_C,0.00026015307845317744
64,224,x_R09_EXIT_C,x_R29_EXIT_C,0.0005203061569063549
64,226,x_R09_EXIT_C,x_R29_EXIT_E,0.00019401246528711534
64,232,x_R09_EXIT_C,x_R30_EXIT_C,0.0005203061569063549
64,234,x_R09_EXIT_C,x_R30_EXIT_E,0.00019401246528711534
64,240,x_R09_EXIT_C,x_R31_EXIT_C,0.00013007653922658872
64,248,x_R09_EXIT_C,x_R32_EXIT_C,0.0005203061569063549
64,250,x_R09_EXIT_C,x_R32_EXIT_E,0.00019401246528711534
64,256,x_R09_EXIT_C,x_R33_EXIT_C,0.0005203061569063549
64,258,x_R09_EXIT_C,x_R33_EXIT_E,0.00019401246528711534
65,66,x_R09_EXIT_D,x_R09_EXIT_E,1.8386185028944493
65,67,x_R09_EXIT_D,x_R09_EXIT_G,1.8394573863381054
65,68,x_R09_EXIT_D,x_R09_EXIT_H,1.8391399113949085
65,69,x_R09_EXIT_D,x_R09_EXIT_A,1.8394573863381054
65,70,x_R09_EXIT_D,x_R09_EXIT_F,1.8394573863381054
65,71,x_R09_EXIT_D,x_R09_EXIT_B,1.8391399113949085
65,72,x_R09_EXIT_D,x_R10_EXIT_C,0.0004585749179513637
65,73,x_R09_EXIT_D,x_R10_EXIT_D,0.0006614061316606207
65,75,x_R09_EXIT_D,x_R10_EXIT_G,0.0004585749179513637
65,76,x_R09_EXIT_D,x_R10_EXIT_H,0.00014109997475426572
65,77,x_R09_EXIT_D,x_R10_EXIT_A,0.0004585749179513637
65,78,x_R09_EXIT_D,x_R10_EXIT_F,0.0004585749179513637
65,79,x_R09_EXIT_D,x_R10_EXIT_B,0.00014109997475426572
65,81,x_R09_EXIT_D,x_R11_EXIT_D,0.000202831213709257
65,82,x_R09_EXIT_D,x_R11_EXIT_E,0.0005114874084842134
65,89,x_R09_EXIT_D,x_R12_EXIT_D,0.000202831213709257
65,90,x_R09_EXIT_D,x_R12_EXIT_E,0.0005114874084842134
65,97,x_R09_EXIT_D,x_R13_EXIT_D,0.000202831213709257
65,98,x_R09_EXIT_D,x_R13_EXIT_E,0.0005114874084842134
65,105,x_R09_EXIT_D,x_R14_EXIT_D,0.000202831213709257
65,106,x_R09_EXIT_D,x_R14_EXIT_E,0.0005114874084842134
65,112,x_R09_EXIT_D,x_R15_EXIT_C,0.0003527499368856644
65,113,x_R09_EXIT_D,x_R15_EXIT_D,0.0005555811505949214
65,114,x_R09_EXIT_D,x_R15_EXIT_E,0.00015873747159854894
65,115,x_R09_EXIT_D,x_R15_EXIT_G,0.0003527499368856644
65,117,x_R09_EXIT_D,x_R15_EXIT_A,0.0003527499368856644
65,118,x_R09_EXIT_D,x_R15_EXIT_F,0.0003527499368856644
65,120,x_R09_EXIT_D,x_R16_EXIT_C,0.00040566242741851404
65,121,x_R09_EXIT_D,x_R16_EXIT_D,0.000608493641127771
65,122,x_R09_EXIT_D,x_R16_EXIT_E,0.0001058249810656993
65,123,x_R09_EXIT_D,x_R16_EXIT_G,0.00040566242741851404
65,125,x_R09_EXIT_D,x_R16_EXIT_A,0.00040566242741851404
65,126,x_R09_EXIT_D,x_R16_EXIT_F,0.00040566242741851404
65,128,x_R09_EXIT_D,x_R17_EXIT_C,0.0004585749179513637
65,129,x_R09_EXIT_D,x_R17_EXIT_D,0.0006614061316606207
65,131,x_R09_EXIT_D,x_R17_EXIT_G,0.0004585749179513637
65,132,x_R09_EXIT_D,x_R17_EXIT_H,0.00014109997475426572
65,133,x_R09_EXIT_D,x_R17_EXIT_A,0.0004585749179513637
65,134,x_R09_EXIT_D,x_R17_EXIT_F,0.0004585749179513637
65,135,x_R09_EXIT_D,x_R17_EXIT_B,0.00014109997475426572
65,136,x_R09_EXIT_D,x_R18_EXIT_C,0.0004585749179513637
65,137,x_R09_EXIT_D,x_R18_EXIT_D,0.0006614061316606207
65,139,x_R09_EXIT_D,x_R18_EXIT_G,0.0004585749179513637
65,140,x_R09_EXIT_D,x_R18_EXIT_H,0.00014109997475426572
65,141,x_R09_EXIT_D,x_R18_EXIT_A,0.0004585749179513637
65,142,x_R09_EXIT_D,x_R18_EXIT_F,0.0004585749179513637
65,143,x_R09_EXIT_D,x_R18_EXIT_B,0.00014109997475426572
65,144,x_R09_EXIT_D,x_R19_EXIT_C,0.00034393118846352263
65,145,x_R09_EXIT_D,x_R19_EXIT_D,0.0004960545987454653
65,147,x_R09_EXIT_D,x_R19_EXIT_G,0.00034393118846352263
65,148,x_R09_EXIT_D,x_R19_EXIT_H,0.0001058249810656993
65,149,x_R09_EXIT_D,x_R19_EXIT_A,0.00034393118846352263
65,150,x_R09_EXIT_D,x_R19_EXIT_F,0.00034393118846352263
65,151,x_R09_EXIT_D,x_R19_EXIT_B,0.0001058249810656993
65,153,x_R09_EXIT_D,x_R22_EXIT_D,0.0005070780342731424
65,154,x_R09_EXIT_D,x_R22_EXIT_E,0.0004850311632177885
65,161,x_R09_EXIT_D,x_R23_EXIT_D,0.0005070780342731424
65,162,x_R09_EXIT_D,x_R23_EXIT_E,0.0004850311632177885
65,169,x_R09_EXIT_D,x_R20_EXIT_D,0.00015212341028194274
65,170,x_R09_EXIT_D,x_R20_EXIT_E,0.00014550934896533652
65,177,x_R09_EXIT_D,x_R21_EXIT_D,0.0005070780342731424
65,178,x_R09_EXIT_D,x_R21_EXIT_E,0.0004850311632177885
65,185,x_R09_EXIT_D,x_R24_EXIT_D,0.0005070780342731424
65,186,x_R09_EXIT_D,x_R24_EXIT_E,0.0004850311632177885
65,193,x_R09_EXIT_D,x_R25_EXIT_D,0.0005070780342731424
65,194,x_R09_EXIT_D,x_R25_EXIT_E,0.0004850311632177885
65,201,x_R09_EXIT_D,x_R26_EXIT_D,0.0003042468205638855
65,202,x_R09_EXIT_D,x_R26_EXIT_E,0.00029101869793067304
65,217,x_R09_EXIT_D,x_R28_EXIT_D,0.0001014156068546285
65,225,x_R09_EXIT_D,x_R29_EXIT_D,0.000202831213709257
65,226,x_R09_EXIT_D,x_R29_EXIT_E,0.00019401246528711534
65,233,x_R09_EXIT_D,x_R30_EXIT_D,0.000202831213709257
65,234,x_R09_EXIT_D,x_R30_EXIT_E,0.00019401246528711534
65,249,x_R09_EXIT_D,x_R32_EXIT_D,0.000202831213709257
65,250,x_R09_EXIT_D,x_R32_EXIT_E,0.00019401246528711534
65,257,x_R09_EXIT_D,x_R33_EXIT_D,0.000202831213709257
65,258,x_R09_EXIT_D,x_R33_EXIT_E,0.00019401246528711534
66,67,x_R09_EXIT_E,x_R09_EXIT_G,1.8386185028944493
66,68,x_R09_EXIT_E,x_R09_EXIT_H,1.8386185028944493
66,69,x_R09_EXIT_E,x_R09_EXIT_A,1.8386185028944493
66,70,x_R09_EXIT_E,x_R09_EXIT_F,1.8386185028944493
66,71,x_R09_EXIT_E,x_R09_EXIT_B,1.8386185028944493
66,74,x_R09_EXIT_E,x_R10_EXIT_E,0.000715420965746238
67,68,x_R09_EXIT_G,x_R09_EXIT_H,1.8391399113949085
67,69,x_R09_EXIT_G,x_R09_EXIT_A,1.839616123809704
67,70,x_R09_EXIT_G,x_R09_EXIT_F,1.839616123809704
67,71,x_R09_EXIT_G,x_R09_EXIT_B,1.8391399113949085
67,72,x_R09_EXIT_G,x_R10_EXIT_C,0.0004585749179513637
67,73,x_R09_EXIT_G,x_R10_EXIT_D,0.0004585749179513637
67,75,x_R09_EXIT_G,x_R10_EXIT_G,0.0011508466690894796
67,76,x_R09_EXIT_G,x_R10_EXIT_H,0.00014109997475426572
67,77,x_R09_EXIT_G,x_R10_EXIT_A,0.0006173123895499126
67,78,x_R09_EXIT_G,x_R10_EXIT_F,0.0006173123895499126
67,79,x_R09_EXIT_G,x_R10_EXIT_B,0.00014109997475426572
67,82,x_R09_EXIT_G,x_R11_EXIT_E,0.0005114874084842134
67,83,x_R09_EXIT_G,x_R11_EXIT_G,0.0004938499116399301
67,85,x_R09_EXIT_G,x_R11_EXIT_A,0.0003571593110967352
67,90,x_R09_EXIT_G,x_R12_EXIT_E,0.0005114874084842134
67,91,x_R09_EXIT_G,x_R12_EXIT_G,0.0004938499116399301
67,93,x_R09_EXIT_G,x_R12_EXIT_A,0.0003571593110967352
67,98,x_R09_EXIT_G,x_R13_EXIT_E,0.0005114874084842134
67,99,x_R09_EXIT_G,x_R13_EXIT_G,0.0004938499116399301
67,101,x_R09_EXIT_G,x_R13_EXIT_A,0.0003571593110967352
67,106,x_R09_EXIT_G,x_R14_EXIT_E,0.0005114874084842134
67,107,x_R09_EXIT_G,x_R14_EXIT_G,0.0004938499116399301
67,109,x_R09_EXIT_G,x_R14_EXIT_A,0.0003571593110967352
67,112,x_R09_EXIT_G,x_R15_EXIT_C,0.0003527499368856644
67,113,x_R09_EXIT_G,x_R15_EXIT_D,0.0003527499368856644
67,114,x_R09_EXIT_G,x_R15_EXIT_E,0.00015873747159854894
67,115,x_R09_EXIT_G,x_R15_EXIT_G,0.0010450216880237807
67,117,x_R09_EXIT_G,x_R15_EXIT_A,0.0005114874084842133
67,118,x_R09_EXIT_G,x_R15_EXIT_F,0.0005114874084842133
67,120,x_R09_EXIT_G,x_R16_EXIT_C,0.00040566242741851404
67,121,x_R09_EXIT_G,x_R16_EXIT_D,0.00040566242741851404
67,122,x_R09_EXIT_G,x_R16_EXIT_E,0.0001058249810656993
67,123,x_R09_EXIT_G,x_R16_EXIT_G,0.0010979341785566303
67,125,x_R09_EXIT_G,x_R16_EXIT_A,0.0005643998990170629
67,126,x_R09_EXIT_G,x_R16_EXIT_F,0.0005643998990170629
67,128,x_R09_EXIT_G,x_R17_EXIT_C,0.0004585749179513637
67,129,x_R09_EXIT_G,x_R17_EXIT_D,0.0004585749179513637
67,131,x_R09_EXIT_G,x_R17_EXIT_G,0.0011508466690894796
67,132,x_R09_EXIT_G,x_R17_EXIT_H,0.00014109997475426572
67,133,x_R09_EXIT_G,x_R17_EXIT_A,0.0006173123895499126
67,134,x_R09_EXIT_G,x_R17_EXIT_F,0.0006173123895499126
67,135,x_R09_EXIT_G,x_R17_EXIT_B,0.00014109997475426572
67,136,x_R09_EXIT_G,x_R18_EXIT_C,0.0004585749179513637
67,137,x_R09_EXIT_G,x_R18_EXIT_D,0.0004585749179513637
67,139,x_R09_EXIT_G,x_R18_EXIT_G,0.0011508466690894796
67,140,x_R09_EXIT_G,x_R18_EXIT_H,0.00014109997475426572
67,141,x_R09_EXIT_G,x_R18_EXIT_A,0.0006173123895499126
67,142,x_R09_EXIT_G,x_R18_EXIT_F,0.0006173123895499126
67,143,x_R09_EXIT_G,x_R18_EXIT_B,0.00014109997475426572
67,144,x_R09_EXIT_G,x_R19_EXIT_C,0.00034393118846352263
67,145,x_R09_EXIT_G,x_R19_EXIT_D,0.00034393118846352263
67,147,x_R09_EXIT_G,x_R19_EXIT_G,0.00086313500181711
67,148,x_R09_EXIT_G,x_R19_EXIT_H,0.0001058249810656993
67,149,x_R09_EXIT_G,x_R19_EXIT_A,0.0004629842921624344
67,150,x_R09_EXIT_G,x_R19_EXIT_F,0.0004629842921624344
67,151,x_R09_EXIT_G,x_R19_EXIT_B,0.0001058249810656993
67,153,x_R09_EXIT_G,x_R22_EXIT_D,0.0003968436789963724
67,154,x_R09_EXIT_G,x_R22_EXIT_E,0.0004850311632177885
67,155,x_R09_EXIT_G,x_R22_EXIT_G,0.001333835698848918
67,161,x_R09_EXIT_G,x_R23_EXIT_D,0.0003968436789963724
67,162,x_R09_EXIT_G,x_R23_EXIT_E,0.0004850311632177885
67,163,x_R09_EXIT_G,x_R23_EXIT_G,0.001333835698848918
67,168,x_R09_EXIT_G,x_R20_EXIT_C,0.00026786948332255137
67,169,x_R09_EXIT_G,x_R20_EXIT_D,0.00041668586294619093
67,170,x_R09_EXIT_G,x_R20_EXIT_E,0.00044314210821261573
67,171,x_R09_EXIT_G,x_R20_EXIT_G,0.00010251795040739618
67,172,x_R09_EXIT_G,x_R20_EXIT_H,0.00029763275924727924
67,176,x_R09_EXIT_G,x_R21_EXIT_C,0.0004960545987454654
67,177,x_R09_EXIT_G,x_R21_EXIT_D,0.0009921091974909309
67,178,x_R09_EXIT_G,x_R21_EXIT_E,0.001080296681712347
67,179,x_R09_EXIT_G,x_R21_EXIT_G,0.0007385701803543596
67,180,x_R09_EXIT_G,x_R21_EXIT_H,0.0005952655184945586
67,185,x_R09_EXIT_G,x_R24_EXIT_D,0.0003968436789963724
67,186,x_R09_EXIT_G,x_R24_EXIT_E,0.0004850311632177885
67,187,x_R09_EXIT_G,x_R24_EXIT_G,0.001333835698848918
67,193,x_R09_EXIT_G,x_R25_EXIT_D,0.0003968436789963724
67,194,x_R09_EXIT_G,x_R25_EXIT_E,0.0004850311632177885
67,195,x_R09_EXIT_G,x_R25_EXIT_G,0.001333835698848918
67,201,x_R09_EXIT_G,x_R26_EXIT_D,0.0002381062073978234
67,202,x_R09_EXIT_G,x_R26_EXIT_E,0.00029101869793067304
67,203,x_R09_EXIT_G,x_R26_EXIT_G,0.0004431421082126158
67,211,x_R09_EXIT_G,x_R27_EXIT_G,0.00013338356988489185
67,224,x_R09_EXIT_G,x_R29_EXIT_C,0.00019842183949818622
67,225,x_R09_EXIT_G,x_R29_EXIT_D,0.00015873747159854897
67,226,x_R09_EXIT_G,x_R29_EXIT_E,0.00019401246528711534
67,227,x_R09_EXIT_G,x_R29_EXIT_G,0.0002954280721417439
67,233,x_R09_EXIT_G,x_R30_EXIT_D,0.00015873747159854897
67,234,x_R09_EXIT_G,x_R30_EXIT_E,0.00019401246528711534
67,235,x_R09_EXIT_G,x_R30_EXIT_G,0.0002954280721417439
67,249,x_R09_EXIT_G,x_R32_EXIT_D,0.00015873747159854897
67,250,x_R09_EXIT_G,x_R32_EXIT_E,0.00019401246528711534
67,251,x_R09_EXIT_G,x_R32_EXIT_G,0.0005335342795395674
67,257,x_R09_EXIT_G,x_R33_EXIT_D,0.00015873747159854897
67,258,x_R09_EXIT_G,x_R33_EXIT_E,0.00019401246528711534
67,259,x_R09_EXIT_G,x_R33_EXIT_G,0.0005335342795395674
68,69,x_R09_EXIT_H,x_R09_EXIT_A,1.8391399113949085
68,70,x_R09_EXIT_H,x_R09_EXIT_F,1.8391399113949085
68,71,x_R09_EXIT_H,x_R09_EXIT_B,1.8393339238601956
68,72,x_R09_EXIT_H,x_R10_EXIT_C,0.00014109997475426572
68,73,x_R09_EXIT_H,x_R10_EXIT_D,0.00014109997475426572
68,75,x_R09_EXIT_H,x_R10_EXIT_G,0.00014109997475426572
68,76,x_R09_EXIT_H,x_R10_EXIT_H,0.0004938499116399301
68,77,x_R09_EXIT_H,x_R10_EXIT_A,0.00014109997475426572
68,78,x_R09_EXIT_H,x_R10_EXIT_F,0.00014109997475426572
68,79,x_R09_EXIT_H,x_R10_EXIT_B,0.0003351124400413811
68,82,x_R09_EXIT_H,x_R11_EXIT_E,0.00019401246528711534
68,84,x_R09_EXIT_H,x_R11_EXIT_H,0.00028219994950853144
68,87,x_R09_EXIT_H,x_R11_EXIT_B,0.0001234624779099825
68,90,x_R09_EXIT_H,x_R12_EXIT_E,0.00019401246528711534
68,92,x_R09_EXIT_H,x_R12_EXIT_H,0.00028219994950853144
68,95,x_R09_EXIT_H,x_R12_EXIT_B,0.0001234624779099825
68,98,x_R09_EXIT_H,x_R13_EXIT_E,0.00019401246528711534
68,100,x_R09_EXIT_H,x_R13_EXIT_H,0.00028219994950853144
68,103,x_R09_EXIT_H,x_R13_EXIT_B,0.0001234624779099825
68,106,x_R09_EXIT_H,x_R14_EXIT_E,0.00019401246528711534
68,108,x_R09_EXIT_H,x_R14_EXIT_H,0.00028219994950853144
68,111,x_R09_EXIT_H,x_R14_EXIT_B,0.0001234624779099825
68,114,x_R09_EXIT_H,x_R15_EXIT_E,0.00015873747159854894
68,116,x_R09_EXIT_H,x_R15_EXIT_H,0.00038802493057423073
68,119,x_R09_EXIT_H,x_R15_EXIT_B,0.0002292874589756818
68,122,x_R09_EXIT_H,x_R16_EXIT_E,0.0001058249810656993
68,124,x_R09_EXIT_H,x_R16_EXIT_H,0.00044093742110708044
68,127,x_R09_EXIT_H,x_R16_EXIT_B,0.00028219994950853144
68,128,x_R09_EXIT_H,x_R17_EXIT_C,0.00014109997475426572
68,129,x_R09_EXIT_H,x_R17_EXIT_D,0.00014109997475426572
68,131,x_R09_EXIT_H,x_R17_EXIT_G,0.00014109997475426572
68,132,x_R09_EXIT_H,x_R17_EXIT_H,0.0004938499116399301
68,133,x_R09_EXIT_H,x_R17_EXIT_A,0.00014109997475426572
68,134,x_R09_EXIT_H,x_R17_EXIT_F,0.00014109997475426572
68,135,x_R09_EXIT_H,x_R17_EXIT_B,0.0003351124400413811
68,136,x_R09_EXIT_H,x_R18_EXIT_C,0.00014109997475426572
68,137,x_R09_EXIT_H,x_R18_EXIT_D,0.00014109997475426572
68,139,x_R09_EXIT_H,x_R18_EXIT_G,0.00014109997475426572
68,140,x_R09_EXIT_H,x_R18_EXIT_H,0.0004938499116399301
68,141,x_R09_EXIT_H,x_R18_EXIT_A,0.00014109997475426572
68,142,x_R09_EXIT_H,x_R18_EXIT_F,0.00014109997475426572
68,143,x_R09_EXIT_H,x_R18_EXIT_B,0.0003351124400413811
68,144,x_R09_EXIT_H,x_R19_EXIT_C,0.0001058249810656993
68,145,x_R09_EXIT_H,x_R19_EXIT_D,0.0001058249810656993
68,147,x_R09_EXIT_H,x_R19_EXIT_G,0.0001058249810656993
68,148,x_R09_EXIT_H,x_R19_EXIT_H,0.00037038743372994754
68,149,x_R09_EXIT_H,x_R19_EXIT_A,0.0001058249810656993
68,150,x_R09_EXIT_H,x_R19_EXIT_F,0.0001058249810656993
68,151,x_R09_EXIT_H,x_R19_EXIT_B,0.0002513343300310358
68,154,x_R09_EXIT_H,x_R22_EXIT_E,0.0006614061316606206
68,156,x_R09_EXIT_H,x_R22_EXIT_H,0.0007054998737713286
68,162,x_R09_EXIT_H,x_R23_EXIT_E,0.0008377811001034528
68,164,x_R09_EXIT_H,x_R23_EXIT_H,0.0005291249053284965
68,170,x_R09_EXIT_H,x_R20_EXIT_E,0.0001984218394981862
68,172,x_R09_EXIT_H,x_R20_EXIT_H,0.0002116499621313986
68,178,x_R09_EXIT_H,x_R21_EXIT_E,0.0006614061316606206
68,180,x_R09_EXIT_H,x_R21_EXIT_H,0.0007054998737713286
68,184,x_R09_EXIT_H,x_R24_EXIT_C,0.0003086561947749563
68,185,x_R09_EXIT_H,x_R24_EXIT_D,0.0003086561947749563
68,186,x_R09_EXIT_H,x_R24_EXIT_E,0.000970062326435577
68,187,x_R09_EXIT_H,x_R24_EXIT_G,0.0003086561947749563
68,188,x_R09_EXIT_H,x_R24_EXIT_H,0.0003968436789963724
68,192,x_R09_EXIT_H,x_R25_EXIT_C,0.0005732186474392045
68,193,x_R09_EXIT_H,x_R25_EXIT_D,0.0005732186474392045
68,194,x_R09_EXIT_H,x_R25_EXIT_E,0.0012346247790998252
68,195,x_R09_EXIT_H,x_R25_EXIT_G,0.0005732186474392045
68,196,x_R09_EXIT_H,x_R25_EXIT_H,0.0001322812263321241
68,202,x_R09_EXIT_H,x_R26_EXIT_E,0.0003968436789963724
68,204,x_R09_EXIT_H,x_R26_EXIT_H,0.0003174749431970979
68,218,x_R09_EXIT_H,x_R28_EXIT_E,0.00013228122633212412
68,220,x_R09_EXIT_H,x_R28_EXIT_H,0.00014109997475426572
68,226,x_R09_EXIT_H,x_R29_EXIT_E,0.00026456245266424824
68,228,x_R09_EXIT_H,x_R29_EXIT_H,0.00028219994950853144
68,234,x_R09_EXIT_H,x_R30_EXIT_E,0.00026456245266424824
68,250,x_R09_EXIT_H,x_R32_EXIT_E,0.0003351124400413811
68,258,x_R09_EXIT_H,x_R33_EXIT_E,0.0003351124400413811
69,70,x_R09_EXIT_A,x_R09_EXIT_F,1.8399512362497454
69,71,x_R09_EXIT_A,x_R09_EXIT_B,1.8391399113949085
69,72,x_R09_EXIT_A,x_R10_EXIT_C,0.0004585749179513637
69,73,x_R09_EXIT_A,x_R10_EXIT_D,0.0004585749179513637
69,75,x_R09_EXIT_A,x_R10_EXIT_G,0.0006173123895499126
69,76,x_R09_EXIT_A,x_R10_EXIT_H,0.00014109997475426572
69,77,x_R09_EXIT_A,x_R10_EXIT_A,0.002118704308419521
69,78,x_R09_EXIT_A,x_R10_EXIT_F,0.0009524248295912937
69,79,x_R09_EXIT_A,x_R10_EXIT_B,0.00014109997475426572
69,82,x_R09_EXIT_A,x_R11_EXIT_E,0.0005114874084842134
69,85,x_R09_EXIT_A,x_R11_EXIT_A,0.0003549546239911998
69,86,x_R09_EXIT_A,x_R11_EXIT_F,0.00033511244004138114
69,90,x_R09_EXIT_A,x_R12_EXIT_E,0.0005114874084842134
69,93,x_R09_EXIT_A,x_R12_EXIT_A,0.0003549546239911998
69,94,x_R09_EXIT_A,x_R12_EXIT_F,0.00033511244004138114
69,98,x_R09_EXIT_A,x_R13_EXIT_E,0.0005114874084842134
69,101,x_R09_EXIT_A,x_R13_EXIT_A,0.0003549546239911998
69,102,x_R09_EXIT_A,x_R13_EXIT_F,0.00033511244004138114
69,106,x_R09_EXIT_A,x_R14_EXIT_E,0.0005114874084842134
69,109,x_R09_EXIT_A,x_R14_EXIT_A,0.0003549546239911998
69,110,x_R09_EXIT_A,x_R14_EXIT_F,0.00033511244004138114
69,112,x_R09_EXIT_A,x_R15_EXIT_C,0.0003527499368856644
69,113,x_R09_EXIT_A,x_R15_EXIT_D,0.0003527499368856644
69,114,x_R09_EXIT_A,x_R15_EXIT_E,0.00015873747159854894
69,115,x_R09_EXIT_A,x_R15_EXIT_G,0.0005114874084842133
69,117,x_R09_EXIT_A,x_R15_EXIT_A,0.002012879327353822
69,118,x_R09_EXIT_A,x_R15_EXIT_F,0.0008465998485255944
69,120,x_R09_EXIT_A,x_R16_EXIT_C,0.00040566242741851404
69,121,x_R09_EXIT_A,x_R16_EXIT_D,0.00040566242741851404
69,122,x_R09_EXIT_A,x_R16_EXIT_E,0.0001058249810656993
69,123,x_R09_EXIT_A,x_R16_EXIT_G,0.0005643998990170629
69,125,x_R09_EXIT_A,x_R16_EXIT_A,0.0020657918178866716
69,126,x_R09_EXIT_A,x_R16_EXIT_F,0.0008995123390584441
69,128,x_R09_EXIT_A,x_R17_EXIT_C,0.0004585749179513637
69,129,x_R09_EXIT_A,x_R17_EXIT_D,0.0004585749179513637
69,131,x_R09_EXIT_A,x_R17_EXIT_G,0.0006173123895499126
69,132,x_R09_EXIT_A,x_R17_EXIT_H,0.00014109997475426572
69,133,x_R09_EXIT_A,x_R17_EXIT_A,0.002118704308419521
69,134,x_R09_EXIT_A,x_R17_EXIT_F,0.0009524248295912937
69,135,x_R09_EXIT_A,x_R17_EXIT_B,0.00014109997475426572
69,136,x_R09_EXIT_A,x_R18_EXIT_C,0.0004585749179513637
69,137,x_R09_EXIT_A,x_R18_EXIT_D,0.0004585749179513637
69,139,x_R09_EXIT_A,x_R18_EXIT_G,0.0006173123895499126
69,140,x_R09_EXIT_A,x_R18_EXIT_H,0.00014109997475426572
69,141,x_R09_EXIT_A,x_R18_EXIT_A,0.002118704308419521
69,142,x_R09_EXIT_A,x_R18_EXIT_F,0.0009524248295912937
69,143,x_R09_EXIT_A,x_R18_EXIT_B,0.00014109997475426572
69,144,x_R09_EXIT_A,x_R19_EXIT_C,0.00034393118846352263
69,145,x_R09_EXIT_A,x_R19_EXIT_D,0.00034393118846352263
69,147,x_R09_EXIT_A,x_R19_EXIT_G,0.0004629842921624344
69,148,x_R09_EXIT_A,x_R19_EXIT_H,0.0001058249810656993
69,149,x_R09_EXIT_A,x_R19_EXIT_A,0.001589028231314641
69,150,x_R09_EXIT_A,x_R19_EXIT_F,0.0007143186221934702
69,151,x_R09_EXIT_A,x_R19_EXIT_B,0.0001058249810656993
69,152,x_R09_EXIT_A,x_R22_EXIT_C,0.0008377811001034529
69,153,x_R09_EXIT_A,x_R22_EXIT_D,0.0012346247790998252
69,154,x_R09_EXIT_A,x_R22_EXIT_E,0.0013228122633212414
69,155,x_R09_EXIT_A,x_R22_EXIT_G,0.0008377811001034529
69,156,x_R09_EXIT_A,x_R22_EXIT_H,0.0008377811001034529
69,157,x_R09_EXIT_A,x_R22_EXIT_A,0.0029156986970705692
69,160,x_R09_EXIT_A,x_R23_EXIT_C,0.0007936873579927448
69,161,x_R09_EXIT_A,x_R23_EXIT_D,0.0011905310369891172
69,162,x_R09_EXIT_A,x_R23_EXIT_E,0.0004850311632177885
69,163,x_R09_EXIT_A,x_R23_EXIT_G,0.0007936873579927448
69,165,x_R09_EXIT_A,x_R23_EXIT_A,0.0029156986970705692
69,169,x_R09_EXIT_A,x_R20_EXIT_D,0.0001190531036989117
69,170,x_R09_EXIT_A,x_R20_EXIT_E,0.00014550934896533652
69,173,x_R09_EXIT_A,x_R20_EXIT_A,0.0002662159679933998
69,174,x_R09_EXIT_A,x_R20_EXIT_F,0.0002381062073978234
69,175,x_R09_EXIT_A,x_R20_EXIT_B,0.0002381062073978234
69,177,x_R09_EXIT_A,x_R21_EXIT_D,0.0003968436789963724
69,178,x_R09_EXIT_A,x_R21_EXIT_E,0.0004850311632177885
69,181,x_R09_EXIT_A,x_R21_EXIT_A,0.001383441158723465
69,182,x_R09_EXIT_A,x_R21_EXIT_F,0.0002976327592472793
69,183,x_R09_EXIT_A,x_R21_EXIT_B,0.0002976327592472793
69,185,x_R09_EXIT_A,x_R24_EXIT_D,0.0003968436789963724
69,186,x_R09_EXIT_A,x_R24_EXIT_E,0.0004850311632177885
69,189,x_R09_EXIT_A,x_R24_EXIT_A,0.001681073917970744
69,193,x_R09_EXIT_A,x_R25_EXIT_D,0.0003968436789963724
69,194,x_R09_EXIT_A,x_R25_EXIT_E,0.0004850311632177885
69,197,x_R09_EXIT_A,x_R25_EXIT_A,0.001681073917970744
69,200,x_R09_EXIT_A,x_R26_EXIT_C,0.001131004485139661
69,201,x_R09_EXIT_A,x_R26_EXIT_D,0.0013691106925374844
69,202,x_R09_EXIT_A,x_R26_EXIT_E,0.0014220231830703342
69,203,x_R09_EXIT_A,x_R26_EXIT_G,0.0002381062073978234
69,205,x_R09_EXIT_A,x_R26_EXIT_A,0.0010681709026319024
69,209,x_R09_EXIT_A,x_R27_EXIT_D,0.00011905310369891172
69,213,x_R09_EXIT_A,x_R27_EXIT_A,0.00017802848377198373
69,216,x_R09_EXIT_A,x_R28_EXIT_C,0.0002629089373350967
69,217,x_R09_EXIT_A,x_R28_EXIT_D,0.0007986479039801995
69,218,x_R09_EXIT_A,x_R28_EXIT_E,0.0008162854008244826
69,219,x_R09_EXIT_A,x_R28_EXIT_G,0.00016369801758600363
69,220,x_R09_EXIT_A,x_R28_EXIT_H,0.0007192791681809251
69,222,x_R09_EXIT_A,x_R28_EXIT_F,0.00032243548918455255
69,223,x_R09_EXIT_A,x_R28_EXIT_B,0.00032243548918455255
69,225,x_R09_EXIT_A,x_R29_EXIT_D,0.0010714779332902055
69,226,x_R09_EXIT_A,x_R29_EXIT_E,0.0011067529269787716
69,228,x_R09_EXIT_A,x_R29_EXIT_H,0.0009127404616916565
69,230,x_R09_EXIT_A,x_R29_EXIT_F,0.00011905310369891172
69,231,x_R09_EXIT_A,x_R29_EXIT_B,0.00011905310369891172
69,232,x_R09_EXIT_A,x_R30_EXIT_C,0.0007936873579927449
69,233,x_R09_EXIT_A,x_R30_EXIT_D,0.0009524248295912938
69,234,x_R09_EXIT_A,x_R30_EXIT_E,0.0009876998232798602
69,235,x_R09_EXIT_A,x_R30_EXIT_G,0.00011905310369891172
69,237,x_R09_EXIT_A,x_R30_EXIT_A,0.0006724295671882976
69,245,x_R09_EXIT_A,x_R31_EXIT_A,0.0001681073917970744
69,249,x_R09_EXIT_A,x_R32_EXIT_D,0.00015873747159854897
69,250,x_R09_EXIT_A,x_R32_EXIT_E,0.00019401246528711534
69,253,x_R09_EXIT_A,x_R32_EXIT_A,0.0006724295671882976
69,257,x_R09_EXIT_A,x_R33_EXIT_D,0.00015873747159854897
69,258,x_R09_EXIT_A,x_R33_EXIT_E,0.00019401246528711534
69,261,x_R09_EXIT_A,x_R33_EXIT_A,0.0006724295671882976
70,71,x_R09_EXIT_F,x_R09_EXIT_B,1.8391399113949085
70,72,x_R09_EXIT_F,x_R10_EXIT_C,0.0004585749179513637
70,73,x_R09_EXIT_F,x_R10_EXIT_D,0.0004585749179513637
70,75,x_R09_EXIT_F,x_R10_EXIT_G,0.0006173123895499126
70,76,x_R09_EXIT_F,x_R10_EXIT_H,0.00014109997475426572
70,77,x_R09_EXIT_F,x_R10_EXIT_A,0.0009524248295912937
70,78,x_R09_EXIT_F,x_R10_EXIT_F,0.001622649709674056
70,79,x_R09_EXIT_F,x_R10_EXIT_B,0.00014109997475426572
70,82,x_R09_EXIT_F,x_R11_EXIT_E,0.0005114874084842134
70,86,x_R09_EXIT_F,x_R11_EXIT_F,0.0010053373201241436
70,90,x_R09_EXIT_F,x_R12_EXIT_E,0.0005114874084842134
70,94,x_R09_EXIT_F,x_R12_EXIT_F,0.0010053373201241436
70,98,x_R09_EXIT_F,x_R13_EXIT_E,0.0005114874084842134
70,102,x_R09_EXIT_F,x_R13_EXIT_F,0.0010053373201241436
70,106,x_R09_EXIT_F,x_R14_EXIT_E,0.0005114874084842134
70,110,x_R09_EXIT_F,x_R14_EXIT_F,0.0010053373201241436
70,112,x_R09_EXIT_F,x_R15_EXIT_C,0.0003527499368856644
70,113,x_R09_EXIT_F,x_R15_EXIT_D,0.0003527499368856644
70,114,x_R09_EXIT_F,x_R15_EXIT_E,0.00015873747159854894
70,115,x_R09_EXIT_F,x_R15_EXIT_G,0.0005114874084842133
70,117,x_R09_EXIT_F,x_R15_EXIT_A,0.0008465998485255944
70,118,x_R09_EXIT_F,x_R15_EXIT_F,0.0015168247286083568
70,120,x_R09_EXIT_F,x_R16_EXIT_C,0.00040566242741851404
70,121,x_R09_EXIT_F,x_R16_EXIT_D,0.00040566242741851404
70,122,x_R09_EXIT_F,x_R16_EXIT_E,0.0001058249810656993
70,123,x_R09_EXIT_F,x_R16_EXIT_G,0.0005643998990170629
70,125,x_R09_EXIT_F,x_R16_EXIT_A,0.0008995123390584441
70,126,x_R09_EXIT_F,x_R16_EXIT_F,0.0015697372191412064
70,128,x_R09_EXIT_F,x_R17_EXIT_C,0.0004585749179513637
70,129,x_R09_EXIT_F,x_R17_EXIT_D,0.0004585749179513637
70,131,x_R09_EXIT_F,x_R17_EXIT_G,0.0006173123895499126
70,132,x_R09_EXIT_F,x_R17_EXIT_H,0.00014109997475426572
70,133,x_R09_EXIT_F,x_R17_EXIT_A,0.0009524248295912937
70,134,x_R09_EXIT_F,x_R17_EXIT_F,0.001622649709674056
70,135,x_R09_EXIT_F,x_R17_EXIT_B,0.00014109997475426572
70,136,x_R09_EXIT_F,x_R18_EXIT_C,0.0004585749179513637
70,137,x_R09_EXIT_F,x_R18_EXIT_D,0.0004585749179513637
70,139,x_R09_EXIT_F,x_R18_EXIT_G,0.0006173123895499126
70,140,x_R09_EXIT_F,x_R18_EXIT_H,0.00014109997475426572
70,141,x_R09_EXIT_F,x_R18_EXIT_A,0.0009524248295912937
70,142,x_R09_EXIT_F,x_R18_EXIT_F,0.001622649709674056
70,143,x_R09_EXIT_F,x_R18_EXIT_B,0.00014109997475426572
70,144,x_R09_EXIT_F,x_R19_EXIT_C,0.00034393118846352263
70,145,x_R09_EXIT_F,x_R19_EXIT_D,0.00034393118846352263
70,147,x_R09_EXIT_F,x_R19_EXIT_G,0.0004629842921624344
70,148,x_R09_EXIT_F,x_R19_EXIT_H,0.0001058249810656993
70,149,x_R09_EXIT_F,x_R19_EXIT_A,0.0007143186221934702
70,150,x_R09_EXIT_F,x_R19_EXIT_F,0.001216987282255542
70,151,x_R09_EXIT_F,x_R19_EXIT_B,0.0001058249810656993
70,152,x_R09_EXIT_F,x_R22_EXIT_C,0.0008377811001034529
70,153,x_R09_EXIT_F,x_R22_EXIT_D,0.0012346247790998252
70,154,x_R09_EXIT_F,x_R22_EXIT_E,0.0013228122633212414
70,155,x_R09_EXIT_F,x_R22_EXIT_G,0.0008377811001034529
70,156,x_R09_EXIT_F,x_R22_EXIT_H,0.0008377811001034529
70,158,x_R09_EXIT_F,x_R22_EXIT_F,0.0016755622002069058
70,159,x_R09_EXIT_F,x_R22_EXIT_B,0.0008377811001034529
70,160,x_R09_EXIT_F,x_R23_EXIT_C,0.0015873747159854895
70,161,x_R09_EXIT_F,x_R23_EXIT_D,0.0019842183949818617
70,162,x_R09_EXIT_F,x_R23_EXIT_E,0.0004850311632177885
70,163,x_R09_EXIT_F,x_R23_EXIT_G,0.0015873747159854895
70,165,x_R09_EXIT_F,x_R23_EXIT_A,0.0008377811001034529
70,166,x_R09_EXIT_F,x_R23_EXIT_F,0.0008377811001034527
70,169,x_R09_EXIT_F,x_R20_EXIT_D,0.0001190531036989117
70,170,x_R09_EXIT_F,x_R20_EXIT_E,0.00014550934896533652
70,174,x_R09_EXIT_F,x_R20_EXIT_F,0.00010251795040739618
70,177,x_R09_EXIT_F,x_R21_EXIT_D,0.0003968436789963724
70,178,x_R09_EXIT_F,x_R21_EXIT_E,0.0004850311632177885
70,182,x_R09_EXIT_F,x_R21_EXIT_F,0.00034172650135798734
70,185,x_R09_EXIT_F,x_R24_EXIT_D,0.0003968436789963724
70,186,x_R09_EXIT_F,x_R24_EXIT_E,0.0004850311632177885
70,190,x_R09_EXIT_F,x_R24_EXIT_F,0.00034172650135798734
70,193,x_R09_EXIT_F,x_R25_EXIT_D,0.0003968436789963724
70,194,x_R09_EXIT_F,x_R25_EXIT_E,0.0004850311632177885
70,198,x_R09_EXIT_F,x_R25_EXIT_F,0.00034172650135798734
70,200,x_R09_EXIT_F,x_R26_EXIT_C,0.0004762124147956468
70,201,x_R09_EXIT_F,x_R26_EXIT_D,0.0007143186221934702
70,202,x_R09_EXIT_F,x_R26_EXIT_E,0.0007672311127263198
70,204,x_R09_EXIT_F,x_R26_EXIT_H,0.00017857965554836754
70,206,x_R09_EXIT_F,x_R26_EXIT_F,0.0003240890045137041
70,208,x_R09_EXIT_F,x_R27_EXIT_C,0.00018850074752327687
70,209,x_R09_EXIT_F,x_R27_EXIT_D,0.00022818511542291417
70,211,x_R09_EXIT_F,x_R27_EXIT_G,0.00018850074752327687
70,217,x_R09_EXIT_F,x_R28_EXIT_D,0.00023810620739782344
70,218,x_R09_EXIT_F,x_R28_EXIT_E,0.0002557437042421067
70,220,x_R09_EXIT_F,x_R28_EXIT_H,0.00015873747159854897
70,225,x_R09_EXIT_F,x_R29_EXIT_D,0.0004762124147956469
70,226,x_R09_EXIT_F,x_R29_EXIT_E,0.0005114874084842134
70,228,x_R09_EXIT_F,x_R29_EXIT_H,0.00031747494319709794
70,230,x_R09_EXIT_F,x_R29_EXIT_F,0.00013669060054319495
70,232,x_R09_EXIT_F,x_R30_EXIT_C,0.00031747494319709794
70,233,x_R09_EXIT_F,x_R30_EXIT_D,0.0004762124147956469
70,234,x_R09_EXIT_F,x_R30_EXIT_E,0.0005114874084842134
70,249,x_R09_EXIT_F,x_R32_EXIT_D,0.00015873747159854897
70,250,x_R09_EXIT_F,x_R32_EXIT_E,0.00019401246528711534
70,254,x_R09_EXIT_F,x_R32_EXIT_F,0.00013669060054319495
70,257,x_R09_EXIT_F,x_R33_EXIT_D,0.00015873747159854897
70,258,x_R09_EXIT_F,x_R33_EXIT_E,0.00019401246528711534
70,262,x_R09_EXIT_F,x_R33_EXIT_F,0.00013669060054319495
71,72,x_R09_EXIT_B,x_R10_EXIT_C,0.00014109997475426572
71,73,x_R09_EXIT_B,x_R10_EXIT_D,0.00014109997475426572
71,75,x_R09_EXIT_B,x_R10_EXIT_G,0.00014109997475426572
71,76,x_R09_EXIT_B,x_R10_EXIT_H,0.0003351124400413811
71,77,x_R09_EXIT_B,x_R10_EXIT_A,0.00014109997475426572
71,78,x_R09_EXIT_B,x_R10_EXIT_F,0.00014109997475426572
71,79,x_R09_EXIT_B,x_R10_EXIT_B,0.0019974465176150744
71,82,x_R09_EXIT_B,x_R11_EXIT_E,0.00019401246528711534
71,84,x_R09_EXIT_B,x_R11_EXIT_H,0.0001234624779099825
71,87,x_R09_EXIT_B,x_R11_EXIT_B,0.0017857965554836759
71,90,x_R09_EXIT_B,x_R12_EXIT_E,0.00019401246528711534
71,92,x_R09_EXIT_B,x_R12_EXIT_H,0.0001234624779099825
71,95,x_R09_EXIT_B,x_R12_EXIT_B,0.0017857965554836759
71,98,x_R09_EXIT_B,x_R13_EXIT_E,0.00019401246528711534
71,100,x_R09_EXIT_B,x_R13_EXIT_H,0.0001234624779099825
71,103,x_R09_EXIT_B,x_R13_EXIT_B,0.0017857965554836759
71,106,x_R09_EXIT_B,x_R14_EXIT_E,0.00019401246528711534
71,108,x_R09_EXIT_B,x_R14_EXIT_H,0.0001234624779099825
71,111,x_R09_EXIT_B,x_R14_EXIT_B,0.0017857965554836759
71,114,x_R09_EXIT_B,x_R15_EXIT_E,0.00015873747159854894
71,116,x_R09_EXIT_B,x_R15_EXIT_H,0.0002292874589756818
71,119,x_R09_EXIT_B,x_R15_EXIT_B,0.001891621536549375
71,122,x_R09_EXIT_B,x_R16_EXIT_E,0.0001058249810656993
71,124,x_R09_EXIT_B,x_R16_EXIT_H,0.00028219994950853144
71,127,x_R09_EXIT_B,x_R16_EXIT_B,0.0019445340270822246
71,128,x_R09_EXIT_B,x_R17_EXIT_C,0.00014109997475426572
71,129,x_R09_EXIT_B,x_R17_EXIT_D,0.00014109997475426572
71,131,x_R09_EXIT_B,x_R17_EXIT_G,0.00014109997475426572
71,132,x_R09_EXIT_B,x_R17_EXIT_H,0.0003351124400413811
71,133,x_R09_EXIT_B,x_R17_EXIT_A,0.00014109997475426572
71,134,x_R09_EXIT_B,x_R17_EXIT_F,0.00014109997475426572
71,135,x_R09_EXIT_B,x_R17_EXIT_B,0.0019974465176150744
71,136,x_R09_EXIT_B,x_R18_EXIT_C,0.00014109997475426572
71,137,x_R09_EXIT_B,x_R18_EXIT_D,0.00014109997475426572
71,139,x_R09_EXIT_B,x_R18_EXIT_G,0.00014109997475426572
71,140,x_R09_EXIT_B,x_R18_EXIT_H,0.0003351124400413811
71,141,x_R09_EXIT_B,x_R18_EXIT_A,0.00014109997475426572
71,142,x_R09_EXIT_B,x_R18_EXIT_F,0.00014109997475426572
71,143,x_R09_EXIT_B,x_R18_EXIT_B,0.0019974465176150744
71,144,x_R09_EXIT_B,x_R19_EXIT_C,0.0001058249810656993
71,145,x_R09_EXIT_B,x_R19_EXIT_D,0.0001058249810656993
71,147,x_R09_EXIT_B,x_R19_EXIT_G,0.0001058249810656993
71,148,x_R09_EXIT_B,x_R19_EXIT_H,0.0002513343300310358
71,149,x_R09_EXIT_B,x_R19_EXIT_A,0.0001058249810656993
71,150,x_R09_EXIT_B,x_R19_EXIT_F,0.0001058249810656993
71,151,x_R09_EXIT_B,x_R19_EXIT_B,0.0014980848882113053
71,154,x_R09_EXIT_B,x_R22_EXIT_E,0.0006614061316606206
71,156,x_R09_EXIT_B,x_R22_EXIT_H,0.0003086561947749563
71,159,x_R09_EXIT_B,x_R22_EXIT_B,0.002518855018074197
71,162,x_R09_EXIT_B,x_R23_EXIT_E,0.0008377811001034528
71,164,x_R09_EXIT_B,x_R23_EXIT_H,0.0001322812263321241
71,167,x_R09_EXIT_B,x_R23_EXIT_B,0.002518855018074197
71,170,x_R09_EXIT_B,x_R20_EXIT_E,0.0001984218394981862
71,175,x_R09_EXIT_B,x_R20_EXIT_B,0.0007556565054222589
71,178,x_R09_EXIT_B,x_R21_EXIT_E,0.0006614061316606206
71,180,x_R09_EXIT_B,x_R21_EXIT_H,0.0003086561947749563
71,183,x_R09_EXIT_B,x_R21_EXIT_B,0.002518855018074197
71,184,x_R09_EXIT_B,x_R24_EXIT_C,0.001127146282704974
71,185,x_R09_EXIT_B,x_R24_EXIT_D,0.001127146282704974
71,186,x_R09_EXIT_B,x_R24_EXIT_E,0.001788552414365595
71,187,x_R09_EXIT_B,x_R24_EXIT_G,0.001127146282704974
71,188,x_R09_EXIT_B,x_R24_EXIT_H,0.000818490087930018
71,189,x_R09_EXIT_B,x_R24_EXIT_A,0.000818490087930018
71,190,x_R09_EXIT_B,x_R24_EXIT_F,0.000818490087930018
71,191,x_R09_EXIT_B,x_R24_EXIT_B,0.0033373451060042148
71,192,x_R09_EXIT_B,x_R25_EXIT_C,0.0003086561947749563
71,193,x_R09_EXIT_B,x_R25_EXIT_D,0.0003086561947749563
71,194,x_R09_EXIT_B,x_R25_EXIT_E,0.000970062326435577
71,195,x_R09_EXIT_B,x_R25_EXIT_G,0.0003086561947749563
71,202,x_R09_EXIT_B,x_R26_EXIT_E,0.0003968436789963724
71,207,x_R09_EXIT_B,x_R26_EXIT_B,0.0015113130108445178
71,215,x_R09_EXIT_B,x_R27_EXIT_B,0.0002518855018074197
71,218,x_R09_EXIT_B,x_R28_EXIT_E,0.00013228122633212412
71,223,x_R09_EXIT_B,x_R28_EXIT_B,0.0005037710036148394
71,226,x_R09_EXIT_B,x_R29_EXIT_E,0.00026456245266424824
71,228,x_R09_EXIT_B,x_R29_EXIT_H,0.0001234624779099825
71,231,x_R09_EXIT_B,x_R29_EXIT_B,0.0010075420072296788
71,234,x_R09_EXIT_B,x_R30_EXIT_E,0.00026456245266424824
71,239,x_R09_EXIT_B,x_R30_EXIT_B,0.0010075420072296788
71,247,x_R09_EXIT_B,x_R31_EXIT_B,0.0002518855018074197
71,248,x_R09_EXIT_B,x_R32_EXIT_C,0.0003979460225491401
71,249,x_R09_EXIT_B,x_R32_EXIT_D,0.0003979460225491401
71,250,x_R09_EXIT_B,x_R32_EXIT_E,0.0006625084752133883
71,251,x_R09_EXIT_B,x_R32_EXIT_G,0.0003979460225491401
71,252,x_R09_EXIT_B,x_R32_EXIT_H,0.00032739603517200727
71,253,x_R09_EXIT_B,x_R32_EXIT_A,0.00032739603517200727
71,254,x_R09_EXIT_B,x_R32_EXIT_F,0.00032739603517200727
71,255,x_R09_EXIT_B,x_R32_EXIT_B,0.0006801459720576716
71,258,x_R09_EXIT_B,x_R33_EXIT_E,0.0003351124400413811
72,73,x_R10_EXIT_C,x_R10_EXIT_D,1.8395102988286383
72,74,x_R10_EXIT_C,x_R10_EXIT_E,1.8386185028944493
72,75,x_R10_EXIT_C,x_R10_EXIT_G,1.8395102988286383
72,76,x_R10_EXIT_C,x_R10_EXIT_H,1.8391928238854414
72,77,x_R10_EXIT_C,x_R10_EXIT_A,1.8395102988286383
72,78,x_R10_EXIT_C,x_R10_EXIT_F,1.8395102988286383
72,79,x_R10_EXIT_C,x_R10_EXIT_B,1.8391928238854414
72,80,x_R10_EXIT_C,x_R11_EXIT_C,0.00024692495581996504
72,81,x_R10_EXIT_C,x_R11_EXIT_D,0.0005908561442834878
72,82,x_R10_EXIT_C,x_R11_EXIT_E,0.0010494310622348514
72,83,x_R10_EXIT_C,x_R11_EXIT_G,0.00027338120108638984
72,84,x_R10_EXIT_C,x_R11_EXIT_H,0.00027338120108638984
72,85,x_R10_EXIT_C,x_R11_EXIT_A,0.00027338120108638984
72,86,x_R10_EXIT_C,x_R11_EXIT_F,0.00027338120108638984
72,87,x_R10_EXIT_C,x_R11_EXIT_B,0.00027338120108638984
72,88,x_R10_EXIT_C,x_R12_EXIT_C,0.00024692495581996504
72,89,x_R10_EXIT_C,x_R12_EXIT_D,0.0005908561442834878
72,90,x_R10_EXIT_C,x_R12_EXIT_E,0.0010494310622348514
72,91,x_R10_EXIT_C,x_R12_EXIT_G,0.00027338120108638984
72,92,x_R10_EXIT_C,x_R12_EXIT_H,0.00027338120108638984
72,93,x_R10_EXIT_C,x_R12_EXIT_A,0.00027338120108638984
72,94,x_R10_EXIT_C,x_R12_EXIT_F,0.00027338120108638984
72,95,x_R10_EXIT_C,x_R12_EXIT_B,0.00027338120108638984
72,96,x_R10_EXIT_C,x_R13_EXIT_C,0.0003439311884635227
72,97,x_R10_EXIT_C,x_R13_EXIT_D,0.0004938499116399301
72,98,x_R10_EXIT_C,x_R13_EXIT_E,0.0009524248295912937
72,99,x_R10_EXIT_C,x_R13_EXIT_G,0.00017637496844283217
72,100,x_R10_EXIT_C,x_R13_EXIT_H,0.00017637496844283217
72,101,x_R10_EXIT_C,x_R13_EXIT_A,0.00017637496844283217
72,102,x_R10_EXIT_C,x_R13_EXIT_F,0.00017637496844283217
72,103,x_R10_EXIT_C,x_R13_EXIT_B,0.00017637496844283217
72,104,x_R10_EXIT_C,x_R14_EXIT_C,0.00044093742110708044
72,105,x_R10_EXIT_C,x_R14_EXIT_D,0.0003968436789963724
72,106,x_R10_EXIT_C,x_R14_EXIT_E,0.0008554185969477361
72,112,x_R10_EXIT_C,x_R15_EXIT_C,0.001190531036989117
72,113,x_R10_EXIT_C,x_R15_EXIT_D,0.0003527499368856644
72,114,x_R10_EXIT_C,x_R15_EXIT_E,0.00010582498106569928
72,115,x_R10_EXIT_C,x_R15_EXIT_G,0.0003527499368856644
72,117,x_R10_EXIT_C,x_R15_EXIT_A,0.0003527499368856644
72,118,x_R10_EXIT_C,x_R15_EXIT_F,0.0003527499368856644
72,120,x_R10_EXIT_C,x_R16_EXIT_C,0.0012434435275219665
72,121,x_R10_EXIT_C,x_R16_EXIT_D,0.00040566242741851404
72,123,x_R10_EXIT_C,x_R16_EXIT_G,0.00040566242741851404
72,125,x_R10_EXIT_C,x_R16_EXIT_A,0.00040566242741851404
72,126,x_R10_EXIT_C,x_R16_EXIT_F,0.00040566242741851404
72,128,x_R10_EXIT_C,x_R17_EXIT_C,0.0012963560180548161
72,129,x_R10_EXIT_C,x_R17_EXIT_D,0.0004585749179513637
72,131,x_R10_EXIT_C,x_R17_EXIT_G,0.0004585749179513637
72,132,x_R10_EXIT_C,x_R17_EXIT_H,0.00014109997475426572
72,133,x_R10_EXIT_C,x_R17_EXIT_A,0.0004585749179513637
72,134,x_R10_EXIT_C,x_R17_EXIT_F,0.0004585749179513637
72,135,x_R10_EXIT_C,x_R17_EXIT_B,0.00014109997475426572
72,136,x_R10_EXIT_C,x_R18_EXIT_C,0.001349268508587666
72,137,x_R10_EXIT_C,x_R18_EXIT_D,0.0005114874084842134
72,139,x_R10_EXIT_C,x_R18_EXIT_G,0.0005114874084842134
72,140,x_R10_EXIT_C,x_R18_EXIT_H,0.00019401246528711534
72,141,x_R10_EXIT_C,x_R18_EXIT_A,0.0005114874084842134
72,142,x_R10_EXIT_C,x_R18_EXIT_F,0.0005114874084842134
72,143,x_R10_EXIT_C,x_R18_EXIT_B,0.00019401246528711534
72,144,x_R10_EXIT_C,x_R19_EXIT_C,0.0010516357493403868
72,145,x_R10_EXIT_C,x_R19_EXIT_D,0.0004232999242627971
72,147,x_R10_EXIT_C,x_R19_EXIT_G,0.0004232999242627971
72,148,x_R10_EXIT_C,x_R19_EXIT_H,0.00018519371686497377
72,149,x_R10_EXIT_C,x_R19_EXIT_A,0.0004232999242627971
72,150,x_R10_EXIT_C,x_R19_EXIT_F,0.0004232999242627971
72,151,x_R10_EXIT_C,x_R19_EXIT_B,0.00018519371686497377
72,152,x_R10_EXIT_C,x_R22_EXIT_C,0.001300765392265887
72,154,x_R10_EXIT_C,x_R22_EXIT_E,0.0003527499368856643
72,160,x_R10_EXIT_C,x_R23_EXIT_C,0.001300765392265887
72,162,x_R10_EXIT_C,x_R23_EXIT_E,0.0003527499368856643
72,168,x_R10_EXIT_C,x_R20_EXIT_C,0.00039022961767976613
72,170,x_R10_EXIT_C,x_R20_EXIT_E,0.0001058249810656993
72,176,x_R10_EXIT_C,x_R21_EXIT_C,0.001300765392265887
72,178,x_R10_EXIT_C,x_R21_EXIT_E,0.0003527499368856643
72,184,x_R10_EXIT_C,x_R24_EXIT_C,0.001300765392265887
72,186,x_R10_EXIT_C,x_R24_EXIT_E,0.0003527499368856643
72,192,x_R10_EXIT_C,x_R25_EXIT_C,0.001300765392265887
72,194,x_R10_EXIT_C,x_R25_EXIT_E,0.0003527499368856643
72,200,x_R10_EXIT_C,x_R26_EXIT_C,0.0007804592353595323
72,202,x_R10_EXIT_C,x_R26_EXIT_E,0.0002116499621313986
72,208,x_R10_EXIT_C,x_R27_EXIT_C,0.00013007653922658872
72,216,x_R10_EXIT_C,x_R28_EXIT_C,0.00026015307845317744
72,224,x_R10_EXIT_C,x_R29_EXIT_C,0.0005203061569063549
72,226,x_R10_EXIT_C,x_R29_EXIT_E,0.00014109997475426572
72,232,x_R10_EXIT_C,x_R30_EXIT_C,0.0005203061569063549
72,234,x_R10_EXIT_C,x_R30_EXIT_E,0.00014109997475426572
72,240,x_R10_EXIT_C,x_R31_EXIT_C,0.00013007653922658872
72,248,x_R10_EXIT_C,x_R32_EXIT_C,0.0005203061569063549
72,250,x_R10_EXIT_C,x_R32_EXIT_E,0.00014109997475426572
72,256,x_R10_EXIT_C,x_R33_EXIT_C,0.0005203061569063549
72,258,x_R10_EXIT_C,x_R33_EXIT_E,0.00014109997475426572
73,74,x_R10_EXIT_D,x_R10_EXIT_E,1.8386185028944493
73,75,x_R10_EXIT_D,x_R10_EXIT_G,1.8395102988286383
73,76,x_R10_EXIT_D,x_R10_EXIT_H,1.8391928238854414
73,77,x_R10_EXIT_D,x_R10_EXIT_A,1.8395102988286383
73,78,x_R10_EXIT_D,x_R10_EXIT_F,1.8395102988286383
73,79,x_R10_EXIT_D,x_R10_EXIT_B,1.8391928238854414
73,81,x_R10_EXIT_D,x_R11_EXIT_D,0.000202831213709257
73,82,x_R10_EXIT_D,x_R11_EXIT_E,0.0004585749179513637
73,89,x_R10_EXIT_D,x_R12_EXIT_D,0.000202831213709257
73,90,x_R10_EXIT_D,x_R12_EXIT_E,0.0004585749179513637
73,97,x_R10_EXIT_D,x_R13_EXIT_D,0.000202831213709257
73,98,x_R10_EXIT_D,x_R13_EXIT_E,0.0004585749179513637
73,105,x_R10_EXIT_D,x_R14_EXIT_D,0.000202831213709257
73,106,x_R10_EXIT_D,x_R14_EXIT_E,0.0004585749179513637
73,112,x_R10_EXIT_D,x_R15_EXIT_C,0.0003527499368856644
73,113,x_R10_EXIT_D,x_R15_EXIT_D,0.0005555811505949214
73,114,x_R10_EXIT_D,x_R15_EXIT_E,0.00010582498106569928
73,115,x_R10_EXIT_D,x_R15_EXIT_G,0.0003527499368856644
73,117,x_R10_EXIT_D,x_R15_EXIT_A,0.0003527499368856644
73,118,x_R10_EXIT_D,x_R15_EXIT_F,0.0003527499368856644
73,120,x_R10_EXIT_D,x_R16_EXIT_C,0.00040566242741851404
73,121,x_R10_EXIT_D,x_R16_EXIT_D,0.000608493641127771
73,123,x_R10_EXIT_D,x_R16_EXIT_G,0.00040566242741851404
73,125,x_R10_EXIT_D,x_R16_EXIT_A,0.00040566242741851404
73,126,x_R10_EXIT_D,x_R16_EXIT_F,0.00040566242741851404
73,128,x_R10_EXIT_D,x_R17_EXIT_C,0.0004585749179513637
73,129,x_R10_EXIT_D,x_R17_EXIT_D,0.0006614061316606207
73,131,x_R10_EXIT_D,x_R17_EXIT_G,0.0004585749179513637
73,132,x_R10_EXIT_D,x_R17_EXIT_H,0.00014109997475426572
73,133,x_R10_EXIT_D,x_R17_EXIT_A,0.0004585749179513637
73,134,x_R10_EXIT_D,x_R17_EXIT_F,0.0004585749179513637
73,135,x_R10_EXIT_D,x_R17_EXIT_B,0.00014109997475426572
73,136,x_R10_EXIT_D,x_R18_EXIT_C,0.0005114874084842134
73,137,x_R10_EXIT_D,x_R18_EXIT_D,0.0007143186221934703
73,139,x_R10_EXIT_D,x_R18_EXIT_G,0.0005114874084842134
73,140,x_R10_EXIT_D,x_R18_EXIT_H,0.00019401246528711534
73,141,x_R10_EXIT_D,x_R18_EXIT_A,0.0005114874084842134
73,142,x_R10_EXIT_D,x_R18_EXIT_F,0.0005114874084842134
73,143,x_R10_EXIT_D,x_R18_EXIT_B,0.00019401246528711534
73,144,x_R10_EXIT_D,x_R19_EXIT_C,0.0004232999242627971
73,145,x_R10_EXIT_D,x_R19_EXIT_D,0.0005754233345447398
73,147,x_R10_EXIT_D,x_R19_EXIT_G,0.0004232999242627971
73,148,x_R10_EXIT_D,x_R19_EXIT_H,0.00018519371686497377
73,149,x_R10_EXIT_D,x_R19_EXIT_A,0.0004232999242627971
73,150,x_R10_EXIT_D,x_R19_EXIT_F,0.0004232999242627971
73,151,x_R10_EXIT_D,x_R19_EXIT_B,0.00018519371686497377
73,153,x_R10_EXIT_D,x_R22_EXIT_D,0.0005070780342731424
73,154,x_R10_EXIT_D,x_R22_EXIT_E,0.0003527499368856643
73,161,x_R10_EXIT_D,x_R23_EXIT_D,0.0005070780342731424
73,162,x_R10_EXIT_D,x_R23_EXIT_E,0.0003527499368856643
73,169,x_R10_EXIT_D,x_R20_EXIT_D,0.00015212341028194274
73,170,x_R10_EXIT_D,x_R20_EXIT_E,0.0001058249810656993
73,177,x_R10_EXIT_D,x_R21_EXIT_D,0.0005070780342731424
73,178,x_R10_EXIT_D,x_R21_EXIT_E,0.0003527499368856643
73,185,x_R10_EXIT_D,x_R24_EXIT_D,0.0005070780342731424
73,186,x_R10_EXIT_D,x_R24_EXIT_E,0.0003527499368856643
73,193,x_R10_EXIT_D,x_R25_EXIT_D,0.0005070780342731424
73,194,x_R10_EXIT_D,x_R25_EXIT_E,0.0003527499368856643
73,201,x_R10_EXIT_D,x_R26_EXIT_D,0.0003042468205638855
73,202,x_R10_EXIT_D,x_R26_EXIT_E,0.0002116499621313986
73,217,x_R10_EXIT_D,x_R28_EXIT_D,0.0001014156068546285
73,225,x_R10_EXIT_D,x_R29_EXIT_D,0.000202831213709257
73,226,x_R10_EXIT_D,x_R29_EXIT_E,0.00014109997475426572
73,233,x_R10_EXIT_D,x_R30_EXIT_D,0.000202831213709257
73,234,x_R10_EXIT_D,x_R30_EXIT_E,0.00014109997475426572
73,249,x_R10_EXIT_D,x_R32_EXIT_D,0.000202831213709257
73,250,x_R10_EXIT_D,x_R32_EXIT_E,0.00014109997475426572
73,257,x_R10_EXIT_D,x_R33_EXIT_D,0.000202831213709257
73,258,x_R10_EXIT_D,x_R33_EXIT_E,0.00014109997475426572
74,75,x_R10_EXIT_E,x_R10_EXIT_G,1.8386185028944493
74,76,x_R10_EXIT_E,x_R10_EXIT_H,1.8386185028944493
74,77,x_R10_EXIT_E,x_R10_EXIT_A,1.8386185028944493
74,78,x_R10_EXIT_E,x_R10_EXIT_F,1.8386185028944493
74,79,x_R10_EXIT_E,x_R10_EXIT_B,1.8386185028944493
75,76,x_R10_EXIT_G,x_R10_EXIT_H,1.8391928238854414
75,77,x_R10_EXIT_G,x_R10_EXIT_A,1.8396690363002368
75,78,x_R10_EXIT_G,x_R10_EXIT_F,1.8396690363002368
75,79,x_R10_EXIT_G,x_R10_EXIT_B,1.8391928238854414
75,82,x_R10_EXIT_G,x_R11_EXIT_E,0.0004585749179513637
75,83,x_R10_EXIT_G,x_R11_EXIT_G,0.0004938499116399301
75,85,x_R10_EXIT_G,x_R11_EXIT_A,0.0003571593110967352
75,90,x_R10_EXIT_G,x_R12_EXIT_E,0.0004585749179513637
75,91,x_R10_EXIT_G,x_R12_EXIT_G,0.0004938499116399301
75,93,x_R10_EXIT_G,x_R12_EXIT_A,0.0003571593110967352
75,98,x_R10_EXIT_G,x_R13_EXIT_E,0.0004585749179513637
75,99,x_R10_EXIT_G,x_R13_EXIT_G,0.0004938499116399301
75,101,x_R10_EXIT_G,x_R13_EXIT_A,0.0003571593110967352
75,106,x_R10_EXIT_G,x_R14_EXIT_E,0.0004585749179513637
75,107,x_R10_EXIT_G,x_R14_EXIT_G,0.0004938499116399301
75,109,x_R10_EXIT_G,x_R14_EXIT_A,0.0003571593110967352
75,112,x_R10_EXIT_G,x_R15_EXIT_C,0.0003527499368856644
75,113,x_R10_EXIT_G,x_R15_EXIT_D,0.0003527499368856644
75,114,x_R10_EXIT_G,x_R15_EXIT_E,0.00010582498106569928
75,115,x_R10_EXIT_G,x_R15_EXIT_G,0.0010450216880237807
75,117,x_R10_EXIT_G,x_R15_EXIT_A,0.0005114874084842133
75,118,x_R10_EXIT_G,x_R15_EXIT_F,0.0005114874084842133
75,120,x_R10_EXIT_G,x_R16_EXIT_C,0.00040566242741851404
75,121,x_R10_EXIT_G,x_R16_EXIT_D,0.00040566242741851404
75,123,x_R10_EXIT_G,x_R16_EXIT_G,0.0010979341785566303
75,125,x_R10_EXIT_G,x_R16_EXIT_A,0.0005643998990170629
75,126,x_R10_EXIT_G,x_R16_EXIT_F,0.0005643998990170629
75,128,x_R10_EXIT_G,x_R17_EXIT_C,0.0004585749179513637
75,129,x_R10_EXIT_G,x_R17_EXIT_D,0.0004585749179513637
75,131,x_R10_EXIT_G,x_R17_EXIT_G,0.0011508466690894796
75,132,x_R10_EXIT_G,x_R17_EXIT_H,0.00014109997475426572
75,133,x_R10_EXIT_G,x_R17_EXIT_A,0.0006173123895499126
75,134,x_R10_EXIT_G,x_R17_EXIT_F,0.0006173123895499126
75,135,x_R10_EXIT_G,x_R17_EXIT_B,0.00014109997475426572
75,136,x_R10_EXIT_G,x_R18_EXIT_C,0.0005114874084842134
75,137,x_R10_EXIT_G,x_R18_EXIT_D,0.0005114874084842134
75,139,x_R10_EXIT_G,x_R18_EXIT_G,0.001203759159622329
75,140,x_R10_EXIT_G,x_R18_EXIT_H,0.00019401246528711534
75,141,x_R10_EXIT_G,x_R18_EXIT_A,0.0006702248800827622
75,142,x_R10_EXIT_G,x_R18_EXIT_F,0.0006702248800827622
75,143,x_R10_EXIT_G,x_R18_EXIT_B,0.00019401246528711534
75,144,x_R10_EXIT_G,x_R19_EXIT_C,0.0004232999242627971
75,145,x_R10_EXIT_G,x_R19_EXIT_D,0.0004232999242627971
75,147,x_R10_EXIT_G,x_R19_EXIT_G,0.0009425037376163844
75,148,x_R10_EXIT_G,x_R19_EXIT_H,0.00018519371686497377
75,149,x_R10_EXIT_G,x_R19_EXIT_A,0.0005423530279617089
75,150,x_R10_EXIT_G,x_R19_EXIT_F,0.0005423530279617089
75,151,x_R10_EXIT_G,x_R19_EXIT_B,0.00018519371686497377
75,153,x_R10_EXIT_G,x_R22_EXIT_D,0.0003968436789963724
75,154,x_R10_EXIT_G,x_R22_EXIT_E,0.0003527499368856643
75,155,x_R10_EXIT_G,x_R22_EXIT_G,0.001333835698848918
75,161,x_R10_EXIT_G,x_R23_EXIT_D,0.0003968436789963724
75,162,x_R10_EXIT_G,x_R23_EXIT_E,0.0003527499368856643
75,163,x_R10_EXIT_G,x_R23_EXIT_G,0.001333835698848918
75,168,x_R10_EXIT_G,x_R20_EXIT_C,0.00026786948332255137
75,169,x_R10_EXIT_G,x_R20_EXIT_D,0.00041668586294619093
75,170,x_R10_EXIT_G,x_R20_EXIT_E,0.0004034577403129785
75,171,x_R10_EXIT_G,x_R20_EXIT_G,0.00010251795040739618
75,172,x_R10_EXIT_G,x_R20_EXIT_H,0.00029763275924727924
75,176,x_R10_EXIT_G,x_R21_EXIT_C,0.0004960545987454654
75,177,x_R10_EXIT_G,x_R21_EXIT_D,0.0009921091974909309
75,178,x_R10_EXIT_G,x_R21_EXIT_E,0.0009480154553802229
75,179,x_R10_EXIT_G,x_R21_EXIT_G,0.0007385701803543596
75,180,x_R10_EXIT_G,x_R21_EXIT_H,0.0005952655184945586
75,185,x_R10_EXIT_G,x_R24_EXIT_D,0.0003968436789963724
75,186,x_R10_EXIT_G,x_R24_EXIT_E,0.0003527499368856643
75,187,x_R10_EXIT_G,x_R24_EXIT_G,0.001333835698848918
75,193,x_R10_EXIT_G,x_R25_EXIT_D,0.0003968436789963724
75,194,x_R10_EXIT_G,x_R25_EXIT_E,0.0003527499368856643
75,195,x_R10_EXIT_G,x_R25_EXIT_G,0.001333835698848918
75,201,x_R10_EXIT_G,x_R26_EXIT_D,0.0002381062073978234
75,202,x_R10_EXIT_G,x_R26_EXIT_E,0.0002116499621313986
75,203,x_R10_EXIT_G,x_R26_EXIT_G,0.0004431421082126158
75,211,x_R10_EXIT_G,x_R27_EXIT_G,0.00013338356988489185
75,224,x_R10_EXIT_G,x_R29_EXIT_C,0.00019842183949818622
75,225,x_R10_EXIT_G,x_R29_EXIT_D,0.00015873747159854897
75,226,x_R10_EXIT_G,x_R29_EXIT_E,0.00014109997475426572
75,227,x_R10_EXIT_G,x_R29_EXIT_G,0.0002954280721417439
75,233,x_R10_EXIT_G,x_R30_EXIT_D,0.00015873747159854897
75,234,x_R10_EXIT_G,x_R30_EXIT_E,0.00014109997475426572
75,235,x_R10_EXIT_G,x_R30_EXIT_G,0.0002954280721417439
75,249,x_R10_EXIT_G,x_R32_EXIT_D,0.00015873747159854897
75,250,x_R10_EXIT_G,x_R32_EXIT_E,0.00014109997475426572
75,251,x_R10_EXIT_G,x_R32_EXIT_G,0.0005335342795395674
75,257,x_R10_EXIT_G,x_R33_EXIT_D,0.00015873747159854897
75,258,x_R10_EXIT_G,x_R33_EXIT_E,0.00014109997475426572
75,259,x_R10_EXIT_G,x_R33_EXIT_G,0.0005335342795395674
76,77,x_R10_EXIT_H,x_R10_EXIT_A,1.8391928238854414
76,78,x_R10_EXIT_H,x_R10_EXIT_F,1.8391928238854414
76,79,x_R10_EXIT_H,x_R10_EXIT_B,1.8393868363507284
76,82,x_R10_EXIT_H,x_R11_EXIT_E,0.00014109997475426572
76,84,x_R10_EXIT_H,x_R11_EXIT_H,0.00028219994950853144
76,87,x_R10_EXIT_H,x_R11_EXIT_B,0.0001234624779099825
76,90,x_R10_EXIT_H,x_R12_EXIT_E,0.00014109997475426572
76,92,x_R10_EXIT_H,x_R12_EXIT_H,0.00028219994950853144
76,95,x_R10_EXIT_H,x_R12_EXIT_B,0.0001234624779099825
76,98,x_R10_EXIT_H,x_R13_EXIT_E,0.00014109997475426572
76,100,x_R10_EXIT_H,x_R13_EXIT_H,0.00028219994950853144
76,103,x_R10_EXIT_H,x_R13_EXIT_B,0.0001234624779099825
76,106,x_R10_EXIT_H,x_R14_EXIT_E,0.00014109997475426572
76,108,x_R10_EXIT_H,x_R14_EXIT_H,0.00028219994950853144
76,111,x_R10_EXIT_H,x_R14_EXIT_B,0.0001234624779099825
76,114,x_R10_EXIT_H,x_R15_EXIT_E,0.00010582498106569928
76,116,x_R10_EXIT_H,x_R15_EXIT_H,0.00038802493057423073
76,119,x_R10_EXIT_H,x_R15_EXIT_B,0.0002292874589756818
76,124,x_R10_EXIT_H,x_R16_EXIT_H,0.00044093742110708044
76,127,x_R10_EXIT_H,x_R16_EXIT_B,0.00028219994950853144
76,128,x_R10_EXIT_H,x_R17_EXIT_C,0.00014109997475426572
76,129,x_R10_EXIT_H,x_R17_EXIT_D,0.00014109997475426572
76,131,x_R10_EXIT_H,x_R17_EXIT_G,0.00014109997475426572
76,132,x_R10_EXIT_H,x_R17_EXIT_H,0.0004938499116399301
76,133,x_R10_EXIT_H,x_R17_EXIT_A,0.00014109997475426572
76,134,x_R10_EXIT_H,x_R17_EXIT_F,0.00014109997475426572
76,135,x_R10_EXIT_H,x_R17_EXIT_B,0.0003351124400413811
76,136,x_R10_EXIT_H,x_R18_EXIT_C,0.00019401246528711534
76,137,x_R10_EXIT_H,x_R18_EXIT_D,0.00019401246528711534
76,139,x_R10_EXIT_H,x_R18_EXIT_G,0.00019401246528711534
76,140,x_R10_EXIT_H,x_R18_EXIT_H,0.0005467624021727797
76,141,x_R10_EXIT_H,x_R18_EXIT_A,0.00019401246528711534
76,142,x_R10_EXIT_H,x_R18_EXIT_F,0.00019401246528711534
76,143,x_R10_EXIT_H,x_R18_EXIT_B,0.00038802493057423073
76,144,x_R10_EXIT_H,x_R19_EXIT_C,0.00018519371686497377
76,145,x_R10_EXIT_H,x_R19_EXIT_D,0.00018519371686497377
76,147,x_R10_EXIT_H,x_R19_EXIT_G,0.00018519371686497377
76,148,x_R10_EXIT_H,x_R19_EXIT_H,0.00044975616952922204
76,149,x_R10_EXIT_H,x_R19_EXIT_A,0.00018519371686497377
76,150,x_R10_EXIT_H,x_R19_EXIT_F,0.00018519371686497377
76,151,x_R10_EXIT_H,x_R19_EXIT_B,0.00033070306583031034
76,154,x_R10_EXIT_H,x_R22_EXIT_E,0.0005291249053284965
76,156,x_R10_EXIT_H,x_R22_EXIT_H,0.0007054998737713286
76,162,x_R10_EXIT_H,x_R23_EXIT_E,0.0007054998737713287
76,164,x_R10_EXIT_H,x_R23_EXIT_H,0.0005291249053284965
76,170,x_R10_EXIT_H,x_R20_EXIT_E,0.00015873747159854894
76,172,x_R10_EXIT_H,x_R20_EXIT_H,0.0002116499621313986
76,178,x_R10_EXIT_H,x_R21_EXIT_E,0.0005291249053284965
76,180,x_R10_EXIT_H,x_R21_EXIT_H,0.0007054998737713286
76,184,x_R10_EXIT_H,x_R24_EXIT_C,0.0003086561947749563
76,185,x_R10_EXIT_H,x_R24_EXIT_D,0.0003086561947749563
76,186,x_R10_EXIT_H,x_R24_EXIT_E,0.0008377811001034528
76,187,x_R10_EXIT_H,x_R24_EXIT_G,0.0003086561947749563
76,188,x_R10_EXIT_H,x_R24_EXIT_H,0.0003968436789963724
76,192,x_R10_EXIT_H,x_R25_EXIT_C,0.0005732186474392045
76,193,x_R10_EXIT_H,x_R25_EXIT_D,0.0005732186474392045
76,194,x_R10_EXIT_H,x_R25_EXIT_E,0.001102343552767701
76,195,x_R10_EXIT_H,x_R25_EXIT_G,0.0005732186474392045
76,196,x_R10_EXIT_H,x_R25_EXIT_H,0.0001322812263321241
76,202,x_R10_EXIT_H,x_R26_EXIT_E,0.0003174749431970979
76,204,x_R10_EXIT_H,x_R26_EXIT_H,0.0003174749431970979
76,218,x_R10_EXIT_H,x_R28_EXIT_E,0.0001058249810656993
76,220,x_R10_EXIT_H,x_R28_EXIT_H,0.00014109997475426572
76,226,x_R10_EXIT_H,x_R29_EXIT_E,0.0002116499621313986
76,228,x_R10_EXIT_H,x_R29_EXIT_H,0.00028219994950853144
76,234,x_R10_EXIT_H,x_R30_EXIT_E,0.0002116499621313986
76,250,x_R10_EXIT_H,x_R32_EXIT_E,0.00028219994950853144
76,258,x_R10_EXIT_H,x_R33_EXIT_E,0.00028219994950853144
77,78,x_R10_EXIT_A,x_R10_EXIT_F,1.8400041487402783
77,79,x_R10_EXIT_A,x_R10_EXIT_B,1.8391928238854414
77,82,x_R10_EXIT_A,x_R11_EXIT_E,0.0004585749179513637
77,85,x_R10_EXIT_A,x_R11_EXIT_A,0.0003549546239911998
77,86,x_R10_EXIT_A,x_R11_EXIT_F,0.00033511244004138114
77,90,x_R10_EXIT_A,x_R12_EXIT_E,0.0004585749179513637
77,93,x_R10_EXIT_A,x_R12_EXIT_A,0.0003549546239911998
77,94,x_R10_EXIT_A,x_R12_EXIT_F,0.00033511244004138114
77,98,x_R10_EXIT_A,x_R13_EXIT_E,0.0004585749179513637
77,101,x_R10_EXIT_A,x_R13_EXIT_A,0.0003549546239911998
77,102,x_R10_EXIT_A,x_R13_EXIT_F,0.00033511244004138114
77,106,x_R10_EXIT_A,x_R14_EXIT_E,0.0004585749179513637
77,109,x_R10_EXIT_A,x_R14_EXIT_A,0.0003549546239911998
77,110,x_R10_EXIT_A,x_R14_EXIT_F,0.00033511244004138114
77,112,x_R10_EXIT_A,x_R15_EXIT_C,0.0003527499368856644
77,113,x_R10_EXIT_A,x_R15_EXIT_D,0.0003527499368856644
77,114,x_R10_EXIT_A,x_R15_EXIT_E,0.00010582498106569928
77,115,x_R10_EXIT_A,x_R15_EXIT_G,0.0005114874084842133
77,117,x_R10_EXIT_A,x_R15_EXIT_A,0.002012879327353822
77,118,x_R10_EXIT_A,x_R15_EXIT_F,0.0008465998485255944
77,120,x_R10_EXIT_A,x_R16_EXIT_C,0.00040566242741851404
77,121,x_R10_EXIT_A,x_R16_EXIT_D,0.00040566242741851404
77,123,x_R10_EXIT_A,x_R16_EXIT_G,0.0005643998990170629
77,125,x_R10_EXIT_A,x_R16_EXIT_A,0.0020657918178866716
77,126,x_R10_EXIT_A,x_R16_EXIT_F,0.0008995123390584441
77,128,x_R10_EXIT_A,x_R17_EXIT_C,0.0004585749179513637
77,129,x_R10_EXIT_A,x_R17_EXIT_D,0.0004585749179513637
77,131,x_R10_EXIT_A,x_R17_EXIT_G,0.0006173123895499126
77,132,x_R10_EXIT_A,x_R17_EXIT_H,0.00014109997475426572
77,133,x_R10_EXIT_A,x_R17_EXIT_A,0.002118704308419521
77,134,x_R10_EXIT_A,x_R17_EXIT_F,0.0009524248295912937
77,135,x_R10_EXIT_A,x_R17_EXIT_B,0.00014109997475426572
77,136,x_R10_EXIT_A,x_R18_EXIT_C,0.0005114874084842134
77,137,x_R10_EXIT_A,x_R18_EXIT_D,0.0005114874084842134
77,139,x_R10_EXIT_A,x_R18_EXIT_G,0.0006702248800827622
77,140,x_R10_EXIT_A,x_R18_EXIT_H,0.00019401246528711534
77,141,x_R10_EXIT_A,x_R18_EXIT_A,0.0021716167989523708
77,142,x_R10_EXIT_A,x_R18_EXIT_F,0.0010053373201241434
77,143,x_R10_EXIT_A,x_R18_EXIT_B,0.00019401246528711534
77,144,x_R10_EXIT_A,x_R19_EXIT_C,0.0004232999242627971
77,145,x_R10_EXIT_A,x_R19_EXIT_D,0.0004232999242627971
77,147,x_R10_EXIT_A,x_R19_EXIT_G,0.0005423530279617089
77,148,x_R10_EXIT_A,x_R19_EXIT_H,0.00018519371686497377
77,149,x_R10_EXIT_A,x_R19_EXIT_A,0.0016683969671139156
77,150,x_R10_EXIT_A,x_R19_EXIT_F,0.0007936873579927448
77,151,x_R10_EXIT_A,x_R19_EXIT_B,0.00018519371686497377
77,152,x_R10_EXIT_A,x_R22_EXIT_C,0.0008377811001034529
77,153,x_R10_EXIT_A,x_R22_EXIT_D,0.0012346247790998252
77,154,x_R10_EXIT_A,x_R22_EXIT_E,0.001190531036989117
77,155,x_R10_EXIT_A,x_R22_EXIT_G,0.0008377811001034529
77,156,x_R10_EXIT_A,x_R22_EXIT_H,0.0008377811001034529
77,157,x_R10_EXIT_A,x_R22_EXIT_A,0.0029156986970705692
77,160,x_R10_EXIT_A,x_R23_EXIT_C,0.0007936873579927448
77,161,x_R10_EXIT_A,x_R23_EXIT_D,0.0011905310369891172
77,162,x_R10_EXIT_A,x_R23_EXIT_E,0.0003527499368856643
77,163,x_R10_EXIT_A,x_R23_EXIT_G,0.0007936873579927448
77,165,x_R10_EXIT_A,x_R23_EXIT_A,0.0029156986970705692
77,169,x_R10_EXIT_A,x_R20_EXIT_D,0.0001190531036989117
77,170,x_R10_EXIT_A,x_R20_EXIT_E,0.0001058249810656993
77,173,x_R10_EXIT_A,x_R20_EXIT_A,0.0002662159679933998
77,174,x_R10_EXIT_A,x_R20_EXIT_F,0.0002381062073978234
77,175,x_R10_EXIT_A,x_R20_EXIT_B,0.0002381062073978234
77,177,x_R10_EXIT_A,x_R21_EXIT_D,0.0003968436789963724
77,178,x_R10_EXIT_A,x_R21_EXIT_E,0.0003527499368856643
77,181,x_R10_EXIT_A,x_R21_EXIT_A,0.001383441158723465
77,182,x_R10_EXIT_A,x_R21_EXIT_F,0.0002976327592472793
77,183,x_R10_EXIT_A,x_R21_EXIT_B,0.0002976327592472793
77,185,x_R10_EXIT_A,x_R24_EXIT_D,0.0003968436789963724
77,186,x_R10_EXIT_A,x_R24_EXIT_E,0.0003527499368856643
77,189,x_R10_EXIT_A,x_R24_EXIT_A,0.001681073917970744
77,193,x_R10_EXIT_A,x_R25_EXIT_D,0.0003968436789963724
77,194,x_R10_EXIT_A,x_R25_EXIT_E,0.0003527499368856643
77,197,x_R10_EXIT_A,x_R25_EXIT_A,0.001681073917970744
77,200,x_R10_EXIT_A,x_R26_EXIT_C,0.001131004485139661
77,201,x_R10_EXIT_A,x_R26_EXIT_D,0.0013691106925374844
77,202,x_R10_EXIT_A,x_R26_EXIT_E,0.0013426544472710598
77,203,x_R10_EXIT_A,x_R26_EXIT_G,0.0002381062073978234
77,205,x_R10_EXIT_A,x_R26_EXIT_A,0.0010681709026319024
77,209,x_R10_EXIT_A,x_R27_EXIT_D,0.00011905310369891172
77,213,x_R10_EXIT_A,x_R27_EXIT_A,0.00017802848377198373
77,216,x_R10_EXIT_A,x_R28_EXIT_C,0.0002629089373350967
77,217,x_R10_EXIT_A,x_R28_EXIT_D,0.0007986479039801995
77,218,x_R10_EXIT_A,x_R28_EXIT_E,0.0007898291555580578
77,219,x_R10_EXIT_A,x_R28_EXIT_G,0.00016369801758600363
77,220,x_R10_EXIT_A,x_R28_EXIT_H,0.0007192791681809251
77,222,x_R10_EXIT_A,x_R28_EXIT_F,0.00032243548918455255
77,223,x_R10_EXIT_A,x_R28_EXIT_B,0.00032243548918455255
77,225,x_R10_EXIT_A,x_R29_EXIT_D,0.0010714779332902055
77,226,x_R10_EXIT_A,x_R29_EXIT_E,0.001053840436445922
77,228,x_R10_EXIT_A,x_R29_EXIT_H,0.0009127404616916565
77,230,x_R10_EXIT_A,x_R29_EXIT_F,0.00011905310369891172
77,231,x_R10_EXIT_A,x_R29_EXIT_B,0.00011905310369891172
77,232,x_R10_EXIT_A,x_R30_EXIT_C,0.0007936873579927449
77,233,x_R10_EXIT_A,x_R30_EXIT_D,0.0009524248295912938
77,234,x_R10_EXIT_A,x_R30_EXIT_E,0.0009347873327470106
77,235,x_R10_EXIT_A,x_R30_EXIT_G,0.00011905310369891172
77,237,x_R10_EXIT_A,x_R30_EXIT_A,0.0006724295671882976
77,245,x_R10_EXIT_A,x_R31_EXIT_A,0.0001681073917970744
77,249,x_R10_EXIT_A,x_R32_EXIT_D,0.00015873747159854897
77,250,x_R10_EXIT_A,x_R32_EXIT_E,0.00014109997475426572
77,253,x_R10_EXIT_A,x_R32_EXIT_A,0.0006724295671882976
77,257,x_R10_EXIT_A,x_R33_EXIT_D,0.00015873747159854897
77,258,x_R10_EXIT_A,x_R33_EXIT_E,0.00014109997475426572
77,261,x_R10_EXIT_A,x_R33_EXIT_A,0.0006724295671882976
78,79,x_R10_EXIT_F,x_R10_EXIT_B,1.8391928238854414
78,82,x_R10_EXIT_F,x_R11_EXIT_E,0.0004585749179513637
78,86,x_R10_EXIT_F,x_R11_EXIT_F,0.0010053373201241436
78,90,x_R10_EXIT_F,x_R12_EXIT_E,0.0004585749179513637
78,94,x_R10_EXIT_F,x_R12_EXIT_F,0.0010053373201241436
78,98,x_R10_EXIT_F,x_R13_EXIT_E,0.0004585749179513637
78,102,x_R10_EXIT_F,x_R13_EXIT_F,0.0010053373201241436
78,106,x_R10_EXIT_F,x_R14_EXIT_E,0.0004585749179513637
78,110,x_R10_EXIT_F,x_R14_EXIT_F,0.0010053373201241436
78,112,x_R10_EXIT_F,x_R15_EXIT_C,0.0003527499368856644
78,113,x_R10_EXIT_F,x_R15_EXIT_D,0.0003527499368856644
78,114,x_R10_EXIT_F,x_R15_EXIT_E,0.00010582498106569928
78,115,x_R10_EXIT_F,x_R15_EXIT_G,0.0005114874084842133
78,117,x_R10_EXIT_F,x_R15_EXIT_A,0.0008465998485255944
78,118,x_R10_EXIT_F,x_R15_EXIT_F,0.0015168247286083568
78,120,x_R10_EXIT_F,x_R16_EXIT_C,0.00040566242741851404
78,121,x_R10_EXIT_F,x_R16_EXIT_D,0.00040566242741851404
78,123,x_R10_EXIT_F,x_R16_EXIT_G,0.0005643998990170629
78,125,x_R10_EXIT_F,x_R16_EXIT_A,0.0008995123390584441
78,126,x_R10_EXIT_F,x_R16_EXIT_F,0.0015697372191412064
78,128,x_R10_EXIT_F,x_R17_EXIT_C,0.0004585749179513637
78,129,x_R10_EXIT_F,x_R17_EXIT_D,0.0004585749179513637
78,131,x_R10_EXIT_F,x_R17_EXIT_G,0.0006173123895499126
78,132,x_R10_EXIT_F,x_R17_EXIT_H,0.00014109997475426572
78,133,x_R10_EXIT_F,x_R17_EXIT_A,0.0009524248295912937
78,134,x_R10_EXIT_F,x_R17_EXIT_F,0.001622649709674056
78,135,x_R10_EXIT_F,x_R17_EXIT_B,0.00014109997475426572
78,136,x_R10_EXIT_F,x_R18_EXIT_C,0.0005114874084842134
78,137,x_R10_EXIT_F,x_R18_EXIT_D,0.0005114874084842134
78,139,x_R10_EXIT_F,x_R18_EXIT_G,0.0006702248800827622
78,140,x_R10_EXIT_F,x_R18_EXIT_H,0.00019401246528711534
78,141,x_R10_EXIT_F,x_R18_EXIT_A,0.0010053373201241434
78,142,x_R10_EXIT_F,x_R18_EXIT_F,0.0016755622002069055
78,143,x_R10_EXIT_F,x_R18_EXIT_B,0.00019401246528711534
78,144,x_R10_EXIT_F,x_R19_EXIT_C,0.0004232999242627971
78,145,x_R10_EXIT_F,x_R19_EXIT_D,0.0004232999242627971
78,147,x_R10_EXIT_F,x_R19_EXIT_G,0.0005423530279617089
78,148,x_R10_EXIT_F,x_R19_EXIT_H,0.00018519371686497377
78,149,x_R10_EXIT_F,x_R19_EXIT_A,0.0007936873579927448
78,150,x_R10_EXIT_F,x_R19_EXIT_F,0.0012963560180548168
78,151,x_R10_EXIT_F,x_R19_EXIT_B,0.00018519371686497377
78,152,x_R10_EXIT_F,x_R22_EXIT_C,0.0008377811001034529
78,153,x_R10_EXIT_F,x_R22_EXIT_D,0.0012346247790998252
78,154,x_R10_EXIT_F,x_R22_EXIT_E,0.001190531036989117
78,155,x_R10_EXIT_F,x_R22_EXIT_G,0.0008377811001034529
78,156,x_R10_EXIT_F,x_R22_EXIT_H,0.0008377811001034529
78,158,x_R10_EXIT_F,x_R22_EXIT_F,0.0016755622002069058
78,159,x_R10_EXIT_F,x_R22_EXIT_B,0.0008377811001034529
78,160,x_R10_EXIT_F,x_R23_EXIT_C,0.0015873747159854895
78,161,x_R10_EXIT_F,x_R23_EXIT_D,0.0019842183949818617
78,162,x_R10_EXIT_F,x_R23_EXIT_E,0.0003527499368856643
78,163,x_R10_EXIT_F,x_R23_EXIT_G,0.0015873747159854895
78,165,x_R10_EXIT_F,x_R23_EXIT_A,0.0008377811001034529
78,166,x_R10_EXIT_F,x_R23_EXIT_F,0.0008377811001034527
78,169,x_R10_EXIT_F,x_R20_EXIT_D,0.0001190531036989117
78,170,x_R10_EXIT_F,x_R20_EXIT_E,0.0001058249810656993
78,174,x_R10_EXIT_F,x_R20_EXIT_F,0.00010251795040739618
78,177,x_R10_EXIT_F,x_R21_EXIT_D,0.0003968436789963724
78,178,x_R10_EXIT_F,x_R21_EXIT_E,0.0003527499368856643
78,182,x_R10_EXIT_F,x_R21_EXIT_F,0.00034172650135798734
78,185,x_R10_EXIT_F,x_R24_EXIT_D,0.0003968436789963724
78,186,x_R10_EXIT_F,x_R24_EXIT_E,0.0003527499368856643
78,190,x_R10_EXIT_F,x_R24_EXIT_F,0.00034172650135798734
78,193,x_R10_EXIT_F,x_R25_EXIT_D,0.0003968436789963724
78,194,x_R10_EXIT_F,x_R25_EXIT_E,0.0003527499368856643
78,198,x_R10_EXIT_F,x_R25_EXIT_F,0.00034172650135798734
78,200,x_R10_EXIT_F,x_R26_EXIT_C,0.0004762124147956468
78,201,x_R10_EXIT_F,x_R26_EXIT_D,0.0007143186221934702
78,202,x_R10_EXIT_F,x_R26_EXIT_E,0.0006878623769270453
78,204,x_R10_EXIT_F,x_R26_EXIT_H,0.00017857965554836754
78,206,x_R10_EXIT_F,x_R26_EXIT_F,0.0003240890045137041
78,208,x_R10_EXIT_F,x_R27_EXIT_C,0.00018850074752327687
78,209,x_R10_EXIT_F,x_R27_EXIT_D,0.00022818511542291417
78,211,x_R10_EXIT_F,x_R27_EXIT_G,0.00018850074752327687
78,217,x_R10_EXIT_F,x_R28_EXIT_D,0.00023810620739782344
78,218,x_R10_EXIT_F,x_R28_EXIT_E,0.00022928745897568184
78,220,x_R10_EXIT_F,x_R28_EXIT_H,0.00015873747159854897
78,225,x_R10_EXIT_F,x_R29_EXIT_D,0.0004762124147956469
78,226,x_R10_EXIT_F,x_R29_EXIT_E,0.0004585749179513637
78,228,x_R10_EXIT_F,x_R29_EXIT_H,0.00031747494319709794
78,230,x_R10_EXIT_F,x_R29_EXIT_F,0.00013669060054319495
78,232,x_R10_EXIT_F,x_R30_EXIT_C,0.00031747494319709794
78,233,x_R10_EXIT_F,x_R30_EXIT_D,0.0004762124147956469
78,234,x_R10_EXIT_F,x_R30_EXIT_E,0.0004585749179513637
78,249,x_R10_EXIT_F,x_R32_EXIT_D,0.00015873747159854897
78,250,x_R10_EXIT_F,x_R32_EXIT_E,0.00014109997475426572
78,254,x_R10_EXIT_F,x_R32_EXIT_F,0.00013669060054319495
78,257,x_R10_EXIT_F,x_R33_EXIT_D,0.00015873747159854897
78,258,x_R10_EXIT_F,x_R33_EXIT_E,0.00014109997475426572
78,262,x_R10_EXIT_F,x_R33_EXIT_F,0.00013669060054319495
79,82,x_R10_EXIT_B,x_R11_EXIT_E,0.00014109997475426572
79,84,x_R10_EXIT_B,x_R11_EXIT_H,0.0001234624779099825
79,87,x_R10_EXIT_B,x_R11_EXIT_B,0.0017857965554836759
79,90,x_R10_EXIT_B,x_R12_EXIT_E,0.00014109997475426572
79,92,x_R10_EXIT_B,x_R12_EXIT_H,0.0001234624779099825
79,95,x_R10_EXIT_B,x_R12_EXIT_B,0.0017857965554836759
79,98,x_R10_EXIT_B,x_R13_EXIT_E,0.00014109997475426572
79,100,x_R10_EXIT_B,x_R13_EXIT_H,0.0001234624779099825
79,103,x_R10_EXIT_B,x_R13_EXIT_B,0.0017857965554836759
79,106,x_R10_EXIT_B,x_R14_EXIT_E,0.00014109997475426572
79,108,x_R10_EXIT_B,x_R14_EXIT_H,0.0001234624779099825
79,111,x_R10_EXIT_B,x_R14_EXIT_B,0.0017857965554836759
79,114,x_R10_EXIT_B,x_R15_EXIT_E,0.00010582498106569928
79,116,x_R10_EXIT_B,x_R15_EXIT_H,0.0002292874589756818
79,119,x_R10_EXIT_B,x_R15_EXIT_B,0.001891621536549375
79,124,x_R10_EXIT_B,x_R16_EXIT_H,0.00028219994950853144
79,127,x_R10_EXIT_B,x_R16_EXIT_B,0.0019445340270822246
79,128,x_R10_EXIT_B,x_R17_EXIT_C,0.00014109997475426572
79,129,x_R10_EXIT_B,x_R17_EXIT_D,0.00014109997475426572
79,131,x_R10_EXIT_B,x_R17_EXIT_G,0.00014109997475426572
79,132,x_R10_EXIT_B,x_R17_EXIT_H,0.0003351124400413811
79,133,x_R10_EXIT_B,x_R17_EXIT_A,0.00014109997475426572
79,134,x_R10_EXIT_B,x_R17_EXIT_F,0.00014109997475426572
79,135,x_R10_EXIT_B,x_R17_EXIT_B,0.0019974465176150744
79,136,x_R10_EXIT_B,x_R18_EXIT_C,0.00019401246528711534
79,137,x_R10_EXIT_B,x_R18_EXIT_D,0.00019401246528711534
79,139,x_R10_EXIT_B,x_R18_EXIT_G,0.00019401246528711534
79,140,x_R10_EXIT_B,x_R18_EXIT_H,0.00038802493057423073
79,141,x_R10_EXIT_B,x_R18_EXIT_A,0.00019401246528711534
79,142,x_R10_EXIT_B,x_R18_EXIT_F,0.00019401246528711534
79,143,x_R10_EXIT_B,x_R18_EXIT_B,0.0020503590081479236
79,144,x_R10_EXIT_B,x_R19_EXIT_C,0.00018519371686497377
79,145,x_R10_EXIT_B,x_R19_EXIT_D,0.00018519371686497377
79,147,x_R10_EXIT_B,x_R19_EXIT_G,0.00018519371686497377
79,148,x_R10_EXIT_B,x_R19_EXIT_H,0.00033070306583031034
79,149,x_R10_EXIT_B,x_R19_EXIT_A,0.00018519371686497377
79,150,x_R10_EXIT_B,x_R19_EXIT_F,0.00018519371686497377
79,151,x_R10_EXIT_B,x_R19_EXIT_B,0.00157745362401058
79,154,x_R10_EXIT_B,x_R22_EXIT_E,0.0005291249053284965
79,156,x_R10_EXIT_B,x_R22_EXIT_H,0.0003086561947749563
79,159,x_R10_EXIT_B,x_R22_EXIT_B,0.002518855018074197
79,162,x_R10_EXIT_B,x_R23_EXIT_E,0.0007054998737713287
79,164,x_R10_EXIT_B,x_R23_EXIT_H,0.0001322812263321241
79,167,x_R10_EXIT_B,x_R23_EXIT_B,0.002518855018074197
79,170,x_R10_EXIT_B,x_R20_EXIT_E,0.00015873747159854894
79,175,x_R10_EXIT_B,x_R20_EXIT_B,0.0007556565054222589
79,178,x_R10_EXIT_B,x_R21_EXIT_E,0.0005291249053284965
79,180,x_R10_EXIT_B,x_R21_EXIT_H,0.0003086561947749563
79,183,x_R10_EXIT_B,x_R21_EXIT_B,0.002518855018074197
79,184,x_R10_EXIT_B,x_R24_EXIT_C,0.001127146282704974
79,185,x_R10_EXIT_B,x_R24_EXIT_D,0.001127146282704974
79,186,x_R10_EXIT_B,x_R24_EXIT_E,0.0016562711880334707
79,187,x_R10_EXIT_B,x_R24_EXIT_G,0.001127146282704974
79,188,x_R10_EXIT_B,x_R24_EXIT_H,0.000818490087930018
79,189,x_R10_EXIT_B,x_R24_EXIT_A,0.000818490087930018
79,190,x_R10_EXIT_B,x_R24_EXIT_F,0.000818490087930018
79,191,x_R10_EXIT_B,x_R24_EXIT_B,0.0033373451060042148
79,192,x_R10_EXIT_B,x_R25_EXIT_C,0.0003086561947749563
79,193,x_R10_EXIT_B,x_R25_EXIT_D,0.0003086561947749563
79,194,x_R10_EXIT_B,x_R25_EXIT_E,0.0008377811001034528
79,195,x_R10_EXIT_B,x_R25_EXIT_G,0.0003086561947749563
79,202,x_R10_EXIT_B,x_R26_EXIT_E,0.0003174749431970979
79,207,x_R10_EXIT_B,x_R26_EXIT_B,0.0015113130108445178
79,215,x_R10_EXIT_B,x_R27_EXIT_B,0.0002518855018074197
79,218,x_R10_EXIT_B,x_R28_EXIT_E,0.0001058249810656993
79,223,x_R10_EXIT_B,x_R28_EXIT_B,0.0005037710036148394
79,226,x_R10_EXIT_B,x_R29_EXIT_E,0.0002116499621313986
79,228,x_R10_EXIT_B,x_R29_EXIT_H,0.0001234624779099825
79,231,x_R10_EXIT_B,x_R29_EXIT_B,0.0010075420072296788
79,234,x_R10_EXIT_B,x_R30_EXIT_E,0.0002116499621313986
79,239,x_R10_EXIT_B,x_R30_EXIT_B,0.0010075420072296788
79,247,x_R10_EXIT_B,x_R31_EXIT_B,0.0002518855018074197
79,248,x_R10_EXIT_B,x_R32_EXIT_C,0.0003979460225491401
79,249,x_R10_EXIT_B,x_R32_EXIT_D,0.0003979460225491401
79,250,x_R10_EXIT_B,x_R32_EXIT_E,0.0006095959846805386
79,251,x_R10_EXIT_B,x_R32_EXIT_G,0.0003979460225491401
79,252,x_R10_EXIT_B,x_R32_EXIT_H,0.00032739603517200727
79,253,x_R10_EXIT_B,x_R32_EXIT_A,0.00032739603517200727
79,254,x_R10_EXIT_B,x_R32_EXIT_F,0.00032739603517200727
79,255,x_R10_EXIT_B,x_R32_EXIT_B,0.0006801459720576716
79,258,x_R10_EXIT_B,x_R33_EXIT_E,0.00028219994950853144
80,81,x_R11_EXIT_C,x_R11_EXIT_D,1.8390649520333202
80,82,x_R11_EXIT_C,x_R11_EXIT_E,1.8390649520333202
80,83,x_R11_EXIT_C,x_R11_EXIT_G,1.8390649520333202
80,84,x_R11_EXIT_C,x_R11_EXIT_H,1.8390649520333202
80,85,x_R11_EXIT_C,x_R11_EXIT_A,1.8390649520333202
80,86,x_R11_EXIT_C,x_R11_EXIT_F,1.8390649520333202
80,87,x_R11_EXIT_C,x_R11_EXIT_B,1.8390649520333202
80,88,x_R11_EXIT_C,x_R12_EXIT_C,0.00024692495581996504
80,96,x_R11_EXIT_C,x_R13_EXIT_C,0.00024692495581996504
80,104,x_R11_EXIT_C,x_R14_EXIT_C,0.00024692495581996504
80,112,x_R11_EXIT_C,x_R15_EXIT_C,0.00024692495581996504
80,120,x_R11_EXIT_C,x_R16_EXIT_C,0.00024692495581996504
80,128,x_R11_EXIT_C,x_R17_EXIT_C,0.00024692495581996504
80,136,x_R11_EXIT_C,x_R18_EXIT_C,0.00024692495581996504
80,144,x_R11_EXIT_C,x_R19_EXIT_C,0.00018519371686497377
80,152,x_R11_EXIT_C,x_R22_EXIT_C,0.0006173123895499126
80,160,x_R11_EXIT_C,x_R23_EXIT_C,0.0006173123895499126
80,168,x_R11_EXIT_C,x_R20_EXIT_C,0.00018519371686497377
80,176,x_R11_EXIT_C,x_R21_EXIT_C,0.0006173123895499126
80,184,x_R11_EXIT_C,x_R24_EXIT_C,0.0006173123895499126
80,192,x_R11_EXIT_C,x_R25_EXIT_C,0.0006173123895499126
80,200,x_R11_EXIT_C,x_R26_EXIT_C,0.00037038743372994754
80,216,x_R11_EXIT_C,x_R28_EXIT_C,0.00012346247790998252
80,224,x_R11_EXIT_C,x_R29_EXIT_C,0.00024692495581996504
80,232,x_R11_EXIT_C,x_R30_EXIT_C,0.00024692495581996504
80,248,x_R11_EXIT_C,x_R32_EXIT_C,0.00024692495581996504
80,256,x_R11_EXIT_C,x_R33_EXIT_C,0.00024692495581996504
81,82,x_R11_EXIT_D,x_R11_EXIT_E,1.8396558081776038
81,83,x_R11_EXIT_D,x_R11_EXIT_G,1.8393383332344067
81,84,x_R11_EXIT_D,x_R11_EXIT_H,1.8393383332344067
81,85,x_R11_EXIT_D,x_R11_EXIT_A,1.8393383332344067
81,86,x_R11_EXIT_D,x_R11_EXIT_F,1.8393383332344067
81,87,x_R11_EXIT_D,x_R11_EXIT_B,1.8393383332344067
81,89,x_R11_EXIT_D,x_R12_EXIT_D,0.0007936873579927448
81,90,x_R11_EXIT_D,x_R12_EXIT_E,0.0005908561442834878
81,91,x_R11_EXIT_D,x_R12_EXIT_G,0.00027338120108638984
81,92,x_R11_EXIT_D,x_R12_EXIT_H,0.00027338120108638984
81,93,x_R11_EXIT_D,x_R12_EXIT_A,0.00027338120108638984
81,94,x_R11_EXIT_D,x_R12_EXIT_F,0.00027338120108638984
81,95,x_R11_EXIT_D,x_R12_EXIT_B,0.00027338120108638984
81,97,x_R11_EXIT_D,x_R13_EXIT_D,0.0006966811253491871
81,98,x_R11_EXIT_D,x_R13_EXIT_E,0.0004938499116399301
81,99,x_R11_EXIT_D,x_R13_EXIT_G,0.00017637496844283217
81,100,x_R11_EXIT_D,x_R13_EXIT_H,0.00017637496844283217
81,101,x_R11_EXIT_D,x_R13_EXIT_A,0.00017637496844283217
81,102,x_R11_EXIT_D,x_R13_EXIT_F,0.00017637496844283217
81,103,x_R11_EXIT_D,x_R13_EXIT_B,0.00017637496844283217
81,104,x_R11_EXIT_D,x_R14_EXIT_C,0.00019401246528711537
81,105,x_R11_EXIT_D,x_R14_EXIT_D,0.0005996748927056295
81,106,x_R11_EXIT_D,x_R14_EXIT_E,0.0003968436789963724
81,112,x_R11_EXIT_D,x_R15_EXIT_C,0.0005908561442834878
81,113,x_R11_EXIT_D,x_R15_EXIT_D,0.000202831213709257
81,120,x_R11_EXIT_D,x_R16_EXIT_C,0.0005908561442834878
81,121,x_R11_EXIT_D,x_R16_EXIT_D,0.000202831213709257
81,128,x_R11_EXIT_D,x_R17_EXIT_C,0.0005908561442834878
81,129,x_R11_EXIT_D,x_R17_EXIT_D,0.000202831213709257
81,136,x_R11_EXIT_D,x_R18_EXIT_C,0.0005908561442834878
81,137,x_R11_EXIT_D,x_R18_EXIT_D,0.000202831213709257
81,144,x_R11_EXIT_D,x_R19_EXIT_C,0.0004431421082126158
81,145,x_R11_EXIT_D,x_R19_EXIT_D,0.00015212341028194274
81,152,x_R11_EXIT_D,x_R22_EXIT_C,0.0006834530027159746
81,153,x_R11_EXIT_D,x_R22_EXIT_D,0.0005070780342731424
81,160,x_R11_EXIT_D,x_R23_EXIT_C,0.0006834530027159746
81,161,x_R11_EXIT_D,x_R23_EXIT_D,0.0005070780342731424
81,168,x_R11_EXIT_D,x_R20_EXIT_C,0.00020503590081479237
81,169,x_R11_EXIT_D,x_R20_EXIT_D,0.00015212341028194274
81,176,x_R11_EXIT_D,x_R21_EXIT_C,0.0006834530027159746
81,177,x_R11_EXIT_D,x_R21_EXIT_D,0.0005070780342731424
81,184,x_R11_EXIT_D,x_R24_EXIT_C,0.0006834530027159746
81,185,x_R11_EXIT_D,x_R24_EXIT_D,0.0005070780342731424
81,192,x_R11_EXIT_D,x_R25_EXIT_C,0.0006834530027159746
81,193,x_R11_EXIT_D,x_R25_EXIT_D,0.0005070780342731424
81,200,x_R11_EXIT_D,x_R26_EXIT_C,0.00041007180162958473
81,201,x_R11_EXIT_D,x_R26_EXIT_D,0.0003042468205638855
81,216,x_R11_EXIT_D,x_R28_EXIT_C,0.00013669060054319492
81,217,x_R11_EXIT_D,x_R28_EXIT_D,0.0001014156068546285
81,224,x_R11_EXIT_D,x_R29_EXIT_C,0.00027338120108638984
81,225,x_R11_EXIT_D,x_R29_EXIT_D,0.000202831213709257
81,232,x_R11_EXIT_D,x_R30_EXIT_C,0.00027338120108638984
81,233,x_R11_EXIT_D,x_R30_EXIT_D,0.000202831213709257
81,248,x_R11_EXIT_D,x_R32_EXIT_C,0.00027338120108638984
81,249,x_R11_EXIT_D,x_R32_EXIT_D,0.000202831213709257
81,256,x_R11_EXIT_D,x_R33_EXIT_C,0.00027338120108638984
81,257,x_R11_EXIT_D,x_R33_EXIT_D,0.000202831213709257
82,83,x_R11_EXIT_E,x_R11_EXIT_G,1.8393383332344067
82,84,x_R11_EXIT_E,x_R11_EXIT_H,1.8393383332344067
82,85,x_R11_EXIT_E,x_R11_EXIT_A,1.8393383332344067
82,86,x_R11_EXIT_E,x_R11_EXIT_F,1.8393383332344067
82,87,x_R11_EXIT_E,x_R11_EXIT_B,1.8393383332344067
82,89,x_R11_EXIT_E,x_R12_EXIT_D,0.0005908561442834878
82,90,x_R11_EXIT_E,x_R12_EXIT_E,0.0012081685338334004
82,91,x_R11_EXIT_E,x_R12_EXIT_G,0.00027338120108638984
82,92,x_R11_EXIT_E,x_R12_EXIT_H,0.00027338120108638984
82,93,x_R11_EXIT_E,x_R12_EXIT_A,0.00027338120108638984
82,94,x_R11_EXIT_E,x_R12_EXIT_F,0.00027338120108638984
82,95,x_R11_EXIT_E,x_R12_EXIT_B,0.00027338120108638984
82,97,x_R11_EXIT_E,x_R13_EXIT_D,0.0004938499116399301
82,98,x_R11_EXIT_E,x_R13_EXIT_E,0.0011111623011898428
82,99,x_R11_EXIT_E,x_R13_EXIT_G,0.00017637496844283217
82,100,x_R11_EXIT_E,x_R13_EXIT_H,0.00017637496844283217
82,101,x_R11_EXIT_E,x_R13_EXIT_A,0.00017637496844283217
82,102,x_R11_EXIT_E,x_R13_EXIT_F,0.00017637496844283217
82,103,x_R11_EXIT_E,x_R13_EXIT_B,0.00017637496844283217
82,104,x_R11_EXIT_E,x_R14_EXIT_C,0.00019401246528711537
82,105,x_R11_EXIT_E,x_R14_EXIT_D,0.0003968436789963724
82,106,x_R11_EXIT_E,x_R14_EXIT_E,0.001014156068546285
82,112,x_R11_EXIT_E,x_R15_EXIT_C,0.0009436060811691522
82,113,x_R11_EXIT_E,x_R15_EXIT_D,0.0003527499368856644
82,114,x_R11_EXIT_E,x_R15_EXIT_E,0.00026456245266424824
82,115,x_R11_EXIT_E,x_R15_EXIT_G,0.0003527499368856644
82,117,x_R11_EXIT_E,x_R15_EXIT_A,0.0003527499368856644
82,118,x_R11_EXIT_E,x_R15_EXIT_F,0.0003527499368856644
82,120,x_R11_EXIT_E,x_R16_EXIT_C,0.0009965185717020018
82,121,x_R11_EXIT_E,x_R16_EXIT_D,0.00040566242741851404
82,122,x_R11_EXIT_E,x_R16_EXIT_E,0.0002116499621313986
82,123,x_R11_EXIT_E,x_R16_EXIT_G,0.00040566242741851404
82,125,x_R11_EXIT_E,x_R16_EXIT_A,0.00040566242741851404
82,126,x_R11_EXIT_E,x_R16_EXIT_F,0.00040566242741851404
82,128,x_R11_EXIT_E,x_R17_EXIT_C,0.0010494310622348514
82,129,x_R11_EXIT_E,x_R17_EXIT_D,0.0004585749179513637
82,130,x_R11_EXIT_E,x_R17_EXIT_E,0.00015873747159854894
82,131,x_R11_EXIT_E,x_R17_EXIT_G,0.0004585749179513637
82,132,x_R11_EXIT_E,x_R17_EXIT_H,0.00014109997475426572
82,133,x_R11_EXIT_E,x_R17_EXIT_A,0.0004585749179513637
82,134,x_R11_EXIT_E,x_R17_EXIT_F,0.0004585749179513637
82,135,x_R11_EXIT_E,x_R17_EXIT_B,0.00014109997475426572
82,136,x_R11_EXIT_E,x_R18_EXIT_C,0.0010494310622348514
82,137,x_R11_EXIT_E,x_R18_EXIT_D,0.0004585749179513637
82,138,x_R11_EXIT_E,x_R18_EXIT_E,0.00015873747159854894
82,139,x_R11_EXIT_E,x_R18_EXIT_G,0.0004585749179513637
82,140,x_R11_EXIT_E,x_R18_EXIT_H,0.00014109997475426572
82,141,x_R11_EXIT_E,x_R18_EXIT_A,0.0004585749179513637
82,142,x_R11_EXIT_E,x_R18_EXIT_F,0.0004585749179513637
82,143,x_R11_EXIT_E,x_R18_EXIT_B,0.00014109997475426572
82,144,x_R11_EXIT_E,x_R19_EXIT_C,0.0007870732966761385
82,145,x_R11_EXIT_E,x_R19_EXIT_D,0.00034393118846352263
82,146,x_R11_EXIT_E,x_R19_EXIT_E,0.00011905310369891171
82,147,x_R11_EXIT_E,x_R19_EXIT_G,0.00034393118846352263
82,148,x_R11_EXIT_E,x_R19_EXIT_H,0.0001058249810656993
82,149,x_R11_EXIT_E,x_R19_EXIT_A,0.00034393118846352263
82,150,x_R11_EXIT_E,x_R19_EXIT_F,0.00034393118846352263
82,151,x_R11_EXIT_E,x_R19_EXIT_B,0.0001058249810656993
82,152,x_R11_EXIT_E,x_R22_EXIT_C,0.0006834530027159746
82,154,x_R11_EXIT_E,x_R22_EXIT_E,0.0007495936158820367
82,160,x_R11_EXIT_E,x_R23_EXIT_C,0.0006834530027159746
82,162,x_R11_EXIT_E,x_R23_EXIT_E,0.0007495936158820367
82,168,x_R11_EXIT_E,x_R20_EXIT_C,0.00020503590081479237
82,170,x_R11_EXIT_E,x_R20_EXIT_E,0.00022487808476461102
82,176,x_R11_EXIT_E,x_R21_EXIT_C,0.0006834530027159746
82,178,x_R11_EXIT_E,x_R21_EXIT_E,0.0007495936158820367
82,184,x_R11_EXIT_E,x_R24_EXIT_C,0.0006834530027159746
82,186,x_R11_EXIT_E,x_R24_EXIT_E,0.0007495936158820367
82,192,x_R11_EXIT_E,x_R25_EXIT_C,0.0006834530027159746
82,194,x_R11_EXIT_E,x_R25_EXIT_E,0.0007495936158820367
82,200,x_R11_EXIT_E,x_R26_EXIT_C,0.00041007180162958473
82,202,x_R11_EXIT_E,x_R26_EXIT_E,0.00044975616952922204
82,216,x_R11_EXIT_E,x_R28_EXIT_C,0.00013669060054319492
82,218,x_R11_EXIT_E,x_R28_EXIT_E,0.00014991872317640732
82,224,x_R11_EXIT_E,x_R29_EXIT_C,0.00027338120108638984
82,226,x_R11_EXIT_E,x_R29_EXIT_E,0.00029983744635281464
82,232,x_R11_EXIT_E,x_R30_EXIT_C,0.00027338120108638984
82,234,x_R11_EXIT_E,x_R30_EXIT_E,0.00029983744635281464
82,248,x_R11_EXIT_E,x_R32_EXIT_C,0.00027338120108638984
82,250,x_R11_EXIT_E,x_R32_EXIT_E,0.00029983744635281464
82,256,x_R11_EXIT_E,x_R33_EXIT_C,0.00027338120108638984
82,258,x_R11_EXIT_E,x_R33_EXIT_E,0.00029983744635281464
83,84,x_R11_EXIT_G,x_R11_EXIT_H,1.8394970707060052
83,85,x_R11_EXIT_G,x_R11_EXIT_A,1.839854230017102
83,86,x_R11_EXIT_G,x_R11_EXIT_F,1.8394970707060052
83,87,x_R11_EXIT_G,x_R11_EXIT_B,1.8394970707060052
83,89,x_R11_EXIT_G,x_R12_EXIT_D,0.00027338120108638984
83,90,x_R11_EXIT_G,x_R12_EXIT_E,0.00027338120108638984
83,91,x_R11_EXIT_G,x_R12_EXIT_G,0.0009259685843248689
83,92,x_R11_EXIT_G,x_R12_EXIT_H,0.0004321186726849388
83,93,x_R11_EXIT_G,x_R12_EXIT_A,0.0007892779837816739
83,94,x_R11_EXIT_G,x_R12_EXIT_F,0.0004321186726849388
83,95,x_R11_EXIT_G,x_R12_EXIT_B,0.0004321186726849388
83,97,x_R11_EXIT_G,x_R13_EXIT_D,0.00017637496844283217
83,98,x_R11_EXIT_G,x_R13_EXIT_E,0.00017637496844283217
83,99,x_R11_EXIT_G,x_R13_EXIT_G,0.0008289623516813112
83,100,x_R11_EXIT_G,x_R13_EXIT_H,0.00033511244004138114
83,101,x_R11_EXIT_G,x_R13_EXIT_A,0.0006922717511381163
83,102,x_R11_EXIT_G,x_R13_EXIT_F,0.00033511244004138114
83,103,x_R11_EXIT_G,x_R13_EXIT_B,0.00033511244004138114
83,104,x_R11_EXIT_G,x_R14_EXIT_C,0.00019401246528711537
83,107,x_R11_EXIT_G,x_R14_EXIT_G,0.0007319561190377535
83,108,x_R11_EXIT_G,x_R14_EXIT_H,0.00023810620739782344
83,109,x_R11_EXIT_G,x_R14_EXIT_A,0.0005952655184945586
83,110,x_R11_EXIT_G,x_R14_EXIT_F,0.00023810620739782344
83,111,x_R11_EXIT_G,x_R14_EXIT_B,0.00023810620739782344
83,112,x_R11_EXIT_G,x_R15_EXIT_C,0.00027338120108638984
83,115,x_R11_EXIT_G,x_R15_EXIT_G,0.0004938499116399301
83,120,x_R11_EXIT_G,x_R16_EXIT_C,0.00027338120108638984
83,123,x_R11_EXIT_G,x_R16_EXIT_G,0.0004938499116399301
83,128,x_R11_EXIT_G,x_R17_EXIT_C,0.00027338120108638984
83,131,x_R11_EXIT_G,x_R17_EXIT_G,0.0004938499116399301
83,136,x_R11_EXIT_G,x_R18_EXIT_C,0.00027338120108638984
83,139,x_R11_EXIT_G,x_R18_EXIT_G,0.0004938499116399301
83,144,x_R11_EXIT_G,x_R19_EXIT_C,0.00020503590081479237
83,147,x_R11_EXIT_G,x_R19_EXIT_G,0.0003703874337299475
83,152,x_R11_EXIT_G,x_R22_EXIT_C,0.001080296681712347
83,155,x_R11_EXIT_G,x_R22_EXIT_G,0.0012346247790998252
83,160,x_R11_EXIT_G,x_R23_EXIT_C,0.001080296681712347
83,163,x_R11_EXIT_G,x_R23_EXIT_G,0.0012346247790998252
83,168,x_R11_EXIT_G,x_R20_EXIT_C,0.0005919584878362554
83,169,x_R11_EXIT_G,x_R20_EXIT_D,0.00026786948332255137
83,170,x_R11_EXIT_G,x_R20_EXIT_E,0.00026786948332255137
83,171,x_R11_EXIT_G,x_R20_EXIT_G,0.00010251795040739618
83,172,x_R11_EXIT_G,x_R20_EXIT_H,0.00026786948332255137
83,176,x_R11_EXIT_G,x_R21_EXIT_C,0.0015763512804578123
83,177,x_R11_EXIT_G,x_R21_EXIT_D,0.0004960545987454654
83,178,x_R11_EXIT_G,x_R21_EXIT_E,0.0004960545987454654
83,179,x_R11_EXIT_G,x_R21_EXIT_G,0.0007385701803543596
83,180,x_R11_EXIT_G,x_R21_EXIT_H,0.0004960545987454654
83,184,x_R11_EXIT_G,x_R24_EXIT_C,0.001080296681712347
83,187,x_R11_EXIT_G,x_R24_EXIT_G,0.0012346247790998252
83,192,x_R11_EXIT_G,x_R25_EXIT_C,0.001080296681712347
83,195,x_R11_EXIT_G,x_R25_EXIT_G,0.0012346247790998252
83,200,x_R11_EXIT_G,x_R26_EXIT_C,0.0006481780090274082
83,203,x_R11_EXIT_G,x_R26_EXIT_G,0.0004431421082126158
83,208,x_R11_EXIT_G,x_R27_EXIT_C,0.0001080296681712347
83,211,x_R11_EXIT_G,x_R27_EXIT_G,0.00012346247790998252
83,216,x_R11_EXIT_G,x_R28_EXIT_C,0.00031527025609156254
83,224,x_R11_EXIT_G,x_R29_EXIT_C,0.0006305405121831251
83,227,x_R11_EXIT_G,x_R29_EXIT_G,0.0002954280721417439
83,232,x_R11_EXIT_G,x_R30_EXIT_C,0.0004321186726849388
83,235,x_R11_EXIT_G,x_R30_EXIT_G,0.0002954280721417439
83,240,x_R11_EXIT_G,x_R31_EXIT_C,0.0001080296681712347
83,248,x_R11_EXIT_G,x_R32_EXIT_C,0.0004321186726849388
83,251,x_R11_EXIT_G,x_R32_EXIT_G,0.0004938499116399301
83,256,x_R11_EXIT_G,x_R33_EXIT_C,0.0004321186726849388
83,259,x_R11_EXIT_G,x_R33_EXIT_G,0.0004938499116399301
84,85,x_R11_EXIT_H,x_R11_EXIT_A,1.8394970707060052
84,86,x_R11_EXIT_H,x_R11_EXIT_F,1.8395367550739048
84,87,x_R11_EXIT_H,x_R11_EXIT_B,1.8399776924950118
84,89,x_R11_EXIT_H,x_R12_EXIT_D,0.00027338120108638984
84,90,x_R11_EXIT_H,x_R12_EXIT_E,0.00027338120108638984
84,91,x_R11_EXIT_H,x_R12_EXIT_G,0.0004321186726849388
84,92,x_R11_EXIT_H,x_R12_EXIT_H,0.0010714779332902053
84,93,x_R11_EXIT_H,x_R12_EXIT_A,0.0004321186726849388
84,94,x_R11_EXIT_H,x_R12_EXIT_F,0.0004718030405845761
84,95,x_R11_EXIT_H,x_R12_EXIT_B,0.0009127404616916566
84,97,x_R11_EXIT_H,x_R13_EXIT_D,0.00017637496844283217
84,98,x_R11_EXIT_H,x_R13_EXIT_E,0.00017637496844283217
84,99,x_R11_EXIT_H,x_R13_EXIT_G,0.00033511244004138114
84,100,x_R11_EXIT_H,x_R13_EXIT_H,0.0009744717006466478
84,101,x_R11_EXIT_H,x_R13_EXIT_A,0.00033511244004138114
84,102,x_R11_EXIT_H,x_R13_EXIT_F,0.0003747968079410184
84,103,x_R11_EXIT_H,x_R13_EXIT_B,0.0008157342290480989
84,104,x_R11_EXIT_H,x_R14_EXIT_C,0.00019401246528711537
84,107,x_R11_EXIT_H,x_R14_EXIT_G,0.00023810620739782344
84,108,x_R11_EXIT_H,x_R14_EXIT_H,0.0008774654680030901
84,109,x_R11_EXIT_H,x_R14_EXIT_A,0.00023810620739782344
84,110,x_R11_EXIT_H,x_R14_EXIT_F,0.0002777905752974607
84,111,x_R11_EXIT_H,x_R14_EXIT_B,0.0007187279964045412
84,112,x_R11_EXIT_H,x_R15_EXIT_C,0.00027338120108638984
84,116,x_R11_EXIT_H,x_R15_EXIT_H,0.00028219994950853144
84,119,x_R11_EXIT_H,x_R15_EXIT_B,0.0001234624779099825
84,120,x_R11_EXIT_H,x_R16_EXIT_C,0.00027338120108638984
84,124,x_R11_EXIT_H,x_R16_EXIT_H,0.00028219994950853144
84,127,x_R11_EXIT_H,x_R16_EXIT_B,0.0001234624779099825
84,128,x_R11_EXIT_H,x_R17_EXIT_C,0.00027338120108638984
84,132,x_R11_EXIT_H,x_R17_EXIT_H,0.00028219994950853144
84,135,x_R11_EXIT_H,x_R17_EXIT_B,0.0001234624779099825
84,136,x_R11_EXIT_H,x_R18_EXIT_C,0.00027338120108638984
84,140,x_R11_EXIT_H,x_R18_EXIT_H,0.00028219994950853144
84,143,x_R11_EXIT_H,x_R18_EXIT_B,0.0001234624779099825
84,144,x_R11_EXIT_H,x_R19_EXIT_C,0.00020503590081479237
84,148,x_R11_EXIT_H,x_R19_EXIT_H,0.0002116499621313986
84,152,x_R11_EXIT_H,x_R22_EXIT_C,0.0011795076014614401
84,154,x_R11_EXIT_H,x_R22_EXIT_E,0.0007936873579927448
84,156,x_R11_EXIT_H,x_R22_EXIT_H,0.0014991872317640733
84,160,x_R11_EXIT_H,x_R23_EXIT_C,0.0011795076014614401
84,162,x_R11_EXIT_H,x_R23_EXIT_E,0.00017637496844283214
84,164,x_R11_EXIT_H,x_R23_EXIT_H,0.0005291249053284965
84,168,x_R11_EXIT_H,x_R20_EXIT_C,0.0003240890045137041
84,170,x_R11_EXIT_H,x_R20_EXIT_E,0.00026786948332255137
84,172,x_R11_EXIT_H,x_R20_EXIT_H,0.00047951944545394985
84,176,x_R11_EXIT_H,x_R21_EXIT_C,0.001080296681712347
84,178,x_R11_EXIT_H,x_R21_EXIT_E,0.0008928982777418378
84,180,x_R11_EXIT_H,x_R21_EXIT_H,0.0015983981515131664
84,184,x_R11_EXIT_H,x_R24_EXIT_C,0.002281851154229141
84,185,x_R11_EXIT_H,x_R24_EXIT_D,0.001102343552767701
84,186,x_R11_EXIT_H,x_R24_EXIT_E,0.0003086561947749563
84,187,x_R11_EXIT_H,x_R24_EXIT_G,0.001201554472516794
84,188,x_R11_EXIT_H,x_R24_EXIT_H,0.0003968436789963724
84,192,x_R11_EXIT_H,x_R25_EXIT_C,0.002546413606893389
84,193,x_R11_EXIT_H,x_R25_EXIT_D,0.0013669060054319491
84,194,x_R11_EXIT_H,x_R25_EXIT_E,0.0005732186474392045
84,195,x_R11_EXIT_H,x_R25_EXIT_G,0.0014661169251810424
84,196,x_R11_EXIT_H,x_R25_EXIT_H,0.0001322812263321241
84,200,x_R11_EXIT_H,x_R26_EXIT_C,0.000707704560876864
84,202,x_R11_EXIT_H,x_R26_EXIT_E,0.0004762124147956468
84,204,x_R11_EXIT_H,x_R26_EXIT_H,0.0003174749431970979
84,208,x_R11_EXIT_H,x_R27_EXIT_C,0.00011795076014614402
84,216,x_R11_EXIT_H,x_R28_EXIT_C,0.0002160593363424694
84,218,x_R11_EXIT_H,x_R28_EXIT_E,0.00015873747159854897
84,220,x_R11_EXIT_H,x_R28_EXIT_H,0.00029983744635281474
84,224,x_R11_EXIT_H,x_R29_EXIT_C,0.0004321186726849388
84,226,x_R11_EXIT_H,x_R29_EXIT_E,0.00031747494319709794
84,228,x_R11_EXIT_H,x_R29_EXIT_H,0.0005996748927056295
84,232,x_R11_EXIT_H,x_R30_EXIT_C,0.0004718030405845761
84,234,x_R11_EXIT_H,x_R30_EXIT_E,0.00031747494319709794
84,240,x_R11_EXIT_H,x_R31_EXIT_C,0.00021495699278970172
84,248,x_R11_EXIT_H,x_R32_EXIT_C,0.0008598279711588069
84,249,x_R11_EXIT_H,x_R32_EXIT_D,0.0003880249305742308
84,251,x_R11_EXIT_H,x_R32_EXIT_G,0.0004277092984738681
84,256,x_R11_EXIT_H,x_R33_EXIT_C,0.0008598279711588069
84,257,x_R11_EXIT_H,x_R33_EXIT_D,0.0003880249305742308
84,259,x_R11_EXIT_H,x_R33_EXIT_G,0.0004277092984738681
85,86,x_R11_EXIT_A,x_R11_EXIT_F,1.8394970707060052
85,87,x_R11_EXIT_A,x_R11_EXIT_B,1.8394970707060052
85,89,x_R11_EXIT_A,x_R12_EXIT_D,0.00027338120108638984
85,90,x_R11_EXIT_A,x_R12_EXIT_E,0.00027338120108638984
85,91,x_R11_EXIT_A,x_R12_EXIT_G,0.0007892779837816739
85,92,x_R11_EXIT_A,x_R12_EXIT_H,0.0004321186726849388
85,93,x_R11_EXIT_A,x_R12_EXIT_A,0.0018166621749611711
85,94,x_R11_EXIT_A,x_R12_EXIT_F,0.0004321186726849388
85,95,x_R11_EXIT_A,x_R12_EXIT_B,0.0004321186726849388
85,97,x_R11_EXIT_A,x_R13_EXIT_D,0.00017637496844283217
85,98,x_R11_EXIT_A,x_R13_EXIT_E,0.00017637496844283217
85,99,x_R11_EXIT_A,x_R13_EXIT_G,0.0006922717511381163
85,100,x_R11_EXIT_A,x_R13_EXIT_H,0.00033511244004138114
85,101,x_R11_EXIT_A,x_R13_EXIT_A,0.0017196559423176135
85,102,x_R11_EXIT_A,x_R13_EXIT_F,0.00033511244004138114
85,103,x_R11_EXIT_A,x_R13_EXIT_B,0.00033511244004138114
85,104,x_R11_EXIT_A,x_R14_EXIT_C,0.00019401246528711537
85,107,x_R11_EXIT_A,x_R14_EXIT_G,0.0005952655184945586
85,108,x_R11_EXIT_A,x_R14_EXIT_H,0.00023810620739782344
85,109,x_R11_EXIT_A,x_R14_EXIT_A,0.001622649709674056
85,110,x_R11_EXIT_A,x_R14_EXIT_F,0.00023810620739782344
85,111,x_R11_EXIT_A,x_R14_EXIT_B,0.00023810620739782344
85,112,x_R11_EXIT_A,x_R15_EXIT_C,0.00027338120108638984
85,115,x_R11_EXIT_A,x_R15_EXIT_G,0.0003571593110967352
85,117,x_R11_EXIT_A,x_R15_EXIT_A,0.0003549546239911998
85,120,x_R11_EXIT_A,x_R16_EXIT_C,0.00027338120108638984
85,123,x_R11_EXIT_A,x_R16_EXIT_G,0.0003571593110967352
85,125,x_R11_EXIT_A,x_R16_EXIT_A,0.0003549546239911998
85,128,x_R11_EXIT_A,x_R17_EXIT_C,0.00027338120108638984
85,131,x_R11_EXIT_A,x_R17_EXIT_G,0.0003571593110967352
85,133,x_R11_EXIT_A,x_R17_EXIT_A,0.0003549546239911998
85,136,x_R11_EXIT_A,x_R18_EXIT_C,0.00027338120108638984
85,139,x_R11_EXIT_A,x_R18_EXIT_G,0.0003571593110967352
85,141,x_R11_EXIT_A,x_R18_EXIT_A,0.0003549546239911998
85,144,x_R11_EXIT_A,x_R19_EXIT_C,0.00020503590081479237
85,147,x_R11_EXIT_A,x_R19_EXIT_G,0.00026786948332255137
85,149,x_R11_EXIT_A,x_R19_EXIT_A,0.0002662159679933998
85,152,x_R11_EXIT_A,x_R22_EXIT_C,0.001080296681712347
85,155,x_R11_EXIT_A,x_R22_EXIT_G,0.0008928982777418378
85,157,x_R11_EXIT_A,x_R22_EXIT_A,0.0008873865599779993
85,160,x_R11_EXIT_A,x_R23_EXIT_C,0.001080296681712347
85,163,x_R11_EXIT_A,x_R23_EXIT_G,0.0008928982777418378
85,165,x_R11_EXIT_A,x_R23_EXIT_A,0.0008873865599779993
85,168,x_R11_EXIT_A,x_R20_EXIT_C,0.0008507336368484734
85,169,x_R11_EXIT_A,x_R20_EXIT_D,0.0005266446323347692
85,170,x_R11_EXIT_A,x_R20_EXIT_E,0.0005266446323347692
85,171,x_R11_EXIT_A,x_R20_EXIT_G,0.0002587751490122178
85,172,x_R11_EXIT_A,x_R20_EXIT_H,0.0005266446323347692
85,173,x_R11_EXIT_A,x_R20_EXIT_A,0.0005117629943724051
85,174,x_R11_EXIT_A,x_R20_EXIT_F,0.0002455470263790054
85,175,x_R11_EXIT_A,x_R20_EXIT_B,0.0002455470263790054
85,176,x_R11_EXIT_A,x_R21_EXIT_C,0.0015763512804578123
85,177,x_R11_EXIT_A,x_R21_EXIT_D,0.0004960545987454654
85,178,x_R11_EXIT_A,x_R21_EXIT_E,0.0004960545987454654
85,179,x_R11_EXIT_A,x_R21_EXIT_G,0.0003968436789963724
85,180,x_R11_EXIT_A,x_R21_EXIT_H,0.0004960545987454654
85,181,x_R11_EXIT_A,x_R21_EXIT_A,0.0008873865599779993
85,184,x_R11_EXIT_A,x_R24_EXIT_C,0.001080296681712347
85,187,x_R11_EXIT_A,x_R24_EXIT_G,0.0008928982777418378
85,189,x_R11_EXIT_A,x_R24_EXIT_A,0.0008873865599779993
85,192,x_R11_EXIT_A,x_R25_EXIT_C,0.001080296681712347
85,195,x_R11_EXIT_A,x_R25_EXIT_G,0.0008928982777418378
85,197,x_R11_EXIT_A,x_R25_EXIT_A,0.0008873865599779993
85,200,x_R11_EXIT_A,x_R26_EXIT_C,0.0006481780090274082
85,203,x_R11_EXIT_A,x_R26_EXIT_G,0.0002381062073978234
85,205,x_R11_EXIT_A,x_R26_EXIT_A,0.0005324319359867996
85,208,x_R11_EXIT_A,x_R27_EXIT_C,0.0001080296681712347
85,216,x_R11_EXIT_A,x_R28_EXIT_C,0.00047896827367756604
85,217,x_R11_EXIT_A,x_R28_EXIT_D,0.00016369801758600363
85,218,x_R11_EXIT_A,x_R28_EXIT_E,0.00016369801758600363
85,219,x_R11_EXIT_A,x_R28_EXIT_G,0.00048117296078310155
85,220,x_R11_EXIT_A,x_R28_EXIT_H,0.00016369801758600363
85,222,x_R11_EXIT_A,x_R28_EXIT_F,0.00016369801758600363
85,223,x_R11_EXIT_A,x_R28_EXIT_B,0.00016369801758600363
85,224,x_R11_EXIT_A,x_R29_EXIT_C,0.0006305405121831251
85,227,x_R11_EXIT_A,x_R29_EXIT_G,0.00015873747159854897
85,232,x_R11_EXIT_A,x_R30_EXIT_C,0.0004321186726849388
85,235,x_R11_EXIT_A,x_R30_EXIT_G,0.00015873747159854897
85,237,x_R11_EXIT_A,x_R30_EXIT_A,0.0003549546239911998
85,240,x_R11_EXIT_A,x_R31_EXIT_C,0.0001080296681712347
85,248,x_R11_EXIT_A,x_R32_EXIT_C,0.0004321186726849388
85,251,x_R11_EXIT_A,x_R32_EXIT_G,0.0003571593110967352
85,253,x_R11_EXIT_A,x_R32_EXIT_A,0.0003549546239911998
85,256,x_R11_EXIT_A,x_R33_EXIT_C,0.0004321186726849388
85,259,x_R11_EXIT_A,x_R33_EXIT_G,0.0003571593110967352
85,261,x_R11_EXIT_A,x_R33_EXIT_A,0.0003549546239911998
86,87,x_R11_EXIT_F,x_R11_EXIT_B,1.8395367550739048
86,89,x_R11_EXIT_F,x_R12_EXIT_D,0.00027338120108638984
86,90,x_R11_EXIT_F,x_R12_EXIT_E,0.00027338120108638984
86,91,x_R11_EXIT_F,x_R12_EXIT_G,0.0004321186726849388
86,92,x_R11_EXIT_F,x_R12_EXIT_H,0.0004718030405845761
86,93,x_R11_EXIT_F,x_R12_EXIT_A,0.0004321186726849388
86,94,x_R11_EXIT_F,x_R12_EXIT_F,0.0014771403607087197
86,95,x_R11_EXIT_F,x_R12_EXIT_B,0.0004718030405845761
86,97,x_R11_EXIT_F,x_R13_EXIT_D,0.00017637496844283217
86,98,x_R11_EXIT_F,x_R13_EXIT_E,0.00017637496844283217
86,99,x_R11_EXIT_F,x_R13_EXIT_G,0.00033511244004138114
86,100,x_R11_EXIT_F,x_R13_EXIT_H,0.0003747968079410184
86,101,x_R11_EXIT_F,x_R13_EXIT_A,0.00033511244004138114
86,102,x_R11_EXIT_F,x_R13_EXIT_F,0.0013801341280651619
86,103,x_R11_EXIT_F,x_R13_EXIT_B,0.0003747968079410184
86,104,x_R11_EXIT_F,x_R14_EXIT_C,0.00019401246528711537
86,107,x_R11_EXIT_F,x_R14_EXIT_G,0.00023810620739782344
86,108,x_R11_EXIT_F,x_R14_EXIT_H,0.0002777905752974607
86,109,x_R11_EXIT_F,x_R14_EXIT_A,0.00023810620739782344
86,110,x_R11_EXIT_F,x_R14_EXIT_F,0.0012831278954216045
86,111,x_R11_EXIT_F,x_R14_EXIT_B,0.0002777905752974607
86,112,x_R11_EXIT_F,x_R15_EXIT_C,0.00027338120108638984
86,117,x_R11_EXIT_F,x_R15_EXIT_A,0.00033511244004138114
86,118,x_R11_EXIT_F,x_R15_EXIT_F,0.0010053373201241436
86,120,x_R11_EXIT_F,x_R16_EXIT_C,0.00027338120108638984
86,125,x_R11_EXIT_F,x_R16_EXIT_A,0.00033511244004138114
86,126,x_R11_EXIT_F,x_R16_EXIT_F,0.0010053373201241436
86,128,x_R11_EXIT_F,x_R17_EXIT_C,0.00027338120108638984
86,133,x_R11_EXIT_F,x_R17_EXIT_A,0.00033511244004138114
86,134,x_R11_EXIT_F,x_R17_EXIT_F,0.0010053373201241436
86,136,x_R11_EXIT_F,x_R18_EXIT_C,0.00027338120108638984
86,141,x_R11_EXIT_F,x_R18_EXIT_A,0.00033511244004138114
86,142,x_R11_EXIT_F,x_R18_EXIT_F,0.0010053373201241436
86,144,x_R11_EXIT_F,x_R19_EXIT_C,0.00020503590081479237
86,149,x_R11_EXIT_F,x_R19_EXIT_A,0.0002513343300310358
86,150,x_R11_EXIT_F,x_R19_EXIT_F,0.0007540029900931076
86,152,x_R11_EXIT_F,x_R22_EXIT_C,0.0020172887015648924
86,153,x_R11_EXIT_F,x_R22_EXIT_D,0.0008377811001034529
86,154,x_R11_EXIT_F,x_R22_EXIT_E,0.0008377811001034529
86,155,x_R11_EXIT_F,x_R22_EXIT_G,0.0009369920198525459
86,156,x_R11_EXIT_F,x_R22_EXIT_H,0.0008377811001034529
86,158,x_R11_EXIT_F,x_R22_EXIT_F,0.0016755622002069058
86,159,x_R11_EXIT_F,x_R22_EXIT_B,0.0008377811001034529
86,160,x_R11_EXIT_F,x_R23_EXIT_C,0.0027668823174469294
86,161,x_R11_EXIT_F,x_R23_EXIT_D,0.0015873747159854895
86,163,x_R11_EXIT_F,x_R23_EXIT_G,0.0016865856357345826
86,165,x_R11_EXIT_F,x_R23_EXIT_A,0.0008377811001034529
86,166,x_R11_EXIT_F,x_R23_EXIT_F,0.0008377811001034527
86,168,x_R11_EXIT_F,x_R20_EXIT_C,0.0003240890045137041
86,174,x_R11_EXIT_F,x_R20_EXIT_F,0.00010251795040739618
86,176,x_R11_EXIT_F,x_R21_EXIT_C,0.001080296681712347
86,182,x_R11_EXIT_F,x_R21_EXIT_F,0.00034172650135798734
86,184,x_R11_EXIT_F,x_R24_EXIT_C,0.0011795076014614401
86,190,x_R11_EXIT_F,x_R24_EXIT_F,0.00034172650135798734
86,192,x_R11_EXIT_F,x_R25_EXIT_C,0.0011795076014614401
86,198,x_R11_EXIT_F,x_R25_EXIT_F,0.00034172650135798734
86,200,x_R11_EXIT_F,x_R26_EXIT_C,0.0011839169756725108
86,201,x_R11_EXIT_F,x_R26_EXIT_D,0.0004762124147956468
86,202,x_R11_EXIT_F,x_R26_EXIT_E,0.0004762124147956468
86,204,x_R11_EXIT_F,x_R26_EXIT_H,0.00017857965554836754
86,206,x_R11_EXIT_F,x_R26_EXIT_F,0.0003240890045137041
86,208,x_R11_EXIT_F,x_R27_EXIT_C,0.0003064515076694209
86,209,x_R11_EXIT_F,x_R27_EXIT_D,0.00018850074752327687
86,211,x_R11_EXIT_F,x_R27_EXIT_G,0.0001984218394981862
86,216,x_R11_EXIT_F,x_R28_EXIT_C,0.0002160593363424694
86,217,x_R11_EXIT_F,x_R28_EXIT_D,0.00015873747159854897
86,218,x_R11_EXIT_F,x_R28_EXIT_E,0.00015873747159854897
86,220,x_R11_EXIT_F,x_R28_EXIT_H,0.00015873747159854897
86,224,x_R11_EXIT_F,x_R29_EXIT_C,0.0004321186726849388
86,225,x_R11_EXIT_F,x_R29_EXIT_D,0.00031747494319709794
86,226,x_R11_EXIT_F,x_R29_EXIT_E,0.00031747494319709794
86,228,x_R11_EXIT_F,x_R29_EXIT_H,0.00031747494319709794
86,230,x_R11_EXIT_F,x_R29_EXIT_F,0.00013669060054319495
86,232,x_R11_EXIT_F,x_R30_EXIT_C,0.000789277983781674
86,233,x_R11_EXIT_F,x_R30_EXIT_D,0.00031747494319709794
86,234,x_R11_EXIT_F,x_R30_EXIT_E,0.00031747494319709794
86,240,x_R11_EXIT_F,x_R31_EXIT_C,0.00011795076014614402
86,248,x_R11_EXIT_F,x_R32_EXIT_C,0.0004718030405845761
86,254,x_R11_EXIT_F,x_R32_EXIT_F,0.00013669060054319495
86,256,x_R11_EXIT_F,x_R33_EXIT_C,0.0004718030405845761
86,262,x_R11_EXIT_F,x_R33_EXIT_F,0.00013669060054319495
87,89,x_R11_EXIT_B,x_R12_EXIT_D,0.00027338120108638984
87,90,x_R11_EXIT_B,x_R12_EXIT_E,0.00027338120108638984
87,91,x_R11_EXIT_B,x_R12_EXIT_G,0.0004321186726849388
87,92,x_R11_EXIT_B,x_R12_EXIT_H,0.0009127404616916566
87,93,x_R11_EXIT_B,x_R12_EXIT_A,0.0004321186726849388
87,94,x_R11_EXIT_B,x_R12_EXIT_F,0.0004718030405845761
87,95,x_R11_EXIT_B,x_R12_EXIT_B,0.0025750745392653495
87,97,x_R11_EXIT_B,x_R13_EXIT_D,0.00017637496844283217
87,98,x_R11_EXIT_B,x_R13_EXIT_E,0.00017637496844283217
87,99,x_R11_EXIT_B,x_R13_EXIT_G,0.00033511244004138114
87,100,x_R11_EXIT_B,x_R13_EXIT_H,0.0008157342290480989
87,101,x_R11_EXIT_B,x_R13_EXIT_A,0.00033511244004138114
87,102,x_R11_EXIT_B,x_R13_EXIT_F,0.0003747968079410184
87,103,x_R11_EXIT_B,x_R13_EXIT_B,0.002478068306621792
87,104,x_R11_EXIT_B,x_R14_EXIT_C,0.00019401246528711537
87,107,x_R11_EXIT_B,x_R14_EXIT_G,0.00023810620739782344
87,108,x_R11_EXIT_B,x_R14_EXIT_H,0.0007187279964045412
87,109,x_R11_EXIT_B,x_R14_EXIT_A,0.00023810620739782344
87,110,x_R11_EXIT_B,x_R14_EXIT_F,0.0002777905752974607
87,111,x_R11_EXIT_B,x_R14_EXIT_B,0.0023810620739782343
87,112,x_R11_EXIT_B,x_R15_EXIT_C,0.00027338120108638984
87,116,x_R11_EXIT_B,x_R15_EXIT_H,0.0001234624779099825
87,119,x_R11_EXIT_B,x_R15_EXIT_B,0.0017857965554836759
87,120,x_R11_EXIT_B,x_R16_EXIT_C,0.00027338120108638984
87,124,x_R11_EXIT_B,x_R16_EXIT_H,0.0001234624779099825
87,127,x_R11_EXIT_B,x_R16_EXIT_B,0.0017857965554836759
87,128,x_R11_EXIT_B,x_R17_EXIT_C,0.00027338120108638984
87,132,x_R11_EXIT_B,x_R17_EXIT_H,0.0001234624779099825
87,135,x_R11_EXIT_B,x_R17_EXIT_B,0.0017857965554836759
87,136,x_R11_EXIT_B,x_R18_EXIT_C,0.00027338120108638984
87,140,x_R11_EXIT_B,x_R18_EXIT_H,0.0001234624779099825
87,143,x_R11_EXIT_B,x_R18_EXIT_B,0.0017857965554836759
87,144,x_R11_EXIT_B,x_R19_EXIT_C,0.00020503590081479237
87,151,x_R11_EXIT_B,x_R19_EXIT_B,0.0013393474166127567
87,152,x_R11_EXIT_B,x_R22_EXIT_C,0.0011795076014614401
87,154,x_R11_EXIT_B,x_R22_EXIT_E,0.0007936873579927448
87,156,x_R11_EXIT_B,x_R22_EXIT_H,0.001102343552767701
87,159,x_R11_EXIT_B,x_R22_EXIT_B,0.002518855018074197
87,160,x_R11_EXIT_B,x_R23_EXIT_C,0.0011795076014614401
87,162,x_R11_EXIT_B,x_R23_EXIT_E,0.00017637496844283214
87,164,x_R11_EXIT_B,x_R23_EXIT_H,0.0001322812263321241
87,167,x_R11_EXIT_B,x_R23_EXIT_B,0.002518855018074197
87,168,x_R11_EXIT_B,x_R20_EXIT_C,0.0003240890045137041
87,170,x_R11_EXIT_B,x_R20_EXIT_E,0.00026786948332255137
87,172,x_R11_EXIT_B,x_R20_EXIT_H,0.00036046634175503816
87,175,x_R11_EXIT_B,x_R20_EXIT_B,0.0007556565054222589
87,176,x_R11_EXIT_B,x_R21_EXIT_C,0.001080296681712347
87,178,x_R11_EXIT_B,x_R21_EXIT_E,0.0008928982777418378
87,180,x_R11_EXIT_B,x_R21_EXIT_H,0.001201554472516794
87,183,x_R11_EXIT_B,x_R21_EXIT_B,0.002518855018074197
87,184,x_R11_EXIT_B,x_R24_EXIT_C,0.003100341242159159
87,185,x_R11_EXIT_B,x_R24_EXIT_D,0.001920833640697719
87,186,x_R11_EXIT_B,x_R24_EXIT_E,0.001127146282704974
87,187,x_R11_EXIT_B,x_R24_EXIT_G,0.0020200445604468117
87,188,x_R11_EXIT_B,x_R24_EXIT_H,0.000818490087930018
87,189,x_R11_EXIT_B,x_R24_EXIT_A,0.000818490087930018
87,190,x_R11_EXIT_B,x_R24_EXIT_F,0.000818490087930018
87,191,x_R11_EXIT_B,x_R24_EXIT_B,0.0033373451060042148
87,192,x_R11_EXIT_B,x_R25_EXIT_C,0.002281851154229141
87,193,x_R11_EXIT_B,x_R25_EXIT_D,0.001102343552767701
87,194,x_R11_EXIT_B,x_R25_EXIT_E,0.0003086561947749563
87,195,x_R11_EXIT_B,x_R25_EXIT_G,0.001201554472516794
87,200,x_R11_EXIT_B,x_R26_EXIT_C,0.000707704560876864
87,202,x_R11_EXIT_B,x_R26_EXIT_E,0.0004762124147956468
87,207,x_R11_EXIT_B,x_R26_EXIT_B,0.0015113130108445178
87,208,x_R11_EXIT_B,x_R27_EXIT_C,0.00011795076014614402
87,215,x_R11_EXIT_B,x_R27_EXIT_B,0.0002518855018074197
87,216,x_R11_EXIT_B,x_R28_EXIT_C,0.0002160593363424694
87,218,x_R11_EXIT_B,x_R28_EXIT_E,0.00015873747159854897
87,220,x_R11_EXIT_B,x_R28_EXIT_H,0.00022046871055354025
87,223,x_R11_EXIT_B,x_R28_EXIT_B,0.0005037710036148394
87,224,x_R11_EXIT_B,x_R29_EXIT_C,0.0004321186726849388
87,226,x_R11_EXIT_B,x_R29_EXIT_E,0.00031747494319709794
87,228,x_R11_EXIT_B,x_R29_EXIT_H,0.0004409374211070805
87,231,x_R11_EXIT_B,x_R29_EXIT_B,0.0010075420072296788
87,232,x_R11_EXIT_B,x_R30_EXIT_C,0.0004718030405845761
87,234,x_R11_EXIT_B,x_R30_EXIT_E,0.00031747494319709794
87,239,x_R11_EXIT_B,x_R30_EXIT_B,0.0010075420072296788
87,240,x_R11_EXIT_B,x_R31_EXIT_C,0.00021495699278970172
87,247,x_R11_EXIT_B,x_R31_EXIT_B,0.0002518855018074197
87,248,x_R11_EXIT_B,x_R32_EXIT_C,0.001187224006330814
87,249,x_R11_EXIT_B,x_R32_EXIT_D,0.0007154209657462381
87,250,x_R11_EXIT_B,x_R32_EXIT_E,0.0003979460225491401
87,251,x_R11_EXIT_B,x_R32_EXIT_G,0.0007551053336458753
87,252,x_R11_EXIT_B,x_R32_EXIT_H,0.00032739603517200727
87,253,x_R11_EXIT_B,x_R32_EXIT_A,0.00032739603517200727
87,254,x_R11_EXIT_B,x_R32_EXIT_F,0.00032739603517200727
87,255,x_R11_EXIT_B,x_R32_EXIT_B,0.0006801459720576716
87,256,x_R11_EXIT_B,x_R33_EXIT_C,0.0008598279711588069
87,257,x_R11_EXIT_B,x_R33_EXIT_D,0.0003880249305742308
87,259,x_R11_EXIT_B,x_R33_EXIT_G,0.0004277092984738681
88,89,x_R12_EXIT_C,x_R12_EXIT_D,1.8389458989296212
88,90,x_R12_EXIT_C,x_R12_EXIT_E,1.8389458989296212
88,91,x_R12_EXIT_C,x_R12_EXIT_G,1.8389458989296212
88,92,x_R12_EXIT_C,x_R12_EXIT_H,1.8389458989296212
88,93,x_R12_EXIT_C,x_R12_EXIT_A,1.8389458989296212
88,94,x_R12_EXIT_C,x_R12_EXIT_F,1.8389458989296212
88,95,x_R12_EXIT_C,x_R12_EXIT_B,1.8389458989296212
88,96,x_R12_EXIT_C,x_R13_EXIT_C,0.00024692495581996504
88,104,x_R12_EXIT_C,x_R14_EXIT_C,0.00024692495581996504
88,112,x_R12_EXIT_C,x_R15_EXIT_C,0.00024692495581996504
88,120,x_R12_EXIT_C,x_R16_EXIT_C,0.00024692495581996504
88,128,x_R12_EXIT_C,x_R17_EXIT_C,0.00024692495581996504
88,136,x_R12_EXIT_C,x_R18_EXIT_C,0.00024692495581996504
88,144,x_R12_EXIT_C,x_R19_EXIT_C,0.00018519371686497377
88,152,x_R12_EXIT_C,x_R22_EXIT_C,0.0006173123895499126
88,160,x_R12_EXIT_C,x_R23_EXIT_C,0.0006173123895499126
88,168,x_R12_EXIT_C,x_R20_EXIT_C,0.00018519371686497377
88,176,x_R12_EXIT_C,x_R21_EXIT_C,0.0006173123895499126
88,184,x_R12_EXIT_C,x_R24_EXIT_C,0.0006173123895499126
88,192,x_R12_EXIT_C,x_R25_EXIT_C,0.0006173123895499126
88,200,x_R12_EXIT_C,x_R26_EXIT_C,0.00037038743372994754
88,216,x_R12_EXIT_C,x_R28_EXIT_C,0.00012346247790998252
88,224,x_R12_EXIT_C,x_R29_EXIT_C,0.00024692495581996504
88,232,x_R12_EXIT_C,x_R30_EXIT_C,0.00024692495581996504
88,248,x_R12_EXIT_C,x_R32_EXIT_C,0.00024692495581996504
88,256,x_R12_EXIT_C,x_R33_EXIT_C,0.00024692495581996504
89,90,x_R12_EXIT_D,x_R12_EXIT_E,1.8395367550739048
89,91,x_R12_EXIT_D,x_R12_EXIT_G,1.8392192801307077
89,92,x_R12_EXIT_D,x_R12_EXIT_H,1.8392192801307077
89,93,x_R12_EXIT_D,x_R12_EXIT_A,1.8392192801307077
89,94,x_R12_EXIT_D,x_R12_EXIT_F,1.8392192801307077
89,95,x_R12_EXIT_D,x_R12_EXIT_B,1.8392192801307077
89,97,x_R12_EXIT_D,x_R13_EXIT_D,0.0006966811253491871
89,98,x_R12_EXIT_D,x_R13_EXIT_E,0.0004938499116399301
89,99,x_R12_EXIT_D,x_R13_EXIT_G,0.00017637496844283217
89,100,x_R12_EXIT_D,x_R13_EXIT_H,0.00017637496844283217
89,101,x_R12_EXIT_D,x_R13_EXIT_A,0.00017637496844283217
89,102,x_R12_EXIT_D,x_R13_EXIT_F,0.00017637496844283217
89,103,x_R12_EXIT_D,x_R13_EXIT_B,0.00017637496844283217
89,104,x_R12_EXIT_D,x_R14_EXIT_C,0.00019401246528711537
89,105,x_R12_EXIT_D,x_R14_EXIT_D,0.0005996748927056295
89,106,x_R12_EXIT_D,x_R14_EXIT_E,0.0003968436789963724
89,112,x_R12_EXIT_D,x_R15_EXIT_C,0.0005908561442834878
89,113,x_R12_EXIT_D,x_R15_EXIT_D,0.000202831213709257
89,120,x_R12_EXIT_D,x_R16_EXIT_C,0.0005908561442834878
89,121,x_R12_EXIT_D,x_R16_EXIT_D,0.000202831213709257
89,128,x_R12_EXIT_D,x_R17_EXIT_C,0.0005908561442834878
89,129,x_R12_EXIT_D,x_R17_EXIT_D,0.000202831213709257
89,136,x_R12_EXIT_D,x_R18_EXIT_C,0.0005908561442834878
89,137,x_R12_EXIT_D,x_R18_EXIT_D,0.000202831213709257
89,144,x_R12_EXIT_D,x_R19_EXIT_C,0.0004431421082126158
89,145,x_R12_EXIT_D,x_R19_EXIT_D,0.00015212341028194274
89,152,x_R12_EXIT_D,x_R22_EXIT_C,0.0006834530027159746
89,153,x_R12_EXIT_D,x_R22_EXIT_D,0.0005070780342731424
89,160,x_R12_EXIT_D,x_R23_EXIT_C,0.0006834530027159746
89,161,x_R12_EXIT_D,x_R23_EXIT_D,0.0005070780342731424
89,168,x_R12_EXIT_D,x_R20_EXIT_C,0.00020503590081479237
89,169,x_R12_EXIT_D,x_R20_EXIT_D,0.00015212341028194274
89,176,x_R12_EXIT_D,x_R21_EXIT_C,0.0006834530027159746
89,177,x_R12_EXIT_D,x_R21_EXIT_D,0.0005070780342731424
89,184,x_R12_EXIT_D,x_R24_EXIT_C,0.0006834530027159746
89,185,x_R12_EXIT_D,x_R24_EXIT_D,0.0005070780342731424
89,192,x_R12_EXIT_D,x_R25_EXIT_C,0.0006834530027159746
89,193,x_R12_EXIT_D,x_R25_EXIT_D,0.0005070780342731424
89,200,x_R12_EXIT_D,x_R26_EXIT_C,0.00041007180162958473
89,201,x_R12_EXIT_D,x_R26_EXIT_D,0.0003042468205638855
89,216,x_R12_EXIT_D,x_R28_EXIT_C,0.00013669060054319492
89,217,x_R12_EXIT_D,x_R28_EXIT_D,0.0001014156068546285
89,224,x_R12_EXIT_D,x_R29_EXIT_C,0.00027338120108638984
89,225,x_R12_EXIT_D,x_R29_EXIT_D,0.000202831213709257
89,232,x_R12_EXIT_D,x_R30_EXIT_C,0.00027338120108638984
89,233,x_R12_EXIT_D,x_R30_EXIT_D,0.000202831213709257
89,248,x_R12_EXIT_D,x_R32_EXIT_C,0.00027338120108638984
89,249,x_R12_EXIT_D,x_R32_EXIT_D,0.000202831213709257
89,256,x_R12_EXIT_D,x_R33_EXIT_C,0.00027338120108638984
89,257,x_R12_EXIT_D,x_R33_EXIT_D,0.000202831213709257
90,91,x_R12_EXIT_E,x_R12_EXIT_G,1.8392192801307077
90,92,x_R12_EXIT_E,x_R12_EXIT_H,1.8392192801307077
90,93,x_R12_EXIT_E,x_R12_EXIT_A,1.8392192801307077
90,94,x_R12_EXIT_E,x_R12_EXIT_F,1.8392192801307077
90,95,x_R12_EXIT_E,x_R12_EXIT_B,1.8392192801307077
90,97,x_R12_EXIT_E,x_R13_EXIT_D,0.0004938499116399301
90,98,x_R12_EXIT_E,x_R13_EXIT_E,0.0011111623011898428
90,99,x_R12_EXIT_E,x_R13_EXIT_G,0.00017637496844283217
90,100,x_R12_EXIT_E,x_R13_EXIT_H,0.00017637496844283217
90,101,x_R12_EXIT_E,x_R13_EXIT_A,0.00017637496844283217
90,102,x_R12_EXIT_E,x_R13_EXIT_F,0.00017637496844283217
90,103,x_R12_EXIT_E,x_R13_EXIT_B,0.00017637496844283217
90,104,x_R12_EXIT_E,x_R14_EXIT_C,0.00019401246528711537
90,105,x_R12_EXIT_E,x_R14_EXIT_D,0.0003968436789963724
90,106,x_R12_EXIT_E,x_R14_EXIT_E,0.001014156068546285
90,112,x_R12_EXIT_E,x_R15_EXIT_C,0.0009436060811691522
90,113,x_R12_EXIT_E,x_R15_EXIT_D,0.0003527499368856644
90,114,x_R12_EXIT_E,x_R15_EXIT_E,0.00026456245266424824
90,115,x_R12_EXIT_E,x_R15_EXIT_G,0.0003527499368856644
90,117,x_R12_EXIT_E,x_R15_EXIT_A,0.0003527499368856644
90,118,x_R12_EXIT_E,x_R15_EXIT_F,0.0003527499368856644
90,120,x_R12_EXIT_E,x_R16_EXIT_C,0.0009965185717020018
90,121,x_R12_EXIT_E,x_R16_EXIT_D,0.00040566242741851404
90,122,x_R12_EXIT_E,x_R16_EXIT_E,0.0002116499621313986
90,123,x_R12_EXIT_E,x_R16_EXIT_G,0.00040566242741851404
90,125,x_R12_EXIT_E,x_R16_EXIT_A,0.00040566242741851404
90,126,x_R12_EXIT_E,x_R16_EXIT_F,0.00040566242741851404
90,128,x_R12_EXIT_E,x_R17_EXIT_C,0.0010494310622348514
90,129,x_R12_EXIT_E,x_R17_EXIT_D,0.0004585749179513637
90,130,x_R12_EXIT_E,x_R17_EXIT_E,0.00015873747159854894
90,131,x_R12_EXIT_E,x_R17_EXIT_G,0.0004585749179513637
90,132,x_R12_EXIT_E,x_R17_EXIT_H,0.00014109997475426572
90,133,x_R12_EXIT_E,x_R17_EXIT_A,0.0004585749179513637
90,134,x_R12_EXIT_E,x_R17_EXIT_F,0.0004585749179513637
90,135,x_R12_EXIT_E,x_R17_EXIT_B,0.00014109997475426572
90,136,x_R12_EXIT_E,x_R18_EXIT_C,0.0010494310622348514
90,137,x_R12_EXIT_E,x_R18_EXIT_D,0.0004585749179513637
90,138,x_R12_EXIT_E,x_R18_EXIT_E,0.00015873747159854894
90,139,x_R12_EXIT_E,x_R18_EXIT_G,0.0004585749179513637
90,140,x_R12_EXIT_E,x_R18_EXIT_H,0.00014109997475426572
90,141,x_R12_EXIT_E,x_R18_EXIT_A,0.0004585749179513637
90,142,x_R12_EXIT_E,x_R18_EXIT_F,0.0004585749179513637
90,143,x_R12_EXIT_E,x_R18_EXIT_B,0.00014109997475426572
90,144,x_R12_EXIT_E,x_R19_EXIT_C,0.0007870732966761385
90,145,x_R12_EXIT_E,x_R19_EXIT_D,0.00034393118846352263
90,146,x_R12_EXIT_E,x_R19_EXIT_E,0.00011905310369891171
90,147,x_R12_EXIT_E,x_R19_EXIT_G,0.00034393118846352263
90,148,x_R12_EXIT_E,x_R19_EXIT_H,0.0001058249810656993
90,149,x_R12_EXIT_E,x_R19_EXIT_A,0.00034393118846352263
90,150,x_R12_EXIT_E,x_R19_EXIT_F,0.00034393118846352263
90,151,x_R12_EXIT_E,x_R19_EXIT_B,0.0001058249810656993
90,152,x_R12_EXIT_E,x_R22_EXIT_C,0.0006834530027159746
90,154,x_R12_EXIT_E,x_R22_EXIT_E,0.0007495936158820367
90,160,x_R12_EXIT_E,x_R23_EXIT_C,0.0006834530027159746
90,162,x_R12_EXIT_E,x_R23_EXIT_E,0.0007495936158820367
90,168,x_R12_EXIT_E,x_R20_EXIT_C,0.00020503590081479237
90,170,x_R12_EXIT_E,x_R20_EXIT_E,0.00022487808476461102
90,176,x_R12_EXIT_E,x_R21_EXIT_C,0.0006834530027159746
90,178,x_R12_EXIT_E,x_R21_EXIT_E,0.0007495936158820367
90,184,x_R12_EXIT_E,x_R24_EXIT_C,0.0006834530027159746
90,186,x_R12_EXIT_E,x_R24_EXIT_E,0.0007495936158820367
90,192,x_R12_EXIT_E,x_R25_EXIT_C,0.0006834530027159746
90,194,x_R12_EXIT_E,x_R25_EXIT_E,0.0007495936158820367
90,200,x_R12_EXIT_E,x_R26_EXIT_C,0.00041007180162958473
90,202,x_R12_EXIT_E,x_R26_EXIT_E,0.00044975616952922204
90,216,x_R12_EXIT_E,x_R28_EXIT_C,0.00013669060054319492
90,218,x_R12_EXIT_E,x_R28_EXIT_E,0.00014991872317640732
90,224,x_R12_EXIT_E,x_R29_EXIT_C,0.00027338120108638984
90,226,x_R12_EXIT_E,x_R29_EXIT_E,0.00029983744635281464
90,232,x_R12_EXIT_E,x_R30_EXIT_C,0.00027338120108638984
90,234,x_R12_EXIT_E,x_R30_EXIT_E,0.00029983744635281464
90,248,x_R12_EXIT_E,x_R32_EXIT_C,0.00027338120108638984
90,250,x_R12_EXIT_E,x_R32_EXIT_E,0.00029983744635281464
90,256,x_R12_EXIT_E,x_R33_EXIT_C,0.00027338120108638984
90,258,x_R12_EXIT_E,x_R33_EXIT_E,0.00029983744635281464
91,92,x_R12_EXIT_G,x_R12_EXIT_H,1.8393780176023062
91,93,x_R12_EXIT_G,x_R12_EXIT_A,1.839735176913403
91,94,x_R12_EXIT_G,x_R12_EXIT_F,1.8393780176023062
91,95,x_R12_EXIT_G,x_R12_EXIT_B,1.8393780176023062
91,97,x_R12_EXIT_G,x_R13_EXIT_D,0.00017637496844283217
91,98,x_R12_EXIT_G,x_R13_EXIT_E,0.00017637496844283217
91,99,x_R12_EXIT_G,x_R13_EXIT_G,0.0008289623516813112
91,100,x_R12_EXIT_G,x_R13_EXIT_H,0.00033511244004138114
91,101,x_R12_EXIT_G,x_R13_EXIT_A,0.0006922717511381163
91,102,x_R12_EXIT_G,x_R13_EXIT_F,0.00033511244004138114
91,103,x_R12_EXIT_G,x_R13_EXIT_B,0.00033511244004138114
91,104,x_R12_EXIT_G,x_R14_EXIT_C,0.00019401246528711537
91,107,x_R12_EXIT_G,x_R14_EXIT_G,0.0007319561190377535
91,108,x_R12_EXIT_G,x_R14_EXIT_H,0.00023810620739782344
91,109,x_R12_EXIT_G,x_R14_EXIT_A,0.0005952655184945586
91,110,x_R12_EXIT_G,x_R14_EXIT_F,0.00023810620739782344
91,111,x_R12_EXIT_G,x_R14_EXIT_B,0.00023810620739782344
91,112,x_R12_EXIT_G,x_R15_EXIT_C,0.00027338120108638984
91,115,x_R12_EXIT_G,x_R15_EXIT_G,0.0004938499116399301
91,120,x_R12_EXIT_G,x_R16_EXIT_C,0.00027338120108638984
91,123,x_R12_EXIT_G,x_R16_EXIT_G,0.0004938499116399301
91,128,x_R12_EXIT_G,x_R17_EXIT_C,0.00027338120108638984
91,131,x_R12_EXIT_G,x_R17_EXIT_G,0.0004938499116399301
91,136,x_R12_EXIT_G,x_R18_EXIT_C,0.00027338120108638984
91,139,x_R12_EXIT_G,x_R18_EXIT_G,0.0004938499116399301
91,144,x_R12_EXIT_G,x_R19_EXIT_C,0.00020503590081479237
91,147,x_R12_EXIT_G,x_R19_EXIT_G,0.0003703874337299475
91,152,x_R12_EXIT_G,x_R22_EXIT_C,0.001080296681712347
91,155,x_R12_EXIT_G,x_R22_EXIT_G,0.0012346247790998252
91,160,x_R12_EXIT_G,x_R23_EXIT_C,0.001080296681712347
91,163,x_R12_EXIT_G,x_R23_EXIT_G,0.0012346247790998252
91,168,x_R12_EXIT_G,x_R20_EXIT_C,0.0005919584878362554
91,169,x_R12_EXIT_G,x_R20_EXIT_D,0.00026786948332255137
91,170,x_R12_EXIT_G,x_R20_EXIT_E,0.00026786948332255137
91,171,x_R12_EXIT_G,x_R20_EXIT_G,0.00010251795040739618
91,172,x_R12_EXIT_G,x_R20_EXIT_H,0.00026786948332255137
91,176,x_R12_EXIT_G,x_R21_EXIT_C,0.0015763512804578123
91,177,x_R12_EXIT_G,x_R21_EXIT_D,0.0004960545987454654
91,178,x_R12_EXIT_G,x_R21_EXIT_E,0.0004960545987454654
91,179,x_R12_EXIT_G,x_R21_EXIT_G,0.0007385701803543596
91,180,x_R12_EXIT_G,x_R21_EXIT_H,0.0004960545987454654
91,184,x_R12_EXIT_G,x_R24_EXIT_C,0.001080296681712347
91,187,x_R12_EXIT_G,x_R24_EXIT_G,0.0012346247790998252
91,192,x_R12_EXIT_G,x_R25_EXIT_C,0.001080296681712347
91,195,x_R12_EXIT_G,x_R25_EXIT_G,0.0012346247790998252
91,200,x_R12_EXIT_G,x_R26_EXIT_C,0.0006481780090274082
91,203,x_R12_EXIT_G,x_R26_EXIT_G,0.0004431421082126158
91,208,x_R12_EXIT_G,x_R27_EXIT_C,0.0001080296681712347
91,211,x_R12_EXIT_G,x_R27_EXIT_G,0.00012346247790998252
91,216,x_R12_EXIT_G,x_R28_EXIT_C,0.00031527025609156254
91,224,x_R12_EXIT_G,x_R29_EXIT_C,0.0006305405121831251
91,227,x_R12_EXIT_G,x_R29_EXIT_G,0.0002954280721417439
91,232,x_R12_EXIT_G,x_R30_EXIT_C,0.0004321186726849388
91,235,x_R12_EXIT_G,x_R30_EXIT_G,0.0002954280721417439
91,240,x_R12_EXIT_G,x_R31_EXIT_C,0.0001080296681712347
91,248,x_R12_EXIT_G,x_R32_EXIT_C,0.0004321186726849388
91,251,x_R12_EXIT_G,x_R32_EXIT_G,0.0004938499116399301
91,256,x_R12_EXIT_G,x_R33_EXIT_C,0.0004321186726849388
91,259,x_R12_EXIT_G,x_R33_EXIT_G,0.0004938499116399301
92,93,x_R12_EXIT_H,x_R12_EXIT_A,1.8393780176023062
92,94,x_R12_EXIT_H,x_R12_EXIT_F,1.8394177019702058
92,95,x_R12_EXIT_H,x_R12_EXIT_B,1.839858639391313
92,97,x_R12_EXIT_H,x_R13_EXIT_D,0.00017637496844283217
92,98,x_R12_EXIT_H,x_R13_EXIT_E,0.00017637496844283217
92,99,x_R12_EXIT_H,x_R13_EXIT_G,0.00033511244004138114
92,100,x_R12_EXIT_H,x_R13_EXIT_H,0.0009744717006466478
92,101,x_R12_EXIT_H,x_R13_EXIT_A,0.00033511244004138114
92,102,x_R12_EXIT_H,x_R13_EXIT_F,0.0003747968079410184
92,103,x_R12_EXIT_H,x_R13_EXIT_B,0.0008157342290480989
92,104,x_R12_EXIT_H,x_R14_EXIT_C,0.00019401246528711537
92,107,x_R12_EXIT_H,x_R14_EXIT_G,0.00023810620739782344
92,108,x_R12_EXIT_H,x_R14_EXIT_H,0.0008774654680030901
92,109,x_R12_EXIT_H,x_R14_EXIT_A,0.00023810620739782344
92,110,x_R12_EXIT_H,x_R14_EXIT_F,0.0002777905752974607
92,111,x_R12_EXIT_H,x_R14_EXIT_B,0.0007187279964045412
92,112,x_R12_EXIT_H,x_R15_EXIT_C,0.00027338120108638984
92,116,x_R12_EXIT_H,x_R15_EXIT_H,0.00028219994950853144
92,119,x_R12_EXIT_H,x_R15_EXIT_B,0.0001234624779099825
92,120,x_R12_EXIT_H,x_R16_EXIT_C,0.00027338120108638984
92,124,x_R12_EXIT_H,x_R16_EXIT_H,0.00028219994950853144
92,127,x_R12_EXIT_H,x_R16_EXIT_B,0.0001234624779099825
92,128,x_R12_EXIT_H,x_R17_EXIT_C,0.00027338120108638984
92,132,x_R12_EXIT_H,x_R17_EXIT_H,0.00028219994950853144
92,135,x_R12_EXIT_H,x_R17_EXIT_B,0.0001234624779099825
92,136,x_R12_EXIT_H,x_R18_EXIT_C,0.00027338120108638984
92,140,x_R12_EXIT_H,x_R18_EXIT_H,0.00028219994950853144
92,143,x_R12_EXIT_H,x_R18_EXIT_B,0.0001234624779099825
92,144,x_R12_EXIT_H,x_R19_EXIT_C,0.00020503590081479237
92,148,x_R12_EXIT_H,x_R19_EXIT_H,0.0002116499621313986
92,152,x_R12_EXIT_H,x_R22_EXIT_C,0.0011795076014614401
92,154,x_R12_EXIT_H,x_R22_EXIT_E,0.0007936873579927448
92,156,x_R12_EXIT_H,x_R22_EXIT_H,0.0014991872317640733
92,160,x_R12_EXIT_H,x_R23_EXIT_C,0.0011795076014614401
92,162,x_R12_EXIT_H,x_R23_EXIT_E,0.00017637496844283214
92,164,x_R12_EXIT_H,x_R23_EXIT_H,0.0005291249053284965
92,168,x_R12_EXIT_H,x_R20_EXIT_C,0.0003240890045137041
92,170,x_R12_EXIT_H,x_R20_EXIT_E,0.00026786948332255137
92,172,x_R12_EXIT_H,x_R20_EXIT_H,0.00047951944545394985
92,176,x_R12_EXIT_H,x_R21_EXIT_C,0.001080296681712347
92,178,x_R12_EXIT_H,x_R21_EXIT_E,0.0008928982777418378
92,180,x_R12_EXIT_H,x_R21_EXIT_H,0.0015983981515131664
92,184,x_R12_EXIT_H,x_R24_EXIT_C,0.002281851154229141
92,185,x_R12_EXIT_H,x_R24_EXIT_D,0.001102343552767701
92,186,x_R12_EXIT_H,x_R24_EXIT_E,0.0003086561947749563
92,187,x_R12_EXIT_H,x_R24_EXIT_G,0.001201554472516794
92,188,x_R12_EXIT_H,x_R24_EXIT_H,0.0003968436789963724
92,192,x_R12_EXIT_H,x_R25_EXIT_C,0.002546413606893389
92,193,x_R12_EXIT_H,x_R25_EXIT_D,0.0013669060054319491
92,194,x_R12_EXIT_H,x_R25_EXIT_E,0.0005732186474392045
92,195,x_R12_EXIT_H,x_R25_EXIT_G,0.0014661169251810424
92,196,x_R12_EXIT_H,x_R25_EXIT_H,0.0001322812263321241
92,200,x_R12_EXIT_H,x_R26_EXIT_C,0.000707704560876864
92,202,x_R12_EXIT_H,x_R26_EXIT_E,0.0004762124147956468
92,204,x_R12_EXIT_H,x_R26_EXIT_H,0.0003174749431970979
92,208,x_R12_EXIT_H,x_R27_EXIT_C,0.00011795076014614402
92,216,x_R12_EXIT_H,x_R28_EXIT_C,0.0002160593363424694
92,218,x_R12_EXIT_H,x_R28_EXIT_E,0.00015873747159854897
92,220,x_R12_EXIT_H,x_R28_EXIT_H,0.00029983744635281474
92,224,x_R12_EXIT_H,x_R29_EXIT_C,0.0004321186726849388
92,226,x_R12_EXIT_H,x_R29_EXIT_E,0.00031747494319709794
92,228,x_R12_EXIT_H,x_R29_EXIT_H,0.0005996748927056295
92,232,x_R12_EXIT_H,x_R30_EXIT_C,0.0004718030405845761
92,234,x_R12_EXIT_H,x_R30_EXIT_E,0.00031747494319709794
92,240,x_R12_EXIT_H,x_R31_EXIT_C,0.00021495699278970172
92,248,x_R12_EXIT_H,x_R32_EXIT_C,0.0008598279711588069
92,249,x_R12_EXIT_H,x_R32_EXIT_D,0.0003880249305742308
92,251,x_R12_EXIT_H,x_R32_EXIT_G,0.0004277092984738681
92,256,x_R12_EXIT_H,x_R33_EXIT_C,0.0008598279711588069
92,257,x_R12_EXIT_H,x_R33_EXIT_D,0.0003880249305742308
92,259,x_R12_EXIT_H,x_R33_EXIT_G,0.0004277092984738681
93,94,x_R12_EXIT_A,x_R12_EXIT_F,1.8393780176023062
93,95,x_R12_EXIT_A,x_R12_EXIT_B,1.8393780176023062
93,97,x_R12_EXIT_A,x_R13_EXIT_D,0.00017637496844283217
93,98,x_R12_EXIT_A,x_R13_EXIT_E,0.00017637496844283217
93,99,x_R12_EXIT_A,x_R13_EXIT_G,0.0006922717511381163
93,100,x_R12_EXIT_A,x_R13_EXIT_H,0.00033511244004138114
93,101,x_R12_EXIT_A,x_R13_EXIT_A,0.0017196559423176135
93,102,x_R12_EXIT_A,x_R13_EXIT_F,0.00033511244004138114
93,103,x_R12_EXIT_A,x_R13_EXIT_B,0.00033511244004138114
93,104,x_R12_EXIT_A,x_R14_EXIT_C,0.00019401246528711537
93,107,x_R12_EXIT_A,x_R14_EXIT_G,0.0005952655184945586
93,108,x_R12_EXIT_A,x_R14_EXIT_H,0.00023810620739782344
93,109,x_R12_EXIT_A,x_R14_EXIT_A,0.001622649709674056
93,110,x_R12_EXIT_A,x_R14_EXIT_F,0.00023810620739782344
93,111,x_R12_EXIT_A,x_R14_EXIT_B,0.00023810620739782344
93,112,x_R12_EXIT_A,x_R15_EXIT_C,0.00027338120108638984
93,115,x_R12_EXIT_A,x_R15_EXIT_G,0.0003571593110967352
93,117,x_R12_EXIT_A,x_R15_EXIT_A,0.0003549546239911998
93,120,x_R12_EXIT_A,x_R16_EXIT_C,0.00027338120108638984
93,123,x_R12_EXIT_A,x_R16_EXIT_G,0.0003571593110967352
93,125,x_R12_EXIT_A,x_R16_EXIT_A,0.0003549546239911998
93,128,x_R12_EXIT_A,x_R17_EXIT_C,0.00027338120108638984
93,131,x_R12_EXIT_A,x_R17_EXIT_G,0.0003571593110967352
93,133,x_R12_EXIT_A,x_R17_EXIT_A,0.0003549546239911998
93,136,x_R12_EXIT_A,x_R18_EXIT_C,0.00027338120108638984
93,139,x_R12_EXIT_A,x_R18_EXIT_G,0.0003571593110967352
93,141,x_R12_EXIT_A,x_R18_EXIT_A,0.0003549546239911998
93,144,x_R12_EXIT_A,x_R19_EXIT_C,0.00020503590081479237
93,147,x_R12_EXIT_A,x_R19_EXIT_G,0.00026786948332255137
93,149,x_R12_EXIT_A,x_R19_EXIT_A,0.0002662159679933998
93,152,x_R12_EXIT_A,x_R22_EXIT_C,0.001080296681712347
93,155,x_R12_EXIT_A,x_R22_EXIT_G,0.0008928982777418378
93,157,x_R12_EXIT_A,x_R22_EXIT_A,0.0008873865599779993
93,160,x_R12_EXIT_A,x_R23_EXIT_C,0.001080296681712347
93,163,x_R12_EXIT_A,x_R23_EXIT_G,0.0008928982777418378
93,165,x_R12_EXIT_A,x_R23_EXIT_A,0.0008873865599779993
93,168,x_R12_EXIT_A,x_R20_EXIT_C,0.0008507336368484734
93,169,x_R12_EXIT_A,x_R20_EXIT_D,0.0005266446323347692
93,170,x_R12_EXIT_A,x_R20_EXIT_E,0.0005266446323347692
93,171,x_R12_EXIT_A,x_R20_EXIT_G,0.0002587751490122178
93,172,x_R12_EXIT_A,x_R20_EXIT_H,0.0005266446323347692
93,173,x_R12_EXIT_A,x_R20_EXIT_A,0.0005117629943724051
93,174,x_R12_EXIT_A,x_R20_EXIT_F,0.0002455470263790054
93,175,x_R12_EXIT_A,x_R20_EXIT_B,0.0002455470263790054
93,176,x_R12_EXIT_A,x_R21_EXIT_C,0.0015763512804578123
93,177,x_R12_EXIT_A,x_R21_EXIT_D,0.0004960545987454654
93,178,x_R12_EXIT_A,x_R21_EXIT_E,0.0004960545987454654
93,179,x_R12_EXIT_A,x_R21_EXIT_G,0.0003968436789963724
93,180,x_R12_EXIT_A,x_R21_EXIT_H,0.0004960545987454654
93,181,x_R12_EXIT_A,x_R21_EXIT_A,0.0008873865599779993
93,184,x_R12_EXIT_A,x_R24_EXIT_C,0.001080296681712347
93,187,x_R12_EXIT_A,x_R24_EXIT_G,0.0008928982777418378
93,189,x_R12_EXIT_A,x_R24_EXIT_A,0.0008873865599779993
93,192,x_R12_EXIT_A,x_R25_EXIT_C,0.001080296681712347
93,195,x_R12_EXIT_A,x_R25_EXIT_G,0.0008928982777418378
93,197,x_R12_EXIT_A,x_R25_EXIT_A,0.0008873865599779993
93,200,x_R12_EXIT_A,x_R26_EXIT_C,0.0006481780090274082
93,203,x_R12_EXIT_A,x_R26_EXIT_G,0.0002381062073978234
93,205,x_R12_EXIT_A,x_R26_EXIT_A,0.0005324319359867996
93,208,x_R12_EXIT_A,x_R27_EXIT_C,0.0001080296681712347
93,216,x_R12_EXIT_A,x_R28_EXIT_C,0.00047896827367756604
93,217,x_R12_EXIT_A,x_R28_EXIT_D,0.00016369801758600363
93,218,x_R12_EXIT_A,x_R28_EXIT_E,0.00016369801758600363
93,219,x_R12_EXIT_A,x_R28_EXIT_G,0.00048117296078310155
93,220,x_R12_EXIT_A,x_R28_EXIT_H,0.00016369801758600363
93,222,x_R12_EXIT_A,x_R28_EXIT_F,0.00016369801758600363
93,223,x_R12_EXIT_A,x_R28_EXIT_B,0.00016369801758600363
93,224,x_R12_EXIT_A,x_R29_EXIT_C,0.0006305405121831251
93,227,x_R12_EXIT_A,x_R29_EXIT_G,0.00015873747159854897
93,232,x_R12_EXIT_A,x_R30_EXIT_C,0.0004321186726849388
93,235,x_R12_EXIT_A,x_R30_EXIT_G,0.00015873747159854897
93,237,x_R12_EXIT_A,x_R30_EXIT_A,0.0003549546239911998
93,240,x_R12_EXIT_A,x_R31_EXIT_C,0.0001080296681712347
93,248,x_R12_EXIT_A,x_R32_EXIT_C,0.0004321186726849388
93,251,x_R12_EXIT_A,x_R32_EXIT_G,0.0003571593110967352
93,253,x_R12_EXIT_A,x_R32_EXIT_A,0.0003549546239911998
93,256,x_R12_EXIT_A,x_R33_EXIT_C,0.0004321186726849388
93,259,x_R12_EXIT_A,x_R33_EXIT_G,0.0003571593110967352
93,261,x_R12_EXIT_A,x_R33_EXIT_A,0.0003549546239911998
94,95,x_R12_EXIT_F,x_R12_EXIT_B,1.8394177019702058
94,97,x_R12_EXIT_F,x_R13_EXIT_D,0.00017637496844283217
94,98,x_R12_EXIT_F,x_R13_EXIT_E,0.00017637496844283217
94,99,x_R12_EXIT_F,x_R13_EXIT_G,0.00033511244004138114
94,100,x_R12_EXIT_F,x_R13_EXIT_H,0.0003747968079410184
94,101,x_R12_EXIT_F,x_R13_EXIT_A,0.00033511244004138114
94,102,x_R12_EXIT_F,x_R13_EXIT_F,0.0013801341280651619
94,103,x_R12_EXIT_F,x_R13_EXIT_B,0.0003747968079410184
94,104,x_R12_EXIT_F,x_R14_EXIT_C,0.00019401246528711537
94,107,x_R12_EXIT_F,x_R14_EXIT_G,0.00023810620739782344
94,108,x_R12_EXIT_F,x_R14_EXIT_H,0.0002777905752974607
94,109,x_R12_EXIT_F,x_R14_EXIT_A,0.00023810620739782344
94,110,x_R12_EXIT_F,x_R14_EXIT_F,0.0012831278954216045
94,111,x_R12_EXIT_F,x_R14_EXIT_B,0.0002777905752974607
94,112,x_R12_EXIT_F,x_R15_EXIT_C,0.00027338120108638984
94,117,x_R12_EXIT_F,x_R15_EXIT_A,0.00033511244004138114
94,118,x_R12_EXIT_F,x_R15_EXIT_F,0.0010053373201241436
94,120,x_R12_EXIT_F,x_R16_EXIT_C,0.00027338120108638984
94,125,x_R12_EXIT_F,x_R16_EXIT_A,0.00033511244004138114
94,126,x_R12_EXIT_F,x_R16_EXIT_F,0.0010053373201241436
94,128,x_R12_EXIT_F,x_R17_EXIT_C,0.00027338120108638984
94,133,x_R12_EXIT_F,x_R17_EXIT_A,0.00033511244004138114
94,134,x_R12_EXIT_F,x_R17_EXIT_F,0.0010053373201241436
94,136,x_R12_EXIT_F,x_R18_EXIT_C,0.00027338120108638984
94,141,x_R12_EXIT_F,x_R18_EXIT_A,0.00033511244004138114
94,142,x_R12_EXIT_F,x_R18_EXIT_F,0.0010053373201241436
94,144,x_R12_EXIT_F,x_R19_EXIT_C,0.00020503590081479237
94,149,x_R12_EXIT_F,x_R19_EXIT_A,0.0002513343300310358
94,150,x_R12_EXIT_F,x_R19_EXIT_F,0.0007540029900931076
94,152,x_R12_EXIT_F,x_R22_EXIT_C,0.0020172887015648924
94,153,x_R12_EXIT_F,x_R22_EXIT_D,0.0008377811001034529
94,154,x_R12_EXIT_F,x_R22_EXIT_E,0.0008377811001034529
94,155,x_R12_EXIT_F,x_R22_EXIT_G,0.0009369920198525459
94,156,x_R12_EXIT_F,x_R22_EXIT_H,0.0008377811001034529
94,158,x_R12_EXIT_F,x_R22_EXIT_F,0.0016755622002069058
94,159,x_R12_EXIT_F,x_R22_EXIT_B,0.0008377811001034529
94,160,x_R12_EXIT_F,x_R23_EXIT_C,0.0027668823174469294
94,161,x_R12_EXIT_F,x_R23_EXIT_D,0.0015873747159854895
94,163,x_R12_EXIT_F,x_R23_EXIT_G,0.0016865856357345826
94,165,x_R12_EXIT_F,x_R23_EXIT_A,0.0008377811001034529
94,166,x_R12_EXIT_F,x_R23_EXIT_F,0.0008377811001034527
94,168,x_R12_EXIT_F,x_R20_EXIT_C,0.0003240890045137041
94,174,x_R12_EXIT_F,x_R20_EXIT_F,0.00010251795040739618
94,176,x_R12_EXIT_F,x_R21_EXIT_C,0.001080296681712347
94,182,x_R12_EXIT_F,x_R21_EXIT_F,0.00034172650135798734
94,184,x_R12_EXIT_F,x_R24_EXIT_C,0.0011795076014614401
94,190,x_R12_EXIT_F,x_R24_EXIT_F,0.00034172650135798734
94,192,x_R12_EXIT_F,x_R25_EXIT_C,0.0011795076014614401
94,198,x_R12_EXIT_F,x_R25_EXIT_F,0.00034172650135798734
94,200,x_R12_EXIT_F,x_R26_EXIT_C,0.0011839169756725108
94,201,x_R12_EXIT_F,x_R26_EXIT_D,0.0004762124147956468
94,202,x_R12_EXIT_F,x_R26_EXIT_E,0.0004762124147956468
94,204,x_R12_EXIT_F,x_R26_EXIT_H,0.00017857965554836754
94,206,x_R12_EXIT_F,x_R26_EXIT_F,0.0003240890045137041
94,208,x_R12_EXIT_F,x_R27_EXIT_C,0.0003064515076694209
94,209,x_R12_EXIT_F,x_R27_EXIT_D,0.00018850074752327687
94,211,x_R12_EXIT_F,x_R27_EXIT_G,0.0001984218394981862
94,216,x_R12_EXIT_F,x_R28_EXIT_C,0.0002160593363424694
94,217,x_R12_EXIT_F,x_R28_EXIT_D,0.00015873747159854897
94,218,x_R12_EXIT_F,x_R28_EXIT_E,0.00015873747159854897
94,220,x_R12_EXIT_F,x_R28_EXIT_H,0.00015873747159854897
94,224,x_R12_EXIT_F,x_R29_EXIT_C,0.0004321186726849388
94,225,x_R12_EXIT_F,x_R29_EXIT_D,0.00031747494319709794
94,226,x_R12_EXIT_F,x_R29_EXIT_E,0.00031747494319709794
94,228,x_R12_EXIT_F,x_R29_EXIT_H,0.00031747494319709794
94,230,x_R12_EXIT_F,x_R29_EXIT_F,0.00013669060054319495
94,232,x_R12_EXIT_F,x_R30_EXIT_C,0.000789277983781674
94,233,x_R12_EXIT_F,x_R30_EXIT_D,0.00031747494319709794
94,234,x_R12_EXIT_F,x_R30_EXIT_E,0.00031747494319709794
94,240,x_R12_EXIT_F,x_R31_EXIT_C,0.00011795076014614402
94,248,x_R12_EXIT_F,x_R32_EXIT_C,0.0004718030405845761
94,254,x_R12_EXIT_F,x_R32_EXIT_F,0.00013669060054319495
94,256,x_R12_EXIT_F,x_R33_EXIT_C,0.0004718030405845761
94,262,x_R12_EXIT_F,x_R33_EXIT_F,0.00013669060054319495
95,97,x_R12_EXIT_B,x_R13_EXIT_D,0.00017637496844283217
95,98,x_R12_EXIT_B,x_R13_EXIT_E,0.00017637496844283217
95,99,x_R12_EXIT_B,x_R13_EXIT_G,0.00033511244004138114
95,100,x_R12_EXIT_B,x_R13_EXIT_H,0.0008157342290480989
95,101,x_R12_EXIT_B,x_R13_EXIT_A,0.00033511244004138114
95,102,x_R12_EXIT_B,x_R13_EXIT_F,0.0003747968079410184
95,103,x_R12_EXIT_B,x_R13_EXIT_B,0.002478068306621792
95,104,x_R12_EXIT_B,x_R14_EXIT_C,0.00019401246528711537
95,107,x_R12_EXIT_B,x_R14_EXIT_G,0.00023810620739782344
95,108,x_R12_EXIT_B,x_R14_EXIT_H,0.0007187279964045412
95,109,x_R12_EXIT_B,x_R14_EXIT_A,0.00023810620739782344
95,110,x_R12_EXIT_B,x_R14_EXIT_F,0.0002777905752974607
95,111,x_R12_EXIT_B,x_R14_EXIT_B,0.0023810620739782343
95,112,x_R12_EXIT_B,x_R15_EXIT_C,0.00027338120108638984
95,116,x_R12_EXIT_B,x_R15_EXIT_H,0.0001234624779099825
95,119,x_R12_EXIT_B,x_R15_EXIT_B,0.0017857965554836759
95,120,x_R12_EXIT_B,x_R16_EXIT_C,0.00027338120108638984
95,124,x_R12_EXIT_B,x_R16_EXIT_H,0.0001234624779099825
95,127,x_R12_EXIT_B,x_R16_EXIT_B,0.0017857965554836759
95,128,x_R12_EXIT_B,x_R17_EXIT_C,0.00027338120108638984
95,132,x_R12_EXIT_B,x_R17_EXIT_H,0.0001234624779099825
95,135,x_R12_EXIT_B,x_R17_EXIT_B,0.0017857965554836759
95,136,x_R12_EXIT_B,x_R18_EXIT_C,0.00027338120108638984
95,140,x_R12_EXIT_B,x_R18_EXIT_H,0.0001234624779099825
95,143,x_R12_EXIT_B,x_R18_EXIT_B,0.0017857965554836759
95,144,x_R12_EXIT_B,x_R19_EXIT_C,0.00020503590081479237
95,151,x_R12_EXIT_B,x_R19_EXIT_B,0.0013393474166127567
95,152,x_R12_EXIT_B,x_R22_EXIT_C,0.0011795076014614401
95,154,x_R12_EXIT_B,x_R22_EXIT_E,0.0007936873579927448
95,156,x_R12_EXIT_B,x_R22_EXIT_H,0.001102343552767701
95,159,x_R12_EXIT_B,x_R22_EXIT_B,0.002518855018074197
95,160,x_R12_EXIT_B,x_R23_EXIT_C,0.0011795076014614401
95,162,x_R12_EXIT_B,x_R23_EXIT_E,0.00017637496844283214
95,164,x_R12_EXIT_B,x_R23_EXIT_H,0.0001322812263321241
95,167,x_R12_EXIT_B,x_R23_EXIT_B,0.002518855018074197
95,168,x_R12_EXIT_B,x_R20_EXIT_C,0.0003240890045137041
95,170,x_R12_EXIT_B,x_R20_EXIT_E,0.00026786948332255137
95,172,x_R12_EXIT_B,x_R20_EXIT_H,0.00036046634175503816
95,175,x_R12_EXIT_B,x_R20_EXIT_B,0.0007556565054222589
95,176,x_R12_EXIT_B,x_R21_EXIT_C,0.001080296681712347
95,178,x_R12_EXIT_B,x_R21_EXIT_E,0.0008928982777418378
95,180,x_R12_EXIT_B,x_R21_EXIT_H,0.001201554472516794
95,183,x_R12_EXIT_B,x_R21_EXIT_B,0.002518855018074197
95,184,x_R12_EXIT_B,x_R24_EXIT_C,0.003100341242159159
95,185,x_R12_EXIT_B,x_R24_EXIT_D,0.001920833640697719
95,186,x_R12_EXIT_B,x_R24_EXIT_E,0.001127146282704974
95,187,x_R12_EXIT_B,x_R24_EXIT_G,0.0020200445604468117
95,188,x_R12_EXIT_B,x_R24_EXIT_H,0.000818490087930018
95,189,x_R12_EXIT_B,x_R24_EXIT_A,0.000818490087930018
95,190,x_R12_EXIT_B,x_R24_EXIT_F,0.000818490087930018
95,191,x_R12_EXIT_B,x_R24_EXIT_B,0.0033373451060042148
95,192,x_R12_EXIT_B,x_R25_EXIT_C,0.002281851154229141
95,193,x_R12_EXIT_B,x_R25_EXIT_D,0.001102343552767701
95,194,x_R12_EXIT_B,x_R25_EXIT_E,0.0003086561947749563
95,195,x_R12_EXIT_B,x_R25_EXIT_G,0.001201554472516794
95,200,x_R12_EXIT_B,x_R26_EXIT_C,0.000707704560876864
95,202,x_R12_EXIT_B,x_R26_EXIT_E,0.0004762124147956468
95,207,x_R12_EXIT_B,x_R26_EXIT_B,0.0015113130108445178
95,208,x_R12_EXIT_B,x_R27_EXIT_C,0.00011795076014614402
95,215,x_R12_EXIT_B,x_R27_EXIT_B,0.0002518855018074197
95,216,x_R12_EXIT_B,x_R28_EXIT_C,0.0002160593363424694
95,218,x_R12_EXIT_B,x_R28_EXIT_E,0.00015873747159854897
95,220,x_R12_EXIT_B,x_R28_EXIT_H,0.00022046871055354025
95,223,x_R12_EXIT_B,x_R28_EXIT_B,0.0005037710036148394
95,224,x_R12_EXIT_B,x_R29_EXIT_C,0.0004321186726849388
95,226,x_R12_EXIT_B,x_R29_EXIT_E,0.00031747494319709794
95,228,x_R12_EXIT_B,x_R29_EXIT_H,0.0004409374211070805
95,231,x_R12_EXIT_B,x_R29_EXIT_B,0.0010075420072296788
95,232,x_R12_EXIT_B,x_R30_EXIT_C,0.0004718030405845761
95,234,x_R12_EXIT_B,x_R30_EXIT_E,0.00031747494319709794
95,239,x_R12_EXIT_B,x_R30_EXIT_B,0.0010075420072296788
95,240,x_R12_EXIT_B,x_R31_EXIT_C,0.00021495699278970172
95,247,x_R12_EXIT_B,x_R31_EXIT_B,0.0002518855018074197
95,248,x_R12_EXIT_B,x_R32_EXIT_C,0.001187224006330814
95,249,x_R12_EXIT_B,x_R32_EXIT_D,0.0007154209657462381
95,250,x_R12_EXIT_B,x_R32_EXIT_E,0.0003979460225491401
95,251,x_R12_EXIT_B,x_R32_EXIT_G,0.0007551053336458753
95,252,x_R12_EXIT_B,x_R32_EXIT_H,0.00032739603517200727
95,253,x_R12_EXIT_B,x_R32_EXIT_A,0.00032739603517200727
95,254,x_R12_EXIT_B,x_R32_EXIT_F,0.00032739603517200727
95,255,x_R12_EXIT_B,x_R32_EXIT_B,0.0006801459720576716
95,256,x_R12_EXIT_B,x_R33_EXIT_C,0.0008598279711588069
95,257,x_R12_EXIT_B,x_R33_EXIT_D,0.0003880249305742308
95,259,x_R12_EXIT_B,x_R33_EXIT_G,0.0004277092984738681
96,97,x_R13_EXIT_C,x_R13_EXIT_D,1.8389458989296212
96,98,x_R13_EXIT_C,x_R13_EXIT_E,1.8389458989296212
96,99,x_R13_EXIT_C,x_R13_EXIT_G,1.8389458989296212
96,100,x_R13_EXIT_C,x_R13_EXIT_H,1.8389458989296212
96,101,x_R13_EXIT_C,x_R13_EXIT_A,1.8389458989296212
96,102,x_R13_EXIT_C,x_R13_EXIT_F,1.8389458989296212
96,103,x_R13_EXIT_C,x_R13_EXIT_B,1.8389458989296212
96,104,x_R13_EXIT_C,x_R14_EXIT_C,0.0003439311884635227
96,112,x_R13_EXIT_C,x_R15_EXIT_C,0.0003439311884635227
96,120,x_R13_EXIT_C,x_R16_EXIT_C,0.0003439311884635227
96,128,x_R13_EXIT_C,x_R17_EXIT_C,0.0003439311884635227
96,136,x_R13_EXIT_C,x_R18_EXIT_C,0.0003439311884635227
96,144,x_R13_EXIT_C,x_R19_EXIT_C,0.00025794839134764204
96,152,x_R13_EXIT_C,x_R22_EXIT_C,0.0008598279711588067
96,160,x_R13_EXIT_C,x_R23_EXIT_C,0.0008598279711588067
96,168,x_R13_EXIT_C,x_R20_EXIT_C,0.00025794839134764204
96,176,x_R13_EXIT_C,x_R21_EXIT_C,0.0008598279711588067
96,184,x_R13_EXIT_C,x_R24_EXIT_C,0.0008598279711588067
96,192,x_R13_EXIT_C,x_R25_EXIT_C,0.0008598279711588067
96,200,x_R13_EXIT_C,x_R26_EXIT_C,0.0005158967826952841
96,216,x_R13_EXIT_C,x_R28_EXIT_C,0.00017196559423176134
96,224,x_R13_EXIT_C,x_R29_EXIT_C,0.0003439311884635227
96,232,x_R13_EXIT_C,x_R30_EXIT_C,0.0003439311884635227
96,248,x_R13_EXIT_C,x_R32_EXIT_C,0.0003439311884635227
96,256,x_R13_EXIT_C,x_R33_EXIT_C,0.0003439311884635227
97,98,x_R13_EXIT_D,x_R13_EXIT_E,1.8394397488412613
97,99,x_R13_EXIT_D,x_R13_EXIT_G,1.8391222738980642
97,100,x_R13_EXIT_D,x_R13_EXIT_H,1.8391222738980642
97,101,x_R13_EXIT_D,x_R13_EXIT_A,1.8391222738980642
97,102,x_R13_EXIT_D,x_R13_EXIT_F,1.8391222738980642
97,103,x_R13_EXIT_D,x_R13_EXIT_B,1.8391222738980642
97,105,x_R13_EXIT_D,x_R14_EXIT_D,0.0005996748927056295
97,106,x_R13_EXIT_D,x_R14_EXIT_E,0.0003968436789963724
97,112,x_R13_EXIT_D,x_R15_EXIT_C,0.0004938499116399301
97,113,x_R13_EXIT_D,x_R15_EXIT_D,0.000202831213709257
97,120,x_R13_EXIT_D,x_R16_EXIT_C,0.0004938499116399301
97,121,x_R13_EXIT_D,x_R16_EXIT_D,0.000202831213709257
97,128,x_R13_EXIT_D,x_R17_EXIT_C,0.0004938499116399301
97,129,x_R13_EXIT_D,x_R17_EXIT_D,0.000202831213709257
97,136,x_R13_EXIT_D,x_R18_EXIT_C,0.0004938499116399301
97,137,x_R13_EXIT_D,x_R18_EXIT_D,0.000202831213709257
97,144,x_R13_EXIT_D,x_R19_EXIT_C,0.00037038743372994754
97,145,x_R13_EXIT_D,x_R19_EXIT_D,0.00015212341028194274
97,152,x_R13_EXIT_D,x_R22_EXIT_C,0.0004409374211070804
97,153,x_R13_EXIT_D,x_R22_EXIT_D,0.0005070780342731424
97,160,x_R13_EXIT_D,x_R23_EXIT_C,0.0004409374211070804
97,161,x_R13_EXIT_D,x_R23_EXIT_D,0.0005070780342731424
97,168,x_R13_EXIT_D,x_R20_EXIT_C,0.00013228122633212412
97,169,x_R13_EXIT_D,x_R20_EXIT_D,0.00015212341028194274
97,176,x_R13_EXIT_D,x_R21_EXIT_C,0.0004409374211070804
97,177,x_R13_EXIT_D,x_R21_EXIT_D,0.0005070780342731424
97,184,x_R13_EXIT_D,x_R24_EXIT_C,0.0004409374211070804
97,185,x_R13_EXIT_D,x_R24_EXIT_D,0.0005070780342731424
97,192,x_R13_EXIT_D,x_R25_EXIT_C,0.0004409374211070804
97,193,x_R13_EXIT_D,x_R25_EXIT_D,0.0005070780342731424
97,200,x_R13_EXIT_D,x_R26_EXIT_C,0.00026456245266424824
97,201,x_R13_EXIT_D,x_R26_EXIT_D,0.0003042468205638855
97,217,x_R13_EXIT_D,x_R28_EXIT_D,0.0001014156068546285
97,224,x_R13_EXIT_D,x_R29_EXIT_C,0.00017637496844283217
97,225,x_R13_EXIT_D,x_R29_EXIT_D,0.000202831213709257
97,232,x_R13_EXIT_D,x_R30_EXIT_C,0.00017637496844283217
97,233,x_R13_EXIT_D,x_R30_EXIT_D,0.000202831213709257
97,248,x_R13_EXIT_D,x_R32_EXIT_C,0.00017637496844283217
97,249,x_R13_EXIT_D,x_R32_EXIT_D,0.000202831213709257
97,256,x_R13_EXIT_D,x_R33_EXIT_C,0.00017637496844283217
97,257,x_R13_EXIT_D,x_R33_EXIT_D,0.000202831213709257
98,99,x_R13_EXIT_E,x_R13_EXIT_G,1.8391222738980642
98,100,x_R13_EXIT_E,x_R13_EXIT_H,1.8391222738980642
98,101,x_R13_EXIT_E,x_R13_EXIT_A,1.8391222738980642
98,102,x_R13_EXIT_E,x_R13_EXIT_F,1.8391222738980642
98,103,x_R13_EXIT_E,x_R13_EXIT_B,1.8391222738980642
98,105,x_R13_EXIT_E,x_R14_EXIT_D,0.0003968436789963724
98,106,x_R13_EXIT_E,x_R14_EXIT_E,0.001014156068546285
98,112,x_R13_EXIT_E,x_R15_EXIT_C,0.0008465998485255944
98,113,x_R13_EXIT_E,x_R15_EXIT_D,0.0003527499368856644
98,114,x_R13_EXIT_E,x_R15_EXIT_E,0.00026456245266424824
98,115,x_R13_EXIT_E,x_R15_EXIT_G,0.0003527499368856644
98,117,x_R13_EXIT_E,x_R15_EXIT_A,0.0003527499368856644
98,118,x_R13_EXIT_E,x_R15_EXIT_F,0.0003527499368856644
98,120,x_R13_EXIT_E,x_R16_EXIT_C,0.0008995123390584441
98,121,x_R13_EXIT_E,x_R16_EXIT_D,0.00040566242741851404
98,122,x_R13_EXIT_E,x_R16_EXIT_E,0.0002116499621313986
98,123,x_R13_EXIT_E,x_R16_EXIT_G,0.00040566242741851404
98,125,x_R13_EXIT_E,x_R16_EXIT_A,0.00040566242741851404
98,126,x_R13_EXIT_E,x_R16_EXIT_F,0.00040566242741851404
98,128,x_R13_EXIT_E,x_R17_EXIT_C,0.0009524248295912937
98,129,x_R13_EXIT_E,x_R17_EXIT_D,0.0004585749179513637
98,130,x_R13_EXIT_E,x_R17_EXIT_E,0.00015873747159854894
98,131,x_R13_EXIT_E,x_R17_EXIT_G,0.0004585749179513637
98,132,x_R13_EXIT_E,x_R17_EXIT_H,0.00014109997475426572
98,133,x_R13_EXIT_E,x_R17_EXIT_A,0.0004585749179513637
98,134,x_R13_EXIT_E,x_R17_EXIT_F,0.0004585749179513637
98,135,x_R13_EXIT_E,x_R17_EXIT_B,0.00014109997475426572
98,136,x_R13_EXIT_E,x_R18_EXIT_C,0.0009524248295912937
98,137,x_R13_EXIT_E,x_R18_EXIT_D,0.0004585749179513637
98,138,x_R13_EXIT_E,x_R18_EXIT_E,0.00015873747159854894
98,139,x_R13_EXIT_E,x_R18_EXIT_G,0.0004585749179513637
98,140,x_R13_EXIT_E,x_R18_EXIT_H,0.00014109997475426572
98,141,x_R13_EXIT_E,x_R18_EXIT_A,0.0004585749179513637
98,142,x_R13_EXIT_E,x_R18_EXIT_F,0.0004585749179513637
98,143,x_R13_EXIT_E,x_R18_EXIT_B,0.00014109997475426572
98,144,x_R13_EXIT_E,x_R19_EXIT_C,0.0007143186221934702
98,145,x_R13_EXIT_E,x_R19_EXIT_D,0.00034393118846352263
98,146,x_R13_EXIT_E,x_R19_EXIT_E,0.00011905310369891171
98,147,x_R13_EXIT_E,x_R19_EXIT_G,0.00034393118846352263
98,148,x_R13_EXIT_E,x_R19_EXIT_H,0.0001058249810656993
98,149,x_R13_EXIT_E,x_R19_EXIT_A,0.00034393118846352263
98,150,x_R13_EXIT_E,x_R19_EXIT_F,0.00034393118846352263
98,151,x_R13_EXIT_E,x_R19_EXIT_B,0.0001058249810656993
98,152,x_R13_EXIT_E,x_R22_EXIT_C,0.0004409374211070804
98,154,x_R13_EXIT_E,x_R22_EXIT_E,0.0007495936158820367
98,160,x_R13_EXIT_E,x_R23_EXIT_C,0.0004409374211070804
98,162,x_R13_EXIT_E,x_R23_EXIT_E,0.0007495936158820367
98,168,x_R13_EXIT_E,x_R20_EXIT_C,0.00013228122633212412
98,170,x_R13_EXIT_E,x_R20_EXIT_E,0.00022487808476461102
98,176,x_R13_EXIT_E,x_R21_EXIT_C,0.0004409374211070804
98,178,x_R13_EXIT_E,x_R21_EXIT_E,0.0007495936158820367
98,184,x_R13_EXIT_E,x_R24_EXIT_C,0.0004409374211070804
98,186,x_R13_EXIT_E,x_R24_EXIT_E,0.0007495936158820367
98,192,x_R13_EXIT_E,x_R25_EXIT_C,0.0004409374211070804
98,194,x_R13_EXIT_E,x_R25_EXIT_E,0.0007495936158820367
98,200,x_R13_EXIT_E,x_R26_EXIT_C,0.00026456245266424824
98,202,x_R13_EXIT_E,x_R26_EXIT_E,0.00044975616952922204
98,218,x_R13_EXIT_E,x_R28_EXIT_E,0.00014991872317640732
98,224,x_R13_EXIT_E,x_R29_EXIT_C,0.00017637496844283217
98,226,x_R13_EXIT_E,x_R29_EXIT_E,0.00029983744635281464
98,232,x_R13_EXIT_E,x_R30_EXIT_C,0.00017637496844283217
98,234,x_R13_EXIT_E,x_R30_EXIT_E,0.00029983744635281464
98,248,x_R13_EXIT_E,x_R32_EXIT_C,0.00017637496844283217
98,250,x_R13_EXIT_E,x_R32_EXIT_E,0.00029983744635281464
98,256,x_R13_EXIT_E,x_R33_EXIT_C,0.00017637496844283217
98,258,x_R13_EXIT_E,x_R33_EXIT_E,0.00029983744635281464
99,100,x_R13_EXIT_G,x_R13_EXIT_H,1.8392810113696627
99,101,x_R13_EXIT_G,x_R13_EXIT_A,1.8396381706807594
99,102,x_R13_EXIT_G,x_R13_EXIT_F,1.8392810113696627
99,103,x_R13_EXIT_G,x_R13_EXIT_B,1.8392810113696627
99,107,x_R13_EXIT_G,x_R14_EXIT_G,0.0007319561190377535
99,108,x_R13_EXIT_G,x_R14_EXIT_H,0.00023810620739782344
99,109,x_R13_EXIT_G,x_R14_EXIT_A,0.0005952655184945586
99,110,x_R13_EXIT_G,x_R14_EXIT_F,0.00023810620739782344
99,111,x_R13_EXIT_G,x_R14_EXIT_B,0.00023810620739782344
99,112,x_R13_EXIT_G,x_R15_EXIT_C,0.00017637496844283217
99,115,x_R13_EXIT_G,x_R15_EXIT_G,0.0004938499116399301
99,120,x_R13_EXIT_G,x_R16_EXIT_C,0.00017637496844283217
99,123,x_R13_EXIT_G,x_R16_EXIT_G,0.0004938499116399301
99,128,x_R13_EXIT_G,x_R17_EXIT_C,0.00017637496844283217
99,131,x_R13_EXIT_G,x_R17_EXIT_G,0.0004938499116399301
99,136,x_R13_EXIT_G,x_R18_EXIT_C,0.00017637496844283217
99,139,x_R13_EXIT_G,x_R18_EXIT_G,0.0004938499116399301
99,144,x_R13_EXIT_G,x_R19_EXIT_C,0.00013228122633212412
99,147,x_R13_EXIT_G,x_R19_EXIT_G,0.0003703874337299475
99,152,x_R13_EXIT_G,x_R22_EXIT_C,0.0008377811001034528
99,155,x_R13_EXIT_G,x_R22_EXIT_G,0.0012346247790998252
99,160,x_R13_EXIT_G,x_R23_EXIT_C,0.0008377811001034528
99,163,x_R13_EXIT_G,x_R23_EXIT_G,0.0012346247790998252
99,168,x_R13_EXIT_G,x_R20_EXIT_C,0.0005192038133535873
99,169,x_R13_EXIT_G,x_R20_EXIT_D,0.00026786948332255137
99,170,x_R13_EXIT_G,x_R20_EXIT_E,0.00026786948332255137
99,171,x_R13_EXIT_G,x_R20_EXIT_G,0.00010251795040739618
99,172,x_R13_EXIT_G,x_R20_EXIT_H,0.00026786948332255137
99,176,x_R13_EXIT_G,x_R21_EXIT_C,0.001333835698848918
99,177,x_R13_EXIT_G,x_R21_EXIT_D,0.0004960545987454654
99,178,x_R13_EXIT_G,x_R21_EXIT_E,0.0004960545987454654
99,179,x_R13_EXIT_G,x_R21_EXIT_G,0.0007385701803543596
99,180,x_R13_EXIT_G,x_R21_EXIT_H,0.0004960545987454654
99,184,x_R13_EXIT_G,x_R24_EXIT_C,0.0008377811001034528
99,187,x_R13_EXIT_G,x_R24_EXIT_G,0.0012346247790998252
99,192,x_R13_EXIT_G,x_R25_EXIT_C,0.0008377811001034528
99,195,x_R13_EXIT_G,x_R25_EXIT_G,0.0012346247790998252
99,200,x_R13_EXIT_G,x_R26_EXIT_C,0.0005026686600620716
99,203,x_R13_EXIT_G,x_R26_EXIT_G,0.0004431421082126158
99,211,x_R13_EXIT_G,x_R27_EXIT_G,0.00012346247790998252
99,216,x_R13_EXIT_G,x_R28_EXIT_C,0.00026676713976978364
99,224,x_R13_EXIT_G,x_R29_EXIT_C,0.0005335342795395673
99,227,x_R13_EXIT_G,x_R29_EXIT_G,0.0002954280721417439
99,232,x_R13_EXIT_G,x_R30_EXIT_C,0.00033511244004138114
99,235,x_R13_EXIT_G,x_R30_EXIT_G,0.0002954280721417439
99,248,x_R13_EXIT_G,x_R32_EXIT_C,0.00033511244004138114
99,251,x_R13_EXIT_G,x_R32_EXIT_G,0.0004938499116399301
99,256,x_R13_EXIT_G,x_R33_EXIT_C,0.00033511244004138114
99,259,x_R13_EXIT_G,x_R33_EXIT_G,0.0004938499116399301
100,101,x_R13_EXIT_H,x_R13_EXIT_A,1.8392810113696627
100,102,x_R13_EXIT_H,x_R13_EXIT_F,1.8393206957375623
100,103,x_R13_EXIT_H,x_R13_EXIT_B,1.8397616331586695
100,107,x_R13_EXIT_H,x_R14_EXIT_G,0.00023810620739782344
100,108,x_R13_EXIT_H,x_R14_EXIT_H,0.0008774654680030901
100,109,x_R13_EXIT_H,x_R14_EXIT_A,0.00023810620739782344
100,110,x_R13_EXIT_H,x_R14_EXIT_F,0.0002777905752974607
100,111,x_R13_EXIT_H,x_R14_EXIT_B,0.0007187279964045412
100,112,x_R13_EXIT_H,x_R15_EXIT_C,0.00017637496844283217
100,116,x_R13_EXIT_H,x_R15_EXIT_H,0.00028219994950853144
100,119,x_R13_EXIT_H,x_R15_EXIT_B,0.0001234624779099825
100,120,x_R13_EXIT_H,x_R16_EXIT_C,0.00017637496844283217
100,124,x_R13_EXIT_H,x_R16_EXIT_H,0.00028219994950853144
100,127,x_R13_EXIT_H,x_R16_EXIT_B,0.0001234624779099825
100,128,x_R13_EXIT_H,x_R17_EXIT_C,0.00017637496844283217
100,132,x_R13_EXIT_H,x_R17_EXIT_H,0.00028219994950853144
100,135,x_R13_EXIT_H,x_R17_EXIT_B,0.0001234624779099825
100,136,x_R13_EXIT_H,x_R18_EXIT_C,0.00017637496844283217
100,140,x_R13_EXIT_H,x_R18_EXIT_H,0.00028219994950853144
100,143,x_R13_EXIT_H,x_R18_EXIT_B,0.0001234624779099825
100,144,x_R13_EXIT_H,x_R19_EXIT_C,0.00013228122633212412
100,148,x_R13_EXIT_H,x_R19_EXIT_H,0.0002116499621313986
100,152,x_R13_EXIT_H,x_R22_EXIT_C,0.0009369920198525458
100,154,x_R13_EXIT_H,x_R22_EXIT_E,0.0007936873579927448
100,156,x_R13_EXIT_H,x_R22_EXIT_H,0.0014991872317640733
100,160,x_R13_EXIT_H,x_R23_EXIT_C,0.0009369920198525458
100,162,x_R13_EXIT_H,x_R23_EXIT_E,0.00017637496844283214
100,164,x_R13_EXIT_H,x_R23_EXIT_H,0.0005291249053284965
100,168,x_R13_EXIT_H,x_R20_EXIT_C,0.0002513343300310358
100,170,x_R13_EXIT_H,x_R20_EXIT_E,0.00026786948332255137
100,172,x_R13_EXIT_H,x_R20_EXIT_H,0.00047951944545394985
100,176,x_R13_EXIT_H,x_R21_EXIT_C,0.0008377811001034528
100,178,x_R13_EXIT_H,x_R21_EXIT_E,0.0008928982777418378
100,180,x_R13_EXIT_H,x_R21_EXIT_H,0.0015983981515131664
100,184,x_R13_EXIT_H,x_R24_EXIT_C,0.0020393355726202466
100,185,x_R13_EXIT_H,x_R24_EXIT_D,0.001102343552767701
100,186,x_R13_EXIT_H,x_R24_EXIT_E,0.0003086561947749563
100,187,x_R13_EXIT_H,x_R24_EXIT_G,0.001201554472516794
100,188,x_R13_EXIT_H,x_R24_EXIT_H,0.0003968436789963724
100,192,x_R13_EXIT_H,x_R25_EXIT_C,0.002303898025284495
100,193,x_R13_EXIT_H,x_R25_EXIT_D,0.0013669060054319491
100,194,x_R13_EXIT_H,x_R25_EXIT_E,0.0005732186474392045
100,195,x_R13_EXIT_H,x_R25_EXIT_G,0.0014661169251810424
100,196,x_R13_EXIT_H,x_R25_EXIT_H,0.0001322812263321241
100,200,x_R13_EXIT_H,x_R26_EXIT_C,0.0005621952119115274
100,202,x_R13_EXIT_H,x_R26_EXIT_E,0.0004762124147956468
100,204,x_R13_EXIT_H,x_R26_EXIT_H,0.0003174749431970979
100,216,x_R13_EXIT_H,x_R28_EXIT_C,0.00016755622002069057
100,218,x_R13_EXIT_H,x_R28_EXIT_E,0.00015873747159854897
100,220,x_R13_EXIT_H,x_R28_EXIT_H,0.00029983744635281474
100,224,x_R13_EXIT_H,x_R29_EXIT_C,0.00033511244004138114
100,226,x_R13_EXIT_H,x_R29_EXIT_E,0.00031747494319709794
100,228,x_R13_EXIT_H,x_R29_EXIT_H,0.0005996748927056295
100,232,x_R13_EXIT_H,x_R30_EXIT_C,0.0003747968079410184
100,234,x_R13_EXIT_H,x_R30_EXIT_E,0.00031747494319709794
100,240,x_R13_EXIT_H,x_R31_EXIT_C,0.00019070543462881232
100,248,x_R13_EXIT_H,x_R32_EXIT_C,0.0007628217385152493
100,249,x_R13_EXIT_H,x_R32_EXIT_D,0.0003880249305742308
100,251,x_R13_EXIT_H,x_R32_EXIT_G,0.0004277092984738681
100,256,x_R13_EXIT_H,x_R33_EXIT_C,0.0007628217385152493
100,257,x_R13_EXIT_H,x_R33_EXIT_D,0.0003880249305742308
100,259,x_R13_EXIT_H,x_R33_EXIT_G,0.0004277092984738681
101,102,x_R13_EXIT_A,x_R13_EXIT_F,1.8392810113696627
101,103,x_R13_EXIT_A,x_R13_EXIT_B,1.8392810113696627
101,107,x_R13_EXIT_A,x_R14_EXIT_G,0.0005952655184945586
101,108,x_R13_EXIT_A,x_R14_EXIT_H,0.00023810620739782344
101,109,x_R13_EXIT_A,x_R14_EXIT_A,0.001622649709674056
101,110,x_R13_EXIT_A,x_R14_EXIT_F,0.00023810620739782344
101,111,x_R13_EXIT_A,x_R14_EXIT_B,0.00023810620739782344
101,112,x_R13_EXIT_A,x_R15_EXIT_C,0.00017637496844283217
101,115,x_R13_EXIT_A,x_R15_EXIT_G,0.0003571593110967352
101,117,x_R13_EXIT_A,x_R15_EXIT_A,0.0003549546239911998
101,120,x_R13_EXIT_A,x_R16_EXIT_C,0.00017637496844283217
101,123,x_R13_EXIT_A,x_R16_EXIT_G,0.0003571593110967352
101,125,x_R13_EXIT_A,x_R16_EXIT_A,0.0003549546239911998
101,128,x_R13_EXIT_A,x_R17_EXIT_C,0.00017637496844283217
101,131,x_R13_EXIT_A,x_R17_EXIT_G,0.0003571593110967352
101,133,x_R13_EXIT_A,x_R17_EXIT_A,0.0003549546239911998
101,136,x_R13_EXIT_A,x_R18_EXIT_C,0.00017637496844283217
101,139,x_R13_EXIT_A,x_R18_EXIT_G,0.0003571593110967352
101,141,x_R13_EXIT_A,x_R18_EXIT_A,0.0003549546239911998
101,144,x_R13_EXIT_A,x_R19_EXIT_C,0.00013228122633212412
101,147,x_R13_EXIT_A,x_R19_EXIT_G,0.00026786948332255137
101,149,x_R13_EXIT_A,x_R19_EXIT_A,0.0002662159679933998
101,152,x_R13_EXIT_A,x_R22_EXIT_C,0.0008377811001034528
101,155,x_R13_EXIT_A,x_R22_EXIT_G,0.0008928982777418378
101,157,x_R13_EXIT_A,x_R22_EXIT_A,0.0008873865599779993
101,160,x_R13_EXIT_A,x_R23_EXIT_C,0.0008377811001034528
101,163,x_R13_EXIT_A,x_R23_EXIT_G,0.0008928982777418378
101,165,x_R13_EXIT_A,x_R23_EXIT_A,0.0008873865599779993
101,168,x_R13_EXIT_A,x_R20_EXIT_C,0.0007779789623658049
101,169,x_R13_EXIT_A,x_R20_EXIT_D,0.0005266446323347692
101,170,x_R13_EXIT_A,x_R20_EXIT_E,0.0005266446323347692
101,171,x_R13_EXIT_A,x_R20_EXIT_G,0.0002587751490122178
101,172,x_R13_EXIT_A,x_R20_EXIT_H,0.0005266446323347692
101,173,x_R13_EXIT_A,x_R20_EXIT_A,0.0005117629943724051
101,174,x_R13_EXIT_A,x_R20_EXIT_F,0.0002455470263790054
101,175,x_R13_EXIT_A,x_R20_EXIT_B,0.0002455470263790054
101,176,x_R13_EXIT_A,x_R21_EXIT_C,0.001333835698848918
101,177,x_R13_EXIT_A,x_R21_EXIT_D,0.0004960545987454654
101,178,x_R13_EXIT_A,x_R21_EXIT_E,0.0004960545987454654
101,179,x_R13_EXIT_A,x_R21_EXIT_G,0.0003968436789963724
101,180,x_R13_EXIT_A,x_R21_EXIT_H,0.0004960545987454654
101,181,x_R13_EXIT_A,x_R21_EXIT_A,0.0008873865599779993
101,184,x_R13_EXIT_A,x_R24_EXIT_C,0.0008377811001034528
101,187,x_R13_EXIT_A,x_R24_EXIT_G,0.0008928982777418378
101,189,x_R13_EXIT_A,x_R24_EXIT_A,0.0008873865599779993
101,192,x_R13_EXIT_A,x_R25_EXIT_C,0.0008377811001034528
101,195,x_R13_EXIT_A,x_R25_EXIT_G,0.0008928982777418378
101,197,x_R13_EXIT_A,x_R25_EXIT_A,0.0008873865599779993
101,200,x_R13_EXIT_A,x_R26_EXIT_C,0.0005026686600620716
101,203,x_R13_EXIT_A,x_R26_EXIT_G,0.0002381062073978234
101,205,x_R13_EXIT_A,x_R26_EXIT_A,0.0005324319359867996
101,216,x_R13_EXIT_A,x_R28_EXIT_C,0.0004304651573557872
101,217,x_R13_EXIT_A,x_R28_EXIT_D,0.00016369801758600363
101,218,x_R13_EXIT_A,x_R28_EXIT_E,0.00016369801758600363
101,219,x_R13_EXIT_A,x_R28_EXIT_G,0.00048117296078310155
101,220,x_R13_EXIT_A,x_R28_EXIT_H,0.00016369801758600363
101,222,x_R13_EXIT_A,x_R28_EXIT_F,0.00016369801758600363
101,223,x_R13_EXIT_A,x_R28_EXIT_B,0.00016369801758600363
101,224,x_R13_EXIT_A,x_R29_EXIT_C,0.0005335342795395673
101,227,x_R13_EXIT_A,x_R29_EXIT_G,0.00015873747159854897
101,232,x_R13_EXIT_A,x_R30_EXIT_C,0.00033511244004138114
101,235,x_R13_EXIT_A,x_R30_EXIT_G,0.00015873747159854897
101,237,x_R13_EXIT_A,x_R30_EXIT_A,0.0003549546239911998
101,248,x_R13_EXIT_A,x_R32_EXIT_C,0.00033511244004138114
101,251,x_R13_EXIT_A,x_R32_EXIT_G,0.0003571593110967352
101,253,x_R13_EXIT_A,x_R32_EXIT_A,0.0003549546239911998
101,256,x_R13_EXIT_A,x_R33_EXIT_C,0.00033511244004138114
101,259,x_R13_EXIT_A,x_R33_EXIT_G,0.0003571593110967352
101,261,x_R13_EXIT_A,x_R33_EXIT_A,0.0003549546239911998
102,103,x_R13_EXIT_F,x_R13_EXIT_B,1.8393206957375623
102,107,x_R13_EXIT_F,x_R14_EXIT_G,0.00023810620739782344
102,108,x_R13_EXIT_F,x_R14_EXIT_H,0.0002777905752974607
102,109,x_R13_EXIT_F,x_R14_EXIT_A,0.00023810620739782344
102,110,x_R13_EXIT_F,x_R14_EXIT_F,0.0012831278954216045
102,111,x_R13_EXIT_F,x_R14_EXIT_B,0.0002777905752974607
102,112,x_R13_EXIT_F,x_R15_EXIT_C,0.00017637496844283217
102,117,x_R13_EXIT_F,x_R15_EXIT_A,0.00033511244004138114
102,118,x_R13_EXIT_F,x_R15_EXIT_F,0.0010053373201241436
102,120,x_R13_EXIT_F,x_R16_EXIT_C,0.00017637496844283217
102,125,x_R13_EXIT_F,x_R16_EXIT_A,0.00033511244004138114
102,126,x_R13_EXIT_F,x_R16_EXIT_F,0.0010053373201241436
102,128,x_R13_EXIT_F,x_R17_EXIT_C,0.00017637496844283217
102,133,x_R13_EXIT_F,x_R17_EXIT_A,0.00033511244004138114
102,134,x_R13_EXIT_F,x_R17_EXIT_F,0.0010053373201241436
102,136,x_R13_EXIT_F,x_R18_EXIT_C,0.00017637496844283217
102,141,x_R13_EXIT_F,x_R18_EXIT_A,0.00033511244004138114
102,142,x_R13_EXIT_F,x_R18_EXIT_F,0.0010053373201241436
102,144,x_R13_EXIT_F,x_R19_EXIT_C,0.00013228122633212412
102,149,x_R13_EXIT_F,x_R19_EXIT_A,0.0002513343300310358
102,150,x_R13_EXIT_F,x_R19_EXIT_F,0.0007540029900931076
102,152,x_R13_EXIT_F,x_R22_EXIT_C,0.0017747731199559984
102,153,x_R13_EXIT_F,x_R22_EXIT_D,0.0008377811001034529
102,154,x_R13_EXIT_F,x_R22_EXIT_E,0.0008377811001034529
102,155,x_R13_EXIT_F,x_R22_EXIT_G,0.0009369920198525459
102,156,x_R13_EXIT_F,x_R22_EXIT_H,0.0008377811001034529
102,158,x_R13_EXIT_F,x_R22_EXIT_F,0.0016755622002069058
102,159,x_R13_EXIT_F,x_R22_EXIT_B,0.0008377811001034529
102,160,x_R13_EXIT_F,x_R23_EXIT_C,0.002524366735838035
102,161,x_R13_EXIT_F,x_R23_EXIT_D,0.0015873747159854895
102,163,x_R13_EXIT_F,x_R23_EXIT_G,0.0016865856357345826
102,165,x_R13_EXIT_F,x_R23_EXIT_A,0.0008377811001034529
102,166,x_R13_EXIT_F,x_R23_EXIT_F,0.0008377811001034527
102,168,x_R13_EXIT_F,x_R20_EXIT_C,0.0002513343300310358
102,174,x_R13_EXIT_F,x_R20_EXIT_F,0.00010251795040739618
102,176,x_R13_EXIT_F,x_R21_EXIT_C,0.0008377811001034528
102,182,x_R13_EXIT_F,x_R21_EXIT_F,0.00034172650135798734
102,184,x_R13_EXIT_F,x_R24_EXIT_C,0.0009369920198525458
102,190,x_R13_EXIT_F,x_R24_EXIT_F,0.00034172650135798734
102,192,x_R13_EXIT_F,x_R25_EXIT_C,0.0009369920198525458
102,198,x_R13_EXIT_F,x_R25_EXIT_F,0.00034172650135798734
102,200,x_R13_EXIT_F,x_R26_EXIT_C,0.0010384076267071743
102,201,x_R13_EXIT_F,x_R26_EXIT_D,0.0004762124147956468
102,202,x_R13_EXIT_F,x_R26_EXIT_E,0.0004762124147956468
102,204,x_R13_EXIT_F,x_R26_EXIT_H,0.00017857965554836754
102,206,x_R13_EXIT_F,x_R26_EXIT_F,0.0003240890045137041
102,208,x_R13_EXIT_F,x_R27_EXIT_C,0.0002821999495085315
102,209,x_R13_EXIT_F,x_R27_EXIT_D,0.00018850074752327687
102,211,x_R13_EXIT_F,x_R27_EXIT_G,0.0001984218394981862
102,216,x_R13_EXIT_F,x_R28_EXIT_C,0.00016755622002069057
102,217,x_R13_EXIT_F,x_R28_EXIT_D,0.00015873747159854897
102,218,x_R13_EXIT_F,x_R28_EXIT_E,0.00015873747159854897
102,220,x_R13_EXIT_F,x_R28_EXIT_H,0.00015873747159854897
102,224,x_R13_EXIT_F,x_R29_EXIT_C,0.00033511244004138114
102,225,x_R13_EXIT_F,x_R29_EXIT_D,0.00031747494319709794
102,226,x_R13_EXIT_F,x_R29_EXIT_E,0.00031747494319709794
102,228,x_R13_EXIT_F,x_R29_EXIT_H,0.00031747494319709794
102,230,x_R13_EXIT_F,x_R29_EXIT_F,0.00013669060054319495
102,232,x_R13_EXIT_F,x_R30_EXIT_C,0.0006922717511381163
102,233,x_R13_EXIT_F,x_R30_EXIT_D,0.00031747494319709794
102,234,x_R13_EXIT_F,x_R30_EXIT_E,0.00031747494319709794
102,248,x_R13_EXIT_F,x_R32_EXIT_C,0.0003747968079410184
102,254,x_R13_EXIT_F,x_R32_EXIT_F,0.00013669060054319495
102,256,x_R13_EXIT_F,x_R33_EXIT_C,0.0003747968079410184
102,262,x_R13_EXIT_F,x_R33_EXIT_F,0.00013669060054319495
103,107,x_R13_EXIT_B,x_R14_EXIT_G,0.00023810620739782344
103,108,x_R13_EXIT_B,x_R14_EXIT_H,0.0007187279964045412
103,109,x_R13_EXIT_B,x_R14_EXIT_A,0.00023810620739782344
103,110,x_R13_EXIT_B,x_R14_EXIT_F,0.0002777905752974607
103,111,x_R13_EXIT_B,x_R14_EXIT_B,0.0023810620739782343
103,112,x_R13_EXIT_B,x_R15_EXIT_C,0.00017637496844283217
103,116,x_R13_EXIT_B,x_R15_EXIT_H,0.0001234624779099825
103,119,x_R13_EXIT_B,x_R15_EXIT_B,0.0017857965554836759
103,120,x_R13_EXIT_B,x_R16_EXIT_C,0.00017637496844283217
103,124,x_R13_EXIT_B,x_R16_EXIT_H,0.0001234624779099825
103,127,x_R13_EXIT_B,x_R16_EXIT_B,0.0017857965554836759
103,128,x_R13_EXIT_B,x_R17_EXIT_C,0.00017637496844283217
103,132,x_R13_EXIT_B,x_R17_EXIT_H,0.0001234624779099825
103,135,x_R13_EXIT_B,x_R17_EXIT_B,0.0017857965554836759
103,136,x_R13_EXIT_B,x_R18_EXIT_C,0.00017637496844283217
103,140,x_R13_EXIT_B,x_R18_EXIT_H,0.0001234624779099825
103,143,x_R13_EXIT_B,x_R18_EXIT_B,0.0017857965554836759
103,144,x_R13_EXIT_B,x_R19_EXIT_C,0.00013228122633212412
103,151,x_R13_EXIT_B,x_R19_EXIT_B,0.0013393474166127567
103,152,x_R13_EXIT_B,x_R22_EXIT_C,0.0009369920198525458
103,154,x_R13_EXIT_B,x_R22_EXIT_E,0.0007936873579927448
103,156,x_R13_EXIT_B,x_R22_EXIT_H,0.001102343552767701
103,159,x_R13_EXIT_B,x_R22_EXIT_B,0.002518855018074197
103,160,x_R13_EXIT_B,x_R23_EXIT_C,0.0009369920198525458
103,162,x_R13_EXIT_B,x_R23_EXIT_E,0.00017637496844283214
103,164,x_R13_EXIT_B,x_R23_EXIT_H,0.0001322812263321241
103,167,x_R13_EXIT_B,x_R23_EXIT_B,0.002518855018074197
103,168,x_R13_EXIT_B,x_R20_EXIT_C,0.0002513343300310358
103,170,x_R13_EXIT_B,x_R20_EXIT_E,0.00026786948332255137
103,172,x_R13_EXIT_B,x_R20_EXIT_H,0.00036046634175503816
103,175,x_R13_EXIT_B,x_R20_EXIT_B,0.0007556565054222589
103,176,x_R13_EXIT_B,x_R21_EXIT_C,0.0008377811001034528
103,178,x_R13_EXIT_B,x_R21_EXIT_E,0.0008928982777418378
103,180,x_R13_EXIT_B,x_R21_EXIT_H,0.001201554472516794
103,183,x_R13_EXIT_B,x_R21_EXIT_B,0.002518855018074197
103,184,x_R13_EXIT_B,x_R24_EXIT_C,0.0028578256605502647
103,185,x_R13_EXIT_B,x_R24_EXIT_D,0.001920833640697719
103,186,x_R13_EXIT_B,x_R24_EXIT_E,0.001127146282704974
103,187,x_R13_EXIT_B,x_R24_EXIT_G,0.0020200445604468117
103,188,x_R13_EXIT_B,x_R24_EXIT_H,0.000818490087930018
103,189,x_R13_EXIT_B,x_R24_EXIT_A,0.000818490087930018
103,190,x_R13_EXIT_B,x_R24_EXIT_F,0.000818490087930018
103,191,x_R13_EXIT_B,x_R24_EXIT_B,0.0033373451060042148
103,192,x_R13_EXIT_B,x_R25_EXIT_C,0.0020393355726202466
103,193,x_R13_EXIT_B,x_R25_EXIT_D,0.001102343552767701
103,194,x_R13_EXIT_B,x_R25_EXIT_E,0.0003086561947749563
103,195,x_R13_EXIT_B,x_R25_EXIT_G,0.001201554472516794
103,200,x_R13_EXIT_B,x_R26_EXIT_C,0.0005621952119115274
103,202,x_R13_EXIT_B,x_R26_EXIT_E,0.0004762124147956468
103,207,x_R13_EXIT_B,x_R26_EXIT_B,0.0015113130108445178
103,215,x_R13_EXIT_B,x_R27_EXIT_B,0.0002518855018074197
103,216,x_R13_EXIT_B,x_R28_EXIT_C,0.00016755622002069057
103,218,x_R13_EXIT_B,x_R28_EXIT_E,0.00015873747159854897
103,220,x_R13_EXIT_B,x_R28_EXIT_H,0.00022046871055354025
103,223,x_R13_EXIT_B,x_R28_EXIT_B,0.0005037710036148394
103,224,x_R13_EXIT_B,x_R29_EXIT_C,0.00033511244004138114
103,226,x_R13_EXIT_B,x_R29_EXIT_E,0.00031747494319709794
103,228,x_R13_EXIT_B,x_R29_EXIT_H,0.0004409374211070805
103,231,x_R13_EXIT_B,x_R29_EXIT_B,0.0010075420072296788
103,232,x_R13_EXIT_B,x_R30_EXIT_C,0.0003747968079410184
103,234,x_R13_EXIT_B,x_R30_EXIT_E,0.00031747494319709794
103,239,x_R13_EXIT_B,x_R30_EXIT_B,0.0010075420072296788
103,240,x_R13_EXIT_B,x_R31_EXIT_C,0.00019070543462881232
103,247,x_R13_EXIT_B,x_R31_EXIT_B,0.0002518855018074197
103,248,x_R13_EXIT_B,x_R32_EXIT_C,0.0010902177736872565
103,249,x_R13_EXIT_B,x_R32_EXIT_D,0.0007154209657462381
103,250,x_R13_EXIT_B,x_R32_EXIT_E,0.0003979460225491401
103,251,x_R13_EXIT_B,x_R32_EXIT_G,0.0007551053336458753
103,252,x_R13_EXIT_B,x_R32_EXIT_H,0.00032739603517200727
103,253,x_R13_EXIT_B,x_R32_EXIT_A,0.00032739603517200727
103,254,x_R13_EXIT_B,x_R32_EXIT_F,0.00032739603517200727
103,255,x_R13_EXIT_B,x_R32_EXIT_B,0.0006801459720576716
103,256,x_R13_EXIT_B,x_R33_EXIT_C,0.0007628217385152493
103,257,x_R13_EXIT_B,x_R33_EXIT_D,0.0003880249305742308
103,259,x_R13_EXIT_B,x_R33_EXIT_G,0.0004277092984738681
104,105,x_R14_EXIT_C,x_R14_EXIT_D,1.8389458989296212
104,106,x_R14_EXIT_C,x_R14_EXIT_E,1.8389458989296212
104,107,x_R14_EXIT_C,x_R14_EXIT_G,1.8389458989296212
104,108,x_R14_EXIT_C,x_R14_EXIT_H,1.8389458989296212
104,109,x_R14_EXIT_C,x_R14_EXIT_A,1.8389458989296212
104,110,x_R14_EXIT_C,x_R14_EXIT_F,1.8389458989296212
104,111,x_R14_EXIT_C,x_R14_EXIT_B,1.8389458989296212
104,112,x_R14_EXIT_C,x_R15_EXIT_C,0.00044093742110708044
104,120,x_R14_EXIT_C,x_R16_EXIT_C,0.00044093742110708044
104,128,x_R14_EXIT_C,x_R17_EXIT_C,0.00044093742110708044
104,136,x_R14_EXIT_C,x_R18_EXIT_C,0.00044093742110708044
104,144,x_R14_EXIT_C,x_R19_EXIT_C,0.00033070306583031034
104,152,x_R14_EXIT_C,x_R22_EXIT_C,0.001102343552767701
104,160,x_R14_EXIT_C,x_R23_EXIT_C,0.001102343552767701
104,168,x_R14_EXIT_C,x_R20_EXIT_C,0.00033070306583031034
104,176,x_R14_EXIT_C,x_R21_EXIT_C,0.001102343552767701
104,184,x_R14_EXIT_C,x_R24_EXIT_C,0.001102343552767701
104,192,x_R14_EXIT_C,x_R25_EXIT_C,0.001102343552767701
104,200,x_R14_EXIT_C,x_R26_EXIT_C,0.0006614061316606207
104,208,x_R14_EXIT_C,x_R27_EXIT_C,0.00011023435527677011
104,216,x_R14_EXIT_C,x_R28_EXIT_C,0.00022046871055354022
104,224,x_R14_EXIT_C,x_R29_EXIT_C,0.00044093742110708044
104,232,x_R14_EXIT_C,x_R30_EXIT_C,0.00044093742110708044
104,240,x_R14_EXIT_C,x_R31_EXIT_C,0.00011023435527677011
104,248,x_R14_EXIT_C,x_R32_EXIT_C,0.00044093742110708044
104,256,x_R14_EXIT_C,x_R33_EXIT_C,0.00044093742110708044
105,106,x_R14_EXIT_D,x_R14_EXIT_E,1.8393427426086177
105,107,x_R14_EXIT_D,x_R14_EXIT_G,1.8390252676654206
105,108,x_R14_EXIT_D,x_R14_EXIT_H,1.8390252676654206
105,109,x_R14_EXIT_D,x_R14_EXIT_A,1.8390252676654206
105,110,x_R14_EXIT_D,x_R14_EXIT_F,1.8390252676654206
105,111,x_R14_EXIT_D,x_R14_EXIT_B,1.8390252676654206
105,112,x_R14_EXIT_D,x_R15_EXIT_C,0.0003968436789963724
105,113,x_R14_EXIT_D,x_R15_EXIT_D,0.000202831213709257
105,120,x_R14_EXIT_D,x_R16_EXIT_C,0.0003968436789963724
105,121,x_R14_EXIT_D,x_R16_EXIT_D,0.000202831213709257
105,128,x_R14_EXIT_D,x_R17_EXIT_C,0.0003968436789963724
105,129,x_R14_EXIT_D,x_R17_EXIT_D,0.000202831213709257
105,136,x_R14_EXIT_D,x_R18_EXIT_C,0.0003968436789963724
105,137,x_R14_EXIT_D,x_R18_EXIT_D,0.000202831213709257
105,144,x_R14_EXIT_D,x_R19_EXIT_C,0.0002976327592472793
105,145,x_R14_EXIT_D,x_R19_EXIT_D,0.00015212341028194274
105,152,x_R14_EXIT_D,x_R22_EXIT_C,0.0001984218394981862
105,153,x_R14_EXIT_D,x_R22_EXIT_D,0.0005070780342731424
105,160,x_R14_EXIT_D,x_R23_EXIT_C,0.0001984218394981862
105,161,x_R14_EXIT_D,x_R23_EXIT_D,0.0005070780342731424
105,169,x_R14_EXIT_D,x_R20_EXIT_D,0.00015212341028194274
105,176,x_R14_EXIT_D,x_R21_EXIT_C,0.0001984218394981862
105,177,x_R14_EXIT_D,x_R21_EXIT_D,0.0005070780342731424
105,184,x_R14_EXIT_D,x_R24_EXIT_C,0.0001984218394981862
105,185,x_R14_EXIT_D,x_R24_EXIT_D,0.0005070780342731424
105,192,x_R14_EXIT_D,x_R25_EXIT_C,0.0001984218394981862
105,193,x_R14_EXIT_D,x_R25_EXIT_D,0.0005070780342731424
105,200,x_R14_EXIT_D,x_R26_EXIT_C,0.0001190531036989117
105,201,x_R14_EXIT_D,x_R26_EXIT_D,0.0003042468205638855
105,217,x_R14_EXIT_D,x_R28_EXIT_D,0.0001014156068546285
105,225,x_R14_EXIT_D,x_R29_EXIT_D,0.000202831213709257
105,233,x_R14_EXIT_D,x_R30_EXIT_D,0.000202831213709257
105,249,x_R14_EXIT_D,x_R32_EXIT_D,0.000202831213709257
105,257,x_R14_EXIT_D,x_R33_EXIT_D,0.000202831213709257
106,107,x_R14_EXIT_E,x_R14_EXIT_G,1.8390252676654206
106,108,x_R14_EXIT_E,x_R14_EXIT_H,1.8390252676654206
106,109,x_R14_EXIT_E,x_R14_EXIT_A,1.8390252676654206
106,110,x_R14_EXIT_E,x_R14_EXIT_F,1.8390252676654206
106,111,x_R14_EXIT_E,x_R14_EXIT_B,1.8390252676654206
106,112,x_R14_EXIT_E,x_R15_EXIT_C,0.0007495936158820368
106,113,x_R14_EXIT_E,x_R15_EXIT_D,0.0003527499368856644
106,114,x_R14_EXIT_E,x_R15_EXIT_E,0.00026456245266424824
106,115,x_R14_EXIT_E,x_R15_EXIT_G,0.0003527499368856644
106,117,x_R14_EXIT_E,x_R15_EXIT_A,0.0003527499368856644
106,118,x_R14_EXIT_E,x_R15_EXIT_F,0.0003527499368856644
106,120,x_R14_EXIT_E,x_R16_EXIT_C,0.0008025061064148864
106,121,x_R14_EXIT_E,x_R16_EXIT_D,0.00040566242741851404
106,122,x_R14_EXIT_E,x_R16_EXIT_E,0.0002116499621313986
106,123,x_R14_EXIT_E,x_R16_EXIT_G,0.00040566242741851404
106,125,x_R14_EXIT_E,x_R16_EXIT_A,0.00040566242741851404
106,126,x_R14_EXIT_E,x_R16_EXIT_F,0.00040566242741851404
106,128,x_R14_EXIT_E,x_R17_EXIT_C,0.0008554185969477361
106,129,x_R14_EXIT_E,x_R17_EXIT_D,0.0004585749179513637
106,130,x_R14_EXIT_E,x_R17_EXIT_E,0.00015873747159854894
106,131,x_R14_EXIT_E,x_R17_EXIT_G,0.0004585749179513637
106,132,x_R14_EXIT_E,x_R17_EXIT_H,0.00014109997475426572
106,133,x_R14_EXIT_E,x_R17_EXIT_A,0.0004585749179513637
106,134,x_R14_EXIT_E,x_R17_EXIT_F,0.0004585749179513637
106,135,x_R14_EXIT_E,x_R17_EXIT_B,0.00014109997475426572
106,136,x_R14_EXIT_E,x_R18_EXIT_C,0.0008554185969477361
106,137,x_R14_EXIT_E,x_R18_EXIT_D,0.0004585749179513637
106,138,x_R14_EXIT_E,x_R18_EXIT_E,0.00015873747159854894
106,139,x_R14_EXIT_E,x_R18_EXIT_G,0.0004585749179513637
106,140,x_R14_EXIT_E,x_R18_EXIT_H,0.00014109997475426572
106,141,x_R14_EXIT_E,x_R18_EXIT_A,0.0004585749179513637
106,142,x_R14_EXIT_E,x_R18_EXIT_F,0.0004585749179513637
106,143,x_R14_EXIT_E,x_R18_EXIT_B,0.00014109997475426572
106,144,x_R14_EXIT_E,x_R19_EXIT_C,0.000641563947710802
106,145,x_R14_EXIT_E,x_R19_EXIT_D,0.00034393118846352263
106,146,x_R14_EXIT_E,x_R19_EXIT_E,0.00011905310369891171
106,147,x_R14_EXIT_E,x_R19_EXIT_G,0.00034393118846352263
106,148,x_R14_EXIT_E,x_R19_EXIT_H,0.0001058249810656993
106,149,x_R14_EXIT_E,x_R19_EXIT_A,0.00034393118846352263
106,150,x_R14_EXIT_E,x_R19_EXIT_F,0.00034393118846352263
106,151,x_R14_EXIT_E,x_R19_EXIT_B,0.0001058249810656993
106,152,x_R14_EXIT_E,x_R22_EXIT_C,0.0001984218394981862
106,154,x_R14_EXIT_E,x_R22_EXIT_E,0.0007495936158820367
106,160,x_R14_EXIT_E,x_R23_EXIT_C,0.0001984218394981862
106,162,x_R14_EXIT_E,x_R23_EXIT_E,0.0007495936158820367
106,170,x_R14_EXIT_E,x_R20_EXIT_E,0.00022487808476461102
106,176,x_R14_EXIT_E,x_R21_EXIT_C,0.0001984218394981862
106,178,x_R14_EXIT_E,x_R21_EXIT_E,0.0007495936158820367
106,184,x_R14_EXIT_E,x_R24_EXIT_C,0.0001984218394981862
106,186,x_R14_EXIT_E,x_R24_EXIT_E,0.0007495936158820367
106,192,x_R14_EXIT_E,x_R25_EXIT_C,0.0001984218394981862
106,194,x_R14_EXIT_E,x_R25_EXIT_E,0.0007495936158820367
106,200,x_R14_EXIT_E,x_R26_EXIT_C,0.0001190531036989117
106,202,x_R14_EXIT_E,x_R26_EXIT_E,0.00044975616952922204
106,218,x_R14_EXIT_E,x_R28_EXIT_E,0.00014991872317640732
106,226,x_R14_EXIT_E,x_R29_EXIT_E,0.00029983744635281464
106,234,x_R14_EXIT_E,x_R30_EXIT_E,0.00029983744635281464
106,250,x_R14_EXIT_E,x_R32_EXIT_E,0.00029983744635281464
106,258,x_R14_EXIT_E,x_R33_EXIT_E,0.00029983744635281464
107,108,x_R14_EXIT_G,x_R14_EXIT_H,1.8391840051370192
107,109,x_R14_EXIT_G,x_R14_EXIT_A,1.8395411644481159
107,110,x_R14_EXIT_G,x_R14_EXIT_F,1.8391840051370192
107,111,x_R14_EXIT_G,x_R14_EXIT_B,1.8391840051370192
107,115,x_R14_EXIT_G,x_R15_EXIT_G,0.0004938499116399301
107,123,x_R14_EXIT_G,x_R16_EXIT_G,0.0004938499116399301
107,131,x_R14_EXIT_G,x_R17_EXIT_G,0.0004938499116399301
107,139,x_R14_EXIT_G,x_R18_EXIT_G,0.0004938499116399301
107,147,x_R14_EXIT_G,x_R19_EXIT_G,0.0003703874337299475
107,152,x_R14_EXIT_G,x_R22_EXIT_C,0.0005952655184945585
107,155,x_R14_EXIT_G,x_R22_EXIT_G,0.0012346247790998252
107,160,x_R14_EXIT_G,x_R23_EXIT_C,0.0005952655184945585
107,163,x_R14_EXIT_G,x_R23_EXIT_G,0.0012346247790998252
107,168,x_R14_EXIT_G,x_R20_EXIT_C,0.0004464491388709189
107,169,x_R14_EXIT_G,x_R20_EXIT_D,0.00026786948332255137
107,170,x_R14_EXIT_G,x_R20_EXIT_E,0.00026786948332255137
107,171,x_R14_EXIT_G,x_R20_EXIT_G,0.00010251795040739618
107,172,x_R14_EXIT_G,x_R20_EXIT_H,0.00026786948332255137
107,176,x_R14_EXIT_G,x_R21_EXIT_C,0.0010913201172400241
107,177,x_R14_EXIT_G,x_R21_EXIT_D,0.0004960545987454654
107,178,x_R14_EXIT_G,x_R21_EXIT_E,0.0004960545987454654
107,179,x_R14_EXIT_G,x_R21_EXIT_G,0.0007385701803543596
107,180,x_R14_EXIT_G,x_R21_EXIT_H,0.0004960545987454654
107,184,x_R14_EXIT_G,x_R24_EXIT_C,0.0005952655184945585
107,187,x_R14_EXIT_G,x_R24_EXIT_G,0.0012346247790998252
107,192,x_R14_EXIT_G,x_R25_EXIT_C,0.0005952655184945585
107,195,x_R14_EXIT_G,x_R25_EXIT_G,0.0012346247790998252
107,200,x_R14_EXIT_G,x_R26_EXIT_C,0.0003571593110967351
107,203,x_R14_EXIT_G,x_R26_EXIT_G,0.0004431421082126158
107,211,x_R14_EXIT_G,x_R27_EXIT_G,0.00012346247790998252
107,216,x_R14_EXIT_G,x_R28_EXIT_C,0.00021826402344800482
107,224,x_R14_EXIT_G,x_R29_EXIT_C,0.00043652804689600964
107,227,x_R14_EXIT_G,x_R29_EXIT_G,0.0002954280721417439
107,232,x_R14_EXIT_G,x_R30_EXIT_C,0.00023810620739782344
107,235,x_R14_EXIT_G,x_R30_EXIT_G,0.0002954280721417439
107,248,x_R14_EXIT_G,x_R32_EXIT_C,0.00023810620739782344
107,251,x_R14_EXIT_G,x_R32_EXIT_G,0.0004938499116399301
107,256,x_R14_EXIT_G,x_R33_EXIT_C,0.00023810620739782344
107,259,x_R14_EXIT_G,x_R33_EXIT_G,0.0004938499116399301
108,109,x_R14_EXIT_H,x_R14_EXIT_A,1.8391840051370192
108,110,x_R14_EXIT_H,x_R14_EXIT_F,1.8392236895049188
108,111,x_R14_EXIT_H,x_R14_EXIT_B,1.8396646269260257
108,116,x_R14_EXIT_H,x_R15_EXIT_H,0.00028219994950853144
108,119,x_R14_EXIT_H,x_R15_EXIT_B,0.0001234624779099825
108,124,x_R14_EXIT_H,x_R16_EXIT_H,0.00028219994950853144
108,127,x_R14_EXIT_H,x_R16_EXIT_B,0.0001234624779099825
108,132,x_R14_EXIT_H,x_R17_EXIT_H,0.00028219994950853144
108,135,x_R14_EXIT_H,x_R17_EXIT_B,0.0001234624779099825
108,140,x_R14_EXIT_H,x_R18_EXIT_H,0.00028219994950853144
108,143,x_R14_EXIT_H,x_R18_EXIT_B,0.0001234624779099825
108,148,x_R14_EXIT_H,x_R19_EXIT_H,0.0002116499621313986
108,152,x_R14_EXIT_H,x_R22_EXIT_C,0.0006944764382436515
108,154,x_R14_EXIT_H,x_R22_EXIT_E,0.0007936873579927448
108,156,x_R14_EXIT_H,x_R22_EXIT_H,0.0014991872317640733
108,160,x_R14_EXIT_H,x_R23_EXIT_C,0.0006944764382436515
108,162,x_R14_EXIT_H,x_R23_EXIT_E,0.00017637496844283214
108,164,x_R14_EXIT_H,x_R23_EXIT_H,0.0005291249053284965
108,168,x_R14_EXIT_H,x_R20_EXIT_C,0.00017857965554836754
108,170,x_R14_EXIT_H,x_R20_EXIT_E,0.00026786948332255137
108,172,x_R14_EXIT_H,x_R20_EXIT_H,0.00047951944545394985
108,176,x_R14_EXIT_H,x_R21_EXIT_C,0.0005952655184945585
108,178,x_R14_EXIT_H,x_R21_EXIT_E,0.0008928982777418378
108,180,x_R14_EXIT_H,x_R21_EXIT_H,0.0015983981515131664
108,184,x_R14_EXIT_H,x_R24_EXIT_C,0.0017968199910113525
108,185,x_R14_EXIT_H,x_R24_EXIT_D,0.001102343552767701
108,186,x_R14_EXIT_H,x_R24_EXIT_E,0.0003086561947749563
108,187,x_R14_EXIT_H,x_R24_EXIT_G,0.001201554472516794
108,188,x_R14_EXIT_H,x_R24_EXIT_H,0.0003968436789963724
108,192,x_R14_EXIT_H,x_R25_EXIT_C,0.0020613824436756007
108,193,x_R14_EXIT_H,x_R25_EXIT_D,0.0013669060054319491
108,194,x_R14_EXIT_H,x_R25_EXIT_E,0.0005732186474392045
108,195,x_R14_EXIT_H,x_R25_EXIT_G,0.0014661169251810424
108,196,x_R14_EXIT_H,x_R25_EXIT_H,0.0001322812263321241
108,200,x_R14_EXIT_H,x_R26_EXIT_C,0.00041668586294619093
108,202,x_R14_EXIT_H,x_R26_EXIT_E,0.0004762124147956468
108,204,x_R14_EXIT_H,x_R26_EXIT_H,0.0003174749431970979
108,216,x_R14_EXIT_H,x_R28_EXIT_C,0.00011905310369891172
108,218,x_R14_EXIT_H,x_R28_EXIT_E,0.00015873747159854897
108,220,x_R14_EXIT_H,x_R28_EXIT_H,0.00029983744635281474
108,224,x_R14_EXIT_H,x_R29_EXIT_C,0.00023810620739782344
108,226,x_R14_EXIT_H,x_R29_EXIT_E,0.00031747494319709794
108,228,x_R14_EXIT_H,x_R29_EXIT_H,0.0005996748927056295
108,232,x_R14_EXIT_H,x_R30_EXIT_C,0.0002777905752974607
108,234,x_R14_EXIT_H,x_R30_EXIT_E,0.00031747494319709794
108,240,x_R14_EXIT_H,x_R31_EXIT_C,0.00016645387646792287
108,248,x_R14_EXIT_H,x_R32_EXIT_C,0.0006658155058716915
108,249,x_R14_EXIT_H,x_R32_EXIT_D,0.0003880249305742308
108,251,x_R14_EXIT_H,x_R32_EXIT_G,0.0004277092984738681
108,256,x_R14_EXIT_H,x_R33_EXIT_C,0.0006658155058716915
108,257,x_R14_EXIT_H,x_R33_EXIT_D,0.0003880249305742308
108,259,x_R14_EXIT_H,x_R33_EXIT_G,0.0004277092984738681
109,110,x_R14_EXIT_A,x_R14_EXIT_F,1.8391840051370192
109,111,x_R14_EXIT_A,x_R14_EXIT_B,1.8391840051370192
109,115,x_R14_EXIT_A,x_R15_EXIT_G,0.0003571593110967352
109,117,x_R14_EXIT_A,x_R15_EXIT_A,0.0003549546239911998
109,123,x_R14_EXIT_A,x_R16_EXIT_G,0.0003571593110967352
109,125,x_R14_EXIT_A,x_R16_EXIT_A,0.0003549546239911998
109,131,x_R14_EXIT_A,x_R17_EXIT_G,0.0003571593110967352
109,133,x_R14_EXIT_A,x_R17_EXIT_A,0.0003549546239911998
109,139,x_R14_EXIT_A,x_R18_EXIT_G,0.0003571593110967352
109,141,x_R14_EXIT_A,x_R18_EXIT_A,0.0003549546239911998
109,147,x_R14_EXIT_A,x_R19_EXIT_G,0.00026786948332255137
109,149,x_R14_EXIT_A,x_R19_EXIT_A,0.0002662159679933998
109,152,x_R14_EXIT_A,x_R22_EXIT_C,0.0005952655184945585
109,155,x_R14_EXIT_A,x_R22_EXIT_G,0.0008928982777418378
109,157,x_R14_EXIT_A,x_R22_EXIT_A,0.0008873865599779993
109,160,x_R14_EXIT_A,x_R23_EXIT_C,0.0005952655184945585
109,163,x_R14_EXIT_A,x_R23_EXIT_G,0.0008928982777418378
109,165,x_R14_EXIT_A,x_R23_EXIT_A,0.0008873865599779993
109,168,x_R14_EXIT_A,x_R20_EXIT_C,0.0007052242878831368
109,169,x_R14_EXIT_A,x_R20_EXIT_D,0.0005266446323347692
109,170,x_R14_EXIT_A,x_R20_EXIT_E,0.0005266446323347692
109,171,x_R14_EXIT_A,x_R20_EXIT_G,0.0002587751490122178
109,172,x_R14_EXIT_A,x_R20_EXIT_H,0.0005266446323347692
109,173,x_R14_EXIT_A,x_R20_EXIT_A,0.0005117629943724051
109,174,x_R14_EXIT_A,x_R20_EXIT_F,0.0002455470263790054
109,175,x_R14_EXIT_A,x_R20_EXIT_B,0.0002455470263790054
109,176,x_R14_EXIT_A,x_R21_EXIT_C,0.0010913201172400241
109,177,x_R14_EXIT_A,x_R21_EXIT_D,0.0004960545987454654
109,178,x_R14_EXIT_A,x_R21_EXIT_E,0.0004960545987454654
109,179,x_R14_EXIT_A,x_R21_EXIT_G,0.0003968436789963724
109,180,x_R14_EXIT_A,x_R21_EXIT_H,0.0004960545987454654
109,181,x_R14_EXIT_A,x_R21_EXIT_A,0.0008873865599779993
109,184,x_R14_EXIT_A,x_R24_EXIT_C,0.0005952655184945585
109,187,x_R14_EXIT_A,x_R24_EXIT_G,0.0008928982777418378
109,189,x_R14_EXIT_A,x_R24_EXIT_A,0.0008873865599779993
109,192,x_R14_EXIT_A,x_R25_EXIT_C,0.0005952655184945585
109,195,x_R14_EXIT_A,x_R25_EXIT_G,0.0008928982777418378
109,197,x_R14_EXIT_A,x_R25_EXIT_A,0.0008873865599779993
109,200,x_R14_EXIT_A,x_R26_EXIT_C,0.0003571593110967351
109,203,x_R14_EXIT_A,x_R26_EXIT_G,0.0002381062073978234
109,205,x_R14_EXIT_A,x_R26_EXIT_A,0.0005324319359867996
109,216,x_R14_EXIT_A,x_R28_EXIT_C,0.0003819620410340085
109,217,x_R14_EXIT_A,x_R28_EXIT_D,0.00016369801758600363
109,218,x_R14_EXIT_A,x_R28_EXIT_E,0.00016369801758600363
109,219,x_R14_EXIT_A,x_R28_EXIT_G,0.00048117296078310155
109,220,x_R14_EXIT_A,x_R28_EXIT_H,0.00016369801758600363
109,222,x_R14_EXIT_A,x_R28_EXIT_F,0.00016369801758600363
109,223,x_R14_EXIT_A,x_R28_EXIT_B,0.00016369801758600363
109,224,x_R14_EXIT_A,x_R29_EXIT_C,0.00043652804689600964
109,227,x_R14_EXIT_A,x_R29_EXIT_G,0.00015873747159854897
109,232,x_R14_EXIT_A,x_R30_EXIT_C,0.00023810620739782344
109,235,x_R14_EXIT_A,x_R30_EXIT_G,0.00015873747159854897
109,237,x_R14_EXIT_A,x_R30_EXIT_A,0.0003549546239911998
109,248,x_R14_EXIT_A,x_R32_EXIT_C,0.00023810620739782344
109,251,x_R14_EXIT_A,x_R32_EXIT_G,0.0003571593110967352
109,253,x_R14_EXIT_A,x_R32_EXIT_A,0.0003549546239911998
109,256,x_R14_EXIT_A,x_R33_EXIT_C,0.00023810620739782344
109,259,x_R14_EXIT_A,x_R33_EXIT_G,0.0003571593110967352
109,261,x_R14_EXIT_A,x_R33_EXIT_A,0.0003549546239911998
110,111,x_R14_EXIT_F,x_R14_EXIT_B,1.8392236895049188
110,117,x_R14_EXIT_F,x_R15_EXIT_A,0.00033511244004138114
110,118,x_R14_EXIT_F,x_R15_EXIT_F,0.0010053373201241436
110,125,x_R14_EXIT_F,x_R16_EXIT_A,0.00033511244004138114
110,126,x_R14_EXIT_F,x_R16_EXIT_F,0.0010053373201241436
110,133,x_R14_EXIT_F,x_R17_EXIT_A,0.00033511244004138114
110,134,x_R14_EXIT_F,x_R17_EXIT_F,0.0010053373201241436
110,141,x_R14_EXIT_F,x_R18_EXIT_A,0.00033511244004138114
110,142,x_R14_EXIT_F,x_R18_EXIT_F,0.0010053373201241436
110,149,x_R14_EXIT_F,x_R19_EXIT_A,0.0002513343300310358
110,150,x_R14_EXIT_F,x_R19_EXIT_F,0.0007540029900931076
110,152,x_R14_EXIT_F,x_R22_EXIT_C,0.001532257538347104
110,153,x_R14_EXIT_F,x_R22_EXIT_D,0.0008377811001034529
110,154,x_R14_EXIT_F,x_R22_EXIT_E,0.0008377811001034529
110,155,x_R14_EXIT_F,x_R22_EXIT_G,0.0009369920198525459
110,156,x_R14_EXIT_F,x_R22_EXIT_H,0.0008377811001034529
110,158,x_R14_EXIT_F,x_R22_EXIT_F,0.0016755622002069058
110,159,x_R14_EXIT_F,x_R22_EXIT_B,0.0008377811001034529
110,160,x_R14_EXIT_F,x_R23_EXIT_C,0.002281851154229141
110,161,x_R14_EXIT_F,x_R23_EXIT_D,0.0015873747159854895
110,163,x_R14_EXIT_F,x_R23_EXIT_G,0.0016865856357345826
110,165,x_R14_EXIT_F,x_R23_EXIT_A,0.0008377811001034529
110,166,x_R14_EXIT_F,x_R23_EXIT_F,0.0008377811001034527
110,168,x_R14_EXIT_F,x_R20_EXIT_C,0.00017857965554836754
110,174,x_R14_EXIT_F,x_R20_EXIT_F,0.00010251795040739618
110,176,x_R14_EXIT_F,x_R21_EXIT_C,0.0005952655184945585
110,182,x_R14_EXIT_F,x_R21_EXIT_F,0.00034172650135798734
110,184,x_R14_EXIT_F,x_R24_EXIT_C,0.0006944764382436515
110,190,x_R14_EXIT_F,x_R24_EXIT_F,0.00034172650135798734
110,192,x_R14_EXIT_F,x_R25_EXIT_C,0.0006944764382436515
110,198,x_R14_EXIT_F,x_R25_EXIT_F,0.00034172650135798734
110,200,x_R14_EXIT_F,x_R26_EXIT_C,0.0008928982777418377
110,201,x_R14_EXIT_F,x_R26_EXIT_D,0.0004762124147956468
110,202,x_R14_EXIT_F,x_R26_EXIT_E,0.0004762124147956468
110,204,x_R14_EXIT_F,x_R26_EXIT_H,0.00017857965554836754
110,206,x_R14_EXIT_F,x_R26_EXIT_F,0.0003240890045137041
110,208,x_R14_EXIT_F,x_R27_EXIT_C,0.0002579483913476421
110,209,x_R14_EXIT_F,x_R27_EXIT_D,0.00018850074752327687
110,211,x_R14_EXIT_F,x_R27_EXIT_G,0.0001984218394981862
110,216,x_R14_EXIT_F,x_R28_EXIT_C,0.00011905310369891172
110,217,x_R14_EXIT_F,x_R28_EXIT_D,0.00015873747159854897
110,218,x_R14_EXIT_F,x_R28_EXIT_E,0.00015873747159854897
110,220,x_R14_EXIT_F,x_R28_EXIT_H,0.00015873747159854897
110,224,x_R14_EXIT_F,x_R29_EXIT_C,0.00023810620739782344
110,225,x_R14_EXIT_F,x_R29_EXIT_D,0.00031747494319709794
110,226,x_R14_EXIT_F,x_R29_EXIT_E,0.00031747494319709794
110,228,x_R14_EXIT_F,x_R29_EXIT_H,0.00031747494319709794
110,230,x_R14_EXIT_F,x_R29_EXIT_F,0.00013669060054319495
110,232,x_R14_EXIT_F,x_R30_EXIT_C,0.0005952655184945586
110,233,x_R14_EXIT_F,x_R30_EXIT_D,0.00031747494319709794
110,234,x_R14_EXIT_F,x_R30_EXIT_E,0.00031747494319709794
110,248,x_R14_EXIT_F,x_R32_EXIT_C,0.0002777905752974607
110,254,x_R14_EXIT_F,x_R32_EXIT_F,0.00013669060054319495
110,256,x_R14_EXIT_F,x_R33_EXIT_C,0.0002777905752974607
110,262,x_R14_EXIT_F,x_R33_EXIT_F,0.00013669060054319495
111,116,x_R14_EXIT_B,x_R15_EXIT_H,0.0001234624779099825
111,119,x_R14_EXIT_B,x_R15_EXIT_B,0.0017857965554836759
111,124,x_R14_EXIT_B,x_R16_EXIT_H,0.0001234624779099825
111,127,x_R14_EXIT_B,x_R16_EXIT_B,0.0017857965554836759
111,132,x_R14_EXIT_B,x_R17_EXIT_H,0.0001234624779099825
111,135,x_R14_EXIT_B,x_R17_EXIT_B,0.0017857965554836759
111,140,x_R14_EXIT_B,x_R18_EXIT_H,0.0001234624779099825
111,143,x_R14_EXIT_B,x_R18_EXIT_B,0.0017857965554836759
111,151,x_R14_EXIT_B,x_R19_EXIT_B,0.0013393474166127567
111,152,x_R14_EXIT_B,x_R22_EXIT_C,0.0006944764382436515
111,154,x_R14_EXIT_B,x_R22_EXIT_E,0.0007936873579927448
111,156,x_R14_EXIT_B,x_R22_EXIT_H,0.001102343552767701
111,159,x_R14_EXIT_B,x_R22_EXIT_B,0.002518855018074197
111,160,x_R14_EXIT_B,x_R23_EXIT_C,0.0006944764382436515
111,162,x_R14_EXIT_B,x_R23_EXIT_E,0.00017637496844283214
111,164,x_R14_EXIT_B,x_R23_EXIT_H,0.0001322812263321241
111,167,x_R14_EXIT_B,x_R23_EXIT_B,0.002518855018074197
111,168,x_R14_EXIT_B,x_R20_EXIT_C,0.00017857965554836754
111,170,x_R14_EXIT_B,x_R20_EXIT_E,0.00026786948332255137
111,172,x_R14_EXIT_B,x_R20_EXIT_H,0.00036046634175503816
111,175,x_R14_EXIT_B,x_R20_EXIT_B,0.0007556565054222589
111,176,x_R14_EXIT_B,x_R21_EXIT_C,0.0005952655184945585
111,178,x_R14_EXIT_B,x_R21_EXIT_E,0.0008928982777418378
111,180,x_R14_EXIT_B,x_R21_EXIT_H,0.001201554472516794
111,183,x_R14_EXIT_B,x_R21_EXIT_B,0.002518855018074197
111,184,x_R14_EXIT_B,x_R24_EXIT_C,0.0026153100789413704
111,185,x_R14_EXIT_B,x_R24_EXIT_D,0.001920833640697719
111,186,x_R14_EXIT_B,x_R24_EXIT_E,0.001127146282704974
111,187,x_R14_EXIT_B,x_R24_EXIT_G,0.0020200445604468117
111,188,x_R14_EXIT_B,x_R24_EXIT_H,0.000818490087930018
111,189,x_R14_EXIT_B,x_R24_EXIT_A,0.000818490087930018
111,190,x_R14_EXIT_B,x_R24_EXIT_F,0.000818490087930018
111,191,x_R14_EXIT_B,x_R24_EXIT_B,0.0033373451060042148
111,192,x_R14_EXIT_B,x_R25_EXIT_C,0.0017968199910113525
111,193,x_R14_EXIT_B,x_R25_EXIT_D,0.001102343552767701
111,194,x_R14_EXIT_B,x_R25_EXIT_E,0.0003086561947749563
111,195,x_R14_EXIT_B,x_R25_EXIT_G,0.001201554472516794
111,200,x_R14_EXIT_B,x_R26_EXIT_C,0.00041668586294619093
111,202,x_R14_EXIT_B,x_R26_EXIT_E,0.0004762124147956468
111,207,x_R14_EXIT_B,x_R26_EXIT_B,0.0015113130108445178
111,215,x_R14_EXIT_B,x_R27_EXIT_B,0.0002518855018074197
111,216,x_R14_EXIT_B,x_R28_EXIT_C,0.00011905310369891172
111,218,x_R14_EXIT_B,x_R28_EXIT_E,0.00015873747159854897
111,220,x_R14_EXIT_B,x_R28_EXIT_H,0.00022046871055354025
111,223,x_R14_EXIT_B,x_R28_EXIT_B,0.0005037710036148394
111,224,x_R14_EXIT_B,x_R29_EXIT_C,0.00023810620739782344
111,226,x_R14_EXIT_B,x_R29_EXIT_E,0.00031747494319709794
111,228,x_R14_EXIT_B,x_R29_EXIT_H,0.0004409374211070805
111,231,x_R14_EXIT_B,x_R29_EXIT_B,0.0010075420072296788
111,232,x_R14_EXIT_B,x_R30_EXIT_C,0.0002777905752974607
111,234,x_R14_EXIT_B,x_R30_EXIT_E,0.00031747494319709794
111,239,x_R14_EXIT_B,x_R30_EXIT_B,0.0010075420072296788
111,240,x_R14_EXIT_B,x_R31_EXIT_C,0.00016645387646792287
111,247,x_R14_EXIT_B,x_R31_EXIT_B,0.0002518855018074197
111,248,x_R14_EXIT_B,x_R32_EXIT_C,0.0009932115410436987
111,249,x_R14_EXIT_B,x_R32_EXIT_D,0.0007154209657462381
111,250,x_R14_EXIT_B,x_R32_EXIT_E,0.0003979460225491401
111,251,x_R14_EXIT_B,x_R32_EXIT_G,0.0007551053336458753
111,252,x_R14_EXIT_B,x_R32_EXIT_H,0.00032739603517200727
111,253,x_R14_EXIT_B,x_R32_EXIT_A,0.00032739603517200727
111,254,x_R14_EXIT_B,x_R32_EXIT_F,0.00032739603517200727
111,255,x_R14_EXIT_B,x_R32_EXIT_B,0.0006801459720576716
111,256,x_R14_EXIT_B,x_R33_EXIT_C,0.0006658155058716915
111,257,x_R14_EXIT_B,x_R33_EXIT_D,0.0003880249305742308
111,259,x_R14_EXIT_B,x_R33_EXIT_G,0.0004277092984738681
112,113,x_R15_EXIT_C,x_R15_EXIT_D,1.8392986488665068
112,114,x_R15_EXIT_C,x_R15_EXIT_E,1.8389458989296212
112,115,x_R15_EXIT_C,x_R15_EXIT_G,1.8392986488665068
112,116,x_R15_EXIT_C,x_R15_EXIT_H,1.83898117392331
112,117,x_R15_EXIT_C,x_R15_EXIT_A,1.8392986488665068
112,118,x_R15_EXIT_C,x_R15_EXIT_F,1.8392986488665068
112,119,x_R15_EXIT_C,x_R15_EXIT_B,1.83898117392331
112,120,x_R15_EXIT_C,x_R16_EXIT_C,0.001190531036989117
112,121,x_R15_EXIT_C,x_R16_EXIT_D,0.0003527499368856644
112,123,x_R15_EXIT_C,x_R16_EXIT_G,0.0003527499368856644
112,125,x_R15_EXIT_C,x_R16_EXIT_A,0.0003527499368856644
112,126,x_R15_EXIT_C,x_R16_EXIT_F,0.0003527499368856644
112,128,x_R15_EXIT_C,x_R17_EXIT_C,0.001190531036989117
112,129,x_R15_EXIT_C,x_R17_EXIT_D,0.0003527499368856644
112,131,x_R15_EXIT_C,x_R17_EXIT_G,0.0003527499368856644
112,133,x_R15_EXIT_C,x_R17_EXIT_A,0.0003527499368856644
112,134,x_R15_EXIT_C,x_R17_EXIT_F,0.0003527499368856644
112,136,x_R15_EXIT_C,x_R18_EXIT_C,0.001190531036989117
112,137,x_R15_EXIT_C,x_R18_EXIT_D,0.0003527499368856644
112,139,x_R15_EXIT_C,x_R18_EXIT_G,0.0003527499368856644
112,141,x_R15_EXIT_C,x_R18_EXIT_A,0.0003527499368856644
112,142,x_R15_EXIT_C,x_R18_EXIT_F,0.0003527499368856644
112,144,x_R15_EXIT_C,x_R19_EXIT_C,0.0008928982777418377
112,145,x_R15_EXIT_C,x_R19_EXIT_D,0.00026456245266424824
112,147,x_R15_EXIT_C,x_R19_EXIT_G,0.00026456245266424824
112,149,x_R15_EXIT_C,x_R19_EXIT_A,0.00026456245266424824
112,150,x_R15_EXIT_C,x_R19_EXIT_F,0.00026456245266424824
112,152,x_R15_EXIT_C,x_R22_EXIT_C,0.001300765392265887
112,160,x_R15_EXIT_C,x_R23_EXIT_C,0.001300765392265887
112,168,x_R15_EXIT_C,x_R20_EXIT_C,0.00039022961767976613
112,176,x_R15_EXIT_C,x_R21_EXIT_C,0.001300765392265887
112,184,x_R15_EXIT_C,x_R24_EXIT_C,0.001300765392265887
112,192,x_R15_EXIT_C,x_R25_EXIT_C,0.001300765392265887
112,200,x_R15_EXIT_C,x_R26_EXIT_C,0.0007804592353595323
112,208,x_R15_EXIT_C,x_R27_EXIT_C,0.00013007653922658872
112,216,x_R15_EXIT_C,x_R28_EXIT_C,0.00026015307845317744
112,224,x_R15_EXIT_C,x_R29_EXIT_C,0.0005203061569063549
112,232,x_R15_EXIT_C,x_R30_EXIT_C,0.0005203061569063549
112,240,x_R15_EXIT_C,x_R31_EXIT_C,0.00013007653922658872
112,248,x_R15_EXIT_C,x_R32_EXIT_C,0.0005203061569063549
112,256,x_R15_EXIT_C,x_R33_EXIT_C,0.0005203061569063549
113,114,x_R15_EXIT_D,x_R15_EXIT_E,1.8389458989296212
113,115,x_R15_EXIT_D,x_R15_EXIT_G,1.8392986488665068
113,116,x_R15_EXIT_D,x_R15_EXIT_H,1.83898117392331
113,117,x_R15_EXIT_D,x_R15_EXIT_A,1.8392986488665068
113,118,x_R15_EXIT_D,x_R15_EXIT_F,1.8392986488665068
113,119,x_R15_EXIT_D,x_R15_EXIT_B,1.83898117392331
113,120,x_R15_EXIT_D,x_R16_EXIT_C,0.0003527499368856644
113,121,x_R15_EXIT_D,x_R16_EXIT_D,0.0005555811505949214
113,123,x_R15_EXIT_D,x_R16_EXIT_G,0.0003527499368856644
113,125,x_R15_EXIT_D,x_R16_EXIT_A,0.0003527499368856644
113,126,x_R15_EXIT_D,x_R16_EXIT_F,0.0003527499368856644
113,128,x_R15_EXIT_D,x_R17_EXIT_C,0.0003527499368856644
113,129,x_R15_EXIT_D,x_R17_EXIT_D,0.0005555811505949214
113,131,x_R15_EXIT_D,x_R17_EXIT_G,0.0003527499368856644
113,133,x_R15_EXIT_D,x_R17_EXIT_A,0.0003527499368856644
113,134,x_R15_EXIT_D,x_R17_EXIT_F,0.0003527499368856644
113,136,x_R15_EXIT_D,x_R18_EXIT_C,0.0003527499368856644
113,137,x_R15_EXIT_D,x_R18_EXIT_D,0.0005555811505949214
113,139,x_R15_EXIT_D,x_R18_EXIT_G,0.0003527499368856644
113,141,x_R15_EXIT_D,x_R18_EXIT_A,0.0003527499368856644
113,142,x_R15_EXIT_D,x_R18_EXIT_F,0.0003527499368856644
113,144,x_R15_EXIT_D,x_R19_EXIT_C,0.00026456245266424824
113,145,x_R15_EXIT_D,x_R19_EXIT_D,0.00041668586294619093
113,147,x_R15_EXIT_D,x_R19_EXIT_G,0.00026456245266424824
113,149,x_R15_EXIT_D,x_R19_EXIT_A,0.00026456245266424824
113,150,x_R15_EXIT_D,x_R19_EXIT_F,0.00026456245266424824
113,153,x_R15_EXIT_D,x_R22_EXIT_D,0.0005070780342731424
113,161,x_R15_EXIT_D,x_R23_EXIT_D,0.0005070780342731424
113,169,x_R15_EXIT_D,x_R20_EXIT_D,0.00015212341028194274
113,177,x_R15_EXIT_D,x_R21_EXIT_D,0.0005070780342731424
113,185,x_R15_EXIT_D,x_R24_EXIT_D,0.0005070780342731424
113,193,x_R15_EXIT_D,x_R25_EXIT_D,0.0005070780342731424
113,201,x_R15_EXIT_D,x_R26_EXIT_D,0.0003042468205638855
113,217,x_R15_EXIT_D,x_R28_EXIT_D,0.0001014156068546285
113,225,x_R15_EXIT_D,x_R29_EXIT_D,0.000202831213709257
113,233,x_R15_EXIT_D,x_R30_EXIT_D,0.000202831213709257
113,249,x_R15_EXIT_D,x_R32_EXIT_D,0.000202831213709257
113,257,x_R15_EXIT_D,x_R33_EXIT_D,0.000202831213709257
114,115,x_R15_EXIT_E,x_R15_EXIT_G,1.8389458989296212
114,116,x_R15_EXIT_E,x_R15_EXIT_H,1.8389458989296212
114,117,x_R15_EXIT_E,x_R15_EXIT_A,1.8389458989296212
114,118,x_R15_EXIT_E,x_R15_EXIT_F,1.8389458989296212
114,119,x_R15_EXIT_E,x_R15_EXIT_B,1.8389458989296212
114,122,x_R15_EXIT_E,x_R16_EXIT_E,0.0002116499621313986
114,128,x_R15_EXIT_E,x_R17_EXIT_C,0.00010582498106569928
114,129,x_R15_EXIT_E,x_R17_EXIT_D,0.00010582498106569928
114,130,x_R15_EXIT_E,x_R17_EXIT_E,0.00015873747159854894
114,131,x_R15_EXIT_E,x_R17_EXIT_G,0.00010582498106569928
114,132,x_R15_EXIT_E,x_R17_EXIT_H,0.00010582498106569928
114,133,x_R15_EXIT_E,x_R17_EXIT_A,0.00010582498106569928
114,134,x_R15_EXIT_E,x_R17_EXIT_F,0.00010582498106569928
114,135,x_R15_EXIT_E,x_R17_EXIT_B,0.00010582498106569928
114,136,x_R15_EXIT_E,x_R18_EXIT_C,0.00010582498106569928
114,137,x_R15_EXIT_E,x_R18_EXIT_D,0.00010582498106569928
114,138,x_R15_EXIT_E,x_R18_EXIT_E,0.00015873747159854894
114,139,x_R15_EXIT_E,x_R18_EXIT_G,0.00010582498106569928
114,140,x_R15_EXIT_E,x_R18_EXIT_H,0.00010582498106569928
114,141,x_R15_EXIT_E,x_R18_EXIT_A,0.00010582498106569928
114,142,x_R15_EXIT_E,x_R18_EXIT_F,0.00010582498106569928
114,143,x_R15_EXIT_E,x_R18_EXIT_B,0.00010582498106569928
114,146,x_R15_EXIT_E,x_R19_EXIT_E,0.00011905310369891171
114,154,x_R15_EXIT_E,x_R22_EXIT_E,0.0006614061316606207
114,162,x_R15_EXIT_E,x_R23_EXIT_E,0.0006614061316606207
114,170,x_R15_EXIT_E,x_R20_EXIT_E,0.0001984218394981862
114,178,x_R15_EXIT_E,x_R21_EXIT_E,0.0006614061316606207
114,186,x_R15_EXIT_E,x_R24_EXIT_E,0.0006614061316606207
114,194,x_R15_EXIT_E,x_R25_EXIT_E,0.0006614061316606207
114,202,x_R15_EXIT_E,x_R26_EXIT_E,0.0003968436789963724
114,218,x_R15_EXIT_E,x_R28_EXIT_E,0.00013228122633212412
114,226,x_R15_EXIT_E,x_R29_EXIT_E,0.00026456245266424824
114,234,x_R15_EXIT_E,x_R30_EXIT_E,0.00026456245266424824
114,250,x_R15_EXIT_E,x_R32_EXIT_E,0.00026456245266424824
114,258,x_R15_EXIT_E,x_R33_EXIT_E,0.00026456245266424824
115,116,x_R15_EXIT_G,x_R15_EXIT_H,1.83898117392331
115,117,x_R15_EXIT_G,x_R15_EXIT_A,1.8394573863381054
115,118,x_R15_EXIT_G,x_R15_EXIT_F,1.8394573863381054
115,119,x_R15_EXIT_G,x_R15_EXIT_B,1.83898117392331
115,120,x_R15_EXIT_G,x_R16_EXIT_C,0.0003527499368856644
115,121,x_R15_EXIT_G,x_R16_EXIT_D,0.0003527499368856644
115,123,x_R15_EXIT_G,x_R16_EXIT_G,0.0010450216880237807
115,125,x_R15_EXIT_G,x_R16_EXIT_A,0.0005114874084842133
115,126,x_R15_EXIT_G,x_R16_EXIT_F,0.0005114874084842133
115,128,x_R15_EXIT_G,x_R17_EXIT_C,0.0003527499368856644
115,129,x_R15_EXIT_G,x_R17_EXIT_D,0.0003527499368856644
115,131,x_R15_EXIT_G,x_R17_EXIT_G,0.0010450216880237807
115,133,x_R15_EXIT_G,x_R17_EXIT_A,0.0005114874084842133
115,134,x_R15_EXIT_G,x_R17_EXIT_F,0.0005114874084842133
115,136,x_R15_EXIT_G,x_R18_EXIT_C,0.0003527499368856644
115,137,x_R15_EXIT_G,x_R18_EXIT_D,0.0003527499368856644
115,139,x_R15_EXIT_G,x_R18_EXIT_G,0.0010450216880237807
115,141,x_R15_EXIT_G,x_R18_EXIT_A,0.0005114874084842133
115,142,x_R15_EXIT_G,x_R18_EXIT_F,0.0005114874084842133
115,144,x_R15_EXIT_G,x_R19_EXIT_C,0.00026456245266424824
115,145,x_R15_EXIT_G,x_R19_EXIT_D,0.00026456245266424824
115,147,x_R15_EXIT_G,x_R19_EXIT_G,0.0007837662660178354
115,149,x_R15_EXIT_G,x_R19_EXIT_A,0.00038361555636315993
115,150,x_R15_EXIT_G,x_R19_EXIT_F,0.00038361555636315993
115,153,x_R15_EXIT_G,x_R22_EXIT_D,0.0003968436789963724
115,155,x_R15_EXIT_G,x_R22_EXIT_G,0.001333835698848918
115,161,x_R15_EXIT_G,x_R23_EXIT_D,0.0003968436789963724
115,163,x_R15_EXIT_G,x_R23_EXIT_G,0.001333835698848918
115,168,x_R15_EXIT_G,x_R20_EXIT_C,0.00026786948332255137
115,169,x_R15_EXIT_G,x_R20_EXIT_D,0.00041668586294619093
115,170,x_R15_EXIT_G,x_R20_EXIT_E,0.0003240890045137041
115,171,x_R15_EXIT_G,x_R20_EXIT_G,0.00010251795040739618
115,172,x_R15_EXIT_G,x_R20_EXIT_H,0.00029763275924727924
115,176,x_R15_EXIT_G,x_R21_EXIT_C,0.0004960545987454654
115,177,x_R15_EXIT_G,x_R21_EXIT_D,0.0009921091974909309
115,178,x_R15_EXIT_G,x_R21_EXIT_E,0.0006834530027159747
115,179,x_R15_EXIT_G,x_R21_EXIT_G,0.0007385701803543596
115,180,x_R15_EXIT_G,x_R21_EXIT_H,0.0005952655184945586
115,185,x_R15_EXIT_G,x_R24_EXIT_D,0.0003968436789963724
115,187,x_R15_EXIT_G,x_R24_EXIT_G,0.001333835698848918
115,193,x_R15_EXIT_G,x_R25_EXIT_D,0.0003968436789963724
115,195,x_R15_EXIT_G,x_R25_EXIT_G,0.001333835698848918
115,201,x_R15_EXIT_G,x_R26_EXIT_D,0.0002381062073978234
115,203,x_R15_EXIT_G,x_R26_EXIT_G,0.0004431421082126158
115,211,x_R15_EXIT_G,x_R27_EXIT_G,0.00013338356988489185
115,224,x_R15_EXIT_G,x_R29_EXIT_C,0.00019842183949818622
115,225,x_R15_EXIT_G,x_R29_EXIT_D,0.00015873747159854897
115,227,x_R15_EXIT_G,x_R29_EXIT_G,0.0002954280721417439
115,233,x_R15_EXIT_G,x_R30_EXIT_D,0.00015873747159854897
115,235,x_R15_EXIT_G,x_R30_EXIT_G,0.0002954280721417439
115,249,x_R15_EXIT_G,x_R32_EXIT_D,0.00015873747159854897
115,251,x_R15_EXIT_G,x_R32_EXIT_G,0.0005335342795395674
115,257,x_R15_EXIT_G,x_R33_EXIT_D,0.00015873747159854897
115,259,x_R15_EXIT_G,x_R33_EXIT_G,0.0005335342795395674
116,117,x_R15_EXIT_H,x_R15_EXIT_A,1.83898117392331
116,118,x_R15_EXIT_H,x_R15_EXIT_F,1.83898117392331
116,119,x_R15_EXIT_H,x_R15_EXIT_B,1.839175186388597
116,124,x_R15_EXIT_H,x_R16_EXIT_H,0.00038802493057423073
116,127,x_R15_EXIT_H,x_R16_EXIT_B,0.0002292874589756818
116,132,x_R15_EXIT_H,x_R17_EXIT_H,0.00038802493057423073
116,135,x_R15_EXIT_H,x_R17_EXIT_B,0.0002292874589756818
116,140,x_R15_EXIT_H,x_R18_EXIT_H,0.00038802493057423073
116,143,x_R15_EXIT_H,x_R18_EXIT_B,0.0002292874589756818
116,148,x_R15_EXIT_H,x_R19_EXIT_H,0.00029101869793067304
116,151,x_R15_EXIT_H,x_R19_EXIT_B,0.00017196559423176134
116,154,x_R15_EXIT_H,x_R22_EXIT_E,0.00026456245266424824
116,156,x_R15_EXIT_H,x_R22_EXIT_H,0.0007054998737713286
116,162,x_R15_EXIT_H,x_R23_EXIT_E,0.00044093742110708044
116,164,x_R15_EXIT_H,x_R23_EXIT_H,0.0005291249053284965
116,172,x_R15_EXIT_H,x_R20_EXIT_H,0.0002116499621313986
116,178,x_R15_EXIT_H,x_R21_EXIT_E,0.00026456245266424824
116,180,x_R15_EXIT_H,x_R21_EXIT_H,0.0007054998737713286
116,184,x_R15_EXIT_H,x_R24_EXIT_C,0.0003086561947749563
116,185,x_R15_EXIT_H,x_R24_EXIT_D,0.0003086561947749563
116,186,x_R15_EXIT_H,x_R24_EXIT_E,0.0005732186474392045
116,187,x_R15_EXIT_H,x_R24_EXIT_G,0.0003086561947749563
116,188,x_R15_EXIT_H,x_R24_EXIT_H,0.0003968436789963724
116,192,x_R15_EXIT_H,x_R25_EXIT_C,0.0005732186474392045
116,193,x_R15_EXIT_H,x_R25_EXIT_D,0.0005732186474392045
116,194,x_R15_EXIT_H,x_R25_EXIT_E,0.0008377811001034528
116,195,x_R15_EXIT_H,x_R25_EXIT_G,0.0005732186474392045
116,196,x_R15_EXIT_H,x_R25_EXIT_H,0.0001322812263321241
116,202,x_R15_EXIT_H,x_R26_EXIT_E,0.00015873747159854894
116,204,x_R15_EXIT_H,x_R26_EXIT_H,0.0003174749431970979
116,220,x_R15_EXIT_H,x_R28_EXIT_H,0.00014109997475426572
116,226,x_R15_EXIT_H,x_R29_EXIT_E,0.0001058249810656993
116,228,x_R15_EXIT_H,x_R29_EXIT_H,0.00028219994950853144
116,234,x_R15_EXIT_H,x_R30_EXIT_E,0.0001058249810656993
116,250,x_R15_EXIT_H,x_R32_EXIT_E,0.00017637496844283217
116,258,x_R15_EXIT_H,x_R33_EXIT_E,0.00017637496844283217
117,118,x_R15_EXIT_A,x_R15_EXIT_F,1.8397924987781469
117,119,x_R15_EXIT_A,x_R15_EXIT_B,1.83898117392331
117,120,x_R15_EXIT_A,x_R16_EXIT_C,0.0003527499368856644
117,121,x_R15_EXIT_A,x_R16_EXIT_D,0.0003527499368856644
117,123,x_R15_EXIT_A,x_R16_EXIT_G,0.0005114874084842133
117,125,x_R15_EXIT_A,x_R16_EXIT_A,0.002012879327353822
117,126,x_R15_EXIT_A,x_R16_EXIT_F,0.0008465998485255944
117,128,x_R15_EXIT_A,x_R17_EXIT_C,0.0003527499368856644
117,129,x_R15_EXIT_A,x_R17_EXIT_D,0.0003527499368856644
117,131,x_R15_EXIT_A,x_R17_EXIT_G,0.0005114874084842133
117,133,x_R15_EXIT_A,x_R17_EXIT_A,0.002012879327353822
117,134,x_R15_EXIT_A,x_R17_EXIT_F,0.0008465998485255944
117,136,x_R15_EXIT_A,x_R18_EXIT_C,0.0003527499368856644
117,137,x_R15_EXIT_A,x_R18_EXIT_D,0.0003527499368856644
117,139,x_R15_EXIT_A,x_R18_EXIT_G,0.0005114874084842133
117,141,x_R15_EXIT_A,x_R18_EXIT_A,0.002012879327353822
117,142,x_R15_EXIT_A,x_R18_EXIT_F,0.0008465998485255944
117,144,x_R15_EXIT_A,x_R19_EXIT_C,0.00026456245266424824
117,145,x_R15_EXIT_A,x_R19_EXIT_D,0.00026456245266424824
117,147,x_R15_EXIT_A,x_R19_EXIT_G,0.00038361555636315993
117,149,x_R15_EXIT_A,x_R19_EXIT_A,0.0015096594955153666
117,150,x_R15_EXIT_A,x_R19_EXIT_F,0.0006349498863941957
117,152,x_R15_EXIT_A,x_R22_EXIT_C,0.0008377811001034529
117,153,x_R15_EXIT_A,x_R22_EXIT_D,0.0012346247790998252
117,154,x_R15_EXIT_A,x_R22_EXIT_E,0.000925968584324869
117,155,x_R15_EXIT_A,x_R22_EXIT_G,0.0008377811001034529
117,156,x_R15_EXIT_A,x_R22_EXIT_H,0.0008377811001034529
117,157,x_R15_EXIT_A,x_R22_EXIT_A,0.0029156986970705692
117,160,x_R15_EXIT_A,x_R23_EXIT_C,0.0007936873579927448
117,161,x_R15_EXIT_A,x_R23_EXIT_D,0.0011905310369891172
117,163,x_R15_EXIT_A,x_R23_EXIT_G,0.0007936873579927448
117,165,x_R15_EXIT_A,x_R23_EXIT_A,0.0029156986970705692
117,169,x_R15_EXIT_A,x_R20_EXIT_D,0.0001190531036989117
117,173,x_R15_EXIT_A,x_R20_EXIT_A,0.0002662159679933998
117,174,x_R15_EXIT_A,x_R20_EXIT_F,0.0002381062073978234
117,175,x_R15_EXIT_A,x_R20_EXIT_B,0.0002381062073978234
117,177,x_R15_EXIT_A,x_R21_EXIT_D,0.0003968436789963724
117,181,x_R15_EXIT_A,x_R21_EXIT_A,0.001383441158723465
117,182,x_R15_EXIT_A,x_R21_EXIT_F,0.0002976327592472793
117,183,x_R15_EXIT_A,x_R21_EXIT_B,0.0002976327592472793
117,185,x_R15_EXIT_A,x_R24_EXIT_D,0.0003968436789963724
117,189,x_R15_EXIT_A,x_R24_EXIT_A,0.001681073917970744
117,193,x_R15_EXIT_A,x_R25_EXIT_D,0.0003968436789963724
117,197,x_R15_EXIT_A,x_R25_EXIT_A,0.001681073917970744
117,200,x_R15_EXIT_A,x_R26_EXIT_C,0.001131004485139661
117,201,x_R15_EXIT_A,x_R26_EXIT_D,0.0013691106925374844
117,202,x_R15_EXIT_A,x_R26_EXIT_E,0.0011839169756725106
117,203,x_R15_EXIT_A,x_R26_EXIT_G,0.0002381062073978234
117,205,x_R15_EXIT_A,x_R26_EXIT_A,0.0010681709026319024
117,209,x_R15_EXIT_A,x_R27_EXIT_D,0.00011905310369891172
117,213,x_R15_EXIT_A,x_R27_EXIT_A,0.00017802848377198373
117,216,x_R15_EXIT_A,x_R28_EXIT_C,0.0002629089373350967
117,217,x_R15_EXIT_A,x_R28_EXIT_D,0.0007986479039801995
117,218,x_R15_EXIT_A,x_R28_EXIT_E,0.0007369166650252083
117,219,x_R15_EXIT_A,x_R28_EXIT_G,0.00016369801758600363
117,220,x_R15_EXIT_A,x_R28_EXIT_H,0.0007192791681809251
117,222,x_R15_EXIT_A,x_R28_EXIT_F,0.00032243548918455255
117,223,x_R15_EXIT_A,x_R28_EXIT_B,0.00032243548918455255
117,225,x_R15_EXIT_A,x_R29_EXIT_D,0.0010714779332902055
117,226,x_R15_EXIT_A,x_R29_EXIT_E,0.0009480154553802229
117,228,x_R15_EXIT_A,x_R29_EXIT_H,0.0009127404616916565
117,230,x_R15_EXIT_A,x_R29_EXIT_F,0.00011905310369891172
117,231,x_R15_EXIT_A,x_R29_EXIT_B,0.00011905310369891172
117,232,x_R15_EXIT_A,x_R30_EXIT_C,0.0007936873579927449
117,233,x_R15_EXIT_A,x_R30_EXIT_D,0.0009524248295912938
117,234,x_R15_EXIT_A,x_R30_EXIT_E,0.0008289623516813113
117,235,x_R15_EXIT_A,x_R30_EXIT_G,0.00011905310369891172
117,237,x_R15_EXIT_A,x_R30_EXIT_A,0.0006724295671882976
117,245,x_R15_EXIT_A,x_R31_EXIT_A,0.0001681073917970744
117,249,x_R15_EXIT_A,x_R32_EXIT_D,0.00015873747159854897
117,253,x_R15_EXIT_A,x_R32_EXIT_A,0.0006724295671882976
117,257,x_R15_EXIT_A,x_R33_EXIT_D,0.00015873747159854897
117,261,x_R15_EXIT_A,x_R33_EXIT_A,0.0006724295671882976
118,119,x_R15_EXIT_F,x_R15_EXIT_B,1.83898117392331
118,120,x_R15_EXIT_F,x_R16_EXIT_C,0.0003527499368856644
118,121,x_R15_EXIT_F,x_R16_EXIT_D,0.0003527499368856644
118,123,x_R15_EXIT_F,x_R16_EXIT_G,0.0005114874084842133
118,125,x_R15_EXIT_F,x_R16_EXIT_A,0.0008465998485255944
118,126,x_R15_EXIT_F,x_R16_EXIT_F,0.0015168247286083568
118,128,x_R15_EXIT_F,x_R17_EXIT_C,0.0003527499368856644
118,129,x_R15_EXIT_F,x_R17_EXIT_D,0.0003527499368856644
118,131,x_R15_EXIT_F,x_R17_EXIT_G,0.0005114874084842133
118,133,x_R15_EXIT_F,x_R17_EXIT_A,0.0008465998485255944
118,134,x_R15_EXIT_F,x_R17_EXIT_F,0.0015168247286083568
118,136,x_R15_EXIT_F,x_R18_EXIT_C,0.0003527499368856644
118,137,x_R15_EXIT_F,x_R18_EXIT_D,0.0003527499368856644
118,139,x_R15_EXIT_F,x_R18_EXIT_G,0.0005114874084842133
118,141,x_R15_EXIT_F,x_R18_EXIT_A,0.0008465998485255944
118,142,x_R15_EXIT_F,x_R18_EXIT_F,0.0015168247286083568
118,144,x_R15_EXIT_F,x_R19_EXIT_C,0.00026456245266424824
118,145,x_R15_EXIT_F,x_R19_EXIT_D,0.00026456245266424824
118,147,x_R15_EXIT_F,x_R19_EXIT_G,0.00038361555636315993
118,149,x_R15_EXIT_F,x_R19_EXIT_A,0.0006349498863941957
118,150,x_R15_EXIT_F,x_R19_EXIT_F,0.0011376185464562674
118,152,x_R15_EXIT_F,x_R22_EXIT_C,0.0008377811001034529
118,153,x_R15_EXIT_F,x_R22_EXIT_D,0.0012346247790998252
118,154,x_R15_EXIT_F,x_R22_EXIT_E,0.000925968584324869
118,155,x_R15_EXIT_F,x_R22_EXIT_G,0.0008377811001034529
118,156,x_R15_EXIT_F,x_R22_EXIT_H,0.0008377811001034529
118,158,x_R15_EXIT_F,x_R22_EXIT_F,0.0016755622002069058
118,159,x_R15_EXIT_F,x_R22_EXIT_B,0.0008377811001034529
118,160,x_R15_EXIT_F,x_R23_EXIT_C,0.0015873747159854895
118,161,x_R15_EXIT_F,x_R23_EXIT_D,0.0019842183949818617
118,163,x_R15_EXIT_F,x_R23_EXIT_G,0.0015873747159854895
118,165,x_R15_EXIT_F,x_R23_EXIT_A,0.0008377811001034529
118,166,x_R15_EXIT_F,x_R23_EXIT_F,0.0008377811001034527
118,169,x_R15_EXIT_F,x_R20_EXIT_D,0.0001190531036989117
118,174,x_R15_EXIT_F,x_R20_EXIT_F,0.00010251795040739618
118,177,x_R15_EXIT_F,x_R21_EXIT_D,0.0003968436789963724
118,182,x_R15_EXIT_F,x_R21_EXIT_F,0.00034172650135798734
118,185,x_R15_EXIT_F,x_R24_EXIT_D,0.0003968436789963724
118,190,x_R15_EXIT_F,x_R24_EXIT_F,0.00034172650135798734
118,193,x_R15_EXIT_F,x_R25_EXIT_D,0.0003968436789963724
118,198,x_R15_EXIT_F,x_R25_EXIT_F,0.00034172650135798734
118,200,x_R15_EXIT_F,x_R26_EXIT_C,0.0004762124147956468
118,201,x_R15_EXIT_F,x_R26_EXIT_D,0.0007143186221934702
118,202,x_R15_EXIT_F,x_R26_EXIT_E,0.0005291249053284965
118,204,x_R15_EXIT_F,x_R26_EXIT_H,0.00017857965554836754
118,206,x_R15_EXIT_F,x_R26_EXIT_F,0.0003240890045137041
118,208,x_R15_EXIT_F,x_R27_EXIT_C,0.00018850074752327687
118,209,x_R15_EXIT_F,x_R27_EXIT_D,0.00022818511542291417
118,211,x_R15_EXIT_F,x_R27_EXIT_G,0.00018850074752327687
118,217,x_R15_EXIT_F,x_R28_EXIT_D,0.00023810620739782344
118,218,x_R15_EXIT_F,x_R28_EXIT_E,0.0001763749684428322
118,220,x_R15_EXIT_F,x_R28_EXIT_H,0.00015873747159854897
118,225,x_R15_EXIT_F,x_R29_EXIT_D,0.0004762124147956469
118,226,x_R15_EXIT_F,x_R29_EXIT_E,0.0003527499368856644
118,228,x_R15_EXIT_F,x_R29_EXIT_H,0.00031747494319709794
118,230,x_R15_EXIT_F,x_R29_EXIT_F,0.00013669060054319495
118,232,x_R15_EXIT_F,x_R30_EXIT_C,0.00031747494319709794
118,233,x_R15_EXIT_F,x_R30_EXIT_D,0.0004762124147956469
118,234,x_R15_EXIT_F,x_R30_EXIT_E,0.0003527499368856644
118,249,x_R15_EXIT_F,x_R32_EXIT_D,0.00015873747159854897
118,254,x_R15_EXIT_F,x_R32_EXIT_F,0.00013669060054319495
118,257,x_R15_EXIT_F,x_R33_EXIT_D,0.00015873747159854897
118,262,x_R15_EXIT_F,x_R33_EXIT_F,0.00013669060054319495
119,124,x_R15_EXIT_B,x_R16_EXIT_H,0.0002292874589756818
119,127,x_R15_EXIT_B,x_R16_EXIT_B,0.001891621536549375
119,132,x_R15_EXIT_B,x_R17_EXIT_H,0.0002292874589756818
119,135,x_R15_EXIT_B,x_R17_EXIT_B,0.001891621536549375
119,140,x_R15_EXIT_B,x_R18_EXIT_H,0.0002292874589756818
119,143,x_R15_EXIT_B,x_R18_EXIT_B,0.001891621536549375
119,148,x_R15_EXIT_B,x_R19_EXIT_H,0.00017196559423176134
119,151,x_R15_EXIT_B,x_R19_EXIT_B,0.0014187161524120311
119,154,x_R15_EXIT_B,x_R22_EXIT_E,0.00026456245266424824
119,156,x_R15_EXIT_B,x_R22_EXIT_H,0.0003086561947749563
119,159,x_R15_EXIT_B,x_R22_EXIT_B,0.002518855018074197
119,162,x_R15_EXIT_B,x_R23_EXIT_E,0.00044093742110708044
119,164,x_R15_EXIT_B,x_R23_EXIT_H,0.0001322812263321241
119,167,x_R15_EXIT_B,x_R23_EXIT_B,0.002518855018074197
119,175,x_R15_EXIT_B,x_R20_EXIT_B,0.0007556565054222589
119,178,x_R15_EXIT_B,x_R21_EXIT_E,0.00026456245266424824
119,180,x_R15_EXIT_B,x_R21_EXIT_H,0.0003086561947749563
119,183,x_R15_EXIT_B,x_R21_EXIT_B,0.002518855018074197
119,184,x_R15_EXIT_B,x_R24_EXIT_C,0.001127146282704974
119,185,x_R15_EXIT_B,x_R24_EXIT_D,0.001127146282704974
119,186,x_R15_EXIT_B,x_R24_EXIT_E,0.0013917087353692225
119,187,x_R15_EXIT_B,x_R24_EXIT_G,0.001127146282704974
119,188,x_R15_EXIT_B,x_R24_EXIT_H,0.000818490087930018
119,189,x_R15_EXIT_B,x_R24_EXIT_A,0.000818490087930018
119,190,x_R15_EXIT_B,x_R24_EXIT_F,0.000818490087930018
119,191,x_R15_EXIT_B,x_R24_EXIT_B,0.0033373451060042148
119,192,x_R15_EXIT_B,x_R25_EXIT_C,0.0003086561947749563
119,193,x_R15_EXIT_B,x_R25_EXIT_D,0.0003086561947749563
119,194,x_R15_EXIT_B,x_R25_EXIT_E,0.0005732186474392045
119,195,x_R15_EXIT_B,x_R25_EXIT_G,0.0003086561947749563
119,202,x_R15_EXIT_B,x_R26_EXIT_E,0.00015873747159854894
119,207,x_R15_EXIT_B,x_R26_EXIT_B,0.0015113130108445178
119,215,x_R15_EXIT_B,x_R27_EXIT_B,0.0002518855018074197
119,223,x_R15_EXIT_B,x_R28_EXIT_B,0.0005037710036148394
119,226,x_R15_EXIT_B,x_R29_EXIT_E,0.0001058249810656993
119,228,x_R15_EXIT_B,x_R29_EXIT_H,0.0001234624779099825
119,231,x_R15_EXIT_B,x_R29_EXIT_B,0.0010075420072296788
119,234,x_R15_EXIT_B,x_R30_EXIT_E,0.0001058249810656993
119,239,x_R15_EXIT_B,x_R30_EXIT_B,0.0010075420072296788
119,247,x_R15_EXIT_B,x_R31_EXIT_B,0.0002518855018074197
119,248,x_R15_EXIT_B,x_R32_EXIT_C,0.0003979460225491401
119,249,x_R15_EXIT_B,x_R32_EXIT_D,0.0003979460225491401
119,250,x_R15_EXIT_B,x_R32_EXIT_E,0.0005037710036148394
119,251,x_R15_EXIT_B,x_R32_EXIT_G,0.0003979460225491401
119,252,x_R15_EXIT_B,x_R32_EXIT_H,0.00032739603517200727
119,253,x_R15_EXIT_B,x_R32_EXIT_A,0.00032739603517200727
119,254,x_R15_EXIT_B,x_R32_EXIT_F,0.00032739603517200727
119,255,x_R15_EXIT_B,x_R32_EXIT_B,0.0006801459720576716
119,258,x_R15_EXIT_B,x_R33_EXIT_E,0.00017637496844283217
120,121,x_R16_EXIT_C,x_R16_EXIT_D,1.8393515613570397
120,122,x_R16_EXIT_C,x_R16_EXIT_E,1.8389458989296212
120,123,x_R16_EXIT_C,x_R16_EXIT_G,1.8393515613570397
120,124,x_R16_EXIT_C,x_R16_EXIT_H,1.8390340864138428
120,125,x_R16_EXIT_C,x_R16_EXIT_A,1.8393515613570397
120,126,x_R16_EXIT_C,x_R16_EXIT_F,1.8393515613570397
120,127,x_R16_EXIT_C,x_R16_EXIT_B,1.8390340864138428
120,128,x_R16_EXIT_C,x_R17_EXIT_C,0.0012434435275219665
120,129,x_R16_EXIT_C,x_R17_EXIT_D,0.00040566242741851404
120,131,x_R16_EXIT_C,x_R17_EXIT_G,0.00040566242741851404
120,133,x_R16_EXIT_C,x_R17_EXIT_A,0.00040566242741851404
120,134,x_R16_EXIT_C,x_R17_EXIT_F,0.00040566242741851404
120,136,x_R16_EXIT_C,x_R18_EXIT_C,0.0012434435275219665
120,137,x_R16_EXIT_C,x_R18_EXIT_D,0.00040566242741851404
120,139,x_R16_EXIT_C,x_R18_EXIT_G,0.00040566242741851404
120,141,x_R16_EXIT_C,x_R18_EXIT_A,0.00040566242741851404
120,142,x_R16_EXIT_C,x_R18_EXIT_F,0.00040566242741851404
120,144,x_R16_EXIT_C,x_R19_EXIT_C,0.0009325826456414749
120,145,x_R16_EXIT_C,x_R19_EXIT_D,0.00030424682056388544
120,147,x_R16_EXIT_C,x_R19_EXIT_G,0.00030424682056388544
120,149,x_R16_EXIT_C,x_R19_EXIT_A,0.00030424682056388544
120,150,x_R16_EXIT_C,x_R19_EXIT_F,0.00030424682056388544
120,152,x_R16_EXIT_C,x_R22_EXIT_C,0.001300765392265887
120,154,x_R16_EXIT_C,x_R22_EXIT_E,0.0002204687105535402
120,160,x_R16_EXIT_C,x_R23_EXIT_C,0.001300765392265887
120,162,x_R16_EXIT_C,x_R23_EXIT_E,0.0002204687105535402
120,168,x_R16_EXIT_C,x_R20_EXIT_C,0.00039022961767976613
120,176,x_R16_EXIT_C,x_R21_EXIT_C,0.001300765392265887
120,178,x_R16_EXIT_C,x_R21_EXIT_E,0.0002204687105535402
120,184,x_R16_EXIT_C,x_R24_EXIT_C,0.001300765392265887
120,186,x_R16_EXIT_C,x_R24_EXIT_E,0.0002204687105535402
120,192,x_R16_EXIT_C,x_R25_EXIT_C,0.001300765392265887
120,194,x_R16_EXIT_C,x_R25_EXIT_E,0.0002204687105535402
120,200,x_R16_EXIT_C,x_R26_EXIT_C,0.0007804592353595323
120,202,x_R16_EXIT_C,x_R26_EXIT_E,0.00013228122633212412
120,208,x_R16_EXIT_C,x_R27_EXIT_C,0.00013007653922658872
120,216,x_R16_EXIT_C,x_R28_EXIT_C,0.00026015307845317744
120,224,x_R16_EXIT_C,x_R29_EXIT_C,0.0005203061569063549
120,232,x_R16_EXIT_C,x_R30_EXIT_C,0.0005203061569063549
120,240,x_R16_EXIT_C,x_R31_EXIT_C,0.00013007653922658872
120,248,x_R16_EXIT_C,x_R32_EXIT_C,0.0005203061569063549
120,256,x_R16_EXIT_C,x_R33_EXIT_C,0.0005203061569063549
121,122,x_R16_EXIT_D,x_R16_EXIT_E,1.8389458989296212
121,123,x_R16_EXIT_D,x_R16_EXIT_G,1.8393515613570397
121,124,x_R16_EXIT_D,x_R16_EXIT_H,1.8390340864138428
121,125,x_R16_EXIT_D,x_R16_EXIT_A,1.8393515613570397
121,126,x_R16_EXIT_D,x_R16_EXIT_F,1.8393515613570397
121,127,x_R16_EXIT_D,x_R16_EXIT_B,1.8390340864138428
121,128,x_R16_EXIT_D,x_R17_EXIT_C,0.00040566242741851404
121,129,x_R16_EXIT_D,x_R17_EXIT_D,0.000608493641127771
121,131,x_R16_EXIT_D,x_R17_EXIT_G,0.00040566242741851404
121,133,x_R16_EXIT_D,x_R17_EXIT_A,0.00040566242741851404
121,134,x_R16_EXIT_D,x_R17_EXIT_F,0.00040566242741851404
121,136,x_R16_EXIT_D,x_R18_EXIT_C,0.00040566242741851404
121,137,x_R16_EXIT_D,x_R18_EXIT_D,0.000608493641127771
121,139,x_R16_EXIT_D,x_R18_EXIT_G,0.00040566242741851404
121,141,x_R16_EXIT_D,x_R18_EXIT_A,0.00040566242741851404
121,142,x_R16_EXIT_D,x_R18_EXIT_F,0.00040566242741851404
121,144,x_R16_EXIT_D,x_R19_EXIT_C,0.00030424682056388544
121,145,x_R16_EXIT_D,x_R19_EXIT_D,0.0004563702308458282
121,147,x_R16_EXIT_D,x_R19_EXIT_G,0.00030424682056388544
121,149,x_R16_EXIT_D,x_R19_EXIT_A,0.00030424682056388544
121,150,x_R16_EXIT_D,x_R19_EXIT_F,0.00030424682056388544
121,153,x_R16_EXIT_D,x_R22_EXIT_D,0.0005070780342731424
121,154,x_R16_EXIT_D,x_R22_EXIT_E,0.0002204687105535402
121,161,x_R16_EXIT_D,x_R23_EXIT_D,0.0005070780342731424
121,162,x_R16_EXIT_D,x_R23_EXIT_E,0.0002204687105535402
121,169,x_R16_EXIT_D,x_R20_EXIT_D,0.00015212341028194274
121,177,x_R16_EXIT_D,x_R21_EXIT_D,0.0005070780342731424
121,178,x_R16_EXIT_D,x_R21_EXIT_E,0.0002204687105535402
121,185,x_R16_EXIT_D,x_R24_EXIT_D,0.0005070780342731424
121,186,x_R16_EXIT_D,x_R24_EXIT_E,0.0002204687105535402
121,193,x_R16_EXIT_D,x_R25_EXIT_D,0.0005070780342731424
121,194,x_R16_EXIT_D,x_R25_EXIT_E,0.0002204687105535402
121,201,x_R16_EXIT_D,x_R26_EXIT_D,0.0003042468205638855
121,202,x_R16_EXIT_D,x_R26_EXIT_E,0.00013228122633212412
121,217,x_R16_EXIT_D,x_R28_EXIT_D,0.0001014156068546285
121,225,x_R16_EXIT_D,x_R29_EXIT_D,0.000202831213709257
121,233,x_R16_EXIT_D,x_R30_EXIT_D,0.000202831213709257
121,249,x_R16_EXIT_D,x_R32_EXIT_D,0.000202831213709257
121,257,x_R16_EXIT_D,x_R33_EXIT_D,0.000202831213709257
122,123,x_R16_EXIT_E,x_R16_EXIT_G,1.8389458989296212
122,124,x_R16_EXIT_E,x_R16_EXIT_H,1.8389458989296212
122,125,x_R16_EXIT_E,x_R16_EXIT_A,1.8389458989296212
122,126,x_R16_EXIT_E,x_R16_EXIT_F,1.8389458989296212
122,127,x_R16_EXIT_E,x_R16_EXIT_B,1.8389458989296212
122,130,x_R16_EXIT_E,x_R17_EXIT_E,0.00015873747159854894
122,138,x_R16_EXIT_E,x_R18_EXIT_E,0.00015873747159854894
122,146,x_R16_EXIT_E,x_R19_EXIT_E,0.00011905310369891171
122,154,x_R16_EXIT_E,x_R22_EXIT_E,0.0005291249053284965
122,162,x_R16_EXIT_E,x_R23_EXIT_E,0.0005291249053284965
122,170,x_R16_EXIT_E,x_R20_EXIT_E,0.00015873747159854894
122,178,x_R16_EXIT_E,x_R21_EXIT_E,0.0005291249053284965
122,186,x_R16_EXIT_E,x_R24_EXIT_E,0.0005291249053284965
122,194,x_R16_EXIT_E,x_R25_EXIT_E,0.0005291249053284965
122,202,x_R16_EXIT_E,x_R26_EXIT_E,0.0003174749431970979
122,218,x_R16_EXIT_E,x_R28_EXIT_E,0.0001058249810656993
122,226,x_R16_EXIT_E,x_R29_EXIT_E,0.0002116499621313986
122,234,x_R16_EXIT_E,x_R30_EXIT_E,0.0002116499621313986
122,250,x_R16_EXIT_E,x_R32_EXIT_E,0.0002116499621313986
122,258,x_R16_EXIT_E,x_R33_EXIT_E,0.0002116499621313986
123,124,x_R16_EXIT_G,x_R16_EXIT_H,1.8390340864138428
123,125,x_R16_EXIT_G,x_R16_EXIT_A,1.8395102988286383
123,126,x_R16_EXIT_G,x_R16_EXIT_F,1.8395102988286383
123,127,x_R16_EXIT_G,x_R16_EXIT_B,1.8390340864138428
123,128,x_R16_EXIT_G,x_R17_EXIT_C,0.00040566242741851404
123,129,x_R16_EXIT_G,x_R17_EXIT_D,0.00040566242741851404
123,131,x_R16_EXIT_G,x_R17_EXIT_G,0.0010979341785566303
123,133,x_R16_EXIT_G,x_R17_EXIT_A,0.0005643998990170629
123,134,x_R16_EXIT_G,x_R17_EXIT_F,0.0005643998990170629
123,136,x_R16_EXIT_G,x_R18_EXIT_C,0.00040566242741851404
123,137,x_R16_EXIT_G,x_R18_EXIT_D,0.00040566242741851404
123,139,x_R16_EXIT_G,x_R18_EXIT_G,0.0010979341785566303
123,141,x_R16_EXIT_G,x_R18_EXIT_A,0.0005643998990170629
123,142,x_R16_EXIT_G,x_R18_EXIT_F,0.0005643998990170629
123,144,x_R16_EXIT_G,x_R19_EXIT_C,0.00030424682056388544
123,145,x_R16_EXIT_G,x_R19_EXIT_D,0.00030424682056388544
123,147,x_R16_EXIT_G,x_R19_EXIT_G,0.0008234506339174726
123,149,x_R16_EXIT_G,x_R19_EXIT_A,0.00042329992426279713
123,150,x_R16_EXIT_G,x_R19_EXIT_F,0.00042329992426279713
123,153,x_R16_EXIT_G,x_R22_EXIT_D,0.0003968436789963724
123,154,x_R16_EXIT_G,x_R22_EXIT_E,0.0002204687105535402
123,155,x_R16_EXIT_G,x_R22_EXIT_G,0.001333835698848918
123,161,x_R16_EXIT_G,x_R23_EXIT_D,0.0003968436789963724
123,162,x_R16_EXIT_G,x_R23_EXIT_E,0.0002204687105535402
123,163,x_R16_EXIT_G,x_R23_EXIT_G,0.001333835698848918
123,168,x_R16_EXIT_G,x_R20_EXIT_C,0.00026786948332255137
123,169,x_R16_EXIT_G,x_R20_EXIT_D,0.00041668586294619093
123,170,x_R16_EXIT_G,x_R20_EXIT_E,0.0003637733724133413
123,171,x_R16_EXIT_G,x_R20_EXIT_G,0.00010251795040739618
123,172,x_R16_EXIT_G,x_R20_EXIT_H,0.00029763275924727924
123,176,x_R16_EXIT_G,x_R21_EXIT_C,0.0004960545987454654
123,177,x_R16_EXIT_G,x_R21_EXIT_D,0.0009921091974909309
123,178,x_R16_EXIT_G,x_R21_EXIT_E,0.0008157342290480988
123,179,x_R16_EXIT_G,x_R21_EXIT_G,0.0007385701803543596
123,180,x_R16_EXIT_G,x_R21_EXIT_H,0.0005952655184945586
123,185,x_R16_EXIT_G,x_R24_EXIT_D,0.0003968436789963724
123,186,x_R16_EXIT_G,x_R24_EXIT_E,0.0002204687105535402
123,187,x_R16_EXIT_G,x_R24_EXIT_G,0.001333835698848918
123,193,x_R16_EXIT_G,x_R25_EXIT_D,0.0003968436789963724
123,194,x_R16_EXIT_G,x_R25_EXIT_E,0.0002204687105535402
123,195,x_R16_EXIT_G,x_R25_EXIT_G,0.001333835698848918
123,201,x_R16_EXIT_G,x_R26_EXIT_D,0.0002381062073978234
123,202,x_R16_EXIT_G,x_R26_EXIT_E,0.00013228122633212412
123,203,x_R16_EXIT_G,x_R26_EXIT_G,0.0004431421082126158
123,211,x_R16_EXIT_G,x_R27_EXIT_G,0.00013338356988489185
123,224,x_R16_EXIT_G,x_R29_EXIT_C,0.00019842183949818622
123,225,x_R16_EXIT_G,x_R29_EXIT_D,0.00015873747159854897
123,227,x_R16_EXIT_G,x_R29_EXIT_G,0.0002954280721417439
123,233,x_R16_EXIT_G,x_R30_EXIT_D,0.00015873747159854897
123,235,x_R16_EXIT_G,x_R30_EXIT_G,0.0002954280721417439
123,249,x_R16_EXIT_G,x_R32_EXIT_D,0.00015873747159854897
123,251,x_R16_EXIT_G,x_R32_EXIT_G,0.0005335342795395674
123,257,x_R16_EXIT_G,x_R33_EXIT_D,0.00015873747159854897
123,259,x_R16_EXIT_G,x_R33_EXIT_G,0.0005335342795395674
124,125,x_R16_EXIT_H,x_R16_EXIT_A,1.8390340864138428
124,126,x_R16_EXIT_H,x_R16_EXIT_F,1.8390340864138428
124,127,x_R16_EXIT_H,x_R16_EXIT_B,1.8392280988791299
124,132,x_R16_EXIT_H,x_R17_EXIT_H,0.00044093742110708044
124,135,x_R16_EXIT_H,x_R17_EXIT_B,0.00028219994950853144
124,140,x_R16_EXIT_H,x_R18_EXIT_H,0.00044093742110708044
124,143,x_R16_EXIT_H,x_R18_EXIT_B,0.00028219994950853144
124,148,x_R16_EXIT_H,x_R19_EXIT_H,0.0003307030658303103
124,151,x_R16_EXIT_H,x_R19_EXIT_B,0.0002116499621313986
124,154,x_R16_EXIT_H,x_R22_EXIT_E,0.0003968436789963724
124,156,x_R16_EXIT_H,x_R22_EXIT_H,0.0007054998737713286
124,162,x_R16_EXIT_H,x_R23_EXIT_E,0.0005732186474392046
124,164,x_R16_EXIT_H,x_R23_EXIT_H,0.0005291249053284965
124,170,x_R16_EXIT_H,x_R20_EXIT_E,0.00011905310369891171
124,172,x_R16_EXIT_H,x_R20_EXIT_H,0.0002116499621313986
124,178,x_R16_EXIT_H,x_R21_EXIT_E,0.0003968436789963724
124,180,x_R16_EXIT_H,x_R21_EXIT_H,0.0007054998737713286
124,184,x_R16_EXIT_H,x_R24_EXIT_C,0.0003086561947749563
124,185,x_R16_EXIT_H,x_R24_EXIT_D,0.0003086561947749563
124,186,x_R16_EXIT_H,x_R24_EXIT_E,0.0007054998737713287
124,187,x_R16_EXIT_H,x_R24_EXIT_G,0.0003086561947749563
124,188,x_R16_EXIT_H,x_R24_EXIT_H,0.0003968436789963724
124,192,x_R16_EXIT_H,x_R25_EXIT_C,0.0005732186474392045
124,193,x_R16_EXIT_H,x_R25_EXIT_D,0.0005732186474392045
124,194,x_R16_EXIT_H,x_R25_EXIT_E,0.0009700623264355769
124,195,x_R16_EXIT_H,x_R25_EXIT_G,0.0005732186474392045
124,196,x_R16_EXIT_H,x_R25_EXIT_H,0.0001322812263321241
124,202,x_R16_EXIT_H,x_R26_EXIT_E,0.00023810620739782342
124,204,x_R16_EXIT_H,x_R26_EXIT_H,0.0003174749431970979
124,220,x_R16_EXIT_H,x_R28_EXIT_H,0.00014109997475426572
124,226,x_R16_EXIT_H,x_R29_EXIT_E,0.00015873747159854894
124,228,x_R16_EXIT_H,x_R29_EXIT_H,0.00028219994950853144
124,234,x_R16_EXIT_H,x_R30_EXIT_E,0.00015873747159854894
124,250,x_R16_EXIT_H,x_R32_EXIT_E,0.0002292874589756818
124,258,x_R16_EXIT_H,x_R33_EXIT_E,0.0002292874589756818
125,126,x_R16_EXIT_A,x_R16_EXIT_F,1.8398454112686797
125,127,x_R16_EXIT_A,x_R16_EXIT_B,1.8390340864138428
125,128,x_R16_EXIT_A,x_R17_EXIT_C,0.00040566242741851404
125,129,x_R16_EXIT_A,x_R17_EXIT_D,0.00040566242741851404
125,131,x_R16_EXIT_A,x_R17_EXIT_G,0.0005643998990170629
125,133,x_R16_EXIT_A,x_R17_EXIT_A,0.0020657918178866716
125,134,x_R16_EXIT_A,x_R17_EXIT_F,0.0008995123390584441
125,136,x_R16_EXIT_A,x_R18_EXIT_C,0.00040566242741851404
125,137,x_R16_EXIT_A,x_R18_EXIT_D,0.00040566242741851404
125,139,x_R16_EXIT_A,x_R18_EXIT_G,0.0005643998990170629
125,141,x_R16_EXIT_A,x_R18_EXIT_A,0.0020657918178866716
125,142,x_R16_EXIT_A,x_R18_EXIT_F,0.0008995123390584441
125,144,x_R16_EXIT_A,x_R19_EXIT_C,0.00030424682056388544
125,145,x_R16_EXIT_A,x_R19_EXIT_D,0.00030424682056388544
125,147,x_R16_EXIT_A,x_R19_EXIT_G,0.00042329992426279713
125,149,x_R16_EXIT_A,x_R19_EXIT_A,0.001549343863415004
125,150,x_R16_EXIT_A,x_R19_EXIT_F,0.000674634254293833
125,152,x_R16_EXIT_A,x_R22_EXIT_C,0.0008377811001034529
125,153,x_R16_EXIT_A,x_R22_EXIT_D,0.0012346247790998252
125,154,x_R16_EXIT_A,x_R22_EXIT_E,0.001058249810656993
125,155,x_R16_EXIT_A,x_R22_EXIT_G,0.0008377811001034529
125,156,x_R16_EXIT_A,x_R22_EXIT_H,0.0008377811001034529
125,157,x_R16_EXIT_A,x_R22_EXIT_A,0.0029156986970705692
125,160,x_R16_EXIT_A,x_R23_EXIT_C,0.0007936873579927448
125,161,x_R16_EXIT_A,x_R23_EXIT_D,0.0011905310369891172
125,162,x_R16_EXIT_A,x_R23_EXIT_E,0.0002204687105535402
125,163,x_R16_EXIT_A,x_R23_EXIT_G,0.0007936873579927448
125,165,x_R16_EXIT_A,x_R23_EXIT_A,0.0029156986970705692
125,169,x_R16_EXIT_A,x_R20_EXIT_D,0.0001190531036989117
125,173,x_R16_EXIT_A,x_R20_EXIT_A,0.0002662159679933998
125,174,x_R16_EXIT_A,x_R20_EXIT_F,0.0002381062073978234
125,175,x_R16_EXIT_A,x_R20_EXIT_B,0.0002381062073978234
125,177,x_R16_EXIT_A,x_R21_EXIT_D,0.0003968436789963724
125,178,x_R16_EXIT_A,x_R21_EXIT_E,0.0002204687105535402
125,181,x_R16_EXIT_A,x_R21_EXIT_A,0.001383441158723465
125,182,x_R16_EXIT_A,x_R21_EXIT_F,0.0002976327592472793
125,183,x_R16_EXIT_A,x_R21_EXIT_B,0.0002976327592472793
125,185,x_R16_EXIT_A,x_R24_EXIT_D,0.0003968436789963724
125,186,x_R16_EXIT_A,x_R24_EXIT_E,0.0002204687105535402
125,189,x_R16_EXIT_A,x_R24_EXIT_A,0.001681073917970744
125,193,x_R16_EXIT_A,x_R25_EXIT_D,0.0003968436789963724
125,194,x_R16_EXIT_A,x_R25_EXIT_E,0.0002204687105535402
125,197,x_R16_EXIT_A,x_R25_EXIT_A,0.001681073917970744
125,200,x_R16_EXIT_A,x_R26_EXIT_C,0.001131004485139661
125,201,x_R16_EXIT_A,x_R26_EXIT_D,0.0013691106925374844
125,202,x_R16_EXIT_A,x_R26_EXIT_E,0.0012632857114717852
125,203,x_R16_EXIT_A,x_R26_EXIT_G,0.0002381062073978234
125,205,x_R16_EXIT_A,x_R26_EXIT_A,0.0010681709026319024
125,209,x_R16_EXIT_A,x_R27_EXIT_D,0.00011905310369891172
125,213,x_R16_EXIT_A,x_R27_EXIT_A,0.00017802848377198373
125,216,x_R16_EXIT_A,x_R28_EXIT_C,0.0002629089373350967
125,217,x_R16_EXIT_A,x_R28_EXIT_D,0.0007986479039801995
125,218,x_R16_EXIT_A,x_R28_EXIT_E,0.0007633729102916331
125,219,x_R16_EXIT_A,x_R28_EXIT_G,0.00016369801758600363
125,220,x_R16_EXIT_A,x_R28_EXIT_H,0.0007192791681809251
125,222,x_R16_EXIT_A,x_R28_EXIT_F,0.00032243548918455255
125,223,x_R16_EXIT_A,x_R28_EXIT_B,0.00032243548918455255
125,225,x_R16_EXIT_A,x_R29_EXIT_D,0.0010714779332902055
125,226,x_R16_EXIT_A,x_R29_EXIT_E,0.0010009279459130725
125,228,x_R16_EXIT_A,x_R29_EXIT_H,0.0009127404616916565
125,230,x_R16_EXIT_A,x_R29_EXIT_F,0.00011905310369891172
125,231,x_R16_EXIT_A,x_R29_EXIT_B,0.00011905310369891172
125,232,x_R16_EXIT_A,x_R30_EXIT_C,0.0007936873579927449
125,233,x_R16_EXIT_A,x_R30_EXIT_D,0.0009524248295912938
125,234,x_R16_EXIT_A,x_R30_EXIT_E,0.000881874842214161
125,235,x_R16_EXIT_A,x_R30_EXIT_G,0.00011905310369891172
125,237,x_R16_EXIT_A,x_R30_EXIT_A,0.0006724295671882976
125,245,x_R16_EXIT_A,x_R31_EXIT_A,0.0001681073917970744
125,249,x_R16_EXIT_A,x_R32_EXIT_D,0.00015873747159854897
125,253,x_R16_EXIT_A,x_R32_EXIT_A,0.0006724295671882976
125,257,x_R16_EXIT_A,x_R33_EXIT_D,0.00015873747159854897
125,261,x_R16_EXIT_A,x_R33_EXIT_A,0.0006724295671882976
126,127,x_R16_EXIT_F,x_R16_EXIT_B,1.8390340864138428
126,128,x_R16_EXIT_F,x_R17_EXIT_C,0.00040566242741851404
126,129,x_R16_EXIT_F,x_R17_EXIT_D,0.00040566242741851404
126,131,x_R16_EXIT_F,x_R17_EXIT_G,0.0005643998990170629
126,133,x_R16_EXIT_F,x_R17_EXIT_A,0.0008995123390584441
126,134,x_R16_EXIT_F,x_R17_EXIT_F,0.0015697372191412064
126,136,x_R16_EXIT_F,x_R18_EXIT_C,0.00040566242741851404
126,137,x_R16_EXIT_F,x_R18_EXIT_D,0.00040566242741851404
126,139,x_R16_EXIT_F,x_R18_EXIT_G,0.0005643998990170629
126,141,x_R16_EXIT_F,x_R18_EXIT_A,0.0008995123390584441
126,142,x_R16_EXIT_F,x_R18_EXIT_F,0.0015697372191412064
126,144,x_R16_EXIT_F,x_R19_EXIT_C,0.00030424682056388544
126,145,x_R16_EXIT_F,x_R19_EXIT_D,0.00030424682056388544
126,147,x_R16_EXIT_F,x_R19_EXIT_G,0.00042329992426279713
126,149,x_R16_EXIT_F,x_R19_EXIT_A,0.000674634254293833
126,150,x_R16_EXIT_F,x_R19_EXIT_F,0.0011773029143559047
126,152,x_R16_EXIT_F,x_R22_EXIT_C,0.0008377811001034529
126,153,x_R16_EXIT_F,x_R22_EXIT_D,0.0012346247790998252
126,154,x_R16_EXIT_F,x_R22_EXIT_E,0.001058249810656993
126,155,x_R16_EXIT_F,x_R22_EXIT_G,0.0008377811001034529
126,156,x_R16_EXIT_F,x_R22_EXIT_H,0.0008377811001034529
126,158,x_R16_EXIT_F,x_R22_EXIT_F,0.0016755622002069058
126,159,x_R16_EXIT_F,x_R22_EXIT_B,0.0008377811001034529
126,160,x_R16_EXIT_F,x_R23_EXIT_C,0.0015873747159854895
126,161,x_R16_EXIT_F,x_R23_EXIT_D,0.0019842183949818617
126,162,x_R16_EXIT_F,x_R23_EXIT_E,0.0002204687105535402
126,163,x_R16_EXIT_F,x_R23_EXIT_G,0.0015873747159854895
126,165,x_R16_EXIT_F,x_R23_EXIT_A,0.0008377811001034529
126,166,x_R16_EXIT_F,x_R23_EXIT_F,0.0008377811001034527
126,169,x_R16_EXIT_F,x_R20_EXIT_D,0.0001190531036989117
126,174,x_R16_EXIT_F,x_R20_EXIT_F,0.00010251795040739618
126,177,x_R16_EXIT_F,x_R21_EXIT_D,0.0003968436789963724
126,178,x_R16_EXIT_F,x_R21_EXIT_E,0.0002204687105535402
126,182,x_R16_EXIT_F,x_R21_EXIT_F,0.00034172650135798734
126,185,x_R16_EXIT_F,x_R24_EXIT_D,0.0003968436789963724
126,186,x_R16_EXIT_F,x_R24_EXIT_E,0.0002204687105535402
126,190,x_R16_EXIT_F,x_R24_EXIT_F,0.00034172650135798734
126,193,x_R16_EXIT_F,x_R25_EXIT_D,0.0003968436789963724
126,194,x_R16_EXIT_F,x_R25_EXIT_E,0.0002204687105535402
126,198,x_R16_EXIT_F,x_R25_EXIT_F,0.00034172650135798734
126,200,x_R16_EXIT_F,x_R26_EXIT_C,0.0004762124147956468
126,201,x_R16_EXIT_F,x_R26_EXIT_D,0.0007143186221934702
126,202,x_R16_EXIT_F,x_R26_EXIT_E,0.0006084936411277709
126,204,x_R16_EXIT_F,x_R26_EXIT_H,0.00017857965554836754
126,206,x_R16_EXIT_F,x_R26_EXIT_F,0.0003240890045137041
126,208,x_R16_EXIT_F,x_R27_EXIT_C,0.00018850074752327687
126,209,x_R16_EXIT_F,x_R27_EXIT_D,0.00022818511542291417
126,211,x_R16_EXIT_F,x_R27_EXIT_G,0.00018850074752327687
126,217,x_R16_EXIT_F,x_R28_EXIT_D,0.00023810620739782344
126,218,x_R16_EXIT_F,x_R28_EXIT_E,0.00020283121370925702
126,220,x_R16_EXIT_F,x_R28_EXIT_H,0.00015873747159854897
126,225,x_R16_EXIT_F,x_R29_EXIT_D,0.0004762124147956469
126,226,x_R16_EXIT_F,x_R29_EXIT_E,0.00040566242741851404
126,228,x_R16_EXIT_F,x_R29_EXIT_H,0.00031747494319709794
126,230,x_R16_EXIT_F,x_R29_EXIT_F,0.00013669060054319495
126,232,x_R16_EXIT_F,x_R30_EXIT_C,0.00031747494319709794
126,233,x_R16_EXIT_F,x_R30_EXIT_D,0.0004762124147956469
126,234,x_R16_EXIT_F,x_R30_EXIT_E,0.00040566242741851404
126,249,x_R16_EXIT_F,x_R32_EXIT_D,0.00015873747159854897
126,254,x_R16_EXIT_F,x_R32_EXIT_F,0.00013669060054319495
126,257,x_R16_EXIT_F,x_R33_EXIT_D,0.00015873747159854897
126,262,x_R16_EXIT_F,x_R33_EXIT_F,0.00013669060054319495
127,132,x_R16_EXIT_B,x_R17_EXIT_H,0.00028219994950853144
127,135,x_R16_EXIT_B,x_R17_EXIT_B,0.0019445340270822246
127,140,x_R16_EXIT_B,x_R18_EXIT_H,0.00028219994950853144
127,143,x_R16_EXIT_B,x_R18_EXIT_B,0.0019445340270822246
127,148,x_R16_EXIT_B,x_R19_EXIT_H,0.0002116499621313986
127,151,x_R16_EXIT_B,x_R19_EXIT_B,0.0014584005203116684
127,154,x_R16_EXIT_B,x_R22_EXIT_E,0.0003968436789963724
127,156,x_R16_EXIT_B,x_R22_EXIT_H,0.0003086561947749563
127,159,x_R16_EXIT_B,x_R22_EXIT_B,0.002518855018074197
127,162,x_R16_EXIT_B,x_R23_EXIT_E,0.0005732186474392046
127,164,x_R16_EXIT_B,x_R23_EXIT_H,0.0001322812263321241
127,167,x_R16_EXIT_B,x_R23_EXIT_B,0.002518855018074197
127,170,x_R16_EXIT_B,x_R20_EXIT_E,0.00011905310369891171
127,175,x_R16_EXIT_B,x_R20_EXIT_B,0.0007556565054222589
127,178,x_R16_EXIT_B,x_R21_EXIT_E,0.0003968436789963724
127,180,x_R16_EXIT_B,x_R21_EXIT_H,0.0003086561947749563
127,183,x_R16_EXIT_B,x_R21_EXIT_B,0.002518855018074197
127,184,x_R16_EXIT_B,x_R24_EXIT_C,0.001127146282704974
127,185,x_R16_EXIT_B,x_R24_EXIT_D,0.001127146282704974
127,186,x_R16_EXIT_B,x_R24_EXIT_E,0.0015239899617013467
127,187,x_R16_EXIT_B,x_R24_EXIT_G,0.001127146282704974
127,188,x_R16_EXIT_B,x_R24_EXIT_H,0.000818490087930018
127,189,x_R16_EXIT_B,x_R24_EXIT_A,0.000818490087930018
127,190,x_R16_EXIT_B,x_R24_EXIT_F,0.000818490087930018
127,191,x_R16_EXIT_B,x_R24_EXIT_B,0.0033373451060042148
127,192,x_R16_EXIT_B,x_R25_EXIT_C,0.0003086561947749563
127,193,x_R16_EXIT_B,x_R25_EXIT_D,0.0003086561947749563
127,194,x_R16_EXIT_B,x_R25_EXIT_E,0.0007054998737713287
127,195,x_R16_EXIT_B,x_R25_EXIT_G,0.0003086561947749563
127,202,x_R16_EXIT_B,x_R26_EXIT_E,0.00023810620739782342
127,207,x_R16_EXIT_B,x_R26_EXIT_B,0.0015113130108445178
127,215,x_R16_EXIT_B,x_R27_EXIT_B,0.0002518855018074197
127,223,x_R16_EXIT_B,x_R28_EXIT_B,0.0005037710036148394
127,226,x_R16_EXIT_B,x_R29_EXIT_E,0.00015873747159854894
127,228,x_R16_EXIT_B,x_R29_EXIT_H,0.0001234624779099825
127,231,x_R16_EXIT_B,x_R29_EXIT_B,0.0010075420072296788
127,234,x_R16_EXIT_B,x_R30_EXIT_E,0.00015873747159854894
127,239,x_R16_EXIT_B,x_R30_EXIT_B,0.0010075420072296788
127,247,x_R16_EXIT_B,x_R31_EXIT_B,0.0002518855018074197
127,248,x_R16_EXIT_B,x_R32_EXIT_C,0.0003979460225491401
127,249,x_R16_EXIT_B,x_R32_EXIT_D,0.0003979460225491401
127,250,x_R16_EXIT_B,x_R32_EXIT_E,0.000556683494147689
127,251,x_R16_EXIT_B,x_R32_EXIT_G,0.0003979460225491401
127,252,x_R16_EXIT_B,x_R32_EXIT_H,0.00032739603517200727
127,253,x_R16_EXIT_B,x_R32_EXIT_A,0.00032739603517200727
127,254,x_R16_EXIT_B,x_R32_EXIT_F,0.00032739603517200727
127,255,x_R16_EXIT_B,x_R32_EXIT_B,0.0006801459720576716
127,258,x_R16_EXIT_B,x_R33_EXIT_E,0.0002292874589756818
128,129,x_R17_EXIT_C,x_R17_EXIT_D,1.8394044738475726
128,130,x_R17_EXIT_C,x_R17_EXIT_E,1.8389458989296212
128,131,x_R17_EXIT_C,x_R17_EXIT_G,1.8394044738475726
128,132,x_R17_EXIT_C,x_R17_EXIT_H,1.8390869989043757
128,133,x_R17_EXIT_C,x_R17_EXIT_A,1.8394044738475726
128,134,x_R17_EXIT_C,x_R17_EXIT_F,1.8394044738475726
128,135,x_R17_EXIT_C,x_R17_EXIT_B,1.8390869989043757
128,136,x_R17_EXIT_C,x_R18_EXIT_C,0.0012963560180548161
128,137,x_R17_EXIT_C,x_R18_EXIT_D,0.0004585749179513637
128,139,x_R17_EXIT_C,x_R18_EXIT_G,0.0004585749179513637
128,140,x_R17_EXIT_C,x_R18_EXIT_H,0.00014109997475426572
128,141,x_R17_EXIT_C,x_R18_EXIT_A,0.0004585749179513637
128,142,x_R17_EXIT_C,x_R18_EXIT_F,0.0004585749179513637
128,143,x_R17_EXIT_C,x_R18_EXIT_B,0.00014109997475426572
128,144,x_R17_EXIT_C,x_R19_EXIT_C,0.0009722670135411122
128,145,x_R17_EXIT_C,x_R19_EXIT_D,0.00034393118846352263
128,147,x_R17_EXIT_C,x_R19_EXIT_G,0.00034393118846352263
128,148,x_R17_EXIT_C,x_R19_EXIT_H,0.0001058249810656993
128,149,x_R17_EXIT_C,x_R19_EXIT_A,0.00034393118846352263
128,150,x_R17_EXIT_C,x_R19_EXIT_F,0.00034393118846352263
128,151,x_R17_EXIT_C,x_R19_EXIT_B,0.0001058249810656993
128,152,x_R17_EXIT_C,x_R22_EXIT_C,0.001300765392265887
128,154,x_R17_EXIT_C,x_R22_EXIT_E,0.0003527499368856643
128,160,x_R17_EXIT_C,x_R23_EXIT_C,0.001300765392265887
128,162,x_R17_EXIT_C,x_R23_EXIT_E,0.0003527499368856643
128,168,x_R17_EXIT_C,x_R20_EXIT_C,0.00039022961767976613
128,170,x_R17_EXIT_C,x_R20_EXIT_E,0.0001058249810656993
128,176,x_R17_EXIT_C,x_R21_EXIT_C,0.001300765392265887
128,178,x_R17_EXIT_C,x_R21_EXIT_E,0.0003527499368856643
128,184,x_R17_EXIT_C,x_R24_EXIT_C,0.001300765392265887
128,186,x_R17_EXIT_C,x_R24_EXIT_E,0.0003527499368856643
128,192,x_R17_EXIT_C,x_R25_EXIT_C,0.001300765392265887
128,194,x_R17_EXIT_C,x_R25_EXIT_E,0.0003527499368856643
128,200,x_R17_EXIT_C,x_R26_EXIT_C,0.0007804592353595323
128,202,x_R17_EXIT_C,x_R26_EXIT_E,0.0002116499621313986
128,208,x_R17_EXIT_C,x_R27_EXIT_C,0.00013007653922658872
128,216,x_R17_EXIT_C,x_R28_EXIT_C,0.00026015307845317744
128,224,x_R17_EXIT_C,x_R29_EXIT_C,0.0005203061569063549
128,226,x_R17_EXIT_C,x_R29_EXIT_E,0.00014109997475426572
128,232,x_R17_EXIT_C,x_R30_EXIT_C,0.0005203061569063549
128,234,x_R17_EXIT_C,x_R30_EXIT_E,0.00014109997475426572
128,240,x_R17_EXIT_C,x_R31_EXIT_C,0.00013007653922658872
128,248,x_R17_EXIT_C,x_R32_EXIT_C,0.0005203061569063549
128,250,x_R17_EXIT_C,x_R32_EXIT_E,0.00014109997475426572
128,256,x_R17_EXIT_C,x_R33_EXIT_C,0.0005203061569063549
128,258,x_R17_EXIT_C,x_R33_EXIT_E,0.00014109997475426572
129,130,x_R17_EXIT_D,x_R17_EXIT_E,1.8389458989296212
129,131,x_R17_EXIT_D,x_R17_EXIT_G,1.8394044738475726
129,132,x_R17_EXIT_D,x_R17_EXIT_H,1.8390869989043757
129,133,x_R17_EXIT_D,x_R17_EXIT_A,1.8394044738475726
129,134,x_R17_EXIT_D,x_R17_EXIT_F,1.8394044738475726
129,135,x_R17_EXIT_D,x_R17_EXIT_B,1.8390869989043757
129,136,x_R17_EXIT_D,x_R18_EXIT_C,0.0004585749179513637
129,137,x_R17_EXIT_D,x_R18_EXIT_D,0.0006614061316606207
129,139,x_R17_EXIT_D,x_R18_EXIT_G,0.0004585749179513637
129,140,x_R17_EXIT_D,x_R18_EXIT_H,0.00014109997475426572
129,141,x_R17_EXIT_D,x_R18_EXIT_A,0.0004585749179513637
129,142,x_R17_EXIT_D,x_R18_EXIT_F,0.0004585749179513637
129,143,x_R17_EXIT_D,x_R18_EXIT_B,0.00014109997475426572
129,144,x_R17_EXIT_D,x_R19_EXIT_C,0.00034393118846352263
129,145,x_R17_EXIT_D,x_R19_EXIT_D,0.0004960545987454653
129,147,x_R17_EXIT_D,x_R19_EXIT_G,0.00034393118846352263
129,148,x_R17_EXIT_D,x_R19_EXIT_H,0.0001058249810656993
129,149,x_R17_EXIT_D,x_R19_EXIT_A,0.00034393118846352263
129,150,x_R17_EXIT_D,x_R19_EXIT_F,0.00034393118846352263
129,151,x_R17_EXIT_D,x_R19_EXIT_B,0.0001058249810656993
129,153,x_R17_EXIT_D,x_R22_EXIT_D,0.0005070780342731424
129,154,x_R17_EXIT_D,x_R22_EXIT_E,0.0003527499368856643
129,161,x_R17_EXIT_D,x_R23_EXIT_D,0.0005070780342731424
129,162,x_R17_EXIT_D,x_R23_EXIT_E,0.0003527499368856643
129,169,x_R17_EXIT_D,x_R20_EXIT_D,0.00015212341028194274
129,170,x_R17_EXIT_D,x_R20_EXIT_E,0.0001058249810656993
129,177,x_R17_EXIT_D,x_R21_EXIT_D,0.0005070780342731424
129,178,x_R17_EXIT_D,x_R21_EXIT_E,0.0003527499368856643
129,185,x_R17_EXIT_D,x_R24_EXIT_D,0.0005070780342731424
129,186,x_R17_EXIT_D,x_R24_EXIT_E,0.0003527499368856643
129,193,x_R17_EXIT_D,x_R25_EXIT_D,0.0005070780342731424
129,194,x_R17_EXIT_D,x_R25_EXIT_E,0.0003527499368856643
129,201,x_R17_EXIT_D,x_R26_EXIT_D,0.0003042468205638855
129,202,x_R17_EXIT_D,x_R26_EXIT_E,0.0002116499621313986
129,217,x_R17_EXIT_D,x_R28_EXIT_D,0.0001014156068546285
129,225,x_R17_EXIT_D,x_R29_EXIT_D,0.000202831213709257
129,226,x_R17_EXIT_D,x_R29_EXIT_E,0.00014109997475426572
129,233,x_R17_EXIT_D,x_R30_EXIT_D,0.000202831213709257
129,234,x_R17_EXIT_D,x_R30_EXIT_E,0.00014109997475426572
129,249,x_R17_EXIT_D,x_R32_EXIT_D,0.000202831213709257
129,250,x_R17_EXIT_D,x_R32_EXIT_E,0.00014109997475426572
129,257,x_R17_EXIT_D,x_R33_EXIT_D,0.000202831213709257
129,258,x_R17_EXIT_D,x_R33_EXIT_E,0.00014109997475426572
130,131,x_R17_EXIT_E,x_R17_EXIT_G,1.8389458989296212
130,132,x_R17_EXIT_E,x_R17_EXIT_H,1.8389458989296212
130,133,x_R17_EXIT_E,x_R17_EXIT_A,1.8389458989296212
130,134,x_R17_EXIT_E,x_R17_EXIT_F,1.8389458989296212
130,135,x_R17_EXIT_E,x_R17_EXIT_B,1.8389458989296212
130,138,x_R17_EXIT_E,x_R18_EXIT_E,0.00015873747159854894
130,146,x_R17_EXIT_E,x_R19_EXIT_E,0.00011905310369891171
130,154,x_R17_EXIT_E,x_R22_EXIT_E,0.0003968436789963724
130,162,x_R17_EXIT_E,x_R23_EXIT_E,0.0003968436789963724
130,170,x_R17_EXIT_E,x_R20_EXIT_E,0.00011905310369891171
130,178,x_R17_EXIT_E,x_R21_EXIT_E,0.0003968436789963724
130,186,x_R17_EXIT_E,x_R24_EXIT_E,0.0003968436789963724
130,194,x_R17_EXIT_E,x_R25_EXIT_E,0.0003968436789963724
130,202,x_R17_EXIT_E,x_R26_EXIT_E,0.00023810620739782342
130,226,x_R17_EXIT_E,x_R29_EXIT_E,0.00015873747159854894
130,234,x_R17_EXIT_E,x_R30_EXIT_E,0.00015873747159854894
130,250,x_R17_EXIT_E,x_R32_EXIT_E,0.00015873747159854894
130,258,x_R17_EXIT_E,x_R33_EXIT_E,0.00015873747159854894
131,132,x_R17_EXIT_G,x_R17_EXIT_H,1.8390869989043757
131,133,x_R17_EXIT_G,x_R17_EXIT_A,1.839563211319171
131,134,x_R17_EXIT_G,x_R17_EXIT_F,1.839563211319171
131,135,x_R17_EXIT_G,x_R17_EXIT_B,1.8390869989043757
131,136,x_R17_EXIT_G,x_R18_EXIT_C,0.0004585749179513637
131,137,x_R17_EXIT_G,x_R18_EXIT_D,0.0004585749179513637
131,139,x_R17_EXIT_G,x_R18_EXIT_G,0.0011508466690894796
131,140,x_R17_EXIT_G,x_R18_EXIT_H,0.00014109997475426572
131,141,x_R17_EXIT_G,x_R18_EXIT_A,0.0006173123895499126
131,142,x_R17_EXIT_G,x_R18_EXIT_F,0.0006173123895499126
131,143,x_R17_EXIT_G,x_R18_EXIT_B,0.00014109997475426572
131,144,x_R17_EXIT_G,x_R19_EXIT_C,0.00034393118846352263
131,145,x_R17_EXIT_G,x_R19_EXIT_D,0.00034393118846352263
131,147,x_R17_EXIT_G,x_R19_EXIT_G,0.00086313500181711
131,148,x_R17_EXIT_G,x_R19_EXIT_H,0.0001058249810656993
131,149,x_R17_EXIT_G,x_R19_EXIT_A,0.0004629842921624344
131,150,x_R17_EXIT_G,x_R19_EXIT_F,0.0004629842921624344
131,151,x_R17_EXIT_G,x_R19_EXIT_B,0.0001058249810656993
131,153,x_R17_EXIT_G,x_R22_EXIT_D,0.0003968436789963724
131,154,x_R17_EXIT_G,x_R22_EXIT_E,0.0003527499368856643
131,155,x_R17_EXIT_G,x_R22_EXIT_G,0.001333835698848918
131,161,x_R17_EXIT_G,x_R23_EXIT_D,0.0003968436789963724
131,162,x_R17_EXIT_G,x_R23_EXIT_E,0.0003527499368856643
131,163,x_R17_EXIT_G,x_R23_EXIT_G,0.001333835698848918
131,168,x_R17_EXIT_G,x_R20_EXIT_C,0.00026786948332255137
131,169,x_R17_EXIT_G,x_R20_EXIT_D,0.00041668586294619093
131,170,x_R17_EXIT_G,x_R20_EXIT_E,0.0004034577403129785
131,171,x_R17_EXIT_G,x_R20_EXIT_G,0.00010251795040739618
131,172,x_R17_EXIT_G,x_R20_EXIT_H,0.00029763275924727924
131,176,x_R17_EXIT_G,x_R21_EXIT_C,0.0004960545987454654
131,177,x_R17_EXIT_G,x_R21_EXIT_D,0.0009921091974909309
131,178,x_R17_EXIT_G,x_R21_EXIT_E,0.0009480154553802229
131,179,x_R17_EXIT_G,x_R21_EXIT_G,0.0007385701803543596
131,180,x_R17_EXIT_G,x_R21_EXIT_H,0.0005952655184945586
131,185,x_R17_EXIT_G,x_R24_EXIT_D,0.0003968436789963724
131,186,x_R17_EXIT_G,x_R24_EXIT_E,0.0003527499368856643
131,187,x_R17_EXIT_G,x_R24_EXIT_G,0.001333835698848918
131,193,x_R17_EXIT_G,x_R25_EXIT_D,0.0003968436789963724
131,194,x_R17_EXIT_G,x_R25_EXIT_E,0.0003527499368856643
131,195,x_R17_EXIT_G,x_R25_EXIT_G,0.001333835698848918
131,201,x_R17_EXIT_G,x_R26_EXIT_D,0.0002381062073978234
131,202,x_R17_EXIT_G,x_R26_EXIT_E,0.0002116499621313986
131,203,x_R17_EXIT_G,x_R26_EXIT_G,0.0004431421082126158
131,211,x_R17_EXIT_G,x_R27_EXIT_G,0.00013338356988489185
131,224,x_R17_EXIT_G,x_R29_EXIT_C,0.00019842183949818622
131,225,x_R17_EXIT_G,x_R29_EXIT_D,0.00015873747159854897
131,226,x_R17_EXIT_G,x_R29_EXIT_E,0.00014109997475426572
131,227,x_R17_EXIT_G,x_R29_EXIT_G,0.0002954280721417439
131,233,x_R17_EXIT_G,x_R30_EXIT_D,0.00015873747159854897
131,234,x_R17_EXIT_G,x_R30_EXIT_E,0.00014109997475426572
131,235,x_R17_EXIT_G,x_R30_EXIT_G,0.0002954280721417439
131,249,x_R17_EXIT_G,x_R32_EXIT_D,0.00015873747159854897
131,250,x_R17_EXIT_G,x_R32_EXIT_E,0.00014109997475426572
131,251,x_R17_EXIT_G,x_R32_EXIT_G,0.0005335342795395674
131,257,x_R17_EXIT_G,x_R33_EXIT_D,0.00015873747159854897
131,258,x_R17_EXIT_G,x_R33_EXIT_E,0.00014109997475426572
131,259,x_R17_EXIT_G,x_R33_EXIT_G,0.0005335342795395674
132,133,x_R17_EXIT_H,x_R17_EXIT_A,1.8390869989043757
132,134,x_R17_EXIT_H,x_R17_EXIT_F,1.8390869989043757
132,135,x_R17_EXIT_H,x_R17_EXIT_B,1.8392810113696627
132,136,x_R17_EXIT_H,x_R18_EXIT_C,0.00014109997475426572
132,137,x_R17_EXIT_H,x_R18_EXIT_D,0.00014109997475426572
132,139,x_R17_EXIT_H,x_R18_EXIT_G,0.00014109997475426572
132,140,x_R17_EXIT_H,x_R18_EXIT_H,0.0004938499116399301
132,141,x_R17_EXIT_H,x_R18_EXIT_A,0.00014109997475426572
132,142,x_R17_EXIT_H,x_R18_EXIT_F,0.00014109997475426572
132,143,x_R17_EXIT_H,x_R18_EXIT_B,0.0003351124400413811
132,144,x_R17_EXIT_H,x_R19_EXIT_C,0.0001058249810656993
132,145,x_R17_EXIT_H,x_R19_EXIT_D,0.0001058249810656993
132,147,x_R17_EXIT_H,x_R19_EXIT_G,0.0001058249810656993
132,148,x_R17_EXIT_H,x_R19_EXIT_H,0.00037038743372994754
132,149,x_R17_EXIT_H,x_R19_EXIT_A,0.0001058249810656993
132,150,x_R17_EXIT_H,x_R19_EXIT_F,0.0001058249810656993
132,151,x_R17_EXIT_H,x_R19_EXIT_B,0.0002513343300310358
132,154,x_R17_EXIT_H,x_R22_EXIT_E,0.0005291249053284965
132,156,x_R17_EXIT_H,x_R22_EXIT_H,0.0007054998737713286
132,162,x_R17_EXIT_H,x_R23_EXIT_E,0.0007054998737713287
132,164,x_R17_EXIT_H,x_R23_EXIT_H,0.0005291249053284965
132,170,x_R17_EXIT_H,x_R20_EXIT_E,0.00015873747159854894
132,172,x_R17_EXIT_H,x_R20_EXIT_H,0.0002116499621313986
132,178,x_R17_EXIT_H,x_R21_EXIT_E,0.0005291249053284965
132,180,x_R17_EXIT_H,x_R21_EXIT_H,0.0007054998737713286
132,184,x_R17_EXIT_H,x_R24_EXIT_C,0.0003086561947749563
132,185,x_R17_EXIT_H,x_R24_EXIT_D,0.0003086561947749563
132,186,x_R17_EXIT_H,x_R24_EXIT_E,0.0008377811001034528
132,187,x_R17_EXIT_H,x_R24_EXIT_G,0.0003086561947749563
132,188,x_R17_EXIT_H,x_R24_EXIT_H,0.0003968436789963724
132,192,x_R17_EXIT_H,x_R25_EXIT_C,0.0005732186474392045
132,193,x_R17_EXIT_H,x_R25_EXIT_D,0.0005732186474392045
132,194,x_R17_EXIT_H,x_R25_EXIT_E,0.001102343552767701
132,195,x_R17_EXIT_H,x_R25_EXIT_G,0.0005732186474392045
132,196,x_R17_EXIT_H,x_R25_EXIT_H,0.0001322812263321241
132,202,x_R17_EXIT_H,x_R26_EXIT_E,0.0003174749431970979
132,204,x_R17_EXIT_H,x_R26_EXIT_H,0.0003174749431970979
132,218,x_R17_EXIT_H,x_R28_EXIT_E,0.0001058249810656993
132,220,x_R17_EXIT_H,x_R28_EXIT_H,0.00014109997475426572
132,226,x_R17_EXIT_H,x_R29_EXIT_E,0.0002116499621313986
132,228,x_R17_EXIT_H,x_R29_EXIT_H,0.00028219994950853144
132,234,x_R17_EXIT_H,x_R30_EXIT_E,0.0002116499621313986
132,250,x_R17_EXIT_H,x_R32_EXIT_E,0.00028219994950853144
132,258,x_R17_EXIT_H,x_R33_EXIT_E,0.00028219994950853144
133,134,x_R17_EXIT_A,x_R17_EXIT_F,1.8398983237592126
133,135,x_R17_EXIT_A,x_R17_EXIT_B,1.8390869989043757
133,136,x_R17_EXIT_A,x_R18_EXIT_C,0.0004585749179513637
133,137,x_R17_EXIT_A,x_R18_EXIT_D,0.0004585749179513637
133,139,x_R17_EXIT_A,x_R18_EXIT_G,0.0006173123895499126
133,140,x_R17_EXIT_A,x_R18_EXIT_H,0.00014109997475426572
133,141,x_R17_EXIT_A,x_R18_EXIT_A,0.002118704308419521
133,142,x_R17_EXIT_A,x_R18_EXIT_F,0.0009524248295912937
133,143,x_R17_EXIT_A,x_R18_EXIT_B,0.00014109997475426572
133,144,x_R17_EXIT_A,x_R19_EXIT_C,0.00034393118846352263
133,145,x_R17_EXIT_A,x_R19_EXIT_D,0.00034393118846352263
133,147,x_R17_EXIT_A,x_R19_EXIT_G,0.0004629842921624344
133,148,x_R17_EXIT_A,x_R19_EXIT_H,0.0001058249810656993
133,149,x_R17_EXIT_A,x_R19_EXIT_A,0.001589028231314641
133,150,x_R17_EXIT_A,x_R19_EXIT_F,0.0007143186221934702
133,151,x_R17_EXIT_A,x_R19_EXIT_B,0.0001058249810656993
133,152,x_R17_EXIT_A,x_R22_EXIT_C,0.0008377811001034529
133,153,x_R17_EXIT_A,x_R22_EXIT_D,0.0012346247790998252
133,154,x_R17_EXIT_A,x_R22_EXIT_E,0.001190531036989117
133,155,x_R17_EXIT_A,x_R22_EXIT_G,0.0008377811001034529
133,156,x_R17_EXIT_A,x_R22_EXIT_H,0.0008377811001034529
133,157,x_R17_EXIT_A,x_R22_EXIT_A,0.0029156986970705692
133,160,x_R17_EXIT_A,x_R23_EXIT_C,0.0007936873579927448
133,161,x_R17_EXIT_A,x_R23_EXIT_D,0.0011905310369891172
133,162,x_R17_EXIT_A,x_R23_EXIT_E,0.0003527499368856643
133,163,x_R17_EXIT_A,x_R23_EXIT_G,0.0007936873579927448
133,165,x_R17_EXIT_A,x_R23_EXIT_A,0.0029156986970705692
133,169,x_R17_EXIT_A,x_R20_EXIT_D,0.0001190531036989117
133,170,x_R17_EXIT_A,x_R20_EXIT_E,0.0001058249810656993
133,173,x_R17_EXIT_A,x_R20_EXIT_A,0.0002662159679933998
133,174,x_R17_EXIT_A,x_R20_EXIT_F,0.0002381062073978234
133,175,x_R17_EXIT_A,x_R20_EXIT_B,0.0002381062073978234
133,177,x_R17_EXIT_A,x_R21_EXIT_D,0.0003968436789963724
133,178,x_R17_EXIT_A,x_R21_EXIT_E,0.0003527499368856643
133,181,x_R17_EXIT_A,x_R21_EXIT_A,0.001383441158723465
133,182,x_R17_EXIT_A,x_R21_EXIT_F,0.0002976327592472793
133,183,x_R17_EXIT_A,x_R21_EXIT_B,0.0002976327592472793
133,185,x_R17_EXIT_A,x_R24_EXIT_D,0.0003968436789963724
133,186,x_R17_EXIT_A,x_R24_EXIT_E,0.0003527499368856643
133,189,x_R17_EXIT_A,x_R24_EXIT_A,0.001681073917970744
133,193,x_R17_EXIT_A,x_R25_EXIT_D,0.0003968436789963724
133,194,x_R17_EXIT_A,x_R25_EXIT_E,0.0003527499368856643
133,197,x_R17_EXIT_A,x_R25_EXIT_A,0.001681073917970744
133,200,x_R17_EXIT_A,x_R26_EXIT_C,0.001131004485139661
133,201,x_R17_EXIT_A,x_R26_EXIT_D,0.0013691106925374844
133,202,x_R17_EXIT_A,x_R26_EXIT_E,0.0013426544472710598
133,203,x_R17_EXIT_A,x_R26_EXIT_G,0.0002381062073978234
133,205,x_R17_EXIT_A,x_R26_EXIT_A,0.0010681709026319024
133,209,x_R17_EXIT_A,x_R27_EXIT_D,0.00011905310369891172
133,213,x_R17_EXIT_A,x_R27_EXIT_A,0.00017802848377198373
133,216,x_R17_EXIT_A,x_R28_EXIT_C,0.0002629089373350967
133,217,x_R17_EXIT_A,x_R28_EXIT_D,0.0007986479039801995
133,218,x_R17_EXIT_A,x_R28_EXIT_E,0.0007898291555580578
133,219,x_R17_EXIT_A,x_R28_EXIT_G,0.00016369801758600363
133,220,x_R17_EXIT_A,x_R28_EXIT_H,0.0007192791681809251
133,222,x_R17_EXIT_A,x_R28_EXIT_F,0.00032243548918455255
133,223,x_R17_EXIT_A,x_R28_EXIT_B,0.00032243548918455255
133,225,x_R17_EXIT_A,x_R29_EXIT_D,0.0010714779332902055
133,226,x_R17_EXIT_A,x_R29_EXIT_E,0.001053840436445922
133,228,x_R17_EXIT_A,x_R29_EXIT_H,0.0009127404616916565
133,230,x_R17_EXIT_A,x_R29_EXIT_F,0.00011905310369891172
133,231,x_R17_EXIT_A,x_R29_EXIT_B,0.00011905310369891172
133,232,x_R17_EXIT_A,x_R30_EXIT_C,0.0007936873579927449
133,233,x_R17_EXIT_A,x_R30_EXIT_D,0.0009524248295912938
133,234,x_R17_EXIT_A,x_R30_EXIT_E,0.0009347873327470106
133,235,x_R17_EXIT_A,x_R30_EXIT_G,0.00011905310369891172
133,237,x_R17_EXIT_A,x_R30_EXIT_A,0.0006724295671882976
133,245,x_R17_EXIT_A,x_R31_EXIT_A,0.0001681073917970744
133,249,x_R17_EXIT_A,x_R32_EXIT_D,0.00015873747159854897
133,250,x_R17_EXIT_A,x_R32_EXIT_E,0.00014109997475426572
133,253,x_R17_EXIT_A,x_R32_EXIT_A,0.0006724295671882976
133,257,x_R17_EXIT_A,x_R33_EXIT_D,0.00015873747159854897
133,258,x_R17_EXIT_A,x_R33_EXIT_E,0.00014109997475426572
133,261,x_R17_EXIT_A,x_R33_EXIT_A,0.0006724295671882976
134,135,x_R17_EXIT_F,x_R17_EXIT_B,1.8390869989043757
134,136,x_R17_EXIT_F,x_R18_EXIT_C,0.0004585749179513637
134,137,x_R17_EXIT_F,x_R18_EXIT_D,0.0004585749179513637
134,139,x_R17_EXIT_F,x_R18_EXIT_G,0.0006173123895499126
134,140,x_R17_EXIT_F,x_R18_EXIT_H,0.00014109997475426572
134,141,x_R17_EXIT_F,x_R18_EXIT_A,0.0009524248295912937
134,142,x_R17_EXIT_F,x_R18_EXIT_F,0.001622649709674056
134,143,x_R17_EXIT_F,x_R18_EXIT_B,0.00014109997475426572
134,144,x_R17_EXIT_F,x_R19_EXIT_C,0.00034393118846352263
134,145,x_R17_EXIT_F,x_R19_EXIT_D,0.00034393118846352263
134,147,x_R17_EXIT_F,x_R19_EXIT_G,0.0004629842921624344
134,148,x_R17_EXIT_F,x_R19_EXIT_H,0.0001058249810656993
134,149,x_R17_EXIT_F,x_R19_EXIT_A,0.0007143186221934702
134,150,x_R17_EXIT_F,x_R19_EXIT_F,0.001216987282255542
134,151,x_R17_EXIT_F,x_R19_EXIT_B,0.0001058249810656993
134,152,x_R17_EXIT_F,x_R22_EXIT_C,0.0008377811001034529
134,153,x_R17_EXIT_F,x_R22_EXIT_D,0.0012346247790998252
134,154,x_R17_EXIT_F,x_R22_EXIT_E,0.001190531036989117
134,155,x_R17_EXIT_F,x_R22_EXIT_G,0.0008377811001034529
134,156,x_R17_EXIT_F,x_R22_EXIT_H,0.0008377811001034529
134,158,x_R17_EXIT_F,x_R22_EXIT_F,0.0016755622002069058
134,159,x_R17_EXIT_F,x_R22_EXIT_B,0.0008377811001034529
134,160,x_R17_EXIT_F,x_R23_EXIT_C,0.0015873747159854895
134,161,x_R17_EXIT_F,x_R23_EXIT_D,0.0019842183949818617
134,162,x_R17_EXIT_F,x_R23_EXIT_E,0.0003527499368856643
134,163,x_R17_EXIT_F,x_R23_EXIT_G,0.0015873747159854895
134,165,x_R17_EXIT_F,x_R23_EXIT_A,0.0008377811001034529
134,166,x_R17_EXIT_F,x_R23_EXIT_F,0.0008377811001034527
134,169,x_R17_EXIT_F,x_R20_EXIT_D,0.0001190531036989117
134,170,x_R17_EXIT_F,x_R20_EXIT_E,0.0001058249810656993
134,174,x_R17_EXIT_F,x_R20_EXIT_F,0.00010251795040739618
134,177,x_R17_EXIT_F,x_R21_EXIT_D,0.0003968436789963724
134,178,x_R17_EXIT_F,x_R21_EXIT_E,0.0003527499368856643
134,182,x_R17_EXIT_F,x_R21_EXIT_F,0.00034172650135798734
134,185,x_R17_EXIT_F,x_R24_EXIT_D,0.0003968436789963724
134,186,x_R17_EXIT_F,x_R24_EXIT_E,0.0003527499368856643
134,190,x_R17_EXIT_F,x_R24_EXIT_F,0.00034172650135798734
134,193,x_R17_EXIT_F,x_R25_EXIT_D,0.0003968436789963724
134,194,x_R17_EXIT_F,x_R25_EXIT_E,0.0003527499368856643
134,198,x_R17_EXIT_F,x_R25_EXIT_F,0.00034172650135798734
134,200,x_R17_EXIT_F,x_R26_EXIT_C,0.0004762124147956468
134,201,x_R17_EXIT_F,x_R26_EXIT_D,0.0007143186221934702
134,202,x_R17_EXIT_F,x_R26_EXIT_E,0.0006878623769270453
134,204,x_R17_EXIT_F,x_R26_EXIT_H,0.00017857965554836754
134,206,x_R17_EXIT_F,x_R26_EXIT_F,0.0003240890045137041
134,208,x_R17_EXIT_F,x_R27_EXIT_C,0.00018850074752327687
134,209,x_R17_EXIT_F,x_R27_EXIT_D,0.00022818511542291417
134,211,x_R17_EXIT_F,x_R27_EXIT_G,0.00018850074752327687
134,217,x_R17_EXIT_F,x_R28_EXIT_D,0.00023810620739782344
134,218,x_R17_EXIT_F,x_R28_EXIT_E,0.00022928745897568184
134,220,x_R17_EXIT_F,x_R28_EXIT_H,0.00015873747159854897
134,225,x_R17_EXIT_F,x_R29_EXIT_D,0.0004762124147956469
134,226,x_R17_EXIT_F,x_R29_EXIT_E,0.0004585749179513637
134,228,x_R17_EXIT_F,x_R29_EXIT_H,0.00031747494319709794
134,230,x_R17_EXIT_F,x_R29_EXIT_F,0.00013669060054319495
134,232,x_R17_EXIT_F,x_R30_EXIT_C,0.00031747494319709794
134,233,x_R17_EXIT_F,x_R30_EXIT_D,0.0004762124147956469
134,234,x_R17_EXIT_F,x_R30_EXIT_E,0.0004585749179513637
134,249,x_R17_EXIT_F,x_R32_EXIT_D,0.00015873747159854897
134,250,x_R17_EXIT_F,x_R32_EXIT_E,0.00014109997475426572
134,254,x_R17_EXIT_F,x_R32_EXIT_F,0.00013669060054319495
134,257,x_R17_EXIT_F,x_R33_EXIT_D,0.00015873747159854897
134,258,x_R17_EXIT_F,x_R33_EXIT_E,0.00014109997475426572
134,262,x_R17_EXIT_F,x_R33_EXIT_F,0.00013669060054319495
135,136,x_R17_EXIT_B,x_R18_EXIT_C,0.00014109997475426572
135,137,x_R17_EXIT_B,x_R18_EXIT_D,0.00014109997475426572
135,139,x_R17_EXIT_B,x_R18_EXIT_G,0.00014109997475426572
135,140,x_R17_EXIT_B,x_R18_EXIT_H,0.0003351124400413811
135,141,x_R17_EXIT_B,x_R18_EXIT_A,0.00014109997475426572
135,142,x_R17_EXIT_B,x_R18_EXIT_F,0.00014109997475426572
135,143,x_R17_EXIT_B,x_R18_EXIT_B,0.0019974465176150744
135,144,x_R17_EXIT_B,x_R19_EXIT_C,0.0001058249810656993
135,145,x_R17_EXIT_B,x_R19_EXIT_D,0.0001058249810656993
135,147,x_R17_EXIT_B,x_R19_EXIT_G,0.0001058249810656993
135,148,x_R17_EXIT_B,x_R19_EXIT_H,0.0002513343300310358
135,149,x_R17_EXIT_B,x_R19_EXIT_A,0.0001058249810656993
135,150,x_R17_EXIT_B,x_R19_EXIT_F,0.0001058249810656993
135,151,x_R17_EXIT_B,x_R19_EXIT_B,0.0014980848882113053
135,154,x_R17_EXIT_B,x_R22_EXIT_E,0.0005291249053284965
135,156,x_R17_EXIT_B,x_R22_EXIT_H,0.0003086561947749563
135,159,x_R17_EXIT_B,x_R22_EXIT_B,0.002518855018074197
135,162,x_R17_EXIT_B,x_R23_EXIT_E,0.0007054998737713287
135,164,x_R17_EXIT_B,x_R23_EXIT_H,0.0001322812263321241
135,167,x_R17_EXIT_B,x_R23_EXIT_B,0.002518855018074197
135,170,x_R17_EXIT_B,x_R20_EXIT_E,0.00015873747159854894
135,175,x_R17_EXIT_B,x_R20_EXIT_B,0.0007556565054222589
135,178,x_R17_EXIT_B,x_R21_EXIT_E,0.0005291249053284965
135,180,x_R17_EXIT_B,x_R21_EXIT_H,0.0003086561947749563
135,183,x_R17_EXIT_B,x_R21_EXIT_B,0.002518855018074197
135,184,x_R17_EXIT_B,x_R24_EXIT_C,0.001127146282704974
135,185,x_R17_EXIT_B,x_R24_EXIT_D,0.001127146282704974
135,186,x_R17_EXIT_B,x_R24_EXIT_E,0.0016562711880334707
135,187,x_R17_EXIT_B,x_R24_EXIT_G,0.001127146282704974
135,188,x_R17_EXIT_B,x_R24_EXIT_H,0.000818490087930018
135,189,x_R17_EXIT_B,x_R24_EXIT_A,0.000818490087930018
135,190,x_R17_EXIT_B,x_R24_EXIT_F,0.000818490087930018
135,191,x_R17_EXIT_B,x_R24_EXIT_B,0.0033373451060042148
135,192,x_R17_EXIT_B,x_R25_EXIT_C,0.0003086561947749563
135,193,x_R17_EXIT_B,x_R25_EXIT_D,0.0003086561947749563
135,194,x_R17_EXIT_B,x_R25_EXIT_E,0.0008377811001034528
135,195,x_R17_EXIT_B,x_R25_EXIT_G,0.0003086561947749563
135,202,x_R17_EXIT_B,x_R26_EXIT_E,0.0003174749431970979
135,207,x_R17_EXIT_B,x_R26_EXIT_B,0.0015113130108445178
135,215,x_R17_EXIT_B,x_R27_EXIT_B,0.0002518855018074197
135,218,x_R17_EXIT_B,x_R28_EXIT_E,0.0001058249810656993
135,223,x_R17_EXIT_B,x_R28_EXIT_B,0.0005037710036148394
135,226,x_R17_EXIT_B,x_R29_EXIT_E,0.0002116499621313986
135,228,x_R17_EXIT_B,x_R29_EXIT_H,0.0001234624779099825
135,231,x_R17_EXIT_B,x_R29_EXIT_B,0.0010075420072296788
135,234,x_R17_EXIT_B,x_R30_EXIT_E,0.0002116499621313986
135,239,x_R17_EXIT_B,x_R30_EXIT_B,0.0010075420072296788
135,247,x_R17_EXIT_B,x_R31_EXIT_B,0.0002518855018074197
135,248,x_R17_EXIT_B,x_R32_EXIT_C,0.0003979460225491401
135,249,x_R17_EXIT_B,x_R32_EXIT_D,0.0003979460225491401
135,250,x_R17_EXIT_B,x_R32_EXIT_E,0.0006095959846805386
135,251,x_R17_EXIT_B,x_R32_EXIT_G,0.0003979460225491401
135,252,x_R17_EXIT_B,x_R32_EXIT_H,0.00032739603517200727
135,253,x_R17_EXIT_B,x_R32_EXIT_A,0.00032739603517200727
135,254,x_R17_EXIT_B,x_R32_EXIT_F,0.00032739603517200727
135,255,x_R17_EXIT_B,x_R32_EXIT_B,0.0006801459720576716
135,258,x_R17_EXIT_B,x_R33_EXIT_E,0.00028219994950853144
136,137,x_R18_EXIT_C,x_R18_EXIT_D,1.8394573863381054
136,138,x_R18_EXIT_C,x_R18_EXIT_E,1.838998811420154
136,139,x_R18_EXIT_C,x_R18_EXIT_G,1.8394573863381054
136,140,x_R18_EXIT_C,x_R18_EXIT_H,1.8391399113949085
136,141,x_R18_EXIT_C,x_R18_EXIT_A,1.8394573863381054
136,142,x_R18_EXIT_C,x_R18_EXIT_F,1.8394573863381054
136,143,x_R18_EXIT_C,x_R18_EXIT_B,1.8391399113949085
136,144,x_R18_EXIT_C,x_R19_EXIT_C,0.0010119513814407495
136,145,x_R18_EXIT_C,x_R19_EXIT_D,0.0003836155563631599
136,147,x_R18_EXIT_C,x_R19_EXIT_G,0.0003836155563631599
136,148,x_R18_EXIT_C,x_R19_EXIT_H,0.00014550934896533652
136,149,x_R18_EXIT_C,x_R19_EXIT_A,0.0003836155563631599
136,150,x_R18_EXIT_C,x_R19_EXIT_F,0.0003836155563631599
136,151,x_R18_EXIT_C,x_R19_EXIT_B,0.00014550934896533652
136,152,x_R18_EXIT_C,x_R22_EXIT_C,0.001300765392265887
136,154,x_R18_EXIT_C,x_R22_EXIT_E,0.0003527499368856643
136,160,x_R18_EXIT_C,x_R23_EXIT_C,0.001300765392265887
136,162,x_R18_EXIT_C,x_R23_EXIT_E,0.0003527499368856643
136,168,x_R18_EXIT_C,x_R20_EXIT_C,0.00039022961767976613
136,170,x_R18_EXIT_C,x_R20_EXIT_E,0.0001058249810656993
136,176,x_R18_EXIT_C,x_R21_EXIT_C,0.001300765392265887
136,178,x_R18_EXIT_C,x_R21_EXIT_E,0.0003527499368856643
136,184,x_R18_EXIT_C,x_R24_EXIT_C,0.001300765392265887
136,186,x_R18_EXIT_C,x_R24_EXIT_E,0.0003527499368856643
136,192,x_R18_EXIT_C,x_R25_EXIT_C,0.001300765392265887
136,194,x_R18_EXIT_C,x_R25_EXIT_E,0.0003527499368856643
136,200,x_R18_EXIT_C,x_R26_EXIT_C,0.0007804592353595323
136,202,x_R18_EXIT_C,x_R26_EXIT_E,0.0002116499621313986
136,208,x_R18_EXIT_C,x_R27_EXIT_C,0.00013007653922658872
136,216,x_R18_EXIT_C,x_R28_EXIT_C,0.00026015307845317744
136,224,x_R18_EXIT_C,x_R29_EXIT_C,0.0005203061569063549
136,226,x_R18_EXIT_C,x_R29_EXIT_E,0.00014109997475426572
136,232,x_R18_EXIT_C,x_R30_EXIT_C,0.0005203061569063549
136,234,x_R18_EXIT_C,x_R30_EXIT_E,0.00014109997475426572
136,240,x_R18_EXIT_C,x_R31_EXIT_C,0.00013007653922658872
136,248,x_R18_EXIT_C,x_R32_EXIT_C,0.0005203061569063549
136,250,x_R18_EXIT_C,x_R32_EXIT_E,0.00014109997475426572
136,256,x_R18_EXIT_C,x_R33_EXIT_C,0.0005203061569063549
136,258,x_R18_EXIT_C,x_R33_EXIT_E,0.00014109997475426572
137,138,x_R18_EXIT_D,x_R18_EXIT_E,1.838998811420154
137,139,x_R18_EXIT_D,x_R18_EXIT_G,1.8394573863381054
137,140,x_R18_EXIT_D,x_R18_EXIT_H,1.8391399113949085
137,141,x_R18_EXIT_D,x_R18_EXIT_A,1.8394573863381054
137,142,x_R18_EXIT_D,x_R18_EXIT_F,1.8394573863381054
137,143,x_R18_EXIT_D,x_R18_EXIT_B,1.8391399113949085
137,144,x_R18_EXIT_D,x_R19_EXIT_C,0.0003836155563631599
137,145,x_R18_EXIT_D,x_R19_EXIT_D,0.0005357389666451026
137,147,x_R18_EXIT_D,x_R19_EXIT_G,0.0003836155563631599
137,148,x_R18_EXIT_D,x_R19_EXIT_H,0.00014550934896533652
137,149,x_R18_EXIT_D,x_R19_EXIT_A,0.0003836155563631599
137,150,x_R18_EXIT_D,x_R19_EXIT_F,0.0003836155563631599
137,151,x_R18_EXIT_D,x_R19_EXIT_B,0.00014550934896533652
137,153,x_R18_EXIT_D,x_R22_EXIT_D,0.0005070780342731424
137,154,x_R18_EXIT_D,x_R22_EXIT_E,0.0003527499368856643
137,161,x_R18_EXIT_D,x_R23_EXIT_D,0.0005070780342731424
137,162,x_R18_EXIT_D,x_R23_EXIT_E,0.0003527499368856643
137,169,x_R18_EXIT_D,x_R20_EXIT_D,0.00015212341028194274
137,170,x_R18_EXIT_D,x_R20_EXIT_E,0.0001058249810656993
137,177,x_R18_EXIT_D,x_R21_EXIT_D,0.0005070780342731424
137,178,x_R18_EXIT_D,x_R21_EXIT_E,0.0003527499368856643
137,185,x_R18_EXIT_D,x_R24_EXIT_D,0.0005070780342731424
137,186,x_R18_EXIT_D,x_R24_EXIT_E,0.0003527499368856643
137,193,x_R18_EXIT_D,x_R25_EXIT_D,0.0005070780342731424
137,194,x_R18_EXIT_D,x_R25_EXIT_E,0.0003527499368856643
137,201,x_R18_EXIT_D,x_R26_EXIT_D,0.0003042468205638855
137,202,x_R18_EXIT_D,x_R26_EXIT_E,0.0002116499621313986
137,217,x_R18_EXIT_D,x_R28_EXIT_D,0.0001014156068546285
137,225,x_R18_EXIT_D,x_R29_EXIT_D,0.000202831213709257
137,226,x_R18_EXIT_D,x_R29_EXIT_E,0.00014109997475426572
137,233,x_R18_EXIT_D,x_R30_EXIT_D,0.000202831213709257
137,234,x_R18_EXIT_D,x_R30_EXIT_E,0.00014109997475426572
137,249,x_R18_EXIT_D,x_R32_EXIT_D,0.000202831213709257
137,250,x_R18_EXIT_D,x_R32_EXIT_E,0.00014109997475426572
137,257,x_R18_EXIT_D,x_R33_EXIT_D,0.000202831213709257
137,258,x_R18_EXIT_D,x_R33_EXIT_E,0.00014109997475426572
138,139,x_R18_EXIT_E,x_R18_EXIT_G,1.838998811420154
138,140,x_R18_EXIT_E,x_R18_EXIT_H,1.838998811420154
138,141,x_R18_EXIT_E,x_R18_EXIT_A,1.838998811420154
138,142,x_R18_EXIT_E,x_R18_EXIT_F,1.838998811420154
138,143,x_R18_EXIT_E,x_R18_EXIT_B,1.838998811420154
138,146,x_R18_EXIT_E,x_R19_EXIT_E,0.00015873747159854894
138,154,x_R18_EXIT_E,x_R22_EXIT_E,0.0003968436789963724
138,162,x_R18_EXIT_E,x_R23_EXIT_E,0.0003968436789963724
138,170,x_R18_EXIT_E,x_R20_EXIT_E,0.00011905310369891171
138,178,x_R18_EXIT_E,x_R21_EXIT_E,0.0003968436789963724
138,186,x_R18_EXIT_E,x_R24_EXIT_E,0.0003968436789963724
138,194,x_R18_EXIT_E,x_R25_EXIT_E,0.0003968436789963724
138,202,x_R18_EXIT_E,x_R26_EXIT_E,0.00023810620739782342
138,226,x_R18_EXIT_E,x_R29_EXIT_E,0.00015873747159854894
138,234,x_R18_EXIT_E,x_R30_EXIT_E,0.00015873747159854894
138,250,x_R18_EXIT_E,x_R32_EXIT_E,0.00015873747159854894
138,258,x_R18_EXIT_E,x_R33_EXIT_E,0.00015873747159854894
139,140,x_R18_EXIT_G,x_R18_EXIT_H,1.8391399113949085
139,141,x_R18_EXIT_G,x_R18_EXIT_A,1.839616123809704
139,142,x_R18_EXIT_G,x_R18_EXIT_F,1.839616123809704
139,143,x_R18_EXIT_G,x_R18_EXIT_B,1.8391399113949085
139,144,x_R18_EXIT_G,x_R19_EXIT_C,0.0003836155563631599
139,145,x_R18_EXIT_G,x_R19_EXIT_D,0.0003836155563631599
139,147,x_R18_EXIT_G,x_R19_EXIT_G,0.0009028193697167473
139,148,x_R18_EXIT_G,x_R19_EXIT_H,0.00014550934896533652
139,149,x_R18_EXIT_G,x_R19_EXIT_A,0.0005026686600620716
139,150,x_R18_EXIT_G,x_R19_EXIT_F,0.0005026686600620716
139,151,x_R18_EXIT_G,x_R19_EXIT_B,0.00014550934896533652
139,153,x_R18_EXIT_G,x_R22_EXIT_D,0.0003968436789963724
139,154,x_R18_EXIT_G,x_R22_EXIT_E,0.0003527499368856643
139,155,x_R18_EXIT_G,x_R22_EXIT_G,0.001333835698848918
139,161,x_R18_EXIT_G,x_R23_EXIT_D,0.0003968436789963724
139,162,x_R18_EXIT_G,x_R23_EXIT_E,0.0003527499368856643
139,163,x_R18_EXIT_G,x_R23_EXIT_G,0.001333835698848918
139,168,x_R18_EXIT_G,x_R20_EXIT_C,0.00026786948332255137
139,169,x_R18_EXIT_G,x_R20_EXIT_D,0.00041668586294619093
139,170,x_R18_EXIT_G,x_R20_EXIT_E,0.0004034577403129785
139,171,x_R18_EXIT_G,x_R20_EXIT_G,0.00010251795040739618
139,172,x_R18_EXIT_G,x_R20_EXIT_H,0.00029763275924727924
139,176,x_R18_EXIT_G,x_R21_EXIT_C,0.0004960545987454654
139,177,x_R18_EXIT_G,x_R21_EXIT_D,0.0009921091974909309
139,178,x_R18_EXIT_G,x_R21_EXIT_E,0.0009480154553802229
139,179,x_R18_EXIT_G,x_R21_EXIT_G,0.0007385701803543596
139,180,x_R18_EXIT_G,x_R21_EXIT_H,0.0005952655184945586
139,185,x_R18_EXIT_G,x_R24_EXIT_D,0.0003968436789963724
139,186,x_R18_EXIT_G,x_R24_EXIT_E,0.0003527499368856643
139,187,x_R18_EXIT_G,x_R24_EXIT_G,0.001333835698848918
139,193,x_R18_EXIT_G,x_R25_EXIT_D,0.0003968436789963724
139,194,x_R18_EXIT_G,x_R25_EXIT_E,0.0003527499368856643
139,195,x_R18_EXIT_G,x_R25_EXIT_G,0.001333835698848918
139,201,x_R18_EXIT_G,x_R26_EXIT_D,0.0002381062073978234
139,202,x_R18_EXIT_G,x_R26_EXIT_E,0.0002116499621313986
139,203,x_R18_EXIT_G,x_R26_EXIT_G,0.0004431421082126158
139,211,x_R18_EXIT_G,x_R27_EXIT_G,0.00013338356988489185
139,224,x_R18_EXIT_G,x_R29_EXIT_C,0.00019842183949818622
139,225,x_R18_EXIT_G,x_R29_EXIT_D,0.00015873747159854897
139,226,x_R18_EXIT_G,x_R29_EXIT_E,0.00014109997475426572
139,227,x_R18_EXIT_G,x_R29_EXIT_G,0.0002954280721417439
139,233,x_R18_EXIT_G,x_R30_EXIT_D,0.00015873747159854897
139,234,x_R18_EXIT_G,x_R30_EXIT_E,0.00014109997475426572
139,235,x_R18_EXIT_G,x_R30_EXIT_G,0.0002954280721417439
139,249,x_R18_EXIT_G,x_R32_EXIT_D,0.00015873747159854897
139,250,x_R18_EXIT_G,x_R32_EXIT_E,0.00014109997475426572
139,251,x_R18_EXIT_G,x_R32_EXIT_G,0.0005335342795395674
139,257,x_R18_EXIT_G,x_R33_EXIT_D,0.00015873747159854897
139,258,x_R18_EXIT_G,x_R33_EXIT_E,0.00014109997475426572
139,259,x_R18_EXIT_G,x_R33_EXIT_G,0.0005335342795395674
140,141,x_R18_EXIT_H,x_R18_EXIT_A,1.8391399113949085
140,142,x_R18_EXIT_H,x_R18_EXIT_F,1.8391399113949085
140,143,x_R18_EXIT_H,x_R18_EXIT_B,1.8393339238601956
140,144,x_R18_EXIT_H,x_R19_EXIT_C,0.00014550934896533652
140,145,x_R18_EXIT_H,x_R19_EXIT_D,0.00014550934896533652
140,147,x_R18_EXIT_H,x_R19_EXIT_G,0.00014550934896533652
140,148,x_R18_EXIT_H,x_R19_EXIT_H,0.0004100718016295848
140,149,x_R18_EXIT_H,x_R19_EXIT_A,0.00014550934896533652
140,150,x_R18_EXIT_H,x_R19_EXIT_F,0.00014550934896533652
140,151,x_R18_EXIT_H,x_R19_EXIT_B,0.00029101869793067304
140,154,x_R18_EXIT_H,x_R22_EXIT_E,0.0005291249053284965
140,156,x_R18_EXIT_H,x_R22_EXIT_H,0.0007054998737713286
140,162,x_R18_EXIT_H,x_R23_EXIT_E,0.0007054998737713287
140,164,x_R18_EXIT_H,x_R23_EXIT_H,0.0005291249053284965
140,170,x_R18_EXIT_H,x_R20_EXIT_E,0.00015873747159854894
140,172,x_R18_EXIT_H,x_R20_EXIT_H,0.0002116499621313986
140,178,x_R18_EXIT_H,x_R21_EXIT_E,0.0005291249053284965
140,180,x_R18_EXIT_H,x_R21_EXIT_H,0.0007054998737713286
140,184,x_R18_EXIT_H,x_R24_EXIT_C,0.0003086561947749563
140,185,x_R18_EXIT_H,x_R24_EXIT_D,0.0003086561947749563
140,186,x_R18_EXIT_H,x_R24_EXIT_E,0.0008377811001034528
140,187,x_R18_EXIT_H,x_R24_EXIT_G,0.0003086561947749563
140,188,x_R18_EXIT_H,x_R24_EXIT_H,0.0003968436789963724
140,192,x_R18_EXIT_H,x_R25_EXIT_C,0.0005732186474392045
140,193,x_R18_EXIT_H,x_R25_EXIT_D,0.0005732186474392045
140,194,x_R18_EXIT_H,x_R25_EXIT_E,0.001102343552767701
140,195,x_R18_EXIT_H,x_R25_EXIT_G,0.0005732186474392045
140,196,x_R18_EXIT_H,x_R25_EXIT_H,0.0001322812263321241
140,202,x_R18_EXIT_H,x_R26_EXIT_E,0.0003174749431970979
140,204,x_R18_EXIT_H,x_R26_EXIT_H,0.0003174749431970979
140,218,x_R18_EXIT_H,x_R28_EXIT_E,0.0001058249810656993
140,220,x_R18_EXIT_H,x_R28_EXIT_H,0.00014109997475426572
140,226,x_R18_EXIT_H,x_R29_EXIT_E,0.0002116499621313986
140,228,x_R18_EXIT_H,x_R29_EXIT_H,0.00028219994950853144
140,234,x_R18_EXIT_H,x_R30_EXIT_E,0.0002116499621313986
140,250,x_R18_EXIT_H,x_R32_EXIT_E,0.00028219994950853144
140,258,x_R18_EXIT_H,x_R33_EXIT_E,0.00028219994950853144
141,142,x_R18_EXIT_A,x_R18_EXIT_F,1.8399512362497454
141,143,x_R18_EXIT_A,x_R18_EXIT_B,1.8391399113949085
141,144,x_R18_EXIT_A,x_R19_EXIT_C,0.0003836155563631599
141,145,x_R18_EXIT_A,x_R19_EXIT_D,0.0003836155563631599
141,147,x_R18_EXIT_A,x_R19_EXIT_G,0.0005026686600620716
141,148,x_R18_EXIT_A,x_R19_EXIT_H,0.00014550934896533652
141,149,x_R18_EXIT_A,x_R19_EXIT_A,0.0016287125992142783
141,150,x_R18_EXIT_A,x_R19_EXIT_F,0.0007540029900931076
141,151,x_R18_EXIT_A,x_R19_EXIT_B,0.00014550934896533652
141,152,x_R18_EXIT_A,x_R22_EXIT_C,0.0008377811001034529
141,153,x_R18_EXIT_A,x_R22_EXIT_D,0.0012346247790998252
141,154,x_R18_EXIT_A,x_R22_EXIT_E,0.001190531036989117
141,155,x_R18_EXIT_A,x_R22_EXIT_G,0.0008377811001034529
141,156,x_R18_EXIT_A,x_R22_EXIT_H,0.0008377811001034529
141,157,x_R18_EXIT_A,x_R22_EXIT_A,0.0029156986970705692
141,160,x_R18_EXIT_A,x_R23_EXIT_C,0.0007936873579927448
141,161,x_R18_EXIT_A,x_R23_EXIT_D,0.0011905310369891172
141,162,x_R18_EXIT_A,x_R23_EXIT_E,0.0003527499368856643
141,163,x_R18_EXIT_A,x_R23_EXIT_G,0.0007936873579927448
141,165,x_R18_EXIT_A,x_R23_EXIT_A,0.0029156986970705692
141,169,x_R18_EXIT_A,x_R20_EXIT_D,0.0001190531036989117
141,170,x_R18_EXIT_A,x_R20_EXIT_E,0.0001058249810656993
141,173,x_R18_EXIT_A,x_R20_EXIT_A,0.0002662159679933998
141,174,x_R18_EXIT_A,x_R20_EXIT_F,0.0002381062073978234
141,175,x_R18_EXIT_A,x_R20_EXIT_B,0.0002381062073978234
141,177,x_R18_EXIT_A,x_R21_EXIT_D,0.0003968436789963724
141,178,x_R18_EXIT_A,x_R21_EXIT_E,0.0003527499368856643
141,181,x_R18_EXIT_A,x_R21_EXIT_A,0.001383441158723465
141,182,x_R18_EXIT_A,x_R21_EXIT_F,0.0002976327592472793
141,183,x_R18_EXIT_A,x_R21_EXIT_B,0.0002976327592472793
141,185,x_R18_EXIT_A,x_R24_EXIT_D,0.0003968436789963724
141,186,x_R18_EXIT_A,x_R24_EXIT_E,0.0003527499368856643
141,189,x_R18_EXIT_A,x_R24_EXIT_A,0.001681073917970744
141,193,x_R18_EXIT_A,x_R25_EXIT_D,0.0003968436789963724
141,194,x_R18_EXIT_A,x_R25_EXIT_E,0.0003527499368856643
141,197,x_R18_EXIT_A,x_R25_EXIT_A,0.001681073917970744
141,200,x_R18_EXIT_A,x_R26_EXIT_C,0.001131004485139661
141,201,x_R18_EXIT_A,x_R26_EXIT_D,0.0013691106925374844
141,202,x_R18_EXIT_A,x_R26_EXIT_E,0.0013426544472710598
141,203,x_R18_EXIT_A,x_R26_EXIT_G,0.0002381062073978234
141,205,x_R18_EXIT_A,x_R26_EXIT_A,0.0010681709026319024
141,209,x_R18_EXIT_A,x_R27_EXIT_D,0.00011905310369891172
141,213,x_R18_EXIT_A,x_R27_EXIT_A,0.00017802848377198373
141,216,x_R18_EXIT_A,x_R28_EXIT_C,0.0002629089373350967
141,217,x_R18_EXIT_A,x_R28_EXIT_D,0.0007986479039801995
141,218,x_R18_EXIT_A,x_R28_EXIT_E,0.0007898291555580578
141,219,x_R18_EXIT_A,x_R28_EXIT_G,0.00016369801758600363
141,220,x_R18_EXIT_A,x_R28_EXIT_H,0.0007192791681809251
141,222,x_R18_EXIT_A,x_R28_EXIT_F,0.00032243548918455255
141,223,x_R18_EXIT_A,x_R28_EXIT_B,0.00032243548918455255
141,225,x_R18_EXIT_A,x_R29_EXIT_D,0.0010714779332902055
141,226,x_R18_EXIT_A,x_R29_EXIT_E,0.001053840436445922
141,228,x_R18_EXIT_A,x_R29_EXIT_H,0.0009127404616916565
141,230,x_R18_EXIT_A,x_R29_EXIT_F,0.00011905310369891172
141,231,x_R18_EXIT_A,x_R29_EXIT_B,0.00011905310369891172
141,232,x_R18_EXIT_A,x_R30_EXIT_C,0.0007936873579927449
141,233,x_R18_EXIT_A,x_R30_EXIT_D,0.0009524248295912938
141,234,x_R18_EXIT_A,x_R30_EXIT_E,0.0009347873327470106
141,235,x_R18_EXIT_A,x_R30_EXIT_G,0.00011905310369891172
141,237,x_R18_EXIT_A,x_R30_EXIT_A,0.0006724295671882976
141,245,x_R18_EXIT_A,x_R31_EXIT_A,0.0001681073917970744
141,249,x_R18_EXIT_A,x_R32_EXIT_D,0.00015873747159854897
141,250,x_R18_EXIT_A,x_R32_EXIT_E,0.00014109997475426572
141,253,x_R18_EXIT_A,x_R32_EXIT_A,0.0006724295671882976
141,257,x_R18_EXIT_A,x_R33_EXIT_D,0.00015873747159854897
141,258,x_R18_EXIT_A,x_R33_EXIT_E,0.00014109997475426572
141,261,x_R18_EXIT_A,x_R33_EXIT_A,0.0006724295671882976
142,143,x_R18_EXIT_F,x_R18_EXIT_B,1.8391399113949085
142,144,x_R18_EXIT_F,x_R19_EXIT_C,0.0003836155563631599
142,145,x_R18_EXIT_F,x_R19_EXIT_D,0.0003836155563631599
142,147,x_R18_EXIT_F,x_R19_EXIT_G,0.0005026686600620716
142,148,x_R18_EXIT_F,x_R19_EXIT_H,0.00014550934896533652
142,149,x_R18_EXIT_F,x_R19_EXIT_A,0.0007540029900931076
142,150,x_R18_EXIT_F,x_R19_EXIT_F,0.0012566716501551795
142,151,x_R18_EXIT_F,x_R19_EXIT_B,0.00014550934896533652
142,152,x_R18_EXIT_F,x_R22_EXIT_C,0.0008377811001034529
142,153,x_R18_EXIT_F,x_R22_EXIT_D,0.0012346247790998252
142,154,x_R18_EXIT_F,x_R22_EXIT_E,0.001190531036989117
142,155,x_R18_EXIT_F,x_R22_EXIT_G,0.0008377811001034529
142,156,x_R18_EXIT_F,x_R22_EXIT_H,0.0008377811001034529
142,158,x_R18_EXIT_F,x_R22_EXIT_F,0.0016755622002069058
142,159,x_R18_EXIT_F,x_R22_EXIT_B,0.0008377811001034529
142,160,x_R18_EXIT_F,x_R23_EXIT_C,0.0015873747159854895
142,161,x_R18_EXIT_F,x_R23_EXIT_D,0.0019842183949818617
142,162,x_R18_EXIT_F,x_R23_EXIT_E,0.0003527499368856643
142,163,x_R18_EXIT_F,x_R23_EXIT_G,0.0015873747159854895
142,165,x_R18_EXIT_F,x_R23_EXIT_A,0.0008377811001034529
142,166,x_R18_EXIT_F,x_R23_EXIT_F,0.0008377811001034527
142,169,x_R18_EXIT_F,x_R20_EXIT_D,0.0001190531036989117
142,170,x_R18_EXIT_F,x_R20_EXIT_E,0.0001058249810656993
142,174,x_R18_EXIT_F,x_R20_EXIT_F,0.00010251795040739618
142,177,x_R18_EXIT_F,x_R21_EXIT_D,0.0003968436789963724
142,178,x_R18_EXIT_F,x_R21_EXIT_E,0.0003527499368856643
142,182,x_R18_EXIT_F,x_R21_EXIT_F,0.00034172650135798734
142,185,x_R18_EXIT_F,x_R24_EXIT_D,0.0003968436789963724
142,186,x_R18_EXIT_F,x_R24_EXIT_E,0.0003527499368856643
142,190,x_R18_EXIT_F,x_R24_EXIT_F,0.00034172650135798734
142,193,x_R18_EXIT_F,x_R25_EXIT_D,0.0003968436789963724
142,194,x_R18_EXIT_F,x_R25_EXIT_E,0.0003527499368856643
142,198,x_R18_EXIT_F,x_R25_EXIT_F,0.00034172650135798734
142,200,x_R18_EXIT_F,x_R26_EXIT_C,0.0004762124147956468
142,201,x_R18_EXIT_F,x_R26_EXIT_D,0.0007143186221934702
142,202,x_R18_EXIT_F,x_R26_EXIT_E,0.0006878623769270453
142,204,x_R18_EXIT_F,x_R26_EXIT_H,0.00017857965554836754
142,206,x_R18_EXIT_F,x_R26_EXIT_F,0.0003240890045137041
142,208,x_R18_EXIT_F,x_R27_EXIT_C,0.00018850074752327687
142,209,x_R18_EXIT_F,x_R27_EXIT_D,0.00022818511542291417
142,211,x_R18_EXIT_F,x_R27_EXIT_G,0.00018850074752327687
142,217,x_R18_EXIT_F,x_R28_EXIT_D,0.00023810620739782344
142,218,x_R18_EXIT_F,x_R28_EXIT_E,0.00022928745897568184
142,220,x_R18_EXIT_F,x_R28_EXIT_H,0.00015873747159854897
142,225,x_R18_EXIT_F,x_R29_EXIT_D,0.0004762124147956469
142,226,x_R18_EXIT_F,x_R29_EXIT_E,0.0004585749179513637
142,228,x_R18_EXIT_F,x_R29_EXIT_H,0.00031747494319709794
142,230,x_R18_EXIT_F,x_R29_EXIT_F,0.00013669060054319495
142,232,x_R18_EXIT_F,x_R30_EXIT_C,0.00031747494319709794
142,233,x_R18_EXIT_F,x_R30_EXIT_D,0.0004762124147956469
142,234,x_R18_EXIT_F,x_R30_EXIT_E,0.0004585749179513637
142,249,x_R18_EXIT_F,x_R32_EXIT_D,0.00015873747159854897
142,250,x_R18_EXIT_F,x_R32_EXIT_E,0.00014109997475426572
142,254,x_R18_EXIT_F,x_R32_EXIT_F,0.00013669060054319495
142,257,x_R18_EXIT_F,x_R33_EXIT_D,0.00015873747159854897
142,258,x_R18_EXIT_F,x_R33_EXIT_E,0.00014109997475426572
142,262,x_R18_EXIT_F,x_R33_EXIT_F,0.00013669060054319495
143,144,x_R18_EXIT_B,x_R19_EXIT_C,0.00014550934896533652
143,145,x_R18_EXIT_B,x_R19_EXIT_D,0.00014550934896533652
143,147,x_R18_EXIT_B,x_R19_EXIT_G,0.00014550934896533652
143,148,x_R18_EXIT_B,x_R19_EXIT_H,0.00029101869793067304
143,149,x_R18_EXIT_B,x_R19_EXIT_A,0.00014550934896533652
143,150,x_R18_EXIT_B,x_R19_EXIT_F,0.00014550934896533652
143,151,x_R18_EXIT_B,x_R19_EXIT_B,0.0015377692561109426
143,154,x_R18_EXIT_B,x_R22_EXIT_E,0.0005291249053284965
143,156,x_R18_EXIT_B,x_R22_EXIT_H,0.0003086561947749563
143,159,x_R18_EXIT_B,x_R22_EXIT_B,0.002518855018074197
143,162,x_R18_EXIT_B,x_R23_EXIT_E,0.0007054998737713287
143,164,x_R18_EXIT_B,x_R23_EXIT_H,0.0001322812263321241
143,167,x_R18_EXIT_B,x_R23_EXIT_B,0.002518855018074197
143,170,x_R18_EXIT_B,x_R20_EXIT_E,0.00015873747159854894
143,175,x_R18_EXIT_B,x_R20_EXIT_B,0.0007556565054222589
143,178,x_R18_EXIT_B,x_R21_EXIT_E,0.0005291249053284965
143,180,x_R18_EXIT_B,x_R21_EXIT_H,0.0003086561947749563
143,183,x_R18_EXIT_B,x_R21_EXIT_B,0.002518855018074197
143,184,x_R18_EXIT_B,x_R24_EXIT_C,0.001127146282704974
143,185,x_R18_EXIT_B,x_R24_EXIT_D,0.001127146282704974
143,186,x_R18_EXIT_B,x_R24_EXIT_E,0.0016562711880334707
143,187,x_R18_EXIT_B,x_R24_EXIT_G,0.001127146282704974
143,188,x_R18_EXIT_B,x_R24_EXIT_H,0.000818490087930018
143,189,x_R18_EXIT_B,x_R24_EXIT_A,0.000818490087930018
143,190,x_R18_EXIT_B,x_R24_EXIT_F,0.000818490087930018
143,191,x_R18_EXIT_B,x_R24_EXIT_B,0.0033373451060042148
143,192,x_R18_EXIT_B,x_R25_EXIT_C,0.0003086561947749563
143,193,x_R18_EXIT_B,x_R25_EXIT_D,0.0003086561947749563
143,194,x_R18_EXIT_B,x_R25_EXIT_E,0.0008377811001034528
143,195,x_R18_EXIT_B,x_R25_EXIT_G,0.0003086561947749563
143,202,x_R18_EXIT_B,x_R26_EXIT_E,0.0003174749431970979
143,207,x_R18_EXIT_B,x_R26_EXIT_B,0.0015113130108445178
143,215,x_R18_EXIT_B,x_R27_EXIT_B,0.0002518855018074197
143,218,x_R18_EXIT_B,x_R28_EXIT_E,0.0001058249810656993
143,223,x_R18_EXIT_B,x_R28_EXIT_B,0.0005037710036148394
143,226,x_R18_EXIT_B,x_R29_EXIT_E,0.0002116499621313986
143,228,x_R18_EXIT_B,x_R29_EXIT_H,0.0001234624779099825
143,231,x_R18_EXIT_B,x_R29_EXIT_B,0.0010075420072296788
143,234,x_R18_EXIT_B,x_R30_EXIT_E,0.0002116499621313986
143,239,x_R18_EXIT_B,x_R30_EXIT_B,0.0010075420072296788
143,247,x_R18_EXIT_B,x_R31_EXIT_B,0.0002518855018074197
143,248,x_R18_EXIT_B,x_R32_EXIT_C,0.0003979460225491401
143,249,x_R18_EXIT_B,x_R32_EXIT_D,0.0003979460225491401
143,250,x_R18_EXIT_B,x_R32_EXIT_E,0.0006095959846805386
143,251,x_R18_EXIT_B,x_R32_EXIT_G,0.0003979460225491401
143,252,x_R18_EXIT_B,x_R32_EXIT_H,0.00032739603517200727
143,253,x_R18_EXIT_B,x_R32_EXIT_A,0.00032739603517200727
143,254,x_R18_EXIT_B,x_R32_EXIT_F,0.00032739603517200727
143,255,x_R18_EXIT_B,x_R32_EXIT_B,0.0006801459720576716
143,258,x_R18_EXIT_B,x_R33_EXIT_E,0.00028219994950853144
144,145,x_R19_EXIT_C,x_R19_EXIT_D,1.8391201381074307
144,146,x_R19_EXIT_C,x_R19_EXIT_E,1.838862189716083
144,147,x_R19_EXIT_C,x_R19_EXIT_G,1.8391201381074307
144,148,x_R19_EXIT_C,x_R19_EXIT_H,1.8389415584518822
144,149,x_R19_EXIT_C,x_R19_EXIT_A,1.8391201381074307
144,150,x_R19_EXIT_C,x_R19_EXIT_F,1.8391201381074307
144,151,x_R19_EXIT_C,x_R19_EXIT_B,1.8389415584518822
144,152,x_R19_EXIT_C,x_R22_EXIT_C,0.0009755740441994153
144,154,x_R19_EXIT_C,x_R22_EXIT_E,0.00026456245266424824
144,160,x_R19_EXIT_C,x_R23_EXIT_C,0.0009755740441994153
144,162,x_R19_EXIT_C,x_R23_EXIT_E,0.00026456245266424824
144,168,x_R19_EXIT_C,x_R20_EXIT_C,0.0002926722132598246
144,176,x_R19_EXIT_C,x_R21_EXIT_C,0.0009755740441994153
144,178,x_R19_EXIT_C,x_R21_EXIT_E,0.00026456245266424824
144,184,x_R19_EXIT_C,x_R24_EXIT_C,0.0009755740441994153
144,186,x_R19_EXIT_C,x_R24_EXIT_E,0.00026456245266424824
144,192,x_R19_EXIT_C,x_R25_EXIT_C,0.0009755740441994153
144,194,x_R19_EXIT_C,x_R25_EXIT_E,0.00026456245266424824
144,200,x_R19_EXIT_C,x_R26_EXIT_C,0.0005853444265196491
144,202,x_R19_EXIT_C,x_R26_EXIT_E,0.00015873747159854897
144,216,x_R19_EXIT_C,x_R28_EXIT_C,0.00019511480883988307
144,224,x_R19_EXIT_C,x_R29_EXIT_C,0.00039022961767976613
144,226,x_R19_EXIT_C,x_R29_EXIT_E,0.0001058249810656993
144,232,x_R19_EXIT_C,x_R30_EXIT_C,0.00039022961767976613
144,234,x_R19_EXIT_C,x_R30_EXIT_E,0.0001058249810656993
144,248,x_R19_EXIT_C,x_R32_EXIT_C,0.00039022961767976613
144,250,x_R19_EXIT_C,x_R32_EXIT_E,0.0001058249810656993
144,256,x_R19_EXIT_C,x_R33_EXIT_C,0.00039022961767976613
144,258,x_R19_EXIT_C,x_R33_EXIT_E,0.0001058249810656993
145,146,x_R19_EXIT_D,x_R19_EXIT_E,1.838862189716083
145,147,x_R19_EXIT_D,x_R19_EXIT_G,1.8391201381074307
145,148,x_R19_EXIT_D,x_R19_EXIT_H,1.8389415584518822
145,149,x_R19_EXIT_D,x_R19_EXIT_A,1.8391201381074307
145,150,x_R19_EXIT_D,x_R19_EXIT_F,1.8391201381074307
145,151,x_R19_EXIT_D,x_R19_EXIT_B,1.8389415584518822
145,153,x_R19_EXIT_D,x_R22_EXIT_D,0.0003803085257048568
145,154,x_R19_EXIT_D,x_R22_EXIT_E,0.00026456245266424824
145,161,x_R19_EXIT_D,x_R23_EXIT_D,0.0003803085257048568
145,162,x_R19_EXIT_D,x_R23_EXIT_E,0.00026456245266424824
145,169,x_R19_EXIT_D,x_R20_EXIT_D,0.00011409255771145703
145,177,x_R19_EXIT_D,x_R21_EXIT_D,0.0003803085257048568
145,178,x_R19_EXIT_D,x_R21_EXIT_E,0.00026456245266424824
145,185,x_R19_EXIT_D,x_R24_EXIT_D,0.0003803085257048568
145,186,x_R19_EXIT_D,x_R24_EXIT_E,0.00026456245266424824
145,193,x_R19_EXIT_D,x_R25_EXIT_D,0.0003803085257048568
145,194,x_R19_EXIT_D,x_R25_EXIT_E,0.00026456245266424824
145,201,x_R19_EXIT_D,x_R26_EXIT_D,0.00022818511542291406
145,202,x_R19_EXIT_D,x_R26_EXIT_E,0.00015873747159854897
145,225,x_R19_EXIT_D,x_R29_EXIT_D,0.00015212341028194274
145,226,x_R19_EXIT_D,x_R29_EXIT_E,0.0001058249810656993
145,233,x_R19_EXIT_D,x_R30_EXIT_D,0.00015212341028194274
145,234,x_R19_EXIT_D,x_R30_EXIT_E,0.0001058249810656993
145,249,x_R19_EXIT_D,x_R32_EXIT_D,0.00015212341028194274
145,250,x_R19_EXIT_D,x_R32_EXIT_E,0.0001058249810656993
145,257,x_R19_EXIT_D,x_R33_EXIT_D,0.00015212341028194274
145,258,x_R19_EXIT_D,x_R33_EXIT_E,0.0001058249810656993
146,147,x_R19_EXIT_E,x_R19_EXIT_G,1.838862189716083
146,148,x_R19_EXIT_E,x_R19_EXIT_H,1.838862189716083
146,149,x_R19_EXIT_E,x_R19_EXIT_A,1.838862189716083
146,150,x_R19_EXIT_E,x_R19_EXIT_F,1.838862189716083
146,151,x_R19_EXIT_E,x_R19_EXIT_B,1.838862189716083
146,154,x_R19_EXIT_E,x_R22_EXIT_E,0.00029763275924727924
146,162,x_R19_EXIT_E,x_R23_EXIT_E,0.00029763275924727924
146,178,x_R19_EXIT_E,x_R21_EXIT_E,0.00029763275924727924
146,186,x_R19_EXIT_E,x_R24_EXIT_E,0.00029763275924727924
146,194,x_R19_EXIT_E,x_R25_EXIT_E,0.00029763275924727924
146,202,x_R19_EXIT_E,x_R26_EXIT_E,0.00017857965554836754
146,226,x_R19_EXIT_E,x_R29_EXIT_E,0.00011905310369891171
146,234,x_R19_EXIT_E,x_R30_EXIT_E,0.00011905310369891171
146,250,x_R19_EXIT_E,x_R32_EXIT_E,0.00011905310369891171
146,258,x_R19_EXIT_E,x_R33_EXIT_E,0.00011905310369891171
147,148,x_R19_EXIT_G,x_R19_EXIT_H,1.8389415584518822
147,149,x_R19_EXIT_G,x_R19_EXIT_A,1.839209427935205
147,150,x_R19_EXIT_G,x_R19_EXIT_F,1.839209427935205
147,151,x_R19_EXIT_G,x_R19_EXIT_B,1.8389415584518822
147,153,x_R19_EXIT_G,x_R22_EXIT_D,0.00029763275924727924
147,154,x_R19_EXIT_G,x_R22_EXIT_E,0.00026456245266424824
147,155,x_R19_EXIT_G,x_R22_EXIT_G,0.0010003767741366886
147,161,x_R19_EXIT_G,x_R23_EXIT_D,0.00029763275924727924
147,162,x_R19_EXIT_G,x_R23_EXIT_E,0.00026456245266424824
147,163,x_R19_EXIT_G,x_R23_EXIT_G,0.0010003767741366886
147,168,x_R19_EXIT_G,x_R20_EXIT_C,0.0002009021124919135
147,169,x_R19_EXIT_G,x_R20_EXIT_D,0.00031251439720964317
147,170,x_R19_EXIT_G,x_R20_EXIT_E,0.00030259330523473395
147,172,x_R19_EXIT_G,x_R20_EXIT_H,0.00022322456943545943
147,176,x_R19_EXIT_G,x_R21_EXIT_C,0.00037204094905909907
147,177,x_R19_EXIT_G,x_R21_EXIT_D,0.0007440818981181981
147,178,x_R19_EXIT_G,x_R21_EXIT_E,0.000711011591535167
147,179,x_R19_EXIT_G,x_R21_EXIT_G,0.0005539276352657697
147,180,x_R19_EXIT_G,x_R21_EXIT_H,0.00044644913887091885
147,185,x_R19_EXIT_G,x_R24_EXIT_D,0.00029763275924727924
147,186,x_R19_EXIT_G,x_R24_EXIT_E,0.00026456245266424824
147,187,x_R19_EXIT_G,x_R24_EXIT_G,0.0010003767741366886
147,193,x_R19_EXIT_G,x_R25_EXIT_D,0.00029763275924727924
147,194,x_R19_EXIT_G,x_R25_EXIT_E,0.00026456245266424824
147,195,x_R19_EXIT_G,x_R25_EXIT_G,0.0010003767741366886
147,201,x_R19_EXIT_G,x_R26_EXIT_D,0.00017857965554836751
147,202,x_R19_EXIT_G,x_R26_EXIT_E,0.00015873747159854897
147,203,x_R19_EXIT_G,x_R26_EXIT_G,0.0003323565811594618
147,211,x_R19_EXIT_G,x_R27_EXIT_G,0.00010003767741366886
147,224,x_R19_EXIT_G,x_R29_EXIT_C,0.00014881637962363962
147,225,x_R19_EXIT_G,x_R29_EXIT_D,0.0001190531036989117
147,226,x_R19_EXIT_G,x_R29_EXIT_E,0.0001058249810656993
147,227,x_R19_EXIT_G,x_R29_EXIT_G,0.0002215710541063079
147,233,x_R19_EXIT_G,x_R30_EXIT_D,0.0001190531036989117
147,234,x_R19_EXIT_G,x_R30_EXIT_E,0.0001058249810656993
147,235,x_R19_EXIT_G,x_R30_EXIT_G,0.0002215710541063079
147,249,x_R19_EXIT_G,x_R32_EXIT_D,0.0001190531036989117
147,250,x_R19_EXIT_G,x_R32_EXIT_E,0.0001058249810656993
147,251,x_R19_EXIT_G,x_R32_EXIT_G,0.00040015070965467546
147,257,x_R19_EXIT_G,x_R33_EXIT_D,0.0001190531036989117
147,258,x_R19_EXIT_G,x_R33_EXIT_E,0.0001058249810656993
147,259,x_R19_EXIT_G,x_R33_EXIT_G,0.00040015070965467546
148,149,x_R19_EXIT_H,x_R19_EXIT_A,1.8389415584518822
148,150,x_R19_EXIT_H,x_R19_EXIT_F,1.8389415584518822
148,151,x_R19_EXIT_H,x_R19_EXIT_B,1.8390506904636064
148,154,x_R19_EXIT_H,x_R22_EXIT_E,0.00039684367899637233
148,156,x_R19_EXIT_H,x_R22_EXIT_H,0.0005291249053284965
148,162,x_R19_EXIT_H,x_R23_EXIT_E,0.0005291249053284965
148,164,x_R19_EXIT_H,x_R23_EXIT_H,0.0003968436789963724
148,170,x_R19_EXIT_H,x_R20_EXIT_E,0.00011905310369891171
148,172,x_R19_EXIT_H,x_R20_EXIT_H,0.00015873747159854894
148,178,x_R19_EXIT_H,x_R21_EXIT_E,0.00039684367899637233
148,180,x_R19_EXIT_H,x_R21_EXIT_H,0.0005291249053284965
148,184,x_R19_EXIT_H,x_R24_EXIT_C,0.00023149214608121722
148,185,x_R19_EXIT_H,x_R24_EXIT_D,0.00023149214608121722
148,186,x_R19_EXIT_H,x_R24_EXIT_E,0.0006283358250775895
148,187,x_R19_EXIT_H,x_R24_EXIT_G,0.00023149214608121722
148,188,x_R19_EXIT_H,x_R24_EXIT_H,0.00029763275924727924
148,192,x_R19_EXIT_H,x_R25_EXIT_C,0.0004299139855794034
148,193,x_R19_EXIT_H,x_R25_EXIT_D,0.0004299139855794034
148,194,x_R19_EXIT_H,x_R25_EXIT_E,0.0008267576645757756
148,195,x_R19_EXIT_H,x_R25_EXIT_G,0.0004299139855794034
148,202,x_R19_EXIT_H,x_R26_EXIT_E,0.00023810620739782342
148,204,x_R19_EXIT_H,x_R26_EXIT_H,0.00023810620739782344
148,220,x_R19_EXIT_H,x_R28_EXIT_H,0.0001058249810656993
148,226,x_R19_EXIT_H,x_R29_EXIT_E,0.00015873747159854894
148,228,x_R19_EXIT_H,x_R29_EXIT_H,0.0002116499621313986
148,234,x_R19_EXIT_H,x_R30_EXIT_E,0.00015873747159854894
148,250,x_R19_EXIT_H,x_R32_EXIT_E,0.0002116499621313986
148,258,x_R19_EXIT_H,x_R33_EXIT_E,0.0002116499621313986
149,150,x_R19_EXIT_A,x_R19_EXIT_F,1.839397928682728
149,151,x_R19_EXIT_A,x_R19_EXIT_B,1.8389415584518822
149,152,x_R19_EXIT_A,x_R22_EXIT_C,0.0006283358250775895
149,153,x_R19_EXIT_A,x_R22_EXIT_D,0.0009259685843248689
149,154,x_R19_EXIT_A,x_R22_EXIT_E,0.0008928982777418377
149,155,x_R19_EXIT_A,x_R22_EXIT_G,0.0006283358250775895
149,156,x_R19_EXIT_A,x_R22_EXIT_H,0.0006283358250775895
149,157,x_R19_EXIT_A,x_R22_EXIT_A,0.0021867740228029265
149,160,x_R19_EXIT_A,x_R23_EXIT_C,0.0005952655184945585
149,161,x_R19_EXIT_A,x_R23_EXIT_D,0.0008928982777418377
149,162,x_R19_EXIT_A,x_R23_EXIT_E,0.00026456245266424824
149,163,x_R19_EXIT_A,x_R23_EXIT_G,0.0005952655184945585
149,165,x_R19_EXIT_A,x_R23_EXIT_A,0.0021867740228029265
149,173,x_R19_EXIT_A,x_R20_EXIT_A,0.00019966197599504985
149,174,x_R19_EXIT_A,x_R20_EXIT_F,0.00017857965554836751
149,175,x_R19_EXIT_A,x_R20_EXIT_B,0.00017857965554836751
149,177,x_R19_EXIT_A,x_R21_EXIT_D,0.00029763275924727924
149,178,x_R19_EXIT_A,x_R21_EXIT_E,0.00026456245266424824
149,181,x_R19_EXIT_A,x_R21_EXIT_A,0.0010375808690425985
149,182,x_R19_EXIT_A,x_R21_EXIT_F,0.00022322456943545943
149,183,x_R19_EXIT_A,x_R21_EXIT_B,0.00022322456943545943
149,185,x_R19_EXIT_A,x_R24_EXIT_D,0.00029763275924727924
149,186,x_R19_EXIT_A,x_R24_EXIT_E,0.00026456245266424824
149,189,x_R19_EXIT_A,x_R24_EXIT_A,0.0012608054384780582
149,193,x_R19_EXIT_A,x_R25_EXIT_D,0.00029763275924727924
149,194,x_R19_EXIT_A,x_R25_EXIT_E,0.00026456245266424824
149,197,x_R19_EXIT_A,x_R25_EXIT_A,0.0012608054384780582
149,200,x_R19_EXIT_A,x_R26_EXIT_C,0.0008482533638547459
149,201,x_R19_EXIT_A,x_R26_EXIT_D,0.0010268330194031134
149,202,x_R19_EXIT_A,x_R26_EXIT_E,0.001006990835453295
149,203,x_R19_EXIT_A,x_R26_EXIT_G,0.00017857965554836751
149,205,x_R19_EXIT_A,x_R26_EXIT_A,0.0008011281769739265
149,213,x_R19_EXIT_A,x_R27_EXIT_A,0.0001335213628289878
149,216,x_R19_EXIT_A,x_R28_EXIT_C,0.00019718170300132254
149,217,x_R19_EXIT_A,x_R28_EXIT_D,0.0005989859279851497
149,218,x_R19_EXIT_A,x_R28_EXIT_E,0.0005923718666685434
149,219,x_R19_EXIT_A,x_R28_EXIT_G,0.0001227735131895027
149,220,x_R19_EXIT_A,x_R28_EXIT_H,0.0005394593761356937
149,222,x_R19_EXIT_A,x_R28_EXIT_F,0.00024182661688841445
149,223,x_R19_EXIT_A,x_R28_EXIT_B,0.00024182661688841445
149,225,x_R19_EXIT_A,x_R29_EXIT_D,0.0008036084499676541
149,226,x_R19_EXIT_A,x_R29_EXIT_E,0.0007903803273344417
149,228,x_R19_EXIT_A,x_R29_EXIT_H,0.0006845553462687423
149,232,x_R19_EXIT_A,x_R30_EXIT_C,0.0005952655184945585
149,233,x_R19_EXIT_A,x_R30_EXIT_D,0.0007143186221934702
149,234,x_R19_EXIT_A,x_R30_EXIT_E,0.0007010904995602578
149,237,x_R19_EXIT_A,x_R30_EXIT_A,0.0005043221753912232
149,245,x_R19_EXIT_A,x_R31_EXIT_A,0.0001260805438478058
149,249,x_R19_EXIT_A,x_R32_EXIT_D,0.0001190531036989117
149,250,x_R19_EXIT_A,x_R32_EXIT_E,0.0001058249810656993
149,253,x_R19_EXIT_A,x_R32_EXIT_A,0.0005043221753912232
149,257,x_R19_EXIT_A,x_R33_EXIT_D,0.0001190531036989117
149,258,x_R19_EXIT_A,x_R33_EXIT_E,0.0001058249810656993
149,261,x_R19_EXIT_A,x_R33_EXIT_A,0.0005043221753912232
150,151,x_R19_EXIT_F,x_R19_EXIT_B,1.8389415584518822
150,152,x_R19_EXIT_F,x_R22_EXIT_C,0.0006283358250775895
150,153,x_R19_EXIT_F,x_R22_EXIT_D,0.0009259685843248689
150,154,x_R19_EXIT_F,x_R22_EXIT_E,0.0008928982777418377
150,155,x_R19_EXIT_F,x_R22_EXIT_G,0.0006283358250775895
150,156,x_R19_EXIT_F,x_R22_EXIT_H,0.0006283358250775895
150,158,x_R19_EXIT_F,x_R22_EXIT_F,0.0012566716501551788
150,159,x_R19_EXIT_F,x_R22_EXIT_B,0.0006283358250775895
150,160,x_R19_EXIT_F,x_R23_EXIT_C,0.001190531036989117
150,161,x_R19_EXIT_F,x_R23_EXIT_D,0.0014881637962363963
150,162,x_R19_EXIT_F,x_R23_EXIT_E,0.00026456245266424824
150,163,x_R19_EXIT_F,x_R23_EXIT_G,0.001190531036989117
150,165,x_R19_EXIT_F,x_R23_EXIT_A,0.0006283358250775895
150,166,x_R19_EXIT_F,x_R23_EXIT_F,0.0006283358250775895
150,177,x_R19_EXIT_F,x_R21_EXIT_D,0.00029763275924727924
150,178,x_R19_EXIT_F,x_R21_EXIT_E,0.00026456245266424824
150,182,x_R19_EXIT_F,x_R21_EXIT_F,0.00025629487601849045
150,185,x_R19_EXIT_F,x_R24_EXIT_D,0.00029763275924727924
150,186,x_R19_EXIT_F,x_R24_EXIT_E,0.00026456245266424824
150,190,x_R19_EXIT_F,x_R24_EXIT_F,0.00025629487601849045
150,193,x_R19_EXIT_F,x_R25_EXIT_D,0.00029763275924727924
150,194,x_R19_EXIT_F,x_R25_EXIT_E,0.00026456245266424824
150,198,x_R19_EXIT_F,x_R25_EXIT_F,0.00025629487601849045
150,200,x_R19_EXIT_F,x_R26_EXIT_C,0.0003571593110967351
150,201,x_R19_EXIT_F,x_R26_EXIT_D,0.0005357389666451026
150,202,x_R19_EXIT_F,x_R26_EXIT_E,0.0005158967826952841
150,204,x_R19_EXIT_F,x_R26_EXIT_H,0.00013393474166127566
150,206,x_R19_EXIT_F,x_R26_EXIT_F,0.000243066753385278
150,208,x_R19_EXIT_F,x_R27_EXIT_C,0.00014137556064245765
150,209,x_R19_EXIT_F,x_R27_EXIT_D,0.00017113883656718557
150,211,x_R19_EXIT_F,x_R27_EXIT_G,0.00014137556064245765
150,217,x_R19_EXIT_F,x_R28_EXIT_D,0.00017857965554836754
150,218,x_R19_EXIT_F,x_R28_EXIT_E,0.00017196559423176132
150,220,x_R19_EXIT_F,x_R28_EXIT_H,0.0001190531036989117
150,225,x_R19_EXIT_F,x_R29_EXIT_D,0.0003571593110967351
150,226,x_R19_EXIT_F,x_R29_EXIT_E,0.00034393118846352263
150,228,x_R19_EXIT_F,x_R29_EXIT_H,0.0002381062073978234
150,230,x_R19_EXIT_F,x_R29_EXIT_F,0.00010251795040739618
150,232,x_R19_EXIT_F,x_R30_EXIT_C,0.0002381062073978234
150,233,x_R19_EXIT_F,x_R30_EXIT_D,0.0003571593110967351
150,234,x_R19_EXIT_F,x_R30_EXIT_E,0.00034393118846352263
150,249,x_R19_EXIT_F,x_R32_EXIT_D,0.0001190531036989117
150,250,x_R19_EXIT_F,x_R32_EXIT_E,0.0001058249810656993
150,254,x_R19_EXIT_F,x_R32_EXIT_F,0.00010251795040739618
150,257,x_R19_EXIT_F,x_R33_EXIT_D,0.0001190531036989117
150,258,x_R19_EXIT_F,x_R33_EXIT_E,0.0001058249810656993
150,262,x_R19_EXIT_F,x_R33_EXIT_F,0.00010251795040739618
151,154,x_R19_EXIT_B,x_R22_EXIT_E,0.00039684367899637233
151,156,x_R19_EXIT_B,x_R22_EXIT_H,0.00023149214608121722
151,159,x_R19_EXIT_B,x_R22_EXIT_B,0.0018891412635556474
151,162,x_R19_EXIT_B,x_R23_EXIT_E,0.0005291249053284965
151,167,x_R19_EXIT_B,x_R23_EXIT_B,0.0018891412635556474
151,170,x_R19_EXIT_B,x_R20_EXIT_E,0.00011905310369891171
151,175,x_R19_EXIT_B,x_R20_EXIT_B,0.0005667423790666942
151,178,x_R19_EXIT_B,x_R21_EXIT_E,0.00039684367899637233
151,180,x_R19_EXIT_B,x_R21_EXIT_H,0.00023149214608121722
151,183,x_R19_EXIT_B,x_R21_EXIT_B,0.0018891412635556474
151,184,x_R19_EXIT_B,x_R24_EXIT_C,0.0008453597120287306
151,185,x_R19_EXIT_B,x_R24_EXIT_D,0.0008453597120287306
151,186,x_R19_EXIT_B,x_R24_EXIT_E,0.0012422033910251028
151,187,x_R19_EXIT_B,x_R24_EXIT_G,0.0008453597120287306
151,188,x_R19_EXIT_B,x_R24_EXIT_H,0.0006138675659475135
151,189,x_R19_EXIT_B,x_R24_EXIT_A,0.0006138675659475134
151,190,x_R19_EXIT_B,x_R24_EXIT_F,0.0006138675659475134
151,191,x_R19_EXIT_B,x_R24_EXIT_B,0.0025030088295031607
151,192,x_R19_EXIT_B,x_R25_EXIT_C,0.00023149214608121722
151,193,x_R19_EXIT_B,x_R25_EXIT_D,0.00023149214608121722
151,194,x_R19_EXIT_B,x_R25_EXIT_E,0.0006283358250775895
151,195,x_R19_EXIT_B,x_R25_EXIT_G,0.00023149214608121722
151,202,x_R19_EXIT_B,x_R26_EXIT_E,0.00023810620739782342
151,207,x_R19_EXIT_B,x_R26_EXIT_B,0.0011334847581333885
151,215,x_R19_EXIT_B,x_R27_EXIT_B,0.00018891412635556472
151,223,x_R19_EXIT_B,x_R28_EXIT_B,0.00037782825271112945
151,226,x_R19_EXIT_B,x_R29_EXIT_E,0.00015873747159854894
151,231,x_R19_EXIT_B,x_R29_EXIT_B,0.0007556565054222589
151,234,x_R19_EXIT_B,x_R30_EXIT_E,0.00015873747159854894
151,239,x_R19_EXIT_B,x_R30_EXIT_B,0.0007556565054222589
151,247,x_R19_EXIT_B,x_R31_EXIT_B,0.00018891412635556472
151,248,x_R19_EXIT_B,x_R32_EXIT_C,0.00029845951691185506
151,249,x_R19_EXIT_B,x_R32_EXIT_D,0.00029845951691185506
151,250,x_R19_EXIT_B,x_R32_EXIT_E,0.00045719698851040395
151,251,x_R19_EXIT_B,x_R32_EXIT_G,0.00029845951691185506
151,252,x_R19_EXIT_B,x_R32_EXIT_H,0.0002455470263790054
151,253,x_R19_EXIT_B,x_R32_EXIT_A,0.0002455470263790054
151,254,x_R19_EXIT_B,x_R32_EXIT_F,0.0002455470263790054
151,255,x_R19_EXIT_B,x_R32_EXIT_B,0.0005101094790432537
151,258,x_R19_EXIT_B,x_R33_EXIT_E,0.0002116499621313986
152,153,x_R22_EXIT_C,x_R22_EXIT_D,1.840774962469551
152,154,x_R22_EXIT_C,x_R22_EXIT_E,1.840774962469551
152,155,x_R22_EXIT_C,x_R22_EXIT_G,1.8410229897689239
152,156,x_R22_EXIT_C,x_R22_EXIT_H,1.840774962469551
152,157,x_R22_EXIT_C,x_R22_EXIT_A,1.8386185028944493
152,158,x_R22_EXIT_C,x_R22_EXIT_F,1.8386185028944493
152,159,x_R22_EXIT_C,x_R22_EXIT_B,1.8386185028944493
152,160,x_R22_EXIT_C,x_R23_EXIT_C,0.006476268372510244
152,161,x_R22_EXIT_C,x_R23_EXIT_D,0.0019842183949818617
152,163,x_R22_EXIT_C,x_R23_EXIT_G,0.0022322456943545945
152,168,x_R22_EXIT_C,x_R20_EXIT_C,0.0012732068034466944
152,176,x_R22_EXIT_C,x_R21_EXIT_C,0.004244022678155649
152,177,x_R22_EXIT_C,x_R21_EXIT_D,0.0002480272993727327
152,178,x_R22_EXIT_C,x_R21_EXIT_E,0.0002480272993727327
152,180,x_R22_EXIT_C,x_R21_EXIT_H,0.0002480272993727327
152,184,x_R22_EXIT_C,x_R24_EXIT_C,0.004492049977528382
152,187,x_R22_EXIT_C,x_R24_EXIT_G,0.0002480272993727327
152,192,x_R22_EXIT_C,x_R25_EXIT_C,0.004492049977528382
152,195,x_R22_EXIT_C,x_R25_EXIT_G,0.0002480272993727327
152,200,x_R22_EXIT_C,x_R26_EXIT_C,0.0038857610235061455
152,201,x_R22_EXIT_C,x_R26_EXIT_D,0.001190531036989117
152,202,x_R22_EXIT_C,x_R26_EXIT_E,0.001190531036989117
152,208,x_R22_EXIT_C,x_R27_EXIT_C,0.0006476268372510243
152,209,x_R22_EXIT_C,x_R27_EXIT_D,0.0001984218394981862
152,211,x_R22_EXIT_C,x_R27_EXIT_G,0.00022322456943545945
152,216,x_R22_EXIT_C,x_R28_EXIT_C,0.0008488045356311297
152,217,x_R22_EXIT_C,x_R28_EXIT_D,0.0003968436789963724
152,218,x_R22_EXIT_C,x_R28_EXIT_E,0.0003968436789963724
152,220,x_R22_EXIT_C,x_R28_EXIT_H,0.0003968436789963724
152,224,x_R22_EXIT_C,x_R29_EXIT_C,0.0016976090712622594
152,225,x_R22_EXIT_C,x_R29_EXIT_D,0.0007936873579927448
152,226,x_R22_EXIT_C,x_R29_EXIT_E,0.0007936873579927448
152,228,x_R22_EXIT_C,x_R29_EXIT_H,0.0007936873579927448
152,232,x_R22_EXIT_C,x_R30_EXIT_C,0.002590507349004097
152,233,x_R22_EXIT_C,x_R30_EXIT_D,0.0007936873579927448
152,234,x_R22_EXIT_C,x_R30_EXIT_E,0.0007936873579927448
152,240,x_R22_EXIT_C,x_R31_EXIT_C,0.00044920499775283806
152,248,x_R22_EXIT_C,x_R32_EXIT_C,0.0017968199910113523
152,256,x_R22_EXIT_C,x_R33_EXIT_C,0.0017968199910113523
153,154,x_R22_EXIT_D,x_R22_EXIT_E,1.840774962469551
153,155,x_R22_EXIT_D,x_R22_EXIT_G,1.840774962469551
153,156,x_R22_EXIT_D,x_R22_EXIT_H,1.840774962469551
153,157,x_R22_EXIT_D,x_R22_EXIT_A,1.8386185028944493
153,158,x_R22_EXIT_D,x_R22_EXIT_F,1.8386185028944493
153,159,x_R22_EXIT_D,x_R22_EXIT_B,1.8386185028944493
153,160,x_R22_EXIT_D,x_R23_EXIT_C,0.0019842183949818617
153,161,x_R22_EXIT_D,x_R23_EXIT_D,0.00424402267815565
153,163,x_R22_EXIT_D,x_R23_EXIT_G,0.0019842183949818617
153,169,x_R22_EXIT_D,x_R20_EXIT_D,0.000677941284952136
153,177,x_R22_EXIT_D,x_R21_EXIT_D,0.002259804283173787
153,185,x_R22_EXIT_D,x_R24_EXIT_D,0.002259804283173787
153,193,x_R22_EXIT_D,x_R25_EXIT_D,0.002259804283173787
153,200,x_R22_EXIT_D,x_R26_EXIT_C,0.001190531036989117
153,201,x_R22_EXIT_D,x_R26_EXIT_D,0.002546413606893389
153,202,x_R22_EXIT_D,x_R26_EXIT_E,0.001190531036989117
153,208,x_R22_EXIT_D,x_R27_EXIT_C,0.0001984218394981862
153,209,x_R22_EXIT_D,x_R27_EXIT_D,0.0004244022678155649
153,211,x_R22_EXIT_D,x_R27_EXIT_G,0.0001984218394981862
153,217,x_R22_EXIT_D,x_R28_EXIT_D,0.0008488045356311298
153,218,x_R22_EXIT_D,x_R28_EXIT_E,0.0003968436789963724
153,220,x_R22_EXIT_D,x_R28_EXIT_H,0.0003968436789963724
153,225,x_R22_EXIT_D,x_R29_EXIT_D,0.0016976090712622596
153,226,x_R22_EXIT_D,x_R29_EXIT_E,0.0007936873579927448
153,228,x_R22_EXIT_D,x_R29_EXIT_H,0.0007936873579927448
153,232,x_R22_EXIT_D,x_R30_EXIT_C,0.0007936873579927448
153,233,x_R22_EXIT_D,x_R30_EXIT_D,0.0016976090712622596
153,234,x_R22_EXIT_D,x_R30_EXIT_E,0.0007936873579927448
153,241,x_R22_EXIT_D,x_R31_EXIT_D,0.0002259804283173786
153,249,x_R22_EXIT_D,x_R32_EXIT_D,0.0009039217132695144
153,257,x_R22_EXIT_D,x_R33_EXIT_D,0.0009039217132695144
154,155,x_R22_EXIT_E,x_R22_EXIT_G,1.840774962469551
154,156,x_R22_EXIT_E,x_R22_EXIT_H,1.842759180864533
154,157,x_R22_EXIT_E,x_R22_EXIT_A,1.8386185028944493
154,158,x_R22_EXIT_E,x_R22_EXIT_F,1.8386185028944493
154,159,x_R22_EXIT_E,x_R22_EXIT_B,1.8386185028944493
154,160,x_R22_EXIT_E,x_R23_EXIT_C,0.0019842183949818617
154,161,x_R22_EXIT_E,x_R23_EXIT_D,0.0019842183949818617
154,162,x_R22_EXIT_E,x_R23_EXIT_E,0.0023149214608121716
154,163,x_R22_EXIT_E,x_R23_EXIT_G,0.0019842183949818617
154,170,x_R22_EXIT_E,x_R20_EXIT_E,0.00128974195673821
154,172,x_R22_EXIT_E,x_R20_EXIT_H,0.0005952655184945585
154,178,x_R22_EXIT_E,x_R21_EXIT_E,0.004299139855794033
154,180,x_R22_EXIT_E,x_R21_EXIT_H,0.0019842183949818617
154,184,x_R22_EXIT_E,x_R24_EXIT_C,0.0019842183949818617
154,185,x_R22_EXIT_E,x_R24_EXIT_D,0.0019842183949818617
154,186,x_R22_EXIT_E,x_R24_EXIT_E,0.0023149214608121716
154,187,x_R22_EXIT_E,x_R24_EXIT_G,0.0019842183949818617
154,192,x_R22_EXIT_E,x_R25_EXIT_C,0.0019842183949818617
154,193,x_R22_EXIT_E,x_R25_EXIT_D,0.0019842183949818617
154,194,x_R22_EXIT_E,x_R25_EXIT_E,0.0023149214608121716
154,195,x_R22_EXIT_E,x_R25_EXIT_G,0.0019842183949818617
154,200,x_R22_EXIT_E,x_R26_EXIT_C,0.001190531036989117
154,201,x_R22_EXIT_E,x_R26_EXIT_D,0.001190531036989117
154,202,x_R22_EXIT_E,x_R26_EXIT_E,0.003770014950465537
154,208,x_R22_EXIT_E,x_R27_EXIT_C,0.0001984218394981862
154,209,x_R22_EXIT_E,x_R27_EXIT_D,0.0001984218394981862
154,210,x_R22_EXIT_E,x_R27_EXIT_E,0.00023149214608121722
154,211,x_R22_EXIT_E,x_R27_EXIT_G,0.0001984218394981862
154,217,x_R22_EXIT_E,x_R28_EXIT_D,0.0003968436789963724
154,218,x_R22_EXIT_E,x_R28_EXIT_E,0.0012566716501551793
154,220,x_R22_EXIT_E,x_R28_EXIT_H,0.0007936873579927448
154,225,x_R22_EXIT_E,x_R29_EXIT_D,0.0007936873579927448
154,226,x_R22_EXIT_E,x_R29_EXIT_E,0.0025133433003103585
154,228,x_R22_EXIT_E,x_R29_EXIT_H,0.0015873747159854895
154,232,x_R22_EXIT_E,x_R30_EXIT_C,0.0007936873579927448
154,233,x_R22_EXIT_E,x_R30_EXIT_D,0.0007936873579927448
154,234,x_R22_EXIT_E,x_R30_EXIT_E,0.0025133433003103585
154,240,x_R22_EXIT_E,x_R31_EXIT_C,0.0001984218394981862
154,241,x_R22_EXIT_E,x_R31_EXIT_D,0.0001984218394981862
154,242,x_R22_EXIT_E,x_R31_EXIT_E,0.00023149214608121722
154,248,x_R22_EXIT_E,x_R32_EXIT_C,0.0007936873579927448
154,249,x_R22_EXIT_E,x_R32_EXIT_D,0.0007936873579927448
154,250,x_R22_EXIT_E,x_R32_EXIT_E,0.0009259685843248689
154,251,x_R22_EXIT_E,x_R32_EXIT_G,0.0007936873579927448
154,256,x_R22_EXIT_E,x_R33_EXIT_C,0.0007936873579927448
154,257,x_R22_EXIT_E,x_R33_EXIT_D,0.0007936873579927448
154,258,x_R22_EXIT_E,x_R33_EXIT_E,0.0009259685843248689
154,259,x_R22_EXIT_E,x_R33_EXIT_G,0.0007936873579927448
155,156,x_R22_EXIT_G,x_R22_EXIT_H,1.840774962469551
155,157,x_R22_EXIT_G,x_R22_EXIT_A,1.8386185028944493
155,158,x_R22_EXIT_G,x_R22_EXIT_F,1.8386185028944493
155,159,x_R22_EXIT_G,x_R22_EXIT_B,1.8386185028944493
155,160,x_R22_EXIT_G,x_R23_EXIT_C,0.0022322456943545945
155,161,x_R22_EXIT_G,x_R23_EXIT_D,0.0019842183949818617
155,163,x_R22_EXIT_G,x_R23_EXIT_G,0.005318807642104156
155,168,x_R22_EXIT_G,x_R20_EXIT_C,0.0006696737083063783
155,169,x_R22_EXIT_G,x_R20_EXIT_D,0.0007440818981181981
155,170,x_R22_EXIT_G,x_R20_EXIT_E,0.0007440818981181981
155,171,x_R22_EXIT_G,x_R20_EXIT_G,0.00025629487601849045
155,172,x_R22_EXIT_G,x_R20_EXIT_H,0.0007440818981181981
155,176,x_R22_EXIT_G,x_R21_EXIT_C,0.0012401364968636637
155,177,x_R22_EXIT_G,x_R21_EXIT_D,0.0014881637962363963
155,178,x_R22_EXIT_G,x_R21_EXIT_E,0.0014881637962363963
155,179,x_R22_EXIT_G,x_R21_EXIT_G,0.0018464254508858992
155,180,x_R22_EXIT_G,x_R21_EXIT_H,0.0014881637962363963
155,184,x_R22_EXIT_G,x_R24_EXIT_C,0.0002480272993727327
155,187,x_R22_EXIT_G,x_R24_EXIT_G,0.0033345892471222955
155,192,x_R22_EXIT_G,x_R25_EXIT_C,0.0002480272993727327
155,195,x_R22_EXIT_G,x_R25_EXIT_G,0.0033345892471222955
155,200,x_R22_EXIT_G,x_R26_EXIT_C,0.0013393474166127567
155,201,x_R22_EXIT_G,x_R26_EXIT_D,0.001190531036989117
155,202,x_R22_EXIT_G,x_R26_EXIT_E,0.001190531036989117
155,203,x_R22_EXIT_G,x_R26_EXIT_G,0.0011078552705315395
155,208,x_R22_EXIT_G,x_R27_EXIT_C,0.00022322456943545945
155,209,x_R22_EXIT_G,x_R27_EXIT_D,0.0001984218394981862
155,211,x_R22_EXIT_G,x_R27_EXIT_G,0.0005318807642104159
155,216,x_R22_EXIT_G,x_R28_EXIT_C,0.0002480272993727327
155,217,x_R22_EXIT_G,x_R28_EXIT_D,0.0003968436789963724
155,218,x_R22_EXIT_G,x_R28_EXIT_E,0.0003968436789963724
155,219,x_R22_EXIT_G,x_R28_EXIT_G,0.00017086325067899364
155,220,x_R22_EXIT_G,x_R28_EXIT_H,0.0003968436789963724
155,224,x_R22_EXIT_G,x_R29_EXIT_C,0.0004960545987454654
155,225,x_R22_EXIT_G,x_R29_EXIT_D,0.0007936873579927448
155,226,x_R22_EXIT_G,x_R29_EXIT_E,0.0007936873579927448
155,227,x_R22_EXIT_G,x_R29_EXIT_G,0.0007385701803543596
155,228,x_R22_EXIT_G,x_R29_EXIT_H,0.0007936873579927448
155,232,x_R22_EXIT_G,x_R30_EXIT_C,0.0008928982777418378
155,233,x_R22_EXIT_G,x_R30_EXIT_D,0.0007936873579927448
155,234,x_R22_EXIT_G,x_R30_EXIT_E,0.0007936873579927448
155,235,x_R22_EXIT_G,x_R30_EXIT_G,0.0007385701803543596
155,243,x_R22_EXIT_G,x_R31_EXIT_G,0.0001846425450885899
155,251,x_R22_EXIT_G,x_R32_EXIT_G,0.001333835698848918
155,259,x_R22_EXIT_G,x_R33_EXIT_G,0.001333835698848918
156,157,x_R22_EXIT_H,x_R22_EXIT_A,1.8386185028944493
156,158,x_R22_EXIT_H,x_R22_EXIT_F,1.8386185028944493
156,159,x_R22_EXIT_H,x_R22_EXIT_B,1.8386185028944493
156,160,x_R22_EXIT_H,x_R23_EXIT_C,0.0019842183949818617
156,161,x_R22_EXIT_H,x_R23_EXIT_D,0.0019842183949818617
156,162,x_R22_EXIT_H,x_R23_EXIT_E,0.0004409374211070804
156,163,x_R22_EXIT_H,x_R23_EXIT_G,0.0019842183949818617
156,164,x_R22_EXIT_H,x_R23_EXIT_H,0.0013228122633212411
156,170,x_R22_EXIT_H,x_R20_EXIT_E,0.0005952655184945585
156,172,x_R22_EXIT_H,x_R20_EXIT_H,0.001124390423823055
156,178,x_R22_EXIT_H,x_R21_EXIT_E,0.0019842183949818617
156,180,x_R22_EXIT_H,x_R21_EXIT_H,0.0037479680794101837
156,184,x_R22_EXIT_H,x_R24_EXIT_C,0.002755858881919253
156,185,x_R22_EXIT_H,x_R24_EXIT_D,0.002755858881919253
156,186,x_R22_EXIT_H,x_R24_EXIT_E,0.0007716404869373906
156,187,x_R22_EXIT_H,x_R24_EXIT_G,0.002755858881919253
156,188,x_R22_EXIT_H,x_R24_EXIT_H,0.0009921091974909306
156,192,x_R22_EXIT_H,x_R25_EXIT_C,0.003417265013579873
156,193,x_R22_EXIT_H,x_R25_EXIT_D,0.003417265013579873
156,194,x_R22_EXIT_H,x_R25_EXIT_E,0.001433046618598011
156,195,x_R22_EXIT_H,x_R25_EXIT_G,0.003417265013579873
156,196,x_R22_EXIT_H,x_R25_EXIT_H,0.0003307030658303103
156,200,x_R22_EXIT_H,x_R26_EXIT_C,0.001190531036989117
156,201,x_R22_EXIT_H,x_R26_EXIT_D,0.001190531036989117
156,202,x_R22_EXIT_H,x_R26_EXIT_E,0.002381062073978234
156,204,x_R22_EXIT_H,x_R26_EXIT_H,0.0007936873579927448
156,208,x_R22_EXIT_H,x_R27_EXIT_C,0.0001984218394981862
156,209,x_R22_EXIT_H,x_R27_EXIT_D,0.0001984218394981862
156,211,x_R22_EXIT_H,x_R27_EXIT_G,0.0001984218394981862
156,212,x_R22_EXIT_H,x_R27_EXIT_H,0.00013228122633212412
156,217,x_R22_EXIT_H,x_R28_EXIT_D,0.0003968436789963724
156,218,x_R22_EXIT_H,x_R28_EXIT_E,0.0007936873579927448
156,220,x_R22_EXIT_H,x_R28_EXIT_H,0.001146437294878409
156,225,x_R22_EXIT_H,x_R29_EXIT_D,0.0007936873579927448
156,226,x_R22_EXIT_H,x_R29_EXIT_E,0.0015873747159854895
156,228,x_R22_EXIT_H,x_R29_EXIT_H,0.002292874589756818
156,232,x_R22_EXIT_H,x_R30_EXIT_C,0.0007936873579927448
156,233,x_R22_EXIT_H,x_R30_EXIT_D,0.0007936873579927448
156,234,x_R22_EXIT_H,x_R30_EXIT_E,0.0015873747159854895
156,236,x_R22_EXIT_H,x_R30_EXIT_H,0.0001322812263321241
156,240,x_R22_EXIT_H,x_R31_EXIT_C,0.00024251558160889422
156,241,x_R22_EXIT_H,x_R31_EXIT_D,0.00024251558160889422
156,248,x_R22_EXIT_H,x_R32_EXIT_C,0.0009700623264355769
156,249,x_R22_EXIT_H,x_R32_EXIT_D,0.0009700623264355769
156,250,x_R22_EXIT_H,x_R32_EXIT_E,0.00017637496844283214
156,251,x_R22_EXIT_H,x_R32_EXIT_G,0.0009700623264355769
156,252,x_R22_EXIT_H,x_R32_EXIT_H,0.0001322812263321241
156,256,x_R22_EXIT_H,x_R33_EXIT_C,0.0009700623264355769
156,257,x_R22_EXIT_H,x_R33_EXIT_D,0.0009700623264355769
156,258,x_R22_EXIT_H,x_R33_EXIT_E,0.00017637496844283214
156,259,x_R22_EXIT_H,x_R33_EXIT_G,0.0009700623264355769
156,260,x_R22_EXIT_H,x_R33_EXIT_H,0.0001322812263321241
157,158,x_R22_EXIT_A,x_R22_EXIT_F,1.8386185028944493
157,159,x_R22_EXIT_A,x_R22_EXIT_B,1.8386185028944493
157,165,x_R22_EXIT_A,x_R23_EXIT_A,0.007289246742676422
157,173,x_R22_EXIT_A,x_R20_EXIT_A,0.0006655399199834994
157,174,x_R22_EXIT_A,x_R20_EXIT_F,0.0005952655184945585
157,175,x_R22_EXIT_A,x_R20_EXIT_B,0.0005952655184945585
157,181,x_R22_EXIT_A,x_R21_EXIT_A,0.003458602896808662
157,182,x_R22_EXIT_A,x_R21_EXIT_F,0.0007440818981181981
157,183,x_R22_EXIT_A,x_R21_EXIT_B,0.0007440818981181981
157,189,x_R22_EXIT_A,x_R24_EXIT_A,0.0042026847949268595
157,197,x_R22_EXIT_A,x_R25_EXIT_A,0.0042026847949268595
157,200,x_R22_EXIT_A,x_R26_EXIT_C,0.0016369801758600359
157,201,x_R22_EXIT_A,x_R26_EXIT_D,0.0016369801758600359
157,202,x_R22_EXIT_A,x_R26_EXIT_E,0.0016369801758600359
157,203,x_R22_EXIT_A,x_R26_EXIT_G,0.0005952655184945585
157,205,x_R22_EXIT_A,x_R26_EXIT_A,0.0026704272565797557
157,213,x_R22_EXIT_A,x_R27_EXIT_A,0.0004450712094299593
157,216,x_R22_EXIT_A,x_R28_EXIT_C,0.0006572723433377417
157,217,x_R22_EXIT_A,x_R28_EXIT_D,0.00140135424145594
157,218,x_R22_EXIT_A,x_R28_EXIT_E,0.00140135424145594
157,219,x_R22_EXIT_A,x_R28_EXIT_G,0.000409245043965009
157,220,x_R22_EXIT_A,x_R28_EXIT_H,0.00140135424145594
157,222,x_R22_EXIT_A,x_R28_EXIT_F,0.0008060887229613814
157,223,x_R22_EXIT_A,x_R28_EXIT_B,0.0008060887229613814
157,225,x_R22_EXIT_A,x_R29_EXIT_D,0.0014881637962363963
157,226,x_R22_EXIT_A,x_R29_EXIT_E,0.0014881637962363963
157,228,x_R22_EXIT_A,x_R29_EXIT_H,0.0014881637962363963
157,230,x_R22_EXIT_A,x_R29_EXIT_F,0.0002976327592472793
157,231,x_R22_EXIT_A,x_R29_EXIT_B,0.0002976327592472793
157,232,x_R22_EXIT_A,x_R30_EXIT_C,0.001190531036989117
157,233,x_R22_EXIT_A,x_R30_EXIT_D,0.001190531036989117
157,234,x_R22_EXIT_A,x_R30_EXIT_E,0.001190531036989117
157,235,x_R22_EXIT_A,x_R30_EXIT_G,0.0002976327592472793
157,237,x_R22_EXIT_A,x_R30_EXIT_A,0.001681073917970744
157,245,x_R22_EXIT_A,x_R31_EXIT_A,0.000420268479492686
157,253,x_R22_EXIT_A,x_R32_EXIT_A,0.001681073917970744
157,261,x_R22_EXIT_A,x_R33_EXIT_A,0.001681073917970744
158,159,x_R22_EXIT_F,x_R22_EXIT_B,1.840774962469551
158,160,x_R22_EXIT_F,x_R23_EXIT_C,0.0019842183949818617
158,161,x_R22_EXIT_F,x_R23_EXIT_D,0.0019842183949818617
158,163,x_R22_EXIT_F,x_R23_EXIT_G,0.0019842183949818617
158,165,x_R22_EXIT_F,x_R23_EXIT_A,0.002094452750258632
158,166,x_R22_EXIT_F,x_R23_EXIT_F,0.002094452750258632
158,174,x_R22_EXIT_F,x_R20_EXIT_F,0.00025629487601849045
158,182,x_R22_EXIT_F,x_R21_EXIT_F,0.0008543162533949681
158,190,x_R22_EXIT_F,x_R24_EXIT_F,0.0008543162533949681
158,198,x_R22_EXIT_F,x_R25_EXIT_F,0.0008543162533949681
158,204,x_R22_EXIT_F,x_R26_EXIT_H,0.00044644913887091885
158,206,x_R22_EXIT_F,x_R26_EXIT_F,0.0008102225112842601
158,208,x_R22_EXIT_F,x_R27_EXIT_C,0.00027283002931000603
158,209,x_R22_EXIT_F,x_R27_EXIT_D,0.00027283002931000603
158,211,x_R22_EXIT_F,x_R27_EXIT_G,0.00027283002931000603
158,214,x_R22_EXIT_F,x_R27_EXIT_F,0.00013503708521404336
158,222,x_R22_EXIT_F,x_R28_EXIT_F,0.00017086325067899367
158,230,x_R22_EXIT_F,x_R29_EXIT_F,0.00034172650135798734
158,236,x_R22_EXIT_F,x_R30_EXIT_H,0.0001984218394981862
158,238,x_R22_EXIT_F,x_R30_EXIT_F,0.00014330466185980115
158,239,x_R22_EXIT_F,x_R30_EXIT_B,0.0001984218394981862
158,254,x_R22_EXIT_F,x_R32_EXIT_F,0.00034172650135798734
158,262,x_R22_EXIT_F,x_R33_EXIT_F,0.00034172650135798734
159,160,x_R22_EXIT_B,x_R23_EXIT_C,0.004078671145240493
159,161,x_R22_EXIT_B,x_R23_EXIT_D,0.004078671145240493
159,162,x_R22_EXIT_B,x_R23_EXIT_E,0.002094452750258632
159,163,x_R22_EXIT_B,x_R23_EXIT_G,0.004078671145240493
159,164,x_R22_EXIT_B,x_R23_EXIT_H,0.002094452750258632
159,165,x_R22_EXIT_B,x_R23_EXIT_A,0.004188905500517263
159,166,x_R22_EXIT_B,x_R23_EXIT_F,0.002094452750258632
159,167,x_R22_EXIT_B,x_R23_EXIT_B,0.009163230782381513
159,175,x_R22_EXIT_B,x_R20_EXIT_B,0.0019883521833047404
159,183,x_R22_EXIT_B,x_R21_EXIT_B,0.006627840611015802
159,189,x_R22_EXIT_B,x_R24_EXIT_A,0.0003307030658303103
159,190,x_R22_EXIT_B,x_R24_EXIT_F,0.0003307030658303103
159,191,x_R22_EXIT_B,x_R24_EXIT_B,0.006297137545185492
159,197,x_R22_EXIT_B,x_R25_EXIT_A,0.0003307030658303103
159,198,x_R22_EXIT_B,x_R25_EXIT_F,0.0003307030658303103
159,199,x_R22_EXIT_B,x_R25_EXIT_B,0.0002204687105535402
159,204,x_R22_EXIT_B,x_R26_EXIT_H,0.002513343300310358
159,207,x_R22_EXIT_B,x_R26_EXIT_B,0.004042844979775542
159,208,x_R22_EXIT_B,x_R27_EXIT_C,0.0001984218394981862
159,209,x_R22_EXIT_B,x_R27_EXIT_D,0.0001984218394981862
159,211,x_R22_EXIT_B,x_R27_EXIT_G,0.0001984218394981862
159,215,x_R22_EXIT_B,x_R27_EXIT_B,0.0006738074966292573
159,223,x_R22_EXIT_B,x_R28_EXIT_B,0.0013255681222031606
159,231,x_R22_EXIT_B,x_R29_EXIT_B,0.0026511362444063213
159,236,x_R22_EXIT_B,x_R30_EXIT_H,0.0001322812263321241
159,239,x_R22_EXIT_B,x_R30_EXIT_B,0.0026511362444063213
159,247,x_R22_EXIT_B,x_R31_EXIT_B,0.0006627840611015803
159,248,x_R22_EXIT_B,x_R32_EXIT_C,0.001127146282704974
159,249,x_R22_EXIT_B,x_R32_EXIT_D,0.001127146282704974
159,250,x_R22_EXIT_B,x_R32_EXIT_E,0.001127146282704974
159,251,x_R22_EXIT_B,x_R32_EXIT_G,0.001127146282704974
159,252,x_R22_EXIT_B,x_R32_EXIT_H,0.000818490087930018
159,253,x_R22_EXIT_B,x_R32_EXIT_A,0.0009507713142621421
159,254,x_R22_EXIT_B,x_R32_EXIT_F,0.0009507713142621421
159,255,x_R22_EXIT_B,x_R32_EXIT_B,0.001700364930144179
159,256,x_R22_EXIT_B,x_R33_EXIT_C,0.0003086561947749563
159,257,x_R22_EXIT_B,x_R33_EXIT_D,0.0003086561947749563
159,258,x_R22_EXIT_B,x_R33_EXIT_E,0.0003086561947749563
159,259,x_R22_EXIT_B,x_R33_EXIT_G,0.0003086561947749563
159,261,x_R22_EXIT_B,x_R33_EXIT_A,0.0001322812263321241
159,262,x_R22_EXIT_B,x_R33_EXIT_F,0.0001322812263321241
160,161,x_R23_EXIT_C,x_R23_EXIT_D,1.8449638679700684
160,162,x_R23_EXIT_C,x_R23_EXIT_E,1.8386185028944493
160,163,x_R23_EXIT_C,x_R23_EXIT_G,1.8452118952694412
160,164,x_R23_EXIT_C,x_R23_EXIT_H,1.8386185028944493
160,165,x_R23_EXIT_C,x_R23_EXIT_A,1.842759180864533
160,166,x_R23_EXIT_C,x_R23_EXIT_F,1.840774962469551
160,167,x_R23_EXIT_C,x_R23_EXIT_B,1.8386185028944493
160,168,x_R23_EXIT_C,x_R20_EXIT_C,0.0012732068034466944
160,176,x_R23_EXIT_C,x_R21_EXIT_C,0.004244022678155649
160,177,x_R23_EXIT_C,x_R21_EXIT_D,0.0002480272993727327
160,178,x_R23_EXIT_C,x_R21_EXIT_E,0.0002480272993727327
160,180,x_R23_EXIT_C,x_R21_EXIT_H,0.0002480272993727327
160,184,x_R23_EXIT_C,x_R24_EXIT_C,0.004492049977528382
160,187,x_R23_EXIT_C,x_R24_EXIT_G,0.0002480272993727327
160,192,x_R23_EXIT_C,x_R25_EXIT_C,0.004492049977528382
160,195,x_R23_EXIT_C,x_R25_EXIT_G,0.0002480272993727327
160,200,x_R23_EXIT_C,x_R26_EXIT_C,0.0038857610235061455
160,201,x_R23_EXIT_C,x_R26_EXIT_D,0.001190531036989117
160,202,x_R23_EXIT_C,x_R26_EXIT_E,0.001190531036989117
160,204,x_R23_EXIT_C,x_R26_EXIT_H,0.001256671650155179
160,208,x_R23_EXIT_C,x_R27_EXIT_C,0.0008680955478045648
160,209,x_R23_EXIT_C,x_R27_EXIT_D,0.00041889055005172644
160,211,x_R23_EXIT_C,x_R27_EXIT_G,0.00044369327998899965
160,216,x_R23_EXIT_C,x_R28_EXIT_C,0.0008488045356311297
160,217,x_R23_EXIT_C,x_R28_EXIT_D,0.0003968436789963724
160,218,x_R23_EXIT_C,x_R28_EXIT_E,0.0003968436789963724
160,220,x_R23_EXIT_C,x_R28_EXIT_H,0.0003968436789963724
160,224,x_R23_EXIT_C,x_R29_EXIT_C,0.0016976090712622594
160,225,x_R23_EXIT_C,x_R29_EXIT_D,0.0007936873579927448
160,226,x_R23_EXIT_C,x_R29_EXIT_E,0.0007936873579927448
160,228,x_R23_EXIT_C,x_R29_EXIT_H,0.0007936873579927448
160,232,x_R23_EXIT_C,x_R30_EXIT_C,0.002590507349004097
160,233,x_R23_EXIT_C,x_R30_EXIT_D,0.0007936873579927448
160,234,x_R23_EXIT_C,x_R30_EXIT_E,0.0007936873579927448
160,240,x_R23_EXIT_C,x_R31_EXIT_C,0.00044920499775283806
160,248,x_R23_EXIT_C,x_R32_EXIT_C,0.0017968199910113523
160,256,x_R23_EXIT_C,x_R33_EXIT_C,0.0017968199910113523
161,162,x_R23_EXIT_D,x_R23_EXIT_E,1.8386185028944493
161,163,x_R23_EXIT_D,x_R23_EXIT_G,1.8449638679700684
161,164,x_R23_EXIT_D,x_R23_EXIT_H,1.8386185028944493
161,165,x_R23_EXIT_D,x_R23_EXIT_A,1.842759180864533
161,166,x_R23_EXIT_D,x_R23_EXIT_F,1.840774962469551
161,167,x_R23_EXIT_D,x_R23_EXIT_B,1.8386185028944493
161,169,x_R23_EXIT_D,x_R20_EXIT_D,0.000677941284952136
161,177,x_R23_EXIT_D,x_R21_EXIT_D,0.002259804283173787
161,185,x_R23_EXIT_D,x_R24_EXIT_D,0.002259804283173787
161,193,x_R23_EXIT_D,x_R25_EXIT_D,0.002259804283173787
161,200,x_R23_EXIT_D,x_R26_EXIT_C,0.001190531036989117
161,201,x_R23_EXIT_D,x_R26_EXIT_D,0.002546413606893389
161,202,x_R23_EXIT_D,x_R26_EXIT_E,0.001190531036989117
161,204,x_R23_EXIT_D,x_R26_EXIT_H,0.001256671650155179
161,208,x_R23_EXIT_D,x_R27_EXIT_C,0.00041889055005172644
161,209,x_R23_EXIT_D,x_R27_EXIT_D,0.0006448709783691052
161,211,x_R23_EXIT_D,x_R27_EXIT_G,0.00041889055005172644
161,217,x_R23_EXIT_D,x_R28_EXIT_D,0.0008488045356311298
161,218,x_R23_EXIT_D,x_R28_EXIT_E,0.0003968436789963724
161,220,x_R23_EXIT_D,x_R28_EXIT_H,0.0003968436789963724
161,225,x_R23_EXIT_D,x_R29_EXIT_D,0.0016976090712622596
161,226,x_R23_EXIT_D,x_R29_EXIT_E,0.0007936873579927448
161,228,x_R23_EXIT_D,x_R29_EXIT_H,0.0007936873579927448
161,232,x_R23_EXIT_D,x_R30_EXIT_C,0.0007936873579927448
161,233,x_R23_EXIT_D,x_R30_EXIT_D,0.0016976090712622596
161,234,x_R23_EXIT_D,x_R30_EXIT_E,0.0007936873579927448
161,241,x_R23_EXIT_D,x_R31_EXIT_D,0.0002259804283173786
161,249,x_R23_EXIT_D,x_R32_EXIT_D,0.0009039217132695144
161,257,x_R23_EXIT_D,x_R33_EXIT_D,0.0009039217132695144
162,163,x_R23_EXIT_E,x_R23_EXIT_G,1.8386185028944493
162,164,x_R23_EXIT_E,x_R23_EXIT_H,1.8411056655353815
162,165,x_R23_EXIT_E,x_R23_EXIT_A,1.8386185028944493
162,166,x_R23_EXIT_E,x_R23_EXIT_F,1.8386185028944493
162,167,x_R23_EXIT_E,x_R23_EXIT_B,1.840774962469551
162,170,x_R23_EXIT_E,x_R20_EXIT_E,0.0006944764382436515
162,172,x_R23_EXIT_E,x_R20_EXIT_H,0.00013228122633212412
162,178,x_R23_EXIT_E,x_R21_EXIT_E,0.0023149214608121716
162,180,x_R23_EXIT_E,x_R21_EXIT_H,0.0004409374211070804
162,184,x_R23_EXIT_E,x_R24_EXIT_C,0.0004409374211070804
162,185,x_R23_EXIT_E,x_R24_EXIT_D,0.0004409374211070804
162,186,x_R23_EXIT_E,x_R24_EXIT_E,0.0027558588819192515
162,187,x_R23_EXIT_E,x_R24_EXIT_G,0.0004409374211070804
162,192,x_R23_EXIT_E,x_R25_EXIT_C,0.0004409374211070804
162,193,x_R23_EXIT_E,x_R25_EXIT_D,0.0004409374211070804
162,194,x_R23_EXIT_E,x_R25_EXIT_E,0.0027558588819192515
162,195,x_R23_EXIT_E,x_R25_EXIT_G,0.0004409374211070804
162,202,x_R23_EXIT_E,x_R26_EXIT_E,0.001388952876487303
162,204,x_R23_EXIT_E,x_R26_EXIT_H,0.0014550934896533651
162,210,x_R23_EXIT_E,x_R27_EXIT_E,0.0003086561947749563
162,218,x_R23_EXIT_E,x_R28_EXIT_E,0.00046298429216243443
162,226,x_R23_EXIT_E,x_R29_EXIT_E,0.0009259685843248689
162,228,x_R23_EXIT_E,x_R29_EXIT_H,0.00017637496844283214
162,234,x_R23_EXIT_E,x_R30_EXIT_E,0.0009259685843248689
162,242,x_R23_EXIT_E,x_R31_EXIT_E,0.0003086561947749563
162,248,x_R23_EXIT_E,x_R32_EXIT_C,0.0003086561947749563
162,249,x_R23_EXIT_E,x_R32_EXIT_D,0.0003086561947749563
162,250,x_R23_EXIT_E,x_R32_EXIT_E,0.0012346247790998252
162,251,x_R23_EXIT_E,x_R32_EXIT_G,0.0003086561947749563
162,256,x_R23_EXIT_E,x_R33_EXIT_C,0.0003086561947749563
162,257,x_R23_EXIT_E,x_R33_EXIT_D,0.0003086561947749563
162,258,x_R23_EXIT_E,x_R33_EXIT_E,0.0012346247790998252
162,259,x_R23_EXIT_E,x_R33_EXIT_G,0.0003086561947749563
163,164,x_R23_EXIT_G,x_R23_EXIT_H,1.8386185028944493
163,165,x_R23_EXIT_G,x_R23_EXIT_A,1.842759180864533
163,166,x_R23_EXIT_G,x_R23_EXIT_F,1.840774962469551
163,167,x_R23_EXIT_G,x_R23_EXIT_B,1.8386185028944493
163,168,x_R23_EXIT_G,x_R20_EXIT_C,0.0006696737083063783
163,169,x_R23_EXIT_G,x_R20_EXIT_D,0.0007440818981181981
163,170,x_R23_EXIT_G,x_R20_EXIT_E,0.0007440818981181981
163,171,x_R23_EXIT_G,x_R20_EXIT_G,0.00025629487601849045
163,172,x_R23_EXIT_G,x_R20_EXIT_H,0.0007440818981181981
163,176,x_R23_EXIT_G,x_R21_EXIT_C,0.0012401364968636637
163,177,x_R23_EXIT_G,x_R21_EXIT_D,0.0014881637962363963
163,178,x_R23_EXIT_G,x_R21_EXIT_E,0.0014881637962363963
163,179,x_R23_EXIT_G,x_R21_EXIT_G,0.0018464254508858992
163,180,x_R23_EXIT_G,x_R21_EXIT_H,0.0014881637962363963
163,184,x_R23_EXIT_G,x_R24_EXIT_C,0.0002480272993727327
163,187,x_R23_EXIT_G,x_R24_EXIT_G,0.0033345892471222955
163,192,x_R23_EXIT_G,x_R25_EXIT_C,0.0002480272993727327
163,195,x_R23_EXIT_G,x_R25_EXIT_G,0.0033345892471222955
163,200,x_R23_EXIT_G,x_R26_EXIT_C,0.0013393474166127567
163,201,x_R23_EXIT_G,x_R26_EXIT_D,0.001190531036989117
163,202,x_R23_EXIT_G,x_R26_EXIT_E,0.001190531036989117
163,203,x_R23_EXIT_G,x_R26_EXIT_G,0.0011078552705315395
163,204,x_R23_EXIT_G,x_R26_EXIT_H,0.001256671650155179
163,208,x_R23_EXIT_G,x_R27_EXIT_C,0.00044369327998899965
163,209,x_R23_EXIT_G,x_R27_EXIT_D,0.00041889055005172644
163,211,x_R23_EXIT_G,x_R27_EXIT_G,0.0007523494747639559
163,216,x_R23_EXIT_G,x_R28_EXIT_C,0.0002480272993727327
163,217,x_R23_EXIT_G,x_R28_EXIT_D,0.0003968436789963724
163,218,x_R23_EXIT_G,x_R28_EXIT_E,0.0003968436789963724
163,219,x_R23_EXIT_G,x_R28_EXIT_G,0.00017086325067899364
163,220,x_R23_EXIT_G,x_R28_EXIT_H,0.0003968436789963724
163,224,x_R23_EXIT_G,x_R29_EXIT_C,0.0004960545987454654
163,225,x_R23_EXIT_G,x_R29_EXIT_D,0.0007936873579927448
163,226,x_R23_EXIT_G,x_R29_EXIT_E,0.0007936873579927448
163,227,x_R23_EXIT_G,x_R29_EXIT_G,0.0007385701803543596
163,228,x_R23_EXIT_G,x_R29_EXIT_H,0.0007936873579927448
163,232,x_R23_EXIT_G,x_R30_EXIT_C,0.0008928982777418378
163,233,x_R23_EXIT_G,x_R30_EXIT_D,0.0007936873579927448
163,234,x_R23_EXIT_G,x_R30_EXIT_E,0.0007936873579927448
163,235,x_R23_EXIT_G,x_R30_EXIT_G,0.0007385701803543596
163,243,x_R23_EXIT_G,x_R31_EXIT_G,0.0001846425450885899
163,251,x_R23_EXIT_G,x_R32_EXIT_G,0.001333835698848918
163,259,x_R23_EXIT_G,x_R33_EXIT_G,0.001333835698848918
164,165,x_R23_EXIT_H,x_R23_EXIT_A,1.8386185028944493
164,166,x_R23_EXIT_H,x_R23_EXIT_F,1.8386185028944493
164,167,x_R23_EXIT_H,x_R23_EXIT_B,1.840774962469551
164,172,x_R23_EXIT_H,x_R20_EXIT_H,0.0003968436789963724
164,180,x_R23_EXIT_H,x_R21_EXIT_H,0.0013228122633212411
164,184,x_R23_EXIT_H,x_R24_EXIT_C,0.0003307030658303103
164,185,x_R23_EXIT_H,x_R24_EXIT_D,0.0003307030658303103
164,186,x_R23_EXIT_H,x_R24_EXIT_E,0.0003307030658303103
164,187,x_R23_EXIT_H,x_R24_EXIT_G,0.0003307030658303103
164,188,x_R23_EXIT_H,x_R24_EXIT_H,0.0009921091974909306
164,192,x_R23_EXIT_H,x_R25_EXIT_C,0.0009921091974909309
164,193,x_R23_EXIT_H,x_R25_EXIT_D,0.0009921091974909309
164,194,x_R23_EXIT_H,x_R25_EXIT_E,0.0009921091974909309
164,195,x_R23_EXIT_H,x_R25_EXIT_G,0.0009921091974909309
164,196,x_R23_EXIT_H,x_R25_EXIT_H,0.0003307030658303103
164,204,x_R23_EXIT_H,x_R26_EXIT_H,0.00224878084764611
164,212,x_R23_EXIT_H,x_R27_EXIT_H,0.00016535153291515514
164,220,x_R23_EXIT_H,x_R28_EXIT_H,0.00026456245266424824
164,228,x_R23_EXIT_H,x_R29_EXIT_H,0.0005291249053284965
164,236,x_R23_EXIT_H,x_R30_EXIT_H,0.0001322812263321241
164,248,x_R23_EXIT_H,x_R32_EXIT_C,0.00013228122633212412
164,249,x_R23_EXIT_H,x_R32_EXIT_D,0.00013228122633212412
164,250,x_R23_EXIT_H,x_R32_EXIT_E,0.00013228122633212412
164,251,x_R23_EXIT_H,x_R32_EXIT_G,0.00013228122633212412
164,252,x_R23_EXIT_H,x_R32_EXIT_H,0.0001322812263321241
164,256,x_R23_EXIT_H,x_R33_EXIT_C,0.00013228122633212412
164,257,x_R23_EXIT_H,x_R33_EXIT_D,0.00013228122633212412
164,258,x_R23_EXIT_H,x_R33_EXIT_E,0.00013228122633212412
164,259,x_R23_EXIT_H,x_R33_EXIT_G,0.00013228122633212412
164,260,x_R23_EXIT_H,x_R33_EXIT_H,0.0001322812263321241
165,166,x_R23_EXIT_A,x_R23_EXIT_F,1.840774962469551
165,167,x_R23_EXIT_A,x_R23_EXIT_B,1.8386185028944493
165,173,x_R23_EXIT_A,x_R20_EXIT_A,0.0006655399199834994
165,174,x_R23_EXIT_A,x_R20_EXIT_F,0.0005952655184945585
165,175,x_R23_EXIT_A,x_R20_EXIT_B,0.0005952655184945585
165,181,x_R23_EXIT_A,x_R21_EXIT_A,0.003458602896808662
165,182,x_R23_EXIT_A,x_R21_EXIT_F,0.0007440818981181981
165,183,x_R23_EXIT_A,x_R21_EXIT_B,0.0007440818981181981
165,189,x_R23_EXIT_A,x_R24_EXIT_A,0.0042026847949268595
165,197,x_R23_EXIT_A,x_R25_EXIT_A,0.0042026847949268595
165,200,x_R23_EXIT_A,x_R26_EXIT_C,0.0016369801758600359
165,201,x_R23_EXIT_A,x_R26_EXIT_D,0.0016369801758600359
165,202,x_R23_EXIT_A,x_R26_EXIT_E,0.0016369801758600359
165,203,x_R23_EXIT_A,x_R26_EXIT_G,0.0005952655184945585
165,204,x_R23_EXIT_A,x_R26_EXIT_H,0.001256671650155179
165,205,x_R23_EXIT_A,x_R26_EXIT_A,0.0026704272565797557
165,208,x_R23_EXIT_A,x_R27_EXIT_C,0.0001984218394981862
165,209,x_R23_EXIT_A,x_R27_EXIT_D,0.0001984218394981862
165,211,x_R23_EXIT_A,x_R27_EXIT_G,0.0001984218394981862
165,213,x_R23_EXIT_A,x_R27_EXIT_A,0.0004450712094299593
165,216,x_R23_EXIT_A,x_R28_EXIT_C,0.0006572723433377417
165,217,x_R23_EXIT_A,x_R28_EXIT_D,0.00140135424145594
165,218,x_R23_EXIT_A,x_R28_EXIT_E,0.00140135424145594
165,219,x_R23_EXIT_A,x_R28_EXIT_G,0.000409245043965009
165,220,x_R23_EXIT_A,x_R28_EXIT_H,0.00140135424145594
165,222,x_R23_EXIT_A,x_R28_EXIT_F,0.0008060887229613814
165,223,x_R23_EXIT_A,x_R28_EXIT_B,0.0008060887229613814
165,225,x_R23_EXIT_A,x_R29_EXIT_D,0.0014881637962363963
165,226,x_R23_EXIT_A,x_R29_EXIT_E,0.0014881637962363963
165,228,x_R23_EXIT_A,x_R29_EXIT_H,0.0014881637962363963
165,230,x_R23_EXIT_A,x_R29_EXIT_F,0.0002976327592472793
165,231,x_R23_EXIT_A,x_R29_EXIT_B,0.0002976327592472793
165,232,x_R23_EXIT_A,x_R30_EXIT_C,0.001190531036989117
165,233,x_R23_EXIT_A,x_R30_EXIT_D,0.001190531036989117
165,234,x_R23_EXIT_A,x_R30_EXIT_E,0.001190531036989117
165,235,x_R23_EXIT_A,x_R30_EXIT_G,0.0002976327592472793
165,237,x_R23_EXIT_A,x_R30_EXIT_A,0.001681073917970744
165,245,x_R23_EXIT_A,x_R31_EXIT_A,0.000420268479492686
165,253,x_R23_EXIT_A,x_R32_EXIT_A,0.001681073917970744
165,261,x_R23_EXIT_A,x_R33_EXIT_A,0.001681073917970744
166,167,x_R23_EXIT_F,x_R23_EXIT_B,1.8386185028944493
166,174,x_R23_EXIT_F,x_R20_EXIT_F,0.00025629487601849045
166,182,x_R23_EXIT_F,x_R21_EXIT_F,0.0008543162533949681
166,190,x_R23_EXIT_F,x_R24_EXIT_F,0.0008543162533949681
166,198,x_R23_EXIT_F,x_R25_EXIT_F,0.0008543162533949681
166,204,x_R23_EXIT_F,x_R26_EXIT_H,0.001703120789026098
166,206,x_R23_EXIT_F,x_R26_EXIT_F,0.0008102225112842601
166,214,x_R23_EXIT_F,x_R27_EXIT_F,0.00013503708521404336
166,222,x_R23_EXIT_F,x_R28_EXIT_F,0.00017086325067899367
166,230,x_R23_EXIT_F,x_R29_EXIT_F,0.00034172650135798734
166,236,x_R23_EXIT_F,x_R30_EXIT_H,0.0001984218394981862
166,238,x_R23_EXIT_F,x_R30_EXIT_F,0.00014330466185980115
166,239,x_R23_EXIT_F,x_R30_EXIT_B,0.0001984218394981862
166,254,x_R23_EXIT_F,x_R32_EXIT_F,0.00034172650135798734
166,262,x_R23_EXIT_F,x_R33_EXIT_F,0.00034172650135798734
167,175,x_R23_EXIT_B,x_R20_EXIT_B,0.0019883521833047404
167,183,x_R23_EXIT_B,x_R21_EXIT_B,0.006627840611015802
167,189,x_R23_EXIT_B,x_R24_EXIT_A,0.0003307030658303103
167,190,x_R23_EXIT_B,x_R24_EXIT_F,0.0003307030658303103
167,191,x_R23_EXIT_B,x_R24_EXIT_B,0.006297137545185492
167,197,x_R23_EXIT_B,x_R25_EXIT_A,0.0003307030658303103
167,198,x_R23_EXIT_B,x_R25_EXIT_F,0.0003307030658303103
167,199,x_R23_EXIT_B,x_R25_EXIT_B,0.0002204687105535402
167,204,x_R23_EXIT_B,x_R26_EXIT_H,0.001256671650155179
167,207,x_R23_EXIT_B,x_R26_EXIT_B,0.004042844979775542
167,215,x_R23_EXIT_B,x_R27_EXIT_B,0.0006738074966292573
167,223,x_R23_EXIT_B,x_R28_EXIT_B,0.0013255681222031606
167,231,x_R23_EXIT_B,x_R29_EXIT_B,0.0026511362444063213
167,236,x_R23_EXIT_B,x_R30_EXIT_H,0.0001322812263321241
167,239,x_R23_EXIT_B,x_R30_EXIT_B,0.0026511362444063213
167,247,x_R23_EXIT_B,x_R31_EXIT_B,0.0006627840611015803
167,248,x_R23_EXIT_B,x_R32_EXIT_C,0.001127146282704974
167,249,x_R23_EXIT_B,x_R32_EXIT_D,0.001127146282704974
167,250,x_R23_EXIT_B,x_R32_EXIT_E,0.001127146282704974
167,251,x_R23_EXIT_B,x_R32_EXIT_G,0.001127146282704974
167,252,x_R23_EXIT_B,x_R32_EXIT_H,0.000818490087930018
167,253,x_R23_EXIT_B,x_R32_EXIT_A,0.0009507713142621421
167,254,x_R23_EXIT_B,x_R32_EXIT_F,0.0009507713142621421
167,255,x_R23_EXIT_B,x_R32_EXIT_B,0.001700364930144179
167,256,x_R23_EXIT_B,x_R33_EXIT_C,0.0003086561947749563
167,257,x_R23_EXIT_B,x_R33_EXIT_D,0.0003086561947749563
167,258,x_R23_EXIT_B,x_R33_EXIT_E,0.0003086561947749563
167,259,x_R23_EXIT_B,x_R33_EXIT_G,0.0003086561947749563
167,261,x_R23_EXIT_B,x_R33_EXIT_A,0.0001322812263321241
167,262,x_R23_EXIT_B,x_R33_EXIT_F,0.0001322812263321241
168,169,x_R20_EXIT_C,x_R20_EXIT_D,1.8390134863687004
168,170,x_R20_EXIT_C,x_R20_EXIT_E,1.8390134863687004
168,171,x_R20_EXIT_C,x_R20_EXIT_G,1.8388125842562084
168,172,x_R20_EXIT_C,x_R20_EXIT_H,1.8390134863687004
168,173,x_R20_EXIT_C,x_R20_EXIT_A,1.8386185028944493
168,174,x_R20_EXIT_C,x_R20_EXIT_F,1.8386185028944493
168,175,x_R20_EXIT_C,x_R20_EXIT_B,1.8386185028944493
168,176,x_R20_EXIT_C,x_R21_EXIT_C,0.0016452477525057936
168,177,x_R20_EXIT_C,x_R21_EXIT_D,0.00037204094905909907
168,178,x_R20_EXIT_C,x_R21_EXIT_E,0.00037204094905909907
168,179,x_R20_EXIT_C,x_R21_EXIT_G,0.00029763275924727924
168,180,x_R20_EXIT_C,x_R21_EXIT_H,0.00037204094905909907
168,184,x_R20_EXIT_C,x_R24_EXIT_C,0.0012732068034466944
168,187,x_R20_EXIT_C,x_R24_EXIT_G,0.0006696737083063783
168,192,x_R20_EXIT_C,x_R25_EXIT_C,0.0012732068034466944
168,195,x_R20_EXIT_C,x_R25_EXIT_G,0.0006696737083063783
168,200,x_R20_EXIT_C,x_R26_EXIT_C,0.0007639240820680167
168,203,x_R20_EXIT_C,x_R26_EXIT_G,0.00017857965554836754
168,208,x_R20_EXIT_C,x_R27_EXIT_C,0.00012732068034466946
168,216,x_R20_EXIT_C,x_R28_EXIT_C,0.00032904955050115875
168,219,x_R20_EXIT_C,x_R28_EXIT_G,0.0001190531036989117
168,224,x_R20_EXIT_C,x_R29_EXIT_C,0.0006580991010023175
168,227,x_R20_EXIT_C,x_R29_EXIT_G,0.0001190531036989117
168,232,x_R20_EXIT_C,x_R30_EXIT_C,0.0005092827213786778
168,235,x_R20_EXIT_C,x_R30_EXIT_G,0.0001190531036989117
168,240,x_R20_EXIT_C,x_R31_EXIT_C,0.00012732068034466946
168,248,x_R20_EXIT_C,x_R32_EXIT_C,0.0005092827213786778
168,251,x_R20_EXIT_C,x_R32_EXIT_G,0.00026786948332255137
168,256,x_R20_EXIT_C,x_R33_EXIT_C,0.0005092827213786778
168,259,x_R20_EXIT_C,x_R33_EXIT_G,0.00026786948332255137
169,170,x_R20_EXIT_D,x_R20_EXIT_E,1.839035808825644
169,171,x_R20_EXIT_D,x_R20_EXIT_G,1.8388125842562084
169,172,x_R20_EXIT_D,x_R20_EXIT_H,1.839035808825644
169,173,x_R20_EXIT_D,x_R20_EXIT_A,1.8386185028944493
169,174,x_R20_EXIT_D,x_R20_EXIT_F,1.8386185028944493
169,175,x_R20_EXIT_D,x_R20_EXIT_B,1.8386185028944493
169,176,x_R20_EXIT_D,x_R21_EXIT_C,0.00037204094905909907
169,177,x_R20_EXIT_D,x_R21_EXIT_D,0.0011243904238230548
169,178,x_R20_EXIT_D,x_R21_EXIT_E,0.00044644913887091885
169,179,x_R20_EXIT_D,x_R21_EXIT_G,0.00029763275924727924
169,180,x_R20_EXIT_D,x_R21_EXIT_H,0.00044644913887091885
169,185,x_R20_EXIT_D,x_R24_EXIT_D,0.000677941284952136
169,187,x_R20_EXIT_D,x_R24_EXIT_G,0.0007440818981181981
169,193,x_R20_EXIT_D,x_R25_EXIT_D,0.000677941284952136
169,195,x_R20_EXIT_D,x_R25_EXIT_G,0.0007440818981181981
169,201,x_R20_EXIT_D,x_R26_EXIT_D,0.00040676477097128166
169,203,x_R20_EXIT_D,x_R26_EXIT_G,0.00017857965554836754
169,217,x_R20_EXIT_D,x_R28_EXIT_D,0.00013558825699042722
169,219,x_R20_EXIT_D,x_R28_EXIT_G,0.0001190531036989117
169,224,x_R20_EXIT_D,x_R29_EXIT_C,0.00014881637962363962
169,225,x_R20_EXIT_D,x_R29_EXIT_D,0.00027117651398085444
169,227,x_R20_EXIT_D,x_R29_EXIT_G,0.0001190531036989117
169,233,x_R20_EXIT_D,x_R30_EXIT_D,0.00027117651398085444
169,235,x_R20_EXIT_D,x_R30_EXIT_G,0.0001190531036989117
169,249,x_R20_EXIT_D,x_R32_EXIT_D,0.00027117651398085444
169,251,x_R20_EXIT_D,x_R32_EXIT_G,0.00029763275924727924
169,257,x_R20_EXIT_D,x_R33_EXIT_D,0.00027117651398085444
169,259,x_R20_EXIT_D,x_R33_EXIT_G,0.00029763275924727924
170,171,x_R20_EXIT_E,x_R20_EXIT_G,1.8388125842562084
170,172,x_R20_EXIT_E,x_R20_EXIT_H,1.8392143884811922
170,173,x_R20_EXIT_E,x_R20_EXIT_A,1.8386185028944493
170,174,x_R20_EXIT_E,x_R20_EXIT_F,1.8386185028944493
170,175,x_R20_EXIT_E,x_R20_EXIT_B,1.8386185028944493
170,176,x_R20_EXIT_E,x_R21_EXIT_C,0.00037204094905909907
170,177,x_R20_EXIT_E,x_R21_EXIT_D,0.00044644913887091885
170,178,x_R20_EXIT_E,x_R21_EXIT_E,0.001736191095609129
170,179,x_R20_EXIT_E,x_R21_EXIT_G,0.00029763275924727924
170,180,x_R20_EXIT_E,x_R21_EXIT_H,0.0010417146573654774
170,184,x_R20_EXIT_E,x_R24_EXIT_C,0.0006696737083063784
170,185,x_R20_EXIT_E,x_R24_EXIT_D,0.0005952655184945585
170,186,x_R20_EXIT_E,x_R24_EXIT_E,0.0006944764382436515
170,187,x_R20_EXIT_E,x_R24_EXIT_G,0.0013393474166127565
170,192,x_R20_EXIT_E,x_R25_EXIT_C,0.0006696737083063784
170,193,x_R20_EXIT_E,x_R25_EXIT_D,0.0005952655184945585
170,194,x_R20_EXIT_E,x_R25_EXIT_E,0.0006944764382436515
170,195,x_R20_EXIT_E,x_R25_EXIT_G,0.0013393474166127565
170,202,x_R20_EXIT_E,x_R26_EXIT_E,0.0007738451740429261
170,203,x_R20_EXIT_E,x_R26_EXIT_G,0.00017857965554836754
170,218,x_R20_EXIT_E,x_R28_EXIT_E,0.00025794839134764204
170,219,x_R20_EXIT_E,x_R28_EXIT_G,0.0001190531036989117
170,220,x_R20_EXIT_E,x_R28_EXIT_H,0.0001190531036989117
170,224,x_R20_EXIT_E,x_R29_EXIT_C,0.00014881637962363962
170,226,x_R20_EXIT_E,x_R29_EXIT_E,0.0005158967826952841
170,227,x_R20_EXIT_E,x_R29_EXIT_G,0.0001190531036989117
170,228,x_R20_EXIT_E,x_R29_EXIT_H,0.0002381062073978234
170,234,x_R20_EXIT_E,x_R30_EXIT_E,0.0005158967826952841
170,235,x_R20_EXIT_E,x_R30_EXIT_G,0.0001190531036989117
170,248,x_R20_EXIT_E,x_R32_EXIT_C,0.00026786948332255137
170,249,x_R20_EXIT_E,x_R32_EXIT_D,0.0002381062073978234
170,250,x_R20_EXIT_E,x_R32_EXIT_E,0.0002777905752974607
170,251,x_R20_EXIT_E,x_R32_EXIT_G,0.0005357389666451027
170,256,x_R20_EXIT_E,x_R33_EXIT_C,0.00026786948332255137
170,257,x_R20_EXIT_E,x_R33_EXIT_D,0.0002381062073978234
170,258,x_R20_EXIT_E,x_R33_EXIT_E,0.0002777905752974607
170,259,x_R20_EXIT_E,x_R33_EXIT_G,0.0005357389666451027
171,172,x_R20_EXIT_G,x_R20_EXIT_H,1.8388125842562084
171,173,x_R20_EXIT_G,x_R20_EXIT_A,1.8386185028944493
171,174,x_R20_EXIT_G,x_R20_EXIT_F,1.8386185028944493
171,175,x_R20_EXIT_G,x_R20_EXIT_B,1.8386185028944493
171,179,x_R20_EXIT_G,x_R21_EXIT_G,0.00025629487601849045
171,187,x_R20_EXIT_G,x_R24_EXIT_G,0.00025629487601849045
171,195,x_R20_EXIT_G,x_R25_EXIT_G,0.00025629487601849045
171,203,x_R20_EXIT_G,x_R26_EXIT_G,0.00015377692561109428
171,219,x_R20_EXIT_G,x_R28_EXIT_G,0.0001703120789026098
171,227,x_R20_EXIT_G,x_R29_EXIT_G,0.00010251795040739618
171,235,x_R20_EXIT_G,x_R30_EXIT_G,0.00010251795040739618
171,251,x_R20_EXIT_G,x_R32_EXIT_G,0.00010251795040739618
171,259,x_R20_EXIT_G,x_R33_EXIT_G,0.00010251795040739618
172,173,x_R20_EXIT_H,x_R20_EXIT_A,1.8386185028944493
172,174,x_R20_EXIT_H,x_R20_EXIT_F,1.8386185028944493
172,175,x_R20_EXIT_H,x_R20_EXIT_B,1.8386185028944493
172,176,x_R20_EXIT_H,x_R21_EXIT_C,0.00037204094905909907
172,177,x_R20_EXIT_H,x_R21_EXIT_D,0.00044644913887091885
172,178,x_R20_EXIT_H,x_R21_EXIT_E,0.0010417146573654774
172,179,x_R20_EXIT_H,x_R21_EXIT_G,0.00029763275924727924
172,180,x_R20_EXIT_H,x_R21_EXIT_H,0.001570839562693974
172,184,x_R20_EXIT_H,x_R24_EXIT_C,0.0009011658543875954
172,185,x_R20_EXIT_H,x_R24_EXIT_D,0.0008267576645757756
172,186,x_R20_EXIT_H,x_R24_EXIT_E,0.00023149214608121722
172,187,x_R20_EXIT_H,x_R24_EXIT_G,0.0015708395626939738
172,188,x_R20_EXIT_H,x_R24_EXIT_H,0.00029763275924727924
172,192,x_R20_EXIT_H,x_R25_EXIT_C,0.0010995876938857817
172,193,x_R20_EXIT_H,x_R25_EXIT_D,0.0010251795040739618
172,194,x_R20_EXIT_H,x_R25_EXIT_E,0.0004299139855794034
172,195,x_R20_EXIT_H,x_R25_EXIT_G,0.00176926140219216
172,202,x_R20_EXIT_H,x_R26_EXIT_E,0.0003571593110967351
172,203,x_R20_EXIT_H,x_R26_EXIT_G,0.00017857965554836754
172,204,x_R20_EXIT_H,x_R26_EXIT_H,0.00023810620739782344
172,218,x_R20_EXIT_H,x_R28_EXIT_E,0.0001190531036989117
172,219,x_R20_EXIT_H,x_R28_EXIT_G,0.0001190531036989117
172,220,x_R20_EXIT_H,x_R28_EXIT_H,0.00022487808476461096
172,224,x_R20_EXIT_H,x_R29_EXIT_C,0.00014881637962363962
172,226,x_R20_EXIT_H,x_R29_EXIT_E,0.0002381062073978234
172,227,x_R20_EXIT_H,x_R29_EXIT_G,0.0001190531036989117
172,228,x_R20_EXIT_H,x_R29_EXIT_H,0.0004497561695292219
172,234,x_R20_EXIT_H,x_R30_EXIT_E,0.0002381062073978234
172,235,x_R20_EXIT_H,x_R30_EXIT_G,0.0001190531036989117
172,248,x_R20_EXIT_H,x_R32_EXIT_C,0.00032078197385540096
172,249,x_R20_EXIT_H,x_R32_EXIT_D,0.00029101869793067304
172,251,x_R20_EXIT_H,x_R32_EXIT_G,0.0005886514571779522
172,256,x_R20_EXIT_H,x_R33_EXIT_C,0.00032078197385540096
172,257,x_R20_EXIT_H,x_R33_EXIT_D,0.00029101869793067304
172,259,x_R20_EXIT_H,x_R33_EXIT_G,0.0005886514571779522
173,174,x_R20_EXIT_A,x_R20_EXIT_F,1.8388026631642336
173,175,x_R20_EXIT_A,x_R20_EXIT_B,1.8388026631642336
173,181,x_R20_EXIT_A,x_R21_EXIT_A,0.0006655399199834994
173,189,x_R20_EXIT_A,x_R24_EXIT_A,0.0006655399199834994
173,197,x_R20_EXIT_A,x_R25_EXIT_A,0.0006655399199834994
173,205,x_R20_EXIT_A,x_R26_EXIT_A,0.0003993239519900997
173,216,x_R20_EXIT_A,x_R28_EXIT_C,0.0001227735131895027
173,217,x_R20_EXIT_A,x_R28_EXIT_D,0.0001227735131895027
173,218,x_R20_EXIT_A,x_R28_EXIT_E,0.0001227735131895027
173,219,x_R20_EXIT_A,x_R28_EXIT_G,0.0002418266168884144
173,220,x_R20_EXIT_A,x_R28_EXIT_H,0.0001227735131895027
173,222,x_R20_EXIT_A,x_R28_EXIT_F,0.0001227735131895027
173,223,x_R20_EXIT_A,x_R28_EXIT_B,0.0001227735131895027
173,237,x_R20_EXIT_A,x_R30_EXIT_A,0.0002662159679933998
173,253,x_R20_EXIT_A,x_R32_EXIT_A,0.0002662159679933998
173,261,x_R20_EXIT_A,x_R33_EXIT_A,0.0002662159679933998
174,175,x_R20_EXIT_F,x_R20_EXIT_B,1.8391151775614432
174,181,x_R20_EXIT_F,x_R21_EXIT_A,0.00037204094905909907
174,182,x_R20_EXIT_F,x_R21_EXIT_F,0.0009259685843248689
174,183,x_R20_EXIT_F,x_R21_EXIT_B,0.0006696737083063784
174,189,x_R20_EXIT_F,x_R24_EXIT_A,0.0010417146573654772
174,190,x_R20_EXIT_F,x_R24_EXIT_F,0.00025629487601849045
174,197,x_R20_EXIT_F,x_R25_EXIT_A,0.0010417146573654772
174,198,x_R20_EXIT_F,x_R25_EXIT_F,0.00025629487601849045
174,203,x_R20_EXIT_F,x_R26_EXIT_G,0.00013393474166127566
174,205,x_R20_EXIT_F,x_R26_EXIT_A,0.00035715931109673503
174,206,x_R20_EXIT_F,x_R26_EXIT_F,0.00015377692561109425
174,217,x_R20_EXIT_F,x_R28_EXIT_D,0.0001190531036989117
174,218,x_R20_EXIT_F,x_R28_EXIT_E,0.0001190531036989117
174,219,x_R20_EXIT_F,x_R28_EXIT_G,0.0001190531036989117
174,220,x_R20_EXIT_F,x_R28_EXIT_H,0.0001190531036989117
174,222,x_R20_EXIT_F,x_R28_EXIT_F,0.0002596019066767936
174,223,x_R20_EXIT_F,x_R28_EXIT_B,0.00020834293147309544
174,230,x_R20_EXIT_F,x_R29_EXIT_F,0.0003703874337299475
174,231,x_R20_EXIT_F,x_R29_EXIT_B,0.00026786948332255137
174,235,x_R20_EXIT_F,x_R30_EXIT_G,0.00017857965554836754
174,237,x_R20_EXIT_F,x_R30_EXIT_A,0.00032739603517200716
174,245,x_R20_EXIT_F,x_R31_EXIT_A,0.0001190531036989117
174,253,x_R20_EXIT_F,x_R32_EXIT_A,0.0004166858629461909
174,254,x_R20_EXIT_F,x_R32_EXIT_F,0.00010251795040739618
174,261,x_R20_EXIT_F,x_R33_EXIT_A,0.0004166858629461909
174,262,x_R20_EXIT_F,x_R33_EXIT_F,0.00010251795040739618
175,181,x_R20_EXIT_B,x_R21_EXIT_A,0.00037204094905909907
175,182,x_R20_EXIT_B,x_R21_EXIT_F,0.0006696737083063784
175,183,x_R20_EXIT_B,x_R21_EXIT_B,0.0030631371472532496
175,189,x_R20_EXIT_B,x_R24_EXIT_A,0.0015460368327567006
175,190,x_R20_EXIT_B,x_R24_EXIT_F,0.0005043221753912231
175,191,x_R20_EXIT_B,x_R24_EXIT_B,0.0018891412635556474
175,197,x_R20_EXIT_B,x_R25_EXIT_A,0.0015460368327567006
175,198,x_R20_EXIT_B,x_R25_EXIT_F,0.0005043221753912231
175,203,x_R20_EXIT_B,x_R26_EXIT_G,0.00013393474166127566
175,205,x_R20_EXIT_B,x_R26_EXIT_A,0.00035715931109673503
175,207,x_R20_EXIT_B,x_R26_EXIT_B,0.0011930113099828442
175,215,x_R20_EXIT_B,x_R27_EXIT_B,0.00019883521833047402
175,217,x_R20_EXIT_B,x_R28_EXIT_D,0.0001190531036989117
175,218,x_R20_EXIT_B,x_R28_EXIT_E,0.0001190531036989117
175,219,x_R20_EXIT_B,x_R28_EXIT_G,0.0001190531036989117
175,220,x_R20_EXIT_B,x_R28_EXIT_H,0.0001190531036989117
175,222,x_R20_EXIT_B,x_R28_EXIT_F,0.00020834293147309544
175,223,x_R20_EXIT_B,x_R28_EXIT_B,0.0006870356192624695
175,230,x_R20_EXIT_B,x_R29_EXIT_F,0.00026786948332255137
175,231,x_R20_EXIT_B,x_R29_EXIT_B,0.0012252548589012995
175,235,x_R20_EXIT_B,x_R30_EXIT_G,0.00017857965554836754
175,236,x_R20_EXIT_B,x_R30_EXIT_H,0.00020172887015648927
175,237,x_R20_EXIT_B,x_R30_EXIT_A,0.00032739603517200716
175,239,x_R20_EXIT_B,x_R30_EXIT_B,0.0009573853755787482
175,245,x_R20_EXIT_B,x_R31_EXIT_A,0.00010417146573654772
175,247,x_R20_EXIT_B,x_R31_EXIT_B,0.0002170238869511411
175,248,x_R20_EXIT_B,x_R32_EXIT_C,0.0002852313942786426
175,249,x_R20_EXIT_B,x_R32_EXIT_D,0.0002852313942786426
175,250,x_R20_EXIT_B,x_R32_EXIT_E,0.0002852313942786426
175,251,x_R20_EXIT_B,x_R32_EXIT_G,0.0002852313942786426
175,252,x_R20_EXIT_B,x_R32_EXIT_H,0.0002455470263790054
175,253,x_R20_EXIT_B,x_R32_EXIT_A,0.0008639617594816857
175,254,x_R20_EXIT_B,x_R32_EXIT_F,0.0004472758965354946
175,255,x_R20_EXIT_B,x_R32_EXIT_B,0.0005101094790432537
175,261,x_R20_EXIT_B,x_R33_EXIT_A,0.0006184147331026801
175,262,x_R20_EXIT_B,x_R33_EXIT_F,0.00020172887015648927
176,177,x_R21_EXIT_C,x_R21_EXIT_D,1.841904864611138
176,178,x_R21_EXIT_C,x_R21_EXIT_E,1.841904864611138
176,179,x_R21_EXIT_C,x_R21_EXIT_G,1.8406647281142743
176,180,x_R21_EXIT_C,x_R21_EXIT_H,1.841904864611138
176,181,x_R21_EXIT_C,x_R21_EXIT_A,1.8386185028944493
176,182,x_R21_EXIT_C,x_R21_EXIT_F,1.8386185028944493
176,183,x_R21_EXIT_C,x_R21_EXIT_B,1.8386185028944493
176,184,x_R21_EXIT_C,x_R24_EXIT_C,0.004244022678155649
176,187,x_R21_EXIT_C,x_R24_EXIT_G,0.0012401364968636637
176,192,x_R21_EXIT_C,x_R25_EXIT_C,0.004244022678155649
176,195,x_R21_EXIT_C,x_R25_EXIT_G,0.0012401364968636637
176,200,x_R21_EXIT_C,x_R26_EXIT_C,0.002546413606893389
176,203,x_R21_EXIT_C,x_R26_EXIT_G,0.001227735131895027
176,208,x_R21_EXIT_C,x_R27_EXIT_C,0.00042440226781556486
176,211,x_R21_EXIT_C,x_R27_EXIT_G,0.00012401364968636636
176,216,x_R21_EXIT_C,x_R28_EXIT_C,0.0015060768789688715
176,224,x_R21_EXIT_C,x_R29_EXIT_C,0.003012153757937743
176,227,x_R21_EXIT_C,x_R29_EXIT_G,0.000818490087930018
176,232,x_R21_EXIT_C,x_R30_EXIT_C,0.0016976090712622594
176,235,x_R21_EXIT_C,x_R30_EXIT_G,0.000818490087930018
176,240,x_R21_EXIT_C,x_R31_EXIT_C,0.00042440226781556486
176,243,x_R21_EXIT_C,x_R31_EXIT_G,0.0002046225219825045
176,248,x_R21_EXIT_C,x_R32_EXIT_C,0.0016976090712622594
176,251,x_R21_EXIT_C,x_R32_EXIT_G,0.0004960545987454654
176,256,x_R21_EXIT_C,x_R33_EXIT_C,0.0016976090712622594
176,259,x_R21_EXIT_C,x_R33_EXIT_G,0.0004960545987454654
177,178,x_R21_EXIT_D,x_R21_EXIT_E,1.8421528919105108
177,179,x_R21_EXIT_D,x_R21_EXIT_G,1.8406647281142743
177,180,x_R21_EXIT_D,x_R21_EXIT_H,1.8421528919105108
177,181,x_R21_EXIT_D,x_R21_EXIT_A,1.8386185028944493
177,182,x_R21_EXIT_D,x_R21_EXIT_F,1.8386185028944493
177,183,x_R21_EXIT_D,x_R21_EXIT_B,1.8386185028944493
177,184,x_R21_EXIT_D,x_R24_EXIT_C,0.0002480272993727327
177,185,x_R21_EXIT_D,x_R24_EXIT_D,0.002259804283173787
177,187,x_R21_EXIT_D,x_R24_EXIT_G,0.0014881637962363963
177,192,x_R21_EXIT_D,x_R25_EXIT_C,0.0002480272993727327
177,193,x_R21_EXIT_D,x_R25_EXIT_D,0.002259804283173787
177,195,x_R21_EXIT_D,x_R25_EXIT_G,0.0014881637962363963
177,200,x_R21_EXIT_D,x_R26_EXIT_C,0.00014881637962363962
177,201,x_R21_EXIT_D,x_R26_EXIT_D,0.001355882569904272
177,203,x_R21_EXIT_D,x_R26_EXIT_G,0.001227735131895027
177,209,x_R21_EXIT_D,x_R27_EXIT_D,0.0002259804283173786
177,211,x_R21_EXIT_D,x_R27_EXIT_G,0.00014881637962363965
177,216,x_R21_EXIT_D,x_R28_EXIT_C,0.0006572723433377418
177,217,x_R21_EXIT_D,x_R28_EXIT_D,0.0004519608566347572
177,224,x_R21_EXIT_D,x_R29_EXIT_C,0.0013145446866754836
177,225,x_R21_EXIT_D,x_R29_EXIT_D,0.0009039217132695144
177,227,x_R21_EXIT_D,x_R29_EXIT_G,0.000818490087930018
177,233,x_R21_EXIT_D,x_R30_EXIT_D,0.0009039217132695144
177,235,x_R21_EXIT_D,x_R30_EXIT_G,0.000818490087930018
177,241,x_R21_EXIT_D,x_R31_EXIT_D,0.0002259804283173786
177,243,x_R21_EXIT_D,x_R31_EXIT_G,0.0002046225219825045
177,249,x_R21_EXIT_D,x_R32_EXIT_D,0.0009039217132695144
177,251,x_R21_EXIT_D,x_R32_EXIT_G,0.0005952655184945586
177,257,x_R21_EXIT_D,x_R33_EXIT_D,0.0009039217132695144
177,259,x_R21_EXIT_D,x_R33_EXIT_G,0.0005952655184945586
178,179,x_R21_EXIT_E,x_R21_EXIT_G,1.8406647281142743
178,180,x_R21_EXIT_E,x_R21_EXIT_H,1.8441371103054927
178,181,x_R21_EXIT_E,x_R21_EXIT_A,1.8386185028944493
178,182,x_R21_EXIT_E,x_R21_EXIT_F,1.8386185028944493
178,183,x_R21_EXIT_E,x_R21_EXIT_B,1.8386185028944493
178,184,x_R21_EXIT_E,x_R24_EXIT_C,0.0022322456943545945
178,185,x_R21_EXIT_E,x_R24_EXIT_D,0.0019842183949818617
178,186,x_R21_EXIT_E,x_R24_EXIT_E,0.0023149214608121716
178,187,x_R21_EXIT_E,x_R24_EXIT_G,0.003472382191218258
178,192,x_R21_EXIT_E,x_R25_EXIT_C,0.0022322456943545945
178,193,x_R21_EXIT_E,x_R25_EXIT_D,0.0019842183949818617
178,194,x_R21_EXIT_E,x_R25_EXIT_E,0.0023149214608121716
178,195,x_R21_EXIT_E,x_R25_EXIT_G,0.003472382191218258
178,200,x_R21_EXIT_E,x_R26_EXIT_C,0.00014881637962363962
178,202,x_R21_EXIT_E,x_R26_EXIT_E,0.00257948391347642
178,203,x_R21_EXIT_E,x_R26_EXIT_G,0.001227735131895027
178,210,x_R21_EXIT_E,x_R27_EXIT_E,0.00023149214608121722
178,211,x_R21_EXIT_E,x_R27_EXIT_G,0.00014881637962363965
178,216,x_R21_EXIT_E,x_R28_EXIT_C,0.0006572723433377418
178,218,x_R21_EXIT_E,x_R28_EXIT_E,0.0008598279711588068
178,220,x_R21_EXIT_E,x_R28_EXIT_H,0.0003968436789963724
178,224,x_R21_EXIT_E,x_R29_EXIT_C,0.0013145446866754836
178,226,x_R21_EXIT_E,x_R29_EXIT_E,0.0017196559423176135
178,227,x_R21_EXIT_E,x_R29_EXIT_G,0.000818490087930018
178,228,x_R21_EXIT_E,x_R29_EXIT_H,0.0007936873579927448
178,234,x_R21_EXIT_E,x_R30_EXIT_E,0.0017196559423176135
178,235,x_R21_EXIT_E,x_R30_EXIT_G,0.000818490087930018
178,240,x_R21_EXIT_E,x_R31_EXIT_C,0.00022322456943545945
178,241,x_R21_EXIT_E,x_R31_EXIT_D,0.0001984218394981862
178,242,x_R21_EXIT_E,x_R31_EXIT_E,0.00023149214608121722
178,243,x_R21_EXIT_E,x_R31_EXIT_G,0.0002046225219825045
178,248,x_R21_EXIT_E,x_R32_EXIT_C,0.0008928982777418378
178,249,x_R21_EXIT_E,x_R32_EXIT_D,0.0007936873579927448
178,250,x_R21_EXIT_E,x_R32_EXIT_E,0.0009259685843248689
178,251,x_R21_EXIT_E,x_R32_EXIT_G,0.001388952876487303
178,256,x_R21_EXIT_E,x_R33_EXIT_C,0.0008928982777418378
178,257,x_R21_EXIT_E,x_R33_EXIT_D,0.0007936873579927448
178,258,x_R21_EXIT_E,x_R33_EXIT_E,0.0009259685843248689
178,259,x_R21_EXIT_E,x_R33_EXIT_G,0.001388952876487303
179,180,x_R21_EXIT_G,x_R21_EXIT_H,1.8406647281142743
179,181,x_R21_EXIT_G,x_R21_EXIT_A,1.8386185028944493
179,182,x_R21_EXIT_G,x_R21_EXIT_F,1.8386185028944493
179,183,x_R21_EXIT_G,x_R21_EXIT_B,1.8386185028944493
179,187,x_R21_EXIT_G,x_R24_EXIT_G,0.0018464254508858992
179,195,x_R21_EXIT_G,x_R25_EXIT_G,0.0018464254508858992
179,203,x_R21_EXIT_G,x_R26_EXIT_G,0.0023355904024265663
179,211,x_R21_EXIT_G,x_R27_EXIT_G,0.0001846425450885899
179,216,x_R21_EXIT_G,x_R28_EXIT_C,0.000409245043965009
179,219,x_R21_EXIT_G,x_R28_EXIT_G,0.00017086325067899364
179,224,x_R21_EXIT_G,x_R29_EXIT_C,0.000818490087930018
179,227,x_R21_EXIT_G,x_R29_EXIT_G,0.0015570602682843777
179,235,x_R21_EXIT_G,x_R30_EXIT_G,0.0015570602682843777
179,243,x_R21_EXIT_G,x_R31_EXIT_G,0.0003892650670710944
179,251,x_R21_EXIT_G,x_R32_EXIT_G,0.0007385701803543596
179,259,x_R21_EXIT_G,x_R33_EXIT_G,0.0007385701803543596
180,181,x_R21_EXIT_H,x_R21_EXIT_A,1.8386185028944493
180,182,x_R21_EXIT_H,x_R21_EXIT_F,1.8386185028944493
180,183,x_R21_EXIT_H,x_R21_EXIT_B,1.8386185028944493
180,184,x_R21_EXIT_H,x_R24_EXIT_C,0.0030038861812919856
180,185,x_R21_EXIT_H,x_R24_EXIT_D,0.002755858881919253
180,186,x_R21_EXIT_H,x_R24_EXIT_E,0.0007716404869373906
180,187,x_R21_EXIT_H,x_R24_EXIT_G,0.004244022678155649
180,188,x_R21_EXIT_H,x_R24_EXIT_H,0.0009921091974909306
180,192,x_R21_EXIT_H,x_R25_EXIT_C,0.003665292312952606
180,193,x_R21_EXIT_H,x_R25_EXIT_D,0.003417265013579873
180,194,x_R21_EXIT_H,x_R25_EXIT_E,0.001433046618598011
180,195,x_R21_EXIT_H,x_R25_EXIT_G,0.0049054288098162695
180,196,x_R21_EXIT_H,x_R25_EXIT_H,0.0003307030658303103
180,200,x_R21_EXIT_H,x_R26_EXIT_C,0.00014881637962363962
180,202,x_R21_EXIT_H,x_R26_EXIT_E,0.001190531036989117
180,203,x_R21_EXIT_H,x_R26_EXIT_G,0.001227735131895027
180,204,x_R21_EXIT_H,x_R26_EXIT_H,0.0007936873579927448
180,211,x_R21_EXIT_H,x_R27_EXIT_G,0.00014881637962363965
180,212,x_R21_EXIT_H,x_R27_EXIT_H,0.00013228122633212412
180,216,x_R21_EXIT_H,x_R28_EXIT_C,0.0006572723433377418
180,218,x_R21_EXIT_H,x_R28_EXIT_E,0.0003968436789963724
180,220,x_R21_EXIT_H,x_R28_EXIT_H,0.0007495936158820367
180,224,x_R21_EXIT_H,x_R29_EXIT_C,0.0013145446866754836
180,226,x_R21_EXIT_H,x_R29_EXIT_E,0.0007936873579927448
180,227,x_R21_EXIT_H,x_R29_EXIT_G,0.000818490087930018
180,228,x_R21_EXIT_H,x_R29_EXIT_H,0.0014991872317640733
180,234,x_R21_EXIT_H,x_R30_EXIT_E,0.0007936873579927448
180,235,x_R21_EXIT_H,x_R30_EXIT_G,0.000818490087930018
180,236,x_R21_EXIT_H,x_R30_EXIT_H,0.0001322812263321241
180,240,x_R21_EXIT_H,x_R31_EXIT_C,0.00026731831154616745
180,241,x_R21_EXIT_H,x_R31_EXIT_D,0.00024251558160889422
180,243,x_R21_EXIT_H,x_R31_EXIT_G,0.0002046225219825045
180,248,x_R21_EXIT_H,x_R32_EXIT_C,0.0010692732461846698
180,249,x_R21_EXIT_H,x_R32_EXIT_D,0.0009700623264355769
180,250,x_R21_EXIT_H,x_R32_EXIT_E,0.00017637496844283214
180,251,x_R21_EXIT_H,x_R32_EXIT_G,0.0015653278449301352
180,252,x_R21_EXIT_H,x_R32_EXIT_H,0.0001322812263321241
180,256,x_R21_EXIT_H,x_R33_EXIT_C,0.0010692732461846698
180,257,x_R21_EXIT_H,x_R33_EXIT_D,0.0009700623264355769
180,258,x_R21_EXIT_H,x_R33_EXIT_E,0.00017637496844283214
180,259,x_R21_EXIT_H,x_R33_EXIT_G,0.0015653278449301352
180,260,x_R21_EXIT_H,x_R33_EXIT_H,0.0001322812263321241
181,182,x_R21_EXIT_A,x_R21_EXIT_F,1.8406647281142743
181,183,x_R21_EXIT_A,x_R21_EXIT_B,1.8406647281142743
181,189,x_R21_EXIT_A,x_R24_EXIT_A,0.003458602896808662
181,197,x_R21_EXIT_A,x_R25_EXIT_A,0.003458602896808662
181,203,x_R21_EXIT_A,x_R26_EXIT_G,0.001227735131895027
181,205,x_R21_EXIT_A,x_R26_EXIT_A,0.002075161738085197
181,213,x_R21_EXIT_A,x_R27_EXIT_A,0.00034586028968086623
181,216,x_R21_EXIT_A,x_R28_EXIT_C,0.0010665173873027505
181,217,x_R21_EXIT_A,x_R28_EXIT_D,0.0006572723433377417
181,218,x_R21_EXIT_A,x_R28_EXIT_E,0.0006572723433377417
181,219,x_R21_EXIT_A,x_R28_EXIT_G,0.000409245043965009
181,220,x_R21_EXIT_A,x_R28_EXIT_H,0.0006572723433377417
181,222,x_R21_EXIT_A,x_R28_EXIT_F,0.0006572723433377417
181,223,x_R21_EXIT_A,x_R28_EXIT_B,0.0006572723433377417
181,224,x_R21_EXIT_A,x_R29_EXIT_C,0.000818490087930018
181,227,x_R21_EXIT_A,x_R29_EXIT_G,0.000818490087930018
181,235,x_R21_EXIT_A,x_R30_EXIT_G,0.000818490087930018
181,237,x_R21_EXIT_A,x_R30_EXIT_A,0.001383441158723465
181,243,x_R21_EXIT_A,x_R31_EXIT_G,0.0002046225219825045
181,245,x_R21_EXIT_A,x_R31_EXIT_A,0.00034586028968086623
181,253,x_R21_EXIT_A,x_R32_EXIT_A,0.001383441158723465
181,261,x_R21_EXIT_A,x_R33_EXIT_A,0.001383441158723465
182,183,x_R21_EXIT_F,x_R21_EXIT_B,1.842896973808629
182,189,x_R21_EXIT_F,x_R24_EXIT_A,0.0022322456943545945
182,190,x_R21_EXIT_F,x_R24_EXIT_F,0.0008543162533949681
182,197,x_R21_EXIT_F,x_R25_EXIT_A,0.0022322456943545945
182,198,x_R21_EXIT_F,x_R25_EXIT_F,0.0008543162533949681
182,203,x_R21_EXIT_F,x_R26_EXIT_G,0.0016741842707659457
182,205,x_R21_EXIT_F,x_R26_EXIT_A,0.00044644913887091885
182,206,x_R21_EXIT_F,x_R26_EXIT_F,0.0005125897520369809
182,216,x_R21_EXIT_F,x_R28_EXIT_C,0.000409245043965009
182,217,x_R21_EXIT_F,x_R28_EXIT_D,0.00014881637962363965
182,218,x_R21_EXIT_F,x_R28_EXIT_E,0.00014881637962363965
182,220,x_R21_EXIT_F,x_R28_EXIT_H,0.00014881637962363965
182,222,x_R21_EXIT_F,x_R28_EXIT_F,0.0006173123895499126
182,223,x_R21_EXIT_F,x_R28_EXIT_B,0.0004464491388709189
182,224,x_R21_EXIT_F,x_R29_EXIT_C,0.000818490087930018
182,225,x_R21_EXIT_F,x_R29_EXIT_D,0.0002976327592472793
182,226,x_R21_EXIT_F,x_R29_EXIT_E,0.0002976327592472793
182,227,x_R21_EXIT_F,x_R29_EXIT_G,0.000818490087930018
182,228,x_R21_EXIT_F,x_R29_EXIT_H,0.0002976327592472793
182,230,x_R21_EXIT_F,x_R29_EXIT_F,0.0012346247790998252
182,231,x_R21_EXIT_F,x_R29_EXIT_B,0.0008928982777418378
182,232,x_R21_EXIT_F,x_R30_EXIT_C,0.0002976327592472793
182,233,x_R21_EXIT_F,x_R30_EXIT_D,0.0002976327592472793
182,234,x_R21_EXIT_F,x_R30_EXIT_E,0.0002976327592472793
182,235,x_R21_EXIT_F,x_R30_EXIT_G,0.0014137556064245768
182,236,x_R21_EXIT_F,x_R30_EXIT_H,0.0001984218394981862
182,237,x_R21_EXIT_F,x_R30_EXIT_A,0.0005952655184945585
182,238,x_R21_EXIT_F,x_R30_EXIT_F,0.00014330466185980115
182,239,x_R21_EXIT_F,x_R30_EXIT_B,0.0001984218394981862
182,243,x_R21_EXIT_F,x_R31_EXIT_G,0.00047745255129251057
182,245,x_R21_EXIT_F,x_R31_EXIT_A,0.00027283002931000603
182,253,x_R21_EXIT_F,x_R32_EXIT_A,0.0008928982777418378
182,254,x_R21_EXIT_F,x_R32_EXIT_F,0.00034172650135798734
182,261,x_R21_EXIT_F,x_R33_EXIT_A,0.0008928982777418378
182,262,x_R21_EXIT_F,x_R33_EXIT_F,0.00034172650135798734
183,189,x_R21_EXIT_B,x_R24_EXIT_A,0.003913319612325338
183,190,x_R21_EXIT_B,x_R24_EXIT_F,0.001681073917970744
183,191,x_R21_EXIT_B,x_R24_EXIT_B,0.006297137545185492
183,197,x_R21_EXIT_B,x_R25_EXIT_A,0.003913319612325338
183,198,x_R21_EXIT_B,x_R25_EXIT_F,0.001681073917970744
183,199,x_R21_EXIT_B,x_R25_EXIT_B,0.0002204687105535402
183,203,x_R21_EXIT_B,x_R26_EXIT_G,0.0016741842707659457
183,205,x_R21_EXIT_B,x_R26_EXIT_A,0.00044644913887091885
183,207,x_R21_EXIT_B,x_R26_EXIT_B,0.003976704366609481
183,215,x_R21_EXIT_B,x_R27_EXIT_B,0.0006627840611015803
183,216,x_R21_EXIT_B,x_R28_EXIT_C,0.000409245043965009
183,217,x_R21_EXIT_B,x_R28_EXIT_D,0.00014881637962363965
183,218,x_R21_EXIT_B,x_R28_EXIT_E,0.00014881637962363965
183,220,x_R21_EXIT_B,x_R28_EXIT_H,0.00014881637962363965
183,222,x_R21_EXIT_B,x_R28_EXIT_F,0.0004464491388709189
183,223,x_R21_EXIT_B,x_R28_EXIT_B,0.002042091431502166
183,224,x_R21_EXIT_B,x_R29_EXIT_C,0.000818490087930018
183,225,x_R21_EXIT_B,x_R29_EXIT_D,0.0002976327592472793
183,226,x_R21_EXIT_B,x_R29_EXIT_E,0.0002976327592472793
183,227,x_R21_EXIT_B,x_R29_EXIT_G,0.000818490087930018
183,228,x_R21_EXIT_B,x_R29_EXIT_H,0.0002976327592472793
183,230,x_R21_EXIT_B,x_R29_EXIT_F,0.0008928982777418378
183,231,x_R21_EXIT_B,x_R29_EXIT_B,0.004084182863004332
183,232,x_R21_EXIT_B,x_R30_EXIT_C,0.0002976327592472793
183,233,x_R21_EXIT_B,x_R30_EXIT_D,0.0002976327592472793
183,234,x_R21_EXIT_B,x_R30_EXIT_E,0.0002976327592472793
183,235,x_R21_EXIT_B,x_R30_EXIT_G,0.0014137556064245768
183,236,x_R21_EXIT_B,x_R30_EXIT_H,0.0006724295671882976
183,237,x_R21_EXIT_B,x_R30_EXIT_A,0.0005952655184945585
183,239,x_R21_EXIT_B,x_R30_EXIT_B,0.0031912845852624942
183,243,x_R21_EXIT_B,x_R31_EXIT_G,0.000427847091417964
183,245,x_R21_EXIT_B,x_R31_EXIT_A,0.00022322456943545945
183,247,x_R21_EXIT_B,x_R31_EXIT_B,0.0007234129565038038
183,248,x_R21_EXIT_B,x_R32_EXIT_C,0.0009507713142621421
183,249,x_R21_EXIT_B,x_R32_EXIT_D,0.0009507713142621421
183,250,x_R21_EXIT_B,x_R32_EXIT_E,0.0009507713142621421
183,251,x_R21_EXIT_B,x_R32_EXIT_G,0.0009507713142621421
183,252,x_R21_EXIT_B,x_R32_EXIT_H,0.000818490087930018
183,253,x_R21_EXIT_B,x_R32_EXIT_A,0.002383817932860153
183,254,x_R21_EXIT_B,x_R32_EXIT_F,0.0014909196551183156
183,255,x_R21_EXIT_B,x_R32_EXIT_B,0.001700364930144179
183,256,x_R21_EXIT_B,x_R33_EXIT_C,0.0001322812263321241
183,257,x_R21_EXIT_B,x_R33_EXIT_D,0.0001322812263321241
183,258,x_R21_EXIT_B,x_R33_EXIT_E,0.0001322812263321241
183,259,x_R21_EXIT_B,x_R33_EXIT_G,0.0001322812263321241
183,261,x_R21_EXIT_B,x_R33_EXIT_A,0.0015653278449301352
183,262,x_R21_EXIT_B,x_R33_EXIT_F,0.0006724295671882976
184,185,x_R24_EXIT_C,x_R24_EXIT_D,1.8434205869961935
184,186,x_R24_EXIT_C,x_R24_EXIT_E,1.8414363686012116
184,187,x_R24_EXIT_C,x_R24_EXIT_G,1.8436686142955663
184,188,x_R24_EXIT_C,x_R24_EXIT_H,1.8406647281142743
184,189,x_R24_EXIT_C,x_R24_EXIT_A,1.8386185028944493
184,190,x_R24_EXIT_C,x_R24_EXIT_F,1.8386185028944493
184,191,x_R24_EXIT_C,x_R24_EXIT_B,1.8386185028944493
184,192,x_R24_EXIT_C,x_R25_EXIT_C,0.007247908859447633
184,193,x_R24_EXIT_C,x_R25_EXIT_D,0.002755858881919253
184,194,x_R24_EXIT_C,x_R25_EXIT_E,0.0007716404869373906
184,195,x_R24_EXIT_C,x_R25_EXIT_G,0.0030038861812919856
184,200,x_R24_EXIT_C,x_R26_EXIT_C,0.002695229986517029
184,202,x_R24_EXIT_C,x_R26_EXIT_E,0.001190531036989117
184,204,x_R24_EXIT_C,x_R26_EXIT_H,0.0001984218394981862
184,208,x_R24_EXIT_C,x_R27_EXIT_C,0.00044920499775283806
184,216,x_R24_EXIT_C,x_R28_EXIT_C,0.0008488045356311297
184,218,x_R24_EXIT_C,x_R28_EXIT_E,0.0003968436789963724
184,220,x_R24_EXIT_C,x_R28_EXIT_H,0.0005511717763838505
184,224,x_R24_EXIT_C,x_R29_EXIT_C,0.0016976090712622594
184,226,x_R24_EXIT_C,x_R29_EXIT_E,0.0007936873579927448
184,228,x_R24_EXIT_C,x_R29_EXIT_H,0.001102343552767701
184,232,x_R24_EXIT_C,x_R30_EXIT_C,0.0017968199910113523
184,234,x_R24_EXIT_C,x_R30_EXIT_E,0.0007936873579927448
184,240,x_R24_EXIT_C,x_R31_EXIT_C,0.0006917205793617324
184,241,x_R24_EXIT_C,x_R31_EXIT_D,0.00024251558160889422
184,248,x_R24_EXIT_C,x_R32_EXIT_C,0.0027668823174469294
184,249,x_R24_EXIT_C,x_R32_EXIT_D,0.0009700623264355769
184,250,x_R24_EXIT_C,x_R32_EXIT_E,0.00017637496844283214
184,251,x_R24_EXIT_C,x_R32_EXIT_G,0.0010692732461846698
184,256,x_R24_EXIT_C,x_R33_EXIT_C,0.0027668823174469294
184,257,x_R24_EXIT_C,x_R33_EXIT_D,0.0009700623264355769
184,258,x_R24_EXIT_C,x_R33_EXIT_E,0.00017637496844283214
184,259,x_R24_EXIT_C,x_R33_EXIT_G,0.0010692732461846698
185,186,x_R24_EXIT_D,x_R24_EXIT_E,1.8414363686012116
185,187,x_R24_EXIT_D,x_R24_EXIT_G,1.8434205869961935
185,188,x_R24_EXIT_D,x_R24_EXIT_H,1.8406647281142743
185,189,x_R24_EXIT_D,x_R24_EXIT_A,1.8386185028944493
185,190,x_R24_EXIT_D,x_R24_EXIT_F,1.8386185028944493
185,191,x_R24_EXIT_D,x_R24_EXIT_B,1.8386185028944493
185,192,x_R24_EXIT_D,x_R25_EXIT_C,0.002755858881919253
185,193,x_R24_EXIT_D,x_R25_EXIT_D,0.005015663165093039
185,194,x_R24_EXIT_D,x_R25_EXIT_E,0.0007716404869373906
185,195,x_R24_EXIT_D,x_R25_EXIT_G,0.002755858881919253
185,201,x_R24_EXIT_D,x_R26_EXIT_D,0.001355882569904272
185,202,x_R24_EXIT_D,x_R26_EXIT_E,0.001190531036989117
185,204,x_R24_EXIT_D,x_R26_EXIT_H,0.0001984218394981862
185,209,x_R24_EXIT_D,x_R27_EXIT_D,0.0002259804283173786
185,217,x_R24_EXIT_D,x_R28_EXIT_D,0.0004519608566347572
185,218,x_R24_EXIT_D,x_R28_EXIT_E,0.0003968436789963724
185,220,x_R24_EXIT_D,x_R28_EXIT_H,0.0005511717763838505
185,225,x_R24_EXIT_D,x_R29_EXIT_D,0.0009039217132695144
185,226,x_R24_EXIT_D,x_R29_EXIT_E,0.0007936873579927448
185,228,x_R24_EXIT_D,x_R29_EXIT_H,0.001102343552767701
185,233,x_R24_EXIT_D,x_R30_EXIT_D,0.0009039217132695144
185,234,x_R24_EXIT_D,x_R30_EXIT_E,0.0007936873579927448
185,240,x_R24_EXIT_D,x_R31_EXIT_C,0.00024251558160889422
185,241,x_R24_EXIT_D,x_R31_EXIT_D,0.00046849600992627296
185,248,x_R24_EXIT_D,x_R32_EXIT_C,0.0009700623264355769
185,249,x_R24_EXIT_D,x_R32_EXIT_D,0.0018739840397050918
185,250,x_R24_EXIT_D,x_R32_EXIT_E,0.00017637496844283214
185,251,x_R24_EXIT_D,x_R32_EXIT_G,0.0009700623264355769
185,256,x_R24_EXIT_D,x_R33_EXIT_C,0.0009700623264355769
185,257,x_R24_EXIT_D,x_R33_EXIT_D,0.0018739840397050918
185,258,x_R24_EXIT_D,x_R33_EXIT_E,0.00017637496844283214
185,259,x_R24_EXIT_D,x_R33_EXIT_G,0.0009700623264355769
186,187,x_R24_EXIT_E,x_R24_EXIT_G,1.8414363686012116
186,188,x_R24_EXIT_E,x_R24_EXIT_H,1.8406647281142743
186,189,x_R24_EXIT_E,x_R24_EXIT_A,1.8386185028944493
186,190,x_R24_EXIT_E,x_R24_EXIT_F,1.8386185028944493
186,191,x_R24_EXIT_E,x_R24_EXIT_B,1.8386185028944493
186,192,x_R24_EXIT_E,x_R25_EXIT_C,0.0007716404869373906
186,193,x_R24_EXIT_E,x_R25_EXIT_D,0.0007716404869373906
186,194,x_R24_EXIT_E,x_R25_EXIT_E,0.003086561947749562
186,195,x_R24_EXIT_E,x_R25_EXIT_G,0.0007716404869373906
186,202,x_R24_EXIT_E,x_R26_EXIT_E,0.001388952876487303
186,204,x_R24_EXIT_E,x_R26_EXIT_H,0.0001984218394981862
186,210,x_R24_EXIT_E,x_R27_EXIT_E,0.00027558588819192524
186,218,x_R24_EXIT_E,x_R28_EXIT_E,0.00046298429216243443
186,220,x_R24_EXIT_E,x_R28_EXIT_H,0.00015432809738747814
186,226,x_R24_EXIT_E,x_R29_EXIT_E,0.0009259685843248689
186,228,x_R24_EXIT_E,x_R29_EXIT_H,0.0003086561947749563
186,234,x_R24_EXIT_E,x_R30_EXIT_E,0.0009259685843248689
186,242,x_R24_EXIT_E,x_R31_EXIT_E,0.00027558588819192524
186,248,x_R24_EXIT_E,x_R32_EXIT_C,0.00017637496844283214
186,249,x_R24_EXIT_E,x_R32_EXIT_D,0.00017637496844283214
186,250,x_R24_EXIT_E,x_R32_EXIT_E,0.001102343552767701
186,251,x_R24_EXIT_E,x_R32_EXIT_G,0.00017637496844283214
186,256,x_R24_EXIT_E,x_R33_EXIT_C,0.00017637496844283214
186,257,x_R24_EXIT_E,x_R33_EXIT_D,0.00017637496844283214
186,258,x_R24_EXIT_E,x_R33_EXIT_E,0.001102343552767701
186,259,x_R24_EXIT_E,x_R33_EXIT_G,0.00017637496844283214
187,188,x_R24_EXIT_G,x_R24_EXIT_H,1.8406647281142743
187,189,x_R24_EXIT_G,x_R24_EXIT_A,1.8386185028944493
187,190,x_R24_EXIT_G,x_R24_EXIT_F,1.8386185028944493
187,191,x_R24_EXIT_G,x_R24_EXIT_B,1.8386185028944493
187,192,x_R24_EXIT_G,x_R25_EXIT_C,0.0030038861812919856
187,193,x_R24_EXIT_G,x_R25_EXIT_D,0.002755858881919253
187,194,x_R24_EXIT_G,x_R25_EXIT_E,0.0007716404869373906
187,195,x_R24_EXIT_G,x_R25_EXIT_G,0.0060904481290415475
187,200,x_R24_EXIT_G,x_R26_EXIT_C,0.00014881637962363962
187,202,x_R24_EXIT_G,x_R26_EXIT_E,0.001190531036989117
187,203,x_R24_EXIT_G,x_R26_EXIT_G,0.0011078552705315395
187,204,x_R24_EXIT_G,x_R26_EXIT_H,0.0001984218394981862
187,211,x_R24_EXIT_G,x_R27_EXIT_G,0.0003334589247122295
187,216,x_R24_EXIT_G,x_R28_EXIT_C,0.0002480272993727327
187,218,x_R24_EXIT_G,x_R28_EXIT_E,0.0003968436789963724
187,219,x_R24_EXIT_G,x_R28_EXIT_G,0.00017086325067899364
187,220,x_R24_EXIT_G,x_R28_EXIT_H,0.0005511717763838505
187,224,x_R24_EXIT_G,x_R29_EXIT_C,0.0004960545987454654
187,226,x_R24_EXIT_G,x_R29_EXIT_E,0.0007936873579927448
187,227,x_R24_EXIT_G,x_R29_EXIT_G,0.0007385701803543596
187,228,x_R24_EXIT_G,x_R29_EXIT_H,0.001102343552767701
187,234,x_R24_EXIT_G,x_R30_EXIT_E,0.0007936873579927448
187,235,x_R24_EXIT_G,x_R30_EXIT_G,0.0007385701803543596
187,240,x_R24_EXIT_G,x_R31_EXIT_C,0.00026731831154616745
187,241,x_R24_EXIT_G,x_R31_EXIT_D,0.00024251558160889422
187,243,x_R24_EXIT_G,x_R31_EXIT_G,0.0001846425450885899
187,248,x_R24_EXIT_G,x_R32_EXIT_C,0.0010692732461846698
187,249,x_R24_EXIT_G,x_R32_EXIT_D,0.0009700623264355769
187,250,x_R24_EXIT_G,x_R32_EXIT_E,0.00017637496844283214
187,251,x_R24_EXIT_G,x_R32_EXIT_G,0.002303898025284495
187,256,x_R24_EXIT_G,x_R33_EXIT_C,0.0010692732461846698
187,257,x_R24_EXIT_G,x_R33_EXIT_D,0.0009700623264355769
187,258,x_R24_EXIT_G,x_R33_EXIT_E,0.00017637496844283214
187,259,x_R24_EXIT_G,x_R33_EXIT_G,0.002303898025284495
188,189,x_R24_EXIT_H,x_R24_EXIT_A,1.8386185028944493
188,190,x_R24_EXIT_H,x_R24_EXIT_F,1.8386185028944493
188,191,x_R24_EXIT_H,x_R24_EXIT_B,1.8386185028944493
188,192,x_R24_EXIT_H,x_R25_EXIT_C,0.0006614061316606206
188,193,x_R24_EXIT_H,x_R25_EXIT_D,0.0006614061316606206
188,194,x_R24_EXIT_H,x_R25_EXIT_E,0.0006614061316606206
188,195,x_R24_EXIT_H,x_R25_EXIT_G,0.0006614061316606206
188,196,x_R24_EXIT_H,x_R25_EXIT_H,0.0003307030658303103
188,204,x_R24_EXIT_H,x_R26_EXIT_H,0.0005952655184945585
188,220,x_R24_EXIT_H,x_R28_EXIT_H,0.0001984218394981862
188,228,x_R24_EXIT_H,x_R29_EXIT_H,0.0003968436789963724
188,236,x_R24_EXIT_H,x_R30_EXIT_H,0.0001322812263321241
188,252,x_R24_EXIT_H,x_R32_EXIT_H,0.0001322812263321241
188,260,x_R24_EXIT_H,x_R33_EXIT_H,0.0001322812263321241
189,190,x_R24_EXIT_A,x_R24_EXIT_F,1.842345802032245
189,191,x_R24_EXIT_A,x_R24_EXIT_B,1.8406647281142743
189,197,x_R24_EXIT_A,x_R25_EXIT_A,0.007371922509134
189,198,x_R24_EXIT_A,x_R25_EXIT_F,0.001681073917970744
189,203,x_R24_EXIT_A,x_R26_EXIT_G,0.00044644913887091885
189,205,x_R24_EXIT_A,x_R26_EXIT_A,0.0025216108769561163
189,207,x_R24_EXIT_A,x_R26_EXIT_B,0.0001984218394981862
189,213,x_R24_EXIT_A,x_R27_EXIT_A,0.000420268479492686
189,216,x_R24_EXIT_A,x_R28_EXIT_C,0.0006572723433377417
189,217,x_R24_EXIT_A,x_R28_EXIT_D,0.0008060887229613814
189,218,x_R24_EXIT_A,x_R28_EXIT_E,0.0008060887229613814
189,219,x_R24_EXIT_A,x_R28_EXIT_G,0.000409245043965009
189,220,x_R24_EXIT_A,x_R28_EXIT_H,0.0008060887229613814
189,222,x_R24_EXIT_A,x_R28_EXIT_F,0.0011037214822086606
189,223,x_R24_EXIT_A,x_R28_EXIT_B,0.0014399362658028094
189,225,x_R24_EXIT_A,x_R29_EXIT_D,0.0002976327592472793
189,226,x_R24_EXIT_A,x_R29_EXIT_E,0.0002976327592472793
189,228,x_R24_EXIT_A,x_R29_EXIT_H,0.0002976327592472793
189,230,x_R24_EXIT_A,x_R29_EXIT_F,0.0008928982777418378
189,231,x_R24_EXIT_A,x_R29_EXIT_B,0.0015653278449301352
189,232,x_R24_EXIT_A,x_R30_EXIT_C,0.0002976327592472793
189,233,x_R24_EXIT_A,x_R30_EXIT_D,0.0002976327592472793
189,234,x_R24_EXIT_A,x_R30_EXIT_E,0.0002976327592472793
189,235,x_R24_EXIT_A,x_R30_EXIT_G,0.0005952655184945585
189,236,x_R24_EXIT_A,x_R30_EXIT_H,0.0006724295671882976
189,237,x_R24_EXIT_A,x_R30_EXIT_A,0.0019787066772180236
189,239,x_R24_EXIT_A,x_R30_EXIT_B,0.0006724295671882976
189,243,x_R24_EXIT_A,x_R31_EXIT_G,0.00022322456943545945
189,245,x_R24_EXIT_A,x_R31_EXIT_A,0.0005690848591163256
189,248,x_R24_EXIT_A,x_R32_EXIT_C,0.0001322812263321241
189,249,x_R24_EXIT_A,x_R32_EXIT_D,0.0001322812263321241
189,250,x_R24_EXIT_A,x_R32_EXIT_E,0.0001322812263321241
189,251,x_R24_EXIT_A,x_R32_EXIT_G,0.0001322812263321241
189,253,x_R24_EXIT_A,x_R32_EXIT_A,0.0029487690036536004
189,254,x_R24_EXIT_A,x_R32_EXIT_F,0.0006724295671882976
189,256,x_R24_EXIT_A,x_R33_EXIT_C,0.0001322812263321241
189,257,x_R24_EXIT_A,x_R33_EXIT_D,0.0001322812263321241
189,258,x_R24_EXIT_A,x_R33_EXIT_E,0.0001322812263321241
189,259,x_R24_EXIT_A,x_R33_EXIT_G,0.0001322812263321241
189,261,x_R24_EXIT_A,x_R33_EXIT_A,0.0029487690036536004
189,262,x_R24_EXIT_A,x_R33_EXIT_F,0.0006724295671882976
190,191,x_R24_EXIT_F,x_R24_EXIT_B,1.8406647281142743
190,197,x_R24_EXIT_F,x_R25_EXIT_A,0.001681073917970744
190,198,x_R24_EXIT_F,x_R25_EXIT_F,0.0025353901713657126
190,206,x_R24_EXIT_F,x_R26_EXIT_F,0.0005125897520369809
190,207,x_R24_EXIT_F,x_R26_EXIT_B,0.0001984218394981862
190,222,x_R24_EXIT_F,x_R28_EXIT_F,0.00017086325067899367
190,223,x_R24_EXIT_F,x_R28_EXIT_B,0.0003362147835941488
190,230,x_R24_EXIT_F,x_R29_EXIT_F,0.00034172650135798734
190,231,x_R24_EXIT_F,x_R29_EXIT_B,0.0006724295671882976
190,236,x_R24_EXIT_F,x_R30_EXIT_H,0.0008708514066864838
190,238,x_R24_EXIT_F,x_R30_EXIT_F,0.00014330466185980115
190,239,x_R24_EXIT_F,x_R30_EXIT_B,0.0008708514066864838
190,248,x_R24_EXIT_F,x_R32_EXIT_C,0.0001322812263321241
190,249,x_R24_EXIT_F,x_R32_EXIT_D,0.0001322812263321241
190,250,x_R24_EXIT_F,x_R32_EXIT_E,0.0001322812263321241
190,251,x_R24_EXIT_F,x_R32_EXIT_G,0.0001322812263321241
190,253,x_R24_EXIT_F,x_R32_EXIT_A,0.0006724295671882976
190,254,x_R24_EXIT_F,x_R32_EXIT_F,0.0010141560685462847
190,256,x_R24_EXIT_F,x_R33_EXIT_C,0.0001322812263321241
190,257,x_R24_EXIT_F,x_R33_EXIT_D,0.0001322812263321241
190,258,x_R24_EXIT_F,x_R33_EXIT_E,0.0001322812263321241
190,259,x_R24_EXIT_F,x_R33_EXIT_G,0.0001322812263321241
190,261,x_R24_EXIT_F,x_R33_EXIT_A,0.0006724295671882976
190,262,x_R24_EXIT_F,x_R33_EXIT_F,0.0010141560685462847
191,199,x_R24_EXIT_B,x_R25_EXIT_B,0.0002204687105535402
191,207,x_R24_EXIT_B,x_R26_EXIT_B,0.0037782825271112947
191,215,x_R24_EXIT_B,x_R27_EXIT_B,0.0006297137545185493
191,223,x_R24_EXIT_B,x_R28_EXIT_B,0.0012594275090370985
191,231,x_R24_EXIT_B,x_R29_EXIT_B,0.002518855018074197
191,239,x_R24_EXIT_B,x_R30_EXIT_B,0.002518855018074197
191,247,x_R24_EXIT_B,x_R31_EXIT_B,0.0006297137545185493
191,248,x_R24_EXIT_B,x_R32_EXIT_C,0.000818490087930018
191,249,x_R24_EXIT_B,x_R32_EXIT_D,0.000818490087930018
191,250,x_R24_EXIT_B,x_R32_EXIT_E,0.000818490087930018
191,251,x_R24_EXIT_B,x_R32_EXIT_G,0.000818490087930018
191,252,x_R24_EXIT_B,x_R32_EXIT_H,0.000818490087930018
191,253,x_R24_EXIT_B,x_R32_EXIT_A,0.000818490087930018
191,254,x_R24_EXIT_B,x_R32_EXIT_F,0.000818490087930018
191,255,x_R24_EXIT_B,x_R32_EXIT_B,0.001700364930144179
192,193,x_R25_EXIT_C,x_R25_EXIT_D,1.8440819931278543
192,194,x_R25_EXIT_C,x_R25_EXIT_E,1.8420977747328724
192,195,x_R25_EXIT_C,x_R25_EXIT_G,1.8443300204272268
192,196,x_R25_EXIT_C,x_R25_EXIT_H,1.8406647281142743
192,197,x_R25_EXIT_C,x_R25_EXIT_A,1.8386185028944493
192,198,x_R25_EXIT_C,x_R25_EXIT_F,1.8386185028944493
192,199,x_R25_EXIT_C,x_R25_EXIT_B,1.8386185028944493
192,200,x_R25_EXIT_C,x_R26_EXIT_C,0.002695229986517029
192,202,x_R25_EXIT_C,x_R26_EXIT_E,0.001190531036989117
192,204,x_R25_EXIT_C,x_R26_EXIT_H,0.0005952655184945586
192,208,x_R25_EXIT_C,x_R27_EXIT_C,0.00044920499775283806
192,216,x_R25_EXIT_C,x_R28_EXIT_C,0.0008488045356311297
192,218,x_R25_EXIT_C,x_R28_EXIT_E,0.0003968436789963724
192,220,x_R25_EXIT_C,x_R28_EXIT_H,0.0006834530027159746
192,224,x_R25_EXIT_C,x_R29_EXIT_C,0.0016976090712622594
192,226,x_R25_EXIT_C,x_R29_EXIT_E,0.0007936873579927448
192,228,x_R25_EXIT_C,x_R29_EXIT_H,0.0013669060054319491
192,232,x_R25_EXIT_C,x_R30_EXIT_C,0.0017968199910113523
192,234,x_R25_EXIT_C,x_R30_EXIT_E,0.0007936873579927448
192,236,x_R25_EXIT_C,x_R30_EXIT_H,0.000818490087930018
192,240,x_R25_EXIT_C,x_R31_EXIT_C,0.0006917205793617324
192,241,x_R25_EXIT_C,x_R31_EXIT_D,0.00024251558160889422
192,244,x_R25_EXIT_C,x_R31_EXIT_H,0.0002046225219825045
192,248,x_R25_EXIT_C,x_R32_EXIT_C,0.0027668823174469294
192,249,x_R25_EXIT_C,x_R32_EXIT_D,0.0009700623264355769
192,250,x_R25_EXIT_C,x_R32_EXIT_E,0.00017637496844283214
192,251,x_R25_EXIT_C,x_R32_EXIT_G,0.0010692732461846698
192,252,x_R25_EXIT_C,x_R32_EXIT_H,0.000818490087930018
192,256,x_R25_EXIT_C,x_R33_EXIT_C,0.0027668823174469294
192,257,x_R25_EXIT_C,x_R33_EXIT_D,0.0009700623264355769
192,258,x_R25_EXIT_C,x_R33_EXIT_E,0.00017637496844283214
192,259,x_R25_EXIT_C,x_R33_EXIT_G,0.0010692732461846698
192,260,x_R25_EXIT_C,x_R33_EXIT_H,0.000818490087930018
193,194,x_R25_EXIT_D,x_R25_EXIT_E,1.8420977747328724
193,195,x_R25_EXIT_D,x_R25_EXIT_G,1.8440819931278543
193,196,x_R25_EXIT_D,x_R25_EXIT_H,1.8406647281142743
193,197,x_R25_EXIT_D,x_R25_EXIT_A,1.8386185028944493
193,198,x_R25_EXIT_D,x_R25_EXIT_F,1.8386185028944493
193,199,x_R25_EXIT_D,x_R25_EXIT_B,1.8386185028944493
193,201,x_R25_EXIT_D,x_R26_EXIT_D,0.001355882569904272
193,202,x_R25_EXIT_D,x_R26_EXIT_E,0.001190531036989117
193,204,x_R25_EXIT_D,x_R26_EXIT_H,0.0005952655184945586
193,209,x_R25_EXIT_D,x_R27_EXIT_D,0.0002259804283173786
193,217,x_R25_EXIT_D,x_R28_EXIT_D,0.0004519608566347572
193,218,x_R25_EXIT_D,x_R28_EXIT_E,0.0003968436789963724
193,220,x_R25_EXIT_D,x_R28_EXIT_H,0.0006834530027159746
193,225,x_R25_EXIT_D,x_R29_EXIT_D,0.0009039217132695144
193,226,x_R25_EXIT_D,x_R29_EXIT_E,0.0007936873579927448
193,228,x_R25_EXIT_D,x_R29_EXIT_H,0.0013669060054319491
193,233,x_R25_EXIT_D,x_R30_EXIT_D,0.0009039217132695144
193,234,x_R25_EXIT_D,x_R30_EXIT_E,0.0007936873579927448
193,236,x_R25_EXIT_D,x_R30_EXIT_H,0.000818490087930018
193,240,x_R25_EXIT_D,x_R31_EXIT_C,0.00024251558160889422
193,241,x_R25_EXIT_D,x_R31_EXIT_D,0.00046849600992627296
193,244,x_R25_EXIT_D,x_R31_EXIT_H,0.0002046225219825045
193,248,x_R25_EXIT_D,x_R32_EXIT_C,0.0009700623264355769
193,249,x_R25_EXIT_D,x_R32_EXIT_D,0.0018739840397050918
193,250,x_R25_EXIT_D,x_R32_EXIT_E,0.00017637496844283214
193,251,x_R25_EXIT_D,x_R32_EXIT_G,0.0009700623264355769
193,252,x_R25_EXIT_D,x_R32_EXIT_H,0.000818490087930018
193,256,x_R25_EXIT_D,x_R33_EXIT_C,0.0009700623264355769
193,257,x_R25_EXIT_D,x_R33_EXIT_D,0.0018739840397050918
193,258,x_R25_EXIT_D,x_R33_EXIT_E,0.00017637496844283214
193,259,x_R25_EXIT_D,x_R33_EXIT_G,0.0009700623264355769
193,260,x_R25_EXIT_D,x_R33_EXIT_H,0.000818490087930018
194,195,x_R25_EXIT_E,x_R25_EXIT_G,1.8420977747328724
194,196,x_R25_EXIT_E,x_R25_EXIT_H,1.8406647281142743
194,197,x_R25_EXIT_E,x_R25_EXIT_A,1.8386185028944493
194,198,x_R25_EXIT_E,x_R25_EXIT_F,1.8386185028944493
194,199,x_R25_EXIT_E,x_R25_EXIT_B,1.8386185028944493
194,202,x_R25_EXIT_E,x_R26_EXIT_E,0.001388952876487303
194,204,x_R25_EXIT_E,x_R26_EXIT_H,0.0005952655184945586
194,210,x_R25_EXIT_E,x_R27_EXIT_E,0.00027558588819192524
194,218,x_R25_EXIT_E,x_R28_EXIT_E,0.00046298429216243443
194,220,x_R25_EXIT_E,x_R28_EXIT_H,0.00028660932371960224
194,226,x_R25_EXIT_E,x_R29_EXIT_E,0.0009259685843248689
194,228,x_R25_EXIT_E,x_R29_EXIT_H,0.0005732186474392045
194,234,x_R25_EXIT_E,x_R30_EXIT_E,0.0009259685843248689
194,236,x_R25_EXIT_E,x_R30_EXIT_H,0.000818490087930018
194,242,x_R25_EXIT_E,x_R31_EXIT_E,0.00027558588819192524
194,244,x_R25_EXIT_E,x_R31_EXIT_H,0.0002046225219825045
194,248,x_R25_EXIT_E,x_R32_EXIT_C,0.00017637496844283214
194,249,x_R25_EXIT_E,x_R32_EXIT_D,0.00017637496844283214
194,250,x_R25_EXIT_E,x_R32_EXIT_E,0.001102343552767701
194,251,x_R25_EXIT_E,x_R32_EXIT_G,0.00017637496844283214
194,252,x_R25_EXIT_E,x_R32_EXIT_H,0.000818490087930018
194,256,x_R25_EXIT_E,x_R33_EXIT_C,0.00017637496844283214
194,257,x_R25_EXIT_E,x_R33_EXIT_D,0.00017637496844283214
194,258,x_R25_EXIT_E,x_R33_EXIT_E,0.001102343552767701
194,259,x_R25_EXIT_E,x_R33_EXIT_G,0.00017637496844283214
194,260,x_R25_EXIT_E,x_R33_EXIT_H,0.000818490087930018
195,196,x_R25_EXIT_G,x_R25_EXIT_H,1.8406647281142743
195,197,x_R25_EXIT_G,x_R25_EXIT_A,1.8386185028944493
195,198,x_R25_EXIT_G,x_R25_EXIT_F,1.8386185028944493
195,199,x_R25_EXIT_G,x_R25_EXIT_B,1.8386185028944493
195,200,x_R25_EXIT_G,x_R26_EXIT_C,0.00014881637962363962
195,202,x_R25_EXIT_G,x_R26_EXIT_E,0.001190531036989117
195,203,x_R25_EXIT_G,x_R26_EXIT_G,0.0011078552705315395
195,204,x_R25_EXIT_G,x_R26_EXIT_H,0.0005952655184945586
195,211,x_R25_EXIT_G,x_R27_EXIT_G,0.0003334589247122295
195,216,x_R25_EXIT_G,x_R28_EXIT_C,0.0002480272993727327
195,218,x_R25_EXIT_G,x_R28_EXIT_E,0.0003968436789963724
195,219,x_R25_EXIT_G,x_R28_EXIT_G,0.00017086325067899364
195,220,x_R25_EXIT_G,x_R28_EXIT_H,0.0006834530027159746
195,224,x_R25_EXIT_G,x_R29_EXIT_C,0.0004960545987454654
195,226,x_R25_EXIT_G,x_R29_EXIT_E,0.0007936873579927448
195,227,x_R25_EXIT_G,x_R29_EXIT_G,0.0007385701803543596
195,228,x_R25_EXIT_G,x_R29_EXIT_H,0.0013669060054319491
195,234,x_R25_EXIT_G,x_R30_EXIT_E,0.0007936873579927448
195,235,x_R25_EXIT_G,x_R30_EXIT_G,0.0007385701803543596
195,236,x_R25_EXIT_G,x_R30_EXIT_H,0.000818490087930018
195,240,x_R25_EXIT_G,x_R31_EXIT_C,0.00026731831154616745
195,241,x_R25_EXIT_G,x_R31_EXIT_D,0.00024251558160889422
195,243,x_R25_EXIT_G,x_R31_EXIT_G,0.0001846425450885899
195,244,x_R25_EXIT_G,x_R31_EXIT_H,0.0002046225219825045
195,248,x_R25_EXIT_G,x_R32_EXIT_C,0.0010692732461846698
195,249,x_R25_EXIT_G,x_R32_EXIT_D,0.0009700623264355769
195,250,x_R25_EXIT_G,x_R32_EXIT_E,0.00017637496844283214
195,251,x_R25_EXIT_G,x_R32_EXIT_G,0.002303898025284495
195,252,x_R25_EXIT_G,x_R32_EXIT_H,0.000818490087930018
195,256,x_R25_EXIT_G,x_R33_EXIT_C,0.0010692732461846698
195,257,x_R25_EXIT_G,x_R33_EXIT_D,0.0009700623264355769
195,258,x_R25_EXIT_G,x_R33_EXIT_E,0.00017637496844283214
195,259,x_R25_EXIT_G,x_R33_EXIT_G,0.002303898025284495
195,260,x_R25_EXIT_G,x_R33_EXIT_H,0.000818490087930018
196,197,x_R25_EXIT_H,x_R25_EXIT_A,1.8386185028944493
196,198,x_R25_EXIT_H,x_R25_EXIT_F,1.8386185028944493
196,199,x_R25_EXIT_H,x_R25_EXIT_B,1.8386185028944493
196,204,x_R25_EXIT_H,x_R26_EXIT_H,0.0001984218394981862
196,228,x_R25_EXIT_H,x_R29_EXIT_H,0.0001322812263321241
196,236,x_R25_EXIT_H,x_R30_EXIT_H,0.0009507713142621422
196,244,x_R25_EXIT_H,x_R31_EXIT_H,0.00023769282856553556
196,252,x_R25_EXIT_H,x_R32_EXIT_H,0.0009507713142621422
196,260,x_R25_EXIT_H,x_R33_EXIT_H,0.0009507713142621422
197,198,x_R25_EXIT_A,x_R25_EXIT_F,1.842896973808629
197,199,x_R25_EXIT_A,x_R25_EXIT_B,1.8406647281142743
197,203,x_R25_EXIT_A,x_R26_EXIT_G,0.00044644913887091885
197,205,x_R25_EXIT_A,x_R26_EXIT_A,0.0025216108769561163
197,207,x_R25_EXIT_A,x_R26_EXIT_B,0.0001984218394981862
197,213,x_R25_EXIT_A,x_R27_EXIT_A,0.000420268479492686
197,216,x_R25_EXIT_A,x_R28_EXIT_C,0.0006572723433377417
197,217,x_R25_EXIT_A,x_R28_EXIT_D,0.0008060887229613814
197,218,x_R25_EXIT_A,x_R28_EXIT_E,0.0008060887229613814
197,219,x_R25_EXIT_A,x_R28_EXIT_G,0.000409245043965009
197,220,x_R25_EXIT_A,x_R28_EXIT_H,0.0008060887229613814
197,222,x_R25_EXIT_A,x_R28_EXIT_F,0.0011037214822086606
197,223,x_R25_EXIT_A,x_R28_EXIT_B,0.0014399362658028094
197,225,x_R25_EXIT_A,x_R29_EXIT_D,0.0002976327592472793
197,226,x_R25_EXIT_A,x_R29_EXIT_E,0.0002976327592472793
197,228,x_R25_EXIT_A,x_R29_EXIT_H,0.0002976327592472793
197,230,x_R25_EXIT_A,x_R29_EXIT_F,0.0008928982777418378
197,231,x_R25_EXIT_A,x_R29_EXIT_B,0.0015653278449301352
197,232,x_R25_EXIT_A,x_R30_EXIT_C,0.0002976327592472793
197,233,x_R25_EXIT_A,x_R30_EXIT_D,0.0002976327592472793
197,234,x_R25_EXIT_A,x_R30_EXIT_E,0.0002976327592472793
197,235,x_R25_EXIT_A,x_R30_EXIT_G,0.0005952655184945585
197,236,x_R25_EXIT_A,x_R30_EXIT_H,0.001711388365671856
197,237,x_R25_EXIT_A,x_R30_EXIT_A,0.0019787066772180236
197,239,x_R25_EXIT_A,x_R30_EXIT_B,0.0006724295671882976
197,243,x_R25_EXIT_A,x_R31_EXIT_G,0.00022322456943545945
197,244,x_R25_EXIT_A,x_R31_EXIT_H,0.00035343890160614415
197,245,x_R25_EXIT_A,x_R31_EXIT_A,0.0005690848591163256
197,248,x_R25_EXIT_A,x_R32_EXIT_C,0.0001322812263321241
197,249,x_R25_EXIT_A,x_R32_EXIT_D,0.0001322812263321241
197,250,x_R25_EXIT_A,x_R32_EXIT_E,0.0001322812263321241
197,251,x_R25_EXIT_A,x_R32_EXIT_G,0.0001322812263321241
197,252,x_R25_EXIT_A,x_R32_EXIT_H,0.0010389587984835581
197,253,x_R25_EXIT_A,x_R32_EXIT_A,0.0029487690036536004
197,254,x_R25_EXIT_A,x_R32_EXIT_F,0.0006724295671882976
197,256,x_R25_EXIT_A,x_R33_EXIT_C,0.0003527499368856643
197,257,x_R25_EXIT_A,x_R33_EXIT_D,0.0003527499368856643
197,258,x_R25_EXIT_A,x_R33_EXIT_E,0.0003527499368856643
197,259,x_R25_EXIT_A,x_R33_EXIT_G,0.0003527499368856643
197,260,x_R25_EXIT_A,x_R33_EXIT_H,0.000818490087930018
197,261,x_R25_EXIT_A,x_R33_EXIT_A,0.00316923771420714
197,262,x_R25_EXIT_A,x_R33_EXIT_F,0.0008928982777418379
198,199,x_R25_EXIT_F,x_R25_EXIT_B,1.8406647281142743
198,206,x_R25_EXIT_F,x_R26_EXIT_F,0.0005125897520369809
198,207,x_R25_EXIT_F,x_R26_EXIT_B,0.0001984218394981862
198,222,x_R25_EXIT_F,x_R28_EXIT_F,0.00017086325067899367
198,223,x_R25_EXIT_F,x_R28_EXIT_B,0.0003362147835941488
198,230,x_R25_EXIT_F,x_R29_EXIT_F,0.00034172650135798734
198,231,x_R25_EXIT_F,x_R29_EXIT_B,0.0006724295671882976
198,236,x_R25_EXIT_F,x_R30_EXIT_H,0.001909810205170042
198,238,x_R25_EXIT_F,x_R30_EXIT_F,0.00014330466185980115
198,239,x_R25_EXIT_F,x_R30_EXIT_B,0.0008708514066864838
198,244,x_R25_EXIT_F,x_R31_EXIT_H,0.00035343890160614415
198,248,x_R25_EXIT_F,x_R32_EXIT_C,0.0001322812263321241
198,249,x_R25_EXIT_F,x_R32_EXIT_D,0.0001322812263321241
198,250,x_R25_EXIT_F,x_R32_EXIT_E,0.0001322812263321241
198,251,x_R25_EXIT_F,x_R32_EXIT_G,0.0001322812263321241
198,252,x_R25_EXIT_F,x_R32_EXIT_H,0.0010389587984835581
198,253,x_R25_EXIT_F,x_R32_EXIT_A,0.0006724295671882976
198,254,x_R25_EXIT_F,x_R32_EXIT_F,0.0010141560685462847
198,256,x_R25_EXIT_F,x_R33_EXIT_C,0.0003527499368856643
198,257,x_R25_EXIT_F,x_R33_EXIT_D,0.0003527499368856643
198,258,x_R25_EXIT_F,x_R33_EXIT_E,0.0003527499368856643
198,259,x_R25_EXIT_F,x_R33_EXIT_G,0.0003527499368856643
198,260,x_R25_EXIT_F,x_R33_EXIT_H,0.000818490087930018
198,261,x_R25_EXIT_F,x_R33_EXIT_A,0.0008928982777418379
198,262,x_R25_EXIT_F,x_R33_EXIT_F,0.0012346247790998254
199,207,x_R25_EXIT_B,x_R26_EXIT_B,0.00013228122633212412
199,236,x_R25_EXIT_B,x_R30_EXIT_H,0.000818490087930018
199,244,x_R25_EXIT_B,x_R31_EXIT_H,0.0002046225219825045
199,252,x_R25_EXIT_B,x_R32_EXIT_H,0.000818490087930018
199,256,x_R25_EXIT_B,x_R33_EXIT_C,0.0007936873579927448
199,257,x_R25_EXIT_B,x_R33_EXIT_D,0.0007936873579927448
199,258,x_R25_EXIT_B,x_R33_EXIT_E,0.0007936873579927448
199,259,x_R25_EXIT_B,x_R33_EXIT_G,0.0007936873579927448
199,260,x_R25_EXIT_B,x_R33_EXIT_H,0.0016121774459227627
199,261,x_R25_EXIT_B,x_R33_EXIT_A,0.0007936873579927448
199,262,x_R25_EXIT_B,x_R33_EXIT_F,0.0007936873579927448
200,201,x_R26_EXIT_C,x_R26_EXIT_D,1.8411310194370951
200,202,x_R26_EXIT_C,x_R26_EXIT_E,1.8411310194370951
200,203,x_R26_EXIT_C,x_R26_EXIT_G,1.8393551439735862
200,204,x_R26_EXIT_C,x_R26_EXIT_H,1.8386185028944493
200,205,x_R26_EXIT_C,x_R26_EXIT_A,1.8393551439735862
200,206,x_R26_EXIT_C,x_R26_EXIT_F,1.8386185028944493
200,207,x_R26_EXIT_C,x_R26_EXIT_B,1.8386185028944493
200,208,x_R26_EXIT_C,x_R27_EXIT_C,0.0003885761023506146
200,209,x_R26_EXIT_C,x_R27_EXIT_D,0.0001190531036989117
200,211,x_R26_EXIT_C,x_R27_EXIT_G,0.00013393474166127568
200,213,x_R26_EXIT_C,x_R27_EXIT_A,0.0001227735131895027
200,216,x_R26_EXIT_C,x_R28_EXIT_C,0.0005092827213786778
200,217,x_R26_EXIT_C,x_R28_EXIT_D,0.0005919584878362554
200,218,x_R26_EXIT_C,x_R28_EXIT_E,0.0005919584878362554
200,220,x_R26_EXIT_C,x_R28_EXIT_H,0.0005919584878362554
200,224,x_R26_EXIT_C,x_R29_EXIT_C,0.0010185654427573557
200,225,x_R26_EXIT_C,x_R29_EXIT_D,0.0011839169756725108
200,226,x_R26_EXIT_C,x_R29_EXIT_E,0.0011839169756725108
200,228,x_R26_EXIT_C,x_R29_EXIT_H,0.0011839169756725108
200,232,x_R26_EXIT_C,x_R30_EXIT_C,0.0022620089702793224
200,233,x_R26_EXIT_C,x_R30_EXIT_D,0.0011839169756725108
200,234,x_R26_EXIT_C,x_R30_EXIT_E,0.0011839169756725108
200,240,x_R26_EXIT_C,x_R31_EXIT_C,0.0002695229986517029
200,248,x_R26_EXIT_C,x_R32_EXIT_C,0.0010780919946068116
200,256,x_R26_EXIT_C,x_R33_EXIT_C,0.0010780919946068116
201,202,x_R26_EXIT_D,x_R26_EXIT_E,1.8411310194370951
201,203,x_R26_EXIT_D,x_R26_EXIT_G,1.8393551439735862
201,204,x_R26_EXIT_D,x_R26_EXIT_H,1.8386185028944493
201,205,x_R26_EXIT_D,x_R26_EXIT_A,1.8393551439735862
201,206,x_R26_EXIT_D,x_R26_EXIT_F,1.8386185028944493
201,207,x_R26_EXIT_D,x_R26_EXIT_B,1.8386185028944493
201,208,x_R26_EXIT_D,x_R27_EXIT_C,0.0001190531036989117
201,209,x_R26_EXIT_D,x_R27_EXIT_D,0.00025464136068933886
201,211,x_R26_EXIT_D,x_R27_EXIT_G,0.0001190531036989117
201,213,x_R26_EXIT_D,x_R27_EXIT_A,0.0001227735131895027
201,217,x_R26_EXIT_D,x_R28_EXIT_D,0.0008631350018171097
201,218,x_R26_EXIT_D,x_R28_EXIT_E,0.0005919584878362554
201,220,x_R26_EXIT_D,x_R28_EXIT_H,0.0005919584878362554
201,225,x_R26_EXIT_D,x_R29_EXIT_D,0.0017262700036342195
201,226,x_R26_EXIT_D,x_R29_EXIT_E,0.0011839169756725108
201,228,x_R26_EXIT_D,x_R29_EXIT_H,0.0011839169756725108
201,232,x_R26_EXIT_D,x_R30_EXIT_C,0.0011839169756725108
201,233,x_R26_EXIT_D,x_R30_EXIT_D,0.0017262700036342195
201,234,x_R26_EXIT_D,x_R30_EXIT_E,0.0011839169756725108
201,241,x_R26_EXIT_D,x_R31_EXIT_D,0.00013558825699042722
201,249,x_R26_EXIT_D,x_R32_EXIT_D,0.0005423530279617089
201,257,x_R26_EXIT_D,x_R33_EXIT_D,0.0005423530279617089
202,203,x_R26_EXIT_E,x_R26_EXIT_G,1.8393551439735862
202,204,x_R26_EXIT_E,x_R26_EXIT_H,1.8386185028944493
202,205,x_R26_EXIT_E,x_R26_EXIT_A,1.8393551439735862
202,206,x_R26_EXIT_E,x_R26_EXIT_F,1.8386185028944493
202,207,x_R26_EXIT_E,x_R26_EXIT_B,1.8386185028944493
202,208,x_R26_EXIT_E,x_R27_EXIT_C,0.0001190531036989117
202,209,x_R26_EXIT_E,x_R27_EXIT_D,0.0001190531036989117
202,210,x_R26_EXIT_E,x_R27_EXIT_E,0.00013889528764873035
202,211,x_R26_EXIT_E,x_R27_EXIT_G,0.0001190531036989117
202,213,x_R26_EXIT_E,x_R27_EXIT_A,0.0001227735131895027
202,217,x_R26_EXIT_E,x_R28_EXIT_D,0.0005919584878362554
202,218,x_R26_EXIT_E,x_R28_EXIT_E,0.0011078552705315395
202,220,x_R26_EXIT_E,x_R28_EXIT_H,0.0008300646952340787
202,225,x_R26_EXIT_E,x_R29_EXIT_D,0.0011839169756725108
202,226,x_R26_EXIT_E,x_R29_EXIT_E,0.002215710541063079
202,228,x_R26_EXIT_E,x_R29_EXIT_H,0.0016601293904681574
202,232,x_R26_EXIT_E,x_R30_EXIT_C,0.0011839169756725108
202,233,x_R26_EXIT_E,x_R30_EXIT_D,0.0011839169756725108
202,234,x_R26_EXIT_E,x_R30_EXIT_E,0.002215710541063079
202,240,x_R26_EXIT_E,x_R31_EXIT_C,0.0001190531036989117
202,241,x_R26_EXIT_E,x_R31_EXIT_D,0.0001190531036989117
202,242,x_R26_EXIT_E,x_R31_EXIT_E,0.00013889528764873035
202,248,x_R26_EXIT_E,x_R32_EXIT_C,0.0004762124147956468
202,249,x_R26_EXIT_E,x_R32_EXIT_D,0.0004762124147956468
202,250,x_R26_EXIT_E,x_R32_EXIT_E,0.0005555811505949214
202,251,x_R26_EXIT_E,x_R32_EXIT_G,0.0004762124147956468
202,256,x_R26_EXIT_E,x_R33_EXIT_C,0.0004762124147956468
202,257,x_R26_EXIT_E,x_R33_EXIT_D,0.0004762124147956468
202,258,x_R26_EXIT_E,x_R33_EXIT_E,0.0005555811505949214
202,259,x_R26_EXIT_E,x_R33_EXIT_G,0.0004762124147956468
203,204,x_R26_EXIT_G,x_R26_EXIT_H,1.8386185028944493
203,205,x_R26_EXIT_G,x_R26_EXIT_A,1.839712303284683
203,206,x_R26_EXIT_G,x_R26_EXIT_F,1.8386185028944493
203,207,x_R26_EXIT_G,x_R26_EXIT_B,1.8386185028944493
203,211,x_R26_EXIT_G,x_R27_EXIT_G,0.00011078552705315395
203,213,x_R26_EXIT_G,x_R27_EXIT_A,0.00018230006503895855
203,216,x_R26_EXIT_G,x_R28_EXIT_C,0.0004910940527580108
203,217,x_R26_EXIT_G,x_R28_EXIT_D,0.0001190531036989117
203,218,x_R26_EXIT_G,x_R28_EXIT_E,0.0001190531036989117
203,219,x_R26_EXIT_G,x_R28_EXIT_G,0.00010251795040739618
203,220,x_R26_EXIT_G,x_R28_EXIT_H,0.0001190531036989117
203,224,x_R26_EXIT_G,x_R29_EXIT_C,0.0009821881055160216
203,225,x_R26_EXIT_G,x_R29_EXIT_D,0.0002381062073978234
203,226,x_R26_EXIT_G,x_R29_EXIT_E,0.0002381062073978234
203,227,x_R26_EXIT_G,x_R29_EXIT_G,0.0014253302137286375
203,228,x_R26_EXIT_G,x_R29_EXIT_H,0.0002381062073978234
203,230,x_R26_EXIT_G,x_R29_EXIT_F,0.00017857965554836754
203,231,x_R26_EXIT_G,x_R29_EXIT_B,0.00017857965554836754
203,235,x_R26_EXIT_G,x_R30_EXIT_G,0.0016039098692770051
203,237,x_R26_EXIT_G,x_R30_EXIT_A,0.00017857965554836754
203,243,x_R26_EXIT_G,x_R31_EXIT_G,0.0004009774673192513
203,251,x_R26_EXIT_G,x_R32_EXIT_G,0.0004431421082126158
203,253,x_R26_EXIT_G,x_R32_EXIT_A,0.00017857965554836754
203,259,x_R26_EXIT_G,x_R33_EXIT_G,0.0004431421082126158
203,261,x_R26_EXIT_G,x_R33_EXIT_A,0.00017857965554836754
204,205,x_R26_EXIT_H,x_R26_EXIT_A,1.8386185028944493
204,206,x_R26_EXIT_H,x_R26_EXIT_F,1.8393551439735862
204,207,x_R26_EXIT_H,x_R26_EXIT_B,1.8393551439735862
204,213,x_R26_EXIT_H,x_R27_EXIT_A,0.0001227735131895027
204,220,x_R26_EXIT_H,x_R28_EXIT_H,0.00015873747159854894
204,228,x_R26_EXIT_H,x_R29_EXIT_H,0.0003174749431970979
205,206,x_R26_EXIT_A,x_R26_EXIT_F,1.8386185028944493
205,207,x_R26_EXIT_A,x_R26_EXIT_B,1.8386185028944493
205,213,x_R26_EXIT_A,x_R27_EXIT_A,0.00038981623884747833
205,216,x_R26_EXIT_A,x_R28_EXIT_C,0.0003943634060026451
205,217,x_R26_EXIT_A,x_R28_EXIT_D,0.0005134165097015567
205,218,x_R26_EXIT_A,x_R28_EXIT_E,0.0005134165097015567
205,219,x_R26_EXIT_A,x_R28_EXIT_G,0.0002455470263790054
205,220,x_R26_EXIT_A,x_R28_EXIT_H,0.0005134165097015567
205,222,x_R26_EXIT_A,x_R28_EXIT_F,0.0004836532337768289
205,223,x_R26_EXIT_A,x_R28_EXIT_B,0.0004836532337768289
205,225,x_R26_EXIT_A,x_R29_EXIT_D,0.0002381062073978234
205,226,x_R26_EXIT_A,x_R29_EXIT_E,0.0002381062073978234
205,228,x_R26_EXIT_A,x_R29_EXIT_H,0.0002381062073978234
205,230,x_R26_EXIT_A,x_R29_EXIT_F,0.00017857965554836754
205,231,x_R26_EXIT_A,x_R29_EXIT_B,0.00017857965554836754
205,235,x_R26_EXIT_A,x_R30_EXIT_G,0.00017857965554836754
205,237,x_R26_EXIT_A,x_R30_EXIT_A,0.0010086443507824464
205,245,x_R26_EXIT_A,x_R31_EXIT_A,0.0002521610876956116
205,253,x_R26_EXIT_A,x_R32_EXIT_A,0.0010086443507824464
205,261,x_R26_EXIT_A,x_R33_EXIT_A,0.0010086443507824464
206,207,x_R26_EXIT_F,x_R26_EXIT_B,1.8393551439735862
206,213,x_R26_EXIT_F,x_R27_EXIT_A,0.0001227735131895027
206,222,x_R26_EXIT_F,x_R28_EXIT_F,0.00010251795040739618
206,230,x_R26_EXIT_F,x_R29_EXIT_F,0.00020503590081479237
206,236,x_R26_EXIT_F,x_R30_EXIT_H,0.0001190531036989117
206,239,x_R26_EXIT_F,x_R30_EXIT_B,0.0001190531036989117
206,254,x_R26_EXIT_F,x_R32_EXIT_F,0.00020503590081479237
206,262,x_R26_EXIT_F,x_R33_EXIT_F,0.00020503590081479237
207,208,x_R26_EXIT_B,x_R27_EXIT_C,0.0001227735131895027
207,209,x_R26_EXIT_B,x_R27_EXIT_D,0.0001227735131895027
207,210,x_R26_EXIT_B,x_R27_EXIT_E,0.0001227735131895027
207,211,x_R26_EXIT_B,x_R27_EXIT_G,0.0001227735131895027
207,212,x_R26_EXIT_B,x_R27_EXIT_H,0.0001227735131895027
207,213,x_R26_EXIT_B,x_R27_EXIT_A,0.0002455470263790054
207,214,x_R26_EXIT_B,x_R27_EXIT_F,0.0001227735131895027
207,215,x_R26_EXIT_B,x_R27_EXIT_B,0.000527058011167057
207,223,x_R26_EXIT_B,x_R28_EXIT_B,0.0007953408733218961
207,231,x_R26_EXIT_B,x_R29_EXIT_B,0.0015906817466437922
207,239,x_R26_EXIT_B,x_R30_EXIT_B,0.0015906817466437922
207,247,x_R26_EXIT_B,x_R31_EXIT_B,0.00039767043666094805
207,248,x_R26_EXIT_B,x_R32_EXIT_C,0.0005969190338237101
207,249,x_R26_EXIT_B,x_R32_EXIT_D,0.0005969190338237101
207,250,x_R26_EXIT_B,x_R32_EXIT_E,0.0005969190338237101
207,251,x_R26_EXIT_B,x_R32_EXIT_G,0.0005969190338237101
207,252,x_R26_EXIT_B,x_R32_EXIT_H,0.0004910940527580108
207,253,x_R26_EXIT_B,x_R32_EXIT_A,0.0005704627885572852
207,254,x_R26_EXIT_B,x_R32_EXIT_F,0.0005704627885572852
207,255,x_R26_EXIT_B,x_R32_EXIT_B,0.0010202189580865073
207,256,x_R26_EXIT_B,x_R33_EXIT_C,0.0001058249810656993
207,257,x_R26_EXIT_B,x_R33_EXIT_D,0.0001058249810656993
207,258,x_R26_EXIT_B,x_R33_EXIT_E,0.0001058249810656993
207,259,x_R26_EXIT_B,x_R33_EXIT_G,0.0001058249810656993
208,209,x_R27_EXIT_C,x_R27_EXIT_D,1.8386185028944493
208,210,x_R27_EXIT_C,x_R27_EXIT_E,1.8386185028944493
208,211,x_R27_EXIT_C,x_R27_EXIT_G,1.8386185028944493
208,212,x_R27_EXIT_C,x_R27_EXIT_H,1.8386185028944493
208,213,x_R27_EXIT_C,x_R27_EXIT_A,1.8386185028944493
208,214,x_R27_EXIT_C,x_R27_EXIT_F,1.8386185028944493
208,215,x_R27_EXIT_C,x_R27_EXIT_B,1.8386185028944493
208,224,x_R27_EXIT_C,x_R29_EXIT_C,0.00016976090712622597
208,232,x_R27_EXIT_C,x_R30_EXIT_C,0.0002590507349004097
208,248,x_R27_EXIT_C,x_R32_EXIT_C,0.00017968199910113527
208,256,x_R27_EXIT_C,x_R33_EXIT_C,0.00017968199910113527
209,210,x_R27_EXIT_D,x_R27_EXIT_E,1.8386185028944493
209,211,x_R27_EXIT_D,x_R27_EXIT_G,1.8386185028944493
209,212,x_R27_EXIT_D,x_R27_EXIT_H,1.8386185028944493
209,213,x_R27_EXIT_D,x_R27_EXIT_A,1.8386185028944493
209,214,x_R27_EXIT_D,x_R27_EXIT_F,1.8386185028944493
209,215,x_R27_EXIT_D,x_R27_EXIT_B,1.8386185028944493
209,225,x_R27_EXIT_D,x_R29_EXIT_D,0.00016976090712622597
209,233,x_R27_EXIT_D,x_R30_EXIT_D,0.00016976090712622597
210,211,x_R27_EXIT_E,x_R27_EXIT_G,1.8386185028944493
210,212,x_R27_EXIT_E,x_R27_EXIT_H,1.8386185028944493
210,213,x_R27_EXIT_E,x_R27_EXIT_A,1.8386185028944493
210,214,x_R27_EXIT_E,x_R27_EXIT_F,1.8386185028944493
210,215,x_R27_EXIT_E,x_R27_EXIT_B,1.8386185028944493
210,250,x_R27_EXIT_E,x_R32_EXIT_E,0.00013669060054319492
210,258,x_R27_EXIT_E,x_R33_EXIT_E,0.00013669060054319492
211,212,x_R27_EXIT_G,x_R27_EXIT_H,1.8386185028944493
211,213,x_R27_EXIT_G,x_R27_EXIT_A,1.8386185028944493
211,214,x_R27_EXIT_G,x_R27_EXIT_F,1.8386185028944493
211,215,x_R27_EXIT_G,x_R27_EXIT_B,1.8386185028944493
211,251,x_R27_EXIT_G,x_R32_EXIT_G,0.00013338356988489185
211,259,x_R27_EXIT_G,x_R33_EXIT_G,0.00013338356988489185
212,213,x_R27_EXIT_H,x_R27_EXIT_A,1.8386185028944493
212,214,x_R27_EXIT_H,x_R27_EXIT_F,1.8386185028944493
212,215,x_R27_EXIT_H,x_R27_EXIT_B,1.8386185028944493
213,214,x_R27_EXIT_A,x_R27_EXIT_F,1.8386185028944493
213,215,x_R27_EXIT_A,x_R27_EXIT_B,1.8386185028944493
213,237,x_R27_EXIT_A,x_R30_EXIT_A,0.0001681073917970744
213,253,x_R27_EXIT_A,x_R32_EXIT_A,0.0001681073917970744
213,261,x_R27_EXIT_A,x_R33_EXIT_A,0.0001681073917970744
214,215,x_R27_EXIT_F,x_R27_EXIT_B,1.8386185028944493
215,223,x_R27_EXIT_B,x_R28_EXIT_B,0.00013255681222031605
215,231,x_R27_EXIT_B,x_R29_EXIT_B,0.0002651136244406321
215,239,x_R27_EXIT_B,x_R30_EXIT_B,0.0002651136244406321
215,255,x_R27_EXIT_B,x_R32_EXIT_B,0.0001700364930144179
216,217,x_R28_EXIT_C,x_R28_EXIT_D,1.8387499573631167
216,218,x_R28_EXIT_C,x_R28_EXIT_E,1.8387499573631167
216,219,x_R28_EXIT_C,x_R28_EXIT_G,1.8386185028944493
216,220,x_R28_EXIT_C,x_R28_EXIT_H,1.8387499573631167
216,221,x_R28_EXIT_C,x_R28_EXIT_A,1.8386185028944493
216,222,x_R28_EXIT_C,x_R28_EXIT_F,1.8387499573631167
216,223,x_R28_EXIT_C,x_R28_EXIT_B,1.8387499573631167
216,224,x_R28_EXIT_C,x_R29_EXIT_C,0.0007661287691735524
216,227,x_R28_EXIT_C,x_R29_EXIT_G,0.00032739603517200727
216,232,x_R28_EXIT_C,x_R30_EXIT_C,0.00033952181425245194
216,235,x_R28_EXIT_C,x_R30_EXIT_G,0.00032739603517200727
216,237,x_R28_EXIT_C,x_R30_EXIT_A,0.0002629089373350967
216,248,x_R28_EXIT_C,x_R32_EXIT_C,0.00033952181425245194
216,253,x_R28_EXIT_C,x_R32_EXIT_A,0.0002629089373350967
216,256,x_R28_EXIT_C,x_R33_EXIT_C,0.00033952181425245194
216,261,x_R28_EXIT_C,x_R33_EXIT_A,0.0002629089373350967
217,218,x_R28_EXIT_D,x_R28_EXIT_E,1.8389869612269618
217,219,x_R28_EXIT_D,x_R28_EXIT_G,1.8386185028944493
217,220,x_R28_EXIT_D,x_R28_EXIT_H,1.8389869612269618
217,221,x_R28_EXIT_D,x_R28_EXIT_A,1.8386185028944493
217,222,x_R28_EXIT_D,x_R28_EXIT_F,1.8387797206390415
217,223,x_R28_EXIT_D,x_R28_EXIT_B,1.8387797206390415
217,225,x_R28_EXIT_D,x_R29_EXIT_D,0.0006547920703440144
217,226,x_R28_EXIT_D,x_R29_EXIT_E,0.00047400772769011143
217,228,x_R28_EXIT_D,x_R29_EXIT_H,0.00047400772769011143
217,232,x_R28_EXIT_D,x_R30_EXIT_C,0.00041448117584065564
217,233,x_R28_EXIT_D,x_R30_EXIT_D,0.0005952655184945586
217,234,x_R28_EXIT_D,x_R30_EXIT_E,0.00041448117584065564
217,237,x_R28_EXIT_D,x_R30_EXIT_A,0.00032243548918455255
217,249,x_R28_EXIT_D,x_R32_EXIT_D,0.00018078434265390297
217,253,x_R28_EXIT_D,x_R32_EXIT_A,0.00032243548918455255
217,257,x_R28_EXIT_D,x_R33_EXIT_D,0.00018078434265390297
217,261,x_R28_EXIT_D,x_R33_EXIT_A,0.00032243548918455255
218,219,x_R28_EXIT_E,x_R28_EXIT_G,1.8386185028944493
218,220,x_R28_EXIT_E,x_R28_EXIT_H,1.8390663299627612
218,221,x_R28_EXIT_E,x_R28_EXIT_A,1.8386185028944493
218,222,x_R28_EXIT_E,x_R28_EXIT_F,1.8387797206390415
218,223,x_R28_EXIT_E,x_R28_EXIT_B,1.8387797206390415
218,225,x_R28_EXIT_E,x_R29_EXIT_D,0.00047400772769011143
218,226,x_R28_EXIT_E,x_R29_EXIT_E,0.0008179389161536341
218,228,x_R28_EXIT_E,x_R29_EXIT_H,0.0006327451992886603
218,232,x_R28_EXIT_E,x_R30_EXIT_C,0.00041448117584065564
218,233,x_R28_EXIT_E,x_R30_EXIT_D,0.00041448117584065564
218,234,x_R28_EXIT_E,x_R30_EXIT_E,0.0007584123643041783
218,237,x_R28_EXIT_E,x_R30_EXIT_A,0.00032243548918455255
218,248,x_R28_EXIT_E,x_R32_EXIT_C,0.00015873747159854897
218,249,x_R28_EXIT_E,x_R32_EXIT_D,0.00015873747159854897
218,250,x_R28_EXIT_E,x_R32_EXIT_E,0.00018519371686497377
218,251,x_R28_EXIT_E,x_R32_EXIT_G,0.00015873747159854897
218,253,x_R28_EXIT_E,x_R32_EXIT_A,0.00032243548918455255
218,256,x_R28_EXIT_E,x_R33_EXIT_C,0.00015873747159854897
218,257,x_R28_EXIT_E,x_R33_EXIT_D,0.00015873747159854897
218,258,x_R28_EXIT_E,x_R33_EXIT_E,0.00018519371686497377
218,259,x_R28_EXIT_E,x_R33_EXIT_G,0.00015873747159854897
218,261,x_R28_EXIT_E,x_R33_EXIT_A,0.00032243548918455255
219,220,x_R28_EXIT_G,x_R28_EXIT_H,1.8386185028944493
219,221,x_R28_EXIT_G,x_R28_EXIT_A,1.8386185028944493
219,222,x_R28_EXIT_G,x_R28_EXIT_F,1.8386185028944493
219,223,x_R28_EXIT_G,x_R28_EXIT_B,1.8386185028944493
219,237,x_R28_EXIT_G,x_R30_EXIT_A,0.00016369801758600363
219,253,x_R28_EXIT_G,x_R32_EXIT_A,0.00016369801758600363
219,261,x_R28_EXIT_G,x_R33_EXIT_A,0.00016369801758600363
220,221,x_R28_EXIT_H,x_R28_EXIT_A,1.8386185028944493
220,222,x_R28_EXIT_H,x_R28_EXIT_F,1.8387797206390415
220,223,x_R28_EXIT_H,x_R28_EXIT_B,1.8387797206390415
220,225,x_R28_EXIT_H,x_R29_EXIT_D,0.00047400772769011143
220,226,x_R28_EXIT_H,x_R29_EXIT_E,0.0006327451992886603
220,228,x_R28_EXIT_H,x_R29_EXIT_H,0.000773845174042926
220,232,x_R28_EXIT_H,x_R30_EXIT_C,0.00041448117584065564
220,233,x_R28_EXIT_H,x_R30_EXIT_D,0.00041448117584065564
220,234,x_R28_EXIT_H,x_R30_EXIT_E,0.0005732186474392047
220,237,x_R28_EXIT_H,x_R30_EXIT_A,0.00032243548918455255
220,248,x_R28_EXIT_H,x_R32_EXIT_C,0.0001940124652871154
220,249,x_R28_EXIT_H,x_R32_EXIT_D,0.0001940124652871154
220,251,x_R28_EXIT_H,x_R32_EXIT_G,0.0001940124652871154
220,253,x_R28_EXIT_H,x_R32_EXIT_A,0.00032243548918455255
220,256,x_R28_EXIT_H,x_R33_EXIT_C,0.0001940124652871154
220,257,x_R28_EXIT_H,x_R33_EXIT_D,0.0001940124652871154
220,259,x_R28_EXIT_H,x_R33_EXIT_G,0.0001940124652871154
220,261,x_R28_EXIT_H,x_R33_EXIT_A,0.00032243548918455255
221,222,x_R28_EXIT_A,x_R28_EXIT_F,1.8386185028944493
221,223,x_R28_EXIT_A,x_R28_EXIT_B,1.8386185028944493
222,223,x_R28_EXIT_F,x_R28_EXIT_B,1.838839247190891
222,230,x_R28_EXIT_F,x_R29_EXIT_F,0.00024692495581996504
222,231,x_R28_EXIT_F,x_R29_EXIT_B,0.0001785796555483676
222,235,x_R28_EXIT_F,x_R30_EXIT_G,0.00011905310369891172
222,237,x_R28_EXIT_F,x_R30_EXIT_A,0.0003819620410340084
222,245,x_R28_EXIT_F,x_R31_EXIT_A,0.00012029324019577537
222,253,x_R28_EXIT_F,x_R32_EXIT_A,0.00044148859288346425
222,261,x_R28_EXIT_F,x_R33_EXIT_A,0.00044148859288346425
223,230,x_R28_EXIT_B,x_R29_EXIT_F,0.0001785796555483676
223,231,x_R28_EXIT_B,x_R29_EXIT_B,0.0008168365726008665
223,235,x_R28_EXIT_B,x_R30_EXIT_G,0.00011905310369891172
223,236,x_R28_EXIT_B,x_R30_EXIT_H,0.00013448591343765952
223,237,x_R28_EXIT_B,x_R30_EXIT_A,0.0003819620410340084
223,239,x_R28_EXIT_B,x_R30_EXIT_B,0.000638256917052499
223,245,x_R28_EXIT_B,x_R31_EXIT_A,0.00011037214822086606
223,247,x_R28_EXIT_B,x_R31_EXIT_B,0.00014468259130076078
223,248,x_R28_EXIT_B,x_R32_EXIT_C,0.00019015426285242843
223,249,x_R28_EXIT_B,x_R32_EXIT_D,0.00019015426285242843
223,250,x_R28_EXIT_B,x_R32_EXIT_E,0.00019015426285242843
223,251,x_R28_EXIT_B,x_R32_EXIT_G,0.00019015426285242843
223,252,x_R28_EXIT_B,x_R32_EXIT_H,0.00016369801758600363
223,253,x_R28_EXIT_B,x_R32_EXIT_A,0.0007396725239071275
223,254,x_R28_EXIT_B,x_R32_EXIT_F,0.00029818393102366315
223,255,x_R28_EXIT_B,x_R32_EXIT_B,0.0003400729860288358
223,261,x_R28_EXIT_B,x_R33_EXIT_A,0.0005759745063211238
223,262,x_R28_EXIT_B,x_R33_EXIT_F,0.00013448591343765952
224,225,x_R29_EXIT_C,x_R29_EXIT_D,1.8389458989296212
224,226,x_R29_EXIT_C,x_R29_EXIT_E,1.8389458989296212
224,227,x_R29_EXIT_C,x_R29_EXIT_G,1.8396006909999654
224,228,x_R29_EXIT_C,x_R29_EXIT_H,1.8389458989296212
224,229,x_R29_EXIT_C,x_R29_EXIT_A,1.8386185028944493
224,230,x_R29_EXIT_C,x_R29_EXIT_F,1.8389458989296212
224,231,x_R29_EXIT_C,x_R29_EXIT_B,1.8389458989296212
224,232,x_R29_EXIT_C,x_R30_EXIT_C,0.0006790436285049039
224,235,x_R29_EXIT_C,x_R30_EXIT_G,0.0006547920703440145
224,240,x_R29_EXIT_C,x_R31_EXIT_C,0.00016976090712622597
224,243,x_R29_EXIT_C,x_R31_EXIT_G,0.00016369801758600363
224,248,x_R29_EXIT_C,x_R32_EXIT_C,0.0006790436285049039
224,251,x_R29_EXIT_C,x_R32_EXIT_G,0.00019842183949818622
224,256,x_R29_EXIT_C,x_R33_EXIT_C,0.0006790436285049039
224,259,x_R29_EXIT_C,x_R33_EXIT_G,0.00019842183949818622
225,226,x_R29_EXIT_D,x_R29_EXIT_E,1.8398939143850015
225,227,x_R29_EXIT_D,x_R29_EXIT_G,1.8389458989296212
225,228,x_R29_EXIT_D,x_R29_EXIT_H,1.8398939143850015
225,229,x_R29_EXIT_D,x_R29_EXIT_A,1.8386185028944493
225,230,x_R29_EXIT_D,x_R29_EXIT_F,1.8390649520333202
225,231,x_R29_EXIT_D,x_R29_EXIT_B,1.8390649520333202
225,232,x_R29_EXIT_D,x_R30_EXIT_C,0.0008289623516813113
225,233,x_R29_EXIT_D,x_R30_EXIT_D,0.0011905310369891172
225,234,x_R29_EXIT_D,x_R30_EXIT_E,0.0008289623516813113
225,235,x_R29_EXIT_D,x_R30_EXIT_G,0.00011905310369891172
225,237,x_R29_EXIT_D,x_R30_EXIT_A,0.00011905310369891172
225,249,x_R29_EXIT_D,x_R32_EXIT_D,0.00036156868530780594
225,253,x_R29_EXIT_D,x_R32_EXIT_A,0.00011905310369891172
225,257,x_R29_EXIT_D,x_R33_EXIT_D,0.00036156868530780594
225,261,x_R29_EXIT_D,x_R33_EXIT_A,0.00011905310369891172
226,227,x_R29_EXIT_E,x_R29_EXIT_G,1.8389458989296212
226,228,x_R29_EXIT_E,x_R29_EXIT_H,1.8402113893281986
226,229,x_R29_EXIT_E,x_R29_EXIT_A,1.8386185028944493
226,230,x_R29_EXIT_E,x_R29_EXIT_F,1.8390649520333202
226,231,x_R29_EXIT_E,x_R29_EXIT_B,1.8390649520333202
226,232,x_R29_EXIT_E,x_R30_EXIT_C,0.0008289623516813113
226,233,x_R29_EXIT_E,x_R30_EXIT_D,0.0008289623516813113
226,234,x_R29_EXIT_E,x_R30_EXIT_E,0.0015168247286083565
226,235,x_R29_EXIT_E,x_R30_EXIT_G,0.00011905310369891172
226,237,x_R29_EXIT_E,x_R30_EXIT_A,0.00011905310369891172
226,248,x_R29_EXIT_E,x_R32_EXIT_C,0.00031747494319709794
226,249,x_R29_EXIT_E,x_R32_EXIT_D,0.00031747494319709794
226,250,x_R29_EXIT_E,x_R32_EXIT_E,0.00037038743372994754
226,251,x_R29_EXIT_E,x_R32_EXIT_G,0.00031747494319709794
226,253,x_R29_EXIT_E,x_R32_EXIT_A,0.00011905310369891172
226,256,x_R29_EXIT_E,x_R33_EXIT_C,0.00031747494319709794
226,257,x_R29_EXIT_E,x_R33_EXIT_D,0.00031747494319709794
226,258,x_R29_EXIT_E,x_R33_EXIT_E,0.00037038743372994754
226,259,x_R29_EXIT_E,x_R33_EXIT_G,0.00031747494319709794
226,261,x_R29_EXIT_E,x_R33_EXIT_A,0.00011905310369891172
227,228,x_R29_EXIT_G,x_R29_EXIT_H,1.8389458989296212
227,229,x_R29_EXIT_G,x_R29_EXIT_A,1.8386185028944493
227,230,x_R29_EXIT_G,x_R29_EXIT_F,1.8389458989296212
227,231,x_R29_EXIT_G,x_R29_EXIT_B,1.8389458989296212
227,235,x_R29_EXIT_G,x_R30_EXIT_G,0.0009502201424857584
227,243,x_R29_EXIT_G,x_R31_EXIT_G,0.0002375550356214396
227,251,x_R29_EXIT_G,x_R32_EXIT_G,0.0002954280721417439
227,259,x_R29_EXIT_G,x_R33_EXIT_G,0.0002954280721417439
228,229,x_R29_EXIT_H,x_R29_EXIT_A,1.8386185028944493
228,230,x_R29_EXIT_H,x_R29_EXIT_F,1.8390649520333202
228,231,x_R29_EXIT_H,x_R29_EXIT_B,1.8390649520333202
228,232,x_R29_EXIT_H,x_R30_EXIT_C,0.0008289623516813113
228,233,x_R29_EXIT_H,x_R30_EXIT_D,0.0008289623516813113
228,234,x_R29_EXIT_H,x_R30_EXIT_E,0.0011464372948784094
228,235,x_R29_EXIT_H,x_R30_EXIT_G,0.00011905310369891172
228,237,x_R29_EXIT_H,x_R30_EXIT_A,0.00011905310369891172
228,248,x_R29_EXIT_H,x_R32_EXIT_C,0.0003880249305742308
228,249,x_R29_EXIT_H,x_R32_EXIT_D,0.0003880249305742308
228,251,x_R29_EXIT_H,x_R32_EXIT_G,0.0003880249305742308
228,253,x_R29_EXIT_H,x_R32_EXIT_A,0.00011905310369891172
228,256,x_R29_EXIT_H,x_R33_EXIT_C,0.0003880249305742308
228,257,x_R29_EXIT_H,x_R33_EXIT_D,0.0003880249305742308
228,259,x_R29_EXIT_H,x_R33_EXIT_G,0.0003880249305742308
228,261,x_R29_EXIT_H,x_R33_EXIT_A,0.00011905310369891172
229,230,x_R29_EXIT_A,x_R29_EXIT_F,1.8386185028944493
229,231,x_R29_EXIT_A,x_R29_EXIT_B,1.8386185028944493
230,231,x_R29_EXIT_F,x_R29_EXIT_B,1.839303058240718
230,232,x_R29_EXIT_F,x_R30_EXIT_C,0.00011905310369891172
230,233,x_R29_EXIT_F,x_R30_EXIT_D,0.00011905310369891172
230,234,x_R29_EXIT_F,x_R30_EXIT_E,0.00011905310369891172
230,235,x_R29_EXIT_F,x_R30_EXIT_G,0.00023810620739782344
230,237,x_R29_EXIT_F,x_R30_EXIT_A,0.00023810620739782344
230,243,x_R29_EXIT_F,x_R31_EXIT_G,0.00010913201172400241
230,245,x_R29_EXIT_F,x_R31_EXIT_A,0.00010913201172400241
230,253,x_R29_EXIT_F,x_R32_EXIT_A,0.0003571593110967352
230,254,x_R29_EXIT_F,x_R32_EXIT_F,0.00013669060054319495
230,261,x_R29_EXIT_F,x_R33_EXIT_A,0.0003571593110967352
230,262,x_R29_EXIT_F,x_R33_EXIT_F,0.00013669060054319495
231,232,x_R29_EXIT_B,x_R30_EXIT_C,0.00011905310369891172
231,233,x_R29_EXIT_B,x_R30_EXIT_D,0.00011905310369891172
231,234,x_R29_EXIT_B,x_R30_EXIT_E,0.00011905310369891172
231,235,x_R29_EXIT_B,x_R30_EXIT_G,0.00023810620739782344
231,236,x_R29_EXIT_B,x_R30_EXIT_H,0.00026897182687531904
231,237,x_R29_EXIT_B,x_R30_EXIT_A,0.00023810620739782344
231,239,x_R29_EXIT_B,x_R30_EXIT_B,0.001276513834104998
231,247,x_R29_EXIT_B,x_R31_EXIT_B,0.00028936518260152156
231,248,x_R29_EXIT_B,x_R32_EXIT_C,0.00038030852570485686
231,249,x_R29_EXIT_B,x_R32_EXIT_D,0.00038030852570485686
231,250,x_R29_EXIT_B,x_R32_EXIT_E,0.00038030852570485686
231,251,x_R29_EXIT_B,x_R32_EXIT_G,0.00038030852570485686
231,252,x_R29_EXIT_B,x_R32_EXIT_H,0.00032739603517200727
231,253,x_R29_EXIT_B,x_R32_EXIT_A,0.0009535271731440615
231,254,x_R29_EXIT_B,x_R32_EXIT_F,0.0005963678620473263
231,255,x_R29_EXIT_B,x_R32_EXIT_B,0.0006801459720576716
231,261,x_R29_EXIT_B,x_R33_EXIT_A,0.0006261311379720543
231,262,x_R29_EXIT_B,x_R33_EXIT_F,0.00026897182687531904
232,233,x_R30_EXIT_C,x_R30_EXIT_D,1.8398939143850015
232,234,x_R30_EXIT_C,x_R30_EXIT_E,1.8398939143850015
232,235,x_R30_EXIT_C,x_R30_EXIT_G,1.8390649520333202
232,236,x_R30_EXIT_C,x_R30_EXIT_H,1.8386185028944493
232,237,x_R30_EXIT_C,x_R30_EXIT_A,1.8390649520333202
232,238,x_R30_EXIT_C,x_R30_EXIT_F,1.8386185028944493
232,239,x_R30_EXIT_C,x_R30_EXIT_B,1.8386185028944493
232,240,x_R30_EXIT_C,x_R31_EXIT_C,0.00017968199910113527
232,248,x_R30_EXIT_C,x_R32_EXIT_C,0.0007187279964045411
232,253,x_R30_EXIT_C,x_R32_EXIT_A,0.00011905310369891172
232,256,x_R30_EXIT_C,x_R33_EXIT_C,0.0007187279964045411
232,261,x_R30_EXIT_C,x_R33_EXIT_A,0.00011905310369891172
233,234,x_R30_EXIT_D,x_R30_EXIT_E,1.8398939143850015
233,235,x_R30_EXIT_D,x_R30_EXIT_G,1.8390649520333202
233,236,x_R30_EXIT_D,x_R30_EXIT_H,1.8386185028944493
233,237,x_R30_EXIT_D,x_R30_EXIT_A,1.8390649520333202
233,238,x_R30_EXIT_D,x_R30_EXIT_F,1.8386185028944493
233,239,x_R30_EXIT_D,x_R30_EXIT_B,1.8386185028944493
233,249,x_R30_EXIT_D,x_R32_EXIT_D,0.00036156868530780594
233,253,x_R30_EXIT_D,x_R32_EXIT_A,0.00011905310369891172
233,257,x_R30_EXIT_D,x_R33_EXIT_D,0.00036156868530780594
233,261,x_R30_EXIT_D,x_R33_EXIT_A,0.00011905310369891172
234,235,x_R30_EXIT_E,x_R30_EXIT_G,1.8390649520333202
234,236,x_R30_EXIT_E,x_R30_EXIT_H,1.8386185028944493
234,237,x_R30_EXIT_E,x_R30_EXIT_A,1.8390649520333202
234,238,x_R30_EXIT_E,x_R30_EXIT_F,1.8386185028944493
234,239,x_R30_EXIT_E,x_R30_EXIT_B,1.8386185028944493
234,248,x_R30_EXIT_E,x_R32_EXIT_C,0.00031747494319709794
234,249,x_R30_EXIT_E,x_R32_EXIT_D,0.00031747494319709794
234,250,x_R30_EXIT_E,x_R32_EXIT_E,0.00037038743372994754
234,251,x_R30_EXIT_E,x_R32_EXIT_G,0.00031747494319709794
234,253,x_R30_EXIT_E,x_R32_EXIT_A,0.00011905310369891172
234,256,x_R30_EXIT_E,x_R33_EXIT_C,0.00031747494319709794
234,257,x_R30_EXIT_E,x_R33_EXIT_D,0.00031747494319709794
234,258,x_R30_EXIT_E,x_R33_EXIT_E,0.00037038743372994754
234,259,x_R30_EXIT_E,x_R33_EXIT_G,0.00031747494319709794
234,261,x_R30_EXIT_E,x_R33_EXIT_A,0.00011905310369891172
235,236,x_R30_EXIT_G,x_R30_EXIT_H,1.8386185028944493
235,237,x_R30_EXIT_G,x_R30_EXIT_A,1.8391840051370192
235,238,x_R30_EXIT_G,x_R30_EXIT_F,1.8386185028944493
235,239,x_R30_EXIT_G,x_R30_EXIT_B,1.8386185028944493
235,243,x_R30_EXIT_G,x_R31_EXIT_G,0.0002970815874708955
235,251,x_R30_EXIT_G,x_R32_EXIT_G,0.0002954280721417439
235,253,x_R30_EXIT_G,x_R32_EXIT_A,0.00023810620739782344
235,259,x_R30_EXIT_G,x_R33_EXIT_G,0.0002954280721417439
235,261,x_R30_EXIT_G,x_R33_EXIT_A,0.00023810620739782344
236,237,x_R30_EXIT_H,x_R30_EXIT_A,1.8386185028944493
236,238,x_R30_EXIT_H,x_R30_EXIT_F,1.8389458989296212
236,239,x_R30_EXIT_H,x_R30_EXIT_B,1.839294239492296
236,244,x_R30_EXIT_H,x_R31_EXIT_H,0.00023645269206867188
236,252,x_R30_EXIT_H,x_R32_EXIT_H,0.0007958920450982801
236,253,x_R30_EXIT_H,x_R32_EXIT_A,0.00026897182687531904
236,254,x_R30_EXIT_H,x_R32_EXIT_F,0.00034834056267459354
236,256,x_R30_EXIT_H,x_R33_EXIT_C,0.00014109997475426572
236,257,x_R30_EXIT_H,x_R33_EXIT_D,0.00014109997475426572
236,258,x_R30_EXIT_H,x_R33_EXIT_E,0.00014109997475426572
236,259,x_R30_EXIT_H,x_R33_EXIT_G,0.00014109997475426572
236,260,x_R30_EXIT_H,x_R33_EXIT_H,0.000707704560876864
236,261,x_R30_EXIT_H,x_R33_EXIT_A,0.00035715931109673514
236,262,x_R30_EXIT_H,x_R33_EXIT_F,0.0004365280468960096
237,238,x_R30_EXIT_A,x_R30_EXIT_F,1.8386185028944493
237,239,x_R30_EXIT_A,x_R30_EXIT_B,1.8386185028944493
237,245,x_R30_EXIT_A,x_R31_EXIT_A,0.00019787066772180233
237,253,x_R30_EXIT_A,x_R32_EXIT_A,0.0007914826708872093
237,261,x_R30_EXIT_A,x_R33_EXIT_A,0.0007914826708872093
238,239,x_R30_EXIT_F,x_R30_EXIT_B,1.8389458989296212
239,247,x_R30_EXIT_B,x_R31_EXIT_B,0.00028936518260152156
239,248,x_R30_EXIT_B,x_R32_EXIT_C,0.00038030852570485686
239,249,x_R30_EXIT_B,x_R32_EXIT_D,0.00038030852570485686
239,250,x_R30_EXIT_B,x_R32_EXIT_E,0.00038030852570485686
239,251,x_R30_EXIT_B,x_R32_EXIT_G,0.00038030852570485686
239,252,x_R30_EXIT_B,x_R32_EXIT_H,0.00032739603517200727
239,253,x_R30_EXIT_B,x_R32_EXIT_A,0.0005963678620473263
239,254,x_R30_EXIT_B,x_R32_EXIT_F,0.0006757365978466008
239,255,x_R30_EXIT_B,x_R32_EXIT_B,0.0006801459720576716
239,261,x_R30_EXIT_B,x_R33_EXIT_A,0.00026897182687531904
239,262,x_R30_EXIT_B,x_R33_EXIT_F,0.00034834056267459354
240,241,x_R31_EXIT_C,x_R31_EXIT_D,1.8386185028944493
240,242,x_R31_EXIT_C,x_R31_EXIT_E,1.8386185028944493
240,243,x_R31_EXIT_C,x_R31_EXIT_G,1.8386185028944493
240,244,x_R31_EXIT_C,x_R31_EXIT_H,1.8386185028944493
240,245,x_R31_EXIT_C,x_R31_EXIT_A,1.8386185028944493
240,246,x_R31_EXIT_C,x_R31_EXIT_F,1.8386185028944493
240,247,x_R31_EXIT_C,x_R31_EXIT_B,1.8386185028944493
240,248,x_R31_EXIT_C,x_R32_EXIT_C,0.0003075538512221886
240,249,x_R31_EXIT_C,x_R32_EXIT_D,0.00012787185212105335
240,251,x_R31_EXIT_C,x_R32_EXIT_G,0.00013779294409596265
240,256,x_R31_EXIT_C,x_R33_EXIT_C,0.0003075538512221886
240,257,x_R31_EXIT_C,x_R33_EXIT_D,0.00012787185212105335
240,259,x_R31_EXIT_C,x_R33_EXIT_G,0.00013779294409596265
241,242,x_R31_EXIT_D,x_R31_EXIT_E,1.8386185028944493
241,243,x_R31_EXIT_D,x_R31_EXIT_G,1.8386185028944493
241,244,x_R31_EXIT_D,x_R31_EXIT_H,1.8386185028944493
241,245,x_R31_EXIT_D,x_R31_EXIT_A,1.8386185028944493
241,246,x_R31_EXIT_D,x_R31_EXIT_F,1.8386185028944493
241,247,x_R31_EXIT_D,x_R31_EXIT_B,1.8386185028944493
241,248,x_R31_EXIT_D,x_R32_EXIT_C,0.00012787185212105335
241,249,x_R31_EXIT_D,x_R32_EXIT_D,0.00021826402344800482
241,251,x_R31_EXIT_D,x_R32_EXIT_G,0.00012787185212105335
241,256,x_R31_EXIT_D,x_R33_EXIT_C,0.00012787185212105335
241,257,x_R31_EXIT_D,x_R33_EXIT_D,0.00021826402344800482
241,259,x_R31_EXIT_D,x_R33_EXIT_G,0.00012787185212105335
242,243,x_R31_EXIT_E,x_R31_EXIT_G,1.8386185028944493
242,244,x_R31_EXIT_E,x_R31_EXIT_H,1.8386185028944493
242,245,x_R31_EXIT_E,x_R31_EXIT_A,1.8386185028944493
242,246,x_R31_EXIT_E,x_R31_EXIT_F,1.8386185028944493
242,247,x_R31_EXIT_E,x_R31_EXIT_B,1.8386185028944493
242,250,x_R31_EXIT_E,x_R32_EXIT_E,0.00014109997475426572
242,258,x_R31_EXIT_E,x_R33_EXIT_E,0.00014109997475426572
243,244,x_R31_EXIT_G,x_R31_EXIT_H,1.8386185028944493
243,245,x_R31_EXIT_G,x_R31_EXIT_A,1.8386185028944493
243,246,x_R31_EXIT_G,x_R31_EXIT_F,1.8386185028944493
243,247,x_R31_EXIT_G,x_R31_EXIT_B,1.8386185028944493
244,245,x_R31_EXIT_H,x_R31_EXIT_A,1.8386185028944493
244,246,x_R31_EXIT_H,x_R31_EXIT_F,1.8386185028944493
244,247,x_R31_EXIT_H,x_R31_EXIT_B,1.8386185028944493
244,252,x_R31_EXIT_H,x_R32_EXIT_H,0.00019897301127457003
244,260,x_R31_EXIT_H,x_R33_EXIT_H,0.000176926140219216
245,246,x_R31_EXIT_A,x_R31_EXIT_F,1.8386185028944493
245,247,x_R31_EXIT_A,x_R31_EXIT_B,1.8386185028944493
245,253,x_R31_EXIT_A,x_R32_EXIT_A,0.00022763394364653025
245,261,x_R31_EXIT_A,x_R33_EXIT_A,0.00022763394364653025
246,247,x_R31_EXIT_F,x_R31_EXIT_B,1.8386185028944493
247,253,x_R31_EXIT_B,x_R32_EXIT_A,0.00011932868958710364
247,254,x_R31_EXIT_B,x_R32_EXIT_F,0.00011932868958710364
247,255,x_R31_EXIT_B,x_R32_EXIT_B,0.0001700364930144179
248,249,x_R32_EXIT_C,x_R32_EXIT_D,1.8395102988286383
248,250,x_R32_EXIT_C,x_R32_EXIT_E,1.8391928238854414
248,251,x_R32_EXIT_C,x_R32_EXIT_G,1.839549983196538
248,252,x_R32_EXIT_C,x_R32_EXIT_H,1.8389458989296212
248,253,x_R32_EXIT_C,x_R32_EXIT_A,1.838998811420154
248,254,x_R32_EXIT_C,x_R32_EXIT_F,1.838998811420154
248,255,x_R32_EXIT_C,x_R32_EXIT_B,1.8386185028944493
248,256,x_R32_EXIT_C,x_R33_EXIT_C,0.001283127895421604
248,257,x_R32_EXIT_C,x_R33_EXIT_D,0.000564399899017063
248,258,x_R32_EXIT_C,x_R33_EXIT_E,0.000246924955819965
248,259,x_R32_EXIT_C,x_R33_EXIT_G,0.0006040842669167003
249,250,x_R32_EXIT_D,x_R32_EXIT_E,1.8391928238854414
249,251,x_R32_EXIT_D,x_R32_EXIT_G,1.8395102988286383
249,252,x_R32_EXIT_D,x_R32_EXIT_H,1.8389458989296212
249,253,x_R32_EXIT_D,x_R32_EXIT_A,1.838998811420154
249,254,x_R32_EXIT_D,x_R32_EXIT_F,1.838998811420154
249,255,x_R32_EXIT_D,x_R32_EXIT_B,1.8386185028944493
249,256,x_R32_EXIT_D,x_R33_EXIT_C,0.000564399899017063
249,257,x_R32_EXIT_D,x_R33_EXIT_D,0.000925968584324869
249,258,x_R32_EXIT_D,x_R33_EXIT_E,0.000246924955819965
249,259,x_R32_EXIT_D,x_R33_EXIT_G,0.000564399899017063
250,251,x_R32_EXIT_E,x_R32_EXIT_G,1.8391928238854414
250,252,x_R32_EXIT_E,x_R32_EXIT_H,1.8389458989296212
250,253,x_R32_EXIT_E,x_R32_EXIT_A,1.838998811420154
250,254,x_R32_EXIT_E,x_R32_EXIT_F,1.838998811420154
250,255,x_R32_EXIT_E,x_R32_EXIT_B,1.8386185028944493
250,256,x_R32_EXIT_E,x_R33_EXIT_C,0.000246924955819965
250,257,x_R32_EXIT_E,x_R33_EXIT_D,0.000246924955819965
250,258,x_R32_EXIT_E,x_R33_EXIT_E,0.0006173123895499126
250,259,x_R32_EXIT_E,x_R33_EXIT_G,0.000246924955819965
251,252,x_R32_EXIT_G,x_R32_EXIT_H,1.8389458989296212
251,253,x_R32_EXIT_G,x_R32_EXIT_A,1.838998811420154
251,254,x_R32_EXIT_G,x_R32_EXIT_F,1.838998811420154
251,255,x_R32_EXIT_G,x_R32_EXIT_B,1.8386185028944493
251,256,x_R32_EXIT_G,x_R33_EXIT_C,0.0006040842669167003
251,257,x_R32_EXIT_G,x_R33_EXIT_D,0.000564399899017063
251,258,x_R32_EXIT_G,x_R33_EXIT_E,0.000246924955819965
251,259,x_R32_EXIT_G,x_R33_EXIT_G,0.0010979341785566303
252,253,x_R32_EXIT_H,x_R32_EXIT_A,1.8389458989296212
252,254,x_R32_EXIT_H,x_R32_EXIT_F,1.8389458989296212
252,255,x_R32_EXIT_H,x_R32_EXIT_B,1.8386185028944493
252,260,x_R32_EXIT_H,x_R33_EXIT_H,0.000707704560876864
253,254,x_R32_EXIT_A,x_R32_EXIT_F,1.8392148707564966
253,255,x_R32_EXIT_A,x_R32_EXIT_B,1.8386185028944493
253,261,x_R32_EXIT_A,x_R33_EXIT_A,0.0011795076014614403
253,262,x_R32_EXIT_A,x_R33_EXIT_F,0.00026897182687531904
254,255,x_R32_EXIT_F,x_R32_EXIT_B,1.8386185028944493
254,261,x_R32_EXIT_F,x_R33_EXIT_A,0.00026897182687531904
254,262,x_R32_EXIT_F,x_R33_EXIT_F,0.000405662427418514
256,257,x_R33_EXIT_C,x_R33_EXIT_D,1.8395984863128598
256,258,x_R33_EXIT_C,x_R33_EXIT_E,1.8392810113696627
256,259,x_R33_EXIT_C,x_R33_EXIT_G,1.8396381706807594
256,260,x_R33_EXIT_C,x_R33_EXIT_H,1.8389458989296212
256,261,x_R33_EXIT_C,x_R33_EXIT_A,1.8390869989043757
256,262,x_R33_EXIT_C,x_R33_EXIT_F,1.8390869989043757
256,263,x_R33_EXIT_C,x_R33_EXIT_B,1.8386185028944493
257,258,x_R33_EXIT_D,x_R33_EXIT_E,1.8392810113696627
257,259,x_R33_EXIT_D,x_R33_EXIT_G,1.8395984863128598
257,260,x_R33_EXIT_D,x_R33_EXIT_H,1.8389458989296212
257,261,x_R33_EXIT_D,x_R33_EXIT_A,1.8390869989043757
257,262,x_R33_EXIT_D,x_R33_EXIT_F,1.8390869989043757
257,263,x_R33_EXIT_D,x_R33_EXIT_B,1.8386185028944493
258,259,x_R33_EXIT_E,x_R33_EXIT_G,1.8392810113696627
258,260,x_R33_EXIT_E,x_R33_EXIT_H,1.8389458989296212
258,261,x_R33_EXIT_E,x_R33_EXIT_A,1.8390869989043757
258,262,x_R33_EXIT_E,x_R33_EXIT_F,1.8390869989043757
258,263,x_R33_EXIT_E,x_R33_EXIT_B,1.8386185028944493
259,260,x_R33_EXIT_G,x_R33_EXIT_H,1.8389458989296212
259,261,x_R33_EXIT_G,x_R33_EXIT_A,1.8390869989043757
259,262,x_R33_EXIT_G,x_R33_EXIT_F,1.8390869989043757
259,263,x_R33_EXIT_G,x_R33_EXIT_B,1.8386185028944493
260,261,x_R33_EXIT_H,x_R33_EXIT_A,1.8389458989296212
260,262,x_R33_EXIT_H,x_R33_EXIT_F,1.8389458989296212
260,263,x_R33_EXIT_H,x_R33_EXIT_B,1.8386185028944493
261,262,x_R33_EXIT_A,x_R33_EXIT_F,1.839303058240718
261,263,x_R33_EXIT_A,x_R33_EXIT_B,1.8386185028944493
262,263,x_R33_EXIT_F,x_R33_EXIT_B,1.8386185028944493
