variable,x_R01_EXIT_C,x_R01_EXIT_D,x_R01_EXIT_E,x_R01_EXIT_G,x_R01_EXIT_H,x_R01_EXIT_A,x_R01_EXIT_F,x_R01_EXIT_B,x_R02_EXIT_C,x_R02_EXIT_D,x_R02_EXIT_E,x_R02_EXIT_G,x_R02_EXIT_H,x_R02_EXIT_A,x_R02_EXIT_F,x_R02_EXIT_B,x_R03_EXIT_C,x_R03_EXIT_D,x_R03_EXIT_E,x_R03_EXIT_G,x_R03_EXIT_H,x_R03_EXIT_A,x_R03_EXIT_F,x_R03_EXIT_B,x_R04_EXIT_C,x_R04_EXIT_D,x_R04_EXIT_E,x_R04_EXIT_G,x_R04_EXIT_H,x_R04_EXIT_A,x_R04_EXIT_F,x_R04_EXIT_B,x_R05_EXIT_C,x_R05_EXIT_D,x_R05_EXIT_E,x_R05_EXIT_G,x_R05_EXIT_H,x_R05_EXIT_A,x_R05_EXIT_F,x_R05_EXIT_B,x_R06_EXIT_C,x_R06_EXIT_D,x_R06_EXIT_E,x_R06_EXIT_G,x_R06_EXIT_H,x_R06_EXIT_A,x_R06_EXIT_F,x_R06_EXIT_B,x_R07_EXIT_C,x_R07_EXIT_D,x_R07_EXIT_E,x_R07_EXIT_G,x_R07_EXIT_H,x_R07_EXIT_A,x_R07_EXIT_F,x_R07_EXIT_B,x_R08_EXIT_C,x_R08_EXIT_D,x_R08_EXIT_E,x_R08_EXIT_G,x_R08_EXIT_H,x_R08_EXIT_A,x_R08_EXIT_F,x_R08_EXIT_B,x_R09_EXIT_C,x_R09_EXIT_D,x_R09_EXIT_E,x_R09_EXIT_G,x_R09_EXIT_H,x_R09_EXIT_A,x_R09_EXIT_F,x_R09_EXIT_B,x_R10_EXIT_C,x_R10_EXIT_D,x_R10_EXIT_E,x_R10_EXIT_G,x_R10_EXIT_H,x_R10_EXIT_A,x_R10_EXIT_F,x_R10_EXIT_B,x_R11_EXIT_C,x_R11_EXIT_D,x_R11_EXIT_E,x_R11_EXIT_G,x_R11_EXIT_H,x_R11_EXIT_A,x_R11_EXIT_F,x_R11_EXIT_B,x_R12_EXIT_C,x_R12_EXIT_D,x_R12_EXIT_E,x_R12_EXIT_G,x_R12_EXIT_H,x_R12_EXIT_A,x_R12_EXIT_F,x_R12_EXIT_B,x_R13_EXIT_C,x_R13_EXIT_D,x_R13_EXIT_E,x_R13_EXIT_G,x_R13_EXIT_H,x_R13_EXIT_A,x_R13_EXIT_F,x_R13_EXIT_B,x_R14_EXIT_C,x_R14_EXIT_D,x_R14_EXIT_E,x_R14_EXIT_G,x_R14_EXIT_H,x_R14_EXIT_A,x_R14_EXIT_F,x_R14_EXIT_B,x_R15_EXIT_C,x_R15_EXIT_D,x_R15_EXIT_E,x_R15_EXIT_G,x_R15_EXIT_H,x_R15_EXIT_A,x_R15_EXIT_F,x_R15_EXIT_B,x_R16_EXIT_C,x_R16_EXIT_D,x_R16_EXIT_E,x_R16_EXIT_G,x_R16_EXIT_H,x_R16_EXIT_A,x_R16_EXIT_F,x_R16_EXIT_B,x_R17_EXIT_C,x_R17_EXIT_D,x_R17_EXIT_E,x_R17_EXIT_G,x_R17_EXIT_H,x_R17_EXIT_A,x_R17_EXIT_F,x_R17_EXIT_B,x_R18_EXIT_C,x_R18_EXIT_D,x_R18_EXIT_E,x_R18_EXIT_G,x_R18_EXIT_H,x_R18_EXIT_A,x_R18_EXIT_F,x_R18_EXIT_B,x_R19_EXIT_C,x_R19_EXIT_D,x_R19_EXIT_E,x_R19_EXIT_G,x_R19_EXIT_H,x_R19_EXIT_A,x_R19_EXIT_F,x_R19_EXIT_B,x_R22_EXIT_C,x_R22_EXIT_D,x_R22_EXIT_E,x_R22_EXIT_G,x_R22_EXIT_H,x_R22_EXIT_A,x_R22_EXIT_F,x_R22_EXIT_B,x_R23_EXIT_C,x_R23_EXIT_D,x_R23_EXIT_E,x_R23_EXIT_G,x_R23_EXIT_H,x_R23_EXIT_A,x_R23_EXIT_F,x_R23_EXIT_B,x_R20_EXIT_C,x_R20_EXIT_D,x_R20_EXIT_E,x_R20_EXIT_G,x_R20_EXIT_H,x_R20_EXIT_A,x_R20_EXIT_F,x_R20_EXIT_B,x_R21_EXIT_C,x_R21_EXIT_D,x_R21_EXIT_E,x_R21_EXIT_G,x_R21_EXIT_H,x_R21_EXIT_A,x_R21_EXIT_F,x_R21_EXIT_B,x_R24_EXIT_C,x_R24_EXIT_D,x_R24_EXIT_E,x_R24_EXIT_G,x_R24_EXIT_H,x_R24_EXIT_A,x_R24_EXIT_F,x_R24_EXIT_B,x_R25_EXIT_C,x_R25_EXIT_D,x_R25_EXIT_E,x_R25_EXIT_G,x_R25_EXIT_H,x_R25_EXIT_A,x_R25_EXIT_F,x_R25_EXIT_B,x_R26_EXIT_C,x_R26_EXIT_D,x_R26_EXIT_E,x_R26_EXIT_G,x_R26_EXIT_H,x_R26_EXIT_A,x_R26_EXIT_F,x_R26_EXIT_B,x_R27_EXIT_C,x_R27_EXIT_D,x_R27_EXIT_E,x_R27_EXIT_G,x_R27_EXIT_H,x_R27_EXIT_A,x_R27_EXIT_F,x_R27_EXIT_B,x_R28_EXIT_C,x_R28_EXIT_D,x_R28_EXIT_E,x_R28_EXIT_G,x_R28_EXIT_H,x_R28_EXIT_A,x_R28_EXIT_F,x_R28_EXIT_B,x_R29_EXIT_C,x_R29_EXIT_D,x_R29_EXIT_E,x_R29_EXIT_G,x_R29_EXIT_H,x_R29_EXIT_A,x_R29_EXIT_F,x_R29_EXIT_B,x_R30_EXIT_C,x_R30_EXIT_D,x_R30_EXIT_E,x_R30_EXIT_G,x_R30_EXIT_H,x_R30_EXIT_A,x_R30_EXIT_F,x_R30_EXIT_B,x_R31_EXIT_C,x_R31_EXIT_D,x_R31_EXIT_E,x_R31_EXIT_G,x_R31_EXIT_H,x_R31_EXIT_A,x_R31_EXIT_F,x_R31_EXIT_B,x_R32_EXIT_C,x_R32_EXIT_D,x_R32_EXIT_E,x_R32_EXIT_G,x_R32_EXIT_H,x_R32_EXIT_A,x_R32_EXIT_F,x_R32_EXIT_B,x_R33_EXIT_C,x_R33_EXIT_D,x_R33_EXIT_E,x_R33_EXIT_G,x_R33_EXIT_H,x_R33_EXIT_A,x_R33_EXIT_F,x_R33_EXIT_B
x_R01_EXIT_C,-0.9120199166307077,0.9226241363033412,0.9226241363033412,0.9226241363033412,0.9226241363033412,0.9226241363033412,0.9226241363033412,0.9226241363033412,7.936873579927447e-05,0.0,0.0,0.0,0.0,0.0,0.0,0.0,7.936873579927447e-05,0.0,0.0,0.0,0.0,0.0,0.0,0.0,7.936873579927447e-05,0.0,0.0,0.0,0.0,0.0,0.0,0.0,0.00039684367899637233,0.0,0.0,0.0,0.0,0.0,0.0,0.0,5.952655184945585e-05,0.0,0.0,0.0,0.0,0.0,0.0,0.0,7.936873579927447e-05,0.0,0.0,0.0,0.0,0.0,0.0,0.0,7.936873579927447e-05,0.0,0.0,0.0,0.0,0.0,0.0,0.0,7.936873579927447e-05,0.0,0.0,0.0,0.0,0.0,0.0,0.0,7.936873579927447e-05,0.0,0.0,0.0,0.0,0.0,0.0,0.0,7.936873579927447e-05,0.0,0.0,0.0,0.0,0.0,0.0,0.0,7.936873579927447e-05,0.0,0.0,0.0,0.0,0.0,0.0,0.0,7.936873579927447e-05,0.0,0.0,0.0,0.0,0.0,0.0,0.0,7.936873579927447e-05,0.0,0.0,0.0,0.0,0.0,0.0,0.0,7.936873579927447e-05,0.0,0.0,0.0,0.0,0.0,0.0,0.0,7.936873579927447e-05,0.0,0.0,0.0,0.0,0.0,0.0,0.0,7.936873579927447e-05,0.0,0.0,0.0,0.0,0.0,0.0,0.0,7.936873579927447e-05,0.0,0.0,0.0,0.0,0.0,0.0,0.0,5.952655184945585e-05,0.0,0.0,0.0,0.0,0.0,0.0,0.0,0.00019842183949818617,0.0,0.0,0.0,0.0,0.0,0.0,0.0,0.00019842183949818617,0.0,0.0,0.0,0.0,0.0,0.0,0.0,5.952655184945585e-05,0.0,0.0,0.0,0.0,0.0,0.0,0.0,0.00019842183949818617,0.0,0.0,0.0,0.0,0.0,0.0,0.0,0.00019842183949818617,0.0,0.0,0.0,0.0,0.0,0.0,0.0,0.00019842183949818617,0.0,0.0,0.0,0.0,0.0,0.0,0.0,0.0001190531036989117,0.0,0.0,0.0,0.0,0.0,0.0,0.0,0.0,0.0,0.0,0.0,0.0,0.0,0.0,0.0,0.0,0.0,0.0,0.0,0.0,0.0,0.0,0.0,7.936873579927447e-05,0.0,0.0,0.0,0.0,0.0,0.0,0.0,7.936873579927447e-05,0.0,0.0,0.0,0.0,0.0,0.0,0.0,0.0,0.0,0.0,0.0,0.0,0.0,0.0,0.0,7.936873579927447e-05,0.0,0.0,0.0,0.0,0.0,0.0,0.0,7.936873579927447e-05,0.0,0.0,0.0,0.0,0.0,0.0,0.0
x_R01_EXIT_D,0.9226241363033412,-0.8844733113939595,0.9307495106307919,0.9275350768309213,0.9275350768309213,0.9275350768309213,0.9275350768309213,0.9275350768309213,0.0,0.0022620089702793224,0.0018056387394334945,0.0010913201172400243,0.0010913201172400243,0.0010913201172400243,0.0010913201172400243,0.0010913201172400243,0.0018056387394334945,0.0004563702308458282,0.0,0.0,0.0,0.0,0.0,0.0,0.0018056387394334945,0.0004563702308458282,0.0,0.0,0.0,0.0,0.0,0.0,0.009871486515034764,0.00019842183949818617,0.0008432928178672912,0.0008432928178672912,0.0008432928178672912,0.0008432928178672912,0.0008432928178672912,0.0008432928178672912,0.00019346129351073153,0.001339347416612757,0.0009970697434783856,0.0004613307768332829,0.0004613307768332829,0.0004613307768332829,0.0004613307768332829,0.0004613307768332829,0.0,0.0020040605789316806,0.0015476903480858522,0.000833371725892382,0.000833371725892382,0.000833371725892382,0.000833371725892382,0.000833371725892382,0.0018056387394334945,0.0004563702308458282,0.0,0.0,0.0,0.0,0.0,0.0,0.0018056387394334945,0.0004563702308458282,0.0,0.0,0.0,0.0,0.0,0.0,0.0018056387394334945,0.0004563702308458282,0.0,0.0,0.0,0.0,0.0,0.0,0.0004762124147956468,0.0017857965554836759,0.0013294263246378475,0.0006151077024443771,0.0006151077024443771,0.0006151077024443771,0.0006151077024443771,0.0006151077024443771,0.0004762124147956468,0.0017857965554836759,0.0013294263246378475,0.0006151077024443771,0.0006151077024443771,0.0006151077024443771,0.0006151077024443771,0.0006151077024443771,0.0006944764382436516,0.0015675325320356711,0.0011111623011898428,0.0003968436789963724,0.0003968436789963724,0.0003968436789963724,0.0003968436789963724,0.0003968436789963724,0.0009127404616916566,0.0013492685085876664,0.0008928982777418378,0.00017857965554836757,0.00017857965554836757,0.00017857965554836757,0.00017857965554836757,0.00017857965554836757,0.0018056387394334945,0.0004563702308458282,0.0,0.0,0.0,0.0,0.0,0.0,0.0018056387394334945,0.0004563702308458282,0.0,0.0,0.0,0.0,0.0,0.0,0.0018056387394334945,0.0004563702308458282,0.0,0.0,0.0,0.0,0.0,0.0,0.0018056387394334945,0.0004563702308458282,0.0,0.0,0.0,0.0,0.0,0.0,0.0013542290545751209,0.00034227767313437126,0.0,0.0,0.0,0.0,0.0,0.0,0.00272830029310006,0.0011409255771145706,0.0,0.0,0.0,0.0,0.0,0.0,0.00272830029310006,0.0011409255771145706,0.0,0.0,0.0,0.0,0.0,0.0,0.000818490087930018,0.00034227767313437126,0.0,0.0,0.0,0.0,0.0,0.0,0.00272830029310006,0.0011409255771145706,0.0,0.0,0.0,0.0,0.0,0.0,0.00272830029310006,0.0011409255771145706,0.0,0.0,0.0,0.0,0.0,0.0,0.00272830029310006,0.0011409255771145706,0.0,0.0,0.0,0.0,0.0,0.0,0.001636980175860036,0.0006845553462687425,0.0,0.0,0.0,0.0,0.0,0.0,0.0002728300293100061,0.00011409255771145705,0.0,0.0,0.0,0.0,0.0,0.0,0.0005456600586200122,0.0002281851154229141,0.0,0.0,0.0,0.0,0.0,0.0,0.0010913201172400243,0.0004563702308458282,0.0,0.0,0.0,0.0,0.0,0.0,0.0010913201172400243,0.0004563702308458282,0.0,0.0,0.0,0.0,0.0,0.0,0.0002728300293100061,0.00011409255771145705,0.0,0.0,0.0,0.0,0.0,0.0,0.0010913201172400243,0.0004563702308458282,0.0,0.0,0.0,0.0,0.0,0.0,0.0010913201172400243,0.0004563702308458282,0.0,0.0,0.0,0.0,0.0,0.0
x_R01_EXIT_E,0.9226241363033412,0.9307495106307919,-0.8734038372548958,0.9275350768309213,0.9275350768309213,0.9275350768309213,0.9275350768309213,0.9275350768309213,0.0,0.0018056387394334945,0.003194591615920798,0.0010913201172400243,0.0010913201172400243,0.0010913201172400243,0.0010913201172400243,0.0010913201172400243,0.0031152228801215234,0.0013095841406880289,7.936873579927447e-05,0.0013095841406880289,0.0005952655184945585,0.0013095841406880289,0.0013095841406880289,0.0005952655184945585,0.0031152228801215234,0.0013095841406880289,7.936873579927447e-05,0.0013095841406880289,0.0005952655184945585,0.0013095841406880289,0.0013095841406880289,0.0005952655184945585,0.009028193697167472,0.0,0.006944764382436516,0.0,0.0035715931109673513,0.0,0.0,0.0035715931109673513,0.00019346129351073153,0.0009970697434783856,0.002038784400843863,0.0004613307768332829,0.0004613307768332829,0.0004613307768332829,0.0004613307768332829,0.0004613307768332829,0.0,0.0015476903480858522,0.0029366432245731557,0.000833371725892382,0.000833371725892382,0.000833371725892382,0.000833371725892382,0.000833371725892382,0.002956485408522975,0.0011508466690894799,0.00023810620739782342,0.0011508466690894799,0.0004365280468960096,0.0011508466690894799,0.0011508466690894799,0.0004365280468960096,0.002956485408522975,0.0011508466690894799,7.936873579927447e-05,0.0011508466690894799,0.0004365280468960096,0.0011508466690894799,0.0011508466690894799,0.0004365280468960096,0.002837432304824063,0.0010317935653905682,7.936873579927447e-05,0.0010317935653905682,0.0003174749431970979,0.0010317935653905682,0.0010317935653905682,0.0003174749431970979,0.0004762124147956468,0.0013294263246378475,0.002718379201125151,0.0006151077024443771,0.0006151077024443771,0.0006151077024443771,0.0006151077024443771,0.0006151077024443771,0.0004762124147956468,0.0013294263246378475,0.002718379201125151,0.0006151077024443771,0.0006151077024443771,0.0006151077024443771,0.0006151077024443771,0.0006151077024443771,0.0006944764382436516,0.0011111623011898428,0.0025001151776771462,0.0003968436789963724,0.0003968436789963724,0.0003968436789963724,0.0003968436789963724,0.0003968436789963724,0.0009127404616916566,0.0008928982777418378,0.0022818511542291413,0.00017857965554836757,0.00017857965554836757,0.00017857965554836757,0.00017857965554836757,0.00017857965554836757,0.0025993260974262393,0.0007936873579927448,0.0005952655184945585,0.0007936873579927448,7.936873579927447e-05,0.0007936873579927448,0.0007936873579927448,7.936873579927447e-05,0.002718379201125151,0.0009127404616916565,0.0004762124147956467,0.0009127404616916565,0.0001984218394981862,0.0009127404616916565,0.0009127404616916565,0.0001984218394981862,0.002837432304824063,0.0010317935653905682,0.0003571593110967351,0.0010317935653905682,0.0003174749431970979,0.0010317935653905682,0.0010317935653905682,0.0003174749431970979,0.002837432304824063,0.0010317935653905682,0.0003571593110967351,0.0010317935653905682,0.0003174749431970979,0.0010317935653905682,0.0010317935653905682,0.0003174749431970979,0.0021280742286180466,0.0007738451740429261,0.00026786948332255137,0.0007738451740429261,0.0002381062073978234,0.0007738451740429261,0.0007738451740429261,0.0002381062073978234,0.00272830029310006,0.0,0.0016865856357345822,0.0,0.0,0.0,0.0,0.0,0.00272830029310006,0.0,0.0016865856357345822,0.0,0.0,0.0,0.0,0.0,0.000818490087930018,0.0,0.0005059756907203748,0.0,0.0,0.0,0.0,0.0,0.00272830029310006,0.0,0.0016865856357345822,0.0,0.0,0.0,0.0,0.0,0.00272830029310006,0.0,0.0016865856357345822,0.0,0.0,0.0,0.0,0.0,0.00272830029310006,0.0,0.0016865856357345822,0.0,0.0,0.0,0.0,0.0,0.001636980175860036,0.0,0.0010119513814407495,0.0,0.0,0.0,0.0,0.0,0.0002728300293100061,0.0,0.00016865856357345824,0.0,0.0,0.0,0.0,0.0,0.0005456600586200122,0.0,0.0003373171271469165,0.0,0.0,0.0,0.0,0.0,0.0010913201172400243,0.0,0.000674634254293833,0.0,0.0,0.0,0.0,0.0,0.0010913201172400243,0.0,0.000674634254293833,0.0,0.0,0.0,0.0,0.0,0.0002728300293100061,0.0,0.00016865856357345824,0.0,0.0,0.0,0.0,0.0,0.0010913201172400243,0.0,0.000674634254293833,0.0,0.0,0.0,0.0,0.0,0.0010913201172400243,0.0,0.000674634254293833,0.0,0.0,0.0,0.0,0.0
x_R01_EXIT_G,0.9226241363033412,0.9275350768309213,0.9275350768309213,-0.8777080280033912,0.9291422937308567,0.9327585317557111,0.9291422937308567,0.9291422937308567,0.0,0.0010913201172400243,0.0010913201172400243,0.0025596417295266015,0.0014484794283367594,0.002252087878304413,0.0014484794283367594,0.0014484794283367594,0.0010913201172400243,0.0,0.0,0.0011111623011898428,0.0,0.0,0.0,0.0,0.0010913201172400243,0.0,0.0,0.0011111623011898428,0.0,0.0,0.0,0.0,0.00545660058620012,0.0,0.0,0.005555811505949213,0.0,0.0,0.0,0.0,0.00019346129351073153,0.0004613307768332829,0.0004613307768332829,0.001562571986048216,0.0007292002601558343,0.0013319065976315748,0.0007292002601558343,0.0007292002601558343,0.0,0.000833371725892382,0.000833371725892382,0.0023016933381789593,0.0011905310369891172,0.0019941394869567707,0.0011905310369891172,0.0011905310369891172,0.0010913201172400243,0.0,0.0,0.0011111623011898428,0.0,0.0,0.0,0.0,0.0010913201172400243,0.0,0.0,0.0011111623011898428,0.0,0.0,0.0,0.0,0.0010913201172400243,0.0,0.0,0.0011111623011898428,0.0,0.0,0.0,0.0,0.0004762124147956468,0.0006151077024443771,0.0006151077024443771,0.0020834293147309548,0.0009722670135411123,0.0017758754635087662,0.0009722670135411123,0.0009722670135411123,0.0004762124147956468,0.0006151077024443771,0.0006151077024443771,0.0020834293147309548,0.0009722670135411123,0.0017758754635087662,0.0009722670135411123,0.0009722670135411123,0.0006944764382436516,0.0003968436789963724,0.0003968436789963724,0.00186516529128295,0.0007540029900931075,0.0015576114400607615,0.0007540029900931075,0.0007540029900931075,0.0009127404616916566,0.00017857965554836757,0.00017857965554836757,0.0016469012678349453,0.0005357389666451027,0.0013393474166127567,0.0005357389666451027,0.0005357389666451027,0.0010913201172400243,0.0,0.0,0.0011111623011898428,0.0,0.0,0.0,0.0,0.0010913201172400243,0.0,0.0,0.0011111623011898428,0.0,0.0,0.0,0.0,0.0010913201172400243,0.0,0.0,0.0011111623011898428,0.0,0.0,0.0,0.0,0.0010913201172400243,0.0,0.0,0.0011111623011898428,0.0,0.0,0.0,0.0,0.000818490087930018,0.0,0.0,0.000833371725892382,0.0,0.0,0.0,0.0,0.003621198570841898,0.0,0.0,0.0027779057529746065,0.0,0.0,0.0,0.0,0.003621198570841898,0.0,0.0,0.0027779057529746065,0.0,0.0,0.0,0.0,0.0016890659087283098,0.0006027063374757405,0.0006027063374757405,0.00023066538841664145,0.0006027063374757405,0.0,0.0,0.0,0.004737321418019195,0.0011161228471772973,0.0011161228471772973,0.0016617829057973092,0.0011161228471772973,0.0,0.0,0.0,0.003621198570841898,0.0,0.0,0.0027779057529746065,0.0,0.0,0.0,0.0,0.003621198570841898,0.0,0.0,0.0027779057529746065,0.0,0.0,0.0,0.0,0.002172719142505139,0.0,0.0,0.0009970697434783856,0.0,0.0,0.0,0.0,0.00036211985708418986,0.0,0.0,0.0002777905752974607,0.0,0.0,0.0,0.0,0.0009474642836038391,0.0,0.0,0.0001537769256110943,0.0,0.0,0.0,0.0,0.0018949285672076781,0.0,0.0,0.0006647131623189238,0.0,0.0,0.0,0.0,0.0014484794283367594,0.0,0.0,0.0006647131623189238,0.0,0.0,0.0,0.0,0.00036211985708418986,0.0,0.0,0.00016617829057973094,0.0,0.0,0.0,0.0,0.0014484794283367594,0.0,0.0,0.0011111623011898428,0.0,0.0,0.0,0.0,0.0014484794283367594,0.0,0.0,0.0011111623011898428,0.0,0.0,0.0,0.0
x_R01_EXIT_H,0.9226241363033412,0.9275350768309213,0.9275350768309213,0.9291422937308567,-0.8715322680010223,0.9291422937308567,0.9295440979558405,0.9340085893445497,0.0,0.0010913201172400243,0.0010913201172400243,0.0014484794283367594,0.002887037764698609,0.0014484794283367594,0.001537769256110943,0.002529878453601874,0.0010913201172400243,0.0,0.0,8.928982777418378e-05,0.0006349498863941958,0.0,0.0,0.00027779057529746064,0.0010913201172400243,0.0,0.0,8.928982777418378e-05,0.0006349498863941958,0.0,0.0,0.00027779057529746064,0.00545660058620012,0.0,0.0,0.0004464491388709189,0.003174749431970979,0.0,0.0,0.001388952876487303,0.00019346129351073153,0.0004613307768332829,0.0004613307768332829,0.0007292002601558343,0.0018081190124272218,0.0007292002601558343,0.000796167630986472,0.0015402495291046703,0.0,0.000833371725892382,0.000833371725892382,0.0011905310369891172,0.002629089373350967,0.0011905310369891172,0.0012798208647633008,0.002271930062254232,0.0010913201172400243,0.0,0.0,8.928982777418378e-05,0.0006349498863941958,0.0,0.0,0.00027779057529746064,0.0010913201172400243,0.0,0.0,8.928982777418378e-05,0.0006349498863941958,0.0,0.0,0.00027779057529746064,0.0010913201172400243,0.0,0.0,8.928982777418378e-05,0.0006349498863941958,0.0,0.0,0.00027779057529746064,0.0004762124147956468,0.0006151077024443771,0.0006151077024443771,0.0009722670135411123,0.002410825349902962,0.0009722670135411123,0.001061556841315296,0.0020536660388062273,0.0004762124147956468,0.0006151077024443771,0.0006151077024443771,0.0009722670135411123,0.002410825349902962,0.0009722670135411123,0.001061556841315296,0.0020536660388062273,0.0006944764382436516,0.0003968436789963724,0.0003968436789963724,0.0007540029900931075,0.0021925613264549577,0.0007540029900931075,0.0008432928178672913,0.0018354020153582222,0.0009127404616916566,0.00017857965554836757,0.00017857965554836757,0.0005357389666451027,0.0019742973030069527,0.0005357389666451027,0.0006250287944192865,0.0016171379919102172,0.0010913201172400243,0.0,0.0,8.928982777418378e-05,0.0006349498863941958,0.0,0.0,0.00027779057529746064,0.0010913201172400243,0.0,0.0,8.928982777418378e-05,0.0006349498863941958,0.0,0.0,0.00027779057529746064,0.0010913201172400243,0.0,0.0,8.928982777418378e-05,0.0006349498863941958,0.0,0.0,0.00027779057529746064,0.0010913201172400243,0.0,0.0,8.928982777418378e-05,0.0006349498863941958,0.0,0.0,0.00027779057529746064,0.000818490087930018,0.0,0.0,6.696737083063784e-05,0.0004762124147956468,0.0,0.0,0.00020834293147309547,0.0038444231402773575,0.0,0.0017857965554836756,0.00022322456943545945,0.0033731712714691648,0.0,0.0,0.0,0.0038444231402773575,0.0,0.00039684367899637233,0.00022322456943545945,0.001190531036989117,0.0,0.0,0.0,0.0010863595712525694,6.696737083063784e-05,0.0006027063374757405,0.0,0.0010789187522713874,0.0,0.0,0.0,0.003621198570841898,0.00022322456943545945,0.002009021124919135,0.0,0.003596395840904624,0.0,0.0,0.0,0.006324696134004684,0.0024802729937273274,0.0006944764382436515,0.002703497563162787,0.0008928982777418377,0.0,0.0,0.0,0.0069199616524992435,0.003075538512221885,0.0012897419567382102,0.0032987630816573446,0.00029763275924727924,0.0,0.0,0.0,0.0023066538841664142,0.0,0.0010714779332902055,0.0,0.0007143186221934702,0.0,0.0,0.0,0.00038444231402773576,0.0,0.0,0.0,0.00011905310369891171,0.0,0.0,0.0,0.0007242397141683797,0.0,0.00035715931109673514,0.0,0.0006746342542938332,0.0,0.0,0.0,0.0014484794283367594,0.0,0.0007143186221934703,0.0,0.0013492685085876664,0.0,0.0,0.0,0.001537769256110943,0.0,0.0007143186221934703,0.0,0.0001190531036989117,0.0,0.0,0.0,0.0006027063374757405,0.00021826402344800482,0.0,0.0,0.0,0.0,0.0,0.0,0.002410825349902962,0.0008730560937920193,0.00015873747159854894,0.000962345921566203,0.0001190531036989117,0.0,0.0,0.0,0.002410825349902962,0.0008730560937920193,0.00015873747159854894,0.000962345921566203,0.0001190531036989117,0.0,0.0,0.0
x_R01_EXIT_A,0.9226241363033412,0.9275350768309213,0.9275350768309213,0.9327585317557111,0.9291422937308567,-0.8629020903593128,0.9291422937308567,0.9291422937308567,0.0,0.0010913201172400243,0.0010913201172400243,0.002252087878304413,0.0014484794283367594,0.004563702308458282,0.0014484794283367594,0.0014484794283367594,0.0010913201172400243,0.0,0.0,0.0008036084499676541,0.0,0.0007986479039801995,0.0,0.0,0.0010913201172400243,0.0,0.0,0.0008036084499676541,0.0,0.0007986479039801995,0.0,0.0,0.00545660058620012,0.0,0.0,0.00401804224983827,0.0,0.003993239519900997,0.0,0.0,0.00019346129351073153,0.0004613307768332829,0.0004613307768332829,0.0013319065976315748,0.0007292002601558343,0.003065617420246976,0.0007292002601558343,0.0007292002601558343,0.0,0.000833371725892382,0.000833371725892382,0.0019941394869567707,0.0011905310369891172,0.00430575391711064,0.0011905310369891172,0.0011905310369891172,0.0010913201172400243,0.0,0.0,0.0008036084499676541,0.0,0.0007986479039801995,0.0,0.0,0.0010913201172400243,0.0,0.0,0.0008036084499676541,0.0,0.0007986479039801995,0.0,0.0,0.0010913201172400243,0.0,0.0,0.0008036084499676541,0.0,0.0007986479039801995,0.0,0.0,0.0004762124147956468,0.0006151077024443771,0.0006151077024443771,0.0017758754635087662,0.0009722670135411123,0.004087489893662635,0.0009722670135411123,0.0009722670135411123,0.0004762124147956468,0.0006151077024443771,0.0006151077024443771,0.0017758754635087662,0.0009722670135411123,0.004087489893662635,0.0009722670135411123,0.0009722670135411123,0.0006944764382436516,0.0003968436789963724,0.0003968436789963724,0.0015576114400607615,0.0007540029900931075,0.003869225870214631,0.0007540029900931075,0.0007540029900931075,0.0009127404616916566,0.00017857965554836757,0.00017857965554836757,0.0013393474166127567,0.0005357389666451027,0.003650961846766626,0.0005357389666451027,0.0005357389666451027,0.0010913201172400243,0.0,0.0,0.0008036084499676541,0.0,0.0007986479039801995,0.0,0.0,0.0010913201172400243,0.0,0.0,0.0008036084499676541,0.0,0.0007986479039801995,0.0,0.0,0.0010913201172400243,0.0,0.0,0.0008036084499676541,0.0,0.0007986479039801995,0.0,0.0,0.0010913201172400243,0.0,0.0,0.0008036084499676541,0.0,0.0007986479039801995,0.0,0.0,0.000818490087930018,0.0,0.0,0.0006027063374757405,0.0,0.0005989859279851496,0.0,0.0,0.003621198570841898,0.0,0.0,0.002009021124919135,0.0,0.0019966197599504986,0.0,0.0,0.003621198570841898,0.0,0.0,0.002009021124919135,0.0,0.0019966197599504986,0.0,0.0,0.0022713099940057995,0.0011849504227532306,0.0011849504227532306,0.00058224408527749,0.0011849504227532306,0.0011514667373379117,0.0005524808093527622,0.0005524808093527622,0.004737321418019195,0.0011161228471772973,0.0011161228471772973,0.0008928982777418378,0.0011161228471772973,0.0019966197599504986,0.0,0.0,0.003621198570841898,0.0,0.0,0.002009021124919135,0.0,0.0019966197599504986,0.0,0.0,0.003621198570841898,0.0,0.0,0.002009021124919135,0.0,0.0019966197599504986,0.0,0.0,0.002172719142505139,0.0,0.0,0.0005357389666451027,0.0,0.0011979718559702991,0.0,0.0,0.00036211985708418986,0.0,0.0,0.00020090211249191353,0.0,0.00019966197599504987,0.0,0.0,0.0013157848231723473,0.0003683205395685081,0.0003683205395685081,0.0010826391617619784,0.0003683205395685081,0.0,0.0003683205395685081,0.0003683205395685081,0.0018949285672076781,0.0,0.0,0.00035715931109673514,0.0,0.0,0.0,0.0,0.0014484794283367594,0.0,0.0,0.00035715931109673514,0.0,0.0007986479039801995,0.0,0.0,0.00036211985708418986,0.0,0.0,8.928982777418378e-05,0.0,0.00019966197599504987,0.0,0.0,0.0014484794283367594,0.0,0.0,0.0008036084499676541,0.0,0.0007986479039801995,0.0,0.0,0.0014484794283367594,0.0,0.0,0.0008036084499676541,0.0,0.0007986479039801995,0.0,0.0
x_R01_EXIT_F,0.9226241363033412,0.9275350768309213,0.9275350768309213,0.9291422937308567,0.9295440979558405,0.9291422937308567,-0.8685101231182011,0.9295440979558405,0.0,0.0010913201172400243,0.0010913201172400243,0.0014484794283367594,0.001537769256110943,0.0014484794283367594,0.003799778226390266,0.001537769256110943,0.0010913201172400243,0.0,0.0,8.928982777418378e-05,0.0,0.0007540029900931075,0.002262008970279323,0.0,0.0010913201172400243,0.0,0.0,8.928982777418378e-05,0.0,0.0007540029900931075,0.002262008970279323,0.0,0.00545660058620012,0.0,0.0,0.0004464491388709189,0.0,0.003770014950465537,0.011310044851396615,0.0,0.00019346129351073153,0.0004613307768332829,0.0004613307768332829,0.0007292002601558343,0.000796167630986472,0.0007292002601558343,0.002492674358695963,0.000796167630986472,0.0,0.000833371725892382,0.000833371725892382,0.0011905310369891172,0.0012798208647633008,0.0011905310369891172,0.003541829835042624,0.0012798208647633008,0.0010913201172400243,0.0,0.0,8.928982777418378e-05,0.0,0.0007540029900931075,0.002262008970279323,0.0,0.0010913201172400243,0.0,0.0,8.928982777418378e-05,0.0,0.0007540029900931075,0.002262008970279323,0.0,0.0010913201172400243,0.0,0.0,8.928982777418378e-05,0.0,0.0007540029900931075,0.002262008970279323,0.0,0.0004762124147956468,0.0006151077024443771,0.0006151077024443771,0.0009722670135411123,0.001061556841315296,0.0009722670135411123,0.003323565811594619,0.001061556841315296,0.0004762124147956468,0.0006151077024443771,0.0006151077024443771,0.0009722670135411123,0.001061556841315296,0.0009722670135411123,0.003323565811594619,0.001061556841315296,0.0006944764382436516,0.0003968436789963724,0.0003968436789963724,0.0007540029900931075,0.0008432928178672913,0.0007540029900931075,0.0031053017881466144,0.0008432928178672913,0.0009127404616916566,0.00017857965554836757,0.00017857965554836757,0.0005357389666451027,0.0006250287944192865,0.0005357389666451027,0.0028870377646986094,0.0006250287944192865,0.0010913201172400243,0.0,0.0,8.928982777418378e-05,0.0,0.0007540029900931075,0.002262008970279323,0.0,0.0010913201172400243,0.0,0.0,8.928982777418378e-05,0.0,0.0007540029900931075,0.002262008970279323,0.0,0.0010913201172400243,0.0,0.0,8.928982777418378e-05,0.0,0.0007540029900931075,0.002262008970279323,0.0,0.0010913201172400243,0.0,0.0,8.928982777418378e-05,0.0,0.0007540029900931075,0.002262008970279323,0.0,0.000818490087930018,0.0,0.0,6.696737083063784e-05,0.0,0.0005655022425698306,0.0016965067277094916,0.0,0.005729430615510126,0.0018850074752327685,0.0018850074752327685,0.002108232044668228,0.0018850074752327685,0.0,0.003770014950465538,0.0018850074752327685,0.007416016251244709,0.0035715931109673513,0.0,0.0037948176804028107,0.0,0.0018850074752327685,0.001885007475232769,0.0,0.0010863595712525694,6.696737083063784e-05,6.696737083063784e-05,0.0,6.696737083063784e-05,0.0,0.00023066538841664145,0.0,0.003621198570841898,0.00022322456943545945,0.00022322456943545945,0.0,0.00022322456943545945,0.0,0.0007688846280554714,0.0,0.0038444231402773575,0.0,0.0,0.00022322456943545945,0.0,0.0,0.0007688846280554714,0.0,0.0038444231402773575,0.0,0.0,0.00022322456943545945,0.0,0.0,0.0007688846280554714,0.0,0.0033781318174566197,0.0010714779332902055,0.0010714779332902055,0.0,0.00040180422498382705,0.0,0.0007292002601558343,0.0,0.0008085689959551088,0.00042412668192737295,0.0,0.00044644913887091896,0.0,0.0,0.00012153337669263904,0.0,0.0007242397141683797,0.00035715931109673514,0.00035715931109673514,0.0,0.00035715931109673514,0.0,0.00015377692561109428,0.0,0.0014484794283367594,0.0007143186221934703,0.0007143186221934703,0.0,0.0007143186221934703,0.0,0.00030755385122218856,0.0,0.002252087878304413,0.0007143186221934703,0.0007143186221934703,0.0,0.00017857965554836757,0.0,0.00012897419567382102,0.00017857965554836757,0.00038444231402773576,0.0,0.0,0.0,0.0,0.0,0.0,0.0,0.001537769256110943,0.0,0.0,8.928982777418378e-05,0.0,0.0,0.00030755385122218856,0.0,0.001537769256110943,0.0,0.0,8.928982777418378e-05,0.0,0.0,0.00030755385122218856,0.0
x_R01_EXIT_B,0.9226241363033412,0.9275350768309213,0.9275350768309213,0.9291422937308567,0.9340085893445497,0.9291422937308567,0.9295440979558405,-0.851244145456499,0.0,0.0010913201172400243,0.0010913201172400243,0.0014484794283367594,0.002529878453601874,0.0014484794283367594,0.001537769256110943,0.006270130128142684,0.0010913201172400243,0.0,0.0,8.928982777418378e-05,0.00027779057529746064,0.0,0.0,0.004018042249838271,0.0010913201172400243,0.0,0.0,8.928982777418378e-05,0.00027779057529746064,0.0,0.0,0.004018042249838271,0.00545660058620012,0.0,0.0,0.0004464491388709189,0.001388952876487303,0.0,0.0,0.02009021124919135,0.00019346129351073153,0.0004613307768332829,0.0004613307768332829,0.0007292002601558343,0.0015402495291046703,0.0007292002601558343,0.000796167630986472,0.004345438285010278,0.0,0.000833371725892382,0.000833371725892382,0.0011905310369891172,0.002271930062254232,0.0011905310369891172,0.0012798208647633008,0.006012181736795042,0.0010913201172400243,0.0,0.0,8.928982777418378e-05,0.00027779057529746064,0.0,0.0,0.004018042249838271,0.0010913201172400243,0.0,0.0,8.928982777418378e-05,0.00027779057529746064,0.0,0.0,0.004018042249838271,0.0010913201172400243,0.0,0.0,8.928982777418378e-05,0.00027779057529746064,0.0,0.0,0.004018042249838271,0.0004762124147956468,0.0006151077024443771,0.0006151077024443771,0.0009722670135411123,0.0020536660388062273,0.0009722670135411123,0.001061556841315296,0.005793917713347036,0.0004762124147956468,0.0006151077024443771,0.0006151077024443771,0.0009722670135411123,0.0020536660388062273,0.0009722670135411123,0.001061556841315296,0.005793917713347036,0.0006944764382436516,0.0003968436789963724,0.0003968436789963724,0.0007540029900931075,0.0018354020153582222,0.0007540029900931075,0.0008432928178672913,0.005575653689899033,0.0009127404616916566,0.00017857965554836757,0.00017857965554836757,0.0005357389666451027,0.0016171379919102172,0.0005357389666451027,0.0006250287944192865,0.005357389666451027,0.0010913201172400243,0.0,0.0,8.928982777418378e-05,0.00027779057529746064,0.0,0.0,0.004018042249838271,0.0010913201172400243,0.0,0.0,8.928982777418378e-05,0.00027779057529746064,0.0,0.0,0.004018042249838271,0.0010913201172400243,0.0,0.0,8.928982777418378e-05,0.00027779057529746064,0.0,0.0,0.004018042249838271,0.0010913201172400243,0.0,0.0,8.928982777418378e-05,0.00027779057529746064,0.0,0.0,0.004018042249838271,0.000818490087930018,0.0,0.0,6.696737083063784e-05,0.00020834293147309547,0.0,0.0,0.0030135316873787024,0.0038444231402773575,0.0,0.0017857965554836756,0.00022322456943545945,0.0024802729937273274,0.0,0.0,0.005667423790666943,0.0038444231402773575,0.0,0.00039684367899637233,0.00022322456943545945,0.00029763275924727924,0.0,0.0,0.005667423790666943,0.0010863595712525694,6.696737083063784e-05,0.0006027063374757405,0.0,0.0008110492689488361,0.0,0.0,0.0017002271372000828,0.003621198570841898,0.00022322456943545945,0.002009021124919135,0.0,0.002703497563162787,0.0,0.0,0.005667423790666943,0.008166298831847225,0.004321875691569867,0.002536079136086192,0.004545100261005327,0.0018416026978425404,0.0018416026978425406,0.0018416026978425406,0.007509026488509483,0.006324696134004684,0.0024802729937273274,0.0006944764382436515,0.002703497563162787,0.0,0.0,0.0,0.00019842183949818617,0.0023066538841664142,0.0,0.0010714779332902055,0.0,0.00017857965554836754,0.0,0.0,0.0034004542744001656,0.00038444231402773576,0.0,0.0,0.0,0.0,0.0,0.0,0.0005667423790666943,0.0007242397141683797,0.0,0.00035715931109673514,0.0,0.0004960545987454654,0.0,0.0,0.0011334847581333887,0.0014484794283367594,0.0,0.0007143186221934703,0.0,0.0009921091974909309,0.0,0.0,0.0022669695162667773,0.001537769256110943,0.0,0.0007143186221934703,0.0,0.0,0.0,0.0,0.0022669695162667773,0.0006027063374757405,0.00021826402344800482,0.0,0.0,0.0,0.0,0.0,0.0005667423790666943,0.0031474664290399783,0.0016096971729290355,0.0008953785507355652,0.0016989870007032193,0.0007366410791370162,0.0007366410791370162,0.0007366410791370162,0.001530328437129761,0.002410825349902962,0.0008730560937920193,0.00015873747159854894,0.000962345921566203,0.0,0.0,0.0,7.936873579927447e-05
x_R02_EXIT_C,7.936873579927447e-05,0.0,0.0,0.0,0.0,0.0,0.0,0.0,-0.9155106252834907,0.9194729494648106,0.9194729494648106,0.9194729494648106,0.9194729494648106,0.9194729494648106,0.9194729494648106,0.9194729494648106,0.0,0.0,0.0,0.0,0.0,0.0,0.0,0.0,0.0,0.0,0.0,0.0,0.0,0.0,0.0,0.0,8.818748422141607e-05,0.0,0.0,0.0,0.0,0.0,0.0,0.0,0.0,0.0,0.0,0.0,0.0,0.0,0.0,0.0,0.0001763749684428322,0.0,0.0,0.0,0.0,0.0,0.0,0.0,0.0,0.0,0.0,0.0,0.0,0.0,0.0,0.0,0.0,0.0,0.0,0.0,0.0,0.0,0.0,0.0,0.0,0.0,0.0,0.0,0.0,0.0,0.0,0.0,0.0,0.0,0.0,0.0,0.0,0.0,0.0,0.0,0.0,0.0,0.0,0.0,0.0,0.0,0.0,0.0,0.0,0.0,0.0,0.0,0.0,0.0,0.0,0.0,0.0,0.0,0.0,0.0,0.0,0.0,0.0,0.0,0.0,0.0,0.0,0.0,0.0,0.0,0.0,0.0,0.0,0.0,0.0,0.0,0.0,0.0,0.0,0.0,0.0,0.0,0.0,0.0,0.0,0.0,0.0,0.0,0.0,0.0,0.0,0.0,0.0,0.0,0.0,0.0,0.0,0.0,0.0,0.0,0.0,0.0,0.0,0.0,0.0,0.0,0.0,0.0,0.0,0.0,0.0,0.0,0.0,0.0,0.0,0.0,0.0,0.0,0.0,0.0,0.0,0.0,0.0,0.0,0.0,0.0,0.0,0.0,0.0,0.0,0.0,0.0,0.0,0.0,0.0,0.0,0.0,0.0,0.0,0.0,0.0,0.0,0.0,0.0,0.0,0.0,0.0,0.0,0.0,0.0,0.0,0.0,0.0,0.0,0.0,0.0,0.0,0.0,0.0,0.0,0.0,0.0,0.0,0.0,0.0,0.0,0.0,0.0,0.0,0.0,0.0,0.0,0.0,0.0,0.0,0.0,0.0,0.0,0.0,0.0,0.0,0.0,0.0,0.0,0.0,0.0,0.0,0.0,0.0,0.0,0.0,0.0,0.0,0.0,0.0,0.0,0.0,0.0,0.0,0.0,0.0,0.0,0.0,0.0,0.0,0.0,0.0,0.0,0.0,0.0,0.0,0.0,0.0,0.0,0.0,0.0
x_R02_EXIT_D,0.0,0.0022620089702793224,0.0018056387394334945,0.0010913201172400243,0.0010913201172400243,0.0010913201172400243,0.0010913201172400243,0.0010913201172400243,0.9194729494648106,-0.8973008699386849,0.9198742025180181,0.9197154650464195,0.9197154650464195,0.9197154650464195,0.9197154650464195,0.9197154650464195,0.0004012530532074432,0.0001014156068546285,0.0,0.0,0.0,0.0,0.0,0.0,0.0004012530532074432,0.0001014156068546285,0.0,0.0,0.0,0.0,0.0,0.0,0.002193663670007725,0.0,0.0001873984039705092,0.0001873984039705092,0.0001873984039705092,0.0001873984039705092,0.0001873984039705092,0.0001873984039705092,0.0,0.0002976327592472792,0.0002215710541063079,0.00010251795040739618,0.00010251795040739618,0.00010251795040739618,0.00010251795040739618,0.00010251795040739618,0.00015873747159854897,0.00044534679531815124,0.0003439311884635227,0.0001851937168649738,0.0001851937168649738,0.0001851937168649738,0.0001851937168649738,0.0001851937168649738,0.0004012530532074432,0.0001014156068546285,0.0,0.0,0.0,0.0,0.0,0.0,0.0004012530532074432,0.0001014156068546285,0.0,0.0,0.0,0.0,0.0,0.0,0.0004012530532074432,0.0001014156068546285,0.0,0.0,0.0,0.0,0.0,0.0,0.0001058249810656993,0.0003968436789963724,0.0002954280721417439,0.00013669060054319492,0.00013669060054319492,0.00013669060054319492,0.00013669060054319492,0.00013669060054319492,0.0001058249810656993,0.0003968436789963724,0.0002954280721417439,0.00013669060054319492,0.00013669060054319492,0.00013669060054319492,0.00013669060054319492,0.00013669060054319492,0.00015432809738747814,0.00034834056267459354,0.00024692495581996504,8.818748422141608e-05,8.818748422141608e-05,8.818748422141608e-05,8.818748422141608e-05,8.818748422141608e-05,0.000202831213709257,0.00029983744635281474,0.0001984218394981862,0.0,0.0,0.0,0.0,0.0,0.0004012530532074432,0.0001014156068546285,0.0,0.0,0.0,0.0,0.0,0.0,0.0004012530532074432,0.0001014156068546285,0.0,0.0,0.0,0.0,0.0,0.0,0.0004012530532074432,0.0001014156068546285,0.0,0.0,0.0,0.0,0.0,0.0,0.0004012530532074432,0.0001014156068546285,0.0,0.0,0.0,0.0,0.0,0.0,0.00030093978990558236,7.606170514097137e-05,0.0,0.0,0.0,0.0,0.0,0.0,0.0006062889540222355,0.0002535390171365712,0.0,0.0,0.0,0.0,0.0,0.0,0.0006062889540222355,0.0002535390171365712,0.0,0.0,0.0,0.0,0.0,0.0,0.00018188668620667067,7.606170514097137e-05,0.0,0.0,0.0,0.0,0.0,0.0,0.0006062889540222355,0.0002535390171365712,0.0,0.0,0.0,0.0,0.0,0.0,0.0006062889540222355,0.0002535390171365712,0.0,0.0,0.0,0.0,0.0,0.0,0.0006062889540222355,0.0002535390171365712,0.0,0.0,0.0,0.0,0.0,0.0,0.00036377337241334134,0.00015212341028194274,0.0,0.0,0.0,0.0,0.0,0.0,6.062889540222356e-05,0.0,0.0,0.0,0.0,0.0,0.0,0.0,0.00012125779080444712,5.070780342731425e-05,0.0,0.0,0.0,0.0,0.0,0.0,0.00024251558160889424,0.0001014156068546285,0.0,0.0,0.0,0.0,0.0,0.0,0.00024251558160889424,0.0001014156068546285,0.0,0.0,0.0,0.0,0.0,0.0,6.062889540222356e-05,0.0,0.0,0.0,0.0,0.0,0.0,0.0,0.00024251558160889424,0.0001014156068546285,0.0,0.0,0.0,0.0,0.0,0.0,0.00024251558160889424,0.0001014156068546285,0.0,0.0,0.0,0.0,0.0,0.0
x_R02_EXIT_E,0.0,0.0018056387394334945,0.003194591615920798,0.0010913201172400243,0.0010913201172400243,0.0010913201172400243,0.0010913201172400243,0.0010913201172400243,0.9194729494648106,0.9198742025180181,-0.8902207771170876,0.9197154650464195,0.9197154650464195,0.9197154650464195,0.9197154650464195,0.9197154650464195,0.0006922717511381162,0.0002910186979306731,0.0,0.0002910186979306731,0.00013228122633212412,0.0002910186979306731,0.0002910186979306731,0.00013228122633212412,0.0006922717511381162,0.0002910186979306731,0.0,0.0002910186979306731,0.00013228122633212412,0.0002910186979306731,0.0002910186979306731,0.00013228122633212412,0.002006265266037216,0.0,0.0015432809738747813,0.0,0.0007936873579927448,0.0,0.0,0.0007936873579927448,0.0,0.0002215710541063079,0.0004530632001875251,0.00010251795040739618,0.00010251795040739618,0.00010251795040739618,0.00010251795040739618,0.00010251795040739618,0.00015873747159854897,0.0003439311884635227,0.0006525873832384789,0.0001851937168649738,0.0001851937168649738,0.0001851937168649738,0.0001851937168649738,0.0001851937168649738,0.0006569967574495497,0.0002557437042421067,5.291249053284965e-05,0.0002557437042421067,9.700623264355767e-05,0.0002557437042421067,0.0002557437042421067,9.700623264355767e-05,0.0006569967574495497,0.0002557437042421067,0.0,0.0002557437042421067,9.700623264355767e-05,0.0002557437042421067,0.0002557437042421067,9.700623264355767e-05,0.000630540512183125,0.00022928745897568184,0.0,0.00022928745897568184,7.054998737713286e-05,0.00022928745897568184,0.00022928745897568184,7.054998737713286e-05,0.0001058249810656993,0.0002954280721417439,0.0006040842669167002,0.00013669060054319492,0.00013669060054319492,0.00013669060054319492,0.00013669060054319492,0.00013669060054319492,0.0001058249810656993,0.0002954280721417439,0.0006040842669167002,0.00013669060054319492,0.00013669060054319492,0.00013669060054319492,0.00013669060054319492,0.00013669060054319492,0.00015432809738747814,0.00024692495581996504,0.0005555811505949214,8.818748422141608e-05,8.818748422141608e-05,8.818748422141608e-05,8.818748422141608e-05,8.818748422141608e-05,0.000202831213709257,0.0001984218394981862,0.0005070780342731425,0.0,0.0,0.0,0.0,0.0,0.0005776280216502754,0.0001763749684428322,0.00013228122633212412,0.0001763749684428322,0.0,0.0001763749684428322,0.0001763749684428322,0.0,0.0006040842669167002,0.00020283121370925702,0.0001058249810656993,0.00020283121370925702,0.0,0.00020283121370925702,0.00020283121370925702,0.0,0.000630540512183125,0.00022928745897568184,7.936873579927447e-05,0.00022928745897568184,7.054998737713286e-05,0.00022928745897568184,0.00022928745897568184,7.054998737713286e-05,0.000630540512183125,0.00022928745897568184,7.936873579927447e-05,0.00022928745897568184,7.054998737713286e-05,0.00022928745897568184,0.00022928745897568184,7.054998737713286e-05,0.0004729053841373437,0.00017196559423176132,5.9526551849455854e-05,0.00017196559423176132,5.291249053284965e-05,0.00017196559423176132,0.00017196559423176132,5.291249053284965e-05,0.0006062889540222355,0.0,0.00037479680794101834,0.0,0.0,0.0,0.0,0.0,0.0006062889540222355,0.0,0.00037479680794101834,0.0,0.0,0.0,0.0,0.0,0.00018188668620667067,0.0,0.00011243904238230551,0.0,0.0,0.0,0.0,0.0,0.0006062889540222355,0.0,0.00037479680794101834,0.0,0.0,0.0,0.0,0.0,0.0006062889540222355,0.0,0.00037479680794101834,0.0,0.0,0.0,0.0,0.0,0.0006062889540222355,0.0,0.00037479680794101834,0.0,0.0,0.0,0.0,0.0,0.00036377337241334134,0.0,0.00022487808476461102,0.0,0.0,0.0,0.0,0.0,6.062889540222356e-05,0.0,0.0,0.0,0.0,0.0,0.0,0.0,0.00012125779080444712,0.0,7.495936158820366e-05,0.0,0.0,0.0,0.0,0.0,0.00024251558160889424,0.0,0.00014991872317640732,0.0,0.0,0.0,0.0,0.0,0.00024251558160889424,0.0,0.00014991872317640732,0.0,0.0,0.0,0.0,0.0,6.062889540222356e-05,0.0,0.0,0.0,0.0,0.0,0.0,0.0,0.00024251558160889424,0.0,0.00014991872317640732,0.0,0.0,0.0,0.0,0.0,0.00024251558160889424,0.0,0.00014991872317640732,0.0,0.0,0.0,0.0,0.0
x_R02_EXIT_G,0.0,0.0010913201172400243,0.0010913201172400243,0.0025596417295266015,0.0014484794283367594,0.002252087878304413,0.0014484794283367594,0.0014484794283367594,0.9194729494648106,0.9197154650464195,0.9197154650464195,-0.8918087933515634,0.9197948337822188,0.9199734134377672,0.9197948337822188,0.9197948337822188,0.00024251558160889424,0.0,0.0,0.00024692495581996504,0.0,0.0,0.0,0.0,0.00024251558160889424,0.0,0.0,0.00024692495581996504,0.0,0.0,0.0,0.0,0.001212577908044471,0.0,0.0,0.0012346247790998252,0.0,0.0,0.0,0.0,0.0,0.00010251795040739618,0.00010251795040739618,0.00034723821912182576,0.00016204450225685204,0.0002959792439181277,0.00016204450225685204,0.00016204450225685204,0.00015873747159854897,0.0001851937168649738,0.0001851937168649738,0.0005114874084842133,0.0002645624526642483,0.0004431421082126158,0.0002645624526642483,0.0002645624526642483,0.00024251558160889424,0.0,0.0,0.00024692495581996504,0.0,0.0,0.0,0.0,0.00024251558160889424,0.0,0.0,0.00024692495581996504,0.0,0.0,0.0,0.0,0.00024251558160889424,0.0,0.0,0.00024692495581996504,0.0,0.0,0.0,0.0,0.0001058249810656993,0.00013669060054319492,0.00013669060054319492,0.00046298429216243443,0.0002160593363424694,0.00039463899189083693,0.0002160593363424694,0.0002160593363424694,0.0001058249810656993,0.00013669060054319492,0.00013669060054319492,0.00046298429216243443,0.0002160593363424694,0.00039463899189083693,0.0002160593363424694,0.0002160593363424694,0.00015432809738747814,8.818748422141608e-05,8.818748422141608e-05,0.0004144811758406556,0.00016755622002069057,0.00034613587556905814,0.00016755622002069057,0.00016755622002069057,0.000202831213709257,0.0,0.0,0.00036597805951887674,0.00011905310369891172,0.0002976327592472793,0.00011905310369891172,0.00011905310369891172,0.00024251558160889424,0.0,0.0,0.00024692495581996504,0.0,0.0,0.0,0.0,0.00024251558160889424,0.0,0.0,0.00024692495581996504,0.0,0.0,0.0,0.0,0.00024251558160889424,0.0,0.0,0.00024692495581996504,0.0,0.0,0.0,0.0,0.00024251558160889424,0.0,0.0,0.00024692495581996504,0.0,0.0,0.0,0.0,0.00018188668620667067,0.0,0.0,0.00018519371686497374,0.0,0.0,0.0,0.0,0.0008047107935204217,0.0,0.0,0.0006173123895499126,0.0,0.0,0.0,0.0,0.0008047107935204217,0.0,0.0,0.0006173123895499126,0.0,0.0,0.0,0.0,0.00037534797971740215,0.00013393474166127568,0.00013393474166127568,5.125897520369809e-05,0.00013393474166127568,0.0,0.0,0.0,0.0010527380928931544,0.0002480272993727327,0.0002480272993727327,0.0003692850901771798,0.0002480272993727327,0.0,0.0,0.0,0.0008047107935204217,0.0,0.0,0.0006173123895499126,0.0,0.0,0.0,0.0,0.0008047107935204217,0.0,0.0,0.0006173123895499126,0.0,0.0,0.0,0.0,0.00048282647611225303,0.0,0.0,0.0002215710541063079,0.0,0.0,0.0,0.0,8.047107935204217e-05,0.0,0.0,6.173123895499126e-05,0.0,0.0,0.0,0.0,0.00021054761857863087,0.0,0.0,0.0,0.0,0.0,0.0,0.0,0.00042109523715726173,0.0,0.0,0.00014771403607087195,0.0,0.0,0.0,0.0,0.0003218843174081687,0.0,0.0,0.00014771403607087195,0.0,0.0,0.0,0.0,8.047107935204217e-05,0.0,0.0,0.0,0.0,0.0,0.0,0.0,0.0003218843174081687,0.0,0.0,0.00024692495581996504,0.0,0.0,0.0,0.0,0.0003218843174081687,0.0,0.0,0.00024692495581996504,0.0,0.0,0.0,0.0
x_R02_EXIT_H,0.0,0.0010913201172400243,0.0010913201172400243,0.0014484794283367594,0.002887037764698609,0.0014484794283367594,0.001537769256110943,0.002529878453601874,0.9194729494648106,0.9197154650464195,0.9197154650464195,0.9197948337822188,-0.8870335608329859,0.9197948337822188,0.9198146759661686,0.9200351446767222,0.00024251558160889424,0.0,0.0,0.0,0.00014109997475426572,0.0,0.0,6.173123895499125e-05,0.00024251558160889424,0.0,0.0,0.0,0.00014109997475426572,0.0,0.0,6.173123895499125e-05,0.001212577908044471,0.0,0.0,9.92109197490931e-05,0.0007054998737713286,0.0,0.0,0.0003086561947749563,0.0,0.00010251795040739618,0.00010251795040739618,0.00016204450225685204,0.0004018042249838271,0.00016204450225685204,0.000176926140219216,0.00034227767313437115,0.00015873747159854897,0.0001851937168649738,0.0001851937168649738,0.0002645624526642483,0.0005842420829668815,0.0002645624526642483,0.0002844046366140669,0.000504873347167607,0.00024251558160889424,0.0,0.0,0.0,0.00014109997475426572,0.0,0.0,6.173123895499125e-05,0.00024251558160889424,0.0,0.0,0.0,0.00014109997475426572,0.0,0.0,6.173123895499125e-05,0.00024251558160889424,0.0,0.0,0.0,0.00014109997475426572,0.0,0.0,6.173123895499125e-05,0.0001058249810656993,0.00013669060054319492,0.00013669060054319492,0.0002160593363424694,0.0005357389666451026,0.0002160593363424694,0.00023590152029228804,0.0004563702308458283,0.0001058249810656993,0.00013669060054319492,0.00013669060054319492,0.0002160593363424694,0.0005357389666451026,0.0002160593363424694,0.00023590152029228804,0.0004563702308458283,0.00015432809738747814,8.818748422141608e-05,8.818748422141608e-05,0.00016755622002069057,0.0004872358503233239,0.00016755622002069057,0.0001873984039705092,0.00040786711452404944,0.000202831213709257,0.0,0.0,0.00011905310369891172,0.00043873273400154504,0.00011905310369891172,0.00013889528764873035,0.0003593639982022706,0.00024251558160889424,0.0,0.0,0.0,0.00014109997475426572,0.0,0.0,6.173123895499125e-05,0.00024251558160889424,0.0,0.0,0.0,0.00014109997475426572,0.0,0.0,6.173123895499125e-05,0.00024251558160889424,0.0,0.0,0.0,0.00014109997475426572,0.0,0.0,6.173123895499125e-05,0.00024251558160889424,0.0,0.0,0.0,0.00014109997475426572,0.0,0.0,6.173123895499125e-05,0.00018188668620667067,0.0,0.0,0.0,0.0001058249810656993,0.0,0.0,0.0,0.0008543162533949682,0.0,0.0003968436789963724,0.0,0.0007495936158820367,0.0,0.0,0.0,0.0008543162533949682,0.0,8.818748422141607e-05,0.0,0.00026456245266424824,0.0,0.0,0.0,0.00024141323805612652,0.0,0.00013393474166127568,0.0,0.00023975972272697493,0.0,0.0,0.0,0.0008047107935204217,0.0,0.0004464491388709189,0.0,0.0007991990757565832,0.0,0.0,0.0,0.0014054880297788186,0.0005511717763838505,0.00015432809738747814,0.000600777236258397,0.0001984218394981862,0.0,0.0,0.0,0.0015377692561109426,0.0006834530027159746,0.00028660932371960224,0.0007330584625905212,6.614061316606205e-05,0.0,0.0,0.0,0.0005125897520369809,0.0,0.0002381062073978234,0.0,0.00015873747159854894,0.0,0.0,0.0,8.543162533949682e-05,0.0,0.0,0.0,0.0,0.0,0.0,0.0,0.00016094215870408434,0.0,7.936873579927449e-05,0.0,0.00014991872317640737,0.0,0.0,0.0,0.0003218843174081687,0.0,0.00015873747159854897,0.0,0.00029983744635281474,0.0,0.0,0.0,0.0003417265013579873,0.0,0.00015873747159854897,0.0,0.0,0.0,0.0,0.0,0.00013393474166127568,0.0,0.0,0.0,0.0,0.0,0.0,0.0,0.0005357389666451027,0.0001940124652871154,0.0,0.00021385464923693405,0.0,0.0,0.0,0.0,0.0005357389666451027,0.0001940124652871154,0.0,0.00021385464923693405,0.0,0.0,0.0,0.0
x_R02_EXIT_A,0.0,0.0010913201172400243,0.0010913201172400243,0.002252087878304413,0.0014484794283367594,0.004563702308458282,0.0014484794283367594,0.0014484794283367594,0.9194729494648106,0.9197154650464195,0.9197154650464195,0.9199734134377672,0.9197948337822188,-0.8855757815173593,0.9197948337822188,0.9197948337822188,0.00024251558160889424,0.0,0.0,0.0001785796555483676,0.0,0.0001774773119955999,0.0,0.0,0.00024251558160889424,0.0,0.0,0.0001785796555483676,0.0,0.0001774773119955999,0.0,0.0,0.001212577908044471,0.0,0.0,0.0008928982777418378,0.0,0.0008873865599779993,0.0,0.0,0.0,0.00010251795040739618,0.00010251795040739618,0.0002959792439181277,0.00016204450225685204,0.0006812483156104392,0.00016204450225685204,0.00016204450225685204,0.00015873747159854897,0.0001851937168649738,0.0001851937168649738,0.0004431421082126158,0.0002645624526642483,0.0009568342038023645,0.0002645624526642483,0.0002645624526642483,0.00024251558160889424,0.0,0.0,0.0001785796555483676,0.0,0.0001774773119955999,0.0,0.0,0.00024251558160889424,0.0,0.0,0.0001785796555483676,0.0,0.0001774773119955999,0.0,0.0,0.00024251558160889424,0.0,0.0,0.0001785796555483676,0.0,0.0001774773119955999,0.0,0.0,0.0001058249810656993,0.00013669060054319492,0.00013669060054319492,0.00039463899189083693,0.0002160593363424694,0.0009083310874805856,0.0002160593363424694,0.0002160593363424694,0.0001058249810656993,0.00013669060054319492,0.00013669060054319492,0.00039463899189083693,0.0002160593363424694,0.0009083310874805856,0.0002160593363424694,0.0002160593363424694,0.00015432809738747814,8.818748422141608e-05,8.818748422141608e-05,0.00034613587556905814,0.00016755622002069057,0.0008598279711588068,0.00016755622002069057,0.00016755622002069057,0.000202831213709257,0.0,0.0,0.0002976327592472793,0.00011905310369891172,0.000811324854837028,0.00011905310369891172,0.00011905310369891172,0.00024251558160889424,0.0,0.0,0.0001785796555483676,0.0,0.0001774773119955999,0.0,0.0,0.00024251558160889424,0.0,0.0,0.0001785796555483676,0.0,0.0001774773119955999,0.0,0.0,0.00024251558160889424,0.0,0.0,0.0001785796555483676,0.0,0.0001774773119955999,0.0,0.0,0.00024251558160889424,0.0,0.0,0.0001785796555483676,0.0,0.0001774773119955999,0.0,0.0,0.00018188668620667067,0.0,0.0,0.00013393474166127568,0.0,0.0001331079839966999,0.0,0.0,0.0008047107935204217,0.0,0.0,0.0004464491388709189,0.0,0.00044369327998899965,0.0,0.0,0.0008047107935204217,0.0,0.0,0.0004464491388709189,0.0,0.00044369327998899965,0.0,0.0,0.0005047355542235111,0.0002633223161673846,0.0002633223161673846,0.0001293875745061089,0.0002633223161673846,0.00025588149718620254,0.0001227735131895027,0.0001227735131895027,0.0010527380928931544,0.0002480272993727327,0.0002480272993727327,0.0001984218394981862,0.0002480272993727327,0.00044369327998899965,0.0,0.0,0.0008047107935204217,0.0,0.0,0.0004464491388709189,0.0,0.00044369327998899965,0.0,0.0,0.0008047107935204217,0.0,0.0,0.0004464491388709189,0.0,0.00044369327998899965,0.0,0.0,0.00048282647611225303,0.0,0.0,0.0001190531036989117,0.0,0.0002662159679933998,0.0,0.0,8.047107935204217e-05,0.0,0.0,0.0,0.0,0.0,0.0,0.0,0.00029239662737163267,8.184900879300182e-05,8.184900879300182e-05,0.00024058648039155077,8.184900879300182e-05,0.0,8.184900879300182e-05,8.184900879300182e-05,0.00042109523715726173,0.0,0.0,7.936873579927449e-05,0.0,0.0,0.0,0.0,0.0003218843174081687,0.0,0.0,7.936873579927449e-05,0.0,0.0001774773119955999,0.0,0.0,8.047107935204217e-05,0.0,0.0,0.0,0.0,0.0,0.0,0.0,0.0003218843174081687,0.0,0.0,0.0001785796555483676,0.0,0.0001774773119955999,0.0,0.0,0.0003218843174081687,0.0,0.0,0.0001785796555483676,0.0,0.0001774773119955999,0.0,0.0
x_R02_EXIT_F,0.0,0.0010913201172400243,0.0010913201172400243,0.0014484794283367594,0.001537769256110943,0.0014484794283367594,0.003799778226390266,0.001537769256110943,0.9194729494648106,0.9197154650464195,0.9197154650464195,0.9197948337822188,0.9198146759661686,0.9197948337822188,-0.8879159168140678,0.9198146759661686,0.00024251558160889424,0.0,0.0,0.0,0.0,0.00016755622002069057,0.0005026686600620718,0.0,0.00024251558160889424,0.0,0.0,0.0,0.0,0.00016755622002069057,0.0005026686600620718,0.0,0.001212577908044471,0.0,0.0,9.92109197490931e-05,0.0,0.0008377811001034529,0.002513343300310359,0.0,0.0,0.00010251795040739618,0.00010251795040739618,0.00016204450225685204,0.000176926140219216,0.00016204450225685204,0.0005539276352657698,0.000176926140219216,0.00015873747159854897,0.0001851937168649738,0.0001851937168649738,0.0002645624526642483,0.0002844046366140669,0.0002645624526642483,0.0007870732966761386,0.0002844046366140669,0.00024251558160889424,0.0,0.0,0.0,0.0,0.00016755622002069057,0.0005026686600620718,0.0,0.00024251558160889424,0.0,0.0,0.0,0.0,0.00016755622002069057,0.0005026686600620718,0.0,0.00024251558160889424,0.0,0.0,0.0,0.0,0.00016755622002069057,0.0005026686600620718,0.0,0.0001058249810656993,0.00013669060054319492,0.00013669060054319492,0.0002160593363424694,0.00023590152029228804,0.0002160593363424694,0.0007385701803543598,0.00023590152029228804,0.0001058249810656993,0.00013669060054319492,0.00013669060054319492,0.0002160593363424694,0.00023590152029228804,0.0002160593363424694,0.0007385701803543598,0.00023590152029228804,0.00015432809738747814,8.818748422141608e-05,8.818748422141608e-05,0.00016755622002069057,0.0001873984039705092,0.00016755622002069057,0.0006900670640325809,0.0001873984039705092,0.000202831213709257,0.0,0.0,0.00011905310369891172,0.00013889528764873035,0.00011905310369891172,0.0006415639477108022,0.00013889528764873035,0.00024251558160889424,0.0,0.0,0.0,0.0,0.00016755622002069057,0.0005026686600620718,0.0,0.00024251558160889424,0.0,0.0,0.0,0.0,0.00016755622002069057,0.0005026686600620718,0.0,0.00024251558160889424,0.0,0.0,0.0,0.0,0.00016755622002069057,0.0005026686600620718,0.0,0.00024251558160889424,0.0,0.0,0.0,0.0,0.00016755622002069057,0.0005026686600620718,0.0,0.00018188668620667067,0.0,0.0,0.0,0.0,0.0001256671650155179,0.0003770014950465538,0.0,0.0012732068034466944,0.00041889055005172644,0.00041889055005172644,0.00046849600992627296,0.00041889055005172644,0.0,0.0008377811001034529,0.00041889055005172644,0.0016480036113877133,0.0007936873579927448,0.0,0.0008432928178672913,0.0,0.00041889055005172644,0.00041889055005172633,0.0,0.00024141323805612652,0.0,0.0,0.0,0.0,0.0,5.125897520369809e-05,0.0,0.0008047107935204217,0.0,0.0,0.0,0.0,0.0,0.00017086325067899367,0.0,0.0008543162533949682,0.0,0.0,0.0,0.0,0.0,0.00017086325067899367,0.0,0.0008543162533949682,0.0,0.0,0.0,0.0,0.0,0.00017086325067899367,0.0,0.0007506959594348043,0.0002381062073978234,0.0002381062073978234,0.0,8.928982777418377e-05,0.0,0.00016204450225685204,0.0,0.0001796819991011353,9.425037376163843e-05,0.0,9.92109197490931e-05,0.0,0.0,0.0,0.0,0.00016094215870408434,7.936873579927449e-05,7.936873579927449e-05,0.0,7.936873579927449e-05,0.0,0.0,0.0,0.0003218843174081687,0.00015873747159854897,0.00015873747159854897,0.0,0.00015873747159854897,0.0,6.834530027159747e-05,0.0,0.0005004639729565362,0.00015873747159854897,0.00015873747159854897,0.0,0.0,0.0,0.0,0.0,8.543162533949682e-05,0.0,0.0,0.0,0.0,0.0,0.0,0.0,0.0003417265013579873,0.0,0.0,0.0,0.0,0.0,6.834530027159747e-05,0.0,0.0003417265013579873,0.0,0.0,0.0,0.0,0.0,6.834530027159747e-05,0.0
x_R02_EXIT_B,0.0,0.0010913201172400243,0.0010913201172400243,0.0014484794283367594,0.002529878453601874,0.0014484794283367594,0.001537769256110943,0.006270130128142684,0.9194729494648106,0.9197154650464195,0.9197154650464195,0.9197948337822188,0.9200351446767222,0.9197948337822188,0.9198146759661686,-0.8812175556209731,0.00024251558160889424,0.0,0.0,0.0,6.173123895499125e-05,0.0,0.0,0.0008928982777418379,0.00024251558160889424,0.0,0.0,0.0,6.173123895499125e-05,0.0,0.0,0.0008928982777418379,0.001212577908044471,0.0,0.0,9.92109197490931e-05,0.0003086561947749563,0.0,0.0,0.004464491388709189,0.0,0.00010251795040739618,0.00010251795040739618,0.00016204450225685204,0.00034227767313437115,0.00016204450225685204,0.000176926140219216,0.0009656529522245061,0.00015873747159854897,0.0001851937168649738,0.0001851937168649738,0.0002645624526642483,0.000504873347167607,0.0002645624526642483,0.0002844046366140669,0.0013360403859544537,0.00024251558160889424,0.0,0.0,0.0,6.173123895499125e-05,0.0,0.0,0.0008928982777418379,0.00024251558160889424,0.0,0.0,0.0,6.173123895499125e-05,0.0,0.0,0.0008928982777418379,0.00024251558160889424,0.0,0.0,0.0,6.173123895499125e-05,0.0,0.0,0.0008928982777418379,0.0001058249810656993,0.00013669060054319492,0.00013669060054319492,0.0002160593363424694,0.0004563702308458283,0.0002160593363424694,0.00023590152029228804,0.0012875372696326748,0.0001058249810656993,0.00013669060054319492,0.00013669060054319492,0.0002160593363424694,0.0004563702308458283,0.0002160593363424694,0.00023590152029228804,0.0012875372696326748,0.00015432809738747814,8.818748422141608e-05,8.818748422141608e-05,0.00016755622002069057,0.00040786711452404944,0.00016755622002069057,0.0001873984039705092,0.001239034153310896,0.000202831213709257,0.0,0.0,0.00011905310369891172,0.0003593639982022706,0.00011905310369891172,0.00013889528764873035,0.0011905310369891172,0.00024251558160889424,0.0,0.0,0.0,6.173123895499125e-05,0.0,0.0,0.0008928982777418379,0.00024251558160889424,0.0,0.0,0.0,6.173123895499125e-05,0.0,0.0,0.0008928982777418379,0.00024251558160889424,0.0,0.0,0.0,6.173123895499125e-05,0.0,0.0,0.0008928982777418379,0.00024251558160889424,0.0,0.0,0.0,6.173123895499125e-05,0.0,0.0,0.0008928982777418379,0.00018188668620667067,0.0,0.0,0.0,0.0,0.0,0.0,0.0006696737083063784,0.0008543162533949682,0.0,0.0003968436789963724,0.0,0.0005511717763838505,0.0,0.0,0.0012594275090370985,0.0008543162533949682,0.0,8.818748422141607e-05,0.0,6.614061316606205e-05,0.0,0.0,0.0012594275090370985,0.00024141323805612652,0.0,0.00013393474166127568,0.0,0.00018023317087751908,0.0,0.0,0.00037782825271112945,0.0008047107935204217,0.0,0.0004464491388709189,0.0,0.000600777236258397,0.0,0.0,0.0012594275090370985,0.0018147330737438277,0.0009604168203488595,0.000563573141352487,0.0010100222802234059,0.000409245043965009,0.000409245043965009,0.000409245043965009,0.0016686725530021074,0.0014054880297788186,0.0005511717763838505,0.00015432809738747814,0.000600777236258397,0.0,0.0,0.0,0.0,0.0005125897520369809,0.0,0.0002381062073978234,0.0,0.0,0.0,0.0,0.0007556565054222589,8.543162533949682e-05,0.0,0.0,0.0,0.0,0.0,0.0,0.00012594275090370985,0.00016094215870408434,0.0,7.936873579927449e-05,0.0,0.00011023435527677012,0.0,0.0,0.0002518855018074197,0.0003218843174081687,0.0,0.00015873747159854897,0.0,0.00022046871055354025,0.0,0.0,0.0005037710036148394,0.0003417265013579873,0.0,0.00015873747159854897,0.0,0.0,0.0,0.0,0.0005037710036148394,0.00013393474166127568,0.0,0.0,0.0,0.0,0.0,0.0,0.00012594275090370985,0.0006994369842311063,0.00035771048287311906,0.00019897301127457006,0.00037755266682293765,0.00016369801758600363,0.00016369801758600363,0.00016369801758600363,0.0003400729860288358,0.0005357389666451027,0.0001940124652871154,0.0,0.00021385464923693405,0.0,0.0,0.0,0.0
x_R03_EXIT_C,7.936873579927447e-05,0.0018056387394334945,0.0031152228801215234,0.0010913201172400243,0.0010913201172400243,0.0010913201172400243,0.0010913201172400243,0.0010913201172400243,0.0,0.0004012530532074432,0.0006922717511381162,0.00024251558160889424,0.00024251558160889424,0.00024251558160889424,0.00024251558160889424,0.00024251558160889424,-0.8910236039827476,0.919684599426942,0.9193935807290113,0.919684599426942,0.9195258619553435,0.919684599426942,0.919684599426942,0.9195258619553435,0.0007099092479823993,0.0002910186979306731,0.0,0.0002910186979306731,0.00013228122633212412,0.0002910186979306731,0.0002910186979306731,0.00013228122633212412,0.002094452750258632,0.0,0.0014550934896533653,0.0,0.0007936873579927448,0.0,0.0,0.0007936873579927448,5.6219521191152754e-05,0.0002215710541063079,0.0004398350775543127,0.00010251795040739618,0.00010251795040739618,0.00010251795040739618,0.00010251795040739618,0.00010251795040739618,0.0,0.0003439311884635227,0.0006349498863941957,0.0001851937168649738,0.0001851937168649738,0.0001851937168649738,0.0001851937168649738,0.0001851937168649738,0.0006746342542938329,0.0002557437042421067,0.0,0.0002557437042421067,9.700623264355767e-05,0.0002557437042421067,0.0002557437042421067,9.700623264355767e-05,0.0006746342542938329,0.0002557437042421067,0.0,0.0002557437042421067,9.700623264355767e-05,0.0002557437042421067,0.0002557437042421067,9.700623264355767e-05,0.0006481780090274081,0.00022928745897568184,0.0,0.00022928745897568184,7.054998737713286e-05,0.00022928745897568184,0.00022928745897568184,7.054998737713286e-05,0.00012346247790998252,0.0002954280721417439,0.000586446770072417,0.00013669060054319492,0.00013669060054319492,0.00013669060054319492,0.00013669060054319492,0.00013669060054319492,0.00012346247790998252,0.0002954280721417439,0.000586446770072417,0.00013669060054319492,0.00013669060054319492,0.00013669060054319492,0.00013669060054319492,0.00013669060054319492,0.00017196559423176134,0.00024692495581996504,0.0005379436537506381,8.818748422141608e-05,8.818748422141608e-05,8.818748422141608e-05,8.818748422141608e-05,8.818748422141608e-05,0.00022046871055354022,0.0001984218394981862,0.0004894405374288593,0.0,0.0,0.0,0.0,0.0,0.0005952655184945585,0.0001763749684428322,0.0001146437294878409,0.0001763749684428322,0.0,0.0001763749684428322,0.0001763749684428322,0.0,0.0006217217637609833,0.00020283121370925702,8.818748422141608e-05,0.00020283121370925702,0.0,0.00020283121370925702,0.00020283121370925702,0.0,0.0006481780090274081,0.00022928745897568184,6.173123895499126e-05,0.00022928745897568184,7.054998737713286e-05,0.00022928745897568184,0.00022928745897568184,7.054998737713286e-05,0.0006481780090274081,0.00022928745897568184,6.173123895499126e-05,0.00022928745897568184,7.054998737713286e-05,0.00022928745897568184,0.00022928745897568184,7.054998737713286e-05,0.0004861335067705561,0.00017196559423176132,0.0,0.00017196559423176132,5.291249053284965e-05,0.00017196559423176132,0.00017196559423176132,5.291249053284965e-05,0.0006503826961329435,0.0,0.00033070306583031034,0.0,0.0,0.0,0.0,0.0,0.0006503826961329435,0.0,0.00033070306583031034,0.0,0.0,0.0,0.0,0.0,0.00019511480883988307,0.0,9.92109197490931e-05,0.0,0.0,0.0,0.0,0.0,0.0006503826961329435,0.0,0.00033070306583031034,0.0,0.0,0.0,0.0,0.0,0.0006503826961329435,0.0,0.00033070306583031034,0.0,0.0,0.0,0.0,0.0,0.0006503826961329435,0.0,0.00033070306583031034,0.0,0.0,0.0,0.0,0.0,0.00039022961767976613,0.0,0.0001984218394981862,0.0,0.0,0.0,0.0,0.0,6.503826961329436e-05,0.0,0.0,0.0,0.0,0.0,0.0,0.0,0.00013007653922658872,0.0,6.614061316606206e-05,0.0,0.0,0.0,0.0,0.0,0.00026015307845317744,0.0,0.00013228122633212412,0.0,0.0,0.0,0.0,0.0,0.00026015307845317744,0.0,0.00013228122633212412,0.0,0.0,0.0,0.0,0.0,6.503826961329436e-05,0.0,0.0,0.0,0.0,0.0,0.0,0.0,0.00026015307845317744,0.0,0.00013228122633212412,0.0,0.0,0.0,0.0,0.0,0.00026015307845317744,0.0,0.00013228122633212412,0.0,0.0,0.0,0.0,0.0
x_R03_EXIT_D,0.0,0.0004563702308458282,0.0013095841406880289,0.0,0.0,0.0,0.0,0.0,0.0,0.0001014156068546285,0.0002910186979306731,0.0,0.0,0.0,0.0,0.0,0.919684599426942,-0.8982139311596217,0.9193935807290113,0.919684599426942,0.9195258619553435,0.919684599426942,0.919684599426942,0.9195258619553435,0.0002910186979306731,0.0003924343047853016,0.0,0.0002910186979306731,0.00013228122633212412,0.0002910186979306731,0.0002910186979306731,0.00013228122633212412,0.0001873984039705092,0.0,0.0016424918936238744,0.0001873984039705092,0.0009810857619632538,0.0001873984039705092,0.0001873984039705092,0.0009810857619632538,0.0,7.606170514097137e-05,0.00021826402344800476,0.0,0.0,0.0,0.0,0.0,0.0,0.0001014156068546285,0.0002910186979306731,0.0,0.0,0.0,0.0,0.0,0.0002557437042421067,0.00035715931109673514,0.0,0.0002557437042421067,9.700623264355767e-05,0.0002557437042421067,0.0002557437042421067,9.700623264355767e-05,0.0002557437042421067,0.00035715931109673514,0.0,0.0002557437042421067,9.700623264355767e-05,0.0002557437042421067,0.0002557437042421067,9.700623264355767e-05,0.00022928745897568184,0.00033070306583031034,0.0,0.00022928745897568184,7.054998737713286e-05,0.00022928745897568184,0.00022928745897568184,7.054998737713286e-05,0.0,0.0001014156068546285,0.0002910186979306731,0.0,0.0,0.0,0.0,0.0,0.0,0.0001014156068546285,0.0002910186979306731,0.0,0.0,0.0,0.0,0.0,0.0,0.0001014156068546285,0.0002910186979306731,0.0,0.0,0.0,0.0,0.0,0.0,0.0001014156068546285,0.0002910186979306731,0.0,0.0,0.0,0.0,0.0,0.0001763749684428322,0.0002777905752974607,0.0001146437294878409,0.0001763749684428322,0.0,0.0001763749684428322,0.0001763749684428322,0.0,0.00020283121370925702,0.0003042468205638855,8.818748422141608e-05,0.00020283121370925702,0.0,0.00020283121370925702,0.00020283121370925702,0.0,0.00022928745897568184,0.00033070306583031034,6.173123895499126e-05,0.00022928745897568184,7.054998737713286e-05,0.00022928745897568184,0.00022928745897568184,7.054998737713286e-05,0.00022928745897568184,0.00033070306583031034,6.173123895499126e-05,0.00022928745897568184,7.054998737713286e-05,0.00022928745897568184,0.00022928745897568184,7.054998737713286e-05,0.00017196559423176132,0.00024802729937273266,0.0,0.00017196559423176132,5.291249053284965e-05,0.00017196559423176132,0.00017196559423176132,5.291249053284965e-05,0.0,0.0002535390171365712,0.00033070306583031034,0.0,0.0,0.0,0.0,0.0,0.0,0.0002535390171365712,0.00033070306583031034,0.0,0.0,0.0,0.0,0.0,0.0,7.606170514097137e-05,9.92109197490931e-05,0.0,0.0,0.0,0.0,0.0,0.0,0.0002535390171365712,0.00033070306583031034,0.0,0.0,0.0,0.0,0.0,0.0,0.0002535390171365712,0.00033070306583031034,0.0,0.0,0.0,0.0,0.0,0.0,0.0002535390171365712,0.00033070306583031034,0.0,0.0,0.0,0.0,0.0,0.0,0.00015212341028194274,0.0001984218394981862,0.0,0.0,0.0,0.0,0.0,0.0,0.0,0.0,0.0,0.0,0.0,0.0,0.0,0.0,5.070780342731425e-05,6.614061316606206e-05,0.0,0.0,0.0,0.0,0.0,0.0,0.0001014156068546285,0.00013228122633212412,0.0,0.0,0.0,0.0,0.0,0.0,0.0001014156068546285,0.00013228122633212412,0.0,0.0,0.0,0.0,0.0,0.0,0.0,0.0,0.0,0.0,0.0,0.0,0.0,0.0,0.0001014156068546285,0.00013228122633212412,0.0,0.0,0.0,0.0,0.0,0.0,0.0001014156068546285,0.00013228122633212412,0.0,0.0,0.0,0.0,0.0
x_R03_EXIT_E,0.0,0.0,7.936873579927447e-05,0.0,0.0,0.0,0.0,0.0,0.0,0.0,0.0,0.0,0.0,0.0,0.0,0.0,0.9193935807290113,0.9193935807290113,-0.9163134521491507,0.9193935807290113,0.9193935807290113,0.9193935807290113,0.9193935807290113,0.9193935807290113,0.0,0.0,0.0,0.0,0.0,0.0,0.0,0.0,0.0,0.0,8.818748422141607e-05,0.0,0.0,0.0,0.0,0.0,0.0,0.0,0.0,0.0,0.0,0.0,0.0,0.0,0.0,0.0,0.0,0.0,0.0,0.0,0.0,0.0,0.0,0.0,0.0,0.0,0.0,0.0,0.0,0.0,0.0,0.0,0.0,0.0,0.0,0.0,0.0,0.0,0.0,0.0,0.0,0.0,0.0,0.0,0.0,0.0,0.0,0.0,0.0,0.0,0.0,0.0,0.0,0.0,0.0,0.0,0.0,0.0,0.0,0.0,0.0,0.0,0.0,0.0,0.0,0.0,0.0,0.0,0.0,0.0,0.0,0.0,0.0,0.0,0.0,0.0,0.0,0.0,0.0,0.0,0.0,0.0,0.0,0.0,0.0,0.0,0.0,0.0,0.0,0.0,0.0,0.0,0.0,0.0,0.0,0.0,0.0,0.0,0.0,0.0,0.0,0.0,0.0,0.0,0.0,0.0,0.0,0.0,0.0,0.0,0.0,0.0,0.0,0.0,0.0,0.0,0.0,0.0,0.0,0.0,0.0,0.0,0.0,0.0,0.0,0.0,0.0,0.0,0.0,0.0,0.0,0.0,0.0,0.0,0.0,0.0,0.0,0.0,0.0,0.0,0.0,0.0,0.0,0.0,0.0,0.0,0.0,0.0,0.0,0.0,0.0,0.0,0.0,0.0,0.0,0.0,0.0,0.0,0.0,0.0,0.0,0.0,0.0,0.0,0.0,0.0,0.0,0.0,0.0,0.0,0.0,0.0,0.0,0.0,0.0,0.0,0.0,0.0,0.0,0.0,0.0,0.0,0.0,0.0,0.0,0.0,0.0,0.0,0.0,0.0,0.0,0.0,0.0,0.0,0.0,0.0,0.0,0.0,0.0,0.0,0.0,0.0,0.0,0.0,0.0,0.0,0.0,0.0,0.0,0.0,0.0,0.0,0.0,0.0,0.0,0.0,0.0,0.0,0.0,0.0,0.0,0.0,0.0,0.0,0.0,0.0,0.0,0.0,0.0,0.0
x_R03_EXIT_G,0.0,0.0,0.0013095841406880289,0.0011111623011898428,8.928982777418378e-05,0.0008036084499676541,8.928982777418378e-05,8.928982777418378e-05,0.0,0.0,0.0002910186979306731,0.00024692495581996504,0.0,0.0001785796555483676,0.0,0.0,0.919684599426942,0.919684599426942,0.9193935807290113,-0.8900111714624391,0.9195258619553435,0.9197639681627413,0.9197639681627413,0.9195258619553435,0.0002910186979306731,0.0002910186979306731,0.0,0.0006371545734997311,0.00013228122633212412,0.00037038743372994754,0.00037038743372994754,0.00013228122633212412,0.0,0.0,0.0014550934896533653,0.0017306793778452906,0.0007936873579927448,0.0003968436789963724,0.0003968436789963724,0.0007936873579927448,0.0,0.0,0.00021826402344800476,0.00018519371686497374,0.0,0.00013393474166127568,0.0,0.0,0.0,0.0,0.0002910186979306731,0.00024692495581996504,0.0,0.0001785796555483676,0.0,0.0,0.0002557437042421067,0.0002557437042421067,0.0,0.0006018795798111646,9.700623264355767e-05,0.0003351124400413811,0.0003351124400413811,9.700623264355767e-05,0.0002557437042421067,0.0002557437042421067,0.0,0.0006018795798111646,9.700623264355767e-05,0.0003351124400413811,0.0003351124400413811,9.700623264355767e-05,0.00022928745897568184,0.00022928745897568184,0.0,0.0005754233345447398,7.054998737713286e-05,0.0003086561947749563,0.0003086561947749563,7.054998737713286e-05,0.0,0.0,0.0002910186979306731,0.00024692495581996504,0.0,0.0001785796555483676,0.0,0.0,0.0,0.0,0.0002910186979306731,0.00024692495581996504,0.0,0.0001785796555483676,0.0,0.0,0.0,0.0,0.0002910186979306731,0.00024692495581996504,0.0,0.0001785796555483676,0.0,0.0,0.0,0.0,0.0002910186979306731,0.00024692495581996504,0.0,0.0001785796555483676,0.0,0.0,0.0001763749684428322,0.0001763749684428322,0.0001146437294878409,0.0005225108440118903,0.0,0.00025574370424210664,0.00025574370424210664,0.0,0.00020283121370925702,0.00020283121370925702,8.818748422141608e-05,0.0005489670892783151,0.0,0.00028219994950853144,0.00028219994950853144,0.0,0.00022928745897568184,0.00022928745897568184,6.173123895499126e-05,0.0005754233345447398,7.054998737713286e-05,0.0003086561947749563,0.0003086561947749563,7.054998737713286e-05,0.00022928745897568184,0.00022928745897568184,6.173123895499126e-05,0.0005754233345447398,7.054998737713286e-05,0.0003086561947749563,0.0003086561947749563,7.054998737713286e-05,0.00017196559423176132,0.00017196559423176132,0.0,0.000431567500908555,5.291249053284965e-05,0.0002314921460812172,0.0002314921460812172,5.291249053284965e-05,0.0,0.0001984218394981862,0.00033070306583031034,0.000666917849424459,0.0,0.0,0.0,0.0,0.0,0.0001984218394981862,0.00033070306583031034,0.000666917849424459,0.0,0.0,0.0,0.0,0.00013393474166127568,0.00020834293147309547,0.00024802729937273266,5.125897520369809e-05,0.00014881637962363962,0.0,0.0,0.0,0.0002480272993727327,0.0004960545987454654,0.0006283358250775895,0.0003692850901771798,0.0002976327592472793,0.0,0.0,0.0,0.0,0.0001984218394981862,0.00033070306583031034,0.000666917849424459,0.0,0.0,0.0,0.0,0.0,0.0001984218394981862,0.00033070306583031034,0.000666917849424459,0.0,0.0,0.0,0.0,0.0,0.0001190531036989117,0.0001984218394981862,0.0002215710541063079,0.0,0.0,0.0,0.0,0.0,0.0,0.0,6.669178494244592e-05,0.0,0.0,0.0,0.0,0.0,0.0,6.614061316606206e-05,0.0,0.0,0.0,0.0,0.0,9.921091974909311e-05,7.936873579927449e-05,0.00013228122633212412,0.00014771403607087195,0.0,0.0,0.0,0.0,0.0,7.936873579927449e-05,0.00013228122633212412,0.00014771403607087195,0.0,0.0,0.0,0.0,0.0,0.0,0.0,0.0,0.0,0.0,0.0,0.0,0.0,7.936873579927449e-05,0.00013228122633212412,0.0002667671397697837,0.0,0.0,0.0,0.0,0.0,7.936873579927449e-05,0.00013228122633212412,0.0002667671397697837,0.0,0.0,0.0,0.0
x_R03_EXIT_H,0.0,0.0,0.0005952655184945585,0.0,0.0006349498863941958,0.0,0.0,0.00027779057529746064,0.0,0.0,0.00013228122633212412,0.0,0.00014109997475426572,0.0,0.0,6.173123895499125e-05,0.9195258619553435,0.9195258619553435,0.9193935807290113,0.9195258619553435,-0.8907013989060943,0.9195258619553435,0.9195258619553435,0.919622868187987,0.00013228122633212412,0.00013228122633212412,0.0,0.00013228122633212412,0.0003086561947749563,0.00013228122633212412,0.00013228122633212412,0.0002292874589756818,0.0,0.0,0.0006614061316606207,0.0,0.0008818748422141608,0.0,0.0,0.00048503116321778843,0.0,0.0,9.92109197490931e-05,0.0,0.0001058249810656993,0.0,0.0,0.0,0.0,0.0,0.00013228122633212412,0.0,0.00014109997475426572,0.0,0.0,6.173123895499125e-05,9.700623264355767e-05,9.700623264355767e-05,0.0,9.700623264355767e-05,0.00027338120108638984,9.700623264355767e-05,9.700623264355767e-05,0.00019401246528711537,9.700623264355767e-05,9.700623264355767e-05,0.0,9.700623264355767e-05,0.00027338120108638984,9.700623264355767e-05,9.700623264355767e-05,0.00019401246528711537,7.054998737713286e-05,7.054998737713286e-05,0.0,7.054998737713286e-05,0.00024692495581996504,7.054998737713286e-05,7.054998737713286e-05,0.00016755622002069054,0.0,0.0,0.00013228122633212412,0.0,0.00014109997475426572,0.0,0.0,6.173123895499125e-05,0.0,0.0,0.00013228122633212412,0.0,0.00014109997475426572,0.0,0.0,6.173123895499125e-05,0.0,0.0,0.00013228122633212412,0.0,0.00014109997475426572,0.0,0.0,6.173123895499125e-05,0.0,0.0,0.00013228122633212412,0.0,0.00014109997475426572,0.0,0.0,6.173123895499125e-05,0.0,0.0,0.0001146437294878409,0.0,0.00019401246528711537,0.0,0.0,0.0001146437294878409,0.0,0.0,8.818748422141608e-05,0.0,0.00022046871055354022,0.0,0.0,0.00014109997475426572,7.054998737713286e-05,7.054998737713286e-05,6.173123895499126e-05,7.054998737713286e-05,0.00024692495581996504,7.054998737713286e-05,7.054998737713286e-05,0.00016755622002069054,7.054998737713286e-05,7.054998737713286e-05,6.173123895499126e-05,7.054998737713286e-05,0.00024692495581996504,7.054998737713286e-05,7.054998737713286e-05,0.00016755622002069054,5.291249053284965e-05,5.291249053284965e-05,0.0,5.291249053284965e-05,0.00018519371686497377,5.291249053284965e-05,5.291249053284965e-05,0.0001256671650155179,0.0,0.0,0.0004188905500517264,0.0,0.0003527499368856643,0.0,0.0,0.0,0.0,0.0,0.0005070780342731424,0.0,0.00026456245266424824,0.0,0.0,0.0,0.0,0.0,0.00012566716501551792,0.0,0.0001058249810656993,0.0,0.0,0.0,0.0,0.0,0.0004188905500517264,0.0,0.0003527499368856643,0.0,0.0,0.0,0.00015432809738747814,0.00015432809738747814,0.0005732186474392046,0.00015432809738747814,0.0001984218394981862,0.0,0.0,0.0,0.00028660932371960224,0.00028660932371960224,0.0007054998737713286,0.00028660932371960224,6.614061316606205e-05,0.0,0.0,0.0,0.0,0.0,0.00025133433003103584,0.0,0.00015873747159854894,0.0,0.0,0.0,0.0,0.0,5.070780342731424e-05,0.0,0.0,0.0,0.0,0.0,0.0,0.0,8.377811001034527e-05,0.0,7.054998737713286e-05,0.0,0.0,0.0,0.0,0.0,0.00016755622002069054,0.0,0.00014109997475426572,0.0,0.0,0.0,0.0,0.0,0.00016755622002069054,0.0,0.0,0.0,0.0,0.0,0.0,0.0,5.070780342731424e-05,0.0,0.0,0.0,0.0,0.0,0.0,0.0,0.00020283121370925697,0.0,0.0,0.0,0.0,0.0,0.0,0.0,0.00020283121370925697,0.0,0.0,0.0,0.0,0.0
x_R03_EXIT_A,0.0,0.0,0.0013095841406880289,0.0,0.0,0.0007986479039801995,0.0007540029900931075,0.0,0.0,0.0,0.0002910186979306731,0.0,0.0,0.0001774773119955999,0.00016755622002069057,0.0,0.919684599426942,0.919684599426942,0.9193935807290113,0.9197639681627413,0.9195258619553435,-0.8839204421363535,0.919931524382762,0.9195258619553435,0.0002910186979306731,0.0002910186979306731,0.0,0.00037038743372994754,0.00013228122633212412,0.001121083393164752,0.0005379436537506381,0.00013228122633212412,0.0,0.0,0.0014550934896533653,0.0003968436789963724,0.0007936873579927448,0.004150323476170394,0.0012346247790998252,0.0007936873579927448,0.0,0.0,0.00021826402344800476,0.0,0.0,0.0001331079839966999,0.0001256671650155179,0.0,0.0,0.0,0.0002910186979306731,0.0,0.0,0.0001774773119955999,0.00016755622002069057,0.0,0.0002557437042421067,0.0002557437042421067,0.0,0.0003351124400413811,9.700623264355767e-05,0.0010858083994761856,0.0005026686600620717,9.700623264355767e-05,0.0002557437042421067,0.0002557437042421067,0.0,0.0003351124400413811,9.700623264355767e-05,0.0010858083994761856,0.0005026686600620717,9.700623264355767e-05,0.00022928745897568184,0.00022928745897568184,0.0,0.0003086561947749563,7.054998737713286e-05,0.0010593521542097606,0.00047621241479564683,7.054998737713286e-05,0.0,0.0,0.0002910186979306731,0.0,0.0,0.0001774773119955999,0.00016755622002069057,0.0,0.0,0.0,0.0002910186979306731,0.0,0.0,0.0001774773119955999,0.00016755622002069057,0.0,0.0,0.0,0.0002910186979306731,0.0,0.0,0.0001774773119955999,0.00016755622002069057,0.0,0.0,0.0,0.0002910186979306731,0.0,0.0,0.0001774773119955999,0.00016755622002069057,0.0,0.0001763749684428322,0.0001763749684428322,0.0001146437294878409,0.00025574370424210664,0.0,0.001006439663676911,0.0004232999242627972,0.0,0.00020283121370925702,0.00020283121370925702,8.818748422141608e-05,0.00028219994950853144,0.0,0.0010328959089433358,0.00044975616952922204,0.0,0.00022928745897568184,0.00022928745897568184,6.173123895499126e-05,0.0003086561947749563,7.054998737713286e-05,0.0010593521542097606,0.00047621241479564683,7.054998737713286e-05,0.00022928745897568184,0.00022928745897568184,6.173123895499126e-05,0.0003086561947749563,7.054998737713286e-05,0.0010593521542097606,0.00047621241479564683,7.054998737713286e-05,0.00017196559423176132,0.00017196559423176132,0.0,0.0002314921460812172,5.291249053284965e-05,0.0007945141156573205,0.0003571593110967351,5.291249053284965e-05,0.00041889055005172644,0.0006173123895499126,0.0007495936158820367,0.00041889055005172644,0.00041889055005172644,0.0014578493485352846,0.0,0.0,0.0003968436789963724,0.0005952655184945586,0.00033070306583031034,0.0003968436789963724,0.0,0.0014578493485352846,0.0,0.0,0.0,5.952655184945585e-05,9.92109197490931e-05,0.0,0.0,0.0001331079839966999,0.0001190531036989117,0.0001190531036989117,0.0,0.0001984218394981862,0.00033070306583031034,0.0,0.0,0.0006917205793617325,0.00014881637962363965,0.00014881637962363965,0.0,0.0001984218394981862,0.00033070306583031034,0.0,0.0,0.000840536958985372,0.0,0.0,0.0,0.0001984218394981862,0.00033070306583031034,0.0,0.0,0.000840536958985372,0.0,0.0,0.0005655022425698305,0.0006845553462687422,0.0007639240820680168,0.0001190531036989117,0.0,0.0005340854513159512,0.0,0.0,0.0,5.952655184945586e-05,0.0,0.0,0.0,8.901424188599187e-05,0.0,0.0,0.00013145446866754835,0.00039932395199009975,0.00042578019725652454,8.184900879300182e-05,0.00035963958409046255,0.0,0.00016121774459227628,0.00016121774459227628,0.0,0.0005357389666451027,0.0005886514571779522,0.0,0.00045637023084582823,0.0,5.952655184945586e-05,5.952655184945586e-05,0.00039684367899637244,0.0004762124147956469,0.0005291249053284966,5.952655184945586e-05,0.0,0.0003362147835941488,0.0,0.0,0.0,0.0,0.0,0.0,0.0,8.40536958985372e-05,0.0,0.0,0.0,7.936873579927449e-05,0.00013228122633212412,0.0,0.0,0.0003362147835941488,0.0,0.0,0.0,7.936873579927449e-05,0.00013228122633212412,0.0,0.0,0.0003362147835941488,0.0,0.0
x_R03_EXIT_F,0.0,0.0,0.0013095841406880289,0.0,0.0,0.0,0.002262008970279323,0.0,0.0,0.0,0.0002910186979306731,0.0,0.0,0.0,0.0005026686600620718,0.0,0.919684599426942,0.919684599426942,0.9193935807290113,0.9197639681627413,0.9195258619553435,0.919931524382762,-0.8883283536824255,0.9195258619553435,0.0002910186979306731,0.0002910186979306731,0.0,0.00037038743372994754,0.00013228122633212412,0.0005379436537506381,0.0008730560937920192,0.00013228122633212412,0.0,0.0,0.0014550934896533653,0.0003968436789963724,0.0007936873579927448,0.0012346247790998252,0.0029101869793067307,0.0007936873579927448,0.0,0.0,0.00021826402344800476,0.0,0.0,0.0,0.0003770014950465538,0.0,0.0,0.0,0.0002910186979306731,0.0,0.0,0.0,0.0005026686600620718,0.0,0.0002557437042421067,0.0002557437042421067,0.0,0.0003351124400413811,9.700623264355767e-05,0.0005026686600620717,0.0008377811001034528,9.700623264355767e-05,0.0002557437042421067,0.0002557437042421067,0.0,0.0003351124400413811,9.700623264355767e-05,0.0005026686600620717,0.0008377811001034528,9.700623264355767e-05,0.00022928745897568184,0.00022928745897568184,0.0,0.0003086561947749563,7.054998737713286e-05,0.00047621241479564683,0.000811324854837028,7.054998737713286e-05,0.0,0.0,0.0002910186979306731,0.0,0.0,0.0,0.0005026686600620718,0.0,0.0,0.0,0.0002910186979306731,0.0,0.0,0.0,0.0005026686600620718,0.0,0.0,0.0,0.0002910186979306731,0.0,0.0,0.0,0.0005026686600620718,0.0,0.0,0.0,0.0002910186979306731,0.0,0.0,0.0,0.0005026686600620718,0.0,0.0001763749684428322,0.0001763749684428322,0.0001146437294878409,0.00025574370424210664,0.0,0.0004232999242627972,0.0007584123643041784,0.0,0.00020283121370925702,0.00020283121370925702,8.818748422141608e-05,0.00028219994950853144,0.0,0.00044975616952922204,0.0007848686095706032,0.0,0.00022928745897568184,0.00022928745897568184,6.173123895499126e-05,0.0003086561947749563,7.054998737713286e-05,0.00047621241479564683,0.000811324854837028,7.054998737713286e-05,0.00022928745897568184,0.00022928745897568184,6.173123895499126e-05,0.0003086561947749563,7.054998737713286e-05,0.00047621241479564683,0.000811324854837028,7.054998737713286e-05,0.00017196559423176132,0.00017196559423176132,0.0,0.0002314921460812172,5.291249053284965e-05,0.0003571593110967351,0.000608493641127771,5.291249053284965e-05,0.00041889055005172644,0.0006173123895499126,0.0007495936158820367,0.00041889055005172644,0.00041889055005172644,0.0,0.0008377811001034529,0.00041889055005172644,0.0007936873579927448,0.0009921091974909309,0.00033070306583031034,0.0007936873579927448,0.0,0.00041889055005172644,0.00041889055005172633,0.0,0.0,5.952655184945585e-05,9.92109197490931e-05,0.0,0.0,0.0,5.125897520369809e-05,0.0,0.0,0.0001984218394981862,0.00033070306583031034,0.0,0.0,0.0,0.00017086325067899367,0.0,0.0,0.0001984218394981862,0.00033070306583031034,0.0,0.0,0.0,0.00017086325067899367,0.0,0.0,0.0001984218394981862,0.00033070306583031034,0.0,0.0,0.0,0.00017086325067899367,0.0,0.0002381062073978234,0.0003571593110967351,0.00043652804689600953,0.0,8.928982777418377e-05,0.0,0.00016204450225685204,0.0,9.425037376163843e-05,0.00011409255771145709,0.0,9.425037376163843e-05,0.0,0.0,0.0,0.0,0.0,0.00011905310369891172,0.00014550934896533655,0.0,7.936873579927449e-05,0.0,0.0,0.0,0.0,0.00023810620739782344,0.0002910186979306731,0.0,0.00015873747159854897,0.0,6.834530027159747e-05,0.0,0.00015873747159854897,0.00023810620739782344,0.0002910186979306731,0.0,0.0,0.0,0.0,0.0,0.0,0.0,0.0,0.0,0.0,0.0,0.0,0.0,0.0,7.936873579927449e-05,0.00013228122633212412,0.0,0.0,0.0,6.834530027159747e-05,0.0,0.0,7.936873579927449e-05,0.00013228122633212412,0.0,0.0,0.0,6.834530027159747e-05,0.0
x_R03_EXIT_B,0.0,0.0,0.0005952655184945585,0.0,0.00027779057529746064,0.0,0.0,0.004018042249838271,0.0,0.0,0.00013228122633212412,0.0,6.173123895499125e-05,0.0,0.0,0.0008928982777418379,0.9195258619553435,0.9195258619553435,0.9193935807290113,0.9195258619553435,0.919622868187987,0.9195258619553435,0.9195258619553435,-0.8848853936940816,0.00013228122633212412,0.00013228122633212412,0.0,0.00013228122633212412,0.0002292874589756818,0.00013228122633212412,0.00013228122633212412,0.001060454497762528,0.0,0.0,0.0006614061316606207,0.0,0.00048503116321778843,0.0,0.0,0.00464086635715202,0.0,0.0,9.92109197490931e-05,0.0,0.0,0.0,0.0,0.0006696737083063784,0.0,0.0,0.00013228122633212412,0.0,6.173123895499125e-05,0.0,0.0,0.0008928982777418379,9.700623264355767e-05,9.700623264355767e-05,0.0,9.700623264355767e-05,0.00019401246528711537,9.700623264355767e-05,9.700623264355767e-05,0.0010251795040739618,9.700623264355767e-05,9.700623264355767e-05,0.0,9.700623264355767e-05,0.00019401246528711537,9.700623264355767e-05,9.700623264355767e-05,0.0010251795040739618,7.054998737713286e-05,7.054998737713286e-05,0.0,7.054998737713286e-05,0.00016755622002069054,7.054998737713286e-05,7.054998737713286e-05,0.0009987232588075372,0.0,0.0,0.00013228122633212412,0.0,6.173123895499125e-05,0.0,0.0,0.0008928982777418379,0.0,0.0,0.00013228122633212412,0.0,6.173123895499125e-05,0.0,0.0,0.0008928982777418379,0.0,0.0,0.00013228122633212412,0.0,6.173123895499125e-05,0.0,0.0,0.0008928982777418379,0.0,0.0,0.00013228122633212412,0.0,6.173123895499125e-05,0.0,0.0,0.0008928982777418379,0.0,0.0,0.0001146437294878409,0.0,0.0001146437294878409,0.0,0.0,0.0009458107682746875,0.0,0.0,8.818748422141608e-05,0.0,0.00014109997475426572,0.0,0.0,0.0009722670135411123,7.054998737713286e-05,7.054998737713286e-05,6.173123895499126e-05,7.054998737713286e-05,0.00016755622002069054,7.054998737713286e-05,7.054998737713286e-05,0.0009987232588075372,7.054998737713286e-05,7.054998737713286e-05,6.173123895499126e-05,7.054998737713286e-05,0.00016755622002069054,7.054998737713286e-05,7.054998737713286e-05,0.0009987232588075372,5.291249053284965e-05,5.291249053284965e-05,0.0,5.291249053284965e-05,0.0001256671650155179,5.291249053284965e-05,5.291249053284965e-05,0.0007490424441056526,0.0,0.0,0.0004188905500517264,0.0,0.00015432809738747814,0.0,0.0,0.0012594275090370985,0.0,0.0,0.0005070780342731424,0.0,6.614061316606205e-05,0.0,0.0,0.0012594275090370985,0.0,0.0,0.00012566716501551792,0.0,0.0,0.0,0.0,0.00037782825271112945,0.0,0.0,0.0004188905500517264,0.0,0.00015432809738747814,0.0,0.0,0.0012594275090370985,0.000563573141352487,0.000563573141352487,0.0009824636914042137,0.000563573141352487,0.000409245043965009,0.000409245043965009,0.000409245043965009,0.0016686725530021074,0.00015432809738747814,0.00015432809738747814,0.0005732186474392046,0.00015432809738747814,0.0,0.0,0.0,0.0,0.0,0.0,0.00025133433003103584,0.0,0.0,0.0,0.0,0.0007556565054222589,0.0,0.0,5.070780342731424e-05,0.0,0.0,0.0,0.0,0.00012594275090370985,0.0,0.0,8.377811001034527e-05,0.0,0.0,0.0,0.0,0.0002518855018074197,0.0,0.0,0.00016755622002069054,0.0,6.173123895499125e-05,0.0,0.0,0.0005037710036148394,0.0,0.0,0.00016755622002069054,0.0,0.0,0.0,0.0,0.0005037710036148394,0.0,0.0,5.070780342731424e-05,0.0,0.0,0.0,0.0,0.00012594275090370985,0.00019897301127457006,0.00019897301127457006,0.0003665292312952606,0.00019897301127457006,0.00016369801758600363,0.00016369801758600363,0.00016369801758600363,0.0003400729860288358,0.0,0.0,0.00020283121370925697,0.0,0.0,0.0,0.0,0.0
x_R04_EXIT_C,7.936873579927447e-05,0.0018056387394334945,0.0031152228801215234,0.0010913201172400243,0.0010913201172400243,0.0010913201172400243,0.0010913201172400243,0.0010913201172400243,0.0,0.0004012530532074432,0.0006922717511381162,0.00024251558160889424,0.00024251558160889424,0.00024251558160889424,0.00024251558160889424,0.00024251558160889424,0.0007099092479823993,0.0002910186979306731,0.0,0.0002910186979306731,0.00013228122633212412,0.0002910186979306731,0.0002910186979306731,0.00013228122633212412,-0.8894885002388048,0.9197727869111635,0.9194817682132328,0.9197727869111635,0.9196140494395649,0.9197727869111635,0.9197727869111635,0.9196140494395649,0.002094452750258632,0.0,0.0014550934896533653,0.0,0.0007936873579927448,0.0,0.0,0.0007936873579927448,5.6219521191152754e-05,0.0002215710541063079,0.0004398350775543127,0.00010251795040739618,0.00010251795040739618,0.00010251795040739618,0.00010251795040739618,0.00010251795040739618,0.0,0.0003439311884635227,0.0006349498863941957,0.0001851937168649738,0.0001851937168649738,0.0001851937168649738,0.0001851937168649738,0.0001851937168649738,0.0006746342542938329,0.0002557437042421067,0.0,0.0002557437042421067,9.700623264355767e-05,0.0002557437042421067,0.0002557437042421067,9.700623264355767e-05,0.0006746342542938329,0.0002557437042421067,0.00015873747159854897,0.0002557437042421067,9.700623264355767e-05,0.0002557437042421067,0.0002557437042421067,9.700623264355767e-05,0.0006481780090274081,0.00022928745897568184,0.00015873747159854897,0.00022928745897568184,7.054998737713286e-05,0.00022928745897568184,0.00022928745897568184,7.054998737713286e-05,0.00012346247790998252,0.0002954280721417439,0.000586446770072417,0.00013669060054319492,0.00013669060054319492,0.00013669060054319492,0.00013669060054319492,0.00013669060054319492,0.00012346247790998252,0.0002954280721417439,0.000586446770072417,0.00013669060054319492,0.00013669060054319492,0.00013669060054319492,0.00013669060054319492,0.00013669060054319492,0.00017196559423176134,0.00024692495581996504,0.0005379436537506381,8.818748422141608e-05,8.818748422141608e-05,8.818748422141608e-05,8.818748422141608e-05,8.818748422141608e-05,0.00022046871055354022,0.0001984218394981862,0.0004894405374288593,0.0,0.0,0.0,0.0,0.0,0.0005952655184945585,0.0001763749684428322,0.0001146437294878409,0.0001763749684428322,0.0,0.0001763749684428322,0.0001763749684428322,0.0,0.0006217217637609833,0.00020283121370925702,8.818748422141608e-05,0.00020283121370925702,0.0,0.00020283121370925702,0.00020283121370925702,0.0,0.0006481780090274081,0.00022928745897568184,6.173123895499126e-05,0.00022928745897568184,7.054998737713286e-05,0.00022928745897568184,0.00022928745897568184,7.054998737713286e-05,0.0006481780090274081,0.00022928745897568184,6.173123895499126e-05,0.00022928745897568184,7.054998737713286e-05,0.00022928745897568184,0.00022928745897568184,7.054998737713286e-05,0.0004861335067705561,0.00017196559423176132,0.0,0.00017196559423176132,5.291249053284965e-05,0.00017196559423176132,0.00017196559423176132,5.291249053284965e-05,0.0006503826961329435,0.0,0.00033070306583031034,0.0,0.0,0.0,0.0,0.0,0.0006503826961329435,0.0,0.00033070306583031034,0.0,0.0,0.0,0.0,0.0,0.00019511480883988307,0.0,9.92109197490931e-05,0.0,0.0,0.0,0.0,0.0,0.0006503826961329435,0.0,0.00033070306583031034,0.0,0.0,0.0,0.0,0.0,0.0006503826961329435,0.0,0.00033070306583031034,0.0,0.0,0.0,0.0,0.0,0.0006503826961329435,0.0,0.00033070306583031034,0.0,0.0,0.0,0.0,0.0,0.00039022961767976613,0.0,0.0001984218394981862,0.0,0.0,0.0,0.0,0.0,6.503826961329436e-05,0.0,0.0,0.0,0.0,0.0,0.0,0.0,0.00013007653922658872,0.0,6.614061316606206e-05,0.0,0.0,0.0,0.0,0.0,0.00026015307845317744,0.0,0.00013228122633212412,0.0,0.0,0.0,0.0,0.0,0.00026015307845317744,0.0,0.00013228122633212412,0.0,0.0,0.0,0.0,0.0,6.503826961329436e-05,0.0,0.0,0.0,0.0,0.0,0.0,0.0,0.00026015307845317744,0.0,0.00013228122633212412,0.0,0.0,0.0,0.0,0.0,0.00026015307845317744,0.0,0.00013228122633212412,0.0,0.0,0.0,0.0,0.0
x_R04_EXIT_D,0.0,0.0004563702308458282,0.0013095841406880289,0.0,0.0,0.0,0.0,0.0,0.0,0.0001014156068546285,0.0002910186979306731,0.0,0.0,0.0,0.0,0.0,0.0002910186979306731,0.0003924343047853016,0.0,0.0002910186979306731,0.00013228122633212412,0.0002910186979306731,0.0002910186979306731,0.00013228122633212412,0.9197727869111635,-0.8966788274156788,0.9194817682132328,0.9197727869111635,0.9196140494395649,0.9197727869111635,0.9197727869111635,0.9196140494395649,0.0001873984039705092,0.0,0.0016424918936238744,0.0001873984039705092,0.0009810857619632538,0.0001873984039705092,0.0001873984039705092,0.0009810857619632538,0.0,7.606170514097137e-05,0.00021826402344800476,0.0,0.0,0.0,0.0,0.0,0.0,0.0001014156068546285,0.0002910186979306731,0.0,0.0,0.0,0.0,0.0,0.0002557437042421067,0.00035715931109673514,0.0,0.0002557437042421067,9.700623264355767e-05,0.0002557437042421067,0.0002557437042421067,9.700623264355767e-05,0.0002557437042421067,0.00035715931109673514,0.00015873747159854897,0.0002557437042421067,9.700623264355767e-05,0.0002557437042421067,0.0002557437042421067,9.700623264355767e-05,0.00022928745897568184,0.00033070306583031034,0.00015873747159854897,0.00022928745897568184,7.054998737713286e-05,0.00022928745897568184,0.00022928745897568184,7.054998737713286e-05,0.0,0.0001014156068546285,0.0002910186979306731,0.0,0.0,0.0,0.0,0.0,0.0,0.0001014156068546285,0.0002910186979306731,0.0,0.0,0.0,0.0,0.0,0.0,0.0001014156068546285,0.0002910186979306731,0.0,0.0,0.0,0.0,0.0,0.0,0.0001014156068546285,0.0002910186979306731,0.0,0.0,0.0,0.0,0.0,0.0001763749684428322,0.0002777905752974607,0.0001146437294878409,0.0001763749684428322,0.0,0.0001763749684428322,0.0001763749684428322,0.0,0.00020283121370925702,0.0003042468205638855,8.818748422141608e-05,0.00020283121370925702,0.0,0.00020283121370925702,0.00020283121370925702,0.0,0.00022928745897568184,0.00033070306583031034,6.173123895499126e-05,0.00022928745897568184,7.054998737713286e-05,0.00022928745897568184,0.00022928745897568184,7.054998737713286e-05,0.00022928745897568184,0.00033070306583031034,6.173123895499126e-05,0.00022928745897568184,7.054998737713286e-05,0.00022928745897568184,0.00022928745897568184,7.054998737713286e-05,0.00017196559423176132,0.00024802729937273266,0.0,0.00017196559423176132,5.291249053284965e-05,0.00017196559423176132,0.00017196559423176132,5.291249053284965e-05,0.0,0.0002535390171365712,0.00033070306583031034,0.0,0.0,0.0,0.0,0.0,0.0,0.0002535390171365712,0.00033070306583031034,0.0,0.0,0.0,0.0,0.0,0.0,7.606170514097137e-05,9.92109197490931e-05,0.0,0.0,0.0,0.0,0.0,0.0,0.0002535390171365712,0.00033070306583031034,0.0,0.0,0.0,0.0,0.0,0.0,0.0002535390171365712,0.00033070306583031034,0.0,0.0,0.0,0.0,0.0,0.0,0.0002535390171365712,0.00033070306583031034,0.0,0.0,0.0,0.0,0.0,0.0,0.00015212341028194274,0.0001984218394981862,0.0,0.0,0.0,0.0,0.0,0.0,0.0,0.0,0.0,0.0,0.0,0.0,0.0,0.0,5.070780342731425e-05,6.614061316606206e-05,0.0,0.0,0.0,0.0,0.0,0.0,0.0001014156068546285,0.00013228122633212412,0.0,0.0,0.0,0.0,0.0,0.0,0.0001014156068546285,0.00013228122633212412,0.0,0.0,0.0,0.0,0.0,0.0,0.0,0.0,0.0,0.0,0.0,0.0,0.0,0.0,0.0001014156068546285,0.00013228122633212412,0.0,0.0,0.0,0.0,0.0,0.0,0.0001014156068546285,0.00013228122633212412,0.0,0.0,0.0,0.0,0.0
x_R04_EXIT_E,0.0,0.0,7.936873579927447e-05,0.0,0.0,0.0,0.0,0.0,0.0,0.0,0.0,0.0,0.0,0.0,0.0,0.0,0.0,0.0,0.0,0.0,0.0,0.0,0.0,0.0,0.9194817682132328,0.9194817682132328,-0.9147783484052078,0.9194817682132328,0.9194817682132328,0.9194817682132328,0.9194817682132328,0.9194817682132328,0.0,0.0,8.818748422141607e-05,0.0,0.0,0.0,0.0,0.0,0.0,0.0,0.0,0.0,0.0,0.0,0.0,0.0,0.0,0.0,0.0,0.0,0.0,0.0,0.0,0.0,0.0,0.0,0.0,0.0,0.0,0.0,0.0,0.0,0.0,0.0,0.0001763749684428322,0.0,0.0,0.0,0.0,0.0,0.0,0.0,0.0001763749684428322,0.0,0.0,0.0,0.0,0.0,0.0,0.0,0.0,0.0,0.0,0.0,0.0,0.0,0.0,0.0,0.0,0.0,0.0,0.0,0.0,0.0,0.0,0.0,0.0,0.0,0.0,0.0,0.0,0.0,0.0,0.0,0.0,0.0,0.0,0.0,0.0,0.0,0.0,0.0,0.0,0.0,0.0,0.0,0.0,0.0,0.0,0.0,0.0,0.0,0.0,0.0,0.0,0.0,0.0,0.0,0.0,0.0,0.0,0.0,0.0,0.0,0.0,0.0,0.0,0.0,0.0,0.0,0.0,0.0,0.0,0.0,0.0,0.0,0.0,0.0,0.0,0.0,0.0,0.0,0.0,0.0,0.0,0.0,0.0,0.0,0.0,0.0,0.0,0.0,0.0,0.0,0.0,0.0,0.0,0.0,0.0,0.0,0.0,0.0,0.0,0.0,0.0,0.0,0.0,0.0,0.0,0.0,0.0,0.0,0.0,0.0,0.0,0.0,0.0,0.0,0.0,0.0,0.0,0.0,0.0,0.0,0.0,0.0,0.0,0.0,0.0,0.0,0.0,0.0,0.0,0.0,0.0,0.0,0.0,0.0,0.0,0.0,0.0,0.0,0.0,0.0,0.0,0.0,0.0,0.0,0.0,0.0,0.0,0.0,0.0,0.0,0.0,0.0,0.0,0.0,0.0,0.0,0.0,0.0,0.0,0.0,0.0,0.0,0.0,0.0,0.0,0.0,0.0,0.0,0.0,0.0,0.0,0.0,0.0,0.0,0.0,0.0,0.0,0.0,0.0,0.0,0.0,0.0,0.0,0.0,0.0,0.0,0.0,0.0
x_R04_EXIT_G,0.0,0.0,0.0013095841406880289,0.0011111623011898428,8.928982777418378e-05,0.0008036084499676541,8.928982777418378e-05,8.928982777418378e-05,0.0,0.0,0.0002910186979306731,0.00024692495581996504,0.0,0.0001785796555483676,0.0,0.0,0.0002910186979306731,0.0002910186979306731,0.0,0.0006371545734997311,0.00013228122633212412,0.00037038743372994754,0.00037038743372994754,0.00013228122633212412,0.9197727869111635,0.9197727869111635,0.9194817682132328,-0.8884760677184963,0.9196140494395649,0.9198521556469628,0.9198521556469628,0.9196140494395649,0.0,0.0,0.0014550934896533653,0.0017306793778452906,0.0007936873579927448,0.0003968436789963724,0.0003968436789963724,0.0007936873579927448,0.0,0.0,0.00021826402344800476,0.00018519371686497374,0.0,0.00013393474166127568,0.0,0.0,0.0,0.0,0.0002910186979306731,0.00024692495581996504,0.0,0.0001785796555483676,0.0,0.0,0.0002557437042421067,0.0002557437042421067,0.0,0.0006018795798111646,9.700623264355767e-05,0.0003351124400413811,0.0003351124400413811,9.700623264355767e-05,0.0002557437042421067,0.0002557437042421067,0.00015873747159854897,0.0006018795798111646,9.700623264355767e-05,0.0003351124400413811,0.0003351124400413811,9.700623264355767e-05,0.00022928745897568184,0.00022928745897568184,0.00015873747159854897,0.0005754233345447398,7.054998737713286e-05,0.0003086561947749563,0.0003086561947749563,7.054998737713286e-05,0.0,0.0,0.0002910186979306731,0.00024692495581996504,0.0,0.0001785796555483676,0.0,0.0,0.0,0.0,0.0002910186979306731,0.00024692495581996504,0.0,0.0001785796555483676,0.0,0.0,0.0,0.0,0.0002910186979306731,0.00024692495581996504,0.0,0.0001785796555483676,0.0,0.0,0.0,0.0,0.0002910186979306731,0.00024692495581996504,0.0,0.0001785796555483676,0.0,0.0,0.0001763749684428322,0.0001763749684428322,0.0001146437294878409,0.0005225108440118903,0.0,0.00025574370424210664,0.00025574370424210664,0.0,0.00020283121370925702,0.00020283121370925702,8.818748422141608e-05,0.0005489670892783151,0.0,0.00028219994950853144,0.00028219994950853144,0.0,0.00022928745897568184,0.00022928745897568184,6.173123895499126e-05,0.0005754233345447398,7.054998737713286e-05,0.0003086561947749563,0.0003086561947749563,7.054998737713286e-05,0.00022928745897568184,0.00022928745897568184,6.173123895499126e-05,0.0005754233345447398,7.054998737713286e-05,0.0003086561947749563,0.0003086561947749563,7.054998737713286e-05,0.00017196559423176132,0.00017196559423176132,0.0,0.000431567500908555,5.291249053284965e-05,0.0002314921460812172,0.0002314921460812172,5.291249053284965e-05,0.0,0.0001984218394981862,0.00033070306583031034,0.000666917849424459,0.0,0.0,0.0,0.0,0.0,0.0001984218394981862,0.00033070306583031034,0.000666917849424459,0.0,0.0,0.0,0.0,0.00013393474166127568,0.00020834293147309547,0.00024802729937273266,5.125897520369809e-05,0.00014881637962363962,0.0,0.0,0.0,0.0002480272993727327,0.0004960545987454654,0.0006283358250775895,0.0003692850901771798,0.0002976327592472793,0.0,0.0,0.0,0.0,0.0001984218394981862,0.00033070306583031034,0.000666917849424459,0.0,0.0,0.0,0.0,0.0,0.0001984218394981862,0.00033070306583031034,0.000666917849424459,0.0,0.0,0.0,0.0,0.0,0.0001190531036989117,0.0001984218394981862,0.0002215710541063079,0.0,0.0,0.0,0.0,0.0,0.0,0.0,6.669178494244592e-05,0.0,0.0,0.0,0.0,0.0,0.0,6.614061316606206e-05,0.0,0.0,0.0,0.0,0.0,9.921091974909311e-05,7.936873579927449e-05,0.00013228122633212412,0.00014771403607087195,0.0,0.0,0.0,0.0,0.0,7.936873579927449e-05,0.00013228122633212412,0.00014771403607087195,0.0,0.0,0.0,0.0,0.0,0.0,0.0,0.0,0.0,0.0,0.0,0.0,0.0,7.936873579927449e-05,0.00013228122633212412,0.0002667671397697837,0.0,0.0,0.0,0.0,0.0,7.936873579927449e-05,0.00013228122633212412,0.0002667671397697837,0.0,0.0,0.0,0.0
x_R04_EXIT_H,0.0,0.0,0.0005952655184945585,0.0,0.0006349498863941958,0.0,0.0,0.00027779057529746064,0.0,0.0,0.00013228122633212412,0.0,0.00014109997475426572,0.0,0.0,6.173123895499125e-05,0.00013228122633212412,0.00013228122633212412,0.0,0.00013228122633212412,0.0003086561947749563,0.00013228122633212412,0.00013228122633212412,0.0002292874589756818,0.9196140494395649,0.9196140494395649,0.9194817682132328,0.9196140494395649,-0.8891662951621514,0.9196140494395649,0.9196140494395649,0.9197110556722085,0.0,0.0,0.0006614061316606207,0.0,0.0008818748422141608,0.0,0.0,0.00048503116321778843,0.0,0.0,9.92109197490931e-05,0.0,0.0001058249810656993,0.0,0.0,0.0,0.0,0.0,0.00013228122633212412,0.0,0.00014109997475426572,0.0,0.0,6.173123895499125e-05,9.700623264355767e-05,9.700623264355767e-05,0.0,9.700623264355767e-05,0.00027338120108638984,9.700623264355767e-05,9.700623264355767e-05,0.00019401246528711537,9.700623264355767e-05,9.700623264355767e-05,0.00015873747159854897,9.700623264355767e-05,0.00027338120108638984,9.700623264355767e-05,9.700623264355767e-05,0.00019401246528711537,7.054998737713286e-05,7.054998737713286e-05,0.00015873747159854897,7.054998737713286e-05,0.00024692495581996504,7.054998737713286e-05,7.054998737713286e-05,0.00016755622002069054,0.0,0.0,0.00013228122633212412,0.0,0.00014109997475426572,0.0,0.0,6.173123895499125e-05,0.0,0.0,0.00013228122633212412,0.0,0.00014109997475426572,0.0,0.0,6.173123895499125e-05,0.0,0.0,0.00013228122633212412,0.0,0.00014109997475426572,0.0,0.0,6.173123895499125e-05,0.0,0.0,0.00013228122633212412,0.0,0.00014109997475426572,0.0,0.0,6.173123895499125e-05,0.0,0.0,0.0001146437294878409,0.0,0.00019401246528711537,0.0,0.0,0.0001146437294878409,0.0,0.0,8.818748422141608e-05,0.0,0.00022046871055354022,0.0,0.0,0.00014109997475426572,7.054998737713286e-05,7.054998737713286e-05,6.173123895499126e-05,7.054998737713286e-05,0.00024692495581996504,7.054998737713286e-05,7.054998737713286e-05,0.00016755622002069054,7.054998737713286e-05,7.054998737713286e-05,6.173123895499126e-05,7.054998737713286e-05,0.00024692495581996504,7.054998737713286e-05,7.054998737713286e-05,0.00016755622002069054,5.291249053284965e-05,5.291249053284965e-05,0.0,5.291249053284965e-05,0.00018519371686497377,5.291249053284965e-05,5.291249053284965e-05,0.0001256671650155179,0.0,0.0,0.0004188905500517264,0.0,0.0003527499368856643,0.0,0.0,0.0,0.0,0.0,0.0005070780342731424,0.0,0.00026456245266424824,0.0,0.0,0.0,0.0,0.0,0.00012566716501551792,0.0,0.0001058249810656993,0.0,0.0,0.0,0.0,0.0,0.0004188905500517264,0.0,0.0003527499368856643,0.0,0.0,0.0,0.00015432809738747814,0.00015432809738747814,0.0005732186474392046,0.00015432809738747814,0.0001984218394981862,0.0,0.0,0.0,0.00028660932371960224,0.00028660932371960224,0.0007054998737713286,0.00028660932371960224,6.614061316606205e-05,0.0,0.0,0.0,0.0,0.0,0.00025133433003103584,0.0,0.00015873747159854894,0.0,0.0,0.0,0.0,0.0,5.070780342731424e-05,0.0,0.0,0.0,0.0,0.0,0.0,0.0,8.377811001034527e-05,0.0,7.054998737713286e-05,0.0,0.0,0.0,0.0,0.0,0.00016755622002069054,0.0,0.00014109997475426572,0.0,0.0,0.0,0.0,0.0,0.00016755622002069054,0.0,0.0,0.0,0.0,0.0,0.0,0.0,5.070780342731424e-05,0.0,0.0,0.0,0.0,0.0,0.0,0.0,0.00020283121370925697,0.0,0.0,0.0,0.0,0.0,0.0,0.0,0.00020283121370925697,0.0,0.0,0.0,0.0,0.0
x_R04_EXIT_A,0.0,0.0,0.0013095841406880289,0.0,0.0,0.0007986479039801995,0.0007540029900931075,0.0,0.0,0.0,0.0002910186979306731,0.0,0.0,0.0001774773119955999,0.00016755622002069057,0.0,0.0002910186979306731,0.0002910186979306731,0.0,0.00037038743372994754,0.00013228122633212412,0.001121083393164752,0.0005379436537506381,0.00013228122633212412,0.9197727869111635,0.9197727869111635,0.9194817682132328,0.9198521556469628,0.9196140494395649,-0.8823853383924106,0.9200197118669834,0.9196140494395649,0.0,0.0,0.0014550934896533653,0.0003968436789963724,0.0007936873579927448,0.004150323476170394,0.0012346247790998252,0.0007936873579927448,0.0,0.0,0.00021826402344800476,0.0,0.0,0.0001331079839966999,0.0001256671650155179,0.0,0.0,0.0,0.0002910186979306731,0.0,0.0,0.0001774773119955999,0.00016755622002069057,0.0,0.0002557437042421067,0.0002557437042421067,0.0,0.0003351124400413811,9.700623264355767e-05,0.0010858083994761856,0.0005026686600620717,9.700623264355767e-05,0.0002557437042421067,0.0002557437042421067,0.00015873747159854897,0.0003351124400413811,9.700623264355767e-05,0.0010858083994761856,0.0005026686600620717,9.700623264355767e-05,0.00022928745897568184,0.00022928745897568184,0.00015873747159854897,0.0003086561947749563,7.054998737713286e-05,0.0010593521542097606,0.00047621241479564683,7.054998737713286e-05,0.0,0.0,0.0002910186979306731,0.0,0.0,0.0001774773119955999,0.00016755622002069057,0.0,0.0,0.0,0.0002910186979306731,0.0,0.0,0.0001774773119955999,0.00016755622002069057,0.0,0.0,0.0,0.0002910186979306731,0.0,0.0,0.0001774773119955999,0.00016755622002069057,0.0,0.0,0.0,0.0002910186979306731,0.0,0.0,0.0001774773119955999,0.00016755622002069057,0.0,0.0001763749684428322,0.0001763749684428322,0.0001146437294878409,0.00025574370424210664,0.0,0.001006439663676911,0.0004232999242627972,0.0,0.00020283121370925702,0.00020283121370925702,8.818748422141608e-05,0.00028219994950853144,0.0,0.0010328959089433358,0.00044975616952922204,0.0,0.00022928745897568184,0.00022928745897568184,6.173123895499126e-05,0.0003086561947749563,7.054998737713286e-05,0.0010593521542097606,0.00047621241479564683,7.054998737713286e-05,0.00022928745897568184,0.00022928745897568184,6.173123895499126e-05,0.0003086561947749563,7.054998737713286e-05,0.0010593521542097606,0.00047621241479564683,7.054998737713286e-05,0.00017196559423176132,0.00017196559423176132,0.0,0.0002314921460812172,5.291249053284965e-05,0.0007945141156573205,0.0003571593110967351,5.291249053284965e-05,0.00041889055005172644,0.0006173123895499126,0.0007495936158820367,0.00041889055005172644,0.00041889055005172644,0.0014578493485352846,0.0,0.0,0.0003968436789963724,0.0005952655184945586,0.00033070306583031034,0.0003968436789963724,0.0,0.0014578493485352846,0.0,0.0,0.0,5.952655184945585e-05,9.92109197490931e-05,0.0,0.0,0.0001331079839966999,0.0001190531036989117,0.0001190531036989117,0.0,0.0001984218394981862,0.00033070306583031034,0.0,0.0,0.0006917205793617325,0.00014881637962363965,0.00014881637962363965,0.0,0.0001984218394981862,0.00033070306583031034,0.0,0.0,0.000840536958985372,0.0,0.0,0.0,0.0001984218394981862,0.00033070306583031034,0.0,0.0,0.000840536958985372,0.0,0.0,0.0005655022425698305,0.0006845553462687422,0.0007639240820680168,0.0001190531036989117,0.0,0.0005340854513159512,0.0,0.0,0.0,5.952655184945586e-05,0.0,0.0,0.0,8.901424188599187e-05,0.0,0.0,0.00013145446866754835,0.00039932395199009975,0.00042578019725652454,8.184900879300182e-05,0.00035963958409046255,0.0,0.00016121774459227628,0.00016121774459227628,0.0,0.0005357389666451027,0.0005886514571779522,0.0,0.00045637023084582823,0.0,5.952655184945586e-05,5.952655184945586e-05,0.00039684367899637244,0.0004762124147956469,0.0005291249053284966,5.952655184945586e-05,0.0,0.0003362147835941488,0.0,0.0,0.0,0.0,0.0,0.0,0.0,8.40536958985372e-05,0.0,0.0,0.0,7.936873579927449e-05,0.00013228122633212412,0.0,0.0,0.0003362147835941488,0.0,0.0,0.0,7.936873579927449e-05,0.00013228122633212412,0.0,0.0,0.0003362147835941488,0.0,0.0
x_R04_EXIT_F,0.0,0.0,0.0013095841406880289,0.0,0.0,0.0,0.002262008970279323,0.0,0.0,0.0,0.0002910186979306731,0.0,0.0,0.0,0.0005026686600620718,0.0,0.0002910186979306731,0.0002910186979306731,0.0,0.00037038743372994754,0.00013228122633212412,0.0005379436537506381,0.0008730560937920192,0.00013228122633212412,0.9197727869111635,0.9197727869111635,0.9194817682132328,0.9198521556469628,0.9196140494395649,0.9200197118669834,-0.8867932499384825,0.9196140494395649,0.0,0.0,0.0014550934896533653,0.0003968436789963724,0.0007936873579927448,0.0012346247790998252,0.0029101869793067307,0.0007936873579927448,0.0,0.0,0.00021826402344800476,0.0,0.0,0.0,0.0003770014950465538,0.0,0.0,0.0,0.0002910186979306731,0.0,0.0,0.0,0.0005026686600620718,0.0,0.0002557437042421067,0.0002557437042421067,0.0,0.0003351124400413811,9.700623264355767e-05,0.0005026686600620717,0.0008377811001034528,9.700623264355767e-05,0.0002557437042421067,0.0002557437042421067,0.00015873747159854897,0.0003351124400413811,9.700623264355767e-05,0.0005026686600620717,0.0008377811001034528,9.700623264355767e-05,0.00022928745897568184,0.00022928745897568184,0.00015873747159854897,0.0003086561947749563,7.054998737713286e-05,0.00047621241479564683,0.000811324854837028,7.054998737713286e-05,0.0,0.0,0.0002910186979306731,0.0,0.0,0.0,0.0005026686600620718,0.0,0.0,0.0,0.0002910186979306731,0.0,0.0,0.0,0.0005026686600620718,0.0,0.0,0.0,0.0002910186979306731,0.0,0.0,0.0,0.0005026686600620718,0.0,0.0,0.0,0.0002910186979306731,0.0,0.0,0.0,0.0005026686600620718,0.0,0.0001763749684428322,0.0001763749684428322,0.0001146437294878409,0.00025574370424210664,0.0,0.0004232999242627972,0.0007584123643041784,0.0,0.00020283121370925702,0.00020283121370925702,8.818748422141608e-05,0.00028219994950853144,0.0,0.00044975616952922204,0.0007848686095706032,0.0,0.00022928745897568184,0.00022928745897568184,6.173123895499126e-05,0.0003086561947749563,7.054998737713286e-05,0.00047621241479564683,0.000811324854837028,7.054998737713286e-05,0.00022928745897568184,0.00022928745897568184,6.173123895499126e-05,0.0003086561947749563,7.054998737713286e-05,0.00047621241479564683,0.000811324854837028,7.054998737713286e-05,0.00017196559423176132,0.00017196559423176132,0.0,0.0002314921460812172,5.291249053284965e-05,0.0003571593110967351,0.000608493641127771,5.291249053284965e-05,0.00041889055005172644,0.0006173123895499126,0.0007495936158820367,0.00041889055005172644,0.00041889055005172644,0.0,0.0008377811001034529,0.00041889055005172644,0.0007936873579927448,0.0009921091974909309,0.00033070306583031034,0.0007936873579927448,0.0,0.00041889055005172644,0.00041889055005172633,0.0,0.0,5.952655184945585e-05,9.92109197490931e-05,0.0,0.0,0.0,5.125897520369809e-05,0.0,0.0,0.0001984218394981862,0.00033070306583031034,0.0,0.0,0.0,0.00017086325067899367,0.0,0.0,0.0001984218394981862,0.00033070306583031034,0.0,0.0,0.0,0.00017086325067899367,0.0,0.0,0.0001984218394981862,0.00033070306583031034,0.0,0.0,0.0,0.00017086325067899367,0.0,0.0002381062073978234,0.0003571593110967351,0.00043652804689600953,0.0,8.928982777418377e-05,0.0,0.00016204450225685204,0.0,9.425037376163843e-05,0.00011409255771145709,0.0,9.425037376163843e-05,0.0,0.0,0.0,0.0,0.0,0.00011905310369891172,0.00014550934896533655,0.0,7.936873579927449e-05,0.0,0.0,0.0,0.0,0.00023810620739782344,0.0002910186979306731,0.0,0.00015873747159854897,0.0,6.834530027159747e-05,0.0,0.00015873747159854897,0.00023810620739782344,0.0002910186979306731,0.0,0.0,0.0,0.0,0.0,0.0,0.0,0.0,0.0,0.0,0.0,0.0,0.0,0.0,7.936873579927449e-05,0.00013228122633212412,0.0,0.0,0.0,6.834530027159747e-05,0.0,0.0,7.936873579927449e-05,0.00013228122633212412,0.0,0.0,0.0,6.834530027159747e-05,0.0
x_R04_EXIT_B,0.0,0.0,0.0005952655184945585,0.0,0.00027779057529746064,0.0,0.0,0.004018042249838271,0.0,0.0,0.00013228122633212412,0.0,6.173123895499125e-05,0.0,0.0,0.0008928982777418379,0.00013228122633212412,0.00013228122633212412,0.0,0.00013228122633212412,0.0002292874589756818,0.00013228122633212412,0.00013228122633212412,0.001060454497762528,0.9196140494395649,0.9196140494395649,0.9194817682132328,0.9196140494395649,0.9197110556722085,0.9196140494395649,0.9196140494395649,-0.8833502899501388,0.0,0.0,0.0006614061316606207,0.0,0.00048503116321778843,0.0,0.0,0.00464086635715202,0.0,0.0,9.92109197490931e-05,0.0,0.0,0.0,0.0,0.0006696737083063784,0.0,0.0,0.00013228122633212412,0.0,6.173123895499125e-05,0.0,0.0,0.0008928982777418379,9.700623264355767e-05,9.700623264355767e-05,0.0,9.700623264355767e-05,0.00019401246528711537,9.700623264355767e-05,9.700623264355767e-05,0.0010251795040739618,9.700623264355767e-05,9.700623264355767e-05,0.00015873747159854897,9.700623264355767e-05,0.00019401246528711537,9.700623264355767e-05,9.700623264355767e-05,0.0010251795040739618,7.054998737713286e-05,7.054998737713286e-05,0.00015873747159854897,7.054998737713286e-05,0.00016755622002069054,7.054998737713286e-05,7.054998737713286e-05,0.0009987232588075372,0.0,0.0,0.00013228122633212412,0.0,6.173123895499125e-05,0.0,0.0,0.0008928982777418379,0.0,0.0,0.00013228122633212412,0.0,6.173123895499125e-05,0.0,0.0,0.0008928982777418379,0.0,0.0,0.00013228122633212412,0.0,6.173123895499125e-05,0.0,0.0,0.0008928982777418379,0.0,0.0,0.00013228122633212412,0.0,6.173123895499125e-05,0.0,0.0,0.0008928982777418379,0.0,0.0,0.0001146437294878409,0.0,0.0001146437294878409,0.0,0.0,0.0009458107682746875,0.0,0.0,8.818748422141608e-05,0.0,0.00014109997475426572,0.0,0.0,0.0009722670135411123,7.054998737713286e-05,7.054998737713286e-05,6.173123895499126e-05,7.054998737713286e-05,0.00016755622002069054,7.054998737713286e-05,7.054998737713286e-05,0.0009987232588075372,7.054998737713286e-05,7.054998737713286e-05,6.173123895499126e-05,7.054998737713286e-05,0.00016755622002069054,7.054998737713286e-05,7.054998737713286e-05,0.0009987232588075372,5.291249053284965e-05,5.291249053284965e-05,0.0,5.291249053284965e-05,0.0001256671650155179,5.291249053284965e-05,5.291249053284965e-05,0.0007490424441056526,0.0,0.0,0.0004188905500517264,0.0,0.00015432809738747814,0.0,0.0,0.0012594275090370985,0.0,0.0,0.0005070780342731424,0.0,6.614061316606205e-05,0.0,0.0,0.0012594275090370985,0.0,0.0,0.00012566716501551792,0.0,0.0,0.0,0.0,0.00037782825271112945,0.0,0.0,0.0004188905500517264,0.0,0.00015432809738747814,0.0,0.0,0.0012594275090370985,0.000563573141352487,0.000563573141352487,0.0009824636914042137,0.000563573141352487,0.000409245043965009,0.000409245043965009,0.000409245043965009,0.0016686725530021074,0.00015432809738747814,0.00015432809738747814,0.0005732186474392046,0.00015432809738747814,0.0,0.0,0.0,0.0,0.0,0.0,0.00025133433003103584,0.0,0.0,0.0,0.0,0.0007556565054222589,0.0,0.0,5.070780342731424e-05,0.0,0.0,0.0,0.0,0.00012594275090370985,0.0,0.0,8.377811001034527e-05,0.0,0.0,0.0,0.0,0.0002518855018074197,0.0,0.0,0.00016755622002069054,0.0,6.173123895499125e-05,0.0,0.0,0.0005037710036148394,0.0,0.0,0.00016755622002069054,0.0,0.0,0.0,0.0,0.0005037710036148394,0.0,0.0,5.070780342731424e-05,0.0,0.0,0.0,0.0,0.00012594275090370985,0.00019897301127457006,0.00019897301127457006,0.0003665292312952606,0.00019897301127457006,0.00016369801758600363,0.00016369801758600363,0.00016369801758600363,0.0003400729860288358,0.0,0.0,0.00020283121370925697,0.0,0.0,0.0,0.0,0.0
x_R05_EXIT_C,0.00039684367899637233,0.009871486515034764,0.009028193697167472,0.00545660058620012,0.00545660058620012,0.00545660058620012,0.00545660058620012,0.00545660058620012,8.818748422141607e-05,0.002193663670007725,0.002006265266037216,0.001212577908044471,0.001212577908044471,0.001212577908044471,0.001212577908044471,0.001212577908044471,0.002094452750258632,0.0001873984039705092,0.0,0.0,0.0,0.0,0.0,0.0,0.002094452750258632,0.0001873984039705092,0.0,0.0,0.0,0.0,0.0,0.0,-0.8907747159746653,0.9193092514472246,0.9203702571167636,0.9203702571167636,0.9203702571167636,0.9203702571167636,0.9203702571167636,0.9203702571167636,0.0002810976059557637,0.0012484040735094213,0.0011078552705315395,0.000512589752036981,0.000512589752036981,0.000512589752036981,0.000512589752036981,0.000512589752036981,8.818748422141607e-05,0.001907054346288123,0.0017196559423176135,0.0009259685843248689,0.0009259685843248689,0.0009259685843248689,0.0009259685843248689,0.0009259685843248689,0.002094452750258632,0.0001873984039705092,0.0,0.0,0.0,0.0,0.0,0.0,0.002094452750258632,0.0001873984039705092,0.0,0.0,0.0,0.0,0.0,0.0,0.002094452750258632,0.0001873984039705092,0.0,0.0,0.0,0.0,0.0,0.0,0.0006173123895499126,0.0016645387646792287,0.0014771403607087192,0.0006834530027159746,0.0006834530027159746,0.0006834530027159746,0.0006834530027159746,0.0006834530027159746,0.0006173123895499126,0.0016645387646792287,0.0014771403607087192,0.0006834530027159746,0.0006834530027159746,0.0006834530027159746,0.0006834530027159746,0.0006834530027159746,0.0008598279711588067,0.0014220231830703344,0.0012346247790998252,0.0004409374211070804,0.0004409374211070804,0.0004409374211070804,0.0004409374211070804,0.0004409374211070804,0.001102343552767701,0.0011795076014614403,0.0009921091974909309,0.0001984218394981862,0.0001984218394981862,0.0001984218394981862,0.0001984218394981862,0.0001984218394981862,0.002094452750258632,0.0001873984039705092,0.0,0.0,0.0,0.0,0.0,0.0,0.002094452750258632,0.0001873984039705092,0.0,0.0,0.0,0.0,0.0,0.0,0.002094452750258632,0.0001873984039705092,0.0,0.0,0.0,0.0,0.0,0.0,0.002094452750258632,0.0001873984039705092,0.0,0.0,0.0,0.0,0.0,0.0,0.001570839562693974,0.00014054880297788186,0.0,0.0,0.0,0.0,0.0,0.0,0.0032519134806647176,0.0004684960099262729,0.0,0.0,0.0,0.0,0.0,0.0,0.0032519134806647176,0.0004684960099262729,0.0,0.0,0.0,0.0,0.0,0.0,0.0009755740441994153,0.00014054880297788186,0.0,0.0,0.0,0.0,0.0,0.0,0.0032519134806647176,0.0004684960099262729,0.0,0.0,0.0,0.0,0.0,0.0,0.0032519134806647176,0.0004684960099262729,0.0,0.0,0.0,0.0,0.0,0.0,0.0032519134806647176,0.0004684960099262729,0.0,0.0,0.0,0.0,0.0,0.0,0.0019511480883988306,0.0002810976059557637,0.0,0.0,0.0,0.0,0.0,0.0,0.00032519134806647176,0.0,0.0,0.0,0.0,0.0,0.0,0.0,0.0006503826961329435,9.36992019852546e-05,0.0,0.0,0.0,0.0,0.0,0.0,0.001300765392265887,0.0001873984039705092,0.0,0.0,0.0,0.0,0.0,0.0,0.001300765392265887,0.0001873984039705092,0.0,0.0,0.0,0.0,0.0,0.0,0.00032519134806647176,0.0,0.0,0.0,0.0,0.0,0.0,0.0,0.001300765392265887,0.0001873984039705092,0.0,0.0,0.0,0.0,0.0,0.0,0.001300765392265887,0.0001873984039705092,0.0,0.0,0.0,0.0,0.0,0.0
x_R05_EXIT_D,0.0,0.00019842183949818617,0.0,0.0,0.0,0.0,0.0,0.0,0.0,0.0,0.0,0.0,0.0,0.0,0.0,0.0,0.0,0.0,0.0,0.0,0.0,0.0,0.0,0.0,0.0,0.0,0.0,0.0,0.0,0.0,0.0,0.0,0.9193092514472246,-0.9144104864178285,0.9193092514472246,0.9193092514472246,0.9193092514472246,0.9193092514472246,0.9193092514472246,0.9193092514472246,0.0,0.0,0.0,0.0,0.0,0.0,0.0,0.0,0.0,0.0,0.0,0.0,0.0,0.0,0.0,0.0,0.0,0.0,0.0,0.0,0.0,0.0,0.0,0.0,0.0,0.0,0.0,0.0,0.0,0.0,0.0,0.0,0.0,0.0,0.0,0.0,0.0,0.0,0.0,0.0,0.0,0.0,0.0,0.0,0.0,0.0,0.0,0.0,0.0,0.0,0.0,0.0,0.0,0.0,0.0,0.0,0.0,0.0,0.0,0.0,0.0,0.0,0.0,0.0,0.0,0.0,0.0,0.0,0.0,0.0,0.0,0.0,0.0,0.0,0.0,0.0,0.0,0.0,0.0,0.0,0.0,0.0,0.0,0.0,0.0,0.0,0.0,0.0,0.0,0.0,0.0,0.0,0.0,0.0,0.0,0.0,0.0,0.0,0.0,0.0,0.0,0.0,0.0,0.0,0.0,0.0,0.0,0.0,0.0,0.0,0.0,0.0,0.0,0.0001102343552767701,0.0,0.0,0.0,0.0,0.0,0.0,0.0,0.0001102343552767701,0.0,0.0,0.0,0.0,0.0,0.0,0.0,0.0,0.0,0.0,0.0,0.0,0.0,0.0,0.0,0.0001102343552767701,0.0,0.0,0.0,0.0,0.0,0.0,0.0,0.0001102343552767701,0.0,0.0,0.0,0.0,0.0,0.0,0.0,0.0001102343552767701,0.0,0.0,0.0,0.0,0.0,0.0,0.0,6.614061316606206e-05,0.0,0.0,0.0,0.0,0.0,0.0,0.0,0.0,0.0,0.0,0.0,0.0,0.0,0.0,0.0,0.0,0.0,0.0,0.0,0.0,0.0,0.0,0.0,0.0,0.0,0.0,0.0,0.0,0.0,0.0,0.0,0.0,0.0,0.0,0.0,0.0,0.0,0.0,0.0,0.0,0.0,0.0,0.0,0.0,0.0,0.0,0.0,0.0,0.0,0.0,0.0,0.0,0.0,0.0,0.0,0.0,0.0,0.0,0.0,0.0,0.0,0.0
x_R05_EXIT_E,0.0,0.0008432928178672912,0.006944764382436516,0.0,0.0,0.0,0.0,0.0,0.0,0.0001873984039705092,0.0015432809738747813,0.0,0.0,0.0,0.0,0.0,0.0014550934896533653,0.0016424918936238744,8.818748422141607e-05,0.0014550934896533653,0.0006614061316606207,0.0014550934896533653,0.0014550934896533653,0.0006614061316606207,0.0014550934896533653,0.0016424918936238744,8.818748422141607e-05,0.0014550934896533653,0.0006614061316606207,0.0014550934896533653,0.0014550934896533653,0.0006614061316606207,0.9203702571167636,0.9193092514472246,-0.8935305748565846,0.9203702571167636,0.9243386939067273,0.9203702571167636,0.9203702571167636,0.9243386939067273,0.0,0.00014054880297788186,0.0011574607304060858,0.0,0.0,0.0,0.0,0.0,0.0,0.0001873984039705092,0.0015432809738747813,0.0,0.0,0.0,0.0,0.0,0.0012787185212105332,0.0014661169251810424,0.00026456245266424824,0.0012787185212105332,0.0004850311632177885,0.0012787185212105332,0.0012787185212105332,0.0004850311632177885,0.0012787185212105332,0.0014661169251810424,8.818748422141607e-05,0.0012787185212105332,0.0004850311632177885,0.0012787185212105332,0.0012787185212105332,0.0004850311632177885,0.001146437294878409,0.001333835698848918,8.818748422141607e-05,0.001146437294878409,0.0003527499368856643,0.001146437294878409,0.001146437294878409,0.0003527499368856643,0.0,0.0001873984039705092,0.0015432809738747813,0.0,0.0,0.0,0.0,0.0,0.0,0.0001873984039705092,0.0015432809738747813,0.0,0.0,0.0,0.0,0.0,0.0,0.0001873984039705092,0.0015432809738747813,0.0,0.0,0.0,0.0,0.0,0.0,0.0001873984039705092,0.0015432809738747813,0.0,0.0,0.0,0.0,0.0,0.0008818748422141609,0.0010692732461846698,0.0006614061316606207,0.0008818748422141609,8.818748422141607e-05,0.0008818748422141609,0.0008818748422141609,8.818748422141607e-05,0.0010141560685462847,0.001201554472516794,0.0005291249053284965,0.0010141560685462847,0.0002204687105535402,0.0010141560685462847,0.0010141560685462847,0.0002204687105535402,0.001146437294878409,0.001333835698848918,0.0003968436789963724,0.001146437294878409,0.0003527499368856643,0.001146437294878409,0.001146437294878409,0.0003527499368856643,0.001146437294878409,0.001333835698848918,0.0003968436789963724,0.001146437294878409,0.0003527499368856643,0.001146437294878409,0.001146437294878409,0.0003527499368856643,0.0008598279711588067,0.0010003767741366886,0.00029763275924727924,0.0008598279711588067,0.00026456245266424824,0.0008598279711588067,0.0008598279711588067,0.00026456245266424824,0.0,0.0004684960099262729,0.0018739840397050912,0.0,0.0,0.0,0.0,0.0,0.0,0.0004684960099262729,0.0018739840397050912,0.0,0.0,0.0,0.0,0.0,0.0,0.00014054880297788186,0.0005621952119115274,0.0,0.0,0.0,0.0,0.0,0.0,0.0004684960099262729,0.0018739840397050912,0.0,0.0,0.0,0.0,0.0,0.0,0.0004684960099262729,0.0018739840397050912,0.0,0.0,0.0,0.0,0.0,0.0,0.0004684960099262729,0.0018739840397050912,0.0,0.0,0.0,0.0,0.0,0.0,0.0002810976059557637,0.0011243904238230548,0.0,0.0,0.0,0.0,0.0,0.0,0.0,0.00018739840397050917,0.0,0.0,0.0,0.0,0.0,0.0,9.36992019852546e-05,0.00037479680794101834,0.0,0.0,0.0,0.0,0.0,0.0,0.0001873984039705092,0.0007495936158820367,0.0,0.0,0.0,0.0,0.0,0.0,0.0001873984039705092,0.0007495936158820367,0.0,0.0,0.0,0.0,0.0,0.0,0.0,0.00018739840397050917,0.0,0.0,0.0,0.0,0.0,0.0,0.0001873984039705092,0.0007495936158820367,0.0,0.0,0.0,0.0,0.0,0.0,0.0001873984039705092,0.0007495936158820367,0.0,0.0,0.0,0.0,0.0
x_R05_EXIT_G,0.0,0.0008432928178672912,0.0,0.005555811505949213,0.0004464491388709189,0.00401804224983827,0.0004464491388709189,0.0004464491388709189,0.0,0.0001873984039705092,0.0,0.0012346247790998252,9.92109197490931e-05,0.0008928982777418378,9.92109197490931e-05,9.92109197490931e-05,0.0,0.0001873984039705092,0.0,0.0017306793778452906,0.0,0.0003968436789963724,0.0003968436789963724,0.0,0.0,0.0001873984039705092,0.0,0.0017306793778452906,0.0,0.0003968436789963724,0.0003968436789963724,0.0,0.9203702571167636,0.9193092514472246,0.9203702571167636,-0.891508395641941,0.9203702571167636,0.9223544755117454,0.9223544755117454,0.9203702571167636,0.0,0.00014054880297788186,0.0,0.0009259685843248689,7.440818981181981e-05,0.0006696737083063783,7.440818981181981e-05,7.440818981181981e-05,0.0,0.0001873984039705092,0.0,0.0012346247790998252,9.92109197490931e-05,0.0008928982777418378,9.92109197490931e-05,9.92109197490931e-05,0.0,0.0001873984039705092,0.0,0.0017306793778452906,0.0,0.0003968436789963724,0.0003968436789963724,0.0,0.0,0.0001873984039705092,0.0,0.0017306793778452906,0.0,0.0003968436789963724,0.0003968436789963724,0.0,0.0,0.0001873984039705092,0.0,0.0017306793778452906,0.0,0.0003968436789963724,0.0003968436789963724,0.0,0.0,0.0001873984039705092,0.0,0.0012346247790998252,9.92109197490931e-05,0.0008928982777418378,9.92109197490931e-05,9.92109197490931e-05,0.0,0.0001873984039705092,0.0,0.0012346247790998252,9.92109197490931e-05,0.0008928982777418378,9.92109197490931e-05,9.92109197490931e-05,0.0,0.0001873984039705092,0.0,0.0012346247790998252,9.92109197490931e-05,0.0008928982777418378,9.92109197490931e-05,9.92109197490931e-05,0.0,0.0001873984039705092,0.0,0.0012346247790998252,9.92109197490931e-05,0.0008928982777418378,9.92109197490931e-05,9.92109197490931e-05,0.0,0.0001873984039705092,0.0,0.0017306793778452906,0.0,0.0003968436789963724,0.0003968436789963724,0.0,0.0,0.0001873984039705092,0.0,0.0017306793778452906,0.0,0.0003968436789963724,0.0003968436789963724,0.0,0.0,0.0001873984039705092,0.0,0.0017306793778452906,0.0,0.0003968436789963724,0.0003968436789963724,0.0,0.0,0.0001873984039705092,0.0,0.0017306793778452906,0.0,0.0003968436789963724,0.0003968436789963724,0.0,0.0,0.00014054880297788186,0.0,0.001298009533383968,0.0,0.00029763275924727924,0.00029763275924727924,0.0,0.0002480272993727327,0.0014606052074172039,0.0,0.0033345892471222955,0.0,0.0,0.0,0.0,0.0002480272993727327,0.0014606052074172039,0.0,0.0033345892471222955,0.0,0.0,0.0,0.0,0.0006696737083063783,0.0011822634603433592,0.0007440818981181981,0.00025629487601849045,0.0007440818981181981,0.0,0.0,0.0,0.0012401364968636637,0.0029487690036536,0.0014881637962363963,0.0018464254508858992,0.0014881637962363963,0.0,0.0,0.0,0.0002480272993727327,0.0014606052074172039,0.0,0.0033345892471222955,0.0,0.0,0.0,0.0,0.0002480272993727327,0.0014606052074172039,0.0,0.0033345892471222955,0.0,0.0,0.0,0.0,0.00014881637962363962,0.0008763631244503222,0.0,0.0011078552705315395,0.0,0.0,0.0,0.0,0.0,0.00014606052074172035,0.0,0.0003334589247122295,0.0,0.0,0.0,0.0,0.0002480272993727327,0.0002921210414834407,0.0,0.00017086325067899364,0.0,0.0,0.0,0.0,0.0004960545987454654,0.0005842420829668814,0.0,0.0007385701803543596,0.0,0.0,0.0,0.0,9.92109197490931e-05,0.0005842420829668814,0.0,0.0007385701803543596,0.0,0.0,0.0,0.0,0.0,0.00014606052074172035,0.0,0.0001846425450885899,0.0,0.0,0.0,0.0,9.92109197490931e-05,0.0005842420829668814,0.0,0.001333835698848918,0.0,0.0,0.0,0.0,9.92109197490931e-05,0.0005842420829668814,0.0,0.001333835698848918,0.0,0.0,0.0,0.0
x_R05_EXIT_H,0.0,0.0008432928178672912,0.0035715931109673513,0.0,0.003174749431970979,0.0,0.0,0.001388952876487303,0.0,0.0001873984039705092,0.0007936873579927448,0.0,0.0007054998737713286,0.0,0.0,0.0003086561947749563,0.0007936873579927448,0.0009810857619632538,0.0,0.0007936873579927448,0.0008818748422141608,0.0007936873579927448,0.0007936873579927448,0.00048503116321778843,0.0007936873579927448,0.0009810857619632538,0.0,0.0007936873579927448,0.0008818748422141608,0.0007936873579927448,0.0007936873579927448,0.00048503116321778843,0.9203702571167636,0.9193092514472246,0.9243386939067273,0.9203702571167636,-0.8892518780756202,0.9203702571167636,0.9203702571167636,0.9267638497228162,0.0,0.00014054880297788186,0.0005952655184945585,0.0,0.0005291249053284965,0.0,0.0,0.00023149214608121722,0.0,0.0001873984039705092,0.0007936873579927448,0.0,0.0007054998737713286,0.0,0.0,0.0003086561947749563,0.0007936873579927448,0.0009810857619632538,0.0,0.0007936873579927448,0.0008818748422141608,0.0007936873579927448,0.0007936873579927448,0.00048503116321778843,0.0007936873579927448,0.0009810857619632538,0.0,0.0007936873579927448,0.0008818748422141608,0.0007936873579927448,0.0007936873579927448,0.00048503116321778843,0.0007936873579927448,0.0009810857619632538,0.0,0.0007936873579927448,0.0008818748422141608,0.0007936873579927448,0.0007936873579927448,0.00048503116321778843,0.0,0.0001873984039705092,0.0007936873579927448,0.0,0.0007054998737713286,0.0,0.0,0.0003086561947749563,0.0,0.0001873984039705092,0.0007936873579927448,0.0,0.0007054998737713286,0.0,0.0,0.0003086561947749563,0.0,0.0001873984039705092,0.0007936873579927448,0.0,0.0007054998737713286,0.0,0.0,0.0003086561947749563,0.0,0.0001873984039705092,0.0007936873579927448,0.0,0.0007054998737713286,0.0,0.0,0.0003086561947749563,0.0007936873579927448,0.0009810857619632538,0.0,0.0007936873579927448,0.0008818748422141608,0.0007936873579927448,0.0007936873579927448,0.00048503116321778843,0.0007936873579927448,0.0009810857619632538,0.0,0.0007936873579927448,0.0008818748422141608,0.0007936873579927448,0.0007936873579927448,0.00048503116321778843,0.0007936873579927448,0.0009810857619632538,0.0,0.0007936873579927448,0.0008818748422141608,0.0007936873579927448,0.0007936873579927448,0.00048503116321778843,0.0007936873579927448,0.0009810857619632538,0.0,0.0007936873579927448,0.0008818748422141608,0.0007936873579927448,0.0007936873579927448,0.00048503116321778843,0.0005952655184945585,0.0007358143214724405,0.0,0.0005952655184945585,0.0006614061316606206,0.0005952655184945585,0.0005952655184945585,0.0003637733724133413,0.0,0.0004684960099262729,0.0004409374211070804,0.0,0.0017637496844283213,0.0,0.0,0.0,0.0,0.0004684960099262729,0.0008818748422141605,0.0,0.0013228122633212411,0.0,0.0,0.0,0.0,0.00014054880297788186,0.00013228122633212412,0.0,0.0005291249053284965,0.0,0.0,0.0,0.0,0.0004684960099262729,0.0004409374211070804,0.0,0.0017637496844283213,0.0,0.0,0.0,0.0007716404869373906,0.0012401364968636637,0.0012125779080444708,0.0007716404869373906,0.0009921091974909306,0.0,0.0,0.0,0.001433046618598011,0.001901542628524284,0.0018739840397050912,0.001433046618598011,0.0003307030658303103,0.0,0.0,0.0,0.0,0.0002810976059557637,0.00026456245266424824,0.0,0.0007936873579927448,0.0,0.0,0.0,0.0,0.0,8.818748422141608e-05,0.0,0.00013228122633212412,0.0,0.0,0.0,0.0,9.36992019852546e-05,8.818748422141608e-05,0.0,0.0003527499368856643,0.0,0.0,0.0,0.0,0.0001873984039705092,0.00017637496844283217,0.0,0.0007054998737713286,0.0,0.0,0.0,0.0,0.0001873984039705092,0.00017637496844283217,0.0,0.0001322812263321241,0.0,0.0,0.0,0.0,9.094334310333533e-05,8.818748422141608e-05,0.0,0.0,0.0,0.0,0.0,0.00017637496844283214,0.00036377337241334134,0.00035274993688566434,0.00017637496844283214,0.0001322812263321241,0.0,0.0,0.0,0.00017637496844283214,0.00036377337241334134,0.00035274993688566434,0.00017637496844283214,0.0001322812263321241,0.0,0.0,0.0
x_R05_EXIT_A,0.0,0.0008432928178672912,0.0,0.0,0.0,0.003993239519900997,0.003770014950465537,0.0,0.0,0.0001873984039705092,0.0,0.0,0.0,0.0008873865599779993,0.0008377811001034529,0.0,0.0,0.0001873984039705092,0.0,0.0003968436789963724,0.0,0.004150323476170394,0.0012346247790998252,0.0,0.0,0.0001873984039705092,0.0,0.0003968436789963724,0.0,0.004150323476170394,0.0012346247790998252,0.0,0.9203702571167636,0.9193092514472246,0.9203702571167636,0.9223544755117454,0.9203702571167636,-0.8738033746438947,0.9265433810122626,0.9203702571167636,0.0,0.00014054880297788186,0.0,0.0,0.0,0.0006655399199834994,0.0006283358250775895,0.0,0.0,0.0001873984039705092,0.0,0.0,0.0,0.0008873865599779993,0.0008377811001034529,0.0,0.0,0.0001873984039705092,0.0,0.0003968436789963724,0.0,0.004150323476170394,0.0012346247790998252,0.0,0.0,0.0001873984039705092,0.0,0.0003968436789963724,0.0,0.004150323476170394,0.0012346247790998252,0.0,0.0,0.0001873984039705092,0.0,0.0003968436789963724,0.0,0.004150323476170394,0.0012346247790998252,0.0,0.0,0.0001873984039705092,0.0,0.0,0.0,0.0008873865599779993,0.0008377811001034529,0.0,0.0,0.0001873984039705092,0.0,0.0,0.0,0.0008873865599779993,0.0008377811001034529,0.0,0.0,0.0001873984039705092,0.0,0.0,0.0,0.0008873865599779993,0.0008377811001034529,0.0,0.0,0.0001873984039705092,0.0,0.0,0.0,0.0008873865599779993,0.0008377811001034529,0.0,0.0,0.0001873984039705092,0.0,0.0003968436789963724,0.0,0.004150323476170394,0.0012346247790998252,0.0,0.0,0.0001873984039705092,0.0,0.0003968436789963724,0.0,0.004150323476170394,0.0012346247790998252,0.0,0.0,0.0001873984039705092,0.0,0.0003968436789963724,0.0,0.004150323476170394,0.0012346247790998252,0.0,0.0,0.0001873984039705092,0.0,0.0003968436789963724,0.0,0.004150323476170394,0.0012346247790998252,0.0,0.0,0.00014054880297788186,0.0,0.00029763275924727924,0.0,0.0031127426071277955,0.0009259685843248689,0.0,0.002094452750258632,0.0035550579576758357,0.002094452750258632,0.002094452750258632,0.002094452750258632,0.007289246742676422,0.0,0.0,0.0019842183949818617,0.0034448236023990656,0.0,0.0019842183949818617,0.0,0.007289246742676422,0.0,0.0,0.0,0.0004381815622251611,0.0,0.0,0.0,0.0006655399199834994,0.0005952655184945585,0.0005952655184945585,0.0,0.0014606052074172039,0.0,0.0,0.0,0.003458602896808662,0.0007440818981181981,0.0007440818981181981,0.0,0.0014606052074172039,0.0,0.0,0.0,0.0042026847949268595,0.0,0.0,0.0,0.0014606052074172039,0.0,0.0,0.0,0.0042026847949268595,0.0,0.0,0.0028275112128491532,0.0037038743372994755,0.0028275112128491532,0.0005952655184945585,0.0,0.0026704272565797557,0.0,0.0,0.0001984218394981862,0.00034448236023990655,0.0,0.0001984218394981862,0.0,0.0004450712094299593,0.0,0.0,0.0006572723433377417,0.002090318961935753,0.001798197920452312,0.000409245043965009,0.001798197920452312,0.0,0.0008060887229613814,0.0008060887229613814,0.0,0.0028660932371960225,0.0022818511542291413,0.0,0.0022818511542291413,0.0,0.0002976327592472793,0.0002976327592472793,0.0019842183949818617,0.0025684604779487434,0.0019842183949818617,0.0002976327592472793,0.0,0.001681073917970744,0.0,0.0,0.0,0.00014606052074172035,0.0,7.440818981181982e-05,0.0,0.000420268479492686,0.0,0.0,0.0,0.0005842420829668814,0.0,0.0,0.0,0.001681073917970744,0.0,0.0,0.0,0.0005842420829668814,0.0,0.0,0.0,0.001681073917970744,0.0,0.0
x_R05_EXIT_F,0.0,0.0008432928178672912,0.0,0.0,0.0,0.0,0.011310044851396615,0.0,0.0,0.0001873984039705092,0.0,0.0,0.0,0.0,0.002513343300310359,0.0,0.0,0.0001873984039705092,0.0,0.0003968436789963724,0.0,0.0012346247790998252,0.0029101869793067307,0.0,0.0,0.0001873984039705092,0.0,0.0003968436789963724,0.0,0.0012346247790998252,0.0029101869793067307,0.0,0.9203702571167636,0.9193092514472246,0.9203702571167636,0.9223544755117454,0.9203702571167636,0.9265433810122626,-0.8841639413749123,0.9203702571167636,0.0,0.00014054880297788186,0.0,0.0,0.0,0.0,0.0018850074752327685,0.0,0.0,0.0001873984039705092,0.0,0.0,0.0,0.0,0.002513343300310359,0.0,0.0,0.0001873984039705092,0.0,0.0003968436789963724,0.0,0.0012346247790998252,0.0029101869793067307,0.0,0.0,0.0001873984039705092,0.0,0.0003968436789963724,0.0,0.0012346247790998252,0.0029101869793067307,0.0,0.0,0.0001873984039705092,0.0,0.0003968436789963724,0.0,0.0012346247790998252,0.0029101869793067307,0.0,0.0,0.0001873984039705092,0.0,0.0,0.0,0.0,0.002513343300310359,0.0,0.0,0.0001873984039705092,0.0,0.0,0.0,0.0,0.002513343300310359,0.0,0.0,0.0001873984039705092,0.0,0.0,0.0,0.0,0.002513343300310359,0.0,0.0,0.0001873984039705092,0.0,0.0,0.0,0.0,0.002513343300310359,0.0,0.0,0.0001873984039705092,0.0,0.0003968436789963724,0.0,0.0012346247790998252,0.0029101869793067307,0.0,0.0,0.0001873984039705092,0.0,0.0003968436789963724,0.0,0.0012346247790998252,0.0029101869793067307,0.0,0.0,0.0001873984039705092,0.0,0.0003968436789963724,0.0,0.0012346247790998252,0.0029101869793067307,0.0,0.0,0.0001873984039705092,0.0,0.0003968436789963724,0.0,0.0012346247790998252,0.0029101869793067307,0.0,0.0,0.00014054880297788186,0.0,0.00029763275924727924,0.0,0.0009259685843248689,0.002182640234480048,0.0,0.002094452750258632,0.0035550579576758357,0.002094452750258632,0.002094452750258632,0.002094452750258632,0.0,0.004188905500517264,0.002094452750258632,0.0039684367899637234,0.005429041997380927,0.0,0.0039684367899637234,0.0,0.002094452750258632,0.002094452750258632,0.0,0.0,0.0004381815622251611,0.0,0.0,0.0,0.0,0.00025629487601849045,0.0,0.0,0.0014606052074172039,0.0,0.0,0.0,0.0,0.0008543162533949681,0.0,0.0,0.0014606052074172039,0.0,0.0,0.0,0.0,0.0008543162533949681,0.0,0.0,0.0014606052074172039,0.0,0.0,0.0,0.0,0.0008543162533949681,0.0,0.001190531036989117,0.0020668941614394396,0.001190531036989117,0.0,0.00044644913887091885,0.0,0.0008102225112842601,0.0,0.00047125186880819217,0.0006173123895499127,0.0,0.00047125186880819217,0.0,0.0,0.00013503708521404336,0.0,0.0,0.0006889647204798131,0.0003968436789963724,0.0,0.0003968436789963724,0.0,0.00017086325067899367,0.0,0.0,0.0013779294409596262,0.0007936873579927448,0.0,0.0007936873579927448,0.0,0.00034172650135798734,0.0,0.0007936873579927448,0.0013779294409596262,0.0007936873579927448,0.0,0.0001984218394981862,0.0,0.00014330466185980115,0.0001984218394981862,0.0,0.00014606052074172035,0.0,0.0,0.0,0.0,0.0,0.0,0.0,0.0005842420829668814,0.0,0.0,0.0,0.0,0.00034172650135798734,0.0,0.0,0.0005842420829668814,0.0,0.0,0.0,0.0,0.00034172650135798734,0.0
x_R05_EXIT_B,0.0,0.0008432928178672912,0.0035715931109673513,0.0,0.001388952876487303,0.0,0.0,0.02009021124919135,0.0,0.0001873984039705092,0.0007936873579927448,0.0,0.0003086561947749563,0.0,0.0,0.004464491388709189,0.0007936873579927448,0.0009810857619632538,0.0,0.0007936873579927448,0.00048503116321778843,0.0007936873579927448,0.0007936873579927448,0.00464086635715202,0.0007936873579927448,0.0009810857619632538,0.0,0.0007936873579927448,0.00048503116321778843,0.0007936873579927448,0.0007936873579927448,0.00464086635715202,0.9203702571167636,0.9193092514472246,0.9243386939067273,0.9203702571167636,0.9267638497228162,0.9203702571167636,0.9203702571167636,-0.8653927135919058,0.0,0.00014054880297788186,0.0005952655184945585,0.0,0.00023149214608121722,0.0,0.0,0.003348368541531892,0.0,0.0001873984039705092,0.0007936873579927448,0.0,0.0003086561947749563,0.0,0.0,0.004464491388709189,0.0007936873579927448,0.0009810857619632538,0.0,0.0007936873579927448,0.00048503116321778843,0.0007936873579927448,0.0007936873579927448,0.00464086635715202,0.0007936873579927448,0.0009810857619632538,0.0,0.0007936873579927448,0.00048503116321778843,0.0007936873579927448,0.0007936873579927448,0.00464086635715202,0.0007936873579927448,0.0009810857619632538,0.0,0.0007936873579927448,0.00048503116321778843,0.0007936873579927448,0.0007936873579927448,0.00464086635715202,0.0,0.0001873984039705092,0.0007936873579927448,0.0,0.0003086561947749563,0.0,0.0,0.004464491388709189,0.0,0.0001873984039705092,0.0007936873579927448,0.0,0.0003086561947749563,0.0,0.0,0.004464491388709189,0.0,0.0001873984039705092,0.0007936873579927448,0.0,0.0003086561947749563,0.0,0.0,0.004464491388709189,0.0,0.0001873984039705092,0.0007936873579927448,0.0,0.0003086561947749563,0.0,0.0,0.004464491388709189,0.0007936873579927448,0.0009810857619632538,0.0,0.0007936873579927448,0.00048503116321778843,0.0007936873579927448,0.0007936873579927448,0.00464086635715202,0.0007936873579927448,0.0009810857619632538,0.0,0.0007936873579927448,0.00048503116321778843,0.0007936873579927448,0.0007936873579927448,0.00464086635715202,0.0007936873579927448,0.0009810857619632538,0.0,0.0007936873579927448,0.00048503116321778843,0.0007936873579927448,0.0007936873579927448,0.00464086635715202,0.0007936873579927448,0.0009810857619632538,0.0,0.0007936873579927448,0.00048503116321778843,0.0007936873579927448,0.0007936873579927448,0.00464086635715202,0.0005952655184945585,0.0007358143214724405,0.0,0.0005952655184945585,0.0003637733724133413,0.0005952655184945585,0.0005952655184945585,0.003480649767864016,0.0,0.0004684960099262729,0.0004409374211070804,0.0,0.0007716404869373906,0.0,0.0,0.006297137545185492,0.0,0.0004684960099262729,0.0008818748422141605,0.0,0.0003307030658303103,0.0,0.0,0.006297137545185492,0.0,0.00014054880297788186,0.00013228122633212412,0.0,0.00023149214608121722,0.0,0.0,0.0018891412635556474,0.0,0.0004684960099262729,0.0004409374211070804,0.0,0.0007716404869373906,0.0,0.0,0.006297137545185492,0.0028178657067624356,0.0032863617166887086,0.003258803127869516,0.0028178657067624356,0.002046225219825045,0.002046225219825045,0.002046225219825045,0.008343362765010536,0.0007716404869373906,0.0012401364968636637,0.0012125779080444708,0.0007716404869373906,0.0,0.0,0.0,0.0002204687105535402,0.0,0.0002810976059557637,0.00026456245266424824,0.0,0.0001984218394981862,0.0,0.0,0.0037782825271112947,0.0,0.0,8.818748422141608e-05,0.0,0.0,0.0,0.0,0.0006297137545185493,0.0,9.36992019852546e-05,8.818748422141608e-05,0.0,0.00015432809738747814,0.0,0.0,0.0012594275090370985,0.0,0.0001873984039705092,0.00017637496844283217,0.0,0.0003086561947749563,0.0,0.0,0.002518855018074197,0.0,0.0001873984039705092,0.00017637496844283217,0.0,0.0,0.0,0.0,0.002518855018074197,0.0,9.094334310333533e-05,8.818748422141608e-05,0.0,0.0,0.0,0.0,0.0006297137545185493,0.0009948650563728501,0.0011822634603433594,0.0011712400248156823,0.0009948650563728501,0.000818490087930018,0.000818490087930018,0.000818490087930018,0.001700364930144179,0.00017637496844283214,0.00036377337241334134,0.00035274993688566434,0.00017637496844283214,0.0,0.0,0.0,8.818748422141607e-05
x_R06_EXIT_C,5.952655184945585e-05,0.00019346129351073153,0.00019346129351073153,0.00019346129351073153,0.00019346129351073153,0.00019346129351073153,0.00019346129351073153,0.00019346129351073153,0.0,0.0,0.0,0.0,0.0,0.0,0.0,0.0,5.6219521191152754e-05,0.0,0.0,0.0,0.0,0.0,0.0,0.0,5.6219521191152754e-05,0.0,0.0,0.0,0.0,0.0,0.0,0.0,0.0002810976059557637,0.0,0.0,0.0,0.0,0.0,0.0,0.0,-0.9124830189702273,0.9193092514472246,0.9193092514472246,0.9193092514472246,0.9193092514472246,0.9193092514472246,0.9193092514472246,0.9193092514472246,0.0,0.0,0.0,0.0,0.0,0.0,0.0,0.0,5.6219521191152754e-05,0.0,0.0,0.0,0.0,0.0,0.0,0.0,5.6219521191152754e-05,0.0,0.0,0.0,0.0,0.0,0.0,0.0,5.6219521191152754e-05,0.0,0.0,0.0,0.0,0.0,0.0,0.0,5.6219521191152754e-05,0.0,0.0,0.0,0.0,0.0,0.0,0.0,5.6219521191152754e-05,0.0,0.0,0.0,0.0,0.0,0.0,0.0,5.6219521191152754e-05,0.0,0.0,0.0,0.0,0.0,0.0,0.0,5.6219521191152754e-05,0.0,0.0,0.0,0.0,0.0,0.0,0.0,5.6219521191152754e-05,0.0,0.0,0.0,0.0,0.0,0.0,0.0,5.6219521191152754e-05,0.0,0.0,0.0,0.0,0.0,0.0,0.0,5.6219521191152754e-05,0.0,0.0,0.0,0.0,0.0,0.0,0.0,5.6219521191152754e-05,0.0,0.0,0.0,0.0,0.0,0.0,0.0,0.0,0.0,0.0,0.0,0.0,0.0,0.0,0.0,0.00014054880297788186,0.0,0.0,0.0,0.0,0.0,0.0,0.0,0.00014054880297788186,0.0,0.0,0.0,0.0,0.0,0.0,0.0,0.0,0.0,0.0,0.0,0.0,0.0,0.0,0.0,0.00014054880297788186,0.0,0.0,0.0,0.0,0.0,0.0,0.0,0.00014054880297788186,0.0,0.0,0.0,0.0,0.0,0.0,0.0,0.00014054880297788186,0.0,0.0,0.0,0.0,0.0,0.0,0.0,8.432928178672912e-05,0.0,0.0,0.0,0.0,0.0,0.0,0.0,0.0,0.0,0.0,0.0,0.0,0.0,0.0,0.0,0.0,0.0,0.0,0.0,0.0,0.0,0.0,0.0,5.6219521191152754e-05,0.0,0.0,0.0,0.0,0.0,0.0,0.0,5.6219521191152754e-05,0.0,0.0,0.0,0.0,0.0,0.0,0.0,0.0,0.0,0.0,0.0,0.0,0.0,0.0,0.0,5.6219521191152754e-05,0.0,0.0,0.0,0.0,0.0,0.0,0.0,5.6219521191152754e-05,0.0,0.0,0.0,0.0,0.0,0.0,0.0
x_R06_EXIT_D,0.0,0.001339347416612757,0.0009970697434783856,0.0004613307768332829,0.0004613307768332829,0.0004613307768332829,0.0004613307768332829,0.0004613307768332829,0.0,0.0002976327592472792,0.0002215710541063079,0.00010251795040739618,0.00010251795040739618,0.00010251795040739618,0.00010251795040739618,0.00010251795040739618,0.0002215710541063079,7.606170514097137e-05,0.0,0.0,0.0,0.0,0.0,0.0,0.0002215710541063079,7.606170514097137e-05,0.0,0.0,0.0,0.0,0.0,0.0,0.0012484040735094213,0.0,0.00014054880297788186,0.00014054880297788186,0.00014054880297788186,0.00014054880297788186,0.00014054880297788186,0.00014054880297788186,0.9193092514472246,-0.9005122807460331,0.9196009935581119,0.9195117037303376,0.9195117037303376,0.9195117037303376,0.9195117037303376,0.9195117037303376,0.0,0.0002976327592472792,0.0002215710541063079,0.00010251795040739618,0.00010251795040739618,0.00010251795040739618,0.00010251795040739618,0.00010251795040739618,0.0002215710541063079,7.606170514097137e-05,0.0,0.0,0.0,0.0,0.0,0.0,0.0002215710541063079,7.606170514097137e-05,0.0,0.0,0.0,0.0,0.0,0.0,0.0002215710541063079,7.606170514097137e-05,0.0,0.0,0.0,0.0,0.0,0.0,0.0,0.0003422776731343711,0.0002662159679933998,0.00014716286429448805,0.00014716286429448805,0.00014716286429448805,0.00014716286429448805,0.00014716286429448805,0.0,0.0002976327592472792,0.0002215710541063079,0.00010251795040739618,0.00010251795040739618,0.00010251795040739618,0.00010251795040739618,0.00010251795040739618,0.0,0.0002612554220059451,0.00018519371686497377,6.614061316606206e-05,6.614061316606206e-05,6.614061316606206e-05,6.614061316606206e-05,6.614061316606206e-05,7.275467448266826e-05,0.00022487808476461096,0.00014881637962363965,0.0,0.0,0.0,0.0,0.0,0.0002215710541063079,7.606170514097137e-05,0.0,0.0,0.0,0.0,0.0,0.0,0.0002215710541063079,7.606170514097137e-05,0.0,0.0,0.0,0.0,0.0,0.0,0.0002215710541063079,7.606170514097137e-05,0.0,0.0,0.0,0.0,0.0,0.0,0.0002215710541063079,7.606170514097137e-05,0.0,0.0,0.0,0.0,0.0,0.0,0.0001661782905797309,5.7046278855728516e-05,0.0,0.0,0.0,0.0,0.0,0.0,0.0002562948760184905,0.0001901542628524284,0.0,0.0,0.0,0.0,0.0,0.0,0.0002562948760184905,0.0001901542628524284,0.0,0.0,0.0,0.0,0.0,0.0,7.688846280554713e-05,5.7046278855728516e-05,0.0,0.0,0.0,0.0,0.0,0.0,0.0002562948760184905,0.0001901542628524284,0.0,0.0,0.0,0.0,0.0,0.0,0.0002562948760184905,0.0001901542628524284,0.0,0.0,0.0,0.0,0.0,0.0,0.0002562948760184905,0.0001901542628524284,0.0,0.0,0.0,0.0,0.0,0.0,0.00015377692561109425,0.00011409255771145703,0.0,0.0,0.0,0.0,0.0,0.0,0.0,0.0,0.0,0.0,0.0,0.0,0.0,0.0,5.125897520369809e-05,0.0,0.0,0.0,0.0,0.0,0.0,0.0,0.00010251795040739618,7.606170514097137e-05,0.0,0.0,0.0,0.0,0.0,0.0,0.00010251795040739618,7.606170514097137e-05,0.0,0.0,0.0,0.0,0.0,0.0,0.0,0.0,0.0,0.0,0.0,0.0,0.0,0.0,0.00010251795040739618,7.606170514097137e-05,0.0,0.0,0.0,0.0,0.0,0.0,0.00010251795040739618,7.606170514097137e-05,0.0,0.0,0.0,0.0,0.0,0.0
x_R06_EXIT_E,0.0,0.0009970697434783856,0.002038784400843863,0.0004613307768332829,0.0004613307768332829,0.0004613307768332829,0.0004613307768332829,0.0004613307768332829,0.0,0.0002215710541063079,0.0004530632001875251,0.00010251795040739618,0.00010251795040739618,0.00010251795040739618,0.00010251795040739618,0.00010251795040739618,0.0004398350775543127,0.00021826402344800476,0.0,0.00021826402344800476,9.92109197490931e-05,0.00021826402344800476,0.00021826402344800476,9.92109197490931e-05,0.0004398350775543127,0.00021826402344800476,0.0,0.00021826402344800476,9.92109197490931e-05,0.00021826402344800476,0.00021826402344800476,9.92109197490931e-05,0.0011078552705315395,0.0,0.0011574607304060858,0.0,0.0005952655184945585,0.0,0.0,0.0005952655184945585,0.9193092514472246,0.9196009935581119,-0.8935228556816508,0.9195117037303376,0.9195117037303376,0.9195117037303376,0.9195117037303376,0.9195117037303376,0.0,0.0002215710541063079,0.0004530632001875251,0.00010251795040739618,0.00010251795040739618,0.00010251795040739618,0.00010251795040739618,0.00010251795040739618,0.00041337883228788786,0.00019180777818157994,0.0,0.00019180777818157994,7.275467448266826e-05,0.00019180777818157994,0.00019180777818157994,7.275467448266826e-05,0.00041337883228788786,0.00019180777818157994,0.0,0.00019180777818157994,7.275467448266826e-05,0.00019180777818157994,0.00019180777818157994,7.275467448266826e-05,0.00039353664833806926,0.00017196559423176132,0.0,0.00017196559423176132,5.291249053284965e-05,0.00017196559423176132,0.00017196559423176132,5.291249053284965e-05,0.0,0.0002662159679933998,0.000497708114074617,0.00014716286429448805,0.00014716286429448805,0.00014716286429448805,0.00014716286429448805,0.00014716286429448805,0.0,0.0002215710541063079,0.0004530632001875251,0.00010251795040739618,0.00010251795040739618,0.00010251795040739618,0.00010251795040739618,0.00010251795040739618,0.0,0.00018519371686497377,0.000416685862946191,6.614061316606206e-05,6.614061316606206e-05,6.614061316606206e-05,6.614061316606206e-05,6.614061316606206e-05,7.275467448266826e-05,0.00014881637962363965,0.0003803085257048569,0.0,0.0,0.0,0.0,0.0,0.00035385228043843196,0.00013228122633212412,9.92109197490931e-05,0.00013228122633212412,0.0,0.00013228122633212412,0.00013228122633212412,0.0,0.0003736944643882506,0.00015212341028194272,7.936873579927447e-05,0.00015212341028194272,0.0,0.00015212341028194272,0.00015212341028194272,0.0,0.00039353664833806926,0.00017196559423176132,5.9526551849455854e-05,0.00017196559423176132,5.291249053284965e-05,0.00017196559423176132,0.00017196559423176132,5.291249053284965e-05,0.00039353664833806926,0.00017196559423176132,5.9526551849455854e-05,0.00017196559423176132,5.291249053284965e-05,0.00017196559423176132,0.00017196559423176132,5.291249053284965e-05,0.00029515248625355193,0.00012897419567382102,0.0,0.00012897419567382102,0.0,0.00012897419567382102,0.00012897419567382102,0.0,0.0002562948760184905,0.0,0.0002810976059557637,0.0,0.0,0.0,0.0,0.0,0.0002562948760184905,0.0,0.0002810976059557637,0.0,0.0,0.0,0.0,0.0,7.688846280554713e-05,0.0,8.432928178672912e-05,0.0,0.0,0.0,0.0,0.0,0.0002562948760184905,0.0,0.0002810976059557637,0.0,0.0,0.0,0.0,0.0,0.0002562948760184905,0.0,0.0002810976059557637,0.0,0.0,0.0,0.0,0.0,0.0002562948760184905,0.0,0.0002810976059557637,0.0,0.0,0.0,0.0,0.0,0.00015377692561109425,0.0,0.00016865856357345824,0.0,0.0,0.0,0.0,0.0,0.0,0.0,0.0,0.0,0.0,0.0,0.0,0.0,5.125897520369809e-05,0.0,5.6219521191152754e-05,0.0,0.0,0.0,0.0,0.0,0.00010251795040739618,0.0,0.00011243904238230551,0.0,0.0,0.0,0.0,0.0,0.00010251795040739618,0.0,0.00011243904238230551,0.0,0.0,0.0,0.0,0.0,0.0,0.0,0.0,0.0,0.0,0.0,0.0,0.0,0.00010251795040739618,0.0,0.00011243904238230551,0.0,0.0,0.0,0.0,0.0,0.00010251795040739618,0.0,0.00011243904238230551,0.0,0.0,0.0,0.0,0.0
x_R06_EXIT_G,0.0,0.0004613307768332829,0.0004613307768332829,0.001562571986048216,0.0007292002601558343,0.0013319065976315748,0.0007292002601558343,0.0007292002601558343,0.0,0.00010251795040739618,0.00010251795040739618,0.00034723821912182576,0.00016204450225685204,0.0002959792439181277,0.00016204450225685204,0.00016204450225685204,0.00010251795040739618,0.0,0.0,0.00018519371686497374,0.0,0.0,0.0,0.0,0.00010251795040739618,0.0,0.0,0.00018519371686497374,0.0,0.0,0.0,0.0,0.000512589752036981,0.0,0.0,0.0009259685843248689,0.0,0.0,0.0,0.0,0.9193092514472246,0.9195117037303376,0.9195117037303376,-0.8950491406771716,0.9195563486442248,0.9196567997004707,0.9195563486442248,0.9195563486442248,0.0,0.00010251795040739618,0.00010251795040739618,0.00034723821912182576,0.00016204450225685204,0.0002959792439181277,0.00016204450225685204,0.00016204450225685204,0.00010251795040739618,0.0,0.0,0.00018519371686497374,0.0,0.0,0.0,0.0,0.00010251795040739618,0.0,0.0,0.00018519371686497374,0.0,0.0,0.0,0.0,0.00010251795040739618,0.0,0.0,0.00018519371686497374,0.0,0.0,0.0,0.0,0.0,0.00014716286429448805,0.00014716286429448805,0.0003918831330089177,0.0002066894161439439,0.00034062415780521967,0.0002066894161439439,0.0002066894161439439,0.0,0.00010251795040739618,0.00010251795040739618,0.00034723821912182576,0.00016204450225685204,0.0002959792439181277,0.00016204450225685204,0.00016204450225685204,0.0,6.614061316606206e-05,6.614061316606206e-05,0.0003108608818804917,0.0001256671650155179,0.00025960190667679363,0.0001256671650155179,0.0001256671650155179,7.275467448266826e-05,0.0,0.0,0.0002744835446391575,8.928982777418377e-05,0.00022322456943545945,8.928982777418377e-05,8.928982777418377e-05,0.00010251795040739618,0.0,0.0,0.00018519371686497374,0.0,0.0,0.0,0.0,0.00010251795040739618,0.0,0.0,0.00018519371686497374,0.0,0.0,0.0,0.0,0.00010251795040739618,0.0,0.0,0.00018519371686497374,0.0,0.0,0.0,0.0,0.00010251795040739618,0.0,0.0,0.00018519371686497374,0.0,0.0,0.0,0.0,7.688846280554713e-05,0.0,0.0,0.00013889528764873032,0.0,0.0,0.0,0.0,0.00040511125564213007,0.0,0.0,0.00046298429216243443,0.0,0.0,0.0,0.0,0.00040511125564213007,0.0,0.0,0.00046298429216243443,0.0,0.0,0.0,0.0,0.00022198443293859572,0.00010045105624595675,0.00010045105624595675,0.0,0.00010045105624595675,0.0,0.0,0.0,0.0005911317301716796,0.00018602047452954954,0.00018602047452954954,0.00027696381763288487,0.00018602047452954954,0.0,0.0,0.0,0.00040511125564213007,0.0,0.0,0.00046298429216243443,0.0,0.0,0.0,0.0,0.00040511125564213007,0.0,0.0,0.00046298429216243443,0.0,0.0,0.0,0.0,0.000243066753385278,0.0,0.0,0.0001661782905797309,0.0,0.0,0.0,0.0,0.0,0.0,0.0,0.0,0.0,0.0,0.0,0.0,0.00011822634603433591,0.0,0.0,0.0,0.0,0.0,0.0,0.0,0.00023645269206867183,0.0,0.0,0.00011078552705315395,0.0,0.0,0.0,0.0,0.00016204450225685204,0.0,0.0,0.00011078552705315395,0.0,0.0,0.0,0.0,0.0,0.0,0.0,0.0,0.0,0.0,0.0,0.0,0.00016204450225685204,0.0,0.0,0.00018519371686497374,0.0,0.0,0.0,0.0,0.00016204450225685204,0.0,0.0,0.00018519371686497374,0.0,0.0,0.0,0.0
x_R06_EXIT_H,0.0,0.0004613307768332829,0.0004613307768332829,0.0007292002601558343,0.0018081190124272218,0.0007292002601558343,0.000796167630986472,0.0015402495291046703,0.0,0.00010251795040739618,0.00010251795040739618,0.00016204450225685204,0.0004018042249838271,0.00016204450225685204,0.000176926140219216,0.00034227767313437115,0.00010251795040739618,0.0,0.0,0.0,0.0001058249810656993,0.0,0.0,0.0,0.00010251795040739618,0.0,0.0,0.0,0.0001058249810656993,0.0,0.0,0.0,0.000512589752036981,0.0,0.0,7.440818981181981e-05,0.0005291249053284965,0.0,0.0,0.00023149214608121722,0.9193092514472246,0.9195117037303376,0.9195117037303376,0.9195563486442248,-0.8903057383286803,0.9195563486442248,0.9195675098726965,0.9196915235223828,0.0,0.00010251795040739618,0.00010251795040739618,0.00016204450225685204,0.0004018042249838271,0.00016204450225685204,0.000176926140219216,0.00034227767313437115,0.00010251795040739618,0.0,0.0,0.0,0.0001058249810656993,0.0,0.0,0.0,0.00010251795040739618,0.0,0.0,0.0,0.0001058249810656993,0.0,0.0,0.0,0.00010251795040739618,0.0,0.0,0.0,0.0001058249810656993,0.0,0.0,0.0,0.0,0.00014716286429448805,0.00014716286429448805,0.0002066894161439439,0.0004464491388709189,0.0002066894161439439,0.0002215710541063079,0.00038692258702146306,0.0,0.00010251795040739618,0.00010251795040739618,0.00016204450225685204,0.0004018042249838271,0.00016204450225685204,0.000176926140219216,0.00034227767313437115,0.0,6.614061316606206e-05,6.614061316606206e-05,0.0001256671650155179,0.0003654268877424929,0.0001256671650155179,0.00014054880297788186,0.000305900335893037,7.275467448266826e-05,0.0,0.0,8.928982777418377e-05,0.0003290495505011588,8.928982777418377e-05,0.00010417146573654773,0.0002695229986517029,0.00010251795040739618,0.0,0.0,0.0,0.0001058249810656993,0.0,0.0,0.0,0.00010251795040739618,0.0,0.0,0.0,0.0001058249810656993,0.0,0.0,0.0,0.00010251795040739618,0.0,0.0,0.0,0.0001058249810656993,0.0,0.0,0.0,0.00010251795040739618,0.0,0.0,0.0,0.0001058249810656993,0.0,0.0,0.0,7.688846280554713e-05,0.0,0.0,0.0,7.936873579927447e-05,0.0,0.0,0.0,0.00044231535054804,0.0,0.00029763275924727924,0.0,0.0005621952119115275,0.0,0.0,0.0,0.00044231535054804,0.0,6.614061316606206e-05,0.0,0.0001984218394981862,0.0,0.0,0.0,0.000121533376692639,0.0,0.00010045105624595675,0.0,0.00017981979204523125,0.0,0.0,0.0,0.00040511125564213007,0.0,0.0003348368541531892,0.0,0.0005993993068174375,0.0,0.0,0.0,0.0008556941828359279,0.0004133788322878878,0.00011574607304060861,0.0004505829271937977,0.00014881637962363962,0.0,0.0,0.0,0.000954905102585021,0.0005125897520369809,0.0002149569927897017,0.0005497938469428908,0.0,0.0,0.0,0.0,0.00026538921032882395,0.0,0.00017857965554836754,0.0,0.00011905310369891172,0.0,0.0,0.0,0.0,0.0,0.0,0.0,0.0,0.0,0.0,0.0,8.102225112842602e-05,0.0,5.952655184945585e-05,0.0,0.00011243904238230548,0.0,0.0,0.0,0.00016204450225685204,0.0,0.0001190531036989117,0.0,0.00022487808476461096,0.0,0.0,0.0,0.000176926140219216,0.0,0.0001190531036989117,0.0,0.0,0.0,0.0,0.0,8.060887229613814e-05,0.0,0.0,0.0,0.0,0.0,0.0,0.0,0.00032243548918455255,0.00014550934896533652,0.0,0.00016039098692770048,0.0,0.0,0.0,0.0,0.00032243548918455255,0.00014550934896533652,0.0,0.00016039098692770048,0.0,0.0,0.0,0.0
x_R06_EXIT_A,0.0,0.0004613307768332829,0.0004613307768332829,0.0013319065976315748,0.0007292002601558343,0.003065617420246976,0.0007292002601558343,0.0007292002601558343,0.0,0.00010251795040739618,0.00010251795040739618,0.0002959792439181277,0.00016204450225685204,0.0006812483156104392,0.00016204450225685204,0.00016204450225685204,0.00010251795040739618,0.0,0.0,0.00013393474166127568,0.0,0.0001331079839966999,0.0,0.0,0.00010251795040739618,0.0,0.0,0.00013393474166127568,0.0,0.0001331079839966999,0.0,0.0,0.000512589752036981,0.0,0.0,0.0006696737083063783,0.0,0.0006655399199834994,0.0,0.0,0.9193092514472246,0.9195117037303376,0.9195117037303376,0.9196567997004707,0.9195563486442248,-0.8890109680659193,0.9195563486442248,0.9195563486442248,0.0,0.00010251795040739618,0.00010251795040739618,0.0002959792439181277,0.00016204450225685204,0.0006812483156104392,0.00016204450225685204,0.00016204450225685204,0.00010251795040739618,0.0,0.0,0.00013393474166127568,0.0,0.0001331079839966999,0.0,0.0,0.00010251795040739618,0.0,0.0,0.00013393474166127568,0.0,0.0001331079839966999,0.0,0.0,0.00010251795040739618,0.0,0.0,0.00013393474166127568,0.0,0.0001331079839966999,0.0,0.0,0.0,0.00014716286429448805,0.00014716286429448805,0.00034062415780521967,0.0002066894161439439,0.0007258932294975311,0.0002066894161439439,0.0002066894161439439,0.0,0.00010251795040739618,0.00010251795040739618,0.0002959792439181277,0.00016204450225685204,0.0006812483156104392,0.00016204450225685204,0.00016204450225685204,0.0,6.614061316606206e-05,6.614061316606206e-05,0.00025960190667679363,0.0001256671650155179,0.0006448709783691051,0.0001256671650155179,0.0001256671650155179,7.275467448266826e-05,0.0,0.0,0.00022322456943545945,8.928982777418377e-05,0.0006084936411277709,8.928982777418377e-05,8.928982777418377e-05,0.00010251795040739618,0.0,0.0,0.00013393474166127568,0.0,0.0001331079839966999,0.0,0.0,0.00010251795040739618,0.0,0.0,0.00013393474166127568,0.0,0.0001331079839966999,0.0,0.0,0.00010251795040739618,0.0,0.0,0.00013393474166127568,0.0,0.0001331079839966999,0.0,0.0,0.00010251795040739618,0.0,0.0,0.00013393474166127568,0.0,0.0001331079839966999,0.0,0.0,7.688846280554713e-05,0.0,0.0,0.00010045105624595675,0.0,9.983098799752492e-05,0.0,0.0,0.00040511125564213007,0.0,0.0,0.00033483685415318913,0.0,0.0003327699599917497,0.0,0.0,0.00040511125564213007,0.0,0.0,0.00033483685415318913,0.0,0.0003327699599917497,0.0,0.0,0.00031902511381817745,0.00019749173712553842,0.00019749173712553842,9.704068087958167e-05,0.00019749173712553842,0.0001919111228896519,9.208013489212701e-05,9.208013489212701e-05,0.0005911317301716796,0.00018602047452954954,0.00018602047452954954,0.00014881637962363962,0.00018602047452954954,0.0003327699599917497,0.0,0.0,0.00040511125564213007,0.0,0.0,0.00033483685415318913,0.0,0.0003327699599917497,0.0,0.0,0.00040511125564213007,0.0,0.0,0.00033483685415318913,0.0,0.0003327699599917497,0.0,0.0,0.000243066753385278,0.0,0.0,8.928982777418377e-05,0.0,0.00019966197599504985,0.0,0.0,0.0,0.0,0.0,0.0,0.0,0.0,0.0,0.0,0.00017961310262908724,6.138675659475135e-05,6.138675659475135e-05,0.00018043986029366303,6.138675659475135e-05,0.0,6.138675659475135e-05,6.138675659475135e-05,0.00023645269206867183,0.0,0.0,5.952655184945585e-05,0.0,0.0,0.0,0.0,0.00016204450225685204,0.0,0.0,5.952655184945585e-05,0.0,0.0001331079839966999,0.0,0.0,0.0,0.0,0.0,0.0,0.0,0.0,0.0,0.0,0.00016204450225685204,0.0,0.0,0.00013393474166127568,0.0,0.0001331079839966999,0.0,0.0,0.00016204450225685204,0.0,0.0,0.00013393474166127568,0.0,0.0001331079839966999,0.0,0.0
x_R06_EXIT_F,0.0,0.0004613307768332829,0.0004613307768332829,0.0007292002601558343,0.000796167630986472,0.0007292002601558343,0.002492674358695963,0.000796167630986472,0.0,0.00010251795040739618,0.00010251795040739618,0.00016204450225685204,0.000176926140219216,0.00016204450225685204,0.0005539276352657698,0.000176926140219216,0.00010251795040739618,0.0,0.0,0.0,0.0,0.0001256671650155179,0.0003770014950465538,0.0,0.00010251795040739618,0.0,0.0,0.0,0.0,0.0001256671650155179,0.0003770014950465538,0.0,0.000512589752036981,0.0,0.0,7.440818981181981e-05,0.0,0.0006283358250775895,0.0018850074752327685,0.0,0.9193092514472246,0.9195117037303376,0.9195117037303376,0.9195563486442248,0.9195675098726965,0.9195563486442248,-0.89127683296576,0.9195675098726965,0.0,0.00010251795040739618,0.00010251795040739618,0.00016204450225685204,0.000176926140219216,0.00016204450225685204,0.0005539276352657698,0.000176926140219216,0.00010251795040739618,0.0,0.0,0.0,0.0,0.0001256671650155179,0.0003770014950465538,0.0,0.00010251795040739618,0.0,0.0,0.0,0.0,0.0001256671650155179,0.0003770014950465538,0.0,0.00010251795040739618,0.0,0.0,0.0,0.0,0.0001256671650155179,0.0003770014950465538,0.0,0.0,0.00014716286429448805,0.00014716286429448805,0.0002066894161439439,0.0002215710541063079,0.0002066894161439439,0.0005985725491528618,0.0002215710541063079,0.0,0.00010251795040739618,0.00010251795040739618,0.00016204450225685204,0.000176926140219216,0.00016204450225685204,0.0005539276352657698,0.000176926140219216,0.0,6.614061316606206e-05,6.614061316606206e-05,0.0001256671650155179,0.00014054880297788186,0.0001256671650155179,0.0005175502980244356,0.00014054880297788186,7.275467448266826e-05,0.0,0.0,8.928982777418377e-05,0.00010417146573654773,8.928982777418377e-05,0.00048117296078310155,0.00010417146573654773,0.00010251795040739618,0.0,0.0,0.0,0.0,0.0001256671650155179,0.0003770014950465538,0.0,0.00010251795040739618,0.0,0.0,0.0,0.0,0.0001256671650155179,0.0003770014950465538,0.0,0.00010251795040739618,0.0,0.0,0.0,0.0,0.0001256671650155179,0.0003770014950465538,0.0,0.00010251795040739618,0.0,0.0,0.0,0.0,0.0001256671650155179,0.0003770014950465538,0.0,7.688846280554713e-05,0.0,0.0,0.0,0.0,9.425037376163843e-05,0.0002827511212849153,0.0,0.0007564832630868347,0.00031416791253879476,0.00031416791253879476,0.00035137200744470465,0.00031416791253879476,0.0,0.0006283358250775894,0.00031416791253879476,0.0010375808690425985,0.0005952655184945585,0.0,0.0006324696134004684,0.0,0.00031416791253879476,0.00031416791253879476,0.0,0.000121533376692639,0.0,0.0,0.0,0.0,0.0,0.0,0.0,0.00040511125564213007,0.0,0.0,0.0,0.0,0.0,0.00012814743800924523,0.0,0.00044231535054804,0.0,0.0,0.0,0.0,0.0,0.00012814743800924523,0.0,0.00044231535054804,0.0,0.0,0.0,0.0,0.0,0.00012814743800924523,0.0,0.0004439688658771915,0.00017857965554836754,0.00017857965554836754,0.0,6.696737083063783e-05,0.0,0.000121533376692639,0.0,0.00011491931537603284,7.068778032122883e-05,0.0,7.440818981181982e-05,0.0,0.0,0.0,0.0,8.102225112842602e-05,5.952655184945585e-05,5.952655184945585e-05,0.0,5.952655184945585e-05,0.0,0.0,0.0,0.00016204450225685204,0.0001190531036989117,0.0001190531036989117,0.0,0.0001190531036989117,0.0,5.125897520369809e-05,0.0,0.0002959792439181277,0.0001190531036989117,0.0001190531036989117,0.0,0.0,0.0,0.0,0.0,0.0,0.0,0.0,0.0,0.0,0.0,0.0,0.0,0.000176926140219216,0.0,0.0,0.0,0.0,0.0,5.125897520369809e-05,0.0,0.000176926140219216,0.0,0.0,0.0,0.0,0.0,5.125897520369809e-05,0.0
x_R06_EXIT_B,0.0,0.0004613307768332829,0.0004613307768332829,0.0007292002601558343,0.0015402495291046703,0.0007292002601558343,0.000796167630986472,0.004345438285010278,0.0,0.00010251795040739618,0.00010251795040739618,0.00016204450225685204,0.00034227767313437115,0.00016204450225685204,0.000176926140219216,0.0009656529522245061,0.00010251795040739618,0.0,0.0,0.0,0.0,0.0,0.0,0.0006696737083063784,0.00010251795040739618,0.0,0.0,0.0,0.0,0.0,0.0,0.0006696737083063784,0.000512589752036981,0.0,0.0,7.440818981181981e-05,0.00023149214608121722,0.0,0.0,0.003348368541531892,0.9193092514472246,0.9195117037303376,0.9195117037303376,0.9195563486442248,0.9196915235223828,0.9195563486442248,0.9195675098726965,-0.8848186448742247,0.0,0.00010251795040739618,0.00010251795040739618,0.00016204450225685204,0.00034227767313437115,0.00016204450225685204,0.000176926140219216,0.0009656529522245061,0.00010251795040739618,0.0,0.0,0.0,0.0,0.0,0.0,0.0006696737083063784,0.00010251795040739618,0.0,0.0,0.0,0.0,0.0,0.0,0.0006696737083063784,0.00010251795040739618,0.0,0.0,0.0,0.0,0.0,0.0,0.0006696737083063784,0.0,0.00014716286429448805,0.00014716286429448805,0.0002066894161439439,0.00038692258702146306,0.0002066894161439439,0.0002215710541063079,0.0010102978661115979,0.0,0.00010251795040739618,0.00010251795040739618,0.00016204450225685204,0.00034227767313437115,0.00016204450225685204,0.000176926140219216,0.0009656529522245061,0.0,6.614061316606206e-05,6.614061316606206e-05,0.0001256671650155179,0.000305900335893037,0.0001256671650155179,0.00014054880297788186,0.0009292756149831719,7.275467448266826e-05,0.0,0.0,8.928982777418377e-05,0.0002695229986517029,8.928982777418377e-05,0.00010417146573654773,0.0008928982777418378,0.00010251795040739618,0.0,0.0,0.0,0.0,0.0,0.0,0.0006696737083063784,0.00010251795040739618,0.0,0.0,0.0,0.0,0.0,0.0,0.0006696737083063784,0.00010251795040739618,0.0,0.0,0.0,0.0,0.0,0.0,0.0006696737083063784,0.00010251795040739618,0.0,0.0,0.0,0.0,0.0,0.0,0.0006696737083063784,7.688846280554713e-05,0.0,0.0,0.0,0.0,0.0,0.0,0.0005022552812297838,0.00044231535054804,0.0,0.00029763275924727924,0.0,0.0004133788322878878,0.0,0.0,0.0009445706317778237,0.00044231535054804,0.0,6.614061316606206e-05,0.0,0.0,0.0,0.0,0.0009445706317778237,0.000121533376692639,0.0,0.00010045105624595675,0.0,0.00013517487815813934,0.0,0.0,0.0002833711895333471,0.00040511125564213007,0.0,0.0003348368541531892,0.0,0.0004505829271937977,0.0,0.0,0.0009445706317778237,0.0011626279658096847,0.0007203126152616447,0.0004226798560143653,0.0007575167101675544,0.00030693378297375675,0.0003069337829737567,0.0003069337829737567,0.0012515044147515804,0.0008556941828359279,0.0004133788322878878,0.00011574607304060861,0.0004505829271937977,0.0,0.0,0.0,0.0,0.00026538921032882395,0.0,0.00017857965554836754,0.0,0.0,0.0,0.0,0.0005667423790666942,0.0,0.0,0.0,0.0,0.0,0.0,0.0,9.445706317778236e-05,8.102225112842602e-05,0.0,5.952655184945585e-05,0.0,8.267576645757757e-05,0.0,0.0,0.00018891412635556472,0.00016204450225685204,0.0,0.0001190531036989117,0.0,0.00016535153291515514,0.0,0.0,0.00037782825271112945,0.000176926140219216,0.0,0.0001190531036989117,0.0,0.0,0.0,0.0,0.00037782825271112945,8.060887229613814e-05,0.0,0.0,0.0,0.0,0.0,0.0,9.445706317778236e-05,0.0004452090023740553,0.00026828286215483917,0.00014922975845592753,0.00028316450011720316,0.0001227735131895027,0.0001227735131895027,0.0001227735131895027,0.0002550547395216268,0.00032243548918455255,0.00014550934896533652,0.0,0.00016039098692770048,0.0,0.0,0.0,0.0
x_R07_EXIT_C,7.936873579927447e-05,0.0,0.0,0.0,0.0,0.0,0.0,0.0,0.0001763749684428322,0.00015873747159854897,0.00015873747159854897,0.00015873747159854897,0.00015873747159854897,0.00015873747159854897,0.00015873747159854897,0.00015873747159854897,0.0,0.0,0.0,0.0,0.0,0.0,0.0,0.0,0.0,0.0,0.0,0.0,0.0,0.0,0.0,0.0,8.818748422141607e-05,0.0,0.0,0.0,0.0,0.0,0.0,0.0,0.0,0.0,0.0,0.0,0.0,0.0,0.0,0.0,-0.9124404177956049,0.9193092514472246,0.9193092514472246,0.9193092514472246,0.9193092514472246,0.9193092514472246,0.9193092514472246,0.9193092514472246,0.0,0.0,0.0,0.0,0.0,0.0,0.0,0.0,0.0,0.0,0.0,0.0,0.0,0.0,0.0,0.0,0.0,0.0,0.0,0.0,0.0,0.0,0.0,0.0,0.0,0.0,0.0,0.0,0.0,0.0,0.0,0.0,0.0,0.0,0.0,0.0,0.0,0.0,0.0,0.0,0.0,0.0,0.0,0.0,0.0,0.0,0.0,0.0,0.0,0.0,0.0,0.0,0.0,0.0,0.0,0.0,0.0,0.0,0.0,0.0,0.0,0.0,0.0,0.0,0.0,0.0,0.0,0.0,0.0,0.0,0.0,0.0,0.0,0.0,0.0,0.0,0.0,0.0,0.0,0.0,0.0,0.0,0.0,0.0,0.0,0.0,0.0,0.0,0.0,0.0,0.0,0.0,0.0,0.0,0.0,0.0,0.0,0.0,0.0,0.0,0.0,0.0,0.0,0.0,0.0,0.0,0.0,0.0,0.0,0.0,0.0,0.0,0.0,0.0,0.0,0.0,0.0,0.0,0.0,0.0,0.0,0.0,0.0,0.0,0.0,0.0,0.0,0.0,0.0,0.0,0.0,0.0,0.0,0.0,0.0,0.0,0.0,0.0,0.0,0.0,0.0,0.0,0.0,0.0,0.0,0.0,0.0,0.0,0.0,0.0,0.0,0.0,0.0,0.0,0.0,0.0,0.0,0.0,0.0,0.0,0.0,0.0,0.0,0.0,0.0,0.0,0.0,0.0,0.0,0.0,0.0,0.0,0.0,0.0,0.0,0.0,0.0,0.0,0.0,0.0,0.0,0.0,0.0,0.0,0.0,0.0,0.0,0.0,0.0,0.0,0.0,0.0,0.0,0.0,0.0,0.0,0.0,0.0,0.0,0.0,0.0,0.0,0.0,0.0,0.0,0.0,0.0,0.0
x_R07_EXIT_D,0.0,0.0020040605789316806,0.0015476903480858522,0.000833371725892382,0.000833371725892382,0.000833371725892382,0.000833371725892382,0.000833371725892382,0.0,0.00044534679531815124,0.0003439311884635227,0.0001851937168649738,0.0001851937168649738,0.0001851937168649738,0.0001851937168649738,0.0001851937168649738,0.0003439311884635227,0.0001014156068546285,0.0,0.0,0.0,0.0,0.0,0.0,0.0003439311884635227,0.0001014156068546285,0.0,0.0,0.0,0.0,0.0,0.0,0.001907054346288123,0.0,0.0001873984039705092,0.0001873984039705092,0.0001873984039705092,0.0001873984039705092,0.0001873984039705092,0.0001873984039705092,0.0,0.0002976327592472792,0.0002215710541063079,0.00010251795040739618,0.00010251795040739618,0.00010251795040739618,0.00010251795040739618,0.00010251795040739618,0.9193092514472246,-0.9002520243228718,0.9198168806532742,0.9196581431816756,0.9196581431816756,0.9196581431816756,0.9196581431816756,0.9196581431816756,0.0003439311884635227,0.0001014156068546285,0.0,0.0,0.0,0.0,0.0,0.0,0.0003439311884635227,0.0001014156068546285,0.0,0.0,0.0,0.0,0.0,0.0,0.0003439311884635227,0.0001014156068546285,0.0,0.0,0.0,0.0,0.0,0.0,0.0,0.0003968436789963724,0.0002954280721417439,0.00013669060054319492,0.00013669060054319492,0.00013669060054319492,0.00013669060054319492,0.00013669060054319492,0.0,0.0003968436789963724,0.0002954280721417439,0.00013669060054319492,0.00013669060054319492,0.00013669060054319492,0.00013669060054319492,0.00013669060054319492,9.70062326435577e-05,0.00034834056267459354,0.00024692495581996504,8.818748422141608e-05,8.818748422141608e-05,8.818748422141608e-05,8.818748422141608e-05,8.818748422141608e-05,0.00014550934896533652,0.00029983744635281474,0.0001984218394981862,0.0,0.0,0.0,0.0,0.0,0.0003439311884635227,0.0001014156068546285,0.0,0.0,0.0,0.0,0.0,0.0,0.0003439311884635227,0.0001014156068546285,0.0,0.0,0.0,0.0,0.0,0.0,0.0003439311884635227,0.0001014156068546285,0.0,0.0,0.0,0.0,0.0,0.0,0.0003439311884635227,0.0001014156068546285,0.0,0.0,0.0,0.0,0.0,0.0,0.00025794839134764204,7.606170514097137e-05,0.0,0.0,0.0,0.0,0.0,0.0,0.00046298429216243443,0.0002535390171365712,0.0,0.0,0.0,0.0,0.0,0.0,0.00046298429216243443,0.0002535390171365712,0.0,0.0,0.0,0.0,0.0,0.0,0.00013889528764873035,7.606170514097137e-05,0.0,0.0,0.0,0.0,0.0,0.0,0.00046298429216243443,0.0002535390171365712,0.0,0.0,0.0,0.0,0.0,0.0,0.00046298429216243443,0.0002535390171365712,0.0,0.0,0.0,0.0,0.0,0.0,0.00046298429216243443,0.0002535390171365712,0.0,0.0,0.0,0.0,0.0,0.0,0.0002777905752974607,0.00015212341028194274,0.0,0.0,0.0,0.0,0.0,0.0,0.0,0.0,0.0,0.0,0.0,0.0,0.0,0.0,9.25968584324869e-05,5.070780342731425e-05,0.0,0.0,0.0,0.0,0.0,0.0,0.0001851937168649738,0.0001014156068546285,0.0,0.0,0.0,0.0,0.0,0.0,0.0001851937168649738,0.0001014156068546285,0.0,0.0,0.0,0.0,0.0,0.0,0.0,0.0,0.0,0.0,0.0,0.0,0.0,0.0,0.0001851937168649738,0.0001014156068546285,0.0,0.0,0.0,0.0,0.0,0.0,0.0001851937168649738,0.0001014156068546285,0.0,0.0,0.0,0.0,0.0,0.0
x_R07_EXIT_E,0.0,0.0015476903480858522,0.0029366432245731557,0.000833371725892382,0.000833371725892382,0.000833371725892382,0.000833371725892382,0.000833371725892382,0.0,0.0003439311884635227,0.0006525873832384789,0.0001851937168649738,0.0001851937168649738,0.0001851937168649738,0.0001851937168649738,0.0001851937168649738,0.0006349498863941957,0.0002910186979306731,0.0,0.0002910186979306731,0.00013228122633212412,0.0002910186979306731,0.0002910186979306731,0.00013228122633212412,0.0006349498863941957,0.0002910186979306731,0.0,0.0002910186979306731,0.00013228122633212412,0.0002910186979306731,0.0002910186979306731,0.00013228122633212412,0.0017196559423176135,0.0,0.0015432809738747813,0.0,0.0007936873579927448,0.0,0.0,0.0007936873579927448,0.0,0.0002215710541063079,0.0004530632001875251,0.00010251795040739618,0.00010251795040739618,0.00010251795040739618,0.00010251795040739618,0.00010251795040739618,0.9193092514472246,0.9198168806532742,-0.8931719315012745,0.9196581431816756,0.9196581431816756,0.9196581431816756,0.9196581431816756,0.9196581431816756,0.0005996748927056292,0.0002557437042421067,5.291249053284965e-05,0.0002557437042421067,9.700623264355767e-05,0.0002557437042421067,0.0002557437042421067,9.700623264355767e-05,0.0005996748927056292,0.0002557437042421067,0.0,0.0002557437042421067,9.700623264355767e-05,0.0002557437042421067,0.0002557437042421067,9.700623264355767e-05,0.0005732186474392045,0.00022928745897568184,0.0,0.00022928745897568184,7.054998737713286e-05,0.00022928745897568184,0.00022928745897568184,7.054998737713286e-05,0.0,0.0002954280721417439,0.0006040842669167002,0.00013669060054319492,0.00013669060054319492,0.00013669060054319492,0.00013669060054319492,0.00013669060054319492,0.0,0.0002954280721417439,0.0006040842669167002,0.00013669060054319492,0.00013669060054319492,0.00013669060054319492,0.00013669060054319492,0.00013669060054319492,9.70062326435577e-05,0.00024692495581996504,0.0005555811505949214,8.818748422141608e-05,8.818748422141608e-05,8.818748422141608e-05,8.818748422141608e-05,8.818748422141608e-05,0.00014550934896533652,0.0001984218394981862,0.0005070780342731425,0.0,0.0,0.0,0.0,0.0,0.0005203061569063549,0.0001763749684428322,0.00013228122633212412,0.0001763749684428322,0.0,0.0001763749684428322,0.0001763749684428322,0.0,0.0005467624021727797,0.00020283121370925702,0.0001058249810656993,0.00020283121370925702,0.0,0.00020283121370925702,0.00020283121370925702,0.0,0.0005732186474392045,0.00022928745897568184,7.936873579927447e-05,0.00022928745897568184,7.054998737713286e-05,0.00022928745897568184,0.00022928745897568184,7.054998737713286e-05,0.0005732186474392045,0.00022928745897568184,7.936873579927447e-05,0.00022928745897568184,7.054998737713286e-05,0.00022928745897568184,0.00022928745897568184,7.054998737713286e-05,0.0004299139855794034,0.00017196559423176132,5.9526551849455854e-05,0.00017196559423176132,5.291249053284965e-05,0.00017196559423176132,0.00017196559423176132,5.291249053284965e-05,0.00046298429216243443,0.0,0.00037479680794101834,0.0,0.0,0.0,0.0,0.0,0.00046298429216243443,0.0,0.00037479680794101834,0.0,0.0,0.0,0.0,0.0,0.00013889528764873035,0.0,0.00011243904238230551,0.0,0.0,0.0,0.0,0.0,0.00046298429216243443,0.0,0.00037479680794101834,0.0,0.0,0.0,0.0,0.0,0.00046298429216243443,0.0,0.00037479680794101834,0.0,0.0,0.0,0.0,0.0,0.00046298429216243443,0.0,0.00037479680794101834,0.0,0.0,0.0,0.0,0.0,0.0002777905752974607,0.0,0.00022487808476461102,0.0,0.0,0.0,0.0,0.0,0.0,0.0,0.0,0.0,0.0,0.0,0.0,0.0,9.25968584324869e-05,0.0,7.495936158820366e-05,0.0,0.0,0.0,0.0,0.0,0.0001851937168649738,0.0,0.00014991872317640732,0.0,0.0,0.0,0.0,0.0,0.0001851937168649738,0.0,0.00014991872317640732,0.0,0.0,0.0,0.0,0.0,0.0,0.0,0.0,0.0,0.0,0.0,0.0,0.0,0.0001851937168649738,0.0,0.00014991872317640732,0.0,0.0,0.0,0.0,0.0,0.0001851937168649738,0.0,0.00014991872317640732,0.0,0.0,0.0,0.0,0.0
x_R07_EXIT_G,0.0,0.000833371725892382,0.000833371725892382,0.0023016933381789593,0.0011905310369891172,0.0019941394869567707,0.0011905310369891172,0.0011905310369891172,0.0,0.0001851937168649738,0.0001851937168649738,0.0005114874084842133,0.0002645624526642483,0.0004431421082126158,0.0002645624526642483,0.0002645624526642483,0.0001851937168649738,0.0,0.0,0.00024692495581996504,0.0,0.0,0.0,0.0,0.0001851937168649738,0.0,0.0,0.00024692495581996504,0.0,0.0,0.0,0.0,0.0009259685843248689,0.0,0.0,0.0012346247790998252,0.0,0.0,0.0,0.0,0.0,0.00010251795040739618,0.00010251795040739618,0.00034723821912182576,0.00016204450225685204,0.0002959792439181277,0.00016204450225685204,0.00016204450225685204,0.9193092514472246,0.9196581431816756,0.9196581431816756,-0.8947599477357502,0.9197375119174749,0.9199160915730232,0.9197375119174749,0.9197375119174749,0.0001851937168649738,0.0,0.0,0.00024692495581996504,0.0,0.0,0.0,0.0,0.0001851937168649738,0.0,0.0,0.00024692495581996504,0.0,0.0,0.0,0.0,0.0001851937168649738,0.0,0.0,0.00024692495581996504,0.0,0.0,0.0,0.0,0.0,0.00013669060054319492,0.00013669060054319492,0.00046298429216243443,0.0002160593363424694,0.00039463899189083693,0.0002160593363424694,0.0002160593363424694,0.0,0.00013669060054319492,0.00013669060054319492,0.00046298429216243443,0.0002160593363424694,0.00039463899189083693,0.0002160593363424694,0.0002160593363424694,9.70062326435577e-05,8.818748422141608e-05,8.818748422141608e-05,0.0004144811758406556,0.00016755622002069057,0.00034613587556905814,0.00016755622002069057,0.00016755622002069057,0.00014550934896533652,0.0,0.0,0.00036597805951887674,0.00011905310369891172,0.0002976327592472793,0.00011905310369891172,0.00011905310369891172,0.0001851937168649738,0.0,0.0,0.00024692495581996504,0.0,0.0,0.0,0.0,0.0001851937168649738,0.0,0.0,0.00024692495581996504,0.0,0.0,0.0,0.0,0.0001851937168649738,0.0,0.0,0.00024692495581996504,0.0,0.0,0.0,0.0,0.0001851937168649738,0.0,0.0,0.00024692495581996504,0.0,0.0,0.0,0.0,0.00013889528764873035,0.0,0.0,0.00018519371686497374,0.0,0.0,0.0,0.0,0.0006614061316606207,0.0,0.0,0.0006173123895499126,0.0,0.0,0.0,0.0,0.0006614061316606207,0.0,0.0,0.0006173123895499126,0.0,0.0,0.0,0.0,0.0003323565811594619,0.00013393474166127568,0.00013393474166127568,5.125897520369809e-05,0.00013393474166127568,0.0,0.0,0.0,0.0009094334310333534,0.0002480272993727327,0.0002480272993727327,0.0003692850901771798,0.0002480272993727327,0.0,0.0,0.0,0.0006614061316606207,0.0,0.0,0.0006173123895499126,0.0,0.0,0.0,0.0,0.0006614061316606207,0.0,0.0,0.0006173123895499126,0.0,0.0,0.0,0.0,0.0003968436789963724,0.0,0.0,0.0002215710541063079,0.0,0.0,0.0,0.0,6.614061316606207e-05,0.0,0.0,6.173123895499126e-05,0.0,0.0,0.0,0.0,0.00018188668620667067,0.0,0.0,0.0,0.0,0.0,0.0,0.0,0.00036377337241334134,0.0,0.0,0.00014771403607087195,0.0,0.0,0.0,0.0,0.0002645624526642483,0.0,0.0,0.00014771403607087195,0.0,0.0,0.0,0.0,6.614061316606207e-05,0.0,0.0,0.0,0.0,0.0,0.0,0.0,0.0002645624526642483,0.0,0.0,0.00024692495581996504,0.0,0.0,0.0,0.0,0.0002645624526642483,0.0,0.0,0.00024692495581996504,0.0,0.0,0.0,0.0
x_R07_EXIT_H,0.0,0.000833371725892382,0.000833371725892382,0.0011905310369891172,0.002629089373350967,0.0011905310369891172,0.0012798208647633008,0.002271930062254232,0.0,0.0001851937168649738,0.0001851937168649738,0.0002645624526642483,0.0005842420829668815,0.0002645624526642483,0.0002844046366140669,0.000504873347167607,0.0001851937168649738,0.0,0.0,0.0,0.00014109997475426572,0.0,0.0,6.173123895499125e-05,0.0001851937168649738,0.0,0.0,0.0,0.00014109997475426572,0.0,0.0,6.173123895499125e-05,0.0009259685843248689,0.0,0.0,9.92109197490931e-05,0.0007054998737713286,0.0,0.0,0.0003086561947749563,0.0,0.00010251795040739618,0.00010251795040739618,0.00016204450225685204,0.0004018042249838271,0.00016204450225685204,0.000176926140219216,0.00034227767313437115,0.9193092514472246,0.9196581431816756,0.9196581431816756,0.9197375119174749,-0.8899847152171727,0.9197375119174749,0.9197573541014247,0.9199778228119783,0.0001851937168649738,0.0,0.0,0.0,0.00014109997475426572,0.0,0.0,6.173123895499125e-05,0.0001851937168649738,0.0,0.0,0.0,0.00014109997475426572,0.0,0.0,6.173123895499125e-05,0.0001851937168649738,0.0,0.0,0.0,0.00014109997475426572,0.0,0.0,6.173123895499125e-05,0.0,0.00013669060054319492,0.00013669060054319492,0.0002160593363424694,0.0005357389666451026,0.0002160593363424694,0.00023590152029228804,0.0004563702308458283,0.0,0.00013669060054319492,0.00013669060054319492,0.0002160593363424694,0.0005357389666451026,0.0002160593363424694,0.00023590152029228804,0.0004563702308458283,9.70062326435577e-05,8.818748422141608e-05,8.818748422141608e-05,0.00016755622002069057,0.0004872358503233239,0.00016755622002069057,0.0001873984039705092,0.00040786711452404944,0.00014550934896533652,0.0,0.0,0.00011905310369891172,0.00043873273400154504,0.00011905310369891172,0.00013889528764873035,0.0003593639982022706,0.0001851937168649738,0.0,0.0,0.0,0.00014109997475426572,0.0,0.0,6.173123895499125e-05,0.0001851937168649738,0.0,0.0,0.0,0.00014109997475426572,0.0,0.0,6.173123895499125e-05,0.0001851937168649738,0.0,0.0,0.0,0.00014109997475426572,0.0,0.0,6.173123895499125e-05,0.0001851937168649738,0.0,0.0,0.0,0.00014109997475426572,0.0,0.0,6.173123895499125e-05,0.00013889528764873035,0.0,0.0,0.0,0.0001058249810656993,0.0,0.0,0.0,0.0007110115915351671,0.0,0.0003968436789963724,0.0,0.0007495936158820367,0.0,0.0,0.0,0.0007110115915351671,0.0,8.818748422141607e-05,0.0,0.00026456245266424824,0.0,0.0,0.0,0.0001984218394981862,0.0,0.00013393474166127568,0.0,0.00023975972272697493,0.0,0.0,0.0,0.0006614061316606207,0.0,0.0004464491388709189,0.0,0.0007991990757565832,0.0,0.0,0.0,0.0012621833679190176,0.0005511717763838505,0.00015432809738747814,0.000600777236258397,0.0001984218394981862,0.0,0.0,0.0,0.0013944645942511416,0.0006834530027159746,0.00028660932371960224,0.0007330584625905212,6.614061316606205e-05,0.0,0.0,0.0,0.00042660695492110026,0.0,0.0002381062073978234,0.0,0.00015873747159854894,0.0,0.0,0.0,7.110115915351672e-05,0.0,0.0,0.0,0.0,0.0,0.0,0.0,0.00013228122633212415,0.0,7.936873579927449e-05,0.0,0.00014991872317640737,0.0,0.0,0.0,0.0002645624526642483,0.0,0.00015873747159854897,0.0,0.00029983744635281474,0.0,0.0,0.0,0.0002844046366140669,0.0,0.00015873747159854897,0.0,0.0,0.0,0.0,0.0,0.00011960427547529557,0.0,0.0,0.0,0.0,0.0,0.0,0.0,0.0004784171019011823,0.0001940124652871154,0.0,0.00021385464923693405,0.0,0.0,0.0,0.0,0.0004784171019011823,0.0001940124652871154,0.0,0.00021385464923693405,0.0,0.0,0.0,0.0
x_R07_EXIT_A,0.0,0.000833371725892382,0.000833371725892382,0.0019941394869567707,0.0011905310369891172,0.00430575391711064,0.0011905310369891172,0.0011905310369891172,0.0,0.0001851937168649738,0.0001851937168649738,0.0004431421082126158,0.0002645624526642483,0.0009568342038023645,0.0002645624526642483,0.0002645624526642483,0.0001851937168649738,0.0,0.0,0.0001785796555483676,0.0,0.0001774773119955999,0.0,0.0,0.0001851937168649738,0.0,0.0,0.0001785796555483676,0.0,0.0001774773119955999,0.0,0.0,0.0009259685843248689,0.0,0.0,0.0008928982777418378,0.0,0.0008873865599779993,0.0,0.0,0.0,0.00010251795040739618,0.00010251795040739618,0.0002959792439181277,0.00016204450225685204,0.0006812483156104392,0.00016204450225685204,0.00016204450225685204,0.9193092514472246,0.9196581431816756,0.9196581431816756,0.9199160915730232,0.9197375119174749,-0.8885269359015462,0.9197375119174749,0.9197375119174749,0.0001851937168649738,0.0,0.0,0.0001785796555483676,0.0,0.0001774773119955999,0.0,0.0,0.0001851937168649738,0.0,0.0,0.0001785796555483676,0.0,0.0001774773119955999,0.0,0.0,0.0001851937168649738,0.0,0.0,0.0001785796555483676,0.0,0.0001774773119955999,0.0,0.0,0.0,0.00013669060054319492,0.00013669060054319492,0.00039463899189083693,0.0002160593363424694,0.0009083310874805856,0.0002160593363424694,0.0002160593363424694,0.0,0.00013669060054319492,0.00013669060054319492,0.00039463899189083693,0.0002160593363424694,0.0009083310874805856,0.0002160593363424694,0.0002160593363424694,9.70062326435577e-05,8.818748422141608e-05,8.818748422141608e-05,0.00034613587556905814,0.00016755622002069057,0.0008598279711588068,0.00016755622002069057,0.00016755622002069057,0.00014550934896533652,0.0,0.0,0.0002976327592472793,0.00011905310369891172,0.000811324854837028,0.00011905310369891172,0.00011905310369891172,0.0001851937168649738,0.0,0.0,0.0001785796555483676,0.0,0.0001774773119955999,0.0,0.0,0.0001851937168649738,0.0,0.0,0.0001785796555483676,0.0,0.0001774773119955999,0.0,0.0,0.0001851937168649738,0.0,0.0,0.0001785796555483676,0.0,0.0001774773119955999,0.0,0.0,0.0001851937168649738,0.0,0.0,0.0001785796555483676,0.0,0.0001774773119955999,0.0,0.0,0.00013889528764873035,0.0,0.0,0.00013393474166127568,0.0,0.0001331079839966999,0.0,0.0,0.0006614061316606207,0.0,0.0,0.0004464491388709189,0.0,0.00044369327998899965,0.0,0.0,0.0006614061316606207,0.0,0.0,0.0004464491388709189,0.0,0.00044369327998899965,0.0,0.0,0.00046174415566557075,0.0002633223161673846,0.0002633223161673846,0.0001293875745061089,0.0002633223161673846,0.00025588149718620254,0.0001227735131895027,0.0001227735131895027,0.0009094334310333534,0.0002480272993727327,0.0002480272993727327,0.0001984218394981862,0.0002480272993727327,0.00044369327998899965,0.0,0.0,0.0006614061316606207,0.0,0.0,0.0004464491388709189,0.0,0.00044369327998899965,0.0,0.0,0.0006614061316606207,0.0,0.0,0.0004464491388709189,0.0,0.00044369327998899965,0.0,0.0,0.0003968436789963724,0.0,0.0,0.0001190531036989117,0.0,0.0002662159679933998,0.0,0.0,6.614061316606207e-05,0.0,0.0,0.0,0.0,0.0,0.0,0.0,0.0002637356949996724,8.184900879300182e-05,8.184900879300182e-05,0.00024058648039155077,8.184900879300182e-05,0.0,8.184900879300182e-05,8.184900879300182e-05,0.00036377337241334134,0.0,0.0,7.936873579927449e-05,0.0,0.0,0.0,0.0,0.0002645624526642483,0.0,0.0,7.936873579927449e-05,0.0,0.0001774773119955999,0.0,0.0,6.614061316606207e-05,0.0,0.0,0.0,0.0,0.0,0.0,0.0,0.0002645624526642483,0.0,0.0,0.0001785796555483676,0.0,0.0001774773119955999,0.0,0.0,0.0002645624526642483,0.0,0.0,0.0001785796555483676,0.0,0.0001774773119955999,0.0,0.0
x_R07_EXIT_F,0.0,0.000833371725892382,0.000833371725892382,0.0011905310369891172,0.0012798208647633008,0.0011905310369891172,0.003541829835042624,0.0012798208647633008,0.0,0.0001851937168649738,0.0001851937168649738,0.0002645624526642483,0.0002844046366140669,0.0002645624526642483,0.0007870732966761386,0.0002844046366140669,0.0001851937168649738,0.0,0.0,0.0,0.0,0.00016755622002069057,0.0005026686600620718,0.0,0.0001851937168649738,0.0,0.0,0.0,0.0,0.00016755622002069057,0.0005026686600620718,0.0,0.0009259685843248689,0.0,0.0,9.92109197490931e-05,0.0,0.0008377811001034529,0.002513343300310359,0.0,0.0,0.00010251795040739618,0.00010251795040739618,0.00016204450225685204,0.000176926140219216,0.00016204450225685204,0.0005539276352657698,0.000176926140219216,0.9193092514472246,0.9196581431816756,0.9196581431816756,0.9197375119174749,0.9197573541014247,0.9197375119174749,-0.8908670711982546,0.9197573541014247,0.0001851937168649738,0.0,0.0,0.0,0.0,0.00016755622002069057,0.0005026686600620718,0.0,0.0001851937168649738,0.0,0.0,0.0,0.0,0.00016755622002069057,0.0005026686600620718,0.0,0.0001851937168649738,0.0,0.0,0.0,0.0,0.00016755622002069057,0.0005026686600620718,0.0,0.0,0.00013669060054319492,0.00013669060054319492,0.0002160593363424694,0.00023590152029228804,0.0002160593363424694,0.0007385701803543598,0.00023590152029228804,0.0,0.00013669060054319492,0.00013669060054319492,0.0002160593363424694,0.00023590152029228804,0.0002160593363424694,0.0007385701803543598,0.00023590152029228804,9.70062326435577e-05,8.818748422141608e-05,8.818748422141608e-05,0.00016755622002069057,0.0001873984039705092,0.00016755622002069057,0.0006900670640325809,0.0001873984039705092,0.00014550934896533652,0.0,0.0,0.00011905310369891172,0.00013889528764873035,0.00011905310369891172,0.0006415639477108022,0.00013889528764873035,0.0001851937168649738,0.0,0.0,0.0,0.0,0.00016755622002069057,0.0005026686600620718,0.0,0.0001851937168649738,0.0,0.0,0.0,0.0,0.00016755622002069057,0.0005026686600620718,0.0,0.0001851937168649738,0.0,0.0,0.0,0.0,0.00016755622002069057,0.0005026686600620718,0.0,0.0001851937168649738,0.0,0.0,0.0,0.0,0.00016755622002069057,0.0005026686600620718,0.0,0.00013889528764873035,0.0,0.0,0.0,0.0,0.0001256671650155179,0.0003770014950465538,0.0,0.0011299021415868934,0.00041889055005172644,0.00041889055005172644,0.00046849600992627296,0.00041889055005172644,0.0,0.0008377811001034529,0.00041889055005172644,0.0015046989495279117,0.0007936873579927448,0.0,0.0008432928178672913,0.0,0.00041889055005172644,0.00041889055005172633,0.0,0.0001984218394981862,0.0,0.0,0.0,0.0,0.0,5.125897520369809e-05,0.0,0.0006614061316606207,0.0,0.0,0.0,0.0,0.0,0.00017086325067899367,0.0,0.0007110115915351671,0.0,0.0,0.0,0.0,0.0,0.00017086325067899367,0.0,0.0007110115915351671,0.0,0.0,0.0,0.0,0.0,0.00017086325067899367,0.0,0.0006647131623189236,0.0002381062073978234,0.0002381062073978234,0.0,8.928982777418377e-05,0.0,0.00016204450225685204,0.0,0.00016535153291515517,9.425037376163843e-05,0.0,9.92109197490931e-05,0.0,0.0,0.0,0.0,0.00013228122633212415,7.936873579927449e-05,7.936873579927449e-05,0.0,7.936873579927449e-05,0.0,0.0,0.0,0.0002645624526642483,0.00015873747159854897,0.00015873747159854897,0.0,0.00015873747159854897,0.0,6.834530027159747e-05,0.0,0.0004431421082126159,0.00015873747159854897,0.00015873747159854897,0.0,0.0,0.0,0.0,0.0,7.110115915351672e-05,0.0,0.0,0.0,0.0,0.0,0.0,0.0,0.0002844046366140669,0.0,0.0,0.0,0.0,0.0,6.834530027159747e-05,0.0,0.0002844046366140669,0.0,0.0,0.0,0.0,0.0,6.834530027159747e-05,0.0
x_R07_EXIT_B,0.0,0.000833371725892382,0.000833371725892382,0.0011905310369891172,0.002271930062254232,0.0011905310369891172,0.0012798208647633008,0.006012181736795042,0.0,0.0001851937168649738,0.0001851937168649738,0.0002645624526642483,0.000504873347167607,0.0002645624526642483,0.0002844046366140669,0.0013360403859544537,0.0001851937168649738,0.0,0.0,0.0,6.173123895499125e-05,0.0,0.0,0.0008928982777418379,0.0001851937168649738,0.0,0.0,0.0,6.173123895499125e-05,0.0,0.0,0.0008928982777418379,0.0009259685843248689,0.0,0.0,9.92109197490931e-05,0.0003086561947749563,0.0,0.0,0.004464491388709189,0.0,0.00010251795040739618,0.00010251795040739618,0.00016204450225685204,0.00034227767313437115,0.00016204450225685204,0.000176926140219216,0.0009656529522245061,0.9193092514472246,0.9196581431816756,0.9196581431816756,0.9197375119174749,0.9199778228119783,0.9197375119174749,0.9197573541014247,-0.8841687100051601,0.0001851937168649738,0.0,0.0,0.0,6.173123895499125e-05,0.0,0.0,0.0008928982777418379,0.0001851937168649738,0.0,0.0,0.0,6.173123895499125e-05,0.0,0.0,0.0008928982777418379,0.0001851937168649738,0.0,0.0,0.0,6.173123895499125e-05,0.0,0.0,0.0008928982777418379,0.0,0.00013669060054319492,0.00013669060054319492,0.0002160593363424694,0.0004563702308458283,0.0002160593363424694,0.00023590152029228804,0.0012875372696326748,0.0,0.00013669060054319492,0.00013669060054319492,0.0002160593363424694,0.0004563702308458283,0.0002160593363424694,0.00023590152029228804,0.0012875372696326748,9.70062326435577e-05,8.818748422141608e-05,8.818748422141608e-05,0.00016755622002069057,0.00040786711452404944,0.00016755622002069057,0.0001873984039705092,0.001239034153310896,0.00014550934896533652,0.0,0.0,0.00011905310369891172,0.0003593639982022706,0.00011905310369891172,0.00013889528764873035,0.0011905310369891172,0.0001851937168649738,0.0,0.0,0.0,6.173123895499125e-05,0.0,0.0,0.0008928982777418379,0.0001851937168649738,0.0,0.0,0.0,6.173123895499125e-05,0.0,0.0,0.0008928982777418379,0.0001851937168649738,0.0,0.0,0.0,6.173123895499125e-05,0.0,0.0,0.0008928982777418379,0.0001851937168649738,0.0,0.0,0.0,6.173123895499125e-05,0.0,0.0,0.0008928982777418379,0.00013889528764873035,0.0,0.0,0.0,0.0,0.0,0.0,0.0006696737083063784,0.0007110115915351671,0.0,0.0003968436789963724,0.0,0.0005511717763838505,0.0,0.0,0.0012594275090370985,0.0007110115915351671,0.0,8.818748422141607e-05,0.0,6.614061316606205e-05,0.0,0.0,0.0012594275090370985,0.0001984218394981862,0.0,0.00013393474166127568,0.0,0.00018023317087751908,0.0,0.0,0.00037782825271112945,0.0006614061316606207,0.0,0.0004464491388709189,0.0,0.000600777236258397,0.0,0.0,0.0012594275090370985,0.0016714284118840266,0.0009604168203488595,0.000563573141352487,0.0010100222802234059,0.000409245043965009,0.000409245043965009,0.000409245043965009,0.0016686725530021074,0.0012621833679190176,0.0005511717763838505,0.00015432809738747814,0.000600777236258397,0.0,0.0,0.0,0.0,0.00042660695492110026,0.0,0.0002381062073978234,0.0,0.0,0.0,0.0,0.0007556565054222589,7.110115915351672e-05,0.0,0.0,0.0,0.0,0.0,0.0,0.00012594275090370985,0.00013228122633212415,0.0,7.936873579927449e-05,0.0,0.00011023435527677012,0.0,0.0,0.0002518855018074197,0.0002645624526642483,0.0,0.00015873747159854897,0.0,0.00022046871055354025,0.0,0.0,0.0005037710036148394,0.0002844046366140669,0.0,0.00015873747159854897,0.0,0.0,0.0,0.0,0.0005037710036148394,0.00011960427547529557,0.0,0.0,0.0,0.0,0.0,0.0,0.00012594275090370985,0.000642115119487186,0.00035771048287311906,0.00019897301127457006,0.00037755266682293765,0.00016369801758600363,0.00016369801758600363,0.00016369801758600363,0.0003400729860288358,0.0004784171019011823,0.0001940124652871154,0.0,0.00021385464923693405,0.0,0.0,0.0,0.0
x_R08_EXIT_C,7.936873579927447e-05,0.0018056387394334945,0.002956485408522975,0.0010913201172400243,0.0010913201172400243,0.0010913201172400243,0.0010913201172400243,0.0010913201172400243,0.0,0.0004012530532074432,0.0006569967574495497,0.00024251558160889424,0.00024251558160889424,0.00024251558160889424,0.00024251558160889424,0.00024251558160889424,0.0006746342542938329,0.0002557437042421067,0.0,0.0002557437042421067,9.700623264355767e-05,0.0002557437042421067,0.0002557437042421067,9.700623264355767e-05,0.0006746342542938329,0.0002557437042421067,0.0,0.0002557437042421067,9.700623264355767e-05,0.0002557437042421067,0.0002557437042421067,9.700623264355767e-05,0.002094452750258632,0.0,0.0012787185212105332,0.0,0.0007936873579927448,0.0,0.0,0.0007936873579927448,5.6219521191152754e-05,0.0002215710541063079,0.00041337883228788786,0.00010251795040739618,0.00010251795040739618,0.00010251795040739618,0.00010251795040739618,0.00010251795040739618,0.0,0.0003439311884635227,0.0005996748927056292,0.0001851937168649738,0.0001851937168649738,0.0001851937168649738,0.0001851937168649738,0.0001851937168649738,-0.8939527114958791,0.9196493244332534,0.9193935807290113,0.9196493244332534,0.919490586961655,0.9196493244332534,0.9196493244332534,0.919490586961655,0.0006746342542938329,0.0002557437042421067,0.0,0.0002557437042421067,9.700623264355767e-05,0.0002557437042421067,0.0002557437042421067,9.700623264355767e-05,0.0006481780090274081,0.00022928745897568184,0.0,0.00022928745897568184,7.054998737713286e-05,0.00022928745897568184,0.00022928745897568184,7.054998737713286e-05,0.00012346247790998252,0.0002954280721417439,0.0005511717763838505,0.00013669060054319492,0.00013669060054319492,0.00013669060054319492,0.00013669060054319492,0.00013669060054319492,0.00012346247790998252,0.0002954280721417439,0.0005511717763838505,0.00013669060054319492,0.00013669060054319492,0.00013669060054319492,0.00013669060054319492,0.00013669060054319492,0.00017196559423176134,0.00024692495581996504,0.0005026686600620717,8.818748422141608e-05,8.818748422141608e-05,8.818748422141608e-05,8.818748422141608e-05,8.818748422141608e-05,0.00022046871055354022,0.0001984218394981862,0.00045416554374029283,0.0,0.0,0.0,0.0,0.0,0.0005952655184945585,0.0001763749684428322,7.936873579927447e-05,0.0001763749684428322,0.0,0.0001763749684428322,0.0001763749684428322,0.0,0.0006217217637609833,0.00020283121370925702,5.291249053284965e-05,0.00020283121370925702,0.0,0.00020283121370925702,0.00020283121370925702,0.0,0.0006481780090274081,0.00022928745897568184,0.0,0.00022928745897568184,7.054998737713286e-05,0.00022928745897568184,0.00022928745897568184,7.054998737713286e-05,0.0006481780090274081,0.00022928745897568184,0.0,0.00022928745897568184,7.054998737713286e-05,0.00022928745897568184,0.00022928745897568184,7.054998737713286e-05,0.0004861335067705561,0.00017196559423176132,0.0,0.00017196559423176132,5.291249053284965e-05,0.00017196559423176132,0.00017196559423176132,5.291249053284965e-05,0.0006503826961329435,0.0,0.00024251558160889424,0.0,0.0,0.0,0.0,0.0,0.0006503826961329435,0.0,0.00024251558160889424,0.0,0.0,0.0,0.0,0.0,0.00019511480883988307,0.0,7.275467448266826e-05,0.0,0.0,0.0,0.0,0.0,0.0006503826961329435,0.0,0.00024251558160889424,0.0,0.0,0.0,0.0,0.0,0.0006503826961329435,0.0,0.00024251558160889424,0.0,0.0,0.0,0.0,0.0,0.0006503826961329435,0.0,0.00024251558160889424,0.0,0.0,0.0,0.0,0.0,0.00039022961767976613,0.0,0.00014550934896533652,0.0,0.0,0.0,0.0,0.0,6.503826961329436e-05,0.0,0.0,0.0,0.0,0.0,0.0,0.0,0.00013007653922658872,0.0,0.0,0.0,0.0,0.0,0.0,0.0,0.00026015307845317744,0.0,9.700623264355767e-05,0.0,0.0,0.0,0.0,0.0,0.00026015307845317744,0.0,9.700623264355767e-05,0.0,0.0,0.0,0.0,0.0,6.503826961329436e-05,0.0,0.0,0.0,0.0,0.0,0.0,0.0,0.00026015307845317744,0.0,9.700623264355767e-05,0.0,0.0,0.0,0.0,0.0,0.00026015307845317744,0.0,9.700623264355767e-05,0.0,0.0,0.0,0.0,0.0
x_R08_EXIT_D,0.0,0.0004563702308458282,0.0011508466690894799,0.0,0.0,0.0,0.0,0.0,0.0,0.0001014156068546285,0.0002557437042421067,0.0,0.0,0.0,0.0,0.0,0.0002557437042421067,0.00035715931109673514,0.0,0.0002557437042421067,9.700623264355767e-05,0.0002557437042421067,0.0002557437042421067,9.700623264355767e-05,0.0002557437042421067,0.00035715931109673514,0.0,0.0002557437042421067,9.700623264355767e-05,0.0002557437042421067,0.0002557437042421067,9.700623264355767e-05,0.0001873984039705092,0.0,0.0014661169251810424,0.0001873984039705092,0.0009810857619632538,0.0001873984039705092,0.0001873984039705092,0.0009810857619632538,0.0,7.606170514097137e-05,0.00019180777818157994,0.0,0.0,0.0,0.0,0.0,0.0,0.0001014156068546285,0.0002557437042421067,0.0,0.0,0.0,0.0,0.0,0.9196493244332534,-0.9011430386727531,0.9193935807290113,0.9196493244332534,0.919490586961655,0.9196493244332534,0.9196493244332534,0.919490586961655,0.0002557437042421067,0.00035715931109673514,0.0,0.0002557437042421067,9.700623264355767e-05,0.0002557437042421067,0.0002557437042421067,9.700623264355767e-05,0.00022928745897568184,0.00033070306583031034,0.0,0.00022928745897568184,7.054998737713286e-05,0.00022928745897568184,0.00022928745897568184,7.054998737713286e-05,0.0,0.0001014156068546285,0.0002557437042421067,0.0,0.0,0.0,0.0,0.0,0.0,0.0001014156068546285,0.0002557437042421067,0.0,0.0,0.0,0.0,0.0,0.0,0.0001014156068546285,0.0002557437042421067,0.0,0.0,0.0,0.0,0.0,0.0,0.0001014156068546285,0.0002557437042421067,0.0,0.0,0.0,0.0,0.0,0.0001763749684428322,0.0002777905752974607,7.936873579927447e-05,0.0001763749684428322,0.0,0.0001763749684428322,0.0001763749684428322,0.0,0.00020283121370925702,0.0003042468205638855,5.291249053284965e-05,0.00020283121370925702,0.0,0.00020283121370925702,0.00020283121370925702,0.0,0.00022928745897568184,0.00033070306583031034,0.0,0.00022928745897568184,7.054998737713286e-05,0.00022928745897568184,0.00022928745897568184,7.054998737713286e-05,0.00022928745897568184,0.00033070306583031034,0.0,0.00022928745897568184,7.054998737713286e-05,0.00022928745897568184,0.00022928745897568184,7.054998737713286e-05,0.00017196559423176132,0.00024802729937273266,0.0,0.00017196559423176132,5.291249053284965e-05,0.00017196559423176132,0.00017196559423176132,5.291249053284965e-05,0.0,0.0002535390171365712,0.00024251558160889424,0.0,0.0,0.0,0.0,0.0,0.0,0.0002535390171365712,0.00024251558160889424,0.0,0.0,0.0,0.0,0.0,0.0,7.606170514097137e-05,7.275467448266826e-05,0.0,0.0,0.0,0.0,0.0,0.0,0.0002535390171365712,0.00024251558160889424,0.0,0.0,0.0,0.0,0.0,0.0,0.0002535390171365712,0.00024251558160889424,0.0,0.0,0.0,0.0,0.0,0.0,0.0002535390171365712,0.00024251558160889424,0.0,0.0,0.0,0.0,0.0,0.0,0.00015212341028194274,0.00014550934896533652,0.0,0.0,0.0,0.0,0.0,0.0,0.0,0.0,0.0,0.0,0.0,0.0,0.0,0.0,5.070780342731425e-05,0.0,0.0,0.0,0.0,0.0,0.0,0.0,0.0001014156068546285,9.700623264355767e-05,0.0,0.0,0.0,0.0,0.0,0.0,0.0001014156068546285,9.700623264355767e-05,0.0,0.0,0.0,0.0,0.0,0.0,0.0,0.0,0.0,0.0,0.0,0.0,0.0,0.0,0.0001014156068546285,9.700623264355767e-05,0.0,0.0,0.0,0.0,0.0,0.0,0.0001014156068546285,9.700623264355767e-05,0.0,0.0,0.0,0.0,0.0
x_R08_EXIT_E,0.0,0.0,0.00023810620739782342,0.0,0.0,0.0,0.0,0.0,0.0,0.0,5.291249053284965e-05,0.0,0.0,0.0,0.0,0.0,0.0,0.0,0.0,0.0,0.0,0.0,0.0,0.0,0.0,0.0,0.0,0.0,0.0,0.0,0.0,0.0,0.0,0.0,0.00026456245266424824,0.0,0.0,0.0,0.0,0.0,0.0,0.0,0.0,0.0,0.0,0.0,0.0,0.0,0.0,0.0,5.291249053284965e-05,0.0,0.0,0.0,0.0,0.0,0.9193935807290113,0.9193935807290113,-0.9133843446360191,0.9193935807290113,0.9193935807290113,0.9193935807290113,0.9193935807290113,0.9193935807290113,0.0,0.0,0.0,0.0,0.0,0.0,0.0,0.0,0.0,0.0,0.0,0.0,0.0,0.0,0.0,0.0,0.0,0.0,5.291249053284965e-05,0.0,0.0,0.0,0.0,0.0,0.0,0.0,5.291249053284965e-05,0.0,0.0,0.0,0.0,0.0,0.0,0.0,5.291249053284965e-05,0.0,0.0,0.0,0.0,0.0,0.0,0.0,5.291249053284965e-05,0.0,0.0,0.0,0.0,0.0,0.0,0.0,5.291249053284965e-05,0.0,0.0,0.0,0.0,0.0,0.0,0.0,5.291249053284965e-05,0.0,0.0,0.0,0.0,0.0,0.0,0.0,5.291249053284965e-05,0.0,0.0,0.0,0.0,0.0,0.0,0.0,5.291249053284965e-05,0.0,0.0,0.0,0.0,0.0,0.0,0.0,0.0,0.0,0.0,0.0,0.0,0.0,0.0,0.0,0.00013228122633212412,0.0,0.0,0.0,0.0,0.0,0.0,0.0,0.00013228122633212412,0.0,0.0,0.0,0.0,0.0,0.0,0.0,0.0,0.0,0.0,0.0,0.0,0.0,0.0,0.0,0.00013228122633212412,0.0,0.0,0.0,0.0,0.0,0.0,0.0,0.00013228122633212412,0.0,0.0,0.0,0.0,0.0,0.0,0.0,0.00013228122633212412,0.0,0.0,0.0,0.0,0.0,0.0,0.0,7.936873579927447e-05,0.0,0.0,0.0,0.0,0.0,0.0,0.0,0.0,0.0,0.0,0.0,0.0,0.0,0.0,0.0,0.0,0.0,0.0,0.0,0.0,0.0,0.0,0.0,5.291249053284965e-05,0.0,0.0,0.0,0.0,0.0,0.0,0.0,5.291249053284965e-05,0.0,0.0,0.0,0.0,0.0,0.0,0.0,0.0,0.0,0.0,0.0,0.0,0.0,0.0,0.0,5.291249053284965e-05,0.0,0.0,0.0,0.0,0.0,0.0,0.0,5.291249053284965e-05,0.0,0.0,0.0,0.0,0.0
x_R08_EXIT_G,0.0,0.0,0.0011508466690894799,0.0011111623011898428,8.928982777418378e-05,0.0008036084499676541,8.928982777418378e-05,8.928982777418378e-05,0.0,0.0,0.0002557437042421067,0.00024692495581996504,0.0,0.0001785796555483676,0.0,0.0,0.0002557437042421067,0.0002557437042421067,0.0,0.0006018795798111646,9.700623264355767e-05,0.0003351124400413811,0.0003351124400413811,9.700623264355767e-05,0.0002557437042421067,0.0002557437042421067,0.0,0.0006018795798111646,9.700623264355767e-05,0.0003351124400413811,0.0003351124400413811,9.700623264355767e-05,0.0,0.0,0.0012787185212105332,0.0017306793778452906,0.0007936873579927448,0.0003968436789963724,0.0003968436789963724,0.0007936873579927448,0.0,0.0,0.00019180777818157994,0.00018519371686497374,0.0,0.00013393474166127568,0.0,0.0,0.0,0.0,0.0002557437042421067,0.00024692495581996504,0.0,0.0001785796555483676,0.0,0.0,0.9196493244332534,0.9196493244332534,0.9193935807290113,-0.8929402789755707,0.919490586961655,0.9197286931690527,0.9197286931690527,0.919490586961655,0.0002557437042421067,0.0002557437042421067,0.0,0.0006018795798111646,9.700623264355767e-05,0.0003351124400413811,0.0003351124400413811,9.700623264355767e-05,0.00022928745897568184,0.00022928745897568184,0.0,0.0005754233345447398,7.054998737713286e-05,0.0003086561947749563,0.0003086561947749563,7.054998737713286e-05,0.0,0.0,0.0002557437042421067,0.00024692495581996504,0.0,0.0001785796555483676,0.0,0.0,0.0,0.0,0.0002557437042421067,0.00024692495581996504,0.0,0.0001785796555483676,0.0,0.0,0.0,0.0,0.0002557437042421067,0.00024692495581996504,0.0,0.0001785796555483676,0.0,0.0,0.0,0.0,0.0002557437042421067,0.00024692495581996504,0.0,0.0001785796555483676,0.0,0.0,0.0001763749684428322,0.0001763749684428322,7.936873579927447e-05,0.0005225108440118903,0.0,0.00025574370424210664,0.00025574370424210664,0.0,0.00020283121370925702,0.00020283121370925702,5.291249053284965e-05,0.0005489670892783151,0.0,0.00028219994950853144,0.00028219994950853144,0.0,0.00022928745897568184,0.00022928745897568184,0.0,0.0005754233345447398,7.054998737713286e-05,0.0003086561947749563,0.0003086561947749563,7.054998737713286e-05,0.00022928745897568184,0.00022928745897568184,0.0,0.0005754233345447398,7.054998737713286e-05,0.0003086561947749563,0.0003086561947749563,7.054998737713286e-05,0.00017196559423176132,0.00017196559423176132,0.0,0.000431567500908555,5.291249053284965e-05,0.0002314921460812172,0.0002314921460812172,5.291249053284965e-05,0.0,0.0001984218394981862,0.00024251558160889424,0.000666917849424459,0.0,0.0,0.0,0.0,0.0,0.0001984218394981862,0.00024251558160889424,0.000666917849424459,0.0,0.0,0.0,0.0,0.00013393474166127568,0.00020834293147309547,0.00022157105410630786,5.125897520369809e-05,0.00014881637962363962,0.0,0.0,0.0,0.0002480272993727327,0.0004960545987454654,0.0005401483408561735,0.0003692850901771798,0.0002976327592472793,0.0,0.0,0.0,0.0,0.0001984218394981862,0.00024251558160889424,0.000666917849424459,0.0,0.0,0.0,0.0,0.0,0.0001984218394981862,0.00024251558160889424,0.000666917849424459,0.0,0.0,0.0,0.0,0.0,0.0001190531036989117,0.00014550934896533652,0.0002215710541063079,0.0,0.0,0.0,0.0,0.0,0.0,0.0,6.669178494244592e-05,0.0,0.0,0.0,0.0,0.0,0.0,0.0,0.0,0.0,0.0,0.0,0.0,9.921091974909311e-05,7.936873579927449e-05,9.700623264355767e-05,0.00014771403607087195,0.0,0.0,0.0,0.0,0.0,7.936873579927449e-05,9.700623264355767e-05,0.00014771403607087195,0.0,0.0,0.0,0.0,0.0,0.0,0.0,0.0,0.0,0.0,0.0,0.0,0.0,7.936873579927449e-05,9.700623264355767e-05,0.0002667671397697837,0.0,0.0,0.0,0.0,0.0,7.936873579927449e-05,9.700623264355767e-05,0.0002667671397697837,0.0,0.0,0.0,0.0
x_R08_EXIT_H,0.0,0.0,0.0004365280468960096,0.0,0.0006349498863941958,0.0,0.0,0.00027779057529746064,0.0,0.0,9.700623264355767e-05,0.0,0.00014109997475426572,0.0,0.0,6.173123895499125e-05,9.700623264355767e-05,9.700623264355767e-05,0.0,9.700623264355767e-05,0.00027338120108638984,9.700623264355767e-05,9.700623264355767e-05,0.00019401246528711537,9.700623264355767e-05,9.700623264355767e-05,0.0,9.700623264355767e-05,0.00027338120108638984,9.700623264355767e-05,9.700623264355767e-05,0.00019401246528711537,0.0,0.0,0.0004850311632177885,0.0,0.0008818748422141608,0.0,0.0,0.00048503116321778843,0.0,0.0,7.275467448266826e-05,0.0,0.0001058249810656993,0.0,0.0,0.0,0.0,0.0,9.700623264355767e-05,0.0,0.00014109997475426572,0.0,0.0,6.173123895499125e-05,0.919490586961655,0.919490586961655,0.9193935807290113,0.919490586961655,-0.8936305064192258,0.919490586961655,0.919490586961655,0.9195875931942985,9.700623264355767e-05,9.700623264355767e-05,0.0,9.700623264355767e-05,0.00027338120108638984,9.700623264355767e-05,9.700623264355767e-05,0.00019401246528711537,7.054998737713286e-05,7.054998737713286e-05,0.0,7.054998737713286e-05,0.00024692495581996504,7.054998737713286e-05,7.054998737713286e-05,0.00016755622002069054,0.0,0.0,9.700623264355767e-05,0.0,0.00014109997475426572,0.0,0.0,6.173123895499125e-05,0.0,0.0,9.700623264355767e-05,0.0,0.00014109997475426572,0.0,0.0,6.173123895499125e-05,0.0,0.0,9.700623264355767e-05,0.0,0.00014109997475426572,0.0,0.0,6.173123895499125e-05,0.0,0.0,9.700623264355767e-05,0.0,0.00014109997475426572,0.0,0.0,6.173123895499125e-05,0.0,0.0,7.936873579927447e-05,0.0,0.00019401246528711537,0.0,0.0,0.0001146437294878409,0.0,0.0,5.291249053284965e-05,0.0,0.00022046871055354022,0.0,0.0,0.00014109997475426572,7.054998737713286e-05,7.054998737713286e-05,0.0,7.054998737713286e-05,0.00024692495581996504,7.054998737713286e-05,7.054998737713286e-05,0.00016755622002069054,7.054998737713286e-05,7.054998737713286e-05,0.0,7.054998737713286e-05,0.00024692495581996504,7.054998737713286e-05,7.054998737713286e-05,0.00016755622002069054,5.291249053284965e-05,5.291249053284965e-05,0.0,5.291249053284965e-05,0.00018519371686497377,5.291249053284965e-05,5.291249053284965e-05,0.0001256671650155179,0.0,0.0,0.0003307030658303103,0.0,0.0003527499368856643,0.0,0.0,0.0,0.0,0.0,0.0004188905500517264,0.0,0.00026456245266424824,0.0,0.0,0.0,0.0,0.0,9.92109197490931e-05,0.0,0.0001058249810656993,0.0,0.0,0.0,0.0,0.0,0.0003307030658303103,0.0,0.0003527499368856643,0.0,0.0,0.0,0.00015432809738747814,0.00015432809738747814,0.0004850311632177885,0.00015432809738747814,0.0001984218394981862,0.0,0.0,0.0,0.00028660932371960224,0.00028660932371960224,0.0006173123895499126,0.00028660932371960224,6.614061316606205e-05,0.0,0.0,0.0,0.0,0.0,0.0001984218394981862,0.0,0.00015873747159854894,0.0,0.0,0.0,0.0,0.0,0.0,0.0,0.0,0.0,0.0,0.0,0.0,0.0,6.614061316606206e-05,0.0,7.054998737713286e-05,0.0,0.0,0.0,0.0,0.0,0.00013228122633212412,0.0,0.00014109997475426572,0.0,0.0,0.0,0.0,0.0,0.00013228122633212412,0.0,0.0,0.0,0.0,0.0,0.0,0.0,0.0,0.0,0.0,0.0,0.0,0.0,0.0,0.0,0.00016755622002069054,0.0,0.0,0.0,0.0,0.0,0.0,0.0,0.00016755622002069054,0.0,0.0,0.0,0.0,0.0
x_R08_EXIT_A,0.0,0.0,0.0011508466690894799,0.0,0.0,0.0007986479039801995,0.0007540029900931075,0.0,0.0,0.0,0.0002557437042421067,0.0,0.0,0.0001774773119955999,0.00016755622002069057,0.0,0.0002557437042421067,0.0002557437042421067,0.0,0.0003351124400413811,9.700623264355767e-05,0.0010858083994761856,0.0005026686600620717,9.700623264355767e-05,0.0002557437042421067,0.0002557437042421067,0.0,0.0003351124400413811,9.700623264355767e-05,0.0010858083994761856,0.0005026686600620717,9.700623264355767e-05,0.0,0.0,0.0012787185212105332,0.0003968436789963724,0.0007936873579927448,0.004150323476170394,0.0012346247790998252,0.0007936873579927448,0.0,0.0,0.00019180777818157994,0.0,0.0,0.0001331079839966999,0.0001256671650155179,0.0,0.0,0.0,0.0002557437042421067,0.0,0.0,0.0001774773119955999,0.00016755622002069057,0.0,0.9196493244332534,0.9196493244332534,0.9193935807290113,0.9197286931690527,0.919490586961655,-0.8868495496494849,0.9198962493890734,0.919490586961655,0.0002557437042421067,0.0002557437042421067,0.0,0.0003351124400413811,9.700623264355767e-05,0.0010858083994761856,0.0005026686600620717,9.700623264355767e-05,0.00022928745897568184,0.00022928745897568184,0.0,0.0003086561947749563,7.054998737713286e-05,0.0010593521542097606,0.00047621241479564683,7.054998737713286e-05,0.0,0.0,0.0002557437042421067,0.0,0.0,0.0001774773119955999,0.00016755622002069057,0.0,0.0,0.0,0.0002557437042421067,0.0,0.0,0.0001774773119955999,0.00016755622002069057,0.0,0.0,0.0,0.0002557437042421067,0.0,0.0,0.0001774773119955999,0.00016755622002069057,0.0,0.0,0.0,0.0002557437042421067,0.0,0.0,0.0001774773119955999,0.00016755622002069057,0.0,0.0001763749684428322,0.0001763749684428322,7.936873579927447e-05,0.00025574370424210664,0.0,0.001006439663676911,0.0004232999242627972,0.0,0.00020283121370925702,0.00020283121370925702,5.291249053284965e-05,0.00028219994950853144,0.0,0.0010328959089433358,0.00044975616952922204,0.0,0.00022928745897568184,0.00022928745897568184,0.0,0.0003086561947749563,7.054998737713286e-05,0.0010593521542097606,0.00047621241479564683,7.054998737713286e-05,0.00022928745897568184,0.00022928745897568184,0.0,0.0003086561947749563,7.054998737713286e-05,0.0010593521542097606,0.00047621241479564683,7.054998737713286e-05,0.00017196559423176132,0.00017196559423176132,0.0,0.0002314921460812172,5.291249053284965e-05,0.0007945141156573205,0.0003571593110967351,5.291249053284965e-05,0.00041889055005172644,0.0006173123895499126,0.0006614061316606207,0.00041889055005172644,0.00041889055005172644,0.0014578493485352846,0.0,0.0,0.0003968436789963724,0.0005952655184945586,0.00024251558160889424,0.0003968436789963724,0.0,0.0014578493485352846,0.0,0.0,0.0,5.952655184945585e-05,7.275467448266826e-05,0.0,0.0,0.0001331079839966999,0.0001190531036989117,0.0001190531036989117,0.0,0.0001984218394981862,0.00024251558160889424,0.0,0.0,0.0006917205793617325,0.00014881637962363965,0.00014881637962363965,0.0,0.0001984218394981862,0.00024251558160889424,0.0,0.0,0.000840536958985372,0.0,0.0,0.0,0.0001984218394981862,0.00024251558160889424,0.0,0.0,0.000840536958985372,0.0,0.0,0.0005655022425698305,0.0006845553462687422,0.0007110115915351671,0.0001190531036989117,0.0,0.0005340854513159512,0.0,0.0,0.0,5.952655184945586e-05,0.0,0.0,0.0,8.901424188599187e-05,0.0,0.0,0.00013145446866754835,0.00039932395199009975,0.0004081427004122413,8.184900879300182e-05,0.00035963958409046255,0.0,0.00016121774459227628,0.00016121774459227628,0.0,0.0005357389666451027,0.0005533764634893858,0.0,0.00045637023084582823,0.0,5.952655184945586e-05,5.952655184945586e-05,0.00039684367899637244,0.0004762124147956469,0.0004938499116399301,5.952655184945586e-05,0.0,0.0003362147835941488,0.0,0.0,0.0,0.0,0.0,0.0,0.0,8.40536958985372e-05,0.0,0.0,0.0,7.936873579927449e-05,9.700623264355767e-05,0.0,0.0,0.0003362147835941488,0.0,0.0,0.0,7.936873579927449e-05,9.700623264355767e-05,0.0,0.0,0.0003362147835941488,0.0,0.0
x_R08_EXIT_F,0.0,0.0,0.0011508466690894799,0.0,0.0,0.0,0.002262008970279323,0.0,0.0,0.0,0.0002557437042421067,0.0,0.0,0.0,0.0005026686600620718,0.0,0.0002557437042421067,0.0002557437042421067,0.0,0.0003351124400413811,9.700623264355767e-05,0.0005026686600620717,0.0008377811001034528,9.700623264355767e-05,0.0002557437042421067,0.0002557437042421067,0.0,0.0003351124400413811,9.700623264355767e-05,0.0005026686600620717,0.0008377811001034528,9.700623264355767e-05,0.0,0.0,0.0012787185212105332,0.0003968436789963724,0.0007936873579927448,0.0012346247790998252,0.0029101869793067307,0.0007936873579927448,0.0,0.0,0.00019180777818157994,0.0,0.0,0.0,0.0003770014950465538,0.0,0.0,0.0,0.0002557437042421067,0.0,0.0,0.0,0.0005026686600620718,0.0,0.9196493244332534,0.9196493244332534,0.9193935807290113,0.9197286931690527,0.919490586961655,0.9198962493890734,-0.8912574611955569,0.919490586961655,0.0002557437042421067,0.0002557437042421067,0.0,0.0003351124400413811,9.700623264355767e-05,0.0005026686600620717,0.0008377811001034528,9.700623264355767e-05,0.00022928745897568184,0.00022928745897568184,0.0,0.0003086561947749563,7.054998737713286e-05,0.00047621241479564683,0.000811324854837028,7.054998737713286e-05,0.0,0.0,0.0002557437042421067,0.0,0.0,0.0,0.0005026686600620718,0.0,0.0,0.0,0.0002557437042421067,0.0,0.0,0.0,0.0005026686600620718,0.0,0.0,0.0,0.0002557437042421067,0.0,0.0,0.0,0.0005026686600620718,0.0,0.0,0.0,0.0002557437042421067,0.0,0.0,0.0,0.0005026686600620718,0.0,0.0001763749684428322,0.0001763749684428322,7.936873579927447e-05,0.00025574370424210664,0.0,0.0004232999242627972,0.0007584123643041784,0.0,0.00020283121370925702,0.00020283121370925702,5.291249053284965e-05,0.00028219994950853144,0.0,0.00044975616952922204,0.0007848686095706032,0.0,0.00022928745897568184,0.00022928745897568184,0.0,0.0003086561947749563,7.054998737713286e-05,0.00047621241479564683,0.000811324854837028,7.054998737713286e-05,0.00022928745897568184,0.00022928745897568184,0.0,0.0003086561947749563,7.054998737713286e-05,0.00047621241479564683,0.000811324854837028,7.054998737713286e-05,0.00017196559423176132,0.00017196559423176132,0.0,0.0002314921460812172,5.291249053284965e-05,0.0003571593110967351,0.000608493641127771,5.291249053284965e-05,0.00041889055005172644,0.0006173123895499126,0.0006614061316606207,0.00041889055005172644,0.00041889055005172644,0.0,0.0008377811001034529,0.00041889055005172644,0.0007936873579927448,0.0009921091974909309,0.00024251558160889424,0.0007936873579927448,0.0,0.00041889055005172644,0.00041889055005172633,0.0,0.0,5.952655184945585e-05,7.275467448266826e-05,0.0,0.0,0.0,5.125897520369809e-05,0.0,0.0,0.0001984218394981862,0.00024251558160889424,0.0,0.0,0.0,0.00017086325067899367,0.0,0.0,0.0001984218394981862,0.00024251558160889424,0.0,0.0,0.0,0.00017086325067899367,0.0,0.0,0.0001984218394981862,0.00024251558160889424,0.0,0.0,0.0,0.00017086325067899367,0.0,0.0002381062073978234,0.0003571593110967351,0.0003836155563631599,0.0,8.928982777418377e-05,0.0,0.00016204450225685204,0.0,9.425037376163843e-05,0.00011409255771145709,0.0,9.425037376163843e-05,0.0,0.0,0.0,0.0,0.0,0.00011905310369891172,0.00012787185212105335,0.0,7.936873579927449e-05,0.0,0.0,0.0,0.0,0.00023810620739782344,0.0002557437042421067,0.0,0.00015873747159854897,0.0,6.834530027159747e-05,0.0,0.00015873747159854897,0.00023810620739782344,0.0002557437042421067,0.0,0.0,0.0,0.0,0.0,0.0,0.0,0.0,0.0,0.0,0.0,0.0,0.0,0.0,7.936873579927449e-05,9.700623264355767e-05,0.0,0.0,0.0,6.834530027159747e-05,0.0,0.0,7.936873579927449e-05,9.700623264355767e-05,0.0,0.0,0.0,6.834530027159747e-05,0.0
x_R08_EXIT_B,0.0,0.0,0.0004365280468960096,0.0,0.00027779057529746064,0.0,0.0,0.004018042249838271,0.0,0.0,9.700623264355767e-05,0.0,6.173123895499125e-05,0.0,0.0,0.0008928982777418379,9.700623264355767e-05,9.700623264355767e-05,0.0,9.700623264355767e-05,0.00019401246528711537,9.700623264355767e-05,9.700623264355767e-05,0.0010251795040739618,9.700623264355767e-05,9.700623264355767e-05,0.0,9.700623264355767e-05,0.00019401246528711537,9.700623264355767e-05,9.700623264355767e-05,0.0010251795040739618,0.0,0.0,0.0004850311632177885,0.0,0.00048503116321778843,0.0,0.0,0.00464086635715202,0.0,0.0,7.275467448266826e-05,0.0,0.0,0.0,0.0,0.0006696737083063784,0.0,0.0,9.700623264355767e-05,0.0,6.173123895499125e-05,0.0,0.0,0.0008928982777418379,0.919490586961655,0.919490586961655,0.9193935807290113,0.919490586961655,0.9195875931942985,0.919490586961655,0.919490586961655,-0.8878145012072131,9.700623264355767e-05,9.700623264355767e-05,0.0,9.700623264355767e-05,0.00019401246528711537,9.700623264355767e-05,9.700623264355767e-05,0.0010251795040739618,7.054998737713286e-05,7.054998737713286e-05,0.0,7.054998737713286e-05,0.00016755622002069054,7.054998737713286e-05,7.054998737713286e-05,0.0009987232588075372,0.0,0.0,9.700623264355767e-05,0.0,6.173123895499125e-05,0.0,0.0,0.0008928982777418379,0.0,0.0,9.700623264355767e-05,0.0,6.173123895499125e-05,0.0,0.0,0.0008928982777418379,0.0,0.0,9.700623264355767e-05,0.0,6.173123895499125e-05,0.0,0.0,0.0008928982777418379,0.0,0.0,9.700623264355767e-05,0.0,6.173123895499125e-05,0.0,0.0,0.0008928982777418379,0.0,0.0,7.936873579927447e-05,0.0,0.0001146437294878409,0.0,0.0,0.0009458107682746875,0.0,0.0,5.291249053284965e-05,0.0,0.00014109997475426572,0.0,0.0,0.0009722670135411123,7.054998737713286e-05,7.054998737713286e-05,0.0,7.054998737713286e-05,0.00016755622002069054,7.054998737713286e-05,7.054998737713286e-05,0.0009987232588075372,7.054998737713286e-05,7.054998737713286e-05,0.0,7.054998737713286e-05,0.00016755622002069054,7.054998737713286e-05,7.054998737713286e-05,0.0009987232588075372,5.291249053284965e-05,5.291249053284965e-05,0.0,5.291249053284965e-05,0.0001256671650155179,5.291249053284965e-05,5.291249053284965e-05,0.0007490424441056526,0.0,0.0,0.0003307030658303103,0.0,0.00015432809738747814,0.0,0.0,0.0012594275090370985,0.0,0.0,0.0004188905500517264,0.0,6.614061316606205e-05,0.0,0.0,0.0012594275090370985,0.0,0.0,9.92109197490931e-05,0.0,0.0,0.0,0.0,0.00037782825271112945,0.0,0.0,0.0003307030658303103,0.0,0.00015432809738747814,0.0,0.0,0.0012594275090370985,0.000563573141352487,0.000563573141352487,0.0008942762071827974,0.000563573141352487,0.000409245043965009,0.000409245043965009,0.000409245043965009,0.0016686725530021074,0.00015432809738747814,0.00015432809738747814,0.0004850311632177885,0.00015432809738747814,0.0,0.0,0.0,0.0,0.0,0.0,0.0001984218394981862,0.0,0.0,0.0,0.0,0.0007556565054222589,0.0,0.0,0.0,0.0,0.0,0.0,0.0,0.00012594275090370985,0.0,0.0,6.614061316606206e-05,0.0,0.0,0.0,0.0,0.0002518855018074197,0.0,0.0,0.00013228122633212412,0.0,6.173123895499125e-05,0.0,0.0,0.0005037710036148394,0.0,0.0,0.00013228122633212412,0.0,0.0,0.0,0.0,0.0005037710036148394,0.0,0.0,0.0,0.0,0.0,0.0,0.0,0.00012594275090370985,0.00019897301127457006,0.00019897301127457006,0.00033125423760669415,0.00019897301127457006,0.00016369801758600363,0.00016369801758600363,0.00016369801758600363,0.0003400729860288358,0.0,0.0,0.00016755622002069054,0.0,0.0,0.0,0.0,0.0
x_R09_EXIT_C,7.936873579927447e-05,0.0018056387394334945,0.002956485408522975,0.0010913201172400243,0.0010913201172400243,0.0010913201172400243,0.0010913201172400243,0.0010913201172400243,0.0,0.0004012530532074432,0.0006569967574495497,0.00024251558160889424,0.00024251558160889424,0.00024251558160889424,0.00024251558160889424,0.00024251558160889424,0.0006746342542938329,0.0002557437042421067,0.0,0.0002557437042421067,9.700623264355767e-05,0.0002557437042421067,0.0002557437042421067,9.700623264355767e-05,0.0006746342542938329,0.0002557437042421067,0.0,0.0002557437042421067,9.700623264355767e-05,0.0002557437042421067,0.0002557437042421067,9.700623264355767e-05,0.002094452750258632,0.0,0.0012787185212105332,0.0,0.0007936873579927448,0.0,0.0,0.0007936873579927448,5.6219521191152754e-05,0.0002215710541063079,0.00041337883228788786,0.00010251795040739618,0.00010251795040739618,0.00010251795040739618,0.00010251795040739618,0.00010251795040739618,0.0,0.0003439311884635227,0.0005996748927056292,0.0001851937168649738,0.0001851937168649738,0.0001851937168649738,0.0001851937168649738,0.0001851937168649738,0.0006746342542938329,0.0002557437042421067,0.0,0.0002557437042421067,9.700623264355767e-05,0.0002557437042421067,0.0002557437042421067,9.700623264355767e-05,-0.893149884630219,0.9197286931690527,0.9193092514472246,0.9197286931690527,0.9195699556974543,0.9197286931690527,0.9197286931690527,0.9195699556974543,0.0006481780090274081,0.00022928745897568184,0.0,0.00022928745897568184,7.054998737713286e-05,0.00022928745897568184,0.00022928745897568184,7.054998737713286e-05,0.00012346247790998252,0.0002954280721417439,0.0005511717763838505,0.00013669060054319492,0.00013669060054319492,0.00013669060054319492,0.00013669060054319492,0.00013669060054319492,0.00012346247790998252,0.0002954280721417439,0.0005511717763838505,0.00013669060054319492,0.00013669060054319492,0.00013669060054319492,0.00013669060054319492,0.00013669060054319492,0.00017196559423176134,0.00024692495581996504,0.0005026686600620717,8.818748422141608e-05,8.818748422141608e-05,8.818748422141608e-05,8.818748422141608e-05,8.818748422141608e-05,0.00022046871055354022,0.0001984218394981862,0.00045416554374029283,0.0,0.0,0.0,0.0,0.0,0.0005952655184945585,0.0001763749684428322,7.936873579927447e-05,0.0001763749684428322,0.0,0.0001763749684428322,0.0001763749684428322,0.0,0.0006217217637609833,0.00020283121370925702,5.291249053284965e-05,0.00020283121370925702,0.0,0.00020283121370925702,0.00020283121370925702,0.0,0.0006481780090274081,0.00022928745897568184,0.0,0.00022928745897568184,7.054998737713286e-05,0.00022928745897568184,0.00022928745897568184,7.054998737713286e-05,0.0006481780090274081,0.00022928745897568184,0.0,0.00022928745897568184,7.054998737713286e-05,0.00022928745897568184,0.00022928745897568184,7.054998737713286e-05,0.0004861335067705561,0.00017196559423176132,0.0,0.00017196559423176132,5.291249053284965e-05,0.00017196559423176132,0.00017196559423176132,5.291249053284965e-05,0.0006503826961329435,0.0,0.00024251558160889424,0.0,0.0,0.0,0.0,0.0,0.0006503826961329435,0.0,0.00024251558160889424,0.0,0.0,0.0,0.0,0.0,0.00019511480883988307,0.0,7.275467448266826e-05,0.0,0.0,0.0,0.0,0.0,0.0006503826961329435,0.0,0.00024251558160889424,0.0,0.0,0.0,0.0,0.0,0.0006503826961329435,0.0,0.00024251558160889424,0.0,0.0,0.0,0.0,0.0,0.0006503826961329435,0.0,0.00024251558160889424,0.0,0.0,0.0,0.0,0.0,0.00039022961767976613,0.0,0.00014550934896533652,0.0,0.0,0.0,0.0,0.0,6.503826961329436e-05,0.0,0.0,0.0,0.0,0.0,0.0,0.0,0.00013007653922658872,0.0,0.0,0.0,0.0,0.0,0.0,0.0,0.00026015307845317744,0.0,9.700623264355767e-05,0.0,0.0,0.0,0.0,0.0,0.00026015307845317744,0.0,9.700623264355767e-05,0.0,0.0,0.0,0.0,0.0,6.503826961329436e-05,0.0,0.0,0.0,0.0,0.0,0.0,0.0,0.00026015307845317744,0.0,9.700623264355767e-05,0.0,0.0,0.0,0.0,0.0,0.00026015307845317744,0.0,9.700623264355767e-05,0.0,0.0,0.0,0.0,0.0
x_R09_EXIT_D,0.0,0.0004563702308458282,0.0011508466690894799,0.0,0.0,0.0,0.0,0.0,0.0,0.0001014156068546285,0.0002557437042421067,0.0,0.0,0.0,0.0,0.0,0.0002557437042421067,0.00035715931109673514,0.0,0.0002557437042421067,9.700623264355767e-05,0.0002557437042421067,0.0002557437042421067,9.700623264355767e-05,0.0002557437042421067,0.00035715931109673514,0.0,0.0002557437042421067,9.700623264355767e-05,0.0002557437042421067,0.0002557437042421067,9.700623264355767e-05,0.0001873984039705092,0.0,0.0014661169251810424,0.0001873984039705092,0.0009810857619632538,0.0001873984039705092,0.0001873984039705092,0.0009810857619632538,0.0,7.606170514097137e-05,0.00019180777818157994,0.0,0.0,0.0,0.0,0.0,0.0,0.0001014156068546285,0.0002557437042421067,0.0,0.0,0.0,0.0,0.0,0.0002557437042421067,0.00035715931109673514,0.0,0.0002557437042421067,9.700623264355767e-05,0.0002557437042421067,0.0002557437042421067,9.700623264355767e-05,0.9197286931690527,-0.9003402118070932,0.9193092514472246,0.9197286931690527,0.9195699556974543,0.9197286931690527,0.9197286931690527,0.9195699556974543,0.00022928745897568184,0.00033070306583031034,0.0,0.00022928745897568184,7.054998737713286e-05,0.00022928745897568184,0.00022928745897568184,7.054998737713286e-05,0.0,0.0001014156068546285,0.0002557437042421067,0.0,0.0,0.0,0.0,0.0,0.0,0.0001014156068546285,0.0002557437042421067,0.0,0.0,0.0,0.0,0.0,0.0,0.0001014156068546285,0.0002557437042421067,0.0,0.0,0.0,0.0,0.0,0.0,0.0001014156068546285,0.0002557437042421067,0.0,0.0,0.0,0.0,0.0,0.0001763749684428322,0.0002777905752974607,7.936873579927447e-05,0.0001763749684428322,0.0,0.0001763749684428322,0.0001763749684428322,0.0,0.00020283121370925702,0.0003042468205638855,5.291249053284965e-05,0.00020283121370925702,0.0,0.00020283121370925702,0.00020283121370925702,0.0,0.00022928745897568184,0.00033070306583031034,0.0,0.00022928745897568184,7.054998737713286e-05,0.00022928745897568184,0.00022928745897568184,7.054998737713286e-05,0.00022928745897568184,0.00033070306583031034,0.0,0.00022928745897568184,7.054998737713286e-05,0.00022928745897568184,0.00022928745897568184,7.054998737713286e-05,0.00017196559423176132,0.00024802729937273266,0.0,0.00017196559423176132,5.291249053284965e-05,0.00017196559423176132,0.00017196559423176132,5.291249053284965e-05,0.0,0.0002535390171365712,0.00024251558160889424,0.0,0.0,0.0,0.0,0.0,0.0,0.0002535390171365712,0.00024251558160889424,0.0,0.0,0.0,0.0,0.0,0.0,7.606170514097137e-05,7.275467448266826e-05,0.0,0.0,0.0,0.0,0.0,0.0,0.0002535390171365712,0.00024251558160889424,0.0,0.0,0.0,0.0,0.0,0.0,0.0002535390171365712,0.00024251558160889424,0.0,0.0,0.0,0.0,0.0,0.0,0.0002535390171365712,0.00024251558160889424,0.0,0.0,0.0,0.0,0.0,0.0,0.00015212341028194274,0.00014550934896533652,0.0,0.0,0.0,0.0,0.0,0.0,0.0,0.0,0.0,0.0,0.0,0.0,0.0,0.0,5.070780342731425e-05,0.0,0.0,0.0,0.0,0.0,0.0,0.0,0.0001014156068546285,9.700623264355767e-05,0.0,0.0,0.0,0.0,0.0,0.0,0.0001014156068546285,9.700623264355767e-05,0.0,0.0,0.0,0.0,0.0,0.0,0.0,0.0,0.0,0.0,0.0,0.0,0.0,0.0,0.0001014156068546285,9.700623264355767e-05,0.0,0.0,0.0,0.0,0.0,0.0,0.0001014156068546285,9.700623264355767e-05,0.0,0.0,0.0,0.0,0.0
x_R09_EXIT_E,0.0,0.0,7.936873579927447e-05,0.0,0.0,0.0,0.0,0.0,0.0,0.0,0.0,0.0,0.0,0.0,0.0,0.0,0.0,0.0,0.0,0.0,0.0,0.0,0.0,0.0,0.00015873747159854897,0.00015873747159854897,0.0001763749684428322,0.00015873747159854897,0.00015873747159854897,0.00015873747159854897,0.00015873747159854897,0.00015873747159854897,0.0,0.0,8.818748422141607e-05,0.0,0.0,0.0,0.0,0.0,0.0,0.0,0.0,0.0,0.0,0.0,0.0,0.0,0.0,0.0,0.0,0.0,0.0,0.0,0.0,0.0,0.0,0.0,0.0,0.0,0.0,0.0,0.0,0.0,0.9193092514472246,0.9193092514472246,-0.9124404177956049,0.9193092514472246,0.9193092514472246,0.9193092514472246,0.9193092514472246,0.9193092514472246,0.0,0.0,0.000357710482873119,0.0,0.0,0.0,0.0,0.0,0.0,0.0,0.0,0.0,0.0,0.0,0.0,0.0,0.0,0.0,0.0,0.0,0.0,0.0,0.0,0.0,0.0,0.0,0.0,0.0,0.0,0.0,0.0,0.0,0.0,0.0,0.0,0.0,0.0,0.0,0.0,0.0,0.0,0.0,0.0,0.0,0.0,0.0,0.0,0.0,0.0,0.0,0.0,0.0,0.0,0.0,0.0,0.0,0.0,0.0,0.0,0.0,0.0,0.0,0.0,0.0,0.0,0.0,0.0,0.0,0.0,0.0,0.0,0.0,0.0,0.0,0.0,0.0,0.0,0.0,0.0,0.0,0.0,0.0,0.0,0.0,0.0,0.0,0.0,0.0,0.0,0.0,0.0,0.0,0.0,0.0,0.0,0.0,0.0,0.0,0.0,0.0,0.0,0.0,0.0,0.0,0.0,0.0,0.0,0.0,0.0,0.0,0.0,0.0,0.0,0.0,0.0,0.0,0.0,0.0,0.0,0.0,0.0,0.0,0.0,0.0,0.0,0.0,0.0,0.0,0.0,0.0,0.0,0.0,0.0,0.0,0.0,0.0,0.0,0.0,0.0,0.0,0.0,0.0,0.0,0.0,0.0,0.0,0.0,0.0,0.0,0.0,0.0,0.0,0.0,0.0,0.0,0.0,0.0,0.0,0.0,0.0,0.0,0.0,0.0,0.0,0.0,0.0,0.0,0.0,0.0,0.0,0.0,0.0,0.0,0.0,0.0,0.0,0.0,0.0,0.0,0.0,0.0,0.0,0.0,0.0,0.0,0.0,0.0,0.0,0.0,0.0,0.0,0.0
x_R09_EXIT_G,0.0,0.0,0.0011508466690894799,0.0011111623011898428,8.928982777418378e-05,0.0008036084499676541,8.928982777418378e-05,8.928982777418378e-05,0.0,0.0,0.0002557437042421067,0.00024692495581996504,0.0,0.0001785796555483676,0.0,0.0,0.0002557437042421067,0.0002557437042421067,0.0,0.0006018795798111646,9.700623264355767e-05,0.0003351124400413811,0.0003351124400413811,9.700623264355767e-05,0.0002557437042421067,0.0002557437042421067,0.0,0.0006018795798111646,9.700623264355767e-05,0.0003351124400413811,0.0003351124400413811,9.700623264355767e-05,0.0,0.0,0.0012787185212105332,0.0017306793778452906,0.0007936873579927448,0.0003968436789963724,0.0003968436789963724,0.0007936873579927448,0.0,0.0,0.00019180777818157994,0.00018519371686497374,0.0,0.00013393474166127568,0.0,0.0,0.0,0.0,0.0002557437042421067,0.00024692495581996504,0.0,0.0001785796555483676,0.0,0.0,0.0002557437042421067,0.0002557437042421067,0.0,0.0006018795798111646,9.700623264355767e-05,0.0003351124400413811,0.0003351124400413811,9.700623264355767e-05,0.9197286931690527,0.9197286931690527,0.9193092514472246,-0.8921374521099107,0.9195699556974543,0.919808061904852,0.919808061904852,0.9195699556974543,0.00022928745897568184,0.00022928745897568184,0.0,0.0005754233345447398,7.054998737713286e-05,0.0003086561947749563,0.0003086561947749563,7.054998737713286e-05,0.0,0.0,0.0002557437042421067,0.00024692495581996504,0.0,0.0001785796555483676,0.0,0.0,0.0,0.0,0.0002557437042421067,0.00024692495581996504,0.0,0.0001785796555483676,0.0,0.0,0.0,0.0,0.0002557437042421067,0.00024692495581996504,0.0,0.0001785796555483676,0.0,0.0,0.0,0.0,0.0002557437042421067,0.00024692495581996504,0.0,0.0001785796555483676,0.0,0.0,0.0001763749684428322,0.0001763749684428322,7.936873579927447e-05,0.0005225108440118903,0.0,0.00025574370424210664,0.00025574370424210664,0.0,0.00020283121370925702,0.00020283121370925702,5.291249053284965e-05,0.0005489670892783151,0.0,0.00028219994950853144,0.00028219994950853144,0.0,0.00022928745897568184,0.00022928745897568184,0.0,0.0005754233345447398,7.054998737713286e-05,0.0003086561947749563,0.0003086561947749563,7.054998737713286e-05,0.00022928745897568184,0.00022928745897568184,0.0,0.0005754233345447398,7.054998737713286e-05,0.0003086561947749563,0.0003086561947749563,7.054998737713286e-05,0.00017196559423176132,0.00017196559423176132,0.0,0.000431567500908555,5.291249053284965e-05,0.0002314921460812172,0.0002314921460812172,5.291249053284965e-05,0.0,0.0001984218394981862,0.00024251558160889424,0.000666917849424459,0.0,0.0,0.0,0.0,0.0,0.0001984218394981862,0.00024251558160889424,0.000666917849424459,0.0,0.0,0.0,0.0,0.00013393474166127568,0.00020834293147309547,0.00022157105410630786,5.125897520369809e-05,0.00014881637962363962,0.0,0.0,0.0,0.0002480272993727327,0.0004960545987454654,0.0005401483408561735,0.0003692850901771798,0.0002976327592472793,0.0,0.0,0.0,0.0,0.0001984218394981862,0.00024251558160889424,0.000666917849424459,0.0,0.0,0.0,0.0,0.0,0.0001984218394981862,0.00024251558160889424,0.000666917849424459,0.0,0.0,0.0,0.0,0.0,0.0001190531036989117,0.00014550934896533652,0.0002215710541063079,0.0,0.0,0.0,0.0,0.0,0.0,0.0,6.669178494244592e-05,0.0,0.0,0.0,0.0,0.0,0.0,0.0,0.0,0.0,0.0,0.0,0.0,9.921091974909311e-05,7.936873579927449e-05,9.700623264355767e-05,0.00014771403607087195,0.0,0.0,0.0,0.0,0.0,7.936873579927449e-05,9.700623264355767e-05,0.00014771403607087195,0.0,0.0,0.0,0.0,0.0,0.0,0.0,0.0,0.0,0.0,0.0,0.0,0.0,7.936873579927449e-05,9.700623264355767e-05,0.0002667671397697837,0.0,0.0,0.0,0.0,0.0,7.936873579927449e-05,9.700623264355767e-05,0.0002667671397697837,0.0,0.0,0.0,0.0
x_R09_EXIT_H,0.0,0.0,0.0004365280468960096,0.0,0.0006349498863941958,0.0,0.0,0.00027779057529746064,0.0,0.0,9.700623264355767e-05,0.0,0.00014109997475426572,0.0,0.0,6.173123895499125e-05,9.700623264355767e-05,9.700623264355767e-05,0.0,9.700623264355767e-05,0.00027338120108638984,9.700623264355767e-05,9.700623264355767e-05,0.00019401246528711537,9.700623264355767e-05,9.700623264355767e-05,0.0,9.700623264355767e-05,0.00027338120108638984,9.700623264355767e-05,9.700623264355767e-05,0.00019401246528711537,0.0,0.0,0.0004850311632177885,0.0,0.0008818748422141608,0.0,0.0,0.00048503116321778843,0.0,0.0,7.275467448266826e-05,0.0,0.0001058249810656993,0.0,0.0,0.0,0.0,0.0,9.700623264355767e-05,0.0,0.00014109997475426572,0.0,0.0,6.173123895499125e-05,9.700623264355767e-05,9.700623264355767e-05,0.0,9.700623264355767e-05,0.00027338120108638984,9.700623264355767e-05,9.700623264355767e-05,0.00019401246528711537,0.9195699556974543,0.9195699556974543,0.9193092514472246,0.9195699556974543,-0.8928276795535658,0.9195699556974543,0.9195699556974543,0.9196669619300978,7.054998737713286e-05,7.054998737713286e-05,0.0,7.054998737713286e-05,0.00024692495581996504,7.054998737713286e-05,7.054998737713286e-05,0.00016755622002069054,0.0,0.0,9.700623264355767e-05,0.0,0.00014109997475426572,0.0,0.0,6.173123895499125e-05,0.0,0.0,9.700623264355767e-05,0.0,0.00014109997475426572,0.0,0.0,6.173123895499125e-05,0.0,0.0,9.700623264355767e-05,0.0,0.00014109997475426572,0.0,0.0,6.173123895499125e-05,0.0,0.0,9.700623264355767e-05,0.0,0.00014109997475426572,0.0,0.0,6.173123895499125e-05,0.0,0.0,7.936873579927447e-05,0.0,0.00019401246528711537,0.0,0.0,0.0001146437294878409,0.0,0.0,5.291249053284965e-05,0.0,0.00022046871055354022,0.0,0.0,0.00014109997475426572,7.054998737713286e-05,7.054998737713286e-05,0.0,7.054998737713286e-05,0.00024692495581996504,7.054998737713286e-05,7.054998737713286e-05,0.00016755622002069054,7.054998737713286e-05,7.054998737713286e-05,0.0,7.054998737713286e-05,0.00024692495581996504,7.054998737713286e-05,7.054998737713286e-05,0.00016755622002069054,5.291249053284965e-05,5.291249053284965e-05,0.0,5.291249053284965e-05,0.00018519371686497377,5.291249053284965e-05,5.291249053284965e-05,0.0001256671650155179,0.0,0.0,0.0003307030658303103,0.0,0.0003527499368856643,0.0,0.0,0.0,0.0,0.0,0.0004188905500517264,0.0,0.00026456245266424824,0.0,0.0,0.0,0.0,0.0,9.92109197490931e-05,0.0,0.0001058249810656993,0.0,0.0,0.0,0.0,0.0,0.0003307030658303103,0.0,0.0003527499368856643,0.0,0.0,0.0,0.00015432809738747814,0.00015432809738747814,0.0004850311632177885,0.00015432809738747814,0.0001984218394981862,0.0,0.0,0.0,0.00028660932371960224,0.00028660932371960224,0.0006173123895499126,0.00028660932371960224,6.614061316606205e-05,0.0,0.0,0.0,0.0,0.0,0.0001984218394981862,0.0,0.00015873747159854894,0.0,0.0,0.0,0.0,0.0,0.0,0.0,0.0,0.0,0.0,0.0,0.0,0.0,6.614061316606206e-05,0.0,7.054998737713286e-05,0.0,0.0,0.0,0.0,0.0,0.00013228122633212412,0.0,0.00014109997475426572,0.0,0.0,0.0,0.0,0.0,0.00013228122633212412,0.0,0.0,0.0,0.0,0.0,0.0,0.0,0.0,0.0,0.0,0.0,0.0,0.0,0.0,0.0,0.00016755622002069054,0.0,0.0,0.0,0.0,0.0,0.0,0.0,0.00016755622002069054,0.0,0.0,0.0,0.0,0.0
x_R09_EXIT_A,0.0,0.0,0.0011508466690894799,0.0,0.0,0.0007986479039801995,0.0007540029900931075,0.0,0.0,0.0,0.0002557437042421067,0.0,0.0,0.0001774773119955999,0.00016755622002069057,0.0,0.0002557437042421067,0.0002557437042421067,0.0,0.0003351124400413811,9.700623264355767e-05,0.0010858083994761856,0.0005026686600620717,9.700623264355767e-05,0.0002557437042421067,0.0002557437042421067,0.0,0.0003351124400413811,9.700623264355767e-05,0.0010858083994761856,0.0005026686600620717,9.700623264355767e-05,0.0,0.0,0.0012787185212105332,0.0003968436789963724,0.0007936873579927448,0.004150323476170394,0.0012346247790998252,0.0007936873579927448,0.0,0.0,0.00019180777818157994,0.0,0.0,0.0001331079839966999,0.0001256671650155179,0.0,0.0,0.0,0.0002557437042421067,0.0,0.0,0.0001774773119955999,0.00016755622002069057,0.0,0.0002557437042421067,0.0002557437042421067,0.0,0.0003351124400413811,9.700623264355767e-05,0.0010858083994761856,0.0005026686600620717,9.700623264355767e-05,0.9197286931690527,0.9197286931690527,0.9193092514472246,0.919808061904852,0.9195699556974543,-0.8860467227838249,0.9199756181248727,0.9195699556974543,0.00022928745897568184,0.00022928745897568184,0.0,0.0003086561947749563,7.054998737713286e-05,0.0010593521542097606,0.00047621241479564683,7.054998737713286e-05,0.0,0.0,0.0002557437042421067,0.0,0.0,0.0001774773119955999,0.00016755622002069057,0.0,0.0,0.0,0.0002557437042421067,0.0,0.0,0.0001774773119955999,0.00016755622002069057,0.0,0.0,0.0,0.0002557437042421067,0.0,0.0,0.0001774773119955999,0.00016755622002069057,0.0,0.0,0.0,0.0002557437042421067,0.0,0.0,0.0001774773119955999,0.00016755622002069057,0.0,0.0001763749684428322,0.0001763749684428322,7.936873579927447e-05,0.00025574370424210664,0.0,0.001006439663676911,0.0004232999242627972,0.0,0.00020283121370925702,0.00020283121370925702,5.291249053284965e-05,0.00028219994950853144,0.0,0.0010328959089433358,0.00044975616952922204,0.0,0.00022928745897568184,0.00022928745897568184,0.0,0.0003086561947749563,7.054998737713286e-05,0.0010593521542097606,0.00047621241479564683,7.054998737713286e-05,0.00022928745897568184,0.00022928745897568184,0.0,0.0003086561947749563,7.054998737713286e-05,0.0010593521542097606,0.00047621241479564683,7.054998737713286e-05,0.00017196559423176132,0.00017196559423176132,0.0,0.0002314921460812172,5.291249053284965e-05,0.0007945141156573205,0.0003571593110967351,5.291249053284965e-05,0.00041889055005172644,0.0006173123895499126,0.0006614061316606207,0.00041889055005172644,0.00041889055005172644,0.0014578493485352846,0.0,0.0,0.0003968436789963724,0.0005952655184945586,0.00024251558160889424,0.0003968436789963724,0.0,0.0014578493485352846,0.0,0.0,0.0,5.952655184945585e-05,7.275467448266826e-05,0.0,0.0,0.0001331079839966999,0.0001190531036989117,0.0001190531036989117,0.0,0.0001984218394981862,0.00024251558160889424,0.0,0.0,0.0006917205793617325,0.00014881637962363965,0.00014881637962363965,0.0,0.0001984218394981862,0.00024251558160889424,0.0,0.0,0.000840536958985372,0.0,0.0,0.0,0.0001984218394981862,0.00024251558160889424,0.0,0.0,0.000840536958985372,0.0,0.0,0.0005655022425698305,0.0006845553462687422,0.0007110115915351671,0.0001190531036989117,0.0,0.0005340854513159512,0.0,0.0,0.0,5.952655184945586e-05,0.0,0.0,0.0,8.901424188599187e-05,0.0,0.0,0.00013145446866754835,0.00039932395199009975,0.0004081427004122413,8.184900879300182e-05,0.00035963958409046255,0.0,0.00016121774459227628,0.00016121774459227628,0.0,0.0005357389666451027,0.0005533764634893858,0.0,0.00045637023084582823,0.0,5.952655184945586e-05,5.952655184945586e-05,0.00039684367899637244,0.0004762124147956469,0.0004938499116399301,5.952655184945586e-05,0.0,0.0003362147835941488,0.0,0.0,0.0,0.0,0.0,0.0,0.0,8.40536958985372e-05,0.0,0.0,0.0,7.936873579927449e-05,9.700623264355767e-05,0.0,0.0,0.0003362147835941488,0.0,0.0,0.0,7.936873579927449e-05,9.700623264355767e-05,0.0,0.0,0.0003362147835941488,0.0,0.0
x_R09_EXIT_F,0.0,0.0,0.0011508466690894799,0.0,0.0,0.0,0.002262008970279323,0.0,0.0,0.0,0.0002557437042421067,0.0,0.0,0.0,0.0005026686600620718,0.0,0.0002557437042421067,0.0002557437042421067,0.0,0.0003351124400413811,9.700623264355767e-05,0.0005026686600620717,0.0008377811001034528,9.700623264355767e-05,0.0002557437042421067,0.0002557437042421067,0.0,0.0003351124400413811,9.700623264355767e-05,0.0005026686600620717,0.0008377811001034528,9.700623264355767e-05,0.0,0.0,0.0012787185212105332,0.0003968436789963724,0.0007936873579927448,0.0012346247790998252,0.0029101869793067307,0.0007936873579927448,0.0,0.0,0.00019180777818157994,0.0,0.0,0.0,0.0003770014950465538,0.0,0.0,0.0,0.0002557437042421067,0.0,0.0,0.0,0.0005026686600620718,0.0,0.0002557437042421067,0.0002557437042421067,0.0,0.0003351124400413811,9.700623264355767e-05,0.0005026686600620717,0.0008377811001034528,9.700623264355767e-05,0.9197286931690527,0.9197286931690527,0.9193092514472246,0.919808061904852,0.9195699556974543,0.9199756181248727,-0.8904546343298969,0.9195699556974543,0.00022928745897568184,0.00022928745897568184,0.0,0.0003086561947749563,7.054998737713286e-05,0.00047621241479564683,0.000811324854837028,7.054998737713286e-05,0.0,0.0,0.0002557437042421067,0.0,0.0,0.0,0.0005026686600620718,0.0,0.0,0.0,0.0002557437042421067,0.0,0.0,0.0,0.0005026686600620718,0.0,0.0,0.0,0.0002557437042421067,0.0,0.0,0.0,0.0005026686600620718,0.0,0.0,0.0,0.0002557437042421067,0.0,0.0,0.0,0.0005026686600620718,0.0,0.0001763749684428322,0.0001763749684428322,7.936873579927447e-05,0.00025574370424210664,0.0,0.0004232999242627972,0.0007584123643041784,0.0,0.00020283121370925702,0.00020283121370925702,5.291249053284965e-05,0.00028219994950853144,0.0,0.00044975616952922204,0.0007848686095706032,0.0,0.00022928745897568184,0.00022928745897568184,0.0,0.0003086561947749563,7.054998737713286e-05,0.00047621241479564683,0.000811324854837028,7.054998737713286e-05,0.00022928745897568184,0.00022928745897568184,0.0,0.0003086561947749563,7.054998737713286e-05,0.00047621241479564683,0.000811324854837028,7.054998737713286e-05,0.00017196559423176132,0.00017196559423176132,0.0,0.0002314921460812172,5.291249053284965e-05,0.0003571593110967351,0.000608493641127771,5.291249053284965e-05,0.00041889055005172644,0.0006173123895499126,0.0006614061316606207,0.00041889055005172644,0.00041889055005172644,0.0,0.0008377811001034529,0.00041889055005172644,0.0007936873579927448,0.0009921091974909309,0.00024251558160889424,0.0007936873579927448,0.0,0.00041889055005172644,0.00041889055005172633,0.0,0.0,5.952655184945585e-05,7.275467448266826e-05,0.0,0.0,0.0,5.125897520369809e-05,0.0,0.0,0.0001984218394981862,0.00024251558160889424,0.0,0.0,0.0,0.00017086325067899367,0.0,0.0,0.0001984218394981862,0.00024251558160889424,0.0,0.0,0.0,0.00017086325067899367,0.0,0.0,0.0001984218394981862,0.00024251558160889424,0.0,0.0,0.0,0.00017086325067899367,0.0,0.0002381062073978234,0.0003571593110967351,0.0003836155563631599,0.0,8.928982777418377e-05,0.0,0.00016204450225685204,0.0,9.425037376163843e-05,0.00011409255771145709,0.0,9.425037376163843e-05,0.0,0.0,0.0,0.0,0.0,0.00011905310369891172,0.00012787185212105335,0.0,7.936873579927449e-05,0.0,0.0,0.0,0.0,0.00023810620739782344,0.0002557437042421067,0.0,0.00015873747159854897,0.0,6.834530027159747e-05,0.0,0.00015873747159854897,0.00023810620739782344,0.0002557437042421067,0.0,0.0,0.0,0.0,0.0,0.0,0.0,0.0,0.0,0.0,0.0,0.0,0.0,0.0,7.936873579927449e-05,9.700623264355767e-05,0.0,0.0,0.0,6.834530027159747e-05,0.0,0.0,7.936873579927449e-05,9.700623264355767e-05,0.0,0.0,0.0,6.834530027159747e-05,0.0
x_R09_EXIT_B,0.0,0.0,0.0004365280468960096,0.0,0.00027779057529746064,0.0,0.0,0.004018042249838271,0.0,0.0,9.700623264355767e-05,0.0,6.173123895499125e-05,0.0,0.0,0.0008928982777418379,9.700623264355767e-05,9.700623264355767e-05,0.0,9.700623264355767e-05,0.00019401246528711537,9.700623264355767e-05,9.700623264355767e-05,0.0010251795040739618,9.700623264355767e-05,9.700623264355767e-05,0.0,9.700623264355767e-05,0.00019401246528711537,9.700623264355767e-05,9.700623264355767e-05,0.0010251795040739618,0.0,0.0,0.0004850311632177885,0.0,0.00048503116321778843,0.0,0.0,0.00464086635715202,0.0,0.0,7.275467448266826e-05,0.0,0.0,0.0,0.0,0.0006696737083063784,0.0,0.0,9.700623264355767e-05,0.0,6.173123895499125e-05,0.0,0.0,0.0008928982777418379,9.700623264355767e-05,9.700623264355767e-05,0.0,9.700623264355767e-05,0.00019401246528711537,9.700623264355767e-05,9.700623264355767e-05,0.0010251795040739618,0.9195699556974543,0.9195699556974543,0.9193092514472246,0.9195699556974543,0.9196669619300978,0.9195699556974543,0.9195699556974543,-0.8870116743415531,7.054998737713286e-05,7.054998737713286e-05,0.0,7.054998737713286e-05,0.00016755622002069054,7.054998737713286e-05,7.054998737713286e-05,0.0009987232588075372,0.0,0.0,9.700623264355767e-05,0.0,6.173123895499125e-05,0.0,0.0,0.0008928982777418379,0.0,0.0,9.700623264355767e-05,0.0,6.173123895499125e-05,0.0,0.0,0.0008928982777418379,0.0,0.0,9.700623264355767e-05,0.0,6.173123895499125e-05,0.0,0.0,0.0008928982777418379,0.0,0.0,9.700623264355767e-05,0.0,6.173123895499125e-05,0.0,0.0,0.0008928982777418379,0.0,0.0,7.936873579927447e-05,0.0,0.0001146437294878409,0.0,0.0,0.0009458107682746875,0.0,0.0,5.291249053284965e-05,0.0,0.00014109997475426572,0.0,0.0,0.0009722670135411123,7.054998737713286e-05,7.054998737713286e-05,0.0,7.054998737713286e-05,0.00016755622002069054,7.054998737713286e-05,7.054998737713286e-05,0.0009987232588075372,7.054998737713286e-05,7.054998737713286e-05,0.0,7.054998737713286e-05,0.00016755622002069054,7.054998737713286e-05,7.054998737713286e-05,0.0009987232588075372,5.291249053284965e-05,5.291249053284965e-05,0.0,5.291249053284965e-05,0.0001256671650155179,5.291249053284965e-05,5.291249053284965e-05,0.0007490424441056526,0.0,0.0,0.0003307030658303103,0.0,0.00015432809738747814,0.0,0.0,0.0012594275090370985,0.0,0.0,0.0004188905500517264,0.0,6.614061316606205e-05,0.0,0.0,0.0012594275090370985,0.0,0.0,9.92109197490931e-05,0.0,0.0,0.0,0.0,0.00037782825271112945,0.0,0.0,0.0003307030658303103,0.0,0.00015432809738747814,0.0,0.0,0.0012594275090370985,0.000563573141352487,0.000563573141352487,0.0008942762071827974,0.000563573141352487,0.000409245043965009,0.000409245043965009,0.000409245043965009,0.0016686725530021074,0.00015432809738747814,0.00015432809738747814,0.0004850311632177885,0.00015432809738747814,0.0,0.0,0.0,0.0,0.0,0.0,0.0001984218394981862,0.0,0.0,0.0,0.0,0.0007556565054222589,0.0,0.0,0.0,0.0,0.0,0.0,0.0,0.00012594275090370985,0.0,0.0,6.614061316606206e-05,0.0,0.0,0.0,0.0,0.0002518855018074197,0.0,0.0,0.00013228122633212412,0.0,6.173123895499125e-05,0.0,0.0,0.0005037710036148394,0.0,0.0,0.00013228122633212412,0.0,0.0,0.0,0.0,0.0005037710036148394,0.0,0.0,0.0,0.0,0.0,0.0,0.0,0.00012594275090370985,0.00019897301127457006,0.00019897301127457006,0.00033125423760669415,0.00019897301127457006,0.00016369801758600363,0.00016369801758600363,0.00016369801758600363,0.0003400729860288358,0.0,0.0,0.00016755622002069054,0.0,0.0,0.0,0.0,0.0
x_R10_EXIT_C,7.936873579927447e-05,0.0018056387394334945,0.002837432304824063,0.0010913201172400243,0.0010913201172400243,0.0010913201172400243,0.0010913201172400243,0.0010913201172400243,0.0,0.0004012530532074432,0.000630540512183125,0.00024251558160889424,0.00024251558160889424,0.00024251558160889424,0.00024251558160889424,0.00024251558160889424,0.0006481780090274081,0.00022928745897568184,0.0,0.00022928745897568184,7.054998737713286e-05,0.00022928745897568184,0.00022928745897568184,7.054998737713286e-05,0.0006481780090274081,0.00022928745897568184,0.0,0.00022928745897568184,7.054998737713286e-05,0.00022928745897568184,0.00022928745897568184,7.054998737713286e-05,0.002094452750258632,0.0,0.001146437294878409,0.0,0.0007936873579927448,0.0,0.0,0.0007936873579927448,5.6219521191152754e-05,0.0002215710541063079,0.00039353664833806926,0.00010251795040739618,0.00010251795040739618,0.00010251795040739618,0.00010251795040739618,0.00010251795040739618,0.0,0.0003439311884635227,0.0005732186474392045,0.0001851937168649738,0.0001851937168649738,0.0001851937168649738,0.0001851937168649738,0.0001851937168649738,0.0006481780090274081,0.00022928745897568184,0.0,0.00022928745897568184,7.054998737713286e-05,0.00022928745897568184,0.00022928745897568184,7.054998737713286e-05,0.0006481780090274081,0.00022928745897568184,0.0,0.00022928745897568184,7.054998737713286e-05,0.00022928745897568184,0.00022928745897568184,7.054998737713286e-05,-0.8913147830603009,0.9197551494143191,0.9193092514472246,0.9197551494143191,0.9195964119427207,0.9197551494143191,0.9197551494143191,0.9195964119427207,0.00012346247790998252,0.0002954280721417439,0.0005247155311174257,0.00013669060054319492,0.00013669060054319492,0.00013669060054319492,0.00013669060054319492,0.00013669060054319492,0.00012346247790998252,0.0002954280721417439,0.0005247155311174257,0.00013669060054319492,0.00013669060054319492,0.00013669060054319492,0.00013669060054319492,0.00013669060054319492,0.00017196559423176134,0.00024692495581996504,0.00047621241479564683,8.818748422141608e-05,8.818748422141608e-05,8.818748422141608e-05,8.818748422141608e-05,8.818748422141608e-05,0.00022046871055354022,0.0001984218394981862,0.00042770929847386804,0.0,0.0,0.0,0.0,0.0,0.0005952655184945585,0.0001763749684428322,5.291249053284964e-05,0.0001763749684428322,0.0,0.0001763749684428322,0.0001763749684428322,0.0,0.0006217217637609833,0.00020283121370925702,0.0,0.00020283121370925702,0.0,0.00020283121370925702,0.00020283121370925702,0.0,0.0006481780090274081,0.00022928745897568184,0.0,0.00022928745897568184,7.054998737713286e-05,0.00022928745897568184,0.00022928745897568184,7.054998737713286e-05,0.000674634254293833,0.0002557437042421067,0.0,0.0002557437042421067,9.700623264355767e-05,0.0002557437042421067,0.0002557437042421067,9.700623264355767e-05,0.0005258178746701934,0.00021164996213139854,0.0,0.00021164996213139854,9.259685843248688e-05,0.00021164996213139854,0.00021164996213139854,9.259685843248688e-05,0.0006503826961329435,0.0,0.00017637496844283214,0.0,0.0,0.0,0.0,0.0,0.0006503826961329435,0.0,0.00017637496844283214,0.0,0.0,0.0,0.0,0.0,0.00019511480883988307,0.0,5.291249053284965e-05,0.0,0.0,0.0,0.0,0.0,0.0006503826961329435,0.0,0.00017637496844283214,0.0,0.0,0.0,0.0,0.0,0.0006503826961329435,0.0,0.00017637496844283214,0.0,0.0,0.0,0.0,0.0,0.0006503826961329435,0.0,0.00017637496844283214,0.0,0.0,0.0,0.0,0.0,0.00039022961767976613,0.0,0.0001058249810656993,0.0,0.0,0.0,0.0,0.0,6.503826961329436e-05,0.0,0.0,0.0,0.0,0.0,0.0,0.0,0.00013007653922658872,0.0,0.0,0.0,0.0,0.0,0.0,0.0,0.00026015307845317744,0.0,7.054998737713286e-05,0.0,0.0,0.0,0.0,0.0,0.00026015307845317744,0.0,7.054998737713286e-05,0.0,0.0,0.0,0.0,0.0,6.503826961329436e-05,0.0,0.0,0.0,0.0,0.0,0.0,0.0,0.00026015307845317744,0.0,7.054998737713286e-05,0.0,0.0,0.0,0.0,0.0,0.00026015307845317744,0.0,7.054998737713286e-05,0.0,0.0,0.0,0.0,0.0
x_R10_EXIT_D,0.0,0.0004563702308458282,0.0010317935653905682,0.0,0.0,0.0,0.0,0.0,0.0,0.0001014156068546285,0.00022928745897568184,0.0,0.0,0.0,0.0,0.0,0.00022928745897568184,0.00033070306583031034,0.0,0.00022928745897568184,7.054998737713286e-05,0.00022928745897568184,0.00022928745897568184,7.054998737713286e-05,0.00022928745897568184,0.00033070306583031034,0.0,0.00022928745897568184,7.054998737713286e-05,0.00022928745897568184,0.00022928745897568184,7.054998737713286e-05,0.0001873984039705092,0.0,0.001333835698848918,0.0001873984039705092,0.0009810857619632538,0.0001873984039705092,0.0001873984039705092,0.0009810857619632538,0.0,7.606170514097137e-05,0.00017196559423176132,0.0,0.0,0.0,0.0,0.0,0.0,0.0001014156068546285,0.00022928745897568184,0.0,0.0,0.0,0.0,0.0,0.00022928745897568184,0.00033070306583031034,0.0,0.00022928745897568184,7.054998737713286e-05,0.00022928745897568184,0.00022928745897568184,7.054998737713286e-05,0.00022928745897568184,0.00033070306583031034,0.0,0.00022928745897568184,7.054998737713286e-05,0.00022928745897568184,0.00022928745897568184,7.054998737713286e-05,0.9197551494143191,-0.8985051102371749,0.9193092514472246,0.9197551494143191,0.9195964119427207,0.9197551494143191,0.9197551494143191,0.9195964119427207,0.0,0.0001014156068546285,0.00022928745897568184,0.0,0.0,0.0,0.0,0.0,0.0,0.0001014156068546285,0.00022928745897568184,0.0,0.0,0.0,0.0,0.0,0.0,0.0001014156068546285,0.00022928745897568184,0.0,0.0,0.0,0.0,0.0,0.0,0.0001014156068546285,0.00022928745897568184,0.0,0.0,0.0,0.0,0.0,0.0001763749684428322,0.0002777905752974607,5.291249053284964e-05,0.0001763749684428322,0.0,0.0001763749684428322,0.0001763749684428322,0.0,0.00020283121370925702,0.0003042468205638855,0.0,0.00020283121370925702,0.0,0.00020283121370925702,0.00020283121370925702,0.0,0.00022928745897568184,0.00033070306583031034,0.0,0.00022928745897568184,7.054998737713286e-05,0.00022928745897568184,0.00022928745897568184,7.054998737713286e-05,0.0002557437042421067,0.00035715931109673514,0.0,0.0002557437042421067,9.700623264355767e-05,0.0002557437042421067,0.0002557437042421067,9.700623264355767e-05,0.00021164996213139854,0.0002877116672723699,0.0,0.00021164996213139854,9.259685843248688e-05,0.00021164996213139854,0.00021164996213139854,9.259685843248688e-05,0.0,0.0002535390171365712,0.00017637496844283214,0.0,0.0,0.0,0.0,0.0,0.0,0.0002535390171365712,0.00017637496844283214,0.0,0.0,0.0,0.0,0.0,0.0,7.606170514097137e-05,5.291249053284965e-05,0.0,0.0,0.0,0.0,0.0,0.0,0.0002535390171365712,0.00017637496844283214,0.0,0.0,0.0,0.0,0.0,0.0,0.0002535390171365712,0.00017637496844283214,0.0,0.0,0.0,0.0,0.0,0.0,0.0002535390171365712,0.00017637496844283214,0.0,0.0,0.0,0.0,0.0,0.0,0.00015212341028194274,0.0001058249810656993,0.0,0.0,0.0,0.0,0.0,0.0,0.0,0.0,0.0,0.0,0.0,0.0,0.0,0.0,5.070780342731425e-05,0.0,0.0,0.0,0.0,0.0,0.0,0.0,0.0001014156068546285,7.054998737713286e-05,0.0,0.0,0.0,0.0,0.0,0.0,0.0001014156068546285,7.054998737713286e-05,0.0,0.0,0.0,0.0,0.0,0.0,0.0,0.0,0.0,0.0,0.0,0.0,0.0,0.0,0.0001014156068546285,7.054998737713286e-05,0.0,0.0,0.0,0.0,0.0,0.0,0.0001014156068546285,7.054998737713286e-05,0.0,0.0,0.0,0.0,0.0
x_R10_EXIT_E,0.0,0.0,7.936873579927447e-05,0.0,0.0,0.0,0.0,0.0,0.0,0.0,0.0,0.0,0.0,0.0,0.0,0.0,0.0,0.0,0.0,0.0,0.0,0.0,0.0,0.0,0.00015873747159854897,0.00015873747159854897,0.0001763749684428322,0.00015873747159854897,0.00015873747159854897,0.00015873747159854897,0.00015873747159854897,0.00015873747159854897,0.0,0.0,8.818748422141607e-05,0.0,0.0,0.0,0.0,0.0,0.0,0.0,0.0,0.0,0.0,0.0,0.0,0.0,0.0,0.0,0.0,0.0,0.0,0.0,0.0,0.0,0.0,0.0,0.0,0.0,0.0,0.0,0.0,0.0,0.0,0.0,0.000357710482873119,0.0,0.0,0.0,0.0,0.0,0.9193092514472246,0.9193092514472246,-0.9101807535782486,0.9193092514472246,0.9193092514472246,0.9193092514472246,0.9193092514472246,0.9193092514472246,0.0,0.0,0.0,0.0,0.0,0.0,0.0,0.0,0.0,0.0,0.0,0.0,0.0,0.0,0.0,0.0,0.0,0.0,0.0,0.0,0.0,0.0,0.0,0.0,0.0,0.0,0.0,0.0,0.0,0.0,0.0,0.0,0.0,0.0,0.0,0.0,0.0,0.0,0.0,0.0,0.0,0.0,0.0,0.0,0.0,0.0,0.0,0.0,0.0,0.0,0.0,0.0,0.0,0.0,0.0,0.0,0.0,0.0,0.0,0.0,0.0,0.0,0.0,0.0,0.0,0.0,0.0,0.0,0.0,0.0,0.0,0.0,0.0,0.0,0.0,0.0,0.0,0.0,0.0,0.0,0.0,0.0,0.0,0.0,0.0,0.0,0.0,0.0,0.0,0.0,0.0,0.0,0.0,0.0,0.0,0.0,0.0,0.0,0.0,0.0,0.0,0.0,0.0,0.0,0.0,0.0,0.0,0.0,0.0,0.0,0.0,0.0,0.0,0.0,0.0,0.0,0.0,0.0,0.0,0.0,0.0,0.0,0.0,0.0,0.0,0.0,0.0,0.0,0.0,0.0,0.0,0.0,0.0,0.0,0.0,0.0,0.0,0.0,0.0,0.0,0.0,0.0,0.0,0.0,0.0,0.0,0.0,0.0,0.0,0.0,0.0,0.0,0.0,0.0,0.0,0.0,0.0,0.0,0.0,0.0,0.0,0.0,0.0,0.0,0.0,0.0,0.0,0.0,0.0,0.0,0.0,0.0,0.0,0.0,0.0,0.0,0.0,0.0,0.0,0.0,0.0,0.0,0.0,0.0
x_R10_EXIT_G,0.0,0.0,0.0010317935653905682,0.0011111623011898428,8.928982777418378e-05,0.0008036084499676541,8.928982777418378e-05,8.928982777418378e-05,0.0,0.0,0.00022928745897568184,0.00024692495581996504,0.0,0.0001785796555483676,0.0,0.0,0.00022928745897568184,0.00022928745897568184,0.0,0.0005754233345447398,7.054998737713286e-05,0.0003086561947749563,0.0003086561947749563,7.054998737713286e-05,0.00022928745897568184,0.00022928745897568184,0.0,0.0005754233345447398,7.054998737713286e-05,0.0003086561947749563,0.0003086561947749563,7.054998737713286e-05,0.0,0.0,0.001146437294878409,0.0017306793778452906,0.0007936873579927448,0.0003968436789963724,0.0003968436789963724,0.0007936873579927448,0.0,0.0,0.00017196559423176132,0.00018519371686497374,0.0,0.00013393474166127568,0.0,0.0,0.0,0.0,0.00022928745897568184,0.00024692495581996504,0.0,0.0001785796555483676,0.0,0.0,0.00022928745897568184,0.00022928745897568184,0.0,0.0005754233345447398,7.054998737713286e-05,0.0003086561947749563,0.0003086561947749563,7.054998737713286e-05,0.00022928745897568184,0.00022928745897568184,0.0,0.0005754233345447398,7.054998737713286e-05,0.0003086561947749563,0.0003086561947749563,7.054998737713286e-05,0.9197551494143191,0.9197551494143191,0.9193092514472246,-0.8903023505399924,0.9195964119427207,0.9198345181501184,0.9198345181501184,0.9195964119427207,0.0,0.0,0.00022928745897568184,0.00024692495581996504,0.0,0.0001785796555483676,0.0,0.0,0.0,0.0,0.00022928745897568184,0.00024692495581996504,0.0,0.0001785796555483676,0.0,0.0,0.0,0.0,0.00022928745897568184,0.00024692495581996504,0.0,0.0001785796555483676,0.0,0.0,0.0,0.0,0.00022928745897568184,0.00024692495581996504,0.0,0.0001785796555483676,0.0,0.0,0.0001763749684428322,0.0001763749684428322,5.291249053284964e-05,0.0005225108440118903,0.0,0.00025574370424210664,0.00025574370424210664,0.0,0.00020283121370925702,0.00020283121370925702,0.0,0.0005489670892783151,0.0,0.00028219994950853144,0.00028219994950853144,0.0,0.00022928745897568184,0.00022928745897568184,0.0,0.0005754233345447398,7.054998737713286e-05,0.0003086561947749563,0.0003086561947749563,7.054998737713286e-05,0.0002557437042421067,0.0002557437042421067,0.0,0.0006018795798111645,9.700623264355767e-05,0.0003351124400413811,0.0003351124400413811,9.700623264355767e-05,0.00021164996213139854,0.00021164996213139854,0.0,0.0004712518688081922,9.259685843248688e-05,0.00027117651398085444,0.00027117651398085444,9.259685843248688e-05,0.0,0.0001984218394981862,0.00017637496844283214,0.000666917849424459,0.0,0.0,0.0,0.0,0.0,0.0001984218394981862,0.00017637496844283214,0.000666917849424459,0.0,0.0,0.0,0.0,0.00013393474166127568,0.00020834293147309547,0.00020172887015648924,5.125897520369809e-05,0.00014881637962363962,0.0,0.0,0.0,0.0002480272993727327,0.0004960545987454654,0.00047400772769011143,0.0003692850901771798,0.0002976327592472793,0.0,0.0,0.0,0.0,0.0001984218394981862,0.00017637496844283214,0.000666917849424459,0.0,0.0,0.0,0.0,0.0,0.0001984218394981862,0.00017637496844283214,0.000666917849424459,0.0,0.0,0.0,0.0,0.0,0.0001190531036989117,0.0001058249810656993,0.0002215710541063079,0.0,0.0,0.0,0.0,0.0,0.0,0.0,6.669178494244592e-05,0.0,0.0,0.0,0.0,0.0,0.0,0.0,0.0,0.0,0.0,0.0,0.0,9.921091974909311e-05,7.936873579927449e-05,7.054998737713286e-05,0.00014771403607087195,0.0,0.0,0.0,0.0,0.0,7.936873579927449e-05,7.054998737713286e-05,0.00014771403607087195,0.0,0.0,0.0,0.0,0.0,0.0,0.0,0.0,0.0,0.0,0.0,0.0,0.0,7.936873579927449e-05,7.054998737713286e-05,0.0002667671397697837,0.0,0.0,0.0,0.0,0.0,7.936873579927449e-05,7.054998737713286e-05,0.0002667671397697837,0.0,0.0,0.0,0.0
x_R10_EXIT_H,0.0,0.0,0.0003174749431970979,0.0,0.0006349498863941958,0.0,0.0,0.00027779057529746064,0.0,0.0,7.054998737713286e-05,0.0,0.00014109997475426572,0.0,0.0,6.173123895499125e-05,7.054998737713286e-05,7.054998737713286e-05,0.0,7.054998737713286e-05,0.00024692495581996504,7.054998737713286e-05,7.054998737713286e-05,0.00016755622002069054,7.054998737713286e-05,7.054998737713286e-05,0.0,7.054998737713286e-05,0.00024692495581996504,7.054998737713286e-05,7.054998737713286e-05,0.00016755622002069054,0.0,0.0,0.0003527499368856643,0.0,0.0008818748422141608,0.0,0.0,0.00048503116321778843,0.0,0.0,5.291249053284965e-05,0.0,0.0001058249810656993,0.0,0.0,0.0,0.0,0.0,7.054998737713286e-05,0.0,0.00014109997475426572,0.0,0.0,6.173123895499125e-05,7.054998737713286e-05,7.054998737713286e-05,0.0,7.054998737713286e-05,0.00024692495581996504,7.054998737713286e-05,7.054998737713286e-05,0.00016755622002069054,7.054998737713286e-05,7.054998737713286e-05,0.0,7.054998737713286e-05,0.00024692495581996504,7.054998737713286e-05,7.054998737713286e-05,0.00016755622002069054,0.9195964119427207,0.9195964119427207,0.9193092514472246,0.9195964119427207,-0.8909925779836475,0.9195964119427207,0.9195964119427207,0.9196934181753642,0.0,0.0,7.054998737713286e-05,0.0,0.00014109997475426572,0.0,0.0,6.173123895499125e-05,0.0,0.0,7.054998737713286e-05,0.0,0.00014109997475426572,0.0,0.0,6.173123895499125e-05,0.0,0.0,7.054998737713286e-05,0.0,0.00014109997475426572,0.0,0.0,6.173123895499125e-05,0.0,0.0,7.054998737713286e-05,0.0,0.00014109997475426572,0.0,0.0,6.173123895499125e-05,0.0,0.0,5.291249053284964e-05,0.0,0.00019401246528711537,0.0,0.0,0.0001146437294878409,0.0,0.0,0.0,0.0,0.00022046871055354022,0.0,0.0,0.00014109997475426572,7.054998737713286e-05,7.054998737713286e-05,0.0,7.054998737713286e-05,0.00024692495581996504,7.054998737713286e-05,7.054998737713286e-05,0.00016755622002069054,9.700623264355767e-05,9.700623264355767e-05,0.0,9.700623264355767e-05,0.00027338120108638984,9.700623264355767e-05,9.700623264355767e-05,0.00019401246528711537,9.259685843248688e-05,9.259685843248688e-05,0.0,9.259685843248688e-05,0.00022487808476461102,9.259685843248688e-05,9.259685843248688e-05,0.00016535153291515517,0.0,0.0,0.00026456245266424824,0.0,0.0003527499368856643,0.0,0.0,0.0,0.0,0.0,0.00035274993688566434,0.0,0.00026456245266424824,0.0,0.0,0.0,0.0,0.0,7.936873579927447e-05,0.0,0.0001058249810656993,0.0,0.0,0.0,0.0,0.0,0.00026456245266424824,0.0,0.0003527499368856643,0.0,0.0,0.0,0.00015432809738747814,0.00015432809738747814,0.0004188905500517264,0.00015432809738747814,0.0001984218394981862,0.0,0.0,0.0,0.00028660932371960224,0.00028660932371960224,0.0005511717763838505,0.00028660932371960224,6.614061316606205e-05,0.0,0.0,0.0,0.0,0.0,0.00015873747159854894,0.0,0.00015873747159854894,0.0,0.0,0.0,0.0,0.0,0.0,0.0,0.0,0.0,0.0,0.0,0.0,0.0,5.291249053284965e-05,0.0,7.054998737713286e-05,0.0,0.0,0.0,0.0,0.0,0.0001058249810656993,0.0,0.00014109997475426572,0.0,0.0,0.0,0.0,0.0,0.0001058249810656993,0.0,0.0,0.0,0.0,0.0,0.0,0.0,0.0,0.0,0.0,0.0,0.0,0.0,0.0,0.0,0.00014109997475426572,0.0,0.0,0.0,0.0,0.0,0.0,0.0,0.00014109997475426572,0.0,0.0,0.0,0.0,0.0
x_R10_EXIT_A,0.0,0.0,0.0010317935653905682,0.0,0.0,0.0007986479039801995,0.0007540029900931075,0.0,0.0,0.0,0.00022928745897568184,0.0,0.0,0.0001774773119955999,0.00016755622002069057,0.0,0.00022928745897568184,0.00022928745897568184,0.0,0.0003086561947749563,7.054998737713286e-05,0.0010593521542097606,0.00047621241479564683,7.054998737713286e-05,0.00022928745897568184,0.00022928745897568184,0.0,0.0003086561947749563,7.054998737713286e-05,0.0010593521542097606,0.00047621241479564683,7.054998737713286e-05,0.0,0.0,0.001146437294878409,0.0003968436789963724,0.0007936873579927448,0.004150323476170394,0.0012346247790998252,0.0007936873579927448,0.0,0.0,0.00017196559423176132,0.0,0.0,0.0001331079839966999,0.0001256671650155179,0.0,0.0,0.0,0.00022928745897568184,0.0,0.0,0.0001774773119955999,0.00016755622002069057,0.0,0.00022928745897568184,0.00022928745897568184,0.0,0.0003086561947749563,7.054998737713286e-05,0.0010593521542097606,0.00047621241479564683,7.054998737713286e-05,0.00022928745897568184,0.00022928745897568184,0.0,0.0003086561947749563,7.054998737713286e-05,0.0010593521542097606,0.00047621241479564683,7.054998737713286e-05,0.9197551494143191,0.9197551494143191,0.9193092514472246,0.9198345181501184,0.9195964119427207,-0.8842116212139067,0.9200020743701391,0.9195964119427207,0.0,0.0,0.00022928745897568184,0.0,0.0,0.0001774773119955999,0.00016755622002069057,0.0,0.0,0.0,0.00022928745897568184,0.0,0.0,0.0001774773119955999,0.00016755622002069057,0.0,0.0,0.0,0.00022928745897568184,0.0,0.0,0.0001774773119955999,0.00016755622002069057,0.0,0.0,0.0,0.00022928745897568184,0.0,0.0,0.0001774773119955999,0.00016755622002069057,0.0,0.0001763749684428322,0.0001763749684428322,5.291249053284964e-05,0.00025574370424210664,0.0,0.001006439663676911,0.0004232999242627972,0.0,0.00020283121370925702,0.00020283121370925702,0.0,0.00028219994950853144,0.0,0.0010328959089433358,0.00044975616952922204,0.0,0.00022928745897568184,0.00022928745897568184,0.0,0.0003086561947749563,7.054998737713286e-05,0.0010593521542097606,0.00047621241479564683,7.054998737713286e-05,0.0002557437042421067,0.0002557437042421067,0.0,0.0003351124400413811,9.700623264355767e-05,0.0010858083994761854,0.0005026686600620717,9.700623264355767e-05,0.00021164996213139854,0.00021164996213139854,0.0,0.00027117651398085444,9.259685843248688e-05,0.0008341984835569578,0.0003968436789963724,9.259685843248688e-05,0.00041889055005172644,0.0006173123895499126,0.0005952655184945585,0.00041889055005172644,0.00041889055005172644,0.0014578493485352846,0.0,0.0,0.0003968436789963724,0.0005952655184945586,0.00017637496844283214,0.0003968436789963724,0.0,0.0014578493485352846,0.0,0.0,0.0,5.952655184945585e-05,5.291249053284965e-05,0.0,0.0,0.0001331079839966999,0.0001190531036989117,0.0001190531036989117,0.0,0.0001984218394981862,0.00017637496844283214,0.0,0.0,0.0006917205793617325,0.00014881637962363965,0.00014881637962363965,0.0,0.0001984218394981862,0.00017637496844283214,0.0,0.0,0.000840536958985372,0.0,0.0,0.0,0.0001984218394981862,0.00017637496844283214,0.0,0.0,0.000840536958985372,0.0,0.0,0.0005655022425698305,0.0006845553462687422,0.0006713272236355299,0.0001190531036989117,0.0,0.0005340854513159512,0.0,0.0,0.0,5.952655184945586e-05,0.0,0.0,0.0,8.901424188599187e-05,0.0,0.0,0.00013145446866754835,0.00039932395199009975,0.0003949145777790289,8.184900879300182e-05,0.00035963958409046255,0.0,0.00016121774459227628,0.00016121774459227628,0.0,0.0005357389666451027,0.000526920218222961,0.0,0.00045637023084582823,0.0,5.952655184945586e-05,5.952655184945586e-05,0.00039684367899637244,0.0004762124147956469,0.0004673936663735053,5.952655184945586e-05,0.0,0.0003362147835941488,0.0,0.0,0.0,0.0,0.0,0.0,0.0,8.40536958985372e-05,0.0,0.0,0.0,7.936873579927449e-05,7.054998737713286e-05,0.0,0.0,0.0003362147835941488,0.0,0.0,0.0,7.936873579927449e-05,7.054998737713286e-05,0.0,0.0,0.0003362147835941488,0.0,0.0
x_R10_EXIT_F,0.0,0.0,0.0010317935653905682,0.0,0.0,0.0,0.002262008970279323,0.0,0.0,0.0,0.00022928745897568184,0.0,0.0,0.0,0.0005026686600620718,0.0,0.00022928745897568184,0.00022928745897568184,0.0,0.0003086561947749563,7.054998737713286e-05,0.00047621241479564683,0.000811324854837028,7.054998737713286e-05,0.00022928745897568184,0.00022928745897568184,0.0,0.0003086561947749563,7.054998737713286e-05,0.00047621241479564683,0.000811324854837028,7.054998737713286e-05,0.0,0.0,0.001146437294878409,0.0003968436789963724,0.0007936873579927448,0.0012346247790998252,0.0029101869793067307,0.0007936873579927448,0.0,0.0,0.00017196559423176132,0.0,0.0,0.0,0.0003770014950465538,0.0,0.0,0.0,0.00022928745897568184,0.0,0.0,0.0,0.0005026686600620718,0.0,0.00022928745897568184,0.00022928745897568184,0.0,0.0003086561947749563,7.054998737713286e-05,0.00047621241479564683,0.000811324854837028,7.054998737713286e-05,0.00022928745897568184,0.00022928745897568184,0.0,0.0003086561947749563,7.054998737713286e-05,0.00047621241479564683,0.000811324854837028,7.054998737713286e-05,0.9197551494143191,0.9197551494143191,0.9193092514472246,0.9198345181501184,0.9195964119427207,0.9200020743701391,-0.8886195327599786,0.9195964119427207,0.0,0.0,0.00022928745897568184,0.0,0.0,0.0,0.0005026686600620718,0.0,0.0,0.0,0.00022928745897568184,0.0,0.0,0.0,0.0005026686600620718,0.0,0.0,0.0,0.00022928745897568184,0.0,0.0,0.0,0.0005026686600620718,0.0,0.0,0.0,0.00022928745897568184,0.0,0.0,0.0,0.0005026686600620718,0.0,0.0001763749684428322,0.0001763749684428322,5.291249053284964e-05,0.00025574370424210664,0.0,0.0004232999242627972,0.0007584123643041784,0.0,0.00020283121370925702,0.00020283121370925702,0.0,0.00028219994950853144,0.0,0.00044975616952922204,0.0007848686095706032,0.0,0.00022928745897568184,0.00022928745897568184,0.0,0.0003086561947749563,7.054998737713286e-05,0.00047621241479564683,0.000811324854837028,7.054998737713286e-05,0.0002557437042421067,0.0002557437042421067,0.0,0.0003351124400413811,9.700623264355767e-05,0.0005026686600620717,0.0008377811001034528,9.700623264355767e-05,0.00021164996213139854,0.00021164996213139854,0.0,0.00027117651398085444,9.259685843248688e-05,0.0003968436789963724,0.0006481780090274084,9.259685843248688e-05,0.00041889055005172644,0.0006173123895499126,0.0005952655184945585,0.00041889055005172644,0.00041889055005172644,0.0,0.0008377811001034529,0.00041889055005172644,0.0007936873579927448,0.0009921091974909309,0.00017637496844283214,0.0007936873579927448,0.0,0.00041889055005172644,0.00041889055005172633,0.0,0.0,5.952655184945585e-05,5.291249053284965e-05,0.0,0.0,0.0,5.125897520369809e-05,0.0,0.0,0.0001984218394981862,0.00017637496844283214,0.0,0.0,0.0,0.00017086325067899367,0.0,0.0,0.0001984218394981862,0.00017637496844283214,0.0,0.0,0.0,0.00017086325067899367,0.0,0.0,0.0001984218394981862,0.00017637496844283214,0.0,0.0,0.0,0.00017086325067899367,0.0,0.0002381062073978234,0.0003571593110967351,0.00034393118846352263,0.0,8.928982777418377e-05,0.0,0.00016204450225685204,0.0,9.425037376163843e-05,0.00011409255771145709,0.0,9.425037376163843e-05,0.0,0.0,0.0,0.0,0.0,0.00011905310369891172,0.00011464372948784092,0.0,7.936873579927449e-05,0.0,0.0,0.0,0.0,0.00023810620739782344,0.00022928745897568184,0.0,0.00015873747159854897,0.0,6.834530027159747e-05,0.0,0.00015873747159854897,0.00023810620739782344,0.00022928745897568184,0.0,0.0,0.0,0.0,0.0,0.0,0.0,0.0,0.0,0.0,0.0,0.0,0.0,0.0,7.936873579927449e-05,7.054998737713286e-05,0.0,0.0,0.0,6.834530027159747e-05,0.0,0.0,7.936873579927449e-05,7.054998737713286e-05,0.0,0.0,0.0,6.834530027159747e-05,0.0
x_R10_EXIT_B,0.0,0.0,0.0003174749431970979,0.0,0.00027779057529746064,0.0,0.0,0.004018042249838271,0.0,0.0,7.054998737713286e-05,0.0,6.173123895499125e-05,0.0,0.0,0.0008928982777418379,7.054998737713286e-05,7.054998737713286e-05,0.0,7.054998737713286e-05,0.00016755622002069054,7.054998737713286e-05,7.054998737713286e-05,0.0009987232588075372,7.054998737713286e-05,7.054998737713286e-05,0.0,7.054998737713286e-05,0.00016755622002069054,7.054998737713286e-05,7.054998737713286e-05,0.0009987232588075372,0.0,0.0,0.0003527499368856643,0.0,0.00048503116321778843,0.0,0.0,0.00464086635715202,0.0,0.0,5.291249053284965e-05,0.0,0.0,0.0,0.0,0.0006696737083063784,0.0,0.0,7.054998737713286e-05,0.0,6.173123895499125e-05,0.0,0.0,0.0008928982777418379,7.054998737713286e-05,7.054998737713286e-05,0.0,7.054998737713286e-05,0.00016755622002069054,7.054998737713286e-05,7.054998737713286e-05,0.0009987232588075372,7.054998737713286e-05,7.054998737713286e-05,0.0,7.054998737713286e-05,0.00016755622002069054,7.054998737713286e-05,7.054998737713286e-05,0.0009987232588075372,0.9195964119427207,0.9195964119427207,0.9193092514472246,0.9195964119427207,0.9196934181753642,0.9195964119427207,0.9195964119427207,-0.8851765727716349,0.0,0.0,7.054998737713286e-05,0.0,6.173123895499125e-05,0.0,0.0,0.0008928982777418379,0.0,0.0,7.054998737713286e-05,0.0,6.173123895499125e-05,0.0,0.0,0.0008928982777418379,0.0,0.0,7.054998737713286e-05,0.0,6.173123895499125e-05,0.0,0.0,0.0008928982777418379,0.0,0.0,7.054998737713286e-05,0.0,6.173123895499125e-05,0.0,0.0,0.0008928982777418379,0.0,0.0,5.291249053284964e-05,0.0,0.0001146437294878409,0.0,0.0,0.0009458107682746875,0.0,0.0,0.0,0.0,0.00014109997475426572,0.0,0.0,0.0009722670135411123,7.054998737713286e-05,7.054998737713286e-05,0.0,7.054998737713286e-05,0.00016755622002069054,7.054998737713286e-05,7.054998737713286e-05,0.0009987232588075372,9.700623264355767e-05,9.700623264355767e-05,0.0,9.700623264355767e-05,0.00019401246528711537,9.700623264355767e-05,9.700623264355767e-05,0.0010251795040739618,9.259685843248688e-05,9.259685843248688e-05,0.0,9.259685843248688e-05,0.00016535153291515517,9.259685843248688e-05,9.259685843248688e-05,0.00078872681200529,0.0,0.0,0.00026456245266424824,0.0,0.00015432809738747814,0.0,0.0,0.0012594275090370985,0.0,0.0,0.00035274993688566434,0.0,6.614061316606205e-05,0.0,0.0,0.0012594275090370985,0.0,0.0,7.936873579927447e-05,0.0,0.0,0.0,0.0,0.00037782825271112945,0.0,0.0,0.00026456245266424824,0.0,0.00015432809738747814,0.0,0.0,0.0012594275090370985,0.000563573141352487,0.000563573141352487,0.0008281355940167353,0.000563573141352487,0.000409245043965009,0.000409245043965009,0.000409245043965009,0.0016686725530021074,0.00015432809738747814,0.00015432809738747814,0.0004188905500517264,0.00015432809738747814,0.0,0.0,0.0,0.0,0.0,0.0,0.00015873747159854894,0.0,0.0,0.0,0.0,0.0007556565054222589,0.0,0.0,0.0,0.0,0.0,0.0,0.0,0.00012594275090370985,0.0,0.0,5.291249053284965e-05,0.0,0.0,0.0,0.0,0.0002518855018074197,0.0,0.0,0.0001058249810656993,0.0,6.173123895499125e-05,0.0,0.0,0.0005037710036148394,0.0,0.0,0.0001058249810656993,0.0,0.0,0.0,0.0,0.0005037710036148394,0.0,0.0,0.0,0.0,0.0,0.0,0.0,0.00012594275090370985,0.00019897301127457006,0.00019897301127457006,0.0003047979923402693,0.00019897301127457006,0.00016369801758600363,0.00016369801758600363,0.00016369801758600363,0.0003400729860288358,0.0,0.0,0.00014109997475426572,0.0,0.0,0.0,0.0,0.0
x_R11_EXIT_C,7.936873579927447e-05,0.0004762124147956468,0.0004762124147956468,0.0004762124147956468,0.0004762124147956468,0.0004762124147956468,0.0004762124147956468,0.0004762124147956468,0.0,0.0001058249810656993,0.0001058249810656993,0.0001058249810656993,0.0001058249810656993,0.0001058249810656993,0.0001058249810656993,0.0001058249810656993,0.00012346247790998252,0.0,0.0,0.0,0.0,0.0,0.0,0.0,0.00012346247790998252,0.0,0.0,0.0,0.0,0.0,0.0,0.0,0.0006173123895499126,0.0,0.0,0.0,0.0,0.0,0.0,0.0,5.6219521191152754e-05,0.0,0.0,0.0,0.0,0.0,0.0,0.0,0.0,0.0,0.0,0.0,0.0,0.0,0.0,0.0,0.00012346247790998252,0.0,0.0,0.0,0.0,0.0,0.0,0.0,0.00012346247790998252,0.0,0.0,0.0,0.0,0.0,0.0,0.0,0.00012346247790998252,0.0,0.0,0.0,0.0,0.0,0.0,0.0,-0.9081106924519682,0.9195324760166601,0.9195324760166601,0.9195324760166601,0.9195324760166601,0.9195324760166601,0.9195324760166601,0.9195324760166601,0.00012346247790998252,0.0,0.0,0.0,0.0,0.0,0.0,0.0,0.00012346247790998252,0.0,0.0,0.0,0.0,0.0,0.0,0.0,0.00012346247790998252,0.0,0.0,0.0,0.0,0.0,0.0,0.0,0.00012346247790998252,0.0,0.0,0.0,0.0,0.0,0.0,0.0,0.00012346247790998252,0.0,0.0,0.0,0.0,0.0,0.0,0.0,0.00012346247790998252,0.0,0.0,0.0,0.0,0.0,0.0,0.0,0.00012346247790998252,0.0,0.0,0.0,0.0,0.0,0.0,0.0,9.259685843248688e-05,0.0,0.0,0.0,0.0,0.0,0.0,0.0,0.0003086561947749563,0.0,0.0,0.0,0.0,0.0,0.0,0.0,0.0003086561947749563,0.0,0.0,0.0,0.0,0.0,0.0,0.0,9.259685843248688e-05,0.0,0.0,0.0,0.0,0.0,0.0,0.0,0.0003086561947749563,0.0,0.0,0.0,0.0,0.0,0.0,0.0,0.0003086561947749563,0.0,0.0,0.0,0.0,0.0,0.0,0.0,0.0003086561947749563,0.0,0.0,0.0,0.0,0.0,0.0,0.0,0.00018519371686497377,0.0,0.0,0.0,0.0,0.0,0.0,0.0,0.0,0.0,0.0,0.0,0.0,0.0,0.0,0.0,6.173123895499126e-05,0.0,0.0,0.0,0.0,0.0,0.0,0.0,0.00012346247790998252,0.0,0.0,0.0,0.0,0.0,0.0,0.0,0.00012346247790998252,0.0,0.0,0.0,0.0,0.0,0.0,0.0,0.0,0.0,0.0,0.0,0.0,0.0,0.0,0.0,0.00012346247790998252,0.0,0.0,0.0,0.0,0.0,0.0,0.0,0.00012346247790998252,0.0,0.0,0.0,0.0,0.0,0.0,0.0
x_R11_EXIT_D,0.0,0.0017857965554836759,0.0013294263246378475,0.0006151077024443771,0.0006151077024443771,0.0006151077024443771,0.0006151077024443771,0.0006151077024443771,0.0,0.0003968436789963724,0.0002954280721417439,0.00013669060054319492,0.00013669060054319492,0.00013669060054319492,0.00013669060054319492,0.00013669060054319492,0.0002954280721417439,0.0001014156068546285,0.0,0.0,0.0,0.0,0.0,0.0,0.0002954280721417439,0.0001014156068546285,0.0,0.0,0.0,0.0,0.0,0.0,0.0016645387646792287,0.0,0.0001873984039705092,0.0001873984039705092,0.0001873984039705092,0.0001873984039705092,0.0001873984039705092,0.0001873984039705092,0.0,0.0003422776731343711,0.0002662159679933998,0.00014716286429448805,0.00014716286429448805,0.00014716286429448805,0.00014716286429448805,0.00014716286429448805,0.0,0.0003968436789963724,0.0002954280721417439,0.00013669060054319492,0.00013669060054319492,0.00013669060054319492,0.00013669060054319492,0.00013669060054319492,0.0002954280721417439,0.0001014156068546285,0.0,0.0,0.0,0.0,0.0,0.0,0.0002954280721417439,0.0001014156068546285,0.0,0.0,0.0,0.0,0.0,0.0,0.0002954280721417439,0.0001014156068546285,0.0,0.0,0.0,0.0,0.0,0.0,0.9195324760166601,-0.900241000887344,0.9198279040888019,0.9196691666172033,0.9196691666172033,0.9196691666172033,0.9196691666172033,0.9196691666172033,0.0,0.0003968436789963724,0.0002954280721417439,0.00013669060054319492,0.00013669060054319492,0.00013669060054319492,0.00013669060054319492,0.00013669060054319492,0.0,0.00034834056267459354,0.00024692495581996504,8.818748422141608e-05,8.818748422141608e-05,8.818748422141608e-05,8.818748422141608e-05,8.818748422141608e-05,9.700623264355768e-05,0.00029983744635281474,0.0001984218394981862,0.0,0.0,0.0,0.0,0.0,0.0002954280721417439,0.0001014156068546285,0.0,0.0,0.0,0.0,0.0,0.0,0.0002954280721417439,0.0001014156068546285,0.0,0.0,0.0,0.0,0.0,0.0,0.0002954280721417439,0.0001014156068546285,0.0,0.0,0.0,0.0,0.0,0.0,0.0002954280721417439,0.0001014156068546285,0.0,0.0,0.0,0.0,0.0,0.0,0.0002215710541063079,7.606170514097137e-05,0.0,0.0,0.0,0.0,0.0,0.0,0.0003417265013579873,0.0002535390171365712,0.0,0.0,0.0,0.0,0.0,0.0,0.0003417265013579873,0.0002535390171365712,0.0,0.0,0.0,0.0,0.0,0.0,0.00010251795040739618,7.606170514097137e-05,0.0,0.0,0.0,0.0,0.0,0.0,0.0003417265013579873,0.0002535390171365712,0.0,0.0,0.0,0.0,0.0,0.0,0.0003417265013579873,0.0002535390171365712,0.0,0.0,0.0,0.0,0.0,0.0,0.0003417265013579873,0.0002535390171365712,0.0,0.0,0.0,0.0,0.0,0.0,0.00020503590081479237,0.00015212341028194274,0.0,0.0,0.0,0.0,0.0,0.0,0.0,0.0,0.0,0.0,0.0,0.0,0.0,0.0,6.834530027159746e-05,5.070780342731425e-05,0.0,0.0,0.0,0.0,0.0,0.0,0.00013669060054319492,0.0001014156068546285,0.0,0.0,0.0,0.0,0.0,0.0,0.00013669060054319492,0.0001014156068546285,0.0,0.0,0.0,0.0,0.0,0.0,0.0,0.0,0.0,0.0,0.0,0.0,0.0,0.0,0.00013669060054319492,0.0001014156068546285,0.0,0.0,0.0,0.0,0.0,0.0,0.00013669060054319492,0.0001014156068546285,0.0,0.0,0.0,0.0,0.0,0.0
x_R11_EXIT_E,0.0,0.0013294263246378475,0.002718379201125151,0.0006151077024443771,0.0006151077024443771,0.0006151077024443771,0.0006151077024443771,0.0006151077024443771,0.0,0.0002954280721417439,0.0006040842669167002,0.00013669060054319492,0.00013669060054319492,0.00013669060054319492,0.00013669060054319492,0.00013669060054319492,0.000586446770072417,0.0002910186979306731,0.0,0.0002910186979306731,0.00013228122633212412,0.0002910186979306731,0.0002910186979306731,0.00013228122633212412,0.000586446770072417,0.0002910186979306731,0.0,0.0002910186979306731,0.00013228122633212412,0.0002910186979306731,0.0002910186979306731,0.00013228122633212412,0.0014771403607087192,0.0,0.0015432809738747813,0.0,0.0007936873579927448,0.0,0.0,0.0007936873579927448,0.0,0.0002662159679933998,0.000497708114074617,0.00014716286429448805,0.00014716286429448805,0.00014716286429448805,0.00014716286429448805,0.00014716286429448805,0.0,0.0002954280721417439,0.0006040842669167002,0.00013669060054319492,0.00013669060054319492,0.00013669060054319492,0.00013669060054319492,0.00013669060054319492,0.0005511717763838505,0.0002557437042421067,5.291249053284965e-05,0.0002557437042421067,9.700623264355767e-05,0.0002557437042421067,0.0002557437042421067,9.700623264355767e-05,0.0005511717763838505,0.0002557437042421067,0.0,0.0002557437042421067,9.700623264355767e-05,0.0002557437042421067,0.0002557437042421067,9.700623264355767e-05,0.0005247155311174257,0.00022928745897568184,0.0,0.00022928745897568184,7.054998737713286e-05,0.00022928745897568184,0.00022928745897568184,7.054998737713286e-05,0.9195324760166601,0.9198279040888019,-0.8931609080657468,0.9196691666172033,0.9196691666172033,0.9196691666172033,0.9196691666172033,0.9196691666172033,0.0,0.0002954280721417439,0.0006040842669167002,0.00013669060054319492,0.00013669060054319492,0.00013669060054319492,0.00013669060054319492,0.00013669060054319492,0.0,0.00024692495581996504,0.0005555811505949214,8.818748422141608e-05,8.818748422141608e-05,8.818748422141608e-05,8.818748422141608e-05,8.818748422141608e-05,9.700623264355768e-05,0.0001984218394981862,0.0005070780342731425,0.0,0.0,0.0,0.0,0.0,0.0004718030405845761,0.0001763749684428322,0.00013228122633212412,0.0001763749684428322,0.0,0.0001763749684428322,0.0001763749684428322,0.0,0.0004982592858510009,0.00020283121370925702,0.0001058249810656993,0.00020283121370925702,0.0,0.00020283121370925702,0.00020283121370925702,0.0,0.0005247155311174257,0.00022928745897568184,7.936873579927447e-05,0.00022928745897568184,7.054998737713286e-05,0.00022928745897568184,0.00022928745897568184,7.054998737713286e-05,0.0005247155311174257,0.00022928745897568184,7.936873579927447e-05,0.00022928745897568184,7.054998737713286e-05,0.00022928745897568184,0.00022928745897568184,7.054998737713286e-05,0.00039353664833806926,0.00017196559423176132,5.9526551849455854e-05,0.00017196559423176132,5.291249053284965e-05,0.00017196559423176132,0.00017196559423176132,5.291249053284965e-05,0.0003417265013579873,0.0,0.00037479680794101834,0.0,0.0,0.0,0.0,0.0,0.0003417265013579873,0.0,0.00037479680794101834,0.0,0.0,0.0,0.0,0.0,0.00010251795040739618,0.0,0.00011243904238230551,0.0,0.0,0.0,0.0,0.0,0.0003417265013579873,0.0,0.00037479680794101834,0.0,0.0,0.0,0.0,0.0,0.0003417265013579873,0.0,0.00037479680794101834,0.0,0.0,0.0,0.0,0.0,0.0003417265013579873,0.0,0.00037479680794101834,0.0,0.0,0.0,0.0,0.0,0.00020503590081479237,0.0,0.00022487808476461102,0.0,0.0,0.0,0.0,0.0,0.0,0.0,0.0,0.0,0.0,0.0,0.0,0.0,6.834530027159746e-05,0.0,7.495936158820366e-05,0.0,0.0,0.0,0.0,0.0,0.00013669060054319492,0.0,0.00014991872317640732,0.0,0.0,0.0,0.0,0.0,0.00013669060054319492,0.0,0.00014991872317640732,0.0,0.0,0.0,0.0,0.0,0.0,0.0,0.0,0.0,0.0,0.0,0.0,0.0,0.00013669060054319492,0.0,0.00014991872317640732,0.0,0.0,0.0,0.0,0.0,0.00013669060054319492,0.0,0.00014991872317640732,0.0,0.0,0.0,0.0,0.0
x_R11_EXIT_G,0.0,0.0006151077024443771,0.0006151077024443771,0.0020834293147309548,0.0009722670135411123,0.0017758754635087662,0.0009722670135411123,0.0009722670135411123,0.0,0.00013669060054319492,0.00013669060054319492,0.00046298429216243443,0.0002160593363424694,0.00039463899189083693,0.0002160593363424694,0.0002160593363424694,0.00013669060054319492,0.0,0.0,0.00024692495581996504,0.0,0.0,0.0,0.0,0.00013669060054319492,0.0,0.0,0.00024692495581996504,0.0,0.0,0.0,0.0,0.0006834530027159746,0.0,0.0,0.0012346247790998252,0.0,0.0,0.0,0.0,0.0,0.00014716286429448805,0.00014716286429448805,0.0003918831330089177,0.0002066894161439439,0.00034062415780521967,0.0002066894161439439,0.0002066894161439439,0.0,0.00013669060054319492,0.00013669060054319492,0.00046298429216243443,0.0002160593363424694,0.00039463899189083693,0.0002160593363424694,0.0002160593363424694,0.00013669060054319492,0.0,0.0,0.00024692495581996504,0.0,0.0,0.0,0.0,0.00013669060054319492,0.0,0.0,0.00024692495581996504,0.0,0.0,0.0,0.0,0.00013669060054319492,0.0,0.0,0.00024692495581996504,0.0,0.0,0.0,0.0,0.9195324760166601,0.9196691666172033,0.9196691666172033,-0.8947489243002225,0.9197485353530026,0.919927115008551,0.9197485353530026,0.9197485353530026,0.0,0.00013669060054319492,0.00013669060054319492,0.00046298429216243443,0.0002160593363424694,0.00039463899189083693,0.0002160593363424694,0.0002160593363424694,0.0,8.818748422141608e-05,8.818748422141608e-05,0.0004144811758406556,0.00016755622002069057,0.00034613587556905814,0.00016755622002069057,0.00016755622002069057,9.700623264355768e-05,0.0,0.0,0.00036597805951887674,0.00011905310369891172,0.0002976327592472793,0.00011905310369891172,0.00011905310369891172,0.00013669060054319492,0.0,0.0,0.00024692495581996504,0.0,0.0,0.0,0.0,0.00013669060054319492,0.0,0.0,0.00024692495581996504,0.0,0.0,0.0,0.0,0.00013669060054319492,0.0,0.0,0.00024692495581996504,0.0,0.0,0.0,0.0,0.00013669060054319492,0.0,0.0,0.00024692495581996504,0.0,0.0,0.0,0.0,0.00010251795040739618,0.0,0.0,0.00018519371686497374,0.0,0.0,0.0,0.0,0.0005401483408561735,0.0,0.0,0.0006173123895499126,0.0,0.0,0.0,0.0,0.0005401483408561735,0.0,0.0,0.0006173123895499126,0.0,0.0,0.0,0.0,0.0002959792439181277,0.00013393474166127568,0.00013393474166127568,5.125897520369809e-05,0.00013393474166127568,0.0,0.0,0.0,0.0007881756402289061,0.0002480272993727327,0.0002480272993727327,0.0003692850901771798,0.0002480272993727327,0.0,0.0,0.0,0.0005401483408561735,0.0,0.0,0.0006173123895499126,0.0,0.0,0.0,0.0,0.0005401483408561735,0.0,0.0,0.0006173123895499126,0.0,0.0,0.0,0.0,0.0003240890045137041,0.0,0.0,0.0002215710541063079,0.0,0.0,0.0,0.0,5.401483408561735e-05,0.0,0.0,6.173123895499126e-05,0.0,0.0,0.0,0.0,0.00015763512804578127,0.0,0.0,0.0,0.0,0.0,0.0,0.0,0.00031527025609156254,0.0,0.0,0.00014771403607087195,0.0,0.0,0.0,0.0,0.0002160593363424694,0.0,0.0,0.00014771403607087195,0.0,0.0,0.0,0.0,5.401483408561735e-05,0.0,0.0,0.0,0.0,0.0,0.0,0.0,0.0002160593363424694,0.0,0.0,0.00024692495581996504,0.0,0.0,0.0,0.0,0.0002160593363424694,0.0,0.0,0.00024692495581996504,0.0,0.0,0.0,0.0
x_R11_EXIT_H,0.0,0.0006151077024443771,0.0006151077024443771,0.0009722670135411123,0.002410825349902962,0.0009722670135411123,0.001061556841315296,0.0020536660388062273,0.0,0.00013669060054319492,0.00013669060054319492,0.0002160593363424694,0.0005357389666451026,0.0002160593363424694,0.00023590152029228804,0.0004563702308458283,0.00013669060054319492,0.0,0.0,0.0,0.00014109997475426572,0.0,0.0,6.173123895499125e-05,0.00013669060054319492,0.0,0.0,0.0,0.00014109997475426572,0.0,0.0,6.173123895499125e-05,0.0006834530027159746,0.0,0.0,9.92109197490931e-05,0.0007054998737713286,0.0,0.0,0.0003086561947749563,0.0,0.00014716286429448805,0.00014716286429448805,0.0002066894161439439,0.0004464491388709189,0.0002066894161439439,0.0002215710541063079,0.00038692258702146306,0.0,0.00013669060054319492,0.00013669060054319492,0.0002160593363424694,0.0005357389666451026,0.0002160593363424694,0.00023590152029228804,0.0004563702308458283,0.00013669060054319492,0.0,0.0,0.0,0.00014109997475426572,0.0,0.0,6.173123895499125e-05,0.00013669060054319492,0.0,0.0,0.0,0.00014109997475426572,0.0,0.0,6.173123895499125e-05,0.00013669060054319492,0.0,0.0,0.0,0.00014109997475426572,0.0,0.0,6.173123895499125e-05,0.9195324760166601,0.9196691666172033,0.9196691666172033,0.9197485353530026,-0.8899736917816451,0.9197485353530026,0.9197683775369524,0.9199888462475059,0.0,0.00013669060054319492,0.00013669060054319492,0.0002160593363424694,0.0005357389666451026,0.0002160593363424694,0.00023590152029228804,0.0004563702308458283,0.0,8.818748422141608e-05,8.818748422141608e-05,0.00016755622002069057,0.0004872358503233239,0.00016755622002069057,0.0001873984039705092,0.00040786711452404944,9.700623264355768e-05,0.0,0.0,0.00011905310369891172,0.00043873273400154504,0.00011905310369891172,0.00013889528764873035,0.0003593639982022706,0.00013669060054319492,0.0,0.0,0.0,0.00014109997475426572,0.0,0.0,6.173123895499125e-05,0.00013669060054319492,0.0,0.0,0.0,0.00014109997475426572,0.0,0.0,6.173123895499125e-05,0.00013669060054319492,0.0,0.0,0.0,0.00014109997475426572,0.0,0.0,6.173123895499125e-05,0.00013669060054319492,0.0,0.0,0.0,0.00014109997475426572,0.0,0.0,6.173123895499125e-05,0.00010251795040739618,0.0,0.0,0.0,0.0001058249810656993,0.0,0.0,0.0,0.0005897538007307201,0.0,0.0003968436789963724,0.0,0.0007495936158820367,0.0,0.0,0.0,0.0005897538007307201,0.0,8.818748422141607e-05,0.0,0.00026456245266424824,0.0,0.0,0.0,0.00016204450225685204,0.0,0.00013393474166127568,0.0,0.00023975972272697493,0.0,0.0,0.0,0.0005401483408561735,0.0,0.0004464491388709189,0.0,0.0007991990757565832,0.0,0.0,0.0,0.0011409255771145704,0.0005511717763838505,0.00015432809738747814,0.000600777236258397,0.0001984218394981862,0.0,0.0,0.0,0.0012732068034466944,0.0006834530027159746,0.00028660932371960224,0.0007330584625905212,6.614061316606205e-05,0.0,0.0,0.0,0.000353852280438432,0.0,0.0002381062073978234,0.0,0.00015873747159854894,0.0,0.0,0.0,5.897538007307201e-05,0.0,0.0,0.0,0.0,0.0,0.0,0.0,0.0001080296681712347,0.0,7.936873579927449e-05,0.0,0.00014991872317640737,0.0,0.0,0.0,0.0002160593363424694,0.0,0.00015873747159854897,0.0,0.00029983744635281474,0.0,0.0,0.0,0.00023590152029228804,0.0,0.00015873747159854897,0.0,0.0,0.0,0.0,0.0,0.00010747849639485086,0.0,0.0,0.0,0.0,0.0,0.0,0.0,0.00042991398557940344,0.0001940124652871154,0.0,0.00021385464923693405,0.0,0.0,0.0,0.0,0.00042991398557940344,0.0001940124652871154,0.0,0.00021385464923693405,0.0,0.0,0.0,0.0
x_R11_EXIT_A,0.0,0.0006151077024443771,0.0006151077024443771,0.0017758754635087662,0.0009722670135411123,0.004087489893662635,0.0009722670135411123,0.0009722670135411123,0.0,0.00013669060054319492,0.00013669060054319492,0.00039463899189083693,0.0002160593363424694,0.0009083310874805856,0.0002160593363424694,0.0002160593363424694,0.00013669060054319492,0.0,0.0,0.0001785796555483676,0.0,0.0001774773119955999,0.0,0.0,0.00013669060054319492,0.0,0.0,0.0001785796555483676,0.0,0.0001774773119955999,0.0,0.0,0.0006834530027159746,0.0,0.0,0.0008928982777418378,0.0,0.0008873865599779993,0.0,0.0,0.0,0.00014716286429448805,0.00014716286429448805,0.00034062415780521967,0.0002066894161439439,0.0007258932294975311,0.0002066894161439439,0.0002066894161439439,0.0,0.00013669060054319492,0.00013669060054319492,0.00039463899189083693,0.0002160593363424694,0.0009083310874805856,0.0002160593363424694,0.0002160593363424694,0.00013669060054319492,0.0,0.0,0.0001785796555483676,0.0,0.0001774773119955999,0.0,0.0,0.00013669060054319492,0.0,0.0,0.0001785796555483676,0.0,0.0001774773119955999,0.0,0.0,0.00013669060054319492,0.0,0.0,0.0001785796555483676,0.0,0.0001774773119955999,0.0,0.0,0.9195324760166601,0.9196691666172033,0.9196691666172033,0.919927115008551,0.9197485353530026,-0.8885159124660185,0.9197485353530026,0.9197485353530026,0.0,0.00013669060054319492,0.00013669060054319492,0.00039463899189083693,0.0002160593363424694,0.0009083310874805856,0.0002160593363424694,0.0002160593363424694,0.0,8.818748422141608e-05,8.818748422141608e-05,0.00034613587556905814,0.00016755622002069057,0.0008598279711588068,0.00016755622002069057,0.00016755622002069057,9.700623264355768e-05,0.0,0.0,0.0002976327592472793,0.00011905310369891172,0.000811324854837028,0.00011905310369891172,0.00011905310369891172,0.00013669060054319492,0.0,0.0,0.0001785796555483676,0.0,0.0001774773119955999,0.0,0.0,0.00013669060054319492,0.0,0.0,0.0001785796555483676,0.0,0.0001774773119955999,0.0,0.0,0.00013669060054319492,0.0,0.0,0.0001785796555483676,0.0,0.0001774773119955999,0.0,0.0,0.00013669060054319492,0.0,0.0,0.0001785796555483676,0.0,0.0001774773119955999,0.0,0.0,0.00010251795040739618,0.0,0.0,0.00013393474166127568,0.0,0.0001331079839966999,0.0,0.0,0.0005401483408561735,0.0,0.0,0.0004464491388709189,0.0,0.00044369327998899965,0.0,0.0,0.0005401483408561735,0.0,0.0,0.0004464491388709189,0.0,0.00044369327998899965,0.0,0.0,0.0004253668184242367,0.0002633223161673846,0.0002633223161673846,0.0001293875745061089,0.0002633223161673846,0.00025588149718620254,0.0001227735131895027,0.0001227735131895027,0.0007881756402289061,0.0002480272993727327,0.0002480272993727327,0.0001984218394981862,0.0002480272993727327,0.00044369327998899965,0.0,0.0,0.0005401483408561735,0.0,0.0,0.0004464491388709189,0.0,0.00044369327998899965,0.0,0.0,0.0005401483408561735,0.0,0.0,0.0004464491388709189,0.0,0.00044369327998899965,0.0,0.0,0.0003240890045137041,0.0,0.0,0.0001190531036989117,0.0,0.0002662159679933998,0.0,0.0,5.401483408561735e-05,0.0,0.0,0.0,0.0,0.0,0.0,0.0,0.00023948413683878302,8.184900879300182e-05,8.184900879300182e-05,0.00024058648039155077,8.184900879300182e-05,0.0,8.184900879300182e-05,8.184900879300182e-05,0.00031527025609156254,0.0,0.0,7.936873579927449e-05,0.0,0.0,0.0,0.0,0.0002160593363424694,0.0,0.0,7.936873579927449e-05,0.0,0.0001774773119955999,0.0,0.0,5.401483408561735e-05,0.0,0.0,0.0,0.0,0.0,0.0,0.0,0.0002160593363424694,0.0,0.0,0.0001785796555483676,0.0,0.0001774773119955999,0.0,0.0,0.0002160593363424694,0.0,0.0,0.0001785796555483676,0.0,0.0001774773119955999,0.0,0.0
x_R11_EXIT_F,0.0,0.0006151077024443771,0.0006151077024443771,0.0009722670135411123,0.001061556841315296,0.0009722670135411123,0.003323565811594619,0.001061556841315296,0.0,0.00013669060054319492,0.00013669060054319492,0.0002160593363424694,0.00023590152029228804,0.0002160593363424694,0.0007385701803543598,0.00023590152029228804,0.00013669060054319492,0.0,0.0,0.0,0.0,0.00016755622002069057,0.0005026686600620718,0.0,0.00013669060054319492,0.0,0.0,0.0,0.0,0.00016755622002069057,0.0005026686600620718,0.0,0.0006834530027159746,0.0,0.0,9.92109197490931e-05,0.0,0.0008377811001034529,0.002513343300310359,0.0,0.0,0.00014716286429448805,0.00014716286429448805,0.0002066894161439439,0.0002215710541063079,0.0002066894161439439,0.0005985725491528618,0.0002215710541063079,0.0,0.00013669060054319492,0.00013669060054319492,0.0002160593363424694,0.00023590152029228804,0.0002160593363424694,0.0007385701803543598,0.00023590152029228804,0.00013669060054319492,0.0,0.0,0.0,0.0,0.00016755622002069057,0.0005026686600620718,0.0,0.00013669060054319492,0.0,0.0,0.0,0.0,0.00016755622002069057,0.0005026686600620718,0.0,0.00013669060054319492,0.0,0.0,0.0,0.0,0.00016755622002069057,0.0005026686600620718,0.0,0.9195324760166601,0.9196691666172033,0.9196691666172033,0.9197485353530026,0.9197683775369524,0.9197485353530026,-0.8908560477627269,0.9197683775369524,0.0,0.00013669060054319492,0.00013669060054319492,0.0002160593363424694,0.00023590152029228804,0.0002160593363424694,0.0007385701803543598,0.00023590152029228804,0.0,8.818748422141608e-05,8.818748422141608e-05,0.00016755622002069057,0.0001873984039705092,0.00016755622002069057,0.0006900670640325809,0.0001873984039705092,9.700623264355768e-05,0.0,0.0,0.00011905310369891172,0.00013889528764873035,0.00011905310369891172,0.0006415639477108022,0.00013889528764873035,0.00013669060054319492,0.0,0.0,0.0,0.0,0.00016755622002069057,0.0005026686600620718,0.0,0.00013669060054319492,0.0,0.0,0.0,0.0,0.00016755622002069057,0.0005026686600620718,0.0,0.00013669060054319492,0.0,0.0,0.0,0.0,0.00016755622002069057,0.0005026686600620718,0.0,0.00013669060054319492,0.0,0.0,0.0,0.0,0.00016755622002069057,0.0005026686600620718,0.0,0.00010251795040739618,0.0,0.0,0.0,0.0,0.0001256671650155179,0.0003770014950465538,0.0,0.0010086443507824462,0.00041889055005172644,0.00041889055005172644,0.00046849600992627296,0.00041889055005172644,0.0,0.0008377811001034529,0.00041889055005172644,0.0013834411587234647,0.0007936873579927448,0.0,0.0008432928178672913,0.0,0.00041889055005172644,0.00041889055005172633,0.0,0.00016204450225685204,0.0,0.0,0.0,0.0,0.0,5.125897520369809e-05,0.0,0.0005401483408561735,0.0,0.0,0.0,0.0,0.0,0.00017086325067899367,0.0,0.0005897538007307201,0.0,0.0,0.0,0.0,0.0,0.00017086325067899367,0.0,0.0005897538007307201,0.0,0.0,0.0,0.0,0.0,0.00017086325067899367,0.0,0.0005919584878362554,0.0002381062073978234,0.0002381062073978234,0.0,8.928982777418377e-05,0.0,0.00016204450225685204,0.0,0.00015322575383471044,9.425037376163843e-05,0.0,9.92109197490931e-05,0.0,0.0,0.0,0.0,0.0001080296681712347,7.936873579927449e-05,7.936873579927449e-05,0.0,7.936873579927449e-05,0.0,0.0,0.0,0.0002160593363424694,0.00015873747159854897,0.00015873747159854897,0.0,0.00015873747159854897,0.0,6.834530027159747e-05,0.0,0.000394638991890837,0.00015873747159854897,0.00015873747159854897,0.0,0.0,0.0,0.0,0.0,5.897538007307201e-05,0.0,0.0,0.0,0.0,0.0,0.0,0.0,0.00023590152029228804,0.0,0.0,0.0,0.0,0.0,6.834530027159747e-05,0.0,0.00023590152029228804,0.0,0.0,0.0,0.0,0.0,6.834530027159747e-05,0.0
x_R11_EXIT_B,0.0,0.0006151077024443771,0.0006151077024443771,0.0009722670135411123,0.0020536660388062273,0.0009722670135411123,0.001061556841315296,0.005793917713347036,0.0,0.00013669060054319492,0.00013669060054319492,0.0002160593363424694,0.0004563702308458283,0.0002160593363424694,0.00023590152029228804,0.0012875372696326748,0.00013669060054319492,0.0,0.0,0.0,6.173123895499125e-05,0.0,0.0,0.0008928982777418379,0.00013669060054319492,0.0,0.0,0.0,6.173123895499125e-05,0.0,0.0,0.0008928982777418379,0.0006834530027159746,0.0,0.0,9.92109197490931e-05,0.0003086561947749563,0.0,0.0,0.004464491388709189,0.0,0.00014716286429448805,0.00014716286429448805,0.0002066894161439439,0.00038692258702146306,0.0002066894161439439,0.0002215710541063079,0.0010102978661115979,0.0,0.00013669060054319492,0.00013669060054319492,0.0002160593363424694,0.0004563702308458283,0.0002160593363424694,0.00023590152029228804,0.0012875372696326748,0.00013669060054319492,0.0,0.0,0.0,6.173123895499125e-05,0.0,0.0,0.0008928982777418379,0.00013669060054319492,0.0,0.0,0.0,6.173123895499125e-05,0.0,0.0,0.0008928982777418379,0.00013669060054319492,0.0,0.0,0.0,6.173123895499125e-05,0.0,0.0,0.0008928982777418379,0.9195324760166601,0.9196691666172033,0.9196691666172033,0.9197485353530026,0.9199888462475059,0.9197485353530026,0.9197683775369524,-0.8841576865696323,0.0,0.00013669060054319492,0.00013669060054319492,0.0002160593363424694,0.0004563702308458283,0.0002160593363424694,0.00023590152029228804,0.0012875372696326748,0.0,8.818748422141608e-05,8.818748422141608e-05,0.00016755622002069057,0.00040786711452404944,0.00016755622002069057,0.0001873984039705092,0.001239034153310896,9.700623264355768e-05,0.0,0.0,0.00011905310369891172,0.0003593639982022706,0.00011905310369891172,0.00013889528764873035,0.0011905310369891172,0.00013669060054319492,0.0,0.0,0.0,6.173123895499125e-05,0.0,0.0,0.0008928982777418379,0.00013669060054319492,0.0,0.0,0.0,6.173123895499125e-05,0.0,0.0,0.0008928982777418379,0.00013669060054319492,0.0,0.0,0.0,6.173123895499125e-05,0.0,0.0,0.0008928982777418379,0.00013669060054319492,0.0,0.0,0.0,6.173123895499125e-05,0.0,0.0,0.0008928982777418379,0.00010251795040739618,0.0,0.0,0.0,0.0,0.0,0.0,0.0006696737083063784,0.0005897538007307201,0.0,0.0003968436789963724,0.0,0.0005511717763838505,0.0,0.0,0.0012594275090370985,0.0005897538007307201,0.0,8.818748422141607e-05,0.0,6.614061316606205e-05,0.0,0.0,0.0012594275090370985,0.00016204450225685204,0.0,0.00013393474166127568,0.0,0.00018023317087751908,0.0,0.0,0.00037782825271112945,0.0005401483408561735,0.0,0.0004464491388709189,0.0,0.000600777236258397,0.0,0.0,0.0012594275090370985,0.0015501706210795795,0.0009604168203488595,0.000563573141352487,0.0010100222802234059,0.000409245043965009,0.000409245043965009,0.000409245043965009,0.0016686725530021074,0.0011409255771145704,0.0005511717763838505,0.00015432809738747814,0.000600777236258397,0.0,0.0,0.0,0.0,0.000353852280438432,0.0,0.0002381062073978234,0.0,0.0,0.0,0.0,0.0007556565054222589,5.897538007307201e-05,0.0,0.0,0.0,0.0,0.0,0.0,0.00012594275090370985,0.0001080296681712347,0.0,7.936873579927449e-05,0.0,0.00011023435527677012,0.0,0.0,0.0002518855018074197,0.0002160593363424694,0.0,0.00015873747159854897,0.0,0.00022046871055354025,0.0,0.0,0.0005037710036148394,0.00023590152029228804,0.0,0.00015873747159854897,0.0,0.0,0.0,0.0,0.0005037710036148394,0.00010747849639485086,0.0,0.0,0.0,0.0,0.0,0.0,0.00012594275090370985,0.000593612003165407,0.00035771048287311906,0.00019897301127457006,0.00037755266682293765,0.00016369801758600363,0.00016369801758600363,0.00016369801758600363,0.0003400729860288358,0.00042991398557940344,0.0001940124652871154,0.0,0.00021385464923693405,0.0,0.0,0.0,0.0
x_R12_EXIT_C,7.936873579927447e-05,0.0004762124147956468,0.0004762124147956468,0.0004762124147956468,0.0004762124147956468,0.0004762124147956468,0.0004762124147956468,0.0004762124147956468,0.0,0.0001058249810656993,0.0001058249810656993,0.0001058249810656993,0.0001058249810656993,0.0001058249810656993,0.0001058249810656993,0.0001058249810656993,0.00012346247790998252,0.0,0.0,0.0,0.0,0.0,0.0,0.0,0.00012346247790998252,0.0,0.0,0.0,0.0,0.0,0.0,0.0,0.0006173123895499126,0.0,0.0,0.0,0.0,0.0,0.0,0.0,5.6219521191152754e-05,0.0,0.0,0.0,0.0,0.0,0.0,0.0,0.0,0.0,0.0,0.0,0.0,0.0,0.0,0.0,0.00012346247790998252,0.0,0.0,0.0,0.0,0.0,0.0,0.0,0.00012346247790998252,0.0,0.0,0.0,0.0,0.0,0.0,0.0,0.00012346247790998252,0.0,0.0,0.0,0.0,0.0,0.0,0.0,0.00012346247790998252,0.0,0.0,0.0,0.0,0.0,0.0,0.0,-0.9103405933933998,0.9194729494648106,0.9194729494648106,0.9194729494648106,0.9194729494648106,0.9194729494648106,0.9194729494648106,0.9194729494648106,0.00012346247790998252,0.0,0.0,0.0,0.0,0.0,0.0,0.0,0.00012346247790998252,0.0,0.0,0.0,0.0,0.0,0.0,0.0,0.00012346247790998252,0.0,0.0,0.0,0.0,0.0,0.0,0.0,0.00012346247790998252,0.0,0.0,0.0,0.0,0.0,0.0,0.0,0.00012346247790998252,0.0,0.0,0.0,0.0,0.0,0.0,0.0,0.00012346247790998252,0.0,0.0,0.0,0.0,0.0,0.0,0.0,9.259685843248688e-05,0.0,0.0,0.0,0.0,0.0,0.0,0.0,0.0003086561947749563,0.0,0.0,0.0,0.0,0.0,0.0,0.0,0.0003086561947749563,0.0,0.0,0.0,0.0,0.0,0.0,0.0,9.259685843248688e-05,0.0,0.0,0.0,0.0,0.0,0.0,0.0,0.0003086561947749563,0.0,0.0,0.0,0.0,0.0,0.0,0.0,0.0003086561947749563,0.0,0.0,0.0,0.0,0.0,0.0,0.0,0.0003086561947749563,0.0,0.0,0.0,0.0,0.0,0.0,0.0,0.00018519371686497377,0.0,0.0,0.0,0.0,0.0,0.0,0.0,0.0,0.0,0.0,0.0,0.0,0.0,0.0,0.0,6.173123895499126e-05,0.0,0.0,0.0,0.0,0.0,0.0,0.0,0.00012346247790998252,0.0,0.0,0.0,0.0,0.0,0.0,0.0,0.00012346247790998252,0.0,0.0,0.0,0.0,0.0,0.0,0.0,0.0,0.0,0.0,0.0,0.0,0.0,0.0,0.0,0.00012346247790998252,0.0,0.0,0.0,0.0,0.0,0.0,0.0,0.00012346247790998252,0.0,0.0,0.0,0.0,0.0,0.0,0.0
x_R12_EXIT_D,0.0,0.0017857965554836759,0.0013294263246378475,0.0006151077024443771,0.0006151077024443771,0.0006151077024443771,0.0006151077024443771,0.0006151077024443771,0.0,0.0003968436789963724,0.0002954280721417439,0.00013669060054319492,0.00013669060054319492,0.00013669060054319492,0.00013669060054319492,0.00013669060054319492,0.0002954280721417439,0.0001014156068546285,0.0,0.0,0.0,0.0,0.0,0.0,0.0002954280721417439,0.0001014156068546285,0.0,0.0,0.0,0.0,0.0,0.0,0.0016645387646792287,0.0,0.0001873984039705092,0.0001873984039705092,0.0001873984039705092,0.0001873984039705092,0.0001873984039705092,0.0001873984039705092,0.0,0.0002976327592472792,0.0002215710541063079,0.00010251795040739618,0.00010251795040739618,0.00010251795040739618,0.00010251795040739618,0.00010251795040739618,0.0,0.0003968436789963724,0.0002954280721417439,0.00013669060054319492,0.00013669060054319492,0.00013669060054319492,0.00013669060054319492,0.00013669060054319492,0.0002954280721417439,0.0001014156068546285,0.0,0.0,0.0,0.0,0.0,0.0,0.0002954280721417439,0.0001014156068546285,0.0,0.0,0.0,0.0,0.0,0.0,0.0002954280721417439,0.0001014156068546285,0.0,0.0,0.0,0.0,0.0,0.0,0.0,0.0003968436789963724,0.0002954280721417439,0.00013669060054319492,0.00013669060054319492,0.00013669060054319492,0.00013669060054319492,0.00013669060054319492,0.9194729494648106,-0.9024709018287758,0.9197683775369524,0.9196096400653538,0.9196096400653538,0.9196096400653538,0.9196096400653538,0.9196096400653538,0.0,0.00034834056267459354,0.00024692495581996504,8.818748422141608e-05,8.818748422141608e-05,8.818748422141608e-05,8.818748422141608e-05,8.818748422141608e-05,9.700623264355768e-05,0.00029983744635281474,0.0001984218394981862,0.0,0.0,0.0,0.0,0.0,0.0002954280721417439,0.0001014156068546285,0.0,0.0,0.0,0.0,0.0,0.0,0.0002954280721417439,0.0001014156068546285,0.0,0.0,0.0,0.0,0.0,0.0,0.0002954280721417439,0.0001014156068546285,0.0,0.0,0.0,0.0,0.0,0.0,0.0002954280721417439,0.0001014156068546285,0.0,0.0,0.0,0.0,0.0,0.0,0.0002215710541063079,7.606170514097137e-05,0.0,0.0,0.0,0.0,0.0,0.0,0.0003417265013579873,0.0002535390171365712,0.0,0.0,0.0,0.0,0.0,0.0,0.0003417265013579873,0.0002535390171365712,0.0,0.0,0.0,0.0,0.0,0.0,0.00010251795040739618,7.606170514097137e-05,0.0,0.0,0.0,0.0,0.0,0.0,0.0003417265013579873,0.0002535390171365712,0.0,0.0,0.0,0.0,0.0,0.0,0.0003417265013579873,0.0002535390171365712,0.0,0.0,0.0,0.0,0.0,0.0,0.0003417265013579873,0.0002535390171365712,0.0,0.0,0.0,0.0,0.0,0.0,0.00020503590081479237,0.00015212341028194274,0.0,0.0,0.0,0.0,0.0,0.0,0.0,0.0,0.0,0.0,0.0,0.0,0.0,0.0,6.834530027159746e-05,5.070780342731425e-05,0.0,0.0,0.0,0.0,0.0,0.0,0.00013669060054319492,0.0001014156068546285,0.0,0.0,0.0,0.0,0.0,0.0,0.00013669060054319492,0.0001014156068546285,0.0,0.0,0.0,0.0,0.0,0.0,0.0,0.0,0.0,0.0,0.0,0.0,0.0,0.0,0.00013669060054319492,0.0001014156068546285,0.0,0.0,0.0,0.0,0.0,0.0,0.00013669060054319492,0.0001014156068546285,0.0,0.0,0.0,0.0,0.0,0.0
x_R12_EXIT_E,0.0,0.0013294263246378475,0.002718379201125151,0.0006151077024443771,0.0006151077024443771,0.0006151077024443771,0.0006151077024443771,0.0006151077024443771,0.0,0.0002954280721417439,0.0006040842669167002,0.00013669060054319492,0.00013669060054319492,0.00013669060054319492,0.00013669060054319492,0.00013669060054319492,0.000586446770072417,0.0002910186979306731,0.0,0.0002910186979306731,0.00013228122633212412,0.0002910186979306731,0.0002910186979306731,0.00013228122633212412,0.000586446770072417,0.0002910186979306731,0.0,0.0002910186979306731,0.00013228122633212412,0.0002910186979306731,0.0002910186979306731,0.00013228122633212412,0.0014771403607087192,0.0,0.0015432809738747813,0.0,0.0007936873579927448,0.0,0.0,0.0007936873579927448,0.0,0.0002215710541063079,0.0004530632001875251,0.00010251795040739618,0.00010251795040739618,0.00010251795040739618,0.00010251795040739618,0.00010251795040739618,0.0,0.0002954280721417439,0.0006040842669167002,0.00013669060054319492,0.00013669060054319492,0.00013669060054319492,0.00013669060054319492,0.00013669060054319492,0.0005511717763838505,0.0002557437042421067,5.291249053284965e-05,0.0002557437042421067,9.700623264355767e-05,0.0002557437042421067,0.0002557437042421067,9.700623264355767e-05,0.0005511717763838505,0.0002557437042421067,0.0,0.0002557437042421067,9.700623264355767e-05,0.0002557437042421067,0.0002557437042421067,9.700623264355767e-05,0.0005247155311174257,0.00022928745897568184,0.0,0.00022928745897568184,7.054998737713286e-05,0.00022928745897568184,0.00022928745897568184,7.054998737713286e-05,0.0,0.0002954280721417439,0.0006040842669167002,0.00013669060054319492,0.00013669060054319492,0.00013669060054319492,0.00013669060054319492,0.00013669060054319492,0.9194729494648106,0.9197683775369524,-0.8953908090071785,0.9196096400653538,0.9196096400653538,0.9196096400653538,0.9196096400653538,0.9196096400653538,0.0,0.00024692495581996504,0.0005555811505949214,8.818748422141608e-05,8.818748422141608e-05,8.818748422141608e-05,8.818748422141608e-05,8.818748422141608e-05,9.700623264355768e-05,0.0001984218394981862,0.0005070780342731425,0.0,0.0,0.0,0.0,0.0,0.0004718030405845761,0.0001763749684428322,0.00013228122633212412,0.0001763749684428322,0.0,0.0001763749684428322,0.0001763749684428322,0.0,0.0004982592858510009,0.00020283121370925702,0.0001058249810656993,0.00020283121370925702,0.0,0.00020283121370925702,0.00020283121370925702,0.0,0.0005247155311174257,0.00022928745897568184,7.936873579927447e-05,0.00022928745897568184,7.054998737713286e-05,0.00022928745897568184,0.00022928745897568184,7.054998737713286e-05,0.0005247155311174257,0.00022928745897568184,7.936873579927447e-05,0.00022928745897568184,7.054998737713286e-05,0.00022928745897568184,0.00022928745897568184,7.054998737713286e-05,0.00039353664833806926,0.00017196559423176132,5.9526551849455854e-05,0.00017196559423176132,5.291249053284965e-05,0.00017196559423176132,0.00017196559423176132,5.291249053284965e-05,0.0003417265013579873,0.0,0.00037479680794101834,0.0,0.0,0.0,0.0,0.0,0.0003417265013579873,0.0,0.00037479680794101834,0.0,0.0,0.0,0.0,0.0,0.00010251795040739618,0.0,0.00011243904238230551,0.0,0.0,0.0,0.0,0.0,0.0003417265013579873,0.0,0.00037479680794101834,0.0,0.0,0.0,0.0,0.0,0.0003417265013579873,0.0,0.00037479680794101834,0.0,0.0,0.0,0.0,0.0,0.0003417265013579873,0.0,0.00037479680794101834,0.0,0.0,0.0,0.0,0.0,0.00020503590081479237,0.0,0.00022487808476461102,0.0,0.0,0.0,0.0,0.0,0.0,0.0,0.0,0.0,0.0,0.0,0.0,0.0,6.834530027159746e-05,0.0,7.495936158820366e-05,0.0,0.0,0.0,0.0,0.0,0.00013669060054319492,0.0,0.00014991872317640732,0.0,0.0,0.0,0.0,0.0,0.00013669060054319492,0.0,0.00014991872317640732,0.0,0.0,0.0,0.0,0.0,0.0,0.0,0.0,0.0,0.0,0.0,0.0,0.0,0.00013669060054319492,0.0,0.00014991872317640732,0.0,0.0,0.0,0.0,0.0,0.00013669060054319492,0.0,0.00014991872317640732,0.0,0.0,0.0,0.0,0.0
x_R12_EXIT_G,0.0,0.0006151077024443771,0.0006151077024443771,0.0020834293147309548,0.0009722670135411123,0.0017758754635087662,0.0009722670135411123,0.0009722670135411123,0.0,0.00013669060054319492,0.00013669060054319492,0.00046298429216243443,0.0002160593363424694,0.00039463899189083693,0.0002160593363424694,0.0002160593363424694,0.00013669060054319492,0.0,0.0,0.00024692495581996504,0.0,0.0,0.0,0.0,0.00013669060054319492,0.0,0.0,0.00024692495581996504,0.0,0.0,0.0,0.0,0.0006834530027159746,0.0,0.0,0.0012346247790998252,0.0,0.0,0.0,0.0,0.0,0.00010251795040739618,0.00010251795040739618,0.00034723821912182576,0.00016204450225685204,0.0002959792439181277,0.00016204450225685204,0.00016204450225685204,0.0,0.00013669060054319492,0.00013669060054319492,0.00046298429216243443,0.0002160593363424694,0.00039463899189083693,0.0002160593363424694,0.0002160593363424694,0.00013669060054319492,0.0,0.0,0.00024692495581996504,0.0,0.0,0.0,0.0,0.00013669060054319492,0.0,0.0,0.00024692495581996504,0.0,0.0,0.0,0.0,0.00013669060054319492,0.0,0.0,0.00024692495581996504,0.0,0.0,0.0,0.0,0.0,0.00013669060054319492,0.00013669060054319492,0.00046298429216243443,0.0002160593363424694,0.00039463899189083693,0.0002160593363424694,0.0002160593363424694,0.9194729494648106,0.9196096400653538,0.9196096400653538,-0.8969788252416542,0.9196890088011531,0.9198675884567015,0.9196890088011531,0.9196890088011531,0.0,8.818748422141608e-05,8.818748422141608e-05,0.0004144811758406556,0.00016755622002069057,0.00034613587556905814,0.00016755622002069057,0.00016755622002069057,9.700623264355768e-05,0.0,0.0,0.00036597805951887674,0.00011905310369891172,0.0002976327592472793,0.00011905310369891172,0.00011905310369891172,0.00013669060054319492,0.0,0.0,0.00024692495581996504,0.0,0.0,0.0,0.0,0.00013669060054319492,0.0,0.0,0.00024692495581996504,0.0,0.0,0.0,0.0,0.00013669060054319492,0.0,0.0,0.00024692495581996504,0.0,0.0,0.0,0.0,0.00013669060054319492,0.0,0.0,0.00024692495581996504,0.0,0.0,0.0,0.0,0.00010251795040739618,0.0,0.0,0.00018519371686497374,0.0,0.0,0.0,0.0,0.0005401483408561735,0.0,0.0,0.0006173123895499126,0.0,0.0,0.0,0.0,0.0005401483408561735,0.0,0.0,0.0006173123895499126,0.0,0.0,0.0,0.0,0.0002959792439181277,0.00013393474166127568,0.00013393474166127568,5.125897520369809e-05,0.00013393474166127568,0.0,0.0,0.0,0.0007881756402289061,0.0002480272993727327,0.0002480272993727327,0.0003692850901771798,0.0002480272993727327,0.0,0.0,0.0,0.0005401483408561735,0.0,0.0,0.0006173123895499126,0.0,0.0,0.0,0.0,0.0005401483408561735,0.0,0.0,0.0006173123895499126,0.0,0.0,0.0,0.0,0.0003240890045137041,0.0,0.0,0.0002215710541063079,0.0,0.0,0.0,0.0,5.401483408561735e-05,0.0,0.0,6.173123895499126e-05,0.0,0.0,0.0,0.0,0.00015763512804578127,0.0,0.0,0.0,0.0,0.0,0.0,0.0,0.00031527025609156254,0.0,0.0,0.00014771403607087195,0.0,0.0,0.0,0.0,0.0002160593363424694,0.0,0.0,0.00014771403607087195,0.0,0.0,0.0,0.0,5.401483408561735e-05,0.0,0.0,0.0,0.0,0.0,0.0,0.0,0.0002160593363424694,0.0,0.0,0.00024692495581996504,0.0,0.0,0.0,0.0,0.0002160593363424694,0.0,0.0,0.00024692495581996504,0.0,0.0,0.0,0.0
x_R12_EXIT_H,0.0,0.0006151077024443771,0.0006151077024443771,0.0009722670135411123,0.002410825349902962,0.0009722670135411123,0.001061556841315296,0.0020536660388062273,0.0,0.00013669060054319492,0.00013669060054319492,0.0002160593363424694,0.0005357389666451026,0.0002160593363424694,0.00023590152029228804,0.0004563702308458283,0.00013669060054319492,0.0,0.0,0.0,0.00014109997475426572,0.0,0.0,6.173123895499125e-05,0.00013669060054319492,0.0,0.0,0.0,0.00014109997475426572,0.0,0.0,6.173123895499125e-05,0.0006834530027159746,0.0,0.0,9.92109197490931e-05,0.0007054998737713286,0.0,0.0,0.0003086561947749563,0.0,0.00010251795040739618,0.00010251795040739618,0.00016204450225685204,0.0004018042249838271,0.00016204450225685204,0.000176926140219216,0.00034227767313437115,0.0,0.00013669060054319492,0.00013669060054319492,0.0002160593363424694,0.0005357389666451026,0.0002160593363424694,0.00023590152029228804,0.0004563702308458283,0.00013669060054319492,0.0,0.0,0.0,0.00014109997475426572,0.0,0.0,6.173123895499125e-05,0.00013669060054319492,0.0,0.0,0.0,0.00014109997475426572,0.0,0.0,6.173123895499125e-05,0.00013669060054319492,0.0,0.0,0.0,0.00014109997475426572,0.0,0.0,6.173123895499125e-05,0.0,0.00013669060054319492,0.00013669060054319492,0.0002160593363424694,0.0005357389666451026,0.0002160593363424694,0.00023590152029228804,0.0004563702308458283,0.9194729494648106,0.9196096400653538,0.9196096400653538,0.9196890088011531,-0.8922035927230767,0.9196890088011531,0.9197088509851029,0.9199293196956565,0.0,8.818748422141608e-05,8.818748422141608e-05,0.00016755622002069057,0.0004872358503233239,0.00016755622002069057,0.0001873984039705092,0.00040786711452404944,9.700623264355768e-05,0.0,0.0,0.00011905310369891172,0.00043873273400154504,0.00011905310369891172,0.00013889528764873035,0.0003593639982022706,0.00013669060054319492,0.0,0.0,0.0,0.00014109997475426572,0.0,0.0,6.173123895499125e-05,0.00013669060054319492,0.0,0.0,0.0,0.00014109997475426572,0.0,0.0,6.173123895499125e-05,0.00013669060054319492,0.0,0.0,0.0,0.00014109997475426572,0.0,0.0,6.173123895499125e-05,0.00013669060054319492,0.0,0.0,0.0,0.00014109997475426572,0.0,0.0,6.173123895499125e-05,0.00010251795040739618,0.0,0.0,0.0,0.0001058249810656993,0.0,0.0,0.0,0.0005897538007307201,0.0,0.0003968436789963724,0.0,0.0007495936158820367,0.0,0.0,0.0,0.0005897538007307201,0.0,8.818748422141607e-05,0.0,0.00026456245266424824,0.0,0.0,0.0,0.00016204450225685204,0.0,0.00013393474166127568,0.0,0.00023975972272697493,0.0,0.0,0.0,0.0005401483408561735,0.0,0.0004464491388709189,0.0,0.0007991990757565832,0.0,0.0,0.0,0.0011409255771145704,0.0005511717763838505,0.00015432809738747814,0.000600777236258397,0.0001984218394981862,0.0,0.0,0.0,0.0012732068034466944,0.0006834530027159746,0.00028660932371960224,0.0007330584625905212,6.614061316606205e-05,0.0,0.0,0.0,0.000353852280438432,0.0,0.0002381062073978234,0.0,0.00015873747159854894,0.0,0.0,0.0,5.897538007307201e-05,0.0,0.0,0.0,0.0,0.0,0.0,0.0,0.0001080296681712347,0.0,7.936873579927449e-05,0.0,0.00014991872317640737,0.0,0.0,0.0,0.0002160593363424694,0.0,0.00015873747159854897,0.0,0.00029983744635281474,0.0,0.0,0.0,0.00023590152029228804,0.0,0.00015873747159854897,0.0,0.0,0.0,0.0,0.0,0.00010747849639485086,0.0,0.0,0.0,0.0,0.0,0.0,0.0,0.00042991398557940344,0.0001940124652871154,0.0,0.00021385464923693405,0.0,0.0,0.0,0.0,0.00042991398557940344,0.0001940124652871154,0.0,0.00021385464923693405,0.0,0.0,0.0,0.0
x_R12_EXIT_A,0.0,0.0006151077024443771,0.0006151077024443771,0.0017758754635087662,0.0009722670135411123,0.004087489893662635,0.0009722670135411123,0.0009722670135411123,0.0,0.00013669060054319492,0.00013669060054319492,0.00039463899189083693,0.0002160593363424694,0.0009083310874805856,0.0002160593363424694,0.0002160593363424694,0.00013669060054319492,0.0,0.0,0.0001785796555483676,0.0,0.0001774773119955999,0.0,0.0,0.00013669060054319492,0.0,0.0,0.0001785796555483676,0.0,0.0001774773119955999,0.0,0.0,0.0006834530027159746,0.0,0.0,0.0008928982777418378,0.0,0.0008873865599779993,0.0,0.0,0.0,0.00010251795040739618,0.00010251795040739618,0.0002959792439181277,0.00016204450225685204,0.0006812483156104392,0.00016204450225685204,0.00016204450225685204,0.0,0.00013669060054319492,0.00013669060054319492,0.00039463899189083693,0.0002160593363424694,0.0009083310874805856,0.0002160593363424694,0.0002160593363424694,0.00013669060054319492,0.0,0.0,0.0001785796555483676,0.0,0.0001774773119955999,0.0,0.0,0.00013669060054319492,0.0,0.0,0.0001785796555483676,0.0,0.0001774773119955999,0.0,0.0,0.00013669060054319492,0.0,0.0,0.0001785796555483676,0.0,0.0001774773119955999,0.0,0.0,0.0,0.00013669060054319492,0.00013669060054319492,0.00039463899189083693,0.0002160593363424694,0.0009083310874805856,0.0002160593363424694,0.0002160593363424694,0.9194729494648106,0.9196096400653538,0.9196096400653538,0.9198675884567015,0.9196890088011531,-0.8907458134074502,0.9196890088011531,0.9196890088011531,0.0,8.818748422141608e-05,8.818748422141608e-05,0.00034613587556905814,0.00016755622002069057,0.0008598279711588068,0.00016755622002069057,0.00016755622002069057,9.700623264355768e-05,0.0,0.0,0.0002976327592472793,0.00011905310369891172,0.000811324854837028,0.00011905310369891172,0.00011905310369891172,0.00013669060054319492,0.0,0.0,0.0001785796555483676,0.0,0.0001774773119955999,0.0,0.0,0.00013669060054319492,0.0,0.0,0.0001785796555483676,0.0,0.0001774773119955999,0.0,0.0,0.00013669060054319492,0.0,0.0,0.0001785796555483676,0.0,0.0001774773119955999,0.0,0.0,0.00013669060054319492,0.0,0.0,0.0001785796555483676,0.0,0.0001774773119955999,0.0,0.0,0.00010251795040739618,0.0,0.0,0.00013393474166127568,0.0,0.0001331079839966999,0.0,0.0,0.0005401483408561735,0.0,0.0,0.0004464491388709189,0.0,0.00044369327998899965,0.0,0.0,0.0005401483408561735,0.0,0.0,0.0004464491388709189,0.0,0.00044369327998899965,0.0,0.0,0.0004253668184242367,0.0002633223161673846,0.0002633223161673846,0.0001293875745061089,0.0002633223161673846,0.00025588149718620254,0.0001227735131895027,0.0001227735131895027,0.0007881756402289061,0.0002480272993727327,0.0002480272993727327,0.0001984218394981862,0.0002480272993727327,0.00044369327998899965,0.0,0.0,0.0005401483408561735,0.0,0.0,0.0004464491388709189,0.0,0.00044369327998899965,0.0,0.0,0.0005401483408561735,0.0,0.0,0.0004464491388709189,0.0,0.00044369327998899965,0.0,0.0,0.0003240890045137041,0.0,0.0,0.0001190531036989117,0.0,0.0002662159679933998,0.0,0.0,5.401483408561735e-05,0.0,0.0,0.0,0.0,0.0,0.0,0.0,0.00023948413683878302,8.184900879300182e-05,8.184900879300182e-05,0.00024058648039155077,8.184900879300182e-05,0.0,8.184900879300182e-05,8.184900879300182e-05,0.00031527025609156254,0.0,0.0,7.936873579927449e-05,0.0,0.0,0.0,0.0,0.0002160593363424694,0.0,0.0,7.936873579927449e-05,0.0,0.0001774773119955999,0.0,0.0,5.401483408561735e-05,0.0,0.0,0.0,0.0,0.0,0.0,0.0,0.0002160593363424694,0.0,0.0,0.0001785796555483676,0.0,0.0001774773119955999,0.0,0.0,0.0002160593363424694,0.0,0.0,0.0001785796555483676,0.0,0.0001774773119955999,0.0,0.0
x_R12_EXIT_F,0.0,0.0006151077024443771,0.0006151077024443771,0.0009722670135411123,0.001061556841315296,0.0009722670135411123,0.003323565811594619,0.001061556841315296,0.0,0.00013669060054319492,0.00013669060054319492,0.0002160593363424694,0.00023590152029228804,0.0002160593363424694,0.0007385701803543598,0.00023590152029228804,0.00013669060054319492,0.0,0.0,0.0,0.0,0.00016755622002069057,0.0005026686600620718,0.0,0.00013669060054319492,0.0,0.0,0.0,0.0,0.00016755622002069057,0.0005026686600620718,0.0,0.0006834530027159746,0.0,0.0,9.92109197490931e-05,0.0,0.0008377811001034529,0.002513343300310359,0.0,0.0,0.00010251795040739618,0.00010251795040739618,0.00016204450225685204,0.000176926140219216,0.00016204450225685204,0.0005539276352657698,0.000176926140219216,0.0,0.00013669060054319492,0.00013669060054319492,0.0002160593363424694,0.00023590152029228804,0.0002160593363424694,0.0007385701803543598,0.00023590152029228804,0.00013669060054319492,0.0,0.0,0.0,0.0,0.00016755622002069057,0.0005026686600620718,0.0,0.00013669060054319492,0.0,0.0,0.0,0.0,0.00016755622002069057,0.0005026686600620718,0.0,0.00013669060054319492,0.0,0.0,0.0,0.0,0.00016755622002069057,0.0005026686600620718,0.0,0.0,0.00013669060054319492,0.00013669060054319492,0.0002160593363424694,0.00023590152029228804,0.0002160593363424694,0.0007385701803543598,0.00023590152029228804,0.9194729494648106,0.9196096400653538,0.9196096400653538,0.9196890088011531,0.9197088509851029,0.9196890088011531,-0.8930859487041586,0.9197088509851029,0.0,8.818748422141608e-05,8.818748422141608e-05,0.00016755622002069057,0.0001873984039705092,0.00016755622002069057,0.0006900670640325809,0.0001873984039705092,9.700623264355768e-05,0.0,0.0,0.00011905310369891172,0.00013889528764873035,0.00011905310369891172,0.0006415639477108022,0.00013889528764873035,0.00013669060054319492,0.0,0.0,0.0,0.0,0.00016755622002069057,0.0005026686600620718,0.0,0.00013669060054319492,0.0,0.0,0.0,0.0,0.00016755622002069057,0.0005026686600620718,0.0,0.00013669060054319492,0.0,0.0,0.0,0.0,0.00016755622002069057,0.0005026686600620718,0.0,0.00013669060054319492,0.0,0.0,0.0,0.0,0.00016755622002069057,0.0005026686600620718,0.0,0.00010251795040739618,0.0,0.0,0.0,0.0,0.0001256671650155179,0.0003770014950465538,0.0,0.0010086443507824462,0.00041889055005172644,0.00041889055005172644,0.00046849600992627296,0.00041889055005172644,0.0,0.0008377811001034529,0.00041889055005172644,0.0013834411587234647,0.0007936873579927448,0.0,0.0008432928178672913,0.0,0.00041889055005172644,0.00041889055005172633,0.0,0.00016204450225685204,0.0,0.0,0.0,0.0,0.0,5.125897520369809e-05,0.0,0.0005401483408561735,0.0,0.0,0.0,0.0,0.0,0.00017086325067899367,0.0,0.0005897538007307201,0.0,0.0,0.0,0.0,0.0,0.00017086325067899367,0.0,0.0005897538007307201,0.0,0.0,0.0,0.0,0.0,0.00017086325067899367,0.0,0.0005919584878362554,0.0002381062073978234,0.0002381062073978234,0.0,8.928982777418377e-05,0.0,0.00016204450225685204,0.0,0.00015322575383471044,9.425037376163843e-05,0.0,9.92109197490931e-05,0.0,0.0,0.0,0.0,0.0001080296681712347,7.936873579927449e-05,7.936873579927449e-05,0.0,7.936873579927449e-05,0.0,0.0,0.0,0.0002160593363424694,0.00015873747159854897,0.00015873747159854897,0.0,0.00015873747159854897,0.0,6.834530027159747e-05,0.0,0.000394638991890837,0.00015873747159854897,0.00015873747159854897,0.0,0.0,0.0,0.0,0.0,5.897538007307201e-05,0.0,0.0,0.0,0.0,0.0,0.0,0.0,0.00023590152029228804,0.0,0.0,0.0,0.0,0.0,6.834530027159747e-05,0.0,0.00023590152029228804,0.0,0.0,0.0,0.0,0.0,6.834530027159747e-05,0.0
x_R12_EXIT_B,0.0,0.0006151077024443771,0.0006151077024443771,0.0009722670135411123,0.0020536660388062273,0.0009722670135411123,0.001061556841315296,0.005793917713347036,0.0,0.00013669060054319492,0.00013669060054319492,0.0002160593363424694,0.0004563702308458283,0.0002160593363424694,0.00023590152029228804,0.0012875372696326748,0.00013669060054319492,0.0,0.0,0.0,6.173123895499125e-05,0.0,0.0,0.0008928982777418379,0.00013669060054319492,0.0,0.0,0.0,6.173123895499125e-05,0.0,0.0,0.0008928982777418379,0.0006834530027159746,0.0,0.0,9.92109197490931e-05,0.0003086561947749563,0.0,0.0,0.004464491388709189,0.0,0.00010251795040739618,0.00010251795040739618,0.00016204450225685204,0.00034227767313437115,0.00016204450225685204,0.000176926140219216,0.0009656529522245061,0.0,0.00013669060054319492,0.00013669060054319492,0.0002160593363424694,0.0004563702308458283,0.0002160593363424694,0.00023590152029228804,0.0012875372696326748,0.00013669060054319492,0.0,0.0,0.0,6.173123895499125e-05,0.0,0.0,0.0008928982777418379,0.00013669060054319492,0.0,0.0,0.0,6.173123895499125e-05,0.0,0.0,0.0008928982777418379,0.00013669060054319492,0.0,0.0,0.0,6.173123895499125e-05,0.0,0.0,0.0008928982777418379,0.0,0.00013669060054319492,0.00013669060054319492,0.0002160593363424694,0.0004563702308458283,0.0002160593363424694,0.00023590152029228804,0.0012875372696326748,0.9194729494648106,0.9196096400653538,0.9196096400653538,0.9196890088011531,0.9199293196956565,0.9196890088011531,0.9197088509851029,-0.8863875875110641,0.0,8.818748422141608e-05,8.818748422141608e-05,0.00016755622002069057,0.00040786711452404944,0.00016755622002069057,0.0001873984039705092,0.001239034153310896,9.700623264355768e-05,0.0,0.0,0.00011905310369891172,0.0003593639982022706,0.00011905310369891172,0.00013889528764873035,0.0011905310369891172,0.00013669060054319492,0.0,0.0,0.0,6.173123895499125e-05,0.0,0.0,0.0008928982777418379,0.00013669060054319492,0.0,0.0,0.0,6.173123895499125e-05,0.0,0.0,0.0008928982777418379,0.00013669060054319492,0.0,0.0,0.0,6.173123895499125e-05,0.0,0.0,0.0008928982777418379,0.00013669060054319492,0.0,0.0,0.0,6.173123895499125e-05,0.0,0.0,0.0008928982777418379,0.00010251795040739618,0.0,0.0,0.0,0.0,0.0,0.0,0.0006696737083063784,0.0005897538007307201,0.0,0.0003968436789963724,0.0,0.0005511717763838505,0.0,0.0,0.0012594275090370985,0.0005897538007307201,0.0,8.818748422141607e-05,0.0,6.614061316606205e-05,0.0,0.0,0.0012594275090370985,0.00016204450225685204,0.0,0.00013393474166127568,0.0,0.00018023317087751908,0.0,0.0,0.00037782825271112945,0.0005401483408561735,0.0,0.0004464491388709189,0.0,0.000600777236258397,0.0,0.0,0.0012594275090370985,0.0015501706210795795,0.0009604168203488595,0.000563573141352487,0.0010100222802234059,0.000409245043965009,0.000409245043965009,0.000409245043965009,0.0016686725530021074,0.0011409255771145704,0.0005511717763838505,0.00015432809738747814,0.000600777236258397,0.0,0.0,0.0,0.0,0.000353852280438432,0.0,0.0002381062073978234,0.0,0.0,0.0,0.0,0.0007556565054222589,5.897538007307201e-05,0.0,0.0,0.0,0.0,0.0,0.0,0.00012594275090370985,0.0001080296681712347,0.0,7.936873579927449e-05,0.0,0.00011023435527677012,0.0,0.0,0.0002518855018074197,0.0002160593363424694,0.0,0.00015873747159854897,0.0,0.00022046871055354025,0.0,0.0,0.0005037710036148394,0.00023590152029228804,0.0,0.00015873747159854897,0.0,0.0,0.0,0.0,0.0005037710036148394,0.00010747849639485086,0.0,0.0,0.0,0.0,0.0,0.0,0.00012594275090370985,0.000593612003165407,0.00035771048287311906,0.00019897301127457006,0.00037755266682293765,0.00016369801758600363,0.00016369801758600363,0.00016369801758600363,0.0003400729860288358,0.00042991398557940344,0.0001940124652871154,0.0,0.00021385464923693405,0.0,0.0,0.0,0.0
x_R13_EXIT_C,7.936873579927447e-05,0.0006944764382436516,0.0006944764382436516,0.0006944764382436516,0.0006944764382436516,0.0006944764382436516,0.0006944764382436516,0.0006944764382436516,0.0,0.00015432809738747814,0.00015432809738747814,0.00015432809738747814,0.00015432809738747814,0.00015432809738747814,0.00015432809738747814,0.00015432809738747814,0.00017196559423176134,0.0,0.0,0.0,0.0,0.0,0.0,0.0,0.00017196559423176134,0.0,0.0,0.0,0.0,0.0,0.0,0.0,0.0008598279711588067,0.0,0.0,0.0,0.0,0.0,0.0,0.0,5.6219521191152754e-05,0.0,0.0,0.0,0.0,0.0,0.0,0.0,0.0,9.70062326435577e-05,9.70062326435577e-05,9.70062326435577e-05,9.70062326435577e-05,9.70062326435577e-05,9.70062326435577e-05,9.70062326435577e-05,0.00017196559423176134,0.0,0.0,0.0,0.0,0.0,0.0,0.0,0.00017196559423176134,0.0,0.0,0.0,0.0,0.0,0.0,0.0,0.00017196559423176134,0.0,0.0,0.0,0.0,0.0,0.0,0.0,0.00012346247790998252,0.0,0.0,0.0,0.0,0.0,0.0,0.0,0.00012346247790998252,0.0,0.0,0.0,0.0,0.0,0.0,0.0,-0.9081217158874959,0.9194729494648106,0.9194729494648106,0.9194729494648106,0.9194729494648106,0.9194729494648106,0.9194729494648106,0.9194729494648106,0.00017196559423176134,0.0,0.0,0.0,0.0,0.0,0.0,0.0,0.00017196559423176134,0.0,0.0,0.0,0.0,0.0,0.0,0.0,0.00017196559423176134,0.0,0.0,0.0,0.0,0.0,0.0,0.0,0.00017196559423176134,0.0,0.0,0.0,0.0,0.0,0.0,0.0,0.00017196559423176134,0.0,0.0,0.0,0.0,0.0,0.0,0.0,0.00012897419567382102,0.0,0.0,0.0,0.0,0.0,0.0,0.0,0.00042991398557940333,0.0,0.0,0.0,0.0,0.0,0.0,0.0,0.00042991398557940333,0.0,0.0,0.0,0.0,0.0,0.0,0.0,0.00012897419567382102,0.0,0.0,0.0,0.0,0.0,0.0,0.0,0.00042991398557940333,0.0,0.0,0.0,0.0,0.0,0.0,0.0,0.00042991398557940333,0.0,0.0,0.0,0.0,0.0,0.0,0.0,0.00042991398557940333,0.0,0.0,0.0,0.0,0.0,0.0,0.0,0.00025794839134764204,0.0,0.0,0.0,0.0,0.0,0.0,0.0,0.0,0.0,0.0,0.0,0.0,0.0,0.0,0.0,8.598279711588067e-05,0.0,0.0,0.0,0.0,0.0,0.0,0.0,0.00017196559423176134,0.0,0.0,0.0,0.0,0.0,0.0,0.0,0.00017196559423176134,0.0,0.0,0.0,0.0,0.0,0.0,0.0,0.0,0.0,0.0,0.0,0.0,0.0,0.0,0.0,0.00017196559423176134,0.0,0.0,0.0,0.0,0.0,0.0,0.0,0.00017196559423176134,0.0,0.0,0.0,0.0,0.0,0.0,0.0
x_R13_EXIT_D,0.0,0.0015675325320356711,0.0011111623011898428,0.0003968436789963724,0.0003968436789963724,0.0003968436789963724,0.0003968436789963724,0.0003968436789963724,0.0,0.00034834056267459354,0.00024692495581996504,8.818748422141608e-05,8.818748422141608e-05,8.818748422141608e-05,8.818748422141608e-05,8.818748422141608e-05,0.00024692495581996504,0.0001014156068546285,0.0,0.0,0.0,0.0,0.0,0.0,0.00024692495581996504,0.0001014156068546285,0.0,0.0,0.0,0.0,0.0,0.0,0.0014220231830703344,0.0,0.0001873984039705092,0.0001873984039705092,0.0001873984039705092,0.0001873984039705092,0.0001873984039705092,0.0001873984039705092,0.0,0.0002612554220059451,0.00018519371686497377,6.614061316606206e-05,6.614061316606206e-05,6.614061316606206e-05,6.614061316606206e-05,6.614061316606206e-05,0.0,0.00034834056267459354,0.00024692495581996504,8.818748422141608e-05,8.818748422141608e-05,8.818748422141608e-05,8.818748422141608e-05,8.818748422141608e-05,0.00024692495581996504,0.0001014156068546285,0.0,0.0,0.0,0.0,0.0,0.0,0.00024692495581996504,0.0001014156068546285,0.0,0.0,0.0,0.0,0.0,0.0,0.00024692495581996504,0.0001014156068546285,0.0,0.0,0.0,0.0,0.0,0.0,0.0,0.00034834056267459354,0.00024692495581996504,8.818748422141608e-05,8.818748422141608e-05,8.818748422141608e-05,8.818748422141608e-05,8.818748422141608e-05,0.0,0.00034834056267459354,0.00024692495581996504,8.818748422141608e-05,8.818748422141608e-05,8.818748422141608e-05,8.818748422141608e-05,8.818748422141608e-05,0.9194729494648106,-0.9046897793346798,0.9197198744206306,0.9195611369490321,0.9195611369490321,0.9195611369490321,0.9195611369490321,0.9195611369490321,0.0,0.00029983744635281474,0.0001984218394981862,0.0,0.0,0.0,0.0,0.0,0.00024692495581996504,0.0001014156068546285,0.0,0.0,0.0,0.0,0.0,0.0,0.00024692495581996504,0.0001014156068546285,0.0,0.0,0.0,0.0,0.0,0.0,0.00024692495581996504,0.0001014156068546285,0.0,0.0,0.0,0.0,0.0,0.0,0.00024692495581996504,0.0001014156068546285,0.0,0.0,0.0,0.0,0.0,0.0,0.00018519371686497377,7.606170514097137e-05,0.0,0.0,0.0,0.0,0.0,0.0,0.0002204687105535402,0.0002535390171365712,0.0,0.0,0.0,0.0,0.0,0.0,0.0002204687105535402,0.0002535390171365712,0.0,0.0,0.0,0.0,0.0,0.0,6.614061316606206e-05,7.606170514097137e-05,0.0,0.0,0.0,0.0,0.0,0.0,0.0002204687105535402,0.0002535390171365712,0.0,0.0,0.0,0.0,0.0,0.0,0.0002204687105535402,0.0002535390171365712,0.0,0.0,0.0,0.0,0.0,0.0,0.0002204687105535402,0.0002535390171365712,0.0,0.0,0.0,0.0,0.0,0.0,0.00013228122633212412,0.00015212341028194274,0.0,0.0,0.0,0.0,0.0,0.0,0.0,0.0,0.0,0.0,0.0,0.0,0.0,0.0,0.0,5.070780342731425e-05,0.0,0.0,0.0,0.0,0.0,0.0,8.818748422141608e-05,0.0001014156068546285,0.0,0.0,0.0,0.0,0.0,0.0,8.818748422141608e-05,0.0001014156068546285,0.0,0.0,0.0,0.0,0.0,0.0,0.0,0.0,0.0,0.0,0.0,0.0,0.0,0.0,8.818748422141608e-05,0.0001014156068546285,0.0,0.0,0.0,0.0,0.0,0.0,8.818748422141608e-05,0.0001014156068546285,0.0,0.0,0.0,0.0,0.0,0.0
x_R13_EXIT_E,0.0,0.0011111623011898428,0.0025001151776771462,0.0003968436789963724,0.0003968436789963724,0.0003968436789963724,0.0003968436789963724,0.0003968436789963724,0.0,0.00024692495581996504,0.0005555811505949214,8.818748422141608e-05,8.818748422141608e-05,8.818748422141608e-05,8.818748422141608e-05,8.818748422141608e-05,0.0005379436537506381,0.0002910186979306731,0.0,0.0002910186979306731,0.00013228122633212412,0.0002910186979306731,0.0002910186979306731,0.00013228122633212412,0.0005379436537506381,0.0002910186979306731,0.0,0.0002910186979306731,0.00013228122633212412,0.0002910186979306731,0.0002910186979306731,0.00013228122633212412,0.0012346247790998252,0.0,0.0015432809738747813,0.0,0.0007936873579927448,0.0,0.0,0.0007936873579927448,0.0,0.00018519371686497377,0.000416685862946191,6.614061316606206e-05,6.614061316606206e-05,6.614061316606206e-05,6.614061316606206e-05,6.614061316606206e-05,0.0,0.00024692495581996504,0.0005555811505949214,8.818748422141608e-05,8.818748422141608e-05,8.818748422141608e-05,8.818748422141608e-05,8.818748422141608e-05,0.0005026686600620717,0.0002557437042421067,5.291249053284965e-05,0.0002557437042421067,9.700623264355767e-05,0.0002557437042421067,0.0002557437042421067,9.700623264355767e-05,0.0005026686600620717,0.0002557437042421067,0.0,0.0002557437042421067,9.700623264355767e-05,0.0002557437042421067,0.0002557437042421067,9.700623264355767e-05,0.00047621241479564683,0.00022928745897568184,0.0,0.00022928745897568184,7.054998737713286e-05,0.00022928745897568184,0.00022928745897568184,7.054998737713286e-05,0.0,0.00024692495581996504,0.0005555811505949214,8.818748422141608e-05,8.818748422141608e-05,8.818748422141608e-05,8.818748422141608e-05,8.818748422141608e-05,0.0,0.00024692495581996504,0.0005555811505949214,8.818748422141608e-05,8.818748422141608e-05,8.818748422141608e-05,8.818748422141608e-05,8.818748422141608e-05,0.9194729494648106,0.9197198744206306,-0.8976096865130824,0.9195611369490321,0.9195611369490321,0.9195611369490321,0.9195611369490321,0.9195611369490321,0.0,0.0001984218394981862,0.0005070780342731425,0.0,0.0,0.0,0.0,0.0,0.0004232999242627972,0.0001763749684428322,0.00013228122633212412,0.0001763749684428322,0.0,0.0001763749684428322,0.0001763749684428322,0.0,0.00044975616952922204,0.00020283121370925702,0.0001058249810656993,0.00020283121370925702,0.0,0.00020283121370925702,0.00020283121370925702,0.0,0.00047621241479564683,0.00022928745897568184,7.936873579927447e-05,0.00022928745897568184,7.054998737713286e-05,0.00022928745897568184,0.00022928745897568184,7.054998737713286e-05,0.00047621241479564683,0.00022928745897568184,7.936873579927447e-05,0.00022928745897568184,7.054998737713286e-05,0.00022928745897568184,0.00022928745897568184,7.054998737713286e-05,0.0003571593110967351,0.00017196559423176132,5.9526551849455854e-05,0.00017196559423176132,5.291249053284965e-05,0.00017196559423176132,0.00017196559423176132,5.291249053284965e-05,0.0002204687105535402,0.0,0.00037479680794101834,0.0,0.0,0.0,0.0,0.0,0.0002204687105535402,0.0,0.00037479680794101834,0.0,0.0,0.0,0.0,0.0,6.614061316606206e-05,0.0,0.00011243904238230551,0.0,0.0,0.0,0.0,0.0,0.0002204687105535402,0.0,0.00037479680794101834,0.0,0.0,0.0,0.0,0.0,0.0002204687105535402,0.0,0.00037479680794101834,0.0,0.0,0.0,0.0,0.0,0.0002204687105535402,0.0,0.00037479680794101834,0.0,0.0,0.0,0.0,0.0,0.00013228122633212412,0.0,0.00022487808476461102,0.0,0.0,0.0,0.0,0.0,0.0,0.0,0.0,0.0,0.0,0.0,0.0,0.0,0.0,0.0,7.495936158820366e-05,0.0,0.0,0.0,0.0,0.0,8.818748422141608e-05,0.0,0.00014991872317640732,0.0,0.0,0.0,0.0,0.0,8.818748422141608e-05,0.0,0.00014991872317640732,0.0,0.0,0.0,0.0,0.0,0.0,0.0,0.0,0.0,0.0,0.0,0.0,0.0,8.818748422141608e-05,0.0,0.00014991872317640732,0.0,0.0,0.0,0.0,0.0,8.818748422141608e-05,0.0,0.00014991872317640732,0.0,0.0,0.0,0.0,0.0
x_R13_EXIT_G,0.0,0.0003968436789963724,0.0003968436789963724,0.00186516529128295,0.0007540029900931075,0.0015576114400607615,0.0007540029900931075,0.0007540029900931075,0.0,8.818748422141608e-05,8.818748422141608e-05,0.0004144811758406556,0.00016755622002069057,0.00034613587556905814,0.00016755622002069057,0.00016755622002069057,8.818748422141608e-05,0.0,0.0,0.00024692495581996504,0.0,0.0,0.0,0.0,8.818748422141608e-05,0.0,0.0,0.00024692495581996504,0.0,0.0,0.0,0.0,0.0004409374211070804,0.0,0.0,0.0012346247790998252,0.0,0.0,0.0,0.0,0.0,6.614061316606206e-05,6.614061316606206e-05,0.0003108608818804917,0.0001256671650155179,0.00025960190667679363,0.0001256671650155179,0.0001256671650155179,0.0,8.818748422141608e-05,8.818748422141608e-05,0.0004144811758406556,0.00016755622002069057,0.00034613587556905814,0.00016755622002069057,0.00016755622002069057,8.818748422141608e-05,0.0,0.0,0.00024692495581996504,0.0,0.0,0.0,0.0,8.818748422141608e-05,0.0,0.0,0.00024692495581996504,0.0,0.0,0.0,0.0,8.818748422141608e-05,0.0,0.0,0.00024692495581996504,0.0,0.0,0.0,0.0,0.0,8.818748422141608e-05,8.818748422141608e-05,0.0004144811758406556,0.00016755622002069057,0.00034613587556905814,0.00016755622002069057,0.00016755622002069057,0.0,8.818748422141608e-05,8.818748422141608e-05,0.0004144811758406556,0.00016755622002069057,0.00034613587556905814,0.00016755622002069057,0.00016755622002069057,0.9194729494648106,0.9195611369490321,0.9195611369490321,-0.8991977027475582,0.9196405056848314,0.9198190853403797,0.9196405056848314,0.9196405056848314,0.0,0.0,0.0,0.00036597805951887674,0.00011905310369891172,0.0002976327592472793,0.00011905310369891172,0.00011905310369891172,8.818748422141608e-05,0.0,0.0,0.00024692495581996504,0.0,0.0,0.0,0.0,8.818748422141608e-05,0.0,0.0,0.00024692495581996504,0.0,0.0,0.0,0.0,8.818748422141608e-05,0.0,0.0,0.00024692495581996504,0.0,0.0,0.0,0.0,8.818748422141608e-05,0.0,0.0,0.00024692495581996504,0.0,0.0,0.0,0.0,6.614061316606206e-05,0.0,0.0,0.00018519371686497374,0.0,0.0,0.0,0.0,0.0004188905500517264,0.0,0.0,0.0006173123895499126,0.0,0.0,0.0,0.0,0.0004188905500517264,0.0,0.0,0.0006173123895499126,0.0,0.0,0.0,0.0,0.00025960190667679363,0.00013393474166127568,0.00013393474166127568,5.125897520369809e-05,0.00013393474166127568,0.0,0.0,0.0,0.000666917849424459,0.0002480272993727327,0.0002480272993727327,0.0003692850901771798,0.0002480272993727327,0.0,0.0,0.0,0.0004188905500517264,0.0,0.0,0.0006173123895499126,0.0,0.0,0.0,0.0,0.0004188905500517264,0.0,0.0,0.0006173123895499126,0.0,0.0,0.0,0.0,0.0002513343300310358,0.0,0.0,0.0002215710541063079,0.0,0.0,0.0,0.0,0.0,0.0,0.0,6.173123895499126e-05,0.0,0.0,0.0,0.0,0.00013338356988489182,0.0,0.0,0.0,0.0,0.0,0.0,0.0,0.00026676713976978364,0.0,0.0,0.00014771403607087195,0.0,0.0,0.0,0.0,0.00016755622002069057,0.0,0.0,0.00014771403607087195,0.0,0.0,0.0,0.0,0.0,0.0,0.0,0.0,0.0,0.0,0.0,0.0,0.00016755622002069057,0.0,0.0,0.00024692495581996504,0.0,0.0,0.0,0.0,0.00016755622002069057,0.0,0.0,0.00024692495581996504,0.0,0.0,0.0,0.0
x_R13_EXIT_H,0.0,0.0003968436789963724,0.0003968436789963724,0.0007540029900931075,0.0021925613264549577,0.0007540029900931075,0.0008432928178672913,0.0018354020153582222,0.0,8.818748422141608e-05,8.818748422141608e-05,0.00016755622002069057,0.0004872358503233239,0.00016755622002069057,0.0001873984039705092,0.00040786711452404944,8.818748422141608e-05,0.0,0.0,0.0,0.00014109997475426572,0.0,0.0,6.173123895499125e-05,8.818748422141608e-05,0.0,0.0,0.0,0.00014109997475426572,0.0,0.0,6.173123895499125e-05,0.0004409374211070804,0.0,0.0,9.92109197490931e-05,0.0007054998737713286,0.0,0.0,0.0003086561947749563,0.0,6.614061316606206e-05,6.614061316606206e-05,0.0001256671650155179,0.0003654268877424929,0.0001256671650155179,0.00014054880297788186,0.000305900335893037,0.0,8.818748422141608e-05,8.818748422141608e-05,0.00016755622002069057,0.0004872358503233239,0.00016755622002069057,0.0001873984039705092,0.00040786711452404944,8.818748422141608e-05,0.0,0.0,0.0,0.00014109997475426572,0.0,0.0,6.173123895499125e-05,8.818748422141608e-05,0.0,0.0,0.0,0.00014109997475426572,0.0,0.0,6.173123895499125e-05,8.818748422141608e-05,0.0,0.0,0.0,0.00014109997475426572,0.0,0.0,6.173123895499125e-05,0.0,8.818748422141608e-05,8.818748422141608e-05,0.00016755622002069057,0.0004872358503233239,0.00016755622002069057,0.0001873984039705092,0.00040786711452404944,0.0,8.818748422141608e-05,8.818748422141608e-05,0.00016755622002069057,0.0004872358503233239,0.00016755622002069057,0.0001873984039705092,0.00040786711452404944,0.9194729494648106,0.9195611369490321,0.9195611369490321,0.9196405056848314,-0.8944224702289807,0.9196405056848314,0.9196603478687811,0.9198808165793347,0.0,0.0,0.0,0.00011905310369891172,0.00043873273400154504,0.00011905310369891172,0.00013889528764873035,0.0003593639982022706,8.818748422141608e-05,0.0,0.0,0.0,0.00014109997475426572,0.0,0.0,6.173123895499125e-05,8.818748422141608e-05,0.0,0.0,0.0,0.00014109997475426572,0.0,0.0,6.173123895499125e-05,8.818748422141608e-05,0.0,0.0,0.0,0.00014109997475426572,0.0,0.0,6.173123895499125e-05,8.818748422141608e-05,0.0,0.0,0.0,0.00014109997475426572,0.0,0.0,6.173123895499125e-05,6.614061316606206e-05,0.0,0.0,0.0,0.0001058249810656993,0.0,0.0,0.0,0.0004684960099262729,0.0,0.0003968436789963724,0.0,0.0007495936158820367,0.0,0.0,0.0,0.0004684960099262729,0.0,8.818748422141607e-05,0.0,0.00026456245266424824,0.0,0.0,0.0,0.0001256671650155179,0.0,0.00013393474166127568,0.0,0.00023975972272697493,0.0,0.0,0.0,0.0004188905500517264,0.0,0.0004464491388709189,0.0,0.0007991990757565832,0.0,0.0,0.0,0.0010196677863101233,0.0005511717763838505,0.00015432809738747814,0.000600777236258397,0.0001984218394981862,0.0,0.0,0.0,0.0011519490126422475,0.0006834530027159746,0.00028660932371960224,0.0007330584625905212,6.614061316606205e-05,0.0,0.0,0.0,0.0002810976059557637,0.0,0.0002381062073978234,0.0,0.00015873747159854894,0.0,0.0,0.0,0.0,0.0,0.0,0.0,0.0,0.0,0.0,0.0,8.377811001034529e-05,0.0,7.936873579927449e-05,0.0,0.00014991872317640737,0.0,0.0,0.0,0.00016755622002069057,0.0,0.00015873747159854897,0.0,0.00029983744635281474,0.0,0.0,0.0,0.0001873984039705092,0.0,0.00015873747159854897,0.0,0.0,0.0,0.0,0.0,9.535271731440616e-05,0.0,0.0,0.0,0.0,0.0,0.0,0.0,0.00038141086925762464,0.0001940124652871154,0.0,0.00021385464923693405,0.0,0.0,0.0,0.0,0.00038141086925762464,0.0001940124652871154,0.0,0.00021385464923693405,0.0,0.0,0.0,0.0
x_R13_EXIT_A,0.0,0.0003968436789963724,0.0003968436789963724,0.0015576114400607615,0.0007540029900931075,0.003869225870214631,0.0007540029900931075,0.0007540029900931075,0.0,8.818748422141608e-05,8.818748422141608e-05,0.00034613587556905814,0.00016755622002069057,0.0008598279711588068,0.00016755622002069057,0.00016755622002069057,8.818748422141608e-05,0.0,0.0,0.0001785796555483676,0.0,0.0001774773119955999,0.0,0.0,8.818748422141608e-05,0.0,0.0,0.0001785796555483676,0.0,0.0001774773119955999,0.0,0.0,0.0004409374211070804,0.0,0.0,0.0008928982777418378,0.0,0.0008873865599779993,0.0,0.0,0.0,6.614061316606206e-05,6.614061316606206e-05,0.00025960190667679363,0.0001256671650155179,0.0006448709783691051,0.0001256671650155179,0.0001256671650155179,0.0,8.818748422141608e-05,8.818748422141608e-05,0.00034613587556905814,0.00016755622002069057,0.0008598279711588068,0.00016755622002069057,0.00016755622002069057,8.818748422141608e-05,0.0,0.0,0.0001785796555483676,0.0,0.0001774773119955999,0.0,0.0,8.818748422141608e-05,0.0,0.0,0.0001785796555483676,0.0,0.0001774773119955999,0.0,0.0,8.818748422141608e-05,0.0,0.0,0.0001785796555483676,0.0,0.0001774773119955999,0.0,0.0,0.0,8.818748422141608e-05,8.818748422141608e-05,0.00034613587556905814,0.00016755622002069057,0.0008598279711588068,0.00016755622002069057,0.00016755622002069057,0.0,8.818748422141608e-05,8.818748422141608e-05,0.00034613587556905814,0.00016755622002069057,0.0008598279711588068,0.00016755622002069057,0.00016755622002069057,0.9194729494648106,0.9195611369490321,0.9195611369490321,0.9198190853403797,0.9196405056848314,-0.8929646909133542,0.9196405056848314,0.9196405056848314,0.0,0.0,0.0,0.0002976327592472793,0.00011905310369891172,0.000811324854837028,0.00011905310369891172,0.00011905310369891172,8.818748422141608e-05,0.0,0.0,0.0001785796555483676,0.0,0.0001774773119955999,0.0,0.0,8.818748422141608e-05,0.0,0.0,0.0001785796555483676,0.0,0.0001774773119955999,0.0,0.0,8.818748422141608e-05,0.0,0.0,0.0001785796555483676,0.0,0.0001774773119955999,0.0,0.0,8.818748422141608e-05,0.0,0.0,0.0001785796555483676,0.0,0.0001774773119955999,0.0,0.0,6.614061316606206e-05,0.0,0.0,0.00013393474166127568,0.0,0.0001331079839966999,0.0,0.0,0.0004188905500517264,0.0,0.0,0.0004464491388709189,0.0,0.00044369327998899965,0.0,0.0,0.0004188905500517264,0.0,0.0,0.0004464491388709189,0.0,0.00044369327998899965,0.0,0.0,0.00038898948118290245,0.0002633223161673846,0.0002633223161673846,0.0001293875745061089,0.0002633223161673846,0.00025588149718620254,0.0001227735131895027,0.0001227735131895027,0.000666917849424459,0.0002480272993727327,0.0002480272993727327,0.0001984218394981862,0.0002480272993727327,0.00044369327998899965,0.0,0.0,0.0004188905500517264,0.0,0.0,0.0004464491388709189,0.0,0.00044369327998899965,0.0,0.0,0.0004188905500517264,0.0,0.0,0.0004464491388709189,0.0,0.00044369327998899965,0.0,0.0,0.0002513343300310358,0.0,0.0,0.0001190531036989117,0.0,0.0002662159679933998,0.0,0.0,0.0,0.0,0.0,0.0,0.0,0.0,0.0,0.0,0.0002152325786778936,8.184900879300182e-05,8.184900879300182e-05,0.00024058648039155077,8.184900879300182e-05,0.0,8.184900879300182e-05,8.184900879300182e-05,0.00026676713976978364,0.0,0.0,7.936873579927449e-05,0.0,0.0,0.0,0.0,0.00016755622002069057,0.0,0.0,7.936873579927449e-05,0.0,0.0001774773119955999,0.0,0.0,0.0,0.0,0.0,0.0,0.0,0.0,0.0,0.0,0.00016755622002069057,0.0,0.0,0.0001785796555483676,0.0,0.0001774773119955999,0.0,0.0,0.00016755622002069057,0.0,0.0,0.0001785796555483676,0.0,0.0001774773119955999,0.0,0.0
x_R13_EXIT_F,0.0,0.0003968436789963724,0.0003968436789963724,0.0007540029900931075,0.0008432928178672913,0.0007540029900931075,0.0031053017881466144,0.0008432928178672913,0.0,8.818748422141608e-05,8.818748422141608e-05,0.00016755622002069057,0.0001873984039705092,0.00016755622002069057,0.0006900670640325809,0.0001873984039705092,8.818748422141608e-05,0.0,0.0,0.0,0.0,0.00016755622002069057,0.0005026686600620718,0.0,8.818748422141608e-05,0.0,0.0,0.0,0.0,0.00016755622002069057,0.0005026686600620718,0.0,0.0004409374211070804,0.0,0.0,9.92109197490931e-05,0.0,0.0008377811001034529,0.002513343300310359,0.0,0.0,6.614061316606206e-05,6.614061316606206e-05,0.0001256671650155179,0.00014054880297788186,0.0001256671650155179,0.0005175502980244356,0.00014054880297788186,0.0,8.818748422141608e-05,8.818748422141608e-05,0.00016755622002069057,0.0001873984039705092,0.00016755622002069057,0.0006900670640325809,0.0001873984039705092,8.818748422141608e-05,0.0,0.0,0.0,0.0,0.00016755622002069057,0.0005026686600620718,0.0,8.818748422141608e-05,0.0,0.0,0.0,0.0,0.00016755622002069057,0.0005026686600620718,0.0,8.818748422141608e-05,0.0,0.0,0.0,0.0,0.00016755622002069057,0.0005026686600620718,0.0,0.0,8.818748422141608e-05,8.818748422141608e-05,0.00016755622002069057,0.0001873984039705092,0.00016755622002069057,0.0006900670640325809,0.0001873984039705092,0.0,8.818748422141608e-05,8.818748422141608e-05,0.00016755622002069057,0.0001873984039705092,0.00016755622002069057,0.0006900670640325809,0.0001873984039705092,0.9194729494648106,0.9195611369490321,0.9195611369490321,0.9196405056848314,0.9196603478687811,0.9196405056848314,-0.8953048262100626,0.9196603478687811,0.0,0.0,0.0,0.00011905310369891172,0.00013889528764873035,0.00011905310369891172,0.0006415639477108022,0.00013889528764873035,8.818748422141608e-05,0.0,0.0,0.0,0.0,0.00016755622002069057,0.0005026686600620718,0.0,8.818748422141608e-05,0.0,0.0,0.0,0.0,0.00016755622002069057,0.0005026686600620718,0.0,8.818748422141608e-05,0.0,0.0,0.0,0.0,0.00016755622002069057,0.0005026686600620718,0.0,8.818748422141608e-05,0.0,0.0,0.0,0.0,0.00016755622002069057,0.0005026686600620718,0.0,6.614061316606206e-05,0.0,0.0,0.0,0.0,0.0001256671650155179,0.0003770014950465538,0.0,0.0008873865599779992,0.00041889055005172644,0.00041889055005172644,0.00046849600992627296,0.00041889055005172644,0.0,0.0008377811001034529,0.00041889055005172644,0.0012621833679190176,0.0007936873579927448,0.0,0.0008432928178672913,0.0,0.00041889055005172644,0.00041889055005172633,0.0,0.0001256671650155179,0.0,0.0,0.0,0.0,0.0,5.125897520369809e-05,0.0,0.0004188905500517264,0.0,0.0,0.0,0.0,0.0,0.00017086325067899367,0.0,0.0004684960099262729,0.0,0.0,0.0,0.0,0.0,0.00017086325067899367,0.0,0.0004684960099262729,0.0,0.0,0.0,0.0,0.0,0.00017086325067899367,0.0,0.0005192038133535872,0.0002381062073978234,0.0002381062073978234,0.0,8.928982777418377e-05,0.0,0.00016204450225685204,0.0,0.00014109997475426575,9.425037376163843e-05,0.0,9.92109197490931e-05,0.0,0.0,0.0,0.0,8.377811001034529e-05,7.936873579927449e-05,7.936873579927449e-05,0.0,7.936873579927449e-05,0.0,0.0,0.0,0.00016755622002069057,0.00015873747159854897,0.00015873747159854897,0.0,0.00015873747159854897,0.0,6.834530027159747e-05,0.0,0.00034613587556905814,0.00015873747159854897,0.00015873747159854897,0.0,0.0,0.0,0.0,0.0,0.0,0.0,0.0,0.0,0.0,0.0,0.0,0.0,0.0001873984039705092,0.0,0.0,0.0,0.0,0.0,6.834530027159747e-05,0.0,0.0001873984039705092,0.0,0.0,0.0,0.0,0.0,6.834530027159747e-05,0.0
x_R13_EXIT_B,0.0,0.0003968436789963724,0.0003968436789963724,0.0007540029900931075,0.0018354020153582222,0.0007540029900931075,0.0008432928178672913,0.005575653689899033,0.0,8.818748422141608e-05,8.818748422141608e-05,0.00016755622002069057,0.00040786711452404944,0.00016755622002069057,0.0001873984039705092,0.001239034153310896,8.818748422141608e-05,0.0,0.0,0.0,6.173123895499125e-05,0.0,0.0,0.0008928982777418379,8.818748422141608e-05,0.0,0.0,0.0,6.173123895499125e-05,0.0,0.0,0.0008928982777418379,0.0004409374211070804,0.0,0.0,9.92109197490931e-05,0.0003086561947749563,0.0,0.0,0.004464491388709189,0.0,6.614061316606206e-05,6.614061316606206e-05,0.0001256671650155179,0.000305900335893037,0.0001256671650155179,0.00014054880297788186,0.0009292756149831719,0.0,8.818748422141608e-05,8.818748422141608e-05,0.00016755622002069057,0.00040786711452404944,0.00016755622002069057,0.0001873984039705092,0.001239034153310896,8.818748422141608e-05,0.0,0.0,0.0,6.173123895499125e-05,0.0,0.0,0.0008928982777418379,8.818748422141608e-05,0.0,0.0,0.0,6.173123895499125e-05,0.0,0.0,0.0008928982777418379,8.818748422141608e-05,0.0,0.0,0.0,6.173123895499125e-05,0.0,0.0,0.0008928982777418379,0.0,8.818748422141608e-05,8.818748422141608e-05,0.00016755622002069057,0.00040786711452404944,0.00016755622002069057,0.0001873984039705092,0.001239034153310896,0.0,8.818748422141608e-05,8.818748422141608e-05,0.00016755622002069057,0.00040786711452404944,0.00016755622002069057,0.0001873984039705092,0.001239034153310896,0.9194729494648106,0.9195611369490321,0.9195611369490321,0.9196405056848314,0.9198808165793347,0.9196405056848314,0.9196603478687811,-0.888606465016968,0.0,0.0,0.0,0.00011905310369891172,0.0003593639982022706,0.00011905310369891172,0.00013889528764873035,0.0011905310369891172,8.818748422141608e-05,0.0,0.0,0.0,6.173123895499125e-05,0.0,0.0,0.0008928982777418379,8.818748422141608e-05,0.0,0.0,0.0,6.173123895499125e-05,0.0,0.0,0.0008928982777418379,8.818748422141608e-05,0.0,0.0,0.0,6.173123895499125e-05,0.0,0.0,0.0008928982777418379,8.818748422141608e-05,0.0,0.0,0.0,6.173123895499125e-05,0.0,0.0,0.0008928982777418379,6.614061316606206e-05,0.0,0.0,0.0,0.0,0.0,0.0,0.0006696737083063784,0.0004684960099262729,0.0,0.0003968436789963724,0.0,0.0005511717763838505,0.0,0.0,0.0012594275090370985,0.0004684960099262729,0.0,8.818748422141607e-05,0.0,6.614061316606205e-05,0.0,0.0,0.0012594275090370985,0.0001256671650155179,0.0,0.00013393474166127568,0.0,0.00018023317087751908,0.0,0.0,0.00037782825271112945,0.0004188905500517264,0.0,0.0004464491388709189,0.0,0.000600777236258397,0.0,0.0,0.0012594275090370985,0.0014289128302751323,0.0009604168203488595,0.000563573141352487,0.0010100222802234059,0.000409245043965009,0.000409245043965009,0.000409245043965009,0.0016686725530021074,0.0010196677863101233,0.0005511717763838505,0.00015432809738747814,0.000600777236258397,0.0,0.0,0.0,0.0,0.0002810976059557637,0.0,0.0002381062073978234,0.0,0.0,0.0,0.0,0.0007556565054222589,0.0,0.0,0.0,0.0,0.0,0.0,0.0,0.00012594275090370985,8.377811001034529e-05,0.0,7.936873579927449e-05,0.0,0.00011023435527677012,0.0,0.0,0.0002518855018074197,0.00016755622002069057,0.0,0.00015873747159854897,0.0,0.00022046871055354025,0.0,0.0,0.0005037710036148394,0.0001873984039705092,0.0,0.00015873747159854897,0.0,0.0,0.0,0.0,0.0005037710036148394,9.535271731440616e-05,0.0,0.0,0.0,0.0,0.0,0.0,0.00012594275090370985,0.0005451088868436283,0.00035771048287311906,0.00019897301127457006,0.00037755266682293765,0.00016369801758600363,0.00016369801758600363,0.00016369801758600363,0.0003400729860288358,0.00038141086925762464,0.0001940124652871154,0.0,0.00021385464923693405,0.0,0.0,0.0,0.0
x_R14_EXIT_C,7.936873579927447e-05,0.0009127404616916566,0.0009127404616916566,0.0009127404616916566,0.0009127404616916566,0.0009127404616916566,0.0009127404616916566,0.0009127404616916566,0.0,0.000202831213709257,0.000202831213709257,0.000202831213709257,0.000202831213709257,0.000202831213709257,0.000202831213709257,0.000202831213709257,0.00022046871055354022,0.0,0.0,0.0,0.0,0.0,0.0,0.0,0.00022046871055354022,0.0,0.0,0.0,0.0,0.0,0.0,0.0,0.001102343552767701,0.0,0.0,0.0,0.0,0.0,0.0,0.0,5.6219521191152754e-05,7.275467448266826e-05,7.275467448266826e-05,7.275467448266826e-05,7.275467448266826e-05,7.275467448266826e-05,7.275467448266826e-05,7.275467448266826e-05,0.0,0.00014550934896533652,0.00014550934896533652,0.00014550934896533652,0.00014550934896533652,0.00014550934896533652,0.00014550934896533652,0.00014550934896533652,0.00022046871055354022,0.0,0.0,0.0,0.0,0.0,0.0,0.0,0.00022046871055354022,0.0,0.0,0.0,0.0,0.0,0.0,0.0,0.00022046871055354022,0.0,0.0,0.0,0.0,0.0,0.0,0.0,0.00012346247790998252,9.700623264355768e-05,9.700623264355768e-05,9.700623264355768e-05,9.700623264355768e-05,9.700623264355768e-05,9.700623264355768e-05,9.700623264355768e-05,0.00012346247790998252,9.700623264355768e-05,9.700623264355768e-05,9.700623264355768e-05,9.700623264355768e-05,9.700623264355768e-05,9.700623264355768e-05,9.700623264355768e-05,0.00017196559423176134,0.0,0.0,0.0,0.0,0.0,0.0,0.0,-0.9059028383815919,0.9194729494648106,0.9194729494648106,0.9194729494648106,0.9194729494648106,0.9194729494648106,0.9194729494648106,0.9194729494648106,0.00022046871055354022,0.0,0.0,0.0,0.0,0.0,0.0,0.0,0.00022046871055354022,0.0,0.0,0.0,0.0,0.0,0.0,0.0,0.00022046871055354022,0.0,0.0,0.0,0.0,0.0,0.0,0.0,0.00022046871055354022,0.0,0.0,0.0,0.0,0.0,0.0,0.0,0.00016535153291515517,0.0,0.0,0.0,0.0,0.0,0.0,0.0,0.0005511717763838505,0.0,0.0,0.0,0.0,0.0,0.0,0.0,0.0005511717763838505,0.0,0.0,0.0,0.0,0.0,0.0,0.0,0.00016535153291515517,0.0,0.0,0.0,0.0,0.0,0.0,0.0,0.0005511717763838505,0.0,0.0,0.0,0.0,0.0,0.0,0.0,0.0005511717763838505,0.0,0.0,0.0,0.0,0.0,0.0,0.0,0.0005511717763838505,0.0,0.0,0.0,0.0,0.0,0.0,0.0,0.00033070306583031034,0.0,0.0,0.0,0.0,0.0,0.0,0.0,5.5117177638385055e-05,0.0,0.0,0.0,0.0,0.0,0.0,0.0,0.00011023435527677011,0.0,0.0,0.0,0.0,0.0,0.0,0.0,0.00022046871055354022,0.0,0.0,0.0,0.0,0.0,0.0,0.0,0.00022046871055354022,0.0,0.0,0.0,0.0,0.0,0.0,0.0,5.5117177638385055e-05,0.0,0.0,0.0,0.0,0.0,0.0,0.0,0.00022046871055354022,0.0,0.0,0.0,0.0,0.0,0.0,0.0,0.00022046871055354022,0.0,0.0,0.0,0.0,0.0,0.0,0.0
x_R14_EXIT_D,0.0,0.0013492685085876664,0.0008928982777418378,0.00017857965554836757,0.00017857965554836757,0.00017857965554836757,0.00017857965554836757,0.00017857965554836757,0.0,0.00029983744635281474,0.0001984218394981862,0.0,0.0,0.0,0.0,0.0,0.0001984218394981862,0.0001014156068546285,0.0,0.0,0.0,0.0,0.0,0.0,0.0001984218394981862,0.0001014156068546285,0.0,0.0,0.0,0.0,0.0,0.0,0.0011795076014614403,0.0,0.0001873984039705092,0.0001873984039705092,0.0001873984039705092,0.0001873984039705092,0.0001873984039705092,0.0001873984039705092,0.0,0.00022487808476461096,0.00014881637962363965,0.0,0.0,0.0,0.0,0.0,0.0,0.00029983744635281474,0.0001984218394981862,0.0,0.0,0.0,0.0,0.0,0.0001984218394981862,0.0001014156068546285,0.0,0.0,0.0,0.0,0.0,0.0,0.0001984218394981862,0.0001014156068546285,0.0,0.0,0.0,0.0,0.0,0.0,0.0001984218394981862,0.0001014156068546285,0.0,0.0,0.0,0.0,0.0,0.0,0.0,0.00029983744635281474,0.0001984218394981862,0.0,0.0,0.0,0.0,0.0,0.0,0.00029983744635281474,0.0001984218394981862,0.0,0.0,0.0,0.0,0.0,0.0,0.00029983744635281474,0.0001984218394981862,0.0,0.0,0.0,0.0,0.0,0.9194729494648106,-0.9069086568405837,0.9196713713043089,0.9195126338327103,0.9195126338327103,0.9195126338327103,0.9195126338327103,0.9195126338327103,0.0001984218394981862,0.0001014156068546285,0.0,0.0,0.0,0.0,0.0,0.0,0.0001984218394981862,0.0001014156068546285,0.0,0.0,0.0,0.0,0.0,0.0,0.0001984218394981862,0.0001014156068546285,0.0,0.0,0.0,0.0,0.0,0.0,0.0001984218394981862,0.0001014156068546285,0.0,0.0,0.0,0.0,0.0,0.0,0.00014881637962363965,7.606170514097137e-05,0.0,0.0,0.0,0.0,0.0,0.0,9.92109197490931e-05,0.0002535390171365712,0.0,0.0,0.0,0.0,0.0,0.0,9.92109197490931e-05,0.0002535390171365712,0.0,0.0,0.0,0.0,0.0,0.0,0.0,7.606170514097137e-05,0.0,0.0,0.0,0.0,0.0,0.0,9.92109197490931e-05,0.0002535390171365712,0.0,0.0,0.0,0.0,0.0,0.0,9.92109197490931e-05,0.0002535390171365712,0.0,0.0,0.0,0.0,0.0,0.0,9.92109197490931e-05,0.0002535390171365712,0.0,0.0,0.0,0.0,0.0,0.0,5.952655184945585e-05,0.00015212341028194274,0.0,0.0,0.0,0.0,0.0,0.0,0.0,0.0,0.0,0.0,0.0,0.0,0.0,0.0,0.0,5.070780342731425e-05,0.0,0.0,0.0,0.0,0.0,0.0,0.0,0.0001014156068546285,0.0,0.0,0.0,0.0,0.0,0.0,0.0,0.0001014156068546285,0.0,0.0,0.0,0.0,0.0,0.0,0.0,0.0,0.0,0.0,0.0,0.0,0.0,0.0,0.0,0.0001014156068546285,0.0,0.0,0.0,0.0,0.0,0.0,0.0,0.0001014156068546285,0.0,0.0,0.0,0.0,0.0,0.0
x_R14_EXIT_E,0.0,0.0008928982777418378,0.0022818511542291413,0.00017857965554836757,0.00017857965554836757,0.00017857965554836757,0.00017857965554836757,0.00017857965554836757,0.0,0.0001984218394981862,0.0005070780342731425,0.0,0.0,0.0,0.0,0.0,0.0004894405374288593,0.0002910186979306731,0.0,0.0002910186979306731,0.00013228122633212412,0.0002910186979306731,0.0002910186979306731,0.00013228122633212412,0.0004894405374288593,0.0002910186979306731,0.0,0.0002910186979306731,0.00013228122633212412,0.0002910186979306731,0.0002910186979306731,0.00013228122633212412,0.0009921091974909309,0.0,0.0015432809738747813,0.0,0.0007936873579927448,0.0,0.0,0.0007936873579927448,0.0,0.00014881637962363965,0.0003803085257048569,0.0,0.0,0.0,0.0,0.0,0.0,0.0001984218394981862,0.0005070780342731425,0.0,0.0,0.0,0.0,0.0,0.00045416554374029283,0.0002557437042421067,5.291249053284965e-05,0.0002557437042421067,9.700623264355767e-05,0.0002557437042421067,0.0002557437042421067,9.700623264355767e-05,0.00045416554374029283,0.0002557437042421067,0.0,0.0002557437042421067,9.700623264355767e-05,0.0002557437042421067,0.0002557437042421067,9.700623264355767e-05,0.00042770929847386804,0.00022928745897568184,0.0,0.00022928745897568184,7.054998737713286e-05,0.00022928745897568184,0.00022928745897568184,7.054998737713286e-05,0.0,0.0001984218394981862,0.0005070780342731425,0.0,0.0,0.0,0.0,0.0,0.0,0.0001984218394981862,0.0005070780342731425,0.0,0.0,0.0,0.0,0.0,0.0,0.0001984218394981862,0.0005070780342731425,0.0,0.0,0.0,0.0,0.0,0.9194729494648106,0.9196713713043089,-0.8998285640189864,0.9195126338327103,0.9195126338327103,0.9195126338327103,0.9195126338327103,0.9195126338327103,0.0003747968079410184,0.0001763749684428322,0.00013228122633212412,0.0001763749684428322,0.0,0.0001763749684428322,0.0001763749684428322,0.0,0.0004012530532074432,0.00020283121370925702,0.0001058249810656993,0.00020283121370925702,0.0,0.00020283121370925702,0.00020283121370925702,0.0,0.00042770929847386804,0.00022928745897568184,7.936873579927447e-05,0.00022928745897568184,7.054998737713286e-05,0.00022928745897568184,0.00022928745897568184,7.054998737713286e-05,0.00042770929847386804,0.00022928745897568184,7.936873579927447e-05,0.00022928745897568184,7.054998737713286e-05,0.00022928745897568184,0.00022928745897568184,7.054998737713286e-05,0.000320781973855401,0.00017196559423176132,5.9526551849455854e-05,0.00017196559423176132,5.291249053284965e-05,0.00017196559423176132,0.00017196559423176132,5.291249053284965e-05,9.92109197490931e-05,0.0,0.00037479680794101834,0.0,0.0,0.0,0.0,0.0,9.92109197490931e-05,0.0,0.00037479680794101834,0.0,0.0,0.0,0.0,0.0,0.0,0.0,0.00011243904238230551,0.0,0.0,0.0,0.0,0.0,9.92109197490931e-05,0.0,0.00037479680794101834,0.0,0.0,0.0,0.0,0.0,9.92109197490931e-05,0.0,0.00037479680794101834,0.0,0.0,0.0,0.0,0.0,9.92109197490931e-05,0.0,0.00037479680794101834,0.0,0.0,0.0,0.0,0.0,5.952655184945585e-05,0.0,0.00022487808476461102,0.0,0.0,0.0,0.0,0.0,0.0,0.0,0.0,0.0,0.0,0.0,0.0,0.0,0.0,0.0,7.495936158820366e-05,0.0,0.0,0.0,0.0,0.0,0.0,0.0,0.00014991872317640732,0.0,0.0,0.0,0.0,0.0,0.0,0.0,0.00014991872317640732,0.0,0.0,0.0,0.0,0.0,0.0,0.0,0.0,0.0,0.0,0.0,0.0,0.0,0.0,0.0,0.00014991872317640732,0.0,0.0,0.0,0.0,0.0,0.0,0.0,0.00014991872317640732,0.0,0.0,0.0,0.0,0.0
x_R14_EXIT_G,0.0,0.00017857965554836757,0.00017857965554836757,0.0016469012678349453,0.0005357389666451027,0.0013393474166127567,0.0005357389666451027,0.0005357389666451027,0.0,0.0,0.0,0.00036597805951887674,0.00011905310369891172,0.0002976327592472793,0.00011905310369891172,0.00011905310369891172,0.0,0.0,0.0,0.00024692495581996504,0.0,0.0,0.0,0.0,0.0,0.0,0.0,0.00024692495581996504,0.0,0.0,0.0,0.0,0.0001984218394981862,0.0,0.0,0.0012346247790998252,0.0,0.0,0.0,0.0,0.0,0.0,0.0,0.0002744835446391575,8.928982777418377e-05,0.00022322456943545945,8.928982777418377e-05,8.928982777418377e-05,0.0,0.0,0.0,0.00036597805951887674,0.00011905310369891172,0.0002976327592472793,0.00011905310369891172,0.00011905310369891172,0.0,0.0,0.0,0.00024692495581996504,0.0,0.0,0.0,0.0,0.0,0.0,0.0,0.00024692495581996504,0.0,0.0,0.0,0.0,0.0,0.0,0.0,0.00024692495581996504,0.0,0.0,0.0,0.0,0.0,0.0,0.0,0.00036597805951887674,0.00011905310369891172,0.0002976327592472793,0.00011905310369891172,0.00011905310369891172,0.0,0.0,0.0,0.00036597805951887674,0.00011905310369891172,0.0002976327592472793,0.00011905310369891172,0.00011905310369891172,0.0,0.0,0.0,0.00036597805951887674,0.00011905310369891172,0.0002976327592472793,0.00011905310369891172,0.00011905310369891172,0.9194729494648106,0.9195126338327103,0.9195126338327103,-0.9014165802534622,0.9195920025685096,0.9197705822240579,0.9195920025685096,0.9195920025685096,0.0,0.0,0.0,0.00024692495581996504,0.0,0.0,0.0,0.0,0.0,0.0,0.0,0.00024692495581996504,0.0,0.0,0.0,0.0,0.0,0.0,0.0,0.00024692495581996504,0.0,0.0,0.0,0.0,0.0,0.0,0.0,0.00024692495581996504,0.0,0.0,0.0,0.0,0.0,0.0,0.0,0.00018519371686497374,0.0,0.0,0.0,0.0,0.00029763275924727924,0.0,0.0,0.0006173123895499126,0.0,0.0,0.0,0.0,0.00029763275924727924,0.0,0.0,0.0006173123895499126,0.0,0.0,0.0,0.0,0.00022322456943545945,0.00013393474166127568,0.00013393474166127568,5.125897520369809e-05,0.00013393474166127568,0.0,0.0,0.0,0.0005456600586200121,0.0002480272993727327,0.0002480272993727327,0.0003692850901771798,0.0002480272993727327,0.0,0.0,0.0,0.00029763275924727924,0.0,0.0,0.0006173123895499126,0.0,0.0,0.0,0.0,0.00029763275924727924,0.0,0.0,0.0006173123895499126,0.0,0.0,0.0,0.0,0.00017857965554836754,0.0,0.0,0.0002215710541063079,0.0,0.0,0.0,0.0,0.0,0.0,0.0,6.173123895499126e-05,0.0,0.0,0.0,0.0,0.00010913201172400241,0.0,0.0,0.0,0.0,0.0,0.0,0.0,0.00021826402344800482,0.0,0.0,0.00014771403607087195,0.0,0.0,0.0,0.0,0.00011905310369891172,0.0,0.0,0.00014771403607087195,0.0,0.0,0.0,0.0,0.0,0.0,0.0,0.0,0.0,0.0,0.0,0.0,0.00011905310369891172,0.0,0.0,0.00024692495581996504,0.0,0.0,0.0,0.0,0.00011905310369891172,0.0,0.0,0.00024692495581996504,0.0,0.0,0.0,0.0
x_R14_EXIT_H,0.0,0.00017857965554836757,0.00017857965554836757,0.0005357389666451027,0.0019742973030069527,0.0005357389666451027,0.0006250287944192865,0.0016171379919102172,0.0,0.0,0.0,0.00011905310369891172,0.00043873273400154504,0.00011905310369891172,0.00013889528764873035,0.0003593639982022706,0.0,0.0,0.0,0.0,0.00014109997475426572,0.0,0.0,6.173123895499125e-05,0.0,0.0,0.0,0.0,0.00014109997475426572,0.0,0.0,6.173123895499125e-05,0.0001984218394981862,0.0,0.0,9.92109197490931e-05,0.0007054998737713286,0.0,0.0,0.0003086561947749563,0.0,0.0,0.0,8.928982777418377e-05,0.0003290495505011588,8.928982777418377e-05,0.00010417146573654773,0.0002695229986517029,0.0,0.0,0.0,0.00011905310369891172,0.00043873273400154504,0.00011905310369891172,0.00013889528764873035,0.0003593639982022706,0.0,0.0,0.0,0.0,0.00014109997475426572,0.0,0.0,6.173123895499125e-05,0.0,0.0,0.0,0.0,0.00014109997475426572,0.0,0.0,6.173123895499125e-05,0.0,0.0,0.0,0.0,0.00014109997475426572,0.0,0.0,6.173123895499125e-05,0.0,0.0,0.0,0.00011905310369891172,0.00043873273400154504,0.00011905310369891172,0.00013889528764873035,0.0003593639982022706,0.0,0.0,0.0,0.00011905310369891172,0.00043873273400154504,0.00011905310369891172,0.00013889528764873035,0.0003593639982022706,0.0,0.0,0.0,0.00011905310369891172,0.00043873273400154504,0.00011905310369891172,0.00013889528764873035,0.0003593639982022706,0.9194729494648106,0.9195126338327103,0.9195126338327103,0.9195920025685096,-0.8966413477348847,0.9195920025685096,0.9196118447524594,0.9198323134630129,0.0,0.0,0.0,0.0,0.00014109997475426572,0.0,0.0,6.173123895499125e-05,0.0,0.0,0.0,0.0,0.00014109997475426572,0.0,0.0,6.173123895499125e-05,0.0,0.0,0.0,0.0,0.00014109997475426572,0.0,0.0,6.173123895499125e-05,0.0,0.0,0.0,0.0,0.00014109997475426572,0.0,0.0,6.173123895499125e-05,0.0,0.0,0.0,0.0,0.0001058249810656993,0.0,0.0,0.0,0.00034723821912182576,0.0,0.0003968436789963724,0.0,0.0007495936158820367,0.0,0.0,0.0,0.00034723821912182576,0.0,8.818748422141607e-05,0.0,0.00026456245266424824,0.0,0.0,0.0,8.928982777418377e-05,0.0,0.00013393474166127568,0.0,0.00023975972272697493,0.0,0.0,0.0,0.00029763275924727924,0.0,0.0004464491388709189,0.0,0.0007991990757565832,0.0,0.0,0.0,0.0008984099955056762,0.0005511717763838505,0.00015432809738747814,0.000600777236258397,0.0001984218394981862,0.0,0.0,0.0,0.0010306912218378003,0.0006834530027159746,0.00028660932371960224,0.0007330584625905212,6.614061316606205e-05,0.0,0.0,0.0,0.00020834293147309547,0.0,0.0002381062073978234,0.0,0.00015873747159854894,0.0,0.0,0.0,0.0,0.0,0.0,0.0,0.0,0.0,0.0,0.0,5.952655184945586e-05,0.0,7.936873579927449e-05,0.0,0.00014991872317640737,0.0,0.0,0.0,0.00011905310369891172,0.0,0.00015873747159854897,0.0,0.00029983744635281474,0.0,0.0,0.0,0.00013889528764873035,0.0,0.00015873747159854897,0.0,0.0,0.0,0.0,0.0,8.322693823396144e-05,0.0,0.0,0.0,0.0,0.0,0.0,0.0,0.00033290775293584574,0.0001940124652871154,0.0,0.00021385464923693405,0.0,0.0,0.0,0.0,0.00033290775293584574,0.0001940124652871154,0.0,0.00021385464923693405,0.0,0.0,0.0,0.0
x_R14_EXIT_A,0.0,0.00017857965554836757,0.00017857965554836757,0.0013393474166127567,0.0005357389666451027,0.003650961846766626,0.0005357389666451027,0.0005357389666451027,0.0,0.0,0.0,0.0002976327592472793,0.00011905310369891172,0.000811324854837028,0.00011905310369891172,0.00011905310369891172,0.0,0.0,0.0,0.0001785796555483676,0.0,0.0001774773119955999,0.0,0.0,0.0,0.0,0.0,0.0001785796555483676,0.0,0.0001774773119955999,0.0,0.0,0.0001984218394981862,0.0,0.0,0.0008928982777418378,0.0,0.0008873865599779993,0.0,0.0,0.0,0.0,0.0,0.00022322456943545945,8.928982777418377e-05,0.0006084936411277709,8.928982777418377e-05,8.928982777418377e-05,0.0,0.0,0.0,0.0002976327592472793,0.00011905310369891172,0.000811324854837028,0.00011905310369891172,0.00011905310369891172,0.0,0.0,0.0,0.0001785796555483676,0.0,0.0001774773119955999,0.0,0.0,0.0,0.0,0.0,0.0001785796555483676,0.0,0.0001774773119955999,0.0,0.0,0.0,0.0,0.0,0.0001785796555483676,0.0,0.0001774773119955999,0.0,0.0,0.0,0.0,0.0,0.0002976327592472793,0.00011905310369891172,0.000811324854837028,0.00011905310369891172,0.00011905310369891172,0.0,0.0,0.0,0.0002976327592472793,0.00011905310369891172,0.000811324854837028,0.00011905310369891172,0.00011905310369891172,0.0,0.0,0.0,0.0002976327592472793,0.00011905310369891172,0.000811324854837028,0.00011905310369891172,0.00011905310369891172,0.9194729494648106,0.9195126338327103,0.9195126338327103,0.9197705822240579,0.9195920025685096,-0.8951835684192581,0.9195920025685096,0.9195920025685096,0.0,0.0,0.0,0.0001785796555483676,0.0,0.0001774773119955999,0.0,0.0,0.0,0.0,0.0,0.0001785796555483676,0.0,0.0001774773119955999,0.0,0.0,0.0,0.0,0.0,0.0001785796555483676,0.0,0.0001774773119955999,0.0,0.0,0.0,0.0,0.0,0.0001785796555483676,0.0,0.0001774773119955999,0.0,0.0,0.0,0.0,0.0,0.00013393474166127568,0.0,0.0001331079839966999,0.0,0.0,0.00029763275924727924,0.0,0.0,0.0004464491388709189,0.0,0.00044369327998899965,0.0,0.0,0.00029763275924727924,0.0,0.0,0.0004464491388709189,0.0,0.00044369327998899965,0.0,0.0,0.0003526121439415684,0.0002633223161673846,0.0002633223161673846,0.0001293875745061089,0.0002633223161673846,0.00025588149718620254,0.0001227735131895027,0.0001227735131895027,0.0005456600586200121,0.0002480272993727327,0.0002480272993727327,0.0001984218394981862,0.0002480272993727327,0.00044369327998899965,0.0,0.0,0.00029763275924727924,0.0,0.0,0.0004464491388709189,0.0,0.00044369327998899965,0.0,0.0,0.00029763275924727924,0.0,0.0,0.0004464491388709189,0.0,0.00044369327998899965,0.0,0.0,0.00017857965554836754,0.0,0.0,0.0001190531036989117,0.0,0.0002662159679933998,0.0,0.0,0.0,0.0,0.0,0.0,0.0,0.0,0.0,0.0,0.00019098102051700425,8.184900879300182e-05,8.184900879300182e-05,0.00024058648039155077,8.184900879300182e-05,0.0,8.184900879300182e-05,8.184900879300182e-05,0.00021826402344800482,0.0,0.0,7.936873579927449e-05,0.0,0.0,0.0,0.0,0.00011905310369891172,0.0,0.0,7.936873579927449e-05,0.0,0.0001774773119955999,0.0,0.0,0.0,0.0,0.0,0.0,0.0,0.0,0.0,0.0,0.00011905310369891172,0.0,0.0,0.0001785796555483676,0.0,0.0001774773119955999,0.0,0.0,0.00011905310369891172,0.0,0.0,0.0001785796555483676,0.0,0.0001774773119955999,0.0,0.0
x_R14_EXIT_F,0.0,0.00017857965554836757,0.00017857965554836757,0.0005357389666451027,0.0006250287944192865,0.0005357389666451027,0.0028870377646986094,0.0006250287944192865,0.0,0.0,0.0,0.00011905310369891172,0.00013889528764873035,0.00011905310369891172,0.0006415639477108022,0.00013889528764873035,0.0,0.0,0.0,0.0,0.0,0.00016755622002069057,0.0005026686600620718,0.0,0.0,0.0,0.0,0.0,0.0,0.00016755622002069057,0.0005026686600620718,0.0,0.0001984218394981862,0.0,0.0,9.92109197490931e-05,0.0,0.0008377811001034529,0.002513343300310359,0.0,0.0,0.0,0.0,8.928982777418377e-05,0.00010417146573654773,8.928982777418377e-05,0.00048117296078310155,0.00010417146573654773,0.0,0.0,0.0,0.00011905310369891172,0.00013889528764873035,0.00011905310369891172,0.0006415639477108022,0.00013889528764873035,0.0,0.0,0.0,0.0,0.0,0.00016755622002069057,0.0005026686600620718,0.0,0.0,0.0,0.0,0.0,0.0,0.00016755622002069057,0.0005026686600620718,0.0,0.0,0.0,0.0,0.0,0.0,0.00016755622002069057,0.0005026686600620718,0.0,0.0,0.0,0.0,0.00011905310369891172,0.00013889528764873035,0.00011905310369891172,0.0006415639477108022,0.00013889528764873035,0.0,0.0,0.0,0.00011905310369891172,0.00013889528764873035,0.00011905310369891172,0.0006415639477108022,0.00013889528764873035,0.0,0.0,0.0,0.00011905310369891172,0.00013889528764873035,0.00011905310369891172,0.0006415639477108022,0.00013889528764873035,0.9194729494648106,0.9195126338327103,0.9195126338327103,0.9195920025685096,0.9196118447524594,0.9195920025685096,-0.8975237037159666,0.9196118447524594,0.0,0.0,0.0,0.0,0.0,0.00016755622002069057,0.0005026686600620718,0.0,0.0,0.0,0.0,0.0,0.0,0.00016755622002069057,0.0005026686600620718,0.0,0.0,0.0,0.0,0.0,0.0,0.00016755622002069057,0.0005026686600620718,0.0,0.0,0.0,0.0,0.0,0.0,0.00016755622002069057,0.0005026686600620718,0.0,0.0,0.0,0.0,0.0,0.0,0.0001256671650155179,0.0003770014950465538,0.0,0.000766128769173552,0.00041889055005172644,0.00041889055005172644,0.00046849600992627296,0.00041889055005172644,0.0,0.0008377811001034529,0.00041889055005172644,0.0011409255771145704,0.0007936873579927448,0.0,0.0008432928178672913,0.0,0.00041889055005172644,0.00041889055005172633,0.0,8.928982777418377e-05,0.0,0.0,0.0,0.0,0.0,5.125897520369809e-05,0.0,0.00029763275924727924,0.0,0.0,0.0,0.0,0.0,0.00017086325067899367,0.0,0.00034723821912182576,0.0,0.0,0.0,0.0,0.0,0.00017086325067899367,0.0,0.00034723821912182576,0.0,0.0,0.0,0.0,0.0,0.00017086325067899367,0.0,0.00044644913887091885,0.0002381062073978234,0.0002381062073978234,0.0,8.928982777418377e-05,0.0,0.00016204450225685204,0.0,0.00012897419567382105,9.425037376163843e-05,0.0,9.92109197490931e-05,0.0,0.0,0.0,0.0,5.952655184945586e-05,7.936873579927449e-05,7.936873579927449e-05,0.0,7.936873579927449e-05,0.0,0.0,0.0,0.00011905310369891172,0.00015873747159854897,0.00015873747159854897,0.0,0.00015873747159854897,0.0,6.834530027159747e-05,0.0,0.0002976327592472793,0.00015873747159854897,0.00015873747159854897,0.0,0.0,0.0,0.0,0.0,0.0,0.0,0.0,0.0,0.0,0.0,0.0,0.0,0.00013889528764873035,0.0,0.0,0.0,0.0,0.0,6.834530027159747e-05,0.0,0.00013889528764873035,0.0,0.0,0.0,0.0,0.0,6.834530027159747e-05,0.0
x_R14_EXIT_B,0.0,0.00017857965554836757,0.00017857965554836757,0.0005357389666451027,0.0016171379919102172,0.0005357389666451027,0.0006250287944192865,0.005357389666451027,0.0,0.0,0.0,0.00011905310369891172,0.0003593639982022706,0.00011905310369891172,0.00013889528764873035,0.0011905310369891172,0.0,0.0,0.0,0.0,6.173123895499125e-05,0.0,0.0,0.0008928982777418379,0.0,0.0,0.0,0.0,6.173123895499125e-05,0.0,0.0,0.0008928982777418379,0.0001984218394981862,0.0,0.0,9.92109197490931e-05,0.0003086561947749563,0.0,0.0,0.004464491388709189,0.0,0.0,0.0,8.928982777418377e-05,0.0002695229986517029,8.928982777418377e-05,0.00010417146573654773,0.0008928982777418378,0.0,0.0,0.0,0.00011905310369891172,0.0003593639982022706,0.00011905310369891172,0.00013889528764873035,0.0011905310369891172,0.0,0.0,0.0,0.0,6.173123895499125e-05,0.0,0.0,0.0008928982777418379,0.0,0.0,0.0,0.0,6.173123895499125e-05,0.0,0.0,0.0008928982777418379,0.0,0.0,0.0,0.0,6.173123895499125e-05,0.0,0.0,0.0008928982777418379,0.0,0.0,0.0,0.00011905310369891172,0.0003593639982022706,0.00011905310369891172,0.00013889528764873035,0.0011905310369891172,0.0,0.0,0.0,0.00011905310369891172,0.0003593639982022706,0.00011905310369891172,0.00013889528764873035,0.0011905310369891172,0.0,0.0,0.0,0.00011905310369891172,0.0003593639982022706,0.00011905310369891172,0.00013889528764873035,0.0011905310369891172,0.9194729494648106,0.9195126338327103,0.9195126338327103,0.9195920025685096,0.9198323134630129,0.9195920025685096,0.9196118447524594,-0.8908253425228719,0.0,0.0,0.0,0.0,6.173123895499125e-05,0.0,0.0,0.0008928982777418379,0.0,0.0,0.0,0.0,6.173123895499125e-05,0.0,0.0,0.0008928982777418379,0.0,0.0,0.0,0.0,6.173123895499125e-05,0.0,0.0,0.0008928982777418379,0.0,0.0,0.0,0.0,6.173123895499125e-05,0.0,0.0,0.0008928982777418379,0.0,0.0,0.0,0.0,0.0,0.0,0.0,0.0006696737083063784,0.00034723821912182576,0.0,0.0003968436789963724,0.0,0.0005511717763838505,0.0,0.0,0.0012594275090370985,0.00034723821912182576,0.0,8.818748422141607e-05,0.0,6.614061316606205e-05,0.0,0.0,0.0012594275090370985,8.928982777418377e-05,0.0,0.00013393474166127568,0.0,0.00018023317087751908,0.0,0.0,0.00037782825271112945,0.00029763275924727924,0.0,0.0004464491388709189,0.0,0.000600777236258397,0.0,0.0,0.0012594275090370985,0.0013076550394706852,0.0009604168203488595,0.000563573141352487,0.0010100222802234059,0.000409245043965009,0.000409245043965009,0.000409245043965009,0.0016686725530021074,0.0008984099955056762,0.0005511717763838505,0.00015432809738747814,0.000600777236258397,0.0,0.0,0.0,0.0,0.00020834293147309547,0.0,0.0002381062073978234,0.0,0.0,0.0,0.0,0.0007556565054222589,0.0,0.0,0.0,0.0,0.0,0.0,0.0,0.00012594275090370985,5.952655184945586e-05,0.0,7.936873579927449e-05,0.0,0.00011023435527677012,0.0,0.0,0.0002518855018074197,0.00011905310369891172,0.0,0.00015873747159854897,0.0,0.00022046871055354025,0.0,0.0,0.0005037710036148394,0.00013889528764873035,0.0,0.00015873747159854897,0.0,0.0,0.0,0.0,0.0005037710036148394,8.322693823396144e-05,0.0,0.0,0.0,0.0,0.0,0.0,0.00012594275090370985,0.0004966057705218493,0.00035771048287311906,0.00019897301127457006,0.00037755266682293765,0.00016369801758600363,0.00016369801758600363,0.00016369801758600363,0.0003400729860288358,0.00033290775293584574,0.0001940124652871154,0.0,0.00021385464923693405,0.0,0.0,0.0,0.0
x_R15_EXIT_C,7.936873579927447e-05,0.0018056387394334945,0.0025993260974262393,0.0010913201172400243,0.0010913201172400243,0.0010913201172400243,0.0010913201172400243,0.0010913201172400243,0.0,0.0004012530532074432,0.0005776280216502754,0.00024251558160889424,0.00024251558160889424,0.00024251558160889424,0.00024251558160889424,0.00024251558160889424,0.0005952655184945585,0.0001763749684428322,0.0,0.0001763749684428322,0.0,0.0001763749684428322,0.0001763749684428322,0.0,0.0005952655184945585,0.0001763749684428322,0.0,0.0001763749684428322,0.0,0.0001763749684428322,0.0001763749684428322,0.0,0.002094452750258632,0.0,0.0008818748422141609,0.0,0.0007936873579927448,0.0,0.0,0.0007936873579927448,5.6219521191152754e-05,0.0002215710541063079,0.00035385228043843196,0.00010251795040739618,0.00010251795040739618,0.00010251795040739618,0.00010251795040739618,0.00010251795040739618,0.0,0.0003439311884635227,0.0005203061569063549,0.0001851937168649738,0.0001851937168649738,0.0001851937168649738,0.0001851937168649738,0.0001851937168649738,0.0005952655184945585,0.0001763749684428322,0.0,0.0001763749684428322,0.0,0.0001763749684428322,0.0001763749684428322,0.0,0.0005952655184945585,0.0001763749684428322,0.0,0.0001763749684428322,0.0,0.0001763749684428322,0.0001763749684428322,0.0,0.0005952655184945585,0.0001763749684428322,0.0,0.0001763749684428322,0.0,0.0001763749684428322,0.0001763749684428322,0.0,0.00012346247790998252,0.0002954280721417439,0.0004718030405845761,0.00013669060054319492,0.00013669060054319492,0.00013669060054319492,0.00013669060054319492,0.00013669060054319492,0.00012346247790998252,0.0002954280721417439,0.0004718030405845761,0.00013669060054319492,0.00013669060054319492,0.00013669060054319492,0.00013669060054319492,0.00013669060054319492,0.00017196559423176134,0.00024692495581996504,0.0004232999242627972,8.818748422141608e-05,8.818748422141608e-05,8.818748422141608e-05,8.818748422141608e-05,8.818748422141608e-05,0.00022046871055354022,0.0001984218394981862,0.0003747968079410184,0.0,0.0,0.0,0.0,0.0,-0.899740376534765,0.9196493244332534,0.9194729494648106,0.9196493244332534,0.919490586961655,0.9196493244332534,0.9196493244332534,0.919490586961655,0.0005952655184945585,0.0001763749684428322,0.0,0.0001763749684428322,0.0,0.0001763749684428322,0.0001763749684428322,0.0,0.0005952655184945585,0.0001763749684428322,0.0,0.0001763749684428322,0.0,0.0001763749684428322,0.0001763749684428322,0.0,0.0005952655184945585,0.0001763749684428322,0.0,0.0001763749684428322,0.0,0.0001763749684428322,0.0001763749684428322,0.0,0.00044644913887091885,0.00013228122633212412,0.0,0.00013228122633212412,0.0,0.00013228122633212412,0.00013228122633212412,0.0,0.0006503826961329435,0.0,0.0,0.0,0.0,0.0,0.0,0.0,0.0006503826961329435,0.0,0.0,0.0,0.0,0.0,0.0,0.0,0.00019511480883988307,0.0,0.0,0.0,0.0,0.0,0.0,0.0,0.0006503826961329435,0.0,0.0,0.0,0.0,0.0,0.0,0.0,0.0006503826961329435,0.0,0.0,0.0,0.0,0.0,0.0,0.0,0.0006503826961329435,0.0,0.0,0.0,0.0,0.0,0.0,0.0,0.00039022961767976613,0.0,0.0,0.0,0.0,0.0,0.0,0.0,6.503826961329436e-05,0.0,0.0,0.0,0.0,0.0,0.0,0.0,0.00013007653922658872,0.0,0.0,0.0,0.0,0.0,0.0,0.0,0.00026015307845317744,0.0,0.0,0.0,0.0,0.0,0.0,0.0,0.00026015307845317744,0.0,0.0,0.0,0.0,0.0,0.0,0.0,6.503826961329436e-05,0.0,0.0,0.0,0.0,0.0,0.0,0.0,0.00026015307845317744,0.0,0.0,0.0,0.0,0.0,0.0,0.0,0.00026015307845317744,0.0,0.0,0.0,0.0,0.0,0.0,0.0
x_R15_EXIT_D,0.0,0.0004563702308458282,0.0007936873579927448,0.0,0.0,0.0,0.0,0.0,0.0,0.0001014156068546285,0.0001763749684428322,0.0,0.0,0.0,0.0,0.0,0.0001763749684428322,0.0002777905752974607,0.0,0.0001763749684428322,0.0,0.0001763749684428322,0.0001763749684428322,0.0,0.0001763749684428322,0.0002777905752974607,0.0,0.0001763749684428322,0.0,0.0001763749684428322,0.0001763749684428322,0.0,0.0001873984039705092,0.0,0.0010692732461846698,0.0001873984039705092,0.0009810857619632538,0.0001873984039705092,0.0001873984039705092,0.0009810857619632538,0.0,7.606170514097137e-05,0.00013228122633212412,0.0,0.0,0.0,0.0,0.0,0.0,0.0001014156068546285,0.0001763749684428322,0.0,0.0,0.0,0.0,0.0,0.0001763749684428322,0.0002777905752974607,0.0,0.0001763749684428322,0.0,0.0001763749684428322,0.0001763749684428322,0.0,0.0001763749684428322,0.0002777905752974607,0.0,0.0001763749684428322,0.0,0.0001763749684428322,0.0001763749684428322,0.0,0.0001763749684428322,0.0002777905752974607,0.0,0.0001763749684428322,0.0,0.0001763749684428322,0.0001763749684428322,0.0,0.0,0.0001014156068546285,0.0001763749684428322,0.0,0.0,0.0,0.0,0.0,0.0,0.0001014156068546285,0.0001763749684428322,0.0,0.0,0.0,0.0,0.0,0.0,0.0001014156068546285,0.0001763749684428322,0.0,0.0,0.0,0.0,0.0,0.0,0.0001014156068546285,0.0001763749684428322,0.0,0.0,0.0,0.0,0.0,0.9196493244332534,-0.9069307037116391,0.9194729494648106,0.9196493244332534,0.919490586961655,0.9196493244332534,0.9196493244332534,0.919490586961655,0.0001763749684428322,0.0002777905752974607,0.0,0.0001763749684428322,0.0,0.0001763749684428322,0.0001763749684428322,0.0,0.0001763749684428322,0.0002777905752974607,0.0,0.0001763749684428322,0.0,0.0001763749684428322,0.0001763749684428322,0.0,0.0001763749684428322,0.0002777905752974607,0.0,0.0001763749684428322,0.0,0.0001763749684428322,0.0001763749684428322,0.0,0.00013228122633212412,0.00020834293147309547,0.0,0.00013228122633212412,0.0,0.00013228122633212412,0.00013228122633212412,0.0,0.0,0.0002535390171365712,0.0,0.0,0.0,0.0,0.0,0.0,0.0,0.0002535390171365712,0.0,0.0,0.0,0.0,0.0,0.0,0.0,7.606170514097137e-05,0.0,0.0,0.0,0.0,0.0,0.0,0.0,0.0002535390171365712,0.0,0.0,0.0,0.0,0.0,0.0,0.0,0.0002535390171365712,0.0,0.0,0.0,0.0,0.0,0.0,0.0,0.0002535390171365712,0.0,0.0,0.0,0.0,0.0,0.0,0.0,0.00015212341028194274,0.0,0.0,0.0,0.0,0.0,0.0,0.0,0.0,0.0,0.0,0.0,0.0,0.0,0.0,0.0,5.070780342731425e-05,0.0,0.0,0.0,0.0,0.0,0.0,0.0,0.0001014156068546285,0.0,0.0,0.0,0.0,0.0,0.0,0.0,0.0001014156068546285,0.0,0.0,0.0,0.0,0.0,0.0,0.0,0.0,0.0,0.0,0.0,0.0,0.0,0.0,0.0,0.0001014156068546285,0.0,0.0,0.0,0.0,0.0,0.0,0.0,0.0001014156068546285,0.0,0.0,0.0,0.0,0.0,0.0
x_R15_EXIT_E,0.0,0.0,0.0005952655184945585,0.0,0.0,0.0,0.0,0.0,0.0,0.0,0.00013228122633212412,0.0,0.0,0.0,0.0,0.0,0.0001146437294878409,0.0001146437294878409,0.0,0.0001146437294878409,0.0001146437294878409,0.0001146437294878409,0.0001146437294878409,0.0001146437294878409,0.0001146437294878409,0.0001146437294878409,0.0,0.0001146437294878409,0.0001146437294878409,0.0001146437294878409,0.0001146437294878409,0.0001146437294878409,0.0,0.0,0.0006614061316606207,0.0,0.0,0.0,0.0,0.0,0.0,0.0,9.92109197490931e-05,0.0,0.0,0.0,0.0,0.0,0.0,0.0,0.00013228122633212412,0.0,0.0,0.0,0.0,0.0,7.936873579927447e-05,7.936873579927447e-05,5.291249053284965e-05,7.936873579927447e-05,7.936873579927447e-05,7.936873579927447e-05,7.936873579927447e-05,7.936873579927447e-05,7.936873579927447e-05,7.936873579927447e-05,0.0,7.936873579927447e-05,7.936873579927447e-05,7.936873579927447e-05,7.936873579927447e-05,7.936873579927447e-05,5.291249053284964e-05,5.291249053284964e-05,0.0,5.291249053284964e-05,5.291249053284964e-05,5.291249053284964e-05,5.291249053284964e-05,5.291249053284964e-05,0.0,0.0,0.00013228122633212412,0.0,0.0,0.0,0.0,0.0,0.0,0.0,0.00013228122633212412,0.0,0.0,0.0,0.0,0.0,0.0,0.0,0.00013228122633212412,0.0,0.0,0.0,0.0,0.0,0.0,0.0,0.00013228122633212412,0.0,0.0,0.0,0.0,0.0,0.9194729494648106,0.9194729494648106,-0.9059910258658133,0.9194729494648106,0.9194729494648106,0.9194729494648106,0.9194729494648106,0.9194729494648106,0.0,0.0,0.0001058249810656993,0.0,0.0,0.0,0.0,0.0,5.291249053284964e-05,5.291249053284964e-05,7.936873579927447e-05,5.291249053284964e-05,5.291249053284964e-05,5.291249053284964e-05,5.291249053284964e-05,5.291249053284964e-05,5.291249053284964e-05,5.291249053284964e-05,7.936873579927447e-05,5.291249053284964e-05,5.291249053284964e-05,5.291249053284964e-05,5.291249053284964e-05,5.291249053284964e-05,0.0,0.0,5.9526551849455854e-05,0.0,0.0,0.0,0.0,0.0,0.0,0.0,0.00033070306583031034,0.0,0.0,0.0,0.0,0.0,0.0,0.0,0.00033070306583031034,0.0,0.0,0.0,0.0,0.0,0.0,0.0,9.92109197490931e-05,0.0,0.0,0.0,0.0,0.0,0.0,0.0,0.00033070306583031034,0.0,0.0,0.0,0.0,0.0,0.0,0.0,0.00033070306583031034,0.0,0.0,0.0,0.0,0.0,0.0,0.0,0.00033070306583031034,0.0,0.0,0.0,0.0,0.0,0.0,0.0,0.0001984218394981862,0.0,0.0,0.0,0.0,0.0,0.0,0.0,0.0,0.0,0.0,0.0,0.0,0.0,0.0,0.0,6.614061316606206e-05,0.0,0.0,0.0,0.0,0.0,0.0,0.0,0.00013228122633212412,0.0,0.0,0.0,0.0,0.0,0.0,0.0,0.00013228122633212412,0.0,0.0,0.0,0.0,0.0,0.0,0.0,0.0,0.0,0.0,0.0,0.0,0.0,0.0,0.0,0.00013228122633212412,0.0,0.0,0.0,0.0,0.0,0.0,0.0,0.00013228122633212412,0.0,0.0,0.0,0.0,0.0
x_R15_EXIT_G,0.0,0.0,0.0007936873579927448,0.0011111623011898428,8.928982777418378e-05,0.0008036084499676541,8.928982777418378e-05,8.928982777418378e-05,0.0,0.0,0.0001763749684428322,0.00024692495581996504,0.0,0.0001785796555483676,0.0,0.0,0.0001763749684428322,0.0001763749684428322,0.0,0.0005225108440118903,0.0,0.00025574370424210664,0.00025574370424210664,0.0,0.0001763749684428322,0.0001763749684428322,0.0,0.0005225108440118903,0.0,0.00025574370424210664,0.00025574370424210664,0.0,0.0,0.0,0.0008818748422141609,0.0017306793778452906,0.0007936873579927448,0.0003968436789963724,0.0003968436789963724,0.0007936873579927448,0.0,0.0,0.00013228122633212412,0.00018519371686497374,0.0,0.00013393474166127568,0.0,0.0,0.0,0.0,0.0001763749684428322,0.00024692495581996504,0.0,0.0001785796555483676,0.0,0.0,0.0001763749684428322,0.0001763749684428322,0.0,0.0005225108440118903,0.0,0.00025574370424210664,0.00025574370424210664,0.0,0.0001763749684428322,0.0001763749684428322,0.0,0.0005225108440118903,0.0,0.00025574370424210664,0.00025574370424210664,0.0,0.0001763749684428322,0.0001763749684428322,0.0,0.0005225108440118903,0.0,0.00025574370424210664,0.00025574370424210664,0.0,0.0,0.0,0.0001763749684428322,0.00024692495581996504,0.0,0.0001785796555483676,0.0,0.0,0.0,0.0,0.0001763749684428322,0.00024692495581996504,0.0,0.0001785796555483676,0.0,0.0,0.0,0.0,0.0001763749684428322,0.00024692495581996504,0.0,0.0001785796555483676,0.0,0.0,0.0,0.0,0.0001763749684428322,0.00024692495581996504,0.0,0.0001785796555483676,0.0,0.0,0.9196493244332534,0.9196493244332534,0.9194729494648106,-0.8987279440144565,0.919490586961655,0.9197286931690527,0.9197286931690527,0.919490586961655,0.0001763749684428322,0.0001763749684428322,0.0,0.0005225108440118903,0.0,0.00025574370424210664,0.00025574370424210664,0.0,0.0001763749684428322,0.0001763749684428322,0.0,0.0005225108440118903,0.0,0.00025574370424210664,0.00025574370424210664,0.0,0.0001763749684428322,0.0001763749684428322,0.0,0.0005225108440118903,0.0,0.00025574370424210664,0.00025574370424210664,0.0,0.00013228122633212412,0.00013228122633212412,0.0,0.0003918831330089177,0.0,0.00019180777818157997,0.00019180777818157997,0.0,0.0,0.0001984218394981862,0.0,0.000666917849424459,0.0,0.0,0.0,0.0,0.0,0.0001984218394981862,0.0,0.000666917849424459,0.0,0.0,0.0,0.0,0.00013393474166127568,0.00020834293147309547,0.00016204450225685204,5.125897520369809e-05,0.00014881637962363962,0.0,0.0,0.0,0.0002480272993727327,0.0004960545987454654,0.00034172650135798734,0.0003692850901771798,0.0002976327592472793,0.0,0.0,0.0,0.0,0.0001984218394981862,0.0,0.000666917849424459,0.0,0.0,0.0,0.0,0.0,0.0001984218394981862,0.0,0.000666917849424459,0.0,0.0,0.0,0.0,0.0,0.0001190531036989117,0.0,0.0002215710541063079,0.0,0.0,0.0,0.0,0.0,0.0,0.0,6.669178494244592e-05,0.0,0.0,0.0,0.0,0.0,0.0,0.0,0.0,0.0,0.0,0.0,0.0,9.921091974909311e-05,7.936873579927449e-05,0.0,0.00014771403607087195,0.0,0.0,0.0,0.0,0.0,7.936873579927449e-05,0.0,0.00014771403607087195,0.0,0.0,0.0,0.0,0.0,0.0,0.0,0.0,0.0,0.0,0.0,0.0,0.0,7.936873579927449e-05,0.0,0.0002667671397697837,0.0,0.0,0.0,0.0,0.0,7.936873579927449e-05,0.0,0.0002667671397697837,0.0,0.0,0.0,0.0
x_R15_EXIT_H,0.0,0.0,7.936873579927447e-05,0.0,0.0006349498863941958,0.0,0.0,0.00027779057529746064,0.0,0.0,0.0,0.0,0.00014109997475426572,0.0,0.0,6.173123895499125e-05,0.0,0.0,0.0,0.0,0.00019401246528711537,0.0,0.0,0.0001146437294878409,0.0,0.0,0.0,0.0,0.00019401246528711537,0.0,0.0,0.0001146437294878409,0.0,0.0,8.818748422141607e-05,0.0,0.0008818748422141608,0.0,0.0,0.00048503116321778843,0.0,0.0,0.0,0.0,0.0001058249810656993,0.0,0.0,0.0,0.0,0.0,0.0,0.0,0.00014109997475426572,0.0,0.0,6.173123895499125e-05,0.0,0.0,0.0,0.0,0.00019401246528711537,0.0,0.0,0.0001146437294878409,0.0,0.0,0.0,0.0,0.00019401246528711537,0.0,0.0,0.0001146437294878409,0.0,0.0,0.0,0.0,0.00019401246528711537,0.0,0.0,0.0001146437294878409,0.0,0.0,0.0,0.0,0.00014109997475426572,0.0,0.0,6.173123895499125e-05,0.0,0.0,0.0,0.0,0.00014109997475426572,0.0,0.0,6.173123895499125e-05,0.0,0.0,0.0,0.0,0.00014109997475426572,0.0,0.0,6.173123895499125e-05,0.0,0.0,0.0,0.0,0.00014109997475426572,0.0,0.0,6.173123895499125e-05,0.919490586961655,0.919490586961655,0.9194729494648106,0.919490586961655,-0.8994181714581116,0.919490586961655,0.919490586961655,0.9195875931942985,0.0,0.0,0.0,0.0,0.00019401246528711537,0.0,0.0,0.0001146437294878409,0.0,0.0,0.0,0.0,0.00019401246528711537,0.0,0.0,0.0001146437294878409,0.0,0.0,0.0,0.0,0.00019401246528711537,0.0,0.0,0.0001146437294878409,0.0,0.0,0.0,0.0,0.00014550934896533652,0.0,0.0,8.598279711588067e-05,0.0,0.0,0.00013228122633212412,0.0,0.0003527499368856643,0.0,0.0,0.0,0.0,0.0,0.00022046871055354022,0.0,0.00026456245266424824,0.0,0.0,0.0,0.0,0.0,0.0,0.0,0.0001058249810656993,0.0,0.0,0.0,0.0,0.0,0.00013228122633212412,0.0,0.0003527499368856643,0.0,0.0,0.0,0.00015432809738747814,0.00015432809738747814,0.00028660932371960224,0.00015432809738747814,0.0001984218394981862,0.0,0.0,0.0,0.00028660932371960224,0.00028660932371960224,0.0004188905500517264,0.00028660932371960224,6.614061316606205e-05,0.0,0.0,0.0,0.0,0.0,7.936873579927447e-05,0.0,0.00015873747159854894,0.0,0.0,0.0,0.0,0.0,0.0,0.0,0.0,0.0,0.0,0.0,0.0,0.0,0.0,0.0,7.054998737713286e-05,0.0,0.0,0.0,0.0,0.0,5.291249053284965e-05,0.0,0.00014109997475426572,0.0,0.0,0.0,0.0,0.0,5.291249053284965e-05,0.0,0.0,0.0,0.0,0.0,0.0,0.0,0.0,0.0,0.0,0.0,0.0,0.0,0.0,0.0,8.818748422141608e-05,0.0,0.0,0.0,0.0,0.0,0.0,0.0,8.818748422141608e-05,0.0,0.0,0.0,0.0,0.0
x_R15_EXIT_A,0.0,0.0,0.0007936873579927448,0.0,0.0,0.0007986479039801995,0.0007540029900931075,0.0,0.0,0.0,0.0001763749684428322,0.0,0.0,0.0001774773119955999,0.00016755622002069057,0.0,0.0001763749684428322,0.0001763749684428322,0.0,0.00025574370424210664,0.0,0.001006439663676911,0.0004232999242627972,0.0,0.0001763749684428322,0.0001763749684428322,0.0,0.00025574370424210664,0.0,0.001006439663676911,0.0004232999242627972,0.0,0.0,0.0,0.0008818748422141609,0.0003968436789963724,0.0007936873579927448,0.004150323476170394,0.0012346247790998252,0.0007936873579927448,0.0,0.0,0.00013228122633212412,0.0,0.0,0.0001331079839966999,0.0001256671650155179,0.0,0.0,0.0,0.0001763749684428322,0.0,0.0,0.0001774773119955999,0.00016755622002069057,0.0,0.0001763749684428322,0.0001763749684428322,0.0,0.00025574370424210664,0.0,0.001006439663676911,0.0004232999242627972,0.0,0.0001763749684428322,0.0001763749684428322,0.0,0.00025574370424210664,0.0,0.001006439663676911,0.0004232999242627972,0.0,0.0001763749684428322,0.0001763749684428322,0.0,0.00025574370424210664,0.0,0.001006439663676911,0.0004232999242627972,0.0,0.0,0.0,0.0001763749684428322,0.0,0.0,0.0001774773119955999,0.00016755622002069057,0.0,0.0,0.0,0.0001763749684428322,0.0,0.0,0.0001774773119955999,0.00016755622002069057,0.0,0.0,0.0,0.0001763749684428322,0.0,0.0,0.0001774773119955999,0.00016755622002069057,0.0,0.0,0.0,0.0001763749684428322,0.0,0.0,0.0001774773119955999,0.00016755622002069057,0.0,0.9196493244332534,0.9196493244332534,0.9194729494648106,0.9197286931690527,0.919490586961655,-0.8926372146883709,0.9198962493890734,0.919490586961655,0.0001763749684428322,0.0001763749684428322,0.0,0.00025574370424210664,0.0,0.001006439663676911,0.0004232999242627972,0.0,0.0001763749684428322,0.0001763749684428322,0.0,0.00025574370424210664,0.0,0.001006439663676911,0.0004232999242627972,0.0,0.0001763749684428322,0.0001763749684428322,0.0,0.00025574370424210664,0.0,0.001006439663676911,0.0004232999242627972,0.0,0.00013228122633212412,0.00013228122633212412,0.0,0.00019180777818157997,0.0,0.0007548297477576833,0.00031747494319709783,0.0,0.00041889055005172644,0.0006173123895499126,0.0004629842921624345,0.00041889055005172644,0.00041889055005172644,0.0014578493485352846,0.0,0.0,0.0003968436789963724,0.0005952655184945586,0.0,0.0003968436789963724,0.0,0.0014578493485352846,0.0,0.0,0.0,5.952655184945585e-05,0.0,0.0,0.0,0.0001331079839966999,0.0001190531036989117,0.0001190531036989117,0.0,0.0001984218394981862,0.0,0.0,0.0,0.0006917205793617325,0.00014881637962363965,0.00014881637962363965,0.0,0.0001984218394981862,0.0,0.0,0.0,0.000840536958985372,0.0,0.0,0.0,0.0001984218394981862,0.0,0.0,0.0,0.000840536958985372,0.0,0.0,0.0005655022425698305,0.0006845553462687422,0.0005919584878362553,0.0001190531036989117,0.0,0.0005340854513159512,0.0,0.0,0.0,5.952655184945586e-05,0.0,0.0,0.0,8.901424188599187e-05,0.0,0.0,0.00013145446866754835,0.00039932395199009975,0.00036845833251260415,8.184900879300182e-05,0.00035963958409046255,0.0,0.00016121774459227628,0.00016121774459227628,0.0,0.0005357389666451027,0.00047400772769011143,0.0,0.00045637023084582823,0.0,5.952655184945586e-05,5.952655184945586e-05,0.00039684367899637244,0.0004762124147956469,0.00041448117584065564,5.952655184945586e-05,0.0,0.0003362147835941488,0.0,0.0,0.0,0.0,0.0,0.0,0.0,8.40536958985372e-05,0.0,0.0,0.0,7.936873579927449e-05,0.0,0.0,0.0,0.0003362147835941488,0.0,0.0,0.0,7.936873579927449e-05,0.0,0.0,0.0,0.0003362147835941488,0.0,0.0
x_R15_EXIT_F,0.0,0.0,0.0007936873579927448,0.0,0.0,0.0,0.002262008970279323,0.0,0.0,0.0,0.0001763749684428322,0.0,0.0,0.0,0.0005026686600620718,0.0,0.0001763749684428322,0.0001763749684428322,0.0,0.00025574370424210664,0.0,0.0004232999242627972,0.0007584123643041784,0.0,0.0001763749684428322,0.0001763749684428322,0.0,0.00025574370424210664,0.0,0.0004232999242627972,0.0007584123643041784,0.0,0.0,0.0,0.0008818748422141609,0.0003968436789963724,0.0007936873579927448,0.0012346247790998252,0.0029101869793067307,0.0007936873579927448,0.0,0.0,0.00013228122633212412,0.0,0.0,0.0,0.0003770014950465538,0.0,0.0,0.0,0.0001763749684428322,0.0,0.0,0.0,0.0005026686600620718,0.0,0.0001763749684428322,0.0001763749684428322,0.0,0.00025574370424210664,0.0,0.0004232999242627972,0.0007584123643041784,0.0,0.0001763749684428322,0.0001763749684428322,0.0,0.00025574370424210664,0.0,0.0004232999242627972,0.0007584123643041784,0.0,0.0001763749684428322,0.0001763749684428322,0.0,0.00025574370424210664,0.0,0.0004232999242627972,0.0007584123643041784,0.0,0.0,0.0,0.0001763749684428322,0.0,0.0,0.0,0.0005026686600620718,0.0,0.0,0.0,0.0001763749684428322,0.0,0.0,0.0,0.0005026686600620718,0.0,0.0,0.0,0.0001763749684428322,0.0,0.0,0.0,0.0005026686600620718,0.0,0.0,0.0,0.0001763749684428322,0.0,0.0,0.0,0.0005026686600620718,0.0,0.9196493244332534,0.9196493244332534,0.9194729494648106,0.9197286931690527,0.919490586961655,0.9198962493890734,-0.8970451262344428,0.919490586961655,0.0001763749684428322,0.0001763749684428322,0.0,0.00025574370424210664,0.0,0.0004232999242627972,0.0007584123643041784,0.0,0.0001763749684428322,0.0001763749684428322,0.0,0.00025574370424210664,0.0,0.0004232999242627972,0.0007584123643041784,0.0,0.0001763749684428322,0.0001763749684428322,0.0,0.00025574370424210664,0.0,0.0004232999242627972,0.0007584123643041784,0.0,0.00013228122633212412,0.00013228122633212412,0.0,0.00019180777818157997,0.0,0.00031747494319709783,0.0005688092732281337,0.0,0.00041889055005172644,0.0006173123895499126,0.0004629842921624345,0.00041889055005172644,0.00041889055005172644,0.0,0.0008377811001034529,0.00041889055005172644,0.0007936873579927448,0.0009921091974909309,0.0,0.0007936873579927448,0.0,0.00041889055005172644,0.00041889055005172633,0.0,0.0,5.952655184945585e-05,0.0,0.0,0.0,0.0,5.125897520369809e-05,0.0,0.0,0.0001984218394981862,0.0,0.0,0.0,0.0,0.00017086325067899367,0.0,0.0,0.0001984218394981862,0.0,0.0,0.0,0.0,0.00017086325067899367,0.0,0.0,0.0001984218394981862,0.0,0.0,0.0,0.0,0.00017086325067899367,0.0,0.0002381062073978234,0.0003571593110967351,0.00026456245266424824,0.0,8.928982777418377e-05,0.0,0.00016204450225685204,0.0,9.425037376163843e-05,0.00011409255771145709,0.0,9.425037376163843e-05,0.0,0.0,0.0,0.0,0.0,0.00011905310369891172,8.81874842214161e-05,0.0,7.936873579927449e-05,0.0,0.0,0.0,0.0,0.00023810620739782344,0.0001763749684428322,0.0,0.00015873747159854897,0.0,6.834530027159747e-05,0.0,0.00015873747159854897,0.00023810620739782344,0.0001763749684428322,0.0,0.0,0.0,0.0,0.0,0.0,0.0,0.0,0.0,0.0,0.0,0.0,0.0,0.0,7.936873579927449e-05,0.0,0.0,0.0,0.0,6.834530027159747e-05,0.0,0.0,7.936873579927449e-05,0.0,0.0,0.0,0.0,6.834530027159747e-05,0.0
x_R15_EXIT_B,0.0,0.0,7.936873579927447e-05,0.0,0.00027779057529746064,0.0,0.0,0.004018042249838271,0.0,0.0,0.0,0.0,6.173123895499125e-05,0.0,0.0,0.0008928982777418379,0.0,0.0,0.0,0.0,0.0001146437294878409,0.0,0.0,0.0009458107682746875,0.0,0.0,0.0,0.0,0.0001146437294878409,0.0,0.0,0.0009458107682746875,0.0,0.0,8.818748422141607e-05,0.0,0.00048503116321778843,0.0,0.0,0.00464086635715202,0.0,0.0,0.0,0.0,0.0,0.0,0.0,0.0006696737083063784,0.0,0.0,0.0,0.0,6.173123895499125e-05,0.0,0.0,0.0008928982777418379,0.0,0.0,0.0,0.0,0.0001146437294878409,0.0,0.0,0.0009458107682746875,0.0,0.0,0.0,0.0,0.0001146437294878409,0.0,0.0,0.0009458107682746875,0.0,0.0,0.0,0.0,0.0001146437294878409,0.0,0.0,0.0009458107682746875,0.0,0.0,0.0,0.0,6.173123895499125e-05,0.0,0.0,0.0008928982777418379,0.0,0.0,0.0,0.0,6.173123895499125e-05,0.0,0.0,0.0008928982777418379,0.0,0.0,0.0,0.0,6.173123895499125e-05,0.0,0.0,0.0008928982777418379,0.0,0.0,0.0,0.0,6.173123895499125e-05,0.0,0.0,0.0008928982777418379,0.919490586961655,0.919490586961655,0.9194729494648106,0.919490586961655,0.9195875931942985,0.919490586961655,0.919490586961655,-0.893602166246099,0.0,0.0,0.0,0.0,0.0001146437294878409,0.0,0.0,0.0009458107682746875,0.0,0.0,0.0,0.0,0.0001146437294878409,0.0,0.0,0.0009458107682746875,0.0,0.0,0.0,0.0,0.0001146437294878409,0.0,0.0,0.0009458107682746875,0.0,0.0,0.0,0.0,8.598279711588067e-05,0.0,0.0,0.0007093580762060156,0.0,0.0,0.00013228122633212412,0.0,0.00015432809738747814,0.0,0.0,0.0012594275090370985,0.0,0.0,0.00022046871055354022,0.0,6.614061316606205e-05,0.0,0.0,0.0012594275090370985,0.0,0.0,0.0,0.0,0.0,0.0,0.0,0.00037782825271112945,0.0,0.0,0.00013228122633212412,0.0,0.00015432809738747814,0.0,0.0,0.0012594275090370985,0.000563573141352487,0.000563573141352487,0.0006958543676846113,0.000563573141352487,0.000409245043965009,0.000409245043965009,0.000409245043965009,0.0016686725530021074,0.00015432809738747814,0.00015432809738747814,0.00028660932371960224,0.00015432809738747814,0.0,0.0,0.0,0.0,0.0,0.0,7.936873579927447e-05,0.0,0.0,0.0,0.0,0.0007556565054222589,0.0,0.0,0.0,0.0,0.0,0.0,0.0,0.00012594275090370985,0.0,0.0,0.0,0.0,0.0,0.0,0.0,0.0002518855018074197,0.0,0.0,5.291249053284965e-05,0.0,6.173123895499125e-05,0.0,0.0,0.0005037710036148394,0.0,0.0,5.291249053284965e-05,0.0,0.0,0.0,0.0,0.0005037710036148394,0.0,0.0,0.0,0.0,0.0,0.0,0.0,0.00012594275090370985,0.00019897301127457006,0.00019897301127457006,0.0002518855018074197,0.00019897301127457006,0.00016369801758600363,0.00016369801758600363,0.00016369801758600363,0.0003400729860288358,0.0,0.0,8.818748422141608e-05,0.0,0.0,0.0,0.0,0.0
x_R16_EXIT_C,7.936873579927447e-05,0.0018056387394334945,0.002718379201125151,0.0010913201172400243,0.0010913201172400243,0.0010913201172400243,0.0010913201172400243,0.0010913201172400243,0.0,0.0004012530532074432,0.0006040842669167002,0.00024251558160889424,0.00024251558160889424,0.00024251558160889424,0.00024251558160889424,0.00024251558160889424,0.0006217217637609833,0.00020283121370925702,0.0,0.00020283121370925702,0.0,0.00020283121370925702,0.00020283121370925702,0.0,0.0006217217637609833,0.00020283121370925702,0.0,0.00020283121370925702,0.0,0.00020283121370925702,0.00020283121370925702,0.0,0.002094452750258632,0.0,0.0010141560685462847,0.0,0.0007936873579927448,0.0,0.0,0.0007936873579927448,5.6219521191152754e-05,0.0002215710541063079,0.0003736944643882506,0.00010251795040739618,0.00010251795040739618,0.00010251795040739618,0.00010251795040739618,0.00010251795040739618,0.0,0.0003439311884635227,0.0005467624021727797,0.0001851937168649738,0.0001851937168649738,0.0001851937168649738,0.0001851937168649738,0.0001851937168649738,0.0006217217637609833,0.00020283121370925702,0.0,0.00020283121370925702,0.0,0.00020283121370925702,0.00020283121370925702,0.0,0.0006217217637609833,0.00020283121370925702,0.0,0.00020283121370925702,0.0,0.00020283121370925702,0.00020283121370925702,0.0,0.0006217217637609833,0.00020283121370925702,0.0,0.00020283121370925702,0.0,0.00020283121370925702,0.00020283121370925702,0.0,0.00012346247790998252,0.0002954280721417439,0.0004982592858510009,0.00013669060054319492,0.00013669060054319492,0.00013669060054319492,0.00013669060054319492,0.00013669060054319492,0.00012346247790998252,0.0002954280721417439,0.0004982592858510009,0.00013669060054319492,0.00013669060054319492,0.00013669060054319492,0.00013669060054319492,0.00013669060054319492,0.00017196559423176134,0.00024692495581996504,0.00044975616952922204,8.818748422141608e-05,8.818748422141608e-05,8.818748422141608e-05,8.818748422141608e-05,8.818748422141608e-05,0.00022046871055354022,0.0001984218394981862,0.0004012530532074432,0.0,0.0,0.0,0.0,0.0,0.0005952655184945585,0.0001763749684428322,0.0,0.0001763749684428322,0.0,0.0001763749684428322,0.0001763749684428322,0.0,-0.8975435458999164,0.9196757806785198,0.9194729494648106,0.9196757806785198,0.9195170432069214,0.9196757806785198,0.9196757806785198,0.9195170432069214,0.0006217217637609833,0.00020283121370925702,0.0,0.00020283121370925702,0.0,0.00020283121370925702,0.00020283121370925702,0.0,0.0006217217637609833,0.00020283121370925702,0.0,0.00020283121370925702,0.0,0.00020283121370925702,0.00020283121370925702,0.0,0.00046629132282073745,0.00015212341028194272,0.0,0.00015212341028194272,0.0,0.00015212341028194272,0.00015212341028194272,0.0,0.0006503826961329435,0.0,0.0001102343552767701,0.0,0.0,0.0,0.0,0.0,0.0006503826961329435,0.0,0.0001102343552767701,0.0,0.0,0.0,0.0,0.0,0.00019511480883988307,0.0,0.0,0.0,0.0,0.0,0.0,0.0,0.0006503826961329435,0.0,0.0001102343552767701,0.0,0.0,0.0,0.0,0.0,0.0006503826961329435,0.0,0.0001102343552767701,0.0,0.0,0.0,0.0,0.0,0.0006503826961329435,0.0,0.0001102343552767701,0.0,0.0,0.0,0.0,0.0,0.00039022961767976613,0.0,6.614061316606206e-05,0.0,0.0,0.0,0.0,0.0,6.503826961329436e-05,0.0,0.0,0.0,0.0,0.0,0.0,0.0,0.00013007653922658872,0.0,0.0,0.0,0.0,0.0,0.0,0.0,0.00026015307845317744,0.0,0.0,0.0,0.0,0.0,0.0,0.0,0.00026015307845317744,0.0,0.0,0.0,0.0,0.0,0.0,0.0,6.503826961329436e-05,0.0,0.0,0.0,0.0,0.0,0.0,0.0,0.00026015307845317744,0.0,0.0,0.0,0.0,0.0,0.0,0.0,0.00026015307845317744,0.0,0.0,0.0,0.0,0.0,0.0,0.0
x_R16_EXIT_D,0.0,0.0004563702308458282,0.0009127404616916565,0.0,0.0,0.0,0.0,0.0,0.0,0.0001014156068546285,0.00020283121370925702,0.0,0.0,0.0,0.0,0.0,0.00020283121370925702,0.0003042468205638855,0.0,0.00020283121370925702,0.0,0.00020283121370925702,0.00020283121370925702,0.0,0.00020283121370925702,0.0003042468205638855,0.0,0.00020283121370925702,0.0,0.00020283121370925702,0.00020283121370925702,0.0,0.0001873984039705092,0.0,0.001201554472516794,0.0001873984039705092,0.0009810857619632538,0.0001873984039705092,0.0001873984039705092,0.0009810857619632538,0.0,7.606170514097137e-05,0.00015212341028194272,0.0,0.0,0.0,0.0,0.0,0.0,0.0001014156068546285,0.00020283121370925702,0.0,0.0,0.0,0.0,0.0,0.00020283121370925702,0.0003042468205638855,0.0,0.00020283121370925702,0.0,0.00020283121370925702,0.00020283121370925702,0.0,0.00020283121370925702,0.0003042468205638855,0.0,0.00020283121370925702,0.0,0.00020283121370925702,0.00020283121370925702,0.0,0.00020283121370925702,0.0003042468205638855,0.0,0.00020283121370925702,0.0,0.00020283121370925702,0.00020283121370925702,0.0,0.0,0.0001014156068546285,0.00020283121370925702,0.0,0.0,0.0,0.0,0.0,0.0,0.0001014156068546285,0.00020283121370925702,0.0,0.0,0.0,0.0,0.0,0.0,0.0001014156068546285,0.00020283121370925702,0.0,0.0,0.0,0.0,0.0,0.0,0.0001014156068546285,0.00020283121370925702,0.0,0.0,0.0,0.0,0.0,0.0001763749684428322,0.0002777905752974607,0.0,0.0001763749684428322,0.0,0.0001763749684428322,0.0001763749684428322,0.0,0.9196757806785198,-0.9047338730767904,0.9194729494648106,0.9196757806785198,0.9195170432069214,0.9196757806785198,0.9196757806785198,0.9195170432069214,0.00020283121370925702,0.0003042468205638855,0.0,0.00020283121370925702,0.0,0.00020283121370925702,0.00020283121370925702,0.0,0.00020283121370925702,0.0003042468205638855,0.0,0.00020283121370925702,0.0,0.00020283121370925702,0.00020283121370925702,0.0,0.00015212341028194272,0.0002281851154229141,0.0,0.00015212341028194272,0.0,0.00015212341028194272,0.00015212341028194272,0.0,0.0,0.0002535390171365712,0.0001102343552767701,0.0,0.0,0.0,0.0,0.0,0.0,0.0002535390171365712,0.0001102343552767701,0.0,0.0,0.0,0.0,0.0,0.0,7.606170514097137e-05,0.0,0.0,0.0,0.0,0.0,0.0,0.0,0.0002535390171365712,0.0001102343552767701,0.0,0.0,0.0,0.0,0.0,0.0,0.0002535390171365712,0.0001102343552767701,0.0,0.0,0.0,0.0,0.0,0.0,0.0002535390171365712,0.0001102343552767701,0.0,0.0,0.0,0.0,0.0,0.0,0.00015212341028194274,6.614061316606206e-05,0.0,0.0,0.0,0.0,0.0,0.0,0.0,0.0,0.0,0.0,0.0,0.0,0.0,0.0,5.070780342731425e-05,0.0,0.0,0.0,0.0,0.0,0.0,0.0,0.0001014156068546285,0.0,0.0,0.0,0.0,0.0,0.0,0.0,0.0001014156068546285,0.0,0.0,0.0,0.0,0.0,0.0,0.0,0.0,0.0,0.0,0.0,0.0,0.0,0.0,0.0,0.0001014156068546285,0.0,0.0,0.0,0.0,0.0,0.0,0.0,0.0001014156068546285,0.0,0.0,0.0,0.0,0.0,0.0
x_R16_EXIT_E,0.0,0.0,0.0004762124147956467,0.0,0.0,0.0,0.0,0.0,0.0,0.0,0.0001058249810656993,0.0,0.0,0.0,0.0,0.0,8.818748422141608e-05,8.818748422141608e-05,0.0,8.818748422141608e-05,8.818748422141608e-05,8.818748422141608e-05,8.818748422141608e-05,8.818748422141608e-05,8.818748422141608e-05,8.818748422141608e-05,0.0,8.818748422141608e-05,8.818748422141608e-05,8.818748422141608e-05,8.818748422141608e-05,8.818748422141608e-05,0.0,0.0,0.0005291249053284965,0.0,0.0,0.0,0.0,0.0,0.0,0.0,7.936873579927447e-05,0.0,0.0,0.0,0.0,0.0,0.0,0.0,0.0001058249810656993,0.0,0.0,0.0,0.0,0.0,5.291249053284965e-05,5.291249053284965e-05,5.291249053284965e-05,5.291249053284965e-05,5.291249053284965e-05,5.291249053284965e-05,5.291249053284965e-05,5.291249053284965e-05,5.291249053284965e-05,5.291249053284965e-05,0.0,5.291249053284965e-05,5.291249053284965e-05,5.291249053284965e-05,5.291249053284965e-05,5.291249053284965e-05,0.0,0.0,0.0,0.0,0.0,0.0,0.0,0.0,0.0,0.0,0.0001058249810656993,0.0,0.0,0.0,0.0,0.0,0.0,0.0,0.0001058249810656993,0.0,0.0,0.0,0.0,0.0,0.0,0.0,0.0001058249810656993,0.0,0.0,0.0,0.0,0.0,0.0,0.0,0.0001058249810656993,0.0,0.0,0.0,0.0,0.0,0.0,0.0,0.0001058249810656993,0.0,0.0,0.0,0.0,0.0,0.9194729494648106,0.9194729494648106,-0.9081878565006619,0.9194729494648106,0.9194729494648106,0.9194729494648106,0.9194729494648106,0.9194729494648106,0.0,0.0,7.936873579927447e-05,0.0,0.0,0.0,0.0,0.0,0.0,0.0,7.936873579927447e-05,0.0,0.0,0.0,0.0,0.0,0.0,0.0,5.9526551849455854e-05,0.0,0.0,0.0,0.0,0.0,0.0,0.0,0.00026456245266424824,0.0,0.0,0.0,0.0,0.0,0.0,0.0,0.00026456245266424824,0.0,0.0,0.0,0.0,0.0,0.0,0.0,7.936873579927447e-05,0.0,0.0,0.0,0.0,0.0,0.0,0.0,0.00026456245266424824,0.0,0.0,0.0,0.0,0.0,0.0,0.0,0.00026456245266424824,0.0,0.0,0.0,0.0,0.0,0.0,0.0,0.00026456245266424824,0.0,0.0,0.0,0.0,0.0,0.0,0.0,0.00015873747159854894,0.0,0.0,0.0,0.0,0.0,0.0,0.0,0.0,0.0,0.0,0.0,0.0,0.0,0.0,0.0,5.291249053284965e-05,0.0,0.0,0.0,0.0,0.0,0.0,0.0,0.0001058249810656993,0.0,0.0,0.0,0.0,0.0,0.0,0.0,0.0001058249810656993,0.0,0.0,0.0,0.0,0.0,0.0,0.0,0.0,0.0,0.0,0.0,0.0,0.0,0.0,0.0,0.0001058249810656993,0.0,0.0,0.0,0.0,0.0,0.0,0.0,0.0001058249810656993,0.0,0.0,0.0,0.0,0.0
x_R16_EXIT_G,0.0,0.0,0.0009127404616916565,0.0011111623011898428,8.928982777418378e-05,0.0008036084499676541,8.928982777418378e-05,8.928982777418378e-05,0.0,0.0,0.00020283121370925702,0.00024692495581996504,0.0,0.0001785796555483676,0.0,0.0,0.00020283121370925702,0.00020283121370925702,0.0,0.0005489670892783151,0.0,0.00028219994950853144,0.00028219994950853144,0.0,0.00020283121370925702,0.00020283121370925702,0.0,0.0005489670892783151,0.0,0.00028219994950853144,0.00028219994950853144,0.0,0.0,0.0,0.0010141560685462847,0.0017306793778452906,0.0007936873579927448,0.0003968436789963724,0.0003968436789963724,0.0007936873579927448,0.0,0.0,0.00015212341028194272,0.00018519371686497374,0.0,0.00013393474166127568,0.0,0.0,0.0,0.0,0.00020283121370925702,0.00024692495581996504,0.0,0.0001785796555483676,0.0,0.0,0.00020283121370925702,0.00020283121370925702,0.0,0.0005489670892783151,0.0,0.00028219994950853144,0.00028219994950853144,0.0,0.00020283121370925702,0.00020283121370925702,0.0,0.0005489670892783151,0.0,0.00028219994950853144,0.00028219994950853144,0.0,0.00020283121370925702,0.00020283121370925702,0.0,0.0005489670892783151,0.0,0.00028219994950853144,0.00028219994950853144,0.0,0.0,0.0,0.00020283121370925702,0.00024692495581996504,0.0,0.0001785796555483676,0.0,0.0,0.0,0.0,0.00020283121370925702,0.00024692495581996504,0.0,0.0001785796555483676,0.0,0.0,0.0,0.0,0.00020283121370925702,0.00024692495581996504,0.0,0.0001785796555483676,0.0,0.0,0.0,0.0,0.00020283121370925702,0.00024692495581996504,0.0,0.0001785796555483676,0.0,0.0,0.0001763749684428322,0.0001763749684428322,0.0,0.0005225108440118903,0.0,0.00025574370424210664,0.00025574370424210664,0.0,0.9196757806785198,0.9196757806785198,0.9194729494648106,-0.8965311133796079,0.9195170432069214,0.9197551494143191,0.9197551494143191,0.9195170432069214,0.00020283121370925702,0.00020283121370925702,0.0,0.0005489670892783151,0.0,0.00028219994950853144,0.00028219994950853144,0.0,0.00020283121370925702,0.00020283121370925702,0.0,0.0005489670892783151,0.0,0.00028219994950853144,0.00028219994950853144,0.0,0.00015212341028194272,0.00015212341028194272,0.0,0.0004117253169587363,0.0,0.00021164996213139857,0.00021164996213139857,0.0,0.0,0.0001984218394981862,0.0001102343552767701,0.000666917849424459,0.0,0.0,0.0,0.0,0.0,0.0001984218394981862,0.0001102343552767701,0.000666917849424459,0.0,0.0,0.0,0.0,0.00013393474166127568,0.00020834293147309547,0.00018188668620667064,5.125897520369809e-05,0.00014881637962363962,0.0,0.0,0.0,0.0002480272993727327,0.0004960545987454654,0.0004078671145240494,0.0003692850901771798,0.0002976327592472793,0.0,0.0,0.0,0.0,0.0001984218394981862,0.0001102343552767701,0.000666917849424459,0.0,0.0,0.0,0.0,0.0,0.0001984218394981862,0.0001102343552767701,0.000666917849424459,0.0,0.0,0.0,0.0,0.0,0.0001190531036989117,6.614061316606206e-05,0.0002215710541063079,0.0,0.0,0.0,0.0,0.0,0.0,0.0,6.669178494244592e-05,0.0,0.0,0.0,0.0,0.0,0.0,0.0,0.0,0.0,0.0,0.0,0.0,9.921091974909311e-05,7.936873579927449e-05,0.0,0.00014771403607087195,0.0,0.0,0.0,0.0,0.0,7.936873579927449e-05,0.0,0.00014771403607087195,0.0,0.0,0.0,0.0,0.0,0.0,0.0,0.0,0.0,0.0,0.0,0.0,0.0,7.936873579927449e-05,0.0,0.0002667671397697837,0.0,0.0,0.0,0.0,0.0,7.936873579927449e-05,0.0,0.0002667671397697837,0.0,0.0,0.0,0.0
x_R16_EXIT_H,0.0,0.0,0.0001984218394981862,0.0,0.0006349498863941958,0.0,0.0,0.00027779057529746064,0.0,0.0,0.0,0.0,0.00014109997475426572,0.0,0.0,6.173123895499125e-05,0.0,0.0,0.0,0.0,0.00022046871055354022,0.0,0.0,0.00014109997475426572,0.0,0.0,0.0,0.0,0.00022046871055354022,0.0,0.0,0.00014109997475426572,0.0,0.0,0.0002204687105535402,0.0,0.0008818748422141608,0.0,0.0,0.00048503116321778843,0.0,0.0,0.0,0.0,0.0001058249810656993,0.0,0.0,0.0,0.0,0.0,0.0,0.0,0.00014109997475426572,0.0,0.0,6.173123895499125e-05,0.0,0.0,0.0,0.0,0.00022046871055354022,0.0,0.0,0.00014109997475426572,0.0,0.0,0.0,0.0,0.00022046871055354022,0.0,0.0,0.00014109997475426572,0.0,0.0,0.0,0.0,0.00022046871055354022,0.0,0.0,0.00014109997475426572,0.0,0.0,0.0,0.0,0.00014109997475426572,0.0,0.0,6.173123895499125e-05,0.0,0.0,0.0,0.0,0.00014109997475426572,0.0,0.0,6.173123895499125e-05,0.0,0.0,0.0,0.0,0.00014109997475426572,0.0,0.0,6.173123895499125e-05,0.0,0.0,0.0,0.0,0.00014109997475426572,0.0,0.0,6.173123895499125e-05,0.0,0.0,0.0,0.0,0.00019401246528711537,0.0,0.0,0.0001146437294878409,0.9195170432069214,0.9195170432069214,0.9194729494648106,0.9195170432069214,-0.8972213408232631,0.9195170432069214,0.9195170432069214,0.9196140494395649,0.0,0.0,0.0,0.0,0.00022046871055354022,0.0,0.0,0.00014109997475426572,0.0,0.0,0.0,0.0,0.00022046871055354022,0.0,0.0,0.00014109997475426572,0.0,0.0,0.0,0.0,0.00016535153291515514,0.0,0.0,0.0001058249810656993,0.0,0.0,0.0001984218394981862,0.0,0.0003527499368856643,0.0,0.0,0.0,0.0,0.0,0.0002866093237196023,0.0,0.00026456245266424824,0.0,0.0,0.0,0.0,0.0,5.9526551849455854e-05,0.0,0.0001058249810656993,0.0,0.0,0.0,0.0,0.0,0.0001984218394981862,0.0,0.0003527499368856643,0.0,0.0,0.0,0.00015432809738747814,0.00015432809738747814,0.00035274993688566434,0.00015432809738747814,0.0001984218394981862,0.0,0.0,0.0,0.00028660932371960224,0.00028660932371960224,0.00048503116321778843,0.00028660932371960224,6.614061316606205e-05,0.0,0.0,0.0,0.0,0.0,0.00011905310369891171,0.0,0.00015873747159854894,0.0,0.0,0.0,0.0,0.0,0.0,0.0,0.0,0.0,0.0,0.0,0.0,0.0,0.0,0.0,7.054998737713286e-05,0.0,0.0,0.0,0.0,0.0,7.936873579927447e-05,0.0,0.00014109997475426572,0.0,0.0,0.0,0.0,0.0,7.936873579927447e-05,0.0,0.0,0.0,0.0,0.0,0.0,0.0,0.0,0.0,0.0,0.0,0.0,0.0,0.0,0.0,0.0001146437294878409,0.0,0.0,0.0,0.0,0.0,0.0,0.0,0.0001146437294878409,0.0,0.0,0.0,0.0,0.0
x_R16_EXIT_A,0.0,0.0,0.0009127404616916565,0.0,0.0,0.0007986479039801995,0.0007540029900931075,0.0,0.0,0.0,0.00020283121370925702,0.0,0.0,0.0001774773119955999,0.00016755622002069057,0.0,0.00020283121370925702,0.00020283121370925702,0.0,0.00028219994950853144,0.0,0.0010328959089433358,0.00044975616952922204,0.0,0.00020283121370925702,0.00020283121370925702,0.0,0.00028219994950853144,0.0,0.0010328959089433358,0.00044975616952922204,0.0,0.0,0.0,0.0010141560685462847,0.0003968436789963724,0.0007936873579927448,0.004150323476170394,0.0012346247790998252,0.0007936873579927448,0.0,0.0,0.00015212341028194272,0.0,0.0,0.0001331079839966999,0.0001256671650155179,0.0,0.0,0.0,0.00020283121370925702,0.0,0.0,0.0001774773119955999,0.00016755622002069057,0.0,0.00020283121370925702,0.00020283121370925702,0.0,0.00028219994950853144,0.0,0.0010328959089433358,0.00044975616952922204,0.0,0.00020283121370925702,0.00020283121370925702,0.0,0.00028219994950853144,0.0,0.0010328959089433358,0.00044975616952922204,0.0,0.00020283121370925702,0.00020283121370925702,0.0,0.00028219994950853144,0.0,0.0010328959089433358,0.00044975616952922204,0.0,0.0,0.0,0.00020283121370925702,0.0,0.0,0.0001774773119955999,0.00016755622002069057,0.0,0.0,0.0,0.00020283121370925702,0.0,0.0,0.0001774773119955999,0.00016755622002069057,0.0,0.0,0.0,0.00020283121370925702,0.0,0.0,0.0001774773119955999,0.00016755622002069057,0.0,0.0,0.0,0.00020283121370925702,0.0,0.0,0.0001774773119955999,0.00016755622002069057,0.0,0.0001763749684428322,0.0001763749684428322,0.0,0.00025574370424210664,0.0,0.001006439663676911,0.0004232999242627972,0.0,0.9196757806785198,0.9196757806785198,0.9194729494648106,0.9197551494143191,0.9195170432069214,-0.8904403840535222,0.9199227056343399,0.9195170432069214,0.00020283121370925702,0.00020283121370925702,0.0,0.00028219994950853144,0.0,0.0010328959089433358,0.00044975616952922204,0.0,0.00020283121370925702,0.00020283121370925702,0.0,0.00028219994950853144,0.0,0.0010328959089433358,0.00044975616952922204,0.0,0.00015212341028194272,0.00015212341028194272,0.0,0.00021164996213139857,0.0,0.000774671931707502,0.0003373171271469165,0.0,0.00041889055005172644,0.0006173123895499126,0.0005291249053284965,0.00041889055005172644,0.00041889055005172644,0.0014578493485352846,0.0,0.0,0.0003968436789963724,0.0005952655184945586,0.0001102343552767701,0.0003968436789963724,0.0,0.0014578493485352846,0.0,0.0,0.0,5.952655184945585e-05,0.0,0.0,0.0,0.0001331079839966999,0.0001190531036989117,0.0001190531036989117,0.0,0.0001984218394981862,0.0001102343552767701,0.0,0.0,0.0006917205793617325,0.00014881637962363965,0.00014881637962363965,0.0,0.0001984218394981862,0.0001102343552767701,0.0,0.0,0.000840536958985372,0.0,0.0,0.0,0.0001984218394981862,0.0001102343552767701,0.0,0.0,0.000840536958985372,0.0,0.0,0.0005655022425698305,0.0006845553462687422,0.0006316428557358926,0.0001190531036989117,0.0,0.0005340854513159512,0.0,0.0,0.0,5.952655184945586e-05,0.0,0.0,0.0,8.901424188599187e-05,0.0,0.0,0.00013145446866754835,0.00039932395199009975,0.00038168645514581655,8.184900879300182e-05,0.00035963958409046255,0.0,0.00016121774459227628,0.00016121774459227628,0.0,0.0005357389666451027,0.0005004639729565362,0.0,0.00045637023084582823,0.0,5.952655184945586e-05,5.952655184945586e-05,0.00039684367899637244,0.0004762124147956469,0.0004409374211070805,5.952655184945586e-05,0.0,0.0003362147835941488,0.0,0.0,0.0,0.0,0.0,0.0,0.0,8.40536958985372e-05,0.0,0.0,0.0,7.936873579927449e-05,0.0,0.0,0.0,0.0003362147835941488,0.0,0.0,0.0,7.936873579927449e-05,0.0,0.0,0.0,0.0003362147835941488,0.0,0.0
x_R16_EXIT_F,0.0,0.0,0.0009127404616916565,0.0,0.0,0.0,0.002262008970279323,0.0,0.0,0.0,0.00020283121370925702,0.0,0.0,0.0,0.0005026686600620718,0.0,0.00020283121370925702,0.00020283121370925702,0.0,0.00028219994950853144,0.0,0.00044975616952922204,0.0007848686095706032,0.0,0.00020283121370925702,0.00020283121370925702,0.0,0.00028219994950853144,0.0,0.00044975616952922204,0.0007848686095706032,0.0,0.0,0.0,0.0010141560685462847,0.0003968436789963724,0.0007936873579927448,0.0012346247790998252,0.0029101869793067307,0.0007936873579927448,0.0,0.0,0.00015212341028194272,0.0,0.0,0.0,0.0003770014950465538,0.0,0.0,0.0,0.00020283121370925702,0.0,0.0,0.0,0.0005026686600620718,0.0,0.00020283121370925702,0.00020283121370925702,0.0,0.00028219994950853144,0.0,0.00044975616952922204,0.0007848686095706032,0.0,0.00020283121370925702,0.00020283121370925702,0.0,0.00028219994950853144,0.0,0.00044975616952922204,0.0007848686095706032,0.0,0.00020283121370925702,0.00020283121370925702,0.0,0.00028219994950853144,0.0,0.00044975616952922204,0.0007848686095706032,0.0,0.0,0.0,0.00020283121370925702,0.0,0.0,0.0,0.0005026686600620718,0.0,0.0,0.0,0.00020283121370925702,0.0,0.0,0.0,0.0005026686600620718,0.0,0.0,0.0,0.00020283121370925702,0.0,0.0,0.0,0.0005026686600620718,0.0,0.0,0.0,0.00020283121370925702,0.0,0.0,0.0,0.0005026686600620718,0.0,0.0001763749684428322,0.0001763749684428322,0.0,0.00025574370424210664,0.0,0.0004232999242627972,0.0007584123643041784,0.0,0.9196757806785198,0.9196757806785198,0.9194729494648106,0.9197551494143191,0.9195170432069214,0.9199227056343399,-0.8948482955995942,0.9195170432069214,0.00020283121370925702,0.00020283121370925702,0.0,0.00028219994950853144,0.0,0.00044975616952922204,0.0007848686095706032,0.0,0.00020283121370925702,0.00020283121370925702,0.0,0.00028219994950853144,0.0,0.00044975616952922204,0.0007848686095706032,0.0,0.00015212341028194272,0.00015212341028194272,0.0,0.00021164996213139857,0.0,0.0003373171271469165,0.0005886514571779523,0.0,0.00041889055005172644,0.0006173123895499126,0.0005291249053284965,0.00041889055005172644,0.00041889055005172644,0.0,0.0008377811001034529,0.00041889055005172644,0.0007936873579927448,0.0009921091974909309,0.0001102343552767701,0.0007936873579927448,0.0,0.00041889055005172644,0.00041889055005172633,0.0,0.0,5.952655184945585e-05,0.0,0.0,0.0,0.0,5.125897520369809e-05,0.0,0.0,0.0001984218394981862,0.0001102343552767701,0.0,0.0,0.0,0.00017086325067899367,0.0,0.0,0.0001984218394981862,0.0001102343552767701,0.0,0.0,0.0,0.00017086325067899367,0.0,0.0,0.0001984218394981862,0.0001102343552767701,0.0,0.0,0.0,0.00017086325067899367,0.0,0.0002381062073978234,0.0003571593110967351,0.00030424682056388544,0.0,8.928982777418377e-05,0.0,0.00016204450225685204,0.0,9.425037376163843e-05,0.00011409255771145709,0.0,9.425037376163843e-05,0.0,0.0,0.0,0.0,0.0,0.00011905310369891172,0.00010141560685462851,0.0,7.936873579927449e-05,0.0,0.0,0.0,0.0,0.00023810620739782344,0.00020283121370925702,0.0,0.00015873747159854897,0.0,6.834530027159747e-05,0.0,0.00015873747159854897,0.00023810620739782344,0.00020283121370925702,0.0,0.0,0.0,0.0,0.0,0.0,0.0,0.0,0.0,0.0,0.0,0.0,0.0,0.0,7.936873579927449e-05,0.0,0.0,0.0,0.0,6.834530027159747e-05,0.0,0.0,7.936873579927449e-05,0.0,0.0,0.0,0.0,6.834530027159747e-05,0.0
x_R16_EXIT_B,0.0,0.0,0.0001984218394981862,0.0,0.00027779057529746064,0.0,0.0,0.004018042249838271,0.0,0.0,0.0,0.0,6.173123895499125e-05,0.0,0.0,0.0008928982777418379,0.0,0.0,0.0,0.0,0.00014109997475426572,0.0,0.0,0.0009722670135411123,0.0,0.0,0.0,0.0,0.00014109997475426572,0.0,0.0,0.0009722670135411123,0.0,0.0,0.0002204687105535402,0.0,0.00048503116321778843,0.0,0.0,0.00464086635715202,0.0,0.0,0.0,0.0,0.0,0.0,0.0,0.0006696737083063784,0.0,0.0,0.0,0.0,6.173123895499125e-05,0.0,0.0,0.0008928982777418379,0.0,0.0,0.0,0.0,0.00014109997475426572,0.0,0.0,0.0009722670135411123,0.0,0.0,0.0,0.0,0.00014109997475426572,0.0,0.0,0.0009722670135411123,0.0,0.0,0.0,0.0,0.00014109997475426572,0.0,0.0,0.0009722670135411123,0.0,0.0,0.0,0.0,6.173123895499125e-05,0.0,0.0,0.0008928982777418379,0.0,0.0,0.0,0.0,6.173123895499125e-05,0.0,0.0,0.0008928982777418379,0.0,0.0,0.0,0.0,6.173123895499125e-05,0.0,0.0,0.0008928982777418379,0.0,0.0,0.0,0.0,6.173123895499125e-05,0.0,0.0,0.0008928982777418379,0.0,0.0,0.0,0.0,0.0001146437294878409,0.0,0.0,0.0009458107682746875,0.9195170432069214,0.9195170432069214,0.9194729494648106,0.9195170432069214,0.9196140494395649,0.9195170432069214,0.9195170432069214,-0.8914053356112503,0.0,0.0,0.0,0.0,0.00014109997475426572,0.0,0.0,0.0009722670135411123,0.0,0.0,0.0,0.0,0.00014109997475426572,0.0,0.0,0.0009722670135411123,0.0,0.0,0.0,0.0,0.0001058249810656993,0.0,0.0,0.0007292002601558342,0.0,0.0,0.0001984218394981862,0.0,0.00015432809738747814,0.0,0.0,0.0012594275090370985,0.0,0.0,0.0002866093237196023,0.0,6.614061316606205e-05,0.0,0.0,0.0012594275090370985,0.0,0.0,5.9526551849455854e-05,0.0,0.0,0.0,0.0,0.00037782825271112945,0.0,0.0,0.0001984218394981862,0.0,0.00015432809738747814,0.0,0.0,0.0012594275090370985,0.000563573141352487,0.000563573141352487,0.0007619949808506734,0.000563573141352487,0.000409245043965009,0.000409245043965009,0.000409245043965009,0.0016686725530021074,0.00015432809738747814,0.00015432809738747814,0.00035274993688566434,0.00015432809738747814,0.0,0.0,0.0,0.0,0.0,0.0,0.00011905310369891171,0.0,0.0,0.0,0.0,0.0007556565054222589,0.0,0.0,0.0,0.0,0.0,0.0,0.0,0.00012594275090370985,0.0,0.0,0.0,0.0,0.0,0.0,0.0,0.0002518855018074197,0.0,0.0,7.936873579927447e-05,0.0,6.173123895499125e-05,0.0,0.0,0.0005037710036148394,0.0,0.0,7.936873579927447e-05,0.0,0.0,0.0,0.0,0.0005037710036148394,0.0,0.0,0.0,0.0,0.0,0.0,0.0,0.00012594275090370985,0.00019897301127457006,0.00019897301127457006,0.0002783417470738445,0.00019897301127457006,0.00016369801758600363,0.00016369801758600363,0.00016369801758600363,0.0003400729860288358,0.0,0.0,0.0001146437294878409,0.0,0.0,0.0,0.0,0.0
x_R17_EXIT_C,7.936873579927447e-05,0.0018056387394334945,0.002837432304824063,0.0010913201172400243,0.0010913201172400243,0.0010913201172400243,0.0010913201172400243,0.0010913201172400243,0.0,0.0004012530532074432,0.000630540512183125,0.00024251558160889424,0.00024251558160889424,0.00024251558160889424,0.00024251558160889424,0.00024251558160889424,0.0006481780090274081,0.00022928745897568184,0.0,0.00022928745897568184,7.054998737713286e-05,0.00022928745897568184,0.00022928745897568184,7.054998737713286e-05,0.0006481780090274081,0.00022928745897568184,0.0,0.00022928745897568184,7.054998737713286e-05,0.00022928745897568184,0.00022928745897568184,7.054998737713286e-05,0.002094452750258632,0.0,0.001146437294878409,0.0,0.0007936873579927448,0.0,0.0,0.0007936873579927448,5.6219521191152754e-05,0.0002215710541063079,0.00039353664833806926,0.00010251795040739618,0.00010251795040739618,0.00010251795040739618,0.00010251795040739618,0.00010251795040739618,0.0,0.0003439311884635227,0.0005732186474392045,0.0001851937168649738,0.0001851937168649738,0.0001851937168649738,0.0001851937168649738,0.0001851937168649738,0.0006481780090274081,0.00022928745897568184,0.0,0.00022928745897568184,7.054998737713286e-05,0.00022928745897568184,0.00022928745897568184,7.054998737713286e-05,0.0006481780090274081,0.00022928745897568184,0.0,0.00022928745897568184,7.054998737713286e-05,0.00022928745897568184,0.00022928745897568184,7.054998737713286e-05,0.0006481780090274081,0.00022928745897568184,0.0,0.00022928745897568184,7.054998737713286e-05,0.00022928745897568184,0.00022928745897568184,7.054998737713286e-05,0.00012346247790998252,0.0002954280721417439,0.0005247155311174257,0.00013669060054319492,0.00013669060054319492,0.00013669060054319492,0.00013669060054319492,0.00013669060054319492,0.00012346247790998252,0.0002954280721417439,0.0005247155311174257,0.00013669060054319492,0.00013669060054319492,0.00013669060054319492,0.00013669060054319492,0.00013669060054319492,0.00017196559423176134,0.00024692495581996504,0.00047621241479564683,8.818748422141608e-05,8.818748422141608e-05,8.818748422141608e-05,8.818748422141608e-05,8.818748422141608e-05,0.00022046871055354022,0.0001984218394981862,0.00042770929847386804,0.0,0.0,0.0,0.0,0.0,0.0005952655184945585,0.0001763749684428322,5.291249053284964e-05,0.0001763749684428322,0.0,0.0001763749684428322,0.0001763749684428322,0.0,0.0006217217637609833,0.00020283121370925702,0.0,0.00020283121370925702,0.0,0.00020283121370925702,0.00020283121370925702,0.0,-0.8953467152650677,0.9197022369237863,0.9194729494648106,0.9197022369237863,0.9195434994521878,0.9197022369237863,0.9197022369237863,0.9195434994521878,0.0006481780090274081,0.00022928745897568184,0.0,0.00022928745897568184,7.054998737713286e-05,0.00022928745897568184,0.00022928745897568184,7.054998737713286e-05,0.0004861335067705561,0.00017196559423176132,0.0,0.00017196559423176132,5.291249053284965e-05,0.00017196559423176132,0.00017196559423176132,5.291249053284965e-05,0.0006503826961329435,0.0,0.00017637496844283214,0.0,0.0,0.0,0.0,0.0,0.0006503826961329435,0.0,0.00017637496844283214,0.0,0.0,0.0,0.0,0.0,0.00019511480883988307,0.0,5.291249053284965e-05,0.0,0.0,0.0,0.0,0.0,0.0006503826961329435,0.0,0.00017637496844283214,0.0,0.0,0.0,0.0,0.0,0.0006503826961329435,0.0,0.00017637496844283214,0.0,0.0,0.0,0.0,0.0,0.0006503826961329435,0.0,0.00017637496844283214,0.0,0.0,0.0,0.0,0.0,0.00039022961767976613,0.0,0.0001058249810656993,0.0,0.0,0.0,0.0,0.0,6.503826961329436e-05,0.0,0.0,0.0,0.0,0.0,0.0,0.0,0.00013007653922658872,0.0,0.0,0.0,0.0,0.0,0.0,0.0,0.00026015307845317744,0.0,7.054998737713286e-05,0.0,0.0,0.0,0.0,0.0,0.00026015307845317744,0.0,7.054998737713286e-05,0.0,0.0,0.0,0.0,0.0,6.503826961329436e-05,0.0,0.0,0.0,0.0,0.0,0.0,0.0,0.00026015307845317744,0.0,7.054998737713286e-05,0.0,0.0,0.0,0.0,0.0,0.00026015307845317744,0.0,7.054998737713286e-05,0.0,0.0,0.0,0.0,0.0
x_R17_EXIT_D,0.0,0.0004563702308458282,0.0010317935653905682,0.0,0.0,0.0,0.0,0.0,0.0,0.0001014156068546285,0.00022928745897568184,0.0,0.0,0.0,0.0,0.0,0.00022928745897568184,0.00033070306583031034,0.0,0.00022928745897568184,7.054998737713286e-05,0.00022928745897568184,0.00022928745897568184,7.054998737713286e-05,0.00022928745897568184,0.00033070306583031034,0.0,0.00022928745897568184,7.054998737713286e-05,0.00022928745897568184,0.00022928745897568184,7.054998737713286e-05,0.0001873984039705092,0.0,0.001333835698848918,0.0001873984039705092,0.0009810857619632538,0.0001873984039705092,0.0001873984039705092,0.0009810857619632538,0.0,7.606170514097137e-05,0.00017196559423176132,0.0,0.0,0.0,0.0,0.0,0.0,0.0001014156068546285,0.00022928745897568184,0.0,0.0,0.0,0.0,0.0,0.00022928745897568184,0.00033070306583031034,0.0,0.00022928745897568184,7.054998737713286e-05,0.00022928745897568184,0.00022928745897568184,7.054998737713286e-05,0.00022928745897568184,0.00033070306583031034,0.0,0.00022928745897568184,7.054998737713286e-05,0.00022928745897568184,0.00022928745897568184,7.054998737713286e-05,0.00022928745897568184,0.00033070306583031034,0.0,0.00022928745897568184,7.054998737713286e-05,0.00022928745897568184,0.00022928745897568184,7.054998737713286e-05,0.0,0.0001014156068546285,0.00022928745897568184,0.0,0.0,0.0,0.0,0.0,0.0,0.0001014156068546285,0.00022928745897568184,0.0,0.0,0.0,0.0,0.0,0.0,0.0001014156068546285,0.00022928745897568184,0.0,0.0,0.0,0.0,0.0,0.0,0.0001014156068546285,0.00022928745897568184,0.0,0.0,0.0,0.0,0.0,0.0001763749684428322,0.0002777905752974607,5.291249053284964e-05,0.0001763749684428322,0.0,0.0001763749684428322,0.0001763749684428322,0.0,0.00020283121370925702,0.0003042468205638855,0.0,0.00020283121370925702,0.0,0.00020283121370925702,0.00020283121370925702,0.0,0.9197022369237863,-0.9025370424419418,0.9194729494648106,0.9197022369237863,0.9195434994521878,0.9197022369237863,0.9197022369237863,0.9195434994521878,0.00022928745897568184,0.00033070306583031034,0.0,0.00022928745897568184,7.054998737713286e-05,0.00022928745897568184,0.00022928745897568184,7.054998737713286e-05,0.00017196559423176132,0.00024802729937273266,0.0,0.00017196559423176132,5.291249053284965e-05,0.00017196559423176132,0.00017196559423176132,5.291249053284965e-05,0.0,0.0002535390171365712,0.00017637496844283214,0.0,0.0,0.0,0.0,0.0,0.0,0.0002535390171365712,0.00017637496844283214,0.0,0.0,0.0,0.0,0.0,0.0,7.606170514097137e-05,5.291249053284965e-05,0.0,0.0,0.0,0.0,0.0,0.0,0.0002535390171365712,0.00017637496844283214,0.0,0.0,0.0,0.0,0.0,0.0,0.0002535390171365712,0.00017637496844283214,0.0,0.0,0.0,0.0,0.0,0.0,0.0002535390171365712,0.00017637496844283214,0.0,0.0,0.0,0.0,0.0,0.0,0.00015212341028194274,0.0001058249810656993,0.0,0.0,0.0,0.0,0.0,0.0,0.0,0.0,0.0,0.0,0.0,0.0,0.0,0.0,5.070780342731425e-05,0.0,0.0,0.0,0.0,0.0,0.0,0.0,0.0001014156068546285,7.054998737713286e-05,0.0,0.0,0.0,0.0,0.0,0.0,0.0001014156068546285,7.054998737713286e-05,0.0,0.0,0.0,0.0,0.0,0.0,0.0,0.0,0.0,0.0,0.0,0.0,0.0,0.0,0.0001014156068546285,7.054998737713286e-05,0.0,0.0,0.0,0.0,0.0,0.0,0.0001014156068546285,7.054998737713286e-05,0.0,0.0,0.0,0.0,0.0
x_R17_EXIT_E,0.0,0.0,0.0003571593110967351,0.0,0.0,0.0,0.0,0.0,0.0,0.0,7.936873579927447e-05,0.0,0.0,0.0,0.0,0.0,6.173123895499126e-05,6.173123895499126e-05,0.0,6.173123895499126e-05,6.173123895499126e-05,6.173123895499126e-05,6.173123895499126e-05,6.173123895499126e-05,6.173123895499126e-05,6.173123895499126e-05,0.0,6.173123895499126e-05,6.173123895499126e-05,6.173123895499126e-05,6.173123895499126e-05,6.173123895499126e-05,0.0,0.0,0.0003968436789963724,0.0,0.0,0.0,0.0,0.0,0.0,0.0,5.9526551849455854e-05,0.0,0.0,0.0,0.0,0.0,0.0,0.0,7.936873579927447e-05,0.0,0.0,0.0,0.0,0.0,0.0,0.0,5.291249053284965e-05,0.0,0.0,0.0,0.0,0.0,0.0,0.0,0.0,0.0,0.0,0.0,0.0,0.0,0.0,0.0,0.0,0.0,0.0,0.0,0.0,0.0,0.0,0.0,7.936873579927447e-05,0.0,0.0,0.0,0.0,0.0,0.0,0.0,7.936873579927447e-05,0.0,0.0,0.0,0.0,0.0,0.0,0.0,7.936873579927447e-05,0.0,0.0,0.0,0.0,0.0,0.0,0.0,7.936873579927447e-05,0.0,0.0,0.0,0.0,0.0,0.0,0.0,7.936873579927447e-05,0.0,0.0,0.0,0.0,0.0,0.0,0.0,7.936873579927447e-05,0.0,0.0,0.0,0.0,0.0,0.9194729494648106,0.9194729494648106,-0.9103846871355106,0.9194729494648106,0.9194729494648106,0.9194729494648106,0.9194729494648106,0.9194729494648106,0.0,0.0,7.936873579927447e-05,0.0,0.0,0.0,0.0,0.0,0.0,0.0,5.9526551849455854e-05,0.0,0.0,0.0,0.0,0.0,0.0,0.0,0.0001984218394981862,0.0,0.0,0.0,0.0,0.0,0.0,0.0,0.0001984218394981862,0.0,0.0,0.0,0.0,0.0,0.0,0.0,5.9526551849455854e-05,0.0,0.0,0.0,0.0,0.0,0.0,0.0,0.0001984218394981862,0.0,0.0,0.0,0.0,0.0,0.0,0.0,0.0001984218394981862,0.0,0.0,0.0,0.0,0.0,0.0,0.0,0.0001984218394981862,0.0,0.0,0.0,0.0,0.0,0.0,0.0,0.00011905310369891171,0.0,0.0,0.0,0.0,0.0,0.0,0.0,0.0,0.0,0.0,0.0,0.0,0.0,0.0,0.0,0.0,0.0,0.0,0.0,0.0,0.0,0.0,0.0,7.936873579927447e-05,0.0,0.0,0.0,0.0,0.0,0.0,0.0,7.936873579927447e-05,0.0,0.0,0.0,0.0,0.0,0.0,0.0,0.0,0.0,0.0,0.0,0.0,0.0,0.0,0.0,7.936873579927447e-05,0.0,0.0,0.0,0.0,0.0,0.0,0.0,7.936873579927447e-05,0.0,0.0,0.0,0.0,0.0
x_R17_EXIT_G,0.0,0.0,0.0010317935653905682,0.0011111623011898428,8.928982777418378e-05,0.0008036084499676541,8.928982777418378e-05,8.928982777418378e-05,0.0,0.0,0.00022928745897568184,0.00024692495581996504,0.0,0.0001785796555483676,0.0,0.0,0.00022928745897568184,0.00022928745897568184,0.0,0.0005754233345447398,7.054998737713286e-05,0.0003086561947749563,0.0003086561947749563,7.054998737713286e-05,0.00022928745897568184,0.00022928745897568184,0.0,0.0005754233345447398,7.054998737713286e-05,0.0003086561947749563,0.0003086561947749563,7.054998737713286e-05,0.0,0.0,0.001146437294878409,0.0017306793778452906,0.0007936873579927448,0.0003968436789963724,0.0003968436789963724,0.0007936873579927448,0.0,0.0,0.00017196559423176132,0.00018519371686497374,0.0,0.00013393474166127568,0.0,0.0,0.0,0.0,0.00022928745897568184,0.00024692495581996504,0.0,0.0001785796555483676,0.0,0.0,0.00022928745897568184,0.00022928745897568184,0.0,0.0005754233345447398,7.054998737713286e-05,0.0003086561947749563,0.0003086561947749563,7.054998737713286e-05,0.00022928745897568184,0.00022928745897568184,0.0,0.0005754233345447398,7.054998737713286e-05,0.0003086561947749563,0.0003086561947749563,7.054998737713286e-05,0.00022928745897568184,0.00022928745897568184,0.0,0.0005754233345447398,7.054998737713286e-05,0.0003086561947749563,0.0003086561947749563,7.054998737713286e-05,0.0,0.0,0.00022928745897568184,0.00024692495581996504,0.0,0.0001785796555483676,0.0,0.0,0.0,0.0,0.00022928745897568184,0.00024692495581996504,0.0,0.0001785796555483676,0.0,0.0,0.0,0.0,0.00022928745897568184,0.00024692495581996504,0.0,0.0001785796555483676,0.0,0.0,0.0,0.0,0.00022928745897568184,0.00024692495581996504,0.0,0.0001785796555483676,0.0,0.0,0.0001763749684428322,0.0001763749684428322,5.291249053284964e-05,0.0005225108440118903,0.0,0.00025574370424210664,0.00025574370424210664,0.0,0.00020283121370925702,0.00020283121370925702,0.0,0.0005489670892783151,0.0,0.00028219994950853144,0.00028219994950853144,0.0,0.9197022369237863,0.9197022369237863,0.9194729494648106,-0.8943342827447593,0.9195434994521878,0.9197816056595856,0.9197816056595856,0.9195434994521878,0.00022928745897568184,0.00022928745897568184,0.0,0.0005754233345447398,7.054998737713286e-05,0.0003086561947749563,0.0003086561947749563,7.054998737713286e-05,0.00017196559423176132,0.00017196559423176132,0.0,0.000431567500908555,5.291249053284965e-05,0.0002314921460812172,0.0002314921460812172,5.291249053284965e-05,0.0,0.0001984218394981862,0.00017637496844283214,0.000666917849424459,0.0,0.0,0.0,0.0,0.0,0.0001984218394981862,0.00017637496844283214,0.000666917849424459,0.0,0.0,0.0,0.0,0.00013393474166127568,0.00020834293147309547,0.00020172887015648924,5.125897520369809e-05,0.00014881637962363962,0.0,0.0,0.0,0.0002480272993727327,0.0004960545987454654,0.00047400772769011143,0.0003692850901771798,0.0002976327592472793,0.0,0.0,0.0,0.0,0.0001984218394981862,0.00017637496844283214,0.000666917849424459,0.0,0.0,0.0,0.0,0.0,0.0001984218394981862,0.00017637496844283214,0.000666917849424459,0.0,0.0,0.0,0.0,0.0,0.0001190531036989117,0.0001058249810656993,0.0002215710541063079,0.0,0.0,0.0,0.0,0.0,0.0,0.0,6.669178494244592e-05,0.0,0.0,0.0,0.0,0.0,0.0,0.0,0.0,0.0,0.0,0.0,0.0,9.921091974909311e-05,7.936873579927449e-05,7.054998737713286e-05,0.00014771403607087195,0.0,0.0,0.0,0.0,0.0,7.936873579927449e-05,7.054998737713286e-05,0.00014771403607087195,0.0,0.0,0.0,0.0,0.0,0.0,0.0,0.0,0.0,0.0,0.0,0.0,0.0,7.936873579927449e-05,7.054998737713286e-05,0.0002667671397697837,0.0,0.0,0.0,0.0,0.0,7.936873579927449e-05,7.054998737713286e-05,0.0002667671397697837,0.0,0.0,0.0,0.0
x_R17_EXIT_H,0.0,0.0,0.0003174749431970979,0.0,0.0006349498863941958,0.0,0.0,0.00027779057529746064,0.0,0.0,7.054998737713286e-05,0.0,0.00014109997475426572,0.0,0.0,6.173123895499125e-05,7.054998737713286e-05,7.054998737713286e-05,0.0,7.054998737713286e-05,0.00024692495581996504,7.054998737713286e-05,7.054998737713286e-05,0.00016755622002069054,7.054998737713286e-05,7.054998737713286e-05,0.0,7.054998737713286e-05,0.00024692495581996504,7.054998737713286e-05,7.054998737713286e-05,0.00016755622002069054,0.0,0.0,0.0003527499368856643,0.0,0.0008818748422141608,0.0,0.0,0.00048503116321778843,0.0,0.0,5.291249053284965e-05,0.0,0.0001058249810656993,0.0,0.0,0.0,0.0,0.0,7.054998737713286e-05,0.0,0.00014109997475426572,0.0,0.0,6.173123895499125e-05,7.054998737713286e-05,7.054998737713286e-05,0.0,7.054998737713286e-05,0.00024692495581996504,7.054998737713286e-05,7.054998737713286e-05,0.00016755622002069054,7.054998737713286e-05,7.054998737713286e-05,0.0,7.054998737713286e-05,0.00024692495581996504,7.054998737713286e-05,7.054998737713286e-05,0.00016755622002069054,7.054998737713286e-05,7.054998737713286e-05,0.0,7.054998737713286e-05,0.00024692495581996504,7.054998737713286e-05,7.054998737713286e-05,0.00016755622002069054,0.0,0.0,7.054998737713286e-05,0.0,0.00014109997475426572,0.0,0.0,6.173123895499125e-05,0.0,0.0,7.054998737713286e-05,0.0,0.00014109997475426572,0.0,0.0,6.173123895499125e-05,0.0,0.0,7.054998737713286e-05,0.0,0.00014109997475426572,0.0,0.0,6.173123895499125e-05,0.0,0.0,7.054998737713286e-05,0.0,0.00014109997475426572,0.0,0.0,6.173123895499125e-05,0.0,0.0,5.291249053284964e-05,0.0,0.00019401246528711537,0.0,0.0,0.0001146437294878409,0.0,0.0,0.0,0.0,0.00022046871055354022,0.0,0.0,0.00014109997475426572,0.9195434994521878,0.9195434994521878,0.9194729494648106,0.9195434994521878,-0.8950245101884144,0.9195434994521878,0.9195434994521878,0.9196405056848314,7.054998737713286e-05,7.054998737713286e-05,0.0,7.054998737713286e-05,0.00024692495581996504,7.054998737713286e-05,7.054998737713286e-05,0.00016755622002069054,5.291249053284965e-05,5.291249053284965e-05,0.0,5.291249053284965e-05,0.00018519371686497377,5.291249053284965e-05,5.291249053284965e-05,0.0001256671650155179,0.0,0.0,0.00026456245266424824,0.0,0.0003527499368856643,0.0,0.0,0.0,0.0,0.0,0.00035274993688566434,0.0,0.00026456245266424824,0.0,0.0,0.0,0.0,0.0,7.936873579927447e-05,0.0,0.0001058249810656993,0.0,0.0,0.0,0.0,0.0,0.00026456245266424824,0.0,0.0003527499368856643,0.0,0.0,0.0,0.00015432809738747814,0.00015432809738747814,0.0004188905500517264,0.00015432809738747814,0.0001984218394981862,0.0,0.0,0.0,0.00028660932371960224,0.00028660932371960224,0.0005511717763838505,0.00028660932371960224,6.614061316606205e-05,0.0,0.0,0.0,0.0,0.0,0.00015873747159854894,0.0,0.00015873747159854894,0.0,0.0,0.0,0.0,0.0,0.0,0.0,0.0,0.0,0.0,0.0,0.0,0.0,5.291249053284965e-05,0.0,7.054998737713286e-05,0.0,0.0,0.0,0.0,0.0,0.0001058249810656993,0.0,0.00014109997475426572,0.0,0.0,0.0,0.0,0.0,0.0001058249810656993,0.0,0.0,0.0,0.0,0.0,0.0,0.0,0.0,0.0,0.0,0.0,0.0,0.0,0.0,0.0,0.00014109997475426572,0.0,0.0,0.0,0.0,0.0,0.0,0.0,0.00014109997475426572,0.0,0.0,0.0,0.0,0.0
x_R17_EXIT_A,0.0,0.0,0.0010317935653905682,0.0,0.0,0.0007986479039801995,0.0007540029900931075,0.0,0.0,0.0,0.00022928745897568184,0.0,0.0,0.0001774773119955999,0.00016755622002069057,0.0,0.00022928745897568184,0.00022928745897568184,0.0,0.0003086561947749563,7.054998737713286e-05,0.0010593521542097606,0.00047621241479564683,7.054998737713286e-05,0.00022928745897568184,0.00022928745897568184,0.0,0.0003086561947749563,7.054998737713286e-05,0.0010593521542097606,0.00047621241479564683,7.054998737713286e-05,0.0,0.0,0.001146437294878409,0.0003968436789963724,0.0007936873579927448,0.004150323476170394,0.0012346247790998252,0.0007936873579927448,0.0,0.0,0.00017196559423176132,0.0,0.0,0.0001331079839966999,0.0001256671650155179,0.0,0.0,0.0,0.00022928745897568184,0.0,0.0,0.0001774773119955999,0.00016755622002069057,0.0,0.00022928745897568184,0.00022928745897568184,0.0,0.0003086561947749563,7.054998737713286e-05,0.0010593521542097606,0.00047621241479564683,7.054998737713286e-05,0.00022928745897568184,0.00022928745897568184,0.0,0.0003086561947749563,7.054998737713286e-05,0.0010593521542097606,0.00047621241479564683,7.054998737713286e-05,0.00022928745897568184,0.00022928745897568184,0.0,0.0003086561947749563,7.054998737713286e-05,0.0010593521542097606,0.00047621241479564683,7.054998737713286e-05,0.0,0.0,0.00022928745897568184,0.0,0.0,0.0001774773119955999,0.00016755622002069057,0.0,0.0,0.0,0.00022928745897568184,0.0,0.0,0.0001774773119955999,0.00016755622002069057,0.0,0.0,0.0,0.00022928745897568184,0.0,0.0,0.0001774773119955999,0.00016755622002069057,0.0,0.0,0.0,0.00022928745897568184,0.0,0.0,0.0001774773119955999,0.00016755622002069057,0.0,0.0001763749684428322,0.0001763749684428322,5.291249053284964e-05,0.00025574370424210664,0.0,0.001006439663676911,0.0004232999242627972,0.0,0.00020283121370925702,0.00020283121370925702,0.0,0.00028219994950853144,0.0,0.0010328959089433358,0.00044975616952922204,0.0,0.9197022369237863,0.9197022369237863,0.9194729494648106,0.9197816056595856,0.9195434994521878,-0.8882435534186736,0.9199491618796063,0.9195434994521878,0.00022928745897568184,0.00022928745897568184,0.0,0.0003086561947749563,7.054998737713286e-05,0.0010593521542097606,0.00047621241479564683,7.054998737713286e-05,0.00017196559423176132,0.00017196559423176132,0.0,0.0002314921460812172,5.291249053284965e-05,0.0007945141156573205,0.0003571593110967351,5.291249053284965e-05,0.00041889055005172644,0.0006173123895499126,0.0005952655184945585,0.00041889055005172644,0.00041889055005172644,0.0014578493485352846,0.0,0.0,0.0003968436789963724,0.0005952655184945586,0.00017637496844283214,0.0003968436789963724,0.0,0.0014578493485352846,0.0,0.0,0.0,5.952655184945585e-05,5.291249053284965e-05,0.0,0.0,0.0001331079839966999,0.0001190531036989117,0.0001190531036989117,0.0,0.0001984218394981862,0.00017637496844283214,0.0,0.0,0.0006917205793617325,0.00014881637962363965,0.00014881637962363965,0.0,0.0001984218394981862,0.00017637496844283214,0.0,0.0,0.000840536958985372,0.0,0.0,0.0,0.0001984218394981862,0.00017637496844283214,0.0,0.0,0.000840536958985372,0.0,0.0,0.0005655022425698305,0.0006845553462687422,0.0006713272236355299,0.0001190531036989117,0.0,0.0005340854513159512,0.0,0.0,0.0,5.952655184945586e-05,0.0,0.0,0.0,8.901424188599187e-05,0.0,0.0,0.00013145446866754835,0.00039932395199009975,0.0003949145777790289,8.184900879300182e-05,0.00035963958409046255,0.0,0.00016121774459227628,0.00016121774459227628,0.0,0.0005357389666451027,0.000526920218222961,0.0,0.00045637023084582823,0.0,5.952655184945586e-05,5.952655184945586e-05,0.00039684367899637244,0.0004762124147956469,0.0004673936663735053,5.952655184945586e-05,0.0,0.0003362147835941488,0.0,0.0,0.0,0.0,0.0,0.0,0.0,8.40536958985372e-05,0.0,0.0,0.0,7.936873579927449e-05,7.054998737713286e-05,0.0,0.0,0.0003362147835941488,0.0,0.0,0.0,7.936873579927449e-05,7.054998737713286e-05,0.0,0.0,0.0003362147835941488,0.0,0.0
x_R17_EXIT_F,0.0,0.0,0.0010317935653905682,0.0,0.0,0.0,0.002262008970279323,0.0,0.0,0.0,0.00022928745897568184,0.0,0.0,0.0,0.0005026686600620718,0.0,0.00022928745897568184,0.00022928745897568184,0.0,0.0003086561947749563,7.054998737713286e-05,0.00047621241479564683,0.000811324854837028,7.054998737713286e-05,0.00022928745897568184,0.00022928745897568184,0.0,0.0003086561947749563,7.054998737713286e-05,0.00047621241479564683,0.000811324854837028,7.054998737713286e-05,0.0,0.0,0.001146437294878409,0.0003968436789963724,0.0007936873579927448,0.0012346247790998252,0.0029101869793067307,0.0007936873579927448,0.0,0.0,0.00017196559423176132,0.0,0.0,0.0,0.0003770014950465538,0.0,0.0,0.0,0.00022928745897568184,0.0,0.0,0.0,0.0005026686600620718,0.0,0.00022928745897568184,0.00022928745897568184,0.0,0.0003086561947749563,7.054998737713286e-05,0.00047621241479564683,0.000811324854837028,7.054998737713286e-05,0.00022928745897568184,0.00022928745897568184,0.0,0.0003086561947749563,7.054998737713286e-05,0.00047621241479564683,0.000811324854837028,7.054998737713286e-05,0.00022928745897568184,0.00022928745897568184,0.0,0.0003086561947749563,7.054998737713286e-05,0.00047621241479564683,0.000811324854837028,7.054998737713286e-05,0.0,0.0,0.00022928745897568184,0.0,0.0,0.0,0.0005026686600620718,0.0,0.0,0.0,0.00022928745897568184,0.0,0.0,0.0,0.0005026686600620718,0.0,0.0,0.0,0.00022928745897568184,0.0,0.0,0.0,0.0005026686600620718,0.0,0.0,0.0,0.00022928745897568184,0.0,0.0,0.0,0.0005026686600620718,0.0,0.0001763749684428322,0.0001763749684428322,5.291249053284964e-05,0.00025574370424210664,0.0,0.0004232999242627972,0.0007584123643041784,0.0,0.00020283121370925702,0.00020283121370925702,0.0,0.00028219994950853144,0.0,0.00044975616952922204,0.0007848686095706032,0.0,0.9197022369237863,0.9197022369237863,0.9194729494648106,0.9197816056595856,0.9195434994521878,0.9199491618796063,-0.8926514649647456,0.9195434994521878,0.00022928745897568184,0.00022928745897568184,0.0,0.0003086561947749563,7.054998737713286e-05,0.00047621241479564683,0.000811324854837028,7.054998737713286e-05,0.00017196559423176132,0.00017196559423176132,0.0,0.0002314921460812172,5.291249053284965e-05,0.0003571593110967351,0.000608493641127771,5.291249053284965e-05,0.00041889055005172644,0.0006173123895499126,0.0005952655184945585,0.00041889055005172644,0.00041889055005172644,0.0,0.0008377811001034529,0.00041889055005172644,0.0007936873579927448,0.0009921091974909309,0.00017637496844283214,0.0007936873579927448,0.0,0.00041889055005172644,0.00041889055005172633,0.0,0.0,5.952655184945585e-05,5.291249053284965e-05,0.0,0.0,0.0,5.125897520369809e-05,0.0,0.0,0.0001984218394981862,0.00017637496844283214,0.0,0.0,0.0,0.00017086325067899367,0.0,0.0,0.0001984218394981862,0.00017637496844283214,0.0,0.0,0.0,0.00017086325067899367,0.0,0.0,0.0001984218394981862,0.00017637496844283214,0.0,0.0,0.0,0.00017086325067899367,0.0,0.0002381062073978234,0.0003571593110967351,0.00034393118846352263,0.0,8.928982777418377e-05,0.0,0.00016204450225685204,0.0,9.425037376163843e-05,0.00011409255771145709,0.0,9.425037376163843e-05,0.0,0.0,0.0,0.0,0.0,0.00011905310369891172,0.00011464372948784092,0.0,7.936873579927449e-05,0.0,0.0,0.0,0.0,0.00023810620739782344,0.00022928745897568184,0.0,0.00015873747159854897,0.0,6.834530027159747e-05,0.0,0.00015873747159854897,0.00023810620739782344,0.00022928745897568184,0.0,0.0,0.0,0.0,0.0,0.0,0.0,0.0,0.0,0.0,0.0,0.0,0.0,0.0,7.936873579927449e-05,7.054998737713286e-05,0.0,0.0,0.0,6.834530027159747e-05,0.0,0.0,7.936873579927449e-05,7.054998737713286e-05,0.0,0.0,0.0,6.834530027159747e-05,0.0
x_R17_EXIT_B,0.0,0.0,0.0003174749431970979,0.0,0.00027779057529746064,0.0,0.0,0.004018042249838271,0.0,0.0,7.054998737713286e-05,0.0,6.173123895499125e-05,0.0,0.0,0.0008928982777418379,7.054998737713286e-05,7.054998737713286e-05,0.0,7.054998737713286e-05,0.00016755622002069054,7.054998737713286e-05,7.054998737713286e-05,0.0009987232588075372,7.054998737713286e-05,7.054998737713286e-05,0.0,7.054998737713286e-05,0.00016755622002069054,7.054998737713286e-05,7.054998737713286e-05,0.0009987232588075372,0.0,0.0,0.0003527499368856643,0.0,0.00048503116321778843,0.0,0.0,0.00464086635715202,0.0,0.0,5.291249053284965e-05,0.0,0.0,0.0,0.0,0.0006696737083063784,0.0,0.0,7.054998737713286e-05,0.0,6.173123895499125e-05,0.0,0.0,0.0008928982777418379,7.054998737713286e-05,7.054998737713286e-05,0.0,7.054998737713286e-05,0.00016755622002069054,7.054998737713286e-05,7.054998737713286e-05,0.0009987232588075372,7.054998737713286e-05,7.054998737713286e-05,0.0,7.054998737713286e-05,0.00016755622002069054,7.054998737713286e-05,7.054998737713286e-05,0.0009987232588075372,7.054998737713286e-05,7.054998737713286e-05,0.0,7.054998737713286e-05,0.00016755622002069054,7.054998737713286e-05,7.054998737713286e-05,0.0009987232588075372,0.0,0.0,7.054998737713286e-05,0.0,6.173123895499125e-05,0.0,0.0,0.0008928982777418379,0.0,0.0,7.054998737713286e-05,0.0,6.173123895499125e-05,0.0,0.0,0.0008928982777418379,0.0,0.0,7.054998737713286e-05,0.0,6.173123895499125e-05,0.0,0.0,0.0008928982777418379,0.0,0.0,7.054998737713286e-05,0.0,6.173123895499125e-05,0.0,0.0,0.0008928982777418379,0.0,0.0,5.291249053284964e-05,0.0,0.0001146437294878409,0.0,0.0,0.0009458107682746875,0.0,0.0,0.0,0.0,0.00014109997475426572,0.0,0.0,0.0009722670135411123,0.9195434994521878,0.9195434994521878,0.9194729494648106,0.9195434994521878,0.9196405056848314,0.9195434994521878,0.9195434994521878,-0.8892085049764017,7.054998737713286e-05,7.054998737713286e-05,0.0,7.054998737713286e-05,0.00016755622002069054,7.054998737713286e-05,7.054998737713286e-05,0.0009987232588075372,5.291249053284965e-05,5.291249053284965e-05,0.0,5.291249053284965e-05,0.0001256671650155179,5.291249053284965e-05,5.291249053284965e-05,0.0007490424441056526,0.0,0.0,0.00026456245266424824,0.0,0.00015432809738747814,0.0,0.0,0.0012594275090370985,0.0,0.0,0.00035274993688566434,0.0,6.614061316606205e-05,0.0,0.0,0.0012594275090370985,0.0,0.0,7.936873579927447e-05,0.0,0.0,0.0,0.0,0.00037782825271112945,0.0,0.0,0.00026456245266424824,0.0,0.00015432809738747814,0.0,0.0,0.0012594275090370985,0.000563573141352487,0.000563573141352487,0.0008281355940167353,0.000563573141352487,0.000409245043965009,0.000409245043965009,0.000409245043965009,0.0016686725530021074,0.00015432809738747814,0.00015432809738747814,0.0004188905500517264,0.00015432809738747814,0.0,0.0,0.0,0.0,0.0,0.0,0.00015873747159854894,0.0,0.0,0.0,0.0,0.0007556565054222589,0.0,0.0,0.0,0.0,0.0,0.0,0.0,0.00012594275090370985,0.0,0.0,5.291249053284965e-05,0.0,0.0,0.0,0.0,0.0002518855018074197,0.0,0.0,0.0001058249810656993,0.0,6.173123895499125e-05,0.0,0.0,0.0005037710036148394,0.0,0.0,0.0001058249810656993,0.0,0.0,0.0,0.0,0.0005037710036148394,0.0,0.0,0.0,0.0,0.0,0.0,0.0,0.00012594275090370985,0.00019897301127457006,0.00019897301127457006,0.0003047979923402693,0.00019897301127457006,0.00016369801758600363,0.00016369801758600363,0.00016369801758600363,0.0003400729860288358,0.0,0.0,0.00014109997475426572,0.0,0.0,0.0,0.0,0.0
x_R18_EXIT_C,7.936873579927447e-05,0.0018056387394334945,0.002837432304824063,0.0010913201172400243,0.0010913201172400243,0.0010913201172400243,0.0010913201172400243,0.0010913201172400243,0.0,0.0004012530532074432,0.000630540512183125,0.00024251558160889424,0.00024251558160889424,0.00024251558160889424,0.00024251558160889424,0.00024251558160889424,0.0006481780090274081,0.00022928745897568184,0.0,0.00022928745897568184,7.054998737713286e-05,0.00022928745897568184,0.00022928745897568184,7.054998737713286e-05,0.0006481780090274081,0.00022928745897568184,0.0,0.00022928745897568184,7.054998737713286e-05,0.00022928745897568184,0.00022928745897568184,7.054998737713286e-05,0.002094452750258632,0.0,0.001146437294878409,0.0,0.0007936873579927448,0.0,0.0,0.0007936873579927448,5.6219521191152754e-05,0.0002215710541063079,0.00039353664833806926,0.00010251795040739618,0.00010251795040739618,0.00010251795040739618,0.00010251795040739618,0.00010251795040739618,0.0,0.0003439311884635227,0.0005732186474392045,0.0001851937168649738,0.0001851937168649738,0.0001851937168649738,0.0001851937168649738,0.0001851937168649738,0.0006481780090274081,0.00022928745897568184,0.0,0.00022928745897568184,7.054998737713286e-05,0.00022928745897568184,0.00022928745897568184,7.054998737713286e-05,0.0006481780090274081,0.00022928745897568184,0.0,0.00022928745897568184,7.054998737713286e-05,0.00022928745897568184,0.00022928745897568184,7.054998737713286e-05,0.000674634254293833,0.0002557437042421067,0.0,0.0002557437042421067,9.700623264355767e-05,0.0002557437042421067,0.0002557437042421067,9.700623264355767e-05,0.00012346247790998252,0.0002954280721417439,0.0005247155311174257,0.00013669060054319492,0.00013669060054319492,0.00013669060054319492,0.00013669060054319492,0.00013669060054319492,0.00012346247790998252,0.0002954280721417439,0.0005247155311174257,0.00013669060054319492,0.00013669060054319492,0.00013669060054319492,0.00013669060054319492,0.00013669060054319492,0.00017196559423176134,0.00024692495581996504,0.00047621241479564683,8.818748422141608e-05,8.818748422141608e-05,8.818748422141608e-05,8.818748422141608e-05,8.818748422141608e-05,0.00022046871055354022,0.0001984218394981862,0.00042770929847386804,0.0,0.0,0.0,0.0,0.0,0.0005952655184945585,0.0001763749684428322,5.291249053284964e-05,0.0001763749684428322,0.0,0.0001763749684428322,0.0001763749684428322,0.0,0.0006217217637609833,0.00020283121370925702,0.0,0.00020283121370925702,0.0,0.00020283121370925702,0.00020283121370925702,0.0,0.0006481780090274081,0.00022928745897568184,0.0,0.00022928745897568184,7.054998737713286e-05,0.00022928745897568184,0.00022928745897568184,7.054998737713286e-05,-0.893149884630219,0.9197286931690527,0.919499405710077,0.9197286931690527,0.9195699556974543,0.9197286931690527,0.9197286931690527,0.9195699556974543,0.0005059756907203748,0.00019180777818157994,0.0,0.00019180777818157994,7.275467448266826e-05,0.00019180777818157994,0.00019180777818157994,7.275467448266826e-05,0.0006503826961329435,0.0,0.00017637496844283214,0.0,0.0,0.0,0.0,0.0,0.0006503826961329435,0.0,0.00017637496844283214,0.0,0.0,0.0,0.0,0.0,0.00019511480883988307,0.0,5.291249053284965e-05,0.0,0.0,0.0,0.0,0.0,0.0006503826961329435,0.0,0.00017637496844283214,0.0,0.0,0.0,0.0,0.0,0.0006503826961329435,0.0,0.00017637496844283214,0.0,0.0,0.0,0.0,0.0,0.0006503826961329435,0.0,0.00017637496844283214,0.0,0.0,0.0,0.0,0.0,0.00039022961767976613,0.0,0.0001058249810656993,0.0,0.0,0.0,0.0,0.0,6.503826961329436e-05,0.0,0.0,0.0,0.0,0.0,0.0,0.0,0.00013007653922658872,0.0,0.0,0.0,0.0,0.0,0.0,0.0,0.00026015307845317744,0.0,7.054998737713286e-05,0.0,0.0,0.0,0.0,0.0,0.00026015307845317744,0.0,7.054998737713286e-05,0.0,0.0,0.0,0.0,0.0,6.503826961329436e-05,0.0,0.0,0.0,0.0,0.0,0.0,0.0,0.00026015307845317744,0.0,7.054998737713286e-05,0.0,0.0,0.0,0.0,0.0,0.00026015307845317744,0.0,7.054998737713286e-05,0.0,0.0,0.0,0.0,0.0
x_R18_EXIT_D,0.0,0.0004563702308458282,0.0010317935653905682,0.0,0.0,0.0,0.0,0.0,0.0,0.0001014156068546285,0.00022928745897568184,0.0,0.0,0.0,0.0,0.0,0.00022928745897568184,0.00033070306583031034,0.0,0.00022928745897568184,7.054998737713286e-05,0.00022928745897568184,0.00022928745897568184,7.054998737713286e-05,0.00022928745897568184,0.00033070306583031034,0.0,0.00022928745897568184,7.054998737713286e-05,0.00022928745897568184,0.00022928745897568184,7.054998737713286e-05,0.0001873984039705092,0.0,0.001333835698848918,0.0001873984039705092,0.0009810857619632538,0.0001873984039705092,0.0001873984039705092,0.0009810857619632538,0.0,7.606170514097137e-05,0.00017196559423176132,0.0,0.0,0.0,0.0,0.0,0.0,0.0001014156068546285,0.00022928745897568184,0.0,0.0,0.0,0.0,0.0,0.00022928745897568184,0.00033070306583031034,0.0,0.00022928745897568184,7.054998737713286e-05,0.00022928745897568184,0.00022928745897568184,7.054998737713286e-05,0.00022928745897568184,0.00033070306583031034,0.0,0.00022928745897568184,7.054998737713286e-05,0.00022928745897568184,0.00022928745897568184,7.054998737713286e-05,0.0002557437042421067,0.00035715931109673514,0.0,0.0002557437042421067,9.700623264355767e-05,0.0002557437042421067,0.0002557437042421067,9.700623264355767e-05,0.0,0.0001014156068546285,0.00022928745897568184,0.0,0.0,0.0,0.0,0.0,0.0,0.0001014156068546285,0.00022928745897568184,0.0,0.0,0.0,0.0,0.0,0.0,0.0001014156068546285,0.00022928745897568184,0.0,0.0,0.0,0.0,0.0,0.0,0.0001014156068546285,0.00022928745897568184,0.0,0.0,0.0,0.0,0.0,0.0001763749684428322,0.0002777905752974607,5.291249053284964e-05,0.0001763749684428322,0.0,0.0001763749684428322,0.0001763749684428322,0.0,0.00020283121370925702,0.0003042468205638855,0.0,0.00020283121370925702,0.0,0.00020283121370925702,0.00020283121370925702,0.0,0.00022928745897568184,0.00033070306583031034,0.0,0.00022928745897568184,7.054998737713286e-05,0.00022928745897568184,0.00022928745897568184,7.054998737713286e-05,0.9197286931690527,-0.9003402118070932,0.919499405710077,0.9197286931690527,0.9195699556974543,0.9197286931690527,0.9197286931690527,0.9195699556974543,0.00019180777818157994,0.0002678694833225513,0.0,0.00019180777818157994,7.275467448266826e-05,0.00019180777818157994,0.00019180777818157994,7.275467448266826e-05,0.0,0.0002535390171365712,0.00017637496844283214,0.0,0.0,0.0,0.0,0.0,0.0,0.0002535390171365712,0.00017637496844283214,0.0,0.0,0.0,0.0,0.0,0.0,7.606170514097137e-05,5.291249053284965e-05,0.0,0.0,0.0,0.0,0.0,0.0,0.0002535390171365712,0.00017637496844283214,0.0,0.0,0.0,0.0,0.0,0.0,0.0002535390171365712,0.00017637496844283214,0.0,0.0,0.0,0.0,0.0,0.0,0.0002535390171365712,0.00017637496844283214,0.0,0.0,0.0,0.0,0.0,0.0,0.00015212341028194274,0.0001058249810656993,0.0,0.0,0.0,0.0,0.0,0.0,0.0,0.0,0.0,0.0,0.0,0.0,0.0,0.0,5.070780342731425e-05,0.0,0.0,0.0,0.0,0.0,0.0,0.0,0.0001014156068546285,7.054998737713286e-05,0.0,0.0,0.0,0.0,0.0,0.0,0.0001014156068546285,7.054998737713286e-05,0.0,0.0,0.0,0.0,0.0,0.0,0.0,0.0,0.0,0.0,0.0,0.0,0.0,0.0,0.0001014156068546285,7.054998737713286e-05,0.0,0.0,0.0,0.0,0.0,0.0,0.0001014156068546285,7.054998737713286e-05,0.0,0.0,0.0,0.0,0.0
x_R18_EXIT_E,0.0,0.0,0.0003571593110967351,0.0,0.0,0.0,0.0,0.0,0.0,0.0,7.936873579927447e-05,0.0,0.0,0.0,0.0,0.0,6.173123895499126e-05,6.173123895499126e-05,0.0,6.173123895499126e-05,6.173123895499126e-05,6.173123895499126e-05,6.173123895499126e-05,6.173123895499126e-05,6.173123895499126e-05,6.173123895499126e-05,0.0,6.173123895499126e-05,6.173123895499126e-05,6.173123895499126e-05,6.173123895499126e-05,6.173123895499126e-05,0.0,0.0,0.0003968436789963724,0.0,0.0,0.0,0.0,0.0,0.0,0.0,5.9526551849455854e-05,0.0,0.0,0.0,0.0,0.0,0.0,0.0,7.936873579927447e-05,0.0,0.0,0.0,0.0,0.0,0.0,0.0,5.291249053284965e-05,0.0,0.0,0.0,0.0,0.0,0.0,0.0,0.0,0.0,0.0,0.0,0.0,0.0,0.0,0.0,0.0,0.0,0.0,0.0,0.0,0.0,0.0,0.0,7.936873579927447e-05,0.0,0.0,0.0,0.0,0.0,0.0,0.0,7.936873579927447e-05,0.0,0.0,0.0,0.0,0.0,0.0,0.0,7.936873579927447e-05,0.0,0.0,0.0,0.0,0.0,0.0,0.0,7.936873579927447e-05,0.0,0.0,0.0,0.0,0.0,0.0,0.0,7.936873579927447e-05,0.0,0.0,0.0,0.0,0.0,0.0,0.0,7.936873579927447e-05,0.0,0.0,0.0,0.0,0.0,0.0,0.0,7.936873579927447e-05,0.0,0.0,0.0,0.0,0.0,0.919499405710077,0.919499405710077,-0.9081878565006619,0.919499405710077,0.919499405710077,0.919499405710077,0.919499405710077,0.919499405710077,0.0,0.0,7.936873579927447e-05,0.0,0.0,0.0,0.0,0.0,0.0,0.0,0.0001984218394981862,0.0,0.0,0.0,0.0,0.0,0.0,0.0,0.0001984218394981862,0.0,0.0,0.0,0.0,0.0,0.0,0.0,5.9526551849455854e-05,0.0,0.0,0.0,0.0,0.0,0.0,0.0,0.0001984218394981862,0.0,0.0,0.0,0.0,0.0,0.0,0.0,0.0001984218394981862,0.0,0.0,0.0,0.0,0.0,0.0,0.0,0.0001984218394981862,0.0,0.0,0.0,0.0,0.0,0.0,0.0,0.00011905310369891171,0.0,0.0,0.0,0.0,0.0,0.0,0.0,0.0,0.0,0.0,0.0,0.0,0.0,0.0,0.0,0.0,0.0,0.0,0.0,0.0,0.0,0.0,0.0,7.936873579927447e-05,0.0,0.0,0.0,0.0,0.0,0.0,0.0,7.936873579927447e-05,0.0,0.0,0.0,0.0,0.0,0.0,0.0,0.0,0.0,0.0,0.0,0.0,0.0,0.0,0.0,7.936873579927447e-05,0.0,0.0,0.0,0.0,0.0,0.0,0.0,7.936873579927447e-05,0.0,0.0,0.0,0.0,0.0
x_R18_EXIT_G,0.0,0.0,0.0010317935653905682,0.0011111623011898428,8.928982777418378e-05,0.0008036084499676541,8.928982777418378e-05,8.928982777418378e-05,0.0,0.0,0.00022928745897568184,0.00024692495581996504,0.0,0.0001785796555483676,0.0,0.0,0.00022928745897568184,0.00022928745897568184,0.0,0.0005754233345447398,7.054998737713286e-05,0.0003086561947749563,0.0003086561947749563,7.054998737713286e-05,0.00022928745897568184,0.00022928745897568184,0.0,0.0005754233345447398,7.054998737713286e-05,0.0003086561947749563,0.0003086561947749563,7.054998737713286e-05,0.0,0.0,0.001146437294878409,0.0017306793778452906,0.0007936873579927448,0.0003968436789963724,0.0003968436789963724,0.0007936873579927448,0.0,0.0,0.00017196559423176132,0.00018519371686497374,0.0,0.00013393474166127568,0.0,0.0,0.0,0.0,0.00022928745897568184,0.00024692495581996504,0.0,0.0001785796555483676,0.0,0.0,0.00022928745897568184,0.00022928745897568184,0.0,0.0005754233345447398,7.054998737713286e-05,0.0003086561947749563,0.0003086561947749563,7.054998737713286e-05,0.00022928745897568184,0.00022928745897568184,0.0,0.0005754233345447398,7.054998737713286e-05,0.0003086561947749563,0.0003086561947749563,7.054998737713286e-05,0.0002557437042421067,0.0002557437042421067,0.0,0.0006018795798111645,9.700623264355767e-05,0.0003351124400413811,0.0003351124400413811,9.700623264355767e-05,0.0,0.0,0.00022928745897568184,0.00024692495581996504,0.0,0.0001785796555483676,0.0,0.0,0.0,0.0,0.00022928745897568184,0.00024692495581996504,0.0,0.0001785796555483676,0.0,0.0,0.0,0.0,0.00022928745897568184,0.00024692495581996504,0.0,0.0001785796555483676,0.0,0.0,0.0,0.0,0.00022928745897568184,0.00024692495581996504,0.0,0.0001785796555483676,0.0,0.0,0.0001763749684428322,0.0001763749684428322,5.291249053284964e-05,0.0005225108440118903,0.0,0.00025574370424210664,0.00025574370424210664,0.0,0.00020283121370925702,0.00020283121370925702,0.0,0.0005489670892783151,0.0,0.00028219994950853144,0.00028219994950853144,0.0,0.00022928745897568184,0.00022928745897568184,0.0,0.0005754233345447398,7.054998737713286e-05,0.0003086561947749563,0.0003086561947749563,7.054998737713286e-05,0.9197286931690527,0.9197286931690527,0.919499405710077,-0.8921374521099107,0.9195699556974543,0.919808061904852,0.919808061904852,0.9195699556974543,0.00019180777818157994,0.00019180777818157994,0.0,0.0004514096848583736,7.275467448266826e-05,0.0002513343300310358,0.0002513343300310358,7.275467448266826e-05,0.0,0.0001984218394981862,0.00017637496844283214,0.000666917849424459,0.0,0.0,0.0,0.0,0.0,0.0001984218394981862,0.00017637496844283214,0.000666917849424459,0.0,0.0,0.0,0.0,0.00013393474166127568,0.00020834293147309547,0.00020172887015648924,5.125897520369809e-05,0.00014881637962363962,0.0,0.0,0.0,0.0002480272993727327,0.0004960545987454654,0.00047400772769011143,0.0003692850901771798,0.0002976327592472793,0.0,0.0,0.0,0.0,0.0001984218394981862,0.00017637496844283214,0.000666917849424459,0.0,0.0,0.0,0.0,0.0,0.0001984218394981862,0.00017637496844283214,0.000666917849424459,0.0,0.0,0.0,0.0,0.0,0.0001190531036989117,0.0001058249810656993,0.0002215710541063079,0.0,0.0,0.0,0.0,0.0,0.0,0.0,6.669178494244592e-05,0.0,0.0,0.0,0.0,0.0,0.0,0.0,0.0,0.0,0.0,0.0,0.0,9.921091974909311e-05,7.936873579927449e-05,7.054998737713286e-05,0.00014771403607087195,0.0,0.0,0.0,0.0,0.0,7.936873579927449e-05,7.054998737713286e-05,0.00014771403607087195,0.0,0.0,0.0,0.0,0.0,0.0,0.0,0.0,0.0,0.0,0.0,0.0,0.0,7.936873579927449e-05,7.054998737713286e-05,0.0002667671397697837,0.0,0.0,0.0,0.0,0.0,7.936873579927449e-05,7.054998737713286e-05,0.0002667671397697837,0.0,0.0,0.0,0.0
x_R18_EXIT_H,0.0,0.0,0.0003174749431970979,0.0,0.0006349498863941958,0.0,0.0,0.00027779057529746064,0.0,0.0,7.054998737713286e-05,0.0,0.00014109997475426572,0.0,0.0,6.173123895499125e-05,7.054998737713286e-05,7.054998737713286e-05,0.0,7.054998737713286e-05,0.00024692495581996504,7.054998737713286e-05,7.054998737713286e-05,0.00016755622002069054,7.054998737713286e-05,7.054998737713286e-05,0.0,7.054998737713286e-05,0.00024692495581996504,7.054998737713286e-05,7.054998737713286e-05,0.00016755622002069054,0.0,0.0,0.0003527499368856643,0.0,0.0008818748422141608,0.0,0.0,0.00048503116321778843,0.0,0.0,5.291249053284965e-05,0.0,0.0001058249810656993,0.0,0.0,0.0,0.0,0.0,7.054998737713286e-05,0.0,0.00014109997475426572,0.0,0.0,6.173123895499125e-05,7.054998737713286e-05,7.054998737713286e-05,0.0,7.054998737713286e-05,0.00024692495581996504,7.054998737713286e-05,7.054998737713286e-05,0.00016755622002069054,7.054998737713286e-05,7.054998737713286e-05,0.0,7.054998737713286e-05,0.00024692495581996504,7.054998737713286e-05,7.054998737713286e-05,0.00016755622002069054,9.700623264355767e-05,9.700623264355767e-05,0.0,9.700623264355767e-05,0.00027338120108638984,9.700623264355767e-05,9.700623264355767e-05,0.00019401246528711537,0.0,0.0,7.054998737713286e-05,0.0,0.00014109997475426572,0.0,0.0,6.173123895499125e-05,0.0,0.0,7.054998737713286e-05,0.0,0.00014109997475426572,0.0,0.0,6.173123895499125e-05,0.0,0.0,7.054998737713286e-05,0.0,0.00014109997475426572,0.0,0.0,6.173123895499125e-05,0.0,0.0,7.054998737713286e-05,0.0,0.00014109997475426572,0.0,0.0,6.173123895499125e-05,0.0,0.0,5.291249053284964e-05,0.0,0.00019401246528711537,0.0,0.0,0.0001146437294878409,0.0,0.0,0.0,0.0,0.00022046871055354022,0.0,0.0,0.00014109997475426572,7.054998737713286e-05,7.054998737713286e-05,0.0,7.054998737713286e-05,0.00024692495581996504,7.054998737713286e-05,7.054998737713286e-05,0.00016755622002069054,0.9195699556974543,0.9195699556974543,0.919499405710077,0.9195699556974543,-0.8928276795535658,0.9195699556974543,0.9195699556974543,0.9196669619300978,7.275467448266826e-05,7.275467448266826e-05,0.0,7.275467448266826e-05,0.0002050359008147924,7.275467448266826e-05,7.275467448266826e-05,0.00014550934896533652,0.0,0.0,0.00026456245266424824,0.0,0.0003527499368856643,0.0,0.0,0.0,0.0,0.0,0.00035274993688566434,0.0,0.00026456245266424824,0.0,0.0,0.0,0.0,0.0,7.936873579927447e-05,0.0,0.0001058249810656993,0.0,0.0,0.0,0.0,0.0,0.00026456245266424824,0.0,0.0003527499368856643,0.0,0.0,0.0,0.00015432809738747814,0.00015432809738747814,0.0004188905500517264,0.00015432809738747814,0.0001984218394981862,0.0,0.0,0.0,0.00028660932371960224,0.00028660932371960224,0.0005511717763838505,0.00028660932371960224,6.614061316606205e-05,0.0,0.0,0.0,0.0,0.0,0.00015873747159854894,0.0,0.00015873747159854894,0.0,0.0,0.0,0.0,0.0,0.0,0.0,0.0,0.0,0.0,0.0,0.0,0.0,5.291249053284965e-05,0.0,7.054998737713286e-05,0.0,0.0,0.0,0.0,0.0,0.0001058249810656993,0.0,0.00014109997475426572,0.0,0.0,0.0,0.0,0.0,0.0001058249810656993,0.0,0.0,0.0,0.0,0.0,0.0,0.0,0.0,0.0,0.0,0.0,0.0,0.0,0.0,0.0,0.00014109997475426572,0.0,0.0,0.0,0.0,0.0,0.0,0.0,0.00014109997475426572,0.0,0.0,0.0,0.0,0.0
x_R18_EXIT_A,0.0,0.0,0.0010317935653905682,0.0,0.0,0.0007986479039801995,0.0007540029900931075,0.0,0.0,0.0,0.00022928745897568184,0.0,0.0,0.0001774773119955999,0.00016755622002069057,0.0,0.00022928745897568184,0.00022928745897568184,0.0,0.0003086561947749563,7.054998737713286e-05,0.0010593521542097606,0.00047621241479564683,7.054998737713286e-05,0.00022928745897568184,0.00022928745897568184,0.0,0.0003086561947749563,7.054998737713286e-05,0.0010593521542097606,0.00047621241479564683,7.054998737713286e-05,0.0,0.0,0.001146437294878409,0.0003968436789963724,0.0007936873579927448,0.004150323476170394,0.0012346247790998252,0.0007936873579927448,0.0,0.0,0.00017196559423176132,0.0,0.0,0.0001331079839966999,0.0001256671650155179,0.0,0.0,0.0,0.00022928745897568184,0.0,0.0,0.0001774773119955999,0.00016755622002069057,0.0,0.00022928745897568184,0.00022928745897568184,0.0,0.0003086561947749563,7.054998737713286e-05,0.0010593521542097606,0.00047621241479564683,7.054998737713286e-05,0.00022928745897568184,0.00022928745897568184,0.0,0.0003086561947749563,7.054998737713286e-05,0.0010593521542097606,0.00047621241479564683,7.054998737713286e-05,0.0002557437042421067,0.0002557437042421067,0.0,0.0003351124400413811,9.700623264355767e-05,0.0010858083994761854,0.0005026686600620717,9.700623264355767e-05,0.0,0.0,0.00022928745897568184,0.0,0.0,0.0001774773119955999,0.00016755622002069057,0.0,0.0,0.0,0.00022928745897568184,0.0,0.0,0.0001774773119955999,0.00016755622002069057,0.0,0.0,0.0,0.00022928745897568184,0.0,0.0,0.0001774773119955999,0.00016755622002069057,0.0,0.0,0.0,0.00022928745897568184,0.0,0.0,0.0001774773119955999,0.00016755622002069057,0.0,0.0001763749684428322,0.0001763749684428322,5.291249053284964e-05,0.00025574370424210664,0.0,0.001006439663676911,0.0004232999242627972,0.0,0.00020283121370925702,0.00020283121370925702,0.0,0.00028219994950853144,0.0,0.0010328959089433358,0.00044975616952922204,0.0,0.00022928745897568184,0.00022928745897568184,0.0,0.0003086561947749563,7.054998737713286e-05,0.0010593521542097606,0.00047621241479564683,7.054998737713286e-05,0.9197286931690527,0.9197286931690527,0.919499405710077,0.919808061904852,0.9195699556974543,-0.8860467227838249,0.9199756181248727,0.9195699556974543,0.00019180777818157994,0.00019180777818157994,0.0,0.0002513343300310358,7.275467448266826e-05,0.0008143562996071391,0.0003770014950465538,7.275467448266826e-05,0.00041889055005172644,0.0006173123895499126,0.0005952655184945585,0.00041889055005172644,0.00041889055005172644,0.0014578493485352846,0.0,0.0,0.0003968436789963724,0.0005952655184945586,0.00017637496844283214,0.0003968436789963724,0.0,0.0014578493485352846,0.0,0.0,0.0,5.952655184945585e-05,5.291249053284965e-05,0.0,0.0,0.0001331079839966999,0.0001190531036989117,0.0001190531036989117,0.0,0.0001984218394981862,0.00017637496844283214,0.0,0.0,0.0006917205793617325,0.00014881637962363965,0.00014881637962363965,0.0,0.0001984218394981862,0.00017637496844283214,0.0,0.0,0.000840536958985372,0.0,0.0,0.0,0.0001984218394981862,0.00017637496844283214,0.0,0.0,0.000840536958985372,0.0,0.0,0.0005655022425698305,0.0006845553462687422,0.0006713272236355299,0.0001190531036989117,0.0,0.0005340854513159512,0.0,0.0,0.0,5.952655184945586e-05,0.0,0.0,0.0,8.901424188599187e-05,0.0,0.0,0.00013145446866754835,0.00039932395199009975,0.0003949145777790289,8.184900879300182e-05,0.00035963958409046255,0.0,0.00016121774459227628,0.00016121774459227628,0.0,0.0005357389666451027,0.000526920218222961,0.0,0.00045637023084582823,0.0,5.952655184945586e-05,5.952655184945586e-05,0.00039684367899637244,0.0004762124147956469,0.0004673936663735053,5.952655184945586e-05,0.0,0.0003362147835941488,0.0,0.0,0.0,0.0,0.0,0.0,0.0,8.40536958985372e-05,0.0,0.0,0.0,7.936873579927449e-05,7.054998737713286e-05,0.0,0.0,0.0003362147835941488,0.0,0.0,0.0,7.936873579927449e-05,7.054998737713286e-05,0.0,0.0,0.0003362147835941488,0.0,0.0
x_R18_EXIT_F,0.0,0.0,0.0010317935653905682,0.0,0.0,0.0,0.002262008970279323,0.0,0.0,0.0,0.00022928745897568184,0.0,0.0,0.0,0.0005026686600620718,0.0,0.00022928745897568184,0.00022928745897568184,0.0,0.0003086561947749563,7.054998737713286e-05,0.00047621241479564683,0.000811324854837028,7.054998737713286e-05,0.00022928745897568184,0.00022928745897568184,0.0,0.0003086561947749563,7.054998737713286e-05,0.00047621241479564683,0.000811324854837028,7.054998737713286e-05,0.0,0.0,0.001146437294878409,0.0003968436789963724,0.0007936873579927448,0.0012346247790998252,0.0029101869793067307,0.0007936873579927448,0.0,0.0,0.00017196559423176132,0.0,0.0,0.0,0.0003770014950465538,0.0,0.0,0.0,0.00022928745897568184,0.0,0.0,0.0,0.0005026686600620718,0.0,0.00022928745897568184,0.00022928745897568184,0.0,0.0003086561947749563,7.054998737713286e-05,0.00047621241479564683,0.000811324854837028,7.054998737713286e-05,0.00022928745897568184,0.00022928745897568184,0.0,0.0003086561947749563,7.054998737713286e-05,0.00047621241479564683,0.000811324854837028,7.054998737713286e-05,0.0002557437042421067,0.0002557437042421067,0.0,0.0003351124400413811,9.700623264355767e-05,0.0005026686600620717,0.0008377811001034528,9.700623264355767e-05,0.0,0.0,0.00022928745897568184,0.0,0.0,0.0,0.0005026686600620718,0.0,0.0,0.0,0.00022928745897568184,0.0,0.0,0.0,0.0005026686600620718,0.0,0.0,0.0,0.00022928745897568184,0.0,0.0,0.0,0.0005026686600620718,0.0,0.0,0.0,0.00022928745897568184,0.0,0.0,0.0,0.0005026686600620718,0.0,0.0001763749684428322,0.0001763749684428322,5.291249053284964e-05,0.00025574370424210664,0.0,0.0004232999242627972,0.0007584123643041784,0.0,0.00020283121370925702,0.00020283121370925702,0.0,0.00028219994950853144,0.0,0.00044975616952922204,0.0007848686095706032,0.0,0.00022928745897568184,0.00022928745897568184,0.0,0.0003086561947749563,7.054998737713286e-05,0.00047621241479564683,0.000811324854837028,7.054998737713286e-05,0.9197286931690527,0.9197286931690527,0.919499405710077,0.919808061904852,0.9195699556974543,0.9199756181248727,-0.8904546343298969,0.9195699556974543,0.00019180777818157994,0.00019180777818157994,0.0,0.0002513343300310358,7.275467448266826e-05,0.0003770014950465538,0.0006283358250775897,7.275467448266826e-05,0.00041889055005172644,0.0006173123895499126,0.0005952655184945585,0.00041889055005172644,0.00041889055005172644,0.0,0.0008377811001034529,0.00041889055005172644,0.0007936873579927448,0.0009921091974909309,0.00017637496844283214,0.0007936873579927448,0.0,0.00041889055005172644,0.00041889055005172633,0.0,0.0,5.952655184945585e-05,5.291249053284965e-05,0.0,0.0,0.0,5.125897520369809e-05,0.0,0.0,0.0001984218394981862,0.00017637496844283214,0.0,0.0,0.0,0.00017086325067899367,0.0,0.0,0.0001984218394981862,0.00017637496844283214,0.0,0.0,0.0,0.00017086325067899367,0.0,0.0,0.0001984218394981862,0.00017637496844283214,0.0,0.0,0.0,0.00017086325067899367,0.0,0.0002381062073978234,0.0003571593110967351,0.00034393118846352263,0.0,8.928982777418377e-05,0.0,0.00016204450225685204,0.0,9.425037376163843e-05,0.00011409255771145709,0.0,9.425037376163843e-05,0.0,0.0,0.0,0.0,0.0,0.00011905310369891172,0.00011464372948784092,0.0,7.936873579927449e-05,0.0,0.0,0.0,0.0,0.00023810620739782344,0.00022928745897568184,0.0,0.00015873747159854897,0.0,6.834530027159747e-05,0.0,0.00015873747159854897,0.00023810620739782344,0.00022928745897568184,0.0,0.0,0.0,0.0,0.0,0.0,0.0,0.0,0.0,0.0,0.0,0.0,0.0,0.0,7.936873579927449e-05,7.054998737713286e-05,0.0,0.0,0.0,6.834530027159747e-05,0.0,0.0,7.936873579927449e-05,7.054998737713286e-05,0.0,0.0,0.0,6.834530027159747e-05,0.0
x_R18_EXIT_B,0.0,0.0,0.0003174749431970979,0.0,0.00027779057529746064,0.0,0.0,0.004018042249838271,0.0,0.0,7.054998737713286e-05,0.0,6.173123895499125e-05,0.0,0.0,0.0008928982777418379,7.054998737713286e-05,7.054998737713286e-05,0.0,7.054998737713286e-05,0.00016755622002069054,7.054998737713286e-05,7.054998737713286e-05,0.0009987232588075372,7.054998737713286e-05,7.054998737713286e-05,0.0,7.054998737713286e-05,0.00016755622002069054,7.054998737713286e-05,7.054998737713286e-05,0.0009987232588075372,0.0,0.0,0.0003527499368856643,0.0,0.00048503116321778843,0.0,0.0,0.00464086635715202,0.0,0.0,5.291249053284965e-05,0.0,0.0,0.0,0.0,0.0006696737083063784,0.0,0.0,7.054998737713286e-05,0.0,6.173123895499125e-05,0.0,0.0,0.0008928982777418379,7.054998737713286e-05,7.054998737713286e-05,0.0,7.054998737713286e-05,0.00016755622002069054,7.054998737713286e-05,7.054998737713286e-05,0.0009987232588075372,7.054998737713286e-05,7.054998737713286e-05,0.0,7.054998737713286e-05,0.00016755622002069054,7.054998737713286e-05,7.054998737713286e-05,0.0009987232588075372,9.700623264355767e-05,9.700623264355767e-05,0.0,9.700623264355767e-05,0.00019401246528711537,9.700623264355767e-05,9.700623264355767e-05,0.0010251795040739618,0.0,0.0,7.054998737713286e-05,0.0,6.173123895499125e-05,0.0,0.0,0.0008928982777418379,0.0,0.0,7.054998737713286e-05,0.0,6.173123895499125e-05,0.0,0.0,0.0008928982777418379,0.0,0.0,7.054998737713286e-05,0.0,6.173123895499125e-05,0.0,0.0,0.0008928982777418379,0.0,0.0,7.054998737713286e-05,0.0,6.173123895499125e-05,0.0,0.0,0.0008928982777418379,0.0,0.0,5.291249053284964e-05,0.0,0.0001146437294878409,0.0,0.0,0.0009458107682746875,0.0,0.0,0.0,0.0,0.00014109997475426572,0.0,0.0,0.0009722670135411123,7.054998737713286e-05,7.054998737713286e-05,0.0,7.054998737713286e-05,0.00016755622002069054,7.054998737713286e-05,7.054998737713286e-05,0.0009987232588075372,0.9195699556974543,0.9195699556974543,0.919499405710077,0.9195699556974543,0.9196669619300978,0.9195699556974543,0.9195699556974543,-0.8870116743415531,7.275467448266826e-05,7.275467448266826e-05,0.0,7.275467448266826e-05,0.00014550934896533652,7.275467448266826e-05,7.275467448266826e-05,0.0007688846280554713,0.0,0.0,0.00026456245266424824,0.0,0.00015432809738747814,0.0,0.0,0.0012594275090370985,0.0,0.0,0.00035274993688566434,0.0,6.614061316606205e-05,0.0,0.0,0.0012594275090370985,0.0,0.0,7.936873579927447e-05,0.0,0.0,0.0,0.0,0.00037782825271112945,0.0,0.0,0.00026456245266424824,0.0,0.00015432809738747814,0.0,0.0,0.0012594275090370985,0.000563573141352487,0.000563573141352487,0.0008281355940167353,0.000563573141352487,0.000409245043965009,0.000409245043965009,0.000409245043965009,0.0016686725530021074,0.00015432809738747814,0.00015432809738747814,0.0004188905500517264,0.00015432809738747814,0.0,0.0,0.0,0.0,0.0,0.0,0.00015873747159854894,0.0,0.0,0.0,0.0,0.0007556565054222589,0.0,0.0,0.0,0.0,0.0,0.0,0.0,0.00012594275090370985,0.0,0.0,5.291249053284965e-05,0.0,0.0,0.0,0.0,0.0002518855018074197,0.0,0.0,0.0001058249810656993,0.0,6.173123895499125e-05,0.0,0.0,0.0005037710036148394,0.0,0.0,0.0001058249810656993,0.0,0.0,0.0,0.0,0.0005037710036148394,0.0,0.0,0.0,0.0,0.0,0.0,0.0,0.00012594275090370985,0.00019897301127457006,0.00019897301127457006,0.0003047979923402693,0.00019897301127457006,0.00016369801758600363,0.00016369801758600363,0.00016369801758600363,0.0003400729860288358,0.0,0.0,0.00014109997475426572,0.0,0.0,0.0,0.0,0.0
x_R19_EXIT_C,5.952655184945585e-05,0.0013542290545751209,0.0021280742286180466,0.000818490087930018,0.000818490087930018,0.000818490087930018,0.000818490087930018,0.000818490087930018,0.0,0.00030093978990558236,0.0004729053841373437,0.00018188668620667067,0.00018188668620667067,0.00018188668620667067,0.00018188668620667067,0.00018188668620667067,0.0004861335067705561,0.00017196559423176132,0.0,0.00017196559423176132,5.291249053284965e-05,0.00017196559423176132,0.00017196559423176132,5.291249053284965e-05,0.0004861335067705561,0.00017196559423176132,0.0,0.00017196559423176132,5.291249053284965e-05,0.00017196559423176132,0.00017196559423176132,5.291249053284965e-05,0.001570839562693974,0.0,0.0008598279711588067,0.0,0.0005952655184945585,0.0,0.0,0.0005952655184945585,0.0,0.0001661782905797309,0.00029515248625355193,7.688846280554713e-05,7.688846280554713e-05,7.688846280554713e-05,7.688846280554713e-05,7.688846280554713e-05,0.0,0.00025794839134764204,0.0004299139855794034,0.00013889528764873035,0.00013889528764873035,0.00013889528764873035,0.00013889528764873035,0.00013889528764873035,0.0004861335067705561,0.00017196559423176132,0.0,0.00017196559423176132,5.291249053284965e-05,0.00017196559423176132,0.00017196559423176132,5.291249053284965e-05,0.0004861335067705561,0.00017196559423176132,0.0,0.00017196559423176132,5.291249053284965e-05,0.00017196559423176132,0.00017196559423176132,5.291249053284965e-05,0.0005258178746701934,0.00021164996213139854,0.0,0.00021164996213139854,9.259685843248688e-05,0.00021164996213139854,0.00021164996213139854,9.259685843248688e-05,9.259685843248688e-05,0.0002215710541063079,0.00039353664833806926,0.00010251795040739618,0.00010251795040739618,0.00010251795040739618,0.00010251795040739618,0.00010251795040739618,9.259685843248688e-05,0.0002215710541063079,0.00039353664833806926,0.00010251795040739618,0.00010251795040739618,0.00010251795040739618,0.00010251795040739618,0.00010251795040739618,0.00012897419567382102,0.00018519371686497377,0.0003571593110967351,6.614061316606206e-05,6.614061316606206e-05,6.614061316606206e-05,6.614061316606206e-05,6.614061316606206e-05,0.00016535153291515517,0.00014881637962363965,0.000320781973855401,0.0,0.0,0.0,0.0,0.0,0.00044644913887091885,0.00013228122633212412,0.0,0.00013228122633212412,0.0,0.00013228122633212412,0.00013228122633212412,0.0,0.00046629132282073745,0.00015212341028194272,0.0,0.00015212341028194272,0.0,0.00015212341028194272,0.00015212341028194272,0.0,0.0004861335067705561,0.00017196559423176132,0.0,0.00017196559423176132,5.291249053284965e-05,0.00017196559423176132,0.00017196559423176132,5.291249053284965e-05,0.0005059756907203748,0.00019180777818157994,0.0,0.00019180777818157994,7.275467448266826e-05,0.00019180777818157994,0.00019180777818157994,7.275467448266826e-05,-0.8916931280365523,0.9195600690537153,0.9194310948580415,0.9195600690537153,0.9194707792259411,0.9195600690537153,0.9195600690537153,0.9194707792259411,0.00048778702209970764,0.0,0.00013228122633212412,0.0,0.0,0.0,0.0,0.0,0.00048778702209970764,0.0,0.00013228122633212412,0.0,0.0,0.0,0.0,0.0,0.0001463361066299123,0.0,0.0,0.0,0.0,0.0,0.0,0.0,0.00048778702209970764,0.0,0.00013228122633212412,0.0,0.0,0.0,0.0,0.0,0.00048778702209970764,0.0,0.00013228122633212412,0.0,0.0,0.0,0.0,0.0,0.00048778702209970764,0.0,0.00013228122633212412,0.0,0.0,0.0,0.0,0.0,0.0002926722132598246,0.0,7.936873579927449e-05,0.0,0.0,0.0,0.0,0.0,0.0,0.0,0.0,0.0,0.0,0.0,0.0,0.0,9.755740441994153e-05,0.0,0.0,0.0,0.0,0.0,0.0,0.0,0.00019511480883988307,0.0,5.291249053284965e-05,0.0,0.0,0.0,0.0,0.0,0.00019511480883988307,0.0,5.291249053284965e-05,0.0,0.0,0.0,0.0,0.0,0.0,0.0,0.0,0.0,0.0,0.0,0.0,0.0,0.00019511480883988307,0.0,5.291249053284965e-05,0.0,0.0,0.0,0.0,0.0,0.00019511480883988307,0.0,5.291249053284965e-05,0.0,0.0,0.0,0.0,0.0
x_R19_EXIT_D,0.0,0.00034227767313437126,0.0007738451740429261,0.0,0.0,0.0,0.0,0.0,0.0,7.606170514097137e-05,0.00017196559423176132,0.0,0.0,0.0,0.0,0.0,0.00017196559423176132,0.00024802729937273266,0.0,0.00017196559423176132,5.291249053284965e-05,0.00017196559423176132,0.00017196559423176132,5.291249053284965e-05,0.00017196559423176132,0.00024802729937273266,0.0,0.00017196559423176132,5.291249053284965e-05,0.00017196559423176132,0.00017196559423176132,5.291249053284965e-05,0.00014054880297788186,0.0,0.0010003767741366886,0.00014054880297788186,0.0007358143214724405,0.00014054880297788186,0.00014054880297788186,0.0007358143214724405,0.0,5.7046278855728516e-05,0.00012897419567382102,0.0,0.0,0.0,0.0,0.0,0.0,7.606170514097137e-05,0.00017196559423176132,0.0,0.0,0.0,0.0,0.0,0.00017196559423176132,0.00024802729937273266,0.0,0.00017196559423176132,5.291249053284965e-05,0.00017196559423176132,0.00017196559423176132,5.291249053284965e-05,0.00017196559423176132,0.00024802729937273266,0.0,0.00017196559423176132,5.291249053284965e-05,0.00017196559423176132,0.00017196559423176132,5.291249053284965e-05,0.00021164996213139854,0.0002877116672723699,0.0,0.00021164996213139854,9.259685843248688e-05,0.00021164996213139854,0.00021164996213139854,9.259685843248688e-05,0.0,7.606170514097137e-05,0.00017196559423176132,0.0,0.0,0.0,0.0,0.0,0.0,7.606170514097137e-05,0.00017196559423176132,0.0,0.0,0.0,0.0,0.0,0.0,7.606170514097137e-05,0.00017196559423176132,0.0,0.0,0.0,0.0,0.0,0.0,7.606170514097137e-05,0.00017196559423176132,0.0,0.0,0.0,0.0,0.0,0.00013228122633212412,0.00020834293147309547,0.0,0.00013228122633212412,0.0,0.00013228122633212412,0.00013228122633212412,0.0,0.00015212341028194272,0.0002281851154229141,0.0,0.00015212341028194272,0.0,0.00015212341028194272,0.00015212341028194272,0.0,0.00017196559423176132,0.00024802729937273266,0.0,0.00017196559423176132,5.291249053284965e-05,0.00017196559423176132,0.00017196559423176132,5.291249053284965e-05,0.00019180777818157994,0.0002678694833225513,0.0,0.00019180777818157994,7.275467448266826e-05,0.00019180777818157994,0.00019180777818157994,7.275467448266826e-05,0.9195600690537153,-0.8987445599257777,0.9194310948580415,0.9195600690537153,0.9194707792259411,0.9195600690537153,0.9195600690537153,0.9194707792259411,0.0,0.0001901542628524284,0.00013228122633212412,0.0,0.0,0.0,0.0,0.0,0.0,0.0001901542628524284,0.00013228122633212412,0.0,0.0,0.0,0.0,0.0,0.0,5.7046278855728516e-05,0.0,0.0,0.0,0.0,0.0,0.0,0.0,0.0001901542628524284,0.00013228122633212412,0.0,0.0,0.0,0.0,0.0,0.0,0.0001901542628524284,0.00013228122633212412,0.0,0.0,0.0,0.0,0.0,0.0,0.0001901542628524284,0.00013228122633212412,0.0,0.0,0.0,0.0,0.0,0.0,0.00011409255771145703,7.936873579927449e-05,0.0,0.0,0.0,0.0,0.0,0.0,0.0,0.0,0.0,0.0,0.0,0.0,0.0,0.0,0.0,0.0,0.0,0.0,0.0,0.0,0.0,0.0,7.606170514097137e-05,5.291249053284965e-05,0.0,0.0,0.0,0.0,0.0,0.0,7.606170514097137e-05,5.291249053284965e-05,0.0,0.0,0.0,0.0,0.0,0.0,0.0,0.0,0.0,0.0,0.0,0.0,0.0,0.0,7.606170514097137e-05,5.291249053284965e-05,0.0,0.0,0.0,0.0,0.0,0.0,7.606170514097137e-05,5.291249053284965e-05,0.0,0.0,0.0,0.0,0.0
x_R19_EXIT_E,0.0,0.0,0.00026786948332255137,0.0,0.0,0.0,0.0,0.0,0.0,0.0,5.9526551849455854e-05,0.0,0.0,0.0,0.0,0.0,0.0,0.0,0.0,0.0,0.0,0.0,0.0,0.0,0.0,0.0,0.0,0.0,0.0,0.0,0.0,0.0,0.0,0.0,0.00029763275924727924,0.0,0.0,0.0,0.0,0.0,0.0,0.0,0.0,0.0,0.0,0.0,0.0,0.0,0.0,0.0,5.9526551849455854e-05,0.0,0.0,0.0,0.0,0.0,0.0,0.0,0.0,0.0,0.0,0.0,0.0,0.0,0.0,0.0,0.0,0.0,0.0,0.0,0.0,0.0,0.0,0.0,0.0,0.0,0.0,0.0,0.0,0.0,0.0,0.0,5.9526551849455854e-05,0.0,0.0,0.0,0.0,0.0,0.0,0.0,5.9526551849455854e-05,0.0,0.0,0.0,0.0,0.0,0.0,0.0,5.9526551849455854e-05,0.0,0.0,0.0,0.0,0.0,0.0,0.0,5.9526551849455854e-05,0.0,0.0,0.0,0.0,0.0,0.0,0.0,5.9526551849455854e-05,0.0,0.0,0.0,0.0,0.0,0.0,0.0,5.9526551849455854e-05,0.0,0.0,0.0,0.0,0.0,0.0,0.0,5.9526551849455854e-05,0.0,0.0,0.0,0.0,0.0,0.0,0.0,7.936873579927447e-05,0.0,0.0,0.0,0.0,0.0,0.9194310948580415,0.9194310948580415,-0.9064822458499578,0.9194310948580415,0.9194310948580415,0.9194310948580415,0.9194310948580415,0.9194310948580415,0.0,0.0,0.00014881637962363962,0.0,0.0,0.0,0.0,0.0,0.0,0.0,0.00014881637962363962,0.0,0.0,0.0,0.0,0.0,0.0,0.0,0.0,0.0,0.0,0.0,0.0,0.0,0.0,0.0,0.00014881637962363962,0.0,0.0,0.0,0.0,0.0,0.0,0.0,0.00014881637962363962,0.0,0.0,0.0,0.0,0.0,0.0,0.0,0.00014881637962363962,0.0,0.0,0.0,0.0,0.0,0.0,0.0,8.928982777418377e-05,0.0,0.0,0.0,0.0,0.0,0.0,0.0,0.0,0.0,0.0,0.0,0.0,0.0,0.0,0.0,0.0,0.0,0.0,0.0,0.0,0.0,0.0,0.0,5.9526551849455854e-05,0.0,0.0,0.0,0.0,0.0,0.0,0.0,5.9526551849455854e-05,0.0,0.0,0.0,0.0,0.0,0.0,0.0,0.0,0.0,0.0,0.0,0.0,0.0,0.0,0.0,5.9526551849455854e-05,0.0,0.0,0.0,0.0,0.0,0.0,0.0,5.9526551849455854e-05,0.0,0.0,0.0,0.0,0.0
x_R19_EXIT_G,0.0,0.0,0.0007738451740429261,0.000833371725892382,6.696737083063784e-05,0.0006027063374757405,6.696737083063784e-05,6.696737083063784e-05,0.0,0.0,0.00017196559423176132,0.00018519371686497374,0.0,0.00013393474166127568,0.0,0.0,0.00017196559423176132,0.00017196559423176132,0.0,0.000431567500908555,5.291249053284965e-05,0.0002314921460812172,0.0002314921460812172,5.291249053284965e-05,0.00017196559423176132,0.00017196559423176132,0.0,0.000431567500908555,5.291249053284965e-05,0.0002314921460812172,0.0002314921460812172,5.291249053284965e-05,0.0,0.0,0.0008598279711588067,0.001298009533383968,0.0005952655184945585,0.00029763275924727924,0.00029763275924727924,0.0005952655184945585,0.0,0.0,0.00012897419567382102,0.00013889528764873032,0.0,0.00010045105624595675,0.0,0.0,0.0,0.0,0.00017196559423176132,0.00018519371686497374,0.0,0.00013393474166127568,0.0,0.0,0.00017196559423176132,0.00017196559423176132,0.0,0.000431567500908555,5.291249053284965e-05,0.0002314921460812172,0.0002314921460812172,5.291249053284965e-05,0.00017196559423176132,0.00017196559423176132,0.0,0.000431567500908555,5.291249053284965e-05,0.0002314921460812172,0.0002314921460812172,5.291249053284965e-05,0.00021164996213139854,0.00021164996213139854,0.0,0.0004712518688081922,9.259685843248688e-05,0.00027117651398085444,0.00027117651398085444,9.259685843248688e-05,0.0,0.0,0.00017196559423176132,0.00018519371686497374,0.0,0.00013393474166127568,0.0,0.0,0.0,0.0,0.00017196559423176132,0.00018519371686497374,0.0,0.00013393474166127568,0.0,0.0,0.0,0.0,0.00017196559423176132,0.00018519371686497374,0.0,0.00013393474166127568,0.0,0.0,0.0,0.0,0.00017196559423176132,0.00018519371686497374,0.0,0.00013393474166127568,0.0,0.0,0.00013228122633212412,0.00013228122633212412,0.0,0.0003918831330089177,0.0,0.00019180777818157997,0.00019180777818157997,0.0,0.00015212341028194272,0.00015212341028194272,0.0,0.0004117253169587363,0.0,0.00021164996213139857,0.00021164996213139857,0.0,0.00017196559423176132,0.00017196559423176132,0.0,0.000431567500908555,5.291249053284965e-05,0.0002314921460812172,0.0002314921460812172,5.291249053284965e-05,0.00019180777818157994,0.00019180777818157994,0.0,0.0004514096848583736,7.275467448266826e-05,0.0002513343300310358,0.0002513343300310358,7.275467448266826e-05,0.9195600690537153,0.9195600690537153,0.9194310948580415,-0.8906488653461577,0.9194707792259411,0.9196047139676025,0.9196047139676025,0.9194707792259411,0.0,0.00014881637962363962,0.00013228122633212412,0.0005001883870683443,0.0,0.0,0.0,0.0,0.0,0.00014881637962363962,0.00013228122633212412,0.0005001883870683443,0.0,0.0,0.0,0.0,0.00010045105624595675,0.00015625719860482159,0.00015129665261736698,0.0,0.00011161228471772971,0.0,0.0,0.0,0.00018602047452954954,0.00037204094905909907,0.0003555057957675835,0.00027696381763288487,0.00022322456943545943,0.0,0.0,0.0,0.0,0.00014881637962363962,0.00013228122633212412,0.0005001883870683443,0.0,0.0,0.0,0.0,0.0,0.00014881637962363962,0.00013228122633212412,0.0005001883870683443,0.0,0.0,0.0,0.0,0.0,8.928982777418376e-05,7.936873579927449e-05,0.0001661782905797309,0.0,0.0,0.0,0.0,0.0,0.0,0.0,5.001883870683443e-05,0.0,0.0,0.0,0.0,0.0,0.0,0.0,0.0,0.0,0.0,0.0,0.0,7.440818981181981e-05,5.952655184945585e-05,5.291249053284965e-05,0.00011078552705315395,0.0,0.0,0.0,0.0,0.0,5.952655184945585e-05,5.291249053284965e-05,0.00011078552705315395,0.0,0.0,0.0,0.0,0.0,0.0,0.0,0.0,0.0,0.0,0.0,0.0,0.0,5.952655184945585e-05,5.291249053284965e-05,0.00020007535482733773,0.0,0.0,0.0,0.0,0.0,5.952655184945585e-05,5.291249053284965e-05,0.00020007535482733773,0.0,0.0,0.0,0.0
x_R19_EXIT_H,0.0,0.0,0.0002381062073978234,0.0,0.0004762124147956468,0.0,0.0,0.00020834293147309547,0.0,0.0,5.291249053284965e-05,0.0,0.0001058249810656993,0.0,0.0,0.0,5.291249053284965e-05,5.291249053284965e-05,0.0,5.291249053284965e-05,0.00018519371686497377,5.291249053284965e-05,5.291249053284965e-05,0.0001256671650155179,5.291249053284965e-05,5.291249053284965e-05,0.0,5.291249053284965e-05,0.00018519371686497377,5.291249053284965e-05,5.291249053284965e-05,0.0001256671650155179,0.0,0.0,0.00026456245266424824,0.0,0.0006614061316606206,0.0,0.0,0.0003637733724133413,0.0,0.0,0.0,0.0,7.936873579927447e-05,0.0,0.0,0.0,0.0,0.0,5.291249053284965e-05,0.0,0.0001058249810656993,0.0,0.0,0.0,5.291249053284965e-05,5.291249053284965e-05,0.0,5.291249053284965e-05,0.00018519371686497377,5.291249053284965e-05,5.291249053284965e-05,0.0001256671650155179,5.291249053284965e-05,5.291249053284965e-05,0.0,5.291249053284965e-05,0.00018519371686497377,5.291249053284965e-05,5.291249053284965e-05,0.0001256671650155179,9.259685843248688e-05,9.259685843248688e-05,0.0,9.259685843248688e-05,0.00022487808476461102,9.259685843248688e-05,9.259685843248688e-05,0.00016535153291515517,0.0,0.0,5.291249053284965e-05,0.0,0.0001058249810656993,0.0,0.0,0.0,0.0,0.0,5.291249053284965e-05,0.0,0.0001058249810656993,0.0,0.0,0.0,0.0,0.0,5.291249053284965e-05,0.0,0.0001058249810656993,0.0,0.0,0.0,0.0,0.0,5.291249053284965e-05,0.0,0.0001058249810656993,0.0,0.0,0.0,0.0,0.0,0.0,0.0,0.00014550934896533652,0.0,0.0,8.598279711588067e-05,0.0,0.0,0.0,0.0,0.00016535153291515514,0.0,0.0,0.0001058249810656993,5.291249053284965e-05,5.291249053284965e-05,0.0,5.291249053284965e-05,0.00018519371686497377,5.291249053284965e-05,5.291249053284965e-05,0.0001256671650155179,7.275467448266826e-05,7.275467448266826e-05,0.0,7.275467448266826e-05,0.0002050359008147924,7.275467448266826e-05,7.275467448266826e-05,0.00014550934896533652,0.9194707792259411,0.9194707792259411,0.9194310948580415,0.9194707792259411,-0.8911953747491208,0.9194707792259411,0.9194707792259411,0.9195253452318032,0.0,0.0,0.00019842183949818617,0.0,0.00026456245266424824,0.0,0.0,0.0,0.0,0.0,0.00026456245266424824,0.0,0.0001984218394981862,0.0,0.0,0.0,0.0,0.0,5.9526551849455854e-05,0.0,7.936873579927447e-05,0.0,0.0,0.0,0.0,0.0,0.00019842183949818617,0.0,0.00026456245266424824,0.0,0.0,0.0,0.00011574607304060861,0.00011574607304060861,0.00031416791253879476,0.00011574607304060861,0.00014881637962363962,0.0,0.0,0.0,0.0002149569927897017,0.0002149569927897017,0.0004133788322878878,0.0002149569927897017,0.0,0.0,0.0,0.0,0.0,0.0,0.00011905310369891171,0.0,0.00011905310369891172,0.0,0.0,0.0,0.0,0.0,0.0,0.0,0.0,0.0,0.0,0.0,0.0,0.0,0.0,0.0,5.291249053284965e-05,0.0,0.0,0.0,0.0,0.0,7.936873579927447e-05,0.0,0.0001058249810656993,0.0,0.0,0.0,0.0,0.0,7.936873579927447e-05,0.0,0.0,0.0,0.0,0.0,0.0,0.0,0.0,0.0,0.0,0.0,0.0,0.0,0.0,0.0,0.0001058249810656993,0.0,0.0,0.0,0.0,0.0,0.0,0.0,0.0001058249810656993,0.0,0.0,0.0,0.0,0.0
x_R19_EXIT_A,0.0,0.0,0.0007738451740429261,0.0,0.0,0.0005989859279851496,0.0005655022425698306,0.0,0.0,0.0,0.00017196559423176132,0.0,0.0,0.0001331079839966999,0.0001256671650155179,0.0,0.00017196559423176132,0.00017196559423176132,0.0,0.0002314921460812172,5.291249053284965e-05,0.0007945141156573205,0.0003571593110967351,5.291249053284965e-05,0.00017196559423176132,0.00017196559423176132,0.0,0.0002314921460812172,5.291249053284965e-05,0.0007945141156573205,0.0003571593110967351,5.291249053284965e-05,0.0,0.0,0.0008598279711588067,0.00029763275924727924,0.0005952655184945585,0.0031127426071277955,0.0009259685843248689,0.0005952655184945585,0.0,0.0,0.00012897419567382102,0.0,0.0,9.983098799752492e-05,9.425037376163843e-05,0.0,0.0,0.0,0.00017196559423176132,0.0,0.0,0.0001331079839966999,0.0001256671650155179,0.0,0.00017196559423176132,0.00017196559423176132,0.0,0.0002314921460812172,5.291249053284965e-05,0.0007945141156573205,0.0003571593110967351,5.291249053284965e-05,0.00017196559423176132,0.00017196559423176132,0.0,0.0002314921460812172,5.291249053284965e-05,0.0007945141156573205,0.0003571593110967351,5.291249053284965e-05,0.00021164996213139854,0.00021164996213139854,0.0,0.00027117651398085444,9.259685843248688e-05,0.0008341984835569578,0.0003968436789963724,9.259685843248688e-05,0.0,0.0,0.00017196559423176132,0.0,0.0,0.0001331079839966999,0.0001256671650155179,0.0,0.0,0.0,0.00017196559423176132,0.0,0.0,0.0001331079839966999,0.0001256671650155179,0.0,0.0,0.0,0.00017196559423176132,0.0,0.0,0.0001331079839966999,0.0001256671650155179,0.0,0.0,0.0,0.00017196559423176132,0.0,0.0,0.0001331079839966999,0.0001256671650155179,0.0,0.00013228122633212412,0.00013228122633212412,0.0,0.00019180777818157997,0.0,0.0007548297477576833,0.00031747494319709783,0.0,0.00015212341028194272,0.00015212341028194272,0.0,0.00021164996213139857,0.0,0.000774671931707502,0.0003373171271469165,0.0,0.00017196559423176132,0.00017196559423176132,0.0,0.0002314921460812172,5.291249053284965e-05,0.0007945141156573205,0.0003571593110967351,5.291249053284965e-05,0.00019180777818157994,0.00019180777818157994,0.0,0.0002513343300310358,7.275467448266826e-05,0.0008143562996071391,0.0003770014950465538,7.275467448266826e-05,0.9195600690537153,0.9195600690537153,0.9194310948580415,0.9196047139676025,0.9194707792259411,-0.8847698548786754,0.919698964341364,0.9194707792259411,0.00031416791253879476,0.00046298429216243443,0.00044644913887091885,0.00031416791253879476,0.00031416791253879476,0.0010933870114014632,0.0,0.0,0.00029763275924727924,0.00044644913887091885,0.00013228122633212412,0.00029763275924727924,0.0,0.0010933870114014632,0.0,0.0,0.0,0.0,0.0,0.0,0.0,9.983098799752492e-05,8.928982777418376e-05,8.928982777418376e-05,0.0,0.00014881637962363962,0.00013228122633212412,0.0,0.0,0.0005187904345212992,0.00011161228471772971,0.00011161228471772971,0.0,0.00014881637962363962,0.00013228122633212412,0.0,0.0,0.0006304027192390291,0.0,0.0,0.0,0.00014881637962363962,0.00013228122633212412,0.0,0.0,0.0006304027192390291,0.0,0.0,0.00042412668192737295,0.0005134165097015567,0.0005034954177266475,8.928982777418376e-05,0.0,0.00040056408848696326,0.0,0.0,0.0,0.0,0.0,0.0,0.0,6.67606814144939e-05,0.0,0.0,9.859085150066127e-05,0.00029949296399257484,0.0002961859333342717,6.138675659475135e-05,0.00026972968806784686,0.0,0.00012091330844420723,0.00012091330844420723,0.0,0.00040180422498382705,0.00039519016366722085,0.0,0.00034227767313437115,0.0,0.0,0.0,0.00029763275924727924,0.0003571593110967351,0.0003505452497801289,0.0,0.0,0.0002521610876956116,0.0,0.0,0.0,0.0,0.0,0.0,0.0,6.30402719239029e-05,0.0,0.0,0.0,5.952655184945585e-05,5.291249053284965e-05,0.0,0.0,0.0002521610876956116,0.0,0.0,0.0,5.952655184945585e-05,5.291249053284965e-05,0.0,0.0,0.0002521610876956116,0.0,0.0
x_R19_EXIT_F,0.0,0.0,0.0007738451740429261,0.0,0.0,0.0,0.0016965067277094916,0.0,0.0,0.0,0.00017196559423176132,0.0,0.0,0.0,0.0003770014950465538,0.0,0.00017196559423176132,0.00017196559423176132,0.0,0.0002314921460812172,5.291249053284965e-05,0.0003571593110967351,0.000608493641127771,5.291249053284965e-05,0.00017196559423176132,0.00017196559423176132,0.0,0.0002314921460812172,5.291249053284965e-05,0.0003571593110967351,0.000608493641127771,5.291249053284965e-05,0.0,0.0,0.0008598279711588067,0.00029763275924727924,0.0005952655184945585,0.0009259685843248689,0.002182640234480048,0.0005952655184945585,0.0,0.0,0.00012897419567382102,0.0,0.0,0.0,0.0002827511212849153,0.0,0.0,0.0,0.00017196559423176132,0.0,0.0,0.0,0.0003770014950465538,0.0,0.00017196559423176132,0.00017196559423176132,0.0,0.0002314921460812172,5.291249053284965e-05,0.0003571593110967351,0.000608493641127771,5.291249053284965e-05,0.00017196559423176132,0.00017196559423176132,0.0,0.0002314921460812172,5.291249053284965e-05,0.0003571593110967351,0.000608493641127771,5.291249053284965e-05,0.00021164996213139854,0.00021164996213139854,0.0,0.00027117651398085444,9.259685843248688e-05,0.0003968436789963724,0.0006481780090274084,9.259685843248688e-05,0.0,0.0,0.00017196559423176132,0.0,0.0,0.0,0.0003770014950465538,0.0,0.0,0.0,0.00017196559423176132,0.0,0.0,0.0,0.0003770014950465538,0.0,0.0,0.0,0.00017196559423176132,0.0,0.0,0.0,0.0003770014950465538,0.0,0.0,0.0,0.00017196559423176132,0.0,0.0,0.0,0.0003770014950465538,0.0,0.00013228122633212412,0.00013228122633212412,0.0,0.00019180777818157997,0.0,0.00031747494319709783,0.0005688092732281337,0.0,0.00015212341028194272,0.00015212341028194272,0.0,0.00021164996213139857,0.0,0.0003373171271469165,0.0005886514571779523,0.0,0.00017196559423176132,0.00017196559423176132,0.0,0.0002314921460812172,5.291249053284965e-05,0.0003571593110967351,0.000608493641127771,5.291249053284965e-05,0.00019180777818157994,0.00019180777818157994,0.0,0.0002513343300310358,7.275467448266826e-05,0.0003770014950465538,0.0006283358250775897,7.275467448266826e-05,0.9195600690537153,0.9195600690537153,0.9194310948580415,0.9196047139676025,0.9194707792259411,0.919698964341364,-0.8890692544812718,0.9194707792259411,0.00031416791253879476,0.00046298429216243443,0.00044644913887091885,0.00031416791253879476,0.00031416791253879476,0.0,0.0006283358250775894,0.00031416791253879476,0.0005952655184945585,0.0007440818981181981,0.00013228122633212412,0.0005952655184945585,0.0,0.00031416791253879476,0.00031416791253879476,0.0,0.0,0.0,0.0,0.0,0.0,0.0,0.0,0.0,0.0,0.00014881637962363962,0.00013228122633212412,0.0,0.0,0.0,0.00012814743800924523,0.0,0.0,0.00014881637962363962,0.00013228122633212412,0.0,0.0,0.0,0.00012814743800924523,0.0,0.0,0.00014881637962363962,0.00013228122633212412,0.0,0.0,0.0,0.00012814743800924523,0.0,0.00017857965554836754,0.0002678694833225513,0.00025794839134764204,0.0,6.696737083063783e-05,0.0,0.000121533376692639,0.0,7.068778032122883e-05,8.556941828359279e-05,0.0,7.068778032122883e-05,0.0,0.0,0.0,0.0,0.0,8.928982777418377e-05,8.598279711588066e-05,0.0,5.952655184945585e-05,0.0,0.0,0.0,0.0,0.00017857965554836754,0.00017196559423176132,0.0,0.0001190531036989117,0.0,5.125897520369809e-05,0.0,0.0001190531036989117,0.00017857965554836754,0.00017196559423176132,0.0,0.0,0.0,0.0,0.0,0.0,0.0,0.0,0.0,0.0,0.0,0.0,0.0,0.0,5.952655184945585e-05,5.291249053284965e-05,0.0,0.0,0.0,5.125897520369809e-05,0.0,0.0,5.952655184945585e-05,5.291249053284965e-05,0.0,0.0,0.0,5.125897520369809e-05,0.0
x_R19_EXIT_B,0.0,0.0,0.0002381062073978234,0.0,0.00020834293147309547,0.0,0.0,0.0030135316873787024,0.0,0.0,5.291249053284965e-05,0.0,0.0,0.0,0.0,0.0006696737083063784,5.291249053284965e-05,5.291249053284965e-05,0.0,5.291249053284965e-05,0.0001256671650155179,5.291249053284965e-05,5.291249053284965e-05,0.0007490424441056526,5.291249053284965e-05,5.291249053284965e-05,0.0,5.291249053284965e-05,0.0001256671650155179,5.291249053284965e-05,5.291249053284965e-05,0.0007490424441056526,0.0,0.0,0.00026456245266424824,0.0,0.0003637733724133413,0.0,0.0,0.003480649767864016,0.0,0.0,0.0,0.0,0.0,0.0,0.0,0.0005022552812297838,0.0,0.0,5.291249053284965e-05,0.0,0.0,0.0,0.0,0.0006696737083063784,5.291249053284965e-05,5.291249053284965e-05,0.0,5.291249053284965e-05,0.0001256671650155179,5.291249053284965e-05,5.291249053284965e-05,0.0007490424441056526,5.291249053284965e-05,5.291249053284965e-05,0.0,5.291249053284965e-05,0.0001256671650155179,5.291249053284965e-05,5.291249053284965e-05,0.0007490424441056526,9.259685843248688e-05,9.259685843248688e-05,0.0,9.259685843248688e-05,0.00016535153291515517,9.259685843248688e-05,9.259685843248688e-05,0.00078872681200529,0.0,0.0,5.291249053284965e-05,0.0,0.0,0.0,0.0,0.0006696737083063784,0.0,0.0,5.291249053284965e-05,0.0,0.0,0.0,0.0,0.0006696737083063784,0.0,0.0,5.291249053284965e-05,0.0,0.0,0.0,0.0,0.0006696737083063784,0.0,0.0,5.291249053284965e-05,0.0,0.0,0.0,0.0,0.0006696737083063784,0.0,0.0,0.0,0.0,8.598279711588067e-05,0.0,0.0,0.0007093580762060156,0.0,0.0,0.0,0.0,0.0001058249810656993,0.0,0.0,0.0007292002601558342,5.291249053284965e-05,5.291249053284965e-05,0.0,5.291249053284965e-05,0.0001256671650155179,5.291249053284965e-05,5.291249053284965e-05,0.0007490424441056526,7.275467448266826e-05,7.275467448266826e-05,0.0,7.275467448266826e-05,0.00014550934896533652,7.275467448266826e-05,7.275467448266826e-05,0.0007688846280554713,0.9194707792259411,0.9194707792259411,0.9194310948580415,0.9194707792259411,0.9195253452318032,0.9194707792259411,0.9194707792259411,-0.8857082812946652,0.0,0.0,0.00019842183949818617,0.0,0.00011574607304060861,0.0,0.0,0.0009445706317778237,0.0,0.0,0.00026456245266424824,0.0,0.0,0.0,0.0,0.0009445706317778237,0.0,0.0,5.9526551849455854e-05,0.0,0.0,0.0,0.0,0.0002833711895333471,0.0,0.0,0.00019842183949818617,0.0,0.00011574607304060861,0.0,0.0,0.0009445706317778237,0.0004226798560143653,0.0004226798560143653,0.0006211016955125514,0.0004226798560143653,0.00030693378297375675,0.0003069337829737567,0.0003069337829737567,0.0012515044147515804,0.00011574607304060861,0.00011574607304060861,0.00031416791253879476,0.00011574607304060861,0.0,0.0,0.0,0.0,0.0,0.0,0.00011905310369891171,0.0,0.0,0.0,0.0,0.0005667423790666942,0.0,0.0,0.0,0.0,0.0,0.0,0.0,9.445706317778236e-05,0.0,0.0,0.0,0.0,0.0,0.0,0.0,0.00018891412635556472,0.0,0.0,7.936873579927447e-05,0.0,0.0,0.0,0.0,0.00037782825271112945,0.0,0.0,7.936873579927447e-05,0.0,0.0,0.0,0.0,0.00037782825271112945,0.0,0.0,0.0,0.0,0.0,0.0,0.0,9.445706317778236e-05,0.00014922975845592753,0.00014922975845592753,0.00022859849425520197,0.00014922975845592753,0.0001227735131895027,0.0001227735131895027,0.0001227735131895027,0.0002550547395216268,0.0,0.0,0.0001058249810656993,0.0,0.0,0.0,0.0,0.0
x_R22_EXIT_C,0.00019842183949818617,0.00272830029310006,0.00272830029310006,0.003621198570841898,0.0038444231402773575,0.003621198570841898,0.005729430615510126,0.0038444231402773575,0.0,0.0006062889540222355,0.0006062889540222355,0.0008047107935204217,0.0008543162533949682,0.0008047107935204217,0.0012732068034466944,0.0008543162533949682,0.0006503826961329435,0.0,0.0,0.0,0.0,0.00041889055005172644,0.00041889055005172644,0.0,0.0006503826961329435,0.0,0.0,0.0,0.0,0.00041889055005172644,0.00041889055005172644,0.0,0.0032519134806647176,0.0,0.0,0.0002480272993727327,0.0,0.002094452750258632,0.002094452750258632,0.0,0.00014054880297788186,0.0002562948760184905,0.0002562948760184905,0.00040511125564213007,0.00044231535054804,0.00040511125564213007,0.0007564832630868347,0.00044231535054804,0.0,0.00046298429216243443,0.00046298429216243443,0.0006614061316606207,0.0007110115915351671,0.0006614061316606207,0.0011299021415868934,0.0007110115915351671,0.0006503826961329435,0.0,0.0,0.0,0.0,0.00041889055005172644,0.00041889055005172644,0.0,0.0006503826961329435,0.0,0.0,0.0,0.0,0.00041889055005172644,0.00041889055005172644,0.0,0.0006503826961329435,0.0,0.0,0.0,0.0,0.00041889055005172644,0.00041889055005172644,0.0,0.0003086561947749563,0.0003417265013579873,0.0003417265013579873,0.0005401483408561735,0.0005897538007307201,0.0005401483408561735,0.0010086443507824462,0.0005897538007307201,0.0003086561947749563,0.0003417265013579873,0.0003417265013579873,0.0005401483408561735,0.0005897538007307201,0.0005401483408561735,0.0010086443507824462,0.0005897538007307201,0.00042991398557940333,0.0002204687105535402,0.0002204687105535402,0.0004188905500517264,0.0004684960099262729,0.0004188905500517264,0.0008873865599779992,0.0004684960099262729,0.0005511717763838505,9.92109197490931e-05,9.92109197490931e-05,0.00029763275924727924,0.00034723821912182576,0.00029763275924727924,0.000766128769173552,0.00034723821912182576,0.0006503826961329435,0.0,0.0,0.0,0.0,0.00041889055005172644,0.00041889055005172644,0.0,0.0006503826961329435,0.0,0.0,0.0,0.0,0.00041889055005172644,0.00041889055005172644,0.0,0.0006503826961329435,0.0,0.0,0.0,0.0,0.00041889055005172644,0.00041889055005172644,0.0,0.0006503826961329435,0.0,0.0,0.0,0.0,0.00041889055005172644,0.00041889055005172644,0.0,0.00048778702209970764,0.0,0.0,0.0,0.0,0.00031416791253879476,0.00031416791253879476,0.0,-0.894823846372483,0.9203874812347755,0.9203874812347755,0.9205114948844619,0.9203874812347755,0.9193092514472246,0.9193092514472246,0.9193092514472246,0.003238134186255122,0.0009921091974909309,0.0,0.0011161228471772973,0.0,0.0,0.0,0.0,0.0006366034017233472,0.0,0.0,0.0,0.0,0.0,0.0,0.0,0.0021220113390778244,0.00012401364968636636,0.00012401364968636636,0.0,0.00012401364968636636,0.0,0.0,0.0,0.002246024988764191,0.0,0.0,0.00012401364968636636,0.0,0.0,0.0,0.0,0.002246024988764191,0.0,0.0,0.00012401364968636636,0.0,0.0,0.0,0.0,0.0019428805117530728,0.0005952655184945585,0.0005952655184945585,0.0,0.0,0.0,0.0,0.0,0.00032381341862551213,9.92109197490931e-05,0.0,0.00011161228471772973,0.0,0.0,0.0,0.0,0.00042440226781556486,0.0001984218394981862,0.0001984218394981862,0.0,0.0001984218394981862,0.0,0.0,0.0,0.0008488045356311297,0.0003968436789963724,0.0003968436789963724,0.0,0.0003968436789963724,0.0,0.0,0.0,0.0012952536745020485,0.0003968436789963724,0.0003968436789963724,0.0,0.0,0.0,0.0,0.0,0.00022460249887641903,0.0,0.0,0.0,0.0,0.0,0.0,0.0,0.0008984099955056761,0.0,0.0,0.0,0.0,0.0,0.0,0.0,0.0008984099955056761,0.0,0.0,0.0,0.0,0.0,0.0,0.0
x_R22_EXIT_D,0.0,0.0011409255771145706,0.0,0.0,0.0,0.0,0.0018850074752327685,0.0,0.0,0.0002535390171365712,0.0,0.0,0.0,0.0,0.00041889055005172644,0.0,0.0,0.0002535390171365712,0.0,0.0001984218394981862,0.0,0.0006173123895499126,0.0006173123895499126,0.0,0.0,0.0002535390171365712,0.0,0.0001984218394981862,0.0,0.0006173123895499126,0.0006173123895499126,0.0,0.0004684960099262729,0.0001102343552767701,0.0004684960099262729,0.0014606052074172039,0.0004684960099262729,0.0035550579576758357,0.0035550579576758357,0.0004684960099262729,0.0,0.0001901542628524284,0.0,0.0,0.0,0.0,0.00031416791253879476,0.0,0.0,0.0002535390171365712,0.0,0.0,0.0,0.0,0.00041889055005172644,0.0,0.0,0.0002535390171365712,0.0,0.0001984218394981862,0.0,0.0006173123895499126,0.0006173123895499126,0.0,0.0,0.0002535390171365712,0.0,0.0001984218394981862,0.0,0.0006173123895499126,0.0006173123895499126,0.0,0.0,0.0002535390171365712,0.0,0.0001984218394981862,0.0,0.0006173123895499126,0.0006173123895499126,0.0,0.0,0.0002535390171365712,0.0,0.0,0.0,0.0,0.00041889055005172644,0.0,0.0,0.0002535390171365712,0.0,0.0,0.0,0.0,0.00041889055005172644,0.0,0.0,0.0002535390171365712,0.0,0.0,0.0,0.0,0.00041889055005172644,0.0,0.0,0.0002535390171365712,0.0,0.0,0.0,0.0,0.00041889055005172644,0.0,0.0,0.0002535390171365712,0.0,0.0001984218394981862,0.0,0.0006173123895499126,0.0006173123895499126,0.0,0.0,0.0002535390171365712,0.0,0.0001984218394981862,0.0,0.0006173123895499126,0.0006173123895499126,0.0,0.0,0.0002535390171365712,0.0,0.0001984218394981862,0.0,0.0006173123895499126,0.0006173123895499126,0.0,0.0,0.0002535390171365712,0.0,0.0001984218394981862,0.0,0.0006173123895499126,0.0006173123895499126,0.0,0.0,0.0001901542628524284,0.0,0.00014881637962363962,0.0,0.00046298429216243443,0.00046298429216243443,0.0,0.9203874812347755,-0.9024510923884069,0.9203874812347755,0.9203874812347755,0.9203874812347755,0.9193092514472246,0.9193092514472246,0.9193092514472246,0.0009921091974909309,0.002122011339077825,0.0,0.0009921091974909309,0.0,0.0,0.0,0.0,0.0,0.000338970642476068,0.0,0.0,0.0,0.0,0.0,0.0,0.0,0.0011299021415868936,0.0,0.0,0.0,0.0,0.0,0.0,0.0,0.0011299021415868936,0.0,0.0,0.0,0.0,0.0,0.0,0.0,0.0011299021415868936,0.0,0.0,0.0,0.0,0.0,0.0,0.0005952655184945585,0.0012732068034466944,0.0005952655184945585,0.0,0.0,0.0,0.0,0.0,9.92109197490931e-05,0.00021220113390778246,0.0,9.92109197490931e-05,0.0,0.0,0.0,0.0,0.0,0.0004244022678155649,0.0001984218394981862,0.0,0.0001984218394981862,0.0,0.0,0.0,0.0,0.0008488045356311298,0.0003968436789963724,0.0,0.0003968436789963724,0.0,0.0,0.0,0.0003968436789963724,0.0008488045356311298,0.0003968436789963724,0.0,0.0,0.0,0.0,0.0,0.0,0.0001129902141586893,0.0,0.0,0.0,0.0,0.0,0.0,0.0,0.0004519608566347572,0.0,0.0,0.0,0.0,0.0,0.0,0.0,0.0004519608566347572,0.0,0.0,0.0,0.0,0.0,0.0
x_R22_EXIT_E,0.0,0.0,0.0016865856357345822,0.0,0.0017857965554836756,0.0,0.0018850074752327685,0.0017857965554836756,0.0,0.0,0.00037479680794101834,0.0,0.0003968436789963724,0.0,0.00041889055005172644,0.0003968436789963724,0.00033070306583031034,0.00033070306583031034,0.0,0.00033070306583031034,0.0004188905500517264,0.0007495936158820367,0.0007495936158820367,0.0004188905500517264,0.00033070306583031034,0.00033070306583031034,0.0,0.00033070306583031034,0.0004188905500517264,0.0007495936158820367,0.0007495936158820367,0.0004188905500517264,0.0,0.0,0.0018739840397050912,0.0,0.0004409374211070804,0.002094452750258632,0.002094452750258632,0.0004409374211070804,0.0,0.0,0.0002810976059557637,0.0,0.00029763275924727924,0.0,0.00031416791253879476,0.00029763275924727924,0.0,0.0,0.00037479680794101834,0.0,0.0003968436789963724,0.0,0.00041889055005172644,0.0003968436789963724,0.00024251558160889424,0.00024251558160889424,0.00013228122633212412,0.00024251558160889424,0.0003307030658303103,0.0006614061316606207,0.0006614061316606207,0.0003307030658303103,0.00024251558160889424,0.00024251558160889424,0.0,0.00024251558160889424,0.0003307030658303103,0.0006614061316606207,0.0006614061316606207,0.0003307030658303103,0.00017637496844283214,0.00017637496844283214,0.0,0.00017637496844283214,0.00026456245266424824,0.0005952655184945585,0.0005952655184945585,0.00026456245266424824,0.0,0.0,0.00037479680794101834,0.0,0.0003968436789963724,0.0,0.00041889055005172644,0.0003968436789963724,0.0,0.0,0.00037479680794101834,0.0,0.0003968436789963724,0.0,0.00041889055005172644,0.0003968436789963724,0.0,0.0,0.00037479680794101834,0.0,0.0003968436789963724,0.0,0.00041889055005172644,0.0003968436789963724,0.0,0.0,0.00037479680794101834,0.0,0.0003968436789963724,0.0,0.00041889055005172644,0.0003968436789963724,0.0,0.0,0.00033070306583031034,0.0,0.00013228122633212412,0.0004629842921624345,0.0004629842921624345,0.00013228122633212412,0.0001102343552767701,0.0001102343552767701,0.00026456245266424824,0.0001102343552767701,0.0001984218394981862,0.0005291249053284965,0.0005291249053284965,0.0001984218394981862,0.00017637496844283214,0.00017637496844283214,0.0001984218394981862,0.00017637496844283214,0.00026456245266424824,0.0005952655184945585,0.0005952655184945585,0.00026456245266424824,0.00017637496844283214,0.00017637496844283214,0.0001984218394981862,0.00017637496844283214,0.00026456245266424824,0.0005952655184945585,0.0005952655184945585,0.00026456245266424824,0.00013228122633212412,0.00013228122633212412,0.00014881637962363962,0.00013228122633212412,0.00019842183949818617,0.00044644913887091885,0.00044644913887091885,0.00019842183949818617,0.9203874812347755,0.9203874812347755,-0.8945585723684198,0.9203874812347755,0.9213795904322665,0.9193092514472246,0.9193092514472246,0.9193092514472246,0.0009921091974909309,0.0009921091974909309,0.0011574607304060858,0.0009921091974909309,0.0,0.0,0.0,0.0,0.0,0.0,0.000644870978369105,0.0,0.00029763275924727924,0.0,0.0,0.0,0.0,0.0,0.0021495699278970166,0.0,0.0009921091974909309,0.0,0.0,0.0,0.0009921091974909309,0.0009921091974909309,0.0011574607304060858,0.0009921091974909309,0.0,0.0,0.0,0.0,0.0009921091974909309,0.0009921091974909309,0.0011574607304060858,0.0009921091974909309,0.0,0.0,0.0,0.0,0.0005952655184945585,0.0005952655184945585,0.0018850074752327685,0.0,0.0,0.0,0.0,0.0,9.92109197490931e-05,9.92109197490931e-05,0.00011574607304060861,9.92109197490931e-05,0.0,0.0,0.0,0.0,0.0,0.0001984218394981862,0.0006283358250775896,0.0,0.0003968436789963724,0.0,0.0,0.0,0.0,0.0003968436789963724,0.0012566716501551793,0.0,0.0007936873579927448,0.0,0.0,0.0,0.0003968436789963724,0.0003968436789963724,0.0012566716501551793,0.0,0.0,0.0,0.0,0.0,9.92109197490931e-05,9.92109197490931e-05,0.00011574607304060861,0.0,0.0,0.0,0.0,0.0,0.0003968436789963724,0.0003968436789963724,0.00046298429216243443,0.0003968436789963724,0.0,0.0,0.0,0.0,0.0003968436789963724,0.0003968436789963724,0.00046298429216243443,0.0003968436789963724,0.0,0.0,0.0,0.0
x_R22_EXIT_G,0.0,0.0,0.0,0.0027779057529746065,0.00022322456943545945,0.002009021124919135,0.002108232044668228,0.00022322456943545945,0.0,0.0,0.0,0.0006173123895499126,0.0,0.0004464491388709189,0.00046849600992627296,0.0,0.0,0.0,0.0,0.000666917849424459,0.0,0.00041889055005172644,0.00041889055005172644,0.0,0.0,0.0,0.0,0.000666917849424459,0.0,0.00041889055005172644,0.00041889055005172644,0.0,0.0,0.0,0.0,0.0033345892471222955,0.0,0.002094452750258632,0.002094452750258632,0.0,0.0,0.0,0.0,0.00046298429216243443,0.0,0.00033483685415318913,0.00035137200744470465,0.0,0.0,0.0,0.0,0.0006173123895499126,0.0,0.0004464491388709189,0.00046849600992627296,0.0,0.0,0.0,0.0,0.000666917849424459,0.0,0.00041889055005172644,0.00041889055005172644,0.0,0.0,0.0,0.0,0.000666917849424459,0.0,0.00041889055005172644,0.00041889055005172644,0.0,0.0,0.0,0.0,0.000666917849424459,0.0,0.00041889055005172644,0.00041889055005172644,0.0,0.0,0.0,0.0,0.0006173123895499126,0.0,0.0004464491388709189,0.00046849600992627296,0.0,0.0,0.0,0.0,0.0006173123895499126,0.0,0.0004464491388709189,0.00046849600992627296,0.0,0.0,0.0,0.0,0.0006173123895499126,0.0,0.0004464491388709189,0.00046849600992627296,0.0,0.0,0.0,0.0,0.0006173123895499126,0.0,0.0004464491388709189,0.00046849600992627296,0.0,0.0,0.0,0.0,0.000666917849424459,0.0,0.00041889055005172644,0.00041889055005172644,0.0,0.0,0.0,0.0,0.000666917849424459,0.0,0.00041889055005172644,0.00041889055005172644,0.0,0.0,0.0,0.0,0.000666917849424459,0.0,0.00041889055005172644,0.00041889055005172644,0.0,0.0,0.0,0.0,0.000666917849424459,0.0,0.00041889055005172644,0.00041889055005172644,0.0,0.0,0.0,0.0,0.0005001883870683443,0.0,0.00031416791253879476,0.00031416791253879476,0.0,0.9205114948844619,0.9203874812347755,0.9203874812347755,-0.9026371580362934,0.9203874812347755,0.9193092514472246,0.9193092514472246,0.9193092514472246,0.0011161228471772973,0.0009921091974909309,0.0,0.002659403821052078,0.0,0.0,0.0,0.0,0.00033483685415318913,0.00037204094905909907,0.00037204094905909907,0.00012814743800924523,0.00037204094905909907,0.0,0.0,0.0,0.0006200682484318318,0.0007440818981181981,0.0007440818981181981,0.0009232127254429496,0.0007440818981181981,0.0,0.0,0.0,0.00012401364968636636,0.0,0.0,0.0016672946235611477,0.0,0.0,0.0,0.0,0.00012401364968636636,0.0,0.0,0.0016672946235611477,0.0,0.0,0.0,0.0,0.0006696737083063784,0.0005952655184945585,0.0005952655184945585,0.0005539276352657697,0.0,0.0,0.0,0.0,0.00011161228471772973,9.92109197490931e-05,0.0,0.0002659403821052079,0.0,0.0,0.0,0.0,0.00012401364968636636,0.0001984218394981862,0.0001984218394981862,8.543162533949682e-05,0.0001984218394981862,0.0,0.0,0.0,0.0002480272993727327,0.0003968436789963724,0.0003968436789963724,0.0003692850901771798,0.0003968436789963724,0.0,0.0,0.0,0.0004464491388709189,0.0003968436789963724,0.0003968436789963724,0.0003692850901771798,0.0,0.0,0.0,0.0,0.0,0.0,0.0,9.232127254429495e-05,0.0,0.0,0.0,0.0,0.0,0.0,0.0,0.000666917849424459,0.0,0.0,0.0,0.0,0.0,0.0,0.0,0.000666917849424459,0.0,0.0,0.0,0.0
x_R22_EXIT_H,0.0,0.0,0.0,0.0,0.0033731712714691648,0.0,0.0018850074752327685,0.0024802729937273274,0.0,0.0,0.0,0.0,0.0007495936158820367,0.0,0.00041889055005172644,0.0005511717763838505,0.0,0.0,0.0,0.0,0.0003527499368856643,0.00041889055005172644,0.00041889055005172644,0.00015432809738747814,0.0,0.0,0.0,0.0,0.0003527499368856643,0.00041889055005172644,0.00041889055005172644,0.00015432809738747814,0.0,0.0,0.0,0.0,0.0017637496844283213,0.002094452750258632,0.002094452750258632,0.0007716404869373906,0.0,0.0,0.0,0.0,0.0005621952119115275,0.0,0.00031416791253879476,0.0004133788322878878,0.0,0.0,0.0,0.0,0.0007495936158820367,0.0,0.00041889055005172644,0.0005511717763838505,0.0,0.0,0.0,0.0,0.0003527499368856643,0.00041889055005172644,0.00041889055005172644,0.00015432809738747814,0.0,0.0,0.0,0.0,0.0003527499368856643,0.00041889055005172644,0.00041889055005172644,0.00015432809738747814,0.0,0.0,0.0,0.0,0.0003527499368856643,0.00041889055005172644,0.00041889055005172644,0.00015432809738747814,0.0,0.0,0.0,0.0,0.0007495936158820367,0.0,0.00041889055005172644,0.0005511717763838505,0.0,0.0,0.0,0.0,0.0007495936158820367,0.0,0.00041889055005172644,0.0005511717763838505,0.0,0.0,0.0,0.0,0.0007495936158820367,0.0,0.00041889055005172644,0.0005511717763838505,0.0,0.0,0.0,0.0,0.0007495936158820367,0.0,0.00041889055005172644,0.0005511717763838505,0.0,0.0,0.0,0.0,0.0003527499368856643,0.00041889055005172644,0.00041889055005172644,0.00015432809738747814,0.0,0.0,0.0,0.0,0.0003527499368856643,0.00041889055005172644,0.00041889055005172644,0.00015432809738747814,0.0,0.0,0.0,0.0,0.0003527499368856643,0.00041889055005172644,0.00041889055005172644,0.00015432809738747814,0.0,0.0,0.0,0.0,0.0003527499368856643,0.00041889055005172644,0.00041889055005172644,0.00015432809738747814,0.0,0.0,0.0,0.0,0.00026456245266424824,0.00031416791253879476,0.00031416791253879476,0.00011574607304060861,0.9203874812347755,0.9203874812347755,0.9213795904322665,0.9203874812347755,-0.8998983651656369,0.9193092514472246,0.9193092514472246,0.9193092514472246,0.0009921091974909309,0.0009921091974909309,0.0002204687105535402,0.0009921091974909309,0.0006614061316606206,0.0,0.0,0.0,0.0,0.0,0.00029763275924727924,0.0,0.0005621952119115275,0.0,0.0,0.0,0.0,0.0,0.0009921091974909309,0.0,0.0018739840397050918,0.0,0.0,0.0,0.0013779294409596264,0.0013779294409596264,0.0003858202434686953,0.0013779294409596264,0.0004960545987454653,0.0,0.0,0.0,0.0017086325067899365,0.0017086325067899365,0.0007165233092990055,0.0017086325067899365,0.00016535153291515514,0.0,0.0,0.0,0.0005952655184945585,0.0005952655184945585,0.001190531036989117,0.0,0.0003968436789963724,0.0,0.0,0.0,9.92109197490931e-05,9.92109197490931e-05,0.0,9.92109197490931e-05,6.614061316606206e-05,0.0,0.0,0.0,0.0,0.0001984218394981862,0.0003968436789963724,0.0,0.0005732186474392045,0.0,0.0,0.0,0.0,0.0003968436789963724,0.0007936873579927448,0.0,0.001146437294878409,0.0,0.0,0.0,0.0003968436789963724,0.0003968436789963724,0.0007936873579927448,0.0,6.614061316606205e-05,0.0,0.0,0.0,0.00012125779080444711,0.00012125779080444711,0.0,0.0,0.0,0.0,0.0,0.0,0.00048503116321778843,0.00048503116321778843,8.818748422141607e-05,0.00048503116321778843,6.614061316606205e-05,0.0,0.0,0.0,0.00048503116321778843,0.00048503116321778843,8.818748422141607e-05,0.00048503116321778843,6.614061316606205e-05,0.0,0.0,0.0
x_R22_EXIT_A,0.0,0.0,0.0,0.0,0.0,0.0019966197599504986,0.0,0.0,0.0,0.0,0.0,0.0,0.0,0.00044369327998899965,0.0,0.0,0.0,0.0,0.0,0.0,0.0,0.0014578493485352846,0.0,0.0,0.0,0.0,0.0,0.0,0.0,0.0014578493485352846,0.0,0.0,0.0,0.0,0.0,0.0,0.0,0.007289246742676422,0.0,0.0,0.0,0.0,0.0,0.0,0.0,0.0003327699599917497,0.0,0.0,0.0,0.0,0.0,0.0,0.0,0.00044369327998899965,0.0,0.0,0.0,0.0,0.0,0.0,0.0,0.0014578493485352846,0.0,0.0,0.0,0.0,0.0,0.0,0.0,0.0014578493485352846,0.0,0.0,0.0,0.0,0.0,0.0,0.0,0.0014578493485352846,0.0,0.0,0.0,0.0,0.0,0.0,0.0,0.00044369327998899965,0.0,0.0,0.0,0.0,0.0,0.0,0.0,0.00044369327998899965,0.0,0.0,0.0,0.0,0.0,0.0,0.0,0.00044369327998899965,0.0,0.0,0.0,0.0,0.0,0.0,0.0,0.00044369327998899965,0.0,0.0,0.0,0.0,0.0,0.0,0.0,0.0014578493485352846,0.0,0.0,0.0,0.0,0.0,0.0,0.0,0.0014578493485352846,0.0,0.0,0.0,0.0,0.0,0.0,0.0,0.0014578493485352846,0.0,0.0,0.0,0.0,0.0,0.0,0.0,0.0014578493485352846,0.0,0.0,0.0,0.0,0.0,0.0,0.0,0.0010933870114014632,0.0,0.0,0.9193092514472246,0.9193092514472246,0.9193092514472246,0.9193092514472246,0.9193092514472246,-0.9015261911311805,0.9193092514472246,0.9193092514472246,0.0,0.0,0.0,0.0,0.0,0.003644623371338211,0.0,0.0,0.0,0.0,0.0,0.0,0.0,0.0003327699599917497,0.00029763275924727924,0.00029763275924727924,0.0,0.0,0.0,0.0,0.0,0.001729301448404331,0.00037204094905909907,0.00037204094905909907,0.0,0.0,0.0,0.0,0.0,0.0021013423974634298,0.0,0.0,0.0,0.0,0.0,0.0,0.0,0.0021013423974634298,0.0,0.0,0.0008184900879300179,0.0008184900879300179,0.0008184900879300179,0.00029763275924727924,0.0,0.0013352136282898778,0.0,0.0,0.0,0.0,0.0,0.0,0.0,0.00022253560471497964,0.0,0.0,0.00032863617166887084,0.00070067712072797,0.00070067712072797,0.0002046225219825045,0.00070067712072797,0.0,0.0004030443614806907,0.0004030443614806907,0.0,0.0007440818981181981,0.0007440818981181981,0.0,0.0007440818981181981,0.0,0.00014881637962363965,0.00014881637962363965,0.0005952655184945585,0.0005952655184945585,0.0005952655184945585,0.00014881637962363965,0.0,0.000840536958985372,0.0,0.0,0.0,0.0,0.0,0.0,0.0,0.000210134239746343,0.0,0.0,0.0,0.0,0.0,0.0,0.0,0.000840536958985372,0.0,0.0,0.0,0.0,0.0,0.0,0.0,0.000840536958985372,0.0,0.0
x_R22_EXIT_F,0.0,0.0,0.0,0.0,0.0,0.0,0.003770014950465538,0.0,0.0,0.0,0.0,0.0,0.0,0.0,0.0008377811001034529,0.0,0.0,0.0,0.0,0.0,0.0,0.0,0.0008377811001034529,0.0,0.0,0.0,0.0,0.0,0.0,0.0,0.0008377811001034529,0.0,0.0,0.0,0.0,0.0,0.0,0.0,0.004188905500517264,0.0,0.0,0.0,0.0,0.0,0.0,0.0,0.0006283358250775894,0.0,0.0,0.0,0.0,0.0,0.0,0.0,0.0008377811001034529,0.0,0.0,0.0,0.0,0.0,0.0,0.0,0.0008377811001034529,0.0,0.0,0.0,0.0,0.0,0.0,0.0,0.0008377811001034529,0.0,0.0,0.0,0.0,0.0,0.0,0.0,0.0008377811001034529,0.0,0.0,0.0,0.0,0.0,0.0,0.0,0.0008377811001034529,0.0,0.0,0.0,0.0,0.0,0.0,0.0,0.0008377811001034529,0.0,0.0,0.0,0.0,0.0,0.0,0.0,0.0008377811001034529,0.0,0.0,0.0,0.0,0.0,0.0,0.0,0.0008377811001034529,0.0,0.0,0.0,0.0,0.0,0.0,0.0,0.0008377811001034529,0.0,0.0,0.0,0.0,0.0,0.0,0.0,0.0008377811001034529,0.0,0.0,0.0,0.0,0.0,0.0,0.0,0.0008377811001034529,0.0,0.0,0.0,0.0,0.0,0.0,0.0,0.0008377811001034529,0.0,0.0,0.0,0.0,0.0,0.0,0.0,0.0006283358250775894,0.0,0.9193092514472246,0.9193092514472246,0.9193092514472246,0.9193092514472246,0.9193092514472246,0.9193092514472246,-0.9072362459989594,0.9203874812347755,0.0009921091974909309,0.0009921091974909309,0.0,0.0009921091974909309,0.0,0.001047226375129316,0.001047226375129316,0.0,0.0,0.0,0.0,0.0,0.0,0.0,0.00012814743800924523,0.0,0.0,0.0,0.0,0.0,0.0,0.0,0.00042715812669748407,0.0,0.0,0.0,0.0,0.0,0.0,0.0,0.00042715812669748407,0.0,0.0,0.0,0.0,0.0,0.0,0.0,0.00042715812669748407,0.0,0.0,0.0,0.0,0.0,0.00022322456943545943,0.0,0.00040511125564213007,0.0,0.00013641501465500301,0.00013641501465500301,0.0,0.00013641501465500301,0.0,0.0,6.751854260702168e-05,0.0,0.0,0.0,0.0,0.0,0.0,0.0,8.543162533949683e-05,0.0,0.0,0.0,0.0,0.0,0.0,0.0,0.00017086325067899367,0.0,0.0,0.0,0.0,0.0,9.92109197490931e-05,0.0,7.165233092990057e-05,9.92109197490931e-05,0.0,0.0,0.0,0.0,0.0,0.0,0.0,0.0,0.0,0.0,0.0,0.0,0.0,0.0,0.00017086325067899367,0.0,0.0,0.0,0.0,0.0,0.0,0.0,0.00017086325067899367,0.0
x_R22_EXIT_B,0.0,0.0,0.0,0.0,0.0,0.0,0.0018850074752327685,0.005667423790666943,0.0,0.0,0.0,0.0,0.0,0.0,0.00041889055005172644,0.0012594275090370985,0.0,0.0,0.0,0.0,0.0,0.0,0.00041889055005172644,0.0012594275090370985,0.0,0.0,0.0,0.0,0.0,0.0,0.00041889055005172644,0.0012594275090370985,0.0,0.0,0.0,0.0,0.0,0.0,0.002094452750258632,0.006297137545185492,0.0,0.0,0.0,0.0,0.0,0.0,0.00031416791253879476,0.0009445706317778237,0.0,0.0,0.0,0.0,0.0,0.0,0.00041889055005172644,0.0012594275090370985,0.0,0.0,0.0,0.0,0.0,0.0,0.00041889055005172644,0.0012594275090370985,0.0,0.0,0.0,0.0,0.0,0.0,0.00041889055005172644,0.0012594275090370985,0.0,0.0,0.0,0.0,0.0,0.0,0.00041889055005172644,0.0012594275090370985,0.0,0.0,0.0,0.0,0.0,0.0,0.00041889055005172644,0.0012594275090370985,0.0,0.0,0.0,0.0,0.0,0.0,0.00041889055005172644,0.0012594275090370985,0.0,0.0,0.0,0.0,0.0,0.0,0.00041889055005172644,0.0012594275090370985,0.0,0.0,0.0,0.0,0.0,0.0,0.00041889055005172644,0.0012594275090370985,0.0,0.0,0.0,0.0,0.0,0.0,0.00041889055005172644,0.0012594275090370985,0.0,0.0,0.0,0.0,0.0,0.0,0.00041889055005172644,0.0012594275090370985,0.0,0.0,0.0,0.0,0.0,0.0,0.00041889055005172644,0.0012594275090370985,0.0,0.0,0.0,0.0,0.0,0.0,0.00041889055005172644,0.0012594275090370985,0.0,0.0,0.0,0.0,0.0,0.0,0.00031416791253879476,0.0009445706317778237,0.9193092514472246,0.9193092514472246,0.9193092514472246,0.9193092514472246,0.9193092514472246,0.9193092514472246,0.9203874812347755,-0.894153997581905,0.0020393355726202466,0.0020393355726202466,0.001047226375129316,0.0020393355726202466,0.001047226375129316,0.0020944527502586314,0.001047226375129316,0.004581615391190757,0.0,0.0,0.0,0.0,0.0,0.0,0.0,0.0009941760916523702,0.0,0.0,0.0,0.0,0.0,0.0,0.0,0.003313920305507901,0.0,0.0,0.0,0.0,0.0,0.00016535153291515514,0.00016535153291515514,0.003148568772592746,0.0,0.0,0.0,0.0,0.0,0.00016535153291515514,0.00016535153291515514,0.0001102343552767701,0.0,0.0,0.0,0.0,0.001256671650155179,0.0,0.0,0.002021422489887771,9.92109197490931e-05,9.92109197490931e-05,0.0,9.92109197490931e-05,0.0,0.0,0.0,0.00033690374831462863,0.0,0.0,0.0,0.0,0.0,0.0,0.0,0.0006627840611015803,0.0,0.0,0.0,0.0,0.0,0.0,0.0,0.0013255681222031606,0.0,0.0,0.0,0.0,6.614061316606205e-05,0.0,0.0,0.0013255681222031606,0.0,0.0,0.0,0.0,0.0,0.0,0.0,0.00033139203055079016,0.000563573141352487,0.000563573141352487,0.000563573141352487,0.000563573141352487,0.000409245043965009,0.00047538565713107106,0.00047538565713107106,0.0008501824650720895,0.00015432809738747814,0.00015432809738747814,0.00015432809738747814,0.00015432809738747814,0.0,6.614061316606205e-05,6.614061316606205e-05,0.0
x_R23_EXIT_C,0.00019842183949818617,0.00272830029310006,0.00272830029310006,0.003621198570841898,0.0038444231402773575,0.003621198570841898,0.007416016251244709,0.0038444231402773575,0.0,0.0006062889540222355,0.0006062889540222355,0.0008047107935204217,0.0008543162533949682,0.0008047107935204217,0.0016480036113877133,0.0008543162533949682,0.0006503826961329435,0.0,0.0,0.0,0.0,0.0003968436789963724,0.0007936873579927448,0.0,0.0006503826961329435,0.0,0.0,0.0,0.0,0.0003968436789963724,0.0007936873579927448,0.0,0.0032519134806647176,0.0,0.0,0.0002480272993727327,0.0,0.0019842183949818617,0.0039684367899637234,0.0,0.00014054880297788186,0.0002562948760184905,0.0002562948760184905,0.00040511125564213007,0.00044231535054804,0.00040511125564213007,0.0010375808690425985,0.00044231535054804,0.0,0.00046298429216243443,0.00046298429216243443,0.0006614061316606207,0.0007110115915351671,0.0006614061316606207,0.0015046989495279117,0.0007110115915351671,0.0006503826961329435,0.0,0.0,0.0,0.0,0.0003968436789963724,0.0007936873579927448,0.0,0.0006503826961329435,0.0,0.0,0.0,0.0,0.0003968436789963724,0.0007936873579927448,0.0,0.0006503826961329435,0.0,0.0,0.0,0.0,0.0003968436789963724,0.0007936873579927448,0.0,0.0003086561947749563,0.0003417265013579873,0.0003417265013579873,0.0005401483408561735,0.0005897538007307201,0.0005401483408561735,0.0013834411587234647,0.0005897538007307201,0.0003086561947749563,0.0003417265013579873,0.0003417265013579873,0.0005401483408561735,0.0005897538007307201,0.0005401483408561735,0.0013834411587234647,0.0005897538007307201,0.00042991398557940333,0.0002204687105535402,0.0002204687105535402,0.0004188905500517264,0.0004684960099262729,0.0004188905500517264,0.0012621833679190176,0.0004684960099262729,0.0005511717763838505,9.92109197490931e-05,9.92109197490931e-05,0.00029763275924727924,0.00034723821912182576,0.00029763275924727924,0.0011409255771145704,0.00034723821912182576,0.0006503826961329435,0.0,0.0,0.0,0.0,0.0003968436789963724,0.0007936873579927448,0.0,0.0006503826961329435,0.0,0.0,0.0,0.0,0.0003968436789963724,0.0007936873579927448,0.0,0.0006503826961329435,0.0,0.0,0.0,0.0,0.0003968436789963724,0.0007936873579927448,0.0,0.0006503826961329435,0.0,0.0,0.0,0.0,0.0003968436789963724,0.0007936873579927448,0.0,0.00048778702209970764,0.0,0.0,0.0,0.0,0.00029763275924727924,0.0005952655184945585,0.0,0.003238134186255122,0.0009921091974909309,0.0009921091974909309,0.0011161228471772973,0.0009921091974909309,0.0,0.0009921091974909309,0.0020393355726202466,-0.88838864484306,0.9224819339850342,0.9193092514472246,0.9226059476347206,0.9193092514472246,0.9213795904322665,0.9203874812347755,0.9193092514472246,0.0006366034017233472,0.0,0.0,0.0,0.0,0.0,0.0,0.0,0.0021220113390778244,0.00012401364968636636,0.00012401364968636636,0.0,0.00012401364968636636,0.0,0.0,0.0,0.002246024988764191,0.0,0.0,0.00012401364968636636,0.0,0.0,0.0,0.0,0.002246024988764191,0.0,0.0,0.00012401364968636636,0.0,0.0,0.0,0.0,0.0019428805117530728,0.0005952655184945585,0.0005952655184945585,0.0,0.0006283358250775895,0.0,0.0,0.0,0.0004340477739022824,0.00020944527502586322,0.0,0.00022184663999449982,0.0,0.0,0.0,0.0,0.00042440226781556486,0.0001984218394981862,0.0001984218394981862,0.0,0.0001984218394981862,0.0,0.0,0.0,0.0008488045356311297,0.0003968436789963724,0.0003968436789963724,0.0,0.0003968436789963724,0.0,0.0,0.0,0.0012952536745020485,0.0003968436789963724,0.0003968436789963724,0.0,0.0,0.0,0.0,0.0,0.00022460249887641903,0.0,0.0,0.0,0.0,0.0,0.0,0.0,0.0008984099955056761,0.0,0.0,0.0,0.0,0.0,0.0,0.0,0.0008984099955056761,0.0,0.0,0.0,0.0,0.0,0.0,0.0
x_R23_EXIT_D,0.0,0.0011409255771145706,0.0,0.0,0.0,0.0,0.0035715931109673513,0.0,0.0,0.0002535390171365712,0.0,0.0,0.0,0.0,0.0007936873579927448,0.0,0.0,0.0002535390171365712,0.0,0.0001984218394981862,0.0,0.0005952655184945586,0.0009921091974909309,0.0,0.0,0.0002535390171365712,0.0,0.0001984218394981862,0.0,0.0005952655184945586,0.0009921091974909309,0.0,0.0004684960099262729,0.0001102343552767701,0.0004684960099262729,0.0014606052074172039,0.0004684960099262729,0.0034448236023990656,0.005429041997380927,0.0004684960099262729,0.0,0.0001901542628524284,0.0,0.0,0.0,0.0,0.0005952655184945585,0.0,0.0,0.0002535390171365712,0.0,0.0,0.0,0.0,0.0007936873579927448,0.0,0.0,0.0002535390171365712,0.0,0.0001984218394981862,0.0,0.0005952655184945586,0.0009921091974909309,0.0,0.0,0.0002535390171365712,0.0,0.0001984218394981862,0.0,0.0005952655184945586,0.0009921091974909309,0.0,0.0,0.0002535390171365712,0.0,0.0001984218394981862,0.0,0.0005952655184945586,0.0009921091974909309,0.0,0.0,0.0002535390171365712,0.0,0.0,0.0,0.0,0.0007936873579927448,0.0,0.0,0.0002535390171365712,0.0,0.0,0.0,0.0,0.0007936873579927448,0.0,0.0,0.0002535390171365712,0.0,0.0,0.0,0.0,0.0007936873579927448,0.0,0.0,0.0002535390171365712,0.0,0.0,0.0,0.0,0.0007936873579927448,0.0,0.0,0.0002535390171365712,0.0,0.0001984218394981862,0.0,0.0005952655184945586,0.0009921091974909309,0.0,0.0,0.0002535390171365712,0.0,0.0001984218394981862,0.0,0.0005952655184945586,0.0009921091974909309,0.0,0.0,0.0002535390171365712,0.0,0.0001984218394981862,0.0,0.0005952655184945586,0.0009921091974909309,0.0,0.0,0.0002535390171365712,0.0,0.0001984218394981862,0.0,0.0005952655184945586,0.0009921091974909309,0.0,0.0,0.0001901542628524284,0.0,0.00014881637962363962,0.0,0.00044644913887091885,0.0007440818981181981,0.0,0.0009921091974909309,0.002122011339077825,0.0009921091974909309,0.0009921091974909309,0.0009921091974909309,0.0,0.0009921091974909309,0.0020393355726202466,0.9224819339850342,-0.8960158908589839,0.9193092514472246,0.9224819339850342,0.9193092514472246,0.9213795904322665,0.9203874812347755,0.9193092514472246,0.0,0.000338970642476068,0.0,0.0,0.0,0.0,0.0,0.0,0.0,0.0011299021415868936,0.0,0.0,0.0,0.0,0.0,0.0,0.0,0.0011299021415868936,0.0,0.0,0.0,0.0,0.0,0.0,0.0,0.0011299021415868936,0.0,0.0,0.0,0.0,0.0,0.0,0.0005952655184945585,0.0012732068034466944,0.0005952655184945585,0.0,0.0006283358250775895,0.0,0.0,0.0,0.00020944527502586322,0.0003224354891845526,0.0,0.00020944527502586322,0.0,0.0,0.0,0.0,0.0,0.0004244022678155649,0.0001984218394981862,0.0,0.0001984218394981862,0.0,0.0,0.0,0.0,0.0008488045356311298,0.0003968436789963724,0.0,0.0003968436789963724,0.0,0.0,0.0,0.0003968436789963724,0.0008488045356311298,0.0003968436789963724,0.0,0.0,0.0,0.0,0.0,0.0,0.0001129902141586893,0.0,0.0,0.0,0.0,0.0,0.0,0.0,0.0004519608566347572,0.0,0.0,0.0,0.0,0.0,0.0,0.0,0.0004519608566347572,0.0,0.0,0.0,0.0,0.0,0.0
x_R23_EXIT_E,0.0,0.0,0.0016865856357345822,0.0,0.00039684367899637233,0.0,0.0,0.00039684367899637233,0.0,0.0,0.00037479680794101834,0.0,8.818748422141607e-05,0.0,0.0,8.818748422141607e-05,0.00033070306583031034,0.00033070306583031034,0.0,0.00033070306583031034,0.0005070780342731424,0.00033070306583031034,0.00033070306583031034,0.0005070780342731424,0.00033070306583031034,0.00033070306583031034,0.0,0.00033070306583031034,0.0005070780342731424,0.00033070306583031034,0.00033070306583031034,0.0005070780342731424,0.0,0.0,0.0018739840397050912,0.0,0.0008818748422141605,0.0,0.0,0.0008818748422141605,0.0,0.0,0.0002810976059557637,0.0,6.614061316606206e-05,0.0,0.0,6.614061316606206e-05,0.0,0.0,0.00037479680794101834,0.0,8.818748422141607e-05,0.0,0.0,8.818748422141607e-05,0.00024251558160889424,0.00024251558160889424,0.00013228122633212412,0.00024251558160889424,0.0004188905500517264,0.00024251558160889424,0.00024251558160889424,0.0004188905500517264,0.00024251558160889424,0.00024251558160889424,0.0,0.00024251558160889424,0.0004188905500517264,0.00024251558160889424,0.00024251558160889424,0.0004188905500517264,0.00017637496844283214,0.00017637496844283214,0.0,0.00017637496844283214,0.00035274993688566434,0.00017637496844283214,0.00017637496844283214,0.00035274993688566434,0.0,0.0,0.00037479680794101834,0.0,8.818748422141607e-05,0.0,0.0,8.818748422141607e-05,0.0,0.0,0.00037479680794101834,0.0,8.818748422141607e-05,0.0,0.0,8.818748422141607e-05,0.0,0.0,0.00037479680794101834,0.0,8.818748422141607e-05,0.0,0.0,8.818748422141607e-05,0.0,0.0,0.00037479680794101834,0.0,8.818748422141607e-05,0.0,0.0,8.818748422141607e-05,0.0,0.0,0.00033070306583031034,0.0,0.00022046871055354022,0.0,0.0,0.00022046871055354022,0.0001102343552767701,0.0001102343552767701,0.00026456245266424824,0.0001102343552767701,0.0002866093237196023,0.0001102343552767701,0.0001102343552767701,0.0002866093237196023,0.00017637496844283214,0.00017637496844283214,0.0001984218394981862,0.00017637496844283214,0.00035274993688566434,0.00017637496844283214,0.00017637496844283214,0.00035274993688566434,0.00017637496844283214,0.00017637496844283214,0.0001984218394981862,0.00017637496844283214,0.00035274993688566434,0.00017637496844283214,0.00017637496844283214,0.00035274993688566434,0.00013228122633212412,0.00013228122633212412,0.00014881637962363962,0.00013228122633212412,0.00026456245266424824,0.00013228122633212412,0.00013228122633212412,0.00026456245266424824,0.0,0.0,0.0011574607304060858,0.0,0.0002204687105535402,0.0,0.0,0.001047226375129316,0.9193092514472246,0.9193092514472246,-0.8924518933354644,0.9193092514472246,0.9205528327676907,0.9193092514472246,0.9193092514472246,0.9203874812347755,0.0,0.0,0.00034723821912182576,0.0,6.614061316606206e-05,0.0,0.0,0.0,0.0,0.0,0.0011574607304060858,0.0,0.0002204687105535402,0.0,0.0,0.0,0.0002204687105535402,0.0002204687105535402,0.0013779294409596258,0.0002204687105535402,0.0,0.0,0.0,0.0,0.0002204687105535402,0.0002204687105535402,0.0013779294409596258,0.0002204687105535402,0.0,0.0,0.0,0.0,0.0,0.0,0.0006944764382436515,0.0,0.0007275467448266826,0.0,0.0,0.0,0.0,0.0,0.00015432809738747814,0.0,0.0,0.0,0.0,0.0,0.0,0.0,0.00023149214608121722,0.0,0.0,0.0,0.0,0.0,0.0,0.0,0.00046298429216243443,0.0,8.818748422141607e-05,0.0,0.0,0.0,0.0,0.0,0.00046298429216243443,0.0,0.0,0.0,0.0,0.0,0.0,0.0,0.00015432809738747814,0.0,0.0,0.0,0.0,0.0,0.00015432809738747814,0.00015432809738747814,0.0006173123895499126,0.00015432809738747814,0.0,0.0,0.0,0.0,0.00015432809738747814,0.00015432809738747814,0.0006173123895499126,0.00015432809738747814,0.0,0.0,0.0,0.0
x_R23_EXIT_G,0.0,0.0,0.0,0.0027779057529746065,0.00022322456943545945,0.002009021124919135,0.0037948176804028107,0.00022322456943545945,0.0,0.0,0.0,0.0006173123895499126,0.0,0.0004464491388709189,0.0008432928178672913,0.0,0.0,0.0,0.0,0.000666917849424459,0.0,0.0003968436789963724,0.0007936873579927448,0.0,0.0,0.0,0.0,0.000666917849424459,0.0,0.0003968436789963724,0.0007936873579927448,0.0,0.0,0.0,0.0,0.0033345892471222955,0.0,0.0019842183949818617,0.0039684367899637234,0.0,0.0,0.0,0.0,0.00046298429216243443,0.0,0.00033483685415318913,0.0006324696134004684,0.0,0.0,0.0,0.0,0.0006173123895499126,0.0,0.0004464491388709189,0.0008432928178672913,0.0,0.0,0.0,0.0,0.000666917849424459,0.0,0.0003968436789963724,0.0007936873579927448,0.0,0.0,0.0,0.0,0.000666917849424459,0.0,0.0003968436789963724,0.0007936873579927448,0.0,0.0,0.0,0.0,0.000666917849424459,0.0,0.0003968436789963724,0.0007936873579927448,0.0,0.0,0.0,0.0,0.0006173123895499126,0.0,0.0004464491388709189,0.0008432928178672913,0.0,0.0,0.0,0.0,0.0006173123895499126,0.0,0.0004464491388709189,0.0008432928178672913,0.0,0.0,0.0,0.0,0.0006173123895499126,0.0,0.0004464491388709189,0.0008432928178672913,0.0,0.0,0.0,0.0,0.0006173123895499126,0.0,0.0004464491388709189,0.0008432928178672913,0.0,0.0,0.0,0.0,0.000666917849424459,0.0,0.0003968436789963724,0.0007936873579927448,0.0,0.0,0.0,0.0,0.000666917849424459,0.0,0.0003968436789963724,0.0007936873579927448,0.0,0.0,0.0,0.0,0.000666917849424459,0.0,0.0003968436789963724,0.0007936873579927448,0.0,0.0,0.0,0.0,0.000666917849424459,0.0,0.0003968436789963724,0.0007936873579927448,0.0,0.0,0.0,0.0,0.0005001883870683443,0.0,0.00029763275924727924,0.0005952655184945585,0.0,0.0011161228471772973,0.0009921091974909309,0.0009921091974909309,0.002659403821052078,0.0009921091974909309,0.0,0.0009921091974909309,0.0020393355726202466,0.9226059476347206,0.9224819339850342,0.9193092514472246,-0.8962019565068704,0.9193092514472246,0.9213795904322665,0.9203874812347755,0.9193092514472246,0.00033483685415318913,0.00037204094905909907,0.00037204094905909907,0.00012814743800924523,0.00037204094905909907,0.0,0.0,0.0,0.0006200682484318318,0.0007440818981181981,0.0007440818981181981,0.0009232127254429496,0.0007440818981181981,0.0,0.0,0.0,0.00012401364968636636,0.0,0.0,0.0016672946235611477,0.0,0.0,0.0,0.0,0.00012401364968636636,0.0,0.0,0.0016672946235611477,0.0,0.0,0.0,0.0,0.0006696737083063784,0.0005952655184945585,0.0005952655184945585,0.0005539276352657697,0.0006283358250775895,0.0,0.0,0.0,0.00022184663999449982,0.00020944527502586322,0.0,0.00037617473738197797,0.0,0.0,0.0,0.0,0.00012401364968636636,0.0001984218394981862,0.0001984218394981862,8.543162533949682e-05,0.0001984218394981862,0.0,0.0,0.0,0.0002480272993727327,0.0003968436789963724,0.0003968436789963724,0.0003692850901771798,0.0003968436789963724,0.0,0.0,0.0,0.0004464491388709189,0.0003968436789963724,0.0003968436789963724,0.0003692850901771798,0.0,0.0,0.0,0.0,0.0,0.0,0.0,9.232127254429495e-05,0.0,0.0,0.0,0.0,0.0,0.0,0.0,0.000666917849424459,0.0,0.0,0.0,0.0,0.0,0.0,0.0,0.000666917849424459,0.0,0.0,0.0,0.0
x_R23_EXIT_H,0.0,0.0,0.0,0.0,0.001190531036989117,0.0,0.0,0.00029763275924727924,0.0,0.0,0.0,0.0,0.00026456245266424824,0.0,0.0,6.614061316606205e-05,0.0,0.0,0.0,0.0,0.00026456245266424824,0.0,0.0,6.614061316606205e-05,0.0,0.0,0.0,0.0,0.00026456245266424824,0.0,0.0,6.614061316606205e-05,0.0,0.0,0.0,0.0,0.0013228122633212411,0.0,0.0,0.0003307030658303103,0.0,0.0,0.0,0.0,0.0001984218394981862,0.0,0.0,0.0,0.0,0.0,0.0,0.0,0.00026456245266424824,0.0,0.0,6.614061316606205e-05,0.0,0.0,0.0,0.0,0.00026456245266424824,0.0,0.0,6.614061316606205e-05,0.0,0.0,0.0,0.0,0.00026456245266424824,0.0,0.0,6.614061316606205e-05,0.0,0.0,0.0,0.0,0.00026456245266424824,0.0,0.0,6.614061316606205e-05,0.0,0.0,0.0,0.0,0.00026456245266424824,0.0,0.0,6.614061316606205e-05,0.0,0.0,0.0,0.0,0.00026456245266424824,0.0,0.0,6.614061316606205e-05,0.0,0.0,0.0,0.0,0.00026456245266424824,0.0,0.0,6.614061316606205e-05,0.0,0.0,0.0,0.0,0.00026456245266424824,0.0,0.0,6.614061316606205e-05,0.0,0.0,0.0,0.0,0.00026456245266424824,0.0,0.0,6.614061316606205e-05,0.0,0.0,0.0,0.0,0.00026456245266424824,0.0,0.0,6.614061316606205e-05,0.0,0.0,0.0,0.0,0.00026456245266424824,0.0,0.0,6.614061316606205e-05,0.0,0.0,0.0,0.0,0.00026456245266424824,0.0,0.0,6.614061316606205e-05,0.0,0.0,0.0,0.0,0.0001984218394981862,0.0,0.0,0.0,0.0,0.0,0.0,0.0,0.0006614061316606206,0.0,0.0,0.001047226375129316,0.9193092514472246,0.9193092514472246,0.9205528327676907,0.9193092514472246,-0.9040202885926744,0.9193092514472246,0.9193092514472246,0.9203874812347755,0.0,0.0,0.0,0.0,0.0001984218394981862,0.0,0.0,0.0,0.0,0.0,0.0,0.0,0.0006614061316606206,0.0,0.0,0.0,0.00016535153291515514,0.00016535153291515514,0.00016535153291515514,0.00016535153291515514,0.0004960545987454653,0.0,0.0,0.0,0.0004960545987454654,0.0004960545987454654,0.0004960545987454654,0.0004960545987454654,0.00016535153291515514,0.0,0.0,0.0,0.0,0.0,0.0,0.0,0.001124390423823055,0.0,0.0,0.0,0.0,0.0,0.0,0.0,8.267576645757757e-05,0.0,0.0,0.0,0.0,0.0,0.0,0.0,0.00013228122633212412,0.0,0.0,0.0,0.0,0.0,0.0,0.0,0.00026456245266424824,0.0,0.0,0.0,0.0,0.0,0.0,0.0,6.614061316606205e-05,0.0,0.0,0.0,0.0,0.0,0.0,0.0,0.0,0.0,0.0,0.0,6.614061316606206e-05,6.614061316606206e-05,6.614061316606206e-05,6.614061316606206e-05,6.614061316606205e-05,0.0,0.0,0.0,6.614061316606206e-05,6.614061316606206e-05,6.614061316606206e-05,6.614061316606206e-05,6.614061316606205e-05,0.0,0.0,0.0
x_R23_EXIT_A,0.0,0.0,0.0,0.0,0.0,0.0019966197599504986,0.0018850074752327685,0.0,0.0,0.0,0.0,0.0,0.0,0.00044369327998899965,0.00041889055005172644,0.0,0.0,0.0,0.0,0.0,0.0,0.0014578493485352846,0.00041889055005172644,0.0,0.0,0.0,0.0,0.0,0.0,0.0014578493485352846,0.00041889055005172644,0.0,0.0,0.0,0.0,0.0,0.0,0.007289246742676422,0.002094452750258632,0.0,0.0,0.0,0.0,0.0,0.0,0.0003327699599917497,0.00031416791253879476,0.0,0.0,0.0,0.0,0.0,0.0,0.00044369327998899965,0.00041889055005172644,0.0,0.0,0.0,0.0,0.0,0.0,0.0014578493485352846,0.00041889055005172644,0.0,0.0,0.0,0.0,0.0,0.0,0.0014578493485352846,0.00041889055005172644,0.0,0.0,0.0,0.0,0.0,0.0,0.0014578493485352846,0.00041889055005172644,0.0,0.0,0.0,0.0,0.0,0.0,0.00044369327998899965,0.00041889055005172644,0.0,0.0,0.0,0.0,0.0,0.0,0.00044369327998899965,0.00041889055005172644,0.0,0.0,0.0,0.0,0.0,0.0,0.00044369327998899965,0.00041889055005172644,0.0,0.0,0.0,0.0,0.0,0.0,0.00044369327998899965,0.00041889055005172644,0.0,0.0,0.0,0.0,0.0,0.0,0.0014578493485352846,0.00041889055005172644,0.0,0.0,0.0,0.0,0.0,0.0,0.0014578493485352846,0.00041889055005172644,0.0,0.0,0.0,0.0,0.0,0.0,0.0014578493485352846,0.00041889055005172644,0.0,0.0,0.0,0.0,0.0,0.0,0.0014578493485352846,0.00041889055005172644,0.0,0.0,0.0,0.0,0.0,0.0,0.0010933870114014632,0.00031416791253879476,0.0,0.0,0.0,0.0,0.0,0.0,0.003644623371338211,0.001047226375129316,0.0020944527502586314,0.9213795904322665,0.9213795904322665,0.9193092514472246,0.9213795904322665,0.9193092514472246,-0.8950909896017575,0.9203874812347755,0.9193092514472246,0.0,0.0,0.0,0.0,0.0,0.0003327699599917497,0.00029763275924727924,0.00029763275924727924,0.0,0.0,0.0,0.0,0.0,0.001729301448404331,0.00037204094905909907,0.00037204094905909907,0.0,0.0,0.0,0.0,0.0,0.0021013423974634298,0.0,0.0,0.0,0.0,0.0,0.0,0.0,0.0021013423974634298,0.0,0.0,0.0008184900879300179,0.0008184900879300179,0.0008184900879300179,0.00029763275924727924,0.0006283358250775895,0.0013352136282898778,0.0,0.0,9.92109197490931e-05,9.92109197490931e-05,0.0,9.92109197490931e-05,0.0,0.00022253560471497964,0.0,0.0,0.00032863617166887084,0.00070067712072797,0.00070067712072797,0.0002046225219825045,0.00070067712072797,0.0,0.0004030443614806907,0.0004030443614806907,0.0,0.0007440818981181981,0.0007440818981181981,0.0,0.0007440818981181981,0.0,0.00014881637962363965,0.00014881637962363965,0.0005952655184945585,0.0005952655184945585,0.0005952655184945585,0.00014881637962363965,0.0,0.000840536958985372,0.0,0.0,0.0,0.0,0.0,0.0,0.0,0.000210134239746343,0.0,0.0,0.0,0.0,0.0,0.0,0.0,0.000840536958985372,0.0,0.0,0.0,0.0,0.0,0.0,0.0,0.000840536958985372,0.0,0.0
x_R23_EXIT_F,0.0,0.0,0.0,0.0,0.0,0.0,0.001885007475232769,0.0,0.0,0.0,0.0,0.0,0.0,0.0,0.00041889055005172633,0.0,0.0,0.0,0.0,0.0,0.0,0.0,0.00041889055005172633,0.0,0.0,0.0,0.0,0.0,0.0,0.0,0.00041889055005172633,0.0,0.0,0.0,0.0,0.0,0.0,0.0,0.002094452750258632,0.0,0.0,0.0,0.0,0.0,0.0,0.0,0.00031416791253879476,0.0,0.0,0.0,0.0,0.0,0.0,0.0,0.00041889055005172633,0.0,0.0,0.0,0.0,0.0,0.0,0.0,0.00041889055005172633,0.0,0.0,0.0,0.0,0.0,0.0,0.0,0.00041889055005172633,0.0,0.0,0.0,0.0,0.0,0.0,0.0,0.00041889055005172633,0.0,0.0,0.0,0.0,0.0,0.0,0.0,0.00041889055005172633,0.0,0.0,0.0,0.0,0.0,0.0,0.0,0.00041889055005172633,0.0,0.0,0.0,0.0,0.0,0.0,0.0,0.00041889055005172633,0.0,0.0,0.0,0.0,0.0,0.0,0.0,0.00041889055005172633,0.0,0.0,0.0,0.0,0.0,0.0,0.0,0.00041889055005172633,0.0,0.0,0.0,0.0,0.0,0.0,0.0,0.00041889055005172633,0.0,0.0,0.0,0.0,0.0,0.0,0.0,0.00041889055005172633,0.0,0.0,0.0,0.0,0.0,0.0,0.0,0.00041889055005172633,0.0,0.0,0.0,0.0,0.0,0.0,0.0,0.00031416791253879476,0.0,0.0,0.0,0.0,0.0,0.0,0.0,0.001047226375129316,0.001047226375129316,0.9203874812347755,0.9203874812347755,0.9193092514472246,0.9203874812347755,0.9193092514472246,0.9203874812347755,-0.9086831622586808,0.9193092514472246,0.0,0.0,0.0,0.0,0.0,0.0,0.00012814743800924523,0.0,0.0,0.0,0.0,0.0,0.0,0.0,0.00042715812669748407,0.0,0.0,0.0,0.0,0.0,0.0,0.0,0.00042715812669748407,0.0,0.0,0.0,0.0,0.0,0.0,0.0,0.00042715812669748407,0.0,0.0,0.0,0.0,0.0,0.000851560394513049,0.0,0.00040511125564213007,0.0,0.0,0.0,0.0,0.0,0.0,0.0,6.751854260702168e-05,0.0,0.0,0.0,0.0,0.0,0.0,0.0,8.543162533949683e-05,0.0,0.0,0.0,0.0,0.0,0.0,0.0,0.00017086325067899367,0.0,0.0,0.0,0.0,0.0,9.92109197490931e-05,0.0,7.165233092990057e-05,9.92109197490931e-05,0.0,0.0,0.0,0.0,0.0,0.0,0.0,0.0,0.0,0.0,0.0,0.0,0.0,0.0,0.00017086325067899367,0.0,0.0,0.0,0.0,0.0,0.0,0.0,0.00017086325067899367,0.0
x_R23_EXIT_B,0.0,0.0,0.0,0.0,0.0,0.0,0.0,0.005667423790666943,0.0,0.0,0.0,0.0,0.0,0.0,0.0,0.0012594275090370985,0.0,0.0,0.0,0.0,0.0,0.0,0.0,0.0012594275090370985,0.0,0.0,0.0,0.0,0.0,0.0,0.0,0.0012594275090370985,0.0,0.0,0.0,0.0,0.0,0.0,0.0,0.006297137545185492,0.0,0.0,0.0,0.0,0.0,0.0,0.0,0.0009445706317778237,0.0,0.0,0.0,0.0,0.0,0.0,0.0,0.0012594275090370985,0.0,0.0,0.0,0.0,0.0,0.0,0.0,0.0012594275090370985,0.0,0.0,0.0,0.0,0.0,0.0,0.0,0.0012594275090370985,0.0,0.0,0.0,0.0,0.0,0.0,0.0,0.0012594275090370985,0.0,0.0,0.0,0.0,0.0,0.0,0.0,0.0012594275090370985,0.0,0.0,0.0,0.0,0.0,0.0,0.0,0.0012594275090370985,0.0,0.0,0.0,0.0,0.0,0.0,0.0,0.0012594275090370985,0.0,0.0,0.0,0.0,0.0,0.0,0.0,0.0012594275090370985,0.0,0.0,0.0,0.0,0.0,0.0,0.0,0.0012594275090370985,0.0,0.0,0.0,0.0,0.0,0.0,0.0,0.0012594275090370985,0.0,0.0,0.0,0.0,0.0,0.0,0.0,0.0012594275090370985,0.0,0.0,0.0,0.0,0.0,0.0,0.0,0.0012594275090370985,0.0,0.0,0.0,0.0,0.0,0.0,0.0,0.0009445706317778237,0.0,0.0,0.0,0.0,0.0,0.0,0.0,0.004581615391190757,0.9193092514472246,0.9193092514472246,0.9203874812347755,0.9193092514472246,0.9203874812347755,0.9193092514472246,0.9193092514472246,-0.900589199111328,0.0,0.0,0.0,0.0,0.0,0.0,0.0,0.0009941760916523702,0.0,0.0,0.0,0.0,0.0,0.0,0.0,0.003313920305507901,0.0,0.0,0.0,0.0,0.0,0.00016535153291515514,0.00016535153291515514,0.003148568772592746,0.0,0.0,0.0,0.0,0.0,0.00016535153291515514,0.00016535153291515514,0.0001102343552767701,0.0,0.0,0.0,0.0,0.0006283358250775895,0.0,0.0,0.002021422489887771,0.0,0.0,0.0,0.0,0.0,0.0,0.0,0.00033690374831462863,0.0,0.0,0.0,0.0,0.0,0.0,0.0,0.0006627840611015803,0.0,0.0,0.0,0.0,0.0,0.0,0.0,0.0013255681222031606,0.0,0.0,0.0,0.0,6.614061316606205e-05,0.0,0.0,0.0013255681222031606,0.0,0.0,0.0,0.0,0.0,0.0,0.0,0.00033139203055079016,0.000563573141352487,0.000563573141352487,0.000563573141352487,0.000563573141352487,0.000409245043965009,0.00047538565713107106,0.00047538565713107106,0.0008501824650720895,0.00015432809738747814,0.00015432809738747814,0.00015432809738747814,0.00015432809738747814,0.0,6.614061316606205e-05,6.614061316606205e-05,0.0
x_R20_EXIT_C,5.952655184945585e-05,0.000818490087930018,0.000818490087930018,0.0016890659087283098,0.0010863595712525694,0.0022713099940057995,0.0010863595712525694,0.0010863595712525694,0.0,0.00018188668620667067,0.00018188668620667067,0.00037534797971740215,0.00024141323805612652,0.0005047355542235111,0.00024141323805612652,0.00024141323805612652,0.00019511480883988307,0.0,0.0,0.00013393474166127568,0.0,0.0,0.0,0.0,0.00019511480883988307,0.0,0.0,0.00013393474166127568,0.0,0.0,0.0,0.0,0.0009755740441994153,0.0,0.0,0.0006696737083063783,0.0,0.0,0.0,0.0,0.0,7.688846280554713e-05,7.688846280554713e-05,0.00022198443293859572,0.000121533376692639,0.00031902511381817745,0.000121533376692639,0.000121533376692639,0.0,0.00013889528764873035,0.00013889528764873035,0.0003323565811594619,0.0001984218394981862,0.00046174415566557075,0.0001984218394981862,0.0001984218394981862,0.00019511480883988307,0.0,0.0,0.00013393474166127568,0.0,0.0,0.0,0.0,0.00019511480883988307,0.0,0.0,0.00013393474166127568,0.0,0.0,0.0,0.0,0.00019511480883988307,0.0,0.0,0.00013393474166127568,0.0,0.0,0.0,0.0,9.259685843248688e-05,0.00010251795040739618,0.00010251795040739618,0.0002959792439181277,0.00016204450225685204,0.0004253668184242367,0.00016204450225685204,0.00016204450225685204,9.259685843248688e-05,0.00010251795040739618,0.00010251795040739618,0.0002959792439181277,0.00016204450225685204,0.0004253668184242367,0.00016204450225685204,0.00016204450225685204,0.00012897419567382102,6.614061316606206e-05,6.614061316606206e-05,0.00025960190667679363,0.0001256671650155179,0.00038898948118290245,0.0001256671650155179,0.0001256671650155179,0.00016535153291515517,0.0,0.0,0.00022322456943545945,8.928982777418377e-05,0.0003526121439415684,8.928982777418377e-05,8.928982777418377e-05,0.00019511480883988307,0.0,0.0,0.00013393474166127568,0.0,0.0,0.0,0.0,0.00019511480883988307,0.0,0.0,0.00013393474166127568,0.0,0.0,0.0,0.0,0.00019511480883988307,0.0,0.0,0.00013393474166127568,0.0,0.0,0.0,0.0,0.00019511480883988307,0.0,0.0,0.00013393474166127568,0.0,0.0,0.0,0.0,0.0001463361066299123,0.0,0.0,0.00010045105624595675,0.0,0.0,0.0,0.0,0.0006366034017233472,0.0,0.0,0.00033483685415318913,0.0,0.0,0.0,0.0,0.0006366034017233472,0.0,0.0,0.00033483685415318913,0.0,0.0,0.0,0.0,-0.8928762860145957,0.9195067431843502,0.9195067431843502,0.9194062921281042,0.9195067431843502,0.9193092514472246,0.9193092514472246,0.9193092514472246,0.0008226238762528968,0.00018602047452954954,0.00018602047452954954,0.00014881637962363962,0.00018602047452954954,0.0,0.0,0.0,0.0006366034017233472,0.0,0.0,0.00033483685415318913,0.0,0.0,0.0,0.0,0.0006366034017233472,0.0,0.0,0.00033483685415318913,0.0,0.0,0.0,0.0,0.00038196204103400834,0.0,0.0,8.928982777418377e-05,0.0,0.0,0.0,0.0,6.366034017233473e-05,0.0,0.0,0.0,0.0,0.0,0.0,0.0,0.00016452477525057938,0.0,0.0,5.952655184945585e-05,0.0,0.0,0.0,0.0,0.00032904955050115875,0.0,0.0,5.952655184945585e-05,0.0,0.0,0.0,0.0,0.0002546413606893389,0.0,0.0,5.952655184945585e-05,0.0,0.0,0.0,0.0,6.366034017233473e-05,0.0,0.0,0.0,0.0,0.0,0.0,0.0,0.0002546413606893389,0.0,0.0,0.00013393474166127568,0.0,0.0,0.0,0.0,0.0002546413606893389,0.0,0.0,0.00013393474166127568,0.0,0.0,0.0,0.0
x_R20_EXIT_D,0.0,0.00034227767313437126,0.0,0.0006027063374757405,6.696737083063784e-05,0.0011849504227532306,6.696737083063784e-05,6.696737083063784e-05,0.0,7.606170514097137e-05,0.0,0.00013393474166127568,0.0,0.0002633223161673846,0.0,0.0,0.0,7.606170514097137e-05,0.0,0.00020834293147309547,0.0,5.952655184945585e-05,5.952655184945585e-05,0.0,0.0,7.606170514097137e-05,0.0,0.00020834293147309547,0.0,5.952655184945585e-05,5.952655184945585e-05,0.0,0.00014054880297788186,0.0,0.00014054880297788186,0.0011822634603433592,0.00014054880297788186,0.0004381815622251611,0.0004381815622251611,0.00014054880297788186,0.0,5.7046278855728516e-05,0.0,0.00010045105624595675,0.0,0.00019749173712553842,0.0,0.0,0.0,7.606170514097137e-05,0.0,0.00013393474166127568,0.0,0.0002633223161673846,0.0,0.0,0.0,7.606170514097137e-05,0.0,0.00020834293147309547,0.0,5.952655184945585e-05,5.952655184945585e-05,0.0,0.0,7.606170514097137e-05,0.0,0.00020834293147309547,0.0,5.952655184945585e-05,5.952655184945585e-05,0.0,0.0,7.606170514097137e-05,0.0,0.00020834293147309547,0.0,5.952655184945585e-05,5.952655184945585e-05,0.0,0.0,7.606170514097137e-05,0.0,0.00013393474166127568,0.0,0.0002633223161673846,0.0,0.0,0.0,7.606170514097137e-05,0.0,0.00013393474166127568,0.0,0.0002633223161673846,0.0,0.0,0.0,7.606170514097137e-05,0.0,0.00013393474166127568,0.0,0.0002633223161673846,0.0,0.0,0.0,7.606170514097137e-05,0.0,0.00013393474166127568,0.0,0.0002633223161673846,0.0,0.0,0.0,7.606170514097137e-05,0.0,0.00020834293147309547,0.0,5.952655184945585e-05,5.952655184945585e-05,0.0,0.0,7.606170514097137e-05,0.0,0.00020834293147309547,0.0,5.952655184945585e-05,5.952655184945585e-05,0.0,0.0,7.606170514097137e-05,0.0,0.00020834293147309547,0.0,5.952655184945585e-05,5.952655184945585e-05,0.0,0.0,7.606170514097137e-05,0.0,0.00020834293147309547,0.0,5.952655184945585e-05,5.952655184945585e-05,0.0,0.0,5.7046278855728516e-05,0.0,0.00015625719860482159,0.0,0.0,0.0,0.0,0.0,0.000338970642476068,0.0,0.00037204094905909907,0.0,0.0,0.0,0.0,0.0,0.000338970642476068,0.0,0.00037204094905909907,0.0,0.0,0.0,0.0,0.9195067431843502,-0.8972951633930625,0.919517904412822,0.9194062921281042,0.919517904412822,0.9193092514472246,0.9193092514472246,0.9193092514472246,0.00018602047452954954,0.0005621952119115274,0.00022322456943545943,0.00014881637962363962,0.00022322456943545943,0.0,0.0,0.0,0.0,0.000338970642476068,0.0,0.00037204094905909907,0.0,0.0,0.0,0.0,0.0,0.000338970642476068,0.0,0.00037204094905909907,0.0,0.0,0.0,0.0,0.0,0.00020338238548564083,0.0,8.928982777418377e-05,0.0,0.0,0.0,0.0,0.0,0.0,0.0,0.0,0.0,0.0,0.0,0.0,0.0,6.779412849521361e-05,0.0,5.952655184945585e-05,0.0,0.0,0.0,0.0,7.440818981181981e-05,0.00013558825699042722,0.0,5.952655184945585e-05,0.0,0.0,0.0,0.0,0.0,0.00013558825699042722,0.0,5.952655184945585e-05,0.0,0.0,0.0,0.0,0.0,0.0,0.0,0.0,0.0,0.0,0.0,0.0,0.0,0.00013558825699042722,0.0,0.00014881637962363962,0.0,0.0,0.0,0.0,0.0,0.00013558825699042722,0.0,0.00014881637962363962,0.0,0.0,0.0,0.0
x_R20_EXIT_E,0.0,0.0,0.0005059756907203748,0.0006027063374757405,0.0006027063374757405,0.0011849504227532306,6.696737083063784e-05,0.0006027063374757405,0.0,0.0,0.00011243904238230551,0.00013393474166127568,0.00013393474166127568,0.0002633223161673846,0.0,0.00013393474166127568,9.92109197490931e-05,9.92109197490931e-05,0.0,0.00024802729937273266,0.00012566716501551792,9.92109197490931e-05,9.92109197490931e-05,0.00012566716501551792,9.92109197490931e-05,9.92109197490931e-05,0.0,0.00024802729937273266,0.00012566716501551792,9.92109197490931e-05,9.92109197490931e-05,0.00012566716501551792,0.0,0.0,0.0005621952119115274,0.0007440818981181981,0.00013228122633212412,0.0,0.0,0.00013228122633212412,0.0,0.0,8.432928178672912e-05,0.00010045105624595675,0.00010045105624595675,0.00019749173712553842,0.0,0.00010045105624595675,0.0,0.0,0.00011243904238230551,0.00013393474166127568,0.00013393474166127568,0.0002633223161673846,0.0,0.00013393474166127568,7.275467448266826e-05,7.275467448266826e-05,0.0,0.00022157105410630786,9.92109197490931e-05,7.275467448266826e-05,7.275467448266826e-05,9.92109197490931e-05,7.275467448266826e-05,7.275467448266826e-05,0.0,0.00022157105410630786,9.92109197490931e-05,7.275467448266826e-05,7.275467448266826e-05,9.92109197490931e-05,5.291249053284965e-05,5.291249053284965e-05,0.0,0.00020172887015648924,7.936873579927447e-05,5.291249053284965e-05,5.291249053284965e-05,7.936873579927447e-05,0.0,0.0,0.00011243904238230551,0.00013393474166127568,0.00013393474166127568,0.0002633223161673846,0.0,0.00013393474166127568,0.0,0.0,0.00011243904238230551,0.00013393474166127568,0.00013393474166127568,0.0002633223161673846,0.0,0.00013393474166127568,0.0,0.0,0.00011243904238230551,0.00013393474166127568,0.00013393474166127568,0.0002633223161673846,0.0,0.00013393474166127568,0.0,0.0,0.00011243904238230551,0.00013393474166127568,0.00013393474166127568,0.0002633223161673846,0.0,0.00013393474166127568,0.0,0.0,9.92109197490931e-05,0.00016204450225685204,0.0,0.0,0.0,0.0,0.0,0.0,7.936873579927447e-05,0.00018188668620667064,5.9526551849455854e-05,0.0,0.0,5.9526551849455854e-05,5.291249053284965e-05,5.291249053284965e-05,5.9526551849455854e-05,0.00020172887015648924,7.936873579927447e-05,5.291249053284965e-05,5.291249053284965e-05,7.936873579927447e-05,5.291249053284965e-05,5.291249053284965e-05,5.9526551849455854e-05,0.00020172887015648924,7.936873579927447e-05,5.291249053284965e-05,5.291249053284965e-05,7.936873579927447e-05,0.0,0.0,0.0,0.00015129665261736698,5.9526551849455854e-05,0.0,0.0,5.9526551849455854e-05,0.0,0.0,0.000644870978369105,0.00037204094905909907,0.00029763275924727924,0.0,0.0,0.0,0.0,0.0,0.00034723821912182576,0.00037204094905909907,0.0,0.0,0.0,0.0,0.9195067431843502,0.919517904412822,-0.8903305410586176,0.9194062921281042,0.9196071942405961,0.9193092514472246,0.9193092514472246,0.9193092514472246,0.00018602047452954954,0.00022322456943545943,0.0008680955478045644,0.00014881637962363962,0.0005208573286827387,0.0,0.0,0.0,0.0003348368541531892,0.00029763275924727924,0.00034723821912182576,0.0006696737083063783,0.0,0.0,0.0,0.0,0.0003348368541531892,0.00029763275924727924,0.00034723821912182576,0.0006696737083063783,0.0,0.0,0.0,0.0,0.0,0.0,0.00038692258702146306,8.928982777418377e-05,0.0,0.0,0.0,0.0,0.0,0.0,0.0,0.0,0.0,0.0,0.0,0.0,0.0,0.0,0.00012897419567382102,5.952655184945585e-05,5.952655184945585e-05,0.0,0.0,0.0,7.440818981181981e-05,0.0,0.00025794839134764204,5.952655184945585e-05,0.0001190531036989117,0.0,0.0,0.0,0.0,0.0,0.00025794839134764204,5.952655184945585e-05,0.0,0.0,0.0,0.0,0.0,0.0,0.0,0.0,0.0,0.0,0.0,0.0,0.00013393474166127568,0.0001190531036989117,0.00013889528764873035,0.00026786948332255137,0.0,0.0,0.0,0.0,0.00013393474166127568,0.0001190531036989117,0.00013889528764873035,0.00026786948332255137,0.0,0.0,0.0,0.0
x_R20_EXIT_G,0.0,0.0,0.0,0.00023066538841664145,0.0,0.00058224408527749,0.0,0.0,0.0,0.0,0.0,5.125897520369809e-05,0.0,0.0001293875745061089,0.0,0.0,0.0,0.0,0.0,5.125897520369809e-05,0.0,0.0,0.0,0.0,0.0,0.0,0.0,5.125897520369809e-05,0.0,0.0,0.0,0.0,0.0,0.0,0.0,0.00025629487601849045,0.0,0.0,0.0,0.0,0.0,0.0,0.0,0.0,0.0,9.704068087958167e-05,0.0,0.0,0.0,0.0,0.0,5.125897520369809e-05,0.0,0.0001293875745061089,0.0,0.0,0.0,0.0,0.0,5.125897520369809e-05,0.0,0.0,0.0,0.0,0.0,0.0,0.0,5.125897520369809e-05,0.0,0.0,0.0,0.0,0.0,0.0,0.0,5.125897520369809e-05,0.0,0.0,0.0,0.0,0.0,0.0,0.0,5.125897520369809e-05,0.0,0.0001293875745061089,0.0,0.0,0.0,0.0,0.0,5.125897520369809e-05,0.0,0.0001293875745061089,0.0,0.0,0.0,0.0,0.0,5.125897520369809e-05,0.0,0.0001293875745061089,0.0,0.0,0.0,0.0,0.0,5.125897520369809e-05,0.0,0.0001293875745061089,0.0,0.0,0.0,0.0,0.0,5.125897520369809e-05,0.0,0.0,0.0,0.0,0.0,0.0,0.0,5.125897520369809e-05,0.0,0.0,0.0,0.0,0.0,0.0,0.0,5.125897520369809e-05,0.0,0.0,0.0,0.0,0.0,0.0,0.0,5.125897520369809e-05,0.0,0.0,0.0,0.0,0.0,0.0,0.0,0.0,0.0,0.0,0.0,0.0,0.0,0.0,0.0,0.00012814743800924523,0.0,0.0,0.0,0.0,0.0,0.0,0.0,0.00012814743800924523,0.0,0.0,0.0,0.0,0.9194062921281042,0.9194062921281042,0.9194062921281042,-0.9133861014960564,0.9194062921281042,0.9193092514472246,0.9193092514472246,0.9193092514472246,0.0,0.0,0.0,0.00012814743800924523,0.0,0.0,0.0,0.0,0.0,0.0,0.0,0.00012814743800924523,0.0,0.0,0.0,0.0,0.0,0.0,0.0,0.00012814743800924523,0.0,0.0,0.0,0.0,0.0,0.0,0.0,7.688846280554714e-05,0.0,0.0,0.0,0.0,0.0,0.0,0.0,0.0,0.0,0.0,0.0,0.0,0.0,0.0,0.0,8.51560394513049e-05,0.0,0.0,0.0,0.0,0.0,0.0,0.0,5.125897520369809e-05,0.0,0.0,0.0,0.0,0.0,0.0,0.0,5.125897520369809e-05,0.0,0.0,0.0,0.0,0.0,0.0,0.0,0.0,0.0,0.0,0.0,0.0,0.0,0.0,0.0,5.125897520369809e-05,0.0,0.0,0.0,0.0,0.0,0.0,0.0,5.125897520369809e-05,0.0,0.0,0.0,0.0
x_R20_EXIT_H,0.0,0.0,0.0,0.0006027063374757405,0.0010789187522713874,0.0011849504227532306,6.696737083063784e-05,0.0008110492689488361,0.0,0.0,0.0,0.00013393474166127568,0.00023975972272697493,0.0002633223161673846,0.0,0.00018023317087751908,0.0,0.0,0.0,0.00014881637962363962,0.0001058249810656993,0.0,0.0,0.0,0.0,0.0,0.0,0.00014881637962363962,0.0001058249810656993,0.0,0.0,0.0,0.0,0.0,0.0,0.0007440818981181981,0.0005291249053284965,0.0,0.0,0.00023149214608121722,0.0,0.0,0.0,0.00010045105624595675,0.00017981979204523125,0.00019749173712553842,0.0,0.00013517487815813934,0.0,0.0,0.0,0.00013393474166127568,0.00023975972272697493,0.0002633223161673846,0.0,0.00018023317087751908,0.0,0.0,0.0,0.00014881637962363962,0.0001058249810656993,0.0,0.0,0.0,0.0,0.0,0.0,0.00014881637962363962,0.0001058249810656993,0.0,0.0,0.0,0.0,0.0,0.0,0.00014881637962363962,0.0001058249810656993,0.0,0.0,0.0,0.0,0.0,0.0,0.00013393474166127568,0.00023975972272697493,0.0002633223161673846,0.0,0.00018023317087751908,0.0,0.0,0.0,0.00013393474166127568,0.00023975972272697493,0.0002633223161673846,0.0,0.00018023317087751908,0.0,0.0,0.0,0.00013393474166127568,0.00023975972272697493,0.0002633223161673846,0.0,0.00018023317087751908,0.0,0.0,0.0,0.00013393474166127568,0.00023975972272697493,0.0002633223161673846,0.0,0.00018023317087751908,0.0,0.0,0.0,0.00014881637962363962,0.0001058249810656993,0.0,0.0,0.0,0.0,0.0,0.0,0.00014881637962363962,0.0001058249810656993,0.0,0.0,0.0,0.0,0.0,0.0,0.00014881637962363962,0.0001058249810656993,0.0,0.0,0.0,0.0,0.0,0.0,0.00014881637962363962,0.0001058249810656993,0.0,0.0,0.0,0.0,0.0,0.0,0.00011161228471772971,7.936873579927447e-05,0.0,0.0,0.0,0.0,0.0,0.00029763275924727924,0.00037204094905909907,0.0005621952119115275,0.0,0.0,0.0,0.0,0.0,6.614061316606206e-05,0.00037204094905909907,0.0001984218394981862,0.0,0.0,0.0,0.9195067431843502,0.919517904412822,0.9196071942405961,0.9194062921281042,-0.8954195506975801,0.9193092514472246,0.9193092514472246,0.9193092514472246,0.00018602047452954954,0.00022322456943545943,0.0005208573286827387,0.00014881637962363962,0.000785419781346987,0.0,0.0,0.0,0.0004505829271937977,0.0004133788322878878,0.00011574607304060861,0.0007854197813469869,0.00014881637962363962,0.0,0.0,0.0,0.0005497938469428908,0.0005125897520369809,0.0002149569927897017,0.00088463070109608,0.0,0.0,0.0,0.0,0.0,0.0,0.00017857965554836754,8.928982777418377e-05,0.00011905310369891172,0.0,0.0,0.0,0.0,0.0,0.0,0.0,0.0,0.0,0.0,0.0,0.0,0.0,5.952655184945585e-05,5.952655184945585e-05,0.00011243904238230548,0.0,0.0,0.0,7.440818981181981e-05,0.0,0.0001190531036989117,5.952655184945585e-05,0.00022487808476461096,0.0,0.0,0.0,0.0,0.0,0.0001190531036989117,5.952655184945585e-05,0.0,0.0,0.0,0.0,0.0,0.0,0.0,0.0,0.0,0.0,0.0,0.0,0.00016039098692770048,0.00014550934896533652,0.0,0.0002943257285889761,0.0,0.0,0.0,0.0,0.00016039098692770048,0.00014550934896533652,0.0,0.0002943257285889761,0.0,0.0,0.0,0.0
x_R20_EXIT_A,0.0,0.0,0.0,0.0,0.0,0.0011514667373379117,0.0,0.0,0.0,0.0,0.0,0.0,0.0,0.00025588149718620254,0.0,0.0,0.0,0.0,0.0,0.0,0.0,0.0001331079839966999,0.0,0.0,0.0,0.0,0.0,0.0,0.0,0.0001331079839966999,0.0,0.0,0.0,0.0,0.0,0.0,0.0,0.0006655399199834994,0.0,0.0,0.0,0.0,0.0,0.0,0.0,0.0001919111228896519,0.0,0.0,0.0,0.0,0.0,0.0,0.0,0.00025588149718620254,0.0,0.0,0.0,0.0,0.0,0.0,0.0,0.0001331079839966999,0.0,0.0,0.0,0.0,0.0,0.0,0.0,0.0001331079839966999,0.0,0.0,0.0,0.0,0.0,0.0,0.0,0.0001331079839966999,0.0,0.0,0.0,0.0,0.0,0.0,0.0,0.00025588149718620254,0.0,0.0,0.0,0.0,0.0,0.0,0.0,0.00025588149718620254,0.0,0.0,0.0,0.0,0.0,0.0,0.0,0.00025588149718620254,0.0,0.0,0.0,0.0,0.0,0.0,0.0,0.00025588149718620254,0.0,0.0,0.0,0.0,0.0,0.0,0.0,0.0001331079839966999,0.0,0.0,0.0,0.0,0.0,0.0,0.0,0.0001331079839966999,0.0,0.0,0.0,0.0,0.0,0.0,0.0,0.0001331079839966999,0.0,0.0,0.0,0.0,0.0,0.0,0.0,0.0001331079839966999,0.0,0.0,0.0,0.0,0.0,0.0,0.0,9.983098799752492e-05,0.0,0.0,0.0,0.0,0.0,0.0,0.0,0.0003327699599917497,0.0,0.0,0.0,0.0,0.0,0.0,0.0,0.0003327699599917497,0.0,0.0,0.9193092514472246,0.9193092514472246,0.9193092514472246,0.9193092514472246,0.9193092514472246,-0.9133296752854491,0.9194013315821168,0.9194013315821168,0.0,0.0,0.0,0.0,0.0,0.0003327699599917497,0.0,0.0,0.0,0.0,0.0,0.0,0.0,0.0003327699599917497,0.0,0.0,0.0,0.0,0.0,0.0,0.0,0.0003327699599917497,0.0,0.0,0.0,0.0,0.0,0.0,0.0,0.00019966197599504985,0.0,0.0,0.0,0.0,0.0,0.0,0.0,0.0,0.0,0.0,6.138675659475135e-05,6.138675659475135e-05,6.138675659475135e-05,0.0001209133084442072,6.138675659475135e-05,0.0,6.138675659475135e-05,6.138675659475135e-05,0.0,0.0,0.0,0.0,0.0,0.0,0.0,0.0,0.0,0.0,0.0,0.0,0.0,0.0001331079839966999,0.0,0.0,0.0,0.0,0.0,0.0,0.0,0.0,0.0,0.0,0.0,0.0,0.0,0.0,0.0,0.0001331079839966999,0.0,0.0,0.0,0.0,0.0,0.0,0.0,0.0001331079839966999,0.0,0.0
x_R20_EXIT_F,0.0,0.0,0.0,0.0,0.0,0.0005524808093527622,0.00023066538841664145,0.0,0.0,0.0,0.0,0.0,0.0,0.0001227735131895027,5.125897520369809e-05,0.0,0.0,0.0,0.0,0.0,0.0,0.0001190531036989117,5.125897520369809e-05,0.0,0.0,0.0,0.0,0.0,0.0,0.0001190531036989117,5.125897520369809e-05,0.0,0.0,0.0,0.0,0.0,0.0,0.0005952655184945585,0.00025629487601849045,0.0,0.0,0.0,0.0,0.0,0.0,9.208013489212701e-05,0.0,0.0,0.0,0.0,0.0,0.0,0.0,0.0001227735131895027,5.125897520369809e-05,0.0,0.0,0.0,0.0,0.0,0.0,0.0001190531036989117,5.125897520369809e-05,0.0,0.0,0.0,0.0,0.0,0.0,0.0001190531036989117,5.125897520369809e-05,0.0,0.0,0.0,0.0,0.0,0.0,0.0001190531036989117,5.125897520369809e-05,0.0,0.0,0.0,0.0,0.0,0.0,0.0001227735131895027,5.125897520369809e-05,0.0,0.0,0.0,0.0,0.0,0.0,0.0001227735131895027,5.125897520369809e-05,0.0,0.0,0.0,0.0,0.0,0.0,0.0001227735131895027,5.125897520369809e-05,0.0,0.0,0.0,0.0,0.0,0.0,0.0001227735131895027,5.125897520369809e-05,0.0,0.0,0.0,0.0,0.0,0.0,0.0001190531036989117,5.125897520369809e-05,0.0,0.0,0.0,0.0,0.0,0.0,0.0001190531036989117,5.125897520369809e-05,0.0,0.0,0.0,0.0,0.0,0.0,0.0001190531036989117,5.125897520369809e-05,0.0,0.0,0.0,0.0,0.0,0.0,0.0001190531036989117,5.125897520369809e-05,0.0,0.0,0.0,0.0,0.0,0.0,8.928982777418376e-05,0.0,0.0,0.0,0.0,0.0,0.0,0.0,0.00029763275924727924,0.00012814743800924523,0.0,0.0,0.0,0.0,0.0,0.0,0.00029763275924727924,0.00012814743800924523,0.0,0.9193092514472246,0.9193092514472246,0.9193092514472246,0.9193092514472246,0.9193092514472246,0.9194013315821168,-0.9038298491552494,0.9195575887807216,0.0,0.0,0.0,0.0,0.0,0.00018602047452954954,0.00046298429216243443,0.0003348368541531892,0.0,0.0,0.0,0.0,0.0,0.0005208573286827386,0.00012814743800924523,0.0,0.0,0.0,0.0,0.0,0.0,0.0005208573286827386,0.00012814743800924523,0.0,0.0,0.0,0.0,6.696737083063783e-05,0.0,0.00017857965554836751,7.688846280554713e-05,0.0,0.0,0.0,0.0,0.0,0.0,0.0,0.0,0.0,0.0,5.952655184945585e-05,5.952655184945585e-05,5.952655184945585e-05,5.952655184945585e-05,0.0,0.0001298009533383968,0.00010417146573654772,0.0,0.0,0.0,0.0,0.0,0.0,0.00018519371686497374,0.00013393474166127568,0.0,0.0,0.0,8.928982777418377e-05,0.0,0.00016369801758600358,0.0,0.0,0.0,0.0,0.0,0.0,0.0,5.952655184945585e-05,0.0,0.0,0.0,0.0,0.0,0.0,0.0,0.00020834293147309544,5.125897520369809e-05,0.0,0.0,0.0,0.0,0.0,0.0,0.00020834293147309544,5.125897520369809e-05,0.0
x_R20_EXIT_B,0.0,0.0,0.0,0.0,0.0,0.0005524808093527622,0.0,0.0017002271372000828,0.0,0.0,0.0,0.0,0.0,0.0001227735131895027,0.0,0.00037782825271112945,0.0,0.0,0.0,0.0,0.0,0.0001190531036989117,0.0,0.00037782825271112945,0.0,0.0,0.0,0.0,0.0,0.0001190531036989117,0.0,0.00037782825271112945,0.0,0.0,0.0,0.0,0.0,0.0005952655184945585,0.0,0.0018891412635556474,0.0,0.0,0.0,0.0,0.0,9.208013489212701e-05,0.0,0.0002833711895333471,0.0,0.0,0.0,0.0,0.0,0.0001227735131895027,0.0,0.00037782825271112945,0.0,0.0,0.0,0.0,0.0,0.0001190531036989117,0.0,0.00037782825271112945,0.0,0.0,0.0,0.0,0.0,0.0001190531036989117,0.0,0.00037782825271112945,0.0,0.0,0.0,0.0,0.0,0.0001190531036989117,0.0,0.00037782825271112945,0.0,0.0,0.0,0.0,0.0,0.0001227735131895027,0.0,0.00037782825271112945,0.0,0.0,0.0,0.0,0.0,0.0001227735131895027,0.0,0.00037782825271112945,0.0,0.0,0.0,0.0,0.0,0.0001227735131895027,0.0,0.00037782825271112945,0.0,0.0,0.0,0.0,0.0,0.0001227735131895027,0.0,0.00037782825271112945,0.0,0.0,0.0,0.0,0.0,0.0001190531036989117,0.0,0.00037782825271112945,0.0,0.0,0.0,0.0,0.0,0.0001190531036989117,0.0,0.00037782825271112945,0.0,0.0,0.0,0.0,0.0,0.0001190531036989117,0.0,0.00037782825271112945,0.0,0.0,0.0,0.0,0.0,0.0001190531036989117,0.0,0.00037782825271112945,0.0,0.0,0.0,0.0,0.0,8.928982777418376e-05,0.0,0.0002833711895333471,0.0,0.0,0.0,0.0,0.0,0.00029763275924727924,0.0,0.0009941760916523702,0.0,0.0,0.0,0.0,0.0,0.00029763275924727924,0.0,0.0009941760916523702,0.9193092514472246,0.9193092514472246,0.9193092514472246,0.9193092514472246,0.9193092514472246,0.9194013315821168,0.9195575887807216,-0.8930191309878296,0.0,0.0,0.0,0.0,0.0,0.00018602047452954954,0.0003348368541531892,0.0015315685736266248,0.0,0.0,0.0,0.0,0.0,0.0007730184163783503,0.00025216108769561156,0.0009445706317778237,0.0,0.0,0.0,0.0,0.0,0.0007730184163783503,0.00025216108769561156,0.0,0.0,0.0,0.0,6.696737083063783e-05,0.0,0.00017857965554836751,0.0,0.0005965056549914221,0.0,0.0,0.0,0.0,0.0,0.0,0.0,9.941760916523701e-05,0.0,5.952655184945585e-05,5.952655184945585e-05,5.952655184945585e-05,5.952655184945585e-05,0.0,0.00010417146573654772,0.0003435178096312348,0.0,0.0,0.0,0.0,0.0,0.0,0.00013393474166127568,0.0006126274294506498,0.0,0.0,0.0,8.928982777418377e-05,0.00010086443507824463,0.00016369801758600358,0.0,0.0004786926877893741,0.0,0.0,0.0,0.0,0.0,5.208573286827386e-05,0.0,0.00010851194347557056,0.0001426156971393213,0.0001426156971393213,0.0001426156971393213,0.0001426156971393213,0.0001227735131895027,0.00043198087974084283,0.0002236379482677473,0.0002550547395216268,0.0,0.0,0.0,0.0,0.0,0.00030920736655134004,0.00010086443507824463,0.0
x_R21_EXIT_C,0.00019842183949818617,0.00272830029310006,0.00272830029310006,0.004737321418019195,0.003621198570841898,0.004737321418019195,0.003621198570841898,0.003621198570841898,0.0,0.0006062889540222355,0.0006062889540222355,0.0010527380928931544,0.0008047107935204217,0.0010527380928931544,0.0008047107935204217,0.0008047107935204217,0.0006503826961329435,0.0,0.0,0.0002480272993727327,0.0,0.0,0.0,0.0,0.0006503826961329435,0.0,0.0,0.0002480272993727327,0.0,0.0,0.0,0.0,0.0032519134806647176,0.0,0.0,0.0012401364968636637,0.0,0.0,0.0,0.0,0.00014054880297788186,0.0002562948760184905,0.0002562948760184905,0.0005911317301716796,0.00040511125564213007,0.0005911317301716796,0.00040511125564213007,0.00040511125564213007,0.0,0.00046298429216243443,0.00046298429216243443,0.0009094334310333534,0.0006614061316606207,0.0009094334310333534,0.0006614061316606207,0.0006614061316606207,0.0006503826961329435,0.0,0.0,0.0002480272993727327,0.0,0.0,0.0,0.0,0.0006503826961329435,0.0,0.0,0.0002480272993727327,0.0,0.0,0.0,0.0,0.0006503826961329435,0.0,0.0,0.0002480272993727327,0.0,0.0,0.0,0.0,0.0003086561947749563,0.0003417265013579873,0.0003417265013579873,0.0007881756402289061,0.0005401483408561735,0.0007881756402289061,0.0005401483408561735,0.0005401483408561735,0.0003086561947749563,0.0003417265013579873,0.0003417265013579873,0.0007881756402289061,0.0005401483408561735,0.0007881756402289061,0.0005401483408561735,0.0005401483408561735,0.00042991398557940333,0.0002204687105535402,0.0002204687105535402,0.000666917849424459,0.0004188905500517264,0.000666917849424459,0.0004188905500517264,0.0004188905500517264,0.0005511717763838505,9.92109197490931e-05,9.92109197490931e-05,0.0005456600586200121,0.00029763275924727924,0.0005456600586200121,0.00029763275924727924,0.00029763275924727924,0.0006503826961329435,0.0,0.0,0.0002480272993727327,0.0,0.0,0.0,0.0,0.0006503826961329435,0.0,0.0,0.0002480272993727327,0.0,0.0,0.0,0.0,0.0006503826961329435,0.0,0.0,0.0002480272993727327,0.0,0.0,0.0,0.0,0.0006503826961329435,0.0,0.0,0.0002480272993727327,0.0,0.0,0.0,0.0,0.00048778702209970764,0.0,0.0,0.00018602047452954954,0.0,0.0,0.0,0.0,0.0021220113390778244,0.0,0.0,0.0006200682484318318,0.0,0.0,0.0,0.0,0.0021220113390778244,0.0,0.0,0.0006200682484318318,0.0,0.0,0.0,0.0,0.0008226238762528968,0.00018602047452954954,0.00018602047452954954,0.0,0.00018602047452954954,0.0,0.0,0.0,-0.8931168572241197,0.920952432305569,0.920952432305569,0.9203323640571371,0.920952432305569,0.9193092514472246,0.9193092514472246,0.9193092514472246,0.0021220113390778244,0.0,0.0,0.0006200682484318318,0.0,0.0,0.0,0.0,0.0021220113390778244,0.0,0.0,0.0006200682484318318,0.0,0.0,0.0,0.0,0.0012732068034466944,0.0,0.0,0.0006138675659475135,0.0,0.0,0.0,0.0,0.00021220113390778243,0.0,0.0,6.200682484318318e-05,0.0,0.0,0.0,0.0,0.0007530384394844358,0.0,0.0,0.0,0.0,0.0,0.0,0.0,0.0015060768789688715,0.0,0.0,0.000409245043965009,0.0,0.0,0.0,0.0,0.0008488045356311297,0.0,0.0,0.000409245043965009,0.0,0.0,0.0,0.0,0.00021220113390778243,0.0,0.0,0.00010231126099125225,0.0,0.0,0.0,0.0,0.0008488045356311297,0.0,0.0,0.0002480272993727327,0.0,0.0,0.0,0.0,0.0008488045356311297,0.0,0.0,0.0002480272993727327,0.0,0.0,0.0,0.0
x_R21_EXIT_D,0.0,0.0011409255771145706,0.0,0.0011161228471772973,0.00022322456943545945,0.0011161228471772973,0.00022322456943545945,0.00022322456943545945,0.0,0.0002535390171365712,0.0,0.0002480272993727327,0.0,0.0002480272993727327,0.0,0.0,0.0,0.0002535390171365712,0.0,0.0004960545987454654,0.0,0.0001984218394981862,0.0001984218394981862,0.0,0.0,0.0002535390171365712,0.0,0.0004960545987454654,0.0,0.0001984218394981862,0.0001984218394981862,0.0,0.0004684960099262729,0.0001102343552767701,0.0004684960099262729,0.0029487690036536,0.0004684960099262729,0.0014606052074172039,0.0014606052074172039,0.0004684960099262729,0.0,0.0001901542628524284,0.0,0.00018602047452954954,0.0,0.00018602047452954954,0.0,0.0,0.0,0.0002535390171365712,0.0,0.0002480272993727327,0.0,0.0002480272993727327,0.0,0.0,0.0,0.0002535390171365712,0.0,0.0004960545987454654,0.0,0.0001984218394981862,0.0001984218394981862,0.0,0.0,0.0002535390171365712,0.0,0.0004960545987454654,0.0,0.0001984218394981862,0.0001984218394981862,0.0,0.0,0.0002535390171365712,0.0,0.0004960545987454654,0.0,0.0001984218394981862,0.0001984218394981862,0.0,0.0,0.0002535390171365712,0.0,0.0002480272993727327,0.0,0.0002480272993727327,0.0,0.0,0.0,0.0002535390171365712,0.0,0.0002480272993727327,0.0,0.0002480272993727327,0.0,0.0,0.0,0.0002535390171365712,0.0,0.0002480272993727327,0.0,0.0002480272993727327,0.0,0.0,0.0,0.0002535390171365712,0.0,0.0002480272993727327,0.0,0.0002480272993727327,0.0,0.0,0.0,0.0002535390171365712,0.0,0.0004960545987454654,0.0,0.0001984218394981862,0.0001984218394981862,0.0,0.0,0.0002535390171365712,0.0,0.0004960545987454654,0.0,0.0001984218394981862,0.0001984218394981862,0.0,0.0,0.0002535390171365712,0.0,0.0004960545987454654,0.0,0.0001984218394981862,0.0001984218394981862,0.0,0.0,0.0002535390171365712,0.0,0.0004960545987454654,0.0,0.0001984218394981862,0.0001984218394981862,0.0,0.0,0.0001901542628524284,0.0,0.00037204094905909907,0.0,0.00014881637962363962,0.00014881637962363962,0.0,0.00012401364968636636,0.0011299021415868936,0.0,0.0007440818981181981,0.0,0.0,0.0,0.0,0.00012401364968636636,0.0011299021415868936,0.0,0.0007440818981181981,0.0,0.0,0.0,0.0,0.00018602047452954954,0.0005621952119115274,0.00022322456943545943,0.0,0.00022322456943545943,0.0,0.0,0.0,0.920952432305569,-0.8983257015510887,0.9210764459552554,0.9203323640571371,0.9210764459552554,0.9193092514472246,0.9193092514472246,0.9193092514472246,0.00012401364968636636,0.0011299021415868936,0.0,0.0007440818981181981,0.0,0.0,0.0,0.0,0.00012401364968636636,0.0011299021415868936,0.0,0.0007440818981181981,0.0,0.0,0.0,0.0,7.440818981181981e-05,0.000677941284952136,0.0,0.0006138675659475135,0.0,0.0,0.0,0.0,0.0,0.0001129902141586893,0.0,7.440818981181982e-05,0.0,0.0,0.0,0.0,0.0003286361716688709,0.0002259804283173786,0.0,0.0,0.0,0.0,0.0,0.0,0.0006572723433377418,0.0004519608566347572,0.0,0.000409245043965009,0.0,0.0,0.0,0.0,0.0,0.0004519608566347572,0.0,0.000409245043965009,0.0,0.0,0.0,0.0,0.0,0.0001129902141586893,0.0,0.00010231126099125225,0.0,0.0,0.0,0.0,0.0,0.0004519608566347572,0.0,0.0002976327592472793,0.0,0.0,0.0,0.0,0.0,0.0004519608566347572,0.0,0.0002976327592472793,0.0,0.0,0.0,0.0
x_R21_EXIT_E,0.0,0.0,0.0016865856357345822,0.0011161228471772973,0.002009021124919135,0.0011161228471772973,0.00022322456943545945,0.002009021124919135,0.0,0.0,0.00037479680794101834,0.0002480272993727327,0.0004464491388709189,0.0002480272993727327,0.0,0.0004464491388709189,0.00033070306583031034,0.00033070306583031034,0.0,0.0006283358250775895,0.0004188905500517264,0.00033070306583031034,0.00033070306583031034,0.0004188905500517264,0.00033070306583031034,0.00033070306583031034,0.0,0.0006283358250775895,0.0004188905500517264,0.00033070306583031034,0.00033070306583031034,0.0004188905500517264,0.0,0.0,0.0018739840397050912,0.0014881637962363963,0.0004409374211070804,0.0,0.0,0.0004409374211070804,0.0,0.0,0.0002810976059557637,0.00018602047452954954,0.0003348368541531892,0.00018602047452954954,0.0,0.0003348368541531892,0.0,0.0,0.00037479680794101834,0.0002480272993727327,0.0004464491388709189,0.0002480272993727327,0.0,0.0004464491388709189,0.00024251558160889424,0.00024251558160889424,0.00013228122633212412,0.0005401483408561735,0.0003307030658303103,0.00024251558160889424,0.00024251558160889424,0.0003307030658303103,0.00024251558160889424,0.00024251558160889424,0.0,0.0005401483408561735,0.0003307030658303103,0.00024251558160889424,0.00024251558160889424,0.0003307030658303103,0.00017637496844283214,0.00017637496844283214,0.0,0.00047400772769011143,0.00026456245266424824,0.00017637496844283214,0.00017637496844283214,0.00026456245266424824,0.0,0.0,0.00037479680794101834,0.0002480272993727327,0.0004464491388709189,0.0002480272993727327,0.0,0.0004464491388709189,0.0,0.0,0.00037479680794101834,0.0002480272993727327,0.0004464491388709189,0.0002480272993727327,0.0,0.0004464491388709189,0.0,0.0,0.00037479680794101834,0.0002480272993727327,0.0004464491388709189,0.0002480272993727327,0.0,0.0004464491388709189,0.0,0.0,0.00037479680794101834,0.0002480272993727327,0.0004464491388709189,0.0002480272993727327,0.0,0.0004464491388709189,0.0,0.0,0.00033070306583031034,0.00034172650135798734,0.00013228122633212412,0.0,0.0,0.00013228122633212412,0.0001102343552767701,0.0001102343552767701,0.00026456245266424824,0.0004078671145240494,0.0001984218394981862,0.0001102343552767701,0.0001102343552767701,0.0001984218394981862,0.00017637496844283214,0.00017637496844283214,0.0001984218394981862,0.00047400772769011143,0.00026456245266424824,0.00017637496844283214,0.00017637496844283214,0.00026456245266424824,0.00017637496844283214,0.00017637496844283214,0.0001984218394981862,0.00047400772769011143,0.00026456245266424824,0.00017637496844283214,0.00017637496844283214,0.00026456245266424824,0.00013228122633212412,0.00013228122633212412,0.00014881637962363962,0.0003555057957675835,0.00019842183949818617,0.00013228122633212412,0.00013228122633212412,0.00019842183949818617,0.00012401364968636636,0.0,0.0021495699278970166,0.0007440818981181981,0.0009921091974909309,0.0,0.0,0.0,0.00012401364968636636,0.0,0.0011574607304060858,0.0007440818981181981,0.0,0.0,0.0,0.0,0.00018602047452954954,0.00022322456943545943,0.0008680955478045644,0.0,0.0005208573286827387,0.0,0.0,0.0,0.920952432305569,0.9210764459552554,-0.8904331815311015,0.9203323640571371,0.9220685551527463,0.9193092514472246,0.9193092514472246,0.9193092514472246,0.0011161228471772973,0.0009921091974909309,0.0011574607304060858,0.001736191095609129,0.0,0.0,0.0,0.0,0.0011161228471772973,0.0009921091974909309,0.0011574607304060858,0.001736191095609129,0.0,0.0,0.0,0.0,7.440818981181981e-05,0.0,0.00128974195673821,0.0006138675659475135,0.0,0.0,0.0,0.0,0.0,0.0,0.00011574607304060861,7.440818981181982e-05,0.0,0.0,0.0,0.0,0.0003286361716688709,0.0,0.0004299139855794034,0.0,0.0001984218394981862,0.0,0.0,0.0,0.0006572723433377418,0.0,0.0008598279711588068,0.000409245043965009,0.0003968436789963724,0.0,0.0,0.0,0.0,0.0,0.0008598279711588068,0.000409245043965009,0.0,0.0,0.0,0.0,0.00011161228471772973,9.92109197490931e-05,0.00011574607304060861,0.00010231126099125225,0.0,0.0,0.0,0.0,0.0004464491388709189,0.0003968436789963724,0.00046298429216243443,0.0006944764382436515,0.0,0.0,0.0,0.0,0.0004464491388709189,0.0003968436789963724,0.00046298429216243443,0.0006944764382436515,0.0,0.0,0.0,0.0
x_R21_EXIT_G,0.0,0.0,0.0,0.0016617829057973092,0.0,0.0008928982777418378,0.0,0.0,0.0,0.0,0.0,0.0003692850901771798,0.0,0.0001984218394981862,0.0,0.0,0.0,0.0,0.0,0.0003692850901771798,0.0,0.0,0.0,0.0,0.0,0.0,0.0,0.0003692850901771798,0.0,0.0,0.0,0.0,0.0,0.0,0.0,0.0018464254508858992,0.0,0.0,0.0,0.0,0.0,0.0,0.0,0.00027696381763288487,0.0,0.00014881637962363962,0.0,0.0,0.0,0.0,0.0,0.0003692850901771798,0.0,0.0001984218394981862,0.0,0.0,0.0,0.0,0.0,0.0003692850901771798,0.0,0.0,0.0,0.0,0.0,0.0,0.0,0.0003692850901771798,0.0,0.0,0.0,0.0,0.0,0.0,0.0,0.0003692850901771798,0.0,0.0,0.0,0.0,0.0,0.0,0.0,0.0003692850901771798,0.0,0.0001984218394981862,0.0,0.0,0.0,0.0,0.0,0.0003692850901771798,0.0,0.0001984218394981862,0.0,0.0,0.0,0.0,0.0,0.0003692850901771798,0.0,0.0001984218394981862,0.0,0.0,0.0,0.0,0.0,0.0003692850901771798,0.0,0.0001984218394981862,0.0,0.0,0.0,0.0,0.0,0.0003692850901771798,0.0,0.0,0.0,0.0,0.0,0.0,0.0,0.0003692850901771798,0.0,0.0,0.0,0.0,0.0,0.0,0.0,0.0003692850901771798,0.0,0.0,0.0,0.0,0.0,0.0,0.0,0.0003692850901771798,0.0,0.0,0.0,0.0,0.0,0.0,0.0,0.00027696381763288487,0.0,0.0,0.0,0.0,0.0,0.0,0.0,0.0009232127254429496,0.0,0.0,0.0,0.0,0.0,0.0,0.0,0.0009232127254429496,0.0,0.0,0.0,0.0,0.00014881637962363962,0.00014881637962363962,0.00014881637962363962,0.00012814743800924523,0.00014881637962363962,0.0,0.0,0.0,0.9203323640571371,0.9203323640571371,0.9203323640571371,-0.9094048866834011,0.9203323640571371,0.9193092514472246,0.9193092514472246,0.9193092514472246,0.0,0.0,0.0,0.0009232127254429496,0.0,0.0,0.0,0.0,0.0,0.0,0.0,0.0009232127254429496,0.0,0.0,0.0,0.0,0.0,0.0,0.0,0.0011677952012132831,0.0,0.0,0.0,0.0,0.0,0.0,0.0,9.232127254429495e-05,0.0,0.0,0.0,0.0,0.0002046225219825045,0.0,0.0,8.543162533949682e-05,0.0,0.0,0.0,0.0,0.000409245043965009,0.0,0.0,0.0007785301341421888,0.0,0.0,0.0,0.0,0.0,0.0,0.0,0.0007785301341421888,0.0,0.0,0.0,0.0,0.0,0.0,0.0,0.0001946325335355472,0.0,0.0,0.0,0.0,0.0,0.0,0.0,0.0003692850901771798,0.0,0.0,0.0,0.0,0.0,0.0,0.0,0.0003692850901771798,0.0,0.0,0.0,0.0
x_R21_EXIT_H,0.0,0.0,0.0,0.0011161228471772973,0.003596395840904624,0.0011161228471772973,0.00022322456943545945,0.002703497563162787,0.0,0.0,0.0,0.0002480272993727327,0.0007991990757565832,0.0002480272993727327,0.0,0.000600777236258397,0.0,0.0,0.0,0.0002976327592472793,0.0003527499368856643,0.0,0.0,0.00015432809738747814,0.0,0.0,0.0,0.0002976327592472793,0.0003527499368856643,0.0,0.0,0.00015432809738747814,0.0,0.0,0.0,0.0014881637962363963,0.0017637496844283213,0.0,0.0,0.0007716404869373906,0.0,0.0,0.0,0.00018602047452954954,0.0005993993068174375,0.00018602047452954954,0.0,0.0004505829271937977,0.0,0.0,0.0,0.0002480272993727327,0.0007991990757565832,0.0002480272993727327,0.0,0.000600777236258397,0.0,0.0,0.0,0.0002976327592472793,0.0003527499368856643,0.0,0.0,0.00015432809738747814,0.0,0.0,0.0,0.0002976327592472793,0.0003527499368856643,0.0,0.0,0.00015432809738747814,0.0,0.0,0.0,0.0002976327592472793,0.0003527499368856643,0.0,0.0,0.00015432809738747814,0.0,0.0,0.0,0.0002480272993727327,0.0007991990757565832,0.0002480272993727327,0.0,0.000600777236258397,0.0,0.0,0.0,0.0002480272993727327,0.0007991990757565832,0.0002480272993727327,0.0,0.000600777236258397,0.0,0.0,0.0,0.0002480272993727327,0.0007991990757565832,0.0002480272993727327,0.0,0.000600777236258397,0.0,0.0,0.0,0.0002480272993727327,0.0007991990757565832,0.0002480272993727327,0.0,0.000600777236258397,0.0,0.0,0.0,0.0002976327592472793,0.0003527499368856643,0.0,0.0,0.00015432809738747814,0.0,0.0,0.0,0.0002976327592472793,0.0003527499368856643,0.0,0.0,0.00015432809738747814,0.0,0.0,0.0,0.0002976327592472793,0.0003527499368856643,0.0,0.0,0.00015432809738747814,0.0,0.0,0.0,0.0002976327592472793,0.0003527499368856643,0.0,0.0,0.00015432809738747814,0.0,0.0,0.0,0.00022322456943545943,0.00026456245266424824,0.0,0.0,0.00011574607304060861,0.00012401364968636636,0.0,0.0009921091974909309,0.0007440818981181981,0.0018739840397050918,0.0,0.0,0.0,0.00012401364968636636,0.0,0.0002204687105535402,0.0007440818981181981,0.0006614061316606206,0.0,0.0,0.0,0.00018602047452954954,0.00022322456943545943,0.0005208573286827387,0.0,0.000785419781346987,0.0,0.0,0.0,0.920952432305569,0.9210764459552554,0.9220685551527463,0.9203323640571371,-0.8957729743283186,0.9193092514472246,0.9193092514472246,0.9193092514472246,0.0015019430906459928,0.0013779294409596264,0.0003858202434686953,0.0021220113390778244,0.0004960545987454653,0.0,0.0,0.0,0.001832646156476303,0.0017086325067899365,0.0007165233092990055,0.0024527144049081347,0.00016535153291515514,0.0,0.0,0.0,7.440818981181981e-05,0.0,0.0005952655184945585,0.0006138675659475135,0.0003968436789963724,0.0,0.0,0.0,0.0,0.0,0.0,7.440818981181982e-05,6.614061316606206e-05,0.0,0.0,0.0,0.0003286361716688709,0.0,0.0001984218394981862,0.0,0.00037479680794101834,0.0,0.0,0.0,0.0006572723433377418,0.0,0.0003968436789963724,0.000409245043965009,0.0007495936158820367,0.0,0.0,0.0,0.0,0.0,0.0003968436789963724,0.000409245043965009,6.614061316606205e-05,0.0,0.0,0.0,0.00013365915577308372,0.00012125779080444711,0.0,0.00010231126099125225,0.0,0.0,0.0,0.0,0.0005346366230923349,0.00048503116321778843,8.818748422141607e-05,0.0007826639224650676,6.614061316606205e-05,0.0,0.0,0.0,0.0005346366230923349,0.00048503116321778843,8.818748422141607e-05,0.0007826639224650676,6.614061316606205e-05,0.0,0.0,0.0
x_R21_EXIT_A,0.0,0.0,0.0,0.0,0.0,0.0019966197599504986,0.0,0.0,0.0,0.0,0.0,0.0,0.0,0.00044369327998899965,0.0,0.0,0.0,0.0,0.0,0.0,0.0,0.0006917205793617325,0.0,0.0,0.0,0.0,0.0,0.0,0.0,0.0006917205793617325,0.0,0.0,0.0,0.0,0.0,0.0,0.0,0.003458602896808662,0.0,0.0,0.0,0.0,0.0,0.0,0.0,0.0003327699599917497,0.0,0.0,0.0,0.0,0.0,0.0,0.0,0.00044369327998899965,0.0,0.0,0.0,0.0,0.0,0.0,0.0,0.0006917205793617325,0.0,0.0,0.0,0.0,0.0,0.0,0.0,0.0006917205793617325,0.0,0.0,0.0,0.0,0.0,0.0,0.0,0.0006917205793617325,0.0,0.0,0.0,0.0,0.0,0.0,0.0,0.00044369327998899965,0.0,0.0,0.0,0.0,0.0,0.0,0.0,0.00044369327998899965,0.0,0.0,0.0,0.0,0.0,0.0,0.0,0.00044369327998899965,0.0,0.0,0.0,0.0,0.0,0.0,0.0,0.00044369327998899965,0.0,0.0,0.0,0.0,0.0,0.0,0.0,0.0006917205793617325,0.0,0.0,0.0,0.0,0.0,0.0,0.0,0.0006917205793617325,0.0,0.0,0.0,0.0,0.0,0.0,0.0,0.0006917205793617325,0.0,0.0,0.0,0.0,0.0,0.0,0.0,0.0006917205793617325,0.0,0.0,0.0,0.0,0.0,0.0,0.0,0.0005187904345212992,0.0,0.0,0.0,0.0,0.0,0.0,0.0,0.001729301448404331,0.0,0.0,0.0,0.0,0.0,0.0,0.0,0.001729301448404331,0.0,0.0,0.0,0.0,0.0,0.0,0.0,0.0003327699599917497,0.00018602047452954954,0.00018602047452954954,0.9193092514472246,0.9193092514472246,0.9193092514472246,0.9193092514472246,0.9193092514472246,-0.9071518817007183,0.9203323640571371,0.9203323640571371,0.0,0.0,0.0,0.0,0.0,0.001729301448404331,0.0,0.0,0.0,0.0,0.0,0.0,0.0,0.001729301448404331,0.0,0.0,0.0,0.0,0.0,0.0006138675659475135,0.0,0.0010375808690425985,0.0,0.0,0.0,0.0,0.0,0.0,0.0,0.00017293014484043312,0.0,0.0,0.0005332586936513753,0.00032863617166887084,0.00032863617166887084,0.0002046225219825045,0.00032863617166887084,0.0,0.00032863617166887084,0.00032863617166887084,0.000409245043965009,0.0,0.0,0.000409245043965009,0.0,0.0,0.0,0.0,0.0,0.0,0.0,0.000409245043965009,0.0,0.0006917205793617325,0.0,0.0,0.0,0.0,0.0,0.00010231126099125225,0.0,0.00017293014484043312,0.0,0.0,0.0,0.0,0.0,0.0,0.0,0.0006917205793617325,0.0,0.0,0.0,0.0,0.0,0.0,0.0,0.0006917205793617325,0.0,0.0
x_R21_EXIT_F,0.0,0.0,0.0,0.0,0.0,0.0,0.0007688846280554714,0.0,0.0,0.0,0.0,0.0,0.0,0.0,0.00017086325067899367,0.0,0.0,0.0,0.0,0.0,0.0,0.00014881637962363965,0.00017086325067899367,0.0,0.0,0.0,0.0,0.0,0.0,0.00014881637962363965,0.00017086325067899367,0.0,0.0,0.0,0.0,0.0,0.0,0.0007440818981181981,0.0008543162533949681,0.0,0.0,0.0,0.0,0.0,0.0,0.0,0.00012814743800924523,0.0,0.0,0.0,0.0,0.0,0.0,0.0,0.00017086325067899367,0.0,0.0,0.0,0.0,0.0,0.0,0.00014881637962363965,0.00017086325067899367,0.0,0.0,0.0,0.0,0.0,0.0,0.00014881637962363965,0.00017086325067899367,0.0,0.0,0.0,0.0,0.0,0.0,0.00014881637962363965,0.00017086325067899367,0.0,0.0,0.0,0.0,0.0,0.0,0.0,0.00017086325067899367,0.0,0.0,0.0,0.0,0.0,0.0,0.0,0.00017086325067899367,0.0,0.0,0.0,0.0,0.0,0.0,0.0,0.00017086325067899367,0.0,0.0,0.0,0.0,0.0,0.0,0.0,0.00017086325067899367,0.0,0.0,0.0,0.0,0.0,0.0,0.00014881637962363965,0.00017086325067899367,0.0,0.0,0.0,0.0,0.0,0.0,0.00014881637962363965,0.00017086325067899367,0.0,0.0,0.0,0.0,0.0,0.0,0.00014881637962363965,0.00017086325067899367,0.0,0.0,0.0,0.0,0.0,0.0,0.00014881637962363965,0.00017086325067899367,0.0,0.0,0.0,0.0,0.0,0.0,0.00011161228471772971,0.00012814743800924523,0.0,0.0,0.0,0.0,0.0,0.0,0.00037204094905909907,0.00042715812669748407,0.0,0.0,0.0,0.0,0.0,0.0,0.00037204094905909907,0.00042715812669748407,0.0,0.0,0.0,0.0,0.0,0.0,0.0,0.00046298429216243443,0.0003348368541531892,0.9193092514472246,0.9193092514472246,0.9193092514472246,0.9193092514472246,0.9193092514472246,0.9203323640571371,-0.9051675277856656,0.9214484869043145,0.0,0.0,0.0,0.0,0.0,0.0011161228471772973,0.00042715812669748407,0.0,0.0,0.0,0.0,0.0,0.0,0.0011161228471772973,0.00042715812669748407,0.0,0.0,0.0,0.0,0.0008370921353829728,0.0,0.00022322456943545943,0.00025629487601849045,0.0,0.0,0.0,0.0,0.0,0.0,0.0,0.0,0.0,0.0002046225219825045,7.440818981181982e-05,7.440818981181982e-05,0.0,7.440818981181982e-05,0.0,0.0003086561947749563,0.00022322456943545945,0.000409245043965009,0.00014881637962363965,0.00014881637962363965,0.000409245043965009,0.00014881637962363965,0.0,0.0006173123895499126,0.0004464491388709189,0.00014881637962363965,0.00014881637962363965,0.00014881637962363965,0.0007068778032122884,9.92109197490931e-05,0.00029763275924727924,7.165233092990057e-05,9.92109197490931e-05,0.0,0.0,0.0,0.00023872627564625528,0.0,0.00013641501465500301,0.0,0.0,0.0,0.0,0.0,0.0,0.0,0.0004464491388709189,0.00017086325067899367,0.0,0.0,0.0,0.0,0.0,0.0,0.0004464491388709189,0.00017086325067899367,0.0
x_R21_EXIT_B,0.0,0.0,0.0,0.0,0.0,0.0,0.0,0.005667423790666943,0.0,0.0,0.0,0.0,0.0,0.0,0.0,0.0012594275090370985,0.0,0.0,0.0,0.0,0.0,0.00014881637962363965,0.0,0.0012594275090370985,0.0,0.0,0.0,0.0,0.0,0.00014881637962363965,0.0,0.0012594275090370985,0.0,0.0,0.0,0.0,0.0,0.0007440818981181981,0.0,0.006297137545185492,0.0,0.0,0.0,0.0,0.0,0.0,0.0,0.0009445706317778237,0.0,0.0,0.0,0.0,0.0,0.0,0.0,0.0012594275090370985,0.0,0.0,0.0,0.0,0.0,0.00014881637962363965,0.0,0.0012594275090370985,0.0,0.0,0.0,0.0,0.0,0.00014881637962363965,0.0,0.0012594275090370985,0.0,0.0,0.0,0.0,0.0,0.00014881637962363965,0.0,0.0012594275090370985,0.0,0.0,0.0,0.0,0.0,0.0,0.0,0.0012594275090370985,0.0,0.0,0.0,0.0,0.0,0.0,0.0,0.0012594275090370985,0.0,0.0,0.0,0.0,0.0,0.0,0.0,0.0012594275090370985,0.0,0.0,0.0,0.0,0.0,0.0,0.0,0.0012594275090370985,0.0,0.0,0.0,0.0,0.0,0.00014881637962363965,0.0,0.0012594275090370985,0.0,0.0,0.0,0.0,0.0,0.00014881637962363965,0.0,0.0012594275090370985,0.0,0.0,0.0,0.0,0.0,0.00014881637962363965,0.0,0.0012594275090370985,0.0,0.0,0.0,0.0,0.0,0.00014881637962363965,0.0,0.0012594275090370985,0.0,0.0,0.0,0.0,0.0,0.00011161228471772971,0.0,0.0009445706317778237,0.0,0.0,0.0,0.0,0.0,0.00037204094905909907,0.0,0.003313920305507901,0.0,0.0,0.0,0.0,0.0,0.00037204094905909907,0.0,0.003313920305507901,0.0,0.0,0.0,0.0,0.0,0.0,0.0003348368541531892,0.0015315685736266248,0.9193092514472246,0.9193092514472246,0.9193092514472246,0.9193092514472246,0.9193092514472246,0.9203323640571371,0.9214484869043145,-0.8911154372978043,0.0,0.0,0.0,0.0,0.0,0.001956659806162669,0.000840536958985372,0.003148568772592746,0.0,0.0,0.0,0.0,0.0,0.001956659806162669,0.000840536958985372,0.0001102343552767701,0.0,0.0,0.0,0.0008370921353829728,0.0,0.00022322456943545943,0.0,0.0019883521833047404,0.0,0.0,0.0,0.0,0.0,0.0,0.0,0.00033139203055079016,0.0002046225219825045,7.440818981181982e-05,7.440818981181982e-05,0.0,7.440818981181982e-05,0.0,0.00022322456943545945,0.001021045715751083,0.000409245043965009,0.00014881637962363965,0.00014881637962363965,0.000409245043965009,0.00014881637962363965,0.0,0.0004464491388709189,0.002042091431502166,0.00014881637962363965,0.00014881637962363965,0.00014881637962363965,0.0007068778032122884,0.0003362147835941488,0.00029763275924727924,0.0,0.0015956422926312471,0.0,0.0,0.0,0.000213923545708982,0.0,0.00011161228471772973,0.0,0.0003617064782519019,0.00047538565713107106,0.00047538565713107106,0.00047538565713107106,0.00047538565713107106,0.000409245043965009,0.0011919089664300766,0.0007454598275591578,0.0008501824650720895,6.614061316606205e-05,6.614061316606205e-05,6.614061316606205e-05,6.614061316606205e-05,0.0,0.0007826639224650676,0.0003362147835941488,0.0
x_R24_EXIT_C,0.00019842183949818617,0.00272830029310006,0.00272830029310006,0.003621198570841898,0.006324696134004684,0.003621198570841898,0.0038444231402773575,0.008166298831847225,0.0,0.0006062889540222355,0.0006062889540222355,0.0008047107935204217,0.0014054880297788186,0.0008047107935204217,0.0008543162533949682,0.0018147330737438277,0.0006503826961329435,0.0,0.0,0.0,0.00015432809738747814,0.0,0.0,0.000563573141352487,0.0006503826961329435,0.0,0.0,0.0,0.00015432809738747814,0.0,0.0,0.000563573141352487,0.0032519134806647176,0.0,0.0,0.0002480272993727327,0.0007716404869373906,0.0,0.0,0.0028178657067624356,0.00014054880297788186,0.0002562948760184905,0.0002562948760184905,0.00040511125564213007,0.0008556941828359279,0.00040511125564213007,0.00044231535054804,0.0011626279658096847,0.0,0.00046298429216243443,0.00046298429216243443,0.0006614061316606207,0.0012621833679190176,0.0006614061316606207,0.0007110115915351671,0.0016714284118840266,0.0006503826961329435,0.0,0.0,0.0,0.00015432809738747814,0.0,0.0,0.000563573141352487,0.0006503826961329435,0.0,0.0,0.0,0.00015432809738747814,0.0,0.0,0.000563573141352487,0.0006503826961329435,0.0,0.0,0.0,0.00015432809738747814,0.0,0.0,0.000563573141352487,0.0003086561947749563,0.0003417265013579873,0.0003417265013579873,0.0005401483408561735,0.0011409255771145704,0.0005401483408561735,0.0005897538007307201,0.0015501706210795795,0.0003086561947749563,0.0003417265013579873,0.0003417265013579873,0.0005401483408561735,0.0011409255771145704,0.0005401483408561735,0.0005897538007307201,0.0015501706210795795,0.00042991398557940333,0.0002204687105535402,0.0002204687105535402,0.0004188905500517264,0.0010196677863101233,0.0004188905500517264,0.0004684960099262729,0.0014289128302751323,0.0005511717763838505,9.92109197490931e-05,9.92109197490931e-05,0.00029763275924727924,0.0008984099955056762,0.00029763275924727924,0.00034723821912182576,0.0013076550394706852,0.0006503826961329435,0.0,0.0,0.0,0.00015432809738747814,0.0,0.0,0.000563573141352487,0.0006503826961329435,0.0,0.0,0.0,0.00015432809738747814,0.0,0.0,0.000563573141352487,0.0006503826961329435,0.0,0.0,0.0,0.00015432809738747814,0.0,0.0,0.000563573141352487,0.0006503826961329435,0.0,0.0,0.0,0.00015432809738747814,0.0,0.0,0.000563573141352487,0.00048778702209970764,0.0,0.0,0.0,0.00011574607304060861,0.0,0.0,0.0004226798560143653,0.002246024988764191,0.0,0.0009921091974909309,0.00012401364968636636,0.0013779294409596264,0.0,0.0,0.0,0.002246024988764191,0.0,0.0002204687105535402,0.00012401364968636636,0.00016535153291515514,0.0,0.0,0.0,0.0006366034017233472,0.0,0.0003348368541531892,0.0,0.0004505829271937977,0.0,0.0,0.0,0.0021220113390778244,0.00012401364968636636,0.0011161228471772973,0.0,0.0015019430906459928,0.0,0.0,0.0,-0.8882559626676715,0.9217102934980967,0.9207181843006058,0.9218343071477831,0.9203323640571371,0.9193092514472246,0.9193092514472246,0.9193092514472246,0.0036239544297238164,0.0013779294409596264,0.0003858202434686953,0.0015019430906459928,0.0,0.0,0.0,0.0,0.0013476149932585145,0.0,0.0005952655184945585,0.0,9.92109197490931e-05,0.0,0.0,0.0,0.00022460249887641903,0.0,0.0,0.0,0.0,0.0,0.0,0.0,0.00042440226781556486,0.0,0.0001984218394981862,0.0,0.00027558588819192524,0.0,0.0,0.0,0.0008488045356311297,0.0,0.0003968436789963724,0.0,0.0005511717763838505,0.0,0.0,0.0,0.0008984099955056761,0.0,0.0003968436789963724,0.0,0.0,0.0,0.0,0.0,0.0003458602896808662,0.00012125779080444711,0.0,0.0,0.0,0.0,0.0,0.0,0.0013834411587234647,0.00048503116321778843,8.818748422141607e-05,0.0005346366230923349,0.0,0.0,0.0,0.0,0.0013834411587234647,0.00048503116321778843,8.818748422141607e-05,0.0005346366230923349,0.0,0.0,0.0,0.0
x_R24_EXIT_D,0.0,0.0011409255771145706,0.0,0.0,0.0024802729937273274,0.0,0.0,0.004321875691569867,0.0,0.0002535390171365712,0.0,0.0,0.0005511717763838505,0.0,0.0,0.0009604168203488595,0.0,0.0002535390171365712,0.0,0.0001984218394981862,0.00015432809738747814,0.0001984218394981862,0.0001984218394981862,0.000563573141352487,0.0,0.0002535390171365712,0.0,0.0001984218394981862,0.00015432809738747814,0.0001984218394981862,0.0001984218394981862,0.000563573141352487,0.0004684960099262729,0.0001102343552767701,0.0004684960099262729,0.0014606052074172039,0.0012401364968636637,0.0014606052074172039,0.0014606052074172039,0.0032863617166887086,0.0,0.0001901542628524284,0.0,0.0,0.0004133788322878878,0.0,0.0,0.0007203126152616447,0.0,0.0002535390171365712,0.0,0.0,0.0005511717763838505,0.0,0.0,0.0009604168203488595,0.0,0.0002535390171365712,0.0,0.0001984218394981862,0.00015432809738747814,0.0001984218394981862,0.0001984218394981862,0.000563573141352487,0.0,0.0002535390171365712,0.0,0.0001984218394981862,0.00015432809738747814,0.0001984218394981862,0.0001984218394981862,0.000563573141352487,0.0,0.0002535390171365712,0.0,0.0001984218394981862,0.00015432809738747814,0.0001984218394981862,0.0001984218394981862,0.000563573141352487,0.0,0.0002535390171365712,0.0,0.0,0.0005511717763838505,0.0,0.0,0.0009604168203488595,0.0,0.0002535390171365712,0.0,0.0,0.0005511717763838505,0.0,0.0,0.0009604168203488595,0.0,0.0002535390171365712,0.0,0.0,0.0005511717763838505,0.0,0.0,0.0009604168203488595,0.0,0.0002535390171365712,0.0,0.0,0.0005511717763838505,0.0,0.0,0.0009604168203488595,0.0,0.0002535390171365712,0.0,0.0001984218394981862,0.00015432809738747814,0.0001984218394981862,0.0001984218394981862,0.000563573141352487,0.0,0.0002535390171365712,0.0,0.0001984218394981862,0.00015432809738747814,0.0001984218394981862,0.0001984218394981862,0.000563573141352487,0.0,0.0002535390171365712,0.0,0.0001984218394981862,0.00015432809738747814,0.0001984218394981862,0.0001984218394981862,0.000563573141352487,0.0,0.0002535390171365712,0.0,0.0001984218394981862,0.00015432809738747814,0.0001984218394981862,0.0001984218394981862,0.000563573141352487,0.0,0.0001901542628524284,0.0,0.00014881637962363962,0.00011574607304060861,0.00014881637962363962,0.00014881637962363962,0.0004226798560143653,0.0,0.0011299021415868936,0.0009921091974909309,0.0,0.0013779294409596264,0.0,0.0,0.0,0.0,0.0011299021415868936,0.0002204687105535402,0.0,0.00016535153291515514,0.0,0.0,0.0,0.0,0.000338970642476068,0.00029763275924727924,0.0,0.0004133788322878878,0.0,0.0,0.0,0.0,0.0011299021415868936,0.0009921091974909309,0.0,0.0013779294409596264,0.0,0.0,0.0,0.9217102934980967,-0.8958832086835954,0.9207181843006058,0.9217102934980967,0.9203323640571371,0.9193092514472246,0.9193092514472246,0.9193092514472246,0.0013779294409596264,0.0025078315825465196,0.0003858202434686953,0.0013779294409596264,0.0,0.0,0.0,0.0,0.0,0.000677941284952136,0.0005952655184945585,0.0,9.92109197490931e-05,0.0,0.0,0.0,0.0,0.0001129902141586893,0.0,0.0,0.0,0.0,0.0,0.0,0.0,0.0002259804283173786,0.0001984218394981862,0.0,0.00027558588819192524,0.0,0.0,0.0,0.0,0.0004519608566347572,0.0003968436789963724,0.0,0.0005511717763838505,0.0,0.0,0.0,0.0,0.0004519608566347572,0.0003968436789963724,0.0,0.0,0.0,0.0,0.0,0.00012125779080444711,0.00023424800496313648,0.0,0.0,0.0,0.0,0.0,0.0,0.00048503116321778843,0.0009369920198525459,8.818748422141607e-05,0.00048503116321778843,0.0,0.0,0.0,0.0,0.00048503116321778843,0.0009369920198525459,8.818748422141607e-05,0.00048503116321778843,0.0,0.0,0.0,0.0
x_R24_EXIT_E,0.0,0.0,0.0016865856357345822,0.0,0.0006944764382436515,0.0,0.0,0.002536079136086192,0.0,0.0,0.00037479680794101834,0.0,0.00015432809738747814,0.0,0.0,0.000563573141352487,0.00033070306583031034,0.00033070306583031034,0.0,0.00033070306583031034,0.0005732186474392046,0.00033070306583031034,0.00033070306583031034,0.0009824636914042137,0.00033070306583031034,0.00033070306583031034,0.0,0.00033070306583031034,0.0005732186474392046,0.00033070306583031034,0.00033070306583031034,0.0009824636914042137,0.0,0.0,0.0018739840397050912,0.0,0.0012125779080444708,0.0,0.0,0.003258803127869516,0.0,0.0,0.0002810976059557637,0.0,0.00011574607304060861,0.0,0.0,0.0004226798560143653,0.0,0.0,0.00037479680794101834,0.0,0.00015432809738747814,0.0,0.0,0.000563573141352487,0.00024251558160889424,0.00024251558160889424,0.00013228122633212412,0.00024251558160889424,0.0004850311632177885,0.00024251558160889424,0.00024251558160889424,0.0008942762071827974,0.00024251558160889424,0.00024251558160889424,0.0,0.00024251558160889424,0.0004850311632177885,0.00024251558160889424,0.00024251558160889424,0.0008942762071827974,0.00017637496844283214,0.00017637496844283214,0.0,0.00017637496844283214,0.0004188905500517264,0.00017637496844283214,0.00017637496844283214,0.0008281355940167353,0.0,0.0,0.00037479680794101834,0.0,0.00015432809738747814,0.0,0.0,0.000563573141352487,0.0,0.0,0.00037479680794101834,0.0,0.00015432809738747814,0.0,0.0,0.000563573141352487,0.0,0.0,0.00037479680794101834,0.0,0.00015432809738747814,0.0,0.0,0.000563573141352487,0.0,0.0,0.00037479680794101834,0.0,0.00015432809738747814,0.0,0.0,0.000563573141352487,0.0,0.0,0.00033070306583031034,0.0,0.00028660932371960224,0.0,0.0,0.0006958543676846113,0.0001102343552767701,0.0001102343552767701,0.00026456245266424824,0.0001102343552767701,0.00035274993688566434,0.0001102343552767701,0.0001102343552767701,0.0007619949808506734,0.00017637496844283214,0.00017637496844283214,0.0001984218394981862,0.00017637496844283214,0.0004188905500517264,0.00017637496844283214,0.00017637496844283214,0.0008281355940167353,0.00017637496844283214,0.00017637496844283214,0.0001984218394981862,0.00017637496844283214,0.0004188905500517264,0.00017637496844283214,0.00017637496844283214,0.0008281355940167353,0.00013228122633212412,0.00013228122633212412,0.00014881637962363962,0.00013228122633212412,0.00031416791253879476,0.00013228122633212412,0.00013228122633212412,0.0006211016955125514,0.0,0.0,0.0011574607304060858,0.0,0.0003858202434686953,0.0,0.0,0.0,0.0,0.0,0.0013779294409596258,0.0,0.00016535153291515514,0.0,0.0,0.0,0.0,0.0,0.00034723821912182576,0.0,0.00011574607304060861,0.0,0.0,0.0,0.0,0.0,0.0011574607304060858,0.0,0.0003858202434686953,0.0,0.0,0.0,0.9207181843006058,0.9207181843006058,-0.8928687395780331,0.9207181843006058,0.9203323640571371,0.9193092514472246,0.9193092514472246,0.9193092514472246,0.0003858202434686953,0.0003858202434686953,0.001543280973874781,0.0003858202434686953,0.0,0.0,0.0,0.0,0.0,0.0,0.0006944764382436515,0.0,9.92109197490931e-05,0.0,0.0,0.0,0.0,0.0,0.00013779294409596262,0.0,0.0,0.0,0.0,0.0,0.0,0.0,0.00023149214608121722,0.0,7.716404869373907e-05,0.0,0.0,0.0,0.0,0.0,0.00046298429216243443,0.0,0.00015432809738747814,0.0,0.0,0.0,0.0,0.0,0.00046298429216243443,0.0,0.0,0.0,0.0,0.0,0.0,0.0,0.00013779294409596262,0.0,0.0,0.0,0.0,0.0,8.818748422141607e-05,8.818748422141607e-05,0.0005511717763838505,8.818748422141607e-05,0.0,0.0,0.0,0.0,8.818748422141607e-05,8.818748422141607e-05,0.0005511717763838505,8.818748422141607e-05,0.0,0.0,0.0,0.0
x_R24_EXIT_G,0.0,0.0,0.0,0.0027779057529746065,0.002703497563162787,0.002009021124919135,0.00022322456943545945,0.004545100261005327,0.0,0.0,0.0,0.0006173123895499126,0.000600777236258397,0.0004464491388709189,0.0,0.0010100222802234059,0.0,0.0,0.0,0.000666917849424459,0.00015432809738747814,0.0,0.0,0.000563573141352487,0.0,0.0,0.0,0.000666917849424459,0.00015432809738747814,0.0,0.0,0.000563573141352487,0.0,0.0,0.0,0.0033345892471222955,0.0007716404869373906,0.0,0.0,0.0028178657067624356,0.0,0.0,0.0,0.00046298429216243443,0.0004505829271937977,0.00033483685415318913,0.0,0.0007575167101675544,0.0,0.0,0.0,0.0006173123895499126,0.000600777236258397,0.0004464491388709189,0.0,0.0010100222802234059,0.0,0.0,0.0,0.000666917849424459,0.00015432809738747814,0.0,0.0,0.000563573141352487,0.0,0.0,0.0,0.000666917849424459,0.00015432809738747814,0.0,0.0,0.000563573141352487,0.0,0.0,0.0,0.000666917849424459,0.00015432809738747814,0.0,0.0,0.000563573141352487,0.0,0.0,0.0,0.0006173123895499126,0.000600777236258397,0.0004464491388709189,0.0,0.0010100222802234059,0.0,0.0,0.0,0.0006173123895499126,0.000600777236258397,0.0004464491388709189,0.0,0.0010100222802234059,0.0,0.0,0.0,0.0006173123895499126,0.000600777236258397,0.0004464491388709189,0.0,0.0010100222802234059,0.0,0.0,0.0,0.0006173123895499126,0.000600777236258397,0.0004464491388709189,0.0,0.0010100222802234059,0.0,0.0,0.0,0.000666917849424459,0.00015432809738747814,0.0,0.0,0.000563573141352487,0.0,0.0,0.0,0.000666917849424459,0.00015432809738747814,0.0,0.0,0.000563573141352487,0.0,0.0,0.0,0.000666917849424459,0.00015432809738747814,0.0,0.0,0.000563573141352487,0.0,0.0,0.0,0.000666917849424459,0.00015432809738747814,0.0,0.0,0.000563573141352487,0.0,0.0,0.0,0.0005001883870683443,0.00011574607304060861,0.0,0.0,0.0004226798560143653,0.00012401364968636636,0.0,0.0009921091974909309,0.0016672946235611477,0.0013779294409596264,0.0,0.0,0.0,0.00012401364968636636,0.0,0.0002204687105535402,0.0016672946235611477,0.00016535153291515514,0.0,0.0,0.0,0.00033483685415318913,0.00037204094905909907,0.0006696737083063783,0.00012814743800924523,0.0007854197813469869,0.0,0.0,0.0,0.0006200682484318318,0.0007440818981181981,0.001736191095609129,0.0009232127254429496,0.0021220113390778244,0.0,0.0,0.0,0.9218343071477831,0.9217102934980967,0.9207181843006058,-0.8960692743314819,0.9203323640571371,0.9193092514472246,0.9193092514472246,0.9193092514472246,0.0015019430906459928,0.0013779294409596264,0.0003858202434686953,0.0030452240645207737,0.0,0.0,0.0,0.0,7.440818981181981e-05,0.0,0.0005952655184945585,0.0005539276352657697,9.92109197490931e-05,0.0,0.0,0.0,0.0,0.0,0.0,0.00016672946235611475,0.0,0.0,0.0,0.0,0.00012401364968636636,0.0,0.0001984218394981862,8.543162533949682e-05,0.00027558588819192524,0.0,0.0,0.0,0.0002480272993727327,0.0,0.0003968436789963724,0.0003692850901771798,0.0005511717763838505,0.0,0.0,0.0,0.0,0.0,0.0003968436789963724,0.0003692850901771798,0.0,0.0,0.0,0.0,0.00013365915577308372,0.00012125779080444711,0.0,9.232127254429495e-05,0.0,0.0,0.0,0.0,0.0005346366230923349,0.00048503116321778843,8.818748422141607e-05,0.0011519490126422475,0.0,0.0,0.0,0.0,0.0005346366230923349,0.00048503116321778843,8.818748422141607e-05,0.0011519490126422475,0.0,0.0,0.0,0.0
x_R24_EXIT_H,0.0,0.0,0.0,0.0,0.0008928982777418377,0.0,0.0,0.0018416026978425404,0.0,0.0,0.0,0.0,0.0001984218394981862,0.0,0.0,0.000409245043965009,0.0,0.0,0.0,0.0,0.0001984218394981862,0.0,0.0,0.000409245043965009,0.0,0.0,0.0,0.0,0.0001984218394981862,0.0,0.0,0.000409245043965009,0.0,0.0,0.0,0.0,0.0009921091974909306,0.0,0.0,0.002046225219825045,0.0,0.0,0.0,0.0,0.00014881637962363962,0.0,0.0,0.00030693378297375675,0.0,0.0,0.0,0.0,0.0001984218394981862,0.0,0.0,0.000409245043965009,0.0,0.0,0.0,0.0,0.0001984218394981862,0.0,0.0,0.000409245043965009,0.0,0.0,0.0,0.0,0.0001984218394981862,0.0,0.0,0.000409245043965009,0.0,0.0,0.0,0.0,0.0001984218394981862,0.0,0.0,0.000409245043965009,0.0,0.0,0.0,0.0,0.0001984218394981862,0.0,0.0,0.000409245043965009,0.0,0.0,0.0,0.0,0.0001984218394981862,0.0,0.0,0.000409245043965009,0.0,0.0,0.0,0.0,0.0001984218394981862,0.0,0.0,0.000409245043965009,0.0,0.0,0.0,0.0,0.0001984218394981862,0.0,0.0,0.000409245043965009,0.0,0.0,0.0,0.0,0.0001984218394981862,0.0,0.0,0.000409245043965009,0.0,0.0,0.0,0.0,0.0001984218394981862,0.0,0.0,0.000409245043965009,0.0,0.0,0.0,0.0,0.0001984218394981862,0.0,0.0,0.000409245043965009,0.0,0.0,0.0,0.0,0.0001984218394981862,0.0,0.0,0.000409245043965009,0.0,0.0,0.0,0.0,0.00014881637962363962,0.0,0.0,0.00030693378297375675,0.0,0.0,0.0,0.0,0.0004960545987454653,0.0,0.0,0.0,0.0,0.0,0.0,0.0,0.0004960545987454653,0.0,0.0,0.0,0.0,0.0,0.0,0.0,0.00014881637962363962,0.0,0.0,0.0,0.0,0.0,0.0,0.0,0.0004960545987454653,0.0,0.0,0.0,0.9203323640571371,0.9203323640571371,0.9203323640571371,0.9203323640571371,-0.9091085866802379,0.9193092514472246,0.9193092514472246,0.9193092514472246,0.0003307030658303103,0.0003307030658303103,0.0003307030658303103,0.0003307030658303103,0.00016535153291515514,0.0,0.0,0.0,0.0,0.0,0.0,0.0,0.00029763275924727924,0.0,0.0,0.0,0.0,0.0,0.0,0.0,0.0,0.0,0.0,0.0,0.0,0.0,0.0,0.0,9.92109197490931e-05,0.0,0.0,0.0,0.0,0.0,0.0,0.0,0.0001984218394981862,0.0,0.0,0.0,0.0,0.0,0.0,0.0,6.614061316606205e-05,0.0,0.0,0.0,0.0,0.0,0.0,0.0,0.0,0.0,0.0,0.0,0.0,0.0,0.0,0.0,6.614061316606205e-05,0.0,0.0,0.0,0.0,0.0,0.0,0.0,6.614061316606205e-05,0.0,0.0,0.0
x_R24_EXIT_A,0.0,0.0,0.0,0.0,0.0,0.0019966197599504986,0.0,0.0018416026978425406,0.0,0.0,0.0,0.0,0.0,0.00044369327998899965,0.0,0.000409245043965009,0.0,0.0,0.0,0.0,0.0,0.000840536958985372,0.0,0.000409245043965009,0.0,0.0,0.0,0.0,0.0,0.000840536958985372,0.0,0.000409245043965009,0.0,0.0,0.0,0.0,0.0,0.0042026847949268595,0.0,0.002046225219825045,0.0,0.0,0.0,0.0,0.0,0.0003327699599917497,0.0,0.0003069337829737567,0.0,0.0,0.0,0.0,0.0,0.00044369327998899965,0.0,0.000409245043965009,0.0,0.0,0.0,0.0,0.0,0.000840536958985372,0.0,0.000409245043965009,0.0,0.0,0.0,0.0,0.0,0.000840536958985372,0.0,0.000409245043965009,0.0,0.0,0.0,0.0,0.0,0.000840536958985372,0.0,0.000409245043965009,0.0,0.0,0.0,0.0,0.0,0.00044369327998899965,0.0,0.000409245043965009,0.0,0.0,0.0,0.0,0.0,0.00044369327998899965,0.0,0.000409245043965009,0.0,0.0,0.0,0.0,0.0,0.00044369327998899965,0.0,0.000409245043965009,0.0,0.0,0.0,0.0,0.0,0.00044369327998899965,0.0,0.000409245043965009,0.0,0.0,0.0,0.0,0.0,0.000840536958985372,0.0,0.000409245043965009,0.0,0.0,0.0,0.0,0.0,0.000840536958985372,0.0,0.000409245043965009,0.0,0.0,0.0,0.0,0.0,0.000840536958985372,0.0,0.000409245043965009,0.0,0.0,0.0,0.0,0.0,0.000840536958985372,0.0,0.000409245043965009,0.0,0.0,0.0,0.0,0.0,0.0006304027192390291,0.0,0.0003069337829737567,0.0,0.0,0.0,0.0,0.0,0.0021013423974634298,0.0,0.00016535153291515514,0.0,0.0,0.0,0.0,0.0,0.0021013423974634298,0.0,0.00016535153291515514,0.0,0.0,0.0,0.0,0.0,0.0003327699599917497,0.0005208573286827386,0.0007730184163783503,0.0,0.0,0.0,0.0,0.0,0.001729301448404331,0.0011161228471772973,0.001956659806162669,0.9193092514472246,0.9193092514472246,0.9193092514472246,0.9193092514472246,0.9193092514472246,-0.8925347046219927,0.9211729010161225,0.9203323640571371,0.0,0.0,0.0,0.0,0.0,0.003685961254567,0.000840536958985372,0.0,0.0,0.0,0.0,0.00022322456943545943,0.0,0.0012608054384780582,0.0,9.92109197490931e-05,0.0,0.0,0.0,0.0,0.0,0.000210134239746343,0.0,0.0,0.00032863617166887084,0.0004030443614806907,0.0004030443614806907,0.0002046225219825045,0.0004030443614806907,0.0,0.0005518607411043303,0.0007199681329014047,0.0,0.00014881637962363965,0.00014881637962363965,0.0,0.00014881637962363965,0.0,0.0004464491388709189,0.0007826639224650676,0.00014881637962363965,0.00014881637962363965,0.00014881637962363965,0.00029763275924727924,0.0003362147835941488,0.0009893533386090118,0.0,0.0003362147835941488,0.0,0.0,0.0,0.00011161228471772973,0.0,0.0002845424295581628,0.0,0.0,6.614061316606205e-05,6.614061316606205e-05,6.614061316606205e-05,6.614061316606205e-05,0.0,0.0014743845018268002,0.0003362147835941488,0.0,6.614061316606205e-05,6.614061316606205e-05,6.614061316606205e-05,6.614061316606205e-05,0.0,0.0014743845018268002,0.0003362147835941488,0.0
x_R24_EXIT_F,0.0,0.0,0.0,0.0,0.0,0.0,0.0007688846280554714,0.0018416026978425406,0.0,0.0,0.0,0.0,0.0,0.0,0.00017086325067899367,0.000409245043965009,0.0,0.0,0.0,0.0,0.0,0.0,0.00017086325067899367,0.000409245043965009,0.0,0.0,0.0,0.0,0.0,0.0,0.00017086325067899367,0.000409245043965009,0.0,0.0,0.0,0.0,0.0,0.0,0.0008543162533949681,0.002046225219825045,0.0,0.0,0.0,0.0,0.0,0.0,0.00012814743800924523,0.0003069337829737567,0.0,0.0,0.0,0.0,0.0,0.0,0.00017086325067899367,0.000409245043965009,0.0,0.0,0.0,0.0,0.0,0.0,0.00017086325067899367,0.000409245043965009,0.0,0.0,0.0,0.0,0.0,0.0,0.00017086325067899367,0.000409245043965009,0.0,0.0,0.0,0.0,0.0,0.0,0.00017086325067899367,0.000409245043965009,0.0,0.0,0.0,0.0,0.0,0.0,0.00017086325067899367,0.000409245043965009,0.0,0.0,0.0,0.0,0.0,0.0,0.00017086325067899367,0.000409245043965009,0.0,0.0,0.0,0.0,0.0,0.0,0.00017086325067899367,0.000409245043965009,0.0,0.0,0.0,0.0,0.0,0.0,0.00017086325067899367,0.000409245043965009,0.0,0.0,0.0,0.0,0.0,0.0,0.00017086325067899367,0.000409245043965009,0.0,0.0,0.0,0.0,0.0,0.0,0.00017086325067899367,0.000409245043965009,0.0,0.0,0.0,0.0,0.0,0.0,0.00017086325067899367,0.000409245043965009,0.0,0.0,0.0,0.0,0.0,0.0,0.00017086325067899367,0.000409245043965009,0.0,0.0,0.0,0.0,0.0,0.0,0.00012814743800924523,0.0003069337829737567,0.0,0.0,0.0,0.0,0.0,0.0,0.00042715812669748407,0.00016535153291515514,0.0,0.0,0.0,0.0,0.0,0.0,0.00042715812669748407,0.00016535153291515514,0.0,0.0,0.0,0.0,0.0,0.0,0.00012814743800924523,0.00025216108769561156,0.0,0.0,0.0,0.0,0.0,0.0,0.00042715812669748407,0.000840536958985372,0.9193092514472246,0.9193092514472246,0.9193092514472246,0.9193092514472246,0.9193092514472246,0.9211729010161225,-0.9058048427387879,0.9203323640571371,0.0,0.0,0.0,0.0,0.0,0.000840536958985372,0.0012676950856828563,0.0,0.0,0.0,0.0,0.0,0.0,0.0,0.00025629487601849045,9.92109197490931e-05,0.0,0.0,0.0,0.0,0.0,0.0,0.0,0.0,0.0,0.0,0.0,0.0,0.0,0.0,8.543162533949683e-05,0.0001681073917970744,0.0,0.0,0.0,0.0,0.0,0.0,0.00017086325067899367,0.0003362147835941488,0.0,0.0,0.0,0.0,0.0004354257033432419,0.0,7.165233092990057e-05,0.0004354257033432419,0.0,0.0,0.0,0.0,0.0,0.0,0.0,0.0,6.614061316606205e-05,6.614061316606205e-05,6.614061316606205e-05,6.614061316606205e-05,0.0,0.0003362147835941488,0.0005070780342731424,0.0,6.614061316606205e-05,6.614061316606205e-05,6.614061316606205e-05,6.614061316606205e-05,0.0,0.0003362147835941488,0.0005070780342731424,0.0
x_R24_EXIT_B,0.0,0.0,0.0,0.0,0.0,0.0,0.0,0.007509026488509483,0.0,0.0,0.0,0.0,0.0,0.0,0.0,0.0016686725530021074,0.0,0.0,0.0,0.0,0.0,0.0,0.0,0.0016686725530021074,0.0,0.0,0.0,0.0,0.0,0.0,0.0,0.0016686725530021074,0.0,0.0,0.0,0.0,0.0,0.0,0.0,0.008343362765010536,0.0,0.0,0.0,0.0,0.0,0.0,0.0,0.0012515044147515804,0.0,0.0,0.0,0.0,0.0,0.0,0.0,0.0016686725530021074,0.0,0.0,0.0,0.0,0.0,0.0,0.0,0.0016686725530021074,0.0,0.0,0.0,0.0,0.0,0.0,0.0,0.0016686725530021074,0.0,0.0,0.0,0.0,0.0,0.0,0.0,0.0016686725530021074,0.0,0.0,0.0,0.0,0.0,0.0,0.0,0.0016686725530021074,0.0,0.0,0.0,0.0,0.0,0.0,0.0,0.0016686725530021074,0.0,0.0,0.0,0.0,0.0,0.0,0.0,0.0016686725530021074,0.0,0.0,0.0,0.0,0.0,0.0,0.0,0.0016686725530021074,0.0,0.0,0.0,0.0,0.0,0.0,0.0,0.0016686725530021074,0.0,0.0,0.0,0.0,0.0,0.0,0.0,0.0016686725530021074,0.0,0.0,0.0,0.0,0.0,0.0,0.0,0.0016686725530021074,0.0,0.0,0.0,0.0,0.0,0.0,0.0,0.0016686725530021074,0.0,0.0,0.0,0.0,0.0,0.0,0.0,0.0012515044147515804,0.0,0.0,0.0,0.0,0.0,0.0,0.0,0.003148568772592746,0.0,0.0,0.0,0.0,0.0,0.0,0.0,0.003148568772592746,0.0,0.0,0.0,0.0,0.0,0.0,0.0,0.0009445706317778237,0.0,0.0,0.0,0.0,0.0,0.0,0.0,0.003148568772592746,0.9193092514472246,0.9193092514472246,0.9193092514472246,0.9193092514472246,0.9193092514472246,0.9203323640571371,0.9203323640571371,-0.9057326143765299,0.0,0.0,0.0,0.0,0.0,0.0,0.0,0.0001102343552767701,0.0,0.0,0.0,0.0,0.0,0.0,0.0,0.0018891412635556474,0.0,0.0,0.0,0.0,0.0,0.0,0.0,0.00031485687725927463,0.0,0.0,0.0,0.0,0.0,0.0,0.0,0.0006297137545185493,0.0,0.0,0.0,0.0,0.0,0.0,0.0,0.0012594275090370985,0.0,0.0,0.0,0.0,0.0,0.0,0.0,0.0012594275090370985,0.0,0.0,0.0,0.0,0.0,0.0,0.0,0.00031485687725927463,0.000409245043965009,0.000409245043965009,0.000409245043965009,0.000409245043965009,0.000409245043965009,0.000409245043965009,0.000409245043965009,0.0008501824650720895,0.0,0.0,0.0,0.0,0.0,0.0,0.0,0.0
x_R25_EXIT_C,0.00019842183949818617,0.00272830029310006,0.00272830029310006,0.003621198570841898,0.0069199616524992435,0.003621198570841898,0.0038444231402773575,0.006324696134004684,0.0,0.0006062889540222355,0.0006062889540222355,0.0008047107935204217,0.0015377692561109426,0.0008047107935204217,0.0008543162533949682,0.0014054880297788186,0.0006503826961329435,0.0,0.0,0.0,0.00028660932371960224,0.0,0.0,0.00015432809738747814,0.0006503826961329435,0.0,0.0,0.0,0.00028660932371960224,0.0,0.0,0.00015432809738747814,0.0032519134806647176,0.0,0.0,0.0002480272993727327,0.001433046618598011,0.0,0.0,0.0007716404869373906,0.00014054880297788186,0.0002562948760184905,0.0002562948760184905,0.00040511125564213007,0.000954905102585021,0.00040511125564213007,0.00044231535054804,0.0008556941828359279,0.0,0.00046298429216243443,0.00046298429216243443,0.0006614061316606207,0.0013944645942511416,0.0006614061316606207,0.0007110115915351671,0.0012621833679190176,0.0006503826961329435,0.0,0.0,0.0,0.00028660932371960224,0.0,0.0,0.00015432809738747814,0.0006503826961329435,0.0,0.0,0.0,0.00028660932371960224,0.0,0.0,0.00015432809738747814,0.0006503826961329435,0.0,0.0,0.0,0.00028660932371960224,0.0,0.0,0.00015432809738747814,0.0003086561947749563,0.0003417265013579873,0.0003417265013579873,0.0005401483408561735,0.0012732068034466944,0.0005401483408561735,0.0005897538007307201,0.0011409255771145704,0.0003086561947749563,0.0003417265013579873,0.0003417265013579873,0.0005401483408561735,0.0012732068034466944,0.0005401483408561735,0.0005897538007307201,0.0011409255771145704,0.00042991398557940333,0.0002204687105535402,0.0002204687105535402,0.0004188905500517264,0.0011519490126422475,0.0004188905500517264,0.0004684960099262729,0.0010196677863101233,0.0005511717763838505,9.92109197490931e-05,9.92109197490931e-05,0.00029763275924727924,0.0010306912218378003,0.00029763275924727924,0.00034723821912182576,0.0008984099955056762,0.0006503826961329435,0.0,0.0,0.0,0.00028660932371960224,0.0,0.0,0.00015432809738747814,0.0006503826961329435,0.0,0.0,0.0,0.00028660932371960224,0.0,0.0,0.00015432809738747814,0.0006503826961329435,0.0,0.0,0.0,0.00028660932371960224,0.0,0.0,0.00015432809738747814,0.0006503826961329435,0.0,0.0,0.0,0.00028660932371960224,0.0,0.0,0.00015432809738747814,0.00048778702209970764,0.0,0.0,0.0,0.0002149569927897017,0.0,0.0,0.00011574607304060861,0.002246024988764191,0.0,0.0009921091974909309,0.00012401364968636636,0.0017086325067899365,0.0,0.0,0.0,0.002246024988764191,0.0,0.0002204687105535402,0.00012401364968636636,0.0004960545987454654,0.0,0.0,0.0,0.0006366034017233472,0.0,0.0003348368541531892,0.0,0.0005497938469428908,0.0,0.0,0.0,0.0021220113390778244,0.00012401364968636636,0.0011161228471772973,0.0,0.001832646156476303,0.0,0.0,0.0,0.0036239544297238164,0.0013779294409596264,0.0003858202434686953,0.0015019430906459928,0.0003307030658303103,0.0,0.0,0.0,-0.8835845108226767,0.9220409965639271,0.9210488873664362,0.9221650102136134,0.9203323640571371,0.9193092514472246,0.9193092514472246,0.9193092514472246,0.0013476149932585145,0.0,0.0005952655184945585,0.0,0.0002976327592472793,0.0,0.0,0.0,0.00022460249887641903,0.0,0.0,0.0,0.0,0.0,0.0,0.0,0.00042440226781556486,0.0,0.0001984218394981862,0.0,0.0003417265013579873,0.0,0.0,0.0,0.0008488045356311297,0.0,0.0003968436789963724,0.0,0.0006834530027159746,0.0,0.0,0.0,0.0008984099955056761,0.0,0.0003968436789963724,0.0,0.000409245043965009,0.0,0.0,0.0,0.0003458602896808662,0.00012125779080444711,0.0,0.0,0.00010231126099125225,0.0,0.0,0.0,0.0013834411587234647,0.00048503116321778843,8.818748422141607e-05,0.0005346366230923349,0.000409245043965009,0.0,0.0,0.0,0.0013834411587234647,0.00048503116321778843,8.818748422141607e-05,0.0005346366230923349,0.000409245043965009,0.0,0.0,0.0
x_R25_EXIT_D,0.0,0.0011409255771145706,0.0,0.0,0.003075538512221885,0.0,0.0,0.0024802729937273274,0.0,0.0002535390171365712,0.0,0.0,0.0006834530027159746,0.0,0.0,0.0005511717763838505,0.0,0.0002535390171365712,0.0,0.0001984218394981862,0.00028660932371960224,0.0001984218394981862,0.0001984218394981862,0.00015432809738747814,0.0,0.0002535390171365712,0.0,0.0001984218394981862,0.00028660932371960224,0.0001984218394981862,0.0001984218394981862,0.00015432809738747814,0.0004684960099262729,0.0001102343552767701,0.0004684960099262729,0.0014606052074172039,0.001901542628524284,0.0014606052074172039,0.0014606052074172039,0.0012401364968636637,0.0,0.0001901542628524284,0.0,0.0,0.0005125897520369809,0.0,0.0,0.0004133788322878878,0.0,0.0002535390171365712,0.0,0.0,0.0006834530027159746,0.0,0.0,0.0005511717763838505,0.0,0.0002535390171365712,0.0,0.0001984218394981862,0.00028660932371960224,0.0001984218394981862,0.0001984218394981862,0.00015432809738747814,0.0,0.0002535390171365712,0.0,0.0001984218394981862,0.00028660932371960224,0.0001984218394981862,0.0001984218394981862,0.00015432809738747814,0.0,0.0002535390171365712,0.0,0.0001984218394981862,0.00028660932371960224,0.0001984218394981862,0.0001984218394981862,0.00015432809738747814,0.0,0.0002535390171365712,0.0,0.0,0.0006834530027159746,0.0,0.0,0.0005511717763838505,0.0,0.0002535390171365712,0.0,0.0,0.0006834530027159746,0.0,0.0,0.0005511717763838505,0.0,0.0002535390171365712,0.0,0.0,0.0006834530027159746,0.0,0.0,0.0005511717763838505,0.0,0.0002535390171365712,0.0,0.0,0.0006834530027159746,0.0,0.0,0.0005511717763838505,0.0,0.0002535390171365712,0.0,0.0001984218394981862,0.00028660932371960224,0.0001984218394981862,0.0001984218394981862,0.00015432809738747814,0.0,0.0002535390171365712,0.0,0.0001984218394981862,0.00028660932371960224,0.0001984218394981862,0.0001984218394981862,0.00015432809738747814,0.0,0.0002535390171365712,0.0,0.0001984218394981862,0.00028660932371960224,0.0001984218394981862,0.0001984218394981862,0.00015432809738747814,0.0,0.0002535390171365712,0.0,0.0001984218394981862,0.00028660932371960224,0.0001984218394981862,0.0001984218394981862,0.00015432809738747814,0.0,0.0001901542628524284,0.0,0.00014881637962363962,0.0002149569927897017,0.00014881637962363962,0.00014881637962363962,0.00011574607304060861,0.0,0.0011299021415868936,0.0009921091974909309,0.0,0.0017086325067899365,0.0,0.0,0.0,0.0,0.0011299021415868936,0.0002204687105535402,0.0,0.0004960545987454654,0.0,0.0,0.0,0.0,0.000338970642476068,0.00029763275924727924,0.0,0.0005125897520369809,0.0,0.0,0.0,0.0,0.0011299021415868936,0.0009921091974909309,0.0,0.0017086325067899365,0.0,0.0,0.0,0.0013779294409596264,0.0025078315825465196,0.0003858202434686953,0.0013779294409596264,0.0003307030658303103,0.0,0.0,0.0,0.9220409965639271,-0.8912117568386007,0.9210488873664362,0.9220409965639271,0.9203323640571371,0.9193092514472246,0.9193092514472246,0.9193092514472246,0.0,0.000677941284952136,0.0005952655184945585,0.0,0.0002976327592472793,0.0,0.0,0.0,0.0,0.0001129902141586893,0.0,0.0,0.0,0.0,0.0,0.0,0.0,0.0002259804283173786,0.0001984218394981862,0.0,0.0003417265013579873,0.0,0.0,0.0,0.0,0.0004519608566347572,0.0003968436789963724,0.0,0.0006834530027159746,0.0,0.0,0.0,0.0,0.0004519608566347572,0.0003968436789963724,0.0,0.000409245043965009,0.0,0.0,0.0,0.00012125779080444711,0.00023424800496313648,0.0,0.0,0.00010231126099125225,0.0,0.0,0.0,0.00048503116321778843,0.0009369920198525459,8.818748422141607e-05,0.00048503116321778843,0.000409245043965009,0.0,0.0,0.0,0.00048503116321778843,0.0009369920198525459,8.818748422141607e-05,0.00048503116321778843,0.000409245043965009,0.0,0.0,0.0
x_R25_EXIT_E,0.0,0.0,0.0016865856357345822,0.0,0.0012897419567382102,0.0,0.0,0.0006944764382436515,0.0,0.0,0.00037479680794101834,0.0,0.00028660932371960224,0.0,0.0,0.00015432809738747814,0.00033070306583031034,0.00033070306583031034,0.0,0.00033070306583031034,0.0007054998737713286,0.00033070306583031034,0.00033070306583031034,0.0005732186474392046,0.00033070306583031034,0.00033070306583031034,0.0,0.00033070306583031034,0.0007054998737713286,0.00033070306583031034,0.00033070306583031034,0.0005732186474392046,0.0,0.0,0.0018739840397050912,0.0,0.0018739840397050912,0.0,0.0,0.0012125779080444708,0.0,0.0,0.0002810976059557637,0.0,0.0002149569927897017,0.0,0.0,0.00011574607304060861,0.0,0.0,0.00037479680794101834,0.0,0.00028660932371960224,0.0,0.0,0.00015432809738747814,0.00024251558160889424,0.00024251558160889424,0.00013228122633212412,0.00024251558160889424,0.0006173123895499126,0.00024251558160889424,0.00024251558160889424,0.0004850311632177885,0.00024251558160889424,0.00024251558160889424,0.0,0.00024251558160889424,0.0006173123895499126,0.00024251558160889424,0.00024251558160889424,0.0004850311632177885,0.00017637496844283214,0.00017637496844283214,0.0,0.00017637496844283214,0.0005511717763838505,0.00017637496844283214,0.00017637496844283214,0.0004188905500517264,0.0,0.0,0.00037479680794101834,0.0,0.00028660932371960224,0.0,0.0,0.00015432809738747814,0.0,0.0,0.00037479680794101834,0.0,0.00028660932371960224,0.0,0.0,0.00015432809738747814,0.0,0.0,0.00037479680794101834,0.0,0.00028660932371960224,0.0,0.0,0.00015432809738747814,0.0,0.0,0.00037479680794101834,0.0,0.00028660932371960224,0.0,0.0,0.00015432809738747814,0.0,0.0,0.00033070306583031034,0.0,0.0004188905500517264,0.0,0.0,0.00028660932371960224,0.0001102343552767701,0.0001102343552767701,0.00026456245266424824,0.0001102343552767701,0.00048503116321778843,0.0001102343552767701,0.0001102343552767701,0.00035274993688566434,0.00017637496844283214,0.00017637496844283214,0.0001984218394981862,0.00017637496844283214,0.0005511717763838505,0.00017637496844283214,0.00017637496844283214,0.0004188905500517264,0.00017637496844283214,0.00017637496844283214,0.0001984218394981862,0.00017637496844283214,0.0005511717763838505,0.00017637496844283214,0.00017637496844283214,0.0004188905500517264,0.00013228122633212412,0.00013228122633212412,0.00014881637962363962,0.00013228122633212412,0.0004133788322878878,0.00013228122633212412,0.00013228122633212412,0.00031416791253879476,0.0,0.0,0.0011574607304060858,0.0,0.0007165233092990055,0.0,0.0,0.0,0.0,0.0,0.0013779294409596258,0.0,0.0004960545987454654,0.0,0.0,0.0,0.0,0.0,0.00034723821912182576,0.0,0.0002149569927897017,0.0,0.0,0.0,0.0,0.0,0.0011574607304060858,0.0,0.0007165233092990055,0.0,0.0,0.0,0.0003858202434686953,0.0003858202434686953,0.001543280973874781,0.0003858202434686953,0.0003307030658303103,0.0,0.0,0.0,0.9210488873664362,0.9210488873664362,-0.8881972877330384,0.9210488873664362,0.9203323640571371,0.9193092514472246,0.9193092514472246,0.9193092514472246,0.0,0.0,0.0006944764382436515,0.0,0.0002976327592472793,0.0,0.0,0.0,0.0,0.0,0.00013779294409596262,0.0,0.0,0.0,0.0,0.0,0.0,0.0,0.00023149214608121722,0.0,0.00014330466185980112,0.0,0.0,0.0,0.0,0.0,0.00046298429216243443,0.0,0.00028660932371960224,0.0,0.0,0.0,0.0,0.0,0.00046298429216243443,0.0,0.000409245043965009,0.0,0.0,0.0,0.0,0.0,0.00013779294409596262,0.0,0.00010231126099125225,0.0,0.0,0.0,8.818748422141607e-05,8.818748422141607e-05,0.0005511717763838505,8.818748422141607e-05,0.000409245043965009,0.0,0.0,0.0,8.818748422141607e-05,8.818748422141607e-05,0.0005511717763838505,8.818748422141607e-05,0.000409245043965009,0.0,0.0,0.0
x_R25_EXIT_G,0.0,0.0,0.0,0.0027779057529746065,0.0032987630816573446,0.002009021124919135,0.00022322456943545945,0.002703497563162787,0.0,0.0,0.0,0.0006173123895499126,0.0007330584625905212,0.0004464491388709189,0.0,0.000600777236258397,0.0,0.0,0.0,0.000666917849424459,0.00028660932371960224,0.0,0.0,0.00015432809738747814,0.0,0.0,0.0,0.000666917849424459,0.00028660932371960224,0.0,0.0,0.00015432809738747814,0.0,0.0,0.0,0.0033345892471222955,0.001433046618598011,0.0,0.0,0.0007716404869373906,0.0,0.0,0.0,0.00046298429216243443,0.0005497938469428908,0.00033483685415318913,0.0,0.0004505829271937977,0.0,0.0,0.0,0.0006173123895499126,0.0007330584625905212,0.0004464491388709189,0.0,0.000600777236258397,0.0,0.0,0.0,0.000666917849424459,0.00028660932371960224,0.0,0.0,0.00015432809738747814,0.0,0.0,0.0,0.000666917849424459,0.00028660932371960224,0.0,0.0,0.00015432809738747814,0.0,0.0,0.0,0.000666917849424459,0.00028660932371960224,0.0,0.0,0.00015432809738747814,0.0,0.0,0.0,0.0006173123895499126,0.0007330584625905212,0.0004464491388709189,0.0,0.000600777236258397,0.0,0.0,0.0,0.0006173123895499126,0.0007330584625905212,0.0004464491388709189,0.0,0.000600777236258397,0.0,0.0,0.0,0.0006173123895499126,0.0007330584625905212,0.0004464491388709189,0.0,0.000600777236258397,0.0,0.0,0.0,0.0006173123895499126,0.0007330584625905212,0.0004464491388709189,0.0,0.000600777236258397,0.0,0.0,0.0,0.000666917849424459,0.00028660932371960224,0.0,0.0,0.00015432809738747814,0.0,0.0,0.0,0.000666917849424459,0.00028660932371960224,0.0,0.0,0.00015432809738747814,0.0,0.0,0.0,0.000666917849424459,0.00028660932371960224,0.0,0.0,0.00015432809738747814,0.0,0.0,0.0,0.000666917849424459,0.00028660932371960224,0.0,0.0,0.00015432809738747814,0.0,0.0,0.0,0.0005001883870683443,0.0002149569927897017,0.0,0.0,0.00011574607304060861,0.00012401364968636636,0.0,0.0009921091974909309,0.0016672946235611477,0.0017086325067899365,0.0,0.0,0.0,0.00012401364968636636,0.0,0.0002204687105535402,0.0016672946235611477,0.0004960545987454654,0.0,0.0,0.0,0.00033483685415318913,0.00037204094905909907,0.0006696737083063783,0.00012814743800924523,0.00088463070109608,0.0,0.0,0.0,0.0006200682484318318,0.0007440818981181981,0.001736191095609129,0.0009232127254429496,0.0024527144049081347,0.0,0.0,0.0,0.0015019430906459928,0.0013779294409596264,0.0003858202434686953,0.0030452240645207737,0.0003307030658303103,0.0,0.0,0.0,0.9221650102136134,0.9220409965639271,0.9210488873664362,-0.8913978224864871,0.9203323640571371,0.9193092514472246,0.9193092514472246,0.9193092514472246,7.440818981181981e-05,0.0,0.0005952655184945585,0.0005539276352657697,0.0002976327592472793,0.0,0.0,0.0,0.0,0.0,0.0,0.00016672946235611475,0.0,0.0,0.0,0.0,0.00012401364968636636,0.0,0.0001984218394981862,8.543162533949682e-05,0.0003417265013579873,0.0,0.0,0.0,0.0002480272993727327,0.0,0.0003968436789963724,0.0003692850901771798,0.0006834530027159746,0.0,0.0,0.0,0.0,0.0,0.0003968436789963724,0.0003692850901771798,0.000409245043965009,0.0,0.0,0.0,0.00013365915577308372,0.00012125779080444711,0.0,9.232127254429495e-05,0.00010231126099125225,0.0,0.0,0.0,0.0005346366230923349,0.00048503116321778843,8.818748422141607e-05,0.0011519490126422475,0.000409245043965009,0.0,0.0,0.0,0.0005346366230923349,0.00048503116321778843,8.818748422141607e-05,0.0011519490126422475,0.000409245043965009,0.0,0.0,0.0
x_R25_EXIT_H,0.0,0.0,0.0,0.0,0.00029763275924727924,0.0,0.0,0.0,0.0,0.0,0.0,0.0,6.614061316606205e-05,0.0,0.0,0.0,0.0,0.0,0.0,0.0,6.614061316606205e-05,0.0,0.0,0.0,0.0,0.0,0.0,0.0,6.614061316606205e-05,0.0,0.0,0.0,0.0,0.0,0.0,0.0,0.0003307030658303103,0.0,0.0,0.0,0.0,0.0,0.0,0.0,0.0,0.0,0.0,0.0,0.0,0.0,0.0,0.0,6.614061316606205e-05,0.0,0.0,0.0,0.0,0.0,0.0,0.0,6.614061316606205e-05,0.0,0.0,0.0,0.0,0.0,0.0,0.0,6.614061316606205e-05,0.0,0.0,0.0,0.0,0.0,0.0,0.0,6.614061316606205e-05,0.0,0.0,0.0,0.0,0.0,0.0,0.0,6.614061316606205e-05,0.0,0.0,0.0,0.0,0.0,0.0,0.0,6.614061316606205e-05,0.0,0.0,0.0,0.0,0.0,0.0,0.0,6.614061316606205e-05,0.0,0.0,0.0,0.0,0.0,0.0,0.0,6.614061316606205e-05,0.0,0.0,0.0,0.0,0.0,0.0,0.0,6.614061316606205e-05,0.0,0.0,0.0,0.0,0.0,0.0,0.0,6.614061316606205e-05,0.0,0.0,0.0,0.0,0.0,0.0,0.0,6.614061316606205e-05,0.0,0.0,0.0,0.0,0.0,0.0,0.0,6.614061316606205e-05,0.0,0.0,0.0,0.0,0.0,0.0,0.0,0.0,0.0,0.0,0.0,0.0,0.0,0.0,0.0,0.00016535153291515514,0.0,0.0,0.0,0.0,0.0,0.0,0.0,0.00016535153291515514,0.0,0.0,0.0,0.0,0.0,0.0,0.0,0.0,0.0,0.0,0.0,0.0,0.0,0.0,0.0,0.00016535153291515514,0.0,0.0,0.0,0.0,0.0,0.0,0.0,0.00016535153291515514,0.0,0.0,0.0,0.9203323640571371,0.9203323640571371,0.9203323640571371,0.9203323640571371,-0.9137800385252326,0.9193092514472246,0.9193092514472246,0.9193092514472246,0.0,0.0,0.0,0.0,9.92109197490931e-05,0.0,0.0,0.0,0.0,0.0,0.0,0.0,0.0,0.0,0.0,0.0,0.0,0.0,0.0,0.0,0.0,0.0,0.0,0.0,0.0,0.0,0.0,0.0,6.614061316606205e-05,0.0,0.0,0.0,0.0,0.0,0.0,0.0,0.0004753856571310711,0.0,0.0,0.0,0.0,0.0,0.0,0.0,0.00011884641428276778,0.0,0.0,0.0,0.0,0.0,0.0,0.0,0.0004753856571310711,0.0,0.0,0.0,0.0,0.0,0.0,0.0,0.0004753856571310711,0.0,0.0,0.0
x_R25_EXIT_A,0.0,0.0,0.0,0.0,0.0,0.0019966197599504986,0.0,0.0,0.0,0.0,0.0,0.0,0.0,0.00044369327998899965,0.0,0.0,0.0,0.0,0.0,0.0,0.0,0.000840536958985372,0.0,0.0,0.0,0.0,0.0,0.0,0.0,0.000840536958985372,0.0,0.0,0.0,0.0,0.0,0.0,0.0,0.0042026847949268595,0.0,0.0,0.0,0.0,0.0,0.0,0.0,0.0003327699599917497,0.0,0.0,0.0,0.0,0.0,0.0,0.0,0.00044369327998899965,0.0,0.0,0.0,0.0,0.0,0.0,0.0,0.000840536958985372,0.0,0.0,0.0,0.0,0.0,0.0,0.0,0.000840536958985372,0.0,0.0,0.0,0.0,0.0,0.0,0.0,0.000840536958985372,0.0,0.0,0.0,0.0,0.0,0.0,0.0,0.00044369327998899965,0.0,0.0,0.0,0.0,0.0,0.0,0.0,0.00044369327998899965,0.0,0.0,0.0,0.0,0.0,0.0,0.0,0.00044369327998899965,0.0,0.0,0.0,0.0,0.0,0.0,0.0,0.00044369327998899965,0.0,0.0,0.0,0.0,0.0,0.0,0.0,0.000840536958985372,0.0,0.0,0.0,0.0,0.0,0.0,0.0,0.000840536958985372,0.0,0.0,0.0,0.0,0.0,0.0,0.0,0.000840536958985372,0.0,0.0,0.0,0.0,0.0,0.0,0.0,0.000840536958985372,0.0,0.0,0.0,0.0,0.0,0.0,0.0,0.0006304027192390291,0.0,0.0,0.0,0.0,0.0,0.0,0.0,0.0021013423974634298,0.0,0.00016535153291515514,0.0,0.0,0.0,0.0,0.0,0.0021013423974634298,0.0,0.00016535153291515514,0.0,0.0,0.0,0.0,0.0,0.0003327699599917497,0.0005208573286827386,0.0007730184163783503,0.0,0.0,0.0,0.0,0.0,0.001729301448404331,0.0011161228471772973,0.001956659806162669,0.0,0.0,0.0,0.0,0.0,0.003685961254567,0.000840536958985372,0.0,0.9193092514472246,0.9193092514472246,0.9193092514472246,0.9193092514472246,0.9193092514472246,-0.8886418280844971,0.9214484869043145,0.9203323640571371,0.0,0.0,0.0,0.00022322456943545943,0.0,0.0012608054384780582,0.0,9.92109197490931e-05,0.0,0.0,0.0,0.0,0.0,0.000210134239746343,0.0,0.0,0.00032863617166887084,0.0004030443614806907,0.0004030443614806907,0.0002046225219825045,0.0004030443614806907,0.0,0.0005518607411043303,0.0007199681329014047,0.0,0.00014881637962363965,0.00014881637962363965,0.0,0.00014881637962363965,0.0,0.0004464491388709189,0.0007826639224650676,0.00014881637962363965,0.00014881637962363965,0.00014881637962363965,0.00029763275924727924,0.000855694182835928,0.0009893533386090118,0.0,0.0003362147835941488,0.0,0.0,0.0,0.00011161228471772973,0.00017671945080307208,0.0002845424295581628,0.0,0.0,6.614061316606205e-05,6.614061316606205e-05,6.614061316606205e-05,6.614061316606205e-05,0.0005194793992417791,0.0014743845018268002,0.0003362147835941488,0.0,0.00017637496844283214,0.00017637496844283214,0.00017637496844283214,0.00017637496844283214,0.000409245043965009,0.00158461885710357,0.00044644913887091896,0.0
x_R25_EXIT_F,0.0,0.0,0.0,0.0,0.0,0.0,0.0007688846280554714,0.0,0.0,0.0,0.0,0.0,0.0,0.0,0.00017086325067899367,0.0,0.0,0.0,0.0,0.0,0.0,0.0,0.00017086325067899367,0.0,0.0,0.0,0.0,0.0,0.0,0.0,0.00017086325067899367,0.0,0.0,0.0,0.0,0.0,0.0,0.0,0.0008543162533949681,0.0,0.0,0.0,0.0,0.0,0.0,0.0,0.00012814743800924523,0.0,0.0,0.0,0.0,0.0,0.0,0.0,0.00017086325067899367,0.0,0.0,0.0,0.0,0.0,0.0,0.0,0.00017086325067899367,0.0,0.0,0.0,0.0,0.0,0.0,0.0,0.00017086325067899367,0.0,0.0,0.0,0.0,0.0,0.0,0.0,0.00017086325067899367,0.0,0.0,0.0,0.0,0.0,0.0,0.0,0.00017086325067899367,0.0,0.0,0.0,0.0,0.0,0.0,0.0,0.00017086325067899367,0.0,0.0,0.0,0.0,0.0,0.0,0.0,0.00017086325067899367,0.0,0.0,0.0,0.0,0.0,0.0,0.0,0.00017086325067899367,0.0,0.0,0.0,0.0,0.0,0.0,0.0,0.00017086325067899367,0.0,0.0,0.0,0.0,0.0,0.0,0.0,0.00017086325067899367,0.0,0.0,0.0,0.0,0.0,0.0,0.0,0.00017086325067899367,0.0,0.0,0.0,0.0,0.0,0.0,0.0,0.00017086325067899367,0.0,0.0,0.0,0.0,0.0,0.0,0.0,0.00012814743800924523,0.0,0.0,0.0,0.0,0.0,0.0,0.0,0.00042715812669748407,0.00016535153291515514,0.0,0.0,0.0,0.0,0.0,0.0,0.00042715812669748407,0.00016535153291515514,0.0,0.0,0.0,0.0,0.0,0.0,0.00012814743800924523,0.00025216108769561156,0.0,0.0,0.0,0.0,0.0,0.0,0.00042715812669748407,0.000840536958985372,0.0,0.0,0.0,0.0,0.0,0.000840536958985372,0.0012676950856828563,0.0,0.9193092514472246,0.9193092514472246,0.9193092514472246,0.9193092514472246,0.9193092514472246,0.9214484869043145,-0.9019119662012923,0.9203323640571371,0.0,0.0,0.0,0.0,0.0,0.0,0.00025629487601849045,9.92109197490931e-05,0.0,0.0,0.0,0.0,0.0,0.0,0.0,0.0,0.0,0.0,0.0,0.0,0.0,0.0,8.543162533949683e-05,0.0001681073917970744,0.0,0.0,0.0,0.0,0.0,0.0,0.00017086325067899367,0.0003362147835941488,0.0,0.0,0.0,0.0,0.000954905102585021,0.0,7.165233092990057e-05,0.0004354257033432419,0.0,0.0,0.0,0.0,0.00017671945080307208,0.0,0.0,0.0,6.614061316606205e-05,6.614061316606205e-05,6.614061316606205e-05,6.614061316606205e-05,0.0005194793992417791,0.0003362147835941488,0.0005070780342731424,0.0,0.00017637496844283214,0.00017637496844283214,0.00017637496844283214,0.00017637496844283214,0.000409245043965009,0.00044644913887091896,0.0006173123895499127,0.0
x_R25_EXIT_B,0.0,0.0,0.0,0.0,0.0,0.0,0.0,0.00019842183949818617,0.0,0.0,0.0,0.0,0.0,0.0,0.0,0.0,0.0,0.0,0.0,0.0,0.0,0.0,0.0,0.0,0.0,0.0,0.0,0.0,0.0,0.0,0.0,0.0,0.0,0.0,0.0,0.0,0.0,0.0,0.0,0.0002204687105535402,0.0,0.0,0.0,0.0,0.0,0.0,0.0,0.0,0.0,0.0,0.0,0.0,0.0,0.0,0.0,0.0,0.0,0.0,0.0,0.0,0.0,0.0,0.0,0.0,0.0,0.0,0.0,0.0,0.0,0.0,0.0,0.0,0.0,0.0,0.0,0.0,0.0,0.0,0.0,0.0,0.0,0.0,0.0,0.0,0.0,0.0,0.0,0.0,0.0,0.0,0.0,0.0,0.0,0.0,0.0,0.0,0.0,0.0,0.0,0.0,0.0,0.0,0.0,0.0,0.0,0.0,0.0,0.0,0.0,0.0,0.0,0.0,0.0,0.0,0.0,0.0,0.0,0.0,0.0,0.0,0.0,0.0,0.0,0.0,0.0,0.0,0.0,0.0,0.0,0.0,0.0,0.0,0.0,0.0,0.0,0.0,0.0,0.0,0.0,0.0,0.0,0.0,0.0,0.0,0.0,0.0,0.0,0.0,0.0,0.0,0.0,0.0,0.0,0.0,0.0,0.0,0.0,0.0,0.0,0.0001102343552767701,0.0,0.0,0.0,0.0,0.0,0.0,0.0,0.0001102343552767701,0.0,0.0,0.0,0.0,0.0,0.0,0.0,0.0,0.0,0.0,0.0,0.0,0.0,0.0,0.0,0.0001102343552767701,0.0,0.0,0.0,0.0,0.0,0.0,0.0,0.0001102343552767701,0.9193092514472246,0.9193092514472246,0.9193092514472246,0.9193092514472246,0.9193092514472246,0.9203323640571371,0.9203323640571371,-0.910562437760521,0.0,0.0,0.0,0.0,0.0,0.0,0.0,6.614061316606206e-05,0.0,0.0,0.0,0.0,0.0,0.0,0.0,0.0,0.0,0.0,0.0,0.0,0.0,0.0,0.0,0.0,0.0,0.0,0.0,0.0,0.0,0.0,0.0,0.0,0.0,0.0,0.0,0.0,0.000409245043965009,0.0,0.0,0.0,0.0,0.0,0.0,0.0,0.00010231126099125225,0.0,0.0,0.0,0.0,0.0,0.0,0.0,0.000409245043965009,0.0,0.0,0.0,0.0003968436789963724,0.0003968436789963724,0.0003968436789963724,0.0003968436789963724,0.0008060887229613814,0.0003968436789963724,0.0003968436789963724,0.0
x_R26_EXIT_C,0.0001190531036989117,0.001636980175860036,0.001636980175860036,0.002172719142505139,0.0023066538841664142,0.002172719142505139,0.0033781318174566197,0.0023066538841664142,0.0,0.00036377337241334134,0.00036377337241334134,0.00048282647611225303,0.0005125897520369809,0.00048282647611225303,0.0007506959594348043,0.0005125897520369809,0.00039022961767976613,0.0,0.0,0.0,0.0,0.0005655022425698305,0.0002381062073978234,0.0,0.00039022961767976613,0.0,0.0,0.0,0.0,0.0005655022425698305,0.0002381062073978234,0.0,0.0019511480883988306,0.0,0.0,0.00014881637962363962,0.0,0.0028275112128491532,0.001190531036989117,0.0,8.432928178672912e-05,0.00015377692561109425,0.00015377692561109425,0.000243066753385278,0.00026538921032882395,0.000243066753385278,0.0004439688658771915,0.00026538921032882395,0.0,0.0002777905752974607,0.0002777905752974607,0.0003968436789963724,0.00042660695492110026,0.0003968436789963724,0.0006647131623189236,0.00042660695492110026,0.00039022961767976613,0.0,0.0,0.0,0.0,0.0005655022425698305,0.0002381062073978234,0.0,0.00039022961767976613,0.0,0.0,0.0,0.0,0.0005655022425698305,0.0002381062073978234,0.0,0.00039022961767976613,0.0,0.0,0.0,0.0,0.0005655022425698305,0.0002381062073978234,0.0,0.00018519371686497377,0.00020503590081479237,0.00020503590081479237,0.0003240890045137041,0.000353852280438432,0.0003240890045137041,0.0005919584878362554,0.000353852280438432,0.00018519371686497377,0.00020503590081479237,0.00020503590081479237,0.0003240890045137041,0.000353852280438432,0.0003240890045137041,0.0005919584878362554,0.000353852280438432,0.00025794839134764204,0.00013228122633212412,0.00013228122633212412,0.0002513343300310358,0.0002810976059557637,0.0002513343300310358,0.0005192038133535872,0.0002810976059557637,0.00033070306583031034,5.952655184945585e-05,5.952655184945585e-05,0.00017857965554836754,0.00020834293147309547,0.00017857965554836754,0.00044644913887091885,0.00020834293147309547,0.00039022961767976613,0.0,0.0,0.0,0.0,0.0005655022425698305,0.0002381062073978234,0.0,0.00039022961767976613,0.0,0.0,0.0,0.0,0.0005655022425698305,0.0002381062073978234,0.0,0.00039022961767976613,0.0,0.0,0.0,0.0,0.0005655022425698305,0.0002381062073978234,0.0,0.00039022961767976613,0.0,0.0,0.0,0.0,0.0005655022425698305,0.0002381062073978234,0.0,0.0002926722132598246,0.0,0.0,0.0,0.0,0.00042412668192737295,0.00017857965554836754,0.0,0.0019428805117530728,0.0005952655184945585,0.0005952655184945585,0.0006696737083063784,0.0005952655184945585,0.0008184900879300179,0.0,0.0,0.0019428805117530728,0.0005952655184945585,0.0,0.0006696737083063784,0.0,0.0008184900879300179,0.0,0.0,0.00038196204103400834,0.0,0.0,0.0,0.0,0.0,0.0,0.0,0.0012732068034466944,7.440818981181981e-05,7.440818981181981e-05,0.0,7.440818981181981e-05,0.0,0.0,0.0,0.0013476149932585145,0.0,0.0,7.440818981181981e-05,0.0,0.0,0.0,0.0,0.0013476149932585145,0.0,0.0,7.440818981181981e-05,0.0,0.0,0.0,0.0,-0.8913807960374254,0.9205655097185476,0.9205655097185476,0.9196775719867931,0.9193092514472246,0.9196775719867931,0.9193092514472246,0.9193092514472246,0.0001942880511753073,5.952655184945585e-05,0.0,6.696737083063784e-05,0.0,6.138675659475135e-05,0.0,0.0,0.0002546413606893389,0.0002959792439181277,0.0002959792439181277,0.0,0.0002959792439181277,0.0,0.0,0.0,0.0005092827213786778,0.0005919584878362554,0.0005919584878362554,0.0,0.0005919584878362554,0.0,0.0,0.0,0.0011310044851396612,0.0005919584878362554,0.0005919584878362554,0.0,0.0,0.0,0.0,0.0,0.00013476149932585145,0.0,0.0,0.0,0.0,0.0,0.0,0.0,0.0005390459973034058,0.0,0.0,0.0,0.0,0.0,0.0,0.0,0.0005390459973034058,0.0,0.0,0.0,0.0,0.0,0.0,0.0
x_R26_EXIT_D,0.0,0.0006845553462687425,0.0,0.0,0.0,0.0,0.0010714779332902055,0.0,0.0,0.00015212341028194274,0.0,0.0,0.0,0.0,0.0002381062073978234,0.0,0.0,0.00015212341028194274,0.0,0.0001190531036989117,0.0,0.0006845553462687422,0.0003571593110967351,0.0,0.0,0.00015212341028194274,0.0,0.0001190531036989117,0.0,0.0006845553462687422,0.0003571593110967351,0.0,0.0002810976059557637,6.614061316606206e-05,0.0002810976059557637,0.0008763631244503222,0.0002810976059557637,0.0037038743372994755,0.0020668941614394396,0.0002810976059557637,0.0,0.00011409255771145703,0.0,0.0,0.0,0.0,0.00017857965554836754,0.0,0.0,0.00015212341028194274,0.0,0.0,0.0,0.0,0.0002381062073978234,0.0,0.0,0.00015212341028194274,0.0,0.0001190531036989117,0.0,0.0006845553462687422,0.0003571593110967351,0.0,0.0,0.00015212341028194274,0.0,0.0001190531036989117,0.0,0.0006845553462687422,0.0003571593110967351,0.0,0.0,0.00015212341028194274,0.0,0.0001190531036989117,0.0,0.0006845553462687422,0.0003571593110967351,0.0,0.0,0.00015212341028194274,0.0,0.0,0.0,0.0,0.0002381062073978234,0.0,0.0,0.00015212341028194274,0.0,0.0,0.0,0.0,0.0002381062073978234,0.0,0.0,0.00015212341028194274,0.0,0.0,0.0,0.0,0.0002381062073978234,0.0,0.0,0.00015212341028194274,0.0,0.0,0.0,0.0,0.0002381062073978234,0.0,0.0,0.00015212341028194274,0.0,0.0001190531036989117,0.0,0.0006845553462687422,0.0003571593110967351,0.0,0.0,0.00015212341028194274,0.0,0.0001190531036989117,0.0,0.0006845553462687422,0.0003571593110967351,0.0,0.0,0.00015212341028194274,0.0,0.0001190531036989117,0.0,0.0006845553462687422,0.0003571593110967351,0.0,0.0,0.00015212341028194274,0.0,0.0001190531036989117,0.0,0.0006845553462687422,0.0003571593110967351,0.0,0.0,0.00011409255771145703,0.0,8.928982777418376e-05,0.0,0.0005134165097015567,0.0002678694833225513,0.0,0.0005952655184945585,0.0012732068034466944,0.0005952655184945585,0.0005952655184945585,0.0005952655184945585,0.0008184900879300179,0.0,0.0,0.0005952655184945585,0.0012732068034466944,0.0,0.0005952655184945585,0.0,0.0008184900879300179,0.0,0.0,0.0,0.00020338238548564083,0.0,0.0,0.0,0.0,0.0,0.0,0.0,0.000677941284952136,0.0,0.0,0.0,0.0,0.0,0.0,0.0,0.000677941284952136,0.0,0.0,0.0,0.0,0.0,0.0,0.0,0.000677941284952136,0.0,0.0,0.0,0.0,0.0,0.0,0.9205655097185476,-0.8982937234311559,0.9205655097185476,0.9196775719867931,0.9193092514472246,0.9196775719867931,0.9193092514472246,0.9193092514472246,5.952655184945585e-05,0.00012732068034466943,0.0,5.952655184945585e-05,0.0,6.138675659475135e-05,0.0,0.0,0.0,0.00043156750090855487,0.0002959792439181277,0.0,0.0002959792439181277,0.0,0.0,0.0,0.0,0.0008631350018171097,0.0005919584878362554,0.0,0.0005919584878362554,0.0,0.0,0.0,0.0005919584878362554,0.0008631350018171097,0.0005919584878362554,0.0,0.0,0.0,0.0,0.0,0.0,6.779412849521361e-05,0.0,0.0,0.0,0.0,0.0,0.0,0.0,0.00027117651398085444,0.0,0.0,0.0,0.0,0.0,0.0,0.0,0.00027117651398085444,0.0,0.0,0.0,0.0,0.0,0.0
x_R26_EXIT_E,0.0,0.0,0.0010119513814407495,0.0,0.0010714779332902055,0.0,0.0010714779332902055,0.0010714779332902055,0.0,0.0,0.00022487808476461102,0.0,0.0002381062073978234,0.0,0.0002381062073978234,0.0002381062073978234,0.0001984218394981862,0.0001984218394981862,0.0,0.0001984218394981862,0.00025133433003103584,0.0007639240820680168,0.00043652804689600953,0.00025133433003103584,0.0001984218394981862,0.0001984218394981862,0.0,0.0001984218394981862,0.00025133433003103584,0.0007639240820680168,0.00043652804689600953,0.00025133433003103584,0.0,0.0,0.0011243904238230548,0.0,0.00026456245266424824,0.0028275112128491532,0.001190531036989117,0.00026456245266424824,0.0,0.0,0.00016865856357345824,0.0,0.00017857965554836754,0.0,0.00017857965554836754,0.00017857965554836754,0.0,0.0,0.00022487808476461102,0.0,0.0002381062073978234,0.0,0.0002381062073978234,0.0002381062073978234,0.00014550934896533652,0.00014550934896533652,7.936873579927447e-05,0.00014550934896533652,0.0001984218394981862,0.0007110115915351671,0.0003836155563631599,0.0001984218394981862,0.00014550934896533652,0.00014550934896533652,0.0,0.00014550934896533652,0.0001984218394981862,0.0007110115915351671,0.0003836155563631599,0.0001984218394981862,0.0001058249810656993,0.0001058249810656993,0.0,0.0001058249810656993,0.00015873747159854894,0.0006713272236355299,0.00034393118846352263,0.00015873747159854894,0.0,0.0,0.00022487808476461102,0.0,0.0002381062073978234,0.0,0.0002381062073978234,0.0002381062073978234,0.0,0.0,0.00022487808476461102,0.0,0.0002381062073978234,0.0,0.0002381062073978234,0.0002381062073978234,0.0,0.0,0.00022487808476461102,0.0,0.0002381062073978234,0.0,0.0002381062073978234,0.0002381062073978234,0.0,0.0,0.00022487808476461102,0.0,0.0002381062073978234,0.0,0.0002381062073978234,0.0002381062073978234,0.0,0.0,0.0001984218394981862,0.0,7.936873579927447e-05,0.0005919584878362553,0.00026456245266424824,7.936873579927447e-05,6.614061316606206e-05,6.614061316606206e-05,0.00015873747159854894,6.614061316606206e-05,0.00011905310369891171,0.0006316428557358926,0.00030424682056388544,0.00011905310369891171,0.0001058249810656993,0.0001058249810656993,0.00011905310369891171,0.0001058249810656993,0.00015873747159854894,0.0006713272236355299,0.00034393118846352263,0.00015873747159854894,0.0001058249810656993,0.0001058249810656993,0.00011905310369891171,0.0001058249810656993,0.00015873747159854894,0.0006713272236355299,0.00034393118846352263,0.00015873747159854894,7.936873579927449e-05,7.936873579927449e-05,8.928982777418377e-05,7.936873579927449e-05,0.00011905310369891171,0.0005034954177266475,0.00025794839134764204,0.00011905310369891171,0.0005952655184945585,0.0005952655184945585,0.0018850074752327685,0.0005952655184945585,0.001190531036989117,0.0008184900879300179,0.0,0.0,0.0005952655184945585,0.0005952655184945585,0.0006944764382436515,0.0005952655184945585,0.0,0.0008184900879300179,0.0,0.0,0.0,0.0,0.00038692258702146306,0.0,0.00017857965554836754,0.0,0.0,0.0,0.0,0.0,0.00128974195673821,0.0,0.0005952655184945585,0.0,0.0,0.0,0.0005952655184945585,0.0005952655184945585,0.0006944764382436515,0.0005952655184945585,0.0,0.0,0.0,0.0,0.0005952655184945585,0.0005952655184945585,0.0006944764382436515,0.0005952655184945585,0.0,0.0,0.0,0.0,0.9205655097185476,0.9205655097185476,-0.8910537907944072,0.9196775719867931,0.9193092514472246,0.9196775719867931,0.9193092514472246,0.9193092514472246,5.952655184945585e-05,5.952655184945585e-05,6.944764382436517e-05,5.952655184945585e-05,0.0,6.138675659475135e-05,0.0,0.0,0.0,0.0002959792439181277,0.0005539276352657697,0.0,0.00041503234761703934,0.0,0.0,0.0,0.0,0.0005919584878362554,0.0011078552705315395,0.0,0.0008300646952340787,0.0,0.0,0.0,0.0005919584878362554,0.0005919584878362554,0.0011078552705315395,0.0,0.0,0.0,0.0,0.0,5.952655184945585e-05,5.952655184945585e-05,6.944764382436517e-05,0.0,0.0,0.0,0.0,0.0,0.0002381062073978234,0.0002381062073978234,0.0002777905752974607,0.0002381062073978234,0.0,0.0,0.0,0.0,0.0002381062073978234,0.0002381062073978234,0.0002777905752974607,0.0002381062073978234,0.0,0.0,0.0,0.0
x_R26_EXIT_G,0.0,0.0,0.0,0.0009970697434783856,0.0,0.0005357389666451027,0.0,0.0,0.0,0.0,0.0,0.0002215710541063079,0.0,0.0001190531036989117,0.0,0.0,0.0,0.0,0.0,0.0002215710541063079,0.0,0.0001190531036989117,0.0,0.0,0.0,0.0,0.0,0.0002215710541063079,0.0,0.0001190531036989117,0.0,0.0,0.0,0.0,0.0,0.0011078552705315395,0.0,0.0005952655184945585,0.0,0.0,0.0,0.0,0.0,0.0001661782905797309,0.0,8.928982777418377e-05,0.0,0.0,0.0,0.0,0.0,0.0002215710541063079,0.0,0.0001190531036989117,0.0,0.0,0.0,0.0,0.0,0.0002215710541063079,0.0,0.0001190531036989117,0.0,0.0,0.0,0.0,0.0,0.0002215710541063079,0.0,0.0001190531036989117,0.0,0.0,0.0,0.0,0.0,0.0002215710541063079,0.0,0.0001190531036989117,0.0,0.0,0.0,0.0,0.0,0.0002215710541063079,0.0,0.0001190531036989117,0.0,0.0,0.0,0.0,0.0,0.0002215710541063079,0.0,0.0001190531036989117,0.0,0.0,0.0,0.0,0.0,0.0002215710541063079,0.0,0.0001190531036989117,0.0,0.0,0.0,0.0,0.0,0.0002215710541063079,0.0,0.0001190531036989117,0.0,0.0,0.0,0.0,0.0,0.0002215710541063079,0.0,0.0001190531036989117,0.0,0.0,0.0,0.0,0.0,0.0002215710541063079,0.0,0.0001190531036989117,0.0,0.0,0.0,0.0,0.0,0.0002215710541063079,0.0,0.0001190531036989117,0.0,0.0,0.0,0.0,0.0,0.0002215710541063079,0.0,0.0001190531036989117,0.0,0.0,0.0,0.0,0.0,0.0001661782905797309,0.0,8.928982777418376e-05,0.0,0.0,0.0,0.0,0.0,0.0005539276352657697,0.0,0.00029763275924727924,0.0,0.0,0.0,0.0,0.0,0.0005539276352657697,0.0,0.00029763275924727924,0.0,0.0,8.928982777418377e-05,8.928982777418377e-05,8.928982777418377e-05,7.688846280554714e-05,8.928982777418377e-05,0.0,6.696737083063783e-05,6.696737083063783e-05,0.0006138675659475135,0.0006138675659475135,0.0006138675659475135,0.0011677952012132831,0.0006138675659475135,0.0006138675659475135,0.0008370921353829728,0.0008370921353829728,0.0,0.0,0.0,0.0005539276352657697,0.0,0.00022322456943545943,0.0,0.0,0.0,0.0,0.0,0.0005539276352657697,0.0,0.00022322456943545943,0.0,0.0,0.9196775719867931,0.9196775719867931,0.9196775719867931,-0.9025007328647359,0.9193092514472246,0.9198561516423415,0.9193092514472246,0.9193092514472246,0.0,0.0,0.0,5.539276352657697e-05,0.0,9.115003251947928e-05,0.0,0.0,0.0002455470263790054,5.952655184945585e-05,5.952655184945585e-05,5.125897520369809e-05,5.952655184945585e-05,0.0,0.0,0.0,0.0004910940527580108,0.0001190531036989117,0.0001190531036989117,0.0007126651068643187,0.0001190531036989117,0.0,8.928982777418377e-05,8.928982777418377e-05,0.0,0.0,0.0,0.0008019549346385026,0.0,8.928982777418377e-05,0.0,0.0,0.0,0.0,0.0,0.00020048873365962564,0.0,0.0,0.0,0.0,0.0,0.0,0.0,0.0002215710541063079,0.0,8.928982777418377e-05,0.0,0.0,0.0,0.0,0.0,0.0002215710541063079,0.0,8.928982777418377e-05,0.0,0.0
x_R26_EXIT_H,0.0,0.0,0.0,0.0,0.0007143186221934702,0.0,0.00040180422498382705,0.00017857965554836754,0.0,0.0,0.0,0.0,0.00015873747159854894,0.0,8.928982777418377e-05,0.0,0.0,0.0,0.0,0.0,0.00015873747159854894,0.0,8.928982777418377e-05,0.0,0.0,0.0,0.0,0.0,0.00015873747159854894,0.0,8.928982777418377e-05,0.0,0.0,0.0,0.0,0.0,0.0007936873579927448,0.0,0.00044644913887091885,0.0001984218394981862,0.0,0.0,0.0,0.0,0.00011905310369891172,0.0,6.696737083063783e-05,0.0,0.0,0.0,0.0,0.0,0.00015873747159854894,0.0,8.928982777418377e-05,0.0,0.0,0.0,0.0,0.0,0.00015873747159854894,0.0,8.928982777418377e-05,0.0,0.0,0.0,0.0,0.0,0.00015873747159854894,0.0,8.928982777418377e-05,0.0,0.0,0.0,0.0,0.0,0.00015873747159854894,0.0,8.928982777418377e-05,0.0,0.0,0.0,0.0,0.0,0.00015873747159854894,0.0,8.928982777418377e-05,0.0,0.0,0.0,0.0,0.0,0.00015873747159854894,0.0,8.928982777418377e-05,0.0,0.0,0.0,0.0,0.0,0.00015873747159854894,0.0,8.928982777418377e-05,0.0,0.0,0.0,0.0,0.0,0.00015873747159854894,0.0,8.928982777418377e-05,0.0,0.0,0.0,0.0,0.0,0.00015873747159854894,0.0,8.928982777418377e-05,0.0,0.0,0.0,0.0,0.0,0.00015873747159854894,0.0,8.928982777418377e-05,0.0,0.0,0.0,0.0,0.0,0.00015873747159854894,0.0,8.928982777418377e-05,0.0,0.0,0.0,0.0,0.0,0.00015873747159854894,0.0,8.928982777418377e-05,0.0,0.0,0.0,0.0,0.0,0.00011905310369891172,0.0,6.696737083063783e-05,0.0,0.0,0.0,0.0,0.0,0.0003968436789963724,0.0,0.00022322456943545943,0.001256671650155179,0.0006283358250775895,0.0006283358250775895,0.0007275467448266826,0.0006283358250775895,0.001124390423823055,0.0006283358250775895,0.000851560394513049,0.0006283358250775895,0.0,0.0,0.0,0.0,0.00011905310369891172,0.0,0.0,0.0,0.0,0.0,0.0,0.0,0.0003968436789963724,0.0,0.0,0.0,9.92109197490931e-05,9.92109197490931e-05,9.92109197490931e-05,9.92109197490931e-05,0.00029763275924727924,0.0,0.0,0.0,0.0002976327592472793,0.0002976327592472793,0.0002976327592472793,0.0002976327592472793,9.92109197490931e-05,0.0,0.0,0.0,0.9193092514472246,0.9193092514472246,0.9193092514472246,0.9193092514472246,-0.8987645845078102,0.9193092514472246,0.9196775719867931,0.9196775719867931,0.0,0.0,0.0,0.0,0.0,6.138675659475135e-05,0.0,0.0,0.0,0.0,0.0,0.0,7.936873579927447e-05,0.0,0.0,0.0,0.0,0.0,0.0,0.0,0.00015873747159854894,0.0,0.0,0.0,0.0,0.0,0.0,0.0,0.0,0.0,0.0,0.0,0.0,0.0,0.0,0.0,0.0,0.0,0.0,0.0,0.0,0.0,0.0,0.0,0.0,0.0,0.0,0.0,0.0,0.0,0.0,0.0,0.0,0.0,0.0,0.0
x_R26_EXIT_A,0.0,0.0,0.0,0.0,0.0,0.0011979718559702991,0.0,0.0,0.0,0.0,0.0,0.0,0.0,0.0002662159679933998,0.0,0.0,0.0,0.0,0.0,0.0,0.0,0.0005340854513159512,0.0,0.0,0.0,0.0,0.0,0.0,0.0,0.0005340854513159512,0.0,0.0,0.0,0.0,0.0,0.0,0.0,0.0026704272565797557,0.0,0.0,0.0,0.0,0.0,0.0,0.0,0.00019966197599504985,0.0,0.0,0.0,0.0,0.0,0.0,0.0,0.0002662159679933998,0.0,0.0,0.0,0.0,0.0,0.0,0.0,0.0005340854513159512,0.0,0.0,0.0,0.0,0.0,0.0,0.0,0.0005340854513159512,0.0,0.0,0.0,0.0,0.0,0.0,0.0,0.0005340854513159512,0.0,0.0,0.0,0.0,0.0,0.0,0.0,0.0002662159679933998,0.0,0.0,0.0,0.0,0.0,0.0,0.0,0.0002662159679933998,0.0,0.0,0.0,0.0,0.0,0.0,0.0,0.0002662159679933998,0.0,0.0,0.0,0.0,0.0,0.0,0.0,0.0002662159679933998,0.0,0.0,0.0,0.0,0.0,0.0,0.0,0.0005340854513159512,0.0,0.0,0.0,0.0,0.0,0.0,0.0,0.0005340854513159512,0.0,0.0,0.0,0.0,0.0,0.0,0.0,0.0005340854513159512,0.0,0.0,0.0,0.0,0.0,0.0,0.0,0.0005340854513159512,0.0,0.0,0.0,0.0,0.0,0.0,0.0,0.00040056408848696326,0.0,0.0,0.0,0.0,0.0,0.0,0.0,0.0013352136282898778,0.0,0.0,0.0,0.0,0.0,0.0,0.0,0.0013352136282898778,0.0,0.0,0.0,0.0,0.0,0.0,0.0,0.00019966197599504985,0.00017857965554836751,0.00017857965554836751,0.0,0.0,0.0,0.0,0.0,0.0010375808690425985,0.00022322456943545943,0.00022322456943545943,0.0,0.0,0.0,0.0,0.0,0.0012608054384780582,0.0,0.0,0.0,0.0,0.0,0.0,0.0,0.0012608054384780582,0.0,0.0,0.9196775719867931,0.9196775719867931,0.9196775719867931,0.9198561516423415,0.9193092514472246,-0.9058410145230498,0.9193092514472246,0.9193092514472246,0.0,0.0,0.0,0.0,0.0,0.00019490811942373917,0.0,0.0,0.00019718170300132254,0.00025670825485077836,0.00025670825485077836,0.0001227735131895027,0.00025670825485077836,0.0,0.00024182661688841445,0.00024182661688841445,0.0,0.0001190531036989117,0.0001190531036989117,0.0,0.0001190531036989117,0.0,8.928982777418377e-05,8.928982777418377e-05,0.0,0.0,0.0,8.928982777418377e-05,0.0,0.0005043221753912232,0.0,0.0,0.0,0.0,0.0,0.0,0.0,0.0001260805438478058,0.0,0.0,0.0,0.0,0.0,0.0,0.0,0.0005043221753912232,0.0,0.0,0.0,0.0,0.0,0.0,0.0,0.0005043221753912232,0.0,0.0
x_R26_EXIT_F,0.0,0.0,0.0,0.0,0.0,0.0,0.0007292002601558343,0.0,0.0,0.0,0.0,0.0,0.0,0.0,0.00016204450225685204,0.0,0.0,0.0,0.0,0.0,0.0,0.0,0.00016204450225685204,0.0,0.0,0.0,0.0,0.0,0.0,0.0,0.00016204450225685204,0.0,0.0,0.0,0.0,0.0,0.0,0.0,0.0008102225112842601,0.0,0.0,0.0,0.0,0.0,0.0,0.0,0.000121533376692639,0.0,0.0,0.0,0.0,0.0,0.0,0.0,0.00016204450225685204,0.0,0.0,0.0,0.0,0.0,0.0,0.0,0.00016204450225685204,0.0,0.0,0.0,0.0,0.0,0.0,0.0,0.00016204450225685204,0.0,0.0,0.0,0.0,0.0,0.0,0.0,0.00016204450225685204,0.0,0.0,0.0,0.0,0.0,0.0,0.0,0.00016204450225685204,0.0,0.0,0.0,0.0,0.0,0.0,0.0,0.00016204450225685204,0.0,0.0,0.0,0.0,0.0,0.0,0.0,0.00016204450225685204,0.0,0.0,0.0,0.0,0.0,0.0,0.0,0.00016204450225685204,0.0,0.0,0.0,0.0,0.0,0.0,0.0,0.00016204450225685204,0.0,0.0,0.0,0.0,0.0,0.0,0.0,0.00016204450225685204,0.0,0.0,0.0,0.0,0.0,0.0,0.0,0.00016204450225685204,0.0,0.0,0.0,0.0,0.0,0.0,0.0,0.00016204450225685204,0.0,0.0,0.0,0.0,0.0,0.0,0.0,0.000121533376692639,0.0,0.0,0.0,0.0,0.0,0.0,0.0,0.00040511125564213007,0.0,0.0,0.0,0.0,0.0,0.0,0.0,0.00040511125564213007,0.0,0.0,0.0,0.0,0.0,0.0,0.0,7.688846280554713e-05,0.0,0.0,0.0,0.0,0.0,0.0,0.0,0.00025629487601849045,0.0,0.0,0.0,0.0,0.0,0.0,0.0,0.00025629487601849045,0.0,0.0,0.0,0.0,0.0,0.0,0.0,0.00025629487601849045,0.0,0.9193092514472246,0.9193092514472246,0.9193092514472246,0.9193092514472246,0.9196775719867931,0.9193092514472246,-0.9114632828556635,0.9196775719867931,0.0,0.0,0.0,0.0,0.0,6.138675659475135e-05,0.0,0.0,0.0,0.0,0.0,0.0,0.0,0.0,5.125897520369809e-05,0.0,0.0,0.0,0.0,0.0,0.0,0.0,0.00010251795040739618,0.0,0.0,0.0,0.0,0.0,5.952655184945585e-05,0.0,0.0,5.952655184945585e-05,0.0,0.0,0.0,0.0,0.0,0.0,0.0,0.0,0.0,0.0,0.0,0.0,0.0,0.0,0.00010251795040739618,0.0,0.0,0.0,0.0,0.0,0.0,0.0,0.00010251795040739618,0.0
x_R26_EXIT_B,0.0,0.0,0.0,0.0,0.0,0.0,0.0,0.0034004542744001656,0.0,0.0,0.0,0.0,0.0,0.0,0.0,0.0007556565054222589,0.0,0.0,0.0,0.0,0.0,0.0,0.0,0.0007556565054222589,0.0,0.0,0.0,0.0,0.0,0.0,0.0,0.0007556565054222589,0.0,0.0,0.0,0.0,0.0,0.0,0.0,0.0037782825271112947,0.0,0.0,0.0,0.0,0.0,0.0,0.0,0.0005667423790666942,0.0,0.0,0.0,0.0,0.0,0.0,0.0,0.0007556565054222589,0.0,0.0,0.0,0.0,0.0,0.0,0.0,0.0007556565054222589,0.0,0.0,0.0,0.0,0.0,0.0,0.0,0.0007556565054222589,0.0,0.0,0.0,0.0,0.0,0.0,0.0,0.0007556565054222589,0.0,0.0,0.0,0.0,0.0,0.0,0.0,0.0007556565054222589,0.0,0.0,0.0,0.0,0.0,0.0,0.0,0.0007556565054222589,0.0,0.0,0.0,0.0,0.0,0.0,0.0,0.0007556565054222589,0.0,0.0,0.0,0.0,0.0,0.0,0.0,0.0007556565054222589,0.0,0.0,0.0,0.0,0.0,0.0,0.0,0.0007556565054222589,0.0,0.0,0.0,0.0,0.0,0.0,0.0,0.0007556565054222589,0.0,0.0,0.0,0.0,0.0,0.0,0.0,0.0007556565054222589,0.0,0.0,0.0,0.0,0.0,0.0,0.0,0.0007556565054222589,0.0,0.0,0.0,0.0,0.0,0.0,0.0,0.0005667423790666942,0.0,0.0,0.0,0.0,0.0,0.0,0.0,0.002021422489887771,0.0,0.0,0.0,0.0,0.0,0.0,0.0,0.002021422489887771,0.0,0.0,0.0,0.0,0.0,0.0,0.0,0.0005965056549914221,0.0,0.0,0.0,0.0,0.0,0.0,0.0,0.0019883521833047404,0.0,0.0,0.0,0.0,0.0,9.92109197490931e-05,9.92109197490931e-05,0.0018891412635556474,0.0,0.0,0.0,0.0,0.0,9.92109197490931e-05,9.92109197490931e-05,6.614061316606206e-05,0.9193092514472246,0.9193092514472246,0.9193092514472246,0.9193092514472246,0.9196775719867931,0.9193092514472246,0.9196775719867931,-0.9001710348153243,6.138675659475135e-05,6.138675659475135e-05,6.138675659475135e-05,6.138675659475135e-05,6.138675659475135e-05,0.0001227735131895027,6.138675659475135e-05,0.0002635290055835285,0.0,0.0,0.0,0.0,0.0,0.0,0.0,0.00039767043666094805,0.0,0.0,0.0,0.0,0.0,0.0,0.0,0.0007953408733218961,0.0,0.0,0.0,0.0,0.0,0.0,0.0,0.0007953408733218961,0.0,0.0,0.0,0.0,0.0,0.0,0.0,0.00019883521833047402,0.00029845951691185506,0.00029845951691185506,0.00029845951691185506,0.00029845951691185506,0.0002455470263790054,0.0002852313942786426,0.0002852313942786426,0.0005101094790432537,5.291249053284965e-05,5.291249053284965e-05,5.291249053284965e-05,5.291249053284965e-05,0.0,0.0,0.0,0.0
x_R27_EXIT_C,0.0,0.0002728300293100061,0.0002728300293100061,0.00036211985708418986,0.00038444231402773576,0.00036211985708418986,0.0008085689959551088,0.00038444231402773576,0.0,6.062889540222356e-05,6.062889540222356e-05,8.047107935204217e-05,8.543162533949682e-05,8.047107935204217e-05,0.0001796819991011353,8.543162533949682e-05,6.503826961329436e-05,0.0,0.0,0.0,0.0,0.0,9.425037376163843e-05,0.0,6.503826961329436e-05,0.0,0.0,0.0,0.0,0.0,9.425037376163843e-05,0.0,0.00032519134806647176,0.0,0.0,0.0,0.0,0.0001984218394981862,0.00047125186880819217,0.0,0.0,0.0,0.0,0.0,0.0,0.0,0.00011491931537603284,0.0,0.0,0.0,0.0,6.614061316606207e-05,7.110115915351672e-05,6.614061316606207e-05,0.00016535153291515517,7.110115915351672e-05,6.503826961329436e-05,0.0,0.0,0.0,0.0,0.0,9.425037376163843e-05,0.0,6.503826961329436e-05,0.0,0.0,0.0,0.0,0.0,9.425037376163843e-05,0.0,6.503826961329436e-05,0.0,0.0,0.0,0.0,0.0,9.425037376163843e-05,0.0,0.0,0.0,0.0,5.401483408561735e-05,5.897538007307201e-05,5.401483408561735e-05,0.00015322575383471044,5.897538007307201e-05,0.0,0.0,0.0,5.401483408561735e-05,5.897538007307201e-05,5.401483408561735e-05,0.00015322575383471044,5.897538007307201e-05,0.0,0.0,0.0,0.0,0.0,0.0,0.00014109997475426575,0.0,5.5117177638385055e-05,0.0,0.0,0.0,0.0,0.0,0.00012897419567382105,0.0,6.503826961329436e-05,0.0,0.0,0.0,0.0,0.0,9.425037376163843e-05,0.0,6.503826961329436e-05,0.0,0.0,0.0,0.0,0.0,9.425037376163843e-05,0.0,6.503826961329436e-05,0.0,0.0,0.0,0.0,0.0,9.425037376163843e-05,0.0,6.503826961329436e-05,0.0,0.0,0.0,0.0,0.0,9.425037376163843e-05,0.0,0.0,0.0,0.0,0.0,0.0,0.0,7.068778032122883e-05,0.0,0.00032381341862551213,9.92109197490931e-05,9.92109197490931e-05,0.00011161228471772973,9.92109197490931e-05,0.0,0.00013641501465500301,9.92109197490931e-05,0.0004340477739022824,0.00020944527502586322,0.0,0.00022184663999449982,0.0,9.92109197490931e-05,0.0,0.0,6.366034017233473e-05,0.0,0.0,0.0,0.0,0.0,0.0,0.0,0.00021220113390778243,0.0,0.0,0.0,0.0,0.0,0.0,0.0,0.00022460249887641903,0.0,0.0,0.0,0.0,0.0,0.0,0.0,0.00022460249887641903,0.0,0.0,0.0,0.0,0.0,0.0,0.0,0.0001942880511753073,5.952655184945585e-05,5.952655184945585e-05,0.0,0.0,0.0,0.0,6.138675659475135e-05,-0.8923030797969324,0.9193092514472246,0.9193092514472246,0.9193092514472246,0.9193092514472246,0.9193092514472246,0.9193092514472246,0.9193092514472246,0.0,0.0,0.0,0.0,0.0,0.0,0.0,0.0,8.488045356311298e-05,0.0,0.0,0.0,0.0,0.0,0.0,0.0,0.00012952536745020486,0.0,0.0,0.0,0.0,0.0,0.0,0.0,0.0,0.0,0.0,0.0,0.0,0.0,0.0,0.0,8.984099955056763e-05,0.0,0.0,0.0,0.0,0.0,0.0,0.0,8.984099955056763e-05,0.0,0.0,0.0,0.0,0.0,0.0,0.0
x_R27_EXIT_D,0.0,0.00011409255771145705,0.0,0.0,0.0,0.0,0.00042412668192737295,0.0,0.0,0.0,0.0,0.0,0.0,0.0,9.425037376163843e-05,0.0,0.0,0.0,0.0,0.0,0.0,5.952655184945586e-05,0.00011409255771145709,0.0,0.0,0.0,0.0,0.0,0.0,5.952655184945586e-05,0.00011409255771145709,0.0,0.0,0.0,0.0,0.00014606052074172035,0.0,0.00034448236023990655,0.0006173123895499127,0.0,0.0,0.0,0.0,0.0,0.0,0.0,7.068778032122883e-05,0.0,0.0,0.0,0.0,0.0,0.0,0.0,9.425037376163843e-05,0.0,0.0,0.0,0.0,0.0,0.0,5.952655184945586e-05,0.00011409255771145709,0.0,0.0,0.0,0.0,0.0,0.0,5.952655184945586e-05,0.00011409255771145709,0.0,0.0,0.0,0.0,0.0,0.0,5.952655184945586e-05,0.00011409255771145709,0.0,0.0,0.0,0.0,0.0,0.0,0.0,9.425037376163843e-05,0.0,0.0,0.0,0.0,0.0,0.0,0.0,9.425037376163843e-05,0.0,0.0,0.0,0.0,0.0,0.0,0.0,9.425037376163843e-05,0.0,0.0,0.0,0.0,0.0,0.0,0.0,9.425037376163843e-05,0.0,0.0,0.0,0.0,0.0,0.0,5.952655184945586e-05,0.00011409255771145709,0.0,0.0,0.0,0.0,0.0,0.0,5.952655184945586e-05,0.00011409255771145709,0.0,0.0,0.0,0.0,0.0,0.0,5.952655184945586e-05,0.00011409255771145709,0.0,0.0,0.0,0.0,0.0,0.0,5.952655184945586e-05,0.00011409255771145709,0.0,0.0,0.0,0.0,0.0,0.0,0.0,8.556941828359279e-05,0.0,9.92109197490931e-05,0.00021220113390778246,9.92109197490931e-05,9.92109197490931e-05,9.92109197490931e-05,0.0,0.00013641501465500301,9.92109197490931e-05,0.00020944527502586322,0.0003224354891845526,0.0,0.00020944527502586322,0.0,9.92109197490931e-05,0.0,0.0,0.0,0.0,0.0,0.0,0.0,0.0,0.0,0.0,0.0,0.0001129902141586893,0.0,0.0,0.0,0.0,0.0,0.0,0.0,0.0001129902141586893,0.0,0.0,0.0,0.0,0.0,0.0,0.0,0.0001129902141586893,0.0,0.0,0.0,0.0,0.0,0.0,5.952655184945585e-05,0.00012732068034466943,5.952655184945585e-05,0.0,0.0,0.0,0.0,6.138675659475135e-05,0.9193092514472246,-0.8988253641941507,0.9193092514472246,0.9193092514472246,0.9193092514472246,0.9193092514472246,0.9193092514472246,0.9193092514472246,0.0,0.0,0.0,0.0,0.0,0.0,0.0,0.0,0.0,8.488045356311298e-05,0.0,0.0,0.0,0.0,0.0,0.0,0.0,8.488045356311298e-05,0.0,0.0,0.0,0.0,0.0,0.0,0.0,0.0,0.0,0.0,0.0,0.0,0.0,0.0,0.0,0.0,0.0,0.0,0.0,0.0,0.0,0.0,0.0,0.0,0.0,0.0,0.0,0.0,0.0,0.0
x_R27_EXIT_E,0.0,0.0,0.00016865856357345824,0.0,0.0,0.0,0.0,0.0,0.0,0.0,0.0,0.0,0.0,0.0,0.0,0.0,0.0,0.0,0.0,0.0,5.070780342731424e-05,0.0,0.0,5.070780342731424e-05,0.0,0.0,0.0,0.0,5.070780342731424e-05,0.0,0.0,5.070780342731424e-05,0.0,0.0,0.00018739840397050917,0.0,8.818748422141608e-05,0.0,0.0,8.818748422141608e-05,0.0,0.0,0.0,0.0,0.0,0.0,0.0,0.0,0.0,0.0,0.0,0.0,0.0,0.0,0.0,0.0,0.0,0.0,0.0,0.0,0.0,0.0,0.0,0.0,0.0,0.0,0.0,0.0,0.0,0.0,0.0,0.0,0.0,0.0,0.0,0.0,0.0,0.0,0.0,0.0,0.0,0.0,0.0,0.0,0.0,0.0,0.0,0.0,0.0,0.0,0.0,0.0,0.0,0.0,0.0,0.0,0.0,0.0,0.0,0.0,0.0,0.0,0.0,0.0,0.0,0.0,0.0,0.0,0.0,0.0,0.0,0.0,0.0,0.0,0.0,0.0,0.0,0.0,0.0,0.0,0.0,0.0,0.0,0.0,0.0,0.0,0.0,0.0,0.0,0.0,0.0,0.0,0.0,0.0,0.0,0.0,0.0,0.0,0.0,0.0,0.0,0.0,0.0,0.0,0.0,0.0,0.0,0.0,0.0,0.0,0.0,0.0,0.0,0.0,0.00011574607304060861,0.0,0.0,0.0,0.0,0.0,0.0,0.0,0.00015432809738747814,0.0,0.0,0.0,0.0,0.0,0.0,0.0,0.0,0.0,0.0,0.0,0.0,0.0,0.0,0.0,0.00011574607304060861,0.0,0.0,0.0,0.0,0.0,0.0,0.0,0.00013779294409596262,0.0,0.0,0.0,0.0,0.0,0.0,0.0,0.00013779294409596262,0.0,0.0,0.0,0.0,0.0,0.0,0.0,6.944764382436517e-05,0.0,0.0,0.0,0.0,6.138675659475135e-05,0.9193092514472246,0.9193092514472246,-0.8939608994509319,0.9193092514472246,0.9193092514472246,0.9193092514472246,0.9193092514472246,0.9193092514472246,0.0,0.0,0.0,0.0,0.0,0.0,0.0,0.0,0.0,0.0,0.0,0.0,0.0,0.0,0.0,0.0,0.0,0.0,0.0,0.0,0.0,0.0,0.0,0.0,0.0,0.0,0.0,0.0,0.0,0.0,0.0,0.0,0.0,0.0,6.834530027159746e-05,0.0,0.0,0.0,0.0,0.0,0.0,0.0,6.834530027159746e-05,0.0,0.0,0.0,0.0,0.0
x_R27_EXIT_G,0.0,0.0,0.0,0.0002777905752974607,0.0,0.00020090211249191353,0.00044644913887091896,0.0,0.0,0.0,0.0,6.173123895499126e-05,0.0,0.0,9.92109197490931e-05,0.0,0.0,0.0,0.0,6.669178494244592e-05,0.0,0.0,9.425037376163843e-05,0.0,0.0,0.0,0.0,6.669178494244592e-05,0.0,0.0,9.425037376163843e-05,0.0,0.0,0.0,0.0,0.0003334589247122295,0.0,0.0001984218394981862,0.00047125186880819217,0.0,0.0,0.0,0.0,0.0,0.0,0.0,7.440818981181982e-05,0.0,0.0,0.0,0.0,6.173123895499126e-05,0.0,0.0,9.92109197490931e-05,0.0,0.0,0.0,0.0,6.669178494244592e-05,0.0,0.0,9.425037376163843e-05,0.0,0.0,0.0,0.0,6.669178494244592e-05,0.0,0.0,9.425037376163843e-05,0.0,0.0,0.0,0.0,6.669178494244592e-05,0.0,0.0,9.425037376163843e-05,0.0,0.0,0.0,0.0,6.173123895499126e-05,0.0,0.0,9.92109197490931e-05,0.0,0.0,0.0,0.0,6.173123895499126e-05,0.0,0.0,9.92109197490931e-05,0.0,0.0,0.0,0.0,6.173123895499126e-05,0.0,0.0,9.92109197490931e-05,0.0,0.0,0.0,0.0,6.173123895499126e-05,0.0,0.0,9.92109197490931e-05,0.0,0.0,0.0,0.0,6.669178494244592e-05,0.0,0.0,9.425037376163843e-05,0.0,0.0,0.0,0.0,6.669178494244592e-05,0.0,0.0,9.425037376163843e-05,0.0,0.0,0.0,0.0,6.669178494244592e-05,0.0,0.0,9.425037376163843e-05,0.0,0.0,0.0,0.0,6.669178494244592e-05,0.0,0.0,9.425037376163843e-05,0.0,0.0,0.0,0.0,5.001883870683443e-05,0.0,0.0,7.068778032122883e-05,0.0,0.00011161228471772973,9.92109197490931e-05,9.92109197490931e-05,0.0002659403821052079,9.92109197490931e-05,0.0,0.00013641501465500301,9.92109197490931e-05,0.00022184663999449982,0.00020944527502586322,0.0,0.00037617473738197797,0.0,9.92109197490931e-05,0.0,0.0,0.0,0.0,0.0,0.0,0.0,0.0,0.0,0.0,6.200682484318318e-05,7.440818981181982e-05,7.440818981181982e-05,9.232127254429495e-05,7.440818981181982e-05,0.0,0.0,0.0,0.0,0.0,0.0,0.00016672946235611475,0.0,0.0,0.0,0.0,0.0,0.0,0.0,0.00016672946235611475,0.0,0.0,0.0,0.0,6.696737083063784e-05,5.952655184945585e-05,5.952655184945585e-05,5.539276352657697e-05,0.0,0.0,0.0,6.138675659475135e-05,0.9193092514472246,0.9193092514472246,0.9193092514472246,-0.8995434483991918,0.9193092514472246,0.9193092514472246,0.9193092514472246,0.9193092514472246,0.0,0.0,0.0,0.0,0.0,0.0,0.0,0.0,0.0,0.0,0.0,0.0,0.0,0.0,0.0,0.0,0.0,0.0,0.0,0.0,0.0,0.0,0.0,0.0,0.0,0.0,0.0,0.0,0.0,0.0,0.0,0.0,0.0,0.0,0.0,6.669178494244592e-05,0.0,0.0,0.0,0.0,0.0,0.0,0.0,6.669178494244592e-05,0.0,0.0,0.0,0.0
x_R27_EXIT_H,0.0,0.0,0.0,0.0,0.00011905310369891171,0.0,0.0,0.0,0.0,0.0,0.0,0.0,0.0,0.0,0.0,0.0,0.0,0.0,0.0,0.0,0.0,0.0,0.0,0.0,0.0,0.0,0.0,0.0,0.0,0.0,0.0,0.0,0.0,0.0,0.0,0.0,0.00013228122633212412,0.0,0.0,0.0,0.0,0.0,0.0,0.0,0.0,0.0,0.0,0.0,0.0,0.0,0.0,0.0,0.0,0.0,0.0,0.0,0.0,0.0,0.0,0.0,0.0,0.0,0.0,0.0,0.0,0.0,0.0,0.0,0.0,0.0,0.0,0.0,0.0,0.0,0.0,0.0,0.0,0.0,0.0,0.0,0.0,0.0,0.0,0.0,0.0,0.0,0.0,0.0,0.0,0.0,0.0,0.0,0.0,0.0,0.0,0.0,0.0,0.0,0.0,0.0,0.0,0.0,0.0,0.0,0.0,0.0,0.0,0.0,0.0,0.0,0.0,0.0,0.0,0.0,0.0,0.0,0.0,0.0,0.0,0.0,0.0,0.0,0.0,0.0,0.0,0.0,0.0,0.0,0.0,0.0,0.0,0.0,0.0,0.0,0.0,0.0,0.0,0.0,0.0,0.0,0.0,0.0,0.0,0.0,0.0,0.0,0.0,0.0,0.0,0.0,0.0,0.0,0.0,0.0,0.0,0.0,6.614061316606206e-05,0.0,0.0,0.0,0.0,0.0,0.0,0.0,8.267576645757757e-05,0.0,0.0,0.0,0.0,0.0,0.0,0.0,0.0,0.0,0.0,0.0,0.0,0.0,0.0,0.0,6.614061316606206e-05,0.0,0.0,0.0,0.0,0.0,0.0,0.0,0.0,0.0,0.0,0.0,0.0,0.0,0.0,0.0,0.0,0.0,0.0,0.0,0.0,0.0,0.0,0.0,0.0,0.0,0.0,6.138675659475135e-05,0.9193092514472246,0.9193092514472246,0.9193092514472246,0.9193092514472246,-0.9048199366319359,0.9193092514472246,0.9193092514472246,0.9193092514472246,0.0,0.0,0.0,0.0,0.0,0.0,0.0,0.0,0.0,0.0,0.0,0.0,0.0,0.0,0.0,0.0,0.0,0.0,0.0,0.0,0.0,0.0,0.0,0.0,0.0,0.0,0.0,0.0,0.0,0.0,0.0,0.0,0.0,0.0,0.0,0.0,0.0,0.0,0.0,0.0,0.0,0.0,0.0,0.0,0.0,0.0,0.0,0.0
x_R27_EXIT_A,0.0,0.0,0.0,0.0,0.0,0.00019966197599504987,0.0,0.0,0.0,0.0,0.0,0.0,0.0,0.0,0.0,0.0,0.0,0.0,0.0,0.0,0.0,8.901424188599187e-05,0.0,0.0,0.0,0.0,0.0,0.0,0.0,8.901424188599187e-05,0.0,0.0,0.0,0.0,0.0,0.0,0.0,0.0004450712094299593,0.0,0.0,0.0,0.0,0.0,0.0,0.0,0.0,0.0,0.0,0.0,0.0,0.0,0.0,0.0,0.0,0.0,0.0,0.0,0.0,0.0,0.0,0.0,8.901424188599187e-05,0.0,0.0,0.0,0.0,0.0,0.0,0.0,8.901424188599187e-05,0.0,0.0,0.0,0.0,0.0,0.0,0.0,8.901424188599187e-05,0.0,0.0,0.0,0.0,0.0,0.0,0.0,0.0,0.0,0.0,0.0,0.0,0.0,0.0,0.0,0.0,0.0,0.0,0.0,0.0,0.0,0.0,0.0,0.0,0.0,0.0,0.0,0.0,0.0,0.0,0.0,0.0,0.0,0.0,0.0,0.0,0.0,0.0,0.0,8.901424188599187e-05,0.0,0.0,0.0,0.0,0.0,0.0,0.0,8.901424188599187e-05,0.0,0.0,0.0,0.0,0.0,0.0,0.0,8.901424188599187e-05,0.0,0.0,0.0,0.0,0.0,0.0,0.0,8.901424188599187e-05,0.0,0.0,0.0,0.0,0.0,0.0,0.0,6.67606814144939e-05,0.0,0.0,0.0,0.0,0.0,0.0,0.0,0.00022253560471497964,0.0,0.0,0.0,0.0,0.0,0.0,0.0,0.00022253560471497964,0.0,0.0,0.0,0.0,0.0,0.0,0.0,0.0,0.0,0.0,0.0,0.0,0.0,0.0,0.0,0.00017293014484043312,0.0,0.0,0.0,0.0,0.0,0.0,0.0,0.000210134239746343,0.0,0.0,0.0,0.0,0.0,0.0,0.0,0.000210134239746343,0.0,0.0,6.138675659475135e-05,6.138675659475135e-05,6.138675659475135e-05,9.115003251947928e-05,6.138675659475135e-05,0.00019490811942373917,6.138675659475135e-05,0.0001227735131895027,0.9193092514472246,0.9193092514472246,0.9193092514472246,0.9193092514472246,0.9193092514472246,-0.9024359029891937,0.9193092514472246,0.9193092514472246,0.0,0.0,0.0,0.0,0.0,0.0,0.0,0.0,0.0,0.0,0.0,0.0,0.0,0.0,0.0,0.0,0.0,0.0,0.0,0.0,0.0,8.40536958985372e-05,0.0,0.0,0.0,0.0,0.0,0.0,0.0,0.0,0.0,0.0,0.0,0.0,0.0,0.0,0.0,8.40536958985372e-05,0.0,0.0,0.0,0.0,0.0,0.0,0.0,8.40536958985372e-05,0.0,0.0
x_R27_EXIT_F,0.0,0.0,0.0,0.0,0.0,0.0,0.00012153337669263904,0.0,0.0,0.0,0.0,0.0,0.0,0.0,0.0,0.0,0.0,0.0,0.0,0.0,0.0,0.0,0.0,0.0,0.0,0.0,0.0,0.0,0.0,0.0,0.0,0.0,0.0,0.0,0.0,0.0,0.0,0.0,0.00013503708521404336,0.0,0.0,0.0,0.0,0.0,0.0,0.0,0.0,0.0,0.0,0.0,0.0,0.0,0.0,0.0,0.0,0.0,0.0,0.0,0.0,0.0,0.0,0.0,0.0,0.0,0.0,0.0,0.0,0.0,0.0,0.0,0.0,0.0,0.0,0.0,0.0,0.0,0.0,0.0,0.0,0.0,0.0,0.0,0.0,0.0,0.0,0.0,0.0,0.0,0.0,0.0,0.0,0.0,0.0,0.0,0.0,0.0,0.0,0.0,0.0,0.0,0.0,0.0,0.0,0.0,0.0,0.0,0.0,0.0,0.0,0.0,0.0,0.0,0.0,0.0,0.0,0.0,0.0,0.0,0.0,0.0,0.0,0.0,0.0,0.0,0.0,0.0,0.0,0.0,0.0,0.0,0.0,0.0,0.0,0.0,0.0,0.0,0.0,0.0,0.0,0.0,0.0,0.0,0.0,0.0,0.0,0.0,0.0,0.0,0.0,0.0,0.0,0.0,0.0,0.0,0.0,0.0,0.0,0.0,6.751854260702168e-05,0.0,0.0,0.0,0.0,0.0,0.0,0.0,6.751854260702168e-05,0.0,0.0,0.0,0.0,0.0,0.0,0.0,0.0,0.0,0.0,0.0,0.0,0.0,0.0,0.0,0.0,0.0,0.0,0.0,0.0,0.0,0.0,0.0,0.0,0.0,0.0,0.0,0.0,0.0,0.0,0.0,0.0,0.0,0.0,0.0,0.0,0.0,0.0,0.0,0.0,6.138675659475135e-05,0.9193092514472246,0.9193092514472246,0.9193092514472246,0.9193092514472246,0.9193092514472246,0.9193092514472246,-0.9133237388955138,0.9193092514472246,0.0,0.0,0.0,0.0,0.0,0.0,0.0,0.0,0.0,0.0,0.0,0.0,0.0,0.0,0.0,0.0,0.0,0.0,0.0,0.0,0.0,0.0,0.0,0.0,0.0,0.0,0.0,0.0,0.0,0.0,0.0,0.0,0.0,0.0,0.0,0.0,0.0,0.0,0.0,0.0,0.0,0.0,0.0,0.0,0.0,0.0,0.0,0.0
x_R27_EXIT_B,0.0,0.0,0.0,0.0,0.0,0.0,0.0,0.0005667423790666943,0.0,0.0,0.0,0.0,0.0,0.0,0.0,0.00012594275090370985,0.0,0.0,0.0,0.0,0.0,0.0,0.0,0.00012594275090370985,0.0,0.0,0.0,0.0,0.0,0.0,0.0,0.00012594275090370985,0.0,0.0,0.0,0.0,0.0,0.0,0.0,0.0006297137545185493,0.0,0.0,0.0,0.0,0.0,0.0,0.0,9.445706317778236e-05,0.0,0.0,0.0,0.0,0.0,0.0,0.0,0.00012594275090370985,0.0,0.0,0.0,0.0,0.0,0.0,0.0,0.00012594275090370985,0.0,0.0,0.0,0.0,0.0,0.0,0.0,0.00012594275090370985,0.0,0.0,0.0,0.0,0.0,0.0,0.0,0.00012594275090370985,0.0,0.0,0.0,0.0,0.0,0.0,0.0,0.00012594275090370985,0.0,0.0,0.0,0.0,0.0,0.0,0.0,0.00012594275090370985,0.0,0.0,0.0,0.0,0.0,0.0,0.0,0.00012594275090370985,0.0,0.0,0.0,0.0,0.0,0.0,0.0,0.00012594275090370985,0.0,0.0,0.0,0.0,0.0,0.0,0.0,0.00012594275090370985,0.0,0.0,0.0,0.0,0.0,0.0,0.0,0.00012594275090370985,0.0,0.0,0.0,0.0,0.0,0.0,0.0,0.00012594275090370985,0.0,0.0,0.0,0.0,0.0,0.0,0.0,0.00012594275090370985,0.0,0.0,0.0,0.0,0.0,0.0,0.0,9.445706317778236e-05,0.0,0.0,0.0,0.0,0.0,0.0,0.0,0.00033690374831462863,0.0,0.0,0.0,0.0,0.0,0.0,0.0,0.00033690374831462863,0.0,0.0,0.0,0.0,0.0,0.0,0.0,9.941760916523701e-05,0.0,0.0,0.0,0.0,0.0,0.0,0.0,0.00033139203055079016,0.0,0.0,0.0,0.0,0.0,0.0,0.0,0.00031485687725927463,0.0,0.0,0.0,0.0,0.0,0.0,0.0,0.0,0.0,0.0,0.0,0.0,0.0,0.0,0.0,0.0002635290055835285,0.9193092514472246,0.9193092514472246,0.9193092514472246,0.9193092514472246,0.9193092514472246,0.9193092514472246,0.9193092514472246,-0.9069665417386615,0.0,0.0,0.0,0.0,0.0,0.0,0.0,6.627840611015803e-05,0.0,0.0,0.0,0.0,0.0,0.0,0.0,0.00013255681222031605,0.0,0.0,0.0,0.0,0.0,0.0,0.0,0.00013255681222031605,0.0,0.0,0.0,0.0,0.0,0.0,0.0,0.0,0.0,0.0,0.0,0.0,0.0,0.0,0.0,8.501824650720895e-05,0.0,0.0,0.0,0.0,0.0,0.0,0.0,0.0
x_R28_EXIT_C,0.0,0.0005456600586200122,0.0005456600586200122,0.0009474642836038391,0.0007242397141683797,0.0013157848231723473,0.0007242397141683797,0.0007242397141683797,0.0,0.00012125779080444712,0.00012125779080444712,0.00021054761857863087,0.00016094215870408434,0.00029239662737163267,0.00016094215870408434,0.00016094215870408434,0.00013007653922658872,0.0,0.0,0.0,0.0,0.00013145446866754835,0.0,0.0,0.00013007653922658872,0.0,0.0,0.0,0.0,0.00013145446866754835,0.0,0.0,0.0006503826961329435,0.0,0.0,0.0002480272993727327,0.0,0.0006572723433377417,0.0,0.0,0.0,5.125897520369809e-05,5.125897520369809e-05,0.00011822634603433591,8.102225112842602e-05,0.00017961310262908724,8.102225112842602e-05,8.102225112842602e-05,0.0,9.25968584324869e-05,9.25968584324869e-05,0.00018188668620667067,0.00013228122633212415,0.0002637356949996724,0.00013228122633212415,0.00013228122633212415,0.00013007653922658872,0.0,0.0,0.0,0.0,0.00013145446866754835,0.0,0.0,0.00013007653922658872,0.0,0.0,0.0,0.0,0.00013145446866754835,0.0,0.0,0.00013007653922658872,0.0,0.0,0.0,0.0,0.00013145446866754835,0.0,0.0,6.173123895499126e-05,6.834530027159746e-05,6.834530027159746e-05,0.00015763512804578127,0.0001080296681712347,0.00023948413683878302,0.0001080296681712347,0.0001080296681712347,6.173123895499126e-05,6.834530027159746e-05,6.834530027159746e-05,0.00015763512804578127,0.0001080296681712347,0.00023948413683878302,0.0001080296681712347,0.0001080296681712347,8.598279711588067e-05,0.0,0.0,0.00013338356988489182,8.377811001034529e-05,0.0002152325786778936,8.377811001034529e-05,8.377811001034529e-05,0.00011023435527677011,0.0,0.0,0.00010913201172400241,5.952655184945586e-05,0.00019098102051700425,5.952655184945586e-05,5.952655184945586e-05,0.00013007653922658872,0.0,0.0,0.0,0.0,0.00013145446866754835,0.0,0.0,0.00013007653922658872,0.0,0.0,0.0,0.0,0.00013145446866754835,0.0,0.0,0.00013007653922658872,0.0,0.0,0.0,0.0,0.00013145446866754835,0.0,0.0,0.00013007653922658872,0.0,0.0,0.0,0.0,0.00013145446866754835,0.0,0.0,9.755740441994153e-05,0.0,0.0,0.0,0.0,9.859085150066127e-05,0.0,0.0,0.00042440226781556486,0.0,0.0,0.00012401364968636636,0.0,0.00032863617166887084,0.0,0.0,0.00042440226781556486,0.0,0.0,0.00012401364968636636,0.0,0.00032863617166887084,0.0,0.0,0.00016452477525057938,0.0,0.0,0.0,0.0,6.138675659475135e-05,0.0,0.0,0.0007530384394844358,0.0003286361716688709,0.0003286361716688709,0.0002046225219825045,0.0003286361716688709,0.0005332586936513753,0.0002046225219825045,0.0002046225219825045,0.00042440226781556486,0.0,0.0,0.00012401364968636636,0.0,0.00032863617166887084,0.0,0.0,0.00042440226781556486,0.0,0.0,0.00012401364968636636,0.0,0.00032863617166887084,0.0,0.0,0.0002546413606893389,0.0,0.0,0.0002455470263790054,0.0,0.00019718170300132254,0.0,0.0,0.0,0.0,0.0,0.0,0.0,0.0,0.0,0.0,-0.8886667505664466,0.9193749786815584,0.9193749786815584,0.9193092514472246,0.9193749786815584,0.9193092514472246,0.9193749786815584,0.9193749786815584,0.0003830643845867762,0.0,0.0,0.00016369801758600363,0.0,0.0,0.0,0.0,0.00016976090712622597,0.0,0.0,0.00016369801758600363,0.0,0.00013145446866754835,0.0,0.0,0.0,0.0,0.0,0.0,0.0,0.0,0.0,0.0,0.00016976090712622597,0.0,0.0,0.0,0.0,0.00013145446866754835,0.0,0.0,0.00016976090712622597,0.0,0.0,0.0,0.0,0.00013145446866754835,0.0,0.0
x_R28_EXIT_D,0.0,0.0002281851154229141,0.0,0.0,0.0,0.0003683205395685081,0.00035715931109673514,0.0,0.0,5.070780342731425e-05,0.0,0.0,0.0,8.184900879300182e-05,7.936873579927449e-05,0.0,0.0,5.070780342731425e-05,0.0,0.0,0.0,0.00039932395199009975,0.00011905310369891172,0.0,0.0,5.070780342731425e-05,0.0,0.0,0.0,0.00039932395199009975,0.00011905310369891172,0.0,9.36992019852546e-05,0.0,9.36992019852546e-05,0.0002921210414834407,9.36992019852546e-05,0.002090318961935753,0.0006889647204798131,9.36992019852546e-05,0.0,0.0,0.0,0.0,0.0,6.138675659475135e-05,5.952655184945585e-05,0.0,0.0,5.070780342731425e-05,0.0,0.0,0.0,8.184900879300182e-05,7.936873579927449e-05,0.0,0.0,5.070780342731425e-05,0.0,0.0,0.0,0.00039932395199009975,0.00011905310369891172,0.0,0.0,5.070780342731425e-05,0.0,0.0,0.0,0.00039932395199009975,0.00011905310369891172,0.0,0.0,5.070780342731425e-05,0.0,0.0,0.0,0.00039932395199009975,0.00011905310369891172,0.0,0.0,5.070780342731425e-05,0.0,0.0,0.0,8.184900879300182e-05,7.936873579927449e-05,0.0,0.0,5.070780342731425e-05,0.0,0.0,0.0,8.184900879300182e-05,7.936873579927449e-05,0.0,0.0,5.070780342731425e-05,0.0,0.0,0.0,8.184900879300182e-05,7.936873579927449e-05,0.0,0.0,5.070780342731425e-05,0.0,0.0,0.0,8.184900879300182e-05,7.936873579927449e-05,0.0,0.0,5.070780342731425e-05,0.0,0.0,0.0,0.00039932395199009975,0.00011905310369891172,0.0,0.0,5.070780342731425e-05,0.0,0.0,0.0,0.00039932395199009975,0.00011905310369891172,0.0,0.0,5.070780342731425e-05,0.0,0.0,0.0,0.00039932395199009975,0.00011905310369891172,0.0,0.0,5.070780342731425e-05,0.0,0.0,0.0,0.00039932395199009975,0.00011905310369891172,0.0,0.0,0.0,0.0,0.0,0.0,0.00029949296399257484,8.928982777418377e-05,0.0,0.0001984218394981862,0.0004244022678155649,0.0001984218394981862,0.0001984218394981862,0.0001984218394981862,0.00070067712072797,0.0,0.0,0.0001984218394981862,0.0004244022678155649,0.0,0.0001984218394981862,0.0,0.00070067712072797,0.0,0.0,0.0,6.779412849521361e-05,0.0,0.0,0.0,6.138675659475135e-05,5.952655184945585e-05,5.952655184945585e-05,0.0,0.0002259804283173786,0.0,0.0,0.0,0.00032863617166887084,7.440818981181982e-05,7.440818981181982e-05,0.0,0.0002259804283173786,0.0,0.0,0.0,0.0004030443614806907,0.0,0.0,0.0,0.0002259804283173786,0.0,0.0,0.0,0.0004030443614806907,0.0,0.0,0.0002959792439181277,0.00043156750090855487,0.0002959792439181277,5.952655184945585e-05,0.0,0.00025670825485077836,0.0,0.0,0.0,0.0,0.0,0.0,0.0,0.0,0.0,0.0,0.9193749786815584,-0.8932161980527836,0.9194934806134809,0.9193092514472246,0.9194934806134809,0.9193092514472246,0.9193898603195207,0.9193898603195207,0.0,0.0003273960351720072,0.00023700386384505572,0.0,0.00023700386384505572,0.0,0.0,0.0,0.00020724058792032782,0.0002976327592472793,0.00020724058792032782,0.0,0.0,0.00016121774459227628,0.0,0.0,0.0,0.0,0.0,0.0,0.0,0.0,0.0,0.0,0.0,9.039217132695148e-05,0.0,0.0,0.0,0.00016121774459227628,0.0,0.0,0.0,9.039217132695148e-05,0.0,0.0,0.0,0.00016121774459227628,0.0,0.0
x_R28_EXIT_E,0.0,0.0,0.0003373171271469165,0.0,0.00035715931109673514,0.0003683205395685081,0.00035715931109673514,0.00035715931109673514,0.0,0.0,7.495936158820366e-05,0.0,7.936873579927449e-05,8.184900879300182e-05,7.936873579927449e-05,7.936873579927449e-05,6.614061316606206e-05,6.614061316606206e-05,0.0,6.614061316606206e-05,8.377811001034527e-05,0.00042578019725652454,0.00014550934896533655,8.377811001034527e-05,6.614061316606206e-05,6.614061316606206e-05,0.0,6.614061316606206e-05,8.377811001034527e-05,0.00042578019725652454,0.00014550934896533655,8.377811001034527e-05,0.0,0.0,0.00037479680794101834,0.0,8.818748422141608e-05,0.001798197920452312,0.0003968436789963724,8.818748422141608e-05,0.0,0.0,5.6219521191152754e-05,0.0,5.952655184945585e-05,6.138675659475135e-05,5.952655184945585e-05,5.952655184945585e-05,0.0,0.0,7.495936158820366e-05,0.0,7.936873579927449e-05,8.184900879300182e-05,7.936873579927449e-05,7.936873579927449e-05,0.0,0.0,0.0,0.0,6.614061316606206e-05,0.0004081427004122413,0.00012787185212105335,6.614061316606206e-05,0.0,0.0,0.0,0.0,6.614061316606206e-05,0.0004081427004122413,0.00012787185212105335,6.614061316606206e-05,0.0,0.0,0.0,0.0,5.291249053284965e-05,0.0003949145777790289,0.00011464372948784092,5.291249053284965e-05,0.0,0.0,7.495936158820366e-05,0.0,7.936873579927449e-05,8.184900879300182e-05,7.936873579927449e-05,7.936873579927449e-05,0.0,0.0,7.495936158820366e-05,0.0,7.936873579927449e-05,8.184900879300182e-05,7.936873579927449e-05,7.936873579927449e-05,0.0,0.0,7.495936158820366e-05,0.0,7.936873579927449e-05,8.184900879300182e-05,7.936873579927449e-05,7.936873579927449e-05,0.0,0.0,7.495936158820366e-05,0.0,7.936873579927449e-05,8.184900879300182e-05,7.936873579927449e-05,7.936873579927449e-05,0.0,0.0,6.614061316606206e-05,0.0,0.0,0.00036845833251260415,8.81874842214161e-05,0.0,0.0,0.0,5.291249053284965e-05,0.0,0.0,0.00038168645514581655,0.00010141560685462851,0.0,0.0,0.0,0.0,0.0,5.291249053284965e-05,0.0003949145777790289,0.00011464372948784092,5.291249053284965e-05,0.0,0.0,0.0,0.0,5.291249053284965e-05,0.0003949145777790289,0.00011464372948784092,5.291249053284965e-05,0.0,0.0,0.0,0.0,0.0,0.0002961859333342717,8.598279711588066e-05,0.0,0.0001984218394981862,0.0001984218394981862,0.0006283358250775896,0.0001984218394981862,0.0003968436789963724,0.00070067712072797,0.0,0.0,0.0001984218394981862,0.0001984218394981862,0.00023149214608121722,0.0001984218394981862,0.0,0.00070067712072797,0.0,0.0,0.0,0.0,0.00012897419567382102,0.0,5.952655184945585e-05,6.138675659475135e-05,5.952655184945585e-05,5.952655184945585e-05,0.0,0.0,0.0004299139855794034,0.0,0.0001984218394981862,0.00032863617166887084,7.440818981181982e-05,7.440818981181982e-05,0.0001984218394981862,0.0001984218394981862,0.00023149214608121722,0.0001984218394981862,0.0,0.0004030443614806907,0.0,0.0,0.0001984218394981862,0.0001984218394981862,0.00023149214608121722,0.0001984218394981862,0.0,0.0004030443614806907,0.0,0.0,0.0002959792439181277,0.0002959792439181277,0.0005539276352657697,5.952655184945585e-05,0.0,0.00025670825485077836,0.0,0.0,0.0,0.0,0.0,0.0,0.0,0.0,0.0,0.0,0.9193749786815584,0.9194934806134809,-0.8863025591076542,0.9193092514472246,0.9195331649813806,0.9193092514472246,0.9193898603195207,0.9193898603195207,0.0,0.00023700386384505572,0.00040896945807681706,0.0,0.00031637259964433016,0.0,0.0,0.0,0.00020724058792032782,0.00020724058792032782,0.00037920618215208914,0.0,0.0,0.00016121774459227628,0.0,0.0,0.0,0.0,0.0,0.0,0.0,0.0,0.0,0.0,7.936873579927449e-05,7.936873579927449e-05,9.259685843248688e-05,7.936873579927449e-05,0.0,0.00016121774459227628,0.0,0.0,7.936873579927449e-05,7.936873579927449e-05,9.259685843248688e-05,7.936873579927449e-05,0.0,0.00016121774459227628,0.0,0.0
x_R28_EXIT_G,0.0,0.0,0.0,0.0001537769256110943,0.0,0.0010826391617619784,0.0,0.0,0.0,0.0,0.0,0.0,0.0,0.00024058648039155077,0.0,0.0,0.0,0.0,0.0,0.0,0.0,8.184900879300182e-05,0.0,0.0,0.0,0.0,0.0,0.0,0.0,8.184900879300182e-05,0.0,0.0,0.0,0.0,0.0,0.00017086325067899364,0.0,0.000409245043965009,0.0,0.0,0.0,0.0,0.0,0.0,0.0,0.00018043986029366303,0.0,0.0,0.0,0.0,0.0,0.0,0.0,0.00024058648039155077,0.0,0.0,0.0,0.0,0.0,0.0,0.0,8.184900879300182e-05,0.0,0.0,0.0,0.0,0.0,0.0,0.0,8.184900879300182e-05,0.0,0.0,0.0,0.0,0.0,0.0,0.0,8.184900879300182e-05,0.0,0.0,0.0,0.0,0.0,0.0,0.0,0.00024058648039155077,0.0,0.0,0.0,0.0,0.0,0.0,0.0,0.00024058648039155077,0.0,0.0,0.0,0.0,0.0,0.0,0.0,0.00024058648039155077,0.0,0.0,0.0,0.0,0.0,0.0,0.0,0.00024058648039155077,0.0,0.0,0.0,0.0,0.0,0.0,0.0,8.184900879300182e-05,0.0,0.0,0.0,0.0,0.0,0.0,0.0,8.184900879300182e-05,0.0,0.0,0.0,0.0,0.0,0.0,0.0,8.184900879300182e-05,0.0,0.0,0.0,0.0,0.0,0.0,0.0,8.184900879300182e-05,0.0,0.0,0.0,0.0,0.0,0.0,0.0,6.138675659475135e-05,0.0,0.0,0.0,0.0,0.0,8.543162533949682e-05,0.0,0.0002046225219825045,0.0,0.0,0.0,0.0,0.0,8.543162533949682e-05,0.0,0.0002046225219825045,0.0,0.0,5.952655184945585e-05,5.952655184945585e-05,5.952655184945585e-05,8.51560394513049e-05,5.952655184945585e-05,0.0001209133084442072,5.952655184945585e-05,5.952655184945585e-05,0.0,0.0,0.0,8.543162533949682e-05,0.0,0.0002046225219825045,0.0,0.0,0.0,0.0,0.0,8.543162533949682e-05,0.0,0.0002046225219825045,0.0,0.0,0.0,0.0,0.0,8.543162533949682e-05,0.0,0.0002046225219825045,0.0,0.0,0.0,0.0,0.0,5.125897520369809e-05,0.0,0.0001227735131895027,0.0,0.0,0.0,0.0,0.0,0.0,0.0,0.0,0.0,0.0,0.9193092514472246,0.9193092514472246,0.9193092514472246,-0.9090368440025941,0.9193092514472246,0.9193092514472246,0.9193092514472246,0.9193092514472246,0.0,0.0,0.0,0.0,0.0,0.0,0.0,0.0,0.0,0.0,0.0,0.0,0.0,8.184900879300182e-05,0.0,0.0,0.0,0.0,0.0,0.0,0.0,0.0,0.0,0.0,0.0,0.0,0.0,0.0,0.0,8.184900879300182e-05,0.0,0.0,0.0,0.0,0.0,0.0,0.0,8.184900879300182e-05,0.0,0.0
x_R28_EXIT_H,0.0,0.0,0.0,0.0,0.0006746342542938332,0.0003683205395685081,0.00035715931109673514,0.0004960545987454654,0.0,0.0,0.0,0.0,0.00014991872317640737,8.184900879300182e-05,7.936873579927449e-05,0.00011023435527677012,0.0,0.0,0.0,0.0,7.054998737713286e-05,0.00035963958409046255,7.936873579927449e-05,0.0,0.0,0.0,0.0,0.0,7.054998737713286e-05,0.00035963958409046255,7.936873579927449e-05,0.0,0.0,0.0,0.0,0.0,0.0003527499368856643,0.001798197920452312,0.0003968436789963724,0.00015432809738747814,0.0,0.0,0.0,0.0,0.00011243904238230548,6.138675659475135e-05,5.952655184945585e-05,8.267576645757757e-05,0.0,0.0,0.0,0.0,0.00014991872317640737,8.184900879300182e-05,7.936873579927449e-05,0.00011023435527677012,0.0,0.0,0.0,0.0,7.054998737713286e-05,0.00035963958409046255,7.936873579927449e-05,0.0,0.0,0.0,0.0,0.0,7.054998737713286e-05,0.00035963958409046255,7.936873579927449e-05,0.0,0.0,0.0,0.0,0.0,7.054998737713286e-05,0.00035963958409046255,7.936873579927449e-05,0.0,0.0,0.0,0.0,0.0,0.00014991872317640737,8.184900879300182e-05,7.936873579927449e-05,0.00011023435527677012,0.0,0.0,0.0,0.0,0.00014991872317640737,8.184900879300182e-05,7.936873579927449e-05,0.00011023435527677012,0.0,0.0,0.0,0.0,0.00014991872317640737,8.184900879300182e-05,7.936873579927449e-05,0.00011023435527677012,0.0,0.0,0.0,0.0,0.00014991872317640737,8.184900879300182e-05,7.936873579927449e-05,0.00011023435527677012,0.0,0.0,0.0,0.0,7.054998737713286e-05,0.00035963958409046255,7.936873579927449e-05,0.0,0.0,0.0,0.0,0.0,7.054998737713286e-05,0.00035963958409046255,7.936873579927449e-05,0.0,0.0,0.0,0.0,0.0,7.054998737713286e-05,0.00035963958409046255,7.936873579927449e-05,0.0,0.0,0.0,0.0,0.0,7.054998737713286e-05,0.00035963958409046255,7.936873579927449e-05,0.0,0.0,0.0,0.0,0.0,5.291249053284965e-05,0.00026972968806784686,5.952655184945585e-05,0.0,0.0001984218394981862,0.0001984218394981862,0.0003968436789963724,0.0001984218394981862,0.0005732186474392045,0.00070067712072797,0.0,0.0,0.0001984218394981862,0.0001984218394981862,0.0,0.0001984218394981862,0.00013228122633212412,0.00070067712072797,0.0,0.0,0.0,0.0,5.952655184945585e-05,0.0,0.00011243904238230548,6.138675659475135e-05,5.952655184945585e-05,5.952655184945585e-05,0.0,0.0,0.0001984218394981862,0.0,0.00037479680794101834,0.00032863617166887084,7.440818981181982e-05,7.440818981181982e-05,0.00027558588819192524,0.00027558588819192524,7.716404869373907e-05,0.00027558588819192524,9.92109197490931e-05,0.0004030443614806907,0.0,0.0,0.0003417265013579873,0.0003417265013579873,0.00014330466185980112,0.0003417265013579873,0.0,0.0004030443614806907,0.0,0.0,0.0002959792439181277,0.0002959792439181277,0.00041503234761703934,5.952655184945585e-05,7.936873579927447e-05,0.00025670825485077836,0.0,0.0,0.0,0.0,0.0,0.0,0.0,0.0,0.0,0.0,0.9193749786815584,0.9194934806134809,0.9195331649813806,0.9193092514472246,-0.891377789452207,0.9193092514472246,0.9193898603195207,0.9193898603195207,0.0,0.00023700386384505572,0.00031637259964433016,0.0,0.000386922587021463,0.0,0.0,0.0,0.00020724058792032782,0.00020724058792032782,0.00028660932371960235,0.0,0.0,0.00016121774459227628,0.0,0.0,0.0,0.0,0.0,0.0,0.0,0.0,0.0,0.0,9.70062326435577e-05,9.70062326435577e-05,0.0,9.70062326435577e-05,0.0,0.00016121774459227628,0.0,0.0,9.70062326435577e-05,9.70062326435577e-05,0.0,9.70062326435577e-05,0.0,0.00016121774459227628,0.0,0.0
x_R28_EXIT_A,0.0,0.0,0.0,0.0,0.0,0.0,0.0,0.0,0.0,0.0,0.0,0.0,0.0,0.0,0.0,0.0,0.0,0.0,0.0,0.0,0.0,0.0,0.0,0.0,0.0,0.0,0.0,0.0,0.0,0.0,0.0,0.0,0.0,0.0,0.0,0.0,0.0,0.0,0.0,0.0,0.0,0.0,0.0,0.0,0.0,0.0,0.0,0.0,0.0,0.0,0.0,0.0,0.0,0.0,0.0,0.0,0.0,0.0,0.0,0.0,0.0,0.0,0.0,0.0,0.0,0.0,0.0,0.0,0.0,0.0,0.0,0.0,0.0,0.0,0.0,0.0,0.0,0.0,0.0,0.0,0.0,0.0,0.0,0.0,0.0,0.0,0.0,0.0,0.0,0.0,0.0,0.0,0.0,0.0,0.0,0.0,0.0,0.0,0.0,0.0,0.0,0.0,0.0,0.0,0.0,0.0,0.0,0.0,0.0,0.0,0.0,0.0,0.0,0.0,0.0,0.0,0.0,0.0,0.0,0.0,0.0,0.0,0.0,0.0,0.0,0.0,0.0,0.0,0.0,0.0,0.0,0.0,0.0,0.0,0.0,0.0,0.0,0.0,0.0,0.0,0.0,0.0,0.0,0.0,0.0,0.0,0.0,0.0,0.0,0.0,0.0,0.0,0.0,0.0,0.0,0.0,0.0,0.0,0.0,0.0,0.0,0.0,0.0,0.0,0.0,0.0,0.0,0.0,0.0,0.0,0.0,0.0,0.0,0.0,0.0,0.0,0.0,0.0,0.0,0.0,0.0,0.0,0.0,0.0,0.0,0.0,0.0,0.0,0.0,0.0,0.0,0.0,0.0,0.0,0.0,0.0,0.0,0.0,0.0,0.0,0.0,0.0,0.0,0.0,0.0,0.0,0.0,0.0,0.0,0.0,0.0,0.0,0.0,0.0,0.0,0.0,0.9193092514472246,0.9193092514472246,0.9193092514472246,0.9193092514472246,0.9193092514472246,-0.9178588903639008,0.9193092514472246,0.9193092514472246,0.0,0.0,0.0,0.0,0.0,0.0,0.0,0.0,0.0,0.0,0.0,0.0,0.0,0.0,0.0,0.0,0.0,0.0,0.0,0.0,0.0,0.0,0.0,0.0,0.0,0.0,0.0,0.0,0.0,0.0,0.0,0.0,0.0,0.0,0.0,0.0,0.0,0.0,0.0,0.0
x_R28_EXIT_F,0.0,0.0,0.0,0.0,0.0,0.0003683205395685081,0.00015377692561109428,0.0,0.0,0.0,0.0,0.0,0.0,8.184900879300182e-05,0.0,0.0,0.0,0.0,0.0,0.0,0.0,0.00016121774459227628,0.0,0.0,0.0,0.0,0.0,0.0,0.0,0.00016121774459227628,0.0,0.0,0.0,0.0,0.0,0.0,0.0,0.0008060887229613814,0.00017086325067899367,0.0,0.0,0.0,0.0,0.0,0.0,6.138675659475135e-05,0.0,0.0,0.0,0.0,0.0,0.0,0.0,8.184900879300182e-05,0.0,0.0,0.0,0.0,0.0,0.0,0.0,0.00016121774459227628,0.0,0.0,0.0,0.0,0.0,0.0,0.0,0.00016121774459227628,0.0,0.0,0.0,0.0,0.0,0.0,0.0,0.00016121774459227628,0.0,0.0,0.0,0.0,0.0,0.0,0.0,8.184900879300182e-05,0.0,0.0,0.0,0.0,0.0,0.0,0.0,8.184900879300182e-05,0.0,0.0,0.0,0.0,0.0,0.0,0.0,8.184900879300182e-05,0.0,0.0,0.0,0.0,0.0,0.0,0.0,8.184900879300182e-05,0.0,0.0,0.0,0.0,0.0,0.0,0.0,0.00016121774459227628,0.0,0.0,0.0,0.0,0.0,0.0,0.0,0.00016121774459227628,0.0,0.0,0.0,0.0,0.0,0.0,0.0,0.00016121774459227628,0.0,0.0,0.0,0.0,0.0,0.0,0.0,0.00016121774459227628,0.0,0.0,0.0,0.0,0.0,0.0,0.0,0.00012091330844420723,0.0,0.0,0.0,0.0,0.0,0.0,0.0,0.0004030443614806907,8.543162533949683e-05,0.0,0.0,0.0,0.0,0.0,0.0,0.0004030443614806907,8.543162533949683e-05,0.0,0.0,0.0,0.0,0.0,0.0,6.138675659475135e-05,0.0001298009533383968,0.00010417146573654772,0.0,0.0,0.0,0.0,0.0,0.00032863617166887084,0.0003086561947749563,0.00022322456943545945,0.0,0.0,0.0,0.0,0.0,0.0005518607411043303,8.543162533949683e-05,0.0,0.0,0.0,0.0,0.0,0.0,0.0005518607411043303,8.543162533949683e-05,0.0,0.0,0.0,0.0,0.0,0.0,0.00024182661688841445,5.125897520369809e-05,0.0,0.0,0.0,0.0,0.0,0.0,0.0,0.0,0.0,0.9193749786815584,0.9193898603195207,0.9193898603195207,0.9193092514472246,0.9193898603195207,0.9193092514472246,-0.9039891722468605,0.9194196235954455,0.0,0.0,0.0,0.0,0.0,0.0,0.00012346247790998252,8.92898277741838e-05,0.0,0.0,0.0,5.952655184945586e-05,0.0,0.0001909810205170042,0.0,0.0,0.0,0.0,0.0,0.0,0.0,6.014662009788769e-05,0.0,0.0,0.0,0.0,0.0,0.0,0.0,0.00022074429644173212,0.0,0.0,0.0,0.0,0.0,0.0,0.0,0.00022074429644173212,0.0,0.0
x_R28_EXIT_B,0.0,0.0,0.0,0.0,0.0,0.0003683205395685081,0.0,0.0011334847581333887,0.0,0.0,0.0,0.0,0.0,8.184900879300182e-05,0.0,0.0002518855018074197,0.0,0.0,0.0,0.0,0.0,0.00016121774459227628,0.0,0.0002518855018074197,0.0,0.0,0.0,0.0,0.0,0.00016121774459227628,0.0,0.0002518855018074197,0.0,0.0,0.0,0.0,0.0,0.0008060887229613814,0.0,0.0012594275090370985,0.0,0.0,0.0,0.0,0.0,6.138675659475135e-05,0.0,0.00018891412635556472,0.0,0.0,0.0,0.0,0.0,8.184900879300182e-05,0.0,0.0002518855018074197,0.0,0.0,0.0,0.0,0.0,0.00016121774459227628,0.0,0.0002518855018074197,0.0,0.0,0.0,0.0,0.0,0.00016121774459227628,0.0,0.0002518855018074197,0.0,0.0,0.0,0.0,0.0,0.00016121774459227628,0.0,0.0002518855018074197,0.0,0.0,0.0,0.0,0.0,8.184900879300182e-05,0.0,0.0002518855018074197,0.0,0.0,0.0,0.0,0.0,8.184900879300182e-05,0.0,0.0002518855018074197,0.0,0.0,0.0,0.0,0.0,8.184900879300182e-05,0.0,0.0002518855018074197,0.0,0.0,0.0,0.0,0.0,8.184900879300182e-05,0.0,0.0002518855018074197,0.0,0.0,0.0,0.0,0.0,0.00016121774459227628,0.0,0.0002518855018074197,0.0,0.0,0.0,0.0,0.0,0.00016121774459227628,0.0,0.0002518855018074197,0.0,0.0,0.0,0.0,0.0,0.00016121774459227628,0.0,0.0002518855018074197,0.0,0.0,0.0,0.0,0.0,0.00016121774459227628,0.0,0.0002518855018074197,0.0,0.0,0.0,0.0,0.0,0.00012091330844420723,0.0,0.00018891412635556472,0.0,0.0,0.0,0.0,0.0,0.0004030443614806907,0.0,0.0006627840611015803,0.0,0.0,0.0,0.0,0.0,0.0004030443614806907,0.0,0.0006627840611015803,0.0,0.0,0.0,0.0,0.0,6.138675659475135e-05,0.00010417146573654772,0.0003435178096312348,0.0,0.0,0.0,0.0,0.0,0.00032863617166887084,0.00022322456943545945,0.001021045715751083,0.0,0.0,0.0,0.0,0.0,0.0007199681329014047,0.0001681073917970744,0.0006297137545185493,0.0,0.0,0.0,0.0,0.0,0.0007199681329014047,0.0001681073917970744,0.0,0.0,0.0,0.0,0.0,0.0,0.00024182661688841445,0.0,0.00039767043666094805,0.0,0.0,0.0,0.0,0.0,0.0,0.0,6.627840611015803e-05,0.9193749786815584,0.9193898603195207,0.9193898603195207,0.9193092514472246,0.9193898603195207,0.9193092514472246,0.9194196235954455,-0.8933565514596846,0.0,0.0,0.0,0.0,0.0,0.0,8.92898277741838e-05,0.00040841828630043325,0.0,0.0,0.0,5.952655184945586e-05,6.724295671882976e-05,0.0001909810205170042,0.0,0.0003191284585262495,0.0,0.0,0.0,0.0,0.0,5.518607411043303e-05,0.0,7.234129565038039e-05,9.507713142621422e-05,9.507713142621422e-05,9.507713142621422e-05,9.507713142621422e-05,8.184900879300182e-05,0.0003698362619535637,0.00014909196551183158,0.0001700364930144179,0.0,0.0,0.0,0.0,0.0,0.0002879872531605619,6.724295671882976e-05,0.0
x_R29_EXIT_C,7.936873579927447e-05,0.0010913201172400243,0.0010913201172400243,0.0018949285672076781,0.0014484794283367594,0.0018949285672076781,0.0014484794283367594,0.0014484794283367594,0.0,0.00024251558160889424,0.00024251558160889424,0.00042109523715726173,0.0003218843174081687,0.00042109523715726173,0.0003218843174081687,0.0003218843174081687,0.00026015307845317744,0.0,0.0,9.921091974909311e-05,0.0,0.0,0.0,0.0,0.00026015307845317744,0.0,0.0,9.921091974909311e-05,0.0,0.0,0.0,0.0,0.001300765392265887,0.0,0.0,0.0004960545987454654,0.0,0.0,0.0,0.0,5.6219521191152754e-05,0.00010251795040739618,0.00010251795040739618,0.00023645269206867183,0.00016204450225685204,0.00023645269206867183,0.00016204450225685204,0.00016204450225685204,0.0,0.0001851937168649738,0.0001851937168649738,0.00036377337241334134,0.0002645624526642483,0.00036377337241334134,0.0002645624526642483,0.0002645624526642483,0.00026015307845317744,0.0,0.0,9.921091974909311e-05,0.0,0.0,0.0,0.0,0.00026015307845317744,0.0,0.0,9.921091974909311e-05,0.0,0.0,0.0,0.0,0.00026015307845317744,0.0,0.0,9.921091974909311e-05,0.0,0.0,0.0,0.0,0.00012346247790998252,0.00013669060054319492,0.00013669060054319492,0.00031527025609156254,0.0002160593363424694,0.00031527025609156254,0.0002160593363424694,0.0002160593363424694,0.00012346247790998252,0.00013669060054319492,0.00013669060054319492,0.00031527025609156254,0.0002160593363424694,0.00031527025609156254,0.0002160593363424694,0.0002160593363424694,0.00017196559423176134,8.818748422141608e-05,8.818748422141608e-05,0.00026676713976978364,0.00016755622002069057,0.00026676713976978364,0.00016755622002069057,0.00016755622002069057,0.00022046871055354022,0.0,0.0,0.00021826402344800482,0.00011905310369891172,0.00021826402344800482,0.00011905310369891172,0.00011905310369891172,0.00026015307845317744,0.0,0.0,9.921091974909311e-05,0.0,0.0,0.0,0.0,0.00026015307845317744,0.0,0.0,9.921091974909311e-05,0.0,0.0,0.0,0.0,0.00026015307845317744,0.0,0.0,9.921091974909311e-05,0.0,0.0,0.0,0.0,0.00026015307845317744,0.0,0.0,9.921091974909311e-05,0.0,0.0,0.0,0.0,0.00019511480883988307,0.0,0.0,7.440818981181981e-05,0.0,0.0,0.0,0.0,0.0008488045356311297,0.0,0.0,0.0002480272993727327,0.0,0.0,0.0,0.0,0.0008488045356311297,0.0,0.0,0.0002480272993727327,0.0,0.0,0.0,0.0,0.00032904955050115875,7.440818981181981e-05,7.440818981181981e-05,0.0,7.440818981181981e-05,0.0,0.0,0.0,0.0015060768789688715,0.0006572723433377418,0.0006572723433377418,0.000409245043965009,0.0006572723433377418,0.000409245043965009,0.000409245043965009,0.000409245043965009,0.0008488045356311297,0.0,0.0,0.0002480272993727327,0.0,0.0,0.0,0.0,0.0008488045356311297,0.0,0.0,0.0002480272993727327,0.0,0.0,0.0,0.0,0.0005092827213786778,0.0,0.0,0.0004910940527580108,0.0,0.0,0.0,0.0,8.488045356311298e-05,0.0,0.0,0.0,0.0,0.0,0.0,0.0,0.0003830643845867762,0.0,0.0,0.0,0.0,0.0,0.0,0.0,-0.8916114738556179,0.9194729494648106,0.9194729494648106,0.9198003454999827,0.9194729494648106,0.9193092514472246,0.9194729494648106,0.9194729494648106,0.00033952181425245194,0.0,0.0,0.00032739603517200727,0.0,0.0,0.0,0.0,8.488045356311298e-05,0.0,0.0,8.184900879300182e-05,0.0,0.0,0.0,0.0,0.00033952181425245194,0.0,0.0,9.921091974909311e-05,0.0,0.0,0.0,0.0,0.00033952181425245194,0.0,0.0,9.921091974909311e-05,0.0,0.0,0.0,0.0
x_R29_EXIT_D,0.0,0.0004563702308458282,0.0,0.0,0.0,0.0,0.0007143186221934703,0.0,0.0,0.0001014156068546285,0.0,0.0,0.0,0.0,0.00015873747159854897,0.0,0.0,0.0001014156068546285,0.0,7.936873579927449e-05,0.0,0.0005357389666451027,0.00023810620739782344,0.0,0.0,0.0001014156068546285,0.0,7.936873579927449e-05,0.0,0.0005357389666451027,0.00023810620739782344,0.0,0.0001873984039705092,0.0,0.0001873984039705092,0.0005842420829668814,0.0001873984039705092,0.0028660932371960225,0.0013779294409596262,0.0001873984039705092,0.0,7.606170514097137e-05,0.0,0.0,0.0,0.0,0.0001190531036989117,0.0,0.0,0.0001014156068546285,0.0,0.0,0.0,0.0,0.00015873747159854897,0.0,0.0,0.0001014156068546285,0.0,7.936873579927449e-05,0.0,0.0005357389666451027,0.00023810620739782344,0.0,0.0,0.0001014156068546285,0.0,7.936873579927449e-05,0.0,0.0005357389666451027,0.00023810620739782344,0.0,0.0,0.0001014156068546285,0.0,7.936873579927449e-05,0.0,0.0005357389666451027,0.00023810620739782344,0.0,0.0,0.0001014156068546285,0.0,0.0,0.0,0.0,0.00015873747159854897,0.0,0.0,0.0001014156068546285,0.0,0.0,0.0,0.0,0.00015873747159854897,0.0,0.0,0.0001014156068546285,0.0,0.0,0.0,0.0,0.00015873747159854897,0.0,0.0,0.0001014156068546285,0.0,0.0,0.0,0.0,0.00015873747159854897,0.0,0.0,0.0001014156068546285,0.0,7.936873579927449e-05,0.0,0.0005357389666451027,0.00023810620739782344,0.0,0.0,0.0001014156068546285,0.0,7.936873579927449e-05,0.0,0.0005357389666451027,0.00023810620739782344,0.0,0.0,0.0001014156068546285,0.0,7.936873579927449e-05,0.0,0.0005357389666451027,0.00023810620739782344,0.0,0.0,0.0001014156068546285,0.0,7.936873579927449e-05,0.0,0.0005357389666451027,0.00023810620739782344,0.0,0.0,7.606170514097137e-05,0.0,5.952655184945585e-05,0.0,0.00040180422498382705,0.00017857965554836754,0.0,0.0003968436789963724,0.0008488045356311298,0.0003968436789963724,0.0003968436789963724,0.0003968436789963724,0.0007440818981181981,0.0,0.0,0.0003968436789963724,0.0008488045356311298,0.0,0.0003968436789963724,0.0,0.0007440818981181981,0.0,0.0,0.0,0.00013558825699042722,0.0,0.0,0.0,0.0,0.0,0.0,0.0,0.0004519608566347572,0.0,0.0,0.0,0.0,0.00014881637962363965,0.00014881637962363965,0.0,0.0004519608566347572,0.0,0.0,0.0,0.00014881637962363965,0.0,0.0,0.0,0.0004519608566347572,0.0,0.0,0.0,0.00014881637962363965,0.0,0.0,0.0005919584878362554,0.0008631350018171097,0.0005919584878362554,0.0001190531036989117,0.0,0.0001190531036989117,0.0,0.0,0.0,8.488045356311298e-05,0.0,0.0,0.0,0.0,0.0,0.0,0.0,0.0003273960351720072,0.00023700386384505572,0.0,0.00023700386384505572,0.0,0.0,0.0,0.9194729494648106,-0.8962444238660771,0.9199469571925007,0.9194729494648106,0.9199469571925007,0.9193092514472246,0.9195324760166601,0.9195324760166601,0.00041448117584065564,0.0005952655184945586,0.00041448117584065564,5.952655184945586e-05,0.0,5.952655184945586e-05,0.0,0.0,0.0,0.0,0.0,0.0,0.0,0.0,0.0,0.0,0.0,0.00018078434265390297,0.0,0.0,0.0,5.952655184945586e-05,0.0,0.0,0.0,0.00018078434265390297,0.0,0.0,0.0,5.952655184945586e-05,0.0,0.0
x_R29_EXIT_E,0.0,0.0,0.000674634254293833,0.0,0.0007143186221934703,0.0,0.0007143186221934703,0.0007143186221934703,0.0,0.0,0.00014991872317640732,0.0,0.00015873747159854897,0.0,0.00015873747159854897,0.00015873747159854897,0.00013228122633212412,0.00013228122633212412,0.0,0.00013228122633212412,0.00016755622002069054,0.0005886514571779522,0.0002910186979306731,0.00016755622002069054,0.00013228122633212412,0.00013228122633212412,0.0,0.00013228122633212412,0.00016755622002069054,0.0005886514571779522,0.0002910186979306731,0.00016755622002069054,0.0,0.0,0.0007495936158820367,0.0,0.00017637496844283217,0.0022818511542291413,0.0007936873579927448,0.00017637496844283217,0.0,0.0,0.00011243904238230551,0.0,0.0001190531036989117,0.0,0.0001190531036989117,0.0001190531036989117,0.0,0.0,0.00014991872317640732,0.0,0.00015873747159854897,0.0,0.00015873747159854897,0.00015873747159854897,9.700623264355767e-05,9.700623264355767e-05,5.291249053284965e-05,9.700623264355767e-05,0.00013228122633212412,0.0005533764634893858,0.0002557437042421067,0.00013228122633212412,9.700623264355767e-05,9.700623264355767e-05,0.0,9.700623264355767e-05,0.00013228122633212412,0.0005533764634893858,0.0002557437042421067,0.00013228122633212412,7.054998737713286e-05,7.054998737713286e-05,0.0,7.054998737713286e-05,0.0001058249810656993,0.000526920218222961,0.00022928745897568184,0.0001058249810656993,0.0,0.0,0.00014991872317640732,0.0,0.00015873747159854897,0.0,0.00015873747159854897,0.00015873747159854897,0.0,0.0,0.00014991872317640732,0.0,0.00015873747159854897,0.0,0.00015873747159854897,0.00015873747159854897,0.0,0.0,0.00014991872317640732,0.0,0.00015873747159854897,0.0,0.00015873747159854897,0.00015873747159854897,0.0,0.0,0.00014991872317640732,0.0,0.00015873747159854897,0.0,0.00015873747159854897,0.00015873747159854897,0.0,0.0,0.00013228122633212412,0.0,5.291249053284965e-05,0.00047400772769011143,0.0001763749684428322,5.291249053284965e-05,0.0,0.0,0.0001058249810656993,0.0,7.936873579927447e-05,0.0005004639729565362,0.00020283121370925702,7.936873579927447e-05,7.054998737713286e-05,7.054998737713286e-05,7.936873579927447e-05,7.054998737713286e-05,0.0001058249810656993,0.000526920218222961,0.00022928745897568184,0.0001058249810656993,7.054998737713286e-05,7.054998737713286e-05,7.936873579927447e-05,7.054998737713286e-05,0.0001058249810656993,0.000526920218222961,0.00022928745897568184,0.0001058249810656993,5.291249053284965e-05,5.291249053284965e-05,5.9526551849455854e-05,5.291249053284965e-05,7.936873579927447e-05,0.00039519016366722085,0.00017196559423176132,7.936873579927447e-05,0.0003968436789963724,0.0003968436789963724,0.0012566716501551793,0.0003968436789963724,0.0007936873579927448,0.0007440818981181981,0.0,0.0,0.0003968436789963724,0.0003968436789963724,0.00046298429216243443,0.0003968436789963724,0.0,0.0007440818981181981,0.0,0.0,0.0,0.0,0.00025794839134764204,0.0,0.0001190531036989117,0.0,0.0,0.0,0.0,0.0,0.0008598279711588068,0.0,0.0003968436789963724,0.0,0.00014881637962363965,0.00014881637962363965,0.0003968436789963724,0.0003968436789963724,0.00046298429216243443,0.0003968436789963724,0.0,0.00014881637962363965,0.0,0.0,0.0003968436789963724,0.0003968436789963724,0.00046298429216243443,0.0003968436789963724,0.0,0.00014881637962363965,0.0,0.0,0.0005919584878362554,0.0005919584878362554,0.0011078552705315395,0.0001190531036989117,0.0,0.0001190531036989117,0.0,0.0,0.0,0.0,0.0,0.0,0.0,0.0,0.0,0.0,0.0,0.00023700386384505572,0.00040896945807681706,0.0,0.00031637259964433016,0.0,0.0,0.0,0.9194729494648106,0.9199469571925007,-0.8892084247865905,0.9194729494648106,0.9201056946640993,0.9193092514472246,0.9195324760166601,0.9195324760166601,0.00041448117584065564,0.00041448117584065564,0.0007584123643041783,5.952655184945586e-05,0.0,5.952655184945586e-05,0.0,0.0,0.0,0.0,0.0,0.0,0.0,0.0,0.0,0.0,0.00015873747159854897,0.00015873747159854897,0.00018519371686497377,0.00015873747159854897,0.0,5.952655184945586e-05,0.0,0.0,0.00015873747159854897,0.00015873747159854897,0.00018519371686497377,0.00015873747159854897,0.0,5.952655184945586e-05,0.0,0.0
x_R29_EXIT_G,0.0,0.0,0.0,0.0006647131623189238,0.0,0.00035715931109673514,0.0,0.0,0.0,0.0,0.0,0.00014771403607087195,0.0,7.936873579927449e-05,0.0,0.0,0.0,0.0,0.0,0.00014771403607087195,0.0,0.0,0.0,0.0,0.0,0.0,0.0,0.00014771403607087195,0.0,0.0,0.0,0.0,0.0,0.0,0.0,0.0007385701803543596,0.0,0.0,0.0,0.0,0.0,0.0,0.0,0.00011078552705315395,0.0,5.952655184945585e-05,0.0,0.0,0.0,0.0,0.0,0.00014771403607087195,0.0,7.936873579927449e-05,0.0,0.0,0.0,0.0,0.0,0.00014771403607087195,0.0,0.0,0.0,0.0,0.0,0.0,0.0,0.00014771403607087195,0.0,0.0,0.0,0.0,0.0,0.0,0.0,0.00014771403607087195,0.0,0.0,0.0,0.0,0.0,0.0,0.0,0.00014771403607087195,0.0,7.936873579927449e-05,0.0,0.0,0.0,0.0,0.0,0.00014771403607087195,0.0,7.936873579927449e-05,0.0,0.0,0.0,0.0,0.0,0.00014771403607087195,0.0,7.936873579927449e-05,0.0,0.0,0.0,0.0,0.0,0.00014771403607087195,0.0,7.936873579927449e-05,0.0,0.0,0.0,0.0,0.0,0.00014771403607087195,0.0,0.0,0.0,0.0,0.0,0.0,0.0,0.00014771403607087195,0.0,0.0,0.0,0.0,0.0,0.0,0.0,0.00014771403607087195,0.0,0.0,0.0,0.0,0.0,0.0,0.0,0.00014771403607087195,0.0,0.0,0.0,0.0,0.0,0.0,0.0,0.00011078552705315395,0.0,0.0,0.0,0.0,0.0,0.0,0.0,0.0003692850901771798,0.0,0.0,0.0,0.0,0.0,0.0,0.0,0.0003692850901771798,0.0,0.0,0.0,0.0,5.952655184945585e-05,5.952655184945585e-05,5.952655184945585e-05,5.125897520369809e-05,5.952655184945585e-05,0.0,0.0,0.0,0.000409245043965009,0.000409245043965009,0.000409245043965009,0.0007785301341421888,0.000409245043965009,0.000409245043965009,0.000409245043965009,0.000409245043965009,0.0,0.0,0.0,0.0003692850901771798,0.0,0.0,0.0,0.0,0.0,0.0,0.0,0.0003692850901771798,0.0,0.0,0.0,0.0,0.0,0.0,0.0,0.0007126651068643187,0.0,0.0,0.0,0.0,0.0,0.0,0.0,0.0,0.0,0.0,0.0,0.0,0.00016369801758600363,0.0,0.0,0.0,0.0,0.0,0.0,0.0,0.9198003454999827,0.9194729494648106,0.9194729494648106,-0.9063716551507632,0.9194729494648106,0.9193092514472246,0.9194729494648106,0.9194729494648106,0.0,0.0,0.0,0.0004751100712428792,0.0,0.0,0.0,0.0,0.0,0.0,0.0,0.0001187775178107198,0.0,0.0,0.0,0.0,0.0,0.0,0.0,0.00014771403607087195,0.0,0.0,0.0,0.0,0.0,0.0,0.0,0.00014771403607087195,0.0,0.0,0.0,0.0
x_R29_EXIT_H,0.0,0.0,0.0,0.0,0.0013492685085876664,0.0,0.0007143186221934703,0.0009921091974909309,0.0,0.0,0.0,0.0,0.00029983744635281474,0.0,0.00015873747159854897,0.00022046871055354025,0.0,0.0,0.0,0.0,0.00014109997475426572,0.00045637023084582823,0.00015873747159854897,6.173123895499125e-05,0.0,0.0,0.0,0.0,0.00014109997475426572,0.00045637023084582823,0.00015873747159854897,6.173123895499125e-05,0.0,0.0,0.0,0.0,0.0007054998737713286,0.0022818511542291413,0.0007936873579927448,0.0003086561947749563,0.0,0.0,0.0,0.0,0.00022487808476461096,0.0,0.0001190531036989117,0.00016535153291515514,0.0,0.0,0.0,0.0,0.00029983744635281474,0.0,0.00015873747159854897,0.00022046871055354025,0.0,0.0,0.0,0.0,0.00014109997475426572,0.00045637023084582823,0.00015873747159854897,6.173123895499125e-05,0.0,0.0,0.0,0.0,0.00014109997475426572,0.00045637023084582823,0.00015873747159854897,6.173123895499125e-05,0.0,0.0,0.0,0.0,0.00014109997475426572,0.00045637023084582823,0.00015873747159854897,6.173123895499125e-05,0.0,0.0,0.0,0.0,0.00029983744635281474,0.0,0.00015873747159854897,0.00022046871055354025,0.0,0.0,0.0,0.0,0.00029983744635281474,0.0,0.00015873747159854897,0.00022046871055354025,0.0,0.0,0.0,0.0,0.00029983744635281474,0.0,0.00015873747159854897,0.00022046871055354025,0.0,0.0,0.0,0.0,0.00029983744635281474,0.0,0.00015873747159854897,0.00022046871055354025,0.0,0.0,0.0,0.0,0.00014109997475426572,0.00045637023084582823,0.00015873747159854897,6.173123895499125e-05,0.0,0.0,0.0,0.0,0.00014109997475426572,0.00045637023084582823,0.00015873747159854897,6.173123895499125e-05,0.0,0.0,0.0,0.0,0.00014109997475426572,0.00045637023084582823,0.00015873747159854897,6.173123895499125e-05,0.0,0.0,0.0,0.0,0.00014109997475426572,0.00045637023084582823,0.00015873747159854897,6.173123895499125e-05,0.0,0.0,0.0,0.0,0.0001058249810656993,0.00034227767313437115,0.0001190531036989117,0.0,0.0003968436789963724,0.0003968436789963724,0.0007936873579927448,0.0003968436789963724,0.001146437294878409,0.0007440818981181981,0.0,0.0,0.0003968436789963724,0.0003968436789963724,8.818748422141607e-05,0.0003968436789963724,0.00026456245266424824,0.0007440818981181981,0.0,0.0,0.0,0.0,0.0001190531036989117,0.0,0.00022487808476461096,0.0,0.0,0.0,0.0,0.0,0.0003968436789963724,0.0,0.0007495936158820367,0.0,0.00014881637962363965,0.00014881637962363965,0.0005511717763838505,0.0005511717763838505,0.00015432809738747814,0.0005511717763838505,0.0001984218394981862,0.00014881637962363965,0.0,0.0,0.0006834530027159746,0.0006834530027159746,0.00028660932371960224,0.0006834530027159746,6.614061316606205e-05,0.00014881637962363965,0.0,0.0,0.0005919584878362554,0.0005919584878362554,0.0008300646952340787,0.0001190531036989117,0.00015873747159854894,0.0001190531036989117,0.0,0.0,0.0,0.0,0.0,0.0,0.0,0.0,0.0,0.0,0.0,0.00023700386384505572,0.00031637259964433016,0.0,0.000386922587021463,0.0,0.0,0.0,0.9194729494648106,0.9199469571925007,0.9201056946640993,0.9194729494648106,-0.8943167254377263,0.9193092514472246,0.9195324760166601,0.9195324760166601,0.00041448117584065564,0.00041448117584065564,0.0005732186474392047,5.952655184945586e-05,0.0,5.952655184945586e-05,0.0,0.0,0.0,0.0,0.0,0.0,0.0,0.0,0.0,0.0,0.0001940124652871154,0.0001940124652871154,0.0,0.0001940124652871154,0.0,5.952655184945586e-05,0.0,0.0,0.0001940124652871154,0.0001940124652871154,0.0,0.0001940124652871154,0.0,5.952655184945586e-05,0.0,0.0
x_R29_EXIT_A,0.0,0.0,0.0,0.0,0.0,0.0,0.0,0.0,0.0,0.0,0.0,0.0,0.0,0.0,0.0,0.0,0.0,0.0,0.0,0.0,0.0,0.0,0.0,0.0,0.0,0.0,0.0,0.0,0.0,0.0,0.0,0.0,0.0,0.0,0.0,0.0,0.0,0.0,0.0,0.0,0.0,0.0,0.0,0.0,0.0,0.0,0.0,0.0,0.0,0.0,0.0,0.0,0.0,0.0,0.0,0.0,0.0,0.0,0.0,0.0,0.0,0.0,0.0,0.0,0.0,0.0,0.0,0.0,0.0,0.0,0.0,0.0,0.0,0.0,0.0,0.0,0.0,0.0,0.0,0.0,0.0,0.0,0.0,0.0,0.0,0.0,0.0,0.0,0.0,0.0,0.0,0.0,0.0,0.0,0.0,0.0,0.0,0.0,0.0,0.0,0.0,0.0,0.0,0.0,0.0,0.0,0.0,0.0,0.0,0.0,0.0,0.0,0.0,0.0,0.0,0.0,0.0,0.0,0.0,0.0,0.0,0.0,0.0,0.0,0.0,0.0,0.0,0.0,0.0,0.0,0.0,0.0,0.0,0.0,0.0,0.0,0.0,0.0,0.0,0.0,0.0,0.0,0.0,0.0,0.0,0.0,0.0,0.0,0.0,0.0,0.0,0.0,0.0,0.0,0.0,0.0,0.0,0.0,0.0,0.0,0.0,0.0,0.0,0.0,0.0,0.0,0.0,0.0,0.0,0.0,0.0,0.0,0.0,0.0,0.0,0.0,0.0,0.0,0.0,0.0,0.0,0.0,0.0,0.0,0.0,0.0,0.0,0.0,0.0,0.0,0.0,0.0,0.0,0.0,0.0,0.0,0.0,0.0,0.0,0.0,0.0,0.0,0.0,0.0,0.0,0.0,0.0,0.0,0.0,0.0,0.0,0.0,0.0,0.0,0.0,0.0,0.0,0.0,0.0,0.0,0.0,0.0,0.0,0.0,0.9193092514472246,0.9193092514472246,0.9193092514472246,0.9193092514472246,0.9193092514472246,-0.9131726946738878,0.9193092514472246,0.9193092514472246,0.0,0.0,0.0,0.0,0.0,0.0,0.0,0.0,0.0,0.0,0.0,0.0,0.0,0.0,0.0,0.0,0.0,0.0,0.0,0.0,0.0,0.0,0.0,0.0,0.0,0.0,0.0,0.0,0.0,0.0,0.0,0.0
x_R29_EXIT_F,0.0,0.0,0.0,0.0,0.0,0.0,0.00030755385122218856,0.0,0.0,0.0,0.0,0.0,0.0,0.0,6.834530027159747e-05,0.0,0.0,0.0,0.0,0.0,0.0,5.952655184945586e-05,6.834530027159747e-05,0.0,0.0,0.0,0.0,0.0,0.0,5.952655184945586e-05,6.834530027159747e-05,0.0,0.0,0.0,0.0,0.0,0.0,0.0002976327592472793,0.00034172650135798734,0.0,0.0,0.0,0.0,0.0,0.0,0.0,5.125897520369809e-05,0.0,0.0,0.0,0.0,0.0,0.0,0.0,6.834530027159747e-05,0.0,0.0,0.0,0.0,0.0,0.0,5.952655184945586e-05,6.834530027159747e-05,0.0,0.0,0.0,0.0,0.0,0.0,5.952655184945586e-05,6.834530027159747e-05,0.0,0.0,0.0,0.0,0.0,0.0,5.952655184945586e-05,6.834530027159747e-05,0.0,0.0,0.0,0.0,0.0,0.0,0.0,6.834530027159747e-05,0.0,0.0,0.0,0.0,0.0,0.0,0.0,6.834530027159747e-05,0.0,0.0,0.0,0.0,0.0,0.0,0.0,6.834530027159747e-05,0.0,0.0,0.0,0.0,0.0,0.0,0.0,6.834530027159747e-05,0.0,0.0,0.0,0.0,0.0,0.0,5.952655184945586e-05,6.834530027159747e-05,0.0,0.0,0.0,0.0,0.0,0.0,5.952655184945586e-05,6.834530027159747e-05,0.0,0.0,0.0,0.0,0.0,0.0,5.952655184945586e-05,6.834530027159747e-05,0.0,0.0,0.0,0.0,0.0,0.0,5.952655184945586e-05,6.834530027159747e-05,0.0,0.0,0.0,0.0,0.0,0.0,0.0,5.125897520369809e-05,0.0,0.0,0.0,0.0,0.0,0.0,0.00014881637962363965,0.00017086325067899367,0.0,0.0,0.0,0.0,0.0,0.0,0.00014881637962363965,0.00017086325067899367,0.0,0.0,0.0,0.0,0.0,0.0,0.0,0.00018519371686497374,0.00013393474166127568,0.0,0.0,0.0,0.0,0.0,0.0,0.0006173123895499126,0.0004464491388709189,0.0,0.0,0.0,0.0,0.0,0.0004464491388709189,0.00017086325067899367,0.0,0.0,0.0,0.0,0.0,0.0,0.0004464491388709189,0.00017086325067899367,0.0,0.0,0.0,0.0,8.928982777418377e-05,0.0,8.928982777418377e-05,0.00010251795040739618,0.0,0.0,0.0,0.0,0.0,0.0,0.0,0.0,0.0,0.0,0.0,0.0,0.0,0.0,0.0,0.00012346247790998252,8.92898277741838e-05,0.9194729494648106,0.9195324760166601,0.9195324760166601,0.9194729494648106,0.9195324760166601,0.9193092514472246,-0.907323298396047,0.919651529120359,5.952655184945586e-05,5.952655184945586e-05,5.952655184945586e-05,0.00011905310369891172,0.0,0.00011905310369891172,0.0,0.0,0.0,0.0,0.0,5.4566005862001205e-05,0.0,5.4566005862001205e-05,0.0,0.0,0.0,0.0,0.0,0.0,0.0,0.0001785796555483676,6.834530027159747e-05,0.0,0.0,0.0,0.0,0.0,0.0,0.0001785796555483676,6.834530027159747e-05,0.0
x_R29_EXIT_B,0.0,0.0,0.0,0.0,0.0,0.0,0.0,0.0022669695162667773,0.0,0.0,0.0,0.0,0.0,0.0,0.0,0.0005037710036148394,0.0,0.0,0.0,0.0,0.0,5.952655184945586e-05,0.0,0.0005037710036148394,0.0,0.0,0.0,0.0,0.0,5.952655184945586e-05,0.0,0.0005037710036148394,0.0,0.0,0.0,0.0,0.0,0.0002976327592472793,0.0,0.002518855018074197,0.0,0.0,0.0,0.0,0.0,0.0,0.0,0.00037782825271112945,0.0,0.0,0.0,0.0,0.0,0.0,0.0,0.0005037710036148394,0.0,0.0,0.0,0.0,0.0,5.952655184945586e-05,0.0,0.0005037710036148394,0.0,0.0,0.0,0.0,0.0,5.952655184945586e-05,0.0,0.0005037710036148394,0.0,0.0,0.0,0.0,0.0,5.952655184945586e-05,0.0,0.0005037710036148394,0.0,0.0,0.0,0.0,0.0,0.0,0.0,0.0005037710036148394,0.0,0.0,0.0,0.0,0.0,0.0,0.0,0.0005037710036148394,0.0,0.0,0.0,0.0,0.0,0.0,0.0,0.0005037710036148394,0.0,0.0,0.0,0.0,0.0,0.0,0.0,0.0005037710036148394,0.0,0.0,0.0,0.0,0.0,5.952655184945586e-05,0.0,0.0005037710036148394,0.0,0.0,0.0,0.0,0.0,5.952655184945586e-05,0.0,0.0005037710036148394,0.0,0.0,0.0,0.0,0.0,5.952655184945586e-05,0.0,0.0005037710036148394,0.0,0.0,0.0,0.0,0.0,5.952655184945586e-05,0.0,0.0005037710036148394,0.0,0.0,0.0,0.0,0.0,0.0,0.0,0.00037782825271112945,0.0,0.0,0.0,0.0,0.0,0.00014881637962363965,0.0,0.0013255681222031606,0.0,0.0,0.0,0.0,0.0,0.00014881637962363965,0.0,0.0013255681222031606,0.0,0.0,0.0,0.0,0.0,0.0,0.00013393474166127568,0.0006126274294506498,0.0,0.0,0.0,0.0,0.0,0.0,0.0004464491388709189,0.002042091431502166,0.0,0.0,0.0,0.0,0.0,0.0007826639224650676,0.0003362147835941488,0.0012594275090370985,0.0,0.0,0.0,0.0,0.0,0.0007826639224650676,0.0003362147835941488,0.0,0.0,0.0,0.0,8.928982777418377e-05,0.0,8.928982777418377e-05,0.0,0.0007953408733218961,0.0,0.0,0.0,0.0,0.0,0.0,0.0,0.00013255681222031605,0.0,0.0,0.0,0.0,0.0,0.0,8.92898277741838e-05,0.00040841828630043325,0.9194729494648106,0.9195324760166601,0.9195324760166601,0.9194729494648106,0.9195324760166601,0.9193092514472246,0.919651529120359,-0.8962632438962854,5.952655184945586e-05,5.952655184945586e-05,5.952655184945586e-05,0.00011905310369891172,0.00013448591343765952,0.00011905310369891172,0.0,0.000638256917052499,0.0,0.0,0.0,0.0,0.0,0.0,0.0,0.00014468259130076078,0.00019015426285242843,0.00019015426285242843,0.00019015426285242843,0.00019015426285242843,0.00016369801758600363,0.00047676358657203075,0.00029818393102366315,0.0003400729860288358,0.0,0.0,0.0,0.0,0.0,0.00031306556898602714,0.00013448591343765952,0.0
x_R30_EXIT_C,7.936873579927447e-05,0.0010913201172400243,0.0010913201172400243,0.0014484794283367594,0.001537769256110943,0.0014484794283367594,0.002252087878304413,0.001537769256110943,0.0,0.00024251558160889424,0.00024251558160889424,0.0003218843174081687,0.0003417265013579873,0.0003218843174081687,0.0005004639729565362,0.0003417265013579873,0.00026015307845317744,0.0,0.0,0.0,0.0,0.00039684367899637244,0.00015873747159854897,0.0,0.00026015307845317744,0.0,0.0,0.0,0.0,0.00039684367899637244,0.00015873747159854897,0.0,0.001300765392265887,0.0,0.0,9.92109197490931e-05,0.0,0.0019842183949818617,0.0007936873579927448,0.0,5.6219521191152754e-05,0.00010251795040739618,0.00010251795040739618,0.00016204450225685204,0.000176926140219216,0.00016204450225685204,0.0002959792439181277,0.000176926140219216,0.0,0.0001851937168649738,0.0001851937168649738,0.0002645624526642483,0.0002844046366140669,0.0002645624526642483,0.0004431421082126159,0.0002844046366140669,0.00026015307845317744,0.0,0.0,0.0,0.0,0.00039684367899637244,0.00015873747159854897,0.0,0.00026015307845317744,0.0,0.0,0.0,0.0,0.00039684367899637244,0.00015873747159854897,0.0,0.00026015307845317744,0.0,0.0,0.0,0.0,0.00039684367899637244,0.00015873747159854897,0.0,0.00012346247790998252,0.00013669060054319492,0.00013669060054319492,0.0002160593363424694,0.00023590152029228804,0.0002160593363424694,0.000394638991890837,0.00023590152029228804,0.00012346247790998252,0.00013669060054319492,0.00013669060054319492,0.0002160593363424694,0.00023590152029228804,0.0002160593363424694,0.000394638991890837,0.00023590152029228804,0.00017196559423176134,8.818748422141608e-05,8.818748422141608e-05,0.00016755622002069057,0.0001873984039705092,0.00016755622002069057,0.00034613587556905814,0.0001873984039705092,0.00022046871055354022,0.0,0.0,0.00011905310369891172,0.00013889528764873035,0.00011905310369891172,0.0002976327592472793,0.00013889528764873035,0.00026015307845317744,0.0,0.0,0.0,0.0,0.00039684367899637244,0.00015873747159854897,0.0,0.00026015307845317744,0.0,0.0,0.0,0.0,0.00039684367899637244,0.00015873747159854897,0.0,0.00026015307845317744,0.0,0.0,0.0,0.0,0.00039684367899637244,0.00015873747159854897,0.0,0.00026015307845317744,0.0,0.0,0.0,0.0,0.00039684367899637244,0.00015873747159854897,0.0,0.00019511480883988307,0.0,0.0,0.0,0.0,0.00029763275924727924,0.0001190531036989117,0.0,0.0012952536745020485,0.0003968436789963724,0.0003968436789963724,0.0004464491388709189,0.0003968436789963724,0.0005952655184945585,0.0,0.0,0.0012952536745020485,0.0003968436789963724,0.0,0.0004464491388709189,0.0,0.0005952655184945585,0.0,0.0,0.0002546413606893389,0.0,0.0,0.0,0.0,0.0,0.0,0.0,0.0008488045356311297,0.0,0.0,0.0,0.0,0.0,0.00014881637962363965,0.00014881637962363965,0.0008984099955056761,0.0,0.0,0.0,0.0,0.00014881637962363965,0.0,0.0,0.0008984099955056761,0.0,0.0,0.0,0.0,0.00014881637962363965,0.0,0.0,0.0011310044851396612,0.0005919584878362554,0.0005919584878362554,0.0,0.0,0.0,0.0,0.0,0.00012952536745020486,0.0,0.0,0.0,0.0,0.0,0.0,0.0,0.00016976090712622597,0.00020724058792032782,0.00020724058792032782,0.0,0.00020724058792032782,0.0,0.0,0.0,0.00033952181425245194,0.00041448117584065564,0.00041448117584065564,0.0,0.00041448117584065564,0.0,5.952655184945586e-05,5.952655184945586e-05,-0.8899164501067124,0.9199469571925007,0.9199469571925007,0.9195324760166601,0.9193092514472246,0.9195324760166601,0.9193092514472246,0.9193092514472246,8.984099955056763e-05,0.0,0.0,0.0,0.0,0.0,0.0,0.0,0.00035936399820227054,0.0,0.0,0.0,0.0,5.952655184945586e-05,0.0,0.0,0.00035936399820227054,0.0,0.0,0.0,0.0,5.952655184945586e-05,0.0,0.0
x_R30_EXIT_D,0.0,0.0004563702308458282,0.0,0.0,0.0,0.0,0.0007143186221934703,0.0,0.0,0.0001014156068546285,0.0,0.0,0.0,0.0,0.00015873747159854897,0.0,0.0,0.0001014156068546285,0.0,7.936873579927449e-05,0.0,0.0004762124147956469,0.00023810620739782344,0.0,0.0,0.0001014156068546285,0.0,7.936873579927449e-05,0.0,0.0004762124147956469,0.00023810620739782344,0.0,0.0001873984039705092,0.0,0.0001873984039705092,0.0005842420829668814,0.0001873984039705092,0.0025684604779487434,0.0013779294409596262,0.0001873984039705092,0.0,7.606170514097137e-05,0.0,0.0,0.0,0.0,0.0001190531036989117,0.0,0.0,0.0001014156068546285,0.0,0.0,0.0,0.0,0.00015873747159854897,0.0,0.0,0.0001014156068546285,0.0,7.936873579927449e-05,0.0,0.0004762124147956469,0.00023810620739782344,0.0,0.0,0.0001014156068546285,0.0,7.936873579927449e-05,0.0,0.0004762124147956469,0.00023810620739782344,0.0,0.0,0.0001014156068546285,0.0,7.936873579927449e-05,0.0,0.0004762124147956469,0.00023810620739782344,0.0,0.0,0.0001014156068546285,0.0,0.0,0.0,0.0,0.00015873747159854897,0.0,0.0,0.0001014156068546285,0.0,0.0,0.0,0.0,0.00015873747159854897,0.0,0.0,0.0001014156068546285,0.0,0.0,0.0,0.0,0.00015873747159854897,0.0,0.0,0.0001014156068546285,0.0,0.0,0.0,0.0,0.00015873747159854897,0.0,0.0,0.0001014156068546285,0.0,7.936873579927449e-05,0.0,0.0004762124147956469,0.00023810620739782344,0.0,0.0,0.0001014156068546285,0.0,7.936873579927449e-05,0.0,0.0004762124147956469,0.00023810620739782344,0.0,0.0,0.0001014156068546285,0.0,7.936873579927449e-05,0.0,0.0004762124147956469,0.00023810620739782344,0.0,0.0,0.0001014156068546285,0.0,7.936873579927449e-05,0.0,0.0004762124147956469,0.00023810620739782344,0.0,0.0,7.606170514097137e-05,0.0,5.952655184945585e-05,0.0,0.0003571593110967351,0.00017857965554836754,0.0,0.0003968436789963724,0.0008488045356311298,0.0003968436789963724,0.0003968436789963724,0.0003968436789963724,0.0005952655184945585,0.0,0.0,0.0003968436789963724,0.0008488045356311298,0.0,0.0003968436789963724,0.0,0.0005952655184945585,0.0,0.0,0.0,0.00013558825699042722,0.0,0.0,0.0,0.0,0.0,0.0,0.0,0.0004519608566347572,0.0,0.0,0.0,0.0,0.00014881637962363965,0.00014881637962363965,0.0,0.0004519608566347572,0.0,0.0,0.0,0.00014881637962363965,0.0,0.0,0.0,0.0004519608566347572,0.0,0.0,0.0,0.00014881637962363965,0.0,0.0,0.0005919584878362554,0.0008631350018171097,0.0005919584878362554,0.0,0.0,0.0,0.0,0.0,0.0,8.488045356311298e-05,0.0,0.0,0.0,0.0,0.0,0.0,0.0,0.0002976327592472793,0.00020724058792032782,0.0,0.00020724058792032782,0.0,0.0,0.0,0.0,0.0005952655184945586,0.00041448117584065564,0.0,0.00041448117584065564,0.0,5.952655184945586e-05,5.952655184945586e-05,0.9199469571925007,-0.8966061529310074,0.9199469571925007,0.9195324760166601,0.9193092514472246,0.9195324760166601,0.9193092514472246,0.9193092514472246,0.0,0.0,0.0,0.0,0.0,0.0,0.0,0.0,0.0,0.00018078434265390297,0.0,0.0,0.0,5.952655184945586e-05,0.0,0.0,0.0,0.00018078434265390297,0.0,0.0,0.0,5.952655184945586e-05,0.0,0.0
x_R30_EXIT_E,0.0,0.0,0.000674634254293833,0.0,0.0007143186221934703,0.0,0.0007143186221934703,0.0007143186221934703,0.0,0.0,0.00014991872317640732,0.0,0.00015873747159854897,0.0,0.00015873747159854897,0.00015873747159854897,0.00013228122633212412,0.00013228122633212412,0.0,0.00013228122633212412,0.00016755622002069054,0.0005291249053284966,0.0002910186979306731,0.00016755622002069054,0.00013228122633212412,0.00013228122633212412,0.0,0.00013228122633212412,0.00016755622002069054,0.0005291249053284966,0.0002910186979306731,0.00016755622002069054,0.0,0.0,0.0007495936158820367,0.0,0.00017637496844283217,0.0019842183949818617,0.0007936873579927448,0.00017637496844283217,0.0,0.0,0.00011243904238230551,0.0,0.0001190531036989117,0.0,0.0001190531036989117,0.0001190531036989117,0.0,0.0,0.00014991872317640732,0.0,0.00015873747159854897,0.0,0.00015873747159854897,0.00015873747159854897,9.700623264355767e-05,9.700623264355767e-05,5.291249053284965e-05,9.700623264355767e-05,0.00013228122633212412,0.0004938499116399301,0.0002557437042421067,0.00013228122633212412,9.700623264355767e-05,9.700623264355767e-05,0.0,9.700623264355767e-05,0.00013228122633212412,0.0004938499116399301,0.0002557437042421067,0.00013228122633212412,7.054998737713286e-05,7.054998737713286e-05,0.0,7.054998737713286e-05,0.0001058249810656993,0.0004673936663735053,0.00022928745897568184,0.0001058249810656993,0.0,0.0,0.00014991872317640732,0.0,0.00015873747159854897,0.0,0.00015873747159854897,0.00015873747159854897,0.0,0.0,0.00014991872317640732,0.0,0.00015873747159854897,0.0,0.00015873747159854897,0.00015873747159854897,0.0,0.0,0.00014991872317640732,0.0,0.00015873747159854897,0.0,0.00015873747159854897,0.00015873747159854897,0.0,0.0,0.00014991872317640732,0.0,0.00015873747159854897,0.0,0.00015873747159854897,0.00015873747159854897,0.0,0.0,0.00013228122633212412,0.0,5.291249053284965e-05,0.00041448117584065564,0.0001763749684428322,5.291249053284965e-05,0.0,0.0,0.0001058249810656993,0.0,7.936873579927447e-05,0.0004409374211070805,0.00020283121370925702,7.936873579927447e-05,7.054998737713286e-05,7.054998737713286e-05,7.936873579927447e-05,7.054998737713286e-05,0.0001058249810656993,0.0004673936663735053,0.00022928745897568184,0.0001058249810656993,7.054998737713286e-05,7.054998737713286e-05,7.936873579927447e-05,7.054998737713286e-05,0.0001058249810656993,0.0004673936663735053,0.00022928745897568184,0.0001058249810656993,5.291249053284965e-05,5.291249053284965e-05,5.9526551849455854e-05,5.291249053284965e-05,7.936873579927447e-05,0.0003505452497801289,0.00017196559423176132,7.936873579927447e-05,0.0003968436789963724,0.0003968436789963724,0.0012566716501551793,0.0003968436789963724,0.0007936873579927448,0.0005952655184945585,0.0,0.0,0.0003968436789963724,0.0003968436789963724,0.00046298429216243443,0.0003968436789963724,0.0,0.0005952655184945585,0.0,0.0,0.0,0.0,0.00025794839134764204,0.0,0.0001190531036989117,0.0,0.0,0.0,0.0,0.0,0.0008598279711588068,0.0,0.0003968436789963724,0.0,0.00014881637962363965,0.00014881637962363965,0.0003968436789963724,0.0003968436789963724,0.00046298429216243443,0.0003968436789963724,0.0,0.00014881637962363965,0.0,0.0,0.0003968436789963724,0.0003968436789963724,0.00046298429216243443,0.0003968436789963724,0.0,0.00014881637962363965,0.0,0.0,0.0005919584878362554,0.0005919584878362554,0.0011078552705315395,0.0,0.0,0.0,0.0,0.0,0.0,0.0,0.0,0.0,0.0,0.0,0.0,0.0,0.0,0.00020724058792032782,0.00037920618215208914,0.0,0.00028660932371960235,0.0,0.0,0.0,0.0,0.00041448117584065564,0.0007584123643041783,0.0,0.0005732186474392047,0.0,5.952655184945586e-05,5.952655184945586e-05,0.9199469571925007,0.9199469571925007,-0.8895701538515208,0.9195324760166601,0.9193092514472246,0.9195324760166601,0.9193092514472246,0.9193092514472246,0.0,0.0,0.0,0.0,0.0,0.0,0.0,0.0,0.00015873747159854897,0.00015873747159854897,0.00018519371686497377,0.00015873747159854897,0.0,5.952655184945586e-05,0.0,0.0,0.00015873747159854897,0.00015873747159854897,0.00018519371686497377,0.00015873747159854897,0.0,5.952655184945586e-05,0.0,0.0
x_R30_EXIT_G,0.0,0.0,0.0,0.0006647131623189238,0.0,0.00035715931109673514,0.0,0.0,0.0,0.0,0.0,0.00014771403607087195,0.0,7.936873579927449e-05,0.0,0.0,0.0,0.0,0.0,0.00014771403607087195,0.0,5.952655184945586e-05,0.0,0.0,0.0,0.0,0.0,0.00014771403607087195,0.0,5.952655184945586e-05,0.0,0.0,0.0,0.0,0.0,0.0007385701803543596,0.0,0.0002976327592472793,0.0,0.0,0.0,0.0,0.0,0.00011078552705315395,0.0,5.952655184945585e-05,0.0,0.0,0.0,0.0,0.0,0.00014771403607087195,0.0,7.936873579927449e-05,0.0,0.0,0.0,0.0,0.0,0.00014771403607087195,0.0,5.952655184945586e-05,0.0,0.0,0.0,0.0,0.0,0.00014771403607087195,0.0,5.952655184945586e-05,0.0,0.0,0.0,0.0,0.0,0.00014771403607087195,0.0,5.952655184945586e-05,0.0,0.0,0.0,0.0,0.0,0.00014771403607087195,0.0,7.936873579927449e-05,0.0,0.0,0.0,0.0,0.0,0.00014771403607087195,0.0,7.936873579927449e-05,0.0,0.0,0.0,0.0,0.0,0.00014771403607087195,0.0,7.936873579927449e-05,0.0,0.0,0.0,0.0,0.0,0.00014771403607087195,0.0,7.936873579927449e-05,0.0,0.0,0.0,0.0,0.0,0.00014771403607087195,0.0,5.952655184945586e-05,0.0,0.0,0.0,0.0,0.0,0.00014771403607087195,0.0,5.952655184945586e-05,0.0,0.0,0.0,0.0,0.0,0.00014771403607087195,0.0,5.952655184945586e-05,0.0,0.0,0.0,0.0,0.0,0.00014771403607087195,0.0,5.952655184945586e-05,0.0,0.0,0.0,0.0,0.0,0.00011078552705315395,0.0,0.0,0.0,0.0,0.0,0.0,0.0,0.0003692850901771798,0.0,0.00014881637962363965,0.0,0.0,0.0,0.0,0.0,0.0003692850901771798,0.0,0.00014881637962363965,0.0,0.0,5.952655184945585e-05,5.952655184945585e-05,5.952655184945585e-05,5.125897520369809e-05,5.952655184945585e-05,0.0,8.928982777418377e-05,8.928982777418377e-05,0.000409245043965009,0.000409245043965009,0.000409245043965009,0.0007785301341421888,0.000409245043965009,0.000409245043965009,0.0007068778032122884,0.0007068778032122884,0.0,0.0,0.0,0.0003692850901771798,0.0,0.00029763275924727924,0.0,0.0,0.0,0.0,0.0,0.0003692850901771798,0.0,0.00029763275924727924,0.0,0.0,0.0,0.0,0.0,0.0008019549346385026,0.0,8.928982777418377e-05,0.0,0.0,0.0,0.0,0.0,0.0,0.0,0.0,0.0,0.0,0.00016369801758600363,0.0,0.0,0.0,0.0,0.0,5.952655184945586e-05,5.952655184945586e-05,0.00032739603517200727,5.952655184945586e-05,5.952655184945586e-05,0.0004751100712428792,5.952655184945586e-05,0.0,0.00011905310369891172,0.00011905310369891172,0.9195324760166601,0.9195324760166601,0.9195324760166601,-0.9022735823328303,0.9193092514472246,0.9195920025685096,0.9193092514472246,0.9193092514472246,0.0,0.0,0.0,0.00014854079373544774,0.0,0.0,0.0,0.0,0.0,0.0,0.0,0.00014771403607087195,0.0,0.00011905310369891172,0.0,0.0,0.0,0.0,0.0,0.00014771403607087195,0.0,0.00011905310369891172,0.0,0.0
x_R30_EXIT_H,0.0,0.0,0.0,0.0,0.0001190531036989117,0.0,0.00017857965554836757,0.0,0.0,0.0,0.0,0.0,0.0,0.0,0.0,0.0,0.0,0.0,0.0,0.0,0.0,0.0,0.0,0.0,0.0,0.0,0.0,0.0,0.0,0.0,0.0,0.0,0.0,0.0,0.0,0.0,0.0001322812263321241,0.0,0.0001984218394981862,0.0,0.0,0.0,0.0,0.0,0.0,0.0,0.0,0.0,0.0,0.0,0.0,0.0,0.0,0.0,0.0,0.0,0.0,0.0,0.0,0.0,0.0,0.0,0.0,0.0,0.0,0.0,0.0,0.0,0.0,0.0,0.0,0.0,0.0,0.0,0.0,0.0,0.0,0.0,0.0,0.0,0.0,0.0,0.0,0.0,0.0,0.0,0.0,0.0,0.0,0.0,0.0,0.0,0.0,0.0,0.0,0.0,0.0,0.0,0.0,0.0,0.0,0.0,0.0,0.0,0.0,0.0,0.0,0.0,0.0,0.0,0.0,0.0,0.0,0.0,0.0,0.0,0.0,0.0,0.0,0.0,0.0,0.0,0.0,0.0,0.0,0.0,0.0,0.0,0.0,0.0,0.0,0.0,0.0,0.0,0.0,0.0,0.0,0.0,0.0,0.0,0.0,0.0,0.0,0.0,0.0,0.0,0.0,0.0,0.0,0.0,0.0,0.0,0.0,0.0,0.0,0.0,6.614061316606205e-05,0.0,9.92109197490931e-05,6.614061316606205e-05,0.0,0.0,0.0,0.0,6.614061316606205e-05,0.0,9.92109197490931e-05,6.614061316606205e-05,0.0,0.0,0.0,0.0,0.0,0.0,0.0,0.00010086443507824463,0.0,0.0,0.0,0.0,6.614061316606205e-05,0.0,9.92109197490931e-05,0.0003362147835941488,0.0,0.0,0.0,0.0,6.614061316606205e-05,0.0003362147835941488,0.0004354257033432419,0.0,0.000409245043965009,0.000409245043965009,0.000409245043965009,0.000409245043965009,0.0004753856571310711,0.000855694182835928,0.000954905102585021,0.000409245043965009,0.0,0.0,0.0,0.0,0.0,0.0,5.952655184945585e-05,0.0,0.0,0.0,0.0,0.0,0.0,0.0,0.0,0.0,0.0,0.0,0.0,0.0,0.0,0.0,0.0,6.724295671882976e-05,0.0,0.0,0.0,0.0,0.0,0.0,0.0,0.00013448591343765952,0.9193092514472246,0.9193092514472246,0.9193092514472246,0.9193092514472246,-0.898678338554582,0.9193092514472246,0.9194729494648106,0.919647119746148,0.0,0.0,0.0,0.0,0.00011822634603433594,0.0,0.0,0.0,0.0,0.0,0.0,0.0,0.00039794602254914006,0.00013448591343765952,0.00017417028133729677,0.0,7.054998737713286e-05,7.054998737713286e-05,7.054998737713286e-05,7.054998737713286e-05,0.000353852280438432,0.00017857965554836757,0.0002182640234480048,0.0
x_R30_EXIT_A,0.0,0.0,0.0,0.0,0.0,0.0007986479039801995,0.0,0.0,0.0,0.0,0.0,0.0,0.0,0.0001774773119955999,0.0,0.0,0.0,0.0,0.0,0.0,0.0,0.0003362147835941488,0.0,0.0,0.0,0.0,0.0,0.0,0.0,0.0003362147835941488,0.0,0.0,0.0,0.0,0.0,0.0,0.0,0.001681073917970744,0.0,0.0,0.0,0.0,0.0,0.0,0.0,0.0001331079839966999,0.0,0.0,0.0,0.0,0.0,0.0,0.0,0.0001774773119955999,0.0,0.0,0.0,0.0,0.0,0.0,0.0,0.0003362147835941488,0.0,0.0,0.0,0.0,0.0,0.0,0.0,0.0003362147835941488,0.0,0.0,0.0,0.0,0.0,0.0,0.0,0.0003362147835941488,0.0,0.0,0.0,0.0,0.0,0.0,0.0,0.0001774773119955999,0.0,0.0,0.0,0.0,0.0,0.0,0.0,0.0001774773119955999,0.0,0.0,0.0,0.0,0.0,0.0,0.0,0.0001774773119955999,0.0,0.0,0.0,0.0,0.0,0.0,0.0,0.0001774773119955999,0.0,0.0,0.0,0.0,0.0,0.0,0.0,0.0003362147835941488,0.0,0.0,0.0,0.0,0.0,0.0,0.0,0.0003362147835941488,0.0,0.0,0.0,0.0,0.0,0.0,0.0,0.0003362147835941488,0.0,0.0,0.0,0.0,0.0,0.0,0.0,0.0003362147835941488,0.0,0.0,0.0,0.0,0.0,0.0,0.0,0.0002521610876956116,0.0,0.0,0.0,0.0,0.0,0.0,0.0,0.000840536958985372,0.0,0.0,0.0,0.0,0.0,0.0,0.0,0.000840536958985372,0.0,0.0,0.0,0.0,0.0,0.0,0.0,0.0001331079839966999,0.00016369801758600358,0.00016369801758600358,0.0,0.0,0.0,0.0,0.0,0.0006917205793617325,0.00029763275924727924,0.00029763275924727924,0.0,0.0,0.0,0.0,0.0,0.0009893533386090118,0.0,0.0,0.0,0.0,0.0,0.0,0.0,0.0009893533386090118,0.0,0.0,0.0,0.0,0.0,8.928982777418377e-05,0.0,0.0005043221753912232,0.0,0.0,0.0,0.0,0.0,0.0,0.0,8.40536958985372e-05,0.0,0.0,0.00013145446866754835,0.00016121774459227628,0.00016121774459227628,8.184900879300182e-05,0.00016121774459227628,0.0,0.0001909810205170042,0.0001909810205170042,0.0,5.952655184945586e-05,5.952655184945586e-05,0.0,5.952655184945586e-05,0.0,0.00011905310369891172,0.00011905310369891172,0.9195324760166601,0.9195324760166601,0.9195324760166601,0.9195920025685096,0.9193092514472246,-0.9053658366917714,0.9193092514472246,0.9193092514472246,0.0,0.0,0.0,0.0,0.0,9.893533386090117e-05,0.0,0.0,0.0,0.0,0.0,0.0,0.0,0.00039574133544360466,0.0,0.0,0.0,0.0,0.0,0.0,0.0,0.00039574133544360466,0.0,0.0
x_R30_EXIT_F,0.0,0.0,0.0,0.0,0.0,0.0,0.00012897419567382102,0.0,0.0,0.0,0.0,0.0,0.0,0.0,0.0,0.0,0.0,0.0,0.0,0.0,0.0,0.0,0.0,0.0,0.0,0.0,0.0,0.0,0.0,0.0,0.0,0.0,0.0,0.0,0.0,0.0,0.0,0.0,0.00014330466185980115,0.0,0.0,0.0,0.0,0.0,0.0,0.0,0.0,0.0,0.0,0.0,0.0,0.0,0.0,0.0,0.0,0.0,0.0,0.0,0.0,0.0,0.0,0.0,0.0,0.0,0.0,0.0,0.0,0.0,0.0,0.0,0.0,0.0,0.0,0.0,0.0,0.0,0.0,0.0,0.0,0.0,0.0,0.0,0.0,0.0,0.0,0.0,0.0,0.0,0.0,0.0,0.0,0.0,0.0,0.0,0.0,0.0,0.0,0.0,0.0,0.0,0.0,0.0,0.0,0.0,0.0,0.0,0.0,0.0,0.0,0.0,0.0,0.0,0.0,0.0,0.0,0.0,0.0,0.0,0.0,0.0,0.0,0.0,0.0,0.0,0.0,0.0,0.0,0.0,0.0,0.0,0.0,0.0,0.0,0.0,0.0,0.0,0.0,0.0,0.0,0.0,0.0,0.0,0.0,0.0,0.0,0.0,0.0,0.0,0.0,0.0,0.0,0.0,0.0,0.0,0.0,0.0,0.0,0.0,7.165233092990057e-05,0.0,0.0,0.0,0.0,0.0,0.0,0.0,7.165233092990057e-05,0.0,0.0,0.0,0.0,0.0,0.0,0.0,0.0,0.0,0.0,0.0,0.0,0.0,0.0,0.0,7.165233092990057e-05,0.0,0.0,0.0,0.0,0.0,0.0,0.0,7.165233092990057e-05,0.0,0.0,0.0,0.0,0.0,0.0,0.0,7.165233092990057e-05,0.0,0.0,0.0,0.0,0.0,0.0,0.0,0.0,0.0,0.0,0.0,0.0,0.0,0.0,0.0,0.0,0.0,0.0,0.0,0.0,0.0,0.0,0.0,0.0,0.0,0.0,0.0,0.0,0.0,0.0,0.0,0.0,0.0,0.9193092514472246,0.9193092514472246,0.9193092514472246,0.9193092514472246,0.9194729494648106,0.9193092514472246,-0.915499601847963,0.9194729494648106,0.0,0.0,0.0,0.0,0.0,0.0,0.0,0.0,0.0,0.0,0.0,0.0,0.0,0.0,0.0,0.0,0.0,0.0,0.0,0.0,0.0,0.0,0.0,0.0
x_R30_EXIT_B,0.0,0.0,0.0,0.0,0.0,0.0,0.00017857965554836757,0.0022669695162667773,0.0,0.0,0.0,0.0,0.0,0.0,0.0,0.0005037710036148394,0.0,0.0,0.0,0.0,0.0,0.0,0.0,0.0005037710036148394,0.0,0.0,0.0,0.0,0.0,0.0,0.0,0.0005037710036148394,0.0,0.0,0.0,0.0,0.0,0.0,0.0001984218394981862,0.002518855018074197,0.0,0.0,0.0,0.0,0.0,0.0,0.0,0.00037782825271112945,0.0,0.0,0.0,0.0,0.0,0.0,0.0,0.0005037710036148394,0.0,0.0,0.0,0.0,0.0,0.0,0.0,0.0005037710036148394,0.0,0.0,0.0,0.0,0.0,0.0,0.0,0.0005037710036148394,0.0,0.0,0.0,0.0,0.0,0.0,0.0,0.0005037710036148394,0.0,0.0,0.0,0.0,0.0,0.0,0.0,0.0005037710036148394,0.0,0.0,0.0,0.0,0.0,0.0,0.0,0.0005037710036148394,0.0,0.0,0.0,0.0,0.0,0.0,0.0,0.0005037710036148394,0.0,0.0,0.0,0.0,0.0,0.0,0.0,0.0005037710036148394,0.0,0.0,0.0,0.0,0.0,0.0,0.0,0.0005037710036148394,0.0,0.0,0.0,0.0,0.0,0.0,0.0,0.0005037710036148394,0.0,0.0,0.0,0.0,0.0,0.0,0.0,0.0005037710036148394,0.0,0.0,0.0,0.0,0.0,0.0,0.0,0.0005037710036148394,0.0,0.0,0.0,0.0,0.0,0.0,0.0,0.00037782825271112945,0.0,0.0,0.0,0.0,0.0,0.0,9.92109197490931e-05,0.0013255681222031606,0.0,0.0,0.0,0.0,0.0,0.0,9.92109197490931e-05,0.0013255681222031606,0.0,0.0,0.0,0.0,0.0,0.0,0.0,0.0004786926877893741,0.0,0.0,0.0,0.0,0.0,0.0,9.92109197490931e-05,0.0015956422926312471,0.0,0.0,0.0,0.0,0.0,0.0003362147835941488,0.0004354257033432419,0.0012594275090370985,0.0,0.0,0.0,0.0,0.0,0.0003362147835941488,0.0004354257033432419,0.0,0.0,0.0,0.0,0.0,0.0,0.0,5.952655184945585e-05,0.0007953408733218961,0.0,0.0,0.0,0.0,0.0,0.0,0.0,0.00013255681222031605,0.0,0.0,0.0,0.0,0.0,0.0,0.0,0.0003191284585262495,0.0,0.0,0.0,0.0,0.0,0.0,0.0,0.000638256917052499,0.9193092514472246,0.9193092514472246,0.9193092514472246,0.9193092514472246,0.919647119746148,0.9193092514472246,0.9194729494648106,-0.9014663460929593,0.0,0.0,0.0,0.0,0.0,0.0,0.0,0.00014468259130076078,0.00019015426285242843,0.00019015426285242843,0.00019015426285242843,0.00019015426285242843,0.00016369801758600363,0.00029818393102366315,0.0003378682989233004,0.0003400729860288358,0.0,0.0,0.0,0.0,0.0,0.00013448591343765952,0.00017417028133729677,0.0
x_R31_EXIT_C,0.0,0.0002728300293100061,0.0002728300293100061,0.00036211985708418986,0.0006027063374757405,0.00036211985708418986,0.00038444231402773576,0.0006027063374757405,0.0,6.062889540222356e-05,6.062889540222356e-05,8.047107935204217e-05,0.00013393474166127568,8.047107935204217e-05,8.543162533949682e-05,0.00013393474166127568,6.503826961329436e-05,0.0,0.0,0.0,0.0,0.0,0.0,0.0,6.503826961329436e-05,0.0,0.0,0.0,0.0,0.0,0.0,0.0,0.00032519134806647176,0.0,0.0,0.0,0.0,0.0,0.0,0.0,0.0,0.0,0.0,0.0,8.060887229613814e-05,0.0,0.0,8.060887229613814e-05,0.0,0.0,0.0,6.614061316606207e-05,0.00011960427547529557,6.614061316606207e-05,7.110115915351672e-05,0.00011960427547529557,6.503826961329436e-05,0.0,0.0,0.0,0.0,0.0,0.0,0.0,6.503826961329436e-05,0.0,0.0,0.0,0.0,0.0,0.0,0.0,6.503826961329436e-05,0.0,0.0,0.0,0.0,0.0,0.0,0.0,0.0,0.0,0.0,5.401483408561735e-05,0.00010747849639485086,5.401483408561735e-05,5.897538007307201e-05,0.00010747849639485086,0.0,0.0,0.0,5.401483408561735e-05,0.00010747849639485086,5.401483408561735e-05,5.897538007307201e-05,0.00010747849639485086,0.0,0.0,0.0,0.0,9.535271731440616e-05,0.0,0.0,9.535271731440616e-05,5.5117177638385055e-05,0.0,0.0,0.0,8.322693823396144e-05,0.0,0.0,8.322693823396144e-05,6.503826961329436e-05,0.0,0.0,0.0,0.0,0.0,0.0,0.0,6.503826961329436e-05,0.0,0.0,0.0,0.0,0.0,0.0,0.0,6.503826961329436e-05,0.0,0.0,0.0,0.0,0.0,0.0,0.0,6.503826961329436e-05,0.0,0.0,0.0,0.0,0.0,0.0,0.0,0.0,0.0,0.0,0.0,0.0,0.0,0.0,0.0,0.00022460249887641903,0.0,9.92109197490931e-05,0.0,0.00012125779080444711,0.0,0.0,0.0,0.00022460249887641903,0.0,0.0,0.0,0.0,0.0,0.0,0.0,6.366034017233473e-05,0.0,0.0,0.0,0.0,0.0,0.0,0.0,0.00021220113390778243,0.0,0.00011161228471772973,0.0,0.00013365915577308372,0.0,0.0,0.0,0.0003458602896808662,0.00012125779080444711,0.0,0.00013365915577308372,0.0,0.0,0.0,0.0,0.0003458602896808662,0.00012125779080444711,0.0,0.00013365915577308372,0.0,0.0,0.0,0.0,0.00013476149932585145,0.0,5.952655184945585e-05,0.0,0.0,0.0,0.0,0.0,0.0,0.0,0.0,0.0,0.0,0.0,0.0,0.0,0.0,0.0,0.0,0.0,0.0,0.0,0.0,0.0,8.488045356311298e-05,0.0,0.0,0.0,0.0,0.0,0.0,0.0,8.984099955056763e-05,0.0,0.0,0.0,0.0,0.0,0.0,0.0,-0.8892340322557322,0.9193092514472246,0.9193092514472246,0.9193092514472246,0.9193092514472246,0.9193092514472246,0.9193092514472246,0.9193092514472246,0.0001537769256110943,6.393592606052667e-05,0.0,6.889647204798132e-05,0.0,0.0,0.0,0.0,0.0001537769256110943,6.393592606052667e-05,0.0,6.889647204798132e-05,0.0,0.0,0.0,0.0
x_R31_EXIT_D,0.0,0.00011409255771145705,0.0,0.0,0.00021826402344800482,0.0,0.0,0.00021826402344800482,0.0,0.0,0.0,0.0,0.0,0.0,0.0,0.0,0.0,0.0,0.0,0.0,0.0,0.0,0.0,0.0,0.0,0.0,0.0,0.0,0.0,0.0,0.0,0.0,0.0,0.0,0.0,0.00014606052074172035,9.094334310333533e-05,0.00014606052074172035,0.00014606052074172035,9.094334310333533e-05,0.0,0.0,0.0,0.0,0.0,0.0,0.0,0.0,0.0,0.0,0.0,0.0,0.0,0.0,0.0,0.0,0.0,0.0,0.0,0.0,0.0,0.0,0.0,0.0,0.0,0.0,0.0,0.0,0.0,0.0,0.0,0.0,0.0,0.0,0.0,0.0,0.0,0.0,0.0,0.0,0.0,0.0,0.0,0.0,0.0,0.0,0.0,0.0,0.0,0.0,0.0,0.0,0.0,0.0,0.0,0.0,0.0,0.0,0.0,0.0,0.0,0.0,0.0,0.0,0.0,0.0,0.0,0.0,0.0,0.0,0.0,0.0,0.0,0.0,0.0,0.0,0.0,0.0,0.0,0.0,0.0,0.0,0.0,0.0,0.0,0.0,0.0,0.0,0.0,0.0,0.0,0.0,0.0,0.0,0.0,0.0,0.0,0.0,0.0,0.0,0.0,0.0,0.0,0.0,0.0,0.0,0.0,0.0,0.0,0.0,0.0,0.0,0.0,0.0001129902141586893,9.92109197490931e-05,0.0,0.00012125779080444711,0.0,0.0,0.0,0.0,0.0001129902141586893,0.0,0.0,0.0,0.0,0.0,0.0,0.0,0.0,0.0,0.0,0.0,0.0,0.0,0.0,0.0,0.0001129902141586893,9.92109197490931e-05,0.0,0.00012125779080444711,0.0,0.0,0.0,0.00012125779080444711,0.00023424800496313648,0.0,0.00012125779080444711,0.0,0.0,0.0,0.0,0.00012125779080444711,0.00023424800496313648,0.0,0.00012125779080444711,0.0,0.0,0.0,0.0,0.0,6.779412849521361e-05,5.952655184945585e-05,0.0,0.0,0.0,0.0,0.0,0.0,0.0,0.0,0.0,0.0,0.0,0.0,0.0,0.0,0.0,0.0,0.0,0.0,0.0,0.0,0.0,0.0,0.0,0.0,0.0,0.0,0.0,0.0,0.0,0.0,0.0,0.0,0.0,0.0,0.0,0.0,0.0,0.9193092514472246,-0.8957563166529505,0.9193092514472246,0.9193092514472246,0.9193092514472246,0.9193092514472246,0.9193092514472246,0.9193092514472246,6.393592606052667e-05,0.00010913201172400241,0.0,6.393592606052667e-05,0.0,0.0,0.0,0.0,6.393592606052667e-05,0.00010913201172400241,0.0,6.393592606052667e-05,0.0,0.0,0.0,0.0
x_R31_EXIT_E,0.0,0.0,0.00016865856357345824,0.0,0.0,0.0,0.0,0.0,0.0,0.0,0.0,0.0,0.0,0.0,0.0,0.0,0.0,0.0,0.0,0.0,5.070780342731424e-05,0.0,0.0,5.070780342731424e-05,0.0,0.0,0.0,0.0,5.070780342731424e-05,0.0,0.0,5.070780342731424e-05,0.0,0.0,0.00018739840397050917,0.0,8.818748422141608e-05,0.0,0.0,8.818748422141608e-05,0.0,0.0,0.0,0.0,0.0,0.0,0.0,0.0,0.0,0.0,0.0,0.0,0.0,0.0,0.0,0.0,0.0,0.0,0.0,0.0,0.0,0.0,0.0,0.0,0.0,0.0,0.0,0.0,0.0,0.0,0.0,0.0,0.0,0.0,0.0,0.0,0.0,0.0,0.0,0.0,0.0,0.0,0.0,0.0,0.0,0.0,0.0,0.0,0.0,0.0,0.0,0.0,0.0,0.0,0.0,0.0,0.0,0.0,0.0,0.0,0.0,0.0,0.0,0.0,0.0,0.0,0.0,0.0,0.0,0.0,0.0,0.0,0.0,0.0,0.0,0.0,0.0,0.0,0.0,0.0,0.0,0.0,0.0,0.0,0.0,0.0,0.0,0.0,0.0,0.0,0.0,0.0,0.0,0.0,0.0,0.0,0.0,0.0,0.0,0.0,0.0,0.0,0.0,0.0,0.0,0.0,0.0,0.0,0.0,0.0,0.0,0.0,0.0,0.0,0.00011574607304060861,0.0,0.0,0.0,0.0,0.0,0.0,0.0,0.00015432809738747814,0.0,0.0,0.0,0.0,0.0,0.0,0.0,0.0,0.0,0.0,0.0,0.0,0.0,0.0,0.0,0.00011574607304060861,0.0,0.0,0.0,0.0,0.0,0.0,0.0,0.00013779294409596262,0.0,0.0,0.0,0.0,0.0,0.0,0.0,0.00013779294409596262,0.0,0.0,0.0,0.0,0.0,0.0,0.0,6.944764382436517e-05,0.0,0.0,0.0,0.0,0.0,0.0,0.0,0.0,0.0,0.0,0.0,0.0,0.0,0.0,0.0,0.0,0.0,0.0,0.0,0.0,0.0,0.0,0.0,0.0,0.0,0.0,0.0,0.0,0.0,0.0,0.0,0.0,0.0,0.0,0.0,0.0,0.0,0.9193092514472246,0.9193092514472246,-0.8917869424448032,0.9193092514472246,0.9193092514472246,0.9193092514472246,0.9193092514472246,0.9193092514472246,0.0,0.0,7.054998737713286e-05,0.0,0.0,0.0,0.0,0.0,0.0,0.0,7.054998737713286e-05,0.0,0.0,0.0,0.0,0.0
x_R31_EXIT_G,0.0,0.0,0.0,0.00016617829057973094,0.0,8.928982777418378e-05,0.0,0.0,0.0,0.0,0.0,0.0,0.0,0.0,0.0,0.0,0.0,0.0,0.0,0.0,0.0,0.0,0.0,0.0,0.0,0.0,0.0,0.0,0.0,0.0,0.0,0.0,0.0,0.0,0.0,0.0001846425450885899,0.0,7.440818981181982e-05,0.0,0.0,0.0,0.0,0.0,0.0,0.0,0.0,0.0,0.0,0.0,0.0,0.0,0.0,0.0,0.0,0.0,0.0,0.0,0.0,0.0,0.0,0.0,0.0,0.0,0.0,0.0,0.0,0.0,0.0,0.0,0.0,0.0,0.0,0.0,0.0,0.0,0.0,0.0,0.0,0.0,0.0,0.0,0.0,0.0,0.0,0.0,0.0,0.0,0.0,0.0,0.0,0.0,0.0,0.0,0.0,0.0,0.0,0.0,0.0,0.0,0.0,0.0,0.0,0.0,0.0,0.0,0.0,0.0,0.0,0.0,0.0,0.0,0.0,0.0,0.0,0.0,0.0,0.0,0.0,0.0,0.0,0.0,0.0,0.0,0.0,0.0,0.0,0.0,0.0,0.0,0.0,0.0,0.0,0.0,0.0,0.0,0.0,0.0,0.0,0.0,0.0,0.0,0.0,0.0,0.0,0.0,0.0,0.0,0.0,0.0,0.0,0.0,0.0,0.0,0.0,0.0,9.232127254429495e-05,0.0,0.0,0.0,0.0,0.0,0.0,0.0,9.232127254429495e-05,0.0,0.0,0.0,0.0,0.0,0.0,0.0,0.0,0.0,0.0,0.0,0.0,0.00010231126099125225,0.00010231126099125225,0.00010231126099125225,0.0001946325335355472,0.00010231126099125225,0.00010231126099125225,0.00023872627564625528,0.000213923545708982,0.0,0.0,0.0,9.232127254429495e-05,0.0,0.00011161228471772973,0.0,0.0,0.0,0.0,0.0,9.232127254429495e-05,0.0,0.00011161228471772973,0.0,0.0,0.0,0.0,0.0,0.00020048873365962564,0.0,0.0,0.0,0.0,0.0,0.0,0.0,0.0,0.0,0.0,0.0,0.0,0.0,0.0,0.0,0.0,0.0,0.0,0.0,0.0,8.184900879300182e-05,0.0,0.0,0.0001187775178107198,0.0,0.0,5.4566005862001205e-05,0.0,0.0,0.0,0.0,0.00014854079373544774,0.0,0.0,0.0,0.0,0.9193092514472246,0.9193092514472246,0.9193092514472246,-0.8989988568041067,0.9193092514472246,0.9193092514472246,0.9193092514472246,0.9193092514472246,0.0,0.0,0.0,0.0,0.0,0.0,0.0,0.0,0.0,0.0,0.0,0.0,0.0,0.0,0.0,0.0
x_R31_EXIT_H,0.0,0.0,0.0,0.0,0.0,0.0,0.0,0.0,0.0,0.0,0.0,0.0,0.0,0.0,0.0,0.0,0.0,0.0,0.0,0.0,0.0,0.0,0.0,0.0,0.0,0.0,0.0,0.0,0.0,0.0,0.0,0.0,0.0,0.0,0.0,0.0,0.0,0.0,0.0,0.0,0.0,0.0,0.0,0.0,0.0,0.0,0.0,0.0,0.0,0.0,0.0,0.0,0.0,0.0,0.0,0.0,0.0,0.0,0.0,0.0,0.0,0.0,0.0,0.0,0.0,0.0,0.0,0.0,0.0,0.0,0.0,0.0,0.0,0.0,0.0,0.0,0.0,0.0,0.0,0.0,0.0,0.0,0.0,0.0,0.0,0.0,0.0,0.0,0.0,0.0,0.0,0.0,0.0,0.0,0.0,0.0,0.0,0.0,0.0,0.0,0.0,0.0,0.0,0.0,0.0,0.0,0.0,0.0,0.0,0.0,0.0,0.0,0.0,0.0,0.0,0.0,0.0,0.0,0.0,0.0,0.0,0.0,0.0,0.0,0.0,0.0,0.0,0.0,0.0,0.0,0.0,0.0,0.0,0.0,0.0,0.0,0.0,0.0,0.0,0.0,0.0,0.0,0.0,0.0,0.0,0.0,0.0,0.0,0.0,0.0,0.0,0.0,0.0,0.0,0.0,0.0,0.0,0.0,0.0,0.0,0.0,0.0,0.0,0.0,0.0,0.0,0.0,0.0,0.0,0.0,0.0,0.0,0.0,0.0,0.0,0.0,0.0,0.0,0.0,0.0,0.0,0.0,0.0,0.0,0.0,0.0,0.0,0.0,0.0,0.0,0.0,0.0,0.00010231126099125225,0.00010231126099125225,0.00010231126099125225,0.00010231126099125225,0.00011884641428276778,0.00017671945080307208,0.00017671945080307208,0.00010231126099125225,0.0,0.0,0.0,0.0,0.0,0.0,0.0,0.0,0.0,0.0,0.0,0.0,0.0,0.0,0.0,0.0,0.0,0.0,0.0,0.0,0.0,0.0,0.0,0.0,0.0,0.0,0.0,0.0,0.0,0.0,0.0,0.0,0.0,0.0,0.0,0.0,0.00011822634603433594,0.0,0.0,0.0,0.9193092514472246,0.9193092514472246,0.9193092514472246,0.9193092514472246,-0.9033533848776808,0.9193092514472246,0.9193092514472246,0.9193092514472246,0.0,0.0,0.0,0.0,9.948650563728502e-05,0.0,0.0,0.0,0.0,0.0,0.0,0.0,8.8463070109608e-05,0.0,0.0,0.0
x_R31_EXIT_A,0.0,0.0,0.0,0.0,0.0,0.00019966197599504987,0.0,0.0,0.0,0.0,0.0,0.0,0.0,0.0,0.0,0.0,0.0,0.0,0.0,0.0,0.0,8.40536958985372e-05,0.0,0.0,0.0,0.0,0.0,0.0,0.0,8.40536958985372e-05,0.0,0.0,0.0,0.0,0.0,0.0,0.0,0.000420268479492686,0.0,0.0,0.0,0.0,0.0,0.0,0.0,0.0,0.0,0.0,0.0,0.0,0.0,0.0,0.0,0.0,0.0,0.0,0.0,0.0,0.0,0.0,0.0,8.40536958985372e-05,0.0,0.0,0.0,0.0,0.0,0.0,0.0,8.40536958985372e-05,0.0,0.0,0.0,0.0,0.0,0.0,0.0,8.40536958985372e-05,0.0,0.0,0.0,0.0,0.0,0.0,0.0,0.0,0.0,0.0,0.0,0.0,0.0,0.0,0.0,0.0,0.0,0.0,0.0,0.0,0.0,0.0,0.0,0.0,0.0,0.0,0.0,0.0,0.0,0.0,0.0,0.0,0.0,0.0,0.0,0.0,0.0,0.0,0.0,8.40536958985372e-05,0.0,0.0,0.0,0.0,0.0,0.0,0.0,8.40536958985372e-05,0.0,0.0,0.0,0.0,0.0,0.0,0.0,8.40536958985372e-05,0.0,0.0,0.0,0.0,0.0,0.0,0.0,8.40536958985372e-05,0.0,0.0,0.0,0.0,0.0,0.0,0.0,6.30402719239029e-05,0.0,0.0,0.0,0.0,0.0,0.0,0.0,0.000210134239746343,0.0,0.0,0.0,0.0,0.0,0.0,0.0,0.000210134239746343,0.0,0.0,0.0,0.0,0.0,0.0,0.0,0.0,5.952655184945585e-05,5.208573286827386e-05,0.0,0.0,0.0,0.0,0.0,0.00017293014484043312,0.00013641501465500301,0.00011161228471772973,0.0,0.0,0.0,0.0,0.0,0.0002845424295581628,0.0,0.0,0.0,0.0,0.0,0.0,0.0,0.0002845424295581628,0.0,0.0,0.0,0.0,0.0,0.0,0.0,0.0001260805438478058,0.0,0.0,0.0,0.0,0.0,0.0,0.0,0.0,0.0,0.0,0.0,0.0,0.0,0.0,0.0,0.0,6.014662009788769e-05,5.518607411043303e-05,0.0,0.0,0.0,0.0,0.0,0.0,5.4566005862001205e-05,0.0,0.0,0.0,0.0,0.0,0.0,9.893533386090117e-05,0.0,0.0,0.9193092514472246,0.9193092514472246,0.9193092514472246,0.9193092514472246,0.9193092514472246,-0.9019050906885183,0.9193092514472246,0.9193092514472246,0.0,0.0,0.0,0.0,0.0,0.00011381697182326513,0.0,0.0,0.0,0.0,0.0,0.0,0.0,0.00011381697182326513,0.0,0.0
x_R31_EXIT_F,0.0,0.0,0.0,0.0,0.0,0.0,0.0,0.0,0.0,0.0,0.0,0.0,0.0,0.0,0.0,0.0,0.0,0.0,0.0,0.0,0.0,0.0,0.0,0.0,0.0,0.0,0.0,0.0,0.0,0.0,0.0,0.0,0.0,0.0,0.0,0.0,0.0,0.0,0.0,0.0,0.0,0.0,0.0,0.0,0.0,0.0,0.0,0.0,0.0,0.0,0.0,0.0,0.0,0.0,0.0,0.0,0.0,0.0,0.0,0.0,0.0,0.0,0.0,0.0,0.0,0.0,0.0,0.0,0.0,0.0,0.0,0.0,0.0,0.0,0.0,0.0,0.0,0.0,0.0,0.0,0.0,0.0,0.0,0.0,0.0,0.0,0.0,0.0,0.0,0.0,0.0,0.0,0.0,0.0,0.0,0.0,0.0,0.0,0.0,0.0,0.0,0.0,0.0,0.0,0.0,0.0,0.0,0.0,0.0,0.0,0.0,0.0,0.0,0.0,0.0,0.0,0.0,0.0,0.0,0.0,0.0,0.0,0.0,0.0,0.0,0.0,0.0,0.0,0.0,0.0,0.0,0.0,0.0,0.0,0.0,0.0,0.0,0.0,0.0,0.0,0.0,0.0,0.0,0.0,0.0,0.0,0.0,0.0,0.0,0.0,0.0,0.0,0.0,0.0,0.0,0.0,0.0,0.0,0.0,0.0,0.0,0.0,0.0,0.0,0.0,0.0,0.0,0.0,0.0,0.0,0.0,0.0,0.0,0.0,0.0,0.0,0.0,0.0,0.0,0.0,0.0,0.0,0.0,0.0,0.0,0.0,0.0,0.0,0.0,0.0,0.0,0.0,0.0,0.0,0.0,0.0,0.0,0.0,0.0,0.0,0.0,0.0,0.0,0.0,0.0,0.0,0.0,0.0,0.0,0.0,0.0,0.0,0.0,0.0,0.0,0.0,0.0,0.0,0.0,0.0,0.0,0.0,0.0,0.0,0.0,0.0,0.0,0.0,0.0,0.0,0.0,0.0,0.0,0.0,0.0,0.0,0.0,0.0,0.0,0.0,0.9193092514472246,0.9193092514472246,0.9193092514472246,0.9193092514472246,0.9193092514472246,0.9193092514472246,-0.9156799383635486,0.9193092514472246,0.0,0.0,0.0,0.0,0.0,0.0,0.0,0.0,0.0,0.0,0.0,0.0,0.0,0.0,0.0,0.0
x_R31_EXIT_B,0.0,0.0,0.0,0.0,0.0,0.0,0.0,0.0005667423790666943,0.0,0.0,0.0,0.0,0.0,0.0,0.0,0.00012594275090370985,0.0,0.0,0.0,0.0,0.0,0.0,0.0,0.00012594275090370985,0.0,0.0,0.0,0.0,0.0,0.0,0.0,0.00012594275090370985,0.0,0.0,0.0,0.0,0.0,0.0,0.0,0.0006297137545185493,0.0,0.0,0.0,0.0,0.0,0.0,0.0,9.445706317778236e-05,0.0,0.0,0.0,0.0,0.0,0.0,0.0,0.00012594275090370985,0.0,0.0,0.0,0.0,0.0,0.0,0.0,0.00012594275090370985,0.0,0.0,0.0,0.0,0.0,0.0,0.0,0.00012594275090370985,0.0,0.0,0.0,0.0,0.0,0.0,0.0,0.00012594275090370985,0.0,0.0,0.0,0.0,0.0,0.0,0.0,0.00012594275090370985,0.0,0.0,0.0,0.0,0.0,0.0,0.0,0.00012594275090370985,0.0,0.0,0.0,0.0,0.0,0.0,0.0,0.00012594275090370985,0.0,0.0,0.0,0.0,0.0,0.0,0.0,0.00012594275090370985,0.0,0.0,0.0,0.0,0.0,0.0,0.0,0.00012594275090370985,0.0,0.0,0.0,0.0,0.0,0.0,0.0,0.00012594275090370985,0.0,0.0,0.0,0.0,0.0,0.0,0.0,0.00012594275090370985,0.0,0.0,0.0,0.0,0.0,0.0,0.0,0.00012594275090370985,0.0,0.0,0.0,0.0,0.0,0.0,0.0,9.445706317778236e-05,0.0,0.0,0.0,0.0,0.0,0.0,0.0,0.00033139203055079016,0.0,0.0,0.0,0.0,0.0,0.0,0.0,0.00033139203055079016,0.0,0.0,0.0,0.0,0.0,0.0,0.0,0.00010851194347557056,0.0,0.0,0.0,0.0,0.0,0.0,0.0,0.0003617064782519019,0.0,0.0,0.0,0.0,0.0,0.0,0.0,0.00031485687725927463,0.0,0.0,0.0,0.0,0.0,0.0,0.0,0.0,0.0,0.0,0.0,0.0,0.0,0.0,0.0,0.00019883521833047402,0.0,0.0,0.0,0.0,0.0,0.0,0.0,0.0,0.0,0.0,0.0,0.0,0.0,0.0,0.0,7.234129565038039e-05,0.0,0.0,0.0,0.0,0.0,0.0,0.0,0.00014468259130076078,0.0,0.0,0.0,0.0,0.0,0.0,0.0,0.00014468259130076078,0.9193092514472246,0.9193092514472246,0.9193092514472246,0.9193092514472246,0.9193092514472246,0.9193092514472246,0.9193092514472246,-0.9062406033358071,0.0,0.0,0.0,0.0,0.0,5.966434479355182e-05,5.966434479355182e-05,8.501824650720895e-05,0.0,0.0,0.0,0.0,0.0,0.0,0.0,0.0
x_R32_EXIT_C,7.936873579927447e-05,0.0010913201172400243,0.0010913201172400243,0.0014484794283367594,0.002410825349902962,0.0014484794283367594,0.001537769256110943,0.0031474664290399783,0.0,0.00024251558160889424,0.00024251558160889424,0.0003218843174081687,0.0005357389666451027,0.0003218843174081687,0.0003417265013579873,0.0006994369842311063,0.00026015307845317744,0.0,0.0,0.0,0.0,0.0,0.0,0.00019897301127457006,0.00026015307845317744,0.0,0.0,0.0,0.0,0.0,0.0,0.00019897301127457006,0.001300765392265887,0.0,0.0,9.92109197490931e-05,0.00017637496844283214,0.0,0.0,0.0009948650563728501,5.6219521191152754e-05,0.00010251795040739618,0.00010251795040739618,0.00016204450225685204,0.00032243548918455255,0.00016204450225685204,0.000176926140219216,0.0004452090023740553,0.0,0.0001851937168649738,0.0001851937168649738,0.0002645624526642483,0.0004784171019011823,0.0002645624526642483,0.0002844046366140669,0.000642115119487186,0.00026015307845317744,0.0,0.0,0.0,0.0,0.0,0.0,0.00019897301127457006,0.00026015307845317744,0.0,0.0,0.0,0.0,0.0,0.0,0.00019897301127457006,0.00026015307845317744,0.0,0.0,0.0,0.0,0.0,0.0,0.00019897301127457006,0.00012346247790998252,0.00013669060054319492,0.00013669060054319492,0.0002160593363424694,0.00042991398557940344,0.0002160593363424694,0.00023590152029228804,0.000593612003165407,0.00012346247790998252,0.00013669060054319492,0.00013669060054319492,0.0002160593363424694,0.00042991398557940344,0.0002160593363424694,0.00023590152029228804,0.000593612003165407,0.00017196559423176134,8.818748422141608e-05,8.818748422141608e-05,0.00016755622002069057,0.00038141086925762464,0.00016755622002069057,0.0001873984039705092,0.0005451088868436283,0.00022046871055354022,0.0,0.0,0.00011905310369891172,0.00033290775293584574,0.00011905310369891172,0.00013889528764873035,0.0004966057705218493,0.00026015307845317744,0.0,0.0,0.0,0.0,0.0,0.0,0.00019897301127457006,0.00026015307845317744,0.0,0.0,0.0,0.0,0.0,0.0,0.00019897301127457006,0.00026015307845317744,0.0,0.0,0.0,0.0,0.0,0.0,0.00019897301127457006,0.00026015307845317744,0.0,0.0,0.0,0.0,0.0,0.0,0.00019897301127457006,0.00019511480883988307,0.0,0.0,0.0,0.0,0.0,0.0,0.00014922975845592753,0.0008984099955056761,0.0,0.0003968436789963724,0.0,0.00048503116321778843,0.0,0.0,0.000563573141352487,0.0008984099955056761,0.0,0.00015432809738747814,0.0,6.614061316606206e-05,0.0,0.0,0.000563573141352487,0.0002546413606893389,0.0,0.00013393474166127568,0.0,0.00016039098692770048,0.0,0.0,0.0001426156971393213,0.0008488045356311297,0.0,0.0004464491388709189,0.0,0.0005346366230923349,0.0,0.0,0.00047538565713107106,0.0013834411587234647,0.00048503116321778843,8.818748422141607e-05,0.0005346366230923349,0.0,6.614061316606205e-05,6.614061316606205e-05,0.000409245043965009,0.0013834411587234647,0.00048503116321778843,8.818748422141607e-05,0.0005346366230923349,0.0,6.614061316606205e-05,6.614061316606205e-05,0.0,0.0005390459973034058,0.0,0.0002381062073978234,0.0,0.0,0.0,0.0,0.00029845951691185506,8.984099955056763e-05,0.0,0.0,0.0,0.0,0.0,0.0,0.0,0.00016976090712622597,0.0,7.936873579927449e-05,0.0,9.70062326435577e-05,0.0,0.0,9.507713142621422e-05,0.00033952181425245194,0.0,0.00015873747159854897,0.0,0.0001940124652871154,0.0,0.0,0.00019015426285242843,0.00035936399820227054,0.0,0.00015873747159854897,0.0,0.0,0.0,0.0,0.00019015426285242843,0.0001537769256110943,6.393592606052667e-05,0.0,0.0,0.0,0.0,0.0,0.0,-0.8877570189628466,0.9197551494143191,0.9195964119427207,0.919774991598269,0.9194729494648106,0.919499405710077,0.919499405710077,0.9193092514472246,0.000641563947710802,0.0002821999495085315,0.0001234624779099825,0.00030204213345835014,0.0,0.0,0.0,0.0
x_R32_EXIT_D,0.0,0.0004563702308458282,0.0,0.0,0.0008730560937920193,0.0,0.0,0.0016096971729290355,0.0,0.0001014156068546285,0.0,0.0,0.0001940124652871154,0.0,0.0,0.00035771048287311906,0.0,0.0001014156068546285,0.0,7.936873579927449e-05,0.0,7.936873579927449e-05,7.936873579927449e-05,0.00019897301127457006,0.0,0.0001014156068546285,0.0,7.936873579927449e-05,0.0,7.936873579927449e-05,7.936873579927449e-05,0.00019897301127457006,0.0001873984039705092,0.0,0.0001873984039705092,0.0005842420829668814,0.00036377337241334134,0.0005842420829668814,0.0005842420829668814,0.0011822634603433594,0.0,7.606170514097137e-05,0.0,0.0,0.00014550934896533652,0.0,0.0,0.00026828286215483917,0.0,0.0001014156068546285,0.0,0.0,0.0001940124652871154,0.0,0.0,0.00035771048287311906,0.0,0.0001014156068546285,0.0,7.936873579927449e-05,0.0,7.936873579927449e-05,7.936873579927449e-05,0.00019897301127457006,0.0,0.0001014156068546285,0.0,7.936873579927449e-05,0.0,7.936873579927449e-05,7.936873579927449e-05,0.00019897301127457006,0.0,0.0001014156068546285,0.0,7.936873579927449e-05,0.0,7.936873579927449e-05,7.936873579927449e-05,0.00019897301127457006,0.0,0.0001014156068546285,0.0,0.0,0.0001940124652871154,0.0,0.0,0.00035771048287311906,0.0,0.0001014156068546285,0.0,0.0,0.0001940124652871154,0.0,0.0,0.00035771048287311906,0.0,0.0001014156068546285,0.0,0.0,0.0001940124652871154,0.0,0.0,0.00035771048287311906,0.0,0.0001014156068546285,0.0,0.0,0.0001940124652871154,0.0,0.0,0.00035771048287311906,0.0,0.0001014156068546285,0.0,7.936873579927449e-05,0.0,7.936873579927449e-05,7.936873579927449e-05,0.00019897301127457006,0.0,0.0001014156068546285,0.0,7.936873579927449e-05,0.0,7.936873579927449e-05,7.936873579927449e-05,0.00019897301127457006,0.0,0.0001014156068546285,0.0,7.936873579927449e-05,0.0,7.936873579927449e-05,7.936873579927449e-05,0.00019897301127457006,0.0,0.0001014156068546285,0.0,7.936873579927449e-05,0.0,7.936873579927449e-05,7.936873579927449e-05,0.00019897301127457006,0.0,7.606170514097137e-05,0.0,5.952655184945585e-05,0.0,5.952655184945585e-05,5.952655184945585e-05,0.00014922975845592753,0.0,0.0004519608566347572,0.0003968436789963724,0.0,0.00048503116321778843,0.0,0.0,0.000563573141352487,0.0,0.0004519608566347572,0.00015432809738747814,0.0,6.614061316606206e-05,0.0,0.0,0.000563573141352487,0.0,0.00013558825699042722,0.0001190531036989117,0.0,0.00014550934896533652,0.0,0.0,0.0001426156971393213,0.0,0.0004519608566347572,0.0003968436789963724,0.0,0.00048503116321778843,0.0,0.0,0.00047538565713107106,0.00048503116321778843,0.0009369920198525459,8.818748422141607e-05,0.00048503116321778843,0.0,6.614061316606205e-05,6.614061316606205e-05,0.000409245043965009,0.00048503116321778843,0.0009369920198525459,8.818748422141607e-05,0.00048503116321778843,0.0,6.614061316606205e-05,6.614061316606205e-05,0.0,0.0,0.00027117651398085444,0.0002381062073978234,0.0,0.0,0.0,0.0,0.00029845951691185506,0.0,0.0,0.0,0.0,0.0,0.0,0.0,0.0,0.0,9.039217132695148e-05,7.936873579927449e-05,0.0,9.70062326435577e-05,0.0,0.0,9.507713142621422e-05,0.0,0.00018078434265390297,0.00015873747159854897,0.0,0.0001940124652871154,0.0,0.0,0.00019015426285242843,0.0,0.00018078434265390297,0.00015873747159854897,0.0,0.0,0.0,0.0,0.00019015426285242843,6.393592606052667e-05,0.00010913201172400241,0.0,0.0,0.0,0.0,0.0,0.0,0.9197551494143191,-0.8944467217871416,0.9195964119427207,0.9197551494143191,0.9194729494648106,0.919499405710077,0.919499405710077,0.9193092514472246,0.0002821999495085315,0.0004629842921624345,0.0001234624779099825,0.0002821999495085315,0.0,0.0,0.0,0.0
x_R32_EXIT_E,0.0,0.0,0.000674634254293833,0.0,0.00015873747159854894,0.0,0.0,0.0008953785507355652,0.0,0.0,0.00014991872317640732,0.0,0.0,0.0,0.0,0.00019897301127457006,0.00013228122633212412,0.00013228122633212412,0.0,0.00013228122633212412,0.00020283121370925697,0.00013228122633212412,0.00013228122633212412,0.0003665292312952606,0.00013228122633212412,0.00013228122633212412,0.0,0.00013228122633212412,0.00020283121370925697,0.00013228122633212412,0.00013228122633212412,0.0003665292312952606,0.0,0.0,0.0007495936158820367,0.0,0.00035274993688566434,0.0,0.0,0.0011712400248156823,0.0,0.0,0.00011243904238230551,0.0,0.0,0.0,0.0,0.00014922975845592753,0.0,0.0,0.00014991872317640732,0.0,0.0,0.0,0.0,0.00019897301127457006,9.700623264355767e-05,9.700623264355767e-05,5.291249053284965e-05,9.700623264355767e-05,0.00016755622002069054,9.700623264355767e-05,9.700623264355767e-05,0.00033125423760669415,9.700623264355767e-05,9.700623264355767e-05,0.0,9.700623264355767e-05,0.00016755622002069054,9.700623264355767e-05,9.700623264355767e-05,0.00033125423760669415,7.054998737713286e-05,7.054998737713286e-05,0.0,7.054998737713286e-05,0.00014109997475426572,7.054998737713286e-05,7.054998737713286e-05,0.0003047979923402693,0.0,0.0,0.00014991872317640732,0.0,0.0,0.0,0.0,0.00019897301127457006,0.0,0.0,0.00014991872317640732,0.0,0.0,0.0,0.0,0.00019897301127457006,0.0,0.0,0.00014991872317640732,0.0,0.0,0.0,0.0,0.00019897301127457006,0.0,0.0,0.00014991872317640732,0.0,0.0,0.0,0.0,0.00019897301127457006,0.0,0.0,0.00013228122633212412,0.0,8.818748422141608e-05,0.0,0.0,0.0002518855018074197,0.0,0.0,0.0001058249810656993,0.0,0.0001146437294878409,0.0,0.0,0.0002783417470738445,7.054998737713286e-05,7.054998737713286e-05,7.936873579927447e-05,7.054998737713286e-05,0.00014109997475426572,7.054998737713286e-05,7.054998737713286e-05,0.0003047979923402693,7.054998737713286e-05,7.054998737713286e-05,7.936873579927447e-05,7.054998737713286e-05,0.00014109997475426572,7.054998737713286e-05,7.054998737713286e-05,0.0003047979923402693,5.291249053284965e-05,5.291249053284965e-05,5.9526551849455854e-05,5.291249053284965e-05,0.0001058249810656993,5.291249053284965e-05,5.291249053284965e-05,0.00022859849425520197,0.0,0.0,0.00046298429216243443,0.0,8.818748422141607e-05,0.0,0.0,0.000563573141352487,0.0,0.0,0.0006173123895499126,0.0,6.614061316606206e-05,0.0,0.0,0.000563573141352487,0.0,0.0,0.00013889528764873035,0.0,0.0,0.0,0.0,0.0001426156971393213,0.0,0.0,0.00046298429216243443,0.0,8.818748422141607e-05,0.0,0.0,0.00047538565713107106,8.818748422141607e-05,8.818748422141607e-05,0.0005511717763838505,8.818748422141607e-05,0.0,6.614061316606205e-05,6.614061316606205e-05,0.000409245043965009,8.818748422141607e-05,8.818748422141607e-05,0.0005511717763838505,8.818748422141607e-05,0.0,6.614061316606205e-05,6.614061316606205e-05,0.0,0.0,0.0,0.0002777905752974607,0.0,0.0,0.0,0.0,0.00029845951691185506,0.0,0.0,6.834530027159746e-05,0.0,0.0,0.0,0.0,0.0,0.0,0.0,9.259685843248688e-05,0.0,0.0,0.0,0.0,9.507713142621422e-05,0.0,0.0,0.00018519371686497377,0.0,0.0,0.0,0.0,0.00019015426285242843,0.0,0.0,0.00018519371686497377,0.0,0.0,0.0,0.0,0.00019015426285242843,0.0,0.0,7.054998737713286e-05,0.0,0.0,0.0,0.0,0.0,0.9195964119427207,0.9195964119427207,-0.8906220301702951,0.9195964119427207,0.9194729494648106,0.919499405710077,0.919499405710077,0.9193092514472246,0.0001234624779099825,0.0001234624779099825,0.0003086561947749563,0.0001234624779099825,0.0,0.0,0.0,0.0
x_R32_EXIT_G,0.0,0.0,0.0,0.0011111623011898428,0.000962345921566203,0.0008036084499676541,8.928982777418378e-05,0.0016989870007032193,0.0,0.0,0.0,0.00024692495581996504,0.00021385464923693405,0.0001785796555483676,0.0,0.00037755266682293765,0.0,0.0,0.0,0.0002667671397697837,0.0,0.0,0.0,0.00019897301127457006,0.0,0.0,0.0,0.0002667671397697837,0.0,0.0,0.0,0.00019897301127457006,0.0,0.0,0.0,0.001333835698848918,0.00017637496844283214,0.0,0.0,0.0009948650563728501,0.0,0.0,0.0,0.00018519371686497374,0.00016039098692770048,0.00013393474166127568,0.0,0.00028316450011720316,0.0,0.0,0.0,0.00024692495581996504,0.00021385464923693405,0.0001785796555483676,0.0,0.00037755266682293765,0.0,0.0,0.0,0.0002667671397697837,0.0,0.0,0.0,0.00019897301127457006,0.0,0.0,0.0,0.0002667671397697837,0.0,0.0,0.0,0.00019897301127457006,0.0,0.0,0.0,0.0002667671397697837,0.0,0.0,0.0,0.00019897301127457006,0.0,0.0,0.0,0.00024692495581996504,0.00021385464923693405,0.0001785796555483676,0.0,0.00037755266682293765,0.0,0.0,0.0,0.00024692495581996504,0.00021385464923693405,0.0001785796555483676,0.0,0.00037755266682293765,0.0,0.0,0.0,0.00024692495581996504,0.00021385464923693405,0.0001785796555483676,0.0,0.00037755266682293765,0.0,0.0,0.0,0.00024692495581996504,0.00021385464923693405,0.0001785796555483676,0.0,0.00037755266682293765,0.0,0.0,0.0,0.0002667671397697837,0.0,0.0,0.0,0.00019897301127457006,0.0,0.0,0.0,0.0002667671397697837,0.0,0.0,0.0,0.00019897301127457006,0.0,0.0,0.0,0.0002667671397697837,0.0,0.0,0.0,0.00019897301127457006,0.0,0.0,0.0,0.0002667671397697837,0.0,0.0,0.0,0.00019897301127457006,0.0,0.0,0.0,0.00020007535482733773,0.0,0.0,0.0,0.00014922975845592753,0.0,0.0,0.0003968436789963724,0.000666917849424459,0.00048503116321778843,0.0,0.0,0.000563573141352487,0.0,0.0,0.00015432809738747814,0.000666917849424459,6.614061316606206e-05,0.0,0.0,0.000563573141352487,0.00013393474166127568,0.00014881637962363962,0.00026786948332255137,5.125897520369809e-05,0.0002943257285889761,0.0,0.0,0.0001426156971393213,0.0002480272993727327,0.0002976327592472793,0.0006944764382436515,0.0003692850901771798,0.0007826639224650676,0.0,0.0,0.00047538565713107106,0.0005346366230923349,0.00048503116321778843,8.818748422141607e-05,0.0011519490126422475,0.0,6.614061316606205e-05,6.614061316606205e-05,0.000409245043965009,0.0005346366230923349,0.00048503116321778843,8.818748422141607e-05,0.0011519490126422475,0.0,6.614061316606205e-05,6.614061316606205e-05,0.0,0.0,0.0,0.0002381062073978234,0.0002215710541063079,0.0,0.0,0.0,0.00029845951691185506,0.0,0.0,0.0,6.669178494244592e-05,0.0,0.0,0.0,0.0,0.0,0.0,7.936873579927449e-05,0.0,9.70062326435577e-05,0.0,0.0,9.507713142621422e-05,9.921091974909311e-05,0.0,0.00015873747159854897,0.00014771403607087195,0.0001940124652871154,0.0,0.0,0.00019015426285242843,0.0,0.0,0.00015873747159854897,0.00014771403607087195,0.0,0.0,0.0,0.00019015426285242843,6.889647204798132e-05,6.393592606052667e-05,0.0,0.0,0.0,0.0,0.0,0.0,0.919774991598269,0.9197551494143191,0.9195964119427207,-0.8950841971198864,0.9194729494648106,0.919499405710077,0.919499405710077,0.9193092514472246,0.00030204213345835014,0.0002821999495085315,0.0001234624779099825,0.0005489670892783151,0.0,0.0,0.0,0.0
x_R32_EXIT_H,0.0,0.0,0.0,0.0,0.0001190531036989117,0.0,0.0,0.0007366410791370162,0.0,0.0,0.0,0.0,0.0,0.0,0.0,0.00016369801758600363,0.0,0.0,0.0,0.0,0.0,0.0,0.0,0.00016369801758600363,0.0,0.0,0.0,0.0,0.0,0.0,0.0,0.00016369801758600363,0.0,0.0,0.0,0.0,0.0001322812263321241,0.0,0.0,0.000818490087930018,0.0,0.0,0.0,0.0,0.0,0.0,0.0,0.0001227735131895027,0.0,0.0,0.0,0.0,0.0,0.0,0.0,0.00016369801758600363,0.0,0.0,0.0,0.0,0.0,0.0,0.0,0.00016369801758600363,0.0,0.0,0.0,0.0,0.0,0.0,0.0,0.00016369801758600363,0.0,0.0,0.0,0.0,0.0,0.0,0.0,0.00016369801758600363,0.0,0.0,0.0,0.0,0.0,0.0,0.0,0.00016369801758600363,0.0,0.0,0.0,0.0,0.0,0.0,0.0,0.00016369801758600363,0.0,0.0,0.0,0.0,0.0,0.0,0.0,0.00016369801758600363,0.0,0.0,0.0,0.0,0.0,0.0,0.0,0.00016369801758600363,0.0,0.0,0.0,0.0,0.0,0.0,0.0,0.00016369801758600363,0.0,0.0,0.0,0.0,0.0,0.0,0.0,0.00016369801758600363,0.0,0.0,0.0,0.0,0.0,0.0,0.0,0.00016369801758600363,0.0,0.0,0.0,0.0,0.0,0.0,0.0,0.00016369801758600363,0.0,0.0,0.0,0.0,0.0,0.0,0.0,0.0001227735131895027,0.0,0.0,0.0,0.0,6.614061316606205e-05,0.0,0.0,0.000409245043965009,0.0,0.0,0.0,0.0,6.614061316606205e-05,0.0,0.0,0.000409245043965009,0.0,0.0,0.0,0.0,0.0,0.0,0.0,0.0001227735131895027,0.0,0.0,0.0,0.0,6.614061316606205e-05,0.0,0.0,0.000409245043965009,0.0,0.0,0.0,0.0,6.614061316606205e-05,0.0,0.0,0.000409245043965009,0.000409245043965009,0.000409245043965009,0.000409245043965009,0.000409245043965009,0.0004753856571310711,0.0005194793992417791,0.0005194793992417791,0.000409245043965009,0.0,0.0,0.0,0.0,0.0,0.0,0.0,0.0002455470263790054,0.0,0.0,0.0,0.0,0.0,0.0,0.0,0.0,0.0,0.0,0.0,0.0,0.0,0.0,0.0,8.184900879300182e-05,0.0,0.0,0.0,0.0,0.0,0.0,0.0,0.00016369801758600363,0.0,0.0,0.0,0.0,0.00039794602254914006,0.0,0.0,0.00016369801758600363,0.0,0.0,0.0,0.0,9.948650563728502e-05,0.0,0.0,0.0,0.9194729494648106,0.9194729494648106,0.9194729494648106,0.9194729494648106,-0.906448819199457,0.9194729494648106,0.9194729494648106,0.9193092514472246,0.0,0.0,0.0,0.0,0.000353852280438432,0.0,0.0,0.0
x_R32_EXIT_A,0.0,0.0,0.0,0.0,0.0,0.0007986479039801995,0.0,0.0007366410791370162,0.0,0.0,0.0,0.0,0.0,0.0001774773119955999,0.0,0.00016369801758600363,0.0,0.0,0.0,0.0,0.0,0.0003362147835941488,0.0,0.00016369801758600363,0.0,0.0,0.0,0.0,0.0,0.0003362147835941488,0.0,0.00016369801758600363,0.0,0.0,0.0,0.0,0.0,0.001681073917970744,0.0,0.000818490087930018,0.0,0.0,0.0,0.0,0.0,0.0001331079839966999,0.0,0.0001227735131895027,0.0,0.0,0.0,0.0,0.0,0.0001774773119955999,0.0,0.00016369801758600363,0.0,0.0,0.0,0.0,0.0,0.0003362147835941488,0.0,0.00016369801758600363,0.0,0.0,0.0,0.0,0.0,0.0003362147835941488,0.0,0.00016369801758600363,0.0,0.0,0.0,0.0,0.0,0.0003362147835941488,0.0,0.00016369801758600363,0.0,0.0,0.0,0.0,0.0,0.0001774773119955999,0.0,0.00016369801758600363,0.0,0.0,0.0,0.0,0.0,0.0001774773119955999,0.0,0.00016369801758600363,0.0,0.0,0.0,0.0,0.0,0.0001774773119955999,0.0,0.00016369801758600363,0.0,0.0,0.0,0.0,0.0,0.0001774773119955999,0.0,0.00016369801758600363,0.0,0.0,0.0,0.0,0.0,0.0003362147835941488,0.0,0.00016369801758600363,0.0,0.0,0.0,0.0,0.0,0.0003362147835941488,0.0,0.00016369801758600363,0.0,0.0,0.0,0.0,0.0,0.0003362147835941488,0.0,0.00016369801758600363,0.0,0.0,0.0,0.0,0.0,0.0003362147835941488,0.0,0.00016369801758600363,0.0,0.0,0.0,0.0,0.0,0.0002521610876956116,0.0,0.0001227735131895027,0.0,0.0,0.0,0.0,0.0,0.000840536958985372,0.0,0.00047538565713107106,0.0,0.0,0.0,0.0,0.0,0.000840536958985372,0.0,0.00047538565713107106,0.0,0.0,0.0,0.0,0.0,0.0001331079839966999,0.00020834293147309544,0.00043198087974084283,0.0,0.0,0.0,0.0,0.0,0.0006917205793617325,0.0004464491388709189,0.0011919089664300766,0.0,0.0,0.0,0.0,0.0,0.0014743845018268002,0.0003362147835941488,0.000409245043965009,0.0,0.0,0.0,0.0,0.0,0.0014743845018268002,0.0003362147835941488,0.0,0.0,0.0,0.0,8.928982777418377e-05,0.0,0.0005043221753912232,0.0,0.0002852313942786426,0.0,0.0,0.0,0.0,0.0,8.40536958985372e-05,0.0,0.0,0.00013145446866754835,0.00016121774459227628,0.00016121774459227628,8.184900879300182e-05,0.00016121774459227628,0.0,0.00022074429644173212,0.0003698362619535637,0.0,5.952655184945586e-05,5.952655184945586e-05,0.0,5.952655184945586e-05,0.0,0.0001785796555483676,0.00047676358657203075,5.952655184945586e-05,5.952655184945586e-05,5.952655184945586e-05,0.00011905310369891172,0.00013448591343765952,0.00039574133544360466,0.0,0.00029818393102366315,0.0,0.0,0.0,0.0,0.0,0.00011381697182326513,0.0,5.966434479355182e-05,0.919499405710077,0.919499405710077,0.919499405710077,0.919499405710077,0.9194729494648106,-0.8964903266681555,0.9196074353782483,0.9193092514472246,0.0,0.0,0.0,0.0,0.0,0.0005897538007307202,0.00013448591343765952,0.0
x_R32_EXIT_F,0.0,0.0,0.0,0.0,0.0,0.0,0.00030755385122218856,0.0007366410791370162,0.0,0.0,0.0,0.0,0.0,0.0,6.834530027159747e-05,0.00016369801758600363,0.0,0.0,0.0,0.0,0.0,0.0,6.834530027159747e-05,0.00016369801758600363,0.0,0.0,0.0,0.0,0.0,0.0,6.834530027159747e-05,0.00016369801758600363,0.0,0.0,0.0,0.0,0.0,0.0,0.00034172650135798734,0.000818490087930018,0.0,0.0,0.0,0.0,0.0,0.0,5.125897520369809e-05,0.0001227735131895027,0.0,0.0,0.0,0.0,0.0,0.0,6.834530027159747e-05,0.00016369801758600363,0.0,0.0,0.0,0.0,0.0,0.0,6.834530027159747e-05,0.00016369801758600363,0.0,0.0,0.0,0.0,0.0,0.0,6.834530027159747e-05,0.00016369801758600363,0.0,0.0,0.0,0.0,0.0,0.0,6.834530027159747e-05,0.00016369801758600363,0.0,0.0,0.0,0.0,0.0,0.0,6.834530027159747e-05,0.00016369801758600363,0.0,0.0,0.0,0.0,0.0,0.0,6.834530027159747e-05,0.00016369801758600363,0.0,0.0,0.0,0.0,0.0,0.0,6.834530027159747e-05,0.00016369801758600363,0.0,0.0,0.0,0.0,0.0,0.0,6.834530027159747e-05,0.00016369801758600363,0.0,0.0,0.0,0.0,0.0,0.0,6.834530027159747e-05,0.00016369801758600363,0.0,0.0,0.0,0.0,0.0,0.0,6.834530027159747e-05,0.00016369801758600363,0.0,0.0,0.0,0.0,0.0,0.0,6.834530027159747e-05,0.00016369801758600363,0.0,0.0,0.0,0.0,0.0,0.0,6.834530027159747e-05,0.00016369801758600363,0.0,0.0,0.0,0.0,0.0,0.0,5.125897520369809e-05,0.0001227735131895027,0.0,0.0,0.0,0.0,0.0,0.0,0.00017086325067899367,0.00047538565713107106,0.0,0.0,0.0,0.0,0.0,0.0,0.00017086325067899367,0.00047538565713107106,0.0,0.0,0.0,0.0,0.0,0.0,5.125897520369809e-05,0.0002236379482677473,0.0,0.0,0.0,0.0,0.0,0.0,0.00017086325067899367,0.0007454598275591578,0.0,0.0,0.0,0.0,0.0,0.0003362147835941488,0.0005070780342731424,0.000409245043965009,0.0,0.0,0.0,0.0,0.0,0.0003362147835941488,0.0005070780342731424,0.0,0.0,0.0,0.0,0.0,0.0,0.0,0.00010251795040739618,0.0002852313942786426,0.0,0.0,0.0,0.0,0.0,0.0,0.0,0.0,0.0,0.0,0.0,0.0,0.0,0.0,0.0,0.00014909196551183158,0.0,0.0,0.0,0.0,0.0,0.0,6.834530027159747e-05,0.00029818393102366315,0.0,0.0,0.0,0.0,0.00017417028133729677,0.0,0.0,0.0003378682989233004,0.0,0.0,0.0,0.0,0.0,0.0,0.0,5.966434479355182e-05,0.919499405710077,0.919499405710077,0.919499405710077,0.919499405710077,0.9194729494648106,0.9196074353782483,-0.907729121203088,0.9193092514472246,0.0,0.0,0.0,0.0,0.0,0.00013448591343765952,0.000202831213709257,0.0
x_R32_EXIT_B,0.0,0.0,0.0,0.0,0.0,0.0,0.0,0.001530328437129761,0.0,0.0,0.0,0.0,0.0,0.0,0.0,0.0003400729860288358,0.0,0.0,0.0,0.0,0.0,0.0,0.0,0.0003400729860288358,0.0,0.0,0.0,0.0,0.0,0.0,0.0,0.0003400729860288358,0.0,0.0,0.0,0.0,0.0,0.0,0.0,0.001700364930144179,0.0,0.0,0.0,0.0,0.0,0.0,0.0,0.0002550547395216268,0.0,0.0,0.0,0.0,0.0,0.0,0.0,0.0003400729860288358,0.0,0.0,0.0,0.0,0.0,0.0,0.0,0.0003400729860288358,0.0,0.0,0.0,0.0,0.0,0.0,0.0,0.0003400729860288358,0.0,0.0,0.0,0.0,0.0,0.0,0.0,0.0003400729860288358,0.0,0.0,0.0,0.0,0.0,0.0,0.0,0.0003400729860288358,0.0,0.0,0.0,0.0,0.0,0.0,0.0,0.0003400729860288358,0.0,0.0,0.0,0.0,0.0,0.0,0.0,0.0003400729860288358,0.0,0.0,0.0,0.0,0.0,0.0,0.0,0.0003400729860288358,0.0,0.0,0.0,0.0,0.0,0.0,0.0,0.0003400729860288358,0.0,0.0,0.0,0.0,0.0,0.0,0.0,0.0003400729860288358,0.0,0.0,0.0,0.0,0.0,0.0,0.0,0.0003400729860288358,0.0,0.0,0.0,0.0,0.0,0.0,0.0,0.0003400729860288358,0.0,0.0,0.0,0.0,0.0,0.0,0.0,0.0002550547395216268,0.0,0.0,0.0,0.0,0.0,0.0,0.0,0.0008501824650720895,0.0,0.0,0.0,0.0,0.0,0.0,0.0,0.0008501824650720895,0.0,0.0,0.0,0.0,0.0,0.0,0.0,0.0002550547395216268,0.0,0.0,0.0,0.0,0.0,0.0,0.0,0.0008501824650720895,0.0,0.0,0.0,0.0,0.0,0.0,0.0,0.0008501824650720895,0.0,0.0,0.0,0.0,0.0,0.0,0.0,0.0,0.0,0.0,0.0,0.0,0.0,0.0,0.0,0.0005101094790432537,0.0,0.0,0.0,0.0,0.0,0.0,0.0,8.501824650720895e-05,0.0,0.0,0.0,0.0,0.0,0.0,0.0,0.0001700364930144179,0.0,0.0,0.0,0.0,0.0,0.0,0.0,0.0003400729860288358,0.0,0.0,0.0,0.0,0.0,0.0,0.0,0.0003400729860288358,0.0,0.0,0.0,0.0,0.0,0.0,0.0,8.501824650720895e-05,0.9193092514472246,0.9193092514472246,0.9193092514472246,0.9193092514472246,0.9193092514472246,0.9193092514472246,0.9193092514472246,-0.9139049715521707,0.0,0.0,0.0,0.0,0.0,0.0,0.0,0.0
x_R33_EXIT_C,7.936873579927447e-05,0.0010913201172400243,0.0010913201172400243,0.0014484794283367594,0.002410825349902962,0.0014484794283367594,0.001537769256110943,0.002410825349902962,0.0,0.00024251558160889424,0.00024251558160889424,0.0003218843174081687,0.0005357389666451027,0.0003218843174081687,0.0003417265013579873,0.0005357389666451027,0.00026015307845317744,0.0,0.0,0.0,0.0,0.0,0.0,0.0,0.00026015307845317744,0.0,0.0,0.0,0.0,0.0,0.0,0.0,0.001300765392265887,0.0,0.0,9.92109197490931e-05,0.00017637496844283214,0.0,0.0,0.00017637496844283214,5.6219521191152754e-05,0.00010251795040739618,0.00010251795040739618,0.00016204450225685204,0.00032243548918455255,0.00016204450225685204,0.000176926140219216,0.00032243548918455255,0.0,0.0001851937168649738,0.0001851937168649738,0.0002645624526642483,0.0004784171019011823,0.0002645624526642483,0.0002844046366140669,0.0004784171019011823,0.00026015307845317744,0.0,0.0,0.0,0.0,0.0,0.0,0.0,0.00026015307845317744,0.0,0.0,0.0,0.0,0.0,0.0,0.0,0.00026015307845317744,0.0,0.0,0.0,0.0,0.0,0.0,0.0,0.00012346247790998252,0.00013669060054319492,0.00013669060054319492,0.0002160593363424694,0.00042991398557940344,0.0002160593363424694,0.00023590152029228804,0.00042991398557940344,0.00012346247790998252,0.00013669060054319492,0.00013669060054319492,0.0002160593363424694,0.00042991398557940344,0.0002160593363424694,0.00023590152029228804,0.00042991398557940344,0.00017196559423176134,8.818748422141608e-05,8.818748422141608e-05,0.00016755622002069057,0.00038141086925762464,0.00016755622002069057,0.0001873984039705092,0.00038141086925762464,0.00022046871055354022,0.0,0.0,0.00011905310369891172,0.00033290775293584574,0.00011905310369891172,0.00013889528764873035,0.00033290775293584574,0.00026015307845317744,0.0,0.0,0.0,0.0,0.0,0.0,0.0,0.00026015307845317744,0.0,0.0,0.0,0.0,0.0,0.0,0.0,0.00026015307845317744,0.0,0.0,0.0,0.0,0.0,0.0,0.0,0.00026015307845317744,0.0,0.0,0.0,0.0,0.0,0.0,0.0,0.00019511480883988307,0.0,0.0,0.0,0.0,0.0,0.0,0.0,0.0008984099955056761,0.0,0.0003968436789963724,0.0,0.00048503116321778843,0.0,0.0,0.00015432809738747814,0.0008984099955056761,0.0,0.00015432809738747814,0.0,6.614061316606206e-05,0.0,0.0,0.00015432809738747814,0.0002546413606893389,0.0,0.00013393474166127568,0.0,0.00016039098692770048,0.0,0.0,0.0,0.0008488045356311297,0.0,0.0004464491388709189,0.0,0.0005346366230923349,0.0,0.0,6.614061316606205e-05,0.0013834411587234647,0.00048503116321778843,8.818748422141607e-05,0.0005346366230923349,0.0,6.614061316606205e-05,6.614061316606205e-05,0.0,0.0013834411587234647,0.00048503116321778843,8.818748422141607e-05,0.0005346366230923349,0.0,0.00017637496844283214,0.00017637496844283214,0.0003968436789963724,0.0005390459973034058,0.0,0.0002381062073978234,0.0,0.0,0.0,0.0,5.291249053284965e-05,8.984099955056763e-05,0.0,0.0,0.0,0.0,0.0,0.0,0.0,0.00016976090712622597,0.0,7.936873579927449e-05,0.0,9.70062326435577e-05,0.0,0.0,0.0,0.00033952181425245194,0.0,0.00015873747159854897,0.0,0.0001940124652871154,0.0,0.0,0.0,0.00035936399820227054,0.0,0.00015873747159854897,0.0,7.054998737713286e-05,0.0,0.0,0.0,0.0001537769256110943,6.393592606052667e-05,0.0,0.0,0.0,0.0,0.0,0.0,0.000641563947710802,0.0002821999495085315,0.0001234624779099825,0.00030204213345835014,0.0,0.0,0.0,0.0,-0.8840956345714323,0.9197992431564299,0.9196405056848314,0.9198190853403797,0.9194729494648106,0.9195434994521878,0.9195434994521878,0.9193092514472246
x_R33_EXIT_D,0.0,0.0004563702308458282,0.0,0.0,0.0008730560937920193,0.0,0.0,0.0008730560937920193,0.0,0.0001014156068546285,0.0,0.0,0.0001940124652871154,0.0,0.0,0.0001940124652871154,0.0,0.0001014156068546285,0.0,7.936873579927449e-05,0.0,7.936873579927449e-05,7.936873579927449e-05,0.0,0.0,0.0001014156068546285,0.0,7.936873579927449e-05,0.0,7.936873579927449e-05,7.936873579927449e-05,0.0,0.0001873984039705092,0.0,0.0001873984039705092,0.0005842420829668814,0.00036377337241334134,0.0005842420829668814,0.0005842420829668814,0.00036377337241334134,0.0,7.606170514097137e-05,0.0,0.0,0.00014550934896533652,0.0,0.0,0.00014550934896533652,0.0,0.0001014156068546285,0.0,0.0,0.0001940124652871154,0.0,0.0,0.0001940124652871154,0.0,0.0001014156068546285,0.0,7.936873579927449e-05,0.0,7.936873579927449e-05,7.936873579927449e-05,0.0,0.0,0.0001014156068546285,0.0,7.936873579927449e-05,0.0,7.936873579927449e-05,7.936873579927449e-05,0.0,0.0,0.0001014156068546285,0.0,7.936873579927449e-05,0.0,7.936873579927449e-05,7.936873579927449e-05,0.0,0.0,0.0001014156068546285,0.0,0.0,0.0001940124652871154,0.0,0.0,0.0001940124652871154,0.0,0.0001014156068546285,0.0,0.0,0.0001940124652871154,0.0,0.0,0.0001940124652871154,0.0,0.0001014156068546285,0.0,0.0,0.0001940124652871154,0.0,0.0,0.0001940124652871154,0.0,0.0001014156068546285,0.0,0.0,0.0001940124652871154,0.0,0.0,0.0001940124652871154,0.0,0.0001014156068546285,0.0,7.936873579927449e-05,0.0,7.936873579927449e-05,7.936873579927449e-05,0.0,0.0,0.0001014156068546285,0.0,7.936873579927449e-05,0.0,7.936873579927449e-05,7.936873579927449e-05,0.0,0.0,0.0001014156068546285,0.0,7.936873579927449e-05,0.0,7.936873579927449e-05,7.936873579927449e-05,0.0,0.0,0.0001014156068546285,0.0,7.936873579927449e-05,0.0,7.936873579927449e-05,7.936873579927449e-05,0.0,0.0,7.606170514097137e-05,0.0,5.952655184945585e-05,0.0,5.952655184945585e-05,5.952655184945585e-05,0.0,0.0,0.0004519608566347572,0.0003968436789963724,0.0,0.00048503116321778843,0.0,0.0,0.00015432809738747814,0.0,0.0004519608566347572,0.00015432809738747814,0.0,6.614061316606206e-05,0.0,0.0,0.00015432809738747814,0.0,0.00013558825699042722,0.0001190531036989117,0.0,0.00014550934896533652,0.0,0.0,0.0,0.0,0.0004519608566347572,0.0003968436789963724,0.0,0.00048503116321778843,0.0,0.0,6.614061316606205e-05,0.00048503116321778843,0.0009369920198525459,8.818748422141607e-05,0.00048503116321778843,0.0,6.614061316606205e-05,6.614061316606205e-05,0.0,0.00048503116321778843,0.0009369920198525459,8.818748422141607e-05,0.00048503116321778843,0.0,0.00017637496844283214,0.00017637496844283214,0.0003968436789963724,0.0,0.00027117651398085444,0.0002381062073978234,0.0,0.0,0.0,0.0,5.291249053284965e-05,0.0,0.0,0.0,0.0,0.0,0.0,0.0,0.0,0.0,9.039217132695148e-05,7.936873579927449e-05,0.0,9.70062326435577e-05,0.0,0.0,0.0,0.0,0.00018078434265390297,0.00015873747159854897,0.0,0.0001940124652871154,0.0,0.0,0.0,0.0,0.00018078434265390297,0.00015873747159854897,0.0,7.054998737713286e-05,0.0,0.0,0.0,6.393592606052667e-05,0.00010913201172400241,0.0,0.0,0.0,0.0,0.0,0.0,0.0002821999495085315,0.0004629842921624345,0.0001234624779099825,0.0002821999495085315,0.0,0.0,0.0,0.0,0.9197992431564299,-0.8907853373957272,0.9196405056848314,0.9197992431564299,0.9194729494648106,0.9195434994521878,0.9195434994521878,0.9193092514472246
x_R33_EXIT_E,0.0,0.0,0.000674634254293833,0.0,0.00015873747159854894,0.0,0.0,0.00015873747159854894,0.0,0.0,0.00014991872317640732,0.0,0.0,0.0,0.0,0.0,0.00013228122633212412,0.00013228122633212412,0.0,0.00013228122633212412,0.00020283121370925697,0.00013228122633212412,0.00013228122633212412,0.00020283121370925697,0.00013228122633212412,0.00013228122633212412,0.0,0.00013228122633212412,0.00020283121370925697,0.00013228122633212412,0.00013228122633212412,0.00020283121370925697,0.0,0.0,0.0007495936158820367,0.0,0.00035274993688566434,0.0,0.0,0.00035274993688566434,0.0,0.0,0.00011243904238230551,0.0,0.0,0.0,0.0,0.0,0.0,0.0,0.00014991872317640732,0.0,0.0,0.0,0.0,0.0,9.700623264355767e-05,9.700623264355767e-05,5.291249053284965e-05,9.700623264355767e-05,0.00016755622002069054,9.700623264355767e-05,9.700623264355767e-05,0.00016755622002069054,9.700623264355767e-05,9.700623264355767e-05,0.0,9.700623264355767e-05,0.00016755622002069054,9.700623264355767e-05,9.700623264355767e-05,0.00016755622002069054,7.054998737713286e-05,7.054998737713286e-05,0.0,7.054998737713286e-05,0.00014109997475426572,7.054998737713286e-05,7.054998737713286e-05,0.00014109997475426572,0.0,0.0,0.00014991872317640732,0.0,0.0,0.0,0.0,0.0,0.0,0.0,0.00014991872317640732,0.0,0.0,0.0,0.0,0.0,0.0,0.0,0.00014991872317640732,0.0,0.0,0.0,0.0,0.0,0.0,0.0,0.00014991872317640732,0.0,0.0,0.0,0.0,0.0,0.0,0.0,0.00013228122633212412,0.0,8.818748422141608e-05,0.0,0.0,8.818748422141608e-05,0.0,0.0,0.0001058249810656993,0.0,0.0001146437294878409,0.0,0.0,0.0001146437294878409,7.054998737713286e-05,7.054998737713286e-05,7.936873579927447e-05,7.054998737713286e-05,0.00014109997475426572,7.054998737713286e-05,7.054998737713286e-05,0.00014109997475426572,7.054998737713286e-05,7.054998737713286e-05,7.936873579927447e-05,7.054998737713286e-05,0.00014109997475426572,7.054998737713286e-05,7.054998737713286e-05,0.00014109997475426572,5.291249053284965e-05,5.291249053284965e-05,5.9526551849455854e-05,5.291249053284965e-05,0.0001058249810656993,5.291249053284965e-05,5.291249053284965e-05,0.0001058249810656993,0.0,0.0,0.00046298429216243443,0.0,8.818748422141607e-05,0.0,0.0,0.00015432809738747814,0.0,0.0,0.0006173123895499126,0.0,6.614061316606206e-05,0.0,0.0,0.00015432809738747814,0.0,0.0,0.00013889528764873035,0.0,0.0,0.0,0.0,0.0,0.0,0.0,0.00046298429216243443,0.0,8.818748422141607e-05,0.0,0.0,6.614061316606205e-05,8.818748422141607e-05,8.818748422141607e-05,0.0005511717763838505,8.818748422141607e-05,0.0,6.614061316606205e-05,6.614061316606205e-05,0.0,8.818748422141607e-05,8.818748422141607e-05,0.0005511717763838505,8.818748422141607e-05,0.0,0.00017637496844283214,0.00017637496844283214,0.0003968436789963724,0.0,0.0,0.0002777905752974607,0.0,0.0,0.0,0.0,5.291249053284965e-05,0.0,0.0,6.834530027159746e-05,0.0,0.0,0.0,0.0,0.0,0.0,0.0,9.259685843248688e-05,0.0,0.0,0.0,0.0,0.0,0.0,0.0,0.00018519371686497377,0.0,0.0,0.0,0.0,0.0,0.0,0.0,0.00018519371686497377,0.0,7.054998737713286e-05,0.0,0.0,0.0,0.0,0.0,7.054998737713286e-05,0.0,0.0,0.0,0.0,0.0,0.0001234624779099825,0.0001234624779099825,0.0003086561947749563,0.0001234624779099825,0.0,0.0,0.0,0.0,0.9196405056848314,0.9196405056848314,-0.8869606457788807,0.9196405056848314,0.9194729494648106,0.9195434994521878,0.9195434994521878,0.9193092514472246
x_R33_EXIT_G,0.0,0.0,0.0,0.0011111623011898428,0.000962345921566203,0.0008036084499676541,8.928982777418378e-05,0.000962345921566203,0.0,0.0,0.0,0.00024692495581996504,0.00021385464923693405,0.0001785796555483676,0.0,0.00021385464923693405,0.0,0.0,0.0,0.0002667671397697837,0.0,0.0,0.0,0.0,0.0,0.0,0.0,0.0002667671397697837,0.0,0.0,0.0,0.0,0.0,0.0,0.0,0.001333835698848918,0.00017637496844283214,0.0,0.0,0.00017637496844283214,0.0,0.0,0.0,0.00018519371686497374,0.00016039098692770048,0.00013393474166127568,0.0,0.00016039098692770048,0.0,0.0,0.0,0.00024692495581996504,0.00021385464923693405,0.0001785796555483676,0.0,0.00021385464923693405,0.0,0.0,0.0,0.0002667671397697837,0.0,0.0,0.0,0.0,0.0,0.0,0.0,0.0002667671397697837,0.0,0.0,0.0,0.0,0.0,0.0,0.0,0.0002667671397697837,0.0,0.0,0.0,0.0,0.0,0.0,0.0,0.00024692495581996504,0.00021385464923693405,0.0001785796555483676,0.0,0.00021385464923693405,0.0,0.0,0.0,0.00024692495581996504,0.00021385464923693405,0.0001785796555483676,0.0,0.00021385464923693405,0.0,0.0,0.0,0.00024692495581996504,0.00021385464923693405,0.0001785796555483676,0.0,0.00021385464923693405,0.0,0.0,0.0,0.00024692495581996504,0.00021385464923693405,0.0001785796555483676,0.0,0.00021385464923693405,0.0,0.0,0.0,0.0002667671397697837,0.0,0.0,0.0,0.0,0.0,0.0,0.0,0.0002667671397697837,0.0,0.0,0.0,0.0,0.0,0.0,0.0,0.0002667671397697837,0.0,0.0,0.0,0.0,0.0,0.0,0.0,0.0002667671397697837,0.0,0.0,0.0,0.0,0.0,0.0,0.0,0.00020007535482733773,0.0,0.0,0.0,0.0,0.0,0.0,0.0003968436789963724,0.000666917849424459,0.00048503116321778843,0.0,0.0,0.00015432809738747814,0.0,0.0,0.00015432809738747814,0.000666917849424459,6.614061316606206e-05,0.0,0.0,0.00015432809738747814,0.00013393474166127568,0.00014881637962363962,0.00026786948332255137,5.125897520369809e-05,0.0002943257285889761,0.0,0.0,0.0,0.0002480272993727327,0.0002976327592472793,0.0006944764382436515,0.0003692850901771798,0.0007826639224650676,0.0,0.0,6.614061316606205e-05,0.0005346366230923349,0.00048503116321778843,8.818748422141607e-05,0.0011519490126422475,0.0,6.614061316606205e-05,6.614061316606205e-05,0.0,0.0005346366230923349,0.00048503116321778843,8.818748422141607e-05,0.0011519490126422475,0.0,0.00017637496844283214,0.00017637496844283214,0.0003968436789963724,0.0,0.0,0.0002381062073978234,0.0002215710541063079,0.0,0.0,0.0,5.291249053284965e-05,0.0,0.0,0.0,6.669178494244592e-05,0.0,0.0,0.0,0.0,0.0,0.0,7.936873579927449e-05,0.0,9.70062326435577e-05,0.0,0.0,0.0,9.921091974909311e-05,0.0,0.00015873747159854897,0.00014771403607087195,0.0001940124652871154,0.0,0.0,0.0,0.0,0.0,0.00015873747159854897,0.00014771403607087195,7.054998737713286e-05,0.0,0.0,0.0,6.889647204798132e-05,6.393592606052667e-05,0.0,0.0,0.0,0.0,0.0,0.0,0.00030204213345835014,0.0002821999495085315,0.0001234624779099825,0.0005489670892783151,0.0,0.0,0.0,0.0,0.9198190853403797,0.9197992431564299,0.9196405056848314,-0.8914228127284721,0.9194729494648106,0.9195434994521878,0.9195434994521878,0.9193092514472246
x_R33_EXIT_H,0.0,0.0,0.0,0.0,0.0001190531036989117,0.0,0.0,0.0,0.0,0.0,0.0,0.0,0.0,0.0,0.0,0.0,0.0,0.0,0.0,0.0,0.0,0.0,0.0,0.0,0.0,0.0,0.0,0.0,0.0,0.0,0.0,0.0,0.0,0.0,0.0,0.0,0.0001322812263321241,0.0,0.0,0.0,0.0,0.0,0.0,0.0,0.0,0.0,0.0,0.0,0.0,0.0,0.0,0.0,0.0,0.0,0.0,0.0,0.0,0.0,0.0,0.0,0.0,0.0,0.0,0.0,0.0,0.0,0.0,0.0,0.0,0.0,0.0,0.0,0.0,0.0,0.0,0.0,0.0,0.0,0.0,0.0,0.0,0.0,0.0,0.0,0.0,0.0,0.0,0.0,0.0,0.0,0.0,0.0,0.0,0.0,0.0,0.0,0.0,0.0,0.0,0.0,0.0,0.0,0.0,0.0,0.0,0.0,0.0,0.0,0.0,0.0,0.0,0.0,0.0,0.0,0.0,0.0,0.0,0.0,0.0,0.0,0.0,0.0,0.0,0.0,0.0,0.0,0.0,0.0,0.0,0.0,0.0,0.0,0.0,0.0,0.0,0.0,0.0,0.0,0.0,0.0,0.0,0.0,0.0,0.0,0.0,0.0,0.0,0.0,0.0,0.0,0.0,0.0,0.0,0.0,0.0,0.0,6.614061316606205e-05,0.0,0.0,0.0,0.0,0.0,0.0,0.0,6.614061316606205e-05,0.0,0.0,0.0,0.0,0.0,0.0,0.0,0.0,0.0,0.0,0.0,0.0,0.0,0.0,0.0,6.614061316606205e-05,0.0,0.0,0.0,0.0,0.0,0.0,0.0,6.614061316606205e-05,0.0,0.0,0.0,0.000409245043965009,0.000409245043965009,0.000409245043965009,0.000409245043965009,0.0004753856571310711,0.000409245043965009,0.000409245043965009,0.0008060887229613814,0.0,0.0,0.0,0.0,0.0,0.0,0.0,0.0,0.0,0.0,0.0,0.0,0.0,0.0,0.0,0.0,0.0,0.0,0.0,0.0,0.0,0.0,0.0,0.0,0.0,0.0,0.0,0.0,0.0,0.0,0.0,0.0,0.0,0.0,0.0,0.0,0.000353852280438432,0.0,0.0,0.0,0.0,0.0,0.0,0.0,8.8463070109608e-05,0.0,0.0,0.0,0.0,0.0,0.0,0.0,0.000353852280438432,0.0,0.0,0.0,0.9194729494648106,0.9194729494648106,0.9194729494648106,0.9194729494648106,-0.9101102035908714,0.9194729494648106,0.9194729494648106,0.9193092514472246
x_R33_EXIT_A,0.0,0.0,0.0,0.0,0.0,0.0007986479039801995,0.0,0.0,0.0,0.0,0.0,0.0,0.0,0.0001774773119955999,0.0,0.0,0.0,0.0,0.0,0.0,0.0,0.0003362147835941488,0.0,0.0,0.0,0.0,0.0,0.0,0.0,0.0003362147835941488,0.0,0.0,0.0,0.0,0.0,0.0,0.0,0.001681073917970744,0.0,0.0,0.0,0.0,0.0,0.0,0.0,0.0001331079839966999,0.0,0.0,0.0,0.0,0.0,0.0,0.0,0.0001774773119955999,0.0,0.0,0.0,0.0,0.0,0.0,0.0,0.0003362147835941488,0.0,0.0,0.0,0.0,0.0,0.0,0.0,0.0003362147835941488,0.0,0.0,0.0,0.0,0.0,0.0,0.0,0.0003362147835941488,0.0,0.0,0.0,0.0,0.0,0.0,0.0,0.0001774773119955999,0.0,0.0,0.0,0.0,0.0,0.0,0.0,0.0001774773119955999,0.0,0.0,0.0,0.0,0.0,0.0,0.0,0.0001774773119955999,0.0,0.0,0.0,0.0,0.0,0.0,0.0,0.0001774773119955999,0.0,0.0,0.0,0.0,0.0,0.0,0.0,0.0003362147835941488,0.0,0.0,0.0,0.0,0.0,0.0,0.0,0.0003362147835941488,0.0,0.0,0.0,0.0,0.0,0.0,0.0,0.0003362147835941488,0.0,0.0,0.0,0.0,0.0,0.0,0.0,0.0003362147835941488,0.0,0.0,0.0,0.0,0.0,0.0,0.0,0.0002521610876956116,0.0,0.0,0.0,0.0,0.0,0.0,0.0,0.000840536958985372,0.0,6.614061316606205e-05,0.0,0.0,0.0,0.0,0.0,0.000840536958985372,0.0,6.614061316606205e-05,0.0,0.0,0.0,0.0,0.0,0.0001331079839966999,0.00020834293147309544,0.00030920736655134004,0.0,0.0,0.0,0.0,0.0,0.0006917205793617325,0.0004464491388709189,0.0007826639224650676,0.0,0.0,0.0,0.0,0.0,0.0014743845018268002,0.0003362147835941488,0.0,0.0,0.0,0.0,0.0,0.0,0.00158461885710357,0.00044644913887091896,0.0003968436789963724,0.0,0.0,0.0,8.928982777418377e-05,0.0,0.0005043221753912232,0.0,0.0,0.0,0.0,0.0,0.0,0.0,8.40536958985372e-05,0.0,0.0,0.00013145446866754835,0.00016121774459227628,0.00016121774459227628,8.184900879300182e-05,0.00016121774459227628,0.0,0.00022074429644173212,0.0002879872531605619,0.0,5.952655184945586e-05,5.952655184945586e-05,0.0,5.952655184945586e-05,0.0,0.0001785796555483676,0.00031306556898602714,5.952655184945586e-05,5.952655184945586e-05,5.952655184945586e-05,0.00011905310369891172,0.00017857965554836757,0.00039574133544360466,0.0,0.00013448591343765952,0.0,0.0,0.0,0.0,0.0,0.00011381697182326513,0.0,0.0,0.0,0.0,0.0,0.0,0.0,0.0005897538007307202,0.00013448591343765952,0.0,0.9195434994521878,0.9195434994521878,0.9195434994521878,0.9195434994521878,0.9194729494648106,-0.8928289422767411,0.919651529120359,0.9193092514472246
x_R33_EXIT_F,0.0,0.0,0.0,0.0,0.0,0.0,0.00030755385122218856,0.0,0.0,0.0,0.0,0.0,0.0,0.0,6.834530027159747e-05,0.0,0.0,0.0,0.0,0.0,0.0,0.0,6.834530027159747e-05,0.0,0.0,0.0,0.0,0.0,0.0,0.0,6.834530027159747e-05,0.0,0.0,0.0,0.0,0.0,0.0,0.0,0.00034172650135798734,0.0,0.0,0.0,0.0,0.0,0.0,0.0,5.125897520369809e-05,0.0,0.0,0.0,0.0,0.0,0.0,0.0,6.834530027159747e-05,0.0,0.0,0.0,0.0,0.0,0.0,0.0,6.834530027159747e-05,0.0,0.0,0.0,0.0,0.0,0.0,0.0,6.834530027159747e-05,0.0,0.0,0.0,0.0,0.0,0.0,0.0,6.834530027159747e-05,0.0,0.0,0.0,0.0,0.0,0.0,0.0,6.834530027159747e-05,0.0,0.0,0.0,0.0,0.0,0.0,0.0,6.834530027159747e-05,0.0,0.0,0.0,0.0,0.0,0.0,0.0,6.834530027159747e-05,0.0,0.0,0.0,0.0,0.0,0.0,0.0,6.834530027159747e-05,0.0,0.0,0.0,0.0,0.0,0.0,0.0,6.834530027159747e-05,0.0,0.0,0.0,0.0,0.0,0.0,0.0,6.834530027159747e-05,0.0,0.0,0.0,0.0,0.0,0.0,0.0,6.834530027159747e-05,0.0,0.0,0.0,0.0,0.0,0.0,0.0,6.834530027159747e-05,0.0,0.0,0.0,0.0,0.0,0.0,0.0,5.125897520369809e-05,0.0,0.0,0.0,0.0,0.0,0.0,0.0,0.00017086325067899367,6.614061316606205e-05,0.0,0.0,0.0,0.0,0.0,0.0,0.00017086325067899367,6.614061316606205e-05,0.0,0.0,0.0,0.0,0.0,0.0,5.125897520369809e-05,0.00010086443507824463,0.0,0.0,0.0,0.0,0.0,0.0,0.00017086325067899367,0.0003362147835941488,0.0,0.0,0.0,0.0,0.0,0.0003362147835941488,0.0005070780342731424,0.0,0.0,0.0,0.0,0.0,0.0,0.00044644913887091896,0.0006173123895499127,0.0003968436789963724,0.0,0.0,0.0,0.0,0.0,0.0,0.00010251795040739618,0.0,0.0,0.0,0.0,0.0,0.0,0.0,0.0,0.0,0.0,0.0,0.0,0.0,0.0,0.0,0.0,6.724295671882976e-05,0.0,0.0,0.0,0.0,0.0,0.0,6.834530027159747e-05,0.00013448591343765952,0.0,0.0,0.0,0.0,0.0002182640234480048,0.0,0.0,0.00017417028133729677,0.0,0.0,0.0,0.0,0.0,0.0,0.0,0.0,0.0,0.0,0.0,0.0,0.0,0.00013448591343765952,0.000202831213709257,0.0,0.9195434994521878,0.9195434994521878,0.9195434994521878,0.9195434994521878,0.9194729494648106,0.919651529120359,-0.9040677368116736,0.9193092514472246
x_R33_EXIT_B,0.0,0.0,0.0,0.0,0.0,0.0,0.0,7.936873579927447e-05,0.0,0.0,0.0,0.0,0.0,0.0,0.0,0.0,0.0,0.0,0.0,0.0,0.0,0.0,0.0,0.0,0.0,0.0,0.0,0.0,0.0,0.0,0.0,0.0,0.0,0.0,0.0,0.0,0.0,0.0,0.0,8.818748422141607e-05,0.0,0.0,0.0,0.0,0.0,0.0,0.0,0.0,0.0,0.0,0.0,0.0,0.0,0.0,0.0,0.0,0.0,0.0,0.0,0.0,0.0,0.0,0.0,0.0,0.0,0.0,0.0,0.0,0.0,0.0,0.0,0.0,0.0,0.0,0.0,0.0,0.0,0.0,0.0,0.0,0.0,0.0,0.0,0.0,0.0,0.0,0.0,0.0,0.0,0.0,0.0,0.0,0.0,0.0,0.0,0.0,0.0,0.0,0.0,0.0,0.0,0.0,0.0,0.0,0.0,0.0,0.0,0.0,0.0,0.0,0.0,0.0,0.0,0.0,0.0,0.0,0.0,0.0,0.0,0.0,0.0,0.0,0.0,0.0,0.0,0.0,0.0,0.0,0.0,0.0,0.0,0.0,0.0,0.0,0.0,0.0,0.0,0.0,0.0,0.0,0.0,0.0,0.0,0.0,0.0,0.0,0.0,0.0,0.0,0.0,0.0,0.0,0.0,0.0,0.0,0.0,0.0,0.0,0.0,0.0,0.0,0.0,0.0,0.0,0.0,0.0,0.0,0.0,0.0,0.0,0.0,0.0,0.0,0.0,0.0,0.0,0.0,0.0,0.0,0.0,0.0,0.0,0.0,0.0,0.0,0.0,0.0,0.0,0.0,0.0,0.0,0.0,0.0,0.0,0.0,0.0,0.0,0.0,0.0,0.0,0.0,0.0,0.0,0.0,0.0,0.0,0.0,0.0,0.0,0.0,0.0,0.0,0.0,0.0,0.0,0.0,0.0,0.0,0.0,0.0,0.0,0.0,0.0,0.0,0.0,0.0,0.0,0.0,0.0,0.0,0.0,0.0,0.0,0.0,0.0,0.0,0.0,0.0,0.0,0.0,0.0,0.0,0.0,0.0,0.0,0.0,0.0,0.0,0.0,0.0,0.0,0.0,0.0,0.0,0.0,0.0,0.9193092514472246,0.9193092514472246,0.9193092514472246,0.9193092514472246,0.9193092514472246,0.9193092514472246,0.9193092514472246,-0.9171162790148107
